word,count
να,23325035
το,18285849
δεν,13056314
είναι,12890416
θα,12228039
και,11429762
μου,8831638
με,7795035
για,7478066
ο,7232052
την,7102593
τον,6329237
η,6271666
σου,6205115
τα,6126091
που,6008256
σε,5971545
τι,5771755
του,5653833
αυτό,5619459
ότι,5027501
από,4529039
στο,4512268
όχι,3273935
της,3265893
ναι,3117039
τη,3050478
ένα,3040983
αν,2957955
τους,2881641
εδώ,2875129
αλλά,2822919
σας,2789877
μια,2781865
μας,2758015
ήταν,2677417
είσαι,2560636
πρέπει,2534952
είμαι,2419034
οι,2391585
στην,2279426
κι,2269357
πολύ,2218040
γιατί,2067649
τώρα,1954596
εγώ,1936065
πως,1873802
εντάξει,1808342
δε,1731481
κάτι,1702803
ξέρω,1690305
έχει,1675960
τις,1662773
έχω,1594192
μην,1446173
εσύ,1422648
έτσι,1364940
καλά,1318196
θέλω,1309589
αυτή,1260669
στον,1235922
στη,1223947
όταν,1216784
έχεις,1170618
κάνεις,1170547
μπορώ,1168241
ξέρεις,1167503
εκεί,1140997
μόνο,1135004
μαζί,1109734
σαν,1077404
πώς,1046503
τίποτα,1015304
όλα,1011185
κάνω,970930
ή,965910
ευχαριστώ,963644
μπορεί,907736
ποτέ,893381
τόσο,890330
κάνει,886855
αυτά,858602
των,853401
έλα,847021
σ,846400
στα,836973
πάμε,834688
μέσα,828868
υπάρχει,816419
πού,813585
απλά,810280
μπορείς,808520
ακόμα,801667
απ,788456
λοιπόν,783871
αυτός,776844
κύριε,776206
έχουμε,773924
πιο,772079
σπίτι,759623
παρακαλώ,758988
τότε,756357
ένας,740190
ίσως,728933
είμαστε,728726
πίσω,726773
πάντα,706835
πριν,701958
μετά,699467
νομίζω,689958
λίγο,684596
πω,672024
Γεια,667840
όπως,658565
ποιος,641496
δουλειά,624813
γι,610936
όλοι,607630
αλήθεια,599283
είπε,589348
δύο,587908
λες,580778
παιδιά,573557
ας,568726
έναν,564161
μη,558988
δω,558257
άλλο,557897
είχε,557379
θέλεις,556120
ζωή,549393
κάνουμε,542284
πάω,516189
έξω,503135
καλό,499750
είπα,492473
έχουν,491667
στις,478161
πάνω,476624
χρόνια,471316
ήμουν,469672
ώρα,469667
επειδή,468298
κοίτα,466926
σένα,464603
ούτε,464510
μέχρι,464232
πες,464071
μία,463799
όμως,463646
ωραία,459955
φορά,456892
μένα,454499
είστε,454381
έπρεπε,452555
κάθε,449840
κάτω,447839
μα,447646
κάποιος,447057
θες,437967
μ,436257
ήθελα,434305
σωστά,433723
πράγματα,433655
κανείς,431820
μέρα,431736
είχα,428429
χωρίς,427361
καλή,426798
μπορούμε,419347
γυναίκα,416104
μόλις,408455
ακριβώς,397797
πάει,392472
καλύτερα,392376
θέλει,391898
μαμά,391626
έκανε,391066
σήμερα,384590
λέει,380274
πόσο,372140
Θεέ,370479
συγγνώμη,366740
πας,366011
ό,365716
αυτόν,364748
έγινε,364157
έκανα,361085
συμβαίνει,360967
λυπάμαι,358374
μέρος,356923
αρέσει,354943
φαίνεται,354789
πεις,352077
οχι,348895
πολλά,348205
δυο,348017
εμένα,347457
φυσικά,345473
στιγμή,340223
κάποιον,338852
όσο,338013
είπες,334299
λάθος,333955
γίνει,331670
χρόνο,329075
πράγμα,325522
εσένα,324366
έχετε,320570
περίμενε,318997
πρόβλημα,315949
κ,314986
ως,314500
ε,313907
άλλη,312577
οπότε,308973
παιδί,308480
βλέπω,307116
έκανες,306277
κάποια,305124
ήσουν,303972
γρήγορα,302162
πάλι,301102
ειναι,300526
φίλε,299895
λένε,296363
υπάρχουν,295435
δικό,294262
στους,291238
απο,290203
χρειάζεται,290190
όλο,289637
πιστεύω,287642
Ω,287404
λεφτά,284618
μπαμπά,284605
ίδιο,283261
μητέρα,280343
πάρει,279713
γίνεται,279588
πάρω,279378
ιδέα,277331
λέω,275411
ξέρει,275275
πραγματικά,272996
αρκετά,272981
σίγουρα,272596
πήγαινε,272406
εσείς,272016
κυρία,270474
όλη,267862
νομίζεις,266692
νέα,265427
μάλλον,262437
εμείς,260532
δει,258407
όλους,257180
πατέρας,255936
είδα,255003
φορές,254396
σημαίνει,252376
κόσμο,251090
προς,250891
ήδη,248770
ακόμη,246190
κάνουν,245909
καιρό,245388
πατέρα,241766
σταμάτα,241637
βλέπεις,241214
συγνώμη,240864
οτι,240667
μόνος,237854
μωρό,237629
χαρά,236275
εκτός,233472
όνομα,233433
αύριο,225349
τελευταία,224051
άνθρωποι,223488
πρόκειται,222526
πάρε,222368
νόμιζα,221502
βράδυ,221394
μπορούσα,221087
αυτοί,220756
καταλαβαίνω,218976
αυτές,218360
αμέσως,218011
πρώτη,217233
πει,216995
κανένα,216889
μεγάλη,216122
δίκιο,215945
ποιο,215926
απλώς,215544
τέλος,214926
αγάπη,214661
θέση,214382
μπορείτε,214130
μακριά,213302
μάλιστα,212789
ήξερα,212630
απόψε,211174
πότε,209450
συνέβη,209078
δική,208755
πόλη,207708
πια,207575
τί,207499
ποια,206649
ήρθε,205907
ξανά,204391
μήπως,203999
ν,203994
λεπτά,203482
τρόπο,202671
αυτούς,202375
κάνετε,201640
εαυτό,201111
χρειάζομαι,199855
ξέρετε,199011
χέρια,198364
μέρες,196800
κοντά,196441
θέλετε,195678
κατά,195229
μπορούσε,195137
περισσότερο,193176
βρω,193076
είχες,192517
κάποιο,191634
όπλο,191113
τύπος,190803
μιλήσω,190553
κορίτσι,188636
βοήθεια,188528
λεπτό,188524
θέμα,188336
τέτοιο,188254
δεις,188184
έρθει,186831
ανθρώπους,186684
πέρα,186268
βρούμε,185957
κάνε,185942
διάολο,185687
άνθρωπος,185412
πόρτα,185303
μεγάλο,183725
μάτια,183515
γαμώτο,183118
πειράζει,182934
αυτήν,182283
εκείνη,181715
σίγουρος,180542
ιστορία,180479
Ορίστε,180120
μερικές,180100
εννοείς,179120
καθόλου,178405
αφού,178010
μπροστά,176282
δρόμο,176194
φύγε,175918
δούμε,175645
καλός,174943
ελπίζω,174835
πιστεύεις,174677
δρ,174626
χέρι,174168
όλες,173696
ομάδα,173673
κακό,173524
ώρες,172332
θυμάσαι,172092
εννοώ,171700
καν,171409
πήρε,170467
επίσης,169998
πρωί,169842
κεφάλι,169439
ήθελε,169247
καλύτερο,168891
φύγω,168033
Α,166345
βοηθήσω,165466
αμάξι,165308
λόγο,165159
δώσε,165111
ευκαιρία,163705
ξέρουμε,163328
ελάτε,163160
αστυνομία,162843
μιλάς,162718
μόνη,162293
νύχτα,161948
χαίρομαι,161833
σχέση,160656
φίλος,160358
άλλα,159756
βρήκα,158897
φύγουμε,157386
ώστε,156637
ίδια,156499
κανέναν,156322
πήγε,156142
κόρη,154398
πάρεις,154355
δωμάτιο,153929
αλλιώς,153868
τρεις,153493
τέλεια,153406
δηλαδή,153027
πρώτα,152985
πέθανε,152717
γραφείο,152535
ψέματα,151504
όπου,151360
πάνε,150219
ανησυχείς,148812
άντρας,148099
αγόρι,147528
ωραίο,146950
οικογένεια,146401
ενός,145569
έρχεται,145098
είχαμε,144573
καμία,144198
σοβαρά,143691
σκατά,143563
τ,142849
μικρό,142661
νερό,141935
τηλέφωνο,141505
καρδιά,141280
είδες,140686
πούμε,140415
τουλάχιστον,140198
αίμα,139334
τέτοια,139257
κόσμος,138961
άντρες,138906
πέντε,138746
λέμε,137809
τρία,137421
ενα,137326
δύσκολο,137304
πήρα,136480
καμιά,136461
κάπου,136427
νιώθω,136395
χρήματα,136095
μυαλό,136085
σχεδόν,135146
θέλουν,134797
αγαπώ,134484
δώσω,134061
ποιός,133689
θυμάμαι,133371
Ελα,132589
αργότερα,132220
μήνες,130870
συμβεί,130233
μπορούν,129714
μεταξύ,129409
σύντομα,128944
άσε,128771
θέλουμε,128682
άλλος,128615
βέβαια,127654
ηταν,127500
τρόπος,126305
μικρή,126115
εάν,126093
ρε,126024
υπόθεση,125960
χθες,125953
νεκρός,125434
αντίο,125353
είχαν,125015
γυναίκες,124165
μπαμπάς,124051
αργά,123943
φίλοι,123671
ήθελες,123485
πάρα,123380
τρέχει,122717
βρεις,122465
ήρθες,121698
εμάς,121510
ποιον,121486
φυλακή,120532
μερικά,120515
πλάκα,120424
σημασία,120200
φύγει,120065
σχολείο,119915
μιλήσουμε,119899
σκοτώσει,119801
υποθέτω,119119
εχω,118944
παιχνίδι,117681
καταλαβαίνεις,117373
συνέχεια,117271
έρθεις,117158
όσα,117097
μείνε,117053
χάρη,117018
πείτε,116949
ήρθα,116212
φύγεις,116182
εμπρός,115585
Τζακ,115105
κατάσταση,114521
πεθάνει,114461
αυτο,114300
πάρουμε,114285
θεός,114274
σκότωσε,113938
σχέδιο,113692
έτοιμος,113284
σκέφτηκα,113100
γύρω,113090
αφήσω,112782
έλεγα,112363
συγχωρείτε,112204
πολλές,112164
εκείνο,111746
Καλημέρα,111730
φαγητό,111572
άλλους,111340
φοβάμαι,110835
σημαντικό,110829
κοπέλα,110788
όνομά,110751
κατάλαβα,110441
άντρα,110405
δολάρια,109476
πρώτο,109427
κανένας,108979
ζωής,108834
νοιάζει,107628
τύχη,107247
πόδια,106993
εσάς,106718
αστείο,106673
δύναμη,106625
λόγος,106538
αυτοκίνητο,106321
άκουσα,106074
αρχή,105778
έρθω,105555
άσχημα,105530
γι'αυτό,105482
χρειαζόμαστε,105479
όπλα,104831
γονείς,104400
προσπαθώ,103754
υπήρχε,103579
γλυκιά,103389
ενώ,103250
σωστό,102989
έφυγε,102879
γη,102672
τελικά,102671
φίλους,101648
κορίτσια,101458
βασικά,101000
όμορφη,100800
κύριοι,100559
γιος,100516
πρόσεχε,100481
νέο,100053
οποίο,99957
βοηθήσει,99818
μπράβο,99619
βρήκες,99552
κάναμε,98860
μείνει,98759
επιλογή,98600
Τζον,98461
μοιάζει,97665
άκου,97267
μπορούσες,97205
σκοτώσω,97179
χώρα,96723
φέρω,96435
περίπου,96392
σίγουρη,96291
καλύτερη,96164
καλώς,96103
βιβλίο,95907
κε,95585
έδωσε,95438
αφεντικό,94919
βρει,94862
ακούς,94694
μάθω,94469
μισό,94387
περάσει,94357
ακούω,93664
Απόδοση,93660
περιμένω,93584
κύριος,93397
επόμενη,93373
σώμα,93056
φίλο,92926
γιο,92838
τύπο,92727
έξι,92697
περίπτωση,92689
κα,92657
ηρέμησε,92527
μήνυμα,92484
βρίσκεται,92352
χρειάζεσαι,92041
αφήστε,91909
μιας,91600
πλέον,91074
μείνω,90903
αφήσεις,90619
ακούγεται,90584
μιλάω,90137
άλλοι,90106
ραντεβού,90033
νοσοκομείο,89951
Σαμ,89400
καφέ,89041
αξίζει,88981
περιμένετε,88706
συμφωνία,88553
περισσότερα,88489
πάρτι,87981
γειά,87679
ερώτηση,87604
ξέρουν,87503
Χριστέ,87472
είπαν,87371
πήρες,87140
εύκολο,86742
άλλες,86676
δείτε,86283
άλλον,86248
ταινία,86113
τελείωσε,86088
πρόσωπο,85945
περιμένει,85867
εχεις,85835
απ'το,85563
ήμασταν,85447
σκέφτομαι,84995
οτιδήποτε,84651
άρεσε,84614
άφησε,84586
δίπλα,84579
τελευταίο,84519
σειρά,84209
καληνύχτα,84148
Έι,84105
παρά,83710
ποτό,83390
σκάφος,83274
κρεβάτι,83092
μείνεις,83083
κοιτάξτε,83027
άρα,82858
πήγα,82664
βάλω,82618
ετσι,82541
έκαναν,82354
δουλεύει,82302
ήξερες,82236
έρχομαι,82145
φωτιά,82100
λέξη,81809
πόλεμο,81698
γίνεις,81395
πέρασε,81345
εχει,81255
εδω,81069
λέτε,80714
στοιχεία,80562
σεξ,80472
ήξερε,80419
δέκα,80317
γνωρίζω,80306
σχετικά,80290
κάπως,80241
αρέσουν,80227
θ,80176
μάθεις,80097
αυτού,80087
φύγετε,79994
προφανώς,79934
γίνω,79848
έλεγε,79739
δες,79663
Ισως,79619
πλευρά,79501
μέλλον,79234
διαλόγων,79144
άντε,79143
προσοχή,79119
πουθενά,78974
σημείο,78822
τελειώσει,78603
δικά,78555
ερωτήσεις,78512
αδερφή,78352
περιοχή,78274
παλιά,78139
οικογένειά,77916
κάποτε,77883
φίλη,77734
ακούσει,77610
πόσα,77580
γιατρός,77553
λίγη,77403
ρούχα,77262
κάποιες,77232
οταν,77155
πολλοί,77155
πληροφορίες,77094
πάτε,77007
τιμή,76772
μιλάμε,76736
μάθει,76555
βοηθήσεις,76388
πραγματικότητα,76379
κομμάτι,76079
μιλάει,76014
δώσει,75976
είδε,75861
κάτσε,75802
άδεια,75485
βρήκαμε,75309
σκάσε,75129
υπέροχο,74866
περίμενα,74837
εντελώς,74751
αποστολή,74709
φωτογραφία,74251
υπέροχα,74158
σύστημα,74092
δείξω,74002
θάνατο,73952
περίεργο,73635
προβλήματα,73541
ταξίδι,73524
γυρίσω,73516
βρήκε,73323
ασφάλεια,73212
παντού,73134
φοβάσαι,73021
θεού,72958
έτοιμοι,72944
είδους,72817
μιλήσει,72776
σκέφτεσαι,72372
πάρτε,72313
φως,72277
επάνω,72135
προσπάθησε,71911
νιώθεις,71875
πλοίο,71174
πρώτος,71127
κατάλαβες,70906
έρχονται,70836
υπό,70613
τόσα,70555
καθώς,70547
μακάρι,70491
σκοτώσεις,70242
υπόσχομαι,70006
εβδομάδα,69993
τμήμα,69950
θεό,69846
βάλε,69718
τρελός,69691
επιτέλους,69617
είτε,69611
δείπνο,69498
καλύτερος,69367
ημέρα,69158
εκείνος,69145
ρωτήσω,69127
συνέχισε,68977
φέρε,68974
χάλια,68921
γνώμη,68870
εναντίον,68624
άτομο,68605
κέντρο,68541
χρόνος,68489
οποία,68420
μέση,68274
μικρέ,68263
σταματήστε,67832
βδομάδα,67689
δώσεις,67687
Φρανκ,67621
παίρνει,67560
δώρο,67408
άκρη,67380
κυρίες,67335
Τσάρλι,67288
μουσική,67107
επίθεση,67033
άνθρωπο,66931
υποτίθεται,66828
έτοιμη,66823
κράτα,66718
λόγια,66447
πτώμα,66333
μήνα,66327
λίστα,66326
λίγα,66295
Μάικλ,66206
χρειαστεί,65850
μαλλιά,65767
Τζο,65673
καιρός,65568
ενδιαφέρον,65494
αλλα,65427
έλεγχο,65126
συνήθως,65063
ντε,65033
όντως,65019
γιατρέ,64386
στόμα,64125
αλλάξει,63958
νόημα,63769
είδος,63727
μυστικό,63521
όμορφο,63441
κάντε,63302
στ,63239
ακούστε,63234
άνδρες,63178
δικός,63124
γάμο,63066
ευχαριστούμε,62942
φωτογραφίες,62742
λείπει,62740
έρευνα,62579
συγχωρείς,62505
περιμένουμε,62482
Επιμέλεια,62401
περιμένεις,62262
ίδιος,62151
ζωντανός,62150
παραπάνω,62063
βάση,62021
εν,62012
σήμα,61977
μαλακίες,61901
έμαθα,61882
εκατομμύρια,61701
ντετέκτιβ,61635
αέρα,61589
μιλήσεις,61465
σταματήσει,61461
μάχη,61191
δίνει,61079
ήρθατε,61037
σκεφτόμουν,60956
πηγαίνετε,60836
αδελφή,60771
ψηλά,60629
μεγάλος,60621
βασιλιάς,60406
εξαιτίας,60361
βγάλω,60131
ανάγκη,60102
ματιά,60074
βρείτε,59992
τέλειο,59950
έπεσε,59910
αδερφός,59903
παίρνεις,59886
λιγότερο,59886
δεσποινίς,59767
έχασα,59741
οκ,59699
μπορούσαμε,59338
Τομ,59267
αεροπλάνο,59254
βγει,59222
εκ,59205
τίποτε,59140
πρώην,59118
γραμμή,59080
βασιλιά,58805
δουλεύω,58797
άκουσες,58700
χιλιάδες,58600
βλέπετε,58573
πόδι,58559
ανάμεσα,58153
μένει,58141
παρελθόν,58110
συχνά,58064
ξενοδοχείο,58003
απάντηση,57914
σκέψου,57813
δουλειές,57788
δουλεύεις,57760
ατύχημα,57716
δείχνει,57656
Σάρα,57569
μικρός,57534
πεθάνω,57281
ειλικρινά,57269
πεθάνεις,57222
κλειδί,57148
παίζει,57053
άτομα,56967
τελείως,56873
γύρνα,56774
χάρηκα,56587
άνοιξε,56310
εισαι,56229
φεύγω,56223
κάποιοι,55871
αφήσουμε,55811
μάνα,55715
χώρο,55633
επαφή,55632
συγχαρητήρια,55533
πιστεύει,55529
μείνετε,55496
παράξενο,55361
ξαφνικά,55286
τέσσερα,55180
φαίνεσαι,55176
μισώ,55168
έλεγες,55160
αφορά,55130
δολοφόνος,55097
κοιτάς,55041
κόσμου,55019
δεξιά,54948
πίστευα,54937
προσέχεις,54890
παίρνω,54849
λόγω,54788
λέγεται,54778
μέτρα,54489
φωνή,54461
πήγες,54450
ειμαι,54438
σήκω,54434
κάνατε,54402
παρέα,54396
τραπέζι,54384
τηλεόραση,54374
έστειλε,54339
μηχανή,54201
ασφαλής,53956
ορκίζομαι,53868
τρελό,53719
Μάικ,53668
παλιό,53660
κίνηση,53643
ύπνο,53475
πάντων,53454
ζήτησε,53351
πρόγραμμα,53312
απόφαση,53147
κρίμα,53103
ολα,53097
θανάτου,53093
μπαρ,53084
νωρίς,52942
εβδομάδες,52710
Υόρκη,52583
θύμα,52568
μπες,52503
χρονών,52448
επόμενο,52344
προσπαθεί,52314
ανήκει,52258
γιαγιά,52135
έβαλε,52104
αγαπάς,52072
μπάνιο,52060
αισθάνομαι,52051
ψυχή,51970
ζει,51963
έδωσα,51958
σταματήσεις,51901
αντί,51898
σύμφωνα,51808
δυνάμεις,51641
βρες,51633
ποιοι,51617
χάσει,51575
ει,51510
πρόεδρος,51462
δικαίωμα,51421
λίγες,51209
τραγούδι,51148
σκηνή,51115
κύριο,51110
εχουμε,51047
βάλεις,51006
φέρει,50953
μαγαζί,50952
άρχισε,50882
αγόρια,50466
διαφορετικά,50458
βάλει,50237
αρκετό,50202
ασφαλείας,50093
λιγάκι,50056
ελπίδα,49959
κου,49935
μπει,49917
νεκρή,49916
προσπάθησα,49907
ζητήσω,49844
ησυχία,49766
κώλο,49684
έφερα,49643
γεγονός,49641
πιστέψω,49573
σκότωσες,49454
ψάχνω,49441
δυνατά,49278
νούμερο,49265
όνειρο,49158
ποιό,49140
εγω,49121
αναφορά,49110
προσωπικό,49096
κανόνες,48856
τέσσερις,48839
ειδικά,48821
έκπληξη,48677
καταλάβει,48669
γιατι,48644
σκοτώσουν,48561
εύκολα,48437
δεύτερη,48389
δώ,48329
πηγαίνω,48328
παίζεις,48316
πολλούς,48272
γιατρό,48231
Ντέιβιντ,48230
αληθινό,48201
βλέπει,48183
Καλησπέρα,48101
κουτί,48071
δίνω,48022
πλανήτη,47925
πρεπει,47896
προσπαθείς,47863
βγες,47788
επιστρέψω,47625
αριστερά,47597
σκεφτώ,47548
γυρίσει,47463
πήραν,47394
πολυ,47379
γνωρίζεις,47370
ξέχνα,47332
κάθαρμα,47331
συνάντηση,47307
καταλάβω,47274
Μπεν,47246
αφήσει,47219
σιγά,47182
δυστυχώς,47178
γνώρισα,47164
έφερε,46929
μεγαλύτερο,46863
ακούσω,46847
ηλίθιος,46824
νέος,46750
απίστευτο,46703
μόνοι,46575
σταματήσω,46560
πάντως,46521
κινητό,46448
δύσκολη,46317
Χριστούγεννα,46317
καταλάβεις,46236
φόνο,46159
περάσω,46102
βγάλε,46036
φαντάζομαι,45993
φτάνει,45965
επιχείρηση,45952
τσάντα,45949
αλλού,45945
βόλτα,45879
ναρκωτικά,45856
αδερφό,45839
απλό,45795
σα,45792
χτύπησε,45778
στρατό,45719
υπέροχη,45710
διαφορά,45607
θάλασσα,45348
δις,45334
πράγματι,45236
γράμμα,45141
νωρίτερα,45141
όποιος,45092
Αμερική,45047
είπατε,45035
σκοπό,45017
αγώνα,44999
κόλαση,44986
παράθυρο,44817
τού,44801
αποδείξεις,44753
ζωές,44671
είχατε,44635
έρθουν,44612
μάτι,44561
δίνεις,44510
εκκλησία,44492
ναί,44430
ξαναδεί,44303
πρωινό,44284
αρχηγός,44270
απόγευμα,44259
χειρότερο,44152
εταιρεία,44140
ήρθαν,44139
μεγαλύτερη,44128
νομίζει,44055
μείνουμε,44053
κρατήσω,43917
τωρα,43830
κτίριο,43757
σκότωσα,43713
πρεπε,43681
βγήκε,43626
βόμβα,43602
νεκροί,43578
αναρωτιέμαι,43554
απολύτως,43536
ξέχασα,43532
τρελή,43498
μπω,43459
θάνατος,43415
άκουσε,43403
αρχίσει,43324
αγαπάω,43265
κρασί,43122
πόλεμος,43085
δικαστήριο,43046
πάρετε,42985
μάθουμε,42911
όλων,42908
λατρεύω,42897
κάποιου,42890
πηγαίνει,42819
νησί,42797
μίλα,42755
μάθημα,42746
απ'την,42680
βδομάδες,42654
Μαξ,42621
χρόνου,42595
σφαίρα,42584
δυνατόν,42560
τέρας,42509
μπήκε,42506
κρατήσει,42501
τάξη,42425
πρόσωπό,42416
ήσασταν,42356
πάρουν,42311
φέρεις,42293
γλώσσα,42279
ποιά,42273
στάσου,42263
χτες,42212
μέρη,42189
ενας,42162
κάθισε,42134
τυχερός,42125
κάρτα,42119
θεία,42110
γυρίσεις,42104
πράκτορας,42061
εξηγήσω,42017
σχέδια,42005
συζητήσουμε,41946
γύρισε,41899
πλάτη,41876
σκύλα,41845
χρειάζονται,41834
υπήρχαν,41808
μίλησα,41788
φτάσει,41767
Τζέιμς,41758
διαμέρισμα,41749
βιβλία,41605
τσάι,41594
έρχεσαι,41579
αρχεία,41540
ηλικία,41538
Ωχ,41535
υπηρεσία,41403
κει,41400
βασίλισσα,41318
τράπεζα,41270
όμορφα,41249
δώσ,41223
άνδρας,41170
βάλουμε,41153
χαρτιά,41142
κακή,41063
στοίχημα,41039
πράκτορα,41038
δείξε,41012
έβαλα,41005
δωμάτιό,41000
μαλάκα,40998
εποχή,40975
ασφαλές,40968
κυβέρνηση,40965
ακούσεις,40907
δευτερόλεπτα,40892
ολοι,40882
μισή,40850
αδελφός,40803
βγαίνει,40784
ρα,40763
πρόεδρε,40730
αριθμό,40702
λαιμό,40691
Νικ,40679
βγούμε,40597
σταματήσουμε,40589
μέσω,40526
πόνο,40525
κάλεσε,40515
βγάλεις,40509
πήγαν,40460
γλυκό,40434
ζήτησα,40423
γιε,40410
κακός,40389
αφήνεις,40343
νομίζετε,40324
χειρότερα,40320
επικίνδυνο,40315
φας,40311
βοήθειά,40149
δόξα,40133
δουν,40107
πέσει,40097
φτιάξω,40085
κάμερα,40075
γαμήσου,39953
πέρασα,39946
μις,39936
φεύγει,39907
φορτηγό,39888
εταιρία,39886
παπούτσια,39701
άφησα,39655
βρήκαν,39598
δάσος,39595
ενδιαφέρει,39429
μπλε,39429
βίντεο,39425
πάρτυ,39415
οπως,39306
βαθιά,39301
ήρεμα,39299
ετών,39297
γαμημένο,39275
όποτε,39253
μεγάλα,39237
σημάδι,39132
εσυ,39123
αδερφέ,39094
στείλω,39011
προσωπικά,38942
μαχαίρι,38921
κλειδιά,38913
δώστε,38875
ανησυχώ,38833
κόλπο,38779
φοβερό,38774
απαντήσεις,38769
ζητώ,38732
ευτυχώς,38682
στρατιώτες,38648
πηγαίνεις,38605
κόκκινο,38601
κυβερνήτη,38580
επιστρέψει,38580
φάμε,38493
βρέθηκε,38434
αρχηγέ,38400
μικρά,38281
χάσω,38222
άλλαξε,38204
πίστη,38171
κίνδυνο,38163
βρουν,38160
κομμάτια,38122
γίνονται,38110
Μπιλ,38108
δυνατό,38100
Παρίσι,38067
κοινό,38045
πόσες,37990
πραγματικό,37900
αισθάνεσαι,37865
έξυπνος,37847
περιμένουν,37814
πονάει,37807
δεύτερο,37791
βοήθησε,37774
ζώα,37720
αρχίζει,37691
θεραπεία,37675
δικέ,37649
συζήτηση,37628
σκληρά,37624
γέφυρα,37453
πιάσει,37449
τρένο,37443
διεύθυνση,37414
ζωντανή,37411
τελειώσαμε,37396
κρατάει,37386
φεύγουμε,37348
ονόματα,37287
θέσεις,37284
αλλαγή,37284
φεύγεις,37235
πιθανόν,37220
μέρους,37123
μαύρο,37083
πολλή,37029
τηλεφώνησε,37004
ολόκληρη,36996
εξ,36937
Χάρι,36916
σωστή,36874
γεμάτο,36828
διάστημα,36799
λύση,36793
Τζιμ,36722
άλογο,36681
βγω,36675
καθένας,36673
πόλης,36657
ήρθαμε,36646
νεκρό,36641
βεβαίως,36605
έδαφος,36585
μύτη,36576
δικηγόρος,36569
χαλάρωσε,36470
χορό,36465
εμπιστοσύνη,36412
βγάλουμε,36406
ελεύθερος,36375
καλοί,36334
βρίσκω,36306
δώσουμε,36297
μπύρα,36230
σοβαρό,36188
ενέργεια,36164
εύχομαι,36157
μυστικά,36139
λειτουργεί,36094
ψάχνεις,36094
είπαμε,36090
διάρκεια,36061
μπάλα,35959
έχασε,35930
εικόνα,35917
αυτής,35888
έγιναν,35849
έφερες,35789
επί,35753
προσπαθήσω,35725
διαφορετικό,35697
είδατε,35658
Μπομπ,35602
επτά,35583
περάσεις,35550
αρκεί,35522
έγκυος,35384
πιστεύετε,35368
αίθουσα,35364
τηλεφωνήσω,35358
κρύο,35348
ταξί,35337
Τζορτζ,35328
βοήθησέ,35319
ανθρώπων,35294
Λονδίνο,35217
προσφορά,35211
άκουσέ,35187
βήμα,35175
συγχρονισμός,35168
ειλικρινής,35163
γνωρίζει,35151
γίνουν,35131
κουζίνα,35070
βάζεις,35057
βγάζει,35033
ψάχνουμε,34925
αστυνομικός,34902
κιόλας,34885
ίχνη,34868
λέξεις,34853
κλείσε,34848
πεθαίνει,34844
απόλυτα,34790
γυρίσουμε,34775
τουαλέτα,34764
έφτασε,34732
Μαίρη,34702
τρίτη,34634
εκτιμώ,34609
άφησες,34608
δικούς,34604
έδωσες,34575
θέλαμε,34524
διορθώσεις,34490
εξαρτάται,34484
ξεκινήσουμε,34434
μέλος,34382
άσχημο,34340
στολή,34324
μού,34316
φάει,34311
διακοπές,34305
αποκλείεται,34304
σύζυγός,34302
μπεις,34300
θέλατε,34241
έπαθε,34194
σκέψη,34181
χάσεις,34123
εξαφανίστηκε,34121
εκείνον,34071
τοίχο,34010
βρίσκονται,33935
έργο,33927
φώτα,33909
μεγάλε,33906
συνεχίσουμε,33858
ιστορίες,33829
πίεση,33826
περάσουμε,33825
μίλια,33764
τεστ,33749
ηλίθια,33729
σεβασμό,33722
σερίφη,33697
μοίρα,33685
κρατήσεις,33677
πτήση,33599
φροντίσω,33594
πίστεψέ,33584
παιχνίδια,33544
έπιασε,33538
φταίει,33503
λογαριασμό,33492
σταθμό,33468
χάσαμε,33468
ζωντανό,33466
κατάφερες,33432
Χένρι,33415
έτοιμο,33409
Αχ,33391
ολόκληρο,33381
ξύπνα,33357
πάθει,33321
αίσθηση,33312
φοράς,33293
υπεύθυνος,33289
στόχος,33274
περνάει,33271
σώσει,33266
έγκλημα,33259
πρόσβαση,33224
ρωτάς,33221
συμφωνώ,33197
τρύπα,33196
κοίταξε,33174
βόρεια,33172
κλαμπ,33151
κοιμηθώ,33149
βγάλει,33102
παραλίγο,32994
μαλάκας,32981
καλές,32966
σκοτάδι,32901
δικηγόρο,32862
κατι,32854
ζεις,32820
σύζυγος,32804
γινόταν,32779
Ντάνι,32763
προσπάθεια,32745
διότι,32730
τύποι,32728
Ρέι,32710
θυμάστε,32690
χρυσό,32638
Πίτερ,32628
τόση,32615
αληθινή,32596
περισσότεροι,32582
φάω,32543
ειρήνη,32521
γαμώ,32513
πνεύμα,32449
φτάσουμε,32404
Τζέικ,32398
βγεις,32384
λεωφορείο,32372
κρατάς,32366
γλυκέ,32339
ζώνη,32287
ζευγάρι,32280
ηλίθιο,32277
ζήσει,32275
πελάτες,32228
πορεία,32205
ξεκίνησε,32205
ταιριάζει,32203
εργαστήριο,32186
έχασες,32184
περάστε,32171
πιθανότητα,32127
βάρος,32106
καλέσω,32093
άνδρα,32091
ΗΠΑ,32083
ρίξω,32072
προτιμώ,32048
μπορούσαν,32024
υπόλοιπα,31985
πάτερ,31976
κοριτσάκι,31906
πύλη,31789
ρολόι,31752
ψάχνει,31730
αγαπάει,31726
διαταγές,31720
μερικούς,31693
ποιόν,31675
χωριό,31652
λι,31643
βοηθήσουμε,31635
δικιά,31622
δόντια,31610
ζω,31568
χρειαζόταν,31519
διαδικασία,31486
πιστεύουν,31484
σκεφτείς,31481
παράδειγμα,31395
ταχύτητα,31370
ημέρες,31344
πρόταση,31325
θείος,31276
ρίξε,31248
καπέλο,31208
παππού,31206
πάτωμα,31195
πουλί,31184
γωνία,31170
δαχτυλίδι,31151
εμπειρία,31128
κάν,30981
βραδιά,30980
βλέπουμε,30924
φέρνει,30908
πηγαίνουμε,30904
ζήσω,30890
δείχνεις,30887
επίπεδο,30854
μερικοί,30827
γνωρίζετε,30826
ευτυχισμένη,30819
άρρωστος,30770
συνεχώς,30750
σκοτώθηκε,30748
ηλίθιε,30729
έμαθες,30728
κανεις,30715
δέντρο,30702
ελήφθη,30687
δίκαιο,30681
καινούργιο,30675
νότια,30675
καινούριο,30670
ελευθερία,30659
εννοούσα,30498
βοηθάει,30481
έπιασα,30418
έμεινε,30416
Μαρκ,30407
φέρτε,30384
σπίτια,30374
μίλησε,30373
σκυλί,30365
χρειαστείς,30356
τελειώσω,30351
φταίω,30333
χει,30327
συμβούλιο,30297
πολέμου,30222
πραγματική,30183
στοιχείο,30163
ήθελαν,30139
κος,30133
κλείσω,30123
αποτέλεσμα,30105
συμπεριφορά,30091
αίματος,30070
ήσυχο,30067
καθίστε,30046
υπολογιστή,29975
σφαίρες,29969
μετάφραση,29931
προστασία,29925
πήραμε,29885
σταμάτησε,29860
τω,29858
σώσω,29854
δίκη,29849
σημαντική,29836
κουνήσου,29800
Κρις,29792
στόχο,29769
ξερω,29758
μπα,29701
ενάντια,29690
κλήση,29676
επέστρεψε,29629
τελειώνει,29592
φαίνονται,29563
δικοί,29562
μπούμε,29549
αγαπητή,29539
γεύμα,29510
παίξουμε,29468
ρώτησα,29435
γίνεσαι,29421
δουλέψει,29412
έρωτα,29397
αλλάζει,29329
κουνηθείτε,29311
σκοτώνει,29266
πιάσουμε,29247
εστιατόριο,29246
αλλάξω,29218
έβαλες,29209
τέτοιες,29174
σαι,29161
σ'αυτό,29143
άφησέ,29140
λεπτομέρειες,29135
προχώρα,29113
Ρίτσαρντ,29067
χαρτί,29056
ευθύνη,29027
ήρωας,29019
Κλαρκ,29003
πηγή,29003
γράφει,28998
σόου,28988
εκει,28966
αγαπημένο,28957
έμαθε,28957
αδελφό,28929
ανησυχείτε,28912
καθαρά,28911
έλεγαν,28870
σκεφτεί,28754
βρίσκομαι,28728
μπορέσω,28708
Ρόμπερτ,28698
κοιμάται,28690
αδύνατον,28670
γάμος,28641
αυτη,28637
χρώμα,28627
όνειρα,28568
σκληρό,28537
λουλούδια,28519
λόγους,28472
εξετάσεις,28419
φτάσαμε,28411
επιτυχία,28394
επικεφαλής,28374
ταινίες,28332
λευκό,28328
θαυμάσια,28325
όσους,28296
συνέντευξη,28276
ρόλο,28272
Τζόνι,28269
πληρώσω,28241
πατρίδα,28207
περισσότερες,28201
ξεχάσω,28158
Καρλ,28134
καταστροφή,28071
βρίσκεις,28061
έκλεψε,28053
ακρίβεια,28040
Γουίλ,28014
στου,28013
Τζίμι,27996
αρχίσουμε,27987
συμβουλή,27975
Μακ,27963
κουβέντα,27957
πολιτική,27955
χρησιμοποίησε,27939
Τόνι,27920
κατευθείαν,27906
τηλεφώνημα,27903
εργασία,27873
φόρεμα,27850
καταφέρεις,27803
μιλάτε,27791
διάβολο,27782
κυρίως,27767
κρίση,27672
δέν,27668
πιστεύουμε,27667
ιδιαίτερα,27666
μνήμη,27660
γυναίκας,27646
γκέι,27636
επεισόδιο,27614
εντολή,27556
Τζέι,27546
μονάδα,27532
αφήνω,27493
σκύλο,27465
παίζω,27461
κόπο,27456
καλα,27449
αριθμός,27437
απέναντι,27427
παραλία,27427
τρομερό,27419
φάνηκε,27400
αεροδρόμιο,27399
φάντασμα,27398
πήγαινα,27390
δυνατή,27349
απλή,27295
εξάλλου,27266
μητέρας,27263
Κέιτ,27259
φύση,27248
οκτώ,27238
δύσκολα,27212
οδηγεί,27185
βάζω,27166
μένεις,27155
ποτάμι,27153
κάποιους,27143
πριγκίπισσα,27135
μαγεία,27122
πεδίο,27115
βγείτε,27106
κατάφερε,27097
γέρος,27094
ξεχάσεις,27080
β,27028
πέτα,26986
δούλευε,26981
εκδίκηση,26968
υπήρξε,26946
πιάσε,26938
απειλή,26898
γύρισα,26893
γνωρίσει,26868
πυρ,26866
αφήνει,26864
Έρικ,26851
φόβο,26850
κρατάω,26849
γράμματα,26847
μπουκάλι,26838
πέφτει,26830
μένω,26818
οποιαδήποτε,26801
τελευταίες,26796
Ματ,26793
πόση,26776
βρήκατε,26773
εκατό,26757
κρατήσου,26751
παράσταση,26728
υπάρξει,26726
ενταξει,26721
επιπλέον,26716
απ'τη,26713
καθαρό,26688
επιλογές,26673
εφημερίδα,26662
διάβασα,26641
πόσοι,26635
άλογα,26616
Πήτερ,26609
απ'τον,26590
σπαθί,26587
βάλτε,26584
τελείωσα,26583
είδαμε,26562
σκότωσαν,26554
πιθανότητες,26541
παρόν,26531
θαύμα,26516
διευθυντής,26512
έξυπνο,26508
Μπίλι,26503
καριέρα,26501
μαύρη,26495
πιστέψεις,26490
ημουν,26451
δρόμους,26435
υποθέσεις,26422
δυνατός,26405
δολοφονία,26387
ανοίξτε,26354
ελεύθερη,26330
λάθη,26327
γνωρίσω,26324
χτυπήσει,26304
νίκη,26297
δρόμος,26291
εις,26278
δέρμα,26272
σπουδαίο,26262
σ'ευχαριστώ,26248
προτείνω,26228
πιθανότατα,26222
χρειαστώ,26213
στρατός,26199
πρόεδρο,26163
δείχνουν,26163
φιλαράκο,26162
τέρμα,26151
πληρώσει,26149
θύματα,26143
έστω,26119
ελέγχου,26095
καρέκλα,26082
στρατηγέ,26080
πυροβόλησε,26064
παγίδα,26063
μπάτσοι,26055
στήθος,26051
λεξ,26045
έρθετε,26037
επρεπε,26036
αλλάξεις,26029
χτύπημα,25999
Κέβιν,25991
ζητάω,25979
τρώει,25971
Νταν,25927
πόρτες,25913
ψέμα,25905
μέλη,25905
μπείτε,25897
θεωρία,25894
γάλα,25893
παίξω,25892
γελοίο,25872
κάμερες,25869
Σκοτ,25860
γεύση,25852
γνωρίζουμε,25836
πτώματα,25825
πράγματά,25819
κατάλληλη,25810
πρόσφατα,25803
κρέας,25803
ακούει,25786
έκρηξη,25781
στιγμές,25774
αγορά,25763
Μάρτιν,25757
σαββατοκύριακο,25753
εγκλήματος,25736
πιθανό,25735
γης,25717
φάση,25716
μπάτσος,25684
αποτελέσματα,25684
κούκλα,25676
αγγλικά,25661
κερδίσει,25648
φάρμακα,25639
οδό,25635
ξύλο,25626
πιάσω,25577
βλέπουν,25571
τεράστια,25567
μυρίζει,25566
αδύνατο,25531
τζιν,25518
Ντάνιελ,25517
γάμου,25503
προσεκτικά,25480
φύγουν,25475
κλείσει,25473
ζητάς,25458
δολοφόνο,25447
Μπράιαν,25434
Τζέιν,25425
ουρανό,25379
προσπαθούσα,25363
αστεία,25341
σερ,25325
μιά,25324
όποιον,25304
καταφέρουμε,25298
απόδειξη,25267
ιδέες,25258
γάτα,25248
συνεχίσω,25239
ζήσεις,25233
νοιάζεται,25182
σκουπίδια,25178
αποθήκη,25174
μπαίνει,25165
προτού,25160
ισχύει,25153
πανεπιστήμιο,25147
καθήκον,25143
βοηθός,25137
Ρέιτσελ,25110
λοχία,25095
σώσεις,25083
αρχές,25072
παίξεις,25060
νομίζουν,25033
σπουδαία,25022
πάρκο,25016
περήφανος,25005
συνεχίστε,25001
δικές,24982
σκυλιά,24979
καταλαβαίνετε,24977
έφυγα,24960
ωραίος,24935
έγραψε,24926
στραβά,24906
τύπου,24846
νόμο,24846
μονο,24844
Τόμας,24840
φαινόταν,24828
γειτονιά,24826
μεγάλες,24820
Σον,24810
καινούργια,24790
θελω,24785
καταφέρει,24752
κάνα,24749
παίρνουν,24748
απαίσιο,24722
Ράιαν,24710
Παρασκευή,24708
κατάφερα,24654
συμβαίνουν,24615
καλοκαίρι,24560
Τσαρλς,24547
λογική,24543
χαρούμενη,24525
πόρνη,24518
πήγαμε,24515
αξία,24507
υπόλοιπο,24503
δοκίμασε,24499
χάνεις,24499
απαίσια,24493
ακίνητος,24471
επιστρέφω,24458
ποτε,24450
ελεύθερο,24423
κηδεία,24415
πάρ,24414
παίξει,24395
τεράστιο,24381
φτιάξει,24373
πλήρη,24332
ταυτότητα,24326
κοιμηθείς,24313
καταφέρω,24273
στάση,24261
Ασε,24247
εντολές,24218
σκέψεις,24212
γράψω,24203
καινούρια,24184
διάφορα,24181
καταπληκτικό,24157
χαρούμενος,24154
λίμνη,24129
ωστόσο,24126
άνετα,24123
μαζι,24112
ξέχασες,24110
Πολ,24105
διασκέδαση,24077
θέματα,24059
σημάδια,24028
τής,23970
ξαναδώ,23965
μάθουν,23963
έξυπνη,23947
Μαρία,23927
βρε,23919
μετρητά,23917
σύζυγό,23913
σχολή,23907
εμπιστεύομαι,23900
πεθάνουμε,23868
άσχημη,23861
ασφαλείς,23853
σέξι,23852
σύζυγο,23834
χάθηκε,23821
ναρκωτικών,23794
πέθαναν,23746
καταστρέψει,23725
ήσυχη,23719
συναντήσω,23715
περνάς,23704
μαθήματα,23677
βλακείες,23672
επιτρέπεται,23668
Μπόμπι,23663
πεθάνουν,23625
χω,23617
ξεχνάς,23603
κορυφή,23602
Τεντ,23594
μ'αρέσει,23588
ευχαριστήσω,23565
κυριε,23563
πέρασες,23558
χρησιμοποιεί,23556
χρειάζεστε,23541
αυτών,23512
ψάχνουν,23508
έφυγες,23504
ονομάζεται,23493
λογικό,23475
χτυπάει,23458
φοράει,23441
είκοσι,23440
περί,23431
απάντησε,23416
ξεκίνα,23380
επιστρέψεις,23375
γέρο,23372
εκείνα,23364
πράξη,23334
γλύκα,23332
βάζει,23332
πελάτης,23325
εχετε,23324
χρησιμοποιήσω,23322
απόσταση,23310
τράβα,23277
κρατήσουμε,23276
ένιωσα,23256
κάθεσαι,23250
βλάκας,23202
ακούτε,23197
ζουν,23181
ζεστό,23177
πιούμε,23164
ήλιος,23146
υπομονή,23142
ήσυχα,23129
στείλε,23128
πιάσουν,23078
τόπο,23065
αγαπημένη,23061
αφήσετε,23044
σκληρή,23036
βρίσκεσαι,23025
κατ,23011
σ'ένα,23009
δόκτωρ,23006
διάλειμμα,22996
δικαιοσύνη,22978
συσκευή,22967
όσοι,22966
διαταγή,22956
βαν,22948
πουν,22943
φοβάται,22938
Τζόι,22915
σκέφτηκες,22909
χα,22898
ομάδας,22886
πλάσμα,22881
μπόρεσα,22875
αποφάσισα,22869
γαμημένη,22864
δείξει,22853
γενέθλια,22843
στείλει,22838
θείε,22835
ρώτα,22818
σχέσεις,22811
γεγονότα,22791
πιες,22780
έφτιαξα,22770
Κάιλ,22739
άλλου,22736
προσπαθούμε,22732
φήμη,22729
παππούς,22727
όμορφος,22726
γυαλιά,22722
κιλά,22696
Ρώμη,22689
τρέλα,22687
βιάσου,22679
Λος,22675
τρως,22664
μοναδική,22651
έβλεπα,22645
πέτρα,22644
σκοτώσουμε,22644
φιλί,22626
βρεθεί,22608
μεγαλειότατε,22606
ζούμε,22588
βάρκα,22585
ήλιο,22582
Κιμ,22571
αναμνήσεις,22559
γεμάτη,22539
ποτήρι,22502
έσωσε,22497
παντρευτώ,22466
χ,22460
ζώο,22458
έστειλα,22449
Άλεξ,22443
ντροπή,22407
σύμπαν,22398
περίεργα,22381
τύπους,22375
δίνουν,22375
πληρώσεις,22323
τριγύρω,22315
τυχερή,22271
μπορω,22263
ποτά,22256
απασχολημένος,22227
μοιάζεις,22213
εξουσία,22210
Αλ,22201
φύγαμε,22186
χάπια,22184
ζημιά,22181
ξερεις,22167
προσέχω,22140
αστυνομικό,22136
αναρωτιόμουν,22122
έκλεισε,22109
καταφέραμε,22107
γ,22104
βία,22104
έσπασε,22101
κάντο,22049
σκύλος,22046
νόμος,22028
κανονικά,22010
ιατρική,22008
ελέγξω,22002
έφυγαν,21998
συ,21986
τρίτο,21986
εεε,21982
αντέχω,21980
ανοησίες,21975
Έντι,21974
εξαιρετικά,21965
παντρευτείς,21958
αστυνομίας,21955
άλλων,21949
πέρασαν,21921
γύρισες,21918
διαφορετική,21912
δουλεύουν,21887
μπορούσατε,21885
διάολε,21881
ξεχάσει,21871
νά,21856
επόμενος,21854
γιά,21849
αφέντη,21788
γίνουμε,21767
κατηγορίες,21754
φοβερή,21751
παράτα,21748
ουίσκι,21730
αδελφέ,21728
μιλάνε,21728
θυμίζει,21687
οποίος,21677
Αγγλία,21669
συνεχίσεις,21650
μορφή,21639
πετύχει,21629
εξής,21627
επείγον,21623
όροφο,21618
όρια,21605
οδηγήσει,21601
ρομπότ,21599
Γαλλία,21590
αρκετή,21585
βρισκόμαστε,21580
βοηθήστε,21565
φάκελο,21565
μπελάδες,21561
αληθινά,21547
ευγενικό,21540
υπόγειο,21539
κόψω,21529
εχθρός,21501
δωρεάν,21497
ταλέντο,21482
ανησυχεί,21480
ανθρώπινο,21473
ανοίξω,21455
ντι,21431
τομέα,21426
ληστεία,21423
Τόμι,21420
δράση,21418
κάστρο,21406
κοίταξέ,21404
ξεκινήσει,21393
σ'αγαπώ,21392
φέρουμε,21386
αγοράσω,21384
κυβερνήτης,21378
τρέξε,21375
παντελόνι,21367
έπαθες,21365
προσωπική,21345
παντρευτεί,21329
προηγούμενη,21320
οδηγίες,21309
ζήτησες,21299
μάρτυρες,21293
ομως,21273
χάσουμε,21262
εμφανίστηκε,21261
πελάτη,21251
χρήμα,21239
Γουόλτερ,21228
πεθαίνουν,21217
εννοείτε,21213
πληροφορία,21211
ασφαλώς,21192
φταις,21191
Δευτέρα,21160
έδωσαν,21158
είσαστε,21156
άρχισα,21143
βαρέθηκα,21133
αποτυπώματα,21133
καθηγητής,21125
μίλησες,21124
λοχαγέ,21107
Κάρτερ,21099
πολύς,21091
μάς,21088
διάλεξε,21083
πίστευε,21074
τρόπους,21058
μυρωδιά,21054
ανοίξει,21053
Τσακ,21046
τηλέφωνό,21032
στρατηγός,21006
νόμιζες,21004
άρρωστη,20992
μετα,20985
χάρτη,20972
περιουσία,20961
σκληρός,20942
έφτιαξε,20937
θυμωμένος,20934
ένταλμα,20929
τόσες,20906
επιστροφή,20899
Πωλ,20890
κοιτάξω,20887
τιποτα,20876
κολέγιο,20872
χρονιά,20869
πράμα,20864
οδηγός,20863
ηθελα,20860
ακούσατε,20845
πακέτο,20843
ρεύμα,20839
υπόλοιποι,20839
ψάρι,20820
άξιζε,20816
εχουν,20810
αληθινός,20803
απαραίτητο,20796
πρόσεξε,20790
υπηρεσίες,20789
επιστρέψουμε,20783
ένοχος,20765
όλος,20762
σπάσει,20756
απ'τα,20745
ομάδες,20743
πέταξε,20738
προσπαθούν,20734
μοναδικό,20722
ξεκινάμε,20714
Τζέρι,20696
ειδήσεις,20690
ανθρώπου,20684
αγαπητέ,20675
ερχόταν,20667
παρουσία,20662
μάρτυρας,20649
εμπιστεύεσαι,20625
θείο,20624
διάθεση,20604
συμβόλαιο,20597
τελευταίος,20585
κρατήστε,20582
είδαν,20573
δείξεις,20541
οποιονδήποτε,20530
Σάββατο,20529
παντρεμένος,20518
πιάνει,20471
καθαρή,20460
δέντρα,20449
πλησιάζει,20437
ήλπιζα,20425
ασθενής,20409
εκατοντάδες,20405
ασθενοφόρο,20395
Έλεν,20395
Σικάγο,20391
αναφέρω,20373
έψαχνα,20355
κακά,20337
μπορέσουμε,20324
περάσαμε,20317
νεκρούς,20306
μένουν,20302
μπήκα,20253
πλήρωμα,20246
ευχή,20244
κήπο,20239
βουνό,20239
Τζέισον,20230
Λουκ,20222
πάγο,20212
μυαλά,20206
ζέστη,20202
μαλακία,20187
έβγαλε,20184
να'ναι,20182
αρκετές,20181
φτιάξουμε,20179
κράτησε,20175
σύμφωνοι,20168
διαβάσει,20159
πράκτορες,20150
φεγγάρι,20138
δουλέψω,20117
κυνήγι,20107
έγινα,20105
ευτυχισμένος,20101
προσφέρω,20100
βέβαιος,20098
πεινάω,20091
μάθετε,20081
κοιμάσαι,20049
ανάσα,20036
όχημα,20034
ρώτησε,20031
αυλή,20012
περίμενες,19996
προηγούμενα,19987
χρειαστούμε,19970
συνθήκες,19963
μηχανές,19960
χρωστάς,19958
χρωστάω,19942
ομορφιά,19932
εκείνοι,19932
πράσινο,19930
εφημερίδες,19928
ξεφύγει,19925
φανεί,19924
αυτα,19922
τεχνολογία,19903
μεθυσμένος,19894
ενοχλεί,19887
χαζό,19876
δολοφονήθηκε,19838
αρχίσω,19821
χιλιόμετρα,19813
εκατομμύριο,19773
αγόρασε,19764
γλυκά,19761
ουσία,19734
φρόντισε,19714
ασφαλή,19714
στέλνει,19714
Εντ,19709
αιτία,19708
όρεξη,19696
διευθυντή,19694
δείγμα,19692
οικογένειας,19685
τελειώσουμε,19682
μηνύματα,19660
αγόρασα,19644
περισσότερη,19633
πέσε,19627
επιτροπή,19618
σύνορα,19595
ασθενείς,19579
αποφάσισε,19572
νοσοκόμα,19565
φοράω,19553
τσέπη,19551
διαβάσω,19539
χαθεί,19536
Μεξικό,19532
στρατιώτης,19528
αρχείο,19519
δεκάρα,19511
μωρά,19511
άρθρο,19507
βοηθήσουν,19480
κινείται,19475
μετράει,19472
εντύπωση,19456
ανθρώπινη,19445
καθίκι,19427
επιθυμία,19421
γιου,19411
σκέφτεται,19410
μάντεψε,19398
μιλούσε,19391
Κάθριν,19377
εκπομπή,19357
Καλιφόρνια,19350
έσωσες,19342
μπάτσους,19336
τέχνη,19333
προκαλεί,19305
πολίτες,19299
κουρασμένος,19259
χρησιμοποιείς,19239
σώσουμε,19237
μάγισσα,19236
ρίξεις,19228
γνωστό,19228
παράδοση,19227
Τζων,19223
βγάζεις,19219
μεσα,19218
ανοιχτή,19213
Κυριακή,19169
δώρα,19166
κερδίσεις,19155
βγάλτε,19145
κουσα,19145
δέχομαι,19099
αρχηγό,19087
εισιτήρια,19051
βροχή,19048
ίχνος,19043
Χανκ,19009
αριστερό,19006
τρέχα,18989
δεξί,18980
χεις,18979
έτοιμα,18978
πίνεις,18977
παμε,18967
παιδιού,18964
είν,18958
τέλειωσε,18954
μεγαλύτερος,18945
νιώθει,18944
σωρό,18935
υγεία,18924
Μόργκαν,18902
εξω,18896
ψωμί,18890
ευχαριστω,18885
κατάρα,18872
Λούις,18859
αιώνα,18856
αυτιά,18850
κάθεται,18838
προάλλες,18822
γω,18809
μοιάζουν,18805
στομάχι,18799
ειδική,18777
τρώω,18767
δώσετε,18761
κάθομαι,18745
καθένα,18744
ανέφερε,18741
αρέσεις,18725
εμ,18719
πιω,18714
τσιγάρο,18704
νου,18689
συναντήσει,18687
μισεί,18682
αρχικά,18679
έως,18677
παίζουν,18669
ντον,18662
ελικόπτερο,18645
ρίξουμε,18641
χρησιμοποιήσουμε,18609
Τζόουνς,18609
καθηγητά,18593
ανοιχτά,18591
τό,18589
χτύπα,18587
περίεργη,18557
εργοστάσιο,18556
σάντουιτς,18546
αδέρφια,18545
ειδικός,18541
μπορει,18527
διάδρομο,18527
βλάκα,18521
άδειο,18514
χώρος,18506
έκθεση,18505
ξέραμε,18490
ανοίξεις,18482
αντίθετο,18454
παιδιών,18443
τάφο,18435
καταλαβαίνει,18432
αυτοκίνητα,18416
Πιτ,18412
πέμπτη,18395
αναλάβει,18382
μυστική,18376
καταφύγιο,18373
τοσο,18373
φήμες,18368
υπερβολικά,18350
φτιάξεις,18343
ρωτήσεις,18326
αστέρι,18323
συναντηθούμε,18320
έγινες,18314
αθώος,18312
βοηθήσετε,18309
γιορτή,18293
αμφιβολία,18279
πόνος,18275
αρχίζω,18265
προσπαθήσουμε,18265
Θεώ,18258
ανυπομονώ,18249
κανονίσω,18208
φίλες,18207
διαβάζεις,18204
θέατρο,18199
γνωρίσεις,18198
αυγά,18187
εχθρό,18183
φανταστικό,18182
εφτά,18173
θυμήσου,18165
γουρούνι,18149
δοκιμάσω,18139
Τζεφ,18128
γραμμές,18111
ρίξει,18110
διαδρομή,18091
θάρρος,18091
μεριά,18089
μούτρα,18089
σήκωσε,18072
πρόβλημά,18069
ερωτευμένος,18069
έγραψα,18069
οπουδήποτε,18066
ζητήσει,18065
συν,18065
ύποπτος,18063
κο,18054
Σμιθ,18052
ημερολόγιο,18048
γκόμενα,18045
καταιγίδα,18041
λα,18032
ερχόμαστε,18031
κωδικό,18029
ψάρια,18026
Ρικ,18016
υποσχέθηκα,18014
μάσκα,17979
ήξεραν,17969
ευτυχία,17957
άποψη,17947
αρχίσεις,17943
ένιωθα,17940
μπορέσεις,17938
χρήση,17938
Ζακ,17938
μάχης,17935
νέας,17929
τυχεροί,17929
υλικό,17914
άρχισαν,17886
κελί,17879
παίρνουμε,17876
σοβαρή,17872
σημείωμα,17855
καπετάνιε,17845
μέγεθος,17844
ακολουθήστε,17828
Ντέιβ,17827
επιτρέψτε,17822
τοποθεσία,17819
έπαιρνε,17817
αγκαλιά,17803
σημεία,17800
σαμπάνια,17799
πίνω,17798
είσοδο,17780
γεννήθηκε,17777
εαυτός,17775
ασθενή,17772
πηγαίνουν,17766
λαίδη,17764
ωρα,17763
Ακου,17762
εμφανιστεί,17740
υπόλοιπη,17737
προχωρήσουμε,17734
πήγαινέ,17727
σκοπός,17719
Αντε,17717
αλκοόλ,17713
άργησα,17704
κοτόπουλο,17691
προσπαθούσε,17690
ύστερα,17688
αυτος,17685
αμφιβάλλω,17683
δουλεύουμε,17676
φυσιολογικό,17674
συνεργάτης,17673
δεδομένα,17667
κρυφά,17664
αστυνόμε,17662
παρ,17656
πιάστε,17656
αστειεύεσαι,17654
καλύτερες,17650
δικαστής,17649
πείραζε,17644
συναντήσεις,17638
κανω,17629
Ευρώπη,17624
Ρος,17624
ασφάλειας,17623
πετάξω,17615
ζητήσεις,17615
γνωριμία,17614
μπήκες,17612
έπειτα,17608
κερδίσω,17607
σπιτιού,17598
γράψει,17591
φαντάσου,17582
σίγουροι,17569
εξαφανιστεί,17561
ποινή,17555
σκεφτείτε,17555
λαό,17545
γιατροί,17533
φορτίο,17532
ψέμματα,17527
κάνοντας,17524
ανοιχτό,17524
πίστεψε,17518
πισίνα,17496
ηθοποιός,17479
μεσάνυχτα,17475
ενισχύσεις,17472
μαι,17466
πραγματικός,17463
χαζός,17448
στείλουμε,17436
Άννα,17431
σελίδα,17428
ρωτάω,17405
δόση,17403
Φιλ,17403
εξηγήσεις,17402
Ρόουζ,17395
Ωω,17390
ετοιμαστείτε,17388
ηλίθιοι,17384
έδειξε,17382
έλεος,17381
τέλειος,17378
πιό,17347
Τζάκσον,17345
φορτηγάκι,17341
διαζύγιο,17339
Βέγκας,17338
νοιξε,17337
λοιπον,17336
έστειλαν,17325
θεωρώ,17323
οσο,17308
δικαστή,17296
ακολουθεί,17283
νέες,17280
αγαπούσε,17275
αυτοκίνητό,17271
φαντασία,17268
αισθήματα,17264
ακτή,17259
πράξεις,17240
μισά,17225
βγαίνω,17224
κλαις,17215
κοινωνία,17199
Χάουαρντ,17197
φορούσε,17191
ψάξω,17189
οποιοδήποτε,17183
κατεύθυνση,17181
απαντήσω,17170
ρίσκο,17166
εκπαίδευση,17164
απώλεια,17153
επιφάνεια,17153
σκόνη,17149
Γουίλιαμ,17141
παράδεισο,17129
θέα,17127
σύνδεση,17094
κλειστό,17088
ηρεμήστε,17085
βγάζω,17083
Σούζαν,17071
κοιμηθεί,17068
τρομακτικό,17066
Τζος,17059
βλέμμα,17055
αλλάζουν,17055
αργήσει,17048
σύμπτωση,17042
Ιησού,17033
αρχίδια,17029
προσέξτε,17028
συνέβαινε,17021
κατηγορία,17014
έμοιαζε,16996
εγινε,16993
χρησιμοποιούν,16992
πορτοφόλι,16983
ώσπου,16982
Στιβ,16975
φάε,16973
προσέχετε,16963
στυλ,16959
έφαγε,16952
κανει,16949
φάρμακο,16942
ουρά,16939
παρακολουθεί,16934
φέρεσαι,16932
εφόσον,16931
στρατιώτη,16897
γράφω,16896
κατάλαβε,16895
ενημερώσω,16895
εκπληκτικό,16887
αγώνας,16876
μιλήσαμε,16858
συναρπαστικό,16857
πουλιά,16846
παλτό,16844
τατουάζ,16835
νιώσεις,16832
βγαίνεις,16829
καί,16829
άγρια,16818
γνωρίζουν,16817
μπορεις,16817
θυμάται,16816
Τζέσι,16810
χάνω,16809
λές,16804
ακομα,16802
ροζ,16795
κέρδισε,16783
αντάλλαγμα,16777
δρόμου,16756
αστέρια,16747
θελα,16747
αγαπούσα,16741
εναν,16736
εντυπωσιακό,16734
χειρότερη,16732
νεαρός,16731
δικαιολογία,16726
λύκειο,16725
γκαράζ,16723
εργασίας,16721
ασανσέρ,16721
λείπουν,16718
καρκίνο,16718
δώσουν,16717
προσπαθήσεις,16717
προκάλεσε,16716
διοικητής,16716
επίσκεψη,16714
οικογένειες,16711
οδήγησε,16706
υγειά,16702
Σάιμον,16695
πλοία,16687
σίγουρο,16684
πώ,16684
ενέργειας,16674
λέγε,16671
ζήτημα,16658
Έιμι,16656
οχτώ,16653
εχθρούς,16652
πιθανώς,16644
τραύμα,16629
εξοπλισμό,16624
μ'αυτό,16623
παρεξήγηση,16612
ικανότητα,16612
κυρίου,16611
πίνακα,16599
μεταφορά,16597
Ελίζαμπεθ,16590
σπάσω,16588
ύποπτο,16581
χιλιάρικα,16579
παράτησε,16556
παρεμπιπτόντως,16550
μονάδες,16547
Κάρεν,16544
κρύβεται,16536
γίνετε,16531
παρκ,16529
πιάσεις,16519
μιλούσα,16517
φτάσω,16488
χαζή,16481
φασαρία,16476
μπουν,16475
βιβλιοθήκη,16474
πήρατε,16473
φόνος,16471
αποφασίσει,16467
κάλεσα,16465
προτιμούσα,16461
βραβείο,16455
σιωπή,16438
βρίσκει,16435
επιτέθηκε,16420
σούπερ,16415
πληρώνει,16411
χμ,16403
χρησιμοποιήσεις,16393
νοιώθω,16364
δηλητήριο,16358
ζήτω,16353
αλλάξουμε,16345
αναφορές,16345
φωνές,16341
ζούσε,16336
άφησαν,16331
ανόητος,16322
αγάπης,16307
περάσετε,16305
άμεσα,16302
φανταστώ,16292
διασκεδαστικό,16291
απίθανο,16280
κόλπα,16279
ποιανού,16272
Ρότζερ,16265
ζωντανοί,16256
σταματήσουν,16255
φωνάζεις,16235
μονοπάτι,16231
λειτουργία,16227
μπορέσει,16223
αφήσουν,16208
χίλια,16205
τελική,16200
αίτηση,16198
δολλάρια,16192
δημόσια,16192
θα'ναι,16190
βοηθάς,16182
εε,16175
μείνουν,16161
μοντέλο,16150
εξήγηση,16150
προσπαθώντας,16143
θά,16140
αγγίζεις,16113
ήχο,16106
βαλίτσα,16094
ι,16081
εννιά,16079
συναίσθημα,16068
ήμαστε,16060
ξέφυγε,16048
κίνητρο,16047
διαβάζω,16047
καναπέ,16044
ανοίγει,16042
χαμηλά,16036
αποφάσεις,16029
άρχοντα,16026
φοβούνται,16023
ημερομηνία,16020
πλούσιος,16020
αντικείμενο,16012
έχε,16007
τυρί,16005
κεφάλια,15998
εξέταση,15992
πηγαίναμε,15992
ελεύθερα,15962
παραμένει,15961
παγωτό,15961
πίτσα,15960
Αμήν,15953
μικρές,15937
καθηγητή,15934
σερίφης,15921
ελέγχει,15913
ιστορίας,15911
επιταγή,15908
Κάρολ,15907
κοιτάξεις,15900
γράφεις,15896
κόψε,15896
μαμάς,15883
καλεί,15878
καλέ,15877
αγώνες,15866
καταλάβουν,15860
κασέτα,15860
πλήρωσε,15855
συμμορία,15843
διαμέρισμά,15834
έβαλαν,15834
καλοσύνη,15833
κουμπί,15830
ευχαρίστως,15827
βουνά,15820
μπάσταρδε,15815
νέοι,15804
φέτος,15803
δουλειάς,15796
εκείνους,15796
Τζούλια,15794
χώρας,15792
τες,15790
Σταν,15790
επομένως,15790
απίστευτα,15780
δίκτυο,15779
τιμωρία,15777
φτιάχνει,15759
δάσκαλος,15751
χρειαζόμουν,15749
ερώτημα,15747
ευγνώμων,15737
κινήσεις,15736
ακολούθησε,15729
άδικο,15713
τελετή,15706
συγγραφέας,15683
λείπεις,15679
περίεργος,15668
νεαρέ,15666
φοβόμουν,15665
δούλεψε,15659
περάσουν,15658
πλάσματα,15657
υποστήριξη,15656
πισω,15656
Γκρέις,15656
παίζουμε,15653
αποδείξω,15652
Μάγκι,15615
φτάσεις,15613
νέους,15611
δοκιμάσεις,15605
εισιτήριο,15604
σκιά,15600
έβγαλα,15589
έρθουμε,15580
ιδιαίτερο,15572
σκότωσέ,15566
μεσημέρι,15553
πιεις,15549
άμα,15539
λίρες,15534
κοιτάζω,15529
χτύπησες,15528
χάνουμε,15512
έγγραφα,15508
Τιμ,15499
εθνική,15477
σκοτώνεις,15476
σταρ,15472
γύρο,15453
αναλάβω,15443
δικαιώματα,15439
σκεφτούμε,15436
τελειώσεις,15434
μπόρεσες,15434
Τζωρτζ,15423
αφότου,15413
ξύπνησα,15409
δούλευα,15400
επιχειρήσεις,15397
τρώνε,15394
γενέθλιά,15393
εννέα,15390
Τέξας,15390
ποιες,15390
κάτσω,15369
αστυνομικοί,15359
σκάλες,15352
πείς,15342
αυτοκτονία,15342
τολμάς,15327
δωμάτια,15326
προσπαθήσει,15326
κουράγιο,15325
παρακαλω,15320
σοφία,15309
αξιωματικός,15306
γυρίστε,15306
πανέμορφη,15303
θεοί,15302
έριξε,15302
χτύπησα,15299
αέρας,15293
ουάου,15292
όσον,15291
τοτε,15276
χτυπήσεις,15275
γάμα,15274
κανάλι,15257
κοστούμι,15239
χλμ,15237
φυλή,15229
ψυγείο,15226
ικανός,15226
πέρσι,15223
οπωσδήποτε,15221
οργή,15217
θόρυβο,15215
ξεκινήσω,15208
φαίνομαι,15203
κώδικα,15195
προσφέρει,15193
προσέχει,15184
μαθητές,15171
κλινική,15160
αντίγραφο,15160
πολιτεία,15159
κενό,15149
σπιτι,15148
υπέροχος,15148
ικανότητες,15146
συναισθήματα,15138
δυό,15136
κοιμάμαι,15135
δοκιμάσουμε,15130
ψάξουμε,15116
Τάιλερ,15111
χειρουργείο,15108
ειμαστε,15092
μηχάνημα,15081
περίοδο,15071
βολή,15065
φιλενάδα,15061
νύφη,15059
ευγενικός,15041
δυτικά,15038
συγκεκριμένο,15035
πετάξει,15035
δάσκαλε,15032
φτερά,15028
ροκ,15019
Σταρκ,15019
Ουάσινγκτον,15019
θυμωμένη,15009
αναφέρει,15005
ντους,15002
Έμμα,15002
όποια,14978
χάνει,14976
σύμβουλος,14974
βάθος,14968
έπαιρνα,14964
γνωστός,14959
μαλάκες,14948
δάχτυλα,14937
βυζιά,14936
ξέχασε,14928
λιγο,14917
είδη,14915
κουρασμένη,14911
τελειώνουμε,14905
μακρυά,14886
κατάστημα,14882
συνταγματάρχη,14859
αγοράσει,14856
νόμιζε,14856
κυνηγάει,14851
τζάκι,14844
χρησιμοποιήσει,14843
κράτηση,14842
απαιτεί,14836
Πάρκερ,14834
Τόνυ,14829
Ντιν,14828
καλύτεροι,14825
ζητάει,14825
σκοπεύω,14821
φάρμα,14817
παρόλο,14811
χάος,14798
συστήματα,14798
ικετεύω,14796
Κλερ,14792
Όλιβερ,14791
κίνδυνος,14788
περνάω,14786
φόβος,14784
Νέιθαν,14779
πάθος,14775
δεδομένων,14771
βασίλειο,14770
κέρδισα,14762
πάς,14758
Ελ,14741
καλέσει,14739
ελεύθεροι,14737
έφαγα,14734
κοπέλες,14733
πετάει,14729
μυστήριο,14725
Μάρκους,14721
αρχίζεις,14714
έρημο,14710
υπαρχει,14703
νεαρή,14680
κύκλο,14679
τρέξτε,14677
άσ,14675
πιάνεις,14666
σημαντικά,14648
φυσικό,14647
ψώνια,14642
περήφανη,14642
επιστήμη,14621
φαντάσματα,14610
Λούκας,14607
πιάσαμε,14605
Κίνα,14605
έδινε,14595
ιδιοκτήτης,14586
καταπληκτική,14575
απλα,14573
σού,14571
τρελαθεί,14563
θαυμάσιο,14556
ποσό,14556
σοκολάτα,14551
σπουδαίος,14546
σκάφη,14546
μάρσαλ,14543
κοίταξα,14540
μάγια,14539
φώναξε,14533
συνεργάτες,14530
πλήρως,14530
συγγενείς,14528
μάρτυρα,14528
επικίνδυνος,14525
απάτη,14523
τυχαία,14523
τέρατα,14522
τηλέφωνα,14518
μιλήσετε,14501
παλάτι,14500
πληρώνω,14494
οίκο,14490
απασχολεί,14488
αντίδραση,14485
πόσους,14485
ανατολικά,14483
κέρδισες,14478
θεωρείς,14474
αλλαγές,14471
κατάθεση,14467
ευχαρίστηση,14458
οδηγήσω,14457
οποιοσδήποτε,14432
Λούσι,14424
Στηβ,14422
ανήκουν,14412
μισείς,14402
εκανα,14398
νερού,14391
βαριά,14376
γρήγορο,14373
αλλο,14363
μεσημεριανό,14355
ωστε,14348
μηδέν,14343
γιός,14336
φυσική,14314
κατέβα,14310
νύχια,14303
περιμέναμε,14303
παντρεμένη,14301
Αμάντα,14299
Λίζα,14293
Αφρική,14288
καλύτερους,14275
Κούπερ,14272
μοναδικός,14271
χαμόγελο,14259
φαντάζεσαι,14257
τίνος,14250
κόρης,14230
κανα,14223
σπάνια,14218
ηρθε,14216
Τέιλορ,14199
δώδεκα,14198
εγχείρηση,14191
έφτασα,14186
συνάντησα,14183
ανόητο,14164
συνεχίσει,14161
σούπα,14156
καταλάβατε,14156
αφήνουν,14153
Άλαν,14150
πανέμορφο,14147
μάγκα,14142
μαγικό,14142
Γερμανία,14140
παράνομο,14131
πέτρες,14117
συνεργασία,14115
ανά,14115
προειδοποίηση,14113
έξοδο,14111
δήλωση,14109
ούτως,14107
προφίλ,14103
βοηθούσε,14094
χαρακτήρα,14084
εικόνες,14077
τροφή,14071
υπουργείο,14070
επικίνδυνη,14069
βίας,14065
πιστόλι,14061
κλέψει,14060
τελείωσες,14046
χάλασε,14046
παντα,14042
Ουάσιγκτον,14036
λαός,14033
τούρτα,14031
κάρτες,14008
φησέ,13998
εμπιστευτείς,13996
μόνα,13992
περισσότερους,13990
έλειψες,13987
έφεραν,13984
υποσχέθηκες,13973
υπέρ,13970
έπιασαν,13968
φιλαράκι,13964
αντικείμενα,13958
μαντέψω,13957
κανόνας,13951
παρακολουθώ,13948
άγχος,13945
κολλήσει,13933
νερά,13929
Χάνα,13927
καλούς,13923
στρατόπεδο,13922
φεύγουν,13922
έκλεψες,13916
λογικά,13914
μαύρος,13907
σχέδιό,13907
βόμβες,13906
τελείωσαν,13904
καθαρίσω,13903
χειριστώ,13897
ντουλάπα,13896
χτυπήσω,13893
λέσχη,13888
κερδίζει,13879
παρακολουθούν,13876
ασθένεια,13873
π,13866
βγήκα,13863
πρώτον,13860
πύργο,13858
μπαίνεις,13851
κλέφτης,13850
κλείσεις,13847
δουλέψεις,13834
χαμένος,13834
παράθυρα,13831
διαφορετικός,13827
περασμένη,13824
έλλειψη,13820
ησουν,13819
μάθαμε,13818
πεθαίνω,13815
τηλεφώνησα,13813
θυμηθώ,13810
παράξενα,13805
συστήσω,13801
διαφορετικές,13796
κατάλληλο,13795
προκαλέσει,13790
συνεργάτη,13785
κλήσεις,13781
Χαν,13780
θάνατό,13778
τραγούδια,13778
σενάριο,13777
σήμαινε,13768
πάντες,13758
Λόις,13756
υπόλοιπους,13744
σινεμά,13737
αμοιβή,13727
μέσο,13722
Πάτρικ,13721
διάβασε,13720
εκείνες,13719
όπλων,13713
επαναλαμβάνω,13709
φτάνουν,13698
γι'αυτόν,13698
παλιός,13685
ιστορικό,13684
τρελάθηκες,13682
πέρυσι,13676
συνέπειες,13672
εξαιρετική,13667
Νταγκ,13667
εξέλιξη,13666
σκοτώστε,13659
ίντερνετ,13652
σκοπεύεις,13651
Λίντα,13648
υπογραφή,13646
χρονια,13645
ξανακάνει,13644
ζάχαρη,13640
περιοδικό,13617
λευκός,13607
διαβάσεις,13599
ανάλυση,13599
μεγάλωσα,13597
περιβάλλον,13593
οικονομικά,13589
λέγαμε,13588
φωνάζουν,13580
καρδιάς,13567
σύλληψη,13566
ύψος,13564
χείλη,13561
φωνάξω,13560
έβλεπε,13553
Βίκτορ,13548
χρειάστηκε,13545
υπόσχεση,13541
φαντάστηκα,13535
πιάτο,13535
κλείστε,13533
τσιγάρα,13523
ανακάλυψε,13522
ίδιοι,13521
χειροπέδες,13517
ξέρατε,13511
ανακάλυψα,13511
λέγοντας,13505
παω,13478
δείξουμε,13469
ενδιαφέρεται,13465
κάλυψη,13464
Βινς,13462
φέρνεις,13459
μιλώντας,13459
Γκόρντον,13456
δίσκο,13453
Λάρι,13453
πεινάς,13453
φάτε,13435
ακούσουμε,13434
έδινα,13428
γνώση,13425
βαρύ,13421
προφανές,13421
πλευρό,13417
έρευνας,13414
πουτάνα,13402
δευτερόλεπτο,13400
Λίο,13398
τούνελ,13394
μαύρα,13380
τράβηξε,13376
καθαρός,13374
πιει,13352
ταυτόχρονα,13349
πτώση,13341
ανέβα,13340
βάλουν,13338
υ,13338
μουσείο,13337
βάζουν,13332
βενζίνη,13331
αγοράσεις,13331
σκότωνε,13310
μάθε,13309
όρους,13306
δεχτώ,13306
εγκέφαλο,13302
πρόσωπα,13301
ξεκινάει,13301
κυριολεκτικά,13300
Φρεντ,13296
οθόνη,13279
κουνηθείς,13279
πυροβολήσω,13277
προσπάθησες,13270
άλλως,13269
σοκ,13268
αστειεύομαι,13268
Κουίν,13267
σενα,13267
μίσος,13264
Ντέρεκ,13262
ψάχνετε,13242
αξίζουν,13240
γράψεις,13238
πατάτες,13235
μάζεψε,13231
κοιμήσου,13219
πέφτουν,13208
επαγγελματίας,13208
αναπνοή,13200
λέγατε,13199
έστειλες,13198
Μπραντ,13197
βγαίνουν,13187
Χαίρω,13177
βάρδια,13175
εγγύηση,13173
στιγμής,13170
θερμοκρασία,13163
εμφάνιση,13163
συμπαθώ,13161
φέρουν,13161
γιορτάσουμε,13148
γουστάρω,13145
αα,13141
καλέσουμε,13140
πυροβόλησαν,13135
γεννήθηκα,13132
κόκκινη,13129
ημέρας,13109
Χαίρετε,13109
Τζόνσον,13109
σεζόν,13109
νύχτες,13104
στείλεις,13104
Βίνσεντ,13095
μεγάλωσε,13093
εμπιστευτώ,13091
πίνει,13090
Κλαιρ,13086
λογαριασμούς,13082
γκολφ,13081
συνειδητοποίησα,13080
φιλία,13075
ξυπνήσει,13066
διοικητή,13064
κερδίσουμε,13063
χαριτωμένο,13056
επεισόδια,13055
στάδιο,13054
συναγερμός,13042
περιστατικό,13033
αιμορραγία,13031
εαυτούς,13028
συμβουλές,13026
λυπάσαι,13023
συλλογή,13022
Χίτλερ,13022
αυτοκινήτου,13019
προστατεύει,13014
χτυπάς,13014
φτιάχνω,13002
Χλόη,12993
ψεύτης,12992
βρέθηκαν,12992
πυροβολήσεις,12987
γείτονες,12980
πιστέψει,12979
τελειώσουν,12965
κατα,12962
ειδικό,12955
μπλέξει,12953
πρώτοι,12952
σκοτώνουν,12949
χώμα,12947
ξεχωριστό,12943
ταν,12938
πρώτες,12925
κοιτάω,12916
έλεγχος,12908
κρατούσε,12903
πρίγκιπα,12900
εγκλήματα,12899
κόψει,12898
ενδιαφέρουσα,12897
Μισέλ,12894
Ντόνα,12892
πολύτιμο,12889
καζίνο,12886
βήματα,12880
δουλεια,12877
βλακεία,12876
έσκασε,12873
σταματάς,12869
ποδήλατο,12868
κακοί,12865
απόλυτη,12862
μες,12856
ρυθμό,12856
επιστρέφει,12846
σ'αυτή,12842
ανάγκης,12841
σεφ,12840
μπρος,12828
γήπεδο,12827
Ρόμπιν,12823
καταραμένο,12817
δύναμή,12811
επικοινωνία,12806
επιθεωρητά,12793
άμεση,12790
στείλουν,12789
Ιησούς,12788
Λίλι,12774
πάψε,12773
καθρέφτη,12762
παιδια,12756
πουκάμισο,12751
γνώριζε,12739
ψεύτικο,12737
βρεθούμε,12735
νιώσω,12731
Έμιλι,12728
Τζούλι,12725
νεαρό,12724
τρελά,12710
πετάς,12699
χιόνι,12691
παλιές,12687
ελπίσουμε,12684
ελέγξουμε,12670
έπεσα,12670
νικήσει,12669
πρίν,12665
Κέισι,12664
πεπρωμένο,12661
Μπρους,12657
τρείς,12652
κατανοητό,12637
στ'αλήθεια,12635
Τζόρνταν,12616
άλλαξαν,12615
κλείσουμε,12614
έπιασες,12592
ήχος,12586
Υόρκης,12573
επίπεδα,12571
ξόρκι,12571
απαγορεύεται,12570
γνώρισες,12565
θύματος,12564
αδυναμία,12560
κοστίζει,12553
ερωτευμένη,12551
καπετάνιος,12544
ψάξε,12543
τριάντα,12543
ελπίδες,12542
απ'τους,12521
Ολίβια,12520
φτάσουν,12514
εισαγγελέα,12514
έπαιζε,12513
σάρκα,12512
οδηγό,12505
προδοσία,12503
πετάξεις,12501
κεφάλαιο,12500
δήμαρχος,12481
ακούσετε,12481
ανάμεσά,12479
Λου,12476
άφηνε,12445
Τζέιμι,12444
διάσημος,12442
μάγος,12441
διαμάντια,12439
αρκούδα,12428
νομιζω,12425
Μπράουν,12425
κατέστρεψε,12423
ρώτησες,12414
δαίμονες,12414
ζήσουμε,12413
έμεινα,12412
εξηγεί,12405
συνεχίζει,12401
εργαλεία,12394
περνάμε,12393
πείσω,12390
πάντοτε,12389
βάλ,12387
γριά,12385
προσβολή,12378
φωνάζει,12375
λιμάνι,12368
ανοίξουμε,12366
κακιά,12364
έψαξα,12360
χορός,12359
στούντιο,12351
γνωστή,12349
έλαβα,12338
τέχνης,12338
Μπεθ,12334
σκάλα,12333
κωδικός,12331
αηδία,12329
στρατιωτική,12328
ζωντανά,12313
ρίξτε,12310
ννα,12309
αμάξια,12300
γιό,12296
κανονίσει,12292
σταμάτησα,12282
διοίκηση,12280
βαθμούς,12279
καυτό,12275
προαίσθημα,12269
πιλότος,12268
προχωρήστε,12267
μενα,12265
όργανα,12251
σημειώσεις,12240
αιώνες,12237
γελάς,12234
εννοείται,12224
χρησιμοποιώ,12219
ς,12219
ερχεται,12214
Τζέσικα,12214
αναμονή,12210
ετοιμάσου,12208
δεύτερος,12207
εύκολη,12200
στρατού,12200
κότσια,12199
ευθεία,12190
φίλου,12184
κοιλιά,12173
Μαϊάμι,12170
εγκληματίες,12165
σκέφτηκε,12159
εξωτερικό,12159
ενδιαφέρομαι,12156
μπόρεσε,12148
κλαίει,12138
φωτός,12137
Χριστός,12132
καταστρέψεις,12125
τρέχεις,12117
Φράνσις,12112
υποσχέσου,12109
υπηρεσίας,12107
δάχτυλο,12107
μοιάζω,12093
ψυχές,12092
καλέστε,12090
φόνους,12088
εσωτερικό,12084
πλήθος,12078
καφές,12075
καριόλη,12071
αυτί,12065
προστατέψω,12057
Μάρθα,12047
κατέβασε,12042
πληγή,12036
επίδειξη,12019
Μπάρι,12014
άγνωστο,12008
νο,12003
θάλαμο,12003
πέστε,12001
πουλήσω,12001
κανονικό,11995
πρόσκληση,11992
νεύρα,11992
ιό,11989
πυρά,11988
Γερμανοί,11985
ονομάζομαι,11979
εννοεί,11979
ασυνήθιστο,11971
φροντίδα,11967
φύλακας,11962
κυρά,11960
δεχτεί,11955
πόλεις,11953
ονόματι,11949
προέδρου,11948
Λίνκολν,11938
τηλεφωνήσεις,11935
πούτσο,11931
ασύρματο,11927
φροντίσει,11925
πέτυχε,11921
πήγαινες,11920
ατμόσφαιρα,11920
νοιάζεσαι,11916
επισκέπτες,11913
επανάσταση,11913
Μόνικα,11908
γερουσιαστή,11902
ίδιες,11901
πέρνα,11900
κόρες,11890
τρελοί,11888
Κάρλος,11886
παράξενη,11884
τηλεφωνήσει,11879
θυσία,11878
αισθάνεται,11876
Χένρυ,11874
έλειπε,11853
αστείος,11847
αηδιαστικό,11841
υγρό,11840
έλεγξε,11832
παν,11821
Μάιλς,11820
Γκραντ,11817
επίσημα,11817
γλυκός,11816
σκοτώθηκαν,11811
πάσα,11809
γόνατα,11809
πρίγκιπας,11808
μπλούζα,11806
ολο,11805
όριο,11805
σταθείτε,11802
έμενε,11802
Ντένις,11798
αληθεια,11785
πλάι,11785
Γουίλσον,11785
νόμου,11781
ανάποδα,11778
ξύπνιος,11766
κλουβί,11765
κουσέ,11764
περιπτώσεις,11759
μεγαλώσει,11757
σταματάει,11756
παραμείνει,11752
συνηθισμένο,11745
προτιμάς,11745
Μίλερ,11721
τέταρτο,11721
βγουν,11720
φρικτό,11716
κανε,11714
οπτική,11708
σκοτωθεί,11702
αποτελεί,11701
κρατάμε,11697
ποιοί,11688
άμαξα,11685
καταστραφεί,11683
χρέος,11682
θεωρεί,11670
Κόουλ,11666
στρατηγό,11662
άργησες,11659
σιχαίνομαι,11644
γνωριστήκαμε,11637
παντρευτούμε,11636
κατηγορείς,11636
θυμήθηκα,11620
αδύναμος,11618
γενναίος,11617
χιούμορ,11616
λάβει,11611
Γκάρι,11609
φίδι,11608
σηκωθείτε,11607
κάλεσες,11606
επέστρεψα,11606
μπότες,11605
ζήτα,11600
Μπελ,11599
πληρώνουν,11594
Άνταμ,11594
λειτουργούν,11591
αυτοκτόνησε,11590
Τέρι,11589
πληροφοριών,11589
οργάνωση,11586
αγοράκι,11583
ηρθα,11570
καταστρέψω,11568
πίστεψα,11567
Σάλι,11567
συζύγου,11564
αποτυχία,11561
πλανήτης,11561
κρύβει,11560
δεύτερα,11557
υποφέρει,11556
Νίκι,11556
βοήθησες,11555
ακρόαση,11552
συνταγματάρχα,11550
μήνυση,11550
αδέλφια,11548
γρήγορη,11546
άγγελος,11538
Στίβεν,11529
κύμα,11528
ακουστά,11523
ανταλλαγή,11521
αλλάξουν,11512
αηδίες,11509
συμφωνείς,11504
γνώριζα,11490
ισχύ,11489
κοιτα,11484
καθάρματα,11483
ωκεανό,11478
ανόητη,11477
σημαία,11472
υπόψη,11467
Άρθουρ,11467
Ανν,11467
έψαχνε,11456
δημοσιογράφος,11456
θα'πρεπε,11453
κοιμήθηκες,11450
κοιτάτε,11449
σκοτεινή,11447
έβγαλες,11440
χιλ,11432
ερχόμουν,11432
δικαιοσύνης,11432
κλοπή,11428
κοιτάζει,11427
πουλήσει,11419
Λη,11418
βαθμό,11418
προηγούμενο,11417
κλείνει,11414
παντρεμένοι,11412
ανατολή,11412
σακάκι,11407
ευτυχισμένοι,11400
συντομότερο,11399
γρήγορος,11398
χρήσιμο,11397
αστυνόμος,11392
επίτηδες,11387
αγαπά,11385
άλλωστε,11382
φορέσω,11378
λαμβάνεις,11377
ήρωα,11377
σάς,11374
δίνουμε,11370
λίγους,11368
χρηματοκιβώτιο,11368
σύμβολο,11364
δεύτερον,11364
ναυτικό,11363
ρίχνει,11363
γεμάτος,11360
κέικ,11357
προ,11356
χόρτο,11352
ποιους,11352
έρωτας,11347
ευτυχισμένο,11347
φέρνω,11346
εγκεφάλου,11341
πάρκινγκ,11339
νοιάζομαι,11337
πίτα,11337
στείλτε,11336
στροφή,11334
τοίχους,11330
ταιριάζουν,11330
συζητήσω,11330
παρακολούθηση,11326
σεξουαλική,11324
άφηνα,11322
πέρασμα,11320
συγκεκριμένα,11319
ζωη,11316
κόστος,11316
εμφανίζεται,11313
Κόνορ,11308
Γουέιν,11306
σκάσει,11305
συνταγματάρχης,11300
γυρίζει,11297
πιστέψτε,11297
υπολοχαγέ,11294
συγκρότημα,11281
έσωσα,11274
ανθρωπότητα,11269
έφαγες,11267
κάτσεις,11265
αριθμούς,11263
τίμημα,11258
υπεύθυνη,11253
Φίλιπ,11251
Μώλντερ,11229
κοινή,11210
νόμισα,11204
φόνου,11202
τρομοκράτες,11199
μπαίνω,11192
άλλαξες,11190
ομιλία,11188
απαγωγή,11188
Φράνκι,11187
μάτσο,11187
προαγωγή,11184
κρατά,11181
ξεπεράσει,11180
φησε,11173
Κέιτι,11170
σαλόνι,11169
πιείτε,11163
τίτλο,11161
κοιτάει,11160
ίδρυμα,11158
διάβολος,11154
ιερό,11149
φοβάστε,11148
αποκαλούν,11144
ένδειξη,11138
συνηθίσει,11137
έμειναν,11137
καλο,11134
μαλακό,11133
ποδόσφαιρο,11132
επόμενες,11128
ισχυρό,11127
αδερφές,11124
ενδείξεις,11119
κανά,11116
ακτίνα,11104
τρίχες,11102
μπαμπάκα,11101
νούμερα,11100
μερα,11095
σωστός,11091
Ρον,11086
επιτρέψω,11085
Ελένα,11081
πρόκληση,11081
δόλωμα,11080
έτος,11069
άλλαξα,11069
πίστευες,11069
κεντρικό,11068
διπλό,11068
χρόνων,11067
αγαπάμε,11066
εφιάλτης,11065
επικίνδυνα,11064
ξεφύγεις,11061
δασκάλα,11059
αποκαλείς,11056
μήκος,11054
μπι,11053
περίπλοκο,11048
Αμερικής,11040
Νιλ,11037
γυναικών,11032
στέλνω,11030
γίνομαι,11025
έβλεπες,11024
λέγομαι,11023
σκανδάλη,11023
προμήθειες,11021
Τζάστιν,11019
χρυσάφι,11018
στέγη,11011
άστο,11003
στέκεσαι,11002
ξεκάθαρα,10997
θεε,10996
απλός,10995
κατοχή,10995
πενήντα,10994
θλίψη,10994
αξίζεις,10992
συμφωνήσαμε,10991
έργα,10987
συνταγή,10979
φόρμα,10978
συντεταγμένες,10978
διαγωνισμό,10977
χαλάσει,10975
ελέγχω,10973
πρόβα,10971
γαλλικά,10964
μανούλα,10962
έννοια,10961
στυλό,10960
έκλεψα,10957
ανάκριση,10947
κόψεις,10943
δίνετε,10939
προέρχεται,10938
αμέ,10937
επρόκειτο,10935
οδός,10935
παράλογο,10929
σ'αρέσει,10922
γίνε,10920
μαθαίνω,10916
παρόλα,10906
ενδιαφέρεσαι,10905
Βερολίνο,10903
όνειρά,10897
έκοψε,10896
ακούγεσαι,10896
αύξηση,10895
ντρέπομαι,10892
διανομή,10889
καταλάβετε,10884
μαστε,10875
έ,10871
μπισκότα,10870
κινδυνεύει,10869
αναφέρεις,10866
απ'αυτό,10862
Χάρολντ,10855
επιτρέπει,10854
περιοχές,10850
παντρεύτηκε,10849
συζητάμε,10849
μπέιζμπολ,10843
βιαστείτε,10841
αρχίζουν,10833
πιασα,10833
φύλακες,10832
Τζ,10830
απασχολημένη,10828
λευκή,10825
Ρεμπέκα,10824
δύση,10823
ακριβό,10822
χειμώνα,10820
πές,10819
αντέξει,10815
βοηθό,10814
Ρωσία,10813
διάβασες,10812
Τετάρτη,10811
Ριντ,10801
κατάσκοπος,10800
φρουροί,10799
καταστράφηκε,10797
σκασμό,10796
Λιζ,10789
τηλεφώνησέ,10788
τρώμε,10785
έπεσαν,10781
βρισκόταν,10779
πεθαίνεις,10776
μπαίνουν,10775
δοκιμάσει,10772
πέσεις,10770
δειλός,10763
συγχώρεσέ,10762
χάθηκαν,10762
πιστός,10758
Γκρεγκ,10754
Ερχομαι,10750
δεκαετία,10741
Εύα,10740
καθαρίσει,10739
έξοδα,10736
καθ,10722
καρδιές,10721
ραδιόφωνο,10718
υγείας,10718
παρακολουθείς,10718
δείγματα,10718
κατασκήνωση,10713
ήρωες,10711
πουλάει,10711
παιδική,10707
σπηλιά,10705
σημαντικός,10702
αναζήτηση,10701
ακούσουν,10697
εκρηκτικά,10697
κατω,10693
ωραια,10691
Ιταλία,10690
ολη,10687
άσκηση,10683
άδειά,10679
σάλτσα,10677
εξάσκηση,10676
μεγαλώνει,10676
Ντέιβις,10674
απίστευτη,10674
χτυπήθηκε,10672
Τζες,10672
αθώα,10671
επέμβαση,10669
φάνε,10666
καταλάβουμε,10662
ίσα,10651
αγωγή,10649
ξύπνησε,10644
εμπόδιο,10644
Νέιτ,10640
κοιμήθηκα,10640
εχθροί,10640
νικητής,10639
ξυπνήσεις,10629
δημοκρατία,10626
καλέσεις,10619
ζούγκλα,10617
πήγαιναν,10616
αντίσταση,10614
δημιούργησε,10614
πηγές,10613
συζητήσεις,10611
επιθέσεις,10611
κας,10611
σταματήσετε,10610
Τοντ,10609
αρχίσαμε,10601
μεχρι,10601
κατάστασή,10599
υποθέσουμε,10591
ανακαλύψει,10591
εχθές,10589
Νίνα,10583
γάτες,10583
ξεχάσουμε,10572
κρανίο,10568
Κέλι,10564
έκλεψαν,10563
συγκεντρώσου,10563
βαρετό,10562
καίει,10550
πολεμήσουμε,10548
ντρέπεσαι,10548
συναυλία,10540
αργήσω,10535
θελεις,10533
ειπε,10530
πείραμα,10530
υπερβολική,10523
ρισκάρω,10521
ναό,10518
αντέξω,10516
απόλυτο,10516
φανταστείς,10513
αναγνώριση,10508
έκφραση,10507
Μόλι,10501
τριών,10500
νικήσουμε,10494
ανάθεμα,10493
ξεκίνησα,10493
λατρεύει,10491
χαμένη,10491
Άντζελες,10487
πήγατε,10485
ρεκόρ,10483
κτήριο,10482
ακούσαμε,10481
εμπορικό,10481
ζόρι,10478
τρομερή,10478
νόμους,10476
συγκέντρωση,10475
συμπαθεί,10475
πάτο,10471
σκοτεινό,10465
γιέ,10460
Λας,10460
παίρνετε,10459
εξακολουθεί,10451
εκραγεί,10450
απομείνει,10450
λιγότερα,10450
Χάρβεϊ,10449
οδηγείς,10448
Όσκαρ,10447
σχήμα,10447
ελέγξεις,10446
πανω,10445
φόρα,10444
σώματος,10442
ιδιωτικό,10439
υπάλληλος,10439
αιώνια,10434
δοκιμή,10430
κανονική,10428
γάντια,10426
Τζουν,10425
ρεπό,10424
φροντίζει,10423
μισθό,10420
ώμο,10420
τρομερά,10417
βορρά,10416
δυνατότητα,10416
βλάβη,10411
Χάρυ,10409
καλώ,10409
εκανες,10408
έγραψες,10407
σκοτεινά,10407
πρόποση,10401
μέτωπο,10398
καίγεται,10394
πρόθεση,10393
μεγαλύτερα,10389
αστυνομικούς,10389
βοήθησα,10388
ξανασυμβεί,10386
όρο,10386
πάτα,10386
γαμημένα,10383
ζόμπι,10383
γέλια,10382
επιθεωρητής,10382
αγενής,10380
παίξε,10379
φροντίζω,10377
κλειστά,10376
ακούμε,10374
πέσω,10370
εκλογές,10369
ευχάριστη,10368
χμμ,10366
κώμα,10365
τεχνική,10359
σακούλα,10355
άρεσαν,10354
ακολουθούν,10349
σηκώστε,10349
έφτιαξες,10347
εγκληματίας,10345
κουσε,10344
σκεφτόσουν,10341
ρωτήσει,10338
Σάρλοτ,10333
Ρεντ,10332
σοβαρός,10332
φυσιολογικά,10332
αρνητικό,10318
τηλεφωνήματα,10317
εκανε,10314
ειχε,10313
ερχόσουν,10312
στέκεται,10301
διαβάζει,10295
σκέφτονται,10294
λοχαγός,10293
αμαρτίες,10292
τος,10289
χαμένο,10288
συναγερμό,10285
πρόθυμος,10285
γυναικα,10280
πιάνο,10277
άσπρο,10277
εισαγγελέας,10276
φτιάχνεις,10276
Ντικ,10275
εταιρείας,10273
Φοίβη,10272
ευγενική,10272
χορέψουμε,10269
αεροπλάνα,10262
πάσο,10255
ουτε,10255
παραδέχομαι,10249
Ράσελ,10249
πάθεις,10248
μαγικά,10247
αγγίξεις,10241
Άντι,10241
αντίθετα,10238
βάλτο,10236
πλούσια,10235
λαν,10232
φρικιό,10231
αέριο,10227
μαθαίνεις,10227
κοινότητα,10226
μοναξιά,10219
γυμναστήριο,10219
ακοής,10217
ενοχλώ,10216
κόλλησε,10208
θεούς,10206
ναζί,10205
δύσκολες,10203
Χάουζ,10193
νομίζαμε,10193
ένεση,10190
ήμουνα,10190
βοηθάω,10180
πήδα,10177
καρφί,10176
δείχνω,10172
Εϊ,10162
μόνον,10161
φέρεται,10160
ουσιαστικά,10158
κρύβεις,10156
σταθμός,10155
βάλετε,10153
καταστάσεις,10151
νταντά,10150
ιδιοκτησία,10144
περιπέτεια,10140
μιλούσαμε,10138
γαμάτο,10136
διαλέξεις,10136
γκόμενες,10134
έθνος,10133
εξοχότατε,10129
κοινωνική,10126
ιδιαιτέρως,10125
κοσμήματα,10118
Κέιν,10112
τελείωνε,10111
κατέληξε,10101
φάτσα,10101
ελπίζουμε,10092
θέαμα,10090
περιέχει,10086
ξεκάθαρο,10085
προειδοποιώ,10085
συνέβησαν,10081
παγκόσμιο,10080
Γκρέι,10080
μπύρες,10073
καύσιμα,10072
παρατήσεις,10071
τακτοποιήσω,10071
μπήκαν,10068
βγάζουν,10067
σκέφτεστε,10064
κάπτεν,10058
φοβερός,10056
κοιλάδα,10055
κεντρική,10051
προσευχή,10051
λόφο,10051
βράδια,10044
τρόποι,10043
στρατηγική,10031
Ρόι,10027
επιρροή,10024
Μαρί,10023
ένωση,10023
βγήκαν,10023
εργάτες,10022
απόπειρα,10022
τραγωδία,10020
κατηγορώ,10019
τηλεφώνησες,10016
ξαναδείς,10016
πυροβολήσει,10016
λ,10015
υπάρξουν,10012
τείχος,10011
κρέμα,10008
επιστήμονες,10007
δουλέψουμε,10006
κάθισμα,10003
μαθηματικά,10001
σχολείου,9992
ακίνητοι,9991
Λόγκαν,9988
δάκρυα,9985
χάρις,9978
διαδίκτυο,9977
ταξίδια,9977
ξεχωριστή,9975
χώρες,9970
καλλιτέχνης,9970
κοστίσει,9970
πρόσεξα,9967
ισχυρή,9964
καυτή,9958
έχοντας,9958
πληγές,9952
πιάτα,9951
πρωταθλητής,9949
πα,9949
δημιουργήσει,9949
κλέφτες,9947
όρκο,9939
πλεονέκτημα,9927
ρίχνεις,9925
κόκκινα,9918
επιτέθηκαν,9914
δαίμονας,9908
διορθώσω,9908
πληρώνεις,9906
ελέγξει,9905
ανήκεις,9904
κολλέγιο,9903
βλάψει,9900
μιλά,9891
ειπα,9890
αρρώστια,9886
ξεκίνησαν,9885
ηρεμήσεις,9882
άρχοντά,9881
εσώρουχα,9880
κρατάνε,9879
πλευρές,9879
ψάξει,9869
Ίαν,9869
νιώσει,9869
Θεούλη,9864
στοιχηματίζω,9858
Ινδία,9857
υπεύθυνο,9855
εκπλήσσομαι,9855
όραμα,9852
γραμματέας,9848
ακολουθήσει,9847
τρέχουν,9847
Γκας,9846
τόπος,9839
γυμνάσιο,9838
φέρ,9837
κουτιά,9837
αμαρτία,9836
οφείλω,9834
απαραίτητα,9832
άλμα,9832
οδηγήσεις,9830
ακολουθήσω,9821
δια,9817
διοικητά,9815
ένταση,9812
όνειρό,9811
προτείνεις,9809
λύκος,9806
χρειαστείτε,9806
τραίνο,9801
τέτοιου,9797
κλέβει,9793
Μάθιου,9791
ειδικές,9787
καθε,9786
αυτοκρατορία,9781
γυρίζω,9778
κανουμε,9772
πονάς,9769
έτυχε,9764
Σιντ,9759
Νόρμαν,9759
τέτοιος,9757
λείψει,9757
πούλησε,9755
κυνηγός,9745
ακολουθήσουμε,9742
συμπτώματα,9741
αντιμετωπίσουμε,9740
σελίδες,9736
πιάνω,9731
ξανθιά,9728
απ'τις,9727
ανάγκες,9727
ψάρεμα,9726
Μέγκαν,9723
μπάσταρδος,9721
πύλες,9720
ρομαντικό,9718
οικογενειακή,9714
εντός,9713
βεβαιωθώ,9709
μεγάλοι,9708
γνώρισε,9704
νικήσεις,9697
νευρικός,9697
έφτασαν,9696
νύχτας,9696
σιγουρευτώ,9688
άνεμος,9688
Φλόριντα,9687
εμμονή,9682
συγκεκριμένη,9680
Λ.Α,9679
συστήματος,9678
αφήνουμε,9678
φορα,9677
πτέρυγα,9671
σημαίνουν,9668
πυρετό,9664
να'σαι,9663
τρύπες,9662
οξυγόνο,9659
Λέοναρντ,9657
νεκροταφείο,9656
χωρις,9655
τροχιά,9655
ξεκινήσεις,9652
άκουγα,9649
αλλη,9648
προσέλαβε,9646
επίσημη,9645
Τζόναθαν,9642
δοκιμασία,9641
διαρροή,9641
φρέσκο,9637
Φρανσίσκο,9635
δολοφόνοι,9633
έρευνες,9633
ακούστηκε,9632
καλ,9629
ιερέας,9629
βέρα,9619
λεει,9618
προπόνηση,9616
αποφασίσεις,9616
κατάστρωμα,9616
Ιαπωνία,9615
πειράξει,9614
δεί,9613
Σόφι,9601
κακές,9598
υπουργός,9598
βγάλουν,9596
Τζένιφερ,9596
εαν,9591
μηχανικός,9590
ειστε,9584
βρώ,9583
Αμερικανοί,9574
Τσάρλυ,9573
προσπάθησαν,9565
νομική,9563
ευρώ,9562
υποτίτλων,9559
πνεύματα,9559
ρωτάει,9556
δείς,9551
όβερ,9550
στολές,9548
έκλεισα,9546
υπ,9544
Γιανγκ,9544
τραβήξει,9543
σκάφους,9539
βγήκες,9528
ρθει,9528
γενιά,9527
φτιάχνουν,9524
Ρίτα,9522
απαντήσει,9521
δέχεται,9518
αρχαία,9514
περιγραφή,9513
ξενοδοχείου,9510
αποδείξει,9508
κέρδη,9508
είδηση,9507
υποσχέθηκε,9507
Ντην,9504
Έντουαρντ,9503
πέος,9502
περίφημα,9494
εσωτερική,9494
χορού,9494
έβρισκα,9493
εταιρίας,9492
σι,9490
ανεβαίνει,9482
απευθείας,9481
θρόνο,9479
γραβάτα,9478
ενημέρωση,9477
Αγίου,9475
τυφλός,9475
ωραίες,9471
αντιμετωπίσω,9468
κρατήσουν,9466
Χάρπερ,9465
έρχεστε,9459
Νεντ,9458
αντιμετωπίσει,9457
βγαίνουμε,9456
ά,9456
ξίφος,9453
εξαιρετικό,9453
διακόπτω,9453
γυρίσουν,9448
λίγοι,9445
στης,9441
Μποντ,9441
μοτέλ,9440
έκδοση,9440
θέληση,9434
τελικό,9433
πόρνες,9426
ακολουθείς,9425
αυγή,9424
πίπα,9421
αρχίσουν,9420
πλούσιοι,9420
μεταφέρει,9417
κλόουν,9415
μουνί,9413
βλέποντας,9410
πρόοδο,9409
σταθερά,9409
σχεδίου,9408
νταμ,9405
θρησκεία,9404
χρησιμοποιούμε,9403
επιστολή,9402
Χέιλι,9392
οποίες,9390
Ρώσοι,9389
ιατρικό,9389
χάπι,9387
αξίας,9386
πουλάς,9385
καρδιακή,9385
κομπιούτερ,9375
χειρότερος,9374
επιβάτες,9369
γυμνή,9367
μιλούν,9366
τραύματα,9362
φυσιολογική,9360
σκοτώνω,9359
σκοτώσετε,9358
όλον,9356
αφέντης,9355
υπολογιστές,9352
χάλι,9352
αντιμετωπίσεις,9352
μίλι,9351
ύπνος,9349
Βιρτζίνια,9344
βρίσκουν,9340
κυβερνήτα,9339
παρόμοιο,9339
καλύψει,9334
κτήνος,9332
ακριβά,9332
μαντάμ,9327
Μπαρτ,9324
Μπίλυ,9324
οδηγούν,9318
μπάντα,9315
διάλεξες,9312
Άλις,9312
άβολα,9307
πείσεις,9306
Ντάνυ,9305
υπαστυνόμε,9304
δημιουργεί,9298
έλεγξα,9297
προφορά,9295
εαυτού,9294
λείψεις,9291
χρυσή,9282
κινδύνου,9282
κουνιέσαι,9278
Ζόι,9275
γραφείου,9273
αναγνωρίζεις,9271
τρέχω,9267
ευκαιρίες,9261
φορέσεις,9259
ξυπνήσω,9256
Τράβις,9254
μούρη,9253
ιός,9252
ασχολείσαι,9251
θεωρείται,9251
δώστο,9249
σταθερή,9246
οικογενειακό,9244
στέλνουν,9243
ηλικίας,9243
απώλειες,9238
Γουίλι,9233
δέχτηκε,9231
κύματα,9226
συνέδριο,9224
μονάχα,9223
ειχα,9218
βοήθα,9215
παρατήσω,9205
ακριβή,9203
επιστρέψουν,9203
χρησιμοποιώντας,9198
μένουμε,9195
κύρια,9194
ρθεις,9192
φταίξιμο,9190
Λίσα,9185
όρος,9182
πισινό,9181
ευχάριστο,9180
γραφεία,9171
μιλήσουν,9159
πεθάνετε,9156
κάλτσες,9156
σύγκρουση,9155
συνεχίζεται,9154
Ιράκ,9153
άλλοθι,9152
τολμήσεις,9152
τραβάς,9150
ψάχνοντας,9149
γνωριζόμαστε,9147
λεπτομέρεια,9146
βιαστούμε,9145
Μέι,9142
Τζέρεμι,9141
φανταζόμουν,9141
βραδινό,9140
παραγωγή,9139
ήπια,9135
γεννηθεί,9134
ανθρώπινα,9133
Μπάρμπαρα,9128
αναλαμβάνω,9127
κανονίσουμε,9124
καλη,9120
χάσιμο,9118
πώληση,9116
πλήρωσα,9111
δον,9110
τραβήξω,9108
βρίσκουμε,9108
Ντύλαν,9107
Η.Π.Α,9105
μαζέψω,9104
προστατεύσω,9104
παει,9104
Τζένι,9103
κέρδος,9096
ψηλός,9095
αρέσω,9092
κλείνω,9091
περνάνε,9091
σημερα,9090
πρωτάθλημα,9087
αισθήσεις,9083
καθυστέρηση,9067
ιδιωτική,9066
επέστρεψες,9066
γενικά,9064
φύσης,9064
Τζέικομπ,9063
μέρας,9063
καθίσω,9059
σήκωσέ,9057
φύλλα,9057
κορμί,9053
σπάσεις,9052
Γου,9047
τε,9046
παραγγελία,9041
κεράσω,9040
Μπάουερ,9035
Κάρι,9033
σαφής,9033
σχοινί,9033
πολίτης,9027
απατεώνας,9026
τσούλα,9025
σώσε,9021
μερίδιο,9007
προστατέψει,9006
γιατρούς,9004
δώσαμε,9001
χοντρό,9001
Μάργκαρετ,9000
μπο,8993
Γκιμπς,8990
περιέργεια,8982
ψάξτε,8981
φωλιά,8981
συνεχίζουμε,8981
πρωτόκολλο,8979
Σέιν,8978
κυβέρνησης,8976
καθημερινά,8972
βιάζεσαι,8971
σύνταξη,8970
Σπένσερ,8969
τελευταίους,8966
άμμο,8966
κανενός,8964
βαλίτσες,8959
Μάρκο,8956
Τζίμυ,8956
τάξης,8954
θυμηθείτε,8953
φωτιάς,8951
Έλιοτ,8948
διαθήκη,8948
άρχισες,8945
απ'ότι,8944
δανειστώ,8940
φοβήθηκα,8940
τσίρκο,8935
διαφήμιση,8927
Τζούνιορ,8925
άρωμα,8924
βρέχει,8922
έριξα,8919
χαλί,8918
αδερφού,8916
κόψουμε,8915
άμυνα,8914
χτύπησαν,8912
Άλισον,8912
αθώο,8908
καθόμαστε,8906
θυμό,8900
ανάμνηση,8900
έχασαν,8898
σέβομαι,8893
ασπίδα,8893
πείνα,8893
άρχοντας,8893
παραδώσω,8890
υπήρξαν,8890
κανόνισε,8888
επιτρέπετε,8886
Όουεν,8886
κρύψει,8881
σπασμένο,8879
κάθησε,8869
κώλος,8868
Ισπανία,8865
αρνήθηκε,8865
ψάξεις,8864
Μάρτι,8862
φέρνουν,8861
ντουλάπι,8861
δολοφονίας,8860
δολαρίων,8857
τράπεζες,8854
αποφάσισες,8853
επηρεάζει,8853
αναγνωρίζω,8850
ανατολική,8850
ανοιξε,8850
όμορφες,8849
λεγα,8848
φρουρά,8845
περπατάς,8842
γουστάρει,8839
δαίμονα,8838
παρατάς,8834
αλυσίδα,8833
παντρεύτηκα,8828
γουρούνια,8825
χρονικό,8825
πολεμιστές,8824
πλησιάζεις,8823
δεδομένου,8818
καλύπτει,8815
ενθουσιασμένος,8811
πουλήσεις,8810
γυρεύεις,8809
εγκαταστάσεις,8805
κόκα,8802
Ααα,8798
Εντερπράιζ,8796
ανέλαβε,8796
κράτησα,8794
μιλούσες,8793
μελέτη,8788
ξεκινήστε,8786
προσεκτικός,8785
καλώδιο,8782
δημιουργία,8782
παραμύθι,8781
είσοδος,8779
λεωφόρο,8778
δεχτείς,8778
Μπράντον,8778
άχρηστος,8776
αδελφές,8776
ραντάρ,8775
αγγίξει,8771
θές,8770
νεα,8769
άν,8766
χρήματά,8759
πόκερ,8759
καθάρισε,8757
πινακίδα,8756
ζευγάρια,8754
φέρετε,8752
σημερινή,8752
τιμής,8751
μπελάς,8750
οροφή,8750
μεγάλης,8745
τόνο,8741
Ντέξτερ,8741
εισβολή,8740
ξεκινά,8739
μητρώο,8738
Φρέντι,8736
προδότης,8736
ζεστή,8735
μισούν,8734
γερά,8731
αγνοείται,8730
Κινγκ,8726
παιχνιδιού,8726
φανταστικά,8718
σπάει,8718
μυρίζεις,8717
παρα,8710
παγκόσμια,8708
φοβερά,8704
σταμάτησαν,8701
περιοχής,8700
κληρονομιά,8694
όποιο,8689
τζίνι,8688
τρόφιμα,8687
ξεκουραστείς,8685
Βιετνάμ,8682
μήνυμά,8675
κλέβεις,8675
συνεχίζεις,8674
σκέτη,8669
Παναγία,8668
γαμημένε,8664
σταμάτησες,8661
δρόμοι,8661
πετσέτα,8660
καλέσατε,8659
ζώων,8656
κατανόηση,8655
θαύματα,8651
τραβάει,8651
πέθανες,8649
τιμές,8644
οδηγώ,8644
επόμενα,8641
επίθεσης,8638
αγαπημένος,8637
καταλήξει,8637
κοροϊδεύεις,8637
κουλ,8634
Κάμερον,8633
χυμό,8632
ψεύτη,8631
δολάριο,8630
ελέγξτε,8628
κοιτάζεις,8624
ακολουθήσεις,8620
λαού,8619
πλατεία,8618
κίτρινο,8615
ανακοίνωση,8611
διπλά,8608
μαϊμού,8605
Ερλ,8602
προστασίας,8600
θεωρούν,8599
διέταξε,8597
δημόσιο,8596
Λάνα,8593
φιλήσω,8593
μάχες,8592
Ρόνι,8591
κυνηγούν,8588
μπαταρία,8587
έλαβε,8578
συνείδηση,8578
ήρεμος,8577
Μανχάταν,8574
βρώμικο,8573
θυμηθείς,8568
ψεύτικη,8567
ετοίμασε,8564
πιθανή,8564
χήρα,8561
λάσπη,8559
αποστολής,8559
γρηγορότερα,8558
ταράτσα,8557
δουλεύετε,8557
δραστηριότητα,8554
εξηγήσει,8554
παραδεχτώ,8554
αναπνέει,8553
προσώπου,8550
πυρομαχικά,8549
τόσους,8547
φροντίσουμε,8546
έξτρα,8546
καλύβα,8538
πολιτείες,8537
πρόδωσε,8534
εννοούσε,8534
αυτον,8533
αποτύπωμα,8528
γενεθλίων,8527
Χολμς,8523
αρχηγείο,8522
τιμόνι,8509
φτιάξε,8509
κακία,8508
έδειχνε,8503
αφοσίωση,8499
πρεσβεία,8495
χρυσός,8493
μοίρες,8491
αμάν,8490
δρα,8484
πετάω,8483
όργανο,8481
εργάζεται,8481
τρομάζει,8480
πολεμιστής,8477
Μέρι,8476
δ,8476
έπαιζα,8470
είμασταν,8470
πρώτης,8469
υπόσχεσαι,8467
συνηθισμένη,8466
γερουσιαστής,8461
φανταστείτε,8460
απόφασή,8460
Σο,8457
νοιώθεις,8455
ξανακούσει,8454
καταστρέψουμε,8454
κατευθύνεται,8452
πυροβολήθηκε,8452
άγριο,8448
βότκα,8441
συλλάβουν,8438
νόστιμο,8437
Πάλμερ,8436
χρώματα,8436
απάντησέ,8434
ανήκω,8430
ξεκαθαρίσουμε,8430
χωρίσει,8428
πέθαινε,8426
ταγματάρχη,8423
πλησιάζουν,8422
Ντοκ,8421
αληθεύει,8415
μετρό,8414
φανταστική,8413
βαμπίρ,8412
περιμένοντας,8412
αξίζω,8411
αγαπούν,8408
Μπρουκ,8404
φάρσα,8401
επιτεθεί,8399
γαλαξία,8397
ηθική,8396
νέου,8395
πραγματα,8394
τετράγωνα,8393
χρημάτων,8390
άνοιξη,8389
ακολουθώ,8386
καλυτερα,8384
φράγκα,8384
μασάζ,8380
φύλακα,8378
ξεχάστε,8376
σπάνιο,8376
υπόθεσης,8371
ξερα,8368
εκτέλεση,8368
αποφασίσαμε,8364
φούρνο,8362
μιλώ,8357
ηγέτης,8354
χαίρεσαι,8353
κόμμα,8348
φανώ,8348
ενημέρωσε,8348
ανέφερες,8345
επικοινωνίας,8345
πληρώσουμε,8343
αμερικανός,8343
Μέισον,8340
Έβαν,8338
μπάτσο,8337
σκεφτόμαστε,8337
μόλυνση,8336
χάρισμα,8336
καμπίνα,8335
αφήνετε,8334
Μπένετ,8334
δέχεσαι,8330
παρακολούθησης,8330
σκάσεις,8328
κακούς,8328
συμβουλίου,8327
προσωπικού,8326
Μόσχα,8326
εμετό,8325
Μίτσελ,8324
περνά,8322
εφιάλτες,8321
οδηγούσε,8320
μαθητής,8318
γλυκειά,8317
μετοχές,8317
φέραμε,8316
μεγαλειοτάτη,8313
κουράστηκα,8305
φοβόταν,8302
απαντάς,8301
μακρύ,8301
χρήσιμος,8291
συμπέρασμα,8291
μνήμης,8287
σκοινί,8286
κουμάντο,8286
ισορροπία,8285
μέτρο,8284
ζωντανούς,8283
πυροβολείτε,8282
ακολούθησα,8282
γράψε,8282
σφιχτά,8280
πτήσης,8278
ζητήσατε,8277
κρατηθείτε,8275
Γκριν,8268
έγραφε,8267
Γουόκερ,8266
παραβίαση,8266
φυλακές,8265
όρθιος,8262
έξοδος,8261
επέλεξε,8258
οποίους,8255
δυτική,8255
υπογράψει,8254
εντοπίσουμε,8254
γούστο,8252
Μπίσοπ,8252
εξαφανίστηκαν,8250
βάλαμε,8249
επιστήμονας,8249
αποδεικνύει,8248
εξίσου,8248
τοις,8248
παίζετε,8243
σ'αυτόν,8242
πλήρης,8241
έμενα,8240
Κάρα,8239
κοιτάξει,8238
βάζουμε,8237
δισεκατομμύρια,8236
πονοκέφαλο,8234
τυχαίνει,8228
επαγγελματική,8225
μπάσκετ,8223
ξεκινήσαμε,8223
σουίτα,8221
λειτουργήσει,8221
Ρομπ,8221
διαλέξω,8219
παρακολουθούμε,8217
πρόσεξες,8216
δίωξη,8211
καπνός,8209
σύννεφα,8207
κατέστρεψες,8199
κρύα,8198
δίχως,8198
επαφές,8193
ζηλεύω,8192
μμμ,8189
υψηλή,8188
στοπ,8186
τούς,8184
καταλήξεις,8184
επισκέψεις,8182
ειρήνης,8180
ευγενικά,8178
απόρρητο,8177
καπνό,8173
κόλλα,8171
Φρόντο,8169
παπούτσι,8166
προθέσεις,8166
ποσότητα,8162
π.μ,8161
μέλι,8161
ζήσουν,8160
πέσουν,8156
σωλήνα,8155
βγάλετε,8154
ευχαριστημένος,8153
τακτική,8150
λεω,8148
αλάτι,8147
μμ,8146
αγελάδα,8146
αναλάβεις,8145
χτυπήματα,8145
βρωμάει,8142
προϊόν,8140
πλησιάζουμε,8140
μωρέ,8136
σωστα,8135
κλέψεις,8134
προλάβω,8133
χοντρός,8129
στήλη,8129
Τζούλιαν,8128
αρχιφύλακα,8126
Τίνα,8126
λοχίας,8124
πετάξουμε,8120
δοθεί,8119
λουλούδι,8118
Τζιλ,8118
οικονομία,8117
θλιβερό,8117
Σεθ,8114
ξανακάνω,8107
Κλέι,8106
Βικ,8105
ανησυχούσα,8104
ονομα,8100
Μπάτμαν,8099
απαντάει,8096
ήλιου,8095
προσέξει,8092
ξανακάνεις,8090
κατάλογο,8089
καποιος,8089
γεμάτα,8085
ένορκοι,8085
Πέιτζ,8083
δύναμης,8082
καθίσεις,8081
κότα,8079
καταραμένη,8076
μεταφέρω,8075
υψηλής,8073
χρέη,8068
χο,8067
δώσατε,8065
παγωμένο,8065
Κεντ,8063
παραμονή,8059
ζ,8053
γέλιο,8048
αρχίζουμε,8047
εκκλησίας,8046
συνδέεται,8044
γυναικεία,8043
στέκομαι,8038
έβγαινε,8033
Στιούαρτ,8033
τσιπ,8031
φασαρίες,8031
αυτοκράτορα,8031
Μιτς,8026
χρησιμοποίησες,8025
υποβρύχιο,8024
Μέρλιν,8023
αυτοκτονίας,8022
πληρώσουν,8018
ώπα,8018
πυροβόλησες,8017
κουστούμι,8015
Ράντι,8014
τετράγωνο,8014
ηρεμία,8013
Κριστίνα,8012
κινητά,8012
Νάταλι,8012
εγκατέλειψε,8009
γροθιά,8007
αρνείται,8007
Χονγκ,8006
ξένος,8006
κερδίζεις,8003
έγκριση,8000
χαρακτήρας,7997
έρευνά,7997
ζητά,7996
καυγά,7995
οικονομική,7994
ελέγχεις,7994
καμμιά,7991
πιστωτική,7991
συχνότητα,7989
ζεστά,7985
κατάφεραν,7985
δωματίου,7985
διαμάντι,7984
απέτυχε,7982
πάρτο,7979
τζετ,7978
μπουφάν,7977
άρρωστο,7976
κεντρικά,7969
βοηθά,7965
βασίζεται,7961
Βερόνικα,7960
πυροβολείς,7959
μωρού,7959
φτιάξουν,7958
δίπλωμα,7956
τζάμπα,7952
πολεμήσω,7947
βρείς,7946
διαβατήριο,7943
κινούνται,7943
στόχους,7942
ξένο,7934
μπανιέρα,7933
ιδιαίτερη,7933
Κονγκ,7929
σύνολο,7927
φέρετρο,7925
σεντ,7924
Τέρνερ,7923
Σέλντον,7921
γαμημένος,7921
υπολογιστής,7918
γενναία,7916
φαίνεστε,7916
κατάθλιψη,7914
αγόρασες,7911
μαμα,7911
ύπαρξη,7909
πέταξα,7898
σαιζόν,7897
φιλμ,7891
καταθέσεις,7890
αμφιβολίες,7889
απειλές,7889
κώδικας,7889
φεύγετε,7888
χάρτης,7886
Λόρι,7885
δάνειο,7884
Γκλεν,7883
θησαυρό,7882
ξαναπάρω,7882
αγάπησα,7881
ηξερα,7879
Τσάντλερ,7878
προτεραιότητα,7875
καλωσήρθατε,7874
Καναδά,7874
δεσμό,7873
κοιμούνται,7871
ποντίκια,7871
βρικόλακες,7871
ακουσα,7871
έμπορος,7868
περπατήσω,7868
στρίψε,7867
προχωράμε,7866
καθόταν,7863
λάμψη,7861
επιβιώσει,7860
καταστρέψουν,7858
υποθέσω,7858
αρχής,7856
εκδήλωση,7855
Έμιλυ,7853
σκυλάκι,7851
λύσουμε,7851
φρούτα,7850
φρικάρει,7849
Σούπερμαν,7849
καλώδια,7849
λυπηρό,7848
σκεφτήκαμε,7848
ανέβει,7847
ασπίδες,7846
λις,7844
μεγάλου,7843
σκέτο,7839
φυτά,7836
θυμώσει,7833
Ρίτσι,7833
εξαφάνιση,7832
ιδιοκτήτη,7832
ζήτησαν,7831
Φίσερ,7830
ξύπνια,7827
στενή,7826
εμπιστεύεται,7825
φιλαράκια,7824
ετοιμάσω,7824
ακολούθησέ,7824
Τρέισι,7817
άραγε,7810
τσέπες,7808
κρεβατοκάμαρα,7808
μέλιτος,7806
διπλή,7804
εκδοχή,7802
Ντιέγκο,7802
ποσο,7801
πινακίδες,7799
κιθάρα,7796
Ντέιμον,7796
μοιραστούμε,7795
κυρίας,7794
κρυφό,7793
Γουάιτ,7791
ξέχασέ,7790
έβαζε,7790
παρθένα,7789
άχρηστο,7789
συνελήφθη,7788
ξεκουράσου,7785
συνέβει,7781
διάβολε,7781
διαφυγής,7779
Αφησέ,7767
ψητό,7765
γεμίσει,7765
καλάθι,7765
Νέλσον,7759
άνεμο,7759
τρόμαξες,7757
χρησιμοποίησα,7754
θαυμάζω,7754
αργήσεις,7754
στρατιωτικό,7754
νικήσω,7751
αυγό,7748
ξαναβλέπω,7748
αυτοκινήτων,7748
βράχο,7742
ηρωίνη,7740
θόρυβος,7738
γραμματέα,7734
ξεκούραση,7731
Χριστού,7729
πιστέψουν,7727
τουαλέτες,7727
Ήθαν,7727
Τάρα,7726
συναντηθήκαμε,7726
κόπανος,7725
τοπική,7724
παράδεισος,7724
ύφος,7718
Τζι,7716
ανέφερα,7713
σχεδιάζει,7710
Λόρα,7707
πείσει,7704
τρίτος,7702
μπορουμε,7700
Ντέιλ,7698
δόθηκε,7695
κυνηγήσει,7695
ον,7693
ποντίκι,7693
ψεύτρα,7691
τάγμα,7685
πληρωμή,7683
ηθικό,7680
λάδι,7679
μερος,7674
συγχωρέστε,7674
καλωσόρισες,7674
ομίχλη,7673
πήδηξε,7673
ενοχλητικό,7671
βαθύ,7671
πυροβολισμό,7671
προπονητή,7670
Χιούστον,7668
Κριστίν,7666
Κερκ,7666
δουλεία,7662
εμπόριο,7661
κλείδωσε,7658
ζητάμε,7658
ανόητε,7657
πυρήνα,7655
χεράκι,7654
εγκέφαλος,7651
Ρις,7648
χαμένα,7647
συνέλαβαν,7646
ισχυρίζεται,7646
παραμικρή,7645
βίβλο,7644
αναρωτιέσαι,7643
βρίσκεστε,7639
Νικόλ,7637
πουλάω,7632
ήτανε,7628
απομόνωση,7624
καταλαβαίνουν,7623
ακίνητη,7622
ξένους,7616
αρκετούς,7616
κόβει,7613
διάσωσης,7611
πολλα,7611
σχολεία,7606
άγιος,7606
έζησε,7605
στόλο,7605
ντζελες,7605
τμήματος,7604
θρύλος,7603
Ζαν,7603
ένστικτο,7602
μηνών,7602
αγοράσουμε,7598
ξάπλωσε,7598
χάσετε,7597
Νιου,7596
νιώθετε,7595
επιχειρήσεων,7590
χαρούμενο,7586
περίοδος,7585
μεγάλους,7585
οχυρό,7584
μαξιλάρι,7581
φρουρούς,7579
φωνάζω,7578
αφήσαμε,7578
συνεχιστεί,7578
ίσια,7577
πυροβολισμούς,7577
εβραίος,7576
κρύβεσαι,7575
αντίρρηση,7574
ευθύνες,7573
επιθεωρητή,7568
λέιζερ,7567
δεκαπέντε,7566
εποχής,7563
διάλεξα,7558
συλλάβω,7558
ανακαλύψω,7557
ανάγκασε,7557
γουστάρεις,7555
έφευγε,7554
έπιπλα,7554
Μπλέικ,7553
τρομάζεις,7551
νόμιμο,7546
γραμμένο,7544
λεφτα,7543
κανόνα,7542
χάσου,7541
σηκωθείς,7540
ασφάλειά,7537
ανησυχία,7532
εκπληκτική,7531
γονιών,7531
στέμμα,7528
εκπλήξεις,7528
σύντομη,7528
ΜΕΤΑΦΡΑΣΗ,7526
τρέχοντας,7525
εργαλείο,7523
κείνη,7521
αντίθεση,7518
σταυρό,7516
κλείσουν,7513
κυρια,7509
ενοχή,7507
ξεφύγω,7506
λεγόταν,7506
Κρίστιαν,7505
κλειδαριά,7505
προδότη,7505
αλλάζεις,7504
Αρα,7503
διακοπή,7500
κάν'το,7500
παιδάκι,7498
αισθητήρες,7497
ομολογία,7496
πορνό,7496
έπεσες,7493
ένσταση,7491
δάγκωσε,7491
δείξτε,7490
περιλαμβάνει,7487
Σίτι,7486
τρίχα,7483
καθαρίσουμε,7483
παράξενος,7482
ταγματάρχα,7481
λύσεις,7479
βέλος,7478
θελει,7475
Κέρτις,7473
εκστρατεία,7471
τελειώνουν,7460
αποφασίσω,7459
παίκτες,7459
δοκίμασα,7458
εφιάλτη,7454
ανακαλύψουμε,7454
ελάχιστα,7453
μυρίζω,7452
μεγάλωσες,7452
συμβάν,7449
πρακτικά,7449
γυρίσετε,7447
κρίνω,7443
νομίζουμε,7441
Λώρα,7437
υλικά,7437
Σάντα,7435
μόνους,7432
επ,7432
παρακαλούμε,7427
κράνος,7426
προχωρήσει,7425
σεντς,7424
Ράιλι,7424
εξαίρεση,7420
διαφορετικοί,7420
αρχική,7420
αντέχει,7417
όσες,7417
τρέξεις,7416
γρηγορα,7414
σπρώξε,7414
ολες,7410
τομέας,7408
βγάλ,7407
ισπανικά,7406
προπονητής,7404
μόδας,7404
Νόρα,7403
καθαρίσεις,7402
ζούσα,7401
περαιτέρω,7399
χοντρή,7397
τράπεζας,7394
δάχτυλά,7393
σαλάτα,7391
γινει,7390
συνήθεια,7390
σταθερό,7388
ταυτότητά,7388
στοιχείων,7386
ρωτήσουμε,7384
φυτό,7383
κολιέ,7382
επίσημο,7380
ελευθερίας,7380
καμια,7379
Κέι,7378
αριθμοί,7373
Χριστουγέννων,7371
προστατεύσει,7368
χτυπήσουμε,7367
τελος,7364
αξιωματικό,7361
δάσκαλο,7361
λεγες,7359
παραδέξου,7355
τυχερό,7354
εκτίμηση,7349
συμφωνούμε,7348
Ρουθ,7346
απέγινε,7345
φροντίσεις,7342
πλησιάσει,7335
σαράντα,7329
πέτυχα,7328
διάθεσή,7326
πυροβολισμοί,7324
αποστολές,7321
ικανή,7319
παιδικό,7319
κόφτο,7318
Ραλφ,7314
τήν,7311
επιβεβαίωση,7311
φορτηγά,7310
τραβήξεις,7309
γραφτό,7308
παραισθήσεις,7305
καταθέσει,7305
Μπόνι,7303
αποδεικτικά,7302
Μπρούκλιν,7300
κατασκευή,7298
ζηλεύεις,7297
κρατάτε,7296
κρυμμένο,7295
Κάρλα,7294
ανάπτυξη,7294
κλειδωμένη,7293
πίνακες,7292
σχεδιάσει,7292
οστά,7290
προβλήματά,7288
Τζίνα,7287
Χέδερ,7287
συρτάρι,7284
Ρέιμοντ,7282
φέρατε,7280
πεί,7278
δολοφονίες,7277
κινέζικο,7277
θετικό,7275
έσπασα,7274
δως,7272
πόντους,7270
νεκροτομείο,7267
καταφέρνω,7266
σφυρί,7266
επάγγελμα,7265
ετοιμάστε,7264
νεκρών,7264
ασ,7264
Τόμπι,7263
πηδήξεις,7262
Γκλόρια,7261
καημένο,7258
Γουόλτ,7257
ποσοστό,7256
Κόλινς,7255
Μέρεντιθ,7255
κοιτάξουμε,7252
παράνομη,7247
πετάξτε,7245
παράτησες,7244
σύμπαντος,7243
λατρεύουν,7242
καπνίζεις,7242
ακαδημία,7237
υπεράσπιση,7230
επανορθώσω,7230
ιερέα,7229
παντρεύεται,7228
σταματά,7227
μιλήστε,7226
μπίρα,7226
κουβέρτα,7225
φροντίζεις,7223
γελοία,7222
ασχολείται,7222
πετρέλαιο,7221
δικηγόρους,7220
υπολοχαγός,7218
Μπέιλι,7218
ευλογία,7217
Τέντι,7217
επηρεάσει,7216
ευτυχής,7215
Μέρφι,7212
προηγουμένως,7206
σκότωνα,7205
εγγυώμαι,7204
ενδιαφέρουν,7203
κρατούν,7202
βόρειο,7202
γεννήθηκες,7201
φιλήσεις,7200
ιππότης,7199
ταγματάρχης,7198
επιστρέφουμε,7192
τρελάθηκε,7191
άγαλμα,7191
Σαμάνθα,7190
μ.μ,7188
τόσοι,7187
αποκάλυψη,7186
κοπελιά,7182
μήλο,7181
Αφγανιστάν,7179
παρών,7177
συμφώνησε,7177
Λέιν,7177
πάγκο,7174
απαντήστε,7172
Μπρέντα,7172
λιοντάρι,7168
προσόντα,7166
μπλουζάκι,7166
ιδιοφυία,7162
ελέγχουν,7162
αξιοπρέπεια,7161
συνάντησε,7160
κάλεσαν,7158
πείνας,7157
αδιέξοδο,7156
δικηγόροι,7154
γυαλί,7153
Πότερ,7153
αποκτήσει,7150
πηδήξω,7150
προειδοποιήσω,7146
μπαίνουμε,7144
ερωμένη,7143
ξεπεράσεις,7141
πλησίασε,7140
κύκλος,7140
Στέφαν,7140
περασμένο,7139
μπλα,7138
ανέβηκε,7137
κουδούνι,7137
συζητήσαμε,7133
Μάντι,7133
καταστρέφει,7133
άνοιξέ,7132
επείγοντα,7129
προσεύχομαι,7125
πλούσιο,7125
μύθος,7122
σκηνές,7122
κόστισε,7121
περνούσε,7121
εθνικής,7120
περνούν,7119
καθόμουν,7117
προειδοποίησα,7114
δράστης,7114
πίνακας,7113
αυτοπεποίθηση,7108
μπαστούνι,7107
Καίσαρα,7107
σύσκεψη,7107
Νάνσι,7107
αποφασίζεις,7107
Κανγκ,7106
περίμετρο,7106
απήγαγαν,7105
έγγραφο,7104
σκοτωθείς,7102
ραβδί,7102
ορυχείο,7102
ήσαστε,7100
Μπόμπυ,7099
ιατρείο,7098
μεθυσμένη,7096
νεκρά,7096
αμερικάνοι,7095
σερβιτόρα,7094
παρατήσει,7091
ανήκε,7091
αποκλειστικά,7089
σκιές,7089
αρνηθώ,7086
Βασίλη,7086
δώσ'μου,7083
Μιράντα,7081
ιστοσελίδα,7080
λαμβάνω,7080
πιάνουν,7068
δεχόμαστε,7068
παράτησα,7067
ανακατεύεσαι,7064
βασικό,7063
επαγγελματίες,7062
προσπαθήσαμε,7060
διαφορές,7059
συλλαμβάνεσαι,7059
αλήτη,7059
χε,7058
μεγαλύτερες,7049
δίνε,7045
Τερέζα,7044
παρουσίαση,7040
τραγικό,7040
χαρούμενοι,7035
συγνωμη,7034
χάσατε,7033
Γκουέν,7032
μάνατζερ,7032
υπέθεσα,7031
βιομηχανία,7031
χορεύεις,7031
σχόλιο,7030
υψηλότατε,7027
πλοίου,7026
δυνατοί,7026
νιώθουν,7026
χρωστάει,7026
υγιής,7025
ακριβως,7023
καρκίνος,7023
συλληφθεί,7023
κυκλοφορίας,7022
Γκαρσία,7017
πετάνε,7016
εθνικό,7016
επιθυμείς,7015
Μπουθ,7014
Φιν,7014
σηκώσω,7011
διευθύντρια,7011
λεπίδα,7009
χτυπά,7006
υπέγραψε,7004
Σκάλυ,7001
αι,7001
απείλησε,7000
χρησιμοποιηθεί,6999
παντρεύτηκες,6998
επιτεθούν,6996
γνώριζες,6995
επικοινωνήσω,6995
οδήγα,6992
δράσης,6991
ρέστα,6990
νότο,6990
καινούργιος,6989
δούλεψα,6988
μυστικός,6986
μαζέψουμε,6985
άθλια,6985
Χόμερ,6983
συνεργείο,6976
αγία,6975
σφαγή,6974
πράσινη,6973
πατάς,6971
αρκετός,6968
υπογράψεις,6966
βούλωσέ,6966
λάβαμε,6965
επιθυμεί,6964
ήσυχος,6962
αναστολή,6962
ληστές,6962
Κεν,6961
σοβαρολογείς,6959
ανησυχούμε,6956
πυροβόλησα,6956
πονάω,6956
πεζοναύτες,6953
διάρρηξη,6951
λάστιχο,6948
βαρύτητα,6946
μαθαίνει,6946
φακέλους,6945
κυνηγάνε,6939
κυνηγάς,6937
φακό,6936
έβαζα,6936
χρησιμοποιούσε,6935
Τρόι,6934
εσεις,6934
καημένη,6934
προσωπικότητα,6925
Αλίσια,6925
τέλειωσα,6924
κράτος,6923
νοίκι,6923
ενθουσιασμένη,6922
κτίρια,6922
υπογράψω,6921
Στόουν,6916
κολλάει,6915
πάπια,6911
Πουαρό,6909
ξανα,6908
χουμε,6908
κάθονται,6903
Άντριου,6903
αντίγραφα,6901
δολοφόνους,6900
λλη,6900
παίκτης,6894
Φιόνα,6892
συνήθιζε,6891
πε,6891
χρησιμοποιείται,6889
είθε,6888
μείναμε,6887
Γουέιντ,6886
θελες,6886
υπηρέτρια,6885
έμαθαν,6883
κρατήσετε,6883
βάσει,6883
υποσχέσεις,6881
Χαλ,6881
Παμ,6880
σκι,6878
κυκλοφορεί,6878
χαμογελάς,6877
ενοχές,6877
συλλάβει,6875
ανοησία,6875
χρονο,6873
παιδι,6868
κλαίω,6867
μυστικές,6866
Νίκολας,6865
αδύναμη,6865
κλέφτη,6863
επιθυμίες,6860
τρέξω,6860
σύνδρομο,6860
σοβαρολογώ,6859
προσπαθείτε,6856
βελόνα,6856
χαμός,6854
καφετέρια,6853
κερί,6853
καταπληκτικά,6852
καλωσορίσατε,6851
άρπαξε,6851
κεί,6850
τρέξιμο,6848
έξυπνοι,6848
βλάκες,6846
δίκαιη,6842
σημαντικές,6842
ενόχληση,6842
αδελφότητα,6839
ανακάλυψη,6837
πλοίαρχε,6834
φράση,6834
τόν,6834
θεά,6833
σχέδιά,6832
συμμαχία,6832
Τζεν,6830
κατέβω,6829
ενέδρα,6829
πηγαινε,6826
Κλάρα,6824
ντ,6821
κοιμήθηκε,6818
εργασίες,6818
χαρεί,6815
Σεμπάστιαν,6815
έφευγα,6815
απέμεινε,6814
όπα,6814
σαφές,6814
κανες,6813
κουβέντες,6813
Έϊ,6812
σήματα,6812
λενε,6811
υπόθεσή,6809
προσευχές,6807
αγαπούσες,6807
βούτυρο,6805
επιζώντες,6804
πειρατές,6804
γέμισε,6802
μάγισσες,6801
τίγρη,6794
μαν,6794
βιβλίου,6792
μενού,6792
μόνες,6791
συγχώρεσε,6790
άνω,6789
Φιντς,6788
ομολόγησε,6787
συνεργαστούμε,6787
βαρεθεί,6787
Σέπαρντ,6785
αρνούμαι,6784
πυροβολούν,6784
Μπέκα,6780
άλφα,6780
Γουέστ,6777
μετακόμισε,6771
σ'αγαπάω,6769
λείπω,6768
αυτοκράτορας,6768
πειράματα,6766
κύκλους,6763
χαριτωμένη,6763
μολις,6761
μεταφέρουμε,6759
στέλνεις,6759
ειδοποιήσω,6757
θετική,6756
διαβεβαιώνω,6756
ψυχραιμία,6755
Ντόνι,6755
κοκτέιλ,6755
κοριτσιού,6754
τέτοιους,6754
Κάρσον,6753
έφτασες,6753
δημοφιλής,6750
ακουστεί,6749
κατεβάστε,6749
ουρανός,6748
μετανιώσεις,6745
παρουσιάζω,6744
έμεινες,6742
τεχνολογίας,6741
βρώμικα,6741
καλεσμένους,6739
Κρέιν,6737
εμενα,6736
περιμενε,6735
χρονιάς,6734
συγχώρεση,6733
συνδέονται,6733
διασκεδάσουμε,6732
καταδίκη,6731
ξεκαθαρίσω,6730
ήσουνα,6729
ταξιδεύει,6729
ιδού,6729
ξεφορτωθώ,6729
έκτακτης,6723
αποσκευές,6723
κουβαλάς,6712
Μπερκ,6710
φοράνε,6710
πετύχεις,6710
κοινά,6706
ποίημα,6706
επιστρέψετε,6706
φίλτρο,6706
τηλεφωνώ,6705
απόψεις,6702
ποτήρια,6701
διαστημόπλοιο,6699
μικροί,6698
Ντέιτα,6698
κάτσουμε,6698
απαλά,6696
πονέσει,6696
ολοκληρώθηκε,6694
Κορέα,6694
θυμούνται,6693
υποσχεθείς,6693
άφηνες,6692
ασχολούμαι,6691
ακριβής,6689
απ'όλα,6683
μπλακ,6683
χωρίσαμε,6678
υπηρέτης,6678
ανδρών,6677
μ'ένα,6677
δοχείο,6676
ανάλογα,6675
τύψεις,6675
κούρσα,6674
φάκελος,6672
πιστέψετε,6671
εταιρείες,6666
πόνεσε,6664
ταχυδρομείο,6664
λευκοί,6663
μπαμ,6663
στρώμα,6663
μπήκαμε,6662
Χάρβαρντ,6661
νοσοκομείου,6660
μέ,6659
όντα,6659
περιοδικά,6659
προσπαθήστε,6656
ανοίγω,6654
μέντιουμ,6652
σπέρμα,6652
μωράκι,6652
αναγνώρισε,6651
διαρκώς,6651
ανακούφιση,6649
πρωτότυπο,6648
συντροφιά,6646
κωδικούς,6646
ταινίας,6646
γιατρού,6645
ηρεμήσω,6645
νίκησε,6643
παρατήρησα,6643
Λουίζ,6640
πληγώσω,6640
συκώτι,6639
φωτιές,6638
Σάμι,6638
πρόγραμμά,6636
πίστευαν,6631
μαχαίρια,6630
γυρνάς,6629
φασόλια,6628
Λιν,6628
πούλησα,6627
προσέχουμε,6627
τά,6626
ρχοντα,6626
δήμαρχο,6625
βρίσκετε,6623
λευκά,6623
ομολογώ,6620
Τζεντάι,6619
άσυλο,6618
καεί,6618
παράνομα,6616
αναφέρεται,6615
διατάζω,6614
μπάσταρδο,6613
ένιωθε,6612
θάλασσας,6610
διαλέξει,6609
μάνας,6607
χορεύω,6606
κοιμόμουν,6604
μπουκάλια,6600
Σέρλοκ,6599
σωθεί,6599
χαράς,6599
συναισθήματά,6598
Βίκτωρ,6597
ηλεκτρικό,6595
Ντάνκαν,6593
σόι,6593
ελπίζοντας,6592
σεξουαλικά,6589
τρέξει,6588
κλέψω,6588
Σίντνεϊ,6587
εμποδίζει,6584
κακού,6584
θυμάτων,6582
χορεύει,6581
παρακάτω,6580
Στήβεν,6579
νευρική,6578
καινούριος,6576
κουσες,6574
τόξο,6574
ρισκάρεις,6573
μοιραστώ,6573
μουστάκι,6570
οντισιόν,6569
ξύπνησες,6569
συμφωνήσει,6565
φίδια,6565
ρθω,6564
εναλλακτική,6562
εχθρού,6562
μπάσταρδοι,6557
επειδη,6556
διάφορες,6554
Ρας,6553
ευγνωμοσύνη,6551
χαλαρώσεις,6549
σκεφτόταν,6541
αναγνωρίσει,6541
επιχειρηματίας,6541
φοβισμένος,6540
γνωρίζοντας,6539
απαίσιος,6537
Μάλκολμ,6536
αγαπημένα,6532
ένοχη,6531
μπαμπα,6530
λόρδος,6530
τρελαίνομαι,6526
κερδίσαμε,6521
πίστα,6518
γερμανικά,6516
γελάει,6516
πέθανα,6516
άλμπουμ,6516
γιους,6514
ισόβια,6514
μάθατε,6513
μένετε,6513
πέταξαν,6512
μετάλλιο,6511
σχεδιάζεις,6510
έπαιρνες,6510
Πητ,6509
Τρέβορ,6508
κύτταρα,6508
ερωτική,6506
μπριζόλα,6506
Φράνκλιν,6504
ψεύτικα,6503
ρωτάτε,6502
κοιμόταν,6501
κοπάδι,6500
Κάλι,6500
μαζέψει,6499
κάπνισμα,6498
αρεσει,6494
Τόμυ,6493
επαγγελματικό,6492
εφυγε,6492
μπλεξίματα,6488
γοητεία,6488
προσφέρεις,6482
πλησιάσεις,6482
Τζάνετ,6479
προστατεύεις,6479
φράχτη,6479
βασιλική,6477
μπέικον,6477
άνθρωπε,6476
Ιουλίου,6476
αίτημα,6475
δοκίμασέ,6475
πράσινα,6474
νευρικό,6474
μίλησέ,6472
Σάντι,6470
διάβασμα,6470
ενήλικες,6468
πρόσφερε,6468
Τζόζεφ,6467
δολοφόνου,6467
ου,6466
μάρκα,6464
αντιθέτως,6463
πουλάκι,6461
φέρονται,6461
πάτησε,6459
ξαναπούμε,6456
μπερδεμένος,6455
ακολουθήσουν,6454
αγοράζει,6454
έξυπνα,6453
δεκάδες,6453
δεσποινίδα,6452
έναρξη,6450
εξωγήινοι,6450
κινείσαι,6449
κατουρήσω,6449
πατήσει,6449
συμπεριφέρεσαι,6449
σηκωθώ,6446
κόμη,6443
εποχές,6443
ευκολότερο,6442
μικρότερο,6441
σβήσε,6440
ετοιμάζεται,6440
κοιμηθούμε,6437
Αγγλίας,6436
θράσος,6435
μετάδοση,6434
οπου,6432
Κλάους,6430
ισχυρός,6429
δυσκολίες,6429
ντυμένος,6429
πηδήξει,6428
άνοιξα,6427
απάντησή,6427
αργήσουμε,6426
Πιρς,6426
παντελόνια,6426
Τσέις,6426
ειδοποίησε,6426
γιαγιάς,6425
Σάρον,6424
ταμείο,6423
Ντέινα,6423
αποτύχει,6423
ετοιμος,6419
ψάξουν,6419
μπάρμαν,6418
Κέλυ,6418
έσπασες,6418
γάμησέ,6418
ομολογήσω,6417
ξανάρθει,6416
έριξες,6414
δικαιολογίες,6412
υποψίες,6412
αριστερή,6408
αλήθειας,6408
ανοίγεις,6405
Μπέντζαμιν,6403
υγείαν,6403
αισθήματά,6403
μουσικής,6402
ράντσο,6401
ράδιο,6400
Βασίλης,6400
μαφία,6400
τοπικό,6398
ακούγονται,6395
πρέσβη,6395
επέζησε,6394
σκατό,6393
έτοιμες,6392
πολεμήσεις,6389
μπροστινή,6388
υποτροφία,6387
ρθουρ,6386
όσων,6386
φτάνουμε,6383
Σλόαν,6382
ονειρεύομαι,6381
έκοψα,6380
αυτοι,6380
έπαιξε,6377
φονιάς,6376
εκτόξευση,6376
ρωτήστε,6375
γαμιόλη,6374
προσφέρουμε,6373
φ,6372
καράβι,6370
παρόμοια,6369
εβραίοι,6366
αδελφού,6366
θέσω,6363
τραυματίστηκε,6359
προσέγγιση,6358
κατάστασης,6358
καταλαβαίνουμε,6357
πτυχίο,6357
ανησυχούν,6355
πλυντήριο,6353
θα'θελα,6352
σύντροφε,6352
Πατ,6351
ολους,6351
πραγμα,6350
πολεμήσει,6346
πιά,6346
ομήρους,6345
ανακαλύψεις,6344
λήψη,6342
προστατεύω,6342
ξεφορτωθούμε,6340
κούπα,6338
ρεπόρτερ,6335
πλάνο,6335
προλάβουμε,6334
ξεφορτωθείς,6333
σάκο,6332
Τζάκ,6332
προσεκτικοί,6332
άθλιο,6329
σκουπίδι,6328
τάση,6328
κοπέλας,6327
υπερβολικό,6326
ΜΜΕ,6325
οικογένειάς,6325
πίνουν,6324
Σκότι,6322
μαγαζιά,6317
Μίκι,6317
εκατομμυρίων,6314
Φύρερ,6314
ανεβείτε,6310
παρουσιάσω,6309
Μπερτ,6309
έληξε,6308
Ντέηβιντ,6307
μεταφοράς,6306
παρουσιάζει,6306
γυμνός,6305
αποβάθρα,6304
φύλλο,6304
σταθεί,6303
ειλικρινείς,6303
σφραγίδα,6303
γρασίδι,6302
δράκος,6296
ενωμένοι,6294
φόρους,6292
ένιωσες,6292
επιτεθούμε,6292
οποίου,6291
κοιτούσα,6291
επισήμως,6291
κάηκε,6289
μίας,6288
φαινόμενο,6287
αναστατωμένη,6286
ασχοληθώ,6284
εγκαίρως,6283
επιβίωση,6280
νότιο,6278
σπορ,6277
χάνουν,6277
αιμορραγεί,6276
έπαθα,6271
Λανς,6269
ανθρωποκτονία,6268
ανησύχησα,6265
ροή,6265
Χαντ,6261
κρατώ,6259
εραστής,6259
λαχανικά,6257
εννοούσες,6256
εντοπίσει,6253
καλύψω,6252
άσχημος,6252
ήρεμη,6251
έντεκα,6251
φιλιά,6251
μαγείας,6250
ότου,6250
πίστης,6247
χριστουγεννιάτικο,6247
Σόνια,6246
μυαλού,6245
διάσημη,6244
πάλη,6243
επικοινωνήσει,6239
επιμένω,6239
αθώους,6239
επιπέδου,6237
γαλοπούλα,6237
ησύχασε,6235
Μπέκετ,6234
πλανήτες,6234
ώμους,6233
λάμπα,6232
χρειαζόσουν,6225
γνώσεις,6225
χορέψω,6225
ξεχνάω,6225
σημασίας,6225
συναντήσουμε,6224
ακουμπάς,6223
καπετάνιο,6221
συμμετοχή,6220
ρισκάρουμε,6219
γαλλικό,6218
ζημιές,6218
Χάρισον,6216
παίζαμε,6216
κολύμπι,6215
πίστεψες,6211
χόμπι,6211
Ηρακλή,6210
σεις,6210
μιλήσατε,6209
Τζένη,6209
έβρισκε,6209
σεντόνια,6206
ήττα,6204
μαγική,6202
σώσουν,6200
βρικόλακας,6200
ρύζι,6198
παλι,6196
φεστιβάλ,6194
αναστατωμένος,6193
χαριτωμένος,6192
σώματα,6191
πιασες,6190
ρίξουν,6190
αναμφίβολα,6187
σχετικό,6187
Σων,6183
κεριά,6182
ζητήσουμε,6181
τραγουδάει,6179
συγχωρώ,6179
πέταξες,6178
γεννήτρια,6174
Λίαμ,6174
εκατοστά,6172
φυλακής,6172
φυλάει,6171
ψηλό,6171
διαβόλου,6168
νάτος,6167
λεσβία,6166
ερχονται,6165
Ράνταλ,6165
στάχτες,6165
γαμήσω,6165
απομακρυνθείτε,6165
τροχόσπιτο,6164
δωσε,6163
Φράνκ,6162
πρόβατα,6161
διεύθυνσή,6161
καμμία,6159
δυνατότητες,6158
συμφωνεί,6158
ηθελε,6157
Μπιγκ,6157
ακολούθα,6154
αποκτήσεις,6152
άλογό,6150
Μπρόντι,6149
χαμογέλα,6149
άνοιγμα,6149
αλήτης,6148
χι,6148
στενά,6146
Βικτόρια,6146
γράφουν,6143
φλόγα,6142
άκουγε,6139
Λέσλι,6137
άγιο,6137
φορώντας,6136
μόδα,6133
απ'αυτά,6132
Φορντ,6129
μικρού,6129
πληρώσετε,6128
ολόκληρος,6128
συλλάβουμε,6127
ανέβω,6126
βγάζουμε,6122
συναισθηματικά,6120
μπέρδεμα,6119
οδόν,6119
ενδιαφέροντα,6119
συμβούν,6118
συναισθηματική,6118
βρέθηκα,6117
ψιλά,6116
εσενα,6115
Αλεξάντερ,6114
ντα,6113
πουλήσουμε,6109
χαμηλό,6109
Κιτ,6107
φλας,6107
δεξαμενή,6107
κατέβει,6107
εισόδου,6104
συμπαθείς,6103
κυνηγήσω,6103
ξένη,6103
κόκαλα,6102
μεταφέρουν,6102
δάχτυλό,6101
περπατάει,6100
σωλήνες,6098
Σεπτεμβρίου,6097
αλληλογραφία,6091
φλόγες,6088
γαλήνη,6088
Πάμπλο,6087
Κάσι,6086
Μικ,6086
συγγενής,6085
φαΐ,6085
κομματάκια,6084
κερνάω,6084
Γάλλοι,6084
τηγανίτες,6083
Κιθ,6081
πηδάς,6081
δελτίο,6079
κούκλες,6079
Γκάμπριελ,6079
καθυστερήσει,6079
Αντόνιο,6078
φιλε,6078
πολιτείας,6078
οχήματα,6076
αποδείξουμε,6074
υποχρεωμένος,6074
Λέστερ,6072
θαυμαστής,6072
ελέγχουμε,6071
κόπηκε,6070
κανόνισα,6069
διάολος,6069
τουρνουά,6067
ευχαριστείς,6067
στείλετε,6067
κόντρα,6067
τσεκούρι,6066
διμοιρία,6066
πρότεινα,6066
βασική,6065
σταγόνα,6064
μπερδεμένη,6063
παρω,6063
αμερικάνικο,6061
Μεγκ,6060
βλεπω,6060
υπότιτλοι,6059
Χριστό,6058
συνειδητοποιείς,6058
συνεχίσετε,6058
πυροβολεί,6058
σταματήσαμε,6057
καθήστε,6057
δούλευες,6056
Γουόρεν,6055
επίδραση,6055
πρωτεύουσα,6055
πωλήσεις,6054
κατεβείτε,6054
μαλλί,6053
μι,6051
δραπέτευσε,6051
ρεπορτάζ,6050
κρίνεις,6050
θέλησή,6050
καταπληκτικός,6049
περιοδεία,6047
χρήσιμη,6046
απειλεί,6045
φίλων,6045
μητέρες,6044
έδειξα,6042
φράγμα,6038
αφήσατε,6038
προχωρήσω,6038
Κερτ,6037
εμεις,6037
κτιρίου,6037
τηλεφώνου,6036
να'μαι,6034
Γερμανούς,6033
υποχρέωση,6029
ηρθες,6027
σηκωθεί,6026
εγκεφαλικό,6026
πηδήξου,6024
προορισμό,6024
συμφωνίες,6023
απήγαγε,6022
Ωωω,6022
βάζετε,6022
Φιλαδέλφεια,6021
μεγαλώνουν,6021
Γουάλας,6020
αργοτερα,6016
πιλότο,6016
δολοφόνησε,6016
λαθος,6015
αρκετοί,6015
οποιος,6013
ένοιαζε,6013
χαλαρά,6011
γενική,6010
ευγένεια,6010
Άντζελα,6009
μπουμ,6008
κλείνεις,6007
τραβήξτε,6006
κέφι,6005
κράτησες,6003
ευλογεί,6001
Άμπι,5998
ειπες,5998
αντιμετωπίζουμε,5997
ζητούσα,5997
υπηρέτες,5996
απολύεσαι,5995
δικο,5993
χαρακτηριστικά,5993
αγελάδες,5992
αγαπη,5992
γυρίζουμε,5992
Ρόμπι,5992
εταιρίες,5990
όπλου,5989
αγωνία,5987
προστατέψεις,5985
Λίλυ,5985
σκάνδαλο,5984
κόκκινος,5983
έβγαζε,5982
πρότεινε,5980
δωσ,5979
τέταρτη,5979
σετ,5978
Τζούντι,5977
συνηθισμένα,5977
Βανέσα,5977
τ'όνομά,5975
αίσθημα,5970
εκατ,5967
γενικό,5967
κασέτες,5966
συμβαινει,5966
φυλής,5966
οργανισμό,5964
ποταμού,5963
άνθρακα,5962
σω,5961
φίλα,5960
δόντι,5960
περάσατε,5960
κριτική,5959
τραυματίες,5959
ηλεκτρική,5959
παραμύθια,5958
σουτιέν,5957
παραιτούμαι,5957
έβγαλαν,5956
συμπεριφοράς,5956
οποτε,5956
σιγουριά,5955
πατερα,5954
αντρες,5954
ονείρων,5954
πρακτική,5952
επιδόρπιο,5952
μεγαλώσεις,5951
εγκαταλείψει,5951
Μπένι,5950
καταλάβαμε,5949
προκαταβολή,5949
μαύροι,5946
κατόπιν,5945
άγγιξε,5944
μισούσα,5943
έδειξες,5943
βάζο,5941
φτιάχνουμε,5940
αποκτήσω,5940
βέβαιη,5939
μητερα,5939
παλιότερα,5937
Μίκυ,5937
Κάνσας,5936
στιγμη,5936
δικαστηρίου,5933
χαρώ,5932
πολιτικά,5931
μπούρδες,5930
φυσικα,5929
ευχές,5927
πόσων,5926
σιγά-σιγά,5926
αδερφής,5925
χαίρεται,5925
Χόλι,5925
νόμισμα,5925
επιστημονική,5923
ειλικρίνεια,5922
καλωσήρθες,5920
σκύλου,5920
πρωταθλητή,5918
χαλάσω,5917
απόδραση,5917
πολεμάς,5916
Κόλιν,5916
σουν,5914
γελοίος,5914
Έιντζελ,5913
άμυνας,5912
πάτσι,5910
φοβισμένη,5910
σύμβουλο,5909
φόρεσε,5907
κρυφτείς,5907
ετοιμοι,5907
επικοινωνίες,5904
αιωνιότητα,5904
αντρών,5903
ρόλος,5902
αισθάνεστε,5902
τυχαίο,5900
εξήγησε,5900
καλεσμένοι,5899
τηλεφωνείς,5899
όπερα,5894
τομάρι,5894
ομοσπονδιακοί,5892
ποιότητα,5892
Μπαντ,5891
αυριο,5891
μαύρους,5891
κινηθούμε,5891
χέσε,5890
μερίδιό,5889
αναγκάσεις,5889
Μπάρνι,5887
έστησε,5886
παίδες,5884
κατάλληλος,5881
Άννι,5881
αντιπρόεδρος,5881
επιτρέπεις,5877
κοκαΐνη,5877
ανθρωποι,5876
σκάστε,5876
πολιτικό,5875
ξένοι,5874
άγνωστη,5872
εξοχή,5872
τέλειωσαν,5872
πάγος,5870
Ναόμι,5869
σκοπευτής,5868
γνωρίζατε,5866
σκουλήκι,5865
ζητούν,5863
κόμης,5861
Μιγκέλ,5861
δήμαρχε,5859
πλαστικό,5859
Ντίλαν,5858
απόλαυσε,5857
έντονη,5857
γκολ,5856
νοσοκομεία,5856
Μπέτι,5854
περνάτε,5850
θυμώνεις,5849
πηδάει,5845
χαιρετίσματα,5844
θησαυρός,5842
πείραξε,5842
περίμενέ,5840
μηχανήματα,5839
μισός,5836
κατέληξα,5836
Κάντι,5836
ατάκα,5834
προφητεία,5833
κρεβάτια,5832
αμερικανική,5831
επικοινώνησε,5831
διαταραχή,5830
θυμόμαστε,5828
θεωρίες,5826
ανταμοιβή,5826
προσωρινά,5826
σύγχυση,5826
δοκιμάστε,5825
Νταϊάνα,5825
έντονα,5823
γάμησε,5823
λύσει,5821
επισκέπτη,5820
καταφέρνεις,5819
επέστρεψαν,5819
φλέβες,5819
συνθήκη,5818
υγρά,5818
παιδάκια,5818
σωτηρία,5817
σύγκριση,5815
καρτέλ,5814
λύσω,5812
Τζένα,5810
βασιλικό,5810
έφερνε,5809
σατανά,5809
θείου,5808
ιδιο,5806
Κρίστοφερ,5806
βρεί,5805
εξι,5805
ετοιμάσει,5805
στρατεύματα,5805
ποίηση,5804
παραμείνεις,5803
δικαιοδοσία,5803
Γουίλιαμς,5802
συλλάβετε,5801
Γουέλς,5800
προϊόντα,5800
έτη,5799
γελάω,5798
κήρυγμα,5798
πούλησες,5796
σόδα,5792
αρσενικό,5791
ψυχοπαθής,5791
σέξυ,5790
επένδυση,5790
χωριστούμε,5787
ολοκληρωθεί,5786
τρομακτική,5785
προέκυψε,5785
εκτιμούσα,5783
χωρίσουμε,5783
Αυστραλία,5782
εμπιστοσύνης,5782
χημικά,5779
πυρηνική,5777
Κόνι,5776
ηδη,5776
εύχεσαι,5775
Καρολάιν,5774
ευχαρίστησή,5774
αρρώστησε,5772
κρίσιμη,5772
κάτσει,5770
μπλέξεις,5768
γκρουπ,5765
ανθρωπότητας,5762
δίδυμα,5762
κρύβονται,5762
όση,5762
ρ,5761
τίτλος,5759
βαρετή,5756
γκρι,5755
περίμεναν,5754
χρυσά,5752
διώξω,5750
προγράμματος,5750
χαμηλή,5750
φοιτητές,5749
καθίσουμε,5748
Κρεγκ,5748
έζησα,5746
έπεισε,5745
λογαριασμός,5745
απέχει,5744
καταστροφής,5743
κοινωνίας,5743
Ιβάν,5743
ακούνε,5741
Γκέιλ,5740
προκαλούν,5740
βιάζομαι,5740
δολ,5737
παραμικρό,5736
επιχείρησης,5736
ανοίξουν,5733
υπουργέ,5732
γι'αυτήν,5731
μικρόφωνο,5729
βγήκαμε,5728
διώξει,5728
ξεπεράσω,5728
αγοράζεις,5728
Κένι,5727
φτιαγμένο,5726
ετοιμότητα,5725
υποψήφιος,5724
συνεχίζω,5724
Σολ,5724
χρειαστούν,5722
κλειστή,5722
αναίσθητος,5721
απάντησες,5720
οίκος,5720
Τάκερ,5719
Τόμσον,5719
Ρόζι,5718
σκάκι,5718
κρύψω,5718
δυσκολία,5717
αρνηθείς,5715
μπακ,5710
εμπειρίες,5709
Ρίκι,5708
χωράφια,5706
βόλτες,5705
αθώοι,5703
μοντέλα,5702
σηκώσεις,5701
αγαπήσει,5699
μοναστήρι,5699
εξακολουθώ,5696
στιλ,5696
σπασμένα,5696
νησιά,5696
ονειρευόμουν,5695
μερες,5694
ρίχνουν,5694
Ντόναλντ,5694
συνεχίζουν,5693
περιπολικό,5693
πρόλαβα,5691
πολλών,5690
σύνταγμα,5688
φώναζε,5688
σοφίτα,5688
πάπα,5687
προέρχονται,5687
βαλ,5687
τσεκάρω,5687
παρε,5683
ευαίσθητος,5683
συνεδρίαση,5682
φαινεται,5682
ξαναγίνει,5680
επέτρεψε,5680
οδήγησης,5677
επιδρομή,5676
κερδίζω,5676
πανοπλία,5676
ευχαριστεί,5673
ξύλα,5673
ηρεμήσει,5672
θυσίες,5672
εξαφανίζεται,5671
μάσκες,5671
σκορ,5671
χίλιες,5670
ήπιες,5670
Γκόθαμ,5669
σαπούνι,5669
αυτοπροσώπως,5668
πούστη,5667
κάλυψε,5665
Πάιπερ,5664
απουσία,5663
απ'αυτούς,5663
πόρους,5662
πετάξουν,5661
διαδικασίες,5661
όγκο,5661
δυνάμεων,5659
ζείτε,5658
Φοξ,5656
μπαλάκια,5656
λόρδε,5656
αργήσαμε,5655
τεχνικά,5655
ονόματά,5655
κυνηγοί,5655
Γουέντι,5654
τραγουδάς,5654
τζιπ,5654
έφταιγε,5652
διασκεδάζεις,5651
γιορτές,5650
ορισμένες,5650
πολη,5648
Ισραήλ,5646
αποδείχτηκε,5645
πραγμάτων,5644
ζώνες,5643
Χαβάη,5643
προσγείωση,5643
εφαρμογή,5642
κουρτίνες,5640
γυρίσαμε,5639
Σιάτλ,5638
ποινικό,5637
χαλάσεις,5636
φτιάξαμε,5636
ενδιέφερε,5635
αφησε,5634
φταίνε,5632
παλέψω,5631
μπάτλερ,5630
φρούριο,5630
ακολουθούμε,5629
σπάσουμε,5629
σταματάμε,5629
ερώτησή,5629
προσπάθειες,5629
καταυλισμό,5628
χαλάει,5628
συνδυασμό,5627
Σιμόν,5626
λειτουργίας,5625
κοιτάνε,5622
διάσημο,5622
παρακολουθούσε,5621
παίζεται,5621
χειριστεί,5620
αυτόματο,5620
εμπιστευτούμε,5616
περνούσα,5614
Κίρα,5613
πανέμορφα,5613
παλέψεις,5612
τένις,5610
φτάσετε,5610
Μπάντι,5608
αρχίδι,5607
απαιτώ,5606
ναυτικού,5605
κράτησέ,5605
αυτοκτονήσει,5605
αρχίστε,5605
μαρς,5604
τρόμου,5604
δοκιμές,5604
στείλαμε,5603
λύτρα,5603
τείχη,5601
χαιρόμαστε,5597
καθαρίζει,5596
Λόιντ,5595
γλώσσες,5593
κρατούσα,5593
Μάρτυ,5588
οξύ,5587
Μόρις,5587
αφορούν,5586
Καστλ,5585
οποίοι,5585
αστυνομική,5583
πατερας,5583
ιππότες,5581
ψάξαμε,5580
αντέχεις,5578
ανιχνευτές,5578
καβγά,5577
γενναίο,5576
περηφάνια,5574
πέφτεις,5572
ντουζίνα,5571
εντιμότατε,5571
ικανότητές,5569
παίξετε,5569
αληθινές,5567
μίνι,5566
δάση,5560
γύρισαν,5560
νομιζεις,5559
επείγουσα,5558
σκοτώσατε,5558
ναύαρχε,5557
νώτα,5557
καποια,5555
βραχιόλι,5555
έκλεισαν,5555
Ντομ,5555
μο,5554
σκουλήκια,5554
λαιμός,5551
αρνείσαι,5551
φρουρός,5550
ξεχνάμε,5547
έψαχνες,5546
πέθαινα,5546
καλύτερός,5545
θα'ταν,5545
λόγου,5543
κλέβουν,5542
δραστηριότητες,5541
ταυτότητες,5541
απογοητεύσω,5541
φοβόμαστε,5540
καποιον,5537
καραμπίνα,5537
επιστρέφουν,5536
σαφώς,5535
πειράξεις,5532
αεροσκάφος,5530
Μπλερ,5530
1η,5529
απαιτήσεις,5529
πρ,5528
φαντασίας,5528
κάτοικοι,5527
διαφωνώ,5527
αμερικάνος,5524
έιναι,5524
σβήσει,5524
ορισμένα,5523
Μάντισον,5522
δημοτικό,5522
τσάντες,5522
κατεβαίνει,5522
τραβήξουμε,5521
πουλάνε,5519
σιγουρα,5517
λύπη,5515
εραστές,5515
έμπνευση,5515
έντομα,5514
δυστυχία,5514
ιδιοφυΐα,5513
πολεμάμε,5512
τόνους,5512
καπέλα,5512
λάμπει,5510
παραδεχτείς,5509
εμπιστέψου,5503
ύλη,5503
φόνοι,5503
Έρικα,5503
Τσανγκ,5502
περιμένατε,5501
διδάξω,5501
συναδέλφους,5501
φυσιολογικός,5501
Τζέφρι,5500
εξετάσουμε,5499
έφτιαξαν,5497
περήφανοι,5496
ξέροντας,5493
εργάζομαι,5493
ανεξάρτητα,5493
Πόρτερ,5492
χέστηκα,5491
αγγίξω,5490
κόφ,5490
λλο,5490
όμηρο,5489
ξεπεράσουμε,5488
Τάι,5486
συνεχίσουν,5486
προσπαθούσες,5485
χαιρετισμούς,5485
έτρεχε,5483
Κάθι,5483
σταματα,5482
μπουνιά,5482
μπάλες,5481
σύνελθε,5481
πόσος,5480
Μαρτζ,5480
σφάλμα,5479
τελειώνω,5478
ρίξετε,5478
ηλίθιους,5477
ντο,5477
πιστευω,5477
σκοτώσαμε,5475
σπιτικό,5475
αποφεύγεις,5473
Νταϊάν,5469
Ηνωμένων,5469
Βοστώνη,5468
πάθω,5468
ΣτΜ,5467
πράματα,5467
γυμνό,5466
απογοήτευση,5466
αφήνοντας,5465
δομή,5465
φυσικής,5465
κρύψεις,5462
φανταστεί,5461
Σάντρα,5459
δυσκολεύομαι,5456
υπαλλήλους,5455
γιαυτό,5455
Έιπριλ,5455
σπιτάκι,5454
διαβεβαιώ,5453
λίγος,5453
προσωρινή,5453
χαμένοι,5452
συνοδεία,5451
νόμιμη,5450
πρώτου,5450
ξανακάνουμε,5449
παραγωγός,5449
νομίσματα,5447
παρέλαση,5445
μέτρων,5444
Μπάφυ,5444
επιτρέψει,5444
παραγωγής,5441
βεράντα,5441
αντίδοτο,5440
Κόνραντ,5440
χτυπήσουν,5438
προβλημα,5438
γινεται,5437
πιέζεις,5437
συνωμοσία,5437
τοίχος,5437
έκπληκτος,5436
στενό,5436
Ηρεμα,5435
τζαζ,5431
επαρχία,5430
Τζέρυ,5430
συνηθίσεις,5430
πατήσεις,5429
ψάχναμε,5428
συζύγους,5427
χουν,5426
σκηνικό,5425
άναψε,5423
παραδώσει,5423
εξωγήινους,5421
δέξου,5418
πληγωθεί,5417
ακτινοβολία,5416
τρις,5416
Γκάρετ,5415
πιάσατε,5415
αιτίας,5414
φαρμακείο,5414
εκτος,5414
εξωτερική,5414
φλιτζάνι,5413
αποκαλώ,5412
Σούζι,5412
γίναμε,5411
βρεθείς,5411
ποταμό,5410
Ντάγκλας,5409
εραστή,5409
επιβεβαίωσε,5408
ήλθατε,5408
πουλόβερ,5407
κοιτούσε,5407
ρι,5406
πρωθυπουργός,5405
σκοτώνουμε,5405
πύργος,5404
συνέλθει,5402
πλήρωσες,5402
Γιονγκ,5401
διάγνωση,5400
υπεύθυνοι,5400
κουβεντούλα,5400
υποστηρίζει,5399
αμερικανούς,5399
ανιχνευτή,5399
κουνηθεί,5398
περίσταση,5397
αποκαλεί,5397
ασκήσεις,5396
φάκελό,5395
μέταλλο,5394
τρομοκράτης,5393
καθήκοντα,5393
Μάνι,5390
ενώπιον,5390
ήσυχους,5387
αδύναμο,5386
γαλλική,5384
καλύτερή,5383
τεσσάρων,5383
υπόλοιπες,5381
ινδιάνοι,5379
Χουάν,5379
Άλι,5378
πετύχω,5378
βολικό,5378
πρόσβασης,5376
ημερών,5376
Σάσα,5376
λισον,5373
βασίλισσας,5371
Στέλλα,5371
ξεφύγουμε,5371
ερωτεύτηκα,5370
θέλημα,5370
αποικία,5369
νυχτερινή,5369
ψυχίατρος,5369
συμφωνείτε,5369
Φόστερ,5365
Μπέρνι,5365
Χέιστινγκς,5364
συσκευές,5364
ντριου,5362
θυμίζεις,5361
πο,5361
τσάμπα,5361
άκρα,5361
αστυφύλακα,5360
χάρες,5358
βούλωστο,5357
ζητάτε,5357
συρροή,5354
οδήγηση,5353
κόουτς,5353
νόμιζαν,5353
λάστιχα,5352
Χάντερ,5351
φτωχός,5349
ανιψιά,5348
δικαστά,5347
προτάσεις,5347
αλλάζω,5347
πυροβολήσουν,5345
βιασύνη,5345
αισθάνονται,5344
υψηλό,5344
εκδρομή,5344
αποφασίζει,5344
πέτυχες,5341
κοντινό,5340
μπαταρίες,5339
αρκετα,5339
μετέφερε,5338
γιοι,5338
Ρενέ,5338
ράμματα,5336
ελάχιστο,5334
γυρίζεις,5334
σωστές,5334
Γκάνταλφ,5334
διαπραγματεύσεις,5334
ζούσαν,5333
αρραβωνιαστικιά,5331
σύννεφο,5329
εφ,5329
συμφέρον,5327
ξεκινάς,5326
ξεχάσετε,5325
οφείλεται,5323
ξερει,5323
συνηθισμένος,5322
τρώτε,5321
πεζοδρόμιο,5321
κραγιόν,5318
διαθέσιμος,5318
δημοσιότητα,5318
σχετίζεται,5316
σκρόφα,5316
Ομάρ,5314
μουν,5313
μ'ακούς,5310
φίλησε,5308
μπελά,5307
γι'αυτούς,5304
καλεσμένος,5301
εντοπίσαμε,5300
επιπτώσεις,5300
μαύρες,5300
Ελλάδα,5298
πιάσετε,5298
εβδομάδας,5296
βάλατε,5296
μωρή,5296
καθηγήτρια,5296
χώσω,5295
πορτοκαλί,5295
χορέψεις,5294
δράκο,5293
παιχνιδάκι,5293
Ουόλτερ,5293
θυρίδα,5292
σκλάβος,5292
Άλμπερτ,5292
δέλτα,5292
πίνουμε,5291
ματια,5291
κρίσης,5291
διάσωση,5288
τηλεφωνεί,5286
βγάλαμε,5284
μενταγιόν,5284
χρησιμοποιήσουν,5283
ξεχνάτε,5283
παραιτηθώ,5282
επιθυμώ,5281
Αριζόνα,5281
πολίτη,5280
αποφύγουμε,5279
Ιάπωνες,5278
εύκολος,5277
επιστροφής,5277
έφταιγα,5277
μολύβι,5275
ειδών,5273
αρχικό,5272
μ'αυτόν,5272
ξαπλώσω,5272
φάγαμε,5271
Γκρίφιν,5271
Γιουν,5270
παρέχει,5270
διάβαζα,5269
πολύτιμη,5269
καροτσάκι,5267
κλείσ,5266
πηγάδι,5266
συνδυασμός,5265
πρόδωσες,5265
τηλεγράφημα,5264
άσχετα,5264
Λένι,5263
κάψει,5263
2ο,5263
επιταγές,5262
κάθεστε,5262
γωνιά,5261
ηγέτες,5261
επικοινωνήσουμε,5260
αφελής,5259
στοιχήματα,5259
βλεπεις,5258
μαλιστα,5258
ζωολογικό,5257
ξεράσω,5257
θήκη,5256
μαζέψτε,5256
εμφανίζονται,5256
αξιωματικοί,5256
κορόιδο,5255
όροφος,5255
καλής,5254
μεθόδους,5251
ιδανικό,5250
χτυπούσε,5249
πολιτειών,5249
υπαρχουν,5248
κατάλληλα,5248
μπογιά,5247
ξεχωριστά,5246
νομικά,5244
υποφέρεις,5244
κυνηγάμε,5244
νοιάζονται,5244
ρχισε,5244
διάσταση,5243
επιτροπής,5241
Ίθαν,5240
λογικός,5240
γλιτώσει,5237
εξαφανίσου,5236
γάντι,5235
Δία,5234
στεριά,5234
Ντόιλ,5233
ομοσπονδιακή,5232
εκπαίδευσης,5231
αχυρώνα,5231
αναγκαίο,5231
πετσέτες,5229
προκειμένου,5229
ηγέτη,5229
ξεπληρώσω,5227
ατσάλι,5226
αποφύγω,5226
τανκ,5224
καταφέρατε,5223
ιατρικά,5221
Ρούμπι,5220
υπο,5220
προήλθε,5220
φαγητού,5217
δούκα,5217
εμαθα,5217
ταβάνι,5217
Ελίφ,5215
ανόητοι,5215
ελπίζεις,5214
σχόλια,5213
θελήσεις,5213
φαν,5213
εκπλήσσει,5212
κοίταξες,5210
μαζέψεις,5210
εντόπισε,5208
παρακολουθούσα,5208
αναφέρουν,5205
αναθεματισμένο,5205
λυπαμαι,5204
Κέιλεμπ,5203
ακριβές,5203
Γκράχαμ,5202
εμποδίσει,5201
κλειδωμένο,5201
ιδιοκτήτες,5198
παρτίδα,5198
διάνοια,5197
έχανα,5197
άκρως,5196
κούνα,5194
Κλάιντ,5193
σηκώνει,5192
αληθινοί,5192
συναντηθεί,5191
προσωπικές,5191
έτρωγε,5191
ομοσπονδιακό,5190
ξεκίνησες,5188
μισούσε,5187
σιγουρέψου,5186
συγγραφέα,5186
καταλάβαινα,5184
αλλάξετε,5184
αρνηθεί,5182
κοιτάμε,5182
ειρηνικά,5181
απορώ,5181
πετάμε,5181
αίματα,5180
τυφλή,5180
ανάπαυση,5179
ελάφι,5179
προγράμματα,5178
κανάλια,5177
δίδαξε,5177
λύκοι,5176
ρίχνω,5175
πιείς,5175
καταρρεύσει,5175
τυφλά,5174
χωράφι,5173
παπά,5173
μαθευτεί,5172
μέλισσες,5171
συνείδησή,5170
καταλάβαινε,5169
σύντομο,5169
Μελ,5168
προκαλείς,5167
εισαγωγή,5166
τραγουδήσω,5165
γκαλερί,5164
νόμιμα,5163
Μπαρνς,5161
Λίζι,5161
γεμίζει,5161
κοιτά,5160
πιστέψουμε,5160
καρπό,5159
σέ,5158
επαναστάτες,5158
παράπονα,5156
απόσπασμα,5154
Λονδίνου,5154
ευγενής,5152
οράματα,5151
καταλήγει,5151
κάνανε,5147
συλλάβεις,5147
Χόλιγουντ,5146
οίκτο,5145
Ίζαμπελ,5145
ξενοδοχεία,5145
ζήσετε,5144
παλικάρι,5144
κόσμους,5144
τσακίσου,5144
παλεύω,5144
πρόστιμο,5142
παλεύεις,5141
γοητευτικός,5141
έπαιξα,5141
βιογραφικό,5140
ήπιε,5138
μάγκες,5138
Ορλεάνη,5137
εβραίους,5137
άχρηστη,5136
σκότωναν,5135
μοιραζόμαστε,5135
αποφύγεις,5134
Λάιλα,5133
πυρηνικά,5133
υψηλά,5132
ειδα,5131
έτρεξα,5131
ξαναπείς,5130
τράβηξα,5130
ελκυστική,5129
διαφημίσεις,5127
αμερικανικό,5126
αστραπή,5126
κόβεις,5125
υπουργό,5125
Ρώσους,5125
όφελος,5125
χάσουν,5125
χρησιμοποιήσετε,5123
χάμπουργκερ,5122
σκάσω,5121
χειριστείς,5120
απολαύστε,5120
καπνίζω,5120
Λόρεν,5120
Μπέλα,5119
παραδοθεί,5118
κλάψω,5116
άνθρωπός,5116
παραείναι,5116
παίξουν,5115
λιμουζίνα,5115
χωράει,5114
βιαστικά,5112
τρόμαξα,5111
επιτίθεται,5111
θεωρητικά,5110
Κογκρέσο,5110
παλιόφιλε,5109
ψηφοφορία,5109
μπλεγμένος,5109
δηλώσεις,5109
ερωτευτεί,5104
Κάλβιν,5103
οξυγόνου,5102
κρεββάτι,5102
Ντίξον,5102
συγχωρήσω,5102
αντιμετωπίζει,5101
καμπάνια,5100
τριαντάφυλλα,5098
κλείνουν,5097
χαλαρώστε,5097
συμπεριφέρεται,5097
αντ,5096
κουμπιά,5095
καιροί,5095
παραμένουν,5094
χώρισε,5094
Λόρενς,5093
τσίχλα,5093
καταρρέει,5093
χαλάς,5090
στεκόταν,5089
επέμενε,5088
δεκαετίες,5086
συγχωρέσεις,5084
οικογένειές,5084
εξωτερικών,5083
δράστη,5083
βαθμοί,5082
επιχείρησή,5082
μικρότερη,5082
περπάτα,5081
παρούσα,5080
πνευματική,5080
χάρτες,5079
άστον,5079
τ'αμάξι,5076
συνάντησες,5075
ώ,5075
πλούσιους,5075
κελάρι,5075
διευθυντά,5074
ημών,5071
αλεπού,5070
μετρήσω,5070
ξυπνάω,5070
δράμα,5070
Μπρέναν,5069
προχωρήσεις,5067
ακουσε,5067
Μονρό,5066
σμήναρχε,5065
καρχαρίες,5065
Ντέμπι,5064
Πένυ,5063
Γαλλίας,5062
Ακουσέ,5061
επιλέξει,5060
ντελ,5059
αγγίζει,5058
πόλο,5057
ανοίγουν,5055
αφου,5051
δορυφόρο,5051
μπολ,5051
λάπτοπ,5051
ικανοποιημένος,5050
τέσσερεις,5050
Ρεξ,5049
Τζόαν,5049
Ρώμης,5048
Πέιτον,5047
καλύτερό,5045
φορες,5043
γαμπρός,5043
κατηγορεί,5043
καρύδια,5043
ζητάνε,5043
γκάζι,5041
γι'αυτή,5041
σκόπευα,5041
Κούβα,5041
άλλαζε,5040
ναυτία,5037
αγαπημένε,5036
κουβαλάει,5035
μετανιώνω,5035
ψυχής,5035
προνόμιο,5035
μεγαλώσω,5034
εμπόρευμα,5033
αυτόματα,5032
χρυσού,5032
Αλεξ,5031
ποδοσφαίρου,5031
ανακαλύψουν,5029
πολιτισμό,5028
εγκατάσταση,5027
Πάρις,5027
Στέισι,5025
σκλάβοι,5024
φτηνό,5023
στρατιωτικός,5021
ρωτήσετε,5021
επέλεξα,5020
αντέξεις,5018
εγκληματία,5017
κύπελλο,5015
μπόουλινγκ,5015
ένστικτό,5015
κρατούμενος,5014
φαγητά,5013
έκτακτη,5013
κενά,5010
βολεύει,5009
μποξ,5009
αντρας,5008
αράπη,5008
Σούκι,5006
σοβαρές,5005
εξώφυλλο,5005
καταλάβαινες,5004
δέχτηκα,5004
ευθύνεται,5003
ενημέρωσέ,5002
ξεφεύγει,5001
προσφέρουν,5001
ιατροδικαστής,5001
διακόπτη,5001
διευθύνει,5000
σ'έναν,4999
λόφους,4999
τρελαίνει,4999
Σίτυ,4998
φτιαγμένος,4998
ανοίξετε,4997
κατανοώ,4997
ωρες,4996
θεών,4996
ρίζες,4995
πιστοποιητικό,4994
βαθμού,4994
κυνηγούσε,4994
επιτήρηση,4993
άποψή,4992
Σάλιβαν,4992
περιθώριο,4991
δίσκους,4989
απειλείς,4988
Πάτι,4987
ποπ,4986
Ομέρ,4985
πάλεψε,4984
Λάρυ,4984
κοσμο,4984
ασήμι,4982
σηκώσει,4980
μαρτίνι,4980
κρυψώνα,4979
ανέβεις,4978
δεκτή,4977
ατυχήματα,4976
καημένος,4974
πιάσ,4971
τζάμι,4970
κοιμόσουν,4970
τυχόν,4967
καλού,4967
συνειδητοποιήσει,4966
ενδιαφέρονται,4966
εξοχικό,4965
παρατήρηση,4965
παιδικά,4963
στρες,4963
τόσος,4962
ενόρκους,4961
ουλή,4960
αφεντικά,4960
σκαλιά,4960
επιθυμείτε,4959
φονικό,4959
Ντάλας,4958
τόπου,4958
ξεχωριστός,4956
ενοχλείς,4956
να'χει,4955
παπάς,4955
ανθρωπος,4955
πιάστηκε,4955
γερουσιαστά,4954
άγγελοι,4954
ντυμένη,4954
ανθρώπινης,4954
πολεμήσουν,4952
αναμονής,4952
Ρομπέν,4952
βέλη,4952
ανακαλύψαμε,4946
νόμοι,4945
σπαθιά,4945
Τζέην,4944
κοριό,4943
εκκένωση,4942
σχεδίασε,4940
αλήτες,4938
Γκιλ,4936
στό,4936
βασιλιάδες,4936
λόγοι,4935
φτωχό,4934
βοηθούσα,4934
νέων,4934
κοινού,4933
ρούμι,4932
Σίλβερ,4931
Ρίο,4930
μήν,4929
βλέπαμε,4929
σωματική,4928
αναγνώρισα,4927
απογοήτευσα,4927
Ντεμπ,4925
προσεχτικά,4924
συμφωνίας,4924
Χανς,4922
γαμημένοι,4920
παλιούς,4920
ξόδεψα,4919
αγοριού,4918
ελαφρά,4918
φωνάξεις,4916
Ντένι,4916
φορέσει,4916
θηρίο,4915
Άρη,4914
φορούσα,4914
ξαναπεί,4914
βιτρίνα,4913
γνωριστεί,4912
ζήσε,4911
λεπτα,4910
πιστωτικές,4909
κανόνια,4909
βρώμα,4907
μονος,4906
πωλητής,4905
κολλητέ,4904
Ρόκι,4902
Τζόνυ,4901
αλυσίδες,4900
οδού,4899
ζητούσε,4899
μορφές,4899
ανακάλυψες,4897
ματς,4894
διατροφή,4893
Κάμπελ,4892
Τζουλς,4892
αλτ,4891
πυροτεχνήματα,4889
νιώθουμε,4886
θηλυκό,4885
άδειες,4883
έριξαν,4882
στήσει,4882
φιλική,4880
εντοπίσω,4879
στόχοι,4879
τμήματα,4878
Χάρρυ,4877
οίκου,4876
ράφι,4876
Μονκ,4875
κλίμακα,4874
πλατφόρμα,4872
ασήμαντο,4872
ανακάλυψαν,4869
χάνεται,4869
Χαίρε,4868
έτρεξε,4867
λάβετε,4866
εξέγερση,4865
μάζα,4865
πάτησες,4864
ξαδέρφη,4864
χρειαζόμασταν,4862
κατοικία,4862
έδινες,4861
αράχνη,4861
κανενα,4861
κρατώντας,4860
πάρτη,4858
εντυπωσιακή,4856
δυστύχημα,4855
φτερό,4855
Έλενα,4855
διαφορετικούς,4854
μάγο,4852
λευκούς,4851
έφτιαχνε,4851
μόνιμη,4850
Σκασμός,4850
ηλιοβασίλεμα,4850
πέσουμε,4848
Ντάνιελς,4847
σημερινό,4846
καιρο,4845
Σαλ,4844
επικίνδυνοι,4843
φέρθηκα,4843
μπορέσαμε,4842
περπατήσεις,4842
παρει,4841
αγρότες,4840
διορθώσουμε,4839
άρθρα,4837
Μάρβιν,4837
ατόμων,4836
πάπας,4836
εγγόνια,4835
σκηνοθέτης,4834
βαριέμαι,4834
ιερή,4833
αυτους,4832
εσωτερικά,4831
ερωτευμένοι,4830
κόψτε,4829
συνεντεύξεις,4828
κόλασης,4827
Μελίσα,4827
στάχτη,4826
ευχαριστίες,4826
κρέμεται,4825
παράσιτα,4825
πέφτω,4824
νεράιδα,4824
συμπεριλαμβανομένου,4823
κυνηγήσουν,4822
παλιοί,4822
κοπεί,4822
λέγονται,4822
μέθοδο,4821
πτήσεις,4821
πυραύλους,4820
γυμναστική,4820
λάβεις,4820
απαντά,4820
θυμίσω,4820
μοτίβο,4818
δεξίωση,4818
φούστα,4817
σηκώθηκε,4817
γόνατο,4815
Νόλαν,4815
αρνητική,4815
σωματικά,4814
φοβίζει,4814
αναπνεύσω,4813
χορεύτρια,4812
υποδοχή,4812
θεώρησα,4810
παραιτήθηκε,4809
διεθνή,4809
μπορέσουν,4809
κινδύνους,4809
φιγούρα,4808
βεβαιώσου,4808
κανουν,4807
προσέχουν,4806
λίπος,4805
ονειρεύτηκα,4805
καταφέρνει,4805
Καμ,4800
φρέσκα,4800
εθελοντές,4800
χειροτερεύει,4799
λεπτάκι,4799
όλου,4799
θεωρείτε,4798
τουρίστες,4798
όψη,4796
αγαπάτε,4795
χορεύουν,4794
κλεμμένο,4794
επέτειο,4794
συνοδεύσω,4791
ντύσου,4791
Γουλφ,4790
Κάρμεν,4790
πρωτη,4788
απέτυχα,4787
λοχαγό,4786
παλέψουμε,4786
Γουάτσον,4785
αρκούδες,4785
γι'αυτά,4783
δικη,4783
συνεπώς,4783
έκπτωση,4782
Εντι,4782
μαλλον,4781
υπαστυνόμος,4781
ξυπνήστε,4781
παρατάω,4780
χαλασμένο,4780
σκοπεύει,4780
Σερίνα,4777
εγκέφαλό,4776
απασχολημένοι,4776
γιορτάζουμε,4774
τσι,4774
δημιουργήθηκε,4773
υποφέρουν,4772
θαυμαστές,4769
άκουσαν,4768
δεμένος,4767
ακτίνες,4767
σινιάλο,4766
φιλήσει,4765
αβγά,4765
εξετάσω,4764
σπέσιαλ,4764
κουνέλι,4764
λλωστε,4762
χαμπάρια,4762
διδάσκει,4761
έπαιζες,4760
ατυχία,4760
ενεργοποίηση,4760
εξυπνάκια,4759
κινέζοι,4759
ύποπτοι,4758
παντρεύομαι,4757
φτηνά,4757
φανερό,4757
συναντιόμαστε,4757
μ'αρέσουν,4757
σταθώ,4757
μάθαινε,4754
πειρασμό,4753
Έλι,4753
κατέρρευσε,4751
πνεύματος,4751
ινδιάνους,4750
διαμερίσματα,4749
τουφέκι,4748
κανόνι,4747
Οχάιο,4747
έτρωγα,4747
νεκρού,4747
βρώμικη,4746
αποφάσισαν,4746
ειρωνεία,4745
έντονο,4744
γύρισμα,4743
τελευταίας,4743
μικρούλη,4743
δίαιτα,4740
πιστοί,4740
Τζέημς,4739
γιλέκο,4738
βενζινάδικο,4738
απίστευτος,4738
Σίμσον,4738
γείτονα,4737
κόλλησα,4733
δικής,4733
κυνηγήσουμε,4732
τελειώσατε,4732
καθηγητές,4731
τραπεζαρία,4731
φου,4731
ξανάρθω,4730
διαφέρει,4730
αμεσως,4729
υποστεί,4729
ξεκινάω,4729
Τζόνας,4729
λούνα,4728
2η,4728
εγκαταλείψω,4728
τεράστιος,4727
στρατηγού,4727
άστρα,4727
έβγαινα,4727
δημοπρασία,4726
πολύπλοκο,4726
αντάρτες,4726
τρελές,4725
μακαρόνια,4723
κυκλοφορία,4723
χημεία,4722
αδύνατη,4722
δίσκος,4721
τάφος,4720
καιρούς,4720
βοηθούν,4719
καραντίνα,4717
δημοσιογράφοι,4717
πολιτικός,4716
Μπρούνο,4716
ηλίου,4713
λαμπρό,4712
πειθαρχία,4710
έλθει,4710
έπεφτε,4710
μαθαίνουν,4709
προσεκτική,4709
πάτησα,4708
ενημερώσει,4708
μπαλκόνι,4707
αποφασίσουμε,4707
καρέκλες,4706
συνομιλία,4705
αντιπροσωπεύει,4704
ευαίσθητη,4704
καλέσετε,4704
παντρεύεσαι,4704
κοριτσι,4704
κουζίνας,4704
έθνους,4702
αναπνέεις,4702
εγωιστής,4701
παρηγοριά,4701
χόρεψε,4700
Μπέτυ,4699
Ρόζα,4699
περπατάω,4698
Αλί,4696
καταλήξω,4696
ρομαντική,4696
φαί,4695
παραδώσεις,4695
διάβασέ,4694
Πέρι,4693
Μπέι,4693
εξοπλισμός,4692
καταλήγουν,4692
φωνής,4690
βρίσκαμε,4689
δείξετε,4689
ξεφορτώσου,4688
ένιωθες,4688
πάγου,4686
κατεβαίνω,4686
εξωγήινο,4686
άδικα,4686
μέτρηση,4684
ξαναδούμε,4681
Σάμιουελ,4680
προοπτική,4680
ανώτερο,4678
ψευδαίσθηση,4677
αποζημίωση,4677
περπατήσει,4677
τεκίλα,4676
πεινάει,4676
νικητή,4676
φθινόπωρο,4675
μήτρα,4675
Ραμόν,4674
ξεφύγουν,4674
τραπέζια,4674
προσπαθήσουν,4674
σκοτώνοντας,4673
μουσικό,4673
δικαιώματά,4673
αισθανθείς,4672
μαρτύρων,4671
αποκλειστική,4671
πληρώνουμε,4670
γενιές,4670
ποδιών,4668
αέρια,4668
δημοκρατίας,4666
οργανισμός,4666
λεπτή,4666
άκουγες,4665
προστατεύουν,4665
έκρυψε,4665
άγνωστος,4663
Α.Π,4663
σχολής,4663
πύραυλο,4662
μπράντι,4662
απεργία,4662
Μιχαήλ,4661
Λούι,4661
εξηγείται,4660
ανώτερη,4660
εντόπισα,4659
Αντρέ,4658
Μπέικερ,4657
καλαμπόκι,4657
μαριχουάνα,4657
συζητήσει,4657
πνίγηκε,4656
πλήρες,4656
καλως,4655
απολαμβάνω,4655
δύσκολος,4655
σκληροί,4653
ξανάρθεις,4650
Οκτωβρίου,4648
έδειξαν,4646
επιμένεις,4645
ακύρωσε,4645
θησαυροφυλάκιο,4643
σκέψης,4643
πέσαμε,4643
έμπλεξες,4643
κόψουν,4641
βοηθεια,4640
μελάνι,4640
μικρούλα,4636
κατέβηκε,4636
πρωτοβουλία,4636
Ελβετία,4636
σοφός,4635
σώζει,4635
ευχαριστιών,4634
φάλαινα,4632
εμφανίστηκαν,4632
ανίκανος,4631
χαμπάρι,4630
τηλεφωνικό,4630
Βρετανία,4630
εξήγησέ,4630
κύριέ,4629
επιτίθενται,4626
κόψιμο,4624
Βίκυ,4624
σελήνη,4623
φωνάξτε,4623
θυμός,4623
πνεύμονες,4623
ανατριχιαστικό,4622
ενημερώσουμε,4622
Γάλλος,4622
έκαψε,4621
καλούν,4621
κούρεμα,4621
βρεθούν,4621
αυθεντικό,4620
τούτο,4620
δεκανέα,4620
ξεκίνημα,4618
ινστιτούτο,4618
μήλα,4618
αντιμετωπίζεις,4617
εμπλέκεται,4617
πετρελαίου,4616
λύκο,4616
ανήσυχος,4616
κουτάβι,4615
κτήμα,4615
κρυώνω,4614
πιέζει,4613
αποκάλεσε,4610
τρομάξω,4610
αγοράζω,4610
κύλωνες,4609
πρότυπο,4609
κοριτσιών,4608
χεριού,4607
σπουδές,4606
ιατρικής,4605
ελαφρύ,4605
Ρέτζι,4604
δήλωσε,4604
αγ,4603
περίπατο,4603
πουτάνας,4602
Σονγκ,4599
περπατήσουμε,4599
Νάνσυ,4598
απίθανη,4597
ευαίσθητο,4596
σπαταλάς,4595
απέκτησε,4594
θυμόμουν,4594
αυστηρά,4594
νθρωποι,4594
απελπισμένος,4593
κουβά,4593
απεγνωσμένα,4592
φοράτε,4592
φτιάχτηκε,4591
κατέστρεψα,4591
χαρακτηριστικό,4591
Μπεκ,4591
κουφός,4591
υπέφερε,4590
ορό,4590
αερίου,4590
μηνες,4590
σταθείς,4590
ξαναπώ,4589
άντεχα,4588
ουράνιο,4588
σιγουρευτούμε,4587
καθίκια,4586
εκείνου,4585
φιλικό,4585
φαράγγι,4585
πληρώματος,4583
φτωχοί,4583
λαβή,4583
Γκάμπι,4582
κρύψου,4582
επιφυλακή,4582
Ιουνίου,4581
φιλοσοφία,4581
ρεύματος,4579
τρομάξει,4578
αντίληψη,4578
διπλανό,4578
ψυχίατρο,4577
στέλνουμε,4577
δοκιμάσετε,4576
άξιος,4575
εχασα,4575
κεφαλή,4575
ξεπέρασε,4573
βαρέλι,4571
δικού,4570
επιμένει,4570
καλλιτέχνες,4569
παλεύει,4569
προσδοκίες,4569
χρειαζεται,4568
βασίλισσά,4567
συνήθειες,4567
Ρίβερ,4567
Οζ,4567
κλασικό,4567
πουλάμε,4566
πήδημα,4566
Γκάρυ,4566
ιστό,4566
Μπρετ,4564
ανησυχίες,4564
αθλητικά,4562
Κρίστι,4562
πουκάμισό,4562
κερδίζουν,4561
πετύχουμε,4561
δημητριακά,4560
καταφέρουν,4559
τρόμαξε,4559
Ρόμαν,4559
Ρέηθ,4558
εξαιρετικός,4558
γείτονας,4558
Σίλα,4557
λύσε,4556
ενοχλήσω,4556
πρωινή,4553
βούλωσ,4552
ανιψιός,4552
έστελνε,4552
ετοιμάζει,4551
Λοκ,4551
ελικόπτερα,4551
βασίζομαι,4551
όραση,4551
νυφικό,4551
φυλές,4550
ταχύτητας,4549
καταστρέφεις,4548
Σιν,4547
πι,4547
σύμβολα,4546
φαξ,4545
λαμβάνει,4545
ικανοί,4544
πίεσης,4544
ιππότη,4544
συμφώνησα,4542
κρυφτεί,4542
κατέβεις,4541
κόκαλο,4540
μύγα,4539
ορφανοτροφείο,4539
ταξιδέψει,4539
διαθέσιμη,4538
συμβόλαια,4537
νούμερό,4537
ρόμπα,4536
αυτες,4536
μπορέσετε,4533
καλύπτω,4531
μισοί,4531
Ατλάντα,4531
τρια,4529
κραυγές,4529
επιστάτης,4529
χολ,4528
ΥΠΟΤΙΤΛΩΝ,4527
διαμάχη,4526
πολυτέλεια,4526
πυρκαγιά,4525
φώναξα,4525
ιδεα,4525
σύντροφοι,4525
έπαιξες,4522
έκλεισες,4520
έφτανε,4519
κοντα,4519
κιλό,4519
ίδιους,4517
εξαφανίζονται,4517
έκλαιγε,4517
τρέχουμε,4516
πληροφοριοδότης,4516
γοητευτική,4515
προσέλαβα,4514
αδελφής,4514
προσποιείσαι,4513
δέσμευση,4513
κάψουμε,4512
ετυμηγορία,4511
ανωμαλία,4511
προδότες,4510
παμπ,4509
κύκλωμα,4509
πιθανά,4509
παράκαμψη,4506
αεροπορία,4506
προετοιμασία,4505
βραδυ,4505
έπαυλη,4504
άφιξη,4504
ρωτούσα,4503
στε,4501
υποτιτλισμός,4501
μέγιστη,4501
ισχύος,4500
Ρίκο,4499
μοιραστείς,4499
ιερείς,4499
μιλούσαν,4498
Ντρέικ,4498
κάρο,4497
τίμια,4497
σχέσης,4496
αντι,4495
αγοράς,4494
φέρσου,4494
ανώτατο,4494
επιτρέπονται,4494
ενδεχόμενο,4493
βιαστείς,4492
έσπασαν,4492
συγχωρέσει,4492
πλησιάσω,4491
Μπιν,4490
αγχωμένος,4490
φτωχή,4490
τεχνικές,4490
κυκλοφορούν,4490
Μπέβερλι,4489
καραμέλες,4489
τηλεφώνησαν,4488
υπηρετώ,4488
κάποιας,4488
επιλέξεις,4488
Αλλάχ,4486
γύρος,4485
μήνας,4485
κατάθεσή,4483
πλούτη,4483
άνετο,4482
έλειψε,4481
παρατσούκλι,4480
μανιτάρια,4476
σ'το,4476
οπαδός,4475
χρησιμοποιήθηκε,4474
συνήθιζα,4474
Φοίνιξ,4474
διέφυγε,4474
οπλισμένος,4474
τρέξουμε,4473
σκλάβους,4473
Μέλανι,4472
θέσει,4472
μέθοδος,4470
άσχετο,4470
φιλοδώρημα,4470
όγκος,4469
εστιατόρια,4469
θανατική,4468
θετικά,4468
επι,4467
ανεχτώ,4466
δημοτικού,4465
μπόνους,4464
κόβω,4464
τέλους,4464
υπόγεια,4463
τινάξω,4462
διώξεις,4462
απόλαυση,4461
ονειρεύεσαι,4461
παίζοντας,4461
κινητήρα,4460
αγένεια,4460
χαρακτήρες,4459
παραμείνετε,4459
απολαύσεις,4458
χρησιμοποιείτε,4458
βασανιστήρια,4456
πηγαίνοντας,4456
Νάντια,4456
δούκας,4455
Ρότζερς,4455
απαραίτητη,4454
τέχνες,4454
συμμετέχω,4453
μαθητή,4452
πραγματικα,4451
επιλογής,4451
Κίτι,4451
αγαπητοί,4451
λυκείου,4450
θεση,4449
ξωτικά,4449
Τσαν,4449
λήξει,4448
σχολική,4444
δυτικό,4443
ζητήματα,4442
υπενθυμίσω,4441
ουρλιάζει,4441
5η,4441
μεγαλη,4440
πυρός,4439
γέννηση,4437
θάνατός,4436
σήραγγα,4435
μπερδεμένο,4435
παραδόσεις,4435
μυστήρια,4435
έδιναν,4434
χειριστούμε,4434
φτωχούς,4433
ψαλίδι,4432
αυτοάμυνα,4432
βράχια,4432
αμερικάνικη,4431
πανεπιστημίου,4430
κλείσαμε,4430
νοημοσύνη,4430
επιβίωσης,4429
ενθουσιασμό,4429
μαθήτρια,4428
απέναντί,4428
απαράδεκτο,4428
λεπτο,4427
χρονική,4426
κλίμα,4426
πατήσω,4426
σαμουράι,4424
κλέψουμε,4423
ρόπαλο,4423
διασταύρωση,4423
γυρνάει,4423
βούληση,4422
Κιντ,4422
δυναμικό,4419
πολεμιστή,4418
ανθρωποκτονιών,4418
καρπούς,4417
ελατε,4417
έδιωξαν,4416
έκοψαν,4415
ανάθεμά,4414
καθάρισμα,4414
αρχηγού,4414
Κόρα,4413
περιφέρεια,4413
φόρεμά,4413
έλειψα,4412
καριέρας,4412
καθαρίζω,4412
δα,4412
φρικτή,4410
σενιόρ,4409
κουνγκ,4409
θέσης,4408
μαγειρεύει,4408
γέννησε,4407
Λίνα,4406
επιστρέφεις,4406
πολεμική,4406
κραυγή,4404
Χάμιλτον,4404
Αίγυπτο,4404
μετρήσεις,4404
τρόμο,4404
βαγόνι,4403
σ'αυτήν,4401
ενημερώσεις,4401
μολυνθεί,4400
σώπα,4400
Κόντι,4400
νοσοκόμες,4399
διαλύσει,4399
ΑΚΟΗΣ,4399
γαμήσεις,4398
κατηγορούμενος,4397
σ'εμένα,4396
επιβιώσουμε,4396
κλάματα,4396
δόσεις,4396
σόλο,4395
Σέρμαν,4395
πλαστική,4395
Ραούλ,4394
Σποκ,4393
χελώνα,4392
λιώμα,4392
διασυνδέσεις,4391
αυτοκινητόδρομο,4390
έδιωξε,4390
μοναχικός,4389
διδάξει,4389
βοήθησαν,4389
Σάντυ,4388
χτυπάνε,4387
αγαπάνε,4387
Πράις,4383
έπινε,4380
δέστε,4380
ΜακΓκί,4380
στόλος,4380
έσβησε,4380
υπνάκο,4377
εξάμηνο,4377
κλέψουν,4375
χρησιμοποίησαν,4375
αγέλη,4375
πλήρωνε,4374
κέντρα,4373
θεώρησε,4373
αδίκημα,4373
ρολόγια,4372
καλείς,4371
ολομόναχος,4371
Τζου,4369
χειρονομία,4369
μια-δυο,4369
εδάφους,4368
αξίες,4368
Γκρέισον,4368
Αβραάμ,4368
τηλεφωνητή,4367
Τζονγκ,4367
πλάνα,4366
καλύψουμε,4366
Βοστόνη,4366
κυνηγάω,4366
υπέροχες,4366
χαρτοφύλακα,4364
χόμπιτ,4364
υπάλληλο,4363
πρόσεχέ,4361
μπίνγκο,4361
εργάζονται,4360
λάτρευε,4359
γι'αυτο,4357
ψήφο,4357
γλιτώσεις,4356
ψευδώνυμο,4356
μπέργκερ,4355
Σεν,4355
αυξάνεται,4354
ανέβασε,4354
γερό,4353
συμμορίες,4353
χοιρινό,4353
παράγει,4352
μαζεύει,4351
μπροστα,4350
αυτην,4349
θύματά,4347
περπάτημα,4346
σφυγμό,4346
λεν,4346
ακολούθησαν,4345
χερια,4345
κινέζικα,4344
Γκάι,4343
συστάσεις,4343
σέβεσαι,4341
γιόγκα,4341
χαρείς,4340
γραφή,4336
επιβεβαιώσει,4334
αντικαταστήσει,4333
Γκαλάκτικα,4333
αόρατος,4333
επισκεφτώ,4332
ύπνου,4332
μηχανικό,4331
κουνιέται,4331
προετοιμασμένος,4330
συναρπαστική,4330
πεντάγωνο,4330
απαγάγει,4330
Μπερνς,4329
πορτ,4329
αποψε,4328
μπροστινό,4328
μυρίζουν,4327
ξυπνάς,4327
ένοχο,4326
κρυφή,4325
αρχαίο,4324
λαμβάνετε,4324
δίνης,4323
ύψη,4321
οπλισμένοι,4321
νεφρό,4320
απ'όσο,4319
Βάιολετ,4319
Κλίνγκον,4318
διαγωνισμός,4318
ακουγόταν,4317
σκύψε,4316
όρισες,4316
φωτογράφος,4314
παραμείνω,4313
Σκάρλετ,4312
γαμήσει,4310
Χόλυγουντ,4309
Σίντι,4309
Απριλίου,4309
ερευνών,4307
Τάνια,4304
δημαρχείο,4304
σ'αυτά,4304
παντρευτήκαμε,4304
λυπημένος,4304
βιασμό,4303
χειροβομβίδα,4303
συγκεντρωθώ,4302
σακούλες,4302
γρίπη,4302
δεμένοι,4302
θανατηφόρα,4301
παγίδες,4301
κατέβασέ,4301
ξωτικό,4300
υποχρεώσεις,4300
πυρηνικό,4299
αναστάτωση,4299
μωρο,4299
πρότασή,4299
ταξιδιού,4298
Σαίξπηρ,4298
σκότους,4297
φονιά,4297
Τζόν,4296
εξακολουθείς,4295
ιππικό,4295
Βρετανοί,4294
κουβαλάω,4292
ηθελες,4291
διαφωνία,4291
γυναικείο,4289
μυστηριώδης,4289
κατάλαβαν,4288
συντρίμμια,4288
σχολικό,4288
εμπιστεύτηκα,4287
σέβονται,4287
μπας,4286
κήπος,4286
επαφής,4285
έκοψες,4284
πληγώσει,4284
Κέρι,4283
ψυχιατρική,4283
αναφέρεσαι,4282
διακόψω,4282
σαγόνι,4281
πολιτικές,4281
δημιουργήσω,4280
συμπόνια,4279
Καίσαρας,4278
απότομα,4278
στήθη,4278
δυστυχισμένη,4277
διώξουν,4276
παρανοϊκός,4275
καπάκι,4273
ωφελεί,4272
αξιωματικούς,4271
κοίταζε,4271
Τζε,4271
πρώτους,4270
ξαναπάω,4270
μηχανοστάσιο,4270
μαμάκα,4269
Τζόσουα,4269
νας,4268
θύμωσες,4268
ενοίκιο,4267
αεροπορική,4267
μαχητής,4266
περιπολία,4265
αρένα,4265
αστυνόμο,4265
πυρετός,4264
μύγες,4264
φυγε,4263
Φόρεστ,4263
παρατηρήσει,4263
αποκαλούμε,4262
μαλακά,4260
ήχους,4259
όλης,4258
άσχημες,4257
ένιωσε,4257
βίαιο,4256
διαλέγεις,4255
υπόπτους,4254
μεθαύριο,4254
υποσχεθεί,4253
θανάτους,4253
Κέννυ,4252
δάσους,4252
φιλοξενία,4252
ανέκαθεν,4250
κλείνουμε,4250
εργαστήρια,4250
χειροκρότημα,4249
προσωρινό,4249
Κολοράντο,4248
διαρκεί,4247
Ηρακλής,4247
ρίξ,4244
προσφορές,4244
πελατών,4244
κοστούμια,4244
δυσάρεστο,4244
προδώσει,4243
χωριού,4243
αποδείχθηκε,4241
χάκερ,4240
Περλ,4237
τροχαίο,4237
Ρούντι,4236
Ντόρις,4235
θεωρούσα,4235
καλύψεις,4235
υπογράψετε,4234
αργεί,4234
απογοητευμένος,4234
ικανότητά,4234
ρινγκ,4233
Λονγκ,4233
ναρκωτικό,4233
ορχήστρα,4231
γινόμουν,4231
συντ,4231
ελευθερώσω,4229
επιστρέψτε,4228
λογισμικό,4228
Τζάνις,4228
νεότερος,4227
πρόσφατη,4225
μαγνητική,4225
παθαίνει,4224
Άντυ,4224
περούκα,4224
φαντασίωση,4224
πόνου,4223
ψεύτικες,4223
Λίντσεϊ,4222
Μπρίτζετ,4222
καιρού,4222
παραιτηθείς,4222
αναγκάστηκα,4222
κίνησή,4221
ειδικοί,4221
τελοσπάντων,4221
σκάει,4221
συνεδρία,4220
λουκάνικα,4219
άνευ,4218
απογείωση,4218
καθίσετε,4216
γεύματα,4215
χαρα,4214
γέννα,4213
διέξοδος,4213
έρχονταν,4212
φοιτητής,4212
βουλώσεις,4212
βίαια,4211
διαρκέσει,4210
συνδέει,4210
προλάβει,4210
γκάνγκστερ,4208
μανιακός,4208
ακολουθούσε,4207
ακολουθήσετε,4207
μακιγιάζ,4207
τοίχοι,4207
έλειπες,4206
κιβώτιο,4205
πείσουμε,4204
αποδειχθεί,4204
Τζόρτζ,4203
δεμένη,4202
μαγειρεύω,4201
κόκκαλα,4201
υποσχεθώ,4201
ανέκδοτο,4200
πρίγκηπα,4200
πόρτας,4199
προσθέσω,4199
προσλάβει,4199
δωματιο,4199
προκαλώ,4198
προστατέψουμε,4197
ευχάριστα,4197
άχρηστα,4195
τυπική,4194
απ'έξω,4194
καταγγελία,4194
συναλλαγή,4194
βίαιος,4192
μακρινό,4190
εμφάνισή,4190
μηχανής,4189
προειδοποιήσει,4189
χτυπάω,4189
μυθιστόρημα,4189
γατούλα,4189
εμπόδια,4188
κυνηγά,4188
μεγέθους,4187
προτιμούσες,4186
μάθημά,4186
ευπρόσδεκτος,4186
ξενάγηση,4186
όρθια,4186
καταραμένος,4185
απομακρύνσου,4185
Μουρ,4185
δείχνετε,4185
Τσαντ,4184
Βίβιαν,4184
χαρούμενα,4184
εξουσίας,4184
τρένα,4183
Τζάσπερ,4183
επέλεξες,4183
αντίστροφη,4182
μαντέψτε,4181
πυξίδα,4181
πιστή,4180
γερμανός,4179
καλύψτε,4176
σαββατοκύριακα,4175
γνωστά,4175
βρέξει,4175
Βαλεντίνου,4174
μαγιό,4174
πούρο,4173
μεταφέρεις,4172
Μόλυ,4171
απαιτείται,4170
Στριτ,4170
ενημερώστε,4170
φόβους,4169
απολογηθώ,4169
θύελλα,4167
υποτιμάς,4167
έπινα,4166
κοιτάζουν,4166
μπάρμπεκιου,4166
άνοιξες,4165
διδάσκω,4165
ατόμου,4165
πανικός,4165
ελευθέρωσε,4164
λυθεί,4164
τελευταια,4162
αποτελεσματικό,4162
οικία,4162
Λάιονελ,4159
εντοπίσουν,4159
εγκυμοσύνη,4159
χειμώνας,4158
φρίκη,4158
αγάπησε,4157
καταλήξουμε,4156
πολιτών,4155
σύρμα,4155
Κολ,4155
ταξιδεύω,4155
Ηνωμένες,4155
ασφαλιστική,4154
υπόσχεσή,4153
παγωμένη,4152
κανονικός,4152
κανονισμούς,4151
υπάλληλοι,4151
υψηλοτάτη,4151
θανατηφόρο,4150
Νοεμβρίου,4150
μάγειρας,4150
αγοράζουν,4148
εγκεφαλική,4147
Σκόφιλντ,4146
εξαρτώνται,4146
4η,4145
κερδίσουν,4144
Γουώλτερ,4144
γκι,4143
ικανοποίηση,4143
Κένεντι,4143
δεμένα,4141
μαρίνα,4141
έμφραγμα,4140
άφηναν,4138
κεφαλιού,4138
κείμενο,4138
ύφασμα,4138
δείξουν,4138
συμφωνήσω,4137
διαφθορά,4137
αναλάβουμε,4136
Φρέιζερ,4134
Μπέκι,4134
σκοπεύετε,4133
Χασάν,4133
βαθιές,4132
νεκροψία,4132
ξυπνάει,4132
ψήφους,4131
περίπλοκη,4131
χάθηκες,4130
αντιδράσεις,4130
μεταλλικό,4130
ικανό,4129
μπισκότο,4129
ενεργοποίησε,4129
γεγονότων,4129
κρίσεις,4128
γενναιόδωρος,4126
ανθρώπινες,4125
έψαχναν,4125
αντιλαμβάνεσαι,4125
έξοχα,4124
θα'μαι,4124
Νόα,4123
εσωτερικών,4122
μούσκεμα,4122
συμπεράσματα,4121
αισθάνθηκα,4119
ηλεκτρονικά,4119
χορωδία,4119
δουλεύαμε,4119
μπανάνα,4116
ακουσες,4116
σημαντικότερο,4114
ενέργειες,4113
Δεκεμβρίου,4113
έμπλεξα,4112
βίασε,4112
αγνή,4112
συνοδός,4111
κρυφτούμε,4110
λοιπά,4109
σκούπα,4109
Μάικι,4108
μαγειρεύεις,4108
γράψουμε,4108
σκασε,4107
λείψω,4107
μεταφερθεί,4107
γνωρίζεστε,4106
καπνίζει,4106
πολέμησε,4106
αρτηρία,4105
Ντέιζι,4104
Ντόνοβαν,4104
αντίπαλο,4103
μεσιέ,4103
υποπλοίαρχε,4103
ρουτίνα,4103
σπονδυλική,4102
πυροβολισμός,4102
δωρεά,4102
επαγγελματικά,4101
λάκκο,4101
πλαίσιο,4100
Αμέλια,4099
κάψω,4099
δρομο,4099
επιστήμης,4099
Απάτσι,4098
πολέμους,4097
βούλωσε,4096
ερωτικό,4095
παραιτηθεί,4093
πονάνε,4093
πρόνοια,4093
προθεσμία,4092
αιδεσιμότατε,4092
νικητές,4089
περίεργες,4089
θυμηθεί,4089
μορφίνη,4089
απελευθέρωση,4088
τρελαθώ,4087
πληγωμένος,4087
δημιούργησα,4086
ξαπλώσεις,4084
φροντίστε,4084
κρυμμένα,4084
άνετος,4082
οπλο,4081
εντοπισμού,4081
ντογκ,4081
αστυνομικού,4081
πρόβες,4080
γάμους,4078
παρελθόντος,4078
δράκου,4078
εξετάσει,4078
μετακομίσω,4078
Ρώσος,4077
προσευχηθούμε,4076
κρύβομαι,4076
ληστείες,4075
άνθρωποί,4075
ηθοποιό,4074
δικαστήρια,4073
Μπάξτερ,4072
αλλάζουμε,4072
εξυπνάδα,4071
σύντροφος,4070
Ντανιέλ,4069
νυχτα,4069
αμφιβάλω,4068
έδρα,4067
πανδοχείο,4066
τσα,4066
Τάιμς,4065
αναπόφευκτο,4065
κεφάλαια,4065
γνωρίσουμε,4064
έμπλεξε,4063
κοιμηθείτε,4062
παγώσει,4062
μακρια,4061
τρομακτικά,4061
παζλ,4060
συνεργός,4060
νιώσε,4060
δίψα,4059
γουλιά,4059
μπλοκάρει,4059
μανία,4059
κλασική,4056
μάρκετ,4055
καταφέρετε,4053
δημιουργήσουμε,4053
κουλτούρα,4049
Άρι,4049
προχωράτε,4048
απατεώνες,4048
συνάδελφος,4048
ανώτερος,4048
γέροι,4047
κρίνει,4046
τιδήποτε,4046
σκοπούς,4045
φωτογραφική,4045
έπεισα,4045
έπεισες,4045
δεσμά,4044
χαμό,4044
έπαιρναν,4043
πόσον,4043
κούκλος,4043
ξεκινήσουν,4042
Χιλς,4042
Αυγούστου,4042
Ιερουσαλήμ,4042
διάλεξη,4041
Βραζιλία,4040
οποίων,4040
συνάντησης,4040
κότες,4039
ταλέντα,4039
συζήτησης,4038
ορυχεία,4038
φάρμακά,4037
βράχος,4036
γνωριστούμε,4036
Στέφανι,4036
Πακιστάν,4035
χειρουργική,4035
συγχωρήστε,4035
παραδώσουμε,4035
Όλι,4035
λατινικά,4034
απομένει,4034
καταστράφηκαν,4034
βουνού,4033
διαβάσετε,4033
βάθη,4032
δούλευαν,4031
δουλέψουν,4031
γενικός,4031
συνεργαστεί,4030
πρέσβης,4028
πακέτα,4026
έβγαζα,4026
οδηγήσουν,4026
πλοίαρχος,4026
σύστημά,4024
λυπημένη,4023
εξουσιοδότηση,4023
μείον,4020
κατέστρεψαν,4020
μηπως,4020
χαζομάρες,4019
ακυρώσω,4019
καταθέσω,4019
νίκησα,4018
κρατούμενοι,4016
δίκαια,4016
Έβανς,4015
διόρθωση,4014
σηκώνεται,4014
κανετε,4014
κατηγορίας,4011
άνοιξαν,4010
Πόλι,4009
ποιότητας,4009
κουραστεί,4007
προστατεύσεις,4006
πλάκες,4005
φυλάω,4005
γαρίδες,4005
ορκίστηκα,4005
ευγενείς,4005
προβολή,4005
οικονομικό,4005
τούτου,4004
Ρόμπινσον,4003
σταματούσε,4002
επειγόντως,3999
μετακόμισα,3999
εγκληματολογικό,3999
παλιο,3998
σκόπιμα,3998
σκότωνες,3998
Χοσέ,3997
κατάφερνα,3996
αδερφούλα,3995
χοντρά,3995
λύκους,3994
γάμησες,3993
πανικό,3993
αποτελούν,3993
πάρ'το,3992
γερουσία,3992
Πρέστον,3991
διαθεσιμότητα,3989
εκρήξεις,3989
προσευχήσου,3989
Μπρι,3989
απληστία,3988
Μπόμπ,3988
γυρίζουν,3988
μεταμόσχευση,3987
καταπακτή,3987
ήλθες,3986
τυφλό,3986
κοίταζα,3986
κίνημα,3986
τράβηξες,3985
κινηθεί,3985
εξωφρενικό,3985
ακτές,3984
Μπους,3984
θεραπείας,3984
λεμόνι,3984
φόρο,3983
Κρουζ,3982
Λέμον,3982
καρφιά,3982
Λούθορ,3981
ουρανού,3981
αρχίσετε,3981
αποφύγει,3981
νοιάζουν,3981
αυτόγραφο,3980
λεγεώνα,3980
ιδρώτα,3979
σ'αφήσω,3978
Πικάρντ,3978
Φλέτσερ,3977
παριστάνεις,3977
Γουόρφ,3977
ειρηνικό,3977
γραφειο,3976
αποδεικνύεται,3976
λυπάται,3974
διαθέσιμο,3974
Μπλου,3974
φορέματα,3973
συγχωρήσει,3972
εξωγήινος,3972
πεταλούδα,3972
οικονομικών,3972
μαζική,3972
Ζήνα,3972
τελευταίοι,3971
ουν,3970
περιεχόμενο,3970
μεγαλώνεις,3970
πύραυλος,3969
πιστεύαμε,3969
κομπλιμέντο,3969
φιλοδοξία,3968
ελέγξαμε,3968
ες,3968
σεβασμός,3968
κλείσιμο,3968
σέβεται,3968
κλικ,3968
ΑΠΟΔΟΣΗ,3967
απλές,3967
μόνιμα,3967
άουτ,3967
φέρομαι,3965
άλλης,3965
τίγρης,3965
πολιτικής,3964
μαζεύω,3962
τεχνών,3962
ξεκάθαρη,3961
κατοίκους,3961
ανάβει,3961
εγγονή,3961
κρύβουν,3961
γερμανικό,3960
3ο,3960
οικονομίες,3959
υπάρχεις,3959
μπορουσα,3958
δεχτούμε,3958
παρήγγειλα,3958
πρόοδος,3957
ανακωχή,3956
αγρόκτημα,3956
Έλβις,3953
φιλάς,3953
κρεμάσουν,3952
αναψυκτικό,3951
καθήκοντά,3950
χαζά,3950
φυλακισμένος,3950
παλιομαλάκα,3949
ξεφορτωθεί,3949
αποκαλύψει,3947
πιάτσα,3947
σβήσω,3946
υπέστη,3945
εθελοντικά,3945
επιζήσει,3944
βεβαιωθούμε,3943
Ουίλιαμ,3943
αρχόντισσα,3942
πανηγύρι,3942
πολιτικοί,3942
συμμορίας,3941
αρνητικά,3941
αρκουδάκι,3941
Τζέφερσον,3941
Άαρον,3940
θύμωσε,3940
Άρτι,3939
φανάρι,3939
γαμηθείτε,3939
λαμβάνουμε,3938
κεραυνός,3935
Μιν,3935
διαφημιστικό,3934
νομιζα,3934
έμενες,3934
φύγατε,3934
ρωτούσε,3934
μπλέξω,3933
ερωτήματα,3932
αντιδραστήρα,3932
Κάρλο,3932
αδελφοί,3932
έμπαινε,3931
ερήμου,3931
διασκεδάσεις,3930
εκτελεστής,3930
πυροβόλα,3929
βάρκες,3929
κλέβω,3929
Νόρμα,3929
Ντένβερ,3928
κάρφωσε,3927
μαντεύω,3926
πείρα,3925
λμπερτ,3925
εξηγείς,3924
Μαρτίου,3924
μονομαχία,3924
Δάφνη,3923
σύνθημα,3923
βασιλεία,3922
δημιουργούν,3922
δημόσιες,3921
επενδύσεις,3921
νερο,3920
υποχώρηση,3920
τραγουδίστρια,3920
ενήλικας,3920
πάνες,3919
άγγιγμα,3919
Τζαμάλ,3917
τρελάνει,3916
κείνον,3916
Νικίτα,3916
κρησφύγετο,3915
αποκτήσουμε,3915
Ρόμπερτς,3915
κατευθύνονται,3914
νίκησες,3914
μεγαλο,3913
αγρότης,3911
κλάμα,3910
υπογράψτε,3910
σκοπιά,3909
μέιλ,3909
αναφέρουμε,3908
ανατολικό,3908
λιγότερη,3908
ευχαριστημένη,3908
εμπιστεύονται,3908
μεγαλύτερους,3907
θλιβερή,3907
ναύαρχος,3906
κόπανε,3906
συγχωρήσεις,3905
αφοσίωσή,3905
Μπόιντ,3905
νάτο,3904
προχωράει,3904
κάπα,3904
σταματάω,3903
εγκαταλείψεις,3903
περιγράψω,3903
μουσικός,3902
σανίδα,3902
πολεμικό,3902
Γκο,3901
ομορφιάς,3900
αισθανόμουν,3900
συνεργαστείς,3899
ευγνώμονες,3899
κατηγορήσεις,3899
γνώριζαν,3898
βλεπόμαστε,3896
Όντρεϊ,3896
άρνηση,3894
κόλα,3894
πρόθυμοι,3894
συμβουλεύω,3893
υπηρεσιών,3892
κοριτσάκια,3891
άσπρα,3890
δίκαιος,3890
ηρεμιστικό,3888
κλεμμένα,3888
τακ,3888
συμπαθούν,3888
λογο,3887
εμβόλιο,3887
φρένα,3886
προτείνει,3886
πιεί,3886
κατούρημα,3886
κερδίσετε,3884
πίεσε,3884
μηχανισμό,3883
βίαιη,3883
Φορτ,3882
φτιαγμένη,3882
ελπίζει,3881
εμφανιστείς,3881
Τζούντιθ,3881
σκοπευτές,3881
πρεμιέρα,3881
λουκάνικο,3881
τοστ,3880
συνάδελφοι,3880
Ιράν,3880
Αννα,3879
διαδρόμου,3877
εντατική,3877
Ντέβον,3876
αναφέρατε,3875
διασκεδάζω,3875
ντόνατς,3875
κλείσετε,3874
κρατούμενο,3874
σταθμούς,3874
συλλήψεις,3874
χωριστά,3874
βάσεις,3874
κοιτάξετε,3874
επιβιώσεις,3873
Ρόρι,3872
φον,3872
απέτυχες,3872
Πένι,3872
απολαμβάνεις,3871
πανε,3871
σέρι,3871
ελέφαντα,3871
ειδοποίηση,3870
Κάλεν,3869
έγκυο,3869
σπάσουν,3869
Ιρλανδία,3867
σύνδεσμος,3867
ζούσαμε,3867
πρόσεχα,3866
Γουίνστον,3865
τελειώσετε,3864
αγαπητό,3863
δοκίμασες,3863
σώσετε,3862
βρετανική,3862
Μοντάνα,3861
ποιητής,3861
κοστίζουν,3860
ψηλή,3859
απάντησα,3857
κρυφτώ,3856
ομοφυλόφιλος,3856
μέγας,3855
πεθαίνουμε,3855
μεταφορικό,3855
αμφισβητείς,3854
ασταθής,3854
Τόκιο,3854
Έβελιν,3854
χώρου,3852
σιωπηλός,3852
χώρια,3852
μ'αυτά,3852
πλήρωμά,3852
πήδηξες,3850
άσπρη,3850
Φίλιπς,3850
ηγεσία,3849
προηγείται,3849
αναφέρετε,3849
σκεφτούν,3849
άγριος,3847
εκπρόσωπος,3846
πορείας,3846
λυπούμαστε,3845
Λούθερ,3845
θελήσει,3844
πρωι,3844
Έιβερι,3843
πυροβόλησέ,3842
παρατήρησες,3841
έβλεπαν,3841
πορτ-μπαγκάζ,3840
δαγκώσει,3839
αόρατο,3839
πλύνω,3838
ξεκινώντας,3838
εξαρχής,3837
χειρουργός,3837
ερθει,3837
3η,3836
συνέλαβε,3835
Φρέντυ,3835
Ντάριλ,3835
άργησε,3834
σταθμού,3834
αποτυχημένος,3833
άγγιξα,3833
περιστατικά,3833
σπας,3833
λιοντάρια,3832
συνοδό,3832
ανώμαλος,3831
κυβέρνησή,3831
μετράς,3831
λε,3830
ίδιου,3830
ννι,3830
σημαινει,3829
άκρες,3829
γεμίσω,3829
μαθαίνουμε,3828
άψογα,3828
δημοσίως,3827
δικαστές,3827
γύρους,3827
καημένε,3827
γκόμενο,3827
εξακολουθούν,3827
όρκους,3826
πληγώσεις,3825
φόρμουλα,3824
αυτοκτονήσω,3824
κοιτάζοντας,3824
κουκούλα,3823
δέσιμο,3822
προφυλακτικό,3821
χόκεϊ,3821
μικρής,3821
σύντροφο,3820
Λούσυ,3820
παρακολουθείτε,3820
χαμήλωσε,3817
τίμιος,3817
απολύσω,3815
συζητούσαμε,3815
διαφυγή,3814
καθίσει,3814
ακούν,3814
Τζέηκ,3814
καθοδόν,3813
ντζελα,3813
δειλοί,3812
ύπαρξή,3811
κούνια,3810
ύποπτη,3810
καρχαρίας,3810
ούρα,3809
άγγελο,3809
τραγουδήσει,3808
κολλητός,3808
αγαπήσεις,3808
βαριέσαι,3807
Βάλερι,3806
μαζευτείτε,3803
από'δώ,3803
βρεθώ,3801
σχεδιάζω,3799
συνάντησέ,3799
γονάτισε,3798
τρομοκρατία,3798
εποχών,3797
θείας,3796
βρικόλακα,3796
βαρετά,3795
αγγελία,3795
Μάρκος,3794
καλλιτέχνη,3794
νησιού,3794
Ασία,3793
ημασταν,3793
χειρίζεται,3792
πρόθυμη,3791
λήστεψαν,3791
μνήμες,3791
δαχτυλίδια,3791
χάνετε,3790
τακτοποιήσουμε,3790
νι,3789
λέγανε,3789
μαγειρέψω,3789
αεροσκάφη,3788
έλπιζα,3787
χρωστάμε,3786
αποκαλύψω,3786
καπνού,3785
αργή,3784
αποφασίζω,3784
ανιχνευτής,3783
Μάρσι,3782
φρικτά,3782
έπαθαν,3782
κρούσης,3782
πολιτισμού,3781
αλλόκοτο,3781
περίπτωσή,3781
ξεχάσατε,3781
μετράω,3780
τεράστιες,3780
πορτα,3779
σκούρα,3778
φορούσες,3777
τέλη,3776
Φιλίπ,3776
παραμείνουν,3776
ιατρικές,3775
εξελιχθεί,3775
προστατεύσουμε,3775
κατσίκα,3774
σπηλιές,3773
αυτοψία,3772
φτιαχτεί,3771
ντόνατ,3770
σχεδίασα,3769
εμπιστεύσου,3768
Αλάσκα,3768
ακολουθία,3767
ώθηση,3767
αναγνωρίζει,3766
απαγόρευση,3766
περιπέτειες,3766
μοιραστεί,3766
τέλειωσες,3765
σκουλαρίκια,3765
δουμε,3764
ελεγα,3763
έγραφα,3763
τρένου,3761
καλος,3761
υπονοείς,3761
αφοσιωμένος,3760
σκεφτόμουνα,3760
φίλησα,3760
παραγγείλω,3760
κολλημένος,3759
καταγραφή,3759
πυροσβεστική,3759
υγρασία,3759
αποτυπώματά,3758
εξομολόγηση,3758
Μπόρις,3758
χθές,3757
τηλεφωνήσουμε,3757
κοντεύει,3757
υπάρχω,3757
μεταφέρθηκε,3756
ντροπιαστικό,3756
καταδικάστηκε,3755
παρατήσουμε,3754
σχέσεων,3753
στιλέτο,3753
Τζώρτζ,3753
μπαμπάκας,3752
έκταση,3752
μάζεψα,3751
Ρετζίνα,3750
απαιτούν,3750
ώρας,3749
διψάω,3749
ασθένειες,3749
μαλλιών,3749
νομοσχέδιο,3749
γελάνε,3747
αγοράσουν,3747
αργό,3746
διαλέγω,3745
ξεκουραστώ,3744
πουτάνες,3743
σακίδιο,3743
βολές,3743
έντιμος,3743
συνηθίσω,3742
αξιολόγηση,3742
Ντρου,3739
άρρωστοι,3739
συνολικά,3739
σκεφτήκατε,3739
επιβεβαιώθηκε,3739
ολοκληρωτικά,3738
ήλθε,3737
επιδημία,3737
μοιάζουμε,3736
γυρεύοντας,3736
διαμονή,3736
βοηθάμε,3736
βον,3735
απαντήσετε,3734
περιστάσεις,3734
εγκρίνει,3733
εύσημα,3733
επισκέπτης,3732
Ρωμαίοι,3732
ασχοληθεί,3731
δοκιμάζεις,3731
πέμπτο,3731
έλξη,3731
μπαλέτο,3731
εισαγγελία,3730
ιδίως,3730
απλοί,3729
προσπαθούσαν,3729
άστρο,3729
κατάρρευση,3729
παρενέργειες,3729
αγοράσετε,3728
γονιός,3728
Έντγκαρ,3728
ξαναείδα,3725
διαίσθηση,3723
ορίζοντα,3723
ακυρώθηκε,3722
πρόλαβε,3722
λεωφορείου,3722
οικογενεια,3722
φρουρό,3722
εργαζόταν,3720
καρχαρία,3720
κοτόπουλα,3720
πέραν,3720
πάση,3718
αισθανθώ,3717
υπήρξα,3717
επιτρέψουμε,3716
βελτίωση,3716
ανα,3715
εγχειρίδιο,3715
Μπάρτον,3715
επισκεφτεί,3715
γεράκι,3715
σούσι,3714
ταξιδεύουν,3714
ρωτάνε,3714
Σέντραλ,3714
έτους,3714
ομοσπονδία,3713
κατάπιε,3713
απαλό,3711
ηθοποιοί,3711
Κέλερ,3711
Γιούρι,3710
μαντήλι,3710
υποστήριξης,3710
εξυπηρετήσω,3709
τρομοκρατική,3709
απέξω,3709
σπρέι,3707
απέλυσαν,3707
Ελεν,3706
πειράξω,3705
ανταποκρίνεται,3705
γεννήσει,3705
συναλλαγές,3705
λαρύγγι,3705
κρυμμένη,3704
μικρο,3703
ρίζα,3703
απέρριψε,3703
αστυνομια,3703
βράδι,3703
νιάτα,3702
Χέρμαν,3702
βαθειά,3702
ζωγράφος,3701
πανικού,3701
κλίση,3701
οδήγησαν,3700
ερευνούμε,3700
άθλημα,3699
θύμισε,3699
βεβαιωθείτε,3699
χτυπούν,3698
έθνη,3698
ληστής,3698
γυρνάω,3697
σπίρτα,3696
Κλάρκ,3696
εκπληκτικά,3695
Ντουάιτ,3695
τετοιο,3695
αδυναμίες,3694
τραβάω,3692
βαλε,3692
σταγόνες,3692
θελετε,3691
μωβ,3691
διακριτικά,3691
ιταλικά,3690
τρελούς,3690
θερμότητα,3690
επιτρέπουν,3689
γωνίες,3688
πολιτισμός,3688
όντας,3687
γνωρίσετε,3686
πεθαμένος,3686
κατεβάσω,3686
φανείς,3685
κρατούμενους,3684
αστρική,3684
βιολί,3683
Πόουπ,3683
διευθύνω,3683
γενετική,3682
κόμματος,3682
Πάσχα,3681
σήμανση,3681
κουνάς,3680
φίλης,3680
παλαβός,3680
αγαπημένους,3679
χείλος,3678
κινηματογράφο,3678
Σάιρους,3678
ιστορια,3677
καλυφθείτε,3677
δίνη,3677
ανέχομαι,3676
ευχαριστήσεις,3676
βλάψω,3676
Άντερσον,3676
δικαστική,3676
φιλίας,3675
σηκώνεις,3675
υπερήφανος,3675
λάβω,3674
χερι,3674
κλάψεις,3674
συγχώρα,3673
κωμωδία,3673
πρίγκηπας,3673
χαθήκαμε,3673
χαθούν,3672
ειδικών,3671
λλα,3671
βρεθήκαμε,3670
ψυχική,3670
Νηλ,3670
ειδάλλως,3670
βραβεία,3669
εδάφη,3669
Σρεκ,3669
λαμβάνοντας,3668
Νεβάδα,3668
ταραγμένος,3667
Φλιντ,3667
ναός,3666
ξερετε,3666
Λάρα,3666
χαλαρώσω,3665
ωκεανού,3664
μετράνε,3664
τραγουδήσεις,3663
Τάνερ,3663
προστάτης,3663
σπρώχνεις,3663
Στάρμπακ,3663
υπολογίζω,3662
στάθηκε,3662
έβρισκες,3662
πολιτικούς,3661
κανονίσεις,3661
Τσέστερ,3660
διέξοδο,3660
ιατροδικαστή,3659
Τζόνα,3659
καράτε,3659
Σαρπ,3658
ξεπέρασα,3658
μοναχικό,3658
βίλα,3656
Λόλα,3656
χάλασα,3654
Ντιτρόιτ,3654
υπόστεγο,3653
κάλεσέ,3653
ψυχολόγος,3653
Ντάναμ,3651
ελέγξετε,3651
φρικιά,3651
πιέσω,3650
αναγνωρίσεις,3650
αναμείνατε,3649
εξόδου,3648
εμπορίου,3648
κακώς,3648
ντυθώ,3647
λία,3646
Μάριον,3646
κλείστο,3646
Σανγκ,3645
πρώτων,3644
κοιμόμαστε,3643
Φροστ,3643
βρέθηκες,3642
κατώφλι,3641
ηρεμήσουμε,3641
συνεχή,3641
προσγείωσης,3640
σχεδιάζουν,3640
εννοω,3640
στέλεχος,3639
όλ,3639
ελευθερώσει,3639
αρραβωνιαστικός,3638
θα'σαι,3638
δεχτείτε,3637
δρομάκι,3637
αρχιφύλακας,3637
θυμήθηκες,3636
δέχτηκες,3636
χοτ,3635
Γκου,3635
παλιάς,3635
μπήκατε,3635
ολομόναχη,3634
ντόπιοι,3634
κάρμα,3634
Μπέντερ,3634
κλπ,3634
επιθεώρηση,3632
τρομερός,3631
επηρέασε,3630
ψυχολογία,3629
γερμανική,3627
Ισαάκ,3627
εξαφανιστείς,3627
παραμείνουμε,3627
χρησιμοποιήστε,3627
ανησυχούσε,3627
δίχτυ,3627
λογιστής,3627
προσπαθήσετε,3627
φιλάκι,3627
χάρισε,3626
στάβλο,3625
επιτυχίας,3624
προβάδισμα,3624
διοίκησης,3623
απώλειά,3623
βγαίναμε,3621
συμφωνούν,3621
έμπορο,3620
Σίμονς,3620
γνωριστήκατε,3620
δέχονται,3619
δικαιωμάτων,3619
τροφίμων,3618
ταξιδεύεις,3618
δεχτούν,3618
Χίρο,3617
φύλο,3616
προχθές,3616
λο,3616
δηλητηρίαση,3615
συγγραφείς,3615
τάσεις,3615
δραπετεύσει,3615
διάνα,3615
δίδα,3615
γυρεύει,3614
δέσε,3614
βρισκόμουν,3614
ανάψει,3613
αποσυρθεί,3613
εμφανιστούν,3612
αυτοκρατορίας,3612
Παρομοίως,3611
Τσεν,3611
ατζέντα,3611
σάρωση,3610
ρόδες,3608
στόχου,3608
βαρετός,3608
πεινασμένος,3608
λάβουμε,3608
νεαρά,3606
μαρμελάδα,3606
λειτουργίες,3605
έφαγαν,3605
Μάριο,3605
πισώπλατα,3604
παρέδωσε,3603
χρησιμοποιούσαν,3603
ελαφριά,3602
πρόσωπά,3602
πόστο,3602
ειδήσεων,3602
ειδοποιήσουμε,3601
παροχή,3601
δημοσιογράφους,3600
υπολογισμούς,3598
καταδίωξη,3598
ομελέτα,3598
εκτιμούμε,3598
μπ,3598
οδηγούσα,3597
σώστε,3597
καθυστερήσω,3595
σκοτωθώ,3594
ιερά,3594
τρέμει,3593
Φόρμαν,3593
φτυάρι,3593
κράτους,3593
Άνταμς,3592
παλέψει,3591
τηλεόρασης,3590
βασανίζει,3588
Φλιν,3587
καθολου,3587
ενδεχομένως,3587
κλωτσιά,3587
στόλου,3587
βασιλείου,3587
Κέιτλιν,3586
βάρδιες,3586
παγκόσμιος,3586
βίβλος,3585
βγεί,3584
εντοπίσεις,3584
ταμπέλα,3583
γιού,3582
πήδηξα,3581
αδύναμοι,3581
παντρευτείτε,3581
ήρεμοι,3581
Φαραώ,3581
αλλος,3580
Ντονγκ,3580
Τζίμ,3580
γράφεται,3579
αναγνωρίσω,3579
Μπιτς,3579
πολεμούν,3579
σκοτεινές,3578
ταραγμένη,3577
Μπόουνς,3577
αρκούν,3576
ανοιχτές,3576
πηγαίντε,3576
χρειάζονταν,3574
αντίθετη,3573
Μάιλο,3572
Σαούλ,3572
Αντζελες,3572
καριόλης,3571
καθημερινή,3571
ρισκάρει,3571
χάλασες,3570
χρηματοδότηση,3570
τρομακτικός,3569
παίρναμε,3569
μπου,3569
Σνόου,3568
δώσ'το,3568
μεσαίο,3568
Χιούγκο,3568
γεμάτες,3568
γλυκιέ,3567
πηδάλιο,3566
χωριά,3565
Τζάρεντ,3564
επιτρέπω,3564
γοητευτικό,3563
ειχες,3562
γκρεμό,3562
παγιδευμένος,3560
τζόγο,3560
παύση,3559
ελέγξουν,3559
σκλάβα,3559
βγαίνετε,3559
σκηνοθέτη,3558
εμφανίζεσαι,3558
διαστημικό,3556
Πόρτλαντ,3556
ενεργό,3555
απολύσεις,3554
πληθυσμό,3554
κόπος,3554
ενος,3553
περνούσαμε,3553
μπόρεσαν,3553
διαβατήρια,3553
προσφέρθηκε,3552
κατέχει,3552
ιδιωτικός,3552
Άλεν,3552
συλλυπητήρια,3552
κώλους,3552
πανεύκολο,3551
πομπό,3550
ανάψω,3549
Ρέινολντς,3549
ματιών,3548
προκάλεσες,3548
φρένο,3548
θάψω,3547
οδυνηρό,3547
αναχώρηση,3547
σιγουρος,3547
πρόβατο,3546
έφευγες,3546
πανούκλα,3545
Γκρέτσεν,3544
προβλήτα,3543
γούνα,3543
κόμικ,3543
διασκεδάζει,3543
κυνηγήσεις,3542
σεισμός,3542
αξονική,3541
υποθέσεων,3541
Κέλλυ,3540
τελεία,3540
κοινωνικές,3539
κέρατό,3539
εκτόξευσης,3539
ξεκινήσετε,3539
κουτάλι,3539
φτάνω,3538
δίνοντας,3538
Τζόις,3537
προνόμια,3537
γροθιές,3537
πλήγωσε,3536
κλαίνε,3536
Ιλάι,3535
πεδίου,3535
χαμογέλασε,3534
καταλαβαινω,3534
συγγνωμη,3533
αντισταθεί,3533
υγιές,3533
Κάθυ,3532
ρωτήσουν,3532
προβλέψει,3531
υποφέρω,3530
Χάντσον,3529
απογοητεύσεις,3528
ουρανούς,3528
εργάζεσαι,3528
ανάγκασαν,3528
αλεξίπτωτο,3527
βρωμιά,3527
συντρόφους,3527
ρητό,3526
επίθετο,3526
αετός,3525
εσωτερικές,3521
Λέξι,3520
αφεντικού,3520
ακολούθησες,3518
Έλληνες,3518
δωράκι,3517
Αϊνστάιν,3517
σπάνε,3517
Τέντυ,3517
ανησυχητικό,3517
Πιέρ,3517
Γκίλμπερτ,3516
στάλθηκε,3516
ωκεανός,3516
Μιλς,3515
κομητεία,3515
αγνοείς,3514
πραγματικοί,3514
κηδεμονία,3512
στρατιωτικές,3511
αγγέλους,3511
δείξ,3511
επιβεβαιώνει,3510
εγκλημάτων,3510
δειλέ,3509
ιταλικό,3509
ισχύς,3509
ρήγμα,3508
πάρτα,3508
υπέγραψα,3507
θάψουμε,3507
ηρθαν,3507
ρυθμός,3506
ποιές,3506
δικιο,3504
γενναιόδωρη,3504
Γουόρντ,3503
ανθρώπινου,3502
Ερικ,3501
σουμε,3501
αποψινό,3501
φαντασιώσεις,3500
μπάζα,3500
περα,3500
κάγκελα,3500
ιδια,3499
υποψία,3499
ασημένιο,3499
λεκάνη,3498
στείλ,3498
ψάξιμο,3498
Τσο,3497
πουλούσε,3496
αυτοκινητιστικό,3494
έπιανε,3493
φλέβα,3493
αντρα,3493
αναφέρθηκε,3493
κυβερνήσεις,3492
εγγονός,3491
ένοχοι,3491
πραγματικές,3490
αποκαλυφθεί,3490
όρθιοι,3489
συστατικά,3489
προλάβεις,3489
ουλές,3489
Γκίμπσον,3489
Άντριαν,3489
διαστάσεις,3489
Λουίς,3488
Λανγκ,3488
ασημένια,3488
συνάδελφο,3488
δίνεται,3487
ιν,3487
υπολείμματα,3487
τελετουργικό,3487
ξόρκια,3486
ταίριαζε,3486
καμαριέρα,3486
φιλικός,3485
Μαρσέλ,3484
παράνοια,3484
έφεση,3483
Έριν,3483
παρενόχληση,3483
ομολογήσει,3483
πάλης,3483
μύες,3482
σιρόπι,3482
Μπάρμπι,3482
φυγάς,3482
κάλεσμα,3482
ολόκληρες,3482
εξαφανιστώ,3481
αποφασισμένος,3481
διαβάστε,3481
μυς,3480
Μπαζ,3479
καταλήξαμε,3479
θεωρούμε,3479
αιχμαλώτους,3479
έκρηξης,3477
κείνο,3477
ντροπαλός,3477
σύλληψης,3476
μεγαλείο,3476
άμμος,3473
χαμογελάει,3473
διαλυθεί,3472
πυροβολήστε,3472
ομοσπονδιακός,3471
ξεκουραστείτε,3470
μικρούς,3470
πανιά,3469
ασυνήθιστη,3469
Μάικα,3469
ένωσης,3469
δυναμίτη,3468
πυροβολώ,3468
αργήσατε,3467
έφτιαχνα,3467
επισης,3467
διευθύνσεις,3467
Χέντερσον,3466
συντριβή,3466
δικαίωμά,3465
νομικό,3465
αρ,3464
αγγίζετε,3463
κατοικίδιο,3463
ζελέ,3462
κρύψουμε,3462
κολλητοί,3462
ελληνικά,3462
πατεράδες,3461
απεχθάνομαι,3461
θητεία,3460
παίχτης,3460
άριστα,3460
λιποθύμησε,3460
ουσίες,3459
Λιούις,3458
κρίνοντας,3458
γαμάς,3457
καποιο,3456
κάταγμα,3456
επενδυτές,3455
κρύβω,3455
τέχνασμα,3455
Τέρενς,3454
μανίκι,3453
ταυτότητας,3451
βάσης,3451
συμφέροντα,3451
αργός,3450
Βαλτιμόρη,3450
ξεκουραστεί,3449
αεροπλάνου,3449
βέβαιο,3447
πίνετε,3447
Αδάμ,3447
καμπάνα,3447
πειρατής,3446
ακεραιότητα,3446
τραγουδάω,3446
Τζέμα,3446
γίνονταν,3445
φέρθηκε,3445
απελπισμένη,3445
τζην,3445
το'χω,3444
έκλεβε,3444
λεμονάδα,3443
Ντέηβ,3443
παντρέψου,3443
τύχης,3443
διαπραγμάτευση,3443
ζηλεύει,3442
μέγα,3441
κυνήγησε,3441
οστών,3439
διεθνές,3439
ξαπλωμένος,3439
μηχανική,3439
ορφανά,3438
απορρίπτεται,3438
σώζεις,3438
ημερομηνίες,3437
κίνητρα,3436
ετοιμαζόμουν,3436
κοντός,3435
κόφτε,3434
απορία,3433
κολάρο,3433
νίκης,3430
κρακ,3428
ανταγωνισμό,3428
Παύσατε,3427
επιστημονικό,3427
ζεστός,3426
μ'έναν,3426
θάμνους,3426
σαχλαμάρες,3423
γέννησης,3423
ασχοληθούμε,3423
προφυλακτικά,3422
ανάμειξη,3422
αξιολύπητο,3421
ανάσες,3421
πολεμικές,3419
μάρκες,3419
τουαλέτας,3418
ξεκάθαρος,3418
βιαζόμαστε,3418
αγαπήσω,3418
ελπιζω,3417
φόβου,3417
φριχτό,3417
προσγειώθηκε,3415
ηλίθιες,3415
μαχητές,3414
αντίπαλος,3414
ξεγέλασε,3414
ψεύτες,3414
γαμήλιο,3414
ζήλια,3413
Χιουζ,3413
εξαφανιστούν,3413
λατρεύεις,3413
εαυτο,3411
έσπρωξε,3411
δικτύου,3411
ανοιχτός,3411
αντιλαμβάνομαι,3409
ξεκουμπίσου,3409
κακο,3409
ενέσεις,3409
νοιξέ,3409
φανταστικός,3408
μερικες,3408
σκάτωσα,3408
ατζέντης,3408
αρουραίος,3408
υποψηφιότητα,3408
βελόνες,3407
ομαδική,3407
ανέλαβα,3407
Ρωμαίος,3406
πρωτοσέλιδο,3405
λέγετε,3404
γαμπρό,3404
κλειδαριές,3404
Χάμοντ,3403
Βενετία,3401
διαθέτει,3401
διώξουμε,3400
λαθραία,3399
κατηγορήσει,3399
Μέιν,3399
πλάσματος,3398
πεζοναύτης,3398
Ρομπέρτο,3398
ξηρά,3398
παρότι,3397
γράψετε,3396
ουράνια,3395
έκτη,3395
μπλοκ,3395
σίδερο,3394
νικήσαμε,3393
προειδοποίησε,3393
καθαρίζεις,3393
κοιτώντας,3392
αγορές,3392
Κρος,3392
κελιά,3392
Γκέιτς,3391
μιλας,3391
Κάρτμαν,3391
έγκαιρα,3390
σκας,3390
Ντέσμοντ,3390
παράπονο,3390
στήσουμε,3390
πορτοκάλι,3389
εγκαύματα,3389
σωματοφύλακες,3388
καθαρίστε,3388
ερείπια,3387
παραδέχεσαι,3387
υπνοδωμάτιο,3386
τραγούδα,3386
Σκωτία,3386
Στάνλεϊ,3384
φρουράς,3384
σ'εσένα,3384
επεξεργασία,3383
αυστηρή,3383
πρακτορείο,3383
σώσαμε,3382
γυρνάμε,3382
καθιστά,3382
νηφάλιος,3382
διαβάζουν,3381
προκειται,3381
Βικτώρια,3381
απατεώνα,3381
σερβιτόρος,3380
φρόντιζε,3380
Φράι,3380
κινδυνεύουν,3379
πιέσεις,3379
εννοεις,3378
Σουνγκ,3378
άνετη,3378
μελωδία,3377
συνηθίζω,3376
βαλβίδα,3376
ρακούν,3376
λογαριασμοί,3375
κίνησης,3374
καταραμένοι,3373
θέματος,3373
καταστρέφουν,3373
τσέκαρε,3372
σκύλους,3372
Έζρα,3371
υπολογιστών,3370
Απόλλο,3370
ζωγραφιά,3370
ευγενικοί,3370
πμ,3368
κοντινή,3368
Κάμελοτ,3368
μάταια,3368
εφικτό,3367
φι,3367
σνακ,3367
γενναίοι,3366
καριόλα,3366
μυστηριώδη,3366
λφα,3365
προσλάβω,3364
επανάληψη,3364
φτιάξετε,3363
μετακομίσει,3363
φοράμε,3363
ευχόμουν,3362
ίνες,3362
συγκινητικό,3362
έβαζες,3362
χρησιμοποιούσα,3361
Γκάβιν,3361
επιθετική,3360
διέλυσε,3360
περιορισμό,3359
τέτοιοι,3359
δέρματος,3358
παρθένος,3358
Χιονάτη,3358
Καμίλ,3358
αιμορραγείς,3357
καυσίμων,3356
όμηροι,3356
πεισματάρης,3355
επιτρέψεις,3355
συνιστώ,3355
σεξουαλικό,3355
σοφό,3355
λόρδο,3354
ερμηνεία,3354
εξωτερικά,3354
σκοπευτή,3354
γεμάτοι,3354
τραυματιστεί,3353
φρικάρεις,3353
παράσιτο,3353
εκφράσω,3353
κόβουν,3353
ψυχολογικά,3353
λύθηκε,3353
ευτυχισμένα,3352
έλειπα,3352
ζητώντας,3351
επιχείρημα,3351
κατάληξη,3351
μεγάλωσαν,3350
Σπάικ,3350
τραυματισμένος,3349
νίντζα,3349
κάμπινγκ,3349
δώστου,3348
Καρολίνα,3348
διάβαζε,3348
έτρεχα,3347
επιστολές,3347
βασίζονται,3347
Ντάρεν,3346
τελειώνεις,3346
σοκολάτας,3345
τεχνητή,3345
δυστυχισμένος,3344
Άντζι,3344
σωτήρας,3344
φάλαινες,3342
ψίχουλα,3342
κοινός,3342
νυχτώσει,3342
φαντάζεστε,3341
αντλία,3341
Σέπερντ,3340
μετακινήσουμε,3339
ψυχρός,3339
κοράκι,3338
Νίκο,3338
ξαναγυρίσεις,3337
τομή,3336
μετακομίσουμε,3336
χώρισα,3336
μηχανισμός,3335
θεωρηθεί,3335
Έλσα,3335
τιμωρηθεί,3335
επιβεβαιώσω,3334
ργησες,3334
φαρμακευτική,3333
αποφασίσουν,3333
μισές,3333
απολύσουν,3332
συμφωνήσουμε,3332
κάπταιν,3332
κοινωνικής,3332
μαστουρωμένος,3332
πλειοψηφία,3331
πετούν,3331
καθαρίσουν,3330
προχωράς,3330
προφήτης,3330
πυραύλων,3329
υποστήριξή,3329
κυριαρχία,3329
ζάρια,3328
βαρέλια,3328
αρπάξει,3328
πλησιάσουμε,3327
ρεζίλι,3327
τοπικές,3327
ομορφη,3326
καθάρισα,3325
ερευνήσουμε,3325
σκύλες,3325
Τζανγκ,3325
μεγάλων,3325
ευγενή,3325
κεφαλι,3325
γινόμαστε,3325
έκρυβε,3324
πολύτιμα,3324
λέγεσαι,3324
μπορειτε,3324
παίκτη,3322
βάζοντας,3322
Γούντι,3322
μούσι,3322
απέκτησες,3322
Τζόρτζια,3322
ολόκληρα,3321
σπάσε,3321
μισθός,3321
αντέχουν,3321
σπόρους,3320
υγιή,3320
καθαριστήριο,3319
εξήντα,3319
φέρνουμε,3319
υπερωρίες,3318
τηλεφωνήστε,3318
αράχνες,3317
φερε,3316
διακόσμηση,3316
ανοικτή,3315
τζόκερ,3315
Άλφρεντ,3315
διαφεύγει,3314
μείωση,3313
στείλατε,3312
δολοφονήθηκαν,3312
ενοχλούν,3312
ηλιακό,3311
επιθετικός,3311
Μάθιους,3311
παίρνοντας,3311
αγαπούλα,3310
κακοποίηση,3310
γράφτηκε,3310
εξόδους,3310
συνάδελφός,3310
όροι,3309
τροπο,3308
γελάτε,3307
τσίλι,3306
άνεση,3306
σειράς,3304
εγκληματική,3304
δέσω,3303
μητρικό,3303
μιάμιση,3302
λινκ,3302
χειρότερες,3302
συγκεκριμένος,3301
απέλυσε,3301
οπλα,3301
φυγουμε,3300
ανεπάρκεια,3300
μαζεύεις,3300
νεφρά,3299
προτιμά,3299
παζάρι,3299
αγορι,3299
αρρωστημένο,3298
Μελίντα,3298
ομπρέλα,3297
ξαφνικό,3297
ερευνητής,3297
μοιάζετε,3297
αντισταθώ,3297
απόθεμα,3296
κατέληξες,3295
διαδικασίας,3295
προσπαθούσαμε,3295
φίλησες,3294
Ράικερ,3294
Πάουελ,3293
έμποροι,3292
σύμβουλε,3292
υπουργείου,3292
γυναικες,3291
Ατλαντίδα,3291
Μπάτερς,3290
Τζόελ,3290
όχθη,3289
κατηγόρησε,3289
προκάλεσα,3288
ανεξάρτητη,3288
αναρρωτήριο,3287
οπλοστάσιο,3287
Τζουνγκ,3287
δουλεύοντας,3286
ενεργοποιήθηκε,3286
πλησιάζω,3285
σηκώνεσαι,3284
υπόγραψε,3284
κινητού,3284
μάντρα,3284
σβέρκο,3283
εγκαίνια,3283
έκτρωση,3283
συνεργάζεται,3282
μελανιές,3282
Άρτσερ,3281
αμερικάνους,3281
ταίρι,3281
Χάρμπορ,3280
ετοιμάζω,3280
βλάπτει,3280
Ντενίζ,3279
σοκολάτες,3279
Λούκα,3279
Μορς,3279
ανθρωπους,3279
ηθοποιούς,3278
βρουμε,3277
ρίσκα,3277
συγκεκριμένες,3277
μεγαλώσαμε,3277
υποψιάζομαι,3276
συνδέσεις,3276
ψυχρό,3275
προχώρησε,3275
συμμετέχεις,3275
Φρέντερικ,3274
νάνος,3273
αντιο,3273
ζητήσουν,3273
καθυστερημένος,3273
θάψει,3273
Άντονι,3272
Ανδρομέδα,3272
μιλησω,3271
ξενώνα,3271
κλειδωμένα,3270
ραδιενέργεια,3270
υποδεικνύει,3270
ανοικτό,3270
λεία,3269
καθοδήγηση,3268
Γουόλς,3268
Τζαξ,3266
από'δω,3266
δεμένο,3265
φωνάξουμε,3263
βασικός,3263
διάσειση,3263
κρατούσαν,3263
λιώσει,3262
έστησαν,3262
ανάπτυξης,3262
σκοτώνονται,3261
Ριτς,3261
προσποιείται,3261
χες,3260
ερευνά,3260
ντόπιους,3260
ηξερε,3260
Λίλα,3260
εκπομπές,3260
υπεράνω,3258
ανόητα,3258
φορούν,3258
καλυτερο,3257
τρομάξεις,3257
γεννημένος,3257
Σάλυ,3257
μαρτυρία,3256
προσγειωθούμε,3255
εξαιρέσεις,3255
Άνι,3255
μαχαίρωσε,3255
διασκεδαστική,3254
Ράντυ,3254
Χόουπ,3254
φονιάδες,3254
μονη,3253
ξεκινούν,3253
χάθηκα,3252
παρεις,3251
Λόρελ,3251
γυρίσματα,3251
περπατάμε,3250
ρεσεψιόν,3249
δέμα,3249
σφηνάκια,3249
ξύλινο,3248
γάλλους,3248
αξιαγάπητη,3248
δίκης,3247
δισκοπότηρο,3247
μπαούλο,3247
ομορφούλα,3247
επέστρεφε,3247
αγχωμένη,3247
θάλαμος,3246
Τριπ,3246
φοιτήτρια,3245
απέκτησα,3245
νάρκη,3244
ετοιμαστώ,3244
ελάχιστη,3244
σέρβερ,3243
ακομη,3243
χειραψία,3242
μος,3242
δημάρχου,3242
κινέζος,3241
Πάικ,3240
ανεπίσημα,3240
φυγω,3240
κόμικς,3239
παγιδευμένοι,3239
προκύψει,3239
ξάδερφος,3239
καταγωγή,3238
εξωγήινη,3237
συμμάχους,3236
καυγάς,3235
απόγνωση,3235
αρνήθηκα,3235
κοινωνικά,3235
ειρωνικό,3234
ερωτεύτηκε,3234
αρχισε,3234
πιλότοι,3233
αλόγου,3233
ηφαίστειο,3232
διορθώσει,3231
πιάνουμε,3231
Χαρτ,3231
απ'ό,3230
κιβώτια,3230
επομένη,3230
αξιολύπητος,3230
αφτιά,3229
ελευθερώστε,3229
ευχαριστημένοι,3229
διαστήματος,3228
προτιμάτε,3228
Μπέιτς,3228
δανείστηκα,3226
ντυθείς,3226
σμόκιν,3226
φώναξες,3225
ηξερες,3225
έφερνα,3225
απολύσει,3224
ωρών,3224
ασφυξία,3224
κορη,3223
βαρύτητας,3222
φιλανθρωπία,3222
βουτιά,3222
πολεμάει,3221
κάδο,3221
τυπικό,3220
πάψει,3220
Μπάρυ,3219
ακίνητο,3219
Ρόλαντ,3219
γόνατά,3218
επικρατεί,3217
ξαναπές,3217
τοπίο,3217
έντομο,3216
ηθικής,3216
χορεύουμε,3216
αντιμετωπίζω,3215
κινδυνεύεις,3215
φιλος,3214
γραμμής,3214
χωλ,3214
σώζω,3214
σ'αυτούς,3213
αγωγό,3212
αναγκάζει,3211
ετικέτα,3210
ξάδερφός,3209
μετατρέψει,3209
ψυχρή,3209
δεδομένο,3208
μέναμε,3207
ονομάζω,3206
επιστρέψαμε,3206
προστάτη,3206
ωραίοι,3206
Λιτλ,3205
αδικία,3205
προκλήθηκε,3203
μετακομίσεις,3202
αρραβώνα,3202
στρατόπεδα,3201
υπεράσπισης,3201
μάπα,3201
Έλις,3200
περιουσίας,3200
πλοιο,3200
πεθανε,3200
παραιτήθηκα,3200
ξέσπασε,3198
μπερδευτεί,3197
τρίο,3197
πειράζεις,3196
γνωστοί,3195
έχτισε,3195
Βιέννη,3195
κάψουλα,3195
αναλαμβάνει,3194
ξαφνική,3193
ενοχλήσει,3193
ΥΟΡΚΗ,3193
αγοραστή,3193
εμπλακεί,3192
σπα,3192
λόχος,3192
κόκκαλο,3192
επισκευές,3191
εκπαιδευτεί,3191
σταθερός,3191
σκύλε,3191
νεαροί,3191
χώρους,3191
ανακοπή,3191
φροντίζουν,3190
Έλλα,3190
εντυπωσιάστηκα,3189
αγκαλιάσω,3189
εγκατέλειψες,3189
ξεπέρασες,3189
γουστάρουν,3189
πιαστεί,3188
πατατάκια,3187
πουτίγκα,3187
πλύση,3186
παραστάσεις,3186
τσούρμο,3186
καλεσμένο,3185
συγγενή,3185
ασπιρίνη,3185
ιεραρχία,3185
Άσλεϊ,3184
Στίβενς,3184
ομοιότητα,3184
Θορν,3183
ξαδέλφη,3182
ζητήσετε,3182
γράψιμο,3182
χώρισαν,3181
ποικιλία,3181
σεξουαλικές,3181
Κράιτον,3180
εισβολείς,3180
παλμό,3179
κουλουράκια,3178
Βίνι,3178
κινέζους,3178
πατήσαμε,3177
αιτήσεις,3177
Γουέσλι,3177
γαμωτο,3177
Τσέλσι,3176
περισσοτερο,3176
κάψτε,3175
εμφανίστηκες,3175
πένα,3175
χθεσινή,3174
γή,3174
Σκίνερ,3172
εκλιπαρώ,3172
παραδοσιακό,3172
συντήρηση,3172
κρυμμένος,3171
χτίστηκε,3171
ψυχρώ,3170
βραδιάς,3169
ρέει,3169
τικ,3168
τεχνικός,3168
περήφανο,3168
άγριοι,3167
υπηρέτη,3167
ετοιμάσουμε,3166
ανεβαίνουν,3166
ρόδα,3166
μπιπ,3166
ακουστικό,3165
τυπικά,3165
κάψεις,3165
σειρές,3164
συνειδητοποιώ,3163
βεβαια,3162
γραφτεί,3162
διέπραξε,3162
επαγγελματία,3161
αποτελείται,3161
γειτονιάς,3161
στεκόμουν,3161
τριγυρνάς,3160
επεσε,3160
ασφαλίστε,3159
Σάνον,3159
αδρεναλίνη,3159
προάστια,3159
δέχτηκαν,3159
επανέλθει,3158
υποστηρίζω,3158
Μπέν,3158
αδελφούς,3158
προσέξεις,3158
καουμπόι,3158
τοποθεσίες,3157
Λέικ,3156
εξερράγη,3156
σπίθα,3156
τσιμέντο,3154
αγγίζω,3153
κινούμαστε,3152
αμαξιού,3152
πλάγια,3152
ανοίγουμε,3151
βόμβας,3150
μαϊμούδες,3150
παιδία,3150
τυφώνα,3150
σατανάς,3150
Χέκτορ,3149
θραύσματα,3149
επιβιώσω,3149
φαινόμενα,3148
εγγραφή,3147
κοπάνα,3147
πνευμόνια,3146
αναγνώρισης,3146
διασκεδάσω,3146
Τζούλιετ,3145
Λώρενς,3145
συμμετέχει,3145
δυσκολότερο,3145
λαμπρή,3144
κατηγορούν,3143
κάλυψέ,3143
μαντάρα,3142
λιγότερες,3142
ελληνική,3142
μ'αγαπάς,3141
προτιμούν,3141
ξαναγυρίσω,3140
εκείνης,3139
συνέχιζε,3139
παρακολουθήσω,3139
φιλοδοξίες,3138
γλέντι,3138
Χάριετ,3138
παράλληλα,3138
συγκεντρωθείς,3138
φησα,3137
ηχογράφηση,3137
πούρα,3136
μελετήσει,3136
ασυλία,3135
κερδίζουμε,3135
εγκαταλείπεις,3135
θεατές,3134
ετοίμασα,3134
αναθεματισμένη,3133
γνωρίζαμε,3133
ψηλότερα,3133
Τερκ,3133
αλλιως,3133
Στίβι,3133
προσωπικός,3132
ανάγνωση,3132
βοηθούσες,3132
χρειαζομαι,3132
χούφτα,3131
Κλάρενς,3130
κορώνα,3130
φερθείς,3130
πρωτα,3129
φυγή,3129
Σόνι,3128
εβδομάδων,3128
συγκέντρωσης,3128
ελπίζαμε,3127
κυνηγούσαν,3126
πλήρωσαν,3126
Μαΐου,3126
τύφλα,3125
διαζυγίου,3125
αμνησία,3125
προσποιηθώ,3125
τρίγωνο,3124
ζυγίζει,3124
ζωγράφισε,3124
Ιζαμπέλ,3123
Κένεθ,3122
έστησες,3121
εχθρικό,3121
φεύγαμε,3121
νυχτερινό,3120
ρχοντας,3120
δημιουργηθεί,3120
μετάθεση,3120
δημοσιογράφο,3120
εμποδίσω,3120
οργάνων,3119
μπερ,3119
σουτ,3118
πηδάω,3117
επικίνδυνες,3117
νεκρος,3116
Τσόι,3116
δάνεια,3115
σερβίρω,3115
ευθείαν,3115
χιλιάδων,3115
ταινιών,3115
αναλαμβάνεις,3114
δεσμούς,3114
Κάι,3112
περιστέρι,3112
Φίλιξ,3112
Σπάιντερμαν,3111
Σπάροου,3111
ποσοστά,3111
βασίλειό,3111
μύριζε,3110
προσποιούμαι,3110
ακριβείς,3110
κέρατα,3110
τορπίλες,3109
κρυφτείτε,3108
λλαξε,3107
συχνότητες,3107
δολοφόνε,3107
Αντουάν,3106
γατάκι,3106
πολλαπλές,3106
ξαναπάει,3105
Σμιντ,3105
ορόφους,3105
ρχεται,3105
θεος,3104
Σαγίντ,3104
ελέφαντες,3103
πυροβολήσετε,3102
γαμηθεί,3102
μοίρας,3102
ενέκρινε,3101
εξήγησα,3101
σωματίδια,3101
φροντίσουν,3100
ημερα,3100
οκέι,3099
αναγνωρίζετε,3099
έφηβη,3099
μάγκας,3099
λευκού,3098
τελειωμένος,3097
θα'ρθει,3097
αποφασίσετε,3097
πλαστά,3096
φορείο,3095
οτί,3095
πίστωση,3095
άβολο,3095
σκεπή,3095
έφηβος,3094
στήν,3094
πεπεισμένος,3094
δήθεν,3092
αγώνων,3092
θέε,3092
Ρίτσμοντ,3092
απαγωγείς,3091
σκοτωθούν,3091
αισθανθεί,3091
ετοιμάζονται,3091
γελάσω,3091
οποίας,3090
σχοινιά,3090
πολύτιμος,3090
σταματάτε,3089
πλούτο,3089
δυσάρεστη,3089
παγκοσμίως,3089
Λιβ,3088
υποθήκη,3088
καπνίσω,3087
ψυχολόγο,3086
μυρμήγκια,3086
κλάπηκε,3085
ιδιοκτησίας,3085
πηγαίνατε,3085
καθίσματα,3085
επικοινωνήσεις,3084
θυμασαι,3084
χαζοί,3084
περιστέρια,3084
βουλή,3084
πυρήνας,3083
ξυπνήσουμε,3082
Χέιζ,3082
διεθνής,3081
Κουέντιν,3081
αναπτήρα,3079
μπουκιά,3078
κίτρινη,3077
Πολωνία,3077
κομμένο,3077
τετοια,3076
Άμπυ,3076
μαμάδες,3075
καρύδι,3075
καλύπτουν,3075
δούκισσα,3074
εφορία,3074
ασφάλειες,3073
μικρότερος,3071
έπαιζαν,3071
μάγουλο,3071
γούστα,3069
Βίκι,3069
τρελλός,3069
ρομαντικός,3068
πίνοντας,3068
όμηρος,3068
ένοιωσα,3068
άδειασε,3068
σύμμαχοι,3067
εμβέλειας,3066
άι,3066
σκατα,3066
επιλέξω,3066
φεγγαριού,3065
ασχολούνται,3065
διαλύθηκε,3065
ΟΗΕ,3065
αναρωτιέται,3065
ωραιο,3064
προκαλούσε,3064
σκοτεινός,3063
δίωξης,3063
αμύνης,3063
μνηστή,3062
υπερασπιστώ,3062
καρφίτσα,3062
ρχοντά,3062
διαόλου,3062
τριαντάφυλλο,3061
χτίσει,3060
εμπιστευόμαστε,3060
Άλεκ,3060
διαλύσω,3060
κοκκινομάλλα,3060
μαργαριτάρι,3059
Μίλτον,3059
Μέρντοκ,3059
τύχει,3059
αγαθά,3058
μαγειρική,3058
σβήσεις,3058
πρεζόνι,3057
καραμέλα,3057
απορίες,3057
Φιτζ,3056
αποκάλυψε,3055
γκρίνια,3055
ειδικότητα,3055
παθαίνεις,3055
χριστιανός,3055
οσα,3054
θεμα,3052
πληγώνει,3052
ορμόνες,3052
φαγούρα,3052
γυμνασίου,3052
δεσμός,3051
προορισμός,3051
σκοτωθούμε,3050
ατυχήματος,3049
δαγκώνει,3049
αφίσα,3049
λεσβίες,3049
τιμήν,3049
κοινωνικό,3049
ξεριζώσω,3047
έκρυψα,3047
μαρτύριο,3046
αγγελιοφόρος,3046
χαρτονομίσματα,3045
κληρονόμος,3045
μώλωπες,3045
αποφοίτηση,3044
Ντάμπλντορ,3044
πλήγωσα,3044
Νώε,3044
μοιράζονται,3044
ολοκληρώσει,3043
φώς,3043
εγκρίνω,3043
χρήσης,3043
Εμίλ,3043
χωρίζει,3042
καπου,3042
νεκρές,3042
θυμώσεις,3040
χτίσουμε,3040
δημιουργός,3040
Έρνι,3039
Σάουθ,3039
γινόσουν,3038
βάσανα,3038
ζούσες,3038
γύρα,3038
εντόπισαν,3038
σμηναγέ,3038
ηλεκτρονικό,3037
κουβέρτες,3037
διαπράξει,3037
ρώτησαν,3035
μυστικότητα,3035
αποθέματα,3035
1ο,3035
Μαρίσα,3035
φοβόσουν,3035
υποστηρίξει,3034
γύριζε,3034
θεραπεύσει,3034
ευημερία,3034
Ιανουαρίου,3033
αχούρι,3033
αντιπερισπασμό,3032
εντοπίστηκε,3032
γαμημένες,3032
Τζουλιέτ,3030
Τόρες,3030
24ωρο,3029
υποστηρίζουν,3028
γλιτώσω,3028
συγκάτοικος,3028
φοβήθηκε,3028
καθολική,3028
υπότιτλου,3027
ρη,3026
ακατάλληλη,3026
ελεύθερους,3026
εκτεθεί,3025
περιστασιακά,3025
συμπεριφέρονται,3025
συγχαρώ,3025
εξηγήσετε,3025
πρωτοχρονιά,3025
Τζέραλντ,3024
ανωμαλίες,3024
δημιουργήσεις,3023
φιλάρα,3023
απ'αυτόν,3022
πατρός,3021
εγγονό,3021
τραγουδιστής,3020
κυνηγούς,3020
ανάπνευσε,3020
επιστημονικά,3020
Φρανσουά,3019
ράγκμπι,3019
καρδια,3019
αξιωματικέ,3019
φρόνιμα,3018
τρώγαμε,3018
Αφροδίτη,3018
Νίξον,3018
καυγάδες,3017
Νάιλς,3017
ειδικούς,3017
χαιρετώ,3017
Γουές,3016
θανάσιμο,3016
προμήθεια,3016
επίμονα,3015
καρότσι,3015
Κάτια,3015
διακίνηση,3015
απόρρητη,3014
γενιάς,3014
φώναζαν,3014
μοντέρνα,3014
Ελέιν,3014
σπασμένη,3013
φτάσατε,3013
ινδιάνος,3013
δημιούργησες,3013
τροχό,3012
μάταιο,3012
σπάσιμο,3012
τυπος,3011
αναμενόμενο,3011
Ράγκναρ,3011
τρέμω,3010
έλαβες,3010
κατάσκοποι,3009
Ιντιάνα,3009
αλλάξαμε,3009
ανατινάξουμε,3008
μέλλοντος,3007
ασύρματος,3007
εκθέσεις,3007
ισχύουν,3007
μαζορέτα,3006
πρίζα,3006
Ντάλτον,3005
κόσμημα,3005
μαθήματά,3005
μνημείο,3005
ζαμπόν,3005
απελπισία,3004
νυχτερίδα,3004
παθαίνουν,3003
ένοπλη,3002
εκδικηθεί,3001
σχεδίαζε,3000
διαγώνισμα,3000
καλέσουν,3000
μπριζόλες,2999
δημιούργησαν,2999
ελαφρώς,2999
πάνω-κάτω,2998
Σονγκόκου,2998
ατομική,2997
ισχυρά,2997
παντρευτούν,2997
ημερολόγιό,2996
συναντάς,2996
χρηματιστήριο,2996
εθελοντής,2995
κρατούσες,2995
κατάμουτρα,2995
καλόγρια,2995
συναντώ,2995
παράβαση,2994
σχηματισμό,2993
αντιδρά,2993
αμαξι,2993
περιττό,2993
μεθύσι,2993
διάφορους,2992
ενήμερο,2992
ευκαιρια,2992
Λήο,2991
έκρυψες,2990
Κρέιμερ,2990
μέλισσα,2990
Πάτερσον,2989
τρελαίνεται,2988
αδελφούλα,2988
πλωτάρχη,2988
ντοκιμαντέρ,2988
παραπέρα,2987
πληροφοριοδότη,2987
δεκαετίας,2987
φυλλάδια,2986
εξηγήσουμε,2986
κάλυμμα,2985
καίνε,2985
απολαύσω,2985
ποιούς,2985
κοινότητας,2985
πνιγεί,2985
καθρέφτης,2984
πάψεις,2984
στεναχωριέσαι,2983
ομόλογα,2983
ολοταχώς,2982
μεγαλώσουν,2982
σβήστε,2981
Έστερ,2981
γκέτο,2981
διάσημοι,2980
τηλεφωνούσα,2980
παραδόθηκε,2979
δεχθεί,2979
βίζα,2979
ερωτικά,2979
κλειδώστε,2979
Χόλυ,2978
αρμονία,2978
ενοχλητική,2978
καμπάνες,2977
μ'αφήσεις,2977
υπερηφάνεια,2977
ρούφα,2976
κεραία,2976
Μαδρίτη,2976
Ντουέιν,2976
Αλίκη,2976
προετοιμασμένοι,2975
λαγουδάκι,2975
προοπτικές,2974
εφόδια,2974
Σάμερ,2973
να'μαστε,2973
προηγούμενες,2973
πουλήθηκε,2973
Μπριγκς,2973
αμερικανίδα,2972
σκοτωσε,2972
αλλεργικός,2971
φυσικός,2970
μπλέκεις,2970
τάφους,2969
το'κανε,2969
καθυστερήσεις,2969
Γιουτζίν,2969
διακόπτεις,2969
Φεβρουαρίου,2969
υπέροχοι,2968
μύρισε,2968
πουμε,2968
ρουτίνας,2968
λατρέψεις,2968
εκδηλώσεις,2968
ξεσπάσει,2967
ηρθαμε,2967
μαλώνουμε,2967
επίκεντρο,2967
ειπωθεί,2967
οδηγάς,2967
δωσω,2967
σώου,2966
κυρίους,2966
κέτσαπ,2965
μπάνιου,2965
χαλαρός,2964
συγκεντρωθείτε,2963
πατρικό,2963
παραδοθείς,2962
ετοιμη,2962
δηλώνει,2961
αρχαίοι,2961
οικογενειακά,2960
επιβιώσουν,2959
διατηρεί,2959
πριγκήπισσα,2959
έναντι,2958
χειρούργος,2958
κοντεύουμε,2957
αποτύχεις,2957
Γκέιμπ,2957
χασάπης,2956
απομένουν,2956
άρεσες,2955
στάσεις,2955
θαυμάσιος,2955
βρώμικος,2955
πάπιες,2954
φαρμάκων,2954
αποτοξίνωση,2954
συνέταιρος,2954
έμοιαζαν,2954
παρέμβαση,2953
μοναχική,2953
ισχυροί,2952
μικρόβια,2952
κάρυ,2952
διαδρόμους,2952
παλίρροια,2952
ανταρσία,2951
αξιόπιστος,2951
όμορφε,2951
σωματοφύλακας,2951
ανώφελο,2951
περιορισμένη,2950
φιλικά,2950
κατέβουμε,2950
κομψό,2950
αρχιτέκτονας,2950
ήχου,2949
νοσοκομειο,2948
προβλέψεις,2948
κατηγορούμενο,2948
μέγιστο,2947
ερευνητές,2947
χάνονται,2947
θεωρούσε,2947
Μπανκς,2947
μπορουσε,2947
βοηθάνε,2946
βοηθούς,2945
φυλάς,2945
κράτησαν,2945
μπαλόνι,2945
κουνέλια,2944
ειχαμε,2944
οντως,2943
ύπαρξης,2943
απαγορευμένη,2943
τακτικές,2942
απίθανα,2942
φυσάει,2941
ενδιαφέρεστε,2941
αστειεύεται,2941
Λίντια,2941
απολύθηκε,2940
σκηνής,2940
ολοκληρώσω,2940
ανατίναξε,2940
Μπράις,2939
πρόσφυγες,2939
τακούνια,2939
διαολο,2939
εμπιστευτεί,2939
φτάνεις,2938
Μπλουμ,2938
Σέλι,2938
δικηγόρου,2938
δροσερό,2937
διαβάσουμε,2937
σχετίζονται,2937
ξέφυγαν,2937
μάρτυς,2936
Ντεξ,2936
εκλεκτός,2936
Κλέιτον,2936
οο,2936
πετάχτηκε,2935
εξιτήριο,2935
ανατινάξει,2935
διάδρομος,2934
εκδότης,2934
διαχείριση,2934
εξαφανίστηκες,2934
ξαναγυρίσει,2934
πηρε,2933
αστυνομικών,2933
φωνάζετε,2933
σκέπτομαι,2932
πανί,2932
ομαδα,2932
Μάλκομ,2931
Γκριμ,2931
εφερα,2931
υπερασπίζεσαι,2930
συζητάς,2930
στεκόμαστε,2930
μετατραπεί,2930
χειρότεροι,2930
σταυρός,2929
φρούτο,2929
καινούριες,2929
εργαστήριό,2929
λυκάνθρωπος,2928
μιζέρια,2927
σκούρο,2926
εξυπηρέτηση,2926
συνέταιροι,2926
κομμουνιστές,2926
δράσουμε,2926
καταραμένα,2925
Ρόναλντ,2925
φερόταν,2925
σκουπιδιών,2924
Γουόλ,2924
ασθενών,2924
κουνηθώ,2924
σβήνει,2923
αδερφούς,2923
πεδία,2923
μάθαινα,2922
πέταξέ,2922
παίξτε,2922
μπράτσο,2921
Κομπ,2921
ξέσπασμα,2921
μαχητικά,2921
γαμήσι,2921
φυλάκιση,2921
άρχοντες,2920
αλκοολικός,2918
τεχνικό,2918
οριστε,2917
προσέλαβες,2916
φωνάξει,2916
κέντρου,2916
ανιψιό,2915
νικήσουν,2915
ανταλλακτικά,2915
ξεμείνει,2915
παρήγγειλε,2914
ζεστασιά,2914
τίτλους,2913
ντονι,2913
κανόνισες,2913
μελέτες,2913
ιού,2913
στέκονται,2912
κυλάει,2912
σεμινάριο,2912
κεντρο,2912
θεατρικό,2911
Αρθουρ,2911
τραβήχτηκε,2910
προτίμηση,2910
προσεύχεσαι,2909
άντεξε,2909
καθυστέρησε,2909
συναγερμού,2909
καταδικαστεί,2909
Ρέητσελ,2909
λουρί,2909
μερικα,2908
περιθώρια,2908
πνευματικά,2908
δολοφονήσει,2907
αμ,2907
Κλίντον,2907
κρυβόμαστε,2907
περπατώντας,2906
χαζέ,2906
αποφεύγω,2906
συμπαθούσα,2906
εμας,2906
νήματα,2905
ερχόμασταν,2905
τσαντισμένος,2905
παρουσιάσει,2905
μυστικών,2905
οδηγοί,2904
Τζέρσι,2904
προσαρμογή,2904
προσοχη,2903
κουτσομπολιά,2902
αιχμάλωτος,2902
τηλεφωνο,2901
Βατικανό,2901
παραγγελίες,2901
επιλέγεις,2900
ειδες,2900
φτώχεια,2899
τραπεζικό,2899
Πόλα,2899
θεμέλια,2899
γλυκούλης,2899
ξεχαστεί,2898
ακουμπήσεις,2898
χορέψει,2898
ψυχοπαθή,2897
λίμνης,2897
θεραπείες,2897
βελτιωθεί,2896
αποψινή,2895
εγωιστικό,2895
σύνδεσμο,2895
θα'χει,2894
δράκους,2894
σκίσω,2894
νεότερο,2894
κλαδί,2894
τίποτ,2893
νόστιμα,2893
καρφώσω,2893
μπερδεύεις,2893
υποθέτεις,2892
ευαισθησία,2892
οδοντίατρο,2891
πιόνι,2891
Μπάστερ,2891
εξελίξεις,2891
ακουστικά,2891
προκαλέσεις,2890
τρομοκράτη,2890
αμα,2890
κρουαζιέρα,2890
καλύψουν,2890
βρίσκονταν,2890
κακόμοιρο,2889
υψηλές,2889
λεωφορεία,2888
ιδανική,2888
κρυώσει,2888
κρεμμύδια,2888
σοφή,2887
αμηχανία,2887
Κίνας,2887
μιούζικαλ,2887
καθυστερεί,2887
γαμάει,2886
γένια,2885
αντιρρήσεις,2885
υιοθεσία,2885
ανέφεραν,2884
ξημερώσει,2884
συνέπεια,2884
ποδιά,2884
ποντάρω,2884
Πάολο,2884
ομοσπονδίας,2884
αναίσθητη,2883
πατώματα,2883
παράθυρό,2882
οικείο,2882
εσας,2882
παραγγείλουμε,2882
τρέμεις,2882
θαρρείς,2882
ειδικότητά,2881
καστανά,2881
πειραζει,2880
λεγε,2880
τ'όνομα,2880
αντοχή,2879
τομείς,2878
αλλοι,2877
κονιάκ,2877
αναζητά,2877
χημικό,2877
υψηλού,2876
εκκενώστε,2876
δημόσιος,2876
αρουραίους,2875
ιστορική,2874
παυσίπονα,2874
γλίτωσε,2873
Αλαν,2873
σηκώσουμε,2873
ερευνήσω,2873
εργοστάσια,2873
Μόντι,2872
Λάιλ,2872
ασέβεια,2872
χτυπήσαμε,2872
προστάτευε,2871
μυρίσω,2871
χτυπήστε,2871
τηλεφωνική,2870
απόρριψη,2870
κενή,2870
Τζέρσεϊ,2870
δραματική,2870
σώματός,2869
λεωφόρος,2869
τεθεί,2869
αγγλική,2868
σταματούν,2868
κουμπάρος,2868
δικών,2868
αντικαταστήσω,2868
αγάπησες,2867
πιστευεις,2867
το'ξερα,2867
κοσμος,2867
χειροβομβίδες,2867
προτιμούσε,2867
πίτες,2866
Μαγκάιβερ,2866
σατανικό,2866
απέδρασε,2865
μακρά,2865
κατέληξαν,2865
Ντόμινικ,2865
διαλέξουμε,2865
κατηγορείται,2865
Σινγκ,2864
εκπέμπει,2864
Ντέμπρα,2863
άντεχε,2863
παράξενες,2863
κυριος,2863
Κατρίνα,2862
ξεχωρίζει,2862
χείλια,2861
βασικές,2861
κατάσκοπο,2861
τόνος,2860
Στάνφορντ,2860
μικρη,2860
μαγείρισσα,2860
ψυχιατρείο,2860
χαιρομαι,2859
δημιουργείς,2859
Παναγιά,2858
χαμογελάστε,2858
παλικάρια,2858
ποσά,2858
τελειότητα,2857
Κλιφ,2857
συμπάθεια,2857
εκδικηθώ,2857
αντιβιοτικά,2857
Κιν,2856
αντιστέκεσαι,2856
σάλια,2856
εργάτης,2855
σέβη,2855
λεπτών,2855
κακοποιός,2853
Ρόντνεη,2853
εμπρος,2853
ελκυστικό,2853
εκπαίδευσή,2853
απολαμβάνει,2853
επισκέπτεται,2853
μαζικής,2853
καλών,2852
Χουκ,2852
στρατιωτών,2852
παθαίνω,2852
γράμματά,2852
ντυ,2852
λαμπερό,2851
Ντινόζο,2851
στροφές,2851
μύθο,2851
αναζητούν,2851
ορίων,2851
κοντεύω,2851
χρήματος,2850
παρθενιά,2850
βιβλίων,2849
άχρηστοι,2849
φιλάει,2849
απομεινάρια,2849
Σύλβια,2849
ώς,2849
κρατητήριο,2848
σκέτος,2848
αποκατάσταση,2848
ενδιαφέρων,2847
μπέιμπι,2847
θυμίζουν,2847
Τζένκινς,2847
περίεργοι,2847
πονοκέφαλος,2846
πύραυλοι,2846
αντίποινα,2845
φαίνετε,2845
γυρεύω,2845
πανσέληνο,2845
ετοιμαστούμε,2844
φερμουάρ,2844
κουρτίνα,2844
αφίσες,2844
εμπόρους,2843
προφυλάξεις,2843
άκρο,2842
αγχώνεσαι,2842
Σάντερς,2842
πέρας,2841
κρύπτη,2841
ακούγοντας,2841
τάξεις,2841
τζίντζερ,2841
κοιτάχτε,2841
καθαρίστρια,2840
οδηγού,2840
πρωθυπουργό,2840
κλέφτρα,2840
παρεξηγείς,2839
μάγοι,2838
πλέγμα,2838
δικαιούται,2838
σκόπευε,2837
αντέξουμε,2836
Αντέλ,2836
συγκεντρωμένος,2835
χαζομάρα,2835
Σκύλλα,2834
περνούσαν,2833
υπερασπιστεί,2833
εγκέφαλός,2833
διατάζει,2832
διατεθειμένος,2832
πυροβολήσουμε,2832
βράχους,2832
υποθετικά,2831
μιλίων,2831
προσγειωθεί,2830
προσβλητικό,2830
ρυθμίσεις,2829
έψαξε,2829
κάποιων,2829
πραγματοποιηθεί,2828
εγγυηθώ,2828
Ρούμπεν,2827
σημαντικοί,2827
προσεχε,2827
οστό,2827
λλοι,2826
συγκεντρωθούμε,2826
μπαίνετε,2825
κλειδώσει,2825
κοροϊδεύει,2825
μπέρμπον,2824
ήπιαμε,2824
έξαλλος,2824
αναγκάσω,2824
θάνατοι,2824
επαναφέρει,2823
χημική,2823
υποκείμενο,2822
βιασμού,2821
δράστες,2821
Μοντγκόμερι,2821
στάθηκα,2821
αποθήκες,2821
πάγωσε,2820
βότανα,2820
προδώσω,2820
κατατρόμαξες,2820
φυλλάδιο,2819
ανταγωνισμός,2819
αστυφύλακας,2819
πρόδωσα,2819
εμπλέκονται,2819
απαγορεύει,2818
μπλουζάκια,2818
φυλακη,2818
ξεκόλλα,2818
συνδικάτο,2818
παρεπιπτόντως,2817
μοιράζομαι,2817
κατηγορήσω,2817
διοικητικό,2817
ορκιστεί,2817
φάλαγγα,2816
γλίστρησε,2816
τραγική,2816
έφταιγες,2816
χιλιοστών,2815
ενημέρωσης,2815
σκάσουμε,2815
στατιστικά,2815
βαρύς,2814
ανακοινώσω,2813
σμήνος,2813
Λορέντζο,2813
παραπονιέσαι,2813
σκίτσο,2813
μπυ,2813
Πιερ,2813
παλεύουν,2812
μεινε,2812
πηγαίνετέ,2812
τσίμπησε,2812
καίγονται,2812
δυνατές,2812
δοκιμάσαμε,2812
κουβαλήσω,2811
αναπνέω,2811
γεννήθηκαν,2811
καριόληδες,2810
τιμωρήσει,2809
γνωστούς,2809
ευτυχίας,2808
αναζήτησης,2808
Μπράϊαν,2808
μπερδεύτηκα,2808
επικεφαλή,2808
κουνήσεις,2808
παρακολουθήσεις,2807
φέρεστε,2807
άμεσο,2807
τας,2807
ακολουθούσα,2806
Ιταλός,2806
σήματος,2805
δορυφόρος,2805
εχασες,2805
στρατοδικείο,2804
διάγραμμα,2804
Χομπς,2804
τολμώ,2803
Σάι,2803
ασταμάτητα,2803
διάδοχος,2803
ψυχολογική,2802
Βέγκα,2802
παράλογη,2802
βοηθησω,2802
ασθενούς,2801
σύλληψή,2801
ταύρος,2801
άγνοια,2801
μοιράζεσαι,2801
Ταρζάν,2801
καθυστερείς,2800
αφαιρέσω,2800
Μίσιγκαν,2799
επικοινωνιών,2799
πιώ,2799
διαλύεται,2798
δασών,2797
Σκάι,2797
προβληματάκι,2796
βολής,2796
ξαδέρφια,2795
ενθουσιασμένοι,2795
κρύσταλλο,2795
ειχαν,2794
αμερικανό,2794
αποχαιρετήσω,2794
πετυχαίνει,2794
πέφτουμε,2794
Φούλερ,2794
στοιχειωμένο,2793
φέιζερ,2793
ειλικρινή,2793
άστεγος,2793
ποσότητες,2792
μαλ,2791
σχεδίων,2791
δακτυλικά,2791
διατηρήσουμε,2790
μέρει,2789
εκπλαγείς,2789
αγοράσαμε,2789
Κορλεόνε,2788
κλωστή,2788
Κλίβελαντ,2787
γενναιοδωρία,2787
ισοπαλία,2786
χασάπη,2786
Τσάρλς,2786
χυθεί,2786
χωρίσω,2786
εγκαταλείψουμε,2785
προειδοποιήσεις,2784
Ντέκερ,2784
Παναμά,2784
μαγισσών,2783
σειρήνα,2783
κινητήρες,2782
αποδυτήρια,2782
μαζεύουμε,2781
επιτυχημένη,2780
αλληλούια,2780
γρατζουνιά,2780
επισκευή,2779
ονειρεύεται,2779
προσευχόμαστε,2779
ανεβαίνω,2778
ποιήματα,2778
μεταφορές,2778
σώσατε,2777
δούλεψες,2777
κρυβόταν,2776
τακτοποιήσει,2776
ατάκες,2776
παρόντες,2776
Τρούμαν,2775
ντεντέκτιβ,2775
παππούδες,2774
κλάψει,2774
απόρρητα,2774
διαβατήριό,2774
Κουίνς,2774
αγαπητός,2773
υποβρύχια,2773
Γκρέγκορι,2772
λαθρεμπόριο,2772
εφεδρικό,2772
έψαξες,2772
σηκώθηκα,2772
κρύψε,2771
άθλιος,2771
αγαπω,2770
μπαλόνια,2770
εξέδρα,2770
μπαλάκι,2770
κλισέ,2770
μάζεψέ,2770
ομοσπονδιακούς,2769
γάμησα,2769
συνάντησή,2769
στίχους,2769
λογοτεχνία,2769
μόρια,2768
φρόντισα,2768
καλεσμένη,2768
ενώσουμε,2768
στέκεστε,2768
οδηγούς,2768
κανονίστηκε,2767
ασχημα,2767
αυτοκτονήσεις,2767
ψηφίσουμε,2767
ερασιτέχνες,2767
μαργαρίτα,2767
μόνιμο,2766
λίτρα,2765
τζέντλεμαν,2765
προτείνετε,2765
ατυχές,2765
εργένης,2765
φιλανθρωπικό,2765
κινηθείτε,2764
επανέλαβε,2764
μακρινή,2763
Κάρλι,2763
δυναμική,2763
στέκι,2763
επιλέγω,2762
γελάσεις,2762
παράδοσης,2762
αγνόησε,2762
αερίων,2761
διοικεί,2761
ετοιμάζομαι,2761
σταλεί,2761
ευπρόσδεκτοι,2761
πατάτα,2760
δέσει,2760
δείχνουμε,2760
γκαζόν,2759
ακτινογραφίες,2759
χωρισμό,2758
κινηθείς,2758
συναντήσετε,2758
προϋπολογισμό,2758
γαλάζια,2758
έθεσε,2757
Σίμπσον,2756
τρίτον,2756
τσακίσω,2756
λαχείο,2755
Μακλάουντ,2754
επέτειος,2754
συνέλευση,2754
ενόρκων,2753
π.χ,2753
χορευτής,2753
μαξιλάρια,2753
τραγουδούν,2753
υπενθύμιση,2752
αναρωτιούνται,2752
διδάξεις,2752
μυαλο,2751
ελευθερώσουμε,2751
πρόσω,2751
Μιλάνο,2751
κουπί,2751
πληρώνομαι,2751
πορνεία,2750
πάρτον,2749
Αφρικής,2748
μοναχός,2748
χερ,2748
καταδικασμένος,2748
πανέξυπνο,2748
πρωινά,2748
πληγωμένη,2748
κρατηθώ,2746
επανάστασης,2746
Φράνκο,2745
καθαρές,2745
φιλίες,2745
προστατεύουμε,2744
αποφασίσατε,2744
χαλαρώσει,2744
απήχθη,2743
νικάει,2743
Μποργκ,2742
ζωγραφική,2742
αυξηθεί,2742
βρούνε,2741
ευχαριστήσει,2741
Κάντιλακ,2741
νεροχύτη,2741
έγραψαν,2741
κατηγορείτε,2740
αποτρέψει,2740
αντικαταστάτη,2739
πρωτόκολλα,2738
στελέχη,2738
λειτούργησε,2737
συγχώνευση,2737
ευχαριστήσουμε,2736
ηλεκτρικά,2736
απόδειξέ,2736
ντάμα,2736
προσθέσεις,2736
εμπιστεύεστε,2735
ευλογημένη,2734
κόφ'το,2734
ζητήσαμε,2734
υγιείς,2734
κύριου,2734
άνεργος,2733
Τόμμυ,2733
απαγορεύονται,2733
κρυώνεις,2733
εφεύρεση,2733
βιταμίνες,2733
παραδοθώ,2732
επιγραφή,2732
υιού,2731
αμοιβαία,2731
ετοιμάζεις,2731
θύμωσα,2731
χαθείς,2731
αρετή,2731
ταλαντούχος,2731
μοιραίο,2731
αθάνατος,2730
φθάσει,2730
ξεχάσαμε,2730
πυροσβέστες,2730
συστηθώ,2730
χρονοδιάγραμμα,2729
υπηρετήσω,2729
Πρώτε,2729
Νατ,2729
γραμμάρια,2728
παντρεύονται,2728
περιπτώσει,2728
υπηρετεί,2728
μαριονέτα,2727
λυπήθηκα,2727
τακτικά,2726
φινάλε,2726
ανακρίνουμε,2726
προκαλέσω,2725
Λέισι,2725
φτηνή,2725
θέλησε,2724
κάψιμο,2724
επιστήμονα,2724
Κράουλι,2722
Χολτ,2722
όρμα,2722
διαβάζετε,2722
πύλης,2721
γνωριμίες,2721
αναφέρομαι,2721
Άμπερ,2721
ενοχλητικός,2721
ανησυχεις,2720
κυνηγό,2720
υποψήφιο,2719
κέρδισαν,2719
ξημέρωμα,2719
προλαβαίνουμε,2719
ποτάμια,2719
απ'όσα,2717
συνδέσω,2717
εγκατέλειψα,2717
αντιμετωπίσουν,2716
φιστίκια,2716
επίδεσμο,2714
απαίτηση,2714
μεταφορικά,2714
γενναιόδωρο,2714
πουλήσουν,2714
Λάννιστερ,2714
πλύσιμο,2713
ιδανικά,2713
υπολοχαγό,2712
Ιντερπόλ,2712
ελεύθερες,2711
φορτηγού,2711
ιπτάμενο,2711
οπαδοί,2711
λεξικό,2711
κατσαρίδες,2711
εξαπλωθεί,2711
μπικίνι,2710
Φλωρεντία,2710
συλλαμβάνεστε,2709
βρετανός,2709
πλευράς,2709
Νοξ,2709
εμπλοκή,2709
προσπάθειές,2708
αέρος,2708
ευλογημένος,2708
ντουλαπάκι,2708
αξιοπιστία,2708
σύμβαση,2708
έβγαινες,2708
ξεκαθαρίσει,2708
φωτεινό,2707
φακούς,2707
ταχυδρόμος,2707
ακούγομαι,2707
φεύγοντας,2707
αργα,2706
σχεδιασμό,2706
Γουίλοου,2706
έπαθλο,2706
ανέβουμε,2705
γκόμενος,2705
Ευρώπης,2704
πρωτο,2704
Εχε,2704
μ'αυτή,2704
διαλέγει,2703
αρουραίοι,2703
ασχοληθείς,2703
πλοήγησης,2703
μαλακισμένο,2703
χυμός,2702
ψεύτικος,2702
θόλο,2702
διαχειριστής,2702
εκτιμήσεις,2702
σχεδιάστηκε,2701
οργανώσεις,2701
σύγχρονη,2701
συνηθίζεις,2701
Μίνα,2700
πριόνι,2700
τούβλα,2700
αεράκι,2700
αντίστασης,2699
κρεμάσω,2699
μετέφεραν,2698
καθρέφτες,2698
ανώνυμο,2697
μονοπάτια,2697
Δίας,2697
Κουπ,2696
τρώγοντας,2696
επήρεια,2696
εκτιμά,2696
οργάνωσης,2696
έλεγξες,2695
φορέστε,2695
αφαιρέσουμε,2695
νυστέρι,2695
ακτινογραφία,2695
ασφάλιση,2695
Ντίκι,2694
αρον,2694
δολοφόνησες,2693
εκκίνηση,2693
ενημερώνω,2693
απαγωγής,2693
χρησιμοποιούνται,2693
σκόρδο,2693
θησαυρού,2693
ρόλους,2692
καταστρέψετε,2692
Τζαν,2692
επίβλεψη,2691
μετανιώσει,2691
συνήγορε,2691
νίκες,2690
ψευδαισθήσεις,2690
παρασκήνια,2690
μιαν,2689
ονόμασε,2689
Σσσς,2689
πηδήξουμε,2689
θέτεις,2689
Ντίλον,2689
κολλάς,2689
βρετανικό,2688
καυτός,2688
Βέρνον,2688
απέτυχαν,2688
ανεξαρτησία,2687
φυλαχτό,2687
πληρωθεί,2686
ελεγε,2686
Τζόντι,2686
επαναλάβω,2686
βαθύτερα,2686
πιθανές,2686
φροντίζουμε,2686
κέρμα,2686
γνωρίσουν,2686
εξαπλώνεται,2685
λιβάδι,2685
ακίνητα,2685
προσβάλω,2685
μπαρούτι,2685
πρότυπα,2685
κτήνη,2684
διατηρήσει,2684
πηγε,2683
ταβέρνα,2683
εκδίκησης,2683
περιγράφει,2682
απλως,2682
καθαροί,2682
παλιού,2682
οικογενειακές,2681
αδεια,2680
βγάζετε,2680
αλλεργική,2680
γλυτώσει,2680
αντιμετώπισε,2680
νάρκες,2680
κεκάκια,2680
μεταφορέα,2679
κατάδικος,2679
προδώσεις,2679
Κρόφορντ,2679
κυριοι,2679
κατέθεσε,2679
τούβλο,2678
ανίχνευση,2678
επιστάτη,2678
ηρωίδα,2678
αλλεργία,2678
βρωμερό,2678
προβληματίζει,2677
προσβάλλεις,2677
κλάμπ,2677
αποστάσεις,2676
έκσταση,2675
ορκίστηκε,2675
αλλαγής,2675
εκδίκησή,2675
Μάργκο,2675
νεράιδες,2675
επέκταση,2675
γονίδια,2675
Κοξ,2675
σφιχτό,2675
Φάργκο,2674
ιππασία,2674
Τζίμμυ,2674
συνήγορος,2674
χρέωση,2674
στρέιτ,2674
αριστούργημα,2674
Ντουκ,2673
υψίστης,2673
ρωσική,2673
συμφώνησες,2673
είνα,2673
ασυνήθιστα,2673
εξομολογηθώ,2673
παλάμη,2672
χαριτωμένα,2672
ανεβάσω,2671
βιολογικό,2671
προξενείο,2671
ρετιρέ,2671
συνέλθεις,2671
κανενας,2671
πάθατε,2669
Έκο,2669
οδοντίατρος,2669
βεβαιότητα,2668
κατάφερνε,2668
χειροτερέψει,2668
επαναφέρουμε,2668
Θορ,2667
κατάδυση,2667
δοκιμαστικό,2667
ιδιωτικά,2667
ορίσατε,2667
τέτοιον,2667
συμβιβασμό,2666
εκτιμάς,2665
βιοψία,2664
τανκς,2664
μονάδας,2664
επιπλοκές,2663
καθεστώς,2663
Λίον,2663
δεχόταν,2663
άοπλος,2663
Ατλάντικ,2662
νοκ,2662
ελευθερώσεις,2662
φυλάνε,2661
Ντάρσι,2661
θαλάσσωσα,2661
αφαιρεθεί,2661
πρόσφατες,2661
Γκρέτα,2660
ηλεκτροσόκ,2660
τριγυρνάει,2660
εισόδημα,2659
αθόρυβα,2659
επισκέφτηκε,2659
προκαλέσουν,2659
ακούμπησε,2658
καρτούν,2658
υπηρετείς,2658
ανήκουμε,2658
αλλ,2658
εκαναν,2658
όριά,2657
Τόμπυ,2657
αποκαλύψεις,2657
Ιούνιο,2656
τρελαίνεσαι,2655
γιοτ,2655
ελευθερωθεί,2655
βγάλτο,2655
Ντακ,2655
γυμνά,2655
ξυράφι,2654
θέτει,2654
καινούργιες,2654
γάτας,2653
εγρήγορση,2653
Αλις,2652
Μάρκ,2652
χαλαρή,2652
τηλεφωνητής,2652
σημειωματάριο,2651
πρόγονοί,2651
Κάρλ,2651
καλούμε,2651
πρωταθλητές,2650
κάλτσα,2649
Τζουντ,2649
οργασμό,2649
παραβίασε,2649
κάψουν,2648
βάρη,2648
συγκάτοικο,2648
συγκρίνεται,2648
έβρισκαν,2647
τυχερά,2647
έργου,2647
ίδιας,2647
κιβωτό,2647
Χούλιο,2647
τυφώνας,2646
να'χεις,2646
Γιορκ,2646
πληθυσμού,2646
αμερικανών,2646
μαφίας,2646
όμορφοι,2645
βροχής,2645
έμεναν,2645
Ρόσι,2645
εκεινη,2645
ειδοποιήσει,2644
Γιαν,2644
νόμιμος,2644
πίθηκος,2644
χαντάκι,2644
ερχεσαι,2643
κοντό,2643
διακρίνω,2643
συντομα,2643
κατεβάσεις,2643
καταστήματα,2643
αξιόπιστη,2643
Ροντ,2642
περικοπές,2642
αντιμετωπίζουν,2641
αστειευόμουν,2641
υιός,2641
Ότο,2641
κλειδώσω,2640
γέφυρες,2640
ασήμαντη,2640
τέλειοι,2640
προσκλήσεις,2640
μοσχάρι,2640
κατάχρηση,2640
δίδυμο,2640
έβαζαν,2640
Φέι,2639
ηρθατε,2639
καλύπτεις,2639
Σίσκο,2638
κοπάνησε,2638
παρκάρει,2638
εργαστηρίου,2638
αποκαλείτε,2637
Σαιντ,2637
πρόσεχες,2637
μεθυσμένοι,2637
ρωτώ,2637
τελευταίων,2637
βλέπατε,2637
κοιμάστε,2637
πουλιών,2636
ψάξετε,2636
δυναμη,2636
σχεδίαζα,2636
έσκασα,2635
ευπρόσδεκτη,2635
γιγάντιο,2635
ζωγραφίζεις,2634
εκπληκτικός,2634
Σάντσεζ,2634
μεγαλύτεροι,2633
ορκίσου,2633
ρθουν,2633
δάγκωμα,2633
τρομάζουν,2632
πυροβολικό,2631
έρημος,2631
περίθαλψη,2631
Έιμπ,2630
Σίντυ,2630
σύμπτωμα,2630
δικαιούμαι,2630
κανεναν,2630
κρίκετ,2629
φάρο,2629
ρίχνουμε,2629
εχθρική,2629
συνόρων,2629
γούρι,2628
ξοδεύεις,2628
αναπνεύσει,2628
σημάδεψε,2627
έπινες,2627
Μπιάνκα,2627
μπουντρούμι,2627
σύνθεση,2626
αύρα,2626
άγκυρα,2625
Στάντον,2625
τρέχετε,2624
χτυπάμε,2624
τοπικά,2624
ναύτη,2623
Μπορν,2623
γλυτώσεις,2623
αδύνατος,2623
παγωμένα,2622
γυρίσατε,2622
εμπιστευόμουν,2622
Ιούλιο,2622
παράτησαν,2621
Μπερντ,2621
παραδίνομαι,2621
ενοχλούσε,2621
πιλότους,2621
εκπροσωπώ,2621
ήρωάς,2621
λαγός,2620
Αντάμα,2620
φανταζόταν,2620
ρο,2620
μπανάνες,2620
γενετικά,2619
εφηβεία,2618
καλωδιακή,2617
μπορουν,2617
ταπεινός,2617
λεμε,2616
αιμα,2616
μαγείρεμα,2616
Χόλντεν,2615
Πάμελα,2615
ποτάκι,2615
Κόστα,2615
πνευματικό,2614
μερίδα,2614
βρακί,2614
συστατικό,2614
Γουότσον,2614
μαραφέτι,2613
αγγλικό,2613
μουλάρι,2612
τμημα,2612
λιώνει,2612
αλά,2611
ξημερώματα,2611
γειτόνισσα,2611
Νάιτζελ,2610
βοηθάτε,2610
Τζέησον,2610
περιέχουν,2610
υποστηρίξω,2610
παπάρια,2609
ξεγελάσεις,2609
ερευνήσει,2609
υποχρεωμένη,2609
αλεξίσφαιρο,2608
νάνοι,2608
συστημάτων,2608
σωθικά,2607
διαβεβαιώσω,2606
αναγκάστηκε,2606
πιστόλια,2606
κολλήσεις,2606
γαλάζιο,2606
Τρούντι,2605
επικεντρωθούμε,2605
ανατροφή,2605
οπτικό,2605
τρέμουν,2605
θέρμανση,2605
υγρή,2605
άλλαζα,2604
αποτελεσματική,2604
τύμπανα,2604
ανέβηκα,2603
χτυπηθεί,2603
χρήσιμα,2602
κατοικίδια,2602
Τζάιλς,2602
αποδοχή,2601
ντρέπεται,2601
ρήξη,2601
μόρφωση,2601
χιλιόμετρο,2601
Καρέβ,2601
ελπίδας,2600
κατασταση,2599
πολλαπλά,2599
χρησιμο,2599
κόκκινες,2599
έλεγχό,2598
αναγνωρίσουμε,2598
οφείλουμε,2598
σεξουαλικής,2598
ταύρο,2597
ταξιδεύουμε,2597
σωθούν,2597
στενοχωριέσαι,2596
εξηγούσε,2596
εικασίες,2596
ανδροειδές,2595
φανταχτερό,2595
γερή,2595
ρούχο,2595
ανακατεύεις,2595
σωτήρα,2594
πνεύμονα,2594
γίγαντες,2594
έχανε,2594
κουρασμένοι,2594
ορισμένοι,2593
ελέγχους,2593
πετούσε,2593
απογοήτευσες,2593
μίλησαν,2592
ζούγκλας,2592
σάιτ,2592
εργαστεί,2592
μπαγκάζ,2592
επιλέγει,2592
Όστιν,2592
εγκατέλειψαν,2592
στίγμα,2591
Κλόι,2591
Λουί,2591
Λινέτ,2590
Βανς,2590
βασιστώ,2590
ακραία,2590
ρχισα,2590
εχτές,2589
Οξφόρδη,2589
αποδειχτεί,2589
Σόλομον,2588
αθλητής,2588
Ρίκυ,2588
ντύνεσαι,2588
αναγκάσει,2587
έθιμο,2587
Πατρίσια,2586
αστειεύεστε,2585
μέσος,2585
χωρίσεις,2585
ακτινοβολίας,2584
πληγώνεις,2584
ρώγες,2584
τηλεσκόπιο,2584
Γκολντ,2584
κάθισα,2583
καθόσουν,2583
εξπρές,2582
σύντομος,2582
σκουληκότρυπα,2581
φυλάκιο,2581
σ'ακούω,2581
Αμπού,2581
δεξαμενές,2580
συνομιλίες,2580
πρός,2580
μεταφέρετε,2579
δάσκαλός,2579
μουστάρδα,2579
σοκάκι,2579
συλλάβαμε,2579
Σουάν,2578
πέθαινες,2577
Πέγκι,2577
γενετικό,2577
περιέγραψε,2577
παραδεχτεί,2577
παρατάει,2577
προσευχηθώ,2575
παντρευόμαστε,2575
αόρατη,2575
παλεύουμε,2575
φτου,2575
διασκέδασε,2574
Μπίλμπο,2574
ετοιμάζουν,2574
απολογείσαι,2574
συναισθηματικό,2574
Κλάιν,2574
μίσους,2574
προσέλαβαν,2574
μετακομίσαμε,2573
δεκανέας,2573
ποδια,2573
συγκάτοικός,2573
μείγμα,2572
κλήσης,2572
Πέδρο,2572
οδήγησα,2571
ξεχάσουν,2571
Τρεντ,2571
βουντού,2570
μεταχείριση,2570
ξανθά,2570
4ο,2570
βλάψεις,2570
ενίοτε,2569
Γουέμπερ,2569
αναμένεται,2569
διακόσια,2569
έδειχνα,2569
σύζυγοι,2568
εκτελέσεις,2568
ανακοίνωσε,2568
συνεργαστώ,2567
θέλησα,2567
επώνυμο,2567
παγιδευτεί,2567
ξεγελάσει,2567
Μπρένταν,2566
χριστιανοί,2566
ανοικτά,2566
φουλ,2566
ερευνώ,2565
στάνταρ,2565
αναλύσεις,2565
δεδομένης,2565
γυμνές,2565
δείκτη,2563
ανώνυμη,2563
παρεμβολές,2563
σπρώξτε,2563
ξαπλωμένη,2563
βιασμός,2562
Ιωσήφ,2562
προσκάλεσε,2562
ακυρώνεται,2562
σιωπηλή,2562
υδραυλικά,2562
δυσλειτουργία,2562
δικαστεί,2562
εθισμένος,2561
Ράιτ,2561
Λάντεν,2561
μαθηματικών,2560
φρύδια,2560
πατάω,2559
άκατο,2559
πρόσφερα,2559
ανοσία,2559
φοβήθηκες,2558
έστελνα,2558
όπισθεν,2558
Κυριακές,2558
επιβίβαση,2557
καλημερα,2557
συνταγές,2557
εφημερίδας,2557
είσασταν,2556
Σουηδία,2556
αντέξουν,2556
αδειάστε,2555
Κάρβερ,2555
πέθαιναν,2555
σοβιετική,2555
βρηκα,2555
έφοδο,2554
πληγώθηκε,2554
Μπρουκς,2554
μισούσες,2554
Ομπάμα,2554
αθωότητα,2554
επέτρεπε,2553
αθλητές,2553
μετακινηθεί,2553
Θίο,2553
πλαστικά,2553
αφαιρέσει,2553
σωματείο,2552
πηγούνι,2552
πάσχει,2552
Γέιλ,2551
ντερσον,2551
βιβλιοπωλείο,2551
μειωθεί,2550
Κάσιντι,2550
υπογράφω,2550
λιγότεροι,2550
ήμισυ,2549
πληθυσμός,2549
ντριαν,2549
Κουκ,2549
μετάβαση,2549
χωρίζουν,2548
αίτια,2548
αναταραχή,2548
ντίσκο,2548
διαφωνίες,2548
πρόσκρουση,2547
γυμνοί,2547
μπουρδέλο,2547
μαύρης,2546
βαρέθηκες,2545
κίτρινα,2545
ουίσκυ,2545
ν'ακούσω,2545
πάθουν,2545
φτιαγμένοι,2545
πυραμίδα,2544
Τζό,2544
απομακρυνθεί,2544
ενεργεί,2544
σκληρές,2544
γύριζα,2544
αγαπούσαν,2543
κλειστές,2542
τρίτου,2542
γονέων,2541
αναφοράς,2541
πειτε,2541
πούστης,2541
ηρεμιστικά,2541
εγωισμό,2541
επιδέσμους,2541
γεννιούνται,2541
κογιότ,2541
αφαίρεσε,2540
αρραβωνιαστικό,2540
έζησαν,2540
φόρεσα,2539
γέρους,2539
θυμωμένοι,2539
κομματάκι,2538
διασκέδασης,2538
εγωίστρια,2538
τρυπάνι,2538
αισιόδοξος,2538
αρπακτικό,2537
περπατούσα,2536
έκαψαν,2536
θάλασσες,2536
εμφύλιο,2536
Ιούδα,2535
αρραβώνων,2535
συνεργό,2535
καταγραφεί,2535
πελάτισσα,2535
λογικής,2535
μπότα,2535
πολυάσχολος,2535
υποθεση,2535
πεντε,2534
στήριξη,2534
δημιουργήσουν,2534
μικροσκοπικό,2533
παραδέχτηκε,2533
σ'όλη,2533
Μίλλερ,2533
κορδέλα,2533
αναγκαστώ,2532
πρόσφατο,2532
Ράιχ,2531
φόρεσέ,2531
αντίκες,2531
περασμένα,2530
ψείρες,2530
κέρματα,2530
αγνοήσω,2529
χαιρόμουν,2529
γίνατε,2528
ενδιαφερόταν,2528
αφορούσε,2528
επίσκοπος,2528
μελετήσω,2528
παρουμε,2527
φυστικοβούτυρο,2527
Ίλαϊ,2527
φίλησέ,2527
γιαούρτι,2527
Πιπ,2527
τρέλες,2527
βάρους,2526
εμβέλεια,2526
Φραν,2526
φυγάδες,2525
ξαναπάς,2525
Ντόροθι,2525
κουραστικό,2524
απέδειξε,2524
κυκλώματα,2524
μιλούσατε,2524
θαμμένος,2523
ζωγραφίζω,2523
πλύνεις,2523
αντέδρασε,2523
εκτελεστεί,2522
ίσοι,2522
διάλεξαν,2522
Γιον,2522
βιολογία,2521
Αύγουστο,2521
επισκεφτείς,2520
τραβάτε,2520
καουμπόη,2520
παρτενέρ,2520
στρατιωτικά,2519
ταΐσω,2519
νομίζατε,2519
συνεργαζόμαστε,2518
ζήτηση,2518
περι,2518
αεροπορίας,2518
αποφεύγει,2517
σηκώνω,2517
Χιου,2517
κουβεντιάσουμε,2517
θυρωρός,2517
ορκ,2516
ανταποδώσω,2516
πατέρες,2516
κατηγορηθεί,2515
πρέζα,2515
αναστολής,2515
θυμώσω,2514
έσοδα,2514
δώσμου,2514
ερημιά,2513
Ααρών,2513
χορτοφάγος,2512
δέχεστε,2512
αναψυκτικά,2511
Ζάντερ,2511
γέρου,2511
δημοφιλές,2511
απίθανος,2511
χήνα,2510
συνομωσία,2510
ναύτες,2510
οδοντόβουρτσα,2509
Μπένσον,2509
νάιτ,2509
απ'όλους,2509
νοσοκόμος,2509
διακόπτης,2509
ταξιδάκι,2509
οριστικά,2508
μάσα,2508
σχολειο,2507
αναρωτιέστε,2506
δεκαέξι,2506
εκτελεστή,2505
ράγισε,2505
μαζεύονται,2505
Ράστι,2504
δουλέψαμε,2503
μπερδεύει,2503
έλθω,2503
κοροϊδεύουν,2503
μπλέ,2503
παρακολούθα,2502
αναφερθεί,2502
μεθυσμένο,2502
επέλεξαν,2502
μακελειό,2502
λευκών,2502
αντιπρόεδρο,2501
κατέβηκα,2501
πιρούνι,2501
χάι,2501
υπολογίζεις,2501
λίστας,2501
διπλάσια,2501
καλέσαμε,2501
έσω,2501
απέχουμε,2500
προβλήματος,2500
προγόνων,2500
πιάσανε,2500
παιγνίδι,2500
διάλλειμα,2499
τρίτης,2498
θελε,2498
γεννιέται,2498
Σεο,2498
Κλάιβ,2498
Ντόσον,2497
παίχτες,2496
Μάρτα,2496
ενημερωθεί,2496
ανθρωπιά,2495
χοτ-ντογκ,2495
απογοητευτικό,2495
αποδεικτικό,2495
δωροδοκία,2495
εκβιασμός,2494
αποκάλεσες,2494
αλεύρι,2494
έφηβοι,2493
σημαίες,2493
ηλικιωμένη,2493
ΣΥΓΧΡΟΝΙΣΜΟΣ,2493
εγκεφαλικά,2493
πεζοναυτών,2492
ακτοφυλακή,2492
διαφωνήσω,2492
Ντολόρες,2492
παίξαμε,2492
μετανάστες,2492
Ρόσκο,2492
αποικίες,2492
φέρθηκες,2491
γίγαντας,2490
πειστεί,2490
παρατηρήσεις,2490
τραυματισμό,2490
Μάϊκλ,2490
τίγρεις,2490
αγοραστές,2489
ειδοποιήστε,2489
Νιούμαν,2489
ταξιδέψω,2489
δολοφονηθεί,2488
βιολογική,2488
Λιντς,2488
ανάρμοστο,2488
Κένταλ,2487
γυρω,2487
διαλύσουμε,2486
πλεονεκτήματα,2486
ληστείας,2486
αμερικάνικα,2485
μπεί,2485
μακρύς,2485
αντιπλοίαρχε,2485
Τσάπμαν,2485
Τσάο,2485
τηλεοπτικό,2484
ομορφότερη,2484
βασίλεια,2484
τυχη,2484
φόνων,2484
Ρίτσαρντς,2484
γεμίσεις,2483
οποιουδήποτε,2483
κάρβουνο,2483
προκάλεσαν,2483
ζωτικά,2483
ιστός,2483
κατεβάσουμε,2483
σοδειά,2483
συνοδέψω,2483
καθυστερήσουμε,2482
αρνούνται,2482
αγρότη,2482
θελουν,2482
κατευθύνσεις,2481
γαλλίδα,2480
τρελάθηκα,2480
οδήγησες,2480
ανεβάσει,2480
ρολό,2480
σημαδεύεις,2478
ζώου,2478
Σεούλ,2478
βοηθήσατε,2477
εμπορική,2476
καθολικός,2476
σχεδιασμένο,2476
βαποράκι,2476
φιλοι,2476
Νέβιλ,2476
γαμάτα,2475
παραπονιέμαι,2475
τρακ,2475
μικρότερα,2475
νεο,2474
αναπτύξει,2474
έδιωξα,2474
τσίτα,2474
μαστίγιο,2473
ξοδέψει,2473
αισθανόμαστε,2473
παγωνιά,2472
κοιμηθούν,2472
μετάξι,2472
αρχηγοί,2472
πυροσβέστης,2472
Μάγκυ,2472
δολοφόνησαν,2471
ανθρώπινος,2471
έφθασε,2470
προσέφερε,2470
έκτακτο,2470
Άιλαντ,2469
φταίμε,2469
Χάνιμπαλ,2469
αντισταθείς,2469
Ρούφους,2468
καθιστικό,2468
εισιτήριό,2468
αποφοίτησης,2468
ξόδεψε,2468
εξίσωση,2467
Γουόλι,2467
παρακολουθήσει,2467
αγοράκια,2467
κυψέλη,2466
τσεκ,2466
πύργους,2466
αυξάνει,2466
Πόιντ,2466
σηκώθηκες,2466
δημιουργό,2466
Έμα,2465
Ραφαέλ,2465
Μέρσερ,2465
καείς,2464
λίστες,2464
νόμισες,2464
γείτονές,2464
ξερουμε,2463
μή,2463
δημιουργίας,2463
φυγεις,2462
πειράζω,2461
κελεπούρι,2461
μολυσμένο,2460
Ντάντε,2459
αδελφότητας,2459
αγαπημένες,2459
απελπισμένα,2458
καντίνα,2458
μεγαλόσωμος,2458
Τζοάνα,2457
ποιου,2457
αποκτήσουν,2457
νεαρές,2456
διάδοχο,2456
σφυγμός,2456
κατασκευής,2456
Ιωάννη,2456
σεβασμού,2456
επίγνωση,2455
προσωπο,2455
μετέτρεψε,2455
αγενές,2455
Χαβιέρ,2454
κόμισσα,2454
προστατέψουν,2454
διάταξη,2454
σταδιακά,2454
πνίγεται,2453
Κολομβία,2453
αναλαμβάνουμε,2453
καταιγίδες,2453
αυριανή,2453
Έκτορ,2453
κοιτούν,2452
αργείς,2452
εκπαιδευμένος,2452
ισχυρούς,2452
ζωτικής,2452
νοιαζόταν,2452
Γκρέισι,2451
περιείχε,2451
Σέριλ,2451
Έλλιοτ,2451
ώμος,2451
γαμάτη,2450
στρώματα,2450
κατάματα,2450
ξεκουραστούμε,2449
ανυπομονεί,2449
κωλαράκι,2449
υπηρετήσει,2449
πίστεψαν,2448
Ράστυ,2448
επιβάτης,2448
γράφουμε,2448
Μέριλιν,2448
ντου,2447
θαμμένο,2447
μετακίνησε,2447
Νατάσα,2447
Χίλαρι,2447
Ντώσον,2447
Βόγιατζερ,2447
γιάρδες,2446
γράφετε,2446
αδειάσει,2446
ελάττωμα,2446
κοράκια,2446
μητριά,2446
σπίρτο,2446
γαμήλια,2446
πετράδι,2445
νοιώθει,2445
κατανοητός,2445
σκαρώνεις,2445
εβραία,2444
βρούν,2444
μαύρου,2444
ζωγραφιές,2444
Έιμυ,2444
ξένες,2444
Κρικ,2444
μεγαλειότητά,2443
δοχεία,2443
Τζόσι,2443
φαινόμαστε,2443
κέρασμα,2443
δούνε,2443
Ντακότα,2443
υποστηρίζεις,2443
Ρέιβεν,2442
εκατομμυριούχος,2442
προκλήσεις,2442
έλειπαν,2442
αγνό,2442
τρόμος,2442
πιές,2441
Μαριάν,2441
νεότερη,2441
ντόπιος,2441
φορούσαν,2441
πουκάμισα,2440
Τζεντ,2440
μάμα,2440
Χόφμαν,2440
ισχυρίζονται,2439
υπερβάλλεις,2439
επαναφέρω,2439
περπατούσε,2439
δύσκολοι,2439
κατέστρεφε,2439
αίρεση,2439
Μέμφις,2439
απογοητεύσει,2439
άσκοπα,2439
χαμόγελό,2438
σπατάλη,2438
παραδώσου,2438
ποδήλατό,2438
φρέσκια,2438
δαχτυλάκι,2438
στ'αμάξι,2437
χρονικά,2437
κοιτούσες,2437
μαλώνουν,2436
χεριών,2436
αράπης,2436
περιοχη,2436
κλωτσιές,2436
σουβενίρ,2435
πέπλο,2435
μπύρας,2435
Νιού,2435
βοηθοί,2435
ξοδέψεις,2435
Γκόα'ουλντ,2435
έριχνε,2434
ραμ,2434
μετανιώσω,2434
καναπές,2434
σχεδον,2433
αναγνωρίσουν,2433
δημιουργώντας,2432
διαμαρτυρία,2432
αρρωστήσει,2432
επιβατών,2432
τηλεφωνικά,2432
νηπιαγωγείο,2431
ορκίζεσαι,2431
ατζέντη,2431
εσώρουχο,2431
σαμπουάν,2431
χαβιάρι,2431
μονό,2430
κοντέινερ,2430
επενδύσει,2429
να'ρθεις,2429
μπαμπας,2429
χαλαρώσουμε,2429
καταστραφούν,2428
κόλπου,2428
φοβαμαι,2427
κολλήσω,2426
άτυχος,2425
μελλοντική,2425
δέσουμε,2425
θρύλο,2425
Σουζάν,2424
άρμα,2424
αποδεκτό,2423
Ουίλσον,2423
συμμοριών,2423
κερδίσατε,2423
Μπερνάρντ,2422
παιχνιδιών,2422
ασφαλέστερο,2422
εξελίσσεται,2422
δέχθηκε,2421
στεροειδή,2421
μοιράζεται,2421
λάμπες,2421
κουραστική,2420
Τάλμποτ,2420
κύρος,2420
μανδύα,2419
Ιταλοί,2419
Έντ,2419
ηχώ,2418
προέλευση,2418
αλίμονο,2417
λέσχης,2416
ρτσερ,2416
αγνώστους,2416
παρακολουθούσαν,2416
ακαταστασία,2415
ταλαντούχα,2414
εκτιμούν,2414
δάσκαλοι,2413
παραίτηση,2413
συγχωρήσετε,2413
ρωτήσατε,2413
Κολτ,2412
επίτρεψέ,2412
τρόπαιο,2412
μάστερ,2412
σκάτωσες,2412
υψηλότερο,2412
ενω,2411
βοηθώ,2410
εναλλακτικές,2410
φέρνετε,2410
αιδεσιμότατος,2410
σαλούν,2410
ψυχολογικό,2409
ποδιού,2409
συνοδεύσει,2409
Νόμπελ,2409
ακυρώσουμε,2408
Μπος,2408
5ο,2407
καρότα,2407
θρόνου,2407
αναλάβουν,2407
Σαντάμ,2407
αφτί,2407
δυνατούς,2407
πρύτανη,2406
παρόντος,2406
έσκασες,2405
πόνους,2405
εχθρικά,2405
τσακώνονται,2405
σχεδιο,2405
έκπληκτη,2405
λφρεντ,2404
εξορία,2404
γκρινιάζεις,2404
οδηγήσουμε,2402
αγαπημένοι,2402
ομορφιές,2402
περιπολίες,2402
γκρίζα,2402
ζητήθηκε,2402
Φρανσίν,2401
εμπνέει,2401
μπόλικο,2401
πρόσθεσε,2401
Ντέβλιν,2400
κινέζικη,2400
ελίτ,2398
φυλακισμένοι,2398
γενειάδα,2397
σερβίρει,2397
καταλαβα,2397
μπράντυ,2397
αρχόντισσά,2396
μηνύματά,2396
Μόρντορ,2396
χτυπήσετε,2396
διατήρηση,2395
εβαλα,2395
Ρούσβελτ,2395
πλήγωσες,2395
ανάγκασες,2395
προσβάλεις,2395
Στάλιν,2395
φώναξέ,2393
πιστούς,2393
μαγαζιού,2393
πετώντας,2393
Κλαίρ,2393
εγκυμοσύνης,2393
βυθό,2392
παραδεχτούμε,2391
Γιούτα,2391
Ερμιόνη,2391
εντωμεταξύ,2390
λωρίδα,2390
σ'έχω,2389
Ο'Νηλ,2389
μοχλό,2388
χρησιμοποίησέ,2388
το'κανα,2388
συμμαθητές,2388
Λούση,2388
διδακτορικό,2388
επάγγελμά,2388
θεωρούνται,2387
ανάρρωση,2387
κουκουβάγια,2386
μπιλιάρδο,2386
αρνήθηκες,2386
Σέρινταν,2385
παράνομες,2385
οφείλεις,2385
βλάψουν,2385
περπάτησε,2385
παγιδευμένη,2385
πληρώνεσαι,2385
δεκατέσσερα,2384
μαζεύουν,2384
μέτρησα,2384
Μπάγκινς,2384
πετύχαμε,2383
Ολλανδία,2383
προλαβαίνω,2382
Χριστούλη,2382
κρύος,2382
εκπαιδευτής,2381
παράγοντας,2381
συνδεθεί,2380
πεποιθήσεις,2380
πίπες,2380
ζωγραφίζει,2380
συνεχής,2380
φαγητο,2380
ντομάτες,2380
υπογραφές,2379
παρατηρώ,2379
Φήλιξ,2379
ναύαρχο,2378
κρίνουμε,2378
ετήσιο,2378
απ'αυτή,2378
χτίσω,2378
πιτζάμες,2378
σκασίλα,2377
κηδείες,2377
ένοιωθα,2377
εχθρών,2377
απειλούν,2377
Χάνσον,2377
θυμού,2377
πάστορα,2377
επίδομα,2377
Χόπερ,2376
ανταπόκριση,2375
αφορμή,2375
Χορν,2375
τραπεζών,2375
Τζένυ,2375
καθάρισες,2375
χρειάστηκαν,2374
ντρέπεστε,2374
μελέτης,2374
θάνατον,2374
αφοσιωμένη,2373
πόλεμοι,2373
Μάριαν,2373
εγκαταλελειμμένο,2373
ηλεκτρισμό,2373
πωλήσεων,2373
Σέλμπι,2373
υπέγραψες,2372
πρόσφεραν,2372
παρεξηγήσεις,2371
ενάμιση,2371
Λίλιθ,2371
ράφια,2371
Χάννα,2371
ανακατευτείς,2371
πιστεύεται,2370
θνητός,2369
άριστη,2369
βίντσι,2369
πληγωθείς,2369
συναντήσαμε,2369
εναντίων,2369
καταπιεί,2368
Τζάρβις,2368
ψαράς,2368
σαφείς,2368
γαλόνια,2368
Μπουτς,2368
ντάξει,2367
παρακολουθήσουμε,2367
παπουτσιών,2367
λύτρωση,2367
τζακούζι,2367
ΣΙΑ,2367
καταστροφικό,2366
πολυθρόνα,2366
ειδοποιήσεις,2366
τών,2365
βιολογικά,2365
κλεισμένος,2365
χαμένες,2365
πουλάτε,2365
αίθουσες,2365
χωρα,2364
Τέρυ,2364
πολέμησα,2364
Έντυ,2364
Τιλ'κ,2364
Πάιλοτ,2363
απαραίτητες,2363
ψυχαγωγία,2363
Βέρτζιλ,2363
Στάρλινγκ,2363
ονομάζουμε,2363
χθεσινό,2363
ρίχνετε,2362
εναλλακτικό,2362
σικ,2362
βανίλια,2362
θύμισέ,2361
σύριγγα,2361
στεγνό,2361
όμερ,2359
συγχρόνως,2359
έλκηθρο,2358
πρόβλεψη,2358
Κινγκς,2358
επέστρεφα,2358
Τάμι,2358
σμήναρχος,2358
σκέπτεσαι,2358
οθόνες,2358
εκτελέσουν,2357
παλούκι,2357
στραβό,2357
ενεργή,2357
Κόλιερ,2356
στάδια,2356
ληστή,2356
λάτρευα,2356
χοντρέ,2356
νταμς,2355
μεση,2355
λάμα,2355
νήμα,2355
συναισθηματικός,2355
διαβολικό,2355
Αϊ,2355
αλήθειες,2354
εκδότη,2354
λοίμωξη,2354
λέξης,2354
οπαδούς,2354
κύκλου,2353
ανεβάσουμε,2353
Μανουέλ,2353
εκρηκτικό,2353
ρολ,2353
επανήλθε,2353
Μωυσή,2352
άλλά,2352
κοντινότερο,2352
χωρικοί,2352
παιχνιδι,2352
αλόγων,2352
εξαρτήματα,2352
Λουιζιάνα,2352
ζουμ,2352
δεχτήκατε,2351
καληνυχτα,2351
δράκοι,2351
βαθμολογία,2350
παραίτησή,2350
καταδικασμένοι,2350
γλώσσας,2350
κλειδωμένος,2349
πεινάτε,2349
αστροναύτης,2349
εστία,2349
φράουλες,2348
γελάμε,2348
Όρεγκον,2348
ηρωίνης,2348
προϋπόθεση,2347
οικονομικές,2347
εικασία,2347
κλειδώσεις,2347
σερφ,2347
καφέδες,2347
σενάρια,2347
μπαλιά,2346
πελάτισσά,2346
έλθεις,2346
τσίμπημα,2346
σύλλογο,2346
τραγουδά,2346
υπηρέτησε,2345
Ντάν,2345
ελέφαντας,2344
πεθαμένο,2344
φλερτάρεις,2344
αρνήθηκαν,2344
πονούσε,2344
συγκεντρώσεις,2343
γαμώτη,2343
εμφανιστώ,2343
σωλήνας,2342
άλλοτε,2342
γλύκας,2342
Κλαρίς,2341
διέταξα,2341
Βάργκας,2341
ΛΟΝΔΙΝΟ,2341
αντιπαράθεση,2341
μεταφορών,2341
γέφυρας,2340
μαγνητικό,2340
Πέγκυ,2340
χετε,2340
αίτημά,2340
δειλό,2340
αναισθησία,2339
πανάθεμά,2339
παρασύρει,2339
Μόγια,2339
θελουμε,2338
λουτρό,2338
μπερδέψει,2338
ανελκυστήρα,2338
βοηθειών,2337
δείρω,2336
ψύχωση,2336
το'κανες,2336
πονέσεις,2336
Άρτσι,2336
σχετική,2335
συλλάβετέ,2335
βοήθειας,2334
βέβαιοι,2334
επίσκεψή,2334
σάλιο,2334
ανυπομονούσα,2334
τριάδα,2334
ξεχνάει,2333
Έιβα,2333
συναντήσουν,2333
Γκαν,2332
κύστη,2332
κινδυνεύουμε,2332
αυξάνονται,2332
πηρα,2331
επανω,2331
ανήθικο,2331
σήραγγες,2331
συμφέρει,2330
Μπράντ,2330
πλήρωνα,2330
πατημασιές,2330
απόβλητα,2330
Στάιλς,2330
Νιούτον,2329
ντύνεται,2329
αιχμάλωτοι,2329
ενίσχυση,2328
κινηματογράφου,2328
επιζών,2328
Λέκτερ,2328
ναύτης,2327
γνήσιο,2327
οσοι,2327
φίνα,2327
διαισθάνομαι,2327
αθανασία,2327
ταξίδεψε,2327
διαβάσατε,2327
σχεδία,2327
νοιώσεις,2327
πατινάζ,2327
χορτάρι,2327
πιθανών,2326
τελειωσε,2326
αλλους,2325
παρανοϊκό,2325
εφτασε,2325
τελωνείο,2325
διευθύνων,2324
παράγουν,2324
Τζερόμ,2324
επισμηναγέ,2324
μύτες,2324
Κιου,2324
Μαρτίνεζ,2324
ζαχαρωτά,2323
συνεργαστείτε,2323
ην,2323
συναντηθούν,2322
απογραφή,2322
γερο,2322
κρασιού,2322
οργάνωσε,2321
κόσμε,2321
προσοχής,2320
Καπ,2320
απόκριες,2320
στέκει,2320
μπαμπάδες,2320
κέρδιζε,2319
ανταλλάξουμε,2319
ζητούσες,2319
πληρωμές,2318
Σεργκέι,2318
έδειχναν,2318
βδομάδας,2318
ιδιότητες,2318
μοιραστείτε,2318
παραδοθείτε,2318
Ιρλανδός,2318
πραγματικότητας,2318
Αρτ,2318
ταλαιπωρία,2318
Ν.Υ,2318
σαράβαλο,2317
πολέμησαν,2317
κρέμονται,2317
αδερφοί,2317
αναγέννηση,2317
παρατήρησε,2316
Σύνθια,2316
Λουίζα,2316
καταζητείται,2316
Θία,2316
σκουλαρίκι,2316
ήσυχοι,2315
συναντά,2315
περπατά,2315
άξιο,2315
Έντουαρντς,2315
υποδοχής,2315
γνώσης,2315
ξεφορτωθείτε,2315
μίλαγε,2314
κατήγορος,2314
χαρίσω,2314
Μάγκνους,2314
Οκλαχόμα,2314
επιχειρηματίες,2314
ερωτεύτηκες,2314
σέλα,2313
άρεσα,2313
καρκίνου,2313
ανύπαντρη,2313
Τζανίν,2313
μετακίνηση,2313
ανησυχίας,2312
μαντέψεις,2312
πρόθυρα,2312
σπάω,2312
παρουσιαστεί,2312
γραφειοκρατία,2312
καρδιακό,2311
παραμένεις,2311
πάνα,2311
κουτάβια,2311
Σταχτοπούτα,2311
ιθαγενείς,2311
καταφέρνουν,2310
Μάρα,2310
τρομοκρατημένος,2309
ανάψουμε,2309
άσκοπο,2309
τραγουδούσε,2309
ξανασυναντηθούμε,2309
σημείωσε,2308
τίθεται,2308
καθόμασταν,2308
Νταίζη,2307
φυλάξω,2307
ξαναγύρισε,2307
στρίψτε,2307
πομπός,2307
αποδεικνύουν,2306
τοξικολογική,2306
θυμαμαι,2306
άρια,2306
φυγει,2306
καλοκαιριού,2305
επηρεάζουν,2304
ρομαντικά,2304
πνίγομαι,2304
ξάδελφος,2304
κοροϊδεύω,2304
Αλαμπάμα,2304
Αλέξις,2303
στημένη,2303
κατάλογος,2303
μυστηριώδες,2303
Ντέιβι,2302
τρεχει,2302
προκαλώντας,2302
γερανό,2302
βοδινό,2302
δονήσεις,2301
μετακινήσω,2301
ανήσυχη,2301
υπόψιν,2301
κολεγίου,2301
νευριασμένος,2301
πράγματος,2300
δουλέψετε,2300
υποψήφια,2300
προστάτεψε,2300
ανακρίνω,2299
Κένζι,2299
αίσχος,2299
Κογκρέσου,2299
εξασφαλίσει,2299
αυθεντική,2298
φυλάξει,2298
βασισμένη,2298
αποδεκτή,2298
ψυχικά,2298
πόνυ,2297
πάκο,2297
έχουνε,2297
κλασσικό,2297
Λόκι,2296
δακτυλίδι,2296
μετακινήσεις,2296
χιλιομέτρων,2296
τέλειες,2296
γουρουνάκι,2296
αηδιαστικός,2296
πικνίκ,2296
ζωντανές,2296
θησαυρούς,2295
ντουζ,2295
αποδράσει,2294
κοφτερό,2294
ευάλωτη,2294
σιγουρευτείς,2294
αδύναμους,2294
αρχίζοντας,2293
πολυβόλο,2293
δοκιμασίες,2293
εδωσε,2293
κοριτσια,2292
μικρούλης,2291
κλασσική,2291
ψύχραιμος,2291
κόβουμε,2291
Αργεντινή,2291
χρησιμεύει,2290
κορδόνια,2290
μετατρέπει,2290
Πέρκινς,2290
απο'δω,2289
ζωγραφίσω,2289
βιαστής,2289
ενεργοποιηθεί,2289
αρρώστιες,2289
θυμόταν,2288
παλιόπαιδο,2288
συνεδρίες,2288
δυνατότερος,2288
φωνάζουμε,2288
ενθουσιαστεί,2287
Κεντάκι,2287
σχημα,2287
μπουγάδα,2287
κρύωμα,2287
Ελάιζα,2286
καταστροφές,2286
πνευμονία,2286
Πίτσμπουργκ,2286
μ'ενδιαφέρει,2286
βάτραχος,2286
ολοφάνερο,2286
τσάκωσα,2286
ενδιαφέρουσες,2286
εκστρατείας,2285
φορτία,2285
θυμίζω,2285
δωρεές,2285
αναπληρωτής,2285
Σάιλερ,2284
Άιζακ,2284
διακριτικός,2284
τραγουδήσουμε,2283
νότου,2283
σερβίρουν,2283
Ντόριαν,2283
Μπρέιντι,2283
αποκαλούσαν,2283
αναπνοές,2283
αποσυρθώ,2283
Γερμανίας,2283
δελφίνια,2283
χειρίζομαι,2282
6η,2282
υπόπτου,2282
γραπτά,2282
γώ,2282
έγκρισή,2281
εγκαταλείπει,2281
αλαζονεία,2281
στημένο,2281
παλμός,2281
παρέμεινε,2281
πρωϊνό,2281
χτυπήσατε,2281
πλάτος,2281
εκτελέσει,2280
νεαρούς,2280
ερθεις,2280
παρανοϊκή,2279
επίθετό,2279
φυλακισμένη,2279
βαλες,2279
τελεια,2278
κλαδιά,2278
χημειοθεραπεία,2278
φαντασμάτων,2278
σταθερότητα,2278
χαιρετήσω,2278
κλέψαμε,2277
τουλαχιστον,2277
αθλητικό,2277
λογαριασμού,2277
διεθνείς,2277
κέρατο,2276
πετάξετε,2276
παραδόξως,2276
θέσουμε,2276
Σάμ,2275
αμφισβητώ,2275
αγαπιόμαστε,2274
μερίδες,2274
επιτυχημένος,2274
Αντυ,2274
άχυρα,2274
πραγματάκια,2274
καυτά,2274
μισούς,2274
παραδείσου,2274
διδασκαλία,2274
κυβερνητική,2273
φαίνονταν,2273
γράψουν,2273
υποθέτουμε,2273
φιλάω,2273
δορυφορική,2273
Σάιλας,2272
αντιδράσει,2272
ευχαρίστησε,2272
ξαναμιλήσεις,2272
χάους,2272
ντροπαλή,2271
Λόπεζ,2271
ξεκαρδιστικό,2271
ξοδέψω,2271
φοβερές,2271
πρότζεκτ,2271
πίτσες,2270
αξίζετε,2270
έμπαινα,2269
θλιμμένη,2269
στύση,2269
αρχών,2269
Κλώντια,2269
ανάπηρος,2269
κάβα,2268
εξετάσεων,2268
ανατιναχτεί,2268
ηρέμισε,2268
Ντατς,2268
Ντιμίτρι,2268
οδηγέ,2268
πολεμάω,2267
βολέψου,2267
Λουσίλ,2267
Χατς,2267
Βαγδάτη,2267
σταφύλια,2267
σύστησε,2267
θεραπευτεί,2266
Σώγιερ,2266
διατηρήσω,2265
πατήστε,2265
εμπειρίας,2265
παρεκκλήσι,2265
καβαλάρης,2265
σερβίρεις,2264
σκοτώνετε,2264
όρχεις,2264
πρωθυπουργέ,2264
γρηγορότερο,2264
Τσου,2264
σκάνε,2264
Βούδα,2264
Τζόσεφ,2264
ντυμένοι,2263
φοβισμένοι,2263
εξαίσια,2263
θλιμμένος,2263
φώναζα,2263
στοργή,2263
χρησιμοποιήσαμε,2263
τόπους,2263
βρίζεις,2262
θαλάσσιο,2262
συνετό,2262
αρχηγούς,2262
δέντρου,2262
οδηγώντας,2262
παρακολούθησα,2262
κρίσιμο,2262
Στέρλινγκ,2261
ορφανό,2261
αποχαιρετιστήριο,2261
γρήγοροι,2260
τοκ,2260
Ότις,2260
Αστροστόλου,2260
αλλάξτε,2260
πιθανότερο,2260
Παρισιού,2260
Ραλ,2260
κλέψατε,2260
έμβρυο,2260
ξεγέλασες,2259
αγκάλιασε,2259
ακους,2259
μέγαρο,2258
πάθους,2258
μεταξυ,2258
μπάρα,2258
έκαψα,2257
Ντιουκ,2257
κώλου,2257
χτυπημένος,2257
δυσκολο,2257
εμπιστευτείτε,2257
Λούης,2257
μέντα,2257
Μεξικού,2257
κλαίς,2256
Γκόντορ,2256
αθώων,2256
πετάτε,2256
επιτυχίες,2255
πολεμώντας,2255
αίτησή,2254
κρατείται,2254
συμμετέχουν,2254
κουπόνια,2254
μπερδεμένα,2254
σταματάνε,2253
βγάλατε,2253
νιώσετε,2253
χριστουγεννιάτικα,2253
λατρεία,2252
λέγοντάς,2252
ευκαιρίας,2252
ανακαίνιση,2252
τηλεοπτική,2252
λόχο,2251
μπράτσα,2251
μυστικής,2251
έδεσε,2250
απολαύσουμε,2250
απορρίψει,2250
Σίλβια,2250
οποιο,2250
ινδικό,2250
διασκεδάζουν,2250
γράψτε,2250
πισινός,2249
ευθέως,2249
Βρετανούς,2249
δίδυμες,2249
χωρίσατε,2249
νους,2248
φερθώ,2248
Λέιλα,2248
σοβαρα,2248
άφιξή,2247
Μπάρετ,2247
ευθύς,2247
βγές,2247
έδειχνες,2247
συντήρησης,2247
χρυσέ,2246
κρατηθεί,2246
Πρου,2246
άρπαξα,2245
ασχολούμαστε,2245
αξιοπρεπής,2245
Έιριν,2245
ελέγχεται,2245
μολύνει,2244
ακοή,2244
ανακτήσει,2244
επιτέθηκες,2243
περιβάλλοντος,2243
συμβόλαιό,2243
πεθερά,2243
Σαντιάγκο,2242
Τζένσεν,2242
Σάνι,2242
διατριβή,2242
ευχηθώ,2241
Έιντεν,2241
Τζώνυ,2241
συλλυπητήριά,2241
χειρίζεσαι,2240
κορυφαία,2240
κακούργημα,2240
Τζίλιαν,2240
κανονίσαμε,2239
άνηκε,2239
θάψουν,2239
αξιοπρεπή,2239
Κρούγκερ,2238
θα'μαστε,2238
Ανίτα,2238
άφθονο,2238
βλήμα,2238
κονσέρβα,2237
αναίσθητο,2237
απαντήσουμε,2237
πλησιάζετε,2237
μαέστρο,2236
ρυάκι,2236
σχεση,2236
σέξ,2235
έσωσαν,2235
Μπέντζι,2235
Αθήνα,2235
εκπομπής,2234
αφαίρεση,2234
ταυτοποίηση,2233
αρπάξω,2233
μικροκυμάτων,2233
τελικα,2233
δώσ'του,2232
παρατηρητής,2232
ακτής,2232
κυβερνητικό,2232
κρέατος,2232
κατσαρίδα,2232
ομορφο,2232
άπληστος,2232
νονός,2231
πλημμύρα,2231
αγνοεί,2231
ράγες,2231
ανώμαλο,2231
υποταγή,2230
αγόραζα,2230
αγόραζε,2230
μαργαριτάρια,2230
σαύρα,2230
τηλεφώνημά,2230
κωλόπαιδο,2230
σεισμό,2230
προφήτη,2229
συνέχισα,2229
Όλιβ,2229
ολυμπιακούς,2229
εσώρουχά,2229
σκότος,2229
ήλθα,2228
προεδρία,2228
ψεματα,2228
περιορίσουμε,2228
ενσωμάτωση,2228
αναμένουμε,2228
χάρηκε,2228
Βίτο,2228
ουπς,2227
κοιτώνα,2227
κολλημένη,2226
παγκοσμίου,2226
γνωρίσατε,2226
Γουίλερ,2225
προσβάλλει,2225
σάπιο,2225
Φλόρικ,2225
βιαστώ,2225
Μπρονξ,2224
εμού,2224
προγόνους,2224
φτιαγμένα,2224
πωλητή,2224
ξέμεινα,2223
Μινγκ,2223
μετοχή,2223
ωφελήσει,2223
καθήκοντος,2222
διακριτικότητα,2222
ενήλικη,2222
κουβαλούσε,2222
Λεόν,2222
λύστε,2221
γκονγκ,2221
ορίζει,2220
αλλες,2219
μαλώνετε,2219
ετοιμαζόμαστε,2218
κολλητή,2218
παράγοντες,2218
λάμπουν,2218
χρωστάτε,2218
αναμορφωτήριο,2218
συμμετείχε,2218
σος,2218
ρωσικό,2217
κοριούς,2217
βίασαν,2216
παρακολουθούσες,2216
Τρέι,2216
ξεχνώ,2216
λύκου,2216
διασκεδάζουμε,2215
πόνι,2215
Γουίντερφελ,2215
βήχα,2215
σκύλων,2214
αποτύχω,2213
ετοιμαστεί,2213
λιακάδα,2213
καρναβάλι,2213
αεροπορικό,2213
ρώτησέ,2212
υποθέτοντας,2212
παρακολούθησε,2212
ενωθούν,2212
υποψήφιοι,2212
μοιραία,2212
έβρεχε,2212
ασχολείστε,2211
κινητήρας,2211
Κέητ,2211
σκοτώνεται,2211
νοικοκυρά,2211
Ρόμπινς,2211
κρατα,2210
θαύμαζα,2210
εκκρεμότητες,2209
θηλιά,2209
ολοένα,2209
φρόντιζα,2209
επώδυνο,2209
νταβατζής,2208
υπόνομο,2208
διαλύστε,2208
σεντούκι,2208
περίπλοκα,2208
χριστουγεννιάτικη,2208
προσπάθειά,2208
πυροκροτητή,2208
πολλες,2208
χώσει,2208
ντύσιμο,2207
ριψοκίνδυνο,2207
συζητάω,2207
έξαψη,2207
ζηλιάρης,2207
γράψατε,2207
μπουφέ,2207
γόνατό,2207
αναρρώσει,2207
εκβιασμό,2207
παϊδάκια,2207
οργανώσω,2207
Σπρίνγκφιλντ,2206
Τίμοθι,2206
χαμένους,2205
άρχιζε,2205
Ζεντ,2205
πατριός,2205
δηλαδη,2205
Λάο,2205
μιλ,2205
Βερν,2205
τέκνο,2205
λαβύρινθο,2204
ματιού,2204
ερασιτέχνης,2204
Κόρι,2204
έθαψα,2204
εργοδότης,2203
αηδιαστική,2203
ακουμπήσει,2203
διακρίσεις,2203
τράπουλα,2202
Κασσάνδρα,2202
φρίκαρε,2202
διώχνεις,2201
κορν,2201
ανατινάξω,2200
πειρατή,2200
δορυφόρους,2200
ιδιοκτήτρια,2200
κεράσεις,2199
εκκλησίες,2199
ερθω,2199
ηλεκτρονική,2199
συμβει,2199
ξύρισμα,2198
γα,2198
μειώσει,2197
μαύρων,2197
κρανίου,2197
αράπηδες,2197
ξανασκεφτείς,2197
Χάρλεμ,2197
σωματοφύλακα,2197
ευάλωτος,2196
ταξιδέψεις,2196
αιώνας,2196
Ρόουντς,2196
ύλης,2195
δέσεις,2195
δύσης,2195
εξαντλημένος,2195
πακ,2195
συνειδητοποίησε,2195
τρομαχτικό,2195
τέταρτος,2195
αγνοούνται,2194
αμερικάνο,2194
χαρη,2194
καρπός,2194
συμφώνησαν,2194
καναδυό,2194
απόρρητες,2193
αξιοθέατα,2193
εξωγήινων,2193
ματα,2193
καθενός,2193
παρατηρητήριο,2193
δισεκατομμύριο,2193
τόλμη,2193
παραδίδω,2193
είδωλο,2192
Φερνάντο,2192
μουνάκι,2192
πιπέρι,2192
γαμάτος,2192
δικα,2191
φερθεί,2191
Γουιλ,2191
επέζησαν,2191
φιλανθρωπική,2191
αρμόζει,2191
ανάμιξη,2191
φιδιού,2191
λειτουργούσε,2190
πολιτικών,2190
κακάο,2190
σ'αρέσουν,2190
εξυπνότερος,2190
πολεμήσετε,2190
δυσάρεστα,2190
Μπίλ,2189
πεθανει,2189
μελών,2189
φοβηθείς,2189
Χέιλ,2189
μισθούς,2189
λαζάνια,2189
Σάντος,2188
ακροατήριο,2188
περνώντας,2188
διαδρομής,2188
δράσει,2187
ανθρωπο,2187
μερσεντές,2187
διαφύγει,2187
αναστενάζει,2186
κάλλιστα,2186
συγκίνηση,2185
έντερο,2185
ζακέτα,2185
βυθίστηκε,2185
χαρούν,2184
εντυπωσιάσει,2184
ζαλίζομαι,2184
Ναπολέων,2184
κορόιδα,2184
βρεθείτε,2183
μάρκετινγκ,2183
εκδικηθείς,2183
επιβεβαιώσουμε,2182
Λάκι,2182
περιπολικά,2182
πιστά,2182
ανέπνεε,2182
φθηνό,2181
Φάρελ,2181
βασανίζεις,2181
λυπήσου,2180
κουνάει,2180
Άρνολντ,2180
υποδεικνύουν,2180
σταμάτησέ,2180
ξεπερνά,2179
σατανική,2179
ξένα,2179
αρνί,2179
κόλλησες,2179
σοφέρ,2179
Πεγκ,2179
Κωνσταντινούπολη,2178
καλωσόρισμα,2178
λλαξα,2178
Μότσαρτ,2178
αποδεχτείς,2178
δίδακτρα,2178
καρφώσει,2178
κόμπο,2177
μοτοσικλέτα,2177
απασχόληση,2177
αντανάκλαση,2177
Σίρλεϊ,2176
γεμίζουν,2176
τροπος,2176
αποβολή,2176
διασχίσουμε,2176
ισχυρές,2176
Σπάρτακος,2176
σωρός,2176
αποδείξουν,2176
ρούχων,2176
πούνε,2176
ταπεινά,2175
ΥΠΟΤΙΤΛΟΙ,2175
Γκεστάπο,2175
τοπ,2175
προσφέρετε,2174
ονομάσουμε,2174
χου,2174
συνάδελφοί,2174
υπηρέτησα,2174
επιστημών,2174
έρανο,2173
διπλός,2173
εμφανίσεις,2173
ζητούμε,2173
εύχεται,2173
δοκιμάζει,2172
αγόρασαν,2172
στηρίζεται,2172
προετοιμασίες,2172
πληρώνετε,2172
οφθαλμού,2171
αετό,2170
στηρίζει,2170
χαφιές,2170
ευλόγησε,2170
ανέμου,2170
επικοινωνεί,2169
προφανής,2168
εξυπηρετεί,2168
Παλμ,2168
σπασίκλας,2168
παρμπρίζ,2168
κά,2168
Ζίβα,2167
Κάπρικα,2167
κρατική,2167
Σάνσα,2167
διαφωνείς,2166
κλειστός,2166
παπαριές,2166
πειράζουν,2165
ανακρίνει,2165
κανονικές,2165
θρησκευτική,2165
λετε,2165
θυμήθηκε,2164
όου,2164
νέγρος,2163
σχεδιαστεί,2163
φιλαράκος,2163
εμπιστευόταν,2163
έριχνα,2163
τσακωνόμαστε,2163
Γουόλντεν,2162
τινάξει,2162
αφαιρέσεις,2162
ακυρώσεις,2162
σιδηρόδρομο,2161
ουρλιάζουν,2161
Φαγιέντ,2161
καταστροφική,2161
θανάσιμα,2161
παγκόσμιας,2161
δάκρυ,2161
επίτροπος,2160
βάψει,2160
θήραμα,2160
θερμά,2160
πράσινος,2160
Τέιτ,2160
δηλώσει,2160
περιόδου,2160
Πόλυ,2160
απασχολήσω,2159
σύγκρουσης,2159
Σέι,2159
γεννήτριες,2158
φυσιολογικοί,2158
ξυπνητήρι,2158
κώδικες,2158
αντιμετώπιση,2158
συμπαθούσε,2157
αναμμένα,2157
κτλ,2157
μαγικές,2157
αρρωσταίνει,2157
πολεμο,2157
οου,2157
ξανασυναντηθεί,2157
φαινόσουν,2156
περιγράψεις,2156
επανιδείν,2156
μαζορέτες,2156
κατηγορήσουν,2156
αναλάβετε,2156
Λάνιστερ,2155
επιβίωσε,2155
προσέξατε,2155
ξεπερνάει,2155
διαφέρουν,2155
πορτρέτο,2154
δηλώνω,2154
ζωης,2154
σημαδεύει,2154
γλιτώσουμε,2153
σύνδεσέ,2153
σωστο,2153
Μπρεντ,2153
κάηκαν,2153
κάλυψή,2152
βάφλες,2152
διπλωματική,2152
γίγαντα,2152
αναπηρική,2152
τρομοκρατημένη,2152
οΏ½οΏ½οΏ½,2152
διδάσκεις,2152
τιμά,2151
βασίζεσαι,2151
Κονέκτικατ,2151
τρέφεται,2151
ενυδρείο,2151
αφηστε,2151
ασήμαντος,2151
Ρούπερτ,2150
ασυρμάτου,2150
μεγάλωνε,2150
στήσω,2150
αντίκτυπο,2150
κυνηγούσα,2149
κανονισμοί,2149
άγγιξες,2149
πίθηκοι,2149
ρώσικα,2149
χτυπήθηκα,2149
Μπέρναρντ,2149
έθαψε,2148
ευαίσθητα,2148
αναμμένο,2148
υπουργού,2148
προσβολές,2148
Αβάνα,2147
κλέβουμε,2147
ζούνε,2147
θορύβους,2147
σκαρώνει,2147
πανικοβάλλεσαι,2146
Νελ,2146
Ραζ,2146
απόλαυσέ,2146
χειρόγραφο,2146
ανοίξαμε,2146
ψήφος,2146
χορδές,2145
πονοκεφάλους,2145
Κολούμπια,2145
αγγίζουν,2145
συνδέσει,2144
αβγό,2144
κλοπές,2144
εθεάθη,2144
ναού,2143
όποιοι,2143
σοβαροί,2143
άστεγους,2143
υστερία,2143
πίναμε,2143
προώθηση,2143
μισο,2142
γάτος,2142
σκεφτόμασταν,2142
ιστορικά,2142
μεξικάνικο,2142
βρισκεται,2142
Φελίσιτι,2142
Λίλιαν,2142
μερική,2141
φωνάζοντας,2141
πούλο,2141
οποίον,2140
σάπια,2140
βοήθειες,2140
προτεραιότητες,2140
πατε,2140
επιθυμούν,2139
ανακατεύομαι,2139
τρελαίνονται,2139
σπουδαίοι,2139
επόμενους,2139
φυλακών,2138
βαρέθηκε,2138
μαγειρικής,2138
απότομη,2138
πολύπλοκη,2138
διακυβεύεται,2137
κλαπεί,2137
Χάρβυ,2137
Ράις,2137
μπάτσελορ,2137
απτο,2137
ολοκληρώσουμε,2136
γάμοι,2136
εξέτασα,2136
ξέχασαν,2136
κρασιά,2136
έκατσε,2135
αληθινούς,2135
αναλογία,2134
κακομοίρη,2134
εγινα,2134
μπίρες,2133
δημοσίων,2133
απαγορευμένο,2133
χαζούλη,2133
αξιολύπητη,2133
συνδέσουμε,2132
παρέχουμε,2132
σωθείς,2132
συνάδελφό,2132
τρελέ,2132
προσβάλλω,2131
κολακεύεις,2131
βαθμός,2131
παριστάνει,2131
Εουν,2131
λάθους,2130
Φρανκενστάιν,2130
προκαταβολικά,2129
εργάζεστε,2129
ανεβάζει,2129
ήρεμο,2129
ανατινάχτηκε,2129
προγραμματιστεί,2129
θεάτρου,2129
σκοτεινιάσει,2129
Γενεύη,2128
σπεσιαλιτέ,2128
αναγκαία,2128
συνέταιρο,2128
σκιών,2128
επιτραπεί,2128
Μινεσότα,2128
σακί,2127
εκφράσεις,2127
αποστολη,2127
πούλα,2127
Ιουλιέτα,2127
έζησες,2127
πεισματάρα,2127
αγγίξετε,2127
ειρηνική,2127
φράουλα,2127
Χότζινς,2126
αστυνόμοι,2126
ακολουθείτε,2125
επανένωση,2125
πάψω,2125
ιδιοφυές,2124
θηλυκά,2124
Πέπερ,2124
θανάσιμη,2124
Μπάλταρ,2124
νεαρού,2124
εκτιμήσει,2123
γηροκομείο,2123
πεταλούδες,2123
παρκαρισμένο,2123
συμπάθησα,2122
οικοδεσπότης,2122
καρδούλα,2122
σκ,2122
ερχόσασταν,2122
διαπραγματευτούμε,2122
αρχη,2122
δέντρων,2121
εγκρίνεις,2121
βακτήρια,2121
Μάρεϊ,2121
ωμέγα,2121
επιθετικό,2121
γραφικό,2121
ανάψτε,2121
παραλάβει,2120
βράζει,2120
σκόπευες,2120
δειπνήσουμε,2120
καταλαβαινεις,2120
κόμπρα,2119
ηρεμήσουν,2119
Σαρλότ,2119
πρακτικό,2119
ανεξάρτητος,2119
μάγειρα,2119
φρέσκος,2119
θα'ρθεις,2118
πειστικός,2118
κηπουρός,2118
βρικολάκων,2118
θαλάσσια,2118
προσεύχεται,2118
κομμωτήριο,2117
ΔΙΑΛΟΓΩΝ,2117
βγείς,2117
δεύτερης,2117
Φλόιντ,2116
κατευθυνόμαστε,2116
έτρωγες,2116
Σαγκάη,2116
γενναιότητα,2115
κακοτυχία,2115
χελώνες,2115
εβραίο,2115
καθαρισμού,2115
κολλητό,2115
εντοπισμό,2115
αντανακλαστικά,2114
Μπάιρον,2114
σάν,2114
Αννι,2114
θεϊκή,2114
Χέρμπερτ,2114
πλαστό,2114
θαυμάστρια,2113
θεραπευτής,2113
καταμέτρηση,2113
Μπρόντγουεϊ,2113
φανούν,2113
φούσκα,2113
λαγό,2112
ασήμαντα,2112
κόλλημα,2112
πονηρό,2112
κολλήσαμε,2111
αυστηρός,2111
ταξιδέψουμε,2111
κηδεμόνας,2111
Σουκ,2111
νόσο,2111
αποτυχημένη,2110
μπάι,2110
πραξικόπημα,2110
νομικής,2110
Εντουαρντ,2110
τίμιο,2110
νορμάλ,2110
υποθετω,2110
κατεβαίνουμε,2109
αναλυτής,2109
Ατλαντικό,2109
θέλησης,2109
εκλογών,2109
κωμικός,2109
γυναικείες,2108
τραβάμε,2108
απαγωγές,2108
Ίζι,2108
απαγάγουν,2108
προτιμάει,2107
αποδείξετε,2107
κατάγματα,2107
πλήγμα,2107
Μπόλτον,2107
Πρίνστον,2107
νύχι,2107
βοηθώντας,2107
Λορέιν,2106
γεμίστε,2106
φιλενάδες,2106
καβγάδες,2106
Γουέην,2106
Χωκ,2105
ίντσες,2105
περπατώ,2105
λαμβάνουν,2105
τεμπέλης,2105
ήπαρ,2104
Πάουερς,2104
φιλικοί,2104
χαλάω,2104
τρακτέρ,2104
έσκασαν,2104
σφηνάκι,2103
σκοτωσει,2103
επέτρεψέ,2103
περιμενω,2103
φιγούρες,2103
νόβα,2103
Αλλωστε,2103
νότιας,2102
διώχνει,2102
πέρσυ,2102
κολατσιό,2101
μούμια,2101
ημερολόγια,2101
χαρές,2101
Γουώλτ,2100
γέλα,2100
σκοράρει,2100
ούρλιαζε,2099
Σιμς,2099
αυξήσει,2099
συγχωρεί,2099
μπαστούνια,2099
συνηθίζει,2099
ώριμη,2099
σκέφτηκαν,2098
αναισθητικό,2098
ανέθεσε,2098
αστειο,2098
πολιτισμούς,2098
διασημότητα,2098
ελαττώματα,2098
Αλμπέρτο,2098
αποσπάσει,2097
γαμιόληδες,2097
γρίφος,2097
Ταε,2097
ρύθμιση,2097
αγοραστής,2097
βουλευτής,2097
Χουσεΐν,2096
Έλενορ,2096
παγκάκι,2096
κεραυνό,2096
ενοχλείτε,2096
παλαβό,2095
σκελετό,2095
σπρώχνει,2095
πλύνε,2095
μεινει,2095
ενότητα,2095
στάζει,2095
νε,2095
κυνηγώντας,2094
αιδοίο,2094
παρασκευής,2094
στήθους,2094
Ντέκλαν,2093
εμποδίσεις,2092
ευχήσου,2092
χτυπάτε,2091
πάρτην,2091
ονομάζουν,2091
άξια,2091
διαταραχές,2091
στάθμευσης,2091
εμποδίσουμε,2091
δίχτυα,2091
Ελισάβετ,2090
πιθανός,2090
εξέλιξης,2090
ευφυής,2090
παρέχω,2090
συμπεριλαμβανομένων,2090
ζεί,2089
Γκάντι,2089
περιστροφή,2089
αφησω,2089
μπάσταρδους,2088
αποκαλύπτει,2088
Γουέντυ,2088
κρεμάλα,2088
γνωστές,2088
φλερτ,2088
οντότητα,2087
βάλ'το,2087
χαιρέτησε,2087
λειτουργικό,2087
φάουλ,2086
θα'θελες,2086
βεντέτα,2086
τρελλό,2086
Φολς,2086
κερατά,2086
κατασκοπεύεις,2086
παραδέχεται,2085
καμένο,2085
στεγνώσει,2085
αρραβωνιασμένη,2085
Κορέας,2085
Λίλαντ,2084
Λιανγκ,2084
ενέργειά,2084
εργαζόμενοι,2083
ξέφυγα,2083
τρώγε,2083
συμμετάσχω,2083
ταπεινή,2083
εντυπωσιαστεί,2083
ράτσα,2083
δεχθώ,2083
καθρέπτη,2083
λευκές,2082
κήπου,2082
λυπόμαστε,2082
μπέρτα,2081
επισκεφθεί,2081
αμυντικό,2081
αρουραίο,2081
καταγωγής,2081
αρχείων,2080
οργανώσει,2080
φάγατε,2079
παρηγορεί,2079
κηλίδες,2079
ραπ,2079
χαλαρό,2079
Κόλσον,2079
σκατώσεις,2079
καμάρι,2079
κέλυφος,2078
κυνηγητό,2078
αποσύρθηκε,2078
έξοχη,2078
ουρλιάζοντας,2078
σκύλοι,2078
Μακένζι,2078
απασχολούν,2077
ηλικιωμένους,2077
Χοτς,2077
καταραμένε,2077
καθυστερημένο,2077
θελήματα,2076
αδιαφορώ,2076
πληρώνεται,2076
διακοπών,2076
χώρισες,2075
απαγορεύω,2075
κρυφτό,2075
αδέρφι,2075
ηθικά,2075
Μάντυ,2074
Κρόου,2074
αποσύρω,2074
λήγει,2074
αδέξια,2074
καλάμι,2074
βαμβάκι,2073
στοιχειώνει,2073
κριτής,2072
κρεμάσει,2072
πληρωμής,2072
υποστηρικτές,2072
Γουντς,2072
τίς,2072
τεχνούργημα,2072
αεροδρομίου,2071
ξεκινάνε,2071
υπόπτων,2071
μικροσκοπικά,2071
Λίλη,2071
ουρές,2071
Γκάρντνερ,2071
βγώ,2070
ομιλίες,2070
καπό,2070
αιχμάλωτο,2070
σταθούμε,2069
νόστιμη,2069
άνεμοι,2069
σπάστε,2069
μονή,2069
αρπάξεις,2069
νες,2069
κουκλάρα,2069
γκομενάκι,2069
πιλοτήριο,2069
νεύρο,2069
γέρικο,2069
λάφυρα,2069
σωμα,2068
γαμηθείς,2068
ομολογήσεις,2068
πρόκειτε,2068
καφε,2068
εκλογή,2068
πληρωθώ,2067
υποχωρήστε,2067
ανάκρισης,2067
κοπριά,2067
αποκαλείται,2067
απολαύσετε,2067
αντιπρόσωπος,2067
τέλειωνε,2067
σχεδιάσαμε,2067
μετάλλαξη,2066
παραλαβή,2066
μέσης,2066
αγκαλιές,2066
βιομηχανίας,2066
διαθέσιμα,2066
Σιέρα,2066
βρωμάς,2065
Μακέη,2065
δώστα,2065
κουράστηκες,2065
δωμάτιά,2065
ρωτάμε,2065
επομενη,2065
πλησιάσουν,2064
τσεκάρεις,2064
εργοδότη,2064
ντρες,2064
ιδρύματος,2064
κατασκόπους,2063
άπειρο,2063
βελτιώσεις,2063
ανταγωνιστές,2063
νοστιμότατο,2062
ένστικτα,2062
αξιοθαύμαστο,2062
Πάτυ,2062
κλαίγοντας,2062
παρόμοιες,2062
έσβησαν,2062
περιέργως,2062
φράγκο,2062
Λεμ,2062
ανεβαίνεις,2061
υποσχέθηκαν,2061
αποβράσματα,2061
νοιαζει,2061
σούρουπο,2061
επιβιβαστείτε,2061
επιτεθείς,2061
πληρώσαμε,2060
Στιούι,2060
άνοιγε,2060
φορητό,2060
φάρμακό,2060
ξοδεύει,2059
καταθλιπτικό,2059
κρύψουν,2059
Γουίβερ,2059
πνίξει,2058
τηλεφωνούσε,2058
μέτρημα,2058
κολλημένο,2057
καταγράφει,2057
επιτρέψετε,2057
αμέτρητες,2057
ερωτευτείς,2056
φέρνοντας,2056
Σόγιερ,2056
λήστεψε,2055
συνηθισμένοι,2055
μοντέρνο,2055
εισβολέα,2054
ξένε,2054
ανατινάξεις,2054
τορπίλη,2054
Γκάιους,2054
τρανς,2054
βιντεοπαιχνίδια,2054
ηγείται,2054
υπομονετικός,2053
αστράγαλο,2053
σβήνουν,2053
εβδομήντα,2053
ξένων,2052
δασκάλους,2052
αστακό,2052
Όσβαλντ,2052
έντυπο,2052
υψηλότερη,2052
Ριτζ,2052
δίδυμοι,2052
αποκαλούσε,2052
Γκρίσομ,2051
σιτάρι,2051
επιτεθείτε,2051
εξυπνάδες,2051
ξεροκέφαλος,2051
αγνόησέ,2050
διαλέξτε,2050
εδωσα,2050
συλλαμβάνω,2050
αυτοκράτειρα,2050
εκείνων,2050
ρου,2050
ουρλιάζεις,2050
διευθύνεις,2050
αντικαταστάτης,2049
διαδρομές,2049
συστήσεις,2048
δορυφορικό,2048
έκλαιγα,2048
ντυθεί,2047
ανώμαλε,2047
αεροδρόμια,2047
Δαβίδ,2047
φιλόδοξος,2047
τζούρα,2047
ύφεση,2047
επαναστάτης,2047
Χικς,2046
μεγαλειότατη,2046
Λάινους,2046
κρεμάστηκε,2046
χωρίσουν,2046
φίλτρα,2046
τροφής,2045
δερμάτινο,2045
πυρηνικών,2045
κριτικές,2045
καρδινάλιος,2045
κουτάκι,2044
πράσα,2044
αντίδρασή,2044
συγχωρέσω,2043
ελιές,2043
περισσότερος,2043
διακριτικό,2043
τραγουδιού,2043
έργων,2043
κιλών,2042
θα'χεις,2042
συναντήθηκαν,2042
μαζέψαμε,2042
ξάδελφός,2042
συμβολίζει,2042
Μακόι,2041
κατεβούμε,2041
κουνήσω,2040
Άιρις,2040
ποτο,2040
παρτυ,2040
μ'αυτούς,2040
σελήνης,2040
νότα,2039
χιονιού,2039
ξεπληρώσεις,2039
ετοιμάζεσαι,2039
Μπετόβεν,2039
κρατήσαμε,2039
τρικ,2039
κατάφερνες,2038
φερω,2038
συναντούσε,2038
αποτρέψω,2038
συνεργάζονται,2038
τροπή,2037
ρευστό,2037
φέρτο,2037
καθάριζα,2037
απομακρύνεται,2036
καταρρέουν,2036
τραβάνε,2036
Ρέυ,2036
ετοιμάσεις,2036
καινούριους,2036
πανέμορφος,2036
κατσαρόλα,2036
κομητείας,2036
καλωσορίσω,2036
προγραμματίσει,2035
ανίχνευσης,2035
Μπάντυ,2035
γεμίσουμε,2035
υπόχρεος,2035
καπουτσίνο,2034
διορία,2034
φοβηθώ,2034
Κόννορ,2033
εξάνθημα,2033
μέχρις,2033
εθνών,2033
αιματοχυσία,2032
Ρικάρντο,2032
εγκαταλείψτε,2032
πιστεύοντας,2032
φόνισσα,2032
αρχάς,2032
μαζέψουν,2031
είσθε,2030
επιτελείο,2030
Μάντσεστερ,2030
Ν.Υόρκη,2030
αφήναμε,2030
γερμανό,2030
ιστού,2029
θελήσω,2029
καβγάς,2029
πλένω,2029
ταπί,2029
διάσημους,2029
Όρι,2029
νθρωπος,2029
βρισκόσουν,2028
παράλυση,2028
ρωγμή,2028
επιστρέψατε,2028
οφέλη,2028
αντρικό,2028
ογδόντα,2028
Μόρτον,2028
αποκαλύφθηκε,2028
ποινής,2028
εξελίχθηκε,2028
προσπαθήσατε,2027
ονόματος,2027
Ντόροθυ,2027
καταρχήν,2027
Τζόρντι,2027
Ρωμαίους,2027
ρωσικά,2027
σημασια,2027
αντιπρόεδρε,2027
χάρηκες,2027
αντιμετωπίσετε,2026
έκκληση,2026
χαρτούρα,2026
δανείσεις,2026
Χουντίνι,2026
αποδεχτεί,2025
σκοινιά,2025
Ριγκς,2025
φλυαρία,2025
αγάλματα,2025
ευατό,2025
εντυπωσιακά,2025
Όντιν,2025
Χάιντι,2025
πανικοβλήθηκα,2025
ΙΙ,2024
στριπτιζέζ,2024
διά,2024
Ουίλιαμς,2024
τιμήσουμε,2024
παράνομος,2024
πεντανόστιμο,2023
άμαξες,2023
τσίχλες,2023
ολοκλήρωση,2023
κατσαβίδι,2023
κεφαλές,2023
μέτωπό,2023
βρυκόλακες,2023
γνωρίσαμε,2023
εί,2022
ουαου,2022
δίλημμα,2022
Γουίλις,2022
επιμονή,2022
απ'αυτές,2022
λάβουν,2022
σκοπεύουν,2021
πολυβόλα,2021
τηλεφωνήσετε,2021
προπαγάνδα,2021
πιέζω,2020
σ'εκείνο,2020
Γουόρνερ,2020
ενθύμιο,2020
αξιοπρεπές,2020
τολμάτε,2020
ταπείνωση,2020
ύπαιθρο,2020
Γουίντσεστερ,2020
δυναμίτης,2019
οικειότητα,2019
φθηνά,2019
Ντάργκο,2019
δόρυ,2019
πεινασμένοι,2019
γεννηθείς,2018
μοιράσουμε,2018
φησες,2017
ρυθμούς,2017
παντρεύτηκαν,2017
αγωγός,2016
διψάς,2015
γιάνκηδες,2015
έτρεξες,2015
σαπίσει,2015
Ροθ,2015
φρόντισέ,2015
καπετάνιου,2015
μποξέρ,2015
ιδιαίτερος,2014
μπάρ,2014
αλλοδαπών,2014
υποπτεύομαι,2014
παχύ,2014
αστο,2014
παιχνιδάκια,2013
τρομοκρατών,2013
αγοριών,2013
καταιγίδας,2013
κλουβιά,2013
Κάρολαϊν,2013
πόρσε,2012
νομίζοντας,2012
ρεμάλι,2011
ρώσο,2011
σαβάνα,2011
διεφθαρμένος,2011
σβήσουν,2011
νυχτερίδες,2011
ληστέψει,2010
μπριτζ,2010
προετοιμαστείτε,2010
Κάλαχαν,2010
ζητήστε,2010
περιφρόνηση,2010
ακολουθώντας,2010
Λαρς,2009
λλος,2009
Τσε,2009
στρέμματα,2009
Μοχάμεντ,2009
θερμοκρασίας,2009
παραδώσετε,2009
κορόιδεψε,2008
σερί,2008
άψογη,2008
σαμποτάζ,2008
οικονόμος,2007
φερ,2007
Νικολάι,2007
τροχός,2007
εκτελέσω,2007
εγκλήματά,2007
ανάψεις,2007
άπλυτα,2006
ρεστοράν,2006
αξιωματικών,2006
Μπάμπα,2006
λέξεων,2006
κρεμαστεί,2006
νοημοσύνης,2006
Χαλκ,2005
παρέχουν,2005
σύμβουλοι,2005
κινεί,2005
συμμετάσχει,2005
αλλαξε,2005
εκπληξη,2004
Μάϊκ,2004
Νταιάνα,2004
πάλεψα,2004
προσλάβεις,2004
κοιτάξουν,2004
μεθύσει,2004
κρύβετε,2004
κρίνετε,2004
θεο,2003
απόδρασης,2003
έκοβε,2002
δημιουργήσαμε,2002
συμφωνήσεις,2002
παράσημο,2002
ανωτέρους,2002
σκάσουν,2002
φακός,2002
τιμη,2001
Μπονγκ,2001
Πεκίνο,2001
υποδηλώνει,2001
κουτσομπολιό,2001
Γκρην,2001
σιωπής,2000
νιώσουν,2000
Ειρηνικού,2000
αναγκασμένος,1999
διαβάζοντας,1999
προσποιήσου,1999
πανέξυπνος,1999
θερμό,1999
προβλημάτων,1999
γιαπωνέζοι,1999
ελάχιστες,1999
ασυναρτησίες,1998
Φράνι,1998
σπασίκλες,1998
Ντίαζ,1998
απαγωγέας,1997
Γουάιατ,1997
νοικιάσω,1997
μαθητών,1997
Τσιν,1997
αξιόπιστο,1997
ξόδεψες,1997
στεγνά,1996
ταύτιση,1996
μυρίζομαι,1996
οποια,1995
χαμόγελα,1995
Τερτλ,1995
θάψεις,1995
πραγματάκι,1995
ήχοι,1994
υπαρχηγός,1994
πόντοι,1994
ενθουσιασμός,1994
ενώνει,1994
μηνύσεις,1994
παραιτήθηκες,1994
ψηφιακή,1993
Τίτο,1993
Μπίλλυ,1993
φυγά,1993
ακυρώσει,1993
Τουρκία,1993
καταστρέφεται,1993
πιστολίδι,1993
ονειρευτεί,1992
θάφτηκε,1992
πρέπον,1992
απεβίωσε,1992
Κλιντ,1992
ζώντας,1992
έκτοτε,1992
οικογενείας,1992
τωρινή,1992
βασισμένο,1992
πραγματικούς,1991
φούρνος,1991
γρουσουζιά,1991
άπειρες,1991
θυμώνω,1991
Γκαμπριέλ,1991
διαπέρασε,1990
μερικών,1990
συλλέκτης,1990
φοβηθεί,1990
θα'ρθω,1989
διέκοψα,1989
εφερες,1989
έφευγαν,1989
σπρώξω,1989
γενικές,1989
απαντώ,1989
άνθρωπό,1988
λάχανο,1988
γιατρε,1987
εκδόσεις,1987
αξίωμα,1987
γεννητικά,1987
συζητήσετε,1987
διασκεδάσει,1987
βόρειας,1987
απογοητεύεις,1987
τσαγιού,1986
διώξε,1986
κατεβάσει,1986
Κάτνις,1986
ενοχής,1986
πτώματος,1986
αρκούδας,1986
μπόι,1986
Τέντ,1986
αίνιγμα,1985
καθυστέρησα,1985
γιγάντια,1984
ουρλιαχτά,1984
Περού,1984
οργανωμένο,1984
κατέλαβε,1983
καταρράκτες,1983
γον,1983
κήπους,1983
υπερβολή,1983
μετοχών,1983
Ντίνα,1983
αγωνιστεί,1982
ηλιακή,1982
αποτελεσματικά,1982
Χάμερ,1982
Εδέμ,1982
συνήλθε,1982
χώσεις,1982
εναντιον,1982
σήκωσα,1981
χαμένε,1981
κινέζο,1981
απολυθεί,1981
ζήσαμε,1981
αρπακτικά,1981
Χερμπ,1981
έξαλλη,1980
Κάιρο,1980
ζώνης,1980
φτιάξατε,1980
άσθμα,1980
Μόρα,1980
ανήκαν,1980
εντάλματα,1979
Μόντε,1979
τοποθέτησε,1979
τουφέκια,1979
πικ-νικ,1979
απαλή,1979
χιονίζει,1978
μεγαλειότατος,1978
κατηγορήθηκε,1978
τιμωρήσω,1978
Μπόιλ,1978
Ρεν,1978
περίπολο,1977
Ρόναν,1977
αναπαράσταση,1977
τραβούσε,1977
Σκάιλερ,1977
άδειος,1976
απειλούσε,1976
σλόγκαν,1976
ρεύματα,1976
Εμίλιο,1976
θερμότητας,1975
απασχολημένο,1975
βάλτους,1975
ανάληψη,1975
σκοτωμούς,1974
κατέγραψε,1974
δικαιολογεί,1974
μηχανικοί,1974
κατεστραμμένο,1974
τελευταίου,1974
ψεύδεται,1974
Σελέστ,1974
πιάνετε,1974
θάπρεπε,1973
όργανά,1973
έδιωξες,1973
παντόφλες,1972
προσευχόμουν,1971
Ρίγκαν,1971
λίμνες,1971
κολλάνε,1971
Μάξ,1971
εμπιστευτικά,1971
στρείδια,1971
κύτταρο,1971
νοίκιασε,1971
τρέχουσα,1971
ησασταν,1970
Ρέινα,1970
Άντον,1970
δικαιούσαι,1970
ταχύτητες,1970
εξώπορτα,1970
αστροναύτες,1969
έκαψες,1969
μπίζνες,1969
κορμό,1969
φαϊ,1969
αποκλείσουμε,1969
ανδρες,1969
παραλίες,1969
παραίσθηση,1969
μέταλλα,1968
νατο,1968
ξερουν,1968
Μασσαλία,1968
παλμοί,1968
μέτρια,1968
φυλακισμένους,1967
ολόκληρης,1967
αυταπάτες,1967
γραμματόσημα,1967
χρηματα,1967
ψυχάκιας,1966
τραπεζίτες,1966
λιώσω,1966
σηκώνομαι,1965
Ταγιάρ,1965
αποδεχτώ,1965
πρακτόρων,1965
εμπιστεύτηκε,1965
φωτογραφίας,1965
ανακατευτώ,1965
Φάουλερ,1965
αναζητώντας,1965
νουντλς,1964
διακριτική,1964
Μίριαμ,1964
Κρίσταλ,1964
εναέρια,1964
οικεία,1964
Νέηθαν,1963
ναν,1963
δυνατότερο,1963
στρατιωτικοί,1963
λειτουργός,1963
ΑΤΜ,1963
κοιτώ,1963
περιμενει,1963
κοιλιακή,1962
Τζαμάικα,1962
χειροκροτήστε,1962
αφέθηκε,1962
δοκιμάζω,1962
αρπάζει,1962
τραπεζίτης,1962
Ντενίς,1962
πρόθεσή,1962
καύσιμο,1961
προηγούνται,1961
επανορθώσεις,1961
χρονος,1961
μεταμόρφωση,1961
οχήματος,1961
Τάουν,1961
ευφυΐα,1960
πίεσα,1960
ετοιμαστείς,1959
ταξιδι,1959
δηλητηρίασε,1959
ημίχρονο,1959
δίκτυα,1959
πουλήσετε,1958
σειρήνες,1958
αναφέρονται,1958
Ταλιμπάν,1958
επιστήμες,1958
αμυντική,1958
συναντούσα,1957
επισκεφτούμε,1957
11η,1957
βάιπερ,1957
λαμπερή,1957
γεία,1957
τάγματος,1957
κάστρου,1957
εμπιστευτικό,1957
απάτες,1956
εντυπωσιάσεις,1956
Μπάροους,1956
κτηνίατρος,1956
κάλυκες,1956
επιστημονικής,1955
Λούσιους,1955
παρουσιάσουμε,1955
περιορισμούς,1955
αιώνιο,1955
ουδέτερη,1955
φέρτον,1955
διατάζεις,1955
απολύθηκα,1955
Μπέτσι,1955
απομακρύνει,1955
ρέιντζερ,1954
χαλάσουμε,1954
υποχωρήσει,1954
αναγκάζεις,1954
Κάρολιν,1954
εκμεταλλευτούμε,1953
συγκρίνεις,1953
ανάβεις,1953
τολμηρή,1952
Ντόρι,1952
μισούμε,1952
αυτοκινητο,1951
έπεφταν,1951
ξάδερφε,1951
Μπερναντέτ,1951
ταξιδιώτες,1950
ανεξαρτησίας,1950
Τόμ,1950
πάρκου,1950
κατανάλωση,1950
φρόνιμος,1950
κρατιέμαι,1950
διαφωνούμε,1950
κερνάει,1949
καυλί,1948
εξαπάτηση,1948
καθορίσει,1948
φανάρια,1947
Λύντια,1947
ανώνυμα,1947
νιωθω,1946
κατσίκες,1946
καταστρέψτε,1946
λόμπι,1946
μπλέντερ,1946
έβγαζες,1946
ξεχωρίζεις,1946
ύπουλο,1946
αστέρας,1946
Πράγα,1946
εύθραυστη,1945
ασθένειας,1945
άγνωστα,1945
σύσταση,1945
ψηφίζω,1945
βάτραχο,1945
υπερασπιστείς,1945
επιτυχής,1945
θεωρήσω,1945
διακόψουμε,1944
ικανοποιεί,1944
πλησιάστε,1944
διαβολική,1944
προγραμματισμένη,1943
κατσε,1943
μεταμφίεση,1943
γονίδιο,1943
σβήσουμε,1943
ξυπνήσουν,1943
αλοιφή,1943
νάτη,1943
ντας,1942
τρίμηνο,1942
ξεναγήσω,1942
λογιστή,1942
δεκτό,1942
αντιστάθηκε,1942
πεζοπορία,1941
Αλέξανδρος,1941
Ντομινίκ,1941
ανεβούμε,1941
να'ταν,1941
φύλαξε,1940
διασχίσει,1940
Λάνσελοτ,1940
κυριολεξία,1939
αναζητώ,1939
ερείπιο,1939
ραντεβου,1938
διαβάζουμε,1938
Πικάσο,1938
πόθο,1938
Μπαλμπόα,1938
παραδοσιακή,1937
Χούβερ,1937
κλεισμένη,1936
απαλλαγούμε,1936
πεθαμένη,1936
ξανακούσω,1936
συναρπαστικά,1936
προοριζόταν,1935
περνούσες,1935
συμπατριώτες,1935
Μίσα,1935
φυλακισμένο,1935
Χόιτ,1935
ακ,1935
συγγένεια,1935
έκτο,1935
αιώνων,1934
καθήσω,1934
έφταναν,1934
λιποθύμησα,1934
ξενοδοχειο,1934
μόλυνσης,1934
κορμιά,1933
μανίκια,1933
καλυμμένο,1933
μηνός,1933
συνεργάζεσαι,1933
υψόμετρο,1933
σίδερα,1933
έθεσες,1932
θεωρούσαν,1932
υπεράσπισή,1931
γεννάει,1931
Χακ,1931
μπλογκ,1931
υποπλοίαρχος,1931
αραβικά,1930
εγκαταλείπω,1930
κοτόπουλου,1930
τιμήσω,1930
οργανώσουμε,1929
Άννυ,1928
ψηφίσουν,1928
τριπλό,1928
τάξεως,1928
συγκρατήσου,1928
σκόνης,1928
ευλογίες,1928
ξάδερφο,1928
κυττάρων,1928
ύψους,1928
ετήσια,1927
Πέννυ,1927
τρενάκι,1927
σελίνια,1927
γαμήσαμε,1927
καρφώσεις,1927
κεντρικός,1927
κουστούμια,1927
Γκραν,1926
όρθιο,1926
πετά,1925
δραματικό,1925
Ιζαμπέλα,1925
Τομπάιας,1925
αυριανό,1925
Λώρεν,1925
ισόγειο,1924
αποφοίτησε,1924
ανώνυμος,1924
τόνοι,1923
ερωτευτώ,1923
φυτέψω,1923
κολάσεως,1923
προσωπικότητας,1923
προδοσίας,1923
κασκόλ,1922
φωτεινά,1922
μετακόμιση,1922
συνοδεύσεις,1922
προστατεύσουν,1922
νότες,1922
πράκτορές,1921
αφησα,1921
λάβατε,1921
κουνιάδα,1921
πλαίσια,1921
αναγνωρίστηκε,1921
Κόεν,1921
αμέλεια,1921
καυτές,1921
πιωμένος,1920
πλώρη,1920
δημοφιλή,1920
Ανταμ,1920
γνήσια,1919
εγκατάλειψη,1919
ενώσει,1919
διακόπτουμε,1919
πρωϊ,1919
αντίστροφα,1919
διαχείρισης,1919
ζαμάνια,1918
σιγή,1918
δολοφόνων,1918
Πίτερσον,1918
Ρόκο,1918
αστέρων,1918
Κάρλτον,1918
πρότεινες,1917
Ώστιν,1917
καλωσορίζω,1917
τυγχάνει,1917
Ντόρα,1917
βεβαιωθείς,1917
βρωμιές,1917
κατακτήσει,1917
εφέ,1917
προστατεύεται,1917
επαναλάβετε,1917
αμνηστία,1916
παύλα,1916
μετακομίζω,1916
αξιωματικού,1916
χαλιά,1916
εγχείρημα,1916
μετακόμισες,1916
Κέρμπι,1915
ξαφνιάστηκα,1915
γραφομηχανή,1915
κατέλαβαν,1915
γαμιέται,1915
βρύση,1915
Τάε,1915
Γιάνκις,1915
δόθηκαν,1915
Πράιμ,1915
γάντζο,1914
μαγιονέζα,1914
νευρικότητα,1914
μούρα,1914
καλόγριες,1913
πειστική,1913
ταμπλό,1913
αφεντικο,1913
τράβηξαν,1913
προσομοίωση,1913
ξάδερφό,1913
κουφή,1913
Πενσυλβάνια,1912
Νίκυ,1912
αντιστέκεται,1912
προσωπικότητες,1911
ελάφια,1911
ρνολντ,1911
αντίχειρα,1911
πουληθεί,1911
κλονισμό,1911
Μάγιερς,1911
περίστροφο,1910
λεκέδες,1910
Βερμόντ,1910
Οβερ,1910
στοίβα,1910
αναγνώρισες,1910
γίνεστε,1910
ταφή,1910
Ανοιξέ,1910
θεϊκό,1910
τσέκαρα,1910
κουκλίτσα,1909
αναρωτήθηκα,1909
κακοποιούς,1909
πέτυχαν,1909
κοινωνικός,1908
προσέξω,1908
σώματά,1908
μούσα,1908
Μάρνι,1907
τσιμπήσει,1907
επικοινωνούν,1907
Κάσπερ,1907
Κρίστεν,1906
πάστορας,1906
βουλευτή,1906
τραβεστί,1906
άγγλος,1906
Κράσερ,1905
δοντιών,1905
τρελλή,1905
αρχιτεκτονική,1905
βετεράνος,1905
κέφια,1905
σφαίρας,1904
έμπιστος,1904
ενόχλησε,1904
ανυπόμονος,1904
σκλάβων,1904
γυάλινο,1903
έξυπνες,1903
συναυλίες,1903
βυζάκια,1903
περίπολος,1903
Ορλάντο,1903
βούλωσ'το,1903
γραμμένα,1903
μέσον,1902
προσθέσουμε,1902
επιτύχει,1902
περιφέρεται,1902
μπορέσατε,1902
τρομαγμένος,1902
μουσείου,1902
άσ'το,1902
τραγούδησε,1901
πολιορκία,1901
ουσιών,1901
θυμώνει,1901
Μπιφ,1901
Νόρις,1901
περαστικός,1901
φιλανθρωπίες,1901
κάνοντάς,1901
πιθανούς,1900
Ρόντα,1900
πορτμπαγκάζ,1900
σάρκας,1900
καταφέρνουμε,1900
πιστό,1899
παραδοθούν,1899
Ρόυ,1899
θαυμαστή,1899
Φέιθ,1898
αποτρέψουμε,1898
έξοχο,1898
μόνιτορ,1898
φωτια,1897
μπλεγμένη,1897
περιπτωση,1897
παγωμένος,1897
Χάουζερ,1897
Μάνσον,1897
λατρέψει,1897
εξαντλημένη,1897
γελάσει,1896
επιχειρήματα,1896
λλά,1896
Ιβ,1895
πωλητές,1895
μαζευτήκαμε,1895
Ποσειδώνα,1895
Έκτωρ,1895
μεραρχία,1895
κόψετε,1894
μαχαιρώθηκε,1894
πεζικό,1894
γρια,1894
Γουίντερ,1894
δείπνου,1894
εξοπλισμού,1894
χωριστείτε,1894
βασιζόμαστε,1893
έστελναν,1893
παραγγείλει,1893
Ραμίρεζ,1893
καραόκε,1893
κατασκευές,1892
Πίτι,1892
φάκελοι,1892
σκούπισε,1892
επίτευγμα,1892
Ρόκυ,1892
χωρίζουμε,1892
ομαλά,1892
χέσω,1891
ζην,1891
πτερύγια,1891
διάρροια,1891
θάμνο,1891
ανθρωπάκι,1891
φωτεινή,1891
γκόμενά,1891
αποφασισμένη,1890
όι,1890
Άντισον,1890
τελετές,1890
όρασή,1890
εισπνοή,1890
ιλαντ,1889
παραβιάσεις,1889
καταρχάς,1889
μπές,1889
βιώσει,1889
χιονγκ,1889
αποκάλυψης,1889
ναυάγιο,1889
Γιάνγκ,1888
υπνωτικά,1888
γρίφο,1888
σόναρ,1888
ραγίσει,1888
αγκώνα,1887
φάνηκαν,1887
συμμαχίας,1887
εκδικητές,1887
δεδομένη,1887
κομψή,1887
σκεφτομαι,1887
Ματέο,1887
καταλήξουν,1887
Έλλη,1887
παντρευόμουν,1887
ματωμένο,1887
κορούλα,1887
νευριάζεις,1886
Τέσα,1886
αγγέλων,1886
φλυτζάνι,1886
ψόφα,1886
επιθετικότητα,1886
συμπεριλαμβανομένης,1886
μάγισσας,1885
παρόρμηση,1885
Χάνκοκ,1885
πεντακόσια,1885
Τσετ,1885
πένες,1885
βραστό,1885
ταιριάζουμε,1885
διεθνούς,1885
βρομάει,1884
απολογούμαι,1884
Τόρι,1884
ακούγαμε,1884
μέλλουσα,1884
φυσιολογικές,1884
παρακάνεις,1884
χαρείτε,1884
σοβαρέψου,1883
Σιβηρία,1883
κομμένα,1883
υπακούς,1883
δίκαιοι,1883
ευτυχισμένες,1883
Μίρα,1883
αποτύχαμε,1882
ανοσοποιητικό,1882
Κεβ,1882
αισθανόταν,1882
έλαβαν,1882
φρικάρω,1882
λείψουν,1882
σύνδεσης,1881
μπείς,1881
σοβαρότητα,1881
μετατρέπεται,1881
Κοέν,1880
Όουενς,1880
μοιαζει,1880
συνέλθω,1880
οίκον,1880
απορρίφθηκε,1880
βάζαμε,1880
Ντέμιαν,1880
μεγαλώνοντας,1879
αλογο,1879
νυφίτσα,1878
σιδερένια,1878
τεύχος,1877
εγγυήσεις,1877
Λάουρα,1877
θαυμάτων,1877
πετούσα,1877
καθορίζει,1877
σώθηκε,1877
υποκρίνεσαι,1877
Μπιουκάναν,1876
χημικών,1876
πεποίθηση,1876
Σλέιντ,1876
αποφύγετε,1876
κολυμπάς,1875
τίναξε,1875
μετάδοσης,1875
πλωτάρχης,1875
Βέλγιο,1875
ταραχές,1874
κομπίνα,1874
ξεχωριστές,1874
παρατραβάς,1874
πτέραρχε,1874
βαρών,1874
εξασφαλίσω,1873
Ρωμαίο,1873
φατρία,1873
παρτε,1872
ενεργοποιήστε,1872
Οράτιε,1872
τσακίδια,1872
μελέτησα,1872
έκθεσή,1872
χρονισμός,1871
Νάπολη,1871
έβδομο,1871
εξαφανιστείτε,1871
χάλασαν,1871
μεινω,1870
βήματά,1870
Ρήγκαν,1870
λεκέ,1870
παραμένω,1870
στραφεί,1870
αποδέχομαι,1870
Ντέιλι,1870
επινόησε,1870
υπολόγισα,1870
φτιάχνετε,1870
αρσενικά,1869
βάλτα,1869
ξεκουράζεται,1869
κάμποσο,1869
συνεβη,1869
λανθασμένη,1869
τρομάζω,1869
Μπένυ,1869
αυξήσουμε,1869
καινούργιους,1869
ξαναπάρεις,1868
εγγυάται,1868
έσκισε,1868
μακρύτερα,1868
Γεδεών,1868
μεταφορέας,1868
έντιμο,1868
συμπτώσεις,1868
κανονιστεί,1868
στριμώξει,1867
κάτω-κάτω,1867
παραπονιέται,1867
Κηθ,1867
Οσκαρ,1867
καμαρίνι,1867
έχτισαν,1867
Κέιτζ,1866
υποσμηναγέ,1866
χορευτές,1866
εβραίων,1866
ελληνικό,1866
τρομαγμένη,1866
καλυτερη,1866
σωστοί,1866
πυροβολούσε,1866
καμάκι,1865
ρώσικη,1865
αποθήκης,1865
επιταχύνει,1865
ζωντάνια,1865
απολογία,1865
νακιν,1864
αρεσε,1864
φτιάχνεται,1864
Άντρεα,1863
χτυπημένο,1863
Ζέιν,1863
αντίκα,1863
μπλόφα,1863
γυμναστικής,1863
εκτάκτου,1863
μικρών,1863
στηρίξει,1862
ενήλικα,1862
επιβραδύνει,1862
αποβάθρες,1862
τυφλοί,1861
μπουλ,1861
επικοινωνούμε,1861
φύσεως,1860
σχεδιάζετε,1860
μειονέκτημα,1860
διαστημική,1860
γεμίζεις,1860
τελειώνετε,1860
κουταβάκι,1859
θέλημά,1859
εφυγαν,1859
δημόσιας,1859
ευχόμαστε,1859
βάψαμε,1859
Έμετ,1859
μουνιά,1859
ακραίο,1859
ανέπνευσε,1859
ραδιενέργειας,1858
πλάτες,1858
απέγιναν,1858
χρήσιμες,1858
κατάλληλες,1858
στιγμιαία,1858
τσακώνεστε,1858
Έντουαρτ,1858
Χίγκινς,1857
δουλίτσα,1857
διαρρεύσει,1857
αντιληφθεί,1856
ξερες,1856
διαλύσεις,1856
πεινάνε,1856
Γουέστον,1856
Μερφ,1856
τσεκάρουμε,1856
συνεδριάσεων,1856
φιλους,1856
εκκένωσης,1856
πολεμικά,1856
σ'ενα,1856
ακύρωση,1856
ανέβηκαν,1855
τολμηρό,1855
εισβολέας,1855
Τίφανι,1855
φέτες,1855
ανώτεροι,1854
τρομοκρατίας,1854
οφείλει,1854
γελάδια,1854
οδηγείτε,1854
ταμπόν,1854
δοκιμαστικά,1854
μπάνια,1854
καλλιτεχνικό,1853
καθοδηγεί,1853
τόκο,1853
έκλαιγες,1853
κούτες,1852
νόμισε,1852
κανόνισέ,1852
ανηλίκων,1852
λίθο,1852
ταινια,1852
Ζι,1852
Πάρσονς,1851
πνίξω,1851
κρυφές,1851
κριτές,1851
φυγετε,1851
Μπέκυ,1851
θερμοκρασίες,1851
τρελάρας,1850
σημερινά,1850
πυτζάμες,1850
ανικανότητα,1850
αντιπερισπασμός,1850
καταγράψει,1850
βιάσει,1849
αναπαραγωγή,1849
προκατάληψη,1849
σημαντικο,1849
εγχειρήσεις,1849
σύντροφός,1848
δόξας,1848
γάιδαρος,1848
βραδινή,1848
φτιάξτε,1848
χορούς,1848
στάθηκες,1848
εργαστήρι,1848
χάμστερ,1848
αναβάθμιση,1847
άλογά,1847
Ρηντ,1847
έφερνες,1846
ικανοποιημένη,1846
διεστραμμένο,1846
μ'άρεσε,1846
νια,1846
δηλητηριώδη,1846
Δράκουλα,1845
ελευθέρωσέ,1845
καλούσα,1845
αναγνώστες,1845
ινδιάνων,1845
δεκατρία,1845
διάκριση,1845
ίσιο,1845
ορός,1845
σπόρο,1845
αναχωρεί,1845
χαθούμε,1844
καμινάδα,1844
αντρική,1844
Κέις,1844
παράταση,1844
σκοτωσω,1844
Μπράντοκ,1844
δίκες,1844
φρικτός,1843
ζαλισμένος,1843
αδιανόητο,1843
εμπιστευθείς,1843
φόροι,1843
ξύπνιο,1843
πατήρ,1843
γονεις,1843
νευριάσει,1843
παρεξήγησες,1843
κολυμπήσω,1843
Πέτρο,1842
συνοικία,1842
πένθος,1842
νέγρο,1842
ταλέντων,1841
εξαντληθεί,1841
ρωτά,1841
Σάτον,1841
βιάζεται,1841
Έμερσον,1841
συνδεδεμένος,1841
έκλειψη,1841
χειριστής,1840
φυσικές,1840
κουράδα,1840
να'ρθει,1840
ανακατευτεί,1840
απογοητευμένη,1840
διαπραγματευτώ,1840
Λάζλο,1839
υπολογίσει,1839
γλίτωσες,1839
Κιονγκ,1839
κρατικό,1839
βαση,1839
πατρίδας,1839
πηδάνε,1839
ωμό,1838
σαφή,1838
μπλουζ,1838
κλείδωμα,1838
νάνο,1838
κόντεψα,1838
Γκόμεζ,1838
επισκεπτών,1838
ταπεινό,1837
γοργόνα,1837
άβαταρ,1837
προσπαθω,1837
διαβάσουν,1837
τάκος,1836
κινείστε,1836
καταλήγουμε,1836
καπνίσεις,1836
δηλώσω,1835
ηλεκτροπληξία,1835
έμπειρος,1835
Χάρλαν,1835
συγκεντρωθεί,1835
τακτοποιηθεί,1834
πιστεύατε,1834
προσλάβουμε,1834
εκπροσωπεί,1834
παρέσυρε,1834
ανηψιά,1834
συνδεδεμένοι,1834
επιλοχία,1834
σύνηθες,1833
καβαλάρηδες,1833
τυλιγμένο,1833
κολοκύθα,1833
σφυρίχτρα,1833
κακομοίρης,1833
νύφης,1833
υπηρετούν,1832
δένει,1832
φανούμε,1832
κείμενα,1832
τοξότες,1832
ευρήματα,1832
παρουσιάστηκε,1832
πνιγείς,1831
ψύχρα,1831
φιλέτο,1831
έκλαψα,1831
Παρισι,1831
χαζές,1831
επαναληφθεί,1831
Ναμ,1831
ξέρασε,1831
κρατηθείς,1831
χαμηλής,1831
συναισθημάτων,1830
μετάλλια,1830
βήτα,1830
αποτύχουμε,1830
προϊστάμενος,1830
τηγάνι,1829
αλαζόνας,1829
Χόκινς,1829
καταζητούμενος,1829
σκλάβο,1829
θυμηθούμε,1829
σέρνεται,1829
βλέμματα,1829
ηρεμησε,1829
συγκομιδή,1828
Τζόρτζι,1828
φόρος,1828
Χιούζ,1828
επινόησα,1827
ντραμς,1827
Γουάντα,1827
οποιεσδήποτε,1826
καίγομαι,1826
Λόνι,1826
γλιστράει,1826
βίαιες,1826
βραδιές,1826
παρακαλέσω,1825
συγχωρείται,1825
εκμεταλλευτώ,1825
παρθένες,1825
κούριερ,1825
συνεργασίας,1825
σταθμοί,1825
φερθούμε,1825
φύλαγε,1825
έλεγξέ,1825
Μοντ,1825
ρωτούσες,1824
καμήλα,1824
μπουνιές,1824
πρόσκλησή,1824
αντικαταστήσεις,1824
ψύχραιμοι,1824
πιέζουν,1823
Πλάζα,1823
πτωμάτων,1823
Τίμι,1823
κάμερας,1823
μοναχοπαίδι,1823
εντυπωσιασμένος,1823
ορκίστηκες,1822
να'τος,1822
ανέκδοτα,1822
φιλο,1822
ρθε,1822
Κάτερ,1822
κλωτσάει,1822
Πρέντις,1822
διπλα,1821
πλατό,1821
ψηφίσει,1821
πορτραίτο,1821
Μαλίκ,1821
χώνεις,1821
δανείσω,1820
αλλον,1820
το'χεις,1820
λύνει,1820
μ'αφήνεις,1820
μπανγκ,1820
όρισε,1820
τραγουδώ,1819
τοξικά,1819
παραβίασες,1819
τσιράκια,1819
νοιαζόμαστε,1818
ξέπλυμα,1818
Λεονάρντο,1818
κιμά,1818
πούλησαν,1818
Ρέμι,1818
ενημερώσετε,1818
ραγίζει,1817
ταξίδεψα,1817
ουρανοί,1817
ενωμένη,1817
ρόδο,1817
δικαστικό,1817
διακομιστή,1817
Τέηλα,1817
ονομάσω,1816
θυμωμένο,1816
στηρίξω,1816
μαχη,1816
παντρεμένο,1816
Μπέιν,1815
χρωστούσε,1815
Τσούι,1815
άγνωστοι,1815
γελούσε,1815
αξίζουμε,1815
Σελίνα,1815
ήπειρο,1814
λόφου,1814
κατεβαίνουν,1814
άτακτο,1813
Τάο,1813
υστερα,1813
γαμιόλης,1813
ώριμο,1813
Κίρστεν,1813
ολική,1812
Αντρέι,1812
ταξίδευε,1812
εργολάβος,1812
τζόγος,1812
εμπορικά,1811
Σνάιντερ,1811
εβραϊκό,1811
απελευθερώσει,1811
ζωτικές,1811
καλωσήλθατε,1810
μαγειρέψει,1810
μιλησουμε,1810
διήμερο,1810
θεραπεύει,1810
ψυχών,1810
προχωράω,1810
διαφημιστικά,1809
ψυχοπαθείς,1809
αξιαγάπητο,1809
Φλέμινγκ,1809
ταξιτζής,1809
καρ,1809
αγκάλιασέ,1809
επισκέπτομαι,1808
κόσμοι,1808
κύριες,1808
σωτηρίας,1808
Σπάρτη,1808
σχεδιάζουμε,1808
προετοιμασμένη,1808
Μαρκς,1808
αναζητάς,1807
καζανάκι,1807
Ροντρίγκεζ,1807
καμπανάκι,1807
διατηρηθεί,1807
τόσον,1807
Λίσμπον,1806
πτώσης,1806
απειλείται,1806
κηδειών,1806
φανατικός,1806
παλαβή,1806
μειώσουμε,1805
φόρμες,1805
περπάτησα,1805
κονσέρβες,1805
Γκρέιντι,1805
απαντούσε,1804
υπηρχε,1804
ποδήλατα,1804
Σέλυ,1804
μειώνει,1804
σκούτερ,1804
γεννήσω,1804
άλματα,1803
αναπτυχθεί,1803
κάτουρο,1803
απόγονος,1803
ανατολής,1803
τοποθετεί,1803
βάρβαροι,1802
ανάπνεε,1802
χρονομηχανή,1802
λαμπερά,1802
υπενθυμίζω,1802
κέρδιζα,1801
μαραθώνιο,1801
οδήγησέ,1801
ευκολότερα,1801
Ντιούκ,1801
εξαφανίσει,1801
κλάσης,1801
Τέηλορ,1800
συναντηθείτε,1800
υπερήφανη,1800
ορισμός,1800
αρμοδιότητα,1800
συνεργάζομαι,1800
πατριώτης,1800
ηλιαχτίδα,1800
χόρευε,1800
Ίντι,1800
διασκεδαστικά,1799
σκεφτηκα,1799
αντιπάλους,1799
κάναν,1799
Σπρινγκς,1799
λεωφορείων,1799
τ'άλλα,1799
παρακολουθήσετε,1798
αμφισβητεί,1798
ζυμαρικά,1798
συγκέντρωσε,1798
αφάνταστα,1798
φήμης,1798
αθωότητά,1798
φέρι,1798
μάχεται,1798
καποτε,1798
θυσιάσει,1798
όππα,1798
λατρεύουμε,1797
έπαψε,1797
ακολουθούσαν,1797
πούλημα,1797
δάνεισε,1797
σιχάθηκα,1796
αποφευχθεί,1796
δημιουργική,1796
μηνυμα,1796
μαζευτεί,1796
πληρώνονται,1796
ανέμους,1796
λύσετε,1796
μπραβο,1795
τρολ,1795
προσευχήθηκα,1795
ρουχα,1795
αρετές,1794
πουλώντας,1794
έβγαιναν,1794
συγκλονιστικό,1793
βρωμιάρη,1793
μελετήσουμε,1793
ηρεμεί,1793
Μπολτ,1793
έλεγχε,1793
έτρωγαν,1793
υφίσταται,1793
έγραφες,1793
κρίνουν,1792
Ισπανίας,1792
τιμωρείται,1792
ντρε,1792
στρατιά,1792
μίλαγα,1792
φίρμα,1792
Πίνκι,1792
Νορθ,1792
κυκλοφορήσει,1792
ψηλότερο,1792
Μαρτίν,1792
προτέρων,1791
Γουάνγκ,1791
θόλος,1791
συνεχεια,1791
εξέτασε,1791
διάλεγα,1791
πατάει,1791
Ιαπωνίας,1791
ινδιάνο,1790
υλικού,1790
κυβερνά,1790
πανέξυπνη,1790
εσκεμμένα,1789
εκτελεστές,1789
βυζί,1789
όραμά,1789
γραμματοκιβώτιο,1789
καταπάνω,1789
χαλάνε,1788
Σελίν,1788
αστόχησες,1788
ποντάρεις,1788
εγχείριση,1788
Μάνινγκ,1788
αδυναμίας,1788
λέμβο,1788
βρέφος,1787
πληρωθείς,1787
τιποτε,1787
θεραπεύσω,1787
καγκελάριος,1787
μοναχοί,1787
άστην,1787
κλώτσησε,1787
σκεπτόμουν,1786
μετανιώσετε,1786
ξεκάθαροι,1786
δοκιμάσουν,1786
μοναδικά,1786
Λένα,1786
παλια,1786
εμφανές,1786
ναρκομανής,1786
δεκα,1786
Έβερετ,1786
Χάνσεν,1785
λεγεώνες,1785
εύρεση,1785
οικογενειών,1785
Ιούλιος,1785
απάτησε,1784
χέσ,1784
ονομασία,1784
απομονωμένο,1784
Πω-πω,1784
Σάιρ,1784
Μάλεϊ,1783
προδιαγραφές,1783
πήρανε,1783
κρεβατοκάμαρά,1783
απελπισμένοι,1782
σάκος,1782
ψαράδες,1782
Κάιντα,1782
χαρούμενες,1782
περικυκλωμένοι,1781
διάλυμα,1781
σύ,1781
Γιπ,1781
ταμίας,1781
πνίξου,1781
τούτη,1781
ζήλεια,1781
Μελίσσα,1780
χωματερή,1780
αποτυχίες,1780
χαρίσει,1780
βιβλιο,1780
σκληρούς,1780
οδηγάει,1779
ηρεμήσετε,1779
βαθύτατα,1779
Άμστερνταμ,1779
ακούμπησα,1779
γεράσει,1779
συνέταιρε,1779
Σάμυ,1778
συνηθίζαμε,1778
Μάντοξ,1778
ρης,1778
αναγκαστικά,1778
τοπικός,1778
χτυπούσα,1778
πλησιέστερο,1778
βούτηξε,1778
έβαψες,1777
δερμάτινα,1777
καταδίκες,1777
γέλασε,1777
σπουδάσει,1777
λόγχη,1777
καούν,1776
Χιουν,1776
σύμμαχος,1776
Στίφλερ,1776
σπέρματος,1776
πίεσή,1776
απίστευτες,1776
Χόπκινς,1776
έλλειψης,1776
ακινήτων,1776
γαλήνια,1775
θύρα,1775
λάβα,1775
Ρεβέκκα,1775
κυνηγιού,1775
ψυχανάλυση,1774
επιπλέει,1774
μεγαλύτερου,1774
εκπαιδευμένοι,1773
αξιαγάπητος,1773
εξωτερικές,1773
φερόμαστε,1773
Μάλορι,1773
τέλει,1773
κινηθώ,1773
δολαρια,1773
Γουόνγκ,1773
μαλώσουμε,1773
απαλλάξω,1772
αγνώστου,1772
σκαρφάλωσε,1772
Φιτζέραλντ,1772
Κόλμαν,1772
σχεδίασες,1772
μετάνιωσα,1772
απομακρυνθείς,1772
νίκησαν,1772
Σίλια,1771
τρελοκομείο,1771
Μορίς,1771
Φρίντα,1771
Μπόνυ,1771
τρυφερή,1771
ανακαλύφθηκε,1771
στρατηγικής,1771
γοφούς,1771
Φορζ,1770
αγωνίζεται,1770
προχωρήσετε,1770
υποκριτής,1769
ακολουθείστε,1769
σημείωση,1769
γυναικούλα,1769
συνταξιούχος,1769
ιδιότητα,1769
έπεφτα,1769
Καίσαρ,1768
υδραυλικό,1768
οργής,1768
υποβάλλω,1768
δόκτορα,1768
κρεμάσουμε,1768
πρόδωσαν,1768
δειλή,1768
προχωρήσουν,1768
καθαριστεί,1767
Κορτέζ,1767
τραβήξουν,1767
ζωντανών,1767
καταχώρηση,1767
πολεμος,1767
υπόσχεται,1767
Μπένεντικτ,1767
έψαξαν,1767
Σικελία,1767
επανεκκίνηση,1767
ακουω,1766
αναπτύσσεται,1766
γάλλο,1766
έδειρε,1766
Σκότλαντ,1766
ταραχή,1766
εξαπάτησε,1766
πλάκας,1766
φρενών,1766
κορυφαίος,1765
περασμένες,1765
νευριασμένη,1765
μάζεψες,1765
ανέσεις,1765
ξαπλώσει,1765
επιβεβαιώνουν,1765
ενεργειακό,1764
υπάρχουμε,1764
ποταμός,1764
τραγουδάμε,1764
εξυπνάκιας,1764
ανεβάστε,1764
έμφαση,1764
κοινοβούλιο,1764
θεου,1764
στοιχίσει,1763
ρίξαμε,1763
γυρισμό,1763
παρκινγκ,1763
σύμφωνο,1763
παροιμία,1763
παντοδύναμος,1763
νοίκιασα,1762
κινούμαι,1762
γατάκια,1762
εμφανιζόταν,1762
συνθηκών,1762
ανεβαίνουμε,1762
Γκάρισον,1762
φάσμα,1762
κωλοτρυπίδα,1761
αυτου,1761
θραύσμα,1761
εδώλιο,1761
κονσέρτο,1761
ράμπα,1761
καθετί,1761
βιομηχανίες,1761
ξενιστή,1761
πονέσω,1761
φθάνει,1761
χωριάτες,1761
άχνα,1760
ξεμείναμε,1760
διάταγμα,1760
παραγωγό,1760
απείλησαν,1760
Σοφί,1760
σερβίρουμε,1760
Μπράιτον,1760
καλεσμένων,1760
καλούσε,1759
φλερτάρει,1759
συντομία,1759
δειτε,1759
παράδοξο,1758
Μοργκάνα,1758
ευχάριστος,1758
πυγμάχος,1758
όρκος,1757
αηδιάζεις,1757
προχτές,1757
βαλλιστική,1757
Νεμπράσκα,1757
Σιλ,1757
κουνούπια,1757
πόντο,1756
δρομολόγιο,1756
παράκληση,1756
εκτέλεσης,1756
εντοπίζει,1755
δυνατότητές,1755
ιταλική,1755
υποψήφιους,1755
χτυπώντας,1755
Ναθάνιελ,1755
καθαρίσετε,1754
φυτεία,1754
βγήκατε,1754
εκνευρίζει,1754
κούραση,1754
Σαμπρίνα,1754
κατάψυξη,1753
εκατόν,1753
αναγνωρίζουν,1753
αφέντρα,1753
Σίζαρ,1753
χάριν,1753
ανέχτηκα,1753
ονομαζόταν,1753
πουλάκια,1753
πολεμήσαμε,1752
ζείς,1752
αναρωτήθηκες,1752
νάναι,1752
δίναμε,1752
ομιλίας,1752
φωναχτά,1752
Μόναχο,1752
πρήξιμο,1752
πλήρωναν,1752
κάρβουνα,1751
πλένεις,1751
Λάντι,1751
ριάλιτι,1751
πωλείται,1751
άχρηστες,1751
εκμεταλλεύεται,1751
μύλο,1751
βλάβες,1751
αναρρόφηση,1751
καλσόν,1751
πολεμικών,1750
σίτερ,1750
Τρίσταν,1750
Ραντ,1750
παρ'όλα,1750
Ράιντερ,1750
τεχνικοί,1750
εξαιρετικές,1750
επιβιώνει,1750
κορυφαίο,1750
Νόρτον,1749
χτίσεις,1749
δικηγορικό,1749
παράρτημα,1749
καταστήματος,1748
καθάρισέ,1748
παιδικής,1748
Έθελ,1748
πληροφοριοδότες,1748
τρελάδικο,1748
αρκούσε,1748
Χίλτον,1748
ευκολο,1748
πετύχουν,1748
δεύτερου,1748
ανακρίνεις,1748
πυρηνικές,1748
εικόνας,1748
οικόπεδο,1747
υπερφυσικό,1747
περικυκλώσει,1747
θαλασσα,1747
νωριτερα,1747
Γκαριμπάλντι,1747
έμβλημα,1747
ιρα,1747
κούπες,1746
δείκτης,1746
Λάρκιν,1746
προσέξουν,1746
μικρε,1746
σκάψιμο,1746
Χάιντ,1746
κυκλοφορείς,1746
παρωδία,1746
περασει,1745
βομβαρδιστικά,1745
όψιν,1745
ωράριο,1745
αγοράζουμε,1745
Φισκ,1745
μετεωρίτη,1745
πλακα,1745
ανακρίνουν,1744
θαφτεί,1744
Κον,1744
πειστικό,1744
ποσα,1744
κούτσουρο,1744
διακανονισμό,1744
υγιεινής,1744
μηχανών,1744
μουσικοί,1744
Μαρόκο,1743
άποψης,1743
τερματικό,1743
ξανθό,1743
φαινομενικά,1743
προτεραιότητά,1743
πλησίαζε,1742
ετοιμο,1742
ανησυχούσες,1742
γυρισω,1742
κοιλάδας,1742
προστάτευα,1742
σοκαριστικό,1742
Ώντρεϊ,1742
μπλέξουμε,1742
απιστία,1741
Σαντ,1741
Μπρικ,1741
κακοποιοί,1740
αναλόγως,1740
έθαψαν,1740
παθιασμένος,1740
ειδοποίησέ,1740
Λάντινγκ,1740
προδίδει,1740
συνάδελφε,1740
συζήτησή,1740
ψαριών,1739
εκπαιδευτικό,1739
ανέβηκες,1739
αποφασιστικότητα,1739
λυπηθεί,1739
παγιδεύσει,1739
μειώνεται,1739
αναρωτιόμασταν,1738
παλιοκάθαρμα,1738
Στούαρτ,1738
άμμου,1738
λεπτός,1738
ημάς,1738
φουστάνι,1738
ορκιζόμουν,1738
Λούκ,1738
σάουνα,1737
χρησιμοποιούσες,1737
αντικατέστησε,1737
άρπαξαν,1737
ισπανική,1737
αιτήματα,1736
μυστηρίου,1736
διαθέσιμες,1736
ποίος,1736
ματαιοδοξία,1736
χλωμός,1736
μηνα,1736
δράκων,1735
κατασκοπεία,1735
τοξικό,1735
Ρωσίας,1735
δημιουργούμε,1735
σιγουρευτείτε,1735
παρκάρω,1735
άσχετος,1735
γείτονάς,1734
χαμογελάω,1734
δάκτυλα,1734
ανέβασέ,1733
τηλεφωνικές,1733
αφησεις,1733
πειράξουμε,1733
τόλμησε,1732
Ανρί,1732
πεσμένος,1732
Σόντερς,1732
κοπελα,1732
μετατράπηκε,1732
θώρακα,1732
Ίζζι,1731
συμφορά,1731
πλήρεις,1731
παραγγείλετε,1731
ταπετσαρία,1731
στρατιωτικής,1731
σωματιδίων,1731
πετράδια,1731
τρέφονται,1731
προσφέρθηκα,1731
εύρος,1731
Μορ,1730
μετρήσει,1730
απόλαυσα,1730
εμπόδισε,1730
διαδηλωτές,1730
Μαλιμπού,1729
διδάσκουν,1729
γαλαξίες,1729
έχωσε,1729
απόφοιτος,1729
Κλοντ,1729
ορεκτικά,1729
αρραβωνιασμένοι,1729
Στάιν,1728
ρίσκαρα,1728
καταφέρναμε,1728
βαλω,1728
άφεση,1728
ορόφου,1728
κουκέτα,1728
Αρθούρος,1727
αναβολή,1727
επεμβάσεις,1727
λογος,1726
Γαβριέλλα,1726
ντουζίνες,1726
Σάικς,1726
κίνδυνοι,1726
δηλητηριάστηκε,1726
τζογαδόρος,1726
πόρων,1726
υποσχεθείτε,1726
παίχτη,1725
γραφικός,1725
σπόροι,1725
ερευνούν,1725
πλυθείς,1724
εκκίνησης,1724
μαθω,1724
Μαλόουν,1724
τεταρτημόριο,1724
έβγαζαν,1724
έξωση,1724
πρόωρη,1724
συνεννοηθήκαμε,1724
υποσχεθήκαμε,1723
θαρραλέος,1723
ολοκλήρωσε,1723
ανόητες,1723
Μάτριξ,1723
τιμωρεί,1722
ενδιαφερόμαστε,1722
χωρισμός,1722
απέμειναν,1722
κινήσει,1722
οπλισμό,1722
Καρλάιλ,1721
Πέντρο,1721
σπρώξεις,1721
αρχίσατε,1721
μαριονέτες,1721
παραδοθούμε,1721
οδηγούσες,1721
Κλεοπάτρα,1721
Μόρισον,1721
ροντέο,1720
μέγεθός,1720
σώος,1720
σκαλοπάτια,1720
βίδα,1720
ησυχα,1720
δεινόσαυροι,1720
αδέξιος,1720
αφέντες,1720
φρόντισες,1720
βαρόνος,1720
Κάντυ,1719
κουνελάκι,1719
κύματος,1719
πρωταθλήματος,1719
Εσκομπάρ,1719
Σιγκαπούρη,1718
κακομοίρα,1718
Γκίντεον,1718
θανατο,1718
ισχυρίστηκε,1718
ανίκητος,1718
ξαναβρώ,1718
εχασε,1718
χρειαζομαστε,1718
ολοκληρωμένη,1718
μεταλλικά,1718
επιδρομές,1718
σημα,1717
κονσόλα,1717
πριγκίπισσας,1717
σφίξε,1717
μυρίσει,1717
σ'αγαπάει,1717
Μπάμπι,1717
μελλοντικό,1717
στέλνετε,1717
κατανοήσουμε,1717
Χάρντι,1717
βρισκόμασταν,1716
Βόλντεμορτ,1716
υβρίδιο,1716
μπλέκεσαι,1716
ανυπομονησία,1716
απρόσεκτος,1716
Ντόκτορ,1716
πειράξουν,1716
σκοπεύουμε,1716
να'ρθω,1715
χρυσές,1715
χερούλι,1715
διαβήτη,1715
φλεγόμενο,1715
ανήκετε,1714
υποκρισία,1714
αθλήματα,1714
σκάψουμε,1714
ξαναπάμε,1714
ξύπνιοι,1714
οικονομίας,1713
γιορτάσω,1713
μεταφέρθηκαν,1713
χαστούκι,1713
ντροπιάζεις,1713
Σμόλβιλ,1713
ενεργοποιήσει,1713
παύει,1713
γρατσουνιά,1713
Λαφαγιέτ,1713
πάθηση,1712
μανάδες,1712
επιβολή,1712
ξεράσεις,1712
μους,1712
αγάπες,1712
ανασφαλής,1712
Βιν,1711
Ιωάννης,1711
δικηγόρε,1711
εκφράζει,1711
περισσεύει,1711
Σουζάνα,1711
δορυφόρου,1711
προήλθαν,1710
συνδεδεμένο,1710
γινεις,1710
παρκάρεις,1710
πράξης,1709
περιοδικού,1709
Τυρ,1709
φυσικού,1709
Στεφ,1709
πύργου,1709
αγνοήσουμε,1708
εξερεύνηση,1708
έπιαναν,1708
συνεταίρος,1708
τρελάρα,1708
στόχαστρο,1708
Ιαν,1708
στόματα,1708
πνοή,1708
αφρό,1707
ξαναπάρει,1707
σπούδασα,1707
ανάφλεξη,1707
ξανθός,1707
αδελφών,1707
παραιτείσαι,1707
Πώλ,1707
πλένει,1707
Κρύπτον,1707
αναζητήσει,1707
2ος,1706
ιδιωτικές,1706
περνώ,1706
προσθήκη,1706
πρωτοχρονιάς,1706
πυροβοληθεί,1706
κόκκινου,1706
προσποιηθείς,1705
ικανοποιημένοι,1705
κηλίδα,1705
υποστηρίξεις,1705
Λάνγκτον,1705
προφανή,1705
Σάο,1704
ξωτικών,1704
είπανε,1704
Χέιβεν,1704
Τσανς,1704
βασιλικής,1704
περιδέραιο,1704
αστον,1704
καβάλα,1704
γραφές,1704
ντύνομαι,1703
πίθηκο,1703
ανώτατη,1703
βαταρ,1703
Ινδίας,1703
ακαριαία,1703
λίπασμα,1702
συναντιούνται,1702
άξιζαν,1702
καπνίζουν,1702
ενδιάμεσο,1702
βιαστεί,1702
κανάτα,1702
βαλς,1702
περίπτερο,1701
εστιατορίου,1701
τοποθέτηση,1701
αποκατάστασης,1701
φάρος,1701
συμβούλους,1701
κάρτας,1701
διατάξω,1701
μισείτε,1701
παγιδεύτηκε,1701
βαγόνια,1700
φρεάτιο,1700
Αϊρίν,1700
βλαμμένε,1700
αντιδρούν,1700
Φατίχ,1700
πάθετε,1700
εκπρόσωπο,1700
Άγγλοι,1699
κολόνια,1699
Ράμπο,1699
βάρδιας,1699
κακών,1699
μάχονται,1698
προσβάλει,1698
ανάλυσης,1698
επιλέξουμε,1698
Όπρα,1698
κυριο,1698
βιάζεστε,1698
χάρισμά,1698
Αχά,1698
κτήρια,1697
σώζουμε,1697
συνεισφορά,1697
οπλισμένο,1697
υπαστυνόμο,1697
εφεδρική,1697
Ντοντ,1697
χημείας,1697
ανδρεία,1697
Μπλανς,1697
τελικός,1697
χρονόμετρο,1696
τσιγαριλίκι,1696
τηλεχειριστήριο,1696
υγιεινή,1696
Μάκι,1696
ηθών,1696
παραδοσιακά,1696
γιατρος,1696
ανίκανη,1695
Ντέμπορα,1695
Ρόζαλι,1695
κατουράει,1695
πρόωρα,1694
μάστιγα,1694
έκοβα,1694
βοηθείστε,1694
χρώματος,1693
κανό,1693
παράφρων,1693
κοκαΐνης,1693
εύνοια,1693
Πέιν,1693
διάλυση,1693
ερ,1693
φρικιαστικό,1693
κατακτήσεις,1692
ορίσει,1692
διαιτητής,1692
Ρίνο,1692
απομίμηση,1692
μικροσκόπιο,1692
μπλόκαρε,1691
πιστέυω,1691
αρχαίους,1691
Σορ,1691
διοικώ,1691
ετοιμασίες,1691
μπώ,1691
καναμε,1690
μοιραστούν,1690
ζόρικο,1690
Πόε,1690
κουνήθηκε,1690
σιγουρευτεί,1690
απόβρασμα,1690
σοκολατάκια,1690
δότη,1689
γεμίσουν,1689
απάτης,1689
περιορισμένο,1689
κατάλυμα,1689
ψάχνατε,1689
βουλώσει,1689
δημιουργείται,1689
μεταδίδει,1688
ακολουθήσαμε,1688
πώλησης,1688
μισθοφόρος,1688
επιλέξετε,1688
κλείδωσα,1688
σταυροφορία,1688
ΝΑΣΑ,1688
ρίσκαρε,1688
αμήχανα,1688
επιμένετε,1688
απείλησες,1688
εθνοφρουρά,1687
κρατουμένων,1687
πρωτοσέλιδα,1687
μιλάγαμε,1687
δισταγμό,1687
επιμείνω,1687
επιτρέψουν,1686
χέστης,1686
εξαφάνισης,1686
δεσποινις,1686
έκλαψε,1686
άλλοθί,1686
άγχους,1686
ερευνα,1685
άγιε,1685
όπιο,1685
παρακολουθήστε,1685
φοβασαι,1685
βενζίνης,1685
αντιπροσωπεία,1685
καπνίσει,1685
άψογο,1685
εξαφανιστούμε,1684
φιλόσοφος,1684
βυθιστεί,1684
συνετρίβη,1684
τόξα,1684
χαιρετήσεις,1684
σκίτσα,1684
κάλυπτε,1684
κοροιδεύεις,1684
κινούμενο,1683
ρουπίες,1683
πουλούσα,1683
στήσεις,1683
συζητάτε,1683
Σίντ,1683
Τόκυο,1683
Σακραμέντο,1683
ανάστημα,1682
Χάγκριντ,1682
μεσαίωνα,1682
νάνους,1682
απέλυσα,1682
ντζι,1682
Μερσέντες,1682
γυναικόπαιδα,1682
γυρνούσε,1682
Ασ'το,1682
πεινασμένη,1682
ανατολικής,1681
πισίνας,1681
λάτρης,1681
ξαναέρθει,1681
προκαταρκτικά,1681
ξεγελάς,1681
μείνατε,1680
παρουσιάσεις,1680
βοηθούσαν,1680
μάγους,1680
φαμίλια,1680
αφεθεί,1680
Μπούμερ,1680
φάρμες,1680
Αθηνά,1680
Μάιο,1680
κουβαλήσεις,1679
δυόμισι,1679
τούρμπο,1679
θερμίδες,1679
βούρτσα,1679
δούν,1679
Γιόχαν,1679
τείχους,1679
ρωτούν,1679
κύβο,1678
βουλώστε,1678
ονομά,1678
αυτόματη,1677
Μπρούστερ,1677
μεταβολή,1677
γαμάω,1677
στόν,1677
κολλημένοι,1677
ανέλαβες,1677
διδα,1677
θαμμένη,1677
μετακινείται,1676
κομοδίνο,1676
απατούσε,1676
δούλεψαν,1675
τρέιλερ,1675
γούστου,1675
βεβαιωθεί,1675
κουρέλια,1675
κανονισμός,1675
διέταξαν,1675
Μάρλοου,1674
κλασικά,1674
δέρνει,1674
δικαστηριο,1674
μυρίσεις,1674
παράγοντα,1674
περιμενετε,1674
κανονισμό,1674
μ'αυτήν,1674
πίσσα,1673
παρατηρητές,1673
προσαρμοστεί,1673
λόρδου,1673
Χότζες,1673
φωτογράφηση,1673
ουδέν,1672
ατμό,1672
φιληθήκαμε,1672
εντούτοις,1672
δαγκώσω,1672
βγάζαμε,1672
ξεφύγαμε,1672
αφύσικο,1671
Μέλβιν,1671
ανατινάξουν,1671
όργιο,1671
ανάφερε,1671
αφθονία,1671
μεταφέρεται,1671
γκαρνταρόμπα,1670
απελευθέρωσε,1670
απεριόριστη,1670
περίεργους,1670
βοηθέ,1670
Θόριν,1670
φιάσκο,1670
συνοδεύει,1670
διορθωθεί,1670
κυβερνηση,1670
Τσέιμπερς,1669
Τζέθρο,1669
γερουσίας,1669
βλασφημία,1669
Γουντ,1669
κατουράς,1669
βάλανε,1669
επέζησες,1669
ονομάζονται,1668
Τζέιντ,1668
ενοχλήσεις,1668
μεθύστακας,1668
δυναμώνει,1668
Τζοάν,1668
όρων,1667
Γουίνι,1667
υπερασπίζεται,1667
Ηβ,1667
υπερασπιστούμε,1667
βόδι,1667
φόραγε,1667
κακομαθημένο,1667
Φιούρι,1667
ανθρωποκτονίες,1666
φεγγάρια,1666
κοινής,1666
προκαταρκτική,1666
τάιμ,1666
νικήτρια,1666
ζεύγος,1666
απαντάω,1666
παραβιάζει,1666
οποτεδήποτε,1665
αποκλείσει,1665
πρωτοετής,1665
βλήματα,1665
Κρίστα,1665
αποσύνθεση,1665
επαναφορά,1665
μπορουσες,1665
αμφιβάλλεις,1665
κοιτάξου,1665
βρόμικο,1665
γεγονότος,1665
υπόληψη,1664
έκλεινε,1664
γουάου,1664
Σέιντι,1664
εργοστασίου,1664
κατεβαίνεις,1664
ανακουφίστηκα,1664
αγνοήσεις,1663
απόλυση,1663
προσποιηθούμε,1663
έκθεσης,1663
ΑΣΠΙΔΑ,1663
υπάρχοντα,1663
φώναζες,1663
ενενήντα,1663
τοι,1663
τσιράκι,1663
χη,1663
ενεργά,1663
βασανιστήριο,1663
ψηφιακό,1662
Μάρλεϊ,1662
στρατηγοί,1662
αξιολάτρευτο,1662
οδηγάω,1661
νομίζ,1661
γυρνούσα,1661
δεσμεύσεις,1661
παντρευόταν,1661
βρεγμένο,1660
χήνες,1660
Πεν,1660
τροχαία,1660
χαλαρώνεις,1660
Δελχί,1660
κωλο,1660
ξαναβρεθούμε,1660
λύσσα,1659
εξηγώ,1659
αλλεργίες,1659
εξαφανίσεις,1659
κλώτσα,1659
ενεργός,1658
απέδειξες,1658
ζητω,1658
ποιητή,1658
μπλόκο,1658
καλοκαίρια,1658
εφυγα,1658
βλαμμένο,1658
λαχτάρα,1658
δοκιμών,1658
πέσετε,1657
αξιζει,1657
καθαρισμό,1657
Όττο,1657
Ανταρκτική,1657
ανοιχτεί,1657
εξετάζουμε,1657
σκοποβολή,1657
Ολιβερ,1657
ανάγκασα,1657
ζωύφια,1657
μολύνθηκε,1657
ενημέρωσα,1656
σελ,1656
κρατιέσαι,1656
άστα,1656
χωράνε,1656
υπαλλήλων,1655
ντουλάπια,1655
βεβαιώνω,1655
ργησα,1655
πετσί,1655
άστρων,1655
υποκατάστατο,1655
λιβάδια,1655
δουλευει,1654
Μπροκ,1654
καθαριότητα,1654
όφελός,1654
κοψίματα,1654
αιμορραγώ,1654
ανατέλλει,1654
σέρβις,1654
διαρρήξεις,1654
χταπόδι,1654
κυνήγησαν,1654
πιλότου,1653
τ'ορκίζομαι,1653
ρατσιστής,1653
καθαρίζουν,1653
μεσαία,1653
αμυντικός,1653
φωτισμό,1653
βρώμικες,1653
κάπνιζε,1652
σύφιλη,1652
πεζοναύτη,1652
περιουσιακά,1652
Μπαρμπ,1651
μιλαω,1651
Ντίκον,1651
δηλητηριώδες,1651
χαρούμε,1651
σταματήσατε,1651
μμμμ,1651
σύγχρονο,1651
Ιρλανδοί,1651
γεννήσεις,1651
άσχετη,1650
αποκατασταθεί,1650
αναψυχής,1650
Σίμπα,1650
μελαχρινή,1650
υπεροχο,1650
Μπόουμαν,1650
Νορβηγία,1650
ανάσταση,1649
αλλάξατε,1649
ΕΡΓΑΣΤΗΡΙ,1649
επικοινωνήστε,1649
εκμεταλλεύονται,1649
βασιλιας,1649
τακτοποιήσεις,1648
ωραιότερο,1648
Σάρουμαν,1648
λέγεστε,1648
ρτι,1648
τύπισσα,1648
αδερφάκι,1648
σιδεράκια,1648
φλοιό,1648
ζεν,1648
βι,1648
τρέλας,1648
Τζέι-Ντι,1648
επισκεφθώ,1648
προετοιμαστεί,1648
φιλάκια,1647
Γουίλυ,1647
θέρετρο,1647
καλυμμένος,1647
βομβιστής,1647
ομορφα,1647
βασιλια,1647
Πρινς,1647
Τζούλιους,1646
επιτίθεσαι,1646
στοχεύει,1646
έτρεχαν,1646
μητρική,1646
φθάσουμε,1646
Ελίζ,1645
εισβολής,1645
προβολείς,1645
ακούγετε,1645
πιόνια,1645
γραπτή,1645
αντίπαλοι,1645
ναυτική,1645
χαζούλα,1645
Φιντέλ,1645
ηθοποιία,1645
αναμέτρηση,1645
συγκατάθεση,1645
φάρσες,1645
μαχαιριά,1645
λλες,1644
Αυστρία,1644
ψόφιο,1644
παντου,1644
ξέφυγες,1644
καλύτερά,1644
πνεύμονές,1643
επανειλημμένα,1643
αυλής,1643
πατριώτες,1643
Ο'Μπράιαν,1643
θεια,1643
γινω,1642
ση,1642
Μόντρεαλ,1642
μοναχικά,1642
τσεκάρει,1642
διασκεδάζετε,1641
βραδυνό,1641
πέστο,1641
αυξήθηκε,1641
Λινγκ,1641
τελικές,1641
πυρίτιδα,1641
ενόσω,1641
Φέλιξ,1641
κόμβους,1641
στρουμφάκια,1640
πλυθώ,1640
τέστ,1640
σ'όλο,1640
φορτίου,1640
σωματικό,1640
πονηρός,1639
σπόρος,1639
μεινεις,1639
Μπλαντ,1639
λικέρ,1639
θεραπευτή,1639
επιζήσουμε,1639
όρεξή,1639
ξεχωρίζω,1639
ψήφισε,1638
μπλέξιμο,1638
επισκέπτεσαι,1638
αποσύρει,1638
παλαιά,1638
Νορμ,1638
Ντουράντ,1638
ρχη,1638
καταντήσει,1638
κατάληψη,1638
παρουσίασε,1638
Στήβενς,1638
ειπαν,1637
μηνύσω,1637
κρεβατιού,1637
όρη,1637
ακυρωθεί,1637
μίγμα,1637
περιμένετέ,1637
σταματηστε,1637
αναζητούμε,1637
καβούρια,1637
μάθαινες,1637
Μέριλαντ,1636
έντερα,1636
σπάνιες,1636
χωρέσει,1636
ντόπια,1636
γούσταρε,1636
Ελένη,1636
ανέβουν,1636
βιαστικός,1636
πορτοκάλια,1636
πρόλαβες,1635
υπνωτικό,1635
παράλογος,1635
ολοκληρωτική,1635
συζητώ,1635
έχθρα,1635
προκοπής,1635
ταχεία,1635
ζωγραφικής,1634
εγωισμός,1634
προφύλαξη,1634
κλάψε,1634
πληγωμένο,1634
έστησα,1634
επαγγέλματος,1634
ξαναβρούμε,1634
διαίτης,1634
προσκήνιο,1633
ληφθεί,1633
καταδικασμένη,1633
σύντροφό,1633
τελευταιο,1633
Ματίλντα,1632
βρεγμένα,1632
Τζόφρυ,1632
ιδανικός,1632
σακουλάκι,1632
πόνεσα,1632
όχημά,1632
απάνθρωπο,1632
τεράτων,1631
φαλακρός,1631
υποχωρεί,1631
πλοίαρχο,1631
παρακολουθούσαμε,1631
κλειδώθηκε,1631
αναμφισβήτητα,1631
μανιακό,1631
νομίσουν,1631
μετανιώνεις,1630
μέθυσε,1630
ανάλαβε,1630
άνθρωπέ,1630
Τομάς,1630
επιτόπου,1630
πειραματόζωο,1629
πρόγευμα,1629
ησυχάστε,1629
σκεφτεσαι,1629
ναυτικός,1629
ντισον,1629
απασχόλησης,1629
ισχυρισμούς,1629
φτιάχνοντας,1629
Τζών,1629
εκκενώσουμε,1629
ν'ακούσεις,1628
διάβαζες,1628
εθισμό,1628
ονειρο,1628
αγωνίζονται,1628
ομιλεί,1628
υπακούει,1628
Λάρσον,1628
εμαθες,1628
θαλάμους,1627
Ιρίνα,1627
φιλοδωρήματα,1627
μέλους,1627
περιορισμού,1627
ρωσίδα,1627
συνείδησης,1627
Μισισιπή,1627
Εύρηκα,1626
κυριεύσει,1626
Όρσον,1626
κρυώνει,1626
περιλαμβάνουν,1626
συνειδητοποιήσω,1626
προεδρική,1626
σκεπτικό,1626
θαρραλέα,1626
φύλαξη,1626
γυρεύετε,1626
όμιλο,1626
Σινκλέρ,1625
Χιον,1625
πιτσιρικάς,1625
αηδιαστικά,1625
σαβ,1625
τολμήσει,1625
τροφοδοσία,1625
προηγούμενος,1625
κατόρθωμα,1625
συνειδητοποιήσεις,1624
Τορόντο,1624
κουνάω,1624
βασιλείς,1624
γλίτωσα,1624
χρωστώ,1624
ερευνητικό,1623
Γκρέγκ,1623
αύξησε,1623
στύλο,1623
μαγειρέψεις,1623
Δανία,1623
εξαερισμού,1622
τσακωθήκαμε,1622
παλαιότερα,1622
μπλόκα,1622
μεταδίδεται,1622
μακροχρόνια,1622
ντρεα,1622
πιέσουμε,1621
ψυχαγωγίας,1621
πλήθη,1621
γδύσου,1621
Άγκνες,1621
ιδρώτας,1621
Θάτσερ,1621
υπεροχα,1621
άδικη,1621
Τζαφά,1620
Καπόνε,1620
Συρία,1620
ανακτήσουμε,1620
μετράμε,1620
ψυχοθεραπεία,1620
γγλοι,1620
υπονόμους,1619
ελεημοσύνη,1619
Στράους,1619
Εμιλι,1618
διάλο,1618
αναμεσα,1618
συμφωνούσε,1618
εισητήρια,1618
βαριές,1618
κόλπος,1618
ανακρίσεις,1618
Πουλ,1618
σιχαίνεται,1618
δεχόμουν,1617
αμυντικά,1617
έβλαπτε,1617
κλινικές,1617
βρηκες,1617
επαναλαμβάνεται,1617
κατηγορούσα,1617
εξετάζει,1617
ετικέτες,1617
ολοκληρώσεις,1616
πολέμησες,1616
σσσ,1616
Φε,1616
συνδέουν,1616
κρυβόμουν,1616
διευθυντές,1616
υπακοή,1616
επόμενης,1616
κριτήρια,1616
φρουρέ,1615
αγγίξουν,1615
τριγυρίζει,1615
υποχρεωμένοι,1615
βοηθησει,1615
ασχέτως,1615
Μπάρκερ,1615
ησυχια,1614
χρεώσεις,1614
Τζέινι,1614
μυστικοί,1614
προσκάλεσα,1614
μανικιούρ,1614
μασκότ,1614
συσκευασία,1614
εκκαθάριση,1614
Μπρούς,1614
αποκοιμήθηκα,1613
σειρα,1613
κομπλέ,1613
εγκαταλείψουν,1613
Ντράμα,1613
δεκαεπτά,1613
ποστ,1613
επιβάτη,1613
τεχνητό,1613
Μάρτζορι,1613
βρές,1613
αγνοούμενο,1612
μισήσει,1612
τοποθετήσει,1612
χορεύτριες,1612
αυξημένη,1612
ξανάβλεπα,1611
καλύπτουμε,1611
ηγηθεί,1611
Κέλσο,1610
αποσπάσω,1610
έλατε,1610
σπασίκλα,1610
προσεύχονται,1609
προσωπικότητά,1609
συγκρούσεις,1609
πραγματοποιήθηκε,1609
νομοθεσία,1609
ενάμισι,1609
περιπου,1609
Απρίλιο,1609
κοίταζες,1609
ονείρου,1608
ξεχασμένα,1608
συγκάτοικοι,1608
στατιστικές,1608
Γουέμπστερ,1608
φύκια,1607
Μωυσής,1607
φυματίωση,1607
ανθρωπάκια,1607
εκμεταλλευτεί,1607
πάλευε,1607
χαρτζιλίκι,1606
αμβλύ,1606
περασε,1606
διασχίζει,1606
πλησίασα,1606
τσόντες,1606
πορτοφόλια,1606
τζάμια,1605
πλαγιά,1605
φιάλη,1605
πηρες,1605
υπερδιάστημα,1605
άς,1605
περιστρέφεται,1605
εξαφάνισή,1605
περισ,1605
Ντάνα,1604
Σούγκαρ,1604
θετή,1604
Ήρα,1604
κόντεψε,1604
διαδήλωση,1604
συζητάνε,1604
υποψιάζεται,1604
Λιλ,1603
Γουίτ,1603
αρνείστε,1603
στρίβει,1603
Κάπι,1603
λαϊκή,1602
αρχηγειο,1602
έντυπα,1602
εκεινο,1602
θνητή,1602
τονίσω,1602
κόκκινε,1601
λεπτομερή,1601
φύλου,1601
γερουσιαστές,1601
ξαναλέμε,1601
ρατσιστικό,1601
καθάρισαν,1601
εκπληρώσω,1601
πρωί-πρωί,1600
χρειαζεσαι,1600
προλάβουν,1600
ευαγγέλιο,1600
τηλεφωνήματά,1600
τιμωρήσεις,1600
σ'αυτο,1600
πουλήσαμε,1600
τηλεοράσεις,1600
σημειώσω,1600
κάνουνε,1600
χαραμίζεις,1600
χύθηκε,1600
διάλογο,1600
διανοητικά,1599
πρόστυχο,1599
Λάνγκλεϊ,1599
εκμετάλλευση,1599
ξεφύγετε,1599
Επς,1599
κόστιζε,1599
Στράικερ,1598
χέζει,1598
κυριες,1598
βυθίζεται,1598
υπερασπίζομαι,1598
πολυκατοικία,1598
εργοτάξιο,1598
πιτσιρίκο,1598
ντόμινο,1598
καιρώ,1598
ξανάρθετε,1598
σοφίας,1598
τρυφερό,1597
λογικοί,1597
Έιμς,1597
Σηάτλ,1597
εβαλε,1597
Μπούλοκ,1597
Ράιλυ,1597
κάτοικος,1597
μυθιστορήματα,1597
καθυστερούμε,1597
τρομπέτα,1596
βανάκι,1596
Αλτσχάιμερ,1596
εξετελέσθη,1596
ξαναδείτε,1596
υπογράψουμε,1595
Μπάροου,1595
μαλακισμένη,1595
βιβλιοθήκης,1595
Ιανουάριο,1594
χτυπούσαν,1594
διασκέδασα,1594
καταφύγια,1593
επιθεση,1593
βορειοδυτικά,1593
ξεχωρίσω,1593
δάκτυλο,1593
αρχαίων,1593
ενωθούμε,1593
ενημέρωσαν,1593
κριθεί,1593
Ρούσο,1593
τέλοσπάντων,1593
γαμημένους,1592
κοιταξτε,1592
κτηνίατρο,1592
μετριόφρων,1592
μεσσίας,1592
ικανοποιητικό,1592
προτίθεμαι,1592
σταυροδρόμι,1592
εμπιστευθώ,1592
κόβεται,1591
άρπα,1591
υδραυλικός,1591
ακρη,1591
ξαναρχίσουμε,1591
συνδέστε,1591
ενορία,1591
περπατούν,1590
πλοίων,1590
πλημμυρίσει,1590
κινούμενα,1590
Μοριάρτι,1590
συγκατάθεσή,1590
ννυ,1590
αξιωματούχοι,1590
σπασμούς,1590
πειράξετε,1590
επόμενοι,1590
Γουέι,1589
συνδρομή,1589
απαντούσες,1589
ούρων,1589
σύνδεσμός,1589
προίκα,1589
αποδίδει,1589
δελεαστικό,1589
Τάισον,1588
πυγμαχία,1588
Κίμι,1588
γριάς,1588
ράβδους,1588
παράστασης,1587
κυβερνήσει,1587
Μπαχάμες,1587
Βάγκνερ,1587
ευθύνομαι,1587
οργανισμού,1587
απαντούν,1587
Πάρκμαν,1587
φανερά,1587
πατίνια,1587
σεντόνι,1587
σιγουρη,1586
φταίτε,1586
χρησιμοποιηθούν,1586
θα'χουμε,1586
κόψ,1586
τοποθετηθεί,1586
συμβούλευα,1586
χιόνια,1586
σταματούσες,1586
Ντάλια,1586
αλογάκι,1586
έστριψε,1585
τσιμπήσουμε,1585
Μέις,1585
λάτρεψα,1585
ετοιμάζουμε,1585
Ταϊλάνδη,1585
λάμψει,1585
βατόμουρο,1585
εξευτελιστικό,1584
γιαπωνέζικα,1584
εμμ,1584
λευχαιμία,1584
υπέρτατη,1584
Χέις,1584
διαρρήκτης,1584
Βρετανίας,1584
προτιμήσεις,1584
βασανίζουν,1584
κόσμων,1584
απλούς,1584
πολύτιμες,1584
ξεπερνάς,1583
τοξίνες,1583
βαρεθείς,1583
ζαλάδα,1583
αδύνατα,1583
φούτμπολ,1583
παγιδευμένο,1583
εκατοστό,1583
θολά,1583
Γκαμπ,1582
ιερός,1582
χμμμ,1582
Τέσλα,1582
οσμή,1582
κελσίου,1582
έτρεχες,1582
καρό,1581
επιθετικά,1581
συνέβαιναν,1581
επικοινώνησα,1581
τετραγωνικά,1581
τέρατος,1581
Μπάρνεϊ,1581
μεγαλύτερης,1580
θηρία,1580
ξ,1580
σιωπηλά,1580
σωστούς,1580
Κατερίνα,1580
φέρετρα,1580
Τζεμ,1580
συνεχισε,1580
γάτο,1580
πολλοι,1580
νοικιασμένο,1580
διστάσεις,1580
Όπτιμους,1580
γκαλά,1580
στρίψει,1580
πάρκαρε,1579
προσωπικής,1579
δεύτερες,1579
αρχήν,1579
πλευρα,1579
ρουφάει,1579
Κάτλερ,1579
αποδράσεις,1579
Μαρξ,1579
εισέβαλε,1579
Ουάιτ,1579
νεότερα,1579
οιωνός,1579
Ρέγιες,1578
κανονίζω,1578
κρύφτηκε,1578
ανησυχήσαμε,1578
αστέρα,1578
εξεπλάγην,1578
ηχητικό,1578
πατάτε,1578
υπευθυνότητα,1578
απειλήσει,1578
εντυπωσιάσω,1577
δεξια,1577
χτιστεί,1577
δισεκατομμυρίων,1577
θρησκείας,1577
εγκριθεί,1577
παράνομοι,1576
ευθύνης,1576
γραμμένη,1576
ικανοποιήσει,1576
διακήρυξη,1576
Ρετζ,1576
κωδικοί,1576
διακόψει,1576
καις,1576
ανυπακοή,1576
κλιματισμό,1575
τυραννία,1575
Ντάρυλ,1575
βρόμα,1575
περηφάνεια,1575
δίδαξα,1575
Θιβέτ,1575
ισχυρίζεσαι,1575
χαρήκαμε,1575
ώριμος,1575
Σεπτέμβρη,1574
λογαριασμών,1574
απομακρύνω,1574
ερχομό,1574
χαλασμένη,1574
φαντάστηκες,1574
μπακάλικο,1574
ακουσει,1573
Βαρκελώνη,1573
αντιδράς,1573
οικοτροφείο,1573
δείκτες,1573
δίνοντάς,1573
Καμίλα,1573
καθήσεις,1573
αρνάκι,1573
σκελετός,1573
σφραγίστε,1573
Χάρμον,1573
κοσμική,1573
προειδοποιήσουμε,1572
υπογράφει,1572
αρνητικές,1572
κρυμμένοι,1572
τραύματος,1572
αντιμέτωπος,1572
προκαλέσουμε,1572
βουλώνεις,1572
Ντάφι,1572
αποσπά,1572
τραυματίας,1572
τζάκετ,1571
προσποιούμαστε,1571
τροφική,1571
παγωτά,1571
αφ,1571
σκοτωμοί,1571
αξιόλογο,1571
πνίγει,1570
Ζορζ,1570
αντιπροσωπεύουν,1570
θνητοί,1570
τραπεζάκι,1570
παίζατε,1570
πλακέτα,1570
λεκές,1570
συγχωρέσετε,1570
κλήσεων,1570
μπλεχτεί,1570
Κόνορς,1570
κατάσχεση,1569
μελετάς,1569
Μέρφυ,1569
φάσεις,1569
πληροφόρηση,1569
Ρούντολφ,1569
επισκεπτήριο,1569
ερωτεύεται,1568
απογίνει,1568
δεξιό,1568
έβδομη,1568
φράκτη,1568
διέκοψε,1568
αγνοούν,1567
αργούν,1567
ανακοινώνω,1567
οξεία,1567
τρομοκρατικές,1567
Γκαρθ,1567
αναφέρεστε,1567
Σάουρον,1566
ανεξαρτήτως,1566
σφαγείο,1566
λαμπρός,1566
ένωσε,1566
αποτυχημένο,1566
αμφισβήτηση,1566
διασκεδάστε,1566
αντράκι,1566
επίτροπε,1566
χάναμε,1566
αντλίες,1566
μάζευα,1566
ισπανικό,1566
Στέιτ,1566
αριστερόχειρας,1566
μαχαίρωσαν,1566
επίμονος,1566
δελφίνι,1566
πολυτελές,1566
αντιδραστήρας,1566
αναμνηστικό,1565
αξεσουάρ,1565
τρύπησε,1565
παχιά,1565
αιχμάλωτη,1565
βουλώσω,1565
αξιοσημείωτο,1565
φεράρι,1565
δεξιότητες,1565
πίκλες,1564
ανακοινώσει,1564
καθαρτήριο,1564
καταλήγεις,1563
γλύτωσε,1563
προϋποθέσεις,1563
ξεχνούν,1563
σκάβεις,1563
Ελάιας,1563
διοξείδιο,1563
προκύπτει,1563
μάγε,1562
αμερικανικού,1562
κρεμμύδι,1562
Έσθερ,1562
μοβ,1562
απένταρος,1562
αυξήσω,1561
πόθος,1561
ελκυστικός,1561
φύτεψε,1561
τοσα,1561
μάζευε,1561
αποκτά,1561
μεγαλώνω,1561
αμφιβολίας,1561
γύρω-γύρω,1561
επιβάλλεται,1561
κιβωτός,1560
σει,1560
κατασκευάστηκε,1560
χρειάστηκα,1560
πλησιάσετε,1560
οδηγία,1560
συνεργάσιμος,1560
ψήφοι,1560
εργαζόμενους,1559
τρελος,1559
κυλώνων,1559
βάρδιά,1559
πηγα,1559
έβλαψε,1559
περπατάτε,1559
αγοράσατε,1559
αποφοίτησα,1559
μελανιά,1559
βρόμικα,1558
αποφασίζουν,1558
παλιέ,1558
σκληρότητα,1558
μελλον,1558
επαναφέρεις,1558
πουθενα,1558
Νέμο,1558
δόνηση,1558
χέστηκε,1558
Νοέμβριο,1558
υποδεχτείτε,1558
γενετής,1557
Μιζούρι,1557
μπάσο,1557
ο.κ,1557
διασκεδάσετε,1557
δυτικής,1557
λείψετε,1557
εκνευρισμένος,1557
νοικιάσουμε,1556
ανατροπή,1556
θε,1556
ελεγχθεί,1556
Βόγκελ,1556
κανονίζει,1556
Ρέιτς,1555
παντελώς,1555
δειξω,1555
υπόλοιπος,1555
πουλιού,1555
εκτέλεσε,1554
ερωτικές,1554
νεολαία,1554
στάβλους,1554
σφραγισμένο,1554
Αγγλια,1554
μετέφερα,1554
Μάντελιν,1554
μά,1554
λεκ,1554
πυροσβεστικό,1554
πρόσεξέ,1554
βολευτείτε,1553
καταχωρημένο,1553
εμφανίσου,1553
φουλάρι,1553
οτιδηποτε,1553
Γιόντα,1553
αγοράστε,1553
Σπαρτιάτες,1553
βωμό,1553
επιδερμίδα,1553
ενέχυρο,1553
3ος,1553
σπλήνα,1552
αδύναμα,1552
ανησυχήσω,1552
παλατιού,1552
θαυμασμό,1552
σημαντικούς,1552
τράβηγμα,1552
παρατηρείς,1552
διέρρευσε,1552
Όσμπορν,1552
συντάγματος,1551
νικήσετε,1551
απάνω,1551
προβλέπει,1551
συλλάβατε,1551
επιθέσεων,1550
ανακοινώσεις,1550
σαλπάρουμε,1550
σκορπιός,1550
Μπάφαλο,1550
αδιαφορία,1550
ντράμερ,1550
μηχανικούς,1550
μεγαλώσουμε,1550
καταλαβες,1550
επιστραφεί,1550
λογιστικά,1549
ξαναμπεί,1549
Ντάγκ,1549
επιφέρει,1549
καταστρέψατε,1549
ψέματά,1549
τηγανιτές,1549
φωτοβολίδα,1549
θεώρησέ,1549
μητρόπολη,1549
σιδήρου,1549
κοροϊδέψεις,1549
μικροπράγματα,1549
μπάτσου,1549
γραμμη,1548
στίχοι,1548
θέτω,1548
φοβισμένο,1548
κοιμηθήκαμε,1548
σανίδες,1548
προτιμότερο,1548
έκδοσης,1548
απαλλαγή,1547
τρυφερότητα,1547
επέτρεψα,1547
Ράιτζελ,1547
νέγρους,1547
συγκεντρώσει,1547
ξαναλέω,1547
αρνητικός,1547
Ζυρίχη,1547
παρουσιάζουν,1546
παλτά,1546
πυρκαγιάς,1546
κοιτώνες,1546
Γολιάθ,1546
Πρατ,1546
στενός,1546
μοιρών,1546
σκάτωσε,1546
συνέρχεται,1545
ανησυχήσει,1545
αρχισα,1545
αναγνωριστεί,1545
πετάξαμε,1545
συναντηθώ,1545
κειμήλιο,1544
πειστήρια,1544
μελλοντικές,1544
αρνηθείτε,1544
επιλέγουν,1544
ταπεινωτικό,1544
εκδοθεί,1544
επιθυμούσα,1544
περπατάνε,1544
νέγροι,1544
ανυσηχείς,1544
αλογα,1544
κομψός,1543
μπαμπού,1543
τελειωμένη,1543
κουνιάδος,1543
πεινάμε,1543
παγκόσμιου,1543
αναρωτιόμαστε,1543
μυελό,1543
γέμισέ,1543
Τζίνο,1543
ενήμερη,1543
εξαίσιο,1542
στοιχίζει,1542
ντρεπόμουν,1542
χλωμή,1542
Αααα,1542
ρχης,1542
αυτόπτες,1542
κατηγορήσουμε,1542
το'πα,1542
ηλικιωμένος,1542
Λάρρυ,1541
βοηθού,1541
ωή,1541
ελιά,1541
έλκος,1541
εξαφανίζεσαι,1540
παράστασή,1540
μπάρες,1540
ται,1540
ν'αλλάξω,1540
θολούρα,1540
τουρίστας,1540
διαύγεια,1540
σημειώματα,1540
τροποποίηση,1540
απολαμβάνουν,1539
λάδια,1539
τομογραφία,1539
φράσεις,1539
καταλαβαινόμαστε,1539
Χόρχε,1539
τιμωρείς,1539
υγιεινό,1538
αποφασίστηκε,1538
αντιλαμβάνεστε,1538
αναρχία,1538
ερωτηση,1538
ζηλεύουν,1538
ενήλικος,1538
εκπλήσσεσαι,1538
πρόληψη,1538
βελάκια,1538
Ρόουντ,1538
δημιουργήθηκαν,1538
Έντμοντ,1538
σχήματα,1538
ιππόδρομο,1538
κουράζεσαι,1538
κομματι,1537
συγχωρειτε,1537
Ζοντ,1537
ερευνητή,1537
πλείστον,1537
περίβλημα,1537
ντύθηκες,1537
τρομερές,1537
Αλμέιντα,1536
προετοιμάσει,1536
αισθάνθηκε,1536
άστεγοι,1536
καθυστερημένη,1536
συνηθισμένες,1536
μειώσω,1536
φωτογράφο,1536
κλήτευση,1536
Αιγύπτου,1536
καλοκαιρινό,1535
εσπρέσο,1535
χριστιανική,1535
ανταλλαγής,1535
απέχουν,1535
ποντάρει,1534
περιοριστικά,1534
νοοτροπία,1534
αποτυχίας,1534
διαμαντιών,1534
ντρας,1534
κολυμπήσουμε,1534
αναπνοής,1534
Αραβία,1533
Σόνα,1533
γριούλα,1533
πρόχειρο,1533
φύγανε,1533
απαίσιες,1533
Σκότ,1533
άει,1533
πάρθηκε,1533
διεστραμμένος,1533
μηλόπιτα,1533
χρήστη,1533
Γουίν,1532
ενδιαφέροντος,1532
γενικού,1532
ισότητα,1532
παραγγείλεις,1532
μετ,1532
ράπτορ,1532
αισιοδοξία,1532
θυσιάσεις,1531
Μπάρνυ,1531
ειπώθηκε,1531
μισθοφόροι,1531
αγνοώ,1531
άτι,1531
αγνοούμενος,1531
Γουέμπ,1531
αποστάσεως,1531
χώνει,1531
φάς,1531
πνευμάτων,1531
σχισμή,1531
έχανες,1530
κορόιδεψες,1530
υποδιευθυντής,1530
σήμανε,1530
νομικές,1530
ολοκλήρου,1530
αμερικανικής,1530
σταματούσα,1530
επιζήσεις,1530
εναέριο,1530
δραπετεύσεις,1530
Σέλφριτζ,1529
αυτοκτονίες,1529
ονειρεύονται,1529
βρακιά,1529
Πρέσκοτ,1529
αμερικανικά,1529
πολεμάνε,1529
αστυνομικές,1529
Κόλμπι,1529
μάγουλα,1529
αρεσουν,1529
ύδατα,1529
γυρισμός,1529
Κολέτ,1529
σταυρωμένα,1529
διατηρήσεις,1528
καθαρίζουμε,1528
όποιες,1528
βασιλικός,1528
ταΐζεις,1528
Εντυ,1527
ταχύτητά,1527
θέλανε,1527
παράξενους,1527
γειτονιές,1527
Ελάιτζα,1527
εξαγωγή,1527
μάνατζέρ,1527
καλοκαιρινή,1527
ανηψιός,1526
σερβιτόρο,1526
ξεκαθαρίσαμε,1526
απαλλάξει,1526
συρτάρια,1526
χτές,1526
αντικατάσταση,1526
στεναχωρημένος,1526
ανακαλύψατε,1526
πλακώσω,1526
βιαστή,1526
φόρτωσε,1526
Κορίν,1526
κομμουνιστής,1525
διαδικτύου,1525
μεγαλειότητα,1525
χιονοθύελλα,1525
γλυκια,1525
να'χω,1525
μολύβια,1525
πάρ'τον,1524
πυροβόλο,1524
Ερνέστο,1524
Σλιμ,1524
εισερχόμενη,1524
ταξιδιώτης,1524
ακύρωσα,1524
παράξενοι,1524
δορυφόροι,1524
δανειστείς,1524
κρατήρα,1524
αναθεματισμένα,1523
μίζερη,1523
διαπραγματευτεί,1523
Βάλεϊ,1523
οΏ½οΏ½,1523
ανεκτίμητο,1523
Χέλεν,1523
ατελείωτη,1523
παγάκια,1523
σχεδιαστής,1523
συμπλοκή,1523
προλάβαμε,1522
χτίσουν,1522
κατάκτηση,1522
οργανώνει,1522
ζημιών,1522
φορ,1522
ξαναμιλήσουμε,1522
μπλοφάρει,1522
πετύχαινε,1522
χριστιανικό,1521
επιβεβαιώνω,1521
κατανοήσω,1521
διείσδυση,1521
Σάλεμ,1521
αποκοιμήθηκε,1521
πείσετε,1521
αρτηρίες,1521
κατουρήσεις,1521
εργαζόμενος,1521
κλειδωμένες,1520
άγριους,1520
πιοτό,1520
διασκεδαστικός,1520
ζόρικη,1520
βατόμουρα,1520
Πηνελόπη,1520
χρησιμοποιήσατε,1520
παρατηρήσατε,1520
διατάξει,1520
ΚΑΛΙΦΟΡΝΙΑ,1520
ανάλογο,1520
απειλής,1520
αργήσετε,1520
σωθήκαμε,1520
συμπληρώσω,1519
λιποθυμήσω,1519
σφουγγάρι,1519
Τορέτο,1519
βλέπε,1519
αναλύσουμε,1519
τραμ,1519
εξηγούνται,1519
μετατρέψω,1519
ιδρυτής,1519
τσεπάκι,1519
εστω,1519
Μπάρλοου,1519
κατάστρεψε,1518
στέψη,1518
αύτό,1518
Ράντολφ,1518
ντομάτα,1518
χειροτέρεψε,1518
πιέστε,1518
περιμενα,1518
Αλίσα,1517
ενεργειακή,1517
κατέβασα,1517
ανθρωποκτονίας,1517
αγνοούμενη,1517
εκπαιδεύσει,1517
Νίκολς,1517
προλαβαίνεις,1517
κατάλαβέ,1517
γούσταρα,1516
φυστίκια,1516
προετοιμαστούμε,1516
Ήβη,1516
δίσκοι,1516
ελκύει,1516
Γκρέιντζερ,1516
Μπετ,1515
χρειάζετε,1515
λύκων,1515
σκίουρος,1515
προμηθευτές,1515
καπνίζετε,1515
Ζηλανδία,1515
αυθεντία,1515
διαφωνεί,1515
κρύβουμε,1515
τολμά,1515
τακτοποίησα,1514
αναμένω,1514
φορτώσουμε,1514
αριθμών,1514
δεινόσαυρος,1514
Μάρτιο,1514
τολμούσα,1514
Μπουένος,1514
φιάλες,1514
τηλεφωνήσατε,1514
ματωμένα,1514
στρέψει,1514
εργατών,1514
κουπόνι,1513
στρίπερ,1513
εντοπιστεί,1513
επιβλέπει,1513
πεθαμένοι,1513
Λόκχαρτ,1513
κοντή,1513
Γκόλουμ,1513
επιλογη,1513
ξυπνήσετε,1513
σ'όλους,1513
μεγάλωνα,1513
προμηθευτής,1512
διασημότητες,1512
βάρα,1512
Χιού,1512
ξεκαθάρισε,1512
φερθείτε,1512
φασίστες,1512
ύπαρξής,1512
υπεύθυνους,1512
υποχρεωτική,1511
χαλάσουν,1511
οί,1511
πολλού,1511
ξάδελφε,1511
συνεχόμενα,1510
κρίκος,1510
χωρισμένος,1510
άφραγκος,1510
μ'εσένα,1510
πικάντικο,1510
υποσυνείδητο,1510
πλακάκια,1510
εκδώσει,1510
σημάνει,1510
μοίρασε,1510
γεωργία,1509
μεθύσω,1509
ρομάντζο,1509
συγκρίνουμε,1509
Ύπαρχε,1509
αξιοπρέπειά,1509
κληρονόμο,1509
αράξουμε,1509
Ισπανοί,1509
Στρητ,1509
χαμηλές,1508
χαιρόταν,1508
ονόμασαν,1508
μαργαρίτες,1508
θερμή,1508
απαχθεί,1508
χειροκίνητα,1508
καντε,1508
ακατάλληλο,1507
καρότο,1507
Κάφρι,1507
ήλπιζε,1507
Σπενς,1507
ξοδεύω,1507
Αμίρ,1507
λείψανα,1507
Κλωντ,1506
κράνη,1506
θα'λεγες,1506
διαθήκης,1506
πουρέ,1506
σνομπ,1506
τσίρκου,1506
λέγειν,1506
γνωρίστηκαν,1506
γοφό,1505
περιορίσει,1505
φις,1505
καρδία,1505
εκτελώ,1505
έκατσα,1505
αηδιάζει,1505
συμφερόντων,1505
μεις,1505
Ρόζμαρι,1505
αναπόφευκτα,1505
κόρνα,1505
εκνευριστικό,1505
πάθαινε,1504
ελέγχονται,1504
αγκαλίτσα,1504
Χούλια,1504
ουρανών,1504
ανακαλύψετε,1504
απεικόνιση,1504
λείψατε,1504
εγκαταλείπουν,1504
νοτιοδυτικά,1504
σπηλαίων,1503
Μάξγουελ,1503
νεφέλωμα,1503
αναμμένη,1503
ενώσεις,1503
τρέξουν,1503
δου,1503
κοιτάξαμε,1503
θερμική,1503
γενναίους,1503
παρακολουθώντας,1503
ζουμί,1503
ονειρα,1503
ονειρευόσουν,1503
σημειο,1503
παρενέργεια,1502
πάθη,1502
λιγη,1502
δαιμόνων,1502
δεχτήκαμε,1502
Πώλα,1502
ύποπτους,1502
άξονα,1502
ανταποκρίνονται,1502
χριστιανούς,1502
δέος,1502
βραχιόλια,1502
ξεφεύγουν,1501
σως,1501
εξέπληξε,1501
ανίκανοι,1501
σπήλαιο,1501
καλείτε,1501
πιάτων,1501
εύκολες,1501
επιχειρηματική,1501
βολτ,1501
ύπνωση,1501
μορφωμένος,1500
φιλοφρόνηση,1500
ψαριού,1500
ασφαλειας,1500
αγωγούς,1500
μετεωρίτης,1500
Μποχάνον,1500
καθάριζε,1500
σπουδαίες,1500
Ιλινόις,1500
επηρεαστεί,1500
Ρούζβελτ,1500
τσακωθούμε,1500
στοίχισε,1500
συνωμοσίας,1500
διαλέξετε,1499
παγώνει,1499
γρίφους,1499
βασιλισσα,1499
επιβάλλει,1499
Αλόνζο,1499
στοματικό,1499
τουρσί,1499
λατρέψουν,1499
μετακομίζει,1499
εξάρτημα,1498
προσεχτικός,1498
μούχλα,1498
λεωφόρου,1498
αναπνεύσεις,1498
Σεπτέμβριο,1498
λεπτομερώς,1498
Βίκινγκ,1498
βίβλου,1498
διακινδυνεύσω,1498
συνήθισα,1498
μυ,1498
γρήγορες,1497
νοικιάσει,1497
σημαιοφόρε,1497
ιδρώνεις,1497
λαμπρά,1497
παρακαλάς,1497
έφτυσε,1497
σκιάς,1497
ονόμασα,1497
συμπαθήσει,1497
έφερναν,1497
κλείδωσες,1497
γάμμα,1497
κυνηγώ,1496
πολυάσχολη,1496
τοξίνη,1496
παντοδύναμε,1496
μικρόφωνα,1496
κοντάρι,1496
επικείμενη,1496
υποπτεύεται,1496
υπερήρωας,1496
αγκαλιάσεις,1495
παραλάβω,1495
πακετάρω,1495
λιπαρά,1495
πηγάζει,1495
κάλυψης,1495
δουλεύατε,1495
πέσος,1495
γριές,1495
ερπετό,1495
σαπίζει,1495
τυπο,1495
Ρέη,1495
αφαιρεί,1494
εβαλες,1494
φυλάκισης,1494
Κουάν,1494
αερα,1494
ηνία,1494
δοκίμαζα,1494
αγγλίδα,1494
αποτελεσματικός,1493
αυτόπτης,1493
τσίλιες,1493
πνιγώ,1493
καταστρώματα,1493
καθολικό,1493
ομαι,1493
τραγουδάνε,1493
λίθος,1492
Ντέϊβιντ,1492
απόκρυψη,1492
Νταρνέλ,1492
δειλία,1492
εξετάσουν,1492
χρησιμοποιούσαμε,1492
απάντα,1492
ζωγράφισα,1491
εργαστώ,1491
κολυμπήσεις,1491
ασφαλεια,1491
βοηθητικό,1491
θρίαμβος,1491
Λάμπερτ,1491
πρωτος,1491
Ντούι,1491
ντυθείτε,1491
τριτη,1490
21ο,1490
Τζομπ,1490
στάλθηκαν,1490
χωρίζεις,1490
7η,1490
έλιωσε,1490
αστυνομικέ,1489
ανεβάσεις,1489
κολυμπάει,1489
ολόκληρου,1489
ψεύδους,1489
Ρέιφ,1489
ανατέθηκε,1489
ελέγχετε,1489
κυνήγησα,1489
ωκεανούς,1489
λοι,1489
καβαλάρη,1489
στρατιωτικού,1489
κυνηγάτε,1488
Σμίθ,1488
πυροβολούσαν,1488
ενήμερος,1488
μιλαει,1488
καλλιέργειες,1488
Χάιτς,1488
δεινόσαυρους,1488
κυρίαρχος,1488
πικρή,1488
αποκορύφωμα,1488
επιείκεια,1488
Χόγκουαρτς,1488
έφτιαχναν,1488
μπρούμυτα,1488
Ντικς,1488
κούκλε,1487
αεραγωγό,1487
Ελεγξε,1487
ομαδικό,1487
συμμετάσχεις,1487
άστεγο,1487
έσπρωξα,1487
άθικτο,1487
εβδομαδα,1487
Κέιλιν,1487
επαναλάβεις,1487
αναγκάσουμε,1487
ψιψίνα,1487
Πώλι,1486
συνδεδεμένη,1486
αληθινής,1486
Φέργκιουσον,1486
απαίσιοι,1486
μέσου,1486
Ρέινς,1485
Κέρμιτ,1485
κεράσι,1485
μιάς,1485
δευτερολέπτου,1485
δούλος,1485
Μορίν,1485
νουμερο,1485
συνήγορο,1485
χαρακώματα,1484
μετρά,1484
Γκρέγκορ,1484
γηρατειά,1484
κρεμάσεις,1484
δημιουργώ,1484
αρρωστήσεις,1484
ανακατεύεται,1484
υπερβολικός,1484
ύ,1484
προτεραιότητας,1483
κοιμηθήκατε,1483
ορμή,1483
φρούτων,1483
πλεον,1483
πεταχτώ,1483
απαιτούσε,1483
λεξη,1483
μανα,1483
παρέδωσα,1483
απήγαγες,1483
Σαμαρείτης,1483
τσουνάμι,1483
άνοδο,1483
συνηθίζεται,1482
μετακόμισαν,1482
αρώματα,1482
δοκιμαστική,1482
Ρίβερς,1482
απρόβλεπτη,1482
ζήλευα,1482
επιλέξατε,1482
έκλεβα,1482
μετρήσουμε,1482
παραείσαι,1481
άρματα,1481
εργάτη,1481
ποτηράκι,1481
εμφύτευμα,1481
Ηλπιζα,1481
Νιλουφέρ,1481
δωσεις,1480
Πέρσες,1480
βαράει,1480
απογοητεύω,1480
συναντήθηκε,1480
καταστρέφοντας,1480
καλύψου,1479
πρωταγωνιστής,1479
Άντριους,1479
κατουρήσει,1479
μάγου,1479
βιαστές,1479
επιβεβαιωθεί,1479
μπάτσε,1479
γελούν,1479
νομίσει,1479
ανάκτηση,1478
χωρικούς,1478
χαρίζω,1478
θαλασσινά,1478
πόντος,1478
εσωτερικής,1478
μουσικη,1478
σ'αυτές,1478
απόλυτος,1478
χάραμα,1478
συμφωνια,1478
Βίκινγκς,1478
παρακολουθείται,1477
Στήβ,1477
υπότιτλους,1477
κλέψετε,1477
Λένοξ,1477
Αλι,1477
ουρανοίς,1477
ντόπιο,1477
Κρίς,1476
καλλιτεχνική,1476
νοιώσω,1476
ροής,1476
στρατιωτικούς,1476
ψωμάκια,1476
αεροπορικώς,1476
ξεράσει,1476
εύθραυστο,1476
δασκάλου,1476
σκλαβιά,1476
στράφηκε,1476
διαλύει,1476
εχθρικές,1475
αξέχαστη,1475
καρύδα,1475
χλωμό,1475
ευκολότερη,1475
παρατάνε,1475
επιτήρησης,1474
10η,1474
δείρει,1474
αλληλογραφίας,1474
χρηματικό,1474
παρασύρθηκα,1474
παραβιάσει,1474
Τσάρλεστον,1474
κοιτούσαν,1474
λήξη,1474
αρραβωνιασμένος,1473
βαρέων,1473
καταλήξετε,1473
εγκληματικό,1473
υπολόγισε,1473
Πασκάλ,1472
χαρτιού,1472
οικοδέσποινα,1472
περιμένε,1472
τόνικ,1472
πείσε,1472
Εμμα,1472
αναπηρικό,1472
σφήκα,1472
Γκριφ,1472
παιδικές,1472
Αγίας,1472
τριπλή,1472
διασκέδασες,1472
υπερ,1471
Τροία,1471
φανταχτερά,1471
Μπόμπο,1471
κινηθούν,1471
6ο,1471
δυσκολεύεται,1471
δάκρυά,1471
χαλαρώνει,1471
μεταφορείς,1471
ακραίες,1471
κάψε,1471
εκείνην,1471
Τσάκι,1471
κυριλέ,1471
δωρο,1470
άρρωστα,1470
προκαταλήψεις,1470
νυστάζω,1470
το'πιασα,1470
αλκοολική,1470
μάζεψαν,1470
καλύτερου,1470
φύσα,1470
χαφιέ,1469
σπρώξιμο,1469
αναπάντεχο,1469
σπούδασε,1469
λιγουλάκι,1469
επικοινωνήσουν,1469
διαχειριστή,1469
χάσμα,1469
ξεπέρασέ,1469
ρωγμές,1469
πεταχτεί,1468
απατά,1468
Φελίσια,1468
χαιρέτα,1468
εβδομαδες,1468
οπίσθια,1468
προσπαθησε,1468
πούτσος,1468
ετεροθαλής,1468
ηλιθιότητα,1468
στεκόσουν,1468
σφύριγμα,1467
μισήσεις,1467
σχεδιασμού,1467
αγαπιούνται,1467
εξηγήστε,1467
αναπόφευκτη,1467
Μίκα,1467
Γκράιμς,1467
μαθει,1467
κλιματιστικό,1466
μαλακός,1466
Ντόμπι,1466
συνελήφθησαν,1466
ακόλουθα,1466
ρυθμίσω,1466
ασφάλισης,1466
κατανοήσει,1466
πινγκ,1466
Αμέρικα,1466
άνθη,1466
ρουζ,1466
κοιτάζετε,1466
προγραμματισμένο,1466
καλυτερος,1466
Σκιπ,1466
γύριζες,1466
Αστροστόλο,1466
Κοβάλσκι,1465
άκουγαν,1465
αξιολάτρευτη,1465
πρό,1465
Μωάμεθ,1465
Τζάμπερ,1465
ξύπνησαν,1465
χρονων,1465
απαραίτητος,1465
υποστήριξε,1465
αγαπημένου,1465
δελτία,1465
στεφάνι,1465
σχεδιάσω,1464
απώλειας,1464
αγέλης,1464
Λόρνα,1464
επέζησα,1464
Μπλάι,1464
γραμμα,1464
σώα,1464
αμπάρι,1464
επικηρυγμένων,1464
ολόγραμμα,1463
διαμετρήματος,1463
σύνοδο,1463
μετρητή,1463
επαγγελματικές,1463
σημείωσα,1463
ισχυρότερο,1462
ύμνο,1462
εισέρχεται,1462
αθλητική,1462
πλαστικές,1462
Ρόξι,1462
τάρτα,1462
γαμίδια,1462
πιτσιρικά,1462
ξαδέλφια,1462
πάρ'τα,1461
έγω,1461
ψηφία,1461
περιόδους,1461
γιαγιάκα,1461
καλυμμένη,1461
ΤζιΧιον,1461
αποφυγή,1461
Σίσι,1460
μίλαγες,1460
αναστήθηκε,1460
πιάνου,1460
αλάνα,1460
γκόμενός,1460
σεβόμαστε,1460
μήλου,1460
Έντισον,1460
μαρούλι,1460
περισσοτερα,1460
βίδες,1460
Κλήβελαντ,1459
μπλέξαμε,1459
αυθεντικός,1459
Βόν,1459
συγκεντρωμένη,1459
μοιχεία,1459
ομοιότητες,1459
παραδώσουν,1459
πείσμα,1459
θεραπεύσεις,1459
πιασμένη,1459
Ντίντι,1459
κρουασάν,1458
αργησες,1458
σαβούρα,1458
Χάιλ,1458
τελειωσει,1458
είμ,1458
παραδώστε,1458
ελπίζουν,1458
σοφά,1458
προσευχηθείς,1458
τρόπαια,1458
απομόνωσης,1458
ηθικές,1457
φοράδα,1457
χίλιους,1457
ανάβουν,1457
στέμματος,1457
Χριστε,1457
προμηθευτή,1456
μεταφερθούν,1456
λαιμού,1456
πρόωρο,1456
βαρεμάρα,1456
αναγνωρίσετε,1456
ανεύρυσμα,1456
Χριστίνα,1456
κατέχουν,1456
Πήτερσον,1456
πηδούσε,1455
τρομάξουμε,1455
Ενρίκε,1455
εγκληματιών,1455
κατασκευαστή,1455
κρατιέται,1455
προσευχηθείτε,1455
Χαμ,1455
αντίπαλός,1455
σ.τ.μ,1454
πλήρους,1454
Ντουμπάι,1454
καρέ,1454
παίζονται,1454
συναντήσατε,1454
πεινασμένο,1454
σιχαμερό,1454
ατού,1454
ενδέχεται,1454
θρησκείες,1454
εννοούν,1454
Κρόμγουελ,1454
βασάνισαν,1454
δευτέρας,1454
εκπτώσεις,1453
βρυκόλακας,1453
ρουκέτα,1453
προόδου,1453
ικανά,1453
ανέπτυξε,1453
Μπράντλεϊ,1453
λιγα,1453
πυραύλου,1453
Ρόζεν,1453
εισοδος,1453
τηλεκοντρόλ,1452
έλυσα,1452
δεκαοχτώ,1452
μασάς,1452
λύπηση,1452
αγωνιστώ,1452
δίδυμη,1452
πικ,1452
θυρωρό,1452
τρελαθείς,1451
στριπτίζ,1451
Ταϊρέλ,1451
ψηλα,1451
απ'όταν,1451
ζεστάνω,1451
νάτοι,1451
Γερμανών,1451
συντομότερα,1450
τάκο,1450
κείτεται,1450
Μοντεσίτο,1450
κινούμενη,1450
βάρβαρο,1450
βιομηχανική,1449
απέρριψες,1449
μπλοφάρεις,1449
πυροβολισμών,1449
σήμερον,1449
ενώνονται,1449
διακυβέρνηση,1449
αερόστατο,1449
Σάμερς,1449
υπόμνημα,1449
ξύλινα,1449
πόρνης,1449
Σπάιντερ,1449
Φρόιντ,1449
ψηλότερος,1449
τέτοιας,1449
Μακλέην,1448
ικανοποιήθηκες,1448
Βέιντερ,1448
νοσταλγία,1448
ωρίμασε,1448
σκουπιδοτενεκέ,1448
πάρκα,1448
Χόλις,1448
Χέρμπι,1448
υποχώρησε,1448
τρομοκρατεί,1448
ντουέτο,1448
αδιάβροχο,1448
κυριαρχεί,1448
πιπεριές,1448
κυνηγήστε,1447
κανόνων,1447
επιβιώνουν,1447
Δράκουλας,1447
περιτύλιγμα,1447
θλίψης,1447
μουσουλμάνος,1447
κρέμασε,1446
κρεβατι,1446
καράβια,1446
διανομής,1446
ξίφη,1446
αναταράξεις,1446
αποτοξίνωσης,1446
καλλιέργεια,1446
γαμο,1446
Μπόρντεν,1446
κοπάδια,1446
άγριες,1446
κατανοείς,1445
Ζάαν,1445
στράβωσε,1445
Περέζ,1445
χαμηλού,1445
Κούκι,1445
ανυπόφορη,1445
μαγνήτης,1445
στολίδια,1445
τζαμί,1445
καταδιώκει,1445
μιλια,1445
ιδρύματα,1445
φευγω,1445
συστατική,1445
επιτευχθεί,1445
επικίνδυνους,1444
γύρευε,1444
μικροσκοπική,1444
έννοιες,1444
Νόελ,1444
βοηθησε,1444
γήινη,1444
χτίζει,1444
καταπάτηση,1444
επέτειό,1444
δολοφονήσουν,1444
κατούρησε,1444
επιβεβαιώσεις,1444
μακράν,1443
Στερν,1443
ηγουμένη,1443
λιμνούλα,1443
τοίχου,1443
Ισλάμ,1443
προϊόντων,1443
χρωστάνε,1443
εμφυτεύματα,1443
λειτουργούμε,1442
τρώς,1442
αποφεύγουν,1442
νουβέλα,1442
πέους,1442
θελήσετε,1442
πυροβολούμε,1442
αφιερωμένο,1442
μεθ,1442
καταστρέφω,1442
παρήγγειλες,1442
εισέλθει,1441
απεχθάνεται,1441
απογοητευτεί,1441
Ειμι,1441
μαστουρωμένη,1440
ασκεί,1440
προετοιμάσω,1440
Ρόμυ,1440
ανακαλύπτει,1440
αισθανόσουν,1440
δισκογραφική,1440
μοτίβα,1440
πολεμήστε,1440
σθένος,1440
Σίνθια,1440
ρίψη,1440
φωτίζει,1440
Τάσα,1440
πίεζε,1440
παραήταν,1440
εισβάλει,1440
τραγουδήστε,1439
εκπλήσσεις,1439
κάσα,1439
διαρροές,1439
θρίλερ,1439
φυλάμε,1439
Ζόη,1438
βα,1438
παγίδευσε,1438
μετάγγιση,1438
συμπαθητικός,1438
ρολογιού,1438
συνέχιζα,1438
μουσικούς,1438
ξηρό,1438
εκραγούν,1438
τραυματισμένο,1438
φλασάκι,1437
τραβά,1437
1ος,1437
γείτονά,1437
σηκωθούμε,1437
δεχθείς,1437
δημιουργικό,1437
αναγνώριζα,1437
ανγκ,1437
κρεμάστε,1437
κύβος,1436
παρουσιάζεται,1436
ανησύχησε,1436
συμφωνήσουν,1436
κτηρίου,1436
χοντρούλη,1436
σόγιας,1436
γιαπωνέζικο,1436
ονειρεύτηκες,1436
κουπιά,1436
Μασαχουσέτη,1436
τσαντισμένη,1436
γιορτάζουν,1436
κατάδικοι,1435
διαγράμματα,1435
Ντάμιεν,1435
φάνηκες,1435
σμηναγός,1435
Αντριου,1435
γκρίζο,1435
δίνατε,1434
επανέρχεται,1434
άνω-κάτω,1434
τραυματισμός,1434
Φρέντο,1434
χειρουργικό,1434
πλαστή,1434
σχεδιάζαμε,1434
Μοράλες,1434
επικοινωνήσετε,1434
υδρογόνου,1434
δανείσει,1434
κατάγομαι,1434
δωσει,1434
εβραϊκή,1434
θανατος,1434
τεχνικής,1434
αντίστροφο,1434
Μπέκερ,1434
υποψιαστεί,1433
εξέδωσε,1433
πλανητών,1433
χαμηλότερα,1433
αποκλειστεί,1433
κομήτης,1433
δύει,1432
Γουίλκς,1432
συστημα,1432
επέτρεψες,1432
διαλύσουν,1432
μυνας,1432
προσχέδιο,1432
μέθοδοι,1432
Γιούνιον,1432
Τσίκο,1432
Γκάλαγκερ,1431
αντίτιμο,1431
τραυματίστηκες,1431
χαίρονται,1431
σχάρα,1431
πετούσαν,1431
αυτοκόλλητο,1431
πιτσαρία,1431
υπάρχοντά,1430
παραβίασης,1430
αντεροβγάλτη,1430
λάιτ,1430
Σπέκτορ,1430
εισερχόμενα,1430
συνήθης,1430
Σιλβέστερ,1430
λαβύρινθος,1430
παντοτινά,1430
εως,1430
τυχαίες,1430
γκομενάκια,1430
μότο,1430
συμπάθησε,1430
Πινόκιο,1429
βιάγκρα,1429
έθιμα,1429
Λυδία,1429
τελείωσέ,1429
βιάστηκε,1429
πειραματικό,1429
πηδήξουν,1429
ντεπόζιτο,1429
πιτς,1429
δίπλωμά,1429
τσιπς,1429
Ντελέν,1428
αποδοθεί,1428
τρόπου,1428
δικος,1428
δηλητηριάσει,1428
επιχειρηματικό,1428
δώρων,1428
ονομάζεσαι,1428
Κάβανο,1428
αιματηρή,1428
αισθάνθηκες,1428
βορειοανατολικά,1428
κοροϊδεύετε,1427
ρχα,1427
ευκολία,1427
ωσπου,1427
υπήρξες,1427
έγκυες,1427
διατήρησε,1427
χεστεί,1427
σκιάχτρο,1426
εμεινε,1426
παντοδύναμο,1426
αντίτυπα,1426
καναλιού,1426
επιτάχυνση,1426
Τζέφρυ,1426
μαθεις,1426
εταιρική,1426
πυρών,1426
μάζες,1426
καημενούλα,1426
Μιντ,1426
απ'οτι,1426
πρωταγωνίστρια,1426
εκρήγνυται,1425
εξωτικό,1425
ινδιάνα,1425
φορτώστε,1425
έσυρε,1425
χαρίσματα,1424
οίδημα,1424
προχωρημένη,1424
θυμόσουν,1424
εγκαταλείψετε,1424
ροδάκινο,1424
απογοήτευσε,1424
ιντερνέτ,1424
ξανθούλα,1424
ζωγραφίσει,1423
κλειδώνει,1423
Ντάρμπι,1423
ατρόμητος,1423
ειδε,1423
Μπλέιν,1423
νευρίασε,1423
προτείνουμε,1423
αρνηθούμε,1423
διέρρηξε,1423
ξανασκέψου,1423
δείξατε,1423
τολμούσε,1422
καιγόταν,1422
επίσκοπο,1422
αναγκάζουν,1422
μεταλλική,1422
τέθηκε,1422
τακτικής,1422
γκουρού,1422
καθυστερώ,1422
λεπίδες,1422
κακόγουστο,1421
Τζέρικο,1421
σφίξω,1421
καταπιείς,1421
χαλαρώσετε,1421
απλώνεται,1421
σατανικός,1421
σιδηροδρομικό,1421
Μίλντρεντ,1421
Ρόις,1421
μάθαιναν,1421
εκτέθηκε,1420
Κάπλαν,1420
ΜΙΤ,1420
πειρατών,1420
υπολογίζει,1420
Τζένινγκς,1420
τριακόσια,1420
ειδοποίησαν,1420
φοιτητή,1420
ξαπλώστε,1420
γλυτώσω,1420
ευχαριστήθηκες,1419
Άη,1419
κοντέσα,1419
αντιμέτωποι,1419
Ντίκενς,1419
γεμιστήρα,1419
χρεώσω,1419
Βίλμα,1419
δαγκώνουν,1419
Μπρόνσον,1419
Βουδαπέστη,1418
σ'έχει,1418
κατασκοπεύει,1418
το'πες,1418
Λόκγουντ,1418
εκρηκτικών,1418
Σοβιετικοί,1418
διαγωνισμού,1418
ομορφότερο,1418
οριστικό,1418
εμποδίζουν,1418
μαζέψετε,1418
χειριστούν,1418
σύνορο,1418
σκίσεις,1418
οργισμένος,1417
κόπηκα,1417
όχλος,1417
δέσμη,1417
συμπεριφέρομαι,1417
μεγαλος,1417
μαχαιριές,1417
Άρμστρονγκ,1417
τηλεφωνούν,1417
κβαντική,1416
Ρόμπερτσον,1416
Γουίτακερ,1416
λύσουν,1416
ολοσχερώς,1416
τσαντιστεί,1416
Σέλμα,1416
υπηρεσια,1415
ανέχεται,1415
εκπαιδεύσω,1415
κερνάς,1415
Βλαντ,1415
Ισλανδία,1415
Νταξ,1415
νόσος,1415
Χίλι,1415
μπουκέτο,1415
τρελού,1415
δραστηριότητας,1415
τρένων,1415
Σουίτς,1414
αστράγαλό,1414
διαχειρίζεται,1414
Μόιρα,1414
συζητούν,1414
απαντάτε,1413
ταΐζει,1413
αίτιο,1413
Χιλή,1413
λουτρά,1413
κολακευτικό,1413
θερμοκήπιο,1412
Θίοντορ,1412
νύκτα,1412
μπέρδεψε,1412
ρια,1412
γγλος,1412
αποφύγουν,1412
ινδιάνικο,1412
προγραμματισμό,1412
πρωτοείδα,1412
ουμε,1411
μπουρίτο,1411
γενικώς,1411
Σαλίμ,1411
Άστριντ,1411
λλαξες,1411
πάχος,1411
κατατόπια,1411
εισαγωγής,1411
συσκευής,1410
ρίγες,1410
ασημί,1410
αισχρό,1410
βλέποντάς,1410
κλίμακας,1410
αναστροφή,1409
αεροσυνοδός,1409
μουσουλμάνοι,1409
μακροπρόθεσμα,1409
περιορίζει,1409
αδερφών,1409
Ναζίρ,1409
καινούργιοι,1408
Σέιντ,1408
γουέστερν,1408
πλούτου,1408
επιχειρηματία,1408
τραπεζα,1408
διαιτητή,1407
Σλέιτερ,1407
ρουλέτα,1407
ν'αφήσω,1407
μεθύσεις,1407
Κίκι,1407
Γκράντ,1407
ηθελαν,1407
εξαίρετος,1407
καουμπόηδες,1407
ευτυχείς,1407
μεταφράσεις,1407
πληγώθηκες,1407
φτιάχνονται,1406
τηρήσω,1406
ηλικιωμένοι,1406
διαγραφή,1406
τρομακτικές,1406
φαντάζεται,1406
αποδέξου,1406
Γκρίφιθ,1406
χαθώ,1405
φτερούγες,1405
γνωρίζονται,1405
ανταλλάξω,1405
Κάστερ,1405
κάνη,1405
γρηγορότερος,1404
απαγορευεται,1404
συνεχόμενες,1404
αδερφάρα,1404
ξεχωρίσεις,1404
έσκισα,1404
κακοποίησης,1404
ξερό,1404
ηλιόλουστη,1403
οικογενειακός,1403
αποκαλύψουμε,1403
Τζάνγκο,1403
πληρώθηκε,1403
ζωγραφίσεις,1403
διατροφής,1403
ανάρμοστη,1403
Βοστώνης,1403
πέρναγε,1403
Χάρλεϊ,1403
αστυνομικά,1402
βομβαρδισμό,1402
ακουμπήσω,1402
ανέθεσαν,1402
παντρευτήκατε,1402
τοποθετήθηκε,1402
δίδαξες,1402
ξεκαθάρισα,1402
υποτίτλου,1402
σωσία,1402
ακουστε,1402
άσπρος,1401
Τούρκοι,1401
γιούς,1401
Ντάριους,1401
πέρασέ,1401
απαράδεκτη,1401
οχιά,1400
συνέταιρός,1400
υπέφερα,1400
αντικατασταθεί,1400
λοσιόν,1400
ν'αλλάξεις,1400
εθνικός,1400
συνέβηκε,1400
Αντώνιος,1400
πιάσιμο,1400
σ'εκείνη,1400
καυσίμου,1399
θαύματος,1399
ομάδων,1399
τοστιέρα,1399
Άικ,1399
παράγραφος,1399
πιτσουνάκια,1399
Ντόουν,1399
ΥΔΡΑ,1399
τσέρι,1398
συγχωρείστε,1398
καλούδια,1398
χάνι,1398
παθιασμένη,1398
δόγμα,1398
σωθείτε,1398
άτακτος,1397
συνεχές,1397
κείνους,1397
εκπληρώσει,1397
Μπον,1397
επώνυμό,1397
μαχητή,1397
αυτόματος,1397
προστατέψτε,1397
πρύτανης,1397
αναβάλουμε,1397
ενεργοποιεί,1397
πιθήκους,1397
Βενεζουέλα,1397
προστατευτικό,1397
ντράιβ,1397
ολοκαίνουργιο,1397
σιντριβάνι,1397
συγκρίνω,1397
σκεψου,1397
Λάτιμερ,1397
γράψαμε,1396
σύμπλεγμα,1396
Ντεντ,1396
θαυμάζεις,1396
τόλμησες,1396
πήγανε,1396
χειρότερους,1396
κολλήσουμε,1396
ορκίζεται,1396
οΏ½οΏ½οΏ½οΏ½,1396
κλώνος,1396
σβηστεί,1396
καφεΐνη,1395
εμποδίσουν,1395
Λάρσεν,1395
βδομαδα,1395
οδηγούσαν,1395
αποχαιρετήσεις,1395
τριχωτό,1395
απογειωθεί,1395
είχανε,1395
κατοικεί,1395
απέρριψαν,1394
καταλάβαιναν,1394
επαρχίας,1394
παρακολουθήσουν,1394
τολμηρός,1394
κουβαλάνε,1394
αφανισμό,1394
εκτίμησή,1394
δρόμων,1394
βολικά,1394
σκίσει,1393
ημίν,1393
καλωσορίσουμε,1393
καταστρέψαμε,1393
ρυτίδες,1393
διακυβεύονται,1393
βασιστείς,1393
μωρών,1393
συλλέκτες,1393
δολλάριο,1392
δημοσκοπήσεις,1392
κοντρόλ,1391
προορίζεται,1391
αυθεντικά,1391
παρατάμε,1391
ψωλή,1391
ανυπομονείς,1391
φροντίσετε,1391
Μόρτι,1391
Ντέηβις,1390
πρόγνωση,1390
εξοχότητά,1390
Σίμπιλ,1390
Καζαμπλάνκα,1390
μικρούλι,1390
γκνες,1390
αρπάξουμε,1390
γράφοντας,1390
αποκλειστικό,1390
προβληματα,1390
αναρωτηθεί,1390
απολογηθείς,1390
δημιούργημα,1389
σχεδίαζες,1389
Άντζελο,1389
ιντερνετ,1389
κορδόνι,1389
ενεργοποιείται,1389
ιαπωνικά,1389
τεμπέληδες,1389
ακουγεται,1389
μπούτια,1389
τρυφερός,1389
Πάντι,1389
αριστερα,1389
αναγνώρισαν,1389
Μπαγκ,1389
υπόδειγμα,1389
χαλάκι,1389
καπως,1388
αντίληψή,1388
εγιναν,1388
συνεχίζετε,1388
δαύτους,1388
ξεχνά,1388
νεκροι,1388
καλύ,1388
Μπέρι,1388
Λένυ,1388
ιδίαν,1387
εξέτασης,1387
χημικές,1387
μακαρι,1387
αγγλικών,1387
αποκλείει,1387
σαλάμι,1387
δυσαρεστημένος,1387
ανακατεμένος,1387
διευκολύνω,1387
ρωτήσαμε,1387
βάλιουμ,1387
ενοχλητικά,1387
οργανικό,1386
σχηματισμός,1386
ΝΥ,1386
καπετάν,1386
κατασκευαστές,1386
Λίντερμαν,1386
διατηρήστε,1385
ξεκλείδωτη,1385
ισούται,1385
διαμάχες,1385
προστατεύετε,1385
κανονικοί,1385
ελεγες,1385
αντηλιακό,1385
φάτσες,1385
εκθέσει,1385
επιλέγουμε,1385
Σουδάν,1385
πυροδότησε,1384
ελεγκτής,1384
αυλαία,1384
λυκάνθρωποι,1384
τραυματία,1384
ντιμπέιτ,1384
χωρών,1384
χαζεύεις,1384
βγαίνοντας,1384
προσέξουμε,1384
αλλόκοτη,1384
αντεροβγάλτης,1384
χαραμίσεις,1384
στρατεύματά,1384
φενγκ,1384
ορεκτικό,1383
κομήτη,1383
ηδονή,1383
πρωτεΐνη,1383
Τίμμυ,1383
υποτιτλισμού,1383
βάψιμο,1383
χωνέψω,1383
τροχούς,1383
ακόλουθος,1383
σαματά,1383
ενιωσα,1382
Ζικ,1382
μετακομίζεις,1382
Αλφρέντο,1382
Μπινγκ,1382
θάψαμε,1382
Μπάρκλεϊ,1382
να'στε,1382
σλεϊ,1382
ξυπνήσαμε,1382
τραγουδώντας,1382
Σαμίρ,1382
διαφθοράς,1382
αποφάγια,1382
φόρτιση,1382
ευάλωτοι,1381
κοιλότητα,1381
Ρίνγκο,1381
μετακομίζουμε,1381
Χέλερ,1381
Σίβα,1381
απελευθερωθεί,1380
γιούπι,1380
άκυρο,1380
αμοιβαίο,1380
τ'όπλο,1380
Χέντριξ,1380
κομμένη,1380
απογοητεύτηκα,1380
Ντίνο,1380
Χέιζελ,1380
διαστήματα,1380
οπλίστε,1380
Τούβοκ,1380
κάτσαμε,1379
πρωθυπουργού,1379
κρανία,1379
Καραϊβική,1379
γυρνάνε,1379
σιχαθεί,1379
ζήλευε,1379
υποκριτική,1379
πέσιμο,1379
παγιδευτήκαμε,1379
σχεδιάσουμε,1378
επαναστατική,1378
συνοδέψει,1378
Πωπω,1378
πιέσει,1378
ενέπνευσε,1378
ξεφορτώθηκα,1378
πειραματόζωα,1378
δυναστεία,1377
Κάρλσον,1377
αναπηρία,1377
Σεσίλια,1377
κατασκηνώσουμε,1377
νηφάλια,1377
σταθήκαμε,1377
συμβιβασμός,1377
τρίβεις,1377
Καλησπερα,1377
εστιάσουμε,1377
Κέντρικ,1377
ρισκάρουν,1376
συλλέγει,1376
επιτυχώς,1376
αγγεία,1376
επίπεδη,1376
κάρφωσες,1376
καταρράκτη,1376
λεοπάρδαλη,1375
φύλα,1375
εισέβαλαν,1375
Οκτώβριο,1375
αναπαραγωγής,1375
εκδικητής,1375
σέρφινγκ,1375
κινδύνευε,1375
Τύριον,1375
μιλησει,1375
γηπέδου,1375
οργανική,1375
ράκος,1375
χοντρές,1375
κατέληγε,1374
παρουσιάζουμε,1374
έπαιξαν,1374
επισκεφτείτε,1374
υπακούω,1374
Κόκο,1374
ζητούσαν,1374
ένδοξη,1374
Αύγουστος,1374
πιασε,1374
εντελως,1373
στιφάδο,1373
νιότης,1373
αφιερώσω,1373
κλοπής,1373
αδειάσω,1373
μυστικο,1373
Γουόρικ,1373
εισόδους,1373
υπογράφεις,1373
πρεζόνια,1373
Ντέι,1372
ξαναδει,1372
γεννηθώ,1372
αθάνατο,1372
Κενόμπι,1372
λυπηθώ,1372
φορέσετε,1372
αστραπές,1372
ξαναγίνω,1372
ορατότητα,1372
πιθήκων,1371
μουσεία,1371
κόλλησαν,1371
πρωινές,1371
μάντης,1371
μικρος,1371
χειρισμό,1370
πιάστον,1370
Μαγκουάιρ,1370
ντούκου,1370
ανατεθεί,1370
καμήλες,1370
σπουδάσω,1370
πόλεων,1370
αντιγραφή,1370
Ντάκυ,1370
τηγανητό,1370
πύρ,1369
φυτρώνουν,1369
Ντοτζ,1369
δείπνα,1369
τρώγεται,1369
χαθείτε,1369
συμβολαίου,1369
Γουέντελ,1369
διάσκεψη,1369
ναψε,1369
απέδωσε,1369
ποιητικό,1369
παριστάνω,1369
αντικαταστήσουμε,1369
καλαμάκι,1369
πολεμά,1369
εκτελέστηκε,1369
έπαψα,1368
χρήστες,1368
χέι,1368
πρόγονοι,1368
Μαξίν,1368
εντυπωσιακός,1368
άλλαζαν,1367
Μούντι,1367
φονική,1367
μοιραστήκαμε,1367
πηγαινετε,1367
Έις,1367
πεθανω,1367
φορώ,1367
λίμα,1367
ελαστικά,1367
ψυχολογίας,1367
σαρδέλες,1367
χαμογελά,1367
πρύμνη,1366
εντοπίζω,1366
πρωτότυπα,1366
έλυσε,1366
Κέιτυ,1366
γλίστρησα,1366
μουλάρια,1366
δραπετεύσω,1366
αλλου,1366
χόρευα,1365
αντιμετώπισα,1365
Μπλέιντ,1365
πολεμάτε,1365
ανταποκριθεί,1365
βελτιώσει,1365
δείχνοντας,1365
αγίους,1365
παλιοκαθίκι,1365
μεταθανάτια,1365
στεναχωρημένη,1365
εργαζομένων,1365
Τζέφρις,1365
εξασφαλίσουμε,1365
Βερολίνου,1365
κιάλια,1364
δοκιμαστεί,1364
διαστάσεων,1364
νησι,1364
λοχια,1364
ενδοχώρα,1364
άφιξης,1364
έβαψα,1364
χειρίστηκες,1364
θετικός,1364
Τρι,1363
θανατου,1363
τρυφερά,1363
καθοδηγήσει,1363
εκμεταλλεύεσαι,1363
υπολογισμοί,1363
χολή,1363
εφερε,1363
σημείου,1363
βρισιές,1363
διπλάσιο,1363
αποθήκευσης,1363
εκθαμβωτική,1363
κάλυψα,1362
Μέρσι,1362
φάσης,1362
μικρότερες,1362
καραγκιόζη,1362
Σκάινετ,1362
Μπάνι,1362
ψηφίστε,1362
παραπάει,1362
αποκλεισμό,1362
λουλουδιών,1361
θαλασσινό,1361
Α.Σ.Π.Ι.Δ.Α,1361
Λαμάρ,1361
γυρνα,1361
στέρνο,1361
δέκατο,1361
φόρεσες,1361
ψευδή,1361
συμμετείχα,1360
παλιοτόμαρο,1360
διαπεράσει,1360
πούλμαν,1360
ετοιμαζόταν,1360
σκήπτρο,1360
θρήσκος,1360
εστειλε,1359
κεφαλής,1359
ταξιαρχία,1359
μύθους,1359
ευχομαι,1359
επιασε,1359
εγινες,1359
τιμωρηθείς,1359
εκατομμυρίου,1359
υπονοείτε,1359
εργάστηκε,1359
αγκάθια,1359
νευρικοί,1358
Πέτρος,1358
ζωηρή,1358
πονηρή,1358
Σκρουτζ,1358
εξωγήινα,1358
Ρίντικ,1358
σιγα,1358
οοο,1358
απατάει,1358
διευκολύνει,1358
πέμπτος,1358
εμβόλια,1358
κερασμένο,1358
ξοδεύουν,1358
σεριφη,1358
άτιμο,1358
ιστούς,1358
ολος,1358
σοπράνο,1357
γιοί,1357
κυρ,1357
νιπτήρα,1357
παράλογα,1357
χωμένος,1357
επισκέφθηκε,1357
πυρομαχικών,1357
τσακίσει,1357
κόκα-κόλα,1357
παράκανα,1357
άπό,1356
τεχνικούς,1356
τόνων,1356
γαλαξίας,1356
μπλέχτηκε,1356
δη,1356
κρυφτούν,1356
τερματισμού,1356
ταξίδευα,1356
μέσ,1356
γλυπτό,1356
απόδειξε,1356
μηνύματος,1355
μήκους,1355
γκ,1355
στήριγμα,1355
καμουφλάζ,1355
τράβηξέ,1355
προβλέπω,1355
διόρθωσε,1355
πιστωτικής,1355
γελούσαν,1355
ιδιος,1355
τραβήξετε,1355
αρθρώσεις,1354
Πεκ,1354
πλούσιες,1354
πολυτελείας,1354
δώσανε,1354
ευγενές,1354
δένδρο,1354
σιδερένιο,1354
ποιας,1354
Αντρέα,1354
Έλινορ,1354
Στόουκς,1354
ούρλιαξε,1354
δίδυμος,1354
εκτελεί,1353
υποβάλω,1353
φυσαλίδα,1353
ορατό,1353
τροπολογία,1353
χαμηλώστε,1353
πανεπιστήμια,1353
απόμακρος,1353
εκλάπη,1353
ξαναμιλήσει,1353
πεδιάδες,1353
καλλιστεία,1353
γέμισα,1353
καγκελάριο,1352
μπαχαρικά,1352
κηδείας,1352
μικροτσίπ,1352
γεννηθήκαμε,1352
ρουφήξει,1352
φθάσαμε,1352
απέλυσες,1352
πρακτικές,1352
ξαναμπώ,1352
προσωπικούς,1351
πυροδοτήσει,1351
χαράματα,1351
δανειστεί,1351
ψηφιακά,1351
βρωμάνε,1351
παραδείγματα,1351
ορκιστώ,1351
μπόχα,1351
τιμάς,1351
μίστερ,1350
διανοηθείς,1350
βαθύτερο,1350
ξερά,1350
τρελαθήκατε,1350
ξαναπεράσει,1350
Καπιτώλιο,1350
ανθρώποι,1350
εξάρτηση,1350
αγγέλου,1350
ξανασκέφτομαι,1350
μετακινήθηκε,1349
χαμογελούσε,1349
πικρό,1349
ͺ,1349
τρίψω,1349
Κάπιτολ,1349
ανατείλει,1349
μένοντας,1349
σύνταξή,1349
Μάρλα,1349
Κόμπτον,1349
χαλασμένα,1349
καλλίτερα,1349
αστείες,1349
δυνατότερη,1348
διπλωματία,1348
ρωτούσαν,1348
καραβάνι,1348
δηλητηριασμένο,1348
τάισε,1348
συνέλαβα,1348
κλασικός,1348
διαλέξατε,1348
νεύρων,1348
φριχτά,1348
αντίπαλό,1348
εεεε,1348
δραματικά,1347
αθάνατη,1347
παλμούς,1347
ξεφορτωθούν,1347
Ναπολέοντα,1347
ταχυδρομείου,1347
φα,1347
θαμμένα,1347
δυσκολεύει,1347
χωρισμένοι,1347
ξαναμιλήσω,1346
μαχητικό,1346
συνθετικό,1346
Λεωνίδα,1346
Βομβάη,1346
παλιών,1346
κορόιδευε,1346
ξηρασία,1346
κατάδικο,1346
υπηρετήσεις,1346
ανανά,1346
ποτών,1346
Χουντ,1346
μαζεύτηκαν,1346
ξύλου,1346
φιαλίδιο,1346
σχεδιασμός,1345
αμερικανικές,1345
καταπολέμηση,1345
Άρης,1345
αφοσιωμένοι,1345
κινητή,1345
στρατο,1345
βομβιστή,1345
ανδροειδή,1345
θρύλοι,1345
ειλικρινές,1344
Ελληνικοί,1344
Σούλου,1344
απ'εδώ,1344
ψυχάκια,1344
χήρες,1344
άβυσσο,1344
εξυπνο,1344
εχθρικός,1344
σ'εμάς,1344
μετακινήσει,1344
τράπεζά,1343
θεραπεύσουμε,1343
φόβοι,1343
μόσχευμα,1343
χορέψετε,1343
Μαρίας,1343
τηλέφωνά,1343
συγχαίρω,1343
σκίζει,1343
εκπαιδευτική,1342
τραγικά,1342
αμαρτιών,1342
απουσιάζει,1342
αστεροειδή,1342
Ρουμανία,1342
φτάναμε,1342
μυθολογία,1342
καμπάνιας,1342
κατέχεις,1342
πρόνοιας,1342
Λίμπι,1342
προκαλείται,1342
αδελφη,1342
Κάιζερ,1342
κράταγε,1342
φριχτή,1341
ανταπόδοση,1341
μάγων,1341
πρωτόγονο,1341
άπλωσε,1341
δυσκολεύεσαι,1341
ψηφίσω,1341
απαντήσουν,1341
ρεσιτάλ,1341
εγκληματικότητα,1341
Γκάρντεν,1341
λοβό,1340
Λεβιάθαν,1340
τραύματά,1340
φέρθηκαν,1340
τυπάς,1340
παραβάσεις,1340
εφηύρε,1340
μαριχουάνας,1340
παραλύσει,1340
μετάνοια,1340
προκληθεί,1340
Άριελ,1340
κατάντησε,1340
χρησι,1340
σώβρακα,1340
σύμμαχο,1340
αγωνιστείς,1340
καθήσουμε,1340
ενωθεί,1339
ανεμοστρόβιλος,1339
γκρινιάρης,1339
καταστολή,1339
μιλα,1339
ιπτάμενος,1339
εισητήριο,1339
Λυν,1338
ξυπνητούρια,1338
ξεπεράσαμε,1338
επιτεθώ,1338
τροφές,1338
κράτη,1338
γραπτό,1338
βάλτον,1338
αφησες,1338
ανεβάζω,1338
εξαπατήσει,1338
κατοικίες,1338
συνιστούσα,1338
διπλωμάτης,1338
Κουάντικο,1338
υστερική,1338
οπλισμένη,1338
συγχαρητήριά,1338
χρήστης,1338
φανέλα,1337
παράλυτος,1337
κατασκευαστής,1337
σκηνικά,1337
σ'έπιασα,1337
συγκάλυψη,1337
πανικοβάλλεστε,1336
εκτεταμένη,1336
περιμέντε,1336
γουάν,1336
νά'ναι,1336
δημιουργούνται,1336
αντιλαμβάνεται,1336
πεθάναμε,1336
κυνικός,1336
αναπαυθεί,1336
μετάλλων,1336
ένοπλες,1336
αποφασίζουμε,1336
γύρευα,1336
κάμπο,1336
ημαστε,1336
προαύλιο,1336
καίγεσαι,1335
πρόθυμα,1335
υποφέρουμε,1335
ξεφεύγεις,1335
αιχμηρό,1335
μαρτυρίες,1335
Γκριρ,1335
μάχεσαι,1335
ενοχλήσουν,1335
Παναγίτσα,1335
εξαφανίσω,1334
τυπικός,1334
αναστάτωσε,1334
απαγωγέα,1334
Κάλεμπ,1334
απέρριψα,1334
ράβδο,1334
διακόπτες,1334
Στορμ,1334
Ελεγχος,1333
νόστιμος,1333
ασταθές,1333
μισήσω,1333
διατηρώ,1333
Μάι,1333
γάιδαρο,1333
κεκάκι,1333
συνεργαζόταν,1332
διαλέξαμε,1332
λίρα,1332
Χάουι,1332
πρεσβείας,1332
φτωχά,1332
καταδρομικό,1332
συγχρονισμό,1332
χεράκια,1332
χλωρίνη,1332
ΜακΝαμάρα,1332
τροπικό,1331
εκμεταλλευτείς,1331
Λενόρ,1331
ισχυρότερη,1331
χορεύετε,1331
μεταμορφώθηκε,1331
αει,1331
έντονες,1331
αντέχουμε,1331
συγκινητική,1330
ωραίους,1330
μεν,1330
κρυφός,1330
διώχνουν,1330
ένορκος,1330
τρελαίνεις,1330
ζωάκια,1330
άμυνά,1330
ιδρύθηκε,1330
εισερχόμενο,1330
θρηνεί,1330
περιπλανιέται,1330
μπλούζες,1330
σφράγισε,1329
τσούλες,1329
σκαφών,1329
γεν,1329
επίσημος,1329
βαράς,1329
μεσίτης,1329
Τέρρυ,1329
Φέρις,1329
κόκκινοι,1329
ορφανός,1329
έκρυβες,1329
Ρίκα,1328
αισιόδοξη,1328
στομα,1328
πετύχετε,1328
ακριβός,1328
συγκροτήματος,1328
κοπλιμέντο,1328
ζουμερό,1328
γκαρσόν,1328
πληρώσατε,1328
πατούσες,1328
ονειρευόταν,1328
υποχρεωτικό,1328
Μπλάκγουντ,1328
Κλόντια,1328
γενεές,1327
καιρος,1327
ορισμένους,1327
ανάσκελα,1327
Γαβριήλ,1327
Αντριάνα,1327
Ιστ,1327
βαραίνει,1327
εκμεταλλεύτηκε,1327
παρεμπόδιση,1327
τραυματισμούς,1326
συναντιόμασταν,1326
στομάχου,1326
μαύρισμα,1326
χωρισμένη,1326
γελάσουμε,1326
χτένισμα,1326
Τάιγκερ,1326
φορτώσει,1326
ελάχιστοι,1326
αιχμής,1326
ιαπωνική,1326
αποφασιστεί,1326
διαλυμένο,1325
ηχογραφήσεις,1325
θολή,1325
άπειρα,1325
επαθε,1325
λαγωνικό,1325
μηνύσει,1325
απευθύνεται,1325
κακοποιό,1325
σαββατόβραδο,1325
θυσίασε,1325
κατώτερο,1325
ηλεκτρισμός,1325
εφαρμογές,1325
αγγελούδι,1325
συμφωνούσα,1325
βρωμερή,1325
φοβίζεις,1324
ανοίξατε,1324
ξαναβρείς,1324
κινδυνεύω,1324
τηλεφωνούσες,1324
επιθυμούσε,1324
θύμιζε,1324
μαιμού,1324
Ντρέιπερ,1324
πράξεων,1324
ασημικά,1323
συνήθιζαν,1323
ρθείτε,1323
εξισώσεις,1323
φοβεροί,1323
Ντέντ,1323
Κάιν,1323
κατουράω,1323
παρατήσουν,1323
πόζα,1323
Γκονζάλες,1323
ανησύχησες,1323
επανέλθω,1323
θεότρελος,1323
υπακούσεις,1323
σαγόνια,1323
συμπεριφέρεστε,1323
παλέψουν,1322
βροχές,1322
Λίντεν,1322
κάλιο,1322
7ο,1322
Μοσάντ,1322
ρουκέτες,1322
λάτρευαν,1322
γυρεύουμε,1322
Ρομπέρτα,1322
Χόντορ,1322
Γκλάντις,1322
εθνικού,1322
κρεμασμένο,1322
ψησταριά,1322
φοίνικα,1322
κληρονομιάς,1322
πράξεών,1322
παζάρια,1321
τρενο,1321
μελλοντικά,1321
σαπίσεις,1321
πτήσεων,1321
οικονομικής,1321
Μέρικ,1321
γεύσεις,1321
κράτησης,1321
Τζόυ,1321
Μάγιερ,1321
Έντνα,1321
Άνγκους,1321
τακτοποιήθηκε,1320
ερωτεύεσαι,1320
σοκαρισμένος,1320
χαρτονόμισμα,1320
επίπονο,1320
κρυβόσουν,1320
υποσχεθήκατε,1320
συνεχίζονται,1319
δωσ'μου,1319
κουνηθούμε,1319
Φράνκυ,1319
λειτουργώ,1319
λοστό,1319
Σπάιντερ-Μαν,1319
άξιζα,1318
υπερδυνάμεις,1318
ζωάκι,1318
γυρεύουν,1318
Φραντσίσκο,1318
προφήτες,1318
ξεσκίσω,1318
παραφροσύνη,1318
γέμιση,1318
επίσημες,1318
αίματός,1318
χημικός,1318
απλωθείτε,1318
αποκτήσαμε,1318
εκρηκτική,1317
μελλοντικός,1317
ασυγχώρητο,1317
τσόντα,1317
χόμπυ,1317
κυκλοφόρησε,1317
παράγγειλε,1317
ξεκινήσατε,1317
προσωπάκι,1316
ξυπνά,1316
ίση,1316
Ναντίν,1316
αρχοντα,1316
αναλαμπή,1316
συμφωνητικό,1316
παλάμες,1316
πυραμίδες,1316
Αμπντούλ,1315
πουτανάκι,1315
ράφτης,1315
πολιτισμένοι,1315
γυάλα,1315
έκαιγε,1315
ταμάτα,1315
στοιχεια,1315
μελετώ,1315
προγαμιαίο,1315
παρέας,1314
δόκτορ,1314
δεια,1314
δείρεις,1314
άραβες,1314
γιορτάζει,1314
δύτες,1314
Χοκ,1314
βασάνισε,1314
γύψο,1314
φανταστούμε,1314
Φρόμπισερ,1314
Ρόχαν,1314
δι,1314
ζωντανος,1313
Ντέμπυ,1313
ενημερώνει,1313
αντεπίθεση,1313
πειρασμός,1313
Μπέντφορντ,1313
θρησκευτικές,1313
ζήλο,1313
συσκέψεων,1313
γήινο,1313
λογια,1313
τραγουδιστή,1312
σύνεργα,1312
24ωρη,1312
αναστατώνει,1312
Αλεξάνδρα,1312
διαγραφεί,1312
έκτακτα,1312
κατέχω,1312
κουβαλάμε,1312
καπετανιε,1311
αυστηρό,1311
Ντρίσκολ,1311
38άρι,1311
χαλάσαμε,1311
ερχόμενη,1310
φορέσουμε,1310
Αχα,1310
προφέρεται,1310
είμουν,1310
επιβίωσή,1310
τρομάξουν,1310
προέλευσης,1310
φωτογράφιση,1310
Καταλίνα,1310
μεριές,1310
αποτυγχάνει,1309
τσέλο,1309
αντιγραφείς,1309
λογότυπο,1309
φτύνει,1309
αναπαύεται,1309
Στάκχαουζ,1309
έσωζε,1309
πάθουμε,1309
φτιάχτηκαν,1309
δότης,1309
φάρα,1309
τσακάλι,1309
εντοπίσετε,1309
σεντάν,1308
ινσουλίνη,1308
εκπαιδευτή,1308
ψόφια,1308
Δαυίδ,1308
χατ,1308
αποκτήσετε,1308
αναγκαστεί,1307
πολυτελή,1307
άρχιζα,1307
όμοια,1307
καλοριφέρ,1307
ευρέως,1307
πατερ,1307
διαφέρουμε,1307
Χέρσελ,1307
γενοκτονία,1307
αποσμητικό,1307
σερβιτόρε,1307
οδηγήστε,1306
οικιακή,1306
ξάδελφό,1306
χρήσιμοι,1306
εβραϊκά,1306
άτακτη,1306
αλμυρό,1306
διαμερίσματος,1306
Μπερν,1306
Τιχουάνα,1306
θρησκευτικό,1306
τιμήσει,1306
απορρίπτεις,1306
κουνιούνται,1306
κατεστραμμένη,1306
συλλόγου,1305
κυβερνητικά,1305
Φιλντς,1305
στριπτιτζάδικο,1305
φλερτάρω,1305
Χίμλερ,1305
αφαίρεσαν,1305
δεσποινίδες,1305
διεξάγει,1305
κριτικός,1305
αποτυπωμάτων,1305
σηκω,1305
ασπιρίνες,1305
μ'αρέσεις,1305
Κίτυ,1305
Νατάλια,1305
έπιανα,1305
Φλυν,1305
Γιαρντ,1305
γνωστο,1304
συμπόνοια,1304
μοριακή,1304
εκλάβω,1304
μέδουσα,1304
υποτίμησα,1304
έκτος,1304
Μόλλυ,1304
Τσόρτσιλ,1304
καν'το,1304
αντισταθούμε,1304
πηδιέται,1303
εποπτεία,1303
κατάρες,1303
μιλκσέικ,1303
αναρρώνει,1303
κληρονομήσει,1303
άδειας,1303
σπουδάζει,1303
πανσέληνος,1303
Βατικανού,1303
Κερν,1303
Ελιοτ,1303
τυχαίος,1303
κουράστηκε,1302
λοχαγού,1302
αβλαβής,1302
ανάκληση,1302
Χόλαντ,1302
μετάνιωσες,1302
καρτ,1302
αγωνιστικό,1302
τελειώστε,1302
συμπαθούσες,1302
συνεχείς,1302
οδηγήσετε,1301
εγκρίθηκε,1301
Νορμανδία,1301
Κιπ,1301
βοηθησεις,1301
φορτώσω,1301
πρεζάκι,1301
κούνησε,1301
ημερήσια,1300
φοιτητών,1300
δημοσιογραφία,1300
καλυφθεί,1300
δισεκατομμυριούχος,1300
Κένυα,1300
Κρίσι,1300
μακρυα,1300
καθηκόντων,1300
πλοκή,1299
φούστες,1299
παγίδεψε,1299
φάτο,1299
θελήσουν,1299
πιουν,1299
κονδύλια,1299
σπιθαμή,1299
πλούτος,1299
Σμιτ,1299
αφηρημένος,1299
βουλής,1299
τοποθετήσουμε,1299
σπαγγέτι,1299
γουρουνιού,1299
Χάνσελ,1299
Γκαστόν,1299
οργανισμούς,1299
προπονητά,1298
στρίψω,1298
αρχοντικό,1298
καταγραφής,1298
ξεπληρώσει,1298
επόμενου,1298
θυρίδες,1298
εκτελεστικό,1298
χύσεις,1298
τόκους,1298
ενθαρρύνεις,1298
Ασάντ,1298
σκίουρο,1298
νεογέννητο,1298
κλειδώσουμε,1298
σορτς,1298
ξεκαθαρίσεις,1297
στήνει,1297
αυξήσεις,1297
Τάλι,1297
Στάνλεϋ,1297
μετατρέψεις,1297
ελεύθερης,1297
διαθέτουμε,1297
Ιούδας,1297
Φάσκο,1297
τσαγιέρα,1297
προστατέψετε,1296
ψηφοφόρους,1296
καλωσορίστε,1296
εξελιγμένο,1296
ΜακΝτόναλντ,1296
διστάζεις,1296
έλξης,1295
Μαιάμι,1295
εαυτόν,1295
σοι,1295
Τσάκ,1295
στράικ,1295
Σαββάτου,1295
θεράπευσε,1295
βάψω,1295
Άλβιν,1295
τρελάθηκαν,1295
χρειάζ,1295
φτιάχναμε,1295
κιμωλία,1294
Ριβέρα,1294
τιμωρίας,1294
πράσινες,1294
διαφορα,1294
λευκής,1294
διώξτε,1294
άρωμά,1294
κυνηγετικό,1294
Χέρλι,1294
ανταρτών,1294
νοκ-άουτ,1293
μελετήσεις,1293
εξουδετερώσουμε,1293
μετατροπή,1293
εγγόνι,1293
τζίν,1293
Αναζητητή,1293
αγχώνομαι,1293
Όγκι,1293
Σέντρικ,1293
προμηθειών,1293
υπνο,1292
άδικος,1292
πρωταθλήτρια,1292
τεχνολογίες,1292
κάμερά,1292
έχτισα,1292
Νίκαια,1292
περιμενεις,1291
δειπνο,1291
χέζεις,1291
ξοδέψαμε,1291
Δουβλίνο,1291
τρελαμένος,1291
εξολοθρευτής,1291
λείπετε,1291
ποδι,1291
Σβεν,1291
πυκνότητα,1291
παρκάρισμα,1291
απομάκρυνε,1291
αρχαίες,1290
κρατούμενη,1290
δεινά,1290
εξηγείτε,1290
ταράζεσαι,1290
περικυκλωμένος,1290
ανεύθυνο,1290
επιταγών,1290
φωτοβολίδες,1290
Μινμπάρι,1290
εφτιαξα,1290
Τεξ,1290
νικάς,1289
ποντικός,1289
επαγρύπνηση,1289
ερπετά,1289
επαναλαμβάνεις,1289
Όλσεν,1289
Αστροπύλη,1289
τραυματίστηκαν,1289
ανοχή,1289
γέμισαν,1289
όλ'αυτά,1289
βρεθήκατε,1289
Τσενγκ,1289
χωριο,1288
ανούσια,1288
ανανέωση,1288
φοβόντουσαν,1288
συνήθη,1288
στηρίζω,1288
Μίντι,1288
περιτομή,1288
σύνδεσε,1288
απογόνους,1288
πορνείο,1287
γνωμη,1287
θαυμάζει,1287
χαρτοπετσέτες,1287
Ορλεάνης,1287
ψήφισα,1287
πελατεία,1287
διαγνωστικό,1287
καλυτερεύει,1287
όπερας,1287
βαρόνε,1287
Βάλενταϊν,1287
ν'αλλάξει,1287
Μάνυ,1287
βασίλισσες,1287
φιλη,1286
εξακολουθούμε,1286
Ούρσουλα,1286
μετατρέψουμε,1286
πέταμα,1286
σκύλας,1286
αισθητήρα,1286
προσπα,1286
φυλών,1286
σκέλια,1286
παρθεί,1286
σπαθιού,1285
Βούδας,1285
εκφράσει,1285
γένος,1285
πλασμάτων,1285
στόχων,1285
επιασα,1285
Γκίλμορ,1285
ορμές,1285
οριστεί,1285
νοιαζόμουν,1285
μετρα,1285
έκβαση,1284
Μπλέρ,1284
κλείσ'το,1284
επιζήσαντες,1284
συλλογής,1284
8η,1284
γκομενάρα,1284
αγγελίες,1284
Αχμέντ,1284
έλυσες,1284
κύτος,1284
αφιερώσει,1284
ντίλερ,1284
διέλυσες,1283
Άσγκαρντ,1283
διαλέγουν,1283
Κέιλα,1283
στρογγυλό,1283
απελπισίας,1283
μύρισα,1283
τύμπανο,1283
υπογράψουν,1283
πέταγμα,1283
ψυχιατρικό,1283
αφοσίωσης,1283
παραδίδει,1283
βελτιώνεται,1283
νότος,1283
ηλεκτρικές,1282
καταθέσετε,1282
πείσουν,1282
γραβάτες,1282
επιβολής,1282
δοθούν,1282
είσ,1282
έξυπνους,1282
μπλεχτείς,1282
μνημόσυνο,1282
ανοίγετε,1282
Νάκι,1282
ίντσα,1282
στρατώνα,1281
μελαγχολία,1281
αρρωσταίνουν,1281
δυστυχισμένο,1281
αυ,1281
τή,1281
όχλο,1281
σπιτιών,1280
τραυμάτισε,1280
σεβαστείτε,1280
εισήχθη,1280
Τσον,1280
ακροάσεις,1280
πρήζεις,1280
Ντιάνα,1280
πλύνει,1280
αιμορραγούσε,1280
δανείστηκε,1280
γι'αυτές,1280
ξεκινάτε,1280
κλέβετε,1280
ανέχεσαι,1280
κοφτερά,1280
σπαταλάτε,1279
κατεβάζεις,1279
νυχτιάτικα,1279
καποιες,1279
σπάμε,1279
Μπρόιλς,1279
πανάκριβο,1279
Τζέικομπς,1279
διεφθαρμένο,1279
βλακώδες,1279
Λούμις,1279
δουλειες,1279
κατηγορείσαι,1279
αγκαλιάζει,1279
επιεικής,1278
μαμούθ,1278
εμμονές,1278
απομακρύνουμε,1278
φυλάξοι,1278
τραπεζιού,1278
ιούς,1278
αληθές,1278
λίτρο,1278
Σαλβατόρε,1278
αναθέσει,1278
ΑΠΟΚΛΕΙΣΤΙΚΑ,1278
αγωνίζεσαι,1278
προεκλογική,1278
μαλώσαμε,1278
στά,1277
ικανοποιητική,1277
Γουίκ,1277
συνουσία,1277
δολλαρίων,1277
σκληρέ,1277
μποτ,1276
μπαμπούλας,1276
νόμων,1276
σκοτωθείτε,1276
Μπέρτον,1276
ορισμό,1276
παραμέτρους,1276
υπερήφανοι,1276
καταδικάσει,1276
βάστα,1275
Λίνζι,1275
Ντούγκαλ,1275
δήλωσή,1275
Νίκ,1275
επιβεβαίωσαν,1275
παρέες,1275
αυτοκρατορική,1275
Μιονγκ,1275
ευχαρίστησα,1275
κλεψιά,1275
μπούμερανγκ,1275
δικαίου,1274
τυλίξω,1274
βασανιστηρίων,1274
ράφτη,1274
αλλόκοτα,1274
σπουδαιότερο,1274
εστάλη,1274
απορρίπτει,1274
παλιομοδίτικο,1274
προβληματικό,1274
αγωνιζόμαστε,1274
οχ,1274
γιατρών,1274
ανεπαρκής,1273
αναστατωθεί,1273
αργώ,1273
αστραγάλους,1273
ορφανή,1273
χριστουγεννα,1273
Μπρας,1273
άνθος,1273
Ιταλούς,1273
ακμή,1273
έφηβο,1273
ψιτ,1273
σαμπάνιας,1273
Κέιπ,1273
χρησιμοποιήθηκαν,1272
φορτώσεις,1272
ωμή,1272
τακτοποίησε,1272
γνωρίστε,1272
αγάπα,1272
αδιάκριτος,1272
μπουκάλα,1272
επιβίβασης,1272
μάφιν,1271
αυτοαποκαλείται,1271
αντρικά,1271
ζέσταμα,1271
προσθέσει,1271
αφήνατε,1271
λυθούν,1271
φροντίδας,1271
πρωτεΐνες,1271
δολοφονος,1271
μορφής,1271
ιδρώνω,1271
καθημερινές,1270
νοιάζεστε,1270
αποκλειστικότητα,1270
προβολής,1270
αντιστοιχεί,1270
ελεύθερου,1270
κλείδωσαν,1270
διπλανή,1270
Τενεσί,1270
Βολιβία,1270
εφημερίδων,1269
παραιτήσου,1269
Νιούπορτ,1269
συμφέροντά,1269
περιφέρειας,1269
προσέγγισης,1269
λήθη,1269
ξεκλείδωσε,1269
Γκέλερ,1269
γάιδαρε,1269
παπαράτσι,1269
μύδια,1269
μετακινούνται,1268
απενεργοποίησε,1268
αρρώστησα,1268
ουσίας,1268
κορυφής,1268
φημολογείται,1268
συνέλαβες,1268
εξυπηρετήσει,1268
γερνάς,1268
παρακάλεσε,1268
ενοχλήσουμε,1268
χαμε,1268
κόπανο,1268
θ'αργήσω,1267
πλουτώνιο,1267
Μπαρτόσκι,1267
Γκλας,1267
ψύλλους,1267
ιαπωνικό,1267
στρίψεις,1267
συγκροτήματα,1267
γορίλα,1267
Μπέλφαστ,1267
μεταλλαγμένους,1267
δολοφονιών,1267
γνωριζω,1267
ατομα,1267
βίαιοι,1267
εμπορεύματα,1267
περιμενουμε,1266
καρδινάλιο,1266
πηδήξτε,1266
Κόνστανς,1266
Στοκχόλμη,1266
κυρίαρχο,1266
ελονοσία,1266
πεζικού,1266
κακής,1266
ρωμαϊκή,1266
Στεναγμών,1266
πονά,1266
Σάλλυ,1266
γλυκα,1266
επιχειρήσει,1265
Ολλανδός,1265
γοητευμένος,1265
μοτοσυκλέτα,1265
σάκους,1265
ομίλου,1265
Τζώρτζια,1265
καταγγελίες,1265
Τζέρρυ,1265
χορέψτε,1265
τίγκα,1265
βγάζοντας,1265
περίφημο,1265
εργαζόμαστε,1265
Μπέντον,1265
διοικείς,1265
συγκρατημένα,1264
βελτιώσω,1264
βλαμμένη,1264
βρήκανε,1264
Μάρλεϋ,1264
μισθοφόρους,1264
θέλησες,1264
καλάθια,1264
εθισμένη,1264
ρητορική,1264
αντίδρασης,1264
αποσυρθείς,1264
χάρμα,1264
Σαμπίν,1264
ξεκινούσε,1264
Άντεργουντ,1264
προθέρμανση,1263
ύπουλη,1263
αεροδρομιο,1263
λαίδης,1263
εντόπισες,1263
κράμπα,1263
σκύψτε,1263
αετοί,1263
στρατιές,1263
εικονική,1263
Ρίτσερ,1263
αντικατασκοπεία,1263
ανώτερα,1263
Μόσχας,1262
ξεφορτώθηκε,1262
μάμπο,1262
κορδέλες,1262
Ναρν,1262
σύρθηκε,1262
γερμανικές,1262
παραβιάζεις,1262
κορυφές,1262
τηγανητές,1262
αναγκάσουν,1262
βιολογικός,1262
μοντάζ,1262
λαθρέμπορος,1262
Καλιφόρνιας,1262
αποκτάς,1261
καταγγείλω,1261
νοιώσει,1261
θνητούς,1261
γεννημένη,1261
ευάλωτο,1261
άζωτο,1261
ανήλικη,1261
θάναι,1261
διεισδύσει,1261
υπέρηχο,1261
περιποίηση,1261
Αλεχάντρο,1261
βασιλέα,1261
αποτελέσει,1261
κόκαλά,1261
κάτοχος,1261
βλεπετε,1261
θυσιάσω,1260
περιγράψετε,1260
ενημερώνεις,1260
αποδέχεσαι,1260
φιλοξενούμενος,1260
πολιτοφυλακή,1260
συγκεντρώνονται,1260
δάσκαλό,1260
μέθυσα,1260
ξεκουμπιστείτε,1260
μαχαιρώσει,1260
παραλήρημα,1260
ύπουλα,1259
Τζαστίν,1259
αληθινού,1259
Κλόη,1259
Φρίμπο,1259
Μπέρτι,1259
σήκωσες,1259
Τζα,1259
ιδιωτικής,1259
βοηθητική,1259
Ντάγκι,1259
πυροδότηση,1259
σαφάρι,1259
κορφή,1258
μηδενικό,1258
βιντεοκασέτα,1258
μπλέκει,1258
νοιαζόσουν,1258
απαντηση,1258
Γκρέιβς,1258
πεινούσα,1258
παρατράβηξε,1258
καθως,1258
απόπειρες,1258
εκατοστών,1258
μικρόβιο,1258
αγκώνες,1258
σχετικα,1258
κόμπος,1257
πλεύσης,1257
ομήρων,1257
νεος,1257
εντόσθια,1257
φυτρώνει,1257
οΏ½οΏ½οΏ½οΏ½οΏ½,1257
τιμωρηθούν,1257
ΜΕΞΙΚΟ,1257
ξημέρωσε,1257
Κομάντσι,1257
αεροπλανοφόρο,1257
στόχευσε,1257
συνδέω,1257
οπτικά,1257
τιμών,1257
κοιλιακούς,1256
βομβών,1256
τραυματική,1256
προστάτευσε,1256
διαταγες,1256
απολαύσει,1256
κατανοήσεις,1256
γλυκούλα,1256
ειδοποίησες,1256
ρεαλιστικό,1256
ασχολήσου,1256
συζυγος,1256
Ντέζι,1256
διοικητές,1256
Αμβούργο,1256
δεθεί,1256
καχύποπτος,1256
συνδεθούμε,1256
προσφάτως,1255
μύνημα,1255
υποσυνείδητό,1255
μύτης,1255
επιστρέφοντας,1255
ασκήσει,1255
ξαναρωτήσω,1255
τσιγγάνα,1254
Κένεντυ,1254
χέσιμο,1254
ημισφαίριο,1254
σχετικές,1254
προσποιούνται,1254
γιν,1254
γερανός,1254
καργιόλη,1254
κληρονόμησε,1254
ψαρά,1254
αιδεσιμότατο,1254
τοποθετήστε,1253
συνήθιζες,1253
σκοτωσεις,1253
αμερικανικός,1253
παράπτωμα,1253
ανακαλύπτεις,1253
σκάψει,1253
μέθη,1253
Μπατίστα,1253
σπρώξει,1253
ησυχάσει,1253
λήψεις,1253
λογιστήριο,1253
ενοχλούμε,1253
Τζέφ,1253
διεκδικήσει,1253
ανώμαλη,1253
πραγματικού,1253
Στάινερ,1253
κυμάτων,1253
κινδυνος,1252
εξορκισμό,1252
μοιράζει,1252
κολυμπήσει,1252
βασιλεύς,1252
Γκούντγουιν,1252
ερωτεύονται,1252
ξανάρθουμε,1252
απαρατήρητος,1251
σταυρού,1251
Γουίτμαν,1251
πρίγκιπες,1251
εκλεκτό,1251
Κέην,1251
υπέθεσε,1251
μπάρμπα,1251
δοκιμάζουμε,1251
φωτογραφια,1251
αποκρουστικό,1251
Φλόριδα,1251
Ντάστιν,1251
τύλιξε,1251
μηχανη,1251
γερνάω,1251
έγκλημά,1250
περίληψη,1250
σκάβουν,1250
κατάγεται,1250
Ίντιθ,1250
μεταλλαγμένοι,1250
περιττώματα,1250
μπλοκάρουν,1250
Γκίμπονς,1250
θ'αφήσω,1250
αμάρτησα,1250
γιατρέψει,1250
έδεσαν,1249
κούγκαρ,1249
ενοικίαση,1249
διαμαρτυρίες,1249
διακριτικοί,1249
αντιβασιλέα,1249
κάνας,1249
οριστική,1249
φθορά,1249
αναζητητής,1249
στήσουν,1249
εκδόθηκε,1249
απογεύματα,1248
Φίτζι,1248
Σινσινάτι,1248
ένα-δυο,1248
τρέφω,1248
λόττο,1248
τείνουν,1248
εμπόδιζε,1248
μεταδοτικό,1248
νταής,1248
εξάπλωση,1248
Πατρίς,1248
ανακοινώσουμε,1248
λυγίσει,1248
ευχαριστούσε,1247
οικοδεσπότη,1247
ξοδέψουμε,1247
ανάποδο,1247
Κυριακής,1247
εξαφάνισε,1247
ατομο,1247
ρίσκαρες,1247
γρατζουνιές,1247
κοσμημάτων,1247
επιτυχημένο,1247
στρατηγικές,1247
μπαλέτου,1247
νιότη,1247
κρύφτηκα,1247
θέλοντας,1247
δίδασκε,1247
Ηνωμένα,1247
ανεβεί,1247
πρωτάρη,1246
ήπατος,1246
ξυλάκια,1246
πειράματος,1246
Σκούμπι,1246
καθολικοί,1246
καζάνι,1246
διαλογισμό,1246
ύφαλο,1246
λακ,1246
εφευρέτης,1246
αστακός,1246
ειδικεύεται,1246
βερνίκι,1246
Χένρικ,1246
βατράχια,1246
εξετάζω,1245
γέννησή,1245
έγνοιες,1245
ψιθυρίζει,1245
Χάρβι,1245
μοναδικοί,1245
κουρέλι,1245
αναζήτησή,1245
πετυχημένος,1245
γαμπρού,1245
9η,1245
εισπράξεις,1245
Ούθερ,1245
εκπνοή,1245
πάρκ,1244
οργανισμοί,1244
πολύπλοκα,1244
μπάχαλο,1244
χαρτοπετσέτα,1244
ορχιδέα,1244
Ρουίζ,1244
εργατικό,1244
επέτρεψαν,1244
έσβησα,1244
διέσχισε,1244
πανεπιστημιούπολη,1244
Χάνκ,1244
αποφαση,1244
πορτοκαλάδα,1243
κολύμβησης,1243
δικαιούνται,1243
ανόητους,1243
καγκουρό,1243
ατελείωτες,1243
άκατος,1243
ός,1243
τραπεζίτη,1242
περίφημη,1242
ιστοσελίδες,1242
αναγκάσετε,1242
απομονωμένη,1242
περιποιηθώ,1242
μέντορας,1242
ρέντα,1242
ξανθιές,1242
ειδοποίησα,1242
χαιρετισμό,1242
παίξατε,1242
χτυπήθηκαν,1242
πρόσκοπος,1242
πράκτωρ,1241
αναγέννησης,1241
βοηθήσαμε,1241
προβολέα,1241
κορυφαίους,1241
Σουάγκερ,1241
εμπορικού,1241
θαλασσώσεις,1241
τηρήσεις,1241
ζόρικα,1241
εξετάσετε,1241
εκτελέσουμε,1241
χάντρες,1241
σχολαστικός,1241
νταβατζή,1241
Άιβι,1241
φέτα,1240
υποχωρήσουμε,1240
χειρουργό,1240
μεταφέρονται,1240
πατήσουμε,1240
προειδοποίησες,1240
καινούριοι,1240
πατριό,1240
καφετιέρα,1240
έμμονη,1240
λογικές,1240
απών,1240
Εωσφόρος,1240
έκφρασή,1240
Γουάιλντερ,1240
Μερλ,1239
Φανγκ,1239
χτίζουν,1239
αλγόριθμο,1239
παρατηρεί,1239
καθαρίσαμε,1239
υπηρέτριες,1239
καλωσορίζουμε,1239
ερευνούσε,1239
κλείνετε,1239
αντικαταστάτες,1238
μηδενικά,1238
άλλαζες,1238
αναπαύσου,1238
ασταθή,1238
διάφοροι,1238
πνιγμό,1238
κοινούς,1238
κλάπηκαν,1238
Καναδάς,1238
διεφθαρμένη,1238
τζάγκουαρ,1237
ανυπομονούμε,1237
ασιάτες,1237
πούστηδες,1237
αδιάφορο,1237
πεθανεις,1237
στέρεο,1237
απέσυρε,1236
εσπασε,1236
ειδύλλιο,1236
Έμμετ,1236
αγγ,1236
Αλγερία,1236
γλειφιτζούρι,1236
πανίσχυρο,1236
πεντάρα,1236
ανθρωποκυνηγητό,1235
γονέας,1235
απόστολος,1235
αποσπάσεις,1235
πραγματι,1235
ανεξήγητο,1235
θηλυκή,1235
πυρηνικής,1235
αισθανθείτε,1235
Αρη,1235
επίλυση,1235
ί,1235
μάρτυράς,1235
βορεια,1234
Εντουάρντο,1234
κάμαρα,1234
ποιητές,1234
ιζακ,1234
καθαριστής,1234
ρώσικο,1234
πλοήγηση,1234
ικανοτήτων,1234
βοσκός,1234
πληκτρολόγιο,1234
υπολογίσω,1233
πανικοβλήθηκε,1233
αγελάδας,1233
εγκατασταθεί,1233
εξαλείψει,1233
όγδοο,1233
περιγράψει,1233
απέραντη,1233
Μπράιαντ,1233
έδώ,1233
έει,1233
ακολουθούσες,1233
Όκλαντ,1233
Μάτυ,1233
διώξετε,1233
ανατίναξαν,1233
ραβίνος,1233
Κορνέλ,1233
Άμλετ,1232
Οδυσσέα,1232
ρεσεψιονίστ,1232
ερωτησεις,1232
σωθούμε,1232
προγραμμα,1232
αφιέρωσε,1232
ερωτεύομαι,1232
μηχανάκι,1232
προχώρησα,1231
ντύνονται,1231
έσπαγε,1231
καρφώνει,1231
φιλιούνται,1231
αντέδρασα,1231
πιστοποιητικά,1230
αναρρίχηση,1230
κίνητρά,1230
δημιουργούσε,1230
αγωνιστούμε,1230
ιστορικού,1230
θεραπεύεται,1230
τούμπα,1230
αράχνης,1230
χαιρετίσματά,1230
δεχθείτε,1230
απεσταλμένος,1230
ταΐσει,1230
εθελοντή,1230
ηγηθείς,1230
κυνηγού,1230
45άρι,1230
ανακτήσεις,1229
αρκτική,1229
μετανάστευσης,1229
εκτιμούσε,1229
Μασαχουσέτης,1229
ηγηθώ,1229
διαθέσεις,1229
προσφέρεται,1229
τηλεφωνήσουν,1229
πρόσφερες,1229
χτυπήθηκες,1229
συχνάζει,1229
προέρχομαι,1229
αμφισβητήσει,1229
οικο,1229
βασανίσει,1229
πανεπιστημιο,1228
αντιπρόσωπο,1228
άτυχη,1228
διαγράψω,1228
φταίς,1228
Ρομέρο,1228
τασάκι,1227
αγιασθήτω,1227
πραγματοποιήσει,1227
ψύχραιμη,1227
πετάξατε,1227
φράχτης,1227
άμυνες,1227
σ'ευχαριστήσω,1227
μπλεγμένοι,1227
Κέλβιν,1227
ικ,1227
απρόσμενο,1227
εμετός,1227
σπαταλάμε,1227
λιωμένο,1226
Έλληνας,1226
αντιπροέδρου,1226
Όλεγκ,1226
γραφική,1226
ειδικότερα,1226
θεάματος,1226
αποτρέψεις,1226
ξύδι,1226
Απόλλων,1225
κερασμένα,1225
επινεφρίνη,1225
αφαιρέθηκε,1225
ένα-ένα,1225
λιονταριού,1225
εκπαίδευσε,1225
αστρικό,1225
δίσκου,1225
προφητείες,1224
ροδάκινα,1224
επέστρεφες,1224
ολοκαίνουριο,1224
οικειοθελώς,1224
Γκλόμπαλ,1224
καταγράψω,1224
βλαμμένος,1224
γαλοπούλας,1224
αιτίες,1223
διαβεβαίωσε,1223
νευριάζει,1223
ενιωθα,1223
ευτυχισμένους,1223
πορνογραφία,1223
οργάνωσή,1223
κατέβηκαν,1223
καλύπτεται,1223
Μάο,1223
στολής,1223
ύπουλος,1223
απολυθώ,1222
κάντρι,1222
τράκαρε,1222
αστέρες,1222
γούνες,1222
ταχυδρόμο,1222
Ισπανός,1222
τακτικός,1222
λυκάνθρωπο,1222
έλεγχα,1222
ακαδημίας,1221
μίτινγκ,1221
Φιλιππίνες,1221
εκατομύρια,1221
ζωα,1221
Αρθούρε,1221
καρτών,1221
κατεβάζει,1221
αμαρτωλός,1221
μάταιη,1221
φόρτε,1221
παρθένο,1221
ταιριαστό,1221
καταδύσεις,1221
απ'όπου,1221
τρόμαζε,1221
ραδιενεργό,1221
σημειώσει,1221
υλικών,1220
αντισταθούν,1220
ρέιντζερς,1220
αποστολών,1220
Τζίμπο,1220
απομακρύνεσαι,1220
λανθασμένα,1220
ράγισες,1220
ιρις,1220
κεντρικής,1220
Πόπι,1220
τ'αρχίδια,1219
Αγιο,1219
χωριάτης,1219
στοά,1219
λιποθύμησες,1219
τηλ,1219
Ρόμιουλαν,1219
μισθοδοσία,1219
αγγελιοφόρο,1219
Ρομ,1219
κρέμασαν,1219
αντικειμένων,1219
έπλυνα,1219
αναθέσω,1219
ξαπλώνεις,1218
γιατρευτεί,1218
Σαιν,1218
ακουστώ,1218
μεταμορφωθεί,1218
Μπό,1218
σπάσετε,1218
συγκεντρώνει,1218
μυρωδιές,1218
προσκόπους,1218
5ης,1218
εμπιστεύτηκες,1218
κοιτάζουμε,1218
χυδαία,1218
λαβίδα,1218
γιεν,1217
έξοδοι,1217
επιλεγεί,1217
χρειαζ,1217
ανάπηρο,1217
αντιμετωπίζετε,1217
πλήκτρα,1217
γιαυτο,1217
ομοφυλόφιλοι,1217
πεσμένο,1217
αγνότητα,1217
προχωρά,1216
μπεντ,1216
Μόρτιμερ,1216
αντικαταθλιπτικά,1216
ζυγαριά,1216
προσκαλώ,1216
αντίτυπο,1216
φούντα,1216
πλήρωσέ,1216
Τζέσε,1216
τρομοκρατηθεί,1216
πάλεψες,1216
ζωγράφισες,1216
αστεριών,1216
όρασης,1216
χαιρετάς,1215
αποσπάσματα,1215
Κίμ,1215
Ροντρίγκο,1215
κυβερνήτες,1215
αδίστακτος,1215
γήινοι,1215
οινόπνευμα,1215
σφουγγαρίστρα,1215
πριγκίπισσες,1215
ρωτησω,1215
τραβήξαμε,1215
Λίβερπουλ,1215
ΓΑΛΛΙΑ,1215
σκατιάρη,1215
μάστανγκ,1215
αμαρτωλοί,1215
τσιπάκι,1215
φινέτσα,1215
γλυκούλη,1215
νεωτέρας,1215
οδύνη,1215
αδερφη,1214
διαμερισμα,1214
δράσεις,1214
τσάϊ,1214
βαφή,1214
διπλές,1214
ζεσταίνομαι,1214
πιτσιρίκια,1214
έθαψες,1214
φορτωμένο,1214
θρόνος,1214
άπιστος,1214
επιχορήγηση,1214
απαλλαγείς,1214
μάνγκο,1214
αναλυτές,1213
άριστος,1213
υπογείως,1213
χώσουν,1213
ποπ-κορν,1213
συγκάτοικό,1213
απάντησαν,1213
ψηφοφόροι,1213
πρόσθεσα,1213
Μάστερς,1212
ευφυία,1212
Άδη,1212
σποτ,1212
Νταλ,1212
θηλαστικά,1212
καταγράφω,1212
σαλπάρει,1212
συνέχισαν,1212
άγγελε,1212
καταστροφέας,1211
φουσκάλες,1211
ελιγμούς,1211
ξεχνούσα,1211
διαφημιστική,1211
προεδρικό,1211
ελευθερίες,1211
βιαστική,1211
ρίχτερ,1211
πυροβολισμού,1211
μεσ,1211
παράπλευρες,1211
Σεπ,1211
τίτλοι,1211
πεθερός,1211
καλαμποκιού,1211
επιμένουν,1211
δραπέτευσαν,1210
στοχεύστε,1210
Τατιάνα,1210
αβοήθητος,1210
μηρό,1210
κοσμου,1210
εκλεκτή,1210
θείες,1210
περιπλανώμενος,1210
ώμοι,1210
πιπί,1210
αγνώστων,1210
δάνεισα,1209
κατηγόρησαν,1209
Μαντόνα,1209
κύλωνας,1209
σταθεροποιηθεί,1209
μεινετε,1209
Μπάρτλετ,1209
ιατρός,1209
σκάω,1209
δεμένες,1209
ψηφίζουν,1209
αντιπλοίαρχος,1208
τοξική,1208
ετοιμαστούν,1208
μαζευτούμε,1208
απόκλιση,1208
αποσκευών,1208
Φεβρουάριο,1208
μεγαλειότης,1208
ψήφισαν,1208
σεβαστώ,1208
αποκαλούσα,1208
χειρουργεία,1208
σορτσάκι,1208
επιτρεπόταν,1208
εκκλησια,1207
μέτριο,1207
Βίλατζ,1207
συνεργάτιδά,1207
οργανικά,1207
Μπανγκόκ,1207
λουριά,1207
μιμείται,1207
ουρλιάξω,1207
χτίσαμε,1207
συστήσει,1207
Τάγκαρτ,1207
αεροπλανο,1207
κορνίζα,1207
Λιάν,1207
ρεαλιστής,1207
παρακαλούσα,1207
γνώριμο,1207
θνητό,1206
δευτερη,1206
κάλυψες,1206
διανοητική,1206
διαφωνούν,1206
φτωχέ,1206
βασιστούμε,1206
δυτικές,1206
σχολικά,1206
ύψωμα,1206
γεωγραφικό,1206
σώβρακο,1206
στοιχημάτιζα,1205
μ'αγγίζεις,1205
επιζήσω,1205
Ρόβερ,1205
μείωσε,1205
Ντάνμπαρ,1205
ερευνητική,1205
σάκε,1205
εντόμων,1205
εξελίχθηκαν,1205
απομακρύνεις,1205
αχαμνά,1205
ηλικιωμένο,1205
ζηλέψει,1204
βομβιστική,1204
κατευθύνει,1204
λιποθυμήσει,1204
ελεγχόμενη,1204
εθελόντρια,1204
μου'πε,1204
ευλογημένοι,1204
βαριέται,1204
σχεδιασμένη,1203
Πέπε,1203
βόδια,1203
δημοσιεύσει,1203
καθ'οδόν,1203
πυροβολούσα,1203
γραπτώς,1203
δινω,1203
έντιμη,1203
τέντα,1203
πλήρωνες,1203
Γκάρζα,1202
παραμονεύει,1202
κατάλοιπα,1202
κολάν,1202
κάπνισε,1202
ταχυδρομική,1202
Κέσλερ,1202
φόντο,1202
διορθώνω,1202
αντίστοιχο,1202
λιώνουν,1202
κωμικό,1202
θυσιαστεί,1202
ανακτήσω,1201
γιγαντιαίο,1201
προσωπικο,1201
Κάνυον,1201
ουσιαστικό,1201
θεώρησαν,1201
ταΐσεις,1201
απαίτησε,1201
Μπέθανι,1201
προστατευτική,1201
Σκωτίας,1201
μισω,1200
κόψαμε,1200
χιλιοστά,1200
ταξιδεύετε,1200
Μπραν,1200
ανασάνω,1200
πόροι,1200
ξαναρχίσω,1200
αμάρτημα,1200
Βαρσοβία,1200
ίνα,1200
παρακάμψουμε,1200
κάθειρξη,1200
έκλεινα,1199
προϊσταμένη,1199
Γκάρφιλντ,1199
καρτοτηλέφωνο,1199
Αντζελα,1199
στρατηγούς,1199
ζώη,1199
γενετικής,1199
Ντομπς,1199
επαναστατικό,1199
χάλυβα,1199
ειλικρίνειά,1199
επαναστατών,1199
Μέντεζ,1199
καρύδες,1199
αντικαταστήσουν,1199
βαρετές,1199
εργατική,1199
ταιριάξει,1199
αφησουμε,1199
Νικς,1198
Αϊόβα,1198
πέσατε,1198
μειώσεις,1198
μαλλια,1198
προεδρος,1198
πρωην,1198
ταχυκαρδία,1198
εστίασε,1198
ευθείας,1198
γελάσαμε,1198
προσβαση,1198
χαμηλότερο,1197
ΒΙΡΤΖΙΝΙΑ,1197
ελευθερώθηκε,1197
μουσικά,1197
άγια,1197
καρδινάλιε,1197
Μέιστερ,1197
βοηθείας,1197
χης,1197
Οσάμα,1197
χρηματιστής,1196
πηδούσα,1196
προσώπων,1196
βγαλω,1196
Γκουίντο,1196
υποχωρούν,1196
πλυντήρια,1196
αριθ,1196
περιπέτειας,1196
συμπλήρωσε,1196
διαπραγματευτείς,1195
Φόρεστερ,1195
απ'αυτήν,1195
ζεστές,1195
Σιού,1195
σηκώνεστε,1195
συμπαθητικό,1195
ματάκια,1195
ενημερώνουμε,1195
προσκάλεσες,1195
επιβεβαιώστε,1195
επιτελους,1195
πυροβολώντας,1195
παπάδες,1195
στηθεί,1195
υιό,1194
λάιμ,1194
Ντέρικ,1194
ιέρεια,1194
Σαντς,1194
Φρέντ,1194
κολαση,1194
πούδρα,1194
άβολη,1194
τραγουδούσα,1194
αρχηγος,1194
ξαναμπείς,1194
Χέιντεν,1194
Ράμσεϊ,1194
έχυσα,1194
Τζερόνιμο,1194
Κρύσταλ,1194
γκράφιτι,1194
μεγαλειότατο,1193
Μπάνερ,1193
θέσε,1193
φωνητικά,1193
γάζες,1193
ράντζο,1193
περαστικά,1193
Ίνγκριντ,1193
μετρητής,1193
σχεδια,1193
Γκαντ,1193
ομαδικά,1193
Ουγγαρία,1193
ωπα,1193
προσλαμβάνει,1193
Ουκρανία,1193
κλωτσήσω,1192
οδηγούμε,1192
άνα,1192
αντιμετώπιζε,1192
επιθυμούμε,1192
καταπίεση,1192
μεταγωγικό,1192
οργανωμένη,1192
γραμμάτων,1192
δεκάρες,1192
απαιτούνται,1192
άγγελέ,1191
Γουίντερς,1191
μνηστήρας,1191
σπιντ,1191
Καλ-Ελ,1191
πάρκιν,1191
Λόου,1191
Χάμφρεϊ,1191
Νασσάου,1191
Λάνκαστερ,1191
ΥΠΟΤΙΤΛΙΣΜΟΣ,1191
σέρνει,1191
καθεδρικό,1191
πιάστηκαν,1191
οικοδομή,1191
παγόβουνο,1191
καβλί,1190
στεγνή,1190
ελευθερώσουν,1190
λερώσεις,1190
αποφασίζετε,1190
κολεξιόν,1190
κοσμηματοπωλείο,1190
δινει,1190
επιταχυντή,1190
ουρλιάξεις,1190
σημαντικότερη,1190
ίσον,1190
κυλά,1190
τσίζμπεργκερ,1190
Ντιλέινι,1189
δεσμοί,1189
ρίχνοντας,1189
φωτο,1189
ανιχνεύω,1189
μαντέψει,1189
ρίχτε,1189
κάνα-δυο,1188
σοφοί,1188
λιποτάκτης,1188
προετοιμάσου,1188
δήμο,1188
σπιτονοικοκυρά,1188
οδος,1188
ενθαρρύνει,1188
μετεωρίτες,1188
φτύνεις,1188
αποφεύγουμε,1188
Τιπόλ,1188
γυαλιστερό,1187
αναφορα,1187
μπάτσων,1187
χαλια,1187
δυνατοτήτων,1187
χύσω,1187
δέρματα,1187
Γκόρντο,1187
εξωτικά,1187
παραδίδουμε,1187
Λάργκο,1187
αποτελούσε,1187
υπηρετούμε,1187
επικοινώνησες,1187
στράτευμα,1187
γκρινιάζει,1187
μισούσαν,1187
Λορέτα,1187
πό,1187
ούτω,1187
αναγκαστήκαμε,1187
ράψω,1187
Ίγκορ,1187
αμαρτωλή,1186
αδιάφορος,1186
περήφανα,1186
Γκρόουβ,1186
Μαντ,1186
Μίσι,1186
προσποίηση,1186
υποστηρίξουμε,1186
Τάμπα,1186
χρειαστει,1186
σηκώσουν,1186
κέρας,1186
ξεκινώ,1186
παραγωγοί,1186
αυτοεκτίμηση,1186
συνδέθηκε,1186
Ερρίκος,1186
κατέβουν,1186
Ιωάννα,1186
Τζίμη,1185
μυστηριωδώς,1185
αστόχησε,1185
επαναλάβουμε,1185
συμμετείχαν,1185
Κέιντ,1185
εντυπώσεις,1185
ένδοξο,1185
θα'χω,1185
ζαλισμένη,1185
πέταλα,1185
κούτα,1185
ξαναβάλω,1185
καταγραφές,1184
ν'αρχίσω,1184
σιδηρόδρομος,1184
στραφούν,1184
συγκινεί,1184
ξύπνημα,1184
ζόρικος,1184
παραθυράκι,1184
κάστρα,1184
λεξιλόγιο,1184
επαρκή,1184
τρέφει,1184
Πρίτσαρντ,1184
βρεγμένη,1183
αξιωματούχος,1183
Ροξάν,1183
επιβεβαιώσετε,1183
σκέφτονταν,1183
μπισκοτάκι,1183
αποτρέπει,1183
νο1,1183
Έινταν,1183
τολμάει,1183
Γιώργος,1183
φυλάξεις,1183
παραβίασα,1182
μουστάκια,1182
Κόναν,1182
ευρωπαϊκή,1182
αξιολάτρευτος,1182
γεράσω,1182
κατασκευασμένο,1182
επισκέφτηκα,1182
προστάτευες,1182
βελανιδιά,1182
διατάραξη,1182
σωπάσει,1182
αθώες,1182
Αντόν,1182
μαγνητόφωνο,1182
έσπρωξες,1182
αγαθό,1182
κοτέτσι,1182
πετυχημένη,1182
προσφύγων,1182
θειάφι,1182
Ρατζ,1182
φετίχ,1182
Ιταλίας,1181
άσος,1181
θεωρήσει,1181
Βρυξέλλες,1181
ανούσιο,1181
βρειτε,1181
θεωρήσουμε,1181
αεροσκάφους,1181
διαβάσαμε,1181
δικαιωματικά,1181
νικά,1181
αποδεχθεί,1181
σοκάρει,1181
Μάβερικ,1181
επιθεωρητές,1181
Όλγα,1180
αναζωογονητικό,1180
έκπληξή,1180
χωριάτη,1180
Σκάλι,1180
επιλέξαμε,1180
Βέιλ,1180
Τζάκυ,1180
σεξουαλικότητα,1180
βασιλικού,1180
Όντο,1180
στράφι,1180
ικανοποιήσω,1180
χαρτοφύλακας,1180
αυταπάτη,1180
προσευχής,1180
Πουέρτο,1179
επενδύσεων,1179
επιλέξουν,1179
Φάλκον,1179
βιογραφία,1179
τοπικούς,1179
σκεπτόμενος,1179
υιοθετήσει,1179
δοξάστε,1179
λους,1179
οικονομικός,1179
σημειώστε,1179
προχωρούν,1179
αποχώρηση,1179
Μπάλαρντ,1179
δικαιωμα,1179
χέστη,1179
Μάουθ,1178
κυβικά,1178
ανοχής,1178
Έρνεστ,1178
φώναξαν,1178
έλθουν,1178
κούρσες,1178
ταμπέλες,1178
παραδεχτείτε,1178
μόλυνε,1178
σβέλτα,1178
Βοστόνης,1178
σπουδάζεις,1178
χειροτερεύουν,1178
απέφυγε,1178
διόδια,1178
γε,1178
γνωριστείτε,1177
χτίζουμε,1177
Φέργκους,1177
επίτρεψε,1177
ασυνήθιστες,1177
γερνάει,1177
γέλασα,1177
απολυθείς,1177
παρουσιάστε,1177
γράψ,1177
ξαναγυρίσουμε,1177
υπόληψή,1177
βασάνιζε,1177
Τσουν,1177
στή,1176
παιζει,1176
Σίνγκερ,1176
Λόουελ,1176
κολυμπάω,1176
εκνευρίζεις,1176
υποκρίνομαι,1176
βορράς,1176
αυτ,1176
μποτιλιάρισμα,1176
λιμάνια,1176
Αλέξανδρε,1176
Μάρλον,1176
ψευδείς,1176
Έλτον,1176
εξασθενεί,1175
κοιτας,1175
μαζευτούν,1175
Γιουνγκ,1175
γερμανίδα,1175
μεγαλοφυΐα,1175
μάντεψες,1175
ζαχαροπλαστείο,1175
μηχανικής,1175
επιτύχουμε,1175
εξοντώσουμε,1175
κλαίτε,1175
σχηματίζουν,1175
υφάσματα,1175
νεκρής,1175
δένουν,1175
σφίγγει,1175
μονίμως,1175
μαγαζι,1175
αποδεικτικών,1175
ενωση,1175
σημαδεύουν,1174
ράπερ,1174
συνειδητοποιεί,1174
δειλούς,1174
τρυπήσει,1174
συνολική,1174
τελειωμένο,1174
κάτσετε,1174
παρουσίας,1174
πετυχημένο,1174
μεταπτυχιακό,1174
καταράστηκε,1174
ποντάρετε,1174
αρκούδος,1174
Ινδός,1174
άγνωστες,1174
Ρασίντ,1173
Ουώλτερ,1173
σκάβει,1173
διάσημα,1173
ΣΙΚΑΓΟ,1173
φυλάσσεται,1173
τραπεζικούς,1173
ένα-δύο,1173
ψύξης,1173
χοντροί,1173
παρακάλεσα,1173
σκηνοθεσία,1173
Βαλτιμόρης,1173
φωτισμός,1172
έρπη,1172
Νόβακ,1172
αρρωστήσω,1172
αναστατώσει,1172
στραβώσει,1172
πολεμούσε,1172
στρατιωτες,1172
στρατιωτικών,1172
καραγκιόζης,1172
ελβετικό,1172
κοιμόμασταν,1172
ξάδελφο,1172
αγνοήσει,1171
λιπαντικό,1171
Αντερσον,1171
Έντμουντ,1171
γάλακτος,1171
αγαπας,1171
έμπαιναν,1171
χαμένων,1171
περισσεύουν,1171
τάνγκο,1171
εγγυηθεί,1171
ταχύτερα,1171
ντροπής,1171
γονιμότητας,1171
μαντάτα,1170
αποδείξεων,1170
ρεμάλια,1170
κόρακα,1170
εξαερισμό,1170
παραμονής,1170
αρχηγε,1170
μπαίνοντας,1170
κυβερνητικές,1170
μοναδικές,1170
διάλεγες,1170
Μίμι,1170
οβάλ,1169
κίτρινος,1169
Γκούντμαν,1169
έφτιαχνες,1169
κεφαλαιο,1169
δευτερολέπτων,1169
κατηγορούσε,1169
ειρηνη,1169
συμπόσιο,1169
αποφυλακίστηκε,1169
δημοσιότητας,1169
κομψά,1169
απ'όλες,1169
πνίξεις,1169
πεπόνι,1169
συνεπής,1169
λάμπεις,1169
ξεσπάς,1169
ύποπτα,1168
αποφασισμένοι,1168
αντιμιλάς,1168
προχωρημένο,1168
ζάχαρης,1168
ενδοφλέβια,1168
καταψύκτη,1168
δευτερα,1168
παραξενο,1168
σαρωτή,1168
πανάθεμα,1168
κλεισε,1168
επιζήσουν,1168
σπατάλησα,1168
φωτογραφιες,1168
ξεκαθάρισμα,1168
σπανάκι,1168
λιανά,1167
στρίβε,1167
ληστέψουν,1167
συνήλθα,1167
συμπληρωματικό,1167
ψεύδεσαι,1167
κολύμπα,1167
συρματόπλεγμα,1167
υπνοδωμάτια,1167
ειδος,1167
τσιμπήσω,1167
αράξω,1166
βρεθηκε,1166
χέσου,1166
βαλβίδες,1166
αφιέρωμα,1166
Σάββατα,1166
ωριμάσει,1166
Πρόκτορ,1166
παπάρα,1166
αεροπορικές,1166
κοντινός,1166
μάζας,1166
συγκινήθηκα,1166
τελειωμένοι,1166
πανκ,1166
εκθέσω,1166
αρρώστους,1166
επαγγελίας,1166
πανσιόν,1166
ηπατίτιδα,1166
μπράβος,1166
κουλουράκι,1166
συνεχιζεται,1166
Κίμπερλι,1166
δυναμικά,1166
λεγεώνας,1166
υπεροχή,1165
ουφ,1165
αίθουσας,1165
άσκησης,1165
Όλαφ,1165
πυροκροτητής,1165
Ράμσι,1165
σορό,1164
κύκλοι,1164
ξεγέλασα,1164
ελεγχο,1164
ζεσταθεί,1164
ψηφίσετε,1164
στέλνοντας,1164
βγάλ'το,1164
μπέιμπι-σίτερ,1164
Σολτ,1164
αυθόρμητα,1164
σκάσετε,1164
απελευθέρωσης,1164
πλημμύρισε,1164
καμπύλη,1164
νιώσουμε,1164
μερτικό,1164
διέγραψε,1164
αναπληρωτή,1163
ευθανασία,1163
αθάνατοι,1163
ένορκη,1163
εταιρικό,1163
κρατούσαμε,1163
γύρισέ,1163
αλυσίδας,1163
απροσδόκητο,1163
πτώχευση,1163
ερχόντουσαν,1163
αμαρτωλούς,1163
μεξικάνος,1163
ακτίνας,1163
πτυχές,1162
Κουβέιτ,1162
χαίρεστε,1162
καισαρική,1162
αμερικάνα,1162
ντεμπούτο,1162
πατριδα,1162
μηδενική,1162
έστελνες,1162
ξεχνα,1162
ψαρέματος,1162
διαστημόπλοια,1162
έξοδά,1162
ζεσταίνει,1162
πέμπτης,1161
λιγότερος,1161
κατηγόρησα,1161
ανδρας,1161
επικοινωνείς,1161
ανάποδη,1161
διάφραγμα,1161
Αλεξέι,1161
πολυκατάστημα,1161
ταφόπλακα,1161
μεταμέλεια,1161
κυνηγούσες,1161
ασχημο,1161
ομιλητής,1161
δολλαρια,1161
αυτόγραφα,1161
δρομολόγια,1161
καλόν,1161
Σίλβα,1161
Σαμψών,1160
Κίνγκ,1160
συστηθεί,1160
διαπίστωσα,1160
μυστικού,1160
Τσοι,1160
καμπαρέ,1160
έκρυβα,1160
οφείλονται,1160
Μεξικάνοι,1160
πρωτοκόλλου,1160
Αλκατράζ,1160
χρυσωρυχείο,1160
γι'απόψε,1160
Ντάσταν,1160
ανεξέλεγκτη,1159
παρεμβολή,1159
βρέξω,1159
βούρκο,1159
αυχένα,1159
ανατομία,1159
Ρωμη,1159
αρχαίος,1159
στρατηγε,1159
κοιλίτσα,1159
προσκαλέσω,1159
ακίνδυνο,1159
ξανάρθουν,1158
επηρεάσουν,1158
πόμολο,1158
κούρσας,1158
συχνα,1158
αιωρείται,1158
αναπνέουν,1158
χυδαίο,1158
διαζύγια,1158
ιδιαίτερες,1158
βαρέσω,1158
υψηλότερα,1158
σκοτεινιάζει,1158
συγκεντρωμένοι,1158
δραστικά,1158
υποσχομαι,1157
σταματώ,1157
άσσο,1157
μεθύσουμε,1157
φανερώσου,1157
σαύρες,1157
λιπ,1157
ψάξατε,1157
απόχρωση,1157
κρύσταλλος,1157
δέ,1157
ακουμπάει,1157
Μέγκατρον,1157
τραπέζης,1157
Φιτς,1157
τραγουδάκι,1157
αναρωτηθείς,1157
τελειως,1157
ενισχύει,1156
άχρηστε,1156
ρημάδι,1156
εδωσες,1156
τελικούς,1156
κατοίκων,1156
Μοράν,1156
ραγισμένη,1156
στηρίξεις,1156
σπείρα,1156
πείραξα,1156
κινδυνεύετε,1156
Γουάιτι,1156
ενεχυροδανειστήριο,1155
υπολογίζουμε,1155
τραφεί,1155
προσελκύει,1155
Πίτερς,1155
Τζέσυ,1155
παραλίας,1155
τσιμπάει,1155
ρίχτηκε,1155
σπάσαμε,1155
Κουίνσι,1154
λύσατε,1154
ιππικού,1154
βομβητή,1154
περιήγηση,1154
ησυχάσω,1154
μπαλαρίνα,1154
κρυστάλλους,1154
ποτού,1154
χρυσόψαρο,1154
ωτοστόπ,1154
αναπνευστήρα,1154
κρατικές,1154
όρκη,1154
Κότον,1154
Κέιμπ,1154
χάρισα,1154
έπνιξε,1154
περιεργο,1153
ποντικάκι,1153
μαθητευόμενος,1153
προδίδεις,1153
μηχανικά,1153
σημαδεύω,1153
μάντισσα,1153
ψευδώνυμα,1153
αμυδρά,1153
ηρωικό,1152
νόμιμες,1152
φωτάκι,1152
καταδιώκουν,1152
επιδόσεις,1152
ανεργία,1152
καλαμάρι,1152
σκαλοπάτι,1152
θωράκιση,1152
πιθανότητές,1152
χειρονομίες,1152
δύσει,1152
καθυστερούν,1152
ζητιάνος,1152
ωπ,1152
προετοιμαστώ,1151
χολέρα,1151
ηρώων,1151
κουνιέστε,1151
έφοδος,1151
σωματικές,1151
ανθρωπίνων,1151
γέννησα,1151
ΤΕΞΑΣ,1151
κληρονόμησα,1151
εμπορικές,1151
συχνότητας,1151
Τεμπλ,1151
Αντζελίνα,1151
πρότειναν,1151
Πέητζ,1151
σώοι,1150
Μπάκι,1150
πληγώθηκα,1150
σφραγιστεί,1150
Παρασκευές,1150
Ρόντνεϊ,1150
Κολίν,1150
κλεφτών,1150
Σίρο,1150
φάκελός,1150
συγκαλά,1150
ολοκαύτωμα,1150
καβούκι,1150
θρύλους,1150
αξιολόγησης,1149
ακατόρθωτο,1149
ενηλίκων,1149
θωρακισμένο,1149
ραν,1149
εργοδότες,1149
πεπρωμένου,1149
απόβαση,1149
περιστάσεων,1149
αρνηθούν,1149
ορκιστείς,1149
Μπραγκ,1149
περιβάλλει,1149
ένιωθαν,1149
γιορτάσει,1148
ερευνήσεις,1148
χειριστή,1148
άγιοι,1148
συνταξιοδότηση,1148
μίμηση,1148
κανέλα,1148
ασφαλιστικά,1148
κλέψανε,1148
ιδρώσει,1148
εστειλα,1148
οδών,1148
εκτύπωση,1148
τελικής,1148
Κράστι,1148
ΟΥΑΣΙΓΚΤΟΝ,1147
δένεις,1147
ευλογιά,1147
πατρική,1147
άμεσης,1147
τουλάχιστο,1147
εορτασμό,1147
ενθουσιώδης,1147
γιατρο,1147
Ντάβενπορτ,1147
κοπανήσω,1147
αρθρίτιδα,1147
Κοστέλο,1147
Πράιορ,1147
πανικοβληθεί,1147
γραφής,1147
Ντορν,1147
δεσμευτεί,1146
μάνικα,1146
Φερένγκι,1146
μολυσμένη,1146
σιχαίνεσαι,1146
Αλμπερτ,1146
πούτσα,1146
ευλογημένο,1146
λάτε,1146
έρχετε,1146
βγαλε,1146
αρτηριακή,1146
βιολογίας,1146
Τζόε,1146
ξαναβρεθεί,1146
εντοπίζουν,1145
τελετής,1145
σωσίβια,1145
λίγων,1145
συνδικάτου,1145
κεφαλών,1145
κόμβοι,1145
παρουσιαστής,1145
σωματείου,1145
παρατήστε,1144
αναγκαστική,1144
αφηρημένη,1144
γλάστρα,1144
περιγράφεις,1144
συνεργαστούν,1144
πάρχει,1144
θάθελα,1144
κύριός,1144
εκλεισε,1143
άραξε,1143
πρόστυχη,1143
πραγματικοτητα,1143
σινιόρ,1143
δημοφιλείς,1143
ασθένειά,1143
ανεξάρτητο,1143
Οκτώβρη,1143
απαλλαγώ,1143
πισίνες,1143
φροντίζετε,1143
προωθητήρες,1143
μπέρδεψες,1143
κωδικοποιημένο,1143
αναβάλλουμε,1143
ψιθύρισε,1142
παράγγειλα,1142
κάστορα,1142
κατασκευαστική,1142
μολυσμένος,1142
αστόχησα,1142
Χέτυ,1142
σχιζοφρένεια,1142
συμφωνήσετε,1142
ρέμα,1141
Μπόνο,1141
διαπερνά,1141
κλιπ,1141
ανεμιστήρα,1141
Τζερεμάια,1141
εταιρειών,1141
ντοσιέ,1141
σακάτης,1141
καναν,1141
όμαστε,1141
εξαλειφθεί,1141
λύσαμε,1140
Τζέι-Τζέι,1140
Κλουζώ,1140
εμεινα,1140
φρίκαρα,1140
σ'όλα,1140
πατήσουν,1140
περίχωρα,1139
γυρνά,1139
συνηθίζουν,1139
όχθες,1139
σπουδάζω,1139
ρομαντικές,1139
Καζανόβα,1139
σύνεση,1139
παρανομία,1139
Τζουλιάνα,1139
γνωση,1139
γυμνάζεσαι,1139
απευθυνθώ,1139
θρίαμβο,1139
καρπούζι,1139
αυτοκρατορικό,1139
σταθερές,1139
πληρώστε,1138
καταδικάζω,1138
χορεύοντας,1138
πρωτογνώρισα,1138
Μάγκνουμ,1138
σπανίως,1138
γονέα,1138
δυναμικού,1138
πείραξαν,1138
αγκίστρι,1138
στίχος,1138
καταστρέφουμε,1137
λείπουμε,1137
διέγερση,1137
Μπόροους,1137
Φλάντερς,1137
απογευματινή,1137
Σακ,1137
άπαξ,1137
εκατομ,1137
προσόν,1137
εξετάσαμε,1137
όμιλος,1137
περιφέρονται,1136
ζητηθεί,1136
αιθουσα,1136
βγάλτα,1136
ενδοιασμούς,1136
κύριό,1136
20ου,1136
γλίτσα,1136
χορδή,1136
πιάναμε,1136
ωθεί,1136
Ντάρσυ,1136
αλλόκοτος,1136
Πιέτρο,1136
αποσυρθείτε,1136
φιληθούμε,1136
Χίλντα,1135
ευθύνεσαι,1135
απότομος,1135
οδυνηρή,1135
Φρίμαν,1135
ιατροδικαστική,1135
Μακάρθι,1135
Νταιάν,1135
διάρρηξης,1135
ράμφος,1135
κέτερινγκ,1135
γυρισει,1135
βιντεοπαιχνίδι,1135
ελαβα,1135
σκάψεις,1135
δώς,1135
Θέλμα,1135
Γκάρεθ,1135
ξερνάει,1135
γιορτάσεις,1135
Χάλογουιν,1134
ψυχη,1134
Νίτσεαν,1134
παρακάμψω,1134
μπλιαχ,1134
ενδυμασία,1134
σημάδευε,1134
γλυτώσουμε,1134
θερμός,1134
τύραννος,1133
συνήθεις,1133
καταλήγω,1133
πεθαμένους,1133
τρέξετε,1133
μηλιά,1133
συμπεριλαμβάνει,1133
θα'λεγα,1133
καραμπίνες,1133
ζεστάνει,1133
συγκεντρωθήκαμε,1132
μηνυμάτων,1132
μαγικός,1132
άξιοι,1132
αρχικές,1132
χτυπημένη,1132
κλαψουρίζεις,1132
αναγκη,1132
νεύμα,1132
κατέβηκες,1132
Τσουλ,1132
εγκαταλειμμένο,1132
μ'έκανε,1132
απατάς,1132
σέρβιρε,1132
τζιχάντ,1132
φτιάξιμο,1132
σύναξη,1132
Μάικλς,1132
ξανανιώσει,1131
Σινάτρα,1131
σημειώθηκε,1131
επικεντρωθεί,1131
εκτυπωτή,1131
εργένηδων,1131
ευπρέπεια,1131
περιορίζεται,1131
Ουίλ,1131
ρίμα,1131
τροποποιήσεις,1131
θεραπευτική,1131
διάβαση,1131
πάρ'την,1131
ληστέψουμε,1131
απογευματινό,1131
επιδείξεις,1130
μουσουλμάνους,1130
μισάωρο,1130
ελέγξατε,1130
αντιπάλου,1130
επισμηναγός,1130
Σάβατζ,1130
τετράδιο,1130
Νταρλίν,1130
ψυχικό,1130
Νιούαρκ,1130
τεσσερα,1129
βάλτου,1129
Σαρλίν,1129
χορηγός,1129
κλήρωση,1129
δυσκολεύτηκα,1129
αναμνηστικά,1129
κεφαλάκι,1129
ίσχυε,1129
πινελιά,1129
δημοσίευσε,1129
Τζορ-Ελ,1129
ζωτικό,1129
διαζύγιό,1129
λογικέψου,1129
συμπαθήσεις,1128
σπασικλάκι,1128
μπουντρούμια,1128
Τρεκ,1128
έκρινε,1128
σταλούν,1128
πους,1128
χυμούς,1128
φαρμάκου,1128
κινήθηκε,1128
ξεκουράζεσαι,1128
αρχίζετε,1128
απογευμα,1127
πόσιμο,1127
Στάνις,1127
σήμαιναν,1127
προσγειώνεται,1127
προϋπολογισμού,1127
διεφθαρμένοι,1127
όλως,1127
ευρωπαϊκό,1127
ξυπνούσα,1127
ασπρουλιάρη,1127
γιακούζα,1127
καλύψετε,1127
εγκλημα,1126
εγγράφων,1126
πραγματοποιήσω,1126
γλιτώνει,1126
Ρόσλιν,1126
ρισκάρετε,1126
διακόψεις,1126
2ου,1126
χρηματοδοτεί,1126
συμβούλου,1126
εκδικηθούμε,1125
βρωμιάρα,1125
πωλούνται,1125
φορέας,1125
ασήμαντες,1125
αντίθετος,1125
Δεκέμβριο,1125
Σούκρε,1125
δένδρα,1125
κανατε,1125
Μπαχ,1125
μετάλλου,1125
ανεφοδιασμού,1125
αποφοίτων,1125
κλειστο,1125
ανεφοδιασμό,1125
βρίσκοντας,1125
παιρνει,1125
χαρτια,1124
ακούστηκαν,1124
συνεργεία,1124
κατοχής,1124
άξιζες,1124
ανήλικος,1124
σοκαρίστηκα,1124
λαέ,1124
Μαντέλα,1124
δαγκώσεις,1124
γαι,1124
κουβάδες,1124
πιανίστας,1124
άψογος,1124
αντρικές,1123
κρατήσατε,1123
δυτικού,1123
Κονγκό,1123
δημοσιεύσεις,1123
αναπαύσει,1123
Νίο,1123
μιση,1123
Αμπς,1123
βασιλέων,1123
λεγόμενα,1123
ενημερώθηκα,1122
σκουπίσω,1122
γρανάζια,1122
πέτρας,1122
φθάσουν,1122
ατυχημα,1122
μπάλας,1122
εννοούμε,1122
έδεσα,1122
έριχναν,1121
επιχειρηση,1121
Βασίλι,1121
μακαρίτη,1121
έχυσε,1121
ηλιακού,1121
πτέραρχος,1121
μπλακάουτ,1121
Ο.Τζέι,1121
πύργοι,1121
αγοράζετε,1121
Λόυντ,1121
αρχείου,1121
ηλεκτρομαγνητικό,1121
παλαιστής,1120
κουβαλήσει,1120
ξιζε,1120
εμπόλεμη,1120
σκυλάκια,1120
κολλητές,1120
κινητών,1120
εξανθήματα,1120
οπλισμένους,1120
κολακεύει,1120
δεκάξι,1120
νυχτικό,1120
ώθησε,1120
Ναβίντ,1120
εξαφανιζόταν,1120
βασικα,1120
Ραφ,1120
κεραίες,1119
Λέην,1119
ντυμένο,1119
ομορφούλη,1119
Βαλέρια,1119
υποστήριζε,1119
πολεμώ,1119
πάψτε,1119
απρόσμενη,1119
ληστέψεις,1119
δωστε,1118
απαιτούμε,1118
πέτρινο,1118
λογισμικού,1118
συχνότερα,1118
Νέητ,1118
πατέ,1118
απολύθηκες,1118
πρωτάρης,1118
Λάντρι,1118
οδοντόκρεμα,1118
τραβηγμένο,1118
αγκάθι,1117
Κλίβλαντ,1117
σύντομες,1117
συμπολίτες,1117
ντέντεκτιβ,1117
κλανιά,1117
υπέρτατο,1117
αναστατώσω,1117
Μπάκλεϊ,1117
μπόρα,1117
κρατούνται,1117
καντο,1117
άγριας,1117
καταθέσουν,1117
γονατίσει,1117
πιστεψω,1117
αντικειμένου,1117
χορέψουν,1117
φοβόμασταν,1117
διαρκούν,1117
υποτιθέμενη,1117
αγωνίζομαι,1116
εκκεντρικός,1116
αναπαυτικά,1116
ανωνυμία,1116
ενδιαφέροντες,1116
κεφάλα,1116
θεωρήθηκε,1116
υφή,1116
μόλυβδο,1116
Γουίλα,1116
απάτησα,1116
χαζούς,1116
κατώτερη,1115
βράχοι,1115
το'πε,1115
ξερός,1115
νέκταρ,1115
νονό,1115
χρεώνω,1115
συζητήσουν,1115
επιβλέπω,1115
διατηρείς,1115
ενόχλησα,1115
έσκισες,1115
πυγμαχίας,1115
αγαπήσουν,1115
απρόσκλητος,1115
ξετρελαθεί,1115
ούλα,1115
καταπίνει,1115
ανήμπορος,1115
Κορτ,1115
Κόλλινς,1115
διάλεγε,1115
γιαπωνέζους,1114
φουσκωτό,1114
έμοιαζες,1114
αγνός,1114
πολεμιστών,1114
ανώτερους,1114
ξαναγίνεις,1114
πανωφόρι,1114
εκβιάσει,1114
Γκόλντεν,1114
συγκεντρώσουμε,1114
τροχιάς,1114
Ντόλαν,1114
ντζελο,1113
καμπ,1113
αυτοκόλλητα,1113
καρότσα,1113
διαστολή,1113
ποινές,1113
ελπιδα,1113
γέρνει,1113
διστάσετε,1113
γιάνκη,1113
αρχιτέκτονα,1113
ορδές,1112
κινέζα,1112
ραγδαία,1112
αιχμή,1112
ονομάσεις,1112
Τζαρ,1112
ανεργίας,1112
αποβλήτων,1112
αλλάζοντας,1112
δημιουργικός,1112
ειδικής,1112
εξέπληττε,1112
τύπε,1112
φωνάξουν,1111
φόρων,1111
βρηκε,1111
ουδέτερο,1111
ένστικτά,1111
Ρόαν,1111
άπραγος,1111
φέρανε,1111
έμπιστο,1111
ενδιαφερθεί,1111
κομάντο,1111
Κροφτ,1111
μπούτι,1111
αρπάζεις,1111
σωσίας,1111
ανάδοχη,1111
Μπρόντυ,1111
διόρθωσέ,1110
μαθες,1110
παρεξηγήσει,1110
πωλήτρια,1110
απόδοσης,1110
γνωστού,1110
χρέους,1110
χρωστούσα,1110
άναψα,1110
αγροτική,1110
σεΐχη,1110
ζωολογικός,1110
επιβιβαστεί,1110
δωματίων,1110
πειρατεία,1110
ΜακΚόι,1109
σ'αφήνω,1109
ξεγελάει,1109
Μπράγκα,1109
ευθύνονται,1109
κρυώσεις,1109
χαιρετισμός,1109
ψήφου,1109
γυναικάς,1109
πεζός,1109
ήρωά,1109
σφάξει,1109
διαλέξουν,1109
μένατε,1109
μαύρε,1109
προέβλεψε,1108
αφαίρεσα,1108
Κελ,1108
μπιφτέκι,1108
απαλλαγεί,1108
ηρωας,1108
Τσάιναταουν,1108
φαω,1108
αλλαξει,1108
υπόβαθρο,1108
πυρίτιδας,1108
επανορθώσει,1108
μπανιο,1108
πινακίδας,1108
αγαπούσαμε,1108
τ'αφεντικό,1108
εύρημα,1108
περβάζι,1108
χειρούργο,1107
απορροφά,1107
Μαικ,1107
βελτιώσουμε,1107
βόρειοι,1107
εφαγα,1107
αγνότητας,1107
ξεπερνούν,1107
έπιναν,1107
πληροφοριες,1107
διακυμάνσεις,1107
Ματίας,1107
σήμανσης,1107
υιοθέτησε,1107
σουλτάνος,1107
κουτάλια,1107
τσέπης,1107
ξαναζήσει,1107
εξελίσσονται,1107
διατάξτε,1107
εισαγωγές,1107
στενές,1106
συναντηθήκατε,1106
νωρις,1106
πορνοστάρ,1106
Ζάο,1106
Έιμπελ,1106
ριξε,1106
λίβρες,1106
νταήδες,1106
τρίψεις,1106
συμπληρώσεις,1106
απορροφήσει,1106
Γαλάτες,1106
Τσουνγκ,1106
βάρβαρος,1105
απειλήσεις,1105
οδοφράγματα,1105
Τσώρτσιλ,1105
ξοδεύουμε,1105
πολιτισμένα,1105
ανταλλάξει,1105
σκαφος,1105
Πίρσον,1105
φιλούσα,1105
Έηντζελ,1105
κρυολόγημα,1105
ελευθερωθείς,1105
βαποράκια,1105
κρυμμένες,1105
πειστήριο,1105
γυρίζαμε,1105
αστυνόμους,1105
γλιτώσαμε,1105
Έίναι,1105
παρέδωσες,1105
βιντεοκάμερα,1105
ξαναφτιάξουμε,1104
σχολές,1104
μυρμήγκι,1104
συνδεδεμένα,1104
παραπανω,1104
Αμερικη,1104
έδειραν,1104
αγκαλιάσει,1104
ξαναπεράσω,1104
κατηγορητήριο,1104
Μπριτ,1104
επανέφερε,1103
έγώ,1103
Αντζέλικα,1103
ετος,1103
κιλότα,1103
χνάρια,1103
έγκαυμα,1103
χόρτα,1103
άθικτη,1103
εκδικητή,1103
νοτια,1103
παρεα,1103
φανταστικές,1103
Μπέλαμι,1103
ξόφλησες,1103
ενωμένα,1103
περιορισμένες,1103
φύλαξέ,1103
λατομείο,1103
δουλευεις,1103
πυροκροτητές,1102
ηττηθεί,1102
υπογεγραμμένο,1102
φλέρταρε,1102
έρωτά,1102
πατσίσαμε,1102
χαραγμένο,1102
διπλωμάτες,1102
ισχυρότερος,1102
γυαλίζει,1102
γλιστρήσει,1102
μαθεύτηκε,1102
πέστροφα,1102
στρινγκ,1102
χασίς,1102
παίρνατε,1102
μάχομαι,1101
υπηρέτησες,1101
Σάμσον,1101
Στόριμπρουκ,1101
πυροσβέστη,1101
κατεβάζω,1101
σύμβουλός,1101
κρασι,1101
ρτσι,1101
ληστεύουν,1101
κλειδι,1101
χοπ,1100
απρόβλεπτος,1100
ολοκληρωμένο,1100
μετεωριτών,1100
Χάμπτον,1100
υπακούσω,1100
ασαφής,1100
πρωΐ,1100
γαλλικές,1100
ανεξήγητα,1100
Ντελίντα,1100
Κλαούντια,1100
μοχθηρό,1100
εμφύλιος,1099
χαρισματικός,1099
Ρέντιγκτον,1099
στοιχημάτων,1099
Τζοάννα,1099
Τζεράρντ,1099
σίδηρο,1099
Μπερνάρ,1099
χτένα,1099
μαχαίρωσες,1099
κουφάρι,1099
κατασκευάσει,1098
υπολόγιζα,1098
σταματησει,1098
χαμογελάσεις,1098
επέμεινε,1098
Κλίφορντ,1098
αεροπορικά,1098
κλεμμένη,1098
διασώστες,1098
συντρίψει,1098
γεμίζω,1098
πνευματικός,1098
σουπερμάρκετ,1098
απερίσκεπτο,1098
γιορτάζω,1098
πιστέψαμε,1097
άσ'τον,1097
Βαλεντίνο,1097
κουκούλι,1097
αποδέχεται,1097
υπερασπιστούν,1097
γάζα,1097
λαβράκι,1097
ενήλικοι,1097
κοινότητά,1097
νότιος,1097
δέκατη,1097
Ιορδανία,1097
παιρνεις,1097
Κάντις,1097
κουάρκ,1097
κινήματος,1097
υφάκι,1096
βεληνεκούς,1096
χαράξει,1096
παίξ,1096
αντικαθιστά,1096
σαλιγκάρια,1096
πάψουν,1096
συνορα,1096
συναισθηματικές,1096
μυστικούς,1096
εξάτμιση,1096
πάστα,1096
διαλύονται,1095
μεταμφιεσμένος,1095
Ντάλλας,1095
μαγείρεψε,1095
εξυπνος,1095
μέικ-απ,1095
φρόνιμη,1095
8ο,1095
προειδοποιεί,1095
κοράνι,1095
αιχμαλωσία,1095
πεδιάδα,1095
αναγκάστηκαν,1095
κουνήσει,1095
χθεσινά,1094
άντεχες,1094
ετησίως,1094
σακίδιό,1094
πεσμένη,1094
επαφη,1094
βασιλεύει,1094
προσπέρασε,1094
μαγειρέψουμε,1094
χωρο,1093
οίκτος,1093
περάσματα,1093
συντριβάνι,1093
συγκινήσεις,1093
άγνωστους,1093
πυροβολήθηκαν,1093
στενοχωρημένος,1093
βετεράνων,1093
διατεθειμένη,1093
αντισώματα,1093
σ'εσάς,1093
προηγούμενης,1093
αυτοκαταστροφή,1093
τσαντάκι,1093
Ρόλινς,1092
στρίβεις,1092
μεταμορφώνεται,1092
πλημμύρες,1092
ενώσω,1092
σωσίβιο,1092
Άμποτ,1092
έφτανα,1092
τριγυρνάω,1092
ψιλό,1092
μελετούσα,1092
σημαντικότερα,1092
ατμόσφαιρας,1092
ταξιδιωτικό,1092
εμποδίζεις,1092
βάζα,1092
αλεξίπτωτα,1092
γεράσεις,1092
θερμοκηπίου,1092
θρυλικό,1092
χαμηλώσεις,1092
ιατρικός,1092
ουρλιαχτό,1092
Τσιάνα,1092
γενικότερα,1092
δισ,1091
κλινικής,1091
αδρεναλίνης,1091
δινα,1091
γρίπης,1091
συλληφθείς,1091
Ντίλιντζερ,1091
φύλαγα,1091
Λέναρντ,1091
αδιάκριτη,1091
άσχημοι,1091
αντιμετώπισες,1091
θ'αλλάξει,1091
λίαν,1091
απελευθερώσω,1091
δραπέτες,1091
οικογενειάρχης,1091
έγνοια,1090
τραυματισμένη,1090
λωρίδες,1090
λιγότερους,1090
ασφάλισε,1090
Τζέρσεϋ,1090
δυνατα,1090
κιόσκι,1090
παρείχε,1090
ηλεκτρισμού,1090
κατασκεύασε,1090
μπράβους,1090
συγκυβερνήτης,1090
πάλευα,1090
ορίσουμε,1090
ανοιχτοί,1090
θωρηκτό,1090
Μπάρτ,1089
ηχητικά,1089
ύπαρχος,1089
υπερβολές,1089
εικονικό,1089
περιουσίες,1089
Α.Τ,1089
προληπτικά,1089
μεταλλαγμένο,1089
ταπεινότητα,1089
καθοδηγήσω,1089
ειν,1089
γαργαλάει,1089
ελαττωματικό,1089
διακόπηκε,1089
σταση,1088
υψηλότητά,1088
βουτήξω,1088
κοριός,1088
βουνών,1088
Τζέις,1088
σταφίδες,1088
ηλεκτρικού,1088
καύλα,1088
ατέλειωτη,1088
χαλάρωση,1088
σκληρότερα,1088
πένθους,1087
Χέμινγουεϊ,1087
αξιωματούχους,1087
υπάλληλός,1087
κεντρί,1087
σημερινές,1087
αγνοούμενους,1087
διεξοδικά,1087
τάφοι,1087
ανώτερός,1087
θυμάσε,1087
λον,1087
λήξης,1087
Μπέρμαν,1087
αναπτύχθηκε,1087
έλθετε,1087
εμπλακείς,1087
κοιταξε,1087
παράνομους,1087
κάθονταν,1087
δραπετεύσουμε,1086
20ο,1086
ανδρείας,1086
ΓΕΡΜΑΝΙΑ,1086
βρηκαμε,1086
γευτώ,1086
ξυλεία,1086
προέχει,1086
τελετών,1086
σου'πα,1086
αγριογούρουνο,1086
δικαιοδοσίας,1086
συντριβής,1086
πολιτειακή,1086
εργαζόμουν,1086
πηγες,1086
τρέλανε,1086
ρουφάς,1086
σταματούσαν,1086
τραπεζι,1086
Πούλιτζερ,1086
δακρύων,1086
πακετάρεις,1085
στρίψουμε,1085
μαγεμένο,1085
θετικές,1085
πρωτοήρθα,1085
αριθμού,1085
Σεσίλ,1085
νδρες,1085
Νίρο,1085
ταιριάζετε,1085
νέφος,1085
Αίγυπτος,1085
καημενούλη,1085
τάλιν,1085
φαβορί,1085
υποτιθέμενο,1085
τηλεοπτικά,1085
μετακινήσετε,1085
Μάξι,1084
διαπραγματεύομαι,1084
στοχεύουν,1084
συνεπάγεται,1084
παπιγιόν,1084
άρπαξες,1084
στηρίζουν,1084
ιντσών,1084
δύσκολους,1084
μάντεψα,1084
υπέφεραν,1084
ναρκοπέδιο,1084
δοκιμάζουν,1084
παντς,1084
Σέρσεϊ,1084
αδικώ,1084
μενει,1084
κόκορα,1084
προσβληθεί,1084
Τζεμπ,1084
συντάκτης,1084
λύγισε,1084
ταξιδιώτη,1084
ειδους,1084
κατακτήσουμε,1084
μπουκαλάκι,1084
Σπρινγκ,1084
κάθετα,1084
εγγραφές,1083
ΖΒΖ,1083
πλην,1083
ξεναγός,1083
εξεταστεί,1083
σκοτεινής,1083
διαλέγουμε,1083
ωμά,1083
αναζητήσεις,1083
υπόσταση,1083
σχεδιασμένα,1083
εγκληματικότητας,1083
καταστρέφετε,1083
δεκαεφτά,1083
μισθού,1083
αγγίξουμε,1083
καρίνα,1083
κόστους,1083
ναρκομανείς,1082
αναπνευστική,1082
σηκώνουν,1082
αφαιρέστε,1082
συνοδέψεις,1082
σουγιά,1082
σύλλογος,1082
συμβάντα,1082
γέρασα,1082
εχθρότητα,1082
γιορτής,1082
αρπάξουν,1082
αφυδάτωση,1082
αυτοκαταστροφής,1082
απασχολούσε,1082
καθημερινό,1082
σκηνη,1082
ξημερώνει,1082
ασθενοφόρα,1082
επισκέπτονται,1082
5ος,1082
Ουέσλι,1081
υποστείς,1081
και'γω,1081
παραμένουμε,1081
εγκληματικές,1081
μπλέκω,1081
συντετριμμένος,1081
κεφαλαίου,1081
κράμπες,1081
υιοθετημένος,1081
αστοχήσεις,1081
λογοπαίγνιο,1081
αποχέτευση,1081
διαλείμματα,1081
πλουσιότερος,1081
μέθυσος,1081
Ζόλα,1081
σεβαστείς,1080
ξεπεράσουν,1080
φωτάκια,1080
πλαστές,1080
προϊστορία,1080
ομορφόπαιδο,1080
πονγκ,1080
αλλάζετε,1080
Ρέιν,1080
καλείται,1080
καριέρες,1079
Στρέιντζ,1079
καρδιακός,1079
ανεπίσημη,1079
αφιέρωσα,1079
καθορίζουν,1079
σέρφερ,1079
δουλευω,1079
πανέμορφες,1079
ανέβαινε,1079
Ρούμπιν,1079
εξοπλισμένο,1079
τινάξεις,1079
πιασάρικο,1079
Σκότυ,1079
άνοια,1079
απόκτηση,1079
αφή,1079
σουφλέ,1079
απερίσκεπτος,1078
πεθύμησα,1078
δύναμής,1078
κυβ,1078
εθελοντική,1078
τραγουδιστές,1078
γειτόνισσά,1078
κατοικίας,1078
κάθαρση,1078
ανέκριναν,1078
Γουέστερος,1078
παντοπωλείο,1078
απόμακρη,1077
λόφος,1077
δυνατότερα,1077
λυπάστε,1077
βαδίζει,1077
δάγκωσαν,1077
εκπλήξει,1077
ισορροπίας,1077
κερδίζετε,1077
γέμιζε,1077
κτύπημα,1077
συμμετείχες,1077
αποθήκευση,1077
Πλατ,1077
επιστημονικές,1077
σκουριά,1077
Ντάρλα,1077
χρεώνεις,1077
τσακιστείτε,1077
ποπό,1077
Μονίκ,1077
κάλαντα,1076
συμβολή,1076
εξέφρασε,1076
στενοί,1076
θεωρούσες,1076
ζηλιάρα,1076
12ο,1076
ξεχνάνε,1076
Ζαν-Λουκ,1076
πιάστο,1076
Σάνυ,1076
βετεράνους,1075
υπερβαίνει,1075
αφρόκρεμα,1075
ικανότητας,1075
κουρείο,1075
ταΐσουμε,1075
διαγράψει,1075
θετός,1075
πυρηνικός,1075
μαθαίνετε,1075
παραμάνα,1075
μπέρδεψα,1075
Σπάρτακο,1075
μιλησεις,1075
αιώνιας,1075
παραβιαστεί,1075
ανάλογη,1075
απερίσκεπτη,1075
ξεκάνει,1075
μαχαίρωμα,1075
Μεντόζα,1075
δαγκώνω,1075
συνηθως,1075
συνθέτης,1075
επίσκεψης,1074
ευχάριστες,1074
περίμετρος,1074
ενθαρρύνω,1074
αβεβαιότητα,1074
ανύπαντρος,1074
γυρισε,1074
αεροδιάδρομο,1074
πάτημα,1074
μεγαλώνουμε,1074
Ιρλανδούς,1074
βαδίζουμε,1074
πληροφορώ,1074
ντάρλινγκ,1074
Φραντσέσκα,1074
απορρίψεις,1074
εκτείνεται,1073
χαιρόσουν,1073
τρίχωμα,1073
σφάξω,1073
ανατριχιάζει,1073
εμφανίζομαι,1073
χάρης,1073
Λέο,1073
ατ,1073
απαντήσατε,1073
να'το,1073
ανέλαβαν,1073
προσέξετε,1073
αποκαλυφθούν,1073
φοβία,1073
σταθούν,1073
επιπλοκή,1073
υποστηρικτής,1073
Μπράνσον,1072
τυριού,1072
σκουριασμένο,1072
προσφέρθηκες,1072
μυελού,1072
επιδέξιος,1072
κοπελίτσα,1072
παρέμενε,1072
μαφιόζος,1072
πυκνό,1072
Ουισκόνσιν,1072
ιδρυτές,1072
Φριτζ,1072
διαλυθείτε,1072
Λιαν,1071
μαγειρεύουν,1071
καλλονή,1071
Φραντς,1071
μεγέθη,1071
φοβίζουν,1071
κερασάκι,1071
κατανοεί,1071
Πάξτον,1071
φρουρών,1071
Γουόλκερ,1071
βιαστικό,1071
αετού,1071
συνεταίρο,1071
λειπει,1071
παρτίδες,1071
μοιρασιά,1071
φατρίες,1071
παραπονέθηκε,1070
Τζαντ,1070
αναγνωρίσαμε,1070
απαγόρευσε,1070
Αστροστόλος,1070
λαχανικών,1070
δρουν,1070
παντρευόσουν,1070
υπέφερες,1070
αδικήματα,1070
εγγυημένα,1070
εξαίρετη,1070
Δάντη,1070
χωρίσετε,1070
υπονοεί,1069
Σουίνι,1069
θεατρική,1069
υπολογίσεις,1069
χαλαρωτικό,1069
κυριότερο,1069
ος,1069
στείλανε,1069
μαγαζάκι,1069
μαθαίνοντας,1069
Μάους,1069
κάψουλες,1069
παραδόθηκαν,1069
Λέτι,1069
προηγμένη,1069
γλυκού,1068
ανίκανο,1068
σκατένια,1068
πιστέψατε,1068
παρουσιαστείτε,1068
άνοιγα,1068
τιμητική,1068
γένεση,1068
Βαλεντίνα,1068
Ντερκ,1068
βήχας,1068
διατηρούν,1068
Ολλανδό,1068
πολιτισμένο,1068
αμέτρητα,1068
κλειδώνεις,1068
ανθρώπινων,1068
Αγιος,1068
καθυστερημένα,1067
κρέμασμα,1067
νοσοκόμο,1067
αστειάκι,1067
Θωρ,1067
χρησιμεύσει,1067
εβλεπα,1067
αργήσουν,1067
αποφέρει,1067
παπαγάλο,1067
καποιοι,1067
κόπανοι,1067
Πασίφικ,1067
εργο,1067
ένατη,1067
κακάκια,1067
βιταμίνη,1067
κριμα,1067
διαθέτουν,1066
ορθογραφία,1066
νυχτερινής,1066
υπενθυμίζει,1066
ουκ,1066
πάνθηρες,1066
ΟΥΑΣΙΝΓΚΤΟΝ,1066
Πιλάρ,1066
ψαρεύεις,1066
λυκόφωτος,1066
νομίσαμε,1066
πολεμούσαν,1066
υδρογόνο,1066
κλοπιμαία,1066
μύκητες,1066
Ντόλι,1066
Αλεξάνδρεια,1066
ευχήθηκα,1066
Τζει,1066
ομοφυλόφιλους,1066
αντίχειρες,1066
Χερνάντεζ,1065
ρηχά,1065
Τρίξι,1065
βασιλιάδων,1065
κινηση,1065
κατασκευάζει,1065
υγρού,1065
εκτάσεις,1065
Ριπ,1065
μεγαλύτερή,1065
βρίζει,1065
Κόντυ,1065
γλιτώσουν,1065
τυχερές,1065
στηρίζεις,1065
διακοπεί,1065
Γιούκι,1064
κρυπτογράφηση,1064
αλφάβητο,1064
Πέρυ,1064
ηχεία,1064
γδάρω,1064
εντέρου,1064
χάλιας,1064
έλεός,1064
σβήσ,1064
δίδαξαν,1064
φωνη,1064
συσπάσεις,1064
Ο'Χάρα,1064
Λούσιφερ,1064
κυκλοφορώ,1064
αμφισβητήσω,1064
δημοσίευση,1063
υποδείξεις,1063
Σιθ,1063
δαπάνες,1063
εκβίαζε,1063
φωτίσει,1063
ψηλές,1063
λακρός,1063
πράκτοράς,1063
χιλιαδες,1063
εφευρέσεις,1063
σπουδών,1063
αδέσποτο,1062
διαμέσου,1062
άχυρο,1062
επομενο,1062
Βοσνία,1062
ντουλάπες,1062
αναφέραμε,1062
υπηρέτριά,1062
συνόδευσε,1062
κακέ,1062
προσλάβαμε,1062
κυνηγόσκυλο,1062
εβδομαδιαία,1062
Έβερεστ,1062
έβαψε,1062
στερήσει,1061
υποστηρίξουν,1061
γαμιέσαι,1061
μοιράζεστε,1061
Μπόλντρικ,1061
καταπιώ,1061
τεταρτη,1061
συλλαμβάνουν,1061
γαρίδα,1061
θάβουν,1061
ταγκ,1061
ανθεκτικό,1061
πέρναγα,1061
Αικατερίνη,1061
Μαργουάν,1061
εκδοχές,1061
ανάβω,1061
πατούσα,1061
σταφύλι,1060
σακιά,1060
απονομή,1060
κυνηγούσαμε,1060
απολαμβάνετε,1060
στεγνωτήριο,1060
περιοριστεί,1060
προκλήθηκαν,1059
φράχτες,1059
δές,1059
κοσμήματά,1059
ευαίσθητοι,1059
μελετάω,1059
Φλόρενς,1059
καθέναν,1059
εμπνευσμένο,1059
διαμαντένιο,1059
κορυφογραμμή,1059
σύγκλητος,1059
σ'ευχαριστω,1059
απευθύνομαι,1059
ονομάσει,1059
φωτογραφιών,1059
Χότσνερ,1059
σωθώ,1058
ταιριάζεις,1058
εισοδήματος,1058
σόμπα,1058
αποδώσει,1058
Σίμουρ,1058
Χερστ,1058
φέρτην,1058
διέταξες,1058
αξιοθρήνητο,1058
συναντάμε,1058
στρατευμάτων,1058
κηρύξει,1058
προσέφερα,1058
πλοκάμια,1057
τρίτες,1057
ανήκουστο,1057
μετατόπιση,1057
ήσυχες,1057
συνδεθώ,1057
πείθει,1057
πετάγεται,1057
Οβελίξ,1057
Μόντυ,1057
νυχιών,1057
κες,1057
θεραπεύτρια,1057
μπογιές,1057
ξαναβρεί,1057
πολης,1057
Αμπιγκέιλ,1057
Άντρε,1057
ειδικού,1057
Μαξίμ,1056
επεξεργασίας,1056
νεότητας,1056
περιορισμένος,1056
βελτιώθηκε,1056
ξεχωριστοί,1056
προσθέσετε,1056
μέσων,1056
Ες-Ες,1056
Μπός,1056
κλέβοντας,1056
περιγράφουν,1056
φιλντ,1056
γονιό,1056
κατάρτι,1055
Αλφόνσο,1055
ραδιοφωνικό,1055
καταδρομείς,1055
ανάψουν,1055
συγχαρητηρια,1055
Κίλιαν,1055
κατευθύνομαι,1055
άσφαιρα,1055
τέταρτα,1055
Λάιζα,1055
νταντάδες,1055
ανακαλύπτω,1055
ενεργούν,1055
Νίνο,1055
αποτύχουν,1054
πόνεσες,1054
αισθητήρων,1054
σπασμένος,1054
άξεστος,1054
λόφοι,1054
θαλάσσωσες,1054
Αντώνιο,1054
διαδηλώσεις,1054
φαινεσαι,1054
ήπιατε,1054
νοιαστεί,1054
μαθηματικός,1054
ειρωνία,1054
κατηγορηματικά,1054
οξύθυμος,1054
φαμε,1053
εξαπλώθηκε,1053
καλωσήλθες,1053
πονηρά,1053
συναρπάζει,1053
καμηλοπάρδαλη,1053
δανειστούμε,1053
δείξαμε,1053
ενισχύσει,1053
μύθοι,1053
κυνήγησες,1053
υπερφόρτωση,1053
ασ'τον,1053
σκαθάρι,1053
Νταβίντ,1053
Ο'Νιλ,1053
κανα-δυο,1053
πικρά,1053
ψωμάκι,1053
εργαζόμενο,1053
πολεμίστρια,1053
Χάρντινγκ,1052
Γκρόβερ,1052
επίθεσή,1052
φτιάξ,1052
Αϊτή,1052
Ντόουκς,1052
ιταλίδα,1052
οπλίτη,1052
ημικρανία,1052
Τζούντυ,1052
Τσάλεντζερ,1052
τσόπερ,1052
άνεργοι,1052
δημοτικός,1052
σαρώσεις,1052
επόπτης,1052
θεωρούνταν,1052
εισβάλλει,1052
υπέρυθρες,1052
σόγια,1052
Λούσιαν,1051
ανασκαφή,1051
φλεγμονή,1051
οδόφραγμα,1051
άθλιες,1051
στηρίξουμε,1051
πίνακές,1051
χειροτερέψουν,1051
εμφυλίου,1051
παρέμβω,1051
Λορελάι,1051
πυκνή,1051
φορείς,1051
μονομάχος,1051
Μάθεσον,1051
εταίρος,1051
επανέλθουμε,1050
ετοίμαζε,1050
οποιον,1050
άσσος,1050
φρόντιζες,1050
συμπεριφερόταν,1050
δρομέας,1050
στολίδι,1050
αναγγελία,1050
γκριμάτσα,1050
Αη,1050
δεκαριά,1050
ακούγεστε,1050
ψαράκι,1050
λιποθυμήσεις,1050
μοναξιάς,1050
γκουβερνάντα,1050
νάτριο,1050
συμπεριφορές,1050
προβληματική,1050
κάλλιο,1049
συγκεντρώσω,1049
ενθουσιάστηκα,1049
Γκρεντένκο,1049
υπαλλήλου,1049
εσώρουχό,1049
σωφρονιστικό,1049
εισάγετε,1049
κάρφωσα,1049
ίδρυσε,1049
χειρουργικά,1049
κάποιαν,1049
σώζοντας,1048
εκβιάζει,1048
ερυθρά,1048
τηλεθεατές,1048
ψώνιο,1048
Μετς,1048
μειώθηκε,1048
παρέμβει,1048
κάλο,1048
μεταβλητές,1048
μασάει,1048
επενδύσω,1048
δωθεί,1048
Κάουντι,1047
σαββατο,1047
εξουθενωμένος,1047
Κεμπ,1047
ντετέκτιβς,1047
Ντάρμα,1047
μεθαμφεταμίνη,1047
καλούπι,1047
ξεχωρίσει,1047
τουρνέ,1047
αφήγηση,1047
επιτεύγματα,1047
κέρδιζες,1047
νεαρών,1047
λιμανιού,1047
αθλητή,1047
βέρες,1047
σώπασε,1047
ξεγελάσω,1047
μαζικές,1046
ανυπομονούν,1046
αλή,1046
υποβάλει,1046
μπεστ,1046
ενημέρωσες,1046
ανακαλυφθεί,1046
πέταγε,1046
φώκιες,1046
αξιοθαύμαστη,1046
πρόχειρα,1046
Μπρίτα,1046
έστρεψε,1046
πεπεισμένη,1046
επισημάνω,1046
πρωτότυπη,1046
ταξιτζή,1046
αποκτούν,1045
τυχερέ,1045
μ'εμένα,1045
κατανοούμε,1045
δωρητής,1045
εστιατόριό,1045
ανηλίκου,1045
πηδιέσαι,1045
παράγραφο,1045
μ.Χ,1045
δυσαρέσκεια,1045
επίμονη,1045
καγκελάριε,1045
καταλόγους,1045
τιμώρησε,1045
Νόρφολκ,1044
Άμπεντ,1044
υπολογίσουμε,1044
καταλαβεις,1044
τρελάνεις,1044
ξεροκέφαλη,1044
όλε,1044
Νέλι,1044
ανοιχτήρι,1044
υπηρεσιακό,1044
νοσοκόμοι,1044
λαντ,1044
καθορίσουμε,1044
καθήκι,1044
Τσαρλι,1044
απτην,1044
νιωθεις,1044
πουλά,1044
κλώνοι,1044
μπωλ,1044
ακροατές,1043
πέη,1043
αναφερόταν,1043
φύλαξα,1043
λουκέτο,1043
όρμησε,1043
τσακωθήκατε,1043
διατηρήσουν,1043
επεσα,1043
αδερφούλη,1043
κρύβεστε,1043
έναν-έναν,1043
ρεζέρβα,1043
ονομάστηκε,1043
καταδίκασε,1043
υποκρίνεται,1043
πεινασμένα,1043
κυβερνούν,1042
στοιχηματίσεις,1042
φρόνιμο,1042
ψ,1042
βασικούς,1042
σύγχρονης,1042
βδομαδες,1042
Αλισον,1042
τυριά,1042
άνοιξης,1042
θαυμάζουν,1042
βιάζονται,1042
σκατόφατσα,1042
Βίντα,1042
αγωγής,1042
ξυλοδαρμό,1041
νευρικά,1041
Τούρκος,1041
σιωπηλό,1041
αιμάτωμα,1041
πειρατικό,1041
μακαρίτης,1041
μεταναστών,1041
λύνεις,1041
ξανασκέφτηκα,1041
Τζους,1041
ενσταση,1041
ξεφορτώθηκες,1041
απρόβλεπτο,1040
μεξικάνικη,1040
Ρέιλαν,1040
Τσέης,1040
ρωμαϊκό,1040
κλείδωσέ,1040
γαβγίζει,1040
κομπλιμέντα,1040
επιστημόνων,1040
μαλακα,1040
δυναμεις,1040
Χάμπτονς,1040
εκπληκτικές,1040
γκρουμ,1040
ορκίζεστε,1040
γραμματείς,1040
μένος,1039
παραγγείλαμε,1039
νεαρής,1039
λύρα,1039
ταξη,1039
ρολά,1039
Μονακό,1039
γυρίζετε,1039
πέφτοντας,1039
Κρεμλίνο,1039
νομίσεις,1039
Ινδονησία,1039
σολομό,1039
ν'αρχίσουμε,1039
έδω,1039
Πάιν,1039
μετρητών,1039
δεκαοκτώ,1039
Μπεβ,1039
μαγευτικό,1039
Σελφ,1039
γελοίοι,1039
δουλείας,1039
αθλητικός,1039
σκάψω,1039
παράλληλο,1039
ατυχής,1038
συμπαθητική,1038
καταφέρνετε,1038
καθετήρα,1038
διεστραμμένη,1038
βασανίσουν,1038
ποιοτικό,1038
ξύλινη,1038
βασιλικά,1038
Μέριλ,1038
εξερευνήσουμε,1038
βάθρο,1038
αφανίσει,1038
ξεχασμένο,1038
επιβήτορα,1038
φυσαλίδες,1038
ασθενειών,1037
κουνούπι,1037
κρύψτε,1037
χιλίων,1037
ήμαρτον,1037
αναφέρθηκαν,1037
διψάει,1037
Κορεάτες,1037
κακομαθημένη,1037
ταχυτήτων,1037
δεκαεννιά,1037
ρολς,1037
λοταρία,1037
παράταξη,1036
φωλιές,1036
έξοχος,1036
εντοπισμός,1036
κοπανάς,1036
μπαργούμαν,1036
βάναυσα,1036
σφραγισμένα,1036
δικαιο,1036
Μπλάνκα,1036
πλωτάρχα,1036
Μπεατρίς,1036
δικτατορία,1036
Δ.Σ,1036
κατανοητή,1036
απερίσκεπτα,1036
άπληστοι,1035
ψηφίζει,1035
ματιές,1035
ευλογήσει,1035
πρωινο,1035
διευθυνση,1035
σπαταλήσω,1035
σηκώσετε,1035
στρατηγος,1035
απογοητεύτηκες,1035
ιδρυμα,1034
επέμβασης,1034
ελεεινό,1034
γαμω,1034
εγγραφής,1034
μ'αγαπάει,1034
γλυκές,1034
χτύπο,1034
απομαγνητοφώνηση,1034
μιλιγκράμ,1034
χείρα,1034
θαρρώ,1034
κατορθώματα,1034
ατελείωτο,1034
Γκρίφιντορ,1034
Γάιε,1034
ξέμεινε,1034
κλεισμένο,1034
περιφερειακό,1033
αλυσιδωτή,1033
καλοσύνης,1033
κλειδωμένοι,1033
Σάλαζαρ,1033
πρωτόγονη,1033
εκπέμπουν,1033
αγκαλίτσες,1033
άπειρη,1033
αγαπημένης,1033
καπελάκι,1033
Ντέστινυ,1033
Τσακότε,1033
αναγνωρίζουμε,1033
γέμισες,1033
έτοιμους,1033
κατηγορήσετε,1033
διακόπτει,1033
ενίσταμαι,1033
διαβολικός,1033
εκδότες,1033
Πόρσια,1033
διαθέτεις,1033
πατάτας,1033
Χοακίν,1033
Ρίπλεϊ,1033
αγίων,1033
κάννη,1033
ματι,1032
υπεροχη,1032
βαρόνο,1032
Παλέρμο,1032
Καμπότζη,1032
πηγής,1032
δίδαγμα,1032
έμπαινες,1032
Μπέβερλυ,1032
λεμονιού,1032
απάτησες,1032
αχρείος,1032
ενδιέφεραν,1032
παραμόρφωση,1032
δαγκώνεις,1032
περιορισμός,1032
αστείοι,1032
γιόκα,1032
κράμα,1032
υπέβαλε,1032
νεκρη,1032
Σάμμυ,1032
μάθηση,1032
φυλάτε,1032
καλυμμένοι,1032
οικονόμο,1031
σκέφθηκα,1031
σκάψε,1031
ους,1031
κατηγοριών,1031
βαρώνος,1031
σφραγίδες,1031
απομακρυνθούμε,1031
διαρκείας,1031
γνήσιος,1031
ΛαΓκουέρτα,1031
φυλάξτε,1031
γαμάνε,1031
βουλιάξει,1031
νάνων,1031
αγοράστηκε,1031
εκπρόσωποι,1031
ανεχτεί,1031
μίζα,1031
φτύσει,1030
κατάδικους,1030
έξη,1030
θειος,1030
Ουάλας,1030
προσκαλεί,1030
στέγες,1030
Τέο,1030
αναμένει,1030
επιφάνειας,1030
κλωτσάς,1030
σύρω,1030
αναθυμιάσεις,1030
κοίταζαν,1029
σύντροφοί,1029
σύγκλητο,1029
διασχίσω,1029
ερωτήσεων,1029
ατέλειες,1029
ενδιαφερον,1029
αντιτρομοκρατική,1029
βρίσκατε,1029
τελετουργία,1029
Κέπνερ,1029
εκπλαγείτε,1028
τρέξαμε,1028
Τζέιμσον,1028
ορκιζομαι,1028
προστατευτικά,1028
επίτροπο,1028
αριστερός,1028
Τρασκ,1028
δικάζεται,1028
μπε,1028
Σάντερσον,1028
γαλλικής,1028
όμορφης,1028
τονωτικό,1028
εξόντωση,1028
Γκάτσμπι,1028
Τίλμαν,1028
προφανείς,1028
πίκρα,1028
ψαριά,1027
Φίλ,1027
εξασκηθώ,1027
οδηγείται,1027
εντολών,1027
συστήνω,1027
χρόνους,1027
σαρκασμός,1027
Μάντλιν,1027
μεγαλοφυία,1027
ψημένο,1027
Ντέιν,1027
Σούζυ,1027
καραντίνας,1027
έκλεβες,1026
θάρρους,1026
αρκετο,1026
εξολοθρευτή,1026
ανυπόφορος,1026
παράγουμε,1026
αναπνέουμε,1026
επεκτείνεται,1026
γονατίστε,1026
στούς,1026
δυσάρεστες,1026
μπροστινά,1026
Μέιμπελ,1026
κάντον,1026
τιμήσεις,1026
μπόλικα,1026
κάμπια,1026
αντανακλά,1025
λιχουδιά,1025
δοκιμής,1025
ενεργείς,1025
Πάβελ,1025
βρωμερά,1025
εξασφαλίζει,1025
διαχωρισμός,1025
βασιζόμενος,1025
Τρίνα,1025
κρεμόταν,1025
αναποδιά,1025
κατεβώ,1025
Τσολ,1025
μάρμαρο,1025
περίπλοκες,1024
εξερευνητές,1024
έθεσα,1024
οπισθοχώρηση,1024
απειλητικό,1024
εξεγέρσεις,1024
παραπλάνηση,1024
πολεμικής,1024
διεύθυνσης,1024
πουφ,1024
κια,1024
κινήσεων,1024
τσουλάκι,1024
γλεντήσουμε,1023
συζητάει,1023
μ'ακούτε,1023
εγραψα,1023
αποκαταστήσω,1023
νοητική,1023
καταλάθος,1023
διαμαρτύρομαι,1023
κειμήλια,1023
σεισμούς,1023
τυφώνες,1023
κουτάκια,1023
σπρώχνω,1023
έδερνε,1023
διατάξεις,1023
Ρόρυ,1023
τακτοποιημένα,1023
φάλαινας,1022
τρωκτικά,1022
παριστάνοντας,1022
προφυλακτήρα,1022
παντός,1022
χορο,1022
πρι,1022
απέκτησαν,1022
Ρόου,1022
ευκολα,1022
μπεζ,1022
νιώσατε,1022
δολοφονήσεις,1022
καταπληκτικές,1022
παπαγάλος,1022
προετοιμασίας,1022
στρέφεται,1022
εμφανίστηκα,1022
ετοιμοθάνατο,1022
αποτρίχωση,1022
Μπρίστοου,1022
περιεχόμενα,1022
περούκες,1022
ανέκρινε,1021
πιστη,1021
εκτιμάει,1021
διέλυσαν,1021
ανάνηψη,1021
νονά,1021
ακύρωσαν,1021
κοιμωμένη,1021
φυτών,1021
Κρόνος,1021
δηλητήρια,1021
βίασες,1021
Λουις,1021
αδελφος,1021
αργία,1021
περήφανους,1020
ρώγα,1020
Ντόνερ,1020
χριστιανή,1020
κορμιού,1020
κολλάω,1020
αστρόπλοιο,1020
ανθίζει,1020
μιλαμε,1020
σχεδιάσεις,1020
ετοίμασέ,1020
σπρώξουμε,1020
Λουίτζι,1020
μέρα-νύχτα,1020
δωροδοκίες,1019
θερμόμετρο,1019
αλληλουχία,1019
ευχαριστείτε,1019
Ελίζα,1019
Ανταμς,1019
διαρκή,1019
μαντεψιά,1019
ικετεύει,1019
κουράζομαι,1019
διαφάνεια,1019
Βανκούβερ,1019
γιορτάζεις,1019
εύγε,1019
τσακίσουμε,1019
Ντίλια,1019
Εξομολογήτρια,1019
φανταζόσουν,1019
συγχώρησε,1019
ευαίσθητες,1019
αποφυλάκιση,1019
γεράματα,1019
μπάντας,1018
εξοικειωμένος,1018
αρκουδάκια,1018
ριπή,1018
Κάιλι,1018
έκρινα,1018
Μπαμπαστρούμφ,1018
ιπτάμενα,1018
αριθμητική,1018
αστική,1018
έρευνές,1018
κλέψιμο,1018
ΓΟΥΟΛ-Υ,1018
ποίησης,1018
διάσπαση,1018
παρεξήγησα,1018
γεωγραφία,1018
σύνθημά,1018
Ζάκαρι,1017
Λόμαξ,1017
Λόντον,1017
ησυχίας,1017
προτίμησε,1017
Πράντο,1017
δεινόσαυρο,1017
μετακινήστε,1017
ειτε,1017
τούρτες,1017
Σαολίν,1017
Μάθις,1017
μαλακή,1017
συνοδεύεται,1017
Ντάλεκ,1017
μανιφέστο,1017
συμμετέχετε,1017
διάμετρο,1017
διαβολικά,1017
επενδυτής,1017
προσεχεις,1017
συμμάχων,1017
Μπαράθηον,1017
ασχολήθηκε,1017
κοπανήσει,1016
συγκοπή,1016
εθισμός,1016
γιγαντιαία,1016
μισού,1016
αλλαξα,1016
εντοπίζουμε,1016
Ρορκ,1016
Γκορ,1016
όρμο,1016
φυσικούς,1016
γαϊδούρι,1016
αστυνομικο,1016
Γουότερς,1016
κουρέα,1016
προδίδουν,1015
μπούκλες,1015
τεχνουργήματα,1015
κήρυξε,1015
άσπρες,1015
βιομηχανικό,1015
Αγιότατε,1015
εγωιστικά,1015
αποσύρθηκαν,1015
λιρέτες,1015
δαγκωματιές,1015
μεθυσμένους,1015
παιχτεί,1015
πληρώματα,1015
Λένιν,1015
ποπκόρν,1015
απότομο,1014
ονομάζει,1014
διάρκειας,1014
ντρεπόταν,1014
χαστουκίσω,1014
στίς,1014
έσφαξε,1014
ΒΕΡΟΛΙΝΟ,1014
παρατηρητή,1014
φυλάξου,1014
θά'πρεπε,1014
αγαπητη,1014
πρεζάκια,1014
μεγέθυνση,1014
οριζόντια,1013
καμπύλες,1013
εξαλείψουμε,1013
τσαντίζει,1013
δυσφορία,1013
Ύδρα,1013
έσυραν,1013
Κάρπεντερ,1013
ανεβήκαμε,1013
κρυπτογραφημένο,1013
επιφυλακτικός,1013
Βιετκόνγκ,1013
ενδιαφέρθηκε,1013
διαπραγματευόμαστε,1013
μπλέχτηκες,1012
ρεπουμπλικάνοι,1012
αυτόπτη,1012
ηρωική,1012
έριχνες,1012
ανδρική,1012
τίμιοι,1012
ρακέτα,1012
Λίζμπεθ,1012
καταρρεύσουν,1012
ανώριμος,1012
μολονότι,1012
Κραμπ,1012
αποκαταστήσει,1012
δώθε,1012
απελευθερώθηκε,1011
κατάπια,1011
ανησυχούσαμε,1011
ταχύτερο,1011
θήτα,1011
περιορίσω,1011
κεράσει,1011
συμπληρώστε,1011
καλλυντικά,1011
κακώσεις,1011
μελετώντας,1011
Φόρντ,1010
βάσανά,1010
Σάϊμον,1010
ευρύτερη,1010
πάροδο,1010
Κέιλ,1010
νέε,1010
τηλεόρασή,1010
κουρέας,1010
διδασκαλίας,1010
ορχιδέες,1010
πλύσου,1010
ευγνωμοσύνης,1009
αντιτορπιλικό,1009
Γκέκο,1009
γαμήσουμε,1009
ψηφίσεις,1009
ελέους,1009
τροφοδοτεί,1009
τριγυρνάνε,1009
κακίες,1009
κλείσατε,1009
αμφέβαλα,1008
Μπλέηκ,1008
ξαναπροσπαθήσουμε,1008
ράχη,1008
κουτιού,1008
διπλωματικό,1008
παραβάτες,1008
στήσιμο,1008
πτωμα,1008
καταπίστευμα,1008
δουλέψτε,1008
μεθύστακα,1008
δειχνει,1008
βαρετοί,1008
3ου,1008
19ου,1008
αγενείς,1008
διαστημικά,1008
εσωτερικού,1008
εξοντώσει,1007
Ταμάρα,1007
αναλύσω,1007
πονάτε,1007
επιτρέπουμε,1007
ελπίζετε,1007
απολυτήριο,1007
Άσερ,1007
αυτοσεβασμό,1007
δυστυχισμένοι,1007
ενωμένες,1007
Γουατεμάλα,1007
γυρισεις,1007
ασχολήθηκα,1007
φιλώ,1006
Μπέαρ,1006
εργένηδες,1006
παραδοχή,1006
ρουθούνια,1006
στερεοφωνικό,1006
πρόσληψη,1006
Κασίμ,1006
Φορμπς,1006
Καλίντα,1006
επιτύχεις,1006
πηλό,1006
αργησα,1006
εγκληματολόγος,1006
προσπαθεις,1006
Χέντρικς,1006
αναζήτησε,1006
χαρίζει,1005
καταχωρήσεις,1005
κουβαλήσουμε,1005
Γουνγκ,1005
νοτιοανατολικά,1005
ΜΙ6,1005
υπαρχηγέ,1005
εξόρυξης,1005
σκάλας,1005
νοημα,1005
ξεχωρίζουν,1005
διέλυσα,1005
τραγουδι,1005
καμμια,1005
ψυχικής,1005
προπονήσεις,1004
θεότητα,1004
σκάνδαλα,1004
βραδυά,1004
Λάσι,1004
λύνω,1004
πάγωσα,1004
κούνημα,1004
κρατικά,1004
ηφαίστεια,1004
Τζίτζι,1004
Μαρτσέλο,1004
Βηρυτό,1004
Μάκβεθ,1004
τόξου,1004
αναστολές,1004
κάτσουν,1004
Άιρον,1004
μίσησα,1003
πανό,1003
βολική,1003
εκατομμυρια,1003
προστάτες,1003
Καρμέλα,1003
χάρα,1003
απέφευγα,1003
αστικό,1003
διαμερίσματά,1003
κις,1003
εξαπάτησες,1003
Παναγίας,1003
ασαφές,1003
τερατώδες,1003
Καλυψώ,1003
αλιγάτορες,1003
λεμόνια,1003
εμπλακώ,1003
ηλιοθεραπεία,1003
Φόρστερ,1003
κεφαλαίων,1003
πρόσχημα,1002
απομάκρυνση,1002
Σρέντερ,1002
εξηγήσουν,1002
απολάμβανα,1002
καλοσκεφτείς,1002
αυξανόμενη,1002
φιλούσε,1002
ηλιθιος,1002
δαχτυλιδιού,1002
παιρνω,1002
Έλισον,1002
Κέιμπριτζ,1002
ελθέτω,1002
αμερικάνικες,1002
συνοδηγού,1002
αισθανομαι,1002
υπονοούμενο,1002
αμαξάκι,1001
νιώστε,1001
πλασματάκι,1001
κεράσια,1001
ανατίναξη,1001
απομονωμένος,1001
Σουρές,1001
Φάμπιο,1001
Χόρτον,1001
όαση,1001
Ριχάρδος,1001
Ντράγκο,1001
συνήθειές,1001
περιγράφεται,1001
Πανδώρα,1001
χρηματοδοτήσει,1001
νοιώθουν,1001
φαρμακοποιός,1001
απεγνωσμένη,1001
διαφθείρει,1001
τελεσίγραφο,1000
μνημη,1000
ξεπέτα,1000
ιδεών,1000
εντάξη,1000
ποντάρισμα,1000
απομακρύνθηκε,1000
ταιριάζω,1000
προώθησης,1000
μανιτάρι,1000
ζόμπια,1000
γιαγια,1000
σταδίου,1000
Φρανκφούρτη,1000
Πάπι,1000
έρωτες,1000
χαστούκισε,1000
Γκόλντι,1000
ερευνάς,1000
κυλήσει,1000
απολαμβάνουμε,1000
εφυγες,1000
αρχαίας,1000
Γκραμ,1000
διαμαρτυρίας,999
εξπέρ,999
Ουαλία,999
παντως,999
σηκωθούν,999
μειωμένη,999
Βέρνερ,999
πάθαμε,999
Γκρέτελ,999
Μάλικ,999
αγνοήστε,999
σκαθάρια,999
άκακος,999
ιδεολογία,999
ήλπιζες,999
πάνθηρα,999
πανώλη,999
διαχειριστεί,998
χρεώνει,998
ντισέπτικονς,998
κακος,998
χαρηκα,998
Ντιξ,998
έξαρση,998
ασφαλίσουμε,998
ξεσπάσματα,998
αντισταθείτε,998
δυόμιση,998
Μπαρμπόσα,998
λιχουδιές,998
ετοίμασες,998
Λαμπ,998
εκτελέστε,998
πλήγωνε,998
φλάουτο,998
Πλάνετ,998
σημαίνεις,998
προσωρινός,998
ένοπλοι,998
κρέπες,998
στήλης,997
έπαινο,997
εκατοντάδων,997
Νοέλ,997
φερει,997
νία,997
υπερασπίστηκε,997
δρομος,997
φορτηγών,997
διασφαλίσουμε,997
καλύτερης,997
μυστηριώδεις,997
συναλλαγών,997
ελαφιού,996
Τιτάνα,996
υποστηρίζουμε,996
πληρωθούν,996
μοναδα,996
γεννηθήκατε,996
ιστών,996
δραπέτης,996
συναίνεση,996
κουίζ,996
κωλόπαιδα,996
συγχωρεις,996
προθάλαμο,996
ρίξατε,996
μεταδόσεις,996
Κάμντεν,996
φλος,996
υπέθετα,996
κατάδυσης,996
γλιτώνεις,995
σημαιοφόρος,995
Μαρβ,995
Σάντο,995
Γκοτζίλα,995
Ασίας,995
άγγιζε,995
λάχανα,995
διαχωρισμό,995
εντολής,995
απατούν,995
λιστα,995
ανύψωση,995
χορωδίας,995
πιτσιρίκα,995
μ'έχεις,995
αδειάσεις,995
ανήσυχοι,995
βιβλιοθηκάριος,995
μεταπείσω,995
ποδοσφαιριστής,994
ενεργοποιήσουμε,994
αεραγωγούς,994
ολ,994
λάτρεψε,994
θύμισες,994
υπαινίσσεσαι,994
δαχτυλικά,994
πιθανοί,994
φερόσουν,994
γεράκια,994
εκτιμήσω,994
μυών,994
ταμία,994
λογιστές,994
Χάμφρι,994
σκάνερ,994
οχημάτων,994
τείνει,994
χαμογελάτε,994
όρου,994
γνώστης,994
τελειο,993
γαλοπούλες,993
παράκανες,993
σπλάχνα,993
μεσσία,993
αβοκάντο,993
μ'έχει,993
κολλεγίου,993
κλεισμένοι,993
κοντεύεις,993
παραπονιούνται,993
οφθαλμός,993
καταδικασμένο,993
προσγειωθείς,993
στοιχημα,993
εξευτελισμό,993
περιφέρεσαι,993
μεταδοτική,993
αγνοούμε,992
αγορια,992
Μπρούκλυν,992
καταυλισμός,992
βασανίσεις,992
Ιόλαε,992
κολλημένα,992
κυνηγών,992
ντέρμπι,992
στέρησε,992
λογοτεχνίας,992
διαθέτω,992
αδερφος,992
πληρωθούμε,992
εξαρτιόταν,992
Ράμπιτ,991
λεχρίτη,991
Γερτρούδη,991
Μωρίς,991
άγγελός,991
αμφισβητούν,991
ρόλων,991
Λιου,991
αϋπνία,991
υπότιτλων,991
θρησκευτικά,991
επιβεβαιώσουν,991
σ'επαφή,991
αμαρτίας,991
κόμβο,991
Μπάκιγχαμ,991
ανεκτίμητη,991
που'ναι,991
επιδέξια,991
εκλεκτοί,991
ξεχασα,991
Πορτογαλία,991
βδέλλες,991
Αλέξα,991
τηρώ,991
τοκετό,990
σχολη,990
τιμάτε,990
στήστε,990
τερο,990
κουτι,990
υποκατάστημα,990
χαλκού,990
γραμματόσημο,990
απολαυστικό,990
αστυφύλακες,990
ενεργήσει,990
διασκεδάσουν,990
ερευνήσουν,990
άλματος,990
όμορφους,990
δημιουργήσετε,989
ασφαλιστικές,989
σιγουρέψω,989
Λουκρητία,989
Δρακουμέλ,989
ενέργειές,989
εξακριβώσουμε,989
αναφερόμουν,989
αόρατα,989
συμπαράσταση,989
ανακάλεσε,989
χάλκινο,989
υπόγειό,989
έτρεμε,989
πρωτοετείς,989
κορώνες,989
συμπαθείτε,989
υποφέρετε,989
πολεμου,989
γγελος,989
κύκνος,989
υγρών,989
μπιφτέκια,988
ακαμψία,988
σερβιτόρες,988
Αλφ,988
εφαγε,988
ξαπλώνω,988
βεβαιως,988
Έρλ,988
Ντέντον,988
σκαλί,988
παλέψαμε,988
εκλεγεί,988
Τόμπιν,988
χαλαρώνω,988
πρόσβαλε,988
γιάνκης,988
συνέντευξή,988
θλιμμένο,988
άστεγη,987
δεχόσουν,987
θυμίσου,987
επικεντρωθείς,987
ψεύδονται,987
μαλώσατε,987
σκάβουμε,987
χρωμάτων,987
Χάτσι,987
πολυτιμότερο,987
στέρηση,987
Στήβι,987
υδατάνθρακες,987
χορεύαμε,987
παραθυρο,987
Γκέρτι,986
ματώσει,986
αποκαλέσει,986
κράκερ,986
κάπνιζα,986
Σανέλ,986
κενές,986
ανταγωνιστής,986
ανθίσει,986
αντέγραψε,986
απόγονοι,986
σ'ενδιαφέρει,986
αδέσποτα,986
ευγηρίας,986
αγγούρι,986
σκεφτομουν,986
Αχιλλέας,986
κηπουρική,986
εργασιών,986
ανακύκλωση,986
μπορουσαμε,986
μακρινά,986
ιβι,985
παραβιάστηκε,985
κρύες,985
πουλιέται,985
άνοδος,985
ενεργοποιήσω,985
σάνα,985
Ρόμπυ,985
σπουδαστές,985
θεωρήσεις,985
Οράτιος,985
ομοσπονδιακές,985
Καρλίτο,985
θα'θελε,985
δολοφονεί,985
δολοφόνησα,985
κληρονομικό,985
Φάρνσγουορθ,985
τηλεπάθεια,985
στειλε,985
ολοκαίνουργια,985
Ράζα,985
το'πιασες,985
γνώμες,985
εξουθενωμένη,985
βο,985
υπερόπτης,984
πνευματικής,984
κινεζική,984
έιμαι,984
αρπάξτε,984
ακροατής,984
τ'αγόρια,984
δειξε,984
δασος,984
εντιμότητα,984
διορθώνεται,984
θλιβερά,984
αμμωνία,984
αποδεχτούμε,984
ανακατέψεις,984
ενδιάμεσα,984
πανίσχυρος,984
παίξιμο,983
εξασκούμαι,983
κόψη,983
χαρίσεις,983
Φίλις,983
διαφέρεις,983
κινητικότητα,983
φοβίσει,983
μοιρα,983
Ράλφ,983
ερθουν,983
Μπεργκ,983
χασει,982
βόρειος,982
τροφοδοσίας,982
απολύεις,982
τραυμάτων,982
τσουβάλι,982
ύποπτες,982
ξαναγίνουμε,982
τραίνου,982
πανούργος,982
κλάψα,982
εσόδων,982
άπειρος,982
ότομποτς,982
τρύπας,982
κόπηκαν,982
ανατιναχθεί,982
σχολιάσω,982
οφ,982
σ'έπιασε,982
ρχισες,981
συλληφθούν,981
επικό,981
ποδαράκια,981
εντυπωσίασε,981
γυρνούσες,981
κορόιδευαν,981
Χάρκερ,981
χτυπούσες,981
νουν,981
ποτ,981
κουβάς,981
φορολογική,981
απελευθερώνει,981
νευρολογικό,981
ανώνυμους,981
διασπορά,981
εφτασα,981
προσλάβουν,981
Κλεμ,981
κηδεμόνα,981
άμαξά,981
χορηγία,980
κεραυνούς,980
Μουσολίνι,980
χρησιμότητα,980
ζώ,980
πείθεις,980
Στάννις,980
Ιλέιν,980
τσαντα,980
μεξικάνους,980
απόδρασή,980
υποδιευθυντή,980
κοντινά,980
μαθηματικό,980
θεσπέσια,980
μπυρα,980
αφαιρέσουν,980
αντικαταστάτρια,980
ορειβασία,980
το'χει,980
εσωτερικός,980
ευέξαπτος,980
4ης,980
γελοίες,979
υιοθετημένη,979
αρχιζει,979
μεσίτη,979
ταξι,979
διακρίνεις,979
χατίρι,979
Λέινι,979
Κάουφμαν,979
Κοινοπολιτείας,979
Ποτς,979
τρόφιμος,979
συναντήθηκα,979
τηγανίτα,979
Κίτον,979
εξετάζουν,979
αφήνοντάς,979
προχωράνε,979
σκατότρυπα,979
εει,979
επιληψία,978
παλαιό,978
Μάικροφτ,978
ελευθερωθώ,978
εξαφανίσουμε,978
αηδόνι,978
σκόπιμο,978
Μαρ,978
γεφυρα,978
ευθυγράμμιση,978
μερικώς,978
αποδεχθείς,978
Κριστόφ,978
Μάρσα,978
τσάκισε,978
Αυστραλίας,978
χειρουργικής,978
ξυρίσω,978
διασκεδάζαμε,977
φτανει,977
δημοκρατικό,977
φτυάρια,977
ηθοποιού,977
πειραματική,977
θεματάκι,977
ασφαλίσει,977
ψευδορκία,977
ζέβρα,977
καταστρέφονται,977
απόσυρση,977
πέρασμά,977
φέρ'τον,977
Γουίλκοξ,977
Μόζι,977
φιλιόμαστε,977
φτωχών,977
συντριβεί,976
υποκριτές,976
Ουέστ,976
γκόμενό,976
Χώκινς,976
αλαζονικό,976
χαρταετό,976
Όπι,976
αόρατοι,976
ανηκει,976
ανιχνεύει,976
μπιζέλια,976
συμφωνα,976
ψιθυρίζεις,976
απορριφθεί,976
καταστροφικές,976
ψεμματα,976
μαία,976
υπέγραψαν,976
μυλαίδη,976
μετόχους,976
ποινική,975
πρωκτικό,975
ΤΣΙΓΓΑΝΑΚΙ,975
φοιτητική,975
τρομάξατε,975
κίνητρό,975
εγωιστές,975
τρέχαμε,975
πιγκουίνος,975
νεοσύλλεκτους,975
βιαιοπραγία,975
κοκκινο,975
αρχιεπίσκοπος,975
πρόλαβαν,975
σκληρής,975
δήμου,975
κατόπι,975
χοντρούς,975
ψαρεύει,975
Ναμπού,975
ηρεμίας,975
Χιε,975
συνειδητά,975
επηρέαζε,975
σταθμος,974
διορθώνει,974
συνειδητοποιείτε,974
κανονίζουμε,974
αποτυχημένοι,974
Λάιονς,974
σήκωνε,974
φιλόδοξη,974
ανακρίνετε,974
Αρτούρο,974
Κέννεντυ,974
αφορα,974
ημικρανίες,974
παντων,974
τακούνι,974
διερμηνέα,974
πολιτικού,974
Αλφα,974
φωνάξετε,974
φέρ'το,973
χειριστείτε,973
τρωκτικό,973
δημοκρατική,973
συστηματικά,973
ειδικέ,973
συμπληρώσετε,973
ιππείς,973
ξέφωτο,973
Ντόβερ,973
πρωινού,973
Αξελ,973
σκετς,973
δηλητηρίασαν,973
καθήσετε,973
κουράζει,973
γερός,973
βουητό,972
σχιζοφρενής,972
φορτηγο,972
μπιχλιμπίδια,972
αρρωστημένη,972
γκρεμού,972
σεβασμιότατε,972
ταχυδρομικό,972
κουνάβι,972
κέρδους,972
δοκάρι,972
Ελι,972
επιτέθηκα,972
νομικός,972
στήλες,972
συναντάει,972
μπατ,972
προσθέτει,972
Χουλιάν,972
Μπενίτο,972
απερισκεψία,972
προσελκύσει,972
αστάθεια,972
ιταλό,972
ΓΥΦΤΑΚΙ,972
συγκεντρώθηκαν,971
ευχηθείς,971
στρίγγλα,971
ντίζελ,971
αυτοκτονεί,971
Κόφι,971
καθησυχαστικό,971
χάνεσαι,971
γρανίτα,971
εκκρεμότητα,971
φιλικές,971
Πρισίλα,971
ποταμι,971
μελετάει,971
πόστερ,971
μαθαίναμε,971
ασπίδας,971
αληθεύουν,971
Αϊλίν,971
καμένα,971
σπούδασες,970
μπόλικη,970
ψωνίζω,970
Κένυ,970
πικρία,970
παγιδέψει,970
κατηγορούμε,970
απλώσει,970
Μάρσια,970
σεβαστό,970
λέρα,970
ταΐζω,970
υπερηχογράφημα,970
μολυσμένοι,970
έκλεβαν,970
λογιστικό,970
πυροβολικού,969
βάλτος,969
φιλόδοξο,969
υπέροχους,969
φθηνή,969
Ριβιέρα,969
διέπραξες,969
απομακρύνετε,969
συντηρεί,969
τραυματίστηκα,969
κοπανήσουμε,969
αριθμητικά,969
ελά,969
απογειώθηκε,969
κοπρόσκυλο,969
Κέιμαν,969
ρχισαν,969
γκυ,969
νυφική,969
Γουόνκα,969
μεθαδόνη,968
πνιγμένος,968
στρατος,968
σπουδαίους,968
καταγράφηκε,968
χωριστήκαμε,968
μ'αυτές,968
ψυχρά,968
καλύβες,968
απέραντο,968
τρελών,968
ακούσια,968
ζωών,968
Ρώσων,968
απαγάγεις,967
Γιόκο,967
κοντινότερη,967
διαστροφή,967
τσεκάρετε,967
Μαντλέν,967
μοιράσω,967
Μερ,967
συγκινημένος,967
κυρώσεις,967
ενοχοποιήσει,967
γουόν,967
ανταποκρίθηκε,967
ξανασυναντήσει,967
Καναδοί,967
ελεος,967
παραδεχθείς,966
αναρωτιόταν,966
πιεσμένος,966
δωσα,966
ίσο,966
σαπουνόπερα,966
Γουάιλι,966
περιμενουν,966
σιλουέτα,966
καύση,966
παγίδευσαν,966
χειρίζονται,966
γεύματος,966
αεροπλάνων,966
Ορτίζ,966
κεφτέδες,966
επιθετικοί,966
μπάντες,965
αδένες,965
πάτος,965
όγκου,965
ντεν,965
όλας,965
ετοιμάσουν,965
Έλλι,965
υπήκοος,965
Πολίν,965
4ος,965
συνοδούς,965
Μπέρθα,965
έγραφαν,965
Αλαντίν,965
σφραγίσουμε,965
ελευθερος,965
έσωζα,965
βραχίονα,965
μπουκάρουμε,965
αληθινο,964
κερδών,964
μέντοράς,964
ωραιότερη,964
διέπραξα,964
προστατευτεί,964
συγκρατηθώ,964
προτιμούσατε,964
εταιριών,964
βολτα,964
γελώντας,964
Χεσούς,964
Μάουι,964
ξεχάστηκα,964
στρώσεις,964
θεωρείο,964
τοποθετήσω,964
ντερ,964
σαδιστής,964
Χάρντισον,964
πεντακάθαρα,964
επικεντρώσου,964
μεταβίβαση,964
χάνοντας,963
ασφαλης,963
διατρέχει,963
τάχα,963
εξαγορά,963
επικράτεια,963
παιζεις,963
προσγειωθήκαμε,963
φυσικοί,963
ανθοπωλείο,963
κεντρικές,963
κατασκήνωσης,963
Μπριν,963
σκορπιστείτε,963
βούτηξα,963
αμήχανο,963
ξαναδοκιμάσουμε,962
επιστραφούν,962
γεροντοκόρη,962
φθάνουν,962
συλλέγω,962
διάλεκτο,962
χρωστά,962
άκαρδος,962
εκπαιδευμένη,962
άγγλους,962
αποχωρήσει,962
Γκέινς,962
ακρίδες,962
συνθήκης,962
ελεγκτή,962
διαρρήκτη,962
τράγος,962
βιάσουν,962
ψωνίσω,962
χρονου,962
Κράμερ,961
μαστούρα,961
συστήματά,961
λυπημένο,961
συμφωνήσατε,961
Γουέλερ,961
τελείωμα,961
εξαδέλφη,961
πακετάρει,961
αρχικός,961
κουλούρι,961
Λούλου,961
υπογεγραμμένη,961
σαλιγκάρι,960
Αρλίν,960
Ναβάρο,960
προβλέπεται,960
εφεύρει,960
Τέλερ,960
παραγγείλατε,960
Σιμ,960
βλάψουμε,960
αρνειται,960
εταιρεια,960
υποκείμενα,960
τρελο,960
αόριστον,960
απειλητικά,960
κατηγορούμενη,960
βαλεις,960
λέσχες,960
συνδέσουν,960
σκίσουμε,960
πουλήσατε,960
Ντουμπάκου,960
μοιράζεις,960
ματωμένη,959
ακυρώστε,959
Γουίντμορ,959
νοικιάζει,959
θα'ρθουν,959
νευρολογική,959
Ντόν,959
ζητησε,959
προσκαλέσει,959
εξερευνητής,959
μπερδεύουν,959
ενωθείτε,959
αναρρωτική,959
Σίσσυ,959
ρουά,959
αγχόνη,959
σκο,959
γονατιστός,959
κατεβεί,959
τιτάνιο,959
μετανάστευση,959
ανακριτής,959
αστέγων,959
12η,959
τρελαίνουν,959
σβήνω,958
πρόστυχα,958
βαλει,958
αντιμετώπισης,958
Τζάρνταϊς,958
Κοινοπολιτεία,958
μεγάφωνο,958
νυχτερινές,958
ινδική,958
άσκοπη,958
συνδέσμους,958
Τανγκ,958
ψυχωτική,958
κολλητική,958
πιγκουίνοι,958
προωθεί,958
γλείψω,958
αντιεπαγγελματικό,958
νεφρική,958
ανώτατος,958
χτύπαγε,958
κερ,958
ηλικίες,958
μυστήριος,957
πριμ,957
ρουμ,957
γύρη,957
σοβιετικό,957
συμπαθούμε,957
πάπυρο,957
πάρκαρα,957
Εξκάλιμπερ,957
μερικό,957
ξαναγύρισα,957
Γκαμπριέλα,957
ρηχό,957
παυσίπονο,957
αξιολογήσεις,957
απορρίψω,957
ερεθίσματα,957
χαλαροί,957
Μπαρνέτ,957
συγκλονιστική,957
αγόραζες,957
Αντρές,957
τολμούν,957
μέντας,957
ταΐζουν,957
αναθεματισμένος,956
φευγουμε,956
πληροφόρησε,956
πίτσας,956
κολώνες,956
σφαιρα,956
Αχιλλέα,956
ιδρώνει,956
συντονισμένοι,956
Πάουλα,956
Δαμασκό,956
συμμετέχουμε,956
επικρατήσει,956
θανατηφόρος,956
ταχύτατα,956
Έμι,956
βαλές,956
σοκαρισμένη,956
δυστυχής,955
καρφώνεις,955
τραγωδίες,955
μεταφραστή,955
εκέι,955
συνθηματικό,955
πραγματικής,955
εμπιστευόσουν,955
υψηλός,955
Θήον,955
σκεπάσματα,955
επινόησες,955
ανεχτούμε,955
Τσικ,955
Γουίλαρντ,955
καφεδάκι,955
αντιμετωπιστεί,955
κουλτούρας,955
φυτίλι,955
μεροκάματο,955
Τζονς,955
Κόνγκ,954
πεταμένα,954
ανδρισμό,954
Ένζο,954
αργότερο,954
αναπτύσσονται,954
θυσιάστηκε,954
νεοσύλλεκτος,954
δουλέψατε,954
παρτι,954
Τανάκα,954
επαναστάτη,954
μόνιμος,954
εξομολογηθείς,954
λυχνάρι,954
πηδηχτούμε,954
Ντράκο,954
νιώθαμε,954
ενθουσιάστηκε,954
σανδάλια,953
ηλίθιου,953
πολιτισμένη,953
σφάλματα,953
αγωγές,953
ηλεκτρονικών,953
Νιμ,953
Κόρτνεϊ,953
φτηνές,953
συλλέξει,953
Τζέινγουεϊ,953
βολτίτσα,953
κοινοί,953
Πήγασος,953
τρανός,953
πουλι,953
υποσχόμενο,953
Μπέλλα,953
τερματίσει,952
ξαπλώσουμε,952
Γκιου,952
πιπεριού,952
τριγυρνά,952
παράσημα,952
χρησιμεύουν,952
χαλάσματα,952
ευχαριστηθεί,952
Ντητρόιτ,952
ευρύ,952
καπνιστό,952
στήνουν,952
προκυμαία,952
τροχόσπιτό,952
ομαλή,952
βουλιάζει,952
παρατήσετε,952
ζορίζεις,952
φίνο,952
Σαντάνα,952
μπλεχτώ,952
κυβερνητικός,952
απομακρύνονται,952
επεκταθεί,952
μπουλντόγκ,951
κανονισμένα,951
βρετανικής,951
Σέσιλ,951
Φάλον,951
εκνευρισμένη,951
αναγνωριστικό,951
μακράς,951
σελίδας,951
καταδικάζει,951
ειμασταν,951
πηραν,951
ονόματός,951
καταβάλει,951
Χαπ,951
δυναμώσει,951
ξένου,951
κορεάτικα,951
Σέλτον,951
δίδυμους,950
προσποιήθηκα,950
φυτέψει,950
ξεκάθαρες,950
συμπτωματικά,950
αποτελεσματικότητα,950
αποφοιτήσει,950
Γουόλντορφ,950
κρίσιμες,950
γινόμασταν,950
συναγερμούς,950
εύκολοι,950
ράβδος,950
εκμεταλλευτούν,950
επαρχίες,950
Χουανίτα,949
πάπιας,949
προσωπικών,949
κρόταφο,949
κολυμπώντας,949
ανταγωνιστή,949
κούλ,949
συνεργάσου,949
νει,949
γλύκες,949
Γκρέιαμ,949
Καμπούλ,949
μαθημάτων,949
Ελβις,949
καταδίωξης,949
πλουσιόπαιδο,949
Χογκ,949
διαφόρων,949
λιγοτερο,949
Φογκ,949
επισκεφθείτε,949
δέσουν,949
γυαλιού,949
καλωσορίζει,949
χειριστήριο,949
διεγείρει,948
ξυπνήσατε,948
ξεριζώσει,948
έμβρυα,948
δήλωσα,948
Μέιβις,948
σ'ευχαριστούμε,948
τηρήσουμε,948
Ντότι,948
βαρόνη,948
ταφεί,948
ρόλεξ,948
καλυμμένα,948
προσκυνητές,948
Τόμπσον,948
στρώσω,948
τύφλωση,948
γευτεί,948
ξηράς,948
ρυζιού,948
πλουσίων,948
παλέψτε,947
ανεβώ,947
σήριαλ,947
έκρυψαν,947
σκόνταψε,947
φυλακίστηκε,947
εγγυηθείς,947
προστατεύοντας,947
γλυκάκι,947
μεινουμε,947
λαγούς,947
κουκλόσπιτο,947
Τζόφρεϊ,947
θήκες,947
χάραξε,947
σκεφτόσασταν,947
αερογραμμές,947
Βος,947
κτιριο,947
19ο,947
εψαχνα,947
σκατώσει,947
Σεζάρ,946
κριτικοί,946
απορρίπτω,946
εξονυχιστικά,946
σιωπηλοί,946
θρασύς,946
δεκτός,946
απέχω,946
υποσυνείδητα,946
Καλίσι,946
αποσυρθούν,946
μερίδια,946
ανυπόφορο,946
μεταφράσω,946
ρούβλια,946
προϊστάμενο,946
διακινεί,946
μαντίλι,946
σπιτονοικοκύρης,946
μεταρρύθμιση,946
εκπυρσοκρότησε,946
ελευθερια,946
ενθουσιάζεσαι,945
χήρος,945
γνωριζόμασταν,945
Μάκο,945
προβλέψιμος,945
φανατικοί,945
χύσει,945
καπνίσουμε,945
τιμωρήσουν,945
Ωωωω,945
γυρίζοντας,945
πάγκρεας,945
Μάρλο,944
Χονολουλού,944
φυλακιστεί,944
ηλεκτρικής,944
παίχτηκε,944
κολώνα,944
εργαλειοθήκη,944
άποικοι,944
εκλεψε,944
κρεβατοκάμαρες,944
κρεμαστείς,944
Μπρίστολ,944
ενώθηκαν,944
ανελκυστήρας,944
σερβίρεται,944
Σέργουντ,944
χαραμίσω,943
έντάξει,943
Όλσον,943
γιορτάσουν,943
θαρραλέο,943
ταμεία,943
ηθικός,943
Κέιτο,943
φάρμας,943
βιαζόμουν,943
αφιέρωση,943
ζεύγη,943
κλάδο,943
έσκαγε,943
πατέντα,943
ζηλέψω,943
επίπεδό,943
κοροϊδέψει,943
ακόλουθο,942
Μόρι,942
διαπραγματευτής,942
Βανέσσα,942
ντυθούμε,942
σκεφτω,942
αεροπειρατεία,942
σεμινάρια,942
Μορτ,942
κάψαμε,942
σκίουρους,942
Πάτον,942
αιχμαλώτων,942
επιδιώκει,942
σκόνταψα,942
συγγραφή,942
μον,942
κλειστεί,942
παραβιάσω,942
σωληνάκι,942
απόφασης,942
μεγαλοφυές,941
ΠΑΡΑΣΚΕΥΗ,941
χύνεται,941
Νίκολα,941
αποικίας,941
Μπράντφορντ,941
ανατίναξες,941
αναμνήσεων,941
θεωρίας,941
καβαλήσει,941
συμπαθής,941
κίνησε,941
γλύτωσες,941
Ήβα,941
πιάστηκα,941
σκοπού,941
καμπούρα,941
συμβιβαστώ,941
σπαστικός,941
κολέγια,941
ουρλιάζω,941
λυπητερό,941
αξιόλογη,941
μεταλλαγμένος,940
Ταζ,940
δυνατον,940
ζωηρό,940
αποσύρουμε,940
Ρούθι,940
πειθαρχίας,940
δέκτη,940
υπερήρωες,940
στικάκι,940
ξοφλημένος,940
τηλεοραση,940
φλασκί,940
Εμιλυ,940
ισχυρισμό,940
επιλέξτε,940
κοινωνίες,940
σπουργίτι,940
ζητησω,939
τσιμπάνε,939
κόκκινης,939
υποπτευθεί,939
ης,939
οφείλετε,939
Σουάνσον,939
άστους,939
παρουν,939
Μπέλικ,939
αποσυρθούμε,939
εφημέριος,939
συνεχίστηκε,939
ψήσω,939
συνέχισες,939
λατινική,939
πουλούσαν,939
αποκαλέσεις,939
προσπεράσει,939
διέφυγαν,938
ευφυές,938
αποτελειώσω,938
Κεμάλ,938
αυστηροί,938
μέθυσες,938
προτίθεται,938
ρυθμίσουμε,938
Βαλεντάιν,938
πλαστικός,938
σκουριάσει,938
καθίσουν,937
επιφυλάσσει,937
παλιόγρια,937
ζυγούς,937
καθαριστικό,937
προσπάθειας,937
αυστηρές,937
σακαράκα,937
κατεστραμμένα,937
Ερμή,937
λειτουργική,937
σέβεστε,937
Μπομ,937
πειθώ,937
πνευμόνων,937
τραγουδάτε,937
συρροήν,937
αγνοώντας,937
καθηγητών,937
πόστα,937
Γκουστώ,937
παρόλ,937
ελευθερωθούν,937
γευτείς,936
σμπάρο,936
Πετρέλι,936
Χόγκαν,936
δημοσιευτεί,936
σερίφηδες,936
Σάλλιβαν,936
παραιτείται,936
στατιστική,936
καθυστερείτε,936
ατομικά,936
υφήλιο,936
κροκόδειλος,936
Βεντούρα,936
Τράβερς,936
ερημίτης,936
επισκεφθείς,936
ομοσπονδιακής,936
γοργόνες,935
ανεπιθύμητη,935
φωνητικές,935
λμα,935
άοπλο,935
ερωτα,935
πλησίασες,935
άπλα,935
κινηματογράφος,935
ανασκαφές,935
επανάλαβε,935
σκοτούρες,935
καταληφθεί,935
εξωγήινης,935
συνδεόμαστε,935
αιφνιδίασε,935
έκθεμα,935
σωφέρ,935
υπερθέρμανση,935
Λεωνίδας,935
ισοδυναμεί,935
μεταχειρισμένα,935
επιταχύνουμε,934
οπισθοχωρήστε,934
Γκάνερ,934
διασκεδάσαμε,934
τσιμουδιά,934
σχημο,934
έχωσα,934
κόπρανα,934
αδαής,934
Κουήν,934
πατρότητας,934
Υ.Γ,934
ολων,934
τρισεκατομμύρια,934
χώσουμε,934
προσθέτεις,934
Καστίγιο,934
έμοιαζα,934
παλιάνθρωπος,934
βιάστηκα,934
ταφής,933
ομηρίας,933
εξουσιοδοτημένη,933
Κόλτον,933
εξαγοράσεις,933
Χάζαρντ,933
Μάκ,933
πολλους,933
παραδάκι,933
Χελμ,933
ανεύθυνος,933
επισκεπτόταν,933
ελιξίριο,933
Κλουζό,933
Τιγκ,933
αναμεταδότη,933
πόνοι,933
Σάγκα,932
ξανασκεφτείτε,932
πάνελ,932
άντεξα,932
παλιοσίδερα,932
στίχο,932
γαμηθώ,932
έχαψε,932
παραλλαγή,932
Κρίσνα,932
Ρίτσαρντσον,932
καθεξής,932
ηλεκτρομαγνητική,932
Γκόλντμαν,932
γιλέκα,932
μοναχό,932
άστε,932
στραβάδι,932
Ανέτ,932
κλασσικά,932
αστυνόμου,932
τράγο,932
εμφανώς,932
τσιγγάνοι,932
εμπρησμό,932
αυθάδης,931
επιπλέουν,931
διαχειριστώ,931
ταίριαζαν,931
βλεφαρίδες,931
τσίσα,931
συναντήστε,931
Μολ,931
τηλε,931
παράδοσή,931
εξάλειψη,931
υπαξιωματικός,931
εμπλακούμε,931
Μπλάκγουελ,931
ξανασκοτώσει,931
μαζεμένα,931
Σκοτία,931
απομακρυσμένο,931
κάμποσα,931
Κάνιον,931
χαιρετήστε,931
καταλήξατε,931
γραμμών,931
συνοδοί,931
κυνηγημένος,931
συναδέλφων,930
εξασφάλισε,930
φυλακτό,930
εκτελούν,930
γαμήσουν,930
πρίγκιπά,930
κατακτήσω,930
ακίνδυνος,930
οργανωμένου,930
ρομαντισμό,930
Τρόυ,930
εκτελεστούν,930
μπιλιάρδου,930
αβοήθητη,930
εταιρια,930
προσφοράς,930
κοινωνικών,930
διπλής,930
εκθεση,930
Χάινριχ,930
μαθημα,929
έπασχε,929
φώκια,929
Μακί,929
παλιοκαριόλη,929
Ντουράν,929
πνευμονική,929
Αιγύπτιοι,929
συνοδεύσετε,929
χιπ,929
αξιοσέβαστος,929
βράχου,929
κόβοντας,929
Παρκς,929
βρισκόσασταν,929
Χακίμ,929
συναδέλφου,929
μοχθηρή,929
πράκτορά,928
σκοπο,928
ρεβάνς,928
Στιου,928
Σάτερ,928
πληρωμένα,928
εξουδετερώσει,928
Τροίας,928
μεγαλυτερο,928
υποθερμία,928
Ελίς,928
Γέιτς,928
χιονοστιβάδα,928
κυρίων,928
καταραμένες,928
ακύρωσέ,928
Σπαρκς,928
επετηρίδα,928
φόρουμ,927
χρεώνουν,927
αποκάλεσα,927
ειδικα,927
προχωρούμε,927
ανακουφισμένος,927
υπογράψατε,927
χίλιοι,927
Ίρβινγκ,927
ρουμπίνι,927
πρέσβειρα,926
Ντίκινσον,926
Παύλος,926
εξωτερικού,926
φρικτές,926
προιόν,926
απογείωσης,926
αναιδής,926
εξιλέωση,926
Τιτανικό,926
εξελιγμένη,926
Λουσίντα,926
Γκοα'ούλντ,926
παράγεται,926
γύροι,926
διόλου,926
εμφανιστείτε,926
απέχθεια,926
προμελέτης,926
ΚΤΓ,925
Κέιναν,925
Κέιλι,925
κοσμικό,925
απαντούσα,925
ακού,925
Μεσόγειο,925
χαριτωμένοι,925
νότιοι,925
λειτουργείς,925
σοβιετικής,925
ενθαρρυντικό,925
μπούνε,925
συνδικάτα,925
κατασκοπία,925
απολογηθεί,925
σύρματα,925
καλυτερέψει,924
περαστικοί,924
κούλαρε,924
ανώνυμοι,924
γατί,924
Σομαλία,924
κατάγεσαι,924
ευνοεί,924
κό,924
Τάουμπ,924
ωρολογιακή,924
ηλικια,924
δηλώνουν,924
κρυπτογράφησης,924
διακινδυνεύσουμε,924
Μαρόνι,924
τσακωμό,924
μπραντς,924
κανονισμών,924
φωνάξατε,924
φερόμουν,924
προκλητικό,924
εμφανή,924
Πίπιν,924
νιτρικό,923
τιμώ,923
βέτο,923
χωρισμού,923
πυροσβεστικής,923
προσγειωνόμαστε,923
απαιτητική,923
επουλωθεί,923
προβλέψω,923
εται,923
ρεαλιστές,923
νεώτερος,923
γίνανε,923
εισαστε,923
κρύψετε,923
πνίγεσαι,923
οστού,923
Χίτσκοκ,923
Σπάρτακε,922
τετρακόσια,922
διαταγη,922
χρυσο,922
ζωγράφιζε,922
χαμογελάσει,922
στρατάρχη,922
απόσπαση,922
πηδάμε,922
ρωτώντας,922
σκυλιών,922
Τρίσια,922
αυξήθηκαν,922
αναζητούσε,922
επαναφέρουν,922
καπρίτσιο,922
μανάβικο,922
δανείου,922
μαλακιες,922
βαθμών,922
εξάντληση,922
λιρών,922
εκπλαγεί,922
τσακωθώ,922
αρχαιολόγος,922
λαγνεία,922
πομπή,922
περπατούσαμε,922
ακούγατε,921
αλληλεγγύη,921
ανθίζουν,921
καμικάζι,921
πρόεδρός,921
συναρπαστικός,921
κασετόφωνο,921
Μπανκ,921
αγρυπνία,921
ξαναγύρισες,921
δόκιμος,921
δειπνήσω,921
είσουν,921
ορυχείου,921
ανέβασα,921
προχωρα,921
νήσο,921
απελευθέρωσή,921
αποφοιτήσεις,920
Γκάρνερ,920
επιτρέποντας,920
αρχοντά,920
μονοπώλιο,920
Τάουνσεντ,920
επεξεργαστή,920
διακόπτεται,920
πειράματά,920
κινηματογραφική,920
νάσαι,920
δήμος,920
αποφασιστική,920
μεγαλύτερός,920
διαφήμισης,920
Σαρα,920
διορθώσετε,920
συμβουλευτική,919
καρποί,919
Βερόνα,919
Κάλουμ,919
απώτερο,919
Φλακ,919
ξέρασα,919
μυθικό,919
απομακρυσμένη,919
προωθήσω,919
ζημία,919
γεγονος,919
αγνοουμένων,919
γεννήσεως,919
13η,919
περιέγραψες,919
πλήθους,919
αρχιλοχία,919
Τούρκους,919
τοκετού,919
τσίμπα,918
παραβλέψω,918
μπλοκάρεις,918
στοιχηματίσω,918
ξαναγίνουν,918
κόμπους,918
παρατράβηξες,918
απελπιστική,918
καρφίτσες,918
δραστηριότητές,918
πουλούσες,918
φευγεις,918
πρόεδροι,918
επείγουσες,918
στριπτιζάδικο,918
παρεμβαίνει,917
απεξάρτηση,917
Άνν,917
πουτανίτσα,917
ελικοπτέρου,917
στοιχηματίζεις,917
γήπεδα,917
παρακάμψεις,917
νοιάστηκε,917
χαμηλότερη,917
Χέινς,917
Φρανκς,917
πρεσβευτής,917
0χι,917
επικεντρωθώ,917
κλείδα,917
ξεχνιέται,917
μπερδεμένοι,917
Έσσεξ,917
προλάβετε,917
σεναριογράφος,917
γάμων,917
αφεντικίνα,917
κρυπτονίτη,917
Λάιον-Ο,917
σ'ενοχλεί,917
πλαστογραφία,917
αμοιβές,917
δίνονται,917
Λόθμπροκ,917
πυροβολούσες,917
ιλ,917
αναμιχθεί,916
ξυπνούσε,916
δαγκωνιά,916
Ντάισον,916
Ουάιατ,916
καβαλάει,916
βουτύρου,916
κείνα,916
δέρνουν,916
γορίλες,916
Σύριλ,916
αμερικάνικου,916
Κίσα,916
ενθάρρυνση,916
πονηριά,916
καρωτίδα,916
Σαϊγκόν,916
υπόκλιση,916
ασχημη,916
τσαντίστηκε,915
αχάριστη,915
ζωνη,915
Λάσιτερ,915
περίπατος,915
συνόδεψε,915
ζούν,915
Τζέϊν,915
Φατ,915
καώ,915
λιγες,915
ετεροθαλή,915
δωρητή,915
υπολοχαγού,915
αποκαταστήσουμε,915
απουσίας,915
Ελέν,915
ερχόμενος,915
Γουίλφρεντ,915
Ιάπωνας,915
Τζάσμιν,915
Άντλερ,914
δροσιά,914
μολυσμένα,914
γέροντα,914
μαέστρος,914
υποθέσαμε,914
εκτάρια,914
σοκολατένια,914
μήτρας,914
μπά,914
μπισκοτάκια,914
βγούν,914
σία,914
κυριεύει,914
μαυσωλείο,914
ολοκλήρωσα,914
τρέλλα,914
μπαζούκα,914
στήσαμε,914
επιβάλει,914
ισχυρίζεστε,914
αγγαρείες,913
Τσίνο,913
τραβώντας,913
διασχίσεις,913
προσαρμόζεται,913
πολική,913
μαθηματική,913
κιθάρας,913
τάφρο,913
στοχος,913
για'σένα,913
κατώτερος,913
καταλαβει,913
προσέφεραν,913
Μιούλερ,913
Ντιμπουά,913
αποκλείστε,913
ξεγέλασαν,913
συζητήσατε,913
τραπεζική,913
δονητή,913
Δαρβίνος,913
εκτεθειμένος,913
πηγάδια,912
καλοκαιρινές,912
προσλαμβάνουν,912
γλυπτά,912
ρνι,912
Ρογκ,912
καθοριστεί,912
κρίνεται,912
έγκυρη,912
κεράκια,912
τραυματιοφορείς,912
μαζεύοντας,912
μεγαλειότητας,912
Τάιγουιν,912
διατάξατε,912
αρχάριος,912
πινγκ-πονγκ,912
Άντα,912
συλλαμβάνουμε,912
γεωργίας,912
αδιάφορη,912
Σάιλον,912
χαιρετάει,912
εξυπνότερο,912
Τσαζ,912
αρραβώνας,912
ταυτότητές,911
τεκ,911
Ράμος,911
θολό,911
εντυπωσιάζει,911
καρτοκινητό,911
αφαλό,911
μαγευτική,911
ξαφνικα,911
προσωπικα,911
ασχοληθείτε,911
Μπάρναμπι,911
μαγείρεψα,911
ερεθίζει,911
θανάτων,911
σπάζοντας,911
τρίψε,910
Κάμι,910
Ασλί,910
ανακουφίζει,910
μηχανικού,910
ξαναπέστο,910
περιοχών,910
παρενοχλεί,910
μεγαλώσατε,910
αναταραχές,910
τυχερος,910
λαδιού,910
μνηστήρα,910
σώζουν,910
κατευθυνθείτε,910
λεγεται,910
συμ,910
προωθήσει,910
πονοκέφαλοι,910
κουφιοκέφαλε,910
ημουνα,910
μαχαίρωσα,909
Φριτς,909
εμφανίσιμος,909
αστεροειδής,909
μολύνουν,909
μπλέκεται,909
αυτοπεποίθησή,909
ξανασκεφτώ,909
υβρίδια,909
περιβάλλεται,909
λύεται,909
ανταγωνιστική,909
βουβάλια,909
ενοχληθεί,909
Μονρώ,909
άπιστη,908
λυπήθηκε,908
παρακμή,908
επιφανειακά,908
πετυχαίνεις,908
Ώχ,908
ενεργοποιήσεις,908
δυσκολεύεις,908
σπιτικά,908
ναούς,908
άτιμος,908
μνημεία,908
νούνα,908
μείνανε,908
Νακαμούρα,908
ιρλανδικό,908
ποιού,908
λεπτότητα,908
περνιέσαι,908
Τζακόμπι,908
ταξιδέψαμε,908
μστερνταμ,908
σπρώχνουν,908
έκατσες,908
Σούπεργκερλ,907
εκπαίδευσα,907
κεντρικού,907
πρώιμη,907
ένας-ένας,907
στρατοπέδου,907
προσποιήθηκε,907
έλαμπε,907
ντινγκ,907
δαιμονικό,907
Κρίξους,907
ακόλουθοι,907
σόλα,907
Γκάλο,907
υποδεχτούμε,907
Λαβόν,907
αυτουνού,907
επανδρωμένο,907
ασχοληθούν,906
ληστέψω,906
αποσύρεται,906
αναφερθώ,906
τελείωνα,906
φρεσκαριστώ,906
ανακοινωθεί,906
ηγούμενος,906
πότης,906
αντιδράσουν,906
σταυρόλεξο,906
αμφισβήτησα,906
Πολωνοί,906
ν'ανησυχείς,906
μεγαλειώδες,906
Ριτσαρντ,905
αλιγάτορα,905
σκαλπ,905
ξαναπαίξει,905
φευγει,905
Σερζ,905
συστοιχία,905
τροπικά,905
πληγώνουν,905
αναρωτιεμαι,905
καταστροφέα,905
απολύμανση,905
Ούλριχ,905
παραβίασαν,905
ολόκληρους,905
Ντάι,905
παρατούσε,905
κύριους,905
Πέμπτες,904
Τζούλιεν,904
κατασκευαστεί,904
σύμπαντα,904
περιγραφές,904
ακροαματική,904
κυψέλες,904
Χαρι,904
αναγνωρίσατε,904
παρήγορο,904
αρχισει,904
μπούν,904
σαντιγί,904
λεγόμενά,904
ξαναβγεί,904
μαθε,903
χιλιετία,903
γρατσουνιές,903
γλύφεις,903
Κάρολος,903
κλώνους,903
μίξη,903
δοκιμάσατε,903
Θέοντεν,903
καθεμιά,903
ορίζεται,903
κυριαρχήσει,903
Άντερς,903
πιστευει,903
χάρος,903
εξαπολύσει,903
ξες,903
καλεσε,903
βουβάλι,903
εμπιστευθείτε,902
υιοθεσίας,902
τηγανητά,902
μπόντι,902
μόριο,902
θύρες,902
Ρέτζιναλντ,902
ανταποδώσεις,902
ραγκορν,902
ηλεκτρολόγος,902
δηνάρια,902
φυσίγγια,902
Μεντίνα,902
καθαρματάκι,902
μερη,902
επιτάχυνε,902
αρνιόταν,902
αντίθετες,901
εκκενωθεί,901
τριγυρίζουν,901
αστειευόταν,901
κλωτσήσει,901
συνήθειο,901
Σάιφερ,901
εξωπραγματικό,901
ληστεύει,901
Πάρκινσον,901
Νάρνια,901
ενισχύσουμε,901
ρούφηξε,901
πηδώντας,901
μοχλός,901
σημαδεμένος,901
γαμήθηκε,901
τρομάζετε,901
μπαινοβγαίνει,901
παιδεία,900
καταλαμβάνει,900
ζητείται,900
φιλοξενεί,900
ομόφωνη,900
Χόλοου,900
έβρεξε,900
σταυρούς,900
εμφανίζει,900
άναψαν,900
σκαλίζεις,900
χάρισες,900
αναστατώθηκε,900
γνωρισα,900
Μάιερς,900
οικογενειά,900
συνιστά,900
δεκάρας,900
αναιμία,900
έδεσες,900
Ερρίκο,900
Ζου,899
δούλους,899
διασχίσουν,899
κιολας,899
μετακινεί,899
γλείψιμο,899
καταγράφουν,899
θείοι,899
σκοτωσουν,899
χέστρα,899
ίππος,899
στενοχωρημένη,899
καβαλάς,899
χιπ-χοπ,899
αναβοσβήνει,899
εξηγήσου,899
σχηματίστε,899
επέμενες,899
βιαζόταν,899
ανεπίσημο,899
ταύρου,899
ανησυχήσεις,899
άχρηστους,898
διαγωνιζόμενοι,898
Μάιρα,898
κουδούνισμα,898
Τονγκ,898
αρέσετε,898
διερμηνέας,898
ονειρευόμαστε,898
εντιμότατη,898
εκεινος,898
Ποσειδώνας,898
ιεραποστολή,898
νευρίασες,898
υγιεινά,898
νομιζει,898
υποσχόμενη,898
Ρενό,897
υπερβάλλω,897
ξεμπλέξω,897
επέστρεφαν,897
Κλαν,897
Πατέλ,897
κρυο,897
επαναλαμβάνει,897
ραβες,897
εκπαιδεύτηκα,897
καλωσορίσματος,897
τα'χω,897
Κρας,897
Σαμαρείτη,897
παπουτσιού,897
πατάνε,897
σαλάτες,897
Άμπιγκεϊλ,896
αρραβωνιαστήκαμε,896
καραγκιόζηδες,896
Μαίρης,896
κανονικούς,896
τιμιότητα,896
τσιμπούκι,896
κηρύγματα,896
πείραζα,896
διαφορετικών,896
σταματησεις,896
γιακά,896
κολπάκι,896
Γενεύης,896
αποκαλύπτεται,896
Γουίσλερ,896
ανεχόμαστε,896
εγκρίνεται,896
αποτελειώσει,896
Τελ,896
αποφάσεων,896
ομοσπονδιακού,896
αναπτήρας,896
χαρούμενους,896
καμπαναριό,896
στοιχειώσει,896
λειτουργήσουν,896
αντιβασιλέας,896
εξέγερσης,896
ντύθηκα,896
μ'ακούσεις,896
ψιθυρίζουν,895
ζωντάνεψε,895
κεφαλαίο,895
ακίδα,895
κομψότητα,895
λιποτάκτες,895
Κεμπέκ,895
γκρεμίσει,895
μακάβριο,895
κοριτσίστικο,895
βιάζουν,895
Ουλίσες,895
τοπικής,895
βλάστηση,895
Λάιτμαν,895
σπυρί,895
πέσανε,895
Μίτσαμ,895
Πάι,895
παπουτσια,895
βλεπει,895
καλύψαμε,894
Τζιοβάνι,894
μετακομίσετε,894
θεραπευτικό,894
ζύμη,894
έφηβους,894
3ης,894
Μανς,894
ευχαριστουμε,894
μυτερά,894
δυναστείας,894
αναλαμβάνουν,894
Τάλκινγκχορν,894
ανταλλάξαμε,894
Μορφέα,894
κόκκαλά,894
έχωσες,894
εξαπατήσεις,894
τσιμπήματα,894
πιστευτό,894
άνεργη,894
Βιρ,894
κτιρίων,893
κατεβάσουν,893
ανακηρύσσω,893
αποχή,893
τυχερούς,893
αστειεύονται,893
λούκι,893
Κουρτ,893
Χούπερ,893
αποκόμματα,893
φλώρος,893
άουτς,893
εκπαιδευόμενος,893
Μέξικο,893
έντερ,893
κλάσμα,893
ζεσταθείς,893
σκαρφαλώσω,893
μετατρέψουν,893
σπρο,893
αντάλλαξα,893
παραγωγούς,893
αυτοκίνητά,893
Λόσον,892
σους,892
εμπιστευτούν,892
υπερένταση,892
νικηθεί,892
Έλληνα,892
γορίλας,892
Γουώρεν,892
οίτα,892
α.ε,892
Γουίτνι,892
προσπεράσουμε,892
χτίζεις,892
μέτρησης,892
εγκαταλείπουμε,892
μάλωναν,892
αξιοσημείωτη,892
Τζαρο,892
καθίσαμε,892
μαγείρευε,892
θαλάμου,892
Λιού,892
προσέβαλε,892
Αετέ,892
πτυχή,892
Πετρούπολη,891
αμε,891
κουνήστε,891
σμηνία,891
κάμψεις,891
θαυμαστό,891
δουλείες,891
φοβήθηκαν,891
Βάσκεζ,891
κοιμητήριο,891
πεσει,891
εξαπάτησαν,891
προσπαθει,891
εξαγοράσει,891
Λίντσει,891
χαλκό,891
καημένα,891
προσέβαλα,891
μαρκήσιος,891
διασκέδαζα,891
ενεργοποιήθηκαν,891
ψυχρού,891
τρυγόνια,891
εθελοντών,891
κάψετε,891
ανώδυνο,891
κάλους,891
στερήσεις,890
πρησμένο,890
σαπίσω,890
κοιτάξατε,890
Σαλβαδόρ,890
προφέρω,890
σύνορά,890
κανονίστε,890
κουφάλα,890
δευτερο,890
Χέλγκα,890
Ντέηλ,890
Τσερτς,890
ναρκωτικα,890
σχεδιαστή,890
κέρασε,890
Ινδοί,890
Κατρίν,890
καναρίνι,890
Σάιντ,890
αυθόρμητη,890
υποτιθεται,890
νουμε,890
φατσούλα,890
ενδιαφερόσουν,890
καβάλο,890
φαι,890
νυχτερινά,890
συλλογική,890
λεπτάκια,890
γκρινιάρη,890
Ράλφι,890
εκπληρώσεις,890
εξωτική,890
συγκριτικά,890
ανταποδώσουμε,889
απόρριψης,889
κοινές,889
Μουσταφά,889
κερκίδες,889
Κρίστο,889
μπερδεύω,889
τεράστιοι,889
εκτέλεσή,889
στάθμη,889
ανώμαλοι,889
βοοειδή,889
πηδηχτείς,889
παρασκήνιο,889
μέντες,889
Στάνλει,889
Σαουδική,888
δίδασκα,888
Γιολάντα,888
ασφαλισμένο,888
θεραπεύτηκε,888
γλείφεις,888
διατηρούμε,888
μασέρ,888
Τόντ,888
πιάνεται,888
τραβούν,888
σκηνοθέτησε,888
υπάκουσε,888
ιστιοπλοΐα,888
υποχρέωσες,888
ειλικρινα,888
μελέτησε,887
Οξφόρδης,887
αναγκαιότητα,887
ατμός,887
δανείζεις,887
ενστικτωδώς,887
μοντέλου,887
δρομείς,887
χύμα,887
ετοιμοθάνατος,887
οπτικές,887
κατήγορο,887
απογοήτευσή,887
διακινδυνεύεις,887
παρατάτε,887
Όντρι,887
ιπτάμενη,887
14η,887
λημέρια,887
σώο,887
βια,887
Θάντερκατς,887
προετοιμαστείς,887
εκκρεμεί,887
ζωγράφο,887
ΜακΦέρσον,887
σχεδίασαν,887
Χόλλυγουντ,887
φιλοξενούμενοι,886
φαει,886
μπαμπούλα,886
Βίκραμ,886
Σκόρπιους,886
αριστοκρατικό,886
περπατήσετε,886
Μιγκ,886
βίστα,886
Σαντιάγο,886
εργα,886
πούπουλα,886
Μουαντίμπ,886
ενισχυμένο,886
ώριμα,886
χάκαρε,886
Ροτζερ,886
αγγαρεία,886
επικοινωνώ,886
χειροκίνητη,886
μισήσουν,885
μπρελόκ,885
ευτυχές,885
ηλεκτρονικές,885
μηχανισμούς,885
ερυθρό,885
Χενρι,885
ψήνεται,885
ισχυρισμοί,885
αγκαλιάζεις,885
φρικάρουν,885
κουταλιά,885
ενικό,885
καταρα,885
αλεπούδες,885
δικηγόρων,885
διαπιστώσουμε,885
περγαμηνή,885
ληστών,885
θλιβερός,885
ψάρακα,884
ικετεύεις,884
περίπλοκος,884
πότε-πότε,884
Γουίνσλοου,884
παλέψετε,884
σημειωθεί,884
ν'αγοράσω,884
συνεργαστήκαμε,884
βόλεϊ,884
συγκεντρωθούν,884
επιβεβαιώνεται,884
σουτάρει,884
πολωνός,884
εκπαιδεύσεις,884
στοργική,884
στριπ,884
κοχύλια,884
συμπληρώσει,884
τυπικότητες,884
χειρουργοί,884
ιδωθούμε,884
Γιόζεφ,884
ξενοδοχείων,884
ψέμμα,884
σπρώχνετε,884
πηδηχτεί,883
γενναιόδωροι,883
καθαρμα,883
μαθήματος,883
νάτσος,883
κουτσό,883
δράματα,883
μικρα,883
δίκτυό,883
νοικοκυρές,883
διακρίνει,883
θέσεων,883
αντιπαθώ,883
δυσκολεύουν,883
αριστοκράτες,883
διακινδυνεύω,883
ψαχνω,883
Έρικσον,883
παραδινόμαστε,883
γουρουνάκια,883
Μονρόε,883
γαμησου,883
αεροσκαφών,883
πολεμούσα,883
πιλοτάρεις,883
σχεδίαζαν,883
εισιτήριά,883
ξεκινούσα,882
επιφυλάξεις,882
Μόροου,882
φτωχές,882
νύφες,882
γκιλοτίνα,882
απαλύνει,882
Κόνο,882
ξεκαθάρισες,882
ανατριχιαστικός,882
συνεβει,882
πεθερικά,882
θησαυροί,882
τραβήχτηκαν,882
ενώπιόν,882
κυάλια,882
καταθλιπτική,882
φεύγα,882
Γκογκ,882
Στεφάν,882
ανάθεση,882
βρετανικά,882
χειρός,882
Μαρσέλους,881
φονο,881
τερμίτες,881
τελετουργικά,881
σκοτώναμε,881
15ο,881
πηδιούνται,881
Εμπάιρ,881
ξεσκίσει,881
ψωνίζει,881
εμπλακείτε,881
γελά,881
ασκήσω,881
Τινκ,881
ήλθαν,881
ακούγονταν,880
μλετ,880
μάγουλά,880
μαντεύεις,880
Ντολ,880
Σίντνει,880
αστροναύτη,880
Ντάφνι,880
κατείχε,880
προβολές,880
τάδε,880
αποσπάσουμε,880
ζιγκολό,880
λεπτές,880
χυλό,880
συμπαίκτες,880
καινοτομία,879
σκίουροι,879
ναυπηγείο,879
ζωμό,879
εψαξα,879
διαπιστώσεις,879
παπάρας,879
φυλακες,879
κυβερνήσω,879
μαυρο,879
λάμψεις,879
ναπάλμ,879
κορόιδεψαν,879
κάσιους,879
εμοιαζε,879
τόλμησα,879
αδιάσειστα,879
μεγα,879
μαγνητικές,878
ολοκαίνουρια,878
εφικτή,878
μπραμς,878
δηλώστε,878
εισβάλλουν,878
Ραμόνα,878
ΙΟΥΛΙΟΥ,878
χωροχρόνο,878
Χάρλι,878
βδέλλα,878
συνάντησαν,878
πιθανον,878
άλατα,878
σιδερά,878
άοπλοι,878
κανονίσουν,878
πολυαγαπημένη,878
Βρούτος,878
πνίγεις,878
αργούμε,878
καρφώθηκε,878
αλεξίσφαιρα,877
νεκροθάφτης,877
προϊστάμενό,877
επετείου,877
σάρι,877
επηρεάζεται,877
παντρεμένες,877
σκέιτμπορντ,877
Κέλλερ,877
δηλώσετε,877
Κέμπριτζ,877
τιν,877
τραυματισμοί,877
φωτοτυπικό,877
αποσπάς,877
αφιερωμένη,877
σώθηκαν,877
ομοφυλοφιλία,877
εμπιστευτική,877
γρυλίσματα,877
εμαθε,877
τούτοις,877
νάνι,877
εμπιστευθούμε,877
προσέγγισε,876
εκτεθειμένοι,876
εργαστούν,876
εκδορές,876
λύπης,876
επιβιώσετε,876
δολώματα,876
ορολογία,876
ξαναφτιάξω,876
αύτη,876
επιβιώσαμε,876
πορεια,876
ηχεί,876
κρατησει,876
ετων,876
κολοκυθάκι,876
Τζέρεμυ,876
χόρευαν,876
λέμβους,875
ελεύθερων,875
Μπέρντι,875
κοιμήθηκαν,875
αε,875
αποφυλάκισης,875
περιμέτρου,875
εξηγούσα,875
το'σκασε,875
επιστρέφετε,875
πουλήθηκαν,875
τρομακτικοί,875
ψυχικές,875
λόχου,875
διοικητική,875
πανίσχυρη,875
χορήγηση,875
ευγενικέ,875
πληρωμένο,875
διατηρείται,875
ερασιτέχνη,875
νομίσματος,875
λάκκος,875
Μπρένερ,874
αγνοούμενοι,874
ανακαλύπτουν,874
επέμβει,874
αμαρτωλό,874
τελείες,874
παρουσιάζεις,874
αντλεί,874
προβλέψιμο,874
Τζοκ,874
χιονίσει,874
συμβιβαστεί,874
εφαρμόσουμε,874
Τετάρτες,874
συλλαμβάνεται,873
ηλιθίων,873
πυθμένα,873
τέννις,873
σφυρίζει,873
Εναρξη,873
αναρωτιόμουνα,873
δανείων,873
περνάγαμε,873
Αρμάντο,873
πλησίον,873
λατρείας,873
τοτέμ,873
κατάκαρδα,873
μπρός,873
προσπεράσω,873
ανηψιό,873
Μάρτζι,873
σχεδιάγραμμα,873
ολοκληρώνεται,873
Μπέρκοφ,872
παρατσούκλια,872
μπερδέψεις,872
Τζόη,872
Στρίνγκερ,872
ασχήμια,872
Γκουλ,872
ζήτησέ,872
Μακένα,872
αντικειμενική,872
Ατλαντικού,872
όροφοι,872
γκρινιάζω,872
ειδωθούμε,872
γεματο,872
αποζημιώσεις,872
αναλογίες,872
Γουίστλερ,872
σκοτωσες,872
συγκεντρώστε,872
επειτα,872
φορτώνεις,872
γερμανικής,872
αμοιβής,872
απευθύνεσαι,872
κοκαϊνη,872
βόλευε,872
απόλαυσες,871
κτύπησε,871
μετατραυματικό,871
ευρεία,871
γαμ,871
πανάκριβα,871
προορίζονται,871
Χάντλεϊ,871
αξιόπιστες,871
αυτης,871
τρίψιμο,871
άθεος,871
επιβληθεί,871
απείλησα,871
ύστατη,871
αρρώστησες,871
στοργικός,871
μαχαιρώσω,871
γκαντεμιά,871
συλλαμβάνετε,871
αχώριστοι,871
πετονιά,871
μοιράζω,871
διασχίζοντας,871
σου'χω,871
διαγράψεις,871
παρελθον,871
προσδοκία,871
αρρωστος,870
σχολικές,870
Ροτζ,870
Πιλ,870
Κοπεγχάγη,870
χαπάκια,870
κάθοδο,870
βγαίνατε,870
υιοθετήσουμε,870
προϊόντος,870
ρία,870
ανδρικό,870
θειε,870
Μαγκόγκ,870
μέτωπα,870
αίσιο,870
αμφιβάλεις,870
συγχρονισμού,870
θα'χε,869
κατηγορηθείς,869
αρχηγία,869
πρόσβαλα,869
χασομεράς,869
πιλότων,869
στρο,869
κλειδωθεί,869
Κρόλι,869
σκληρα,869
λιώσουν,869
Τσάντ,869
δολοφονική,869
υποτιμάτε,869
κρεμασμένος,869
Μαχόουν,868
τηλεφωνησε,868
αφαιρέσετε,868
τέφρα,868
τσακάλια,868
ικέτεψε,868
δανεικά,868
άρρωστους,868
υπερβάλεις,868
θυμόσαστε,868
δραπέτευσα,868
δύστυχη,868
έτρεξαν,868
κουδούνια,868
ενθάρρυνε,868
δικια,868
ξέμεινες,868
σκαρφαλώνει,868
πυρηνικού,868
Νταφ,868
Μαικλ,868
περιπολίας,868
καμπίνες,868
τομές,867
ανώτερες,867
ανάστημά,867
γραμώτο,867
Αμέρικαν,867
αυξήστε,867
γκάγκστερ,867
νεκρική,867
πενθεί,867
μαλώνεις,867
Λάιον,867
ζαχαρωτό,867
εκφράζω,867
χαμογελούν,867
Θόρντον,867
καιρικές,867
εξάσκησης,867
συγχώρεσή,866
διευθετήσουμε,866
Χαβιέ,866
Νιαγάρα,866
ιστορικός,866
στρώσει,866
σόφτμπολ,866
τσάκωσες,866
ανήθικη,866
κηπουρό,866
δολοφονικό,866
ιδιωτικότητα,866
Ρακέλ,866
ακτη,866
φόρες,866
σίχαμα,866
γκρινιάρα,866
μονοι,866
διαπιστευτήρια,866
Μάουντεν,866
Μίνας,866
Αϊνόα,866
αγέννητο,866
σκοτάδια,866
τιμωρός,866
επιδεικνύει,865
χτίσιμο,865
τρόφιμοι,865
κακόμοιρε,865
Φλώρα,865
μηρούς,865
λουλού,865
χαιρετήσει,865
σφάξουν,865
Γουάλι,865
Ντοτ,865
ελευθερώσετε,865
Μπασίρ,865
λαχανιάζει,865
πεμπτη,865
υπουργοί,865
μ'αυτο,865
πράξει,865
ρίξτο,865
ραβδιά,865
ονειροπόλος,864
ακουστική,864
τραπεζικός,864
κουμαντάρω,864
ρώταγα,864
ηγεσίας,864
καταναλωτές,864
καίμε,864
βιβλια,864
επίτευξη,864
τομάρια,864
στέγνωσε,864
καλώντας,864
ντετεκτιβ,864
ποινικά,864
Σκαρ,864
φωνητική,864
απατεώνισσα,864
ξεμπερδεύουμε,864
κυνική,864
άθλιοι,864
φερεις,864
αναβάτης,863
επιβήτορας,863
ιδρωμένος,863
καθεμία,863
κατηγορούμενοι,863
κατηχητικό,863
κλείνοντας,863
άμεσος,863
βραβείου,863
αδελφότητες,863
Έηντεν,863
κολυμπούν,863
στήσε,863
κάμπριο,863
κρυψώνες,863
ιερές,863
κατεβάσετε,863
πείραζαν,863
κουβαλάτε,863
έσβησες,862
εχεμύθεια,862
Οκτάβια,862
φορτώσουν,862
ν'αφήσεις,862
αδερφίστικο,862
ρόλου,862
φωτό,862
δωσες,862
πεύκο,862
χαιρετίσω,862
ξαναβάλεις,862
κλειτορίδα,862
βαρβαρότητα,862
κακοποιών,862
ποιαν,862
σαρκοφάγο,862
δούλοι,862
αντιστέκονται,862
εκμεταλλεύτηκες,862
Σπάρκι,861
ράλι,861
προτείνουν,861
εισβάλουν,861
βλάβης,861
μαθήτριες,861
αποδράσω,861
μαχαιρώσεις,861
κυνηγήσετε,861
ανέθεσα,861
αποφασίστε,861
κατέβαινε,861
φερτε,861
χειροκίνητο,861
τηλεφωνίας,861
πλησίασαν,861
δεκατρείς,861
γκαζιού,861
καταθέτει,860
άρθρου,860
κακόμοιρος,860
αφελείς,860
αφαιρείς,860
παρατηρούσα,860
αρκούδο,860
λέγαν,860
τόνου,860
καμβά,860
μεθάνιο,860
αγχώνει,860
πειστικά,860
συμβάντος,860
τεράστιας,860
γουρούνα,860
πέρατα,860
θαμμένοι,860
ξαναέρθω,860
ραδιενεργά,860
δοξα,860
Ραφαήλ,860
Χιροσίμα,860
Ντόνελι,860
απολάμβανε,860
Αρθούρο,860
υπολογίζετε,860
πρόδιδε,860
εκτιμάται,860
αυτοψίας,859
θολώνει,859
ξαναγγίξεις,859
Μαϊου,859
δημοκρατικοί,859
μουσικές,859
προσφέροντας,859
μακρινές,859
αρραβωνιάστηκε,859
κουράσει,859
θαλάσσης,859
δεξιόχειρας,859
ανοίγοντας,859
δικαστικά,859
στύλ,859
είδωλό,859
σφιχτή,859
αντίχειρά,859
διασκέδαζε,859
Άρνι,859
ειρηνικός,859
Τριάδας,859
Λένον,859
δυνάμωσε,859
διερεύνηση,859
λήστεψες,859
σιχαμένο,859
σκαρφαλώσει,859
Αρτσερ,859
Γκάθρι,859
βραδιάσει,858
διώχνω,858
υπηκοότητα,858
Υβόν,858
προτεραιότητές,858
εβγαλα,858
πιάστηκες,858
Στέντμαν,858
Μαγκάρετ,858
προδότρια,858
πυρήνες,858
φωνητικό,858
αντιμετώπισέ,858
κασκαντέρ,858
παράφρονες,858
αποσύρουν,858
κανονίσετε,858
λατρέψετε,858
καινουργιο,858
Εμετ,858
τεχνητά,858
ξεχαστούν,858
πετυχαίνω,857
χαροποιεί,857
διαπραγματεύεται,857
ανάφλεξης,857
συνέστησε,857
πολεμούσαμε,857
κανονίζεις,857
μεταξωτό,857
Ερπ,857
γενετικές,857
έμπειρη,857
πυκνά,857
εθνικά,857
κόκκινους,857
γενεθλια,857
προσλάβατε,857
Παναγιότατε,857
Εϊναι,857
απομονώσουμε,857
τσιγκούνης,857
συμμαχίες,857
δικτάτορας,857
Κόχραν,857
ξερε,857
Νιγηρία,857
Σουίφτ,856
έπεφτες,856
δεσμευμένος,856
εισχωρήσει,856
τερματισμό,856
Φελίπε,856
Αρμάντ,856
μουρλός,856
αναγνώριζε,856
ερωμένες,856
νοηματική,856
σσσσ,856
ξάφνιασε,856
στρατούς,856
πάρη,856
φακοί,856
Ντόγκετ,856
ασιάτης,856
εκτιμήσουν,856
φτασει,856
σβήνεις,855
ταύρους,855
ποδοσφαιρική,855
επιδράσεις,855
Πηρς,855
άνια,855
Ντιούι,855
αυγών,855
απότομες,855
Πανδώρας,855
επιστρεψω,855
χρειά,855
κυκλώματος,855
μασχάλες,855
Κυριακη,855
γεράσουμε,855
πείρας,855
Πίμποντυ,855
συνεργούς,855
βρομιάρη,855
περιττά,855
νεκροφόρα,855
Έντουιν,855
πριγκίπισσά,855
δήποτε,854
Κέϊτ,854
παχύς,854
φύσηξε,854
ποιμένας,854
παλιοπούστη,854
Τάλια,854
οφθαλμών,854
πρωκτό,854
έμπνευσης,854
στηρίζομαι,854
βούτα,854
μοχθηρός,854
φτιαξω,854
σέλας,854
συνολικό,854
δόνια,854
Κόνγουεϊ,854
αναγκασμένοι,854
εισήλθε,854
έλεγχοι,854
πρόσκρουσης,854
Εβίβα,854
μεταχειρισμένο,854
γάλλων,854
γινετε,854
χορηγούς,854
κλειδώνουν,854
ινδικά,854
Γουάις,854
ακουστούν,853
αξέχαστο,853
σαρκασμό,853
θά'ναι,853
γκομενίτσα,853
σύμφωνος,853
προσευχηθεί,853
ανατριχιάζω,853
Ντεβ,853
επώδυνη,853
χέλι,853
σκάβω,853
ατζουσί,853
Ωρόρα,853
Φρέγια,853
πεπερόνι,853
συνδέσετε,853
αδειάζει,853
αταξίες,853
στοχεύεις,853
Τέσσα,853
Κρηντ,853
συνομωσίας,853
όγδοη,853
συμμορίτες,853
χακάρει,853
λυκόφως,853
νευριάσεις,852
συνεταίρους,852
σφραγίστηκε,852
εγκαταστάσεων,852
Κάβεντις,852
μπλέχτηκα,852
βάρεσε,852
κάδους,852
τάσης,852
ειδικευόμενος,852
Μπελίντα,852
γραφειοκράτες,852
σαμποτάρει,852
διοικητικού,852
κόστισαν,852
παλιομπάσταρδε,852
γκριμάτσες,852
πατήσετε,852
Φίλι,852
απομακρυνθώ,852
εξασκηθεί,852
εξασκείσαι,852
λαιμούς,851
στεναχωρεί,851
ωριμότητα,851
οΏ½οΏ½οΏ½οΏ½οΏ½οΏ½,851
σημ,851
συμβολικό,851
κουταβάκια,851
προχωρήσαμε,851
πολιτισμοί,851
καφενείο,851
διακίνησης,851
πιστολάκι,851
στενούς,851
Φλόρες,851
σκλήρυνση,851
καταπληκτικοί,851
Τσέινι,851
βορά,851
Μακάλιστερ,851
σκορπιό,851
ζητούμενο,850
νυν,850
κοινο,850
Γκαλ,850
μοιράστηκε,850
καθυστερήσουν,850
πέναλτι,850
Λίζμπον,850
ψήσιμο,850
βάσανο,850
τυλιγμένη,850
αντιδράσω,850
σφαγής,850
έπλυνες,850
απόλυτης,850
δευτέρου,850
πάραυτα,850
νταή,850
προγραμματιστής,849
μανιακή,849
βρόμικη,849
Ερνεστ,849
επική,849
Λόρας,849
χαμομήλι,849
ευχαρίστησης,849
Ερνι,849
στραγγαλίστηκε,849
παραδίνεσαι,849
κρύψ,849
Ζάρεκ,849
Σπάρταν,849
ΤΖΩΤΖΙΟΥ,849
κληθεί,849
σημειωματάριό,849
ατομικό,849
σάλτσες,848
ιδιοκτησίες,848
απροσδόκητη,848
διαφορετικα,848
Νίλιξ,848
αγορίνα,848
ψεγάδι,848
καλοι,848
ούτ,848
κόπηκες,848
ξαφνιάζει,848
τιτάνες,848
αποχαιρετίσω,848
μουνόπανο,848
κυνόδοντες,848
σχεδιάστρια,848
μεταφέραμε,848
τερα,848
ρμστρονγκ,848
προσαρμοστείς,848
έπακρο,848
χέζω,848
σοδειές,848
Μόρτυ,848
Τζέιμυ,848
κοκαίνη,847
Ούλτρα,847
λυγίζει,847
κοιλιές,847
φιλάνθρωπος,847
δευτερολεπτα,847
σόουλ,847
περασω,847
τουίτερ,847
φτάνοντας,847
μελετάμε,847
Έντιθ,847
νταλίκα,847
μερικους,847
περιέργειά,847
πασάρει,847
κουβάλησες,847
χόρευες,847
δυσκολότερη,847
επανασύνδεση,846
σκότωμα,846
ξυπνώ,846
αγιασμό,846
βασανίσω,846
πείραξες,846
βγαινει,846
νεοσύλλεκτοι,846
έντασης,846
χόρεψα,846
μασάω,846
τοξότης,846
μερι,846
παραμορφωμένο,846
προερχόταν,845
γνώμης,845
κατεψυγμένα,845
αδυνατώ,845
προσγειωθώ,845
Λούβρο,845
πιστολάς,845
πρώιμο,845
πρεσβύτερος,845
σακάτη,845
στρατώνες,845
κάπνιζες,845
ήττες,845
αλυσοπρίονο,845
νάρκωσε,845
διάλογος,845
απελευθερώσεις,845
εξήγησες,844
αντιστρέψουμε,844
δολοφονείται,844
κουβαλούσα,844
δώστη,844
πρόοδό,844
τάφου,844
λοχαγε,844
μονωτική,844
ουρανίου,844
ταξιδεύοντας,844
ζωες,844
μπλοφάρω,844
Έρολ,844
Κόμπολ,844
ριο,844
κοινοτικό,844
κοκαλιάρα,844
χορευτικό,844
εξολόθρευση,844
Κρου,844
απελπιστικά,843
εξοργισμένος,843
αιμοσφαίρια,843
εκλεκτούς,843
σειριακό,843
μηχανικών,843
ενημερωμένος,843
αναχώρησης,843
δέχθηκα,843
υποκρίτρια,843
νότιες,843
σημαδι,843
σακουλάκια,843
φιλοσοφίας,843
ανάπηρη,843
Νίτσε,843
περδίκι,843
ενδιαφερει,843
εώς,843
τρέμουλο,843
προπονητές,843
τυφλούς,843
εκπαιδευμένο,843
επέτειός,843
αντιλήφθηκα,843
ενοχος,843
εμπορευμάτων,842
χαβαλέ,842
καρφωμένο,842
προσέχτε,842
αγγελιαφόρος,842
χλευάζει,842
κυριακάτικο,842
ρολόϊ,842
Φαλκόνε,842
ψωνίζεις,842
Σνέικ,842
όργια,842
μασκοφόρος,842
τολμήσω,842
παρουσιαστούν,842
εγκρίνουν,842
ετοιμότητας,842
διασφαλίσω,842
γεωμετρία,842
ανέκτησε,842
εισιτηρίων,842
υπερβολικές,842
απεχθάνεσαι,841
ειδατε,841
βασίστηκε,841
καταγράφεται,841
γκινέες,841
λημέρι,841
στραγγάλισε,841
δολοφονήσω,841
αγχωτικό,841
καταγράψουμε,841
ειχατε,841
εμπνεύσει,841
γενναιόδωρα,841
εποχη,841
ανατριχίλα,841
γυάλινη,841
χωνέψεις,841
μπαράκι,841
ψητά,841
διάβα,841
οθόνης,840
μοναχή,840
Σιένα,840
υποχρεώνει,840
παρκο,840
αμύγδαλα,840
ξεφτίλα,840
σφεντόνα,840
επακριβώς,840
Γουόντερ,840
Χάρρις,840
δισκέτα,840
βαμμένη,840
γυάλισμα,840
πιστωτικών,840
Άρλο,840
περίγελος,840
αποφυγής,840
διασχίζουν,840
αμαξα,840
δραπετεύσουν,840
διψασμένος,840
μπορντό,840
πεινάσει,840
καβούρι,840
Ζίγκι,839
Γουέστεν,839
έφθασαν,839
κοκό,839
συνειδητοποίησες,839
γλυκο,839
κατάπιες,839
εφαγες,839
έναρξης,839
έκτακτες,839
μέτριος,839
σχηματίσει,839
απλο,839
ενοχλείσαι,839
φωτα,839
φορτώνει,839
κατούρησα,839
αγνοείτε,839
θεάς,839
λευκέ,839
απομακρύνουν,839
κλαίμε,839
ξαναέρθεις,839
ειπατε,839
ενημερώσουν,838
Μάουντ,838
στρατολόγηση,838
θριάμβου,838
ανεβάζεις,838
Θαντ,838
υτό,838
κύπελο,838
Καμίλο,838
Ταϊβάν,838
ανέπαφη,838
αποκρουστική,838
πάσει,838
πενικιλίνη,838
ραγε,838
σπονδυλικής,838
θεαματικό,838
αναζητήσουν,838
αντιπρόσωποι,838
φαντάστηκε,837
κροκόδειλο,837
συναγωγή,837
ψήσουμε,837
αποχαιρετήσει,837
ελεγαν,837
φιαλίδια,837
φυσά,837
πυροβολήσατε,837
διώξ,837
τία,837
φανταχτερή,837
Κλάνσι,837
τζόκινγκ,837
Ο'Μπράιεν,837
πούν,837
Αιλαντ,837
πληροφορήσω,837
έσπαγα,837
Τσινγκ,837
αστυ,837
Ααχ,837
σύζ,837
πήχη,837
σταθεροί,837
τοπία,837
ξεφορτωθήκαμε,837
υπαγορεύει,836
προκαλέσετε,836
υποχρεωτικά,836
αυτοπυροβολήθηκε,836
ανώτεροί,836
οράματά,836
Λιβύη,836
θεσεις,836
Σμίγκολ,836
χειρόγραφα,836
μοιραζόμασταν,836
οδική,836
υπηκόους,836
λειτουργό,836
ατελείωτα,836
εκραγώ,836
σέρνεσαι,836
αδιάκοπα,836
λυπηθείτε,836
Χάτσον,836
Άντονυ,836
διάβολοι,836
μαλώναμε,836
παντρευόμασταν,836
Ταϊτή,835
λαστιχένια,835
Φλόρα,835
γελάσουν,835
χαμένου,835
δεσμοφύλακα,835
χανόταν,835
Ελίσα,835
Καρίμ,835
επιμείνεις,835
κόβετε,835
μετέτρεψες,835
σφιγμένος,835
θορυβώδες,835
Μπέιμπ,835
κινητής,835
βγαλεις,835
τακτοποιήθηκαν,835
πρωτοβουλίες,835
Αλμπουκέρκι,835
σαρωτές,835
χτύπησέ,835
Ζουλού,835
μπρόκολο,835
κολλήσουν,835
ελαφρύς,835
αιτήματά,834
Πελτ,834
τηλεκατευθυνόμενο,834
ντρόπιασες,834
τραχεία,834
ονομάζετε,834
Σίρλει,834
Τεχεράνη,834
οτοστόπ,834
νοικοκυριό,834
Καρμάικλ,834
δεν...δεν,834
βάναυσο,834
θαλάσσωσε,834
Τζέη,834
Βάλιαντ,833
εγκληματικής,833
οργανώνω,833
εγκεφάλους,833
δυσπεψία,833
χρονάκια,833
θεωρήσουν,833
τελικώς,833
εντοπίστε,833
τέκνον,833
νικη,833
επαρκής,833
μετάνιωσε,833
διορατικότητα,833
συμβιβαστούμε,833
ζευγάρωμα,833
κρέατα,833
πηγαινω,833
οικογενειακής,833
υπέρβαση,833
αμφισβητήσεις,833
σμήναρχο,833
συλλέκτη,833
κουλούρια,833
Ρέιγκαν,833
φτύσε,833
αποχρώσεις,833
αποκαλύψουν,833
στ'ορκίζομαι,833
προέδρους,833
σκαριά,832
Χάσκελ,832
ξεκουραστούν,832
ταράξει,832
απειλώ,832
υποπτευόμουν,832
τραπεζικές,832
αορτή,832
εγκυκλοπαίδεια,832
ξυλουργός,832
Τορίνο,832
δοκίμασαν,832
Σεβάχ,832
δεξιού,832
προστατευτικός,832
κόμπλεξ,832
ρουμπίνια,832
κόφτη,832
ξερή,832
δύτης,832
βάψουμε,832
βυθού,832
ταξιδέψουν,832
νοικιάσεις,832
σπουδάσεις,831
κρατησω,831
καθημερινότητα,831
σημαίας,831
κότας,831
δος,831
μητρώου,831
Μπλάκι,831
επιφανειακό,831
κοροϊδία,831
κραταει,831
κλειδια,831
διαγωγή,831
πρήξει,831
ασβέστιο,831
βρεγμένος,831
Νάνα,831
στήριξης,831
ελεγχόμενο,831
εμφανής,831
δάπεδο,831
επεκτείνουμε,831
ιερογλυφικά,831
Νοέμβρη,830
παρουσίασή,830
σιλό,830
μακριές,830
μελετούσε,830
μυρίζετε,830
παρακαλάει,830
σήψη,830
οδύσσεια,830
βόθρο,830
λάτρεψαν,830
οφθαλμαπάτη,830
αδειάσουμε,830
μαντρί,830
κουβάλησε,830
ενεργήσουμε,830
φρύδι,830
Βούλκαν,830
διμοιρίας,830
φιστίκι,830
κακοδικία,830
πλυθεί,830
ανδρα,830
παραστεί,830
Χάπυ,830
ξιφομάχος,830
γυρισουμε,830
Λεόνε,829
ομοιοκαταληξία,829
μπαλιές,829
υπολογισμό,829
φά,829
αξιότιμος,829
αιματολογικές,829
τετραγώνου,829
πληγώνεται,829
δηλητηριάζει,829
ιδιαιτερότητες,829
σαπίσουν,829
γραμμάριο,829
κουμπάρα,829
απορριμμάτων,829
υπολογίζουν,829
δινεις,829
αμφίβολο,829
έντιμοι,829
γράφτηκαν,829
μαγνήτη,829
μαγνήτες,829
ξεναγήσεις,829
ανταγωνισμού,829
γυμνάζομαι,829
μπλέξετε,829
αναστολών,828
βλέφαρα,828
κασμίρ,828
πυροσβεστήρα,828
άντρο,828
δεξιοτεχνία,828
αμίγκο,828
αγροικία,828
αποκαλύπτουν,828
σςς,828
διατεθειμένοι,828
περιοδείες,828
μυτερό,828
μάγουλό,828
Κάριν,828
τσουτσούνι,828
οδούς,828
τακτικό,828
Λαβ,828
ασφαλούς,828
ζωηρά,828
υπόκοσμο,828
παρουσιαστώ,828
πολύ-πολύ,828
σφαλιάρα,828
σ'έκανε,828
στεναχωριέμαι,828
εκπαιδευτές,828
συρραπτικό,828
κάθισες,828
αρρυθμία,828
μαλώσω,828
Αχμέτ,828
υποσχόμαστε,828
σκυλα,828
ήπιαν,828
νυχτώνει,827
καταδικάσουν,827
Οδυσσέας,827
συγκρούονται,827
ηλιος,827
ολίγοις,827
τρομάρα,827
αποκάλεσαν,827
διόρισε,827
Μέισι,827
Εβανς,827
πληγώνω,827
σύριγγες,827
Ραμπάλντι,827
Βαβυλώνα,827
Τούκο,827
εξτρεμιστές,827
επέτρεπα,827
ξυπνα,827
επίπτωση,827
εθνικές,827
λεπτού,827
πρες,827
προστατεύσετε,827
μπορέι,826
αντρόγυνο,826
έχωμε,826
πολύτιμους,826
δημοσιεύσουμε,826
Γκάρλαντ,826
Ρομέο,826
διαλύθηκαν,826
ανταλλάξεις,826
Μπλάιθ,826
παρίστανε,826
επιλέχθηκε,826
δώρισε,826
κριλ,826
αντικειμενικά,826
Μέσερ,826
σάρωσε,826
Νταρθ,826
κιμονό,826
θεώρησες,826
περικυκλώστε,826
χήρας,826
τακτοποιηθούν,825
ολομόναχοι,825
τηρεί,825
Βίρα,825
σκωληκοειδίτιδα,825
πιθανοτήτων,825
Ρούστερ,825
παράκανε,825
κτήματα,825
βιάζει,825
Ρανκλ,825
αφετηρία,825
κατακόμβες,825
προηγούμενου,825
διαρρήκτες,825
ρουφήξω,825
βέργα,825
κρίθηκε,825
υγεια,825
σταθεροποιήθηκε,825
ειπώθηκαν,825
τυφλώνει,825
ξεπεράσετε,825
γκόλφ,825
Κράουν,825
κοινότητες,825
Οντέτ,825
μέτρησε,825
Γουίλομπι,825
Γκάρμπερ,824
παρακολουθούνται,824
άνθρακας,824
πιστευα,824
επέμενα,824
χρονοδιακόπτη,824
γυρνώντας,824
ερεύνησα,824
βούλιαξε,824
ετοίμαζα,824
περιπολούν,824
εκτέλεσαν,824
ετοιμάζετε,824
μοναχούς,824
Χάτφιλντ,824
Βραζιλίας,824
κυτταρική,824
αναπνέετε,824
αιφνιδιάσουμε,824
μετέτρεψαν,824
μαλακώσει,824
μετατρέπουν,824
συμφιλίωση,824
κλοιό,824
πολλαπλών,824
παραβεί,824
προσπαθησα,824
ερχομός,824
σπίθες,824
αδρά,824
βουτήξεις,824
τρέλαινε,824
πιατέλα,824
ζωτική,823
Ρωμαίων,823
μυστικοπαθής,823
ζεται,823
γλωσσα,823
ανακατέψω,823
Ούτρεντ,823
εξόδων,823
σημειώνω,823
εκπαιδεύτηκε,823
παπάκι,823
ονομάζεις,823
αρσενική,823
ψυχωτικό,823
διπλασιάσω,823
βρωμιάρης,823
εντοπίζεται,823
Φίλιππος,823
ψωμιού,823
παππούλη,823
αναλύσει,823
γιατρεύει,823
κανίς,823
Δεκέμβρη,823
Ρίγκσμπι,823
στρογγυλή,823
υποχωρήσουν,823
τρέφεις,823
εμφάνισε,823
κολπο,822
βγηκε,822
τρίβει,822
κουκουβάγιες,822
προμηθεύει,822
τερατάκι,822
παιδεραστής,822
κασσέτα,822
κούκου,822
συγχώρησέ,822
τολμήσετε,822
Πέτρου,822
Βρετανών,822
πληθυντικός,822
αισθητική,822
ουτοπία,822
κατασκόπων,822
δίσκων,822
πάνθηρας,822
υπεροψία,821
ρατσιστές,821
παραγγέλνεις,821
Υεμένη,821
Μπαλί,821
καγιάκ,821
μητρώα,821
υπερασπίστηκα,821
προσωπό,821
παγώσεις,821
ικανοποιητικά,821
τετραγώνων,821
Ιρλανδό,821
εμφάνισης,821
μελετά,821
δύστυχος,821
κερδισμένοι,821
οικοδεσπότες,821
φτηνός,821
σκακιού,821
Βων,821
χώσε,820
αφησει,820
αποκαλέσω,820
ένατο,820
σάλσα,820
συναντηση,820
μεγαλα,820
απελευθερώσουμε,820
ψαχνό,820
υποδηλώνουν,820
ανεμοστρόβιλο,820
21ου,820
απροειδοποίητα,820
ανταποδώσει,820
ξερίζωσε,820
κατέληγα,820
ταξιδέψετε,820
ελευθέρωσα,820
φύλλων,820
πριβέ,820
λάτρεις,820
ενδιαφερόμουν,820
περόνη,820
συζήτησα,820
ένοικος,820
πανέτοιμος,820
επίσκεψής,820
ρίχ,820
γέρασες,820
λαοί,820
Μέγκι,820
τσακωμούς,820
τρωει,820
ζευγαριού,820
Γκάπι,820
αϋπνίες,820
Μάρου,819
γωνιακό,819
ανέπαφο,819
αποκαταστάθηκε,819
Κράουντερ,819
εξόρυξη,819
άναψες,819
Γκροντ,819
στειλω,819
Βηθλεέμ,819
αναγκασμένη,819
κατέκτησε,819
πολιτειακό,819
μέικ,819
συνέχιζαν,819
εργαζόμενη,819
εξαφανίστηκα,819
ψηλοί,819
μεγαλύτερό,819
Γούντυ,818
παιξε,818
ταξιδεύαμε,818
αταξία,818
αγαπητε,818
ανάξιος,818
ανακουφίσει,818
Ροζίτα,818
νανούρισμα,818
Γκράνθαμ,818
σάλα,818
προσπαθούσατε,818
ακουσω,818
επαρκώς,818
Σόχο,818
βομβα,818
υπολογίζεται,818
Ξέρξη,818
στριμωγμένος,817
ενσάρκωση,817
γοητείας,817
αξιοπρεπείς,817
ακουμπάω,817
δηλητηρίασες,817
πυροδότησης,817
προβληματισμένος,817
διαδικτυακή,817
συλλαμβάνεις,817
έμπειρο,817
Γκίλι,817
αστραφτερό,817
προφανως,817
ναρκωμένος,817
χαρακτήρων,816
Μίκαελ,816
Μαρτέλ,816
σαμποτάρεις,816
ετοιμα,816
έσφαξαν,816
Γκέμπελς,816
αποικιακό,816
αυτοκινητόδρομος,816
ανιδιοτελής,816
Σκάνλον,816
ψόφησε,816
ζωηρός,816
Νώα,816
Σέβερους,816
κλειστοί,816
δημητριακών,816
μπουρνούζι,816
δυσωδία,816
τηρείς,816
Κλίγκον,816
εκδρομές,815
αντίληψης,815
μεθύστακες,815
σοου,815
θανατά,815
αριθμόν,815
οδοντιατρική,815
ικανοποιηθεί,815
ανασφάλεια,815
κατάντησες,815
νεοσύλλεκτε,815
υπεραστικό,815
ολόιδια,815
εξερευνήσει,815
αναψε,815
εγκατέλειπε,815
Ρόνυ,815
εξηγηθεί,815
αχάριστος,815
ευχαριστηθώ,815
φερθούν,815
ευχόσουν,815
σουπερ,815
κρακεράκια,815
άνετοι,815
δαιμονισμένος,815
εξωγήινου,815
κρούστα,814
δεντρόσπιτο,814
αμφεταμίνες,814
συνεργοί,814
Ηνωμένο,814
αδερφο,814
βράσει,814
παραγωγική,814
αλεξιπτωτιστές,814
ένδυμα,814
καλύμματα,814
μερους,814
διορθώνεις,814
υπομονετική,814
συναγερμοί,814
Τούτσι,814
ανάγκαζε,814
ζουμε,814
μακροζωία,814
ντροπιασμένος,814
ξανάκανα,814
ξανάδα,814
ξεχωριστούς,814
διδάξουμε,814
οδικώς,813
Οουεν,813
λακκούβα,813
αναγκαστούμε,813
μέικαπ,813
ευχαριστήσετε,813
Ντρόβερ,813
Βέρντε,813
ντεκαφεϊνέ,813
φόρου,813
ν'ανοίξω,813
κύβους,813
σχεδιαστές,813
Σάξον,813
απομακρυνθούν,813
υπουργικό,813
θητείας,813
γιατρικό,812
Λένινγκραντ,812
δίοδο,812
υπονοούμενα,812
Έγκσι,812
παλαιών,812
σωματίδιο,812
πιλοτάρει,812
ήπιο,812
ειδοποιήσετε,812
πρωτεύοντα,812
διαγωνισμούς,812
εγγύησης,812
έναυσμα,812
Τζάρετ,812
πιτσιρίκι,812
παλ,812
μύξα,812
ευχαριστούν,812
γεώτρηση,812
πρωταγωνιστή,812
πρωτογνωριστήκαμε,812
ήρθανε,812
ξέσκισε,812
συμπεραίνω,811
σ'αγαπω,811
παραγωγικό,811
εκπαιδεύω,811
Ποντ,811
δάγκωσες,811
ζεστη,811
Φλο,811
αληθινη,811
αναγνωριστική,811
αγωνα,811
πάψουμε,811
αισθητήρας,811
λυπητερή,811
σ'άρεσε,811
διορθωθούν,811
εξασκηθείς,811
ταμ,811
φάνηκα,811
μαστού,811
αουτσάιντερ,811
Τέσπα,811
πετούσες,811
τόσων,810
θείους,810
ιατρικού,810
Τσάπλιν,810
νευρικές,810
φέρτα,810
Ταρ,810
Σολομώντα,810
Σαχάρα,810
εξ'αιτίας,810
Λίμπερτι,810
χειροκροτήματα,810
γελούσα,810
φυλάξουμε,810
ελαστικό,810
γνωμάτευση,810
τυφλωθεί,810
νομο,810
Τσάρμινγκ,809
βάψεις,809
θρυλική,809
ερεύνησε,809
χαρτάκι,809
συνωμοτούν,809
Πίκολο,809
Χάβι,809
διατήρησης,809
Ζούκο,809
αψηφά,809
αντικαθιστώ,809
δυσπιστία,809
αλληλεπίδραση,809
τρελής,809
πτώματά,809
λαιμο,809
Γιάρντ,809
τρώγονται,809
τυλίξει,809
καταλαβω,809
ανελκυστήρες,809
μούφα,809
Μπέρκλεϊ,809
υποπλοίαρχο,808
χοληστερίνη,808
έρευνάς,808
πληρωνόμαστε,808
κτίριό,808
καταφύγιό,808
Μανόλο,808
διάθεσης,808
δραστηριοτήτων,808
Ρόγιαλ,808
καλωσύνη,808
εβγαλε,808
ιερού,808
γραφικά,808
απατήσει,808
εκτίμησης,808
εντυπωσίασες,808
αναξιόπιστος,808
φυσικών,808
διαμόρφωση,808
ντροπιάσεις,808
κατατεθέν,808
ελαστικών,808
ξυπνάνε,807
κατασκευάζουν,807
πιστεψε,807
προσδιόρισε,807
παρορμητικός,807
δεκατριών,807
αυτομάτως,807
Γκάιγκερ,807
κούρασε,807
εξηγησω,807
διαμαρτύρονται,807
συνδυασμούς,807
σεβαστός,807
έσπρωξαν,807
εμπόρων,807
ανήσυχο,807
συνοδεύουν,807
παιδικός,807
επένδυσή,807
τροχοί,807
αποσύρετε,807
γυναικολόγος,807
Γερμαναράδες,807
σύστησα,807
συνέχιση,807
χειραγώγηση,807
Δαίδαλος,807
πηγαν,806
διανομέας,806
άσκημα,806
προσεχτικοί,806
καταβροχθίσει,806
Ρέμπραντ,806
εντυπωσιασμένη,806
νομιζετε,806
λιμουζίνες,806
ονειρεύτηκε,806
πινέλο,806
όψει,806
απέδειξα,806
χειροποίητο,806
ένζυμο,806
κάμεραμαν,806
νται,806
Κλαρίσα,806
κατεδάφιση,806
φώτισε,806
εξελιχθούν,806
λαχταρώ,805
κατασκοπεύω,805
προσλάβετε,805
Όσλο,805
γγλους,805
μετενσάρκωση,805
Τότο,805
προειδοποιητική,805
κυβερνάει,805
αγνόησες,805
προσεγγίσουμε,805
σεβόμουν,805
Ρέϊ,805
νευρίασα,805
Μέησον,805
δεοντολογίας,805
Εδιμβούργο,805
στοιχημάτισε,805
κληση,805
πληρωμα,805
ανώτερό,805
καταγράφεις,804
ιδρυτή,804
παικτών,804
συμμετοχής,804
Σουηδός,804
μεγαλυτερη,804
παραδεχθώ,804
Χάρτμαν,804
θησαυρών,804
αβέβαιο,804
Χιτλερ,804
προτιμούμε,804
αφηνεις,804
σύμμαχός,804
ετοιμάσαμε,804
φανερωθεί,804
Τζούμα,804
καπνίζουμε,804
συγγνώμες,804
αναστηθεί,804
καθοδήγησης,804
ικέτευε,804
τσαντίσεις,804
πλέει,804
Άλλεν,804
ερωτηματικό,804
στενοχωρεί,804
καλοδεχούμενος,804
αίρεσης,804
μετρούσε,803
μπουτίκ,803
κουφό,803
Μοζ,803
φαρδιά,803
φλοιός,803
Ζι'Καρ,803
αποτέφρωση,803
προσγειώθηκαν,803
έπιπλο,803
τακτοποιώ,803
πομπούς,803
αναζητήσω,803
κανονες,803
Ροκφέλερ,803
καλαμπόκια,803
εκπροσωπείς,803
προσαρμογής,803
ημερες,803
ζυγίζουν,803
αμερικάνικης,803
αγκαλιάζω,803
ξε,803
Ισπανούς,803
δεχθούν,803
ορέξεις,803
παρακάνει,803
κατασκοπείας,802
αιχμάλωτους,802
ηλιακές,802
αποχωρήσω,802
τσιουάουα,802
ξεκαθαρίσουν,802
Καθλίν,802
θίασο,802
Ελληνες,802
ευρωπαίοι,802
δαιμονική,802
σημείωσέ,802
γλιτώσετε,802
έλειψαν,802
ποινικού,802
επέμβω,802
κλιμάκωση,802
Γουκ,802
φορέα,802
αγορών,802
Σόνυ,802
Ζανγκ,802
οίκους,802
Γκλέιντς,802
αναπάντεχη,802
βαρεθώ,801
ύλες,801
ΙΙΙ,801
Χόρας,801
εξυπηρετούν,801
τείνω,801
πιλάτες,801
χιτ,801
μαζεύεται,801
αντιμετωπίσαμε,801
Ντάουνς,801
αγαπαω,801
σοκαριστεί,801
υψηλών,801
ηλεκτρόδια,801
ψυχολογικές,801
ΔΑΠ,801
συνεργάζεστε,801
όγκους,801
εφήβων,800
διέρρηξαν,800
βαλουμε,800
ύμνος,800
Πατς,800
οικονομικού,800
εργαστούμε,800
εγγυημένη,800
τρομαχτική,800
επίσκοπε,800
απαλλάσσω,800
γουστάρουμε,800
Κουίλ,800
αστειάκια,800
γυμναστής,800
χάλαγε,800
αυθόρμητο,800
Μπαγκς,800
διεκδικήσεις,800
συμμετέχοντες,800
αποδεκτός,800
ταιριάξω,800
αξ,800
αλλαξες,800
διάσημου,800
χτυπησε,800
ατύχημά,800
Όζι,800
περιπέτειές,799
στοιχειώνουν,799
πεσε,799
πτυχία,799
αθωότητας,799
άγνωστης,799
τιμούν,799
ζεσταίνεται,799
ντλερ,799
τσάρος,799
καταντάει,799
σαξόφωνο,799
στραφώ,799
απογειωθούμε,799
Βόλκαν,799
ανάνηψης,799
πάγωσαν,799
ζωύφιο,799
ρητά,799
τελειόφοιτος,799
ΚΕΕΛΠΝΟ,799
σερβίρετε,799
ρχοντες,799
Σίριλ,799
ιδιοφυής,799
συμπεριφέρθηκα,799
μπλοκάρουμε,799
Σκουντούφλη,799
Τσάου,799
τσακώθηκε,799
σοβαρολογείτε,798
θεσπέσιο,798
άρεζε,798
παγωμένες,798
ξανακαλέσω,798
Απόφις,798
συμπονετικός,798
δικαιολογημένη,798
πηδούσες,798
επέτρεπαν,798
φυλάκισε,798
ανώριμο,798
Καναδός,798
Φάλκο,798
Ταντ,798
σιλικόνη,798
ιατρικούς,798
ξαναρχίσει,798
γράφε,798
επιδεξιότητα,798
ουάν,798
αιτούμαι,797
βοηθούσατε,797
λεύκωμα,797
θηκε,797
παρετε,797
δυο-τρεις,797
κοιμόντουσαν,797
νοτιοανατολική,797
νεκρο,797
κλειδώνω,797
επιδρομείς,797
στερήσω,797
εργαλείων,797
βαζεις,797
Τσίλτον,797
μετακινηθούν,797
εργαστηριο,797
παράδειγμά,797
φακίδες,796
αποικιών,796
Σμίτι,796
κατέγραψαν,796
Φάννυ,796
επένδυσε,796
σκηνοθέτες,796
Μορό,796
φεγγαρόφωτο,796
πλήξη,796
κερδίζαμε,796
εκτίσει,796
υπουργειο,796
κουραφέξαλα,796
πίνακά,796
αίθριο,796
μεταδώσει,796
μάτωσε,796
τροχαίας,796
τεχνολογικά,796
Κέρλι,796
τρίζει,796
Μπριάνα,796
Γιού-νε,796
χιμπατζήδες,796
κατεύθυνσης,796
κοπελιές,796
λύνουμε,796
θανατηφόρες,795
ακαταμάχητη,795
ανοιχτούς,795
Κρόκετ,795
τιμωρηθώ,795
σύμμαχοί,795
κλώνο,795
πιαστείς,795
χήνας,795
Πωπώ,795
ορυκτά,795
Χόμπσον,795
Λίντι,795
πρόστιμα,795
Μέλοντι,795
τζάμπο,795
ιπποτών,795
κρατήθηκε,795
δαγκώσουν,795
Εωσφόρο,795
διεξάγεται,794
αόριστο,794
αποτύχατε,794
φονικά,794
ανακατεύονται,794
υπερασπιστής,794
προσεγγίσει,794
Αντονι,794
χέσει,794
τσιμπούρι,794
τρίτα,794
αρνούμαστε,794
ρόφημα,794
Γιάννης,794
χαλάσετε,794
συμβιβασμούς,794
ξεσπάει,794
διεξάγουμε,794
συμβάσεις,794
ανταποκριτής,794
ξυπνάμε,794
πτερύγιο,794
επίδειξης,794
ταλαντούχο,794
παρεπιμπτόντως,794
κολπάκια,793
μετατροπές,793
προστατεύονται,793
ξανακερδίσω,793
απογοητεύει,793
προηγούμενους,793
ΑΤΙΑ,793
δράκε,793
σέρνονται,793
περσικό,793
ψίθυροι,793
ενοχλημένος,793
τοποθεσίας,793
ατυχή,793
δορυφορικές,793
πραγματοποιείται,793
κολοκύθες,793
φανταστικοί,793
ανθρωπάκο,793
εξόγκωμα,793
Φάνι,793
Ρολφ,793
αιώνιος,793
οΏ½οΏ½οΏ½οΏ½οΏ½οΏ½οΏ½,793
Ναζαρέτ,793
βασισμένος,792
αιρ,792
σέρνεις,792
τραίνα,792
Μπατιάτους,792
επαίνους,792
κυβερνητικοί,792
παρατηρήσετε,792
προσαρμοστώ,792
ηλιθιε,792
απινιδωτή,792
πτηνών,792
πιστέυεις,792
παρεξηγείτε,792
κοντεύουν,792
ανατρέψει,792
Ούγκο,792
λυπόμουν,792
επεκτείνει,792
Μαρτιν,792
Αντουόν,791
βασιζόμενοι,791
βαθύτερη,791
αντιπολίτευση,791
προστατευμένος,791
μετέπειτα,791
γόβες,791
ακολουθούσαμε,791
συνεχόμενη,791
διαδοχή,791
Κέλσι,791
Ρόντρικ,791
εντυπωσιάστηκε,791
προεδρε,791
χιλιάρικο,791
Χάρβει,791
ήττας,791
εισαγγελίας,791
Πασαντίνα,791
στραβή,791
μαγκιά,791
ριγέ,791
χωριστεί,791
κακόκεφος,791
ζαβολιά,790
Μεμόριαλ,790
μπάντζο,790
πυρκαγιές,790
απολύεται,790
τραυματικό,790
ιχνη,790
ψαρεύω,790
ανακριτή,790
κολυμβητής,790
χτίζω,790
αποκοπεί,790
νιφάδες,790
λεπτομερής,790
Ρόπερ,790
κόκορας,790
χαζούλης,790
νατος,790
πόρτο,790
κοπέλλα,789
καμένη,789
καρτα,789
ειδοποιηθεί,789
ζευγαρώματος,789
μανδύας,789
σχετα,789
ευχαριστήθηκα,789
πτέρυγας,789
ωριμάσεις,789
συντρόφων,789
σφίγγεις,789
Γεώργιος,789
μυριστεί,789
διοικούσε,789
επιβίωσα,789
προταση,789
ελευθέρωσες,789
Ντάουντον,789
αιθέρα,789
Ζίντι,789
επιβίωσες,789
προθυμία,789
αντικατασκοπείας,789
νοικιάζω,789
αμερικανού,789
κατευθυνόταν,789
κλήθηκε,789
επεξεργάζεται,789
σταύρωση,789
ανησυχητική,789
αναθεματισμένοι,789
Ντιόν,789
νανίτες,789
πλειοδότη,789
μάστορας,788
τεστοστερόνη,788
παρατούσα,788
Πιτερ,788
μασέλα,788
βολτούλα,788
μερικοι,788
χασω,788
κρεμαστώ,788
Τσετσενία,788
αποδράσουμε,788
πέρισυ,788
κατεργάρη,788
συγχωρήσουν,788
κλείστηκε,788
νιώσαμε,788
πλασιέ,788
κλάση,788
νγκους,788
εξέτασαν,788
διαίσθησή,788
πολλαπλή,788
υπομονετικά,788
αυτοέλεγχο,788
συνειδητοποιούν,788
ανιχνεύσει,787
αχυρώνας,787
τουριστικό,787
Ντάντι,787
καίω,787
1ης,787
ζε,787
Γκάνθερ,787
δικαιούμαστε,787
πάζλ,787
ικανούς,787
μοιράστηκες,787
απενεργοποιήσω,787
κατσούφης,787
υπερβεί,787
κολακευμένος,787
αβλαβή,787
επανέλθουν,787
πλησιέστερη,787
αποτυγχάνουν,787
κόσκινο,787
καβαλήσω,787
ξανακάνουν,787
ενήμερους,786
αναχώρησή,786
παιδιάστικο,786
αναστατωμένοι,786
διέκοψες,786
εξασφαλίσεις,786
εγκρίνετε,786
διαμονής,786
αξιοσέβαστο,786
λέων,786
πληρωμένος,786
δημοτική,786
αναπτυχθούν,786
ρίχτο,786
περπατήσουν,786
ρίξτου,786
καταστράφηκα,786
απαρατήρητοι,786
κατάλληλοι,786
στενάκι,786
ξηρούς,786
απαγάγουμε,786
χωθεί,786
λάσπης,785
ορίζω,785
συμπεριφέρσου,785
έσχατη,785
συμμετάσχετε,785
τέτοιων,785
Γουέν,785
ομιλητικός,785
απρόσμενα,785
τρελλάθηκες,785
Χίλο,785
προσλαμβάνεις,785
Βρούτε,785
νοιώθετε,785
Αφροδίτης,785
Μίλυ,785
συντηρητική,785
παρηγορήσω,785
γραφείων,785
Γκρούμπερ,785
Πάουερ,785
ξεχειλίζει,785
κατάρρευσης,785
λυπηθείς,785
συναρπαστικές,785
συνεργάστηκε,784
Νάπα,784
επιθυμητό,784
συνωμότες,784
Βλάντιμιρ,784
Γουόλτερς,784
Στέφανο,784
Κίλι,784
Σάνσετ,784
αντιπροσώπους,784
συντρόφισσα,784
καλυφτείτε,784
ενοικιαστές,784
αγριότητα,784
ένοιωθε,784
στρίβω,784
δικτύωσης,784
φυτέψουμε,784
παραπονεθεί,784
λύνονται,784
χοιρομέρι,784
Νόρι,784
Αρντά,784
σότερο,783
σχημη,783
διδάξουν,783
αρπάζουν,783
κρύσταλλοι,783
τρελαμένη,783
γυμνούς,783
θάβει,783
έφθασα,783
τζάκποτ,783
αναβάτες,783
τεσσερις,783
στίβο,783
διεφθαρμένους,783
προληπτικός,783
ρεπουμπλικάνος,783
ευσπλαχνία,783
μπογιάς,783
φτύσω,783
Περσέλ,783
εξερευνήσεις,782
φουσκώνει,782
πνευμα,782
πατίνι,782
πλαϊνή,782
βουλευτές,782
ρόλοι,782
λογοδοτήσει,782
νομος,782
ανθυγιεινό,782
παρηγοριάς,782
κοπάνησα,782
τούφα,782
αφόρητη,782
έπεισαν,782
σαφήνεια,782
υπακούσει,782
ξαναπάρε,782
χρειαζόντουσαν,782
χειμερινό,782
κολλητούς,782
υποκριτή,782
Ορτέγκα,782
αναβάλλεται,781
χάνομαι,781
Ουέσεξ,781
προσδιορίσω,781
σκαρφαλώσουμε,781
χειρίστηκα,781
λίγο-πολύ,781
πληθυντικό,781
χώνουν,781
κρατών,781
συθέμελα,781
ευγενών,781
στρατάρχης,781
Μαιρη,781
δραστηριοτητα,781
θεωρήστε,781
δυσκολεύονται,781
Έλμο,781
κάπνισες,781
σιδεράς,781
δεσμοφύλακας,781
γλείφει,781
Περάλτα,781
μωράκια,781
γείτσες,781
μοναχογιός,780
Μολίνα,780
φανείτε,780
αισθανεσαι,780
συνοδεύσουμε,780
ΜΟΣΧΑ,780
αξιών,780
σιγαστήρα,780
ζευγαριών,780
ενιαίο,780
επιζήσαμε,780
ταίριαξε,780
δόκιμε,780
συνεισφέρω,780
ηπατική,780
κουβαλώντας,780
αναπαράγονται,780
κρεμ,780
έλκονται,780
αήττητος,780
Σάντσο,780
σεκιούριτι,780
τσακώθηκα,780
βραχυκύκλωμα,780
σεβαστούμε,779
επεξεργαστεί,779
σκοτώνοντάς,779
εφήβους,779
σημαίνω,779
ευχηθούμε,779
άφαντος,779
μηχανισμού,779
Τζία,779
μπορούνε,779
πετάγονται,779
παροχής,779
σταματησω,779
παρέμειναν,779
Γαλατία,779
ασύρματη,779
παρτάκι,779
βιασμούς,779
υποστηρίζετε,779
υποβληθεί,779
αρπαγή,779
μπερδεύτηκε,779
διπλανής,779
Απόλλωνα,779
περιπτώσεων,779
πάσχω,779
επίπληξη,778
ζουρλομανδύα,778
αποκλεισμός,778
Χέλσινγκ,778
παραπονεθώ,778
εντέλεια,778
ένοικοι,778
συντηρητικός,778
Στόκτον,778
εκεχειρία,778
Σφόρτσα,778
εστί,778
υπάρ,778
αρχαίου,778
δικαιολογημένα,778
Κάιλα,778
χαράμισα,778
τραγουδιών,778
συγκρατήσω,778
Λεμπόφσκι,778
λιμνη,778
Άιντα,778
θάντερ,778
κοπανήσεις,778
νοίκιασες,778
αναβάλλω,778
εντυπωσιάζεις,778
δέματα,778
βγάλτον,778
ματώνει,777
επίγεια,777
μεγαλώσετε,777
στράφηκαν,777
γάγγραινα,777
κιτς,777
ηπείρους,777
Ελλάδας,777
εμπλέκεσαι,777
νιτρογλυκερίνη,777
αναπάντεχα,777
κίτρινες,777
αδύναμες,777
ασχολία,777
χαρέμι,777
ουράνιου,777
Βέιν,777
σεβαστεί,777
Λούθορκορπ,777
κουζινα,777
βρετανό,777
πυραμίδας,777
Φαίδρα,777
βασανίστηκε,777
σωματοφύλακάς,777
συντρίψω,777
επεισοδίου,777
τρεχούμενο,777
τηλεφώνων,777
διεθνών,776
μπόξερ,776
διοργανώνει,776
απαγορεύουν,776
ακυρώνει,776
σύνδεσή,776
επιβιώνεις,776
τι'ναι,776
παρατηρητικός,776
πεντικιούρ,776
Μπιγκς,776
αρρωσταίνω,776
ξεπερασμένο,776
επιτελείου,776
σπουδαιότερη,776
δημοσιεύσω,776
ξύνεις,776
φτώχια,776
αιγυπτιακό,776
κατανόησης,776
πρωτού,776
προσκάλεσαν,776
εξετάστε,776
επόμενή,776
εξομολογήσεις,776
λοβοτομή,775
μαχαιρώνει,775
ασπρο,775
λή,775
εστίαση,775
πλατη,775
επιβιβαστούν,775
χλωροφόρμιο,775
υπερασπίστηκες,775
ανακοινώνει,775
φετινό,775
Μακέι,775
προχωρούσε,775
κατουρήθηκα,775
στέλναμε,775
ανακάτεψε,775
βαρώνη,775
κορσέ,775
Τζούλς,775
πυγμή,775
πρόσθετα,775
επιρροές,775
εργαστείς,775
14ο,775
Μαγκλ,775
απόδειξή,775
ανατριχιαστικά,775
ανεβείς,775
Χάου,775
πείνασα,775
καταγράφουμε,775
σφραγίσει,774
Δευτέρες,774
διέλευση,774
συνήθισε,774
νεκροταφεία,774
Ζουάν,774
αμαρτήσει,774
Μπέιλυ,774
το'χα,774
μελαγχολικός,774
πυρο,774
ξεπαγιάσει,774
Ιούνιος,774
γενναίε,774
προστατευμένη,774
προσκύνημα,774
ταιριάξεις,774
Κάλντγουελ,774
ιδέας,774
δήμιος,774
αντιλήψεις,774
Κρόνο,774
επιτραπέζιο,774
σκατένιο,774
δίπλα-δίπλα,774
έκλειναν,774
δικηγορος,774
τροχόσπιτα,774
κινούνταν,774
παγετώνων,774
αηδιάζω,774
σαλονιού,774
πρόσβαλες,773
πεινασμένους,773
παραθέτω,773
σκατοκέφαλε,773
άκαρδη,773
αισιόδοξοι,773
Μπόυντ,773
διηγηθώ,773
Φάιν,773
Γκουαντάναμο,773
πιασμένο,773
βραχώδη,773
καλοκαιρι,773
πιγκουίνους,773
θέτουν,773
χειριζόμαστε,773
ανυπόμονη,773
δικαστείς,773
πρόθυμο,773
Άναμπελ,773
διαστημοπλοίου,773
άσφαλτο,773
υποσμηναγός,773
ιδιοφυίες,773
Μακλάρεν,773
λοχ,773
πρεσβευτή,773
ξεχασω,772
υποβρυχίου,772
βρομιά,772
στέκα,772
ορισμού,772
νέγρων,772
χορογραφία,772
χαρτομάντιλο,772
πάτησαν,772
χώροι,772
δοκίμαζε,772
ακύρωσες,772
Τάλον,772
τραβούσα,772
νάνε,772
Βελιγράδι,772
Χαμίντ,772
αφοσιωμένο,772
χωρίζεται,772
στρέψεις,772
παρ'όλο,772
ενήλικο,772
επισκέφτηκες,772
κατακτητές,772
δηλητηριώδης,772
εκπαιδευόμενη,772
γκάφα,771
Όγκουστ,771
τέκνα,771
δημοσίου,771
αιματηρό,771
αλλοιώς,771
Λάνγκστον,771
καλύτερων,771
ξαναπατήσεις,771
ξεβράστηκε,771
συνένοχος,771
Λεστράντ,771
πάταγο,771
θαυμάστριά,771
καστανή,771
γιαγιάδες,771
παγούρι,771
πρωτύτερα,771
εκνευρίζεσαι,771
εκλεψες,771
εργολάβο,771
φρίσμπι,771
αμυχές,771
συγκρότημά,771
Γκάλαχερ,771
τοποθετούν,771
δώρου,771
φόραγες,771
Ηθαν,771
Καλκούτα,771
διασφαλίσει,771
πεντανόστιμα,771
φο,771
ιθαγενών,771
λάβαρο,771
φοβούμαι,771
ανάπηρους,771
πληροφορίας,771
μεταφορική,771
μάζεμα,770
Σάτο,770
εκπροσωπήσω,770
παθολόγος,770
υπερφυσικές,770
στηρίζονται,770
Εστέλ,770
συνεχίσαμε,770
σταμα,770
δωράκια,770
απαιτήσει,770
ν'αρχίσεις,770
εξερευνήσω,770
Ντρέιφους,770
κόμματα,770
Τζέκιλ,770
προκλητική,770
διαβητικός,770
πωλούν,770
Πέισι,770
Ουαλίας,770
εισάγει,770
κατάστημά,770
Χέραλντ,770
κατάστασής,770
Όρεν,769
χαθηκε,769
άγγιξέ,769
ιδιαιτερότητα,769
ανακουφιστικό,769
αιμορραγούν,769
ανέκρινα,769
τέως,769
κοπούν,769
προτιμω,769
πηγαινεις,769
χτυπώ,769
ρυθμίσει,769
ενορίας,769
σκοπευτήριο,769
Ντόνυ,769
εγχώρια,769
ρεαλιστικά,769
εξαμήνου,769
δώστης,769
Μάγδα,769
αποχωρητήριο,769
συμπαθήσουν,769
έδρας,769
συνέχιζες,769
Ταρίκ,769
παρακο,769
Προμηθέα,768
κοντύτερα,768
προσανατολισμό,768
Σαΐντ,768
χειμώνες,768
αναλάβαμε,768
θρυλικός,768
συγκεκριμένους,768
τραγωδίας,768
Μπαμπς,768
πανομοιότυπα,768
εκπαιδεύονται,768
κληρικός,768
ισα,768
ιππεύει,768
περισκόπιο,768
ιεροκήρυκας,768
Ουίνστον,768
κλήρο,768
Λίμπυ,768
ταράχτηκε,768
δημοσιεύτηκε,768
πραγματοποιούνται,768
ιρλανδική,768
μακαρονάδα,768
κατανοήσουν,768
Μάτ,768
απαλλάσσει,768
δύστυχο,768
φυσήξει,768
νεολαίας,767
κρύωσε,767
Γκρίντεηλ,767
χέρι-χέρι,767
παντρεύεστε,767
ανυπομονούσε,767
ορίζοντες,767
προπόνησης,767
κάμποσες,767
τηρήσει,767
Γιουγκοσλαβία,767
μέγαιρα,767
μπαίναμε,767
ανατινάχθηκε,767
κατεβείς,767
μαλακισμένα,767
αποτρέψουν,767
12χρονο,767
σενάριό,767
κυλικείο,767
σιδηρούν,767
πλειστηριασμό,767
αποτυχημένους,767
αριστερού,767
βιώσιμη,767
Κιού,767
ακουμπάτε,767
καρούμπαλο,767
παρούσες,766
άφωνος,766
Κλέρ,766
πολέμα,766
γινονται,766
ζυγό,766
παραέξω,766
Κιμπλ,766
επιβιβάστηκε,766
ρύθμισε,766
ικέτευσε,766
προγραμμάτισε,766
βρομερό,766
Θόρτον,766
φορτωθεί,766
φανταζόμαστε,766
ολότελα,766
μερικής,766
Σάμουελ,766
βαμμένα,766
μεσάζων,766
παππου,766
Νάσιοναλ,766
ιεροτελεστία,766
σοβιετικούς,766
άου,766
από'κεί,766
στρέφονται,766
εμπνευσμένη,766
προστάζει,766
διακόσιες,766
χρειαζόσασταν,766
βασανίζεσαι,766
παγιδεύτηκα,766
ρουφήξεις,766
ναυτικοί,766
σανίδωσέ,765
τελείωναν,765
Κάμινγκς,765
αφανιστεί,765
περισπασμός,765
Ντηκς,765
κλειδώσουν,765
κινητο,765
Μαλαισία,765
γαμηθούν,765
ευημερίας,765
παρατημένο,765
ακόλουθους,765
φυτέψεις,765
αποφοιτήσω,765
αντάξιος,765
αναρωτήσου,765
δυνατο,765
Μονέ,765
γύρου,764
αγνοία,764
Λάντο,764
προϋπολογισμός,764
πεθαινει,764
όρνια,764
αγοράζοντας,764
πραγματοποιηθούν,764
εξαφανισμένος,764
οργάνωσα,764
προέρχεσαι,764
αρχοντας,764
σουσάμι,764
Ρέυλαν,764
πιστεψέ,764
χειροπιαστό,764
ιδεαλιστής,764
κοιτούσαμε,764
σίριαλ,764
ενδοεπικοινωνία,764
κοκκινοσκουφίτσα,764
ταξίδεψαν,764
χακάρω,764
λείψανο,764
σφυγμοί,764
ευχαριστηθείς,764
γνωστος,764
επιστήμων,764
ενωμένο,764
πλύνουμε,764
ντεμοντέ,764
σπαστικό,764
Τζάκσονβιλ,763
καλωδίωση,763
βιώνει,763
μυτη,763
παράγκα,763
ρεζερβουάρ,763
συνωμοσίες,763
φωνάζαμε,763
αστυνομικής,763
αναθεώρηση,763
εξωγήινες,763
προσφέρομαι,763
πρόχειρη,763
πατριώτη,763
εμπιστευθεί,763
μετώπου,763
είν'αυτό,763
φόραγα,763
πλοηγός,763
Χίκοκ,763
ξαναπλησιάσεις,763
Γκίσμπορν,762
ηξεραν,762
ανακάλυψης,762
αναφορικά,762
μοιράσου,762
προσποιούμουν,762
πήδηξαν,762
Κολόμβος,762
τα'χεις,762
στασου,762
χωρίζω,762
καταχωρηθεί,762
Ρόκετ,762
μ'έστειλε,762
μαυρισμένο,762
Σακς,762
εμπρησμός,762
μαλώσει,762
ουόου,762
σκόραρε,762
παρέλαβε,762
διαταραγμένος,762
συσκότιση,762
απογοητευτείς,761
κατουράνε,761
παιγνίδια,761
ακροβατικά,761
Ασεβέντα,761
σημείωμά,761
ροχαλίζει,761
υποχωρήσεις,761
χειροκροτήσουμε,761
ναρκωμένη,761
βομβαρδισμός,761
εξαντλήσει,761
τρυπήσω,761
τριβή,761
σεισμοί,761
χορέψαμε,761
νεανικό,761
μαθητευόμενη,761
φοίνικες,761
κατοικούν,761
οπού,761
καλλιτεχνικά,761
σωμάτων,761
εξουδετέρωσε,761
δαιμονισμένη,760
στερείται,760
συμμετάσχουν,760
ντόπα,760
ξυλάκι,760
δραπέτη,760
μεθάς,760
παρατήρησης,760
πείραμά,760
ενσωματωμένο,760
διακοπες,760
ια,760
Τόλιβερ,760
ξαναϊδωθούμε,760
Μπερνάρντο,760
μυϊκή,760
τηλεγραφήματα,760
γούσταρες,760
βρυκόλακα,760
γύριζαν,760
ανελέητα,760
προδιάθεση,760
συνέντευξης,760
ταγκό,760
στήνεις,760
ξεχνιούνται,760
αναμετάδοση,760
δωρητές,760
σουίτες,760
πετα,760
αχάριστο,760
απειλώντας,759
θυμίσει,759
αντικατέστησα,759
προτιμούσαν,759
Άιρα,759
αδυνατον,759
αποτελέσματά,759
μετακινηθούμε,759
κορύφωση,759
τρυπα,759
νευριάζω,759
το'θελα,759
ΟΙΚΙΑ,759
ναναι,759
εκμεταλλεύτηκα,759
ευχηθείτε,759
κατηγόρησες,759
στρατοπεδο,759
προετοίμασε,759
πληγωθώ,759
καπετανιος,759
υποχρέωσή,759
καταστροφη,759
διάσημες,759
συγχωρούμε,759
μητρότητα,759
διασωστικό,759
Πενσιλβάνια,759
κολακεία,759
προσωποποίηση,759
νού,759
μούμιες,759
πρακτικός,759
ερευνήσετε,759
μανιακοί,759
Απρίλιος,758
Λαφίτ,758
Πόλσον,758
εκτίει,758
Ασόκα,758
τσαρδί,758
ορδή,758
θάψε,758
σανό,758
προειδοποίησαν,758
γευμα,758
προσδεθείτε,758
διαπράττει,758
απιστευτο,758
φαντασίωσή,758
χωρά,758
αντιγράφει,758
νοσοκόμας,758
ρήτρα,758
κύτταρά,758
κλητήρα,758
διεξαχθεί,758
Λόντο,758
συγκεντρώνεται,758
Κουάγκμαϊρ,758
επιβεβαιώσαμε,758
δακτύλιο,758
συναντήθηκες,758
να'χουμε,758
ατρόμητη,758
σύγχρονα,757
Μάγιας,757
Κούβας,757
Λουκά,757
δαμάσκηνα,757
θρόμβος,757
βασιστείτε,757
μπούκερ,757
δείρουν,757
συμβατό,757
φράγματα,757
γιατρειά,757
σιδερικό,757
Ραμίρο,757
περιττή,757
βουτήξει,757
εξώφυλλα,757
μετρημένες,757
συντρόφου,757
ονομάζεστε,757
ατίμωση,757
δικε,757
σωτήρες,757
Τζούνο,757
σωστού,757
απενεργοποιήσουμε,757
Γιούν,757
αποσυμπίεση,757
φάκελλο,757
τέλειωσέ,757
μεγαλεία,757
γαλήνης,757
τραγουδούσες,757
αμυνθούμε,757
κολεγιόπαιδο,757
ερευνήτρια,757
φράου,756
σφήκες,756
άγγιζα,756
καταδιωκτικά,756
λίκνο,756
εύχονται,756
απίστευτοι,756
λανθασμένες,756
πεθαίνετε,756
μικροσκοπικές,756
πλακώσει,756
περασουμε,756
προσεγγίσεις,756
συνδεθήκαμε,756
προιόντα,756
τετάρτης,756
Τρίσα,756
θεωρήσαμε,756
Φρεντς,756
λύνεται,756
γειτόνων,756
συνοδεύσουν,756
τσούζει,756
δέκτης,756
απλωθεί,756
Σνέιπ,756
καταριέμαι,755
σκουπίζεις,755
ενόπλων,755
επικρατούσε,755
σάρωσης,755
συνοχή,755
Γκρέης,755
πλάκωσε,755
κοπανάει,755
διαθέσιμοι,755
αθλητισμό,755
αποστολέα,755
βάλ'τα,755
κατεβήκαμε,755
επιθυμίας,755
άκυρη,755
αφιερώνω,755
τσαμπουκά,755
στοιχημάτισα,755
άμεσες,755
συνδεθείς,755
κατεργάρης,755
μιμητής,755
χρηματοκιβώτια,755
φιλοξενήσει,755
Ρουτ,755
Λόης,755
εκπληρωθεί,755
Λούντβιχ,755
τυφλώθηκα,755
σταθμο,755
στηρίξουν,754
μ'έκανες,754
ότ,754
χειροποίητα,754
σκέιτ,754
πιστολέρο,754
γραμματα,754
μπηκε,754
τσαντίζεις,754
τερας,754
Στρουμφίτα,754
ξαναβρείτε,754
βγουμε,754
απογοητευμένοι,754
Γουαϊόμινγκ,754
διορθώσουν,754
Ντάνβερς,754
οπλίτης,754
αραβικό,754
απέκλεισε,754
ξοφλήσει,754
τζόγου,754
οπλές,754
βιολέτα,754
επόπτη,754
περασμένου,754
οδοντόβουρτσά,754
ανδρόγυνο,754
μαραφέτια,754
επιβεβαίωσα,754
παρατηρούμε,754
ονειρευτείς,754
χαλασμένος,754
επισκευάσω,754
Ντρεντ,754
σίγμα,754
προσεγγίσω,754
απειλείτε,754
μυστικα,753
σφίξεις,753
κάθετε,753
ξαναχτίσουμε,753
τριγυρίζεις,753
κλεψύδρα,753
μοκέτα,753
βουτήξουμε,753
σοβαρευτούμε,753
φατρίας,753
εξωτερικός,753
Τζέηκομπ,753
ενέκρινα,753
ναυάρχου,753
εκπαιδεύει,753
σκοτώθηκες,753
μπλοκάρισμα,753
ενεργοί,753
ισχυρισμός,753
ανάσαινε,753
τσακωθεί,753
ξεκοιλιάσω,753
ντρέπονται,753
συναντηθείς,753
ανάστασης,753
μάλωσε,753
Νόρμπιτ,753
αποφοίτησή,753
εφεδρικά,752
κουρασμένο,752
σπιτική,752
μεξικανός,752
απαγορευτεί,752
θυσιάσουμε,752
Ιπέκ,752
κατσαρόλες,752
τσίμπησαν,752
μέτα,752
μπράβοι,752
υπουργούς,752
ξέθαψε,752
πινελιές,752
Περσία,752
βρωμερός,752
αμερικάνικος,752
γενικής,752
γκόμπλιν,752
προσδιορίσουμε,752
ακριβείας,752
βιντεο,752
κουνιόταν,751
προσχήματα,751
παρουσιάζονται,751
άρχιζαν,751
ένστολοι,751
απολύομαι,751
Κίραν,751
αστυνομικος,751
προβλέψουμε,751
Τ.Α.Δ,751
αυταρχική,751
Λιούκ,751
αποφεύγετε,751
ενοχλητικές,751
κενός,751
μεσαίου,751
χασαμε,751
φανατικούς,751
φορτώνουν,751
ξενιστής,751
προπονούμαι,751
Σάμμερ,751
φιδιών,751
απλώσεις,751
πουρμπουάρ,750
σκαρφαλώσεις,750
καλυτέρα,750
βασικοί,750
κατάθλιψης,750
γκρέιπφρουτ,750
να'τη,750
πεθαίναμε,750
ακούμπα,750
απροσδόκητα,750
ραγίζεις,750
Κολόμπους,750
καθυστερημένε,750
μύρια,750
θρήνος,750
Τζερ,750
αγρια,750
προγραμματισμού,750
ξυστά,750
Γουόλερ,750
απίθανες,750
γαλόνι,750
παλαμάκια,749
εξοδος,749
Αλάρικ,749
ΒΕΓΚΑΣ,749
Γουήερ,749
περ,749
βελούδο,749
τσιζ,749
ντίβα,749
διεκδικήσω,749
πηγαίνε,749
αδράνεια,749
συζυγο,749
ριν,749
προσωπείο,749
ατομικές,749
χώνω,749
ηλιο,749
λάσπες,749
ρουφιάνος,749
απογοητεύσουμε,749
Γκους,749
θάψετε,749
ανταμείψει,749
πάρτους,749
Σαπίρο,749
πιασει,749
τιμούμε,749
χαλάζι,749
οριακά,749
ΓιΚιονγκ,749
καλά-καλά,749
αναζητούσα,749
Μάικυ,749
πέταλο,749
Γκέιλεν,748
θα'μουν,748
ριελ,748
κουμπάρο,748
Σάντλερ,748
Ρόντι,748
Σεπτέμβριος,748
γκρούπ,748
άυριο,748
ακρωτήριο,748
εγκατάλειψης,748
βαρκα,748
χοροί,748
αποτελείς,748
χαθήκατε,748
παγώσω,748
ροζάριο,748
τεμπέλα,748
ζούσατε,748
είσοδό,748
εξομοίωση,748
αρκει,748
ξενώνας,748
ζελεδάκια,748
Σουίτ,747
Μπρίτζερ,747
αψίδα,747
φυσιολογία,747
τεχνάσματα,747
φιλονικία,747
πεινάσεις,747
παντρέψει,747
στιγμήν,747
μεμβράνη,747
Κέιχιλ,747
ρίχναμε,747
το'λεγα,747
κουλό,747
Μπάτον,747
φαλακρό,747
δαύτα,747
πχ,747
συμπαθούσαν,747
ενοίκους,747
εντατικής,747
νεας,747
στίγματα,747
στοχο,747
σεΐχης,747
Μαϊκ,746
μαστίγωμα,746
ολοφάνερα,746
φάσματος,746
αναπνεύστε,746
δώσ'τα,746
αγροτικό,746
αντίστοιχα,746
πρόεδρό,746
κεφτεδάκια,746
παρατηρήσω,746
βότανο,746
ουράς,746
βρωμιάρηδες,746
ευ,746
Ρένι,746
Τζούλυ,746
ανακάλυπτε,746
σκοτεινούς,746
σπιτια,746
Κρόκερ,746
υπερφυσική,746
ανοικτός,746
εκφοβισμό,746
διασποράς,746
λώρο,746
Γουέλινγκτον,746
αποστάτης,746
φαση,746
επίπλων,746
αντέξετε,746
στρίμωξε,745
Μακνάλτι,745
απολύσετε,745
τάιζε,745
Ράντε,745
μεγαλόσωμο,745
δυνατότεροι,745
υπερασπιστείτε,745
προηγμένο,745
εγκαταστήσει,745
δομές,745
μαγείρεψες,745
νικοτίνη,745
προϋποθέτει,745
σπέρα,745
εδάφιο,745
λογάκια,745
διαλυθούν,745
κανόνισαν,745
Σεμπαστιάν,745
αναζητήσουμε,745
απρεπές,745
ανάσανε,745
ανάπαυσης,745
Στάμπερ,744
έρημη,744
ευχήθηκες,744
υποπτευόμαστε,744
τητα,744
γιατρέψω,744
Ντινκ,744
ελπίζ,744
επτα,744
Ερικα,744
αποδειξεις,744
μαχαιρι,744
εξακολουθείτε,744
στέκονταν,744
Μόρρις,744
ψηθεί,744
πάγωμα,744
καθυστερημένοι,744
δημοσιογραφίας,744
Περσέα,744
μαζικά,744
παρέχεις,744
καταστολής,744
Εκουαδόρ,744
Μπέρτραμ,744
μορφίνης,744
έδρασε,744
χορηγό,744
ψάξ,744
βαρκάδα,744
βου,744
φλέγεται,744
γερος,744
υδράργυρο,744
λιονταριών,744
Ράϊαν,743
25η,743
γαμος,743
Αριάδνη,743
βιολόγος,743
κουπέ,743
άτυχο,743
χτισμένο,743
ασημένιες,743
ανιαρή,743
Κορντήλια,743
φουκαρά,743
υποκριθώ,743
απενεργοποιήσει,743
πρόφαση,743
οραματιστής,743
Άντο,743
γέννησής,743
κράταγα,743
πάρε-δώσε,743
τ'ακούω,743
φυτείες,743
σγκαρντ,743
εγραψε,743
ριγκ,743
δεκατεσσάρων,743
Ριβς,743
αγγίζουμε,742
υποκριτικής,742
γλυκούλι,742
νόσου,742
ζουζούνια,742
Λουσία,742
πιστών,742
κάπνισα,742
ανησυχητικά,742
Τζέρσει,742
κλανιές,742
μεγαλοπρεπής,742
οποιασδήποτε,742
φανατική,742
εργάστηκα,742
κιτρινιάρηδες,742
Ούνα,742
σημαδέψτε,742
λιποθυμία,742
Φρανς,742
ψυχίατροι,742
πετρέλαια,742
γλουτένη,742
αύτο,742
βρωμοδουλειά,742
φούσκες,742
ρει,741
θέατρα,741
υποψιαστούν,741
πίεσέ,741
σπυράκια,741
έπλασε,741
τσεκούρια,741
προετοιμάζεται,741
ρυμουλκό,741
κλίκα,741
Ντέιβιντσον,741
φορας,741
μαγνητικά,741
περπατήσαμε,741
ανατολικού,741
πράσινου,741
παρουσιάσου,741
ιστοριες,741
αθώου,741
Ντανιελ,741
συμπτώματά,741
σταματησουμε,741
κοτοπουλάκι,741
Μάη,741
επιλοχίας,741
μπλάκ,741
ειδοποιήσουν,741
υποστώ,740
παραδίδεις,740
ειρωνικά,740
εξυπνότερη,740
μέλλοντα,740
δραστικό,740
υπερδύναμη,740
Μορφέας,740
νεράκι,740
πρόποδες,740
καυτερή,740
μαλθακός,740
τικά,740
επιταχυντής,740
τριχωτός,740
θυσίασες,740
έισαι,740
επιτροπές,740
ειδικευόμενη,740
Θρέις,740
υπογείου,740
Μαρίτσα,740
παρευρεθεί,740
αποκαλούνται,740
θέλοντος,740
δέσετε,740
Μοχίντερ,740
ανεξάρτητοι,740
απορείς,740
Στούι,740
βιβλιοθήκες,740
Ακόστα,740
Γουίλλιαμ,740
αξιζε,740
ονται,740
ασιάτισσα,740
σίφουνας,739
χειρίστηκε,739
προικισμένος,739
θεότρελη,739
σεβαστή,739
περιστασιακό,739
ημερολογίου,739
γαλήνιο,739
Ντάννυ,739
απάλλαξε,739
καταλαβαίνατε,739
εξαγωγής,739
Γουόρθ,739
κατατρόμαξε,739
κοντινούς,739
θρανίο,739
Φελπς,739
κρασιών,739
κάντα,739
μέθοδοί,739
έχαναν,739
Ρομπέρ,739
υπόδειξη,739
γαβ,739
εξωτερικούς,739
διοξειδίου,739
τιμήσουν,739
μασκέ,739
έντιμα,739
εξοχότατη,738
σημείων,738
πνιγμός,738
συνέταιρό,738
φορτιστή,738
ντέμο,738
ξαναχτυπήσει,738
Μπιτλς,738
ανεχθώ,738
καθηκον,738
Μακουίν,738
αμφέβαλλα,738
ξαπλώνει,738
Γκράντι,738
γινουν,738
εσωρούχων,738
προτιμάμε,738
ανοικτές,738
κυκλικά,738
περασμένης,738
αγριόγατα,738
νεανική,738
δολο,738
παράκαμψης,738
υπολοίπων,738
δημοκρατικούς,738
ψήσει,738
Έντερπραϊζ,738
δάγκωσα,738
άρτον,738
αξιότιμο,738
καταστήσει,738
άνοιγες,738
αρχιτέκτονες,737
εκτιμάτε,737
Τάρντις,737
φετινή,737
Τσάιλντς,737
Ιώβ,737
αμήχανη,737
θεαματική,737
καθαρτικό,737
ιπποδρομίες,737
επικινδυνο,737
Ντορίν,737
Αλεξάντρ,737
Μόμο,737
Λάντον,737
Γουώκερ,737
κουνησου,737
Αμελί,737
σύνθετο,737
προστα,737
πεζοί,737
άπληστη,737
τραγανό,737
συνάδει,737
πολύτιμό,737
θεραπεια,737
Μόζλι,737
μετακίνησαν,737
τρακάρισμα,737
Ντελφίν,737
Εντγκαρ,737
σοβαρούς,737
οννί,737
βρετανικές,737
ελπιζα,737
χειρόφρενο,737
καθυστέρησαν,737
μ'αρεσει,737
Ντίξι,737
ταξίδεψες,737
Αραβίας,737
προσγειώθηκα,737
άργησαν,737
κατεστραμμένος,737
μηνιγγίτιδα,736
ξεγελάσουμε,736
έκφρασης,736
στείρα,736
Λέξινγκτον,736
τωρινό,736
μοιάσει,736
υποψηφίων,736
τρελαινόμουν,736
κάλα,736
δικαστικός,736
ένοιαξε,736
Ομάχα,736
προχωρώ,736
αποφοίτησες,736
αποφεύγοντας,736
δώσ'της,736
μιλησε,736
μάθησης,736
στάσης,736
φόβισε,736
φρόντισαν,736
ψευδής,736
εκτεθειμένο,736
χαρτοφύλακά,736
Γουίτμορ,736
αντικλείδι,736
αξιότιμε,736
Ηλέκτρα,736
τσάντισε,735
περιορίσεις,735
σκαρώνετε,735
αντάλλαξε,735
ανάρρωσης,735
τριπλά,735
τολμούσες,735
κατάθεσης,735
αγαθών,735
ιατρικών,735
Ρένλυ,735
γαριδάκια,735
μάρτυρά,735
αναγνωρίζεται,735
κατάταξη,735
μαρέσει,735
εξαιτιας,735
πανηγύρια,735
κοίταγα,735
Μπάφι,735
διαπιστώσει,735
ξαναγυρίσουν,735
κομπίνες,734
στοχεύσατε,734
παραιτηθείτε,734
συμμαθητής,734
ντριους,734
λβιν,734
έχυσες,734
Εγγλέζος,734
ιεροσυλία,734
εντοπίστηκαν,734
συμπεριφερόμαστε,734
βάρβαρη,734
καούμε,734
παγίδεψαν,734
μασχάλη,734
10ο,734
οβίδες,734
Φόιλ,734
δς,734
μετακίνησα,734
υπηρετούσε,734
ξαναρχίσεις,734
εξουσιάζει,734
ΤΑΡΝΤΙΣ,734
σερβίτσιο,734
Ντιβίζιον,734
δειπνήσεις,734
κλέψε,734
περιφρονείς,734
κάννες,734
πατερίτσες,734
Μέη,734
καπελο,733
ίσες,733
αντάξιο,733
λεξεις,733
ανεπαρκή,733
κακομαθημένα,733
απόστασης,733
επανορθώσουμε,733
ομολογεί,733
ταχυτητα,733
Εστέλα,733
Ρεβ,733
τηλεθέαση,733
αυτοβιογραφία,733
κεραυνού,733
Φλαγκ,733
ευτυχισμενη,733
απόδοσή,733
ανώμαλους,733
χόκεϋ,733
κόβονται,733
σενιορίτα,733
χαμηλών,733
οργισμένη,733
τύφλωσε,733
ζητησα,733
ανοιχτόμυαλος,733
διπλασίασε,733
θυμα,733
αντοχής,733
συχνές,733
ψηλότερη,733
μεμονωμένο,733
Καταρίνα,732
χαλούσε,732
Ντίτριχ,732
μολύνσεις,732
τα'χει,732
ερωτευθεί,732
ξεφορτώνεσαι,732
Εριν,732
γνωρίζεται,732
αφρικανική,732
Μεξικανοί,732
επιασαν,732
μορφωμένη,732
φρουρείται,732
πληθώρα,732
μοναρχία,732
πιέζουμε,732
φανταζομαι,732
παραπονιόταν,732
ξόφλησε,732
σβήστο,732
ξυπνούν,732
τοιχώματα,732
συχνάζουν,732
μπαταρίας,732
κουνιάδο,732
τάπα,732
συνήθειας,732
κυριών,732
Εσποζίτο,732
γωνιές,732
μεταδώσουμε,732
λίπους,732
τεχνολογικό,731
ρθουμε,731
εξαιρέσουμε,731
μαζεύετε,731
υπονοώ,731
φθάσω,731
μεταδοθεί,731
καθορίζεται,731
εύλογη,731
απέσπασε,731
επιλυθεί,731
υπήρχα,731
μετρητοίς,731
ζήστε,731
ντος,731
βρώμικοι,731
σπηλιάς,731
ενεργεία,731
Τζιζέλ,731
Μπασάμ,731
κινήσω,731
στήριξή,731
νότιου,731
βροντή,731
κάηκα,731
κριτικάρεις,731
Νικόλα,731
ελευθέρας,731
θηράματα,731
σατέν,731
καλύτερούς,731
Κρηκ,731
Ίλσα,731
μοσχαράκι,731
παρουσιάσουν,731
ψύξη,731
γέννημα,731
πεθερό,731
Μπόρομιρ,730
κωδικοποιημένα,730
διακομιστής,730
Γουάιλντ,730
υποστήριξες,730
σευχαριστώ,730
ψήνει,730
τρούφες,730
ντιλ,730
Γιασμίν,730
ξαναείπα,730
ξεχάστηκε,730
πάθαινες,730
δοσοληψίες,730
Σαρλ,730
ανάκτησης,730
αυτοσυγκέντρωση,730
ενεργοποιώ,730
σ'τον,730
ζησει,730
εξοργιστικό,730
κλειδαρότρυπα,730
επιβάλλω,729
αντέγραψα,729
ίσος,729
μπάφο,729
προστάτευαν,729
Σκουέρ,729
φωτοτυπίες,729
πλιάτσικο,729
αξιοθρήνητος,729
βάλτην,729
θεατής,729
πατριωτικό,729
αγαπαει,729
Γκον,729
κατακτητής,729
βαλέ,729
εξαγωγές,729
ικετεύσω,729
δειασε,729
προσθέστε,729
δυστυχίας,729
παρασύρθηκε,729
αστακούς,729
αντιδραστήρες,729
αναζητηση,729
Φρίντμαν,729
συνεργάτιδα,729
ζαλίστηκα,729
αποπλάνηση,729
θηλές,729
στρατολόγησε,729
Χέρλυ,728
παντρευτω,728
άραβας,728
μοναχικές,728
μελισσών,728
απαρατήρητη,728
Ντουντάρ,728
Τριμπιάνι,728
πεταλούδας,728
μονομιάς,728
κατηγορείστε,728
άθικτα,728
Μπίρκοφ,728
σάντουϊτς,728
βαλιτσάκι,728
Βλαντιμίρ,728
επέμβουμε,728
δαχτυλιδιών,728
τούτος,728
στόχευση,728
Ερμής,728
φίμωτρο,728
ασεβής,728
αντιτίθεται,728
Σλόουν,728
Κίμπερ,728
δημιουργικότητα,728
χαρτόνι,728
μίντια,728
κουνιέμαι,728
υποβάλλει,728
λειά,728
Λέια,728
Νομπλ,728
μιλόρδε,728
επιβίωσαν,728
κατούρα,728
ατελιέ,728
μέταλ,727
ειδήμων,727
σημαδέψει,727
επανεξετάσουμε,727
έκοβαν,727
αποδίδουν,727
σύρει,727
ανακρίσεων,727
καπνιστής,727
διακεκριμένος,727
όπλισε,727
εξαίρετο,727
Ρήνο,727
μαζ,727
Ουγκάντα,727
κουβαλά,727
βαζω,727
παντοτινή,727
πνιγούν,727
παραλάβεις,727
κατορθώματά,727
τραβήξατε,727
ιβαν,727
Χαθίντα,727
λυπούνται,727
τσουλί,727
φτηνιάρικο,727
σαρκαστικός,727
ενώνουν,727
δαντέλα,727
έγχρωμη,727
εκλογικό,727
θήραμά,726
όποιου,726
ανέλυσα,726
κατευθυνθούμε,726
γκρίνγκο,726
μίζερο,726
χαρτι,726
ρηχή,726
θαλάσσιος,726
Παλαιστίνη,726
υποθήκες,726
ακούμπησες,726
λήψης,726
αρνηθήκατε,726
περιστατικού,726
διεγερτικό,726
18ο,726
ανακαλέσει,726
άγριων,726
ξαφνιάστηκες,726
ανατομίας,726
Ρόλι,726
γραμματική,726
ρίσκου,726
απέχεις,726
θολώσει,726
Κλίφτον,726
ικανοποιήσεις,726
θελατε,726
ανοιξιάτικο,726
ελεγκτές,726
αυτοφώρω,726
διακεκριμένη,725
Μπούρκχαρντ,725
εναντια,725
ακυρώσουν,725
υπογράψαμε,725
καταθέσατε,725
ενθαρρύνουμε,725
παθιασμένο,725
εισάγουμε,725
αλλαγη,725
Ρέιλι,725
Κόνσταντιν,725
μητρότητας,725
κλιμακοστάσιο,725
παράνομων,725
σ'εκείνον,725
Άλβαρεζ,725
κατέβασμα,725
ολοκληρώσετε,725
άλας,725
γευστικό,725
εξυπνη,725
κολακεύετε,725
πνευματικές,725
βάλ'τον,725
αγχώνεις,725
στιλό,725
ακτίνων,725
ις,725
παλιόσκυλο,724
παλάτια,724
ατέλειωτες,724
φάντασμά,724
πρωτοπόρος,724
υπακούν,724
κειμένου,724
επισκευάσουμε,724
υποπτεύονται,724
δραπετεύει,724
γιουάν,724
θυμαστε,724
αγχωθεί,724
θαλάσσιες,724
φθηνότερο,724
γινε,724
κρατησεις,724
σταδιοδρομία,724
ωφελούσε,724
περιοριστική,724
περισσό,724
στρατοί,724
αναβλήθηκε,724
συναντούσες,724
Φάραμιρ,724
άσχετοι,724
τσαγανό,724
αναπτύξουμε,724
διαταραχής,724
σταματησε,723
ξαπλωμένο,723
αρχισαν,723
δανεικό,723
Ρετ,723
ν'αγοράσεις,723
άπραγοι,723
βομβαρδισμούς,723
Μπράντλι,723
Τζέσαπ,723
Ηστ,723
υποκύψει,723
κόπια,723
Έλντριτζ,723
δονείται,723
στεγνός,723
θυσίας,723
συνεργατών,723
άλγεβρα,723
οσους,723
ψαράκια,723
στραμμένα,723
δήλωσαν,723
παιδόφιλος,723
απροσεξία,723
παλιόπαιδα,723
γωνια,723
Κρίστυ,723
εκτελεστική,723
Ιρλανδέ,723
γιαπωνέζα,723
τεχνητής,723
πολεμοφόδια,722
Φίνλεϊ,722
ράμμα,722
θαυματουργό,722
εκτόξευσε,722
Χιούι,722
κοίταξαν,722
μεδούλι,722
ώριμοι,722
ονειρευτώ,722
σίγουρες,722
πατρότητα,722
έκαιγαν,722
Σόν,722
γουστάρετε,722
πηγαινει,722
υπαρχηγό,722
ζωντανη,722
περπατήστε,722
υπέδειξε,722
Πιμ,722
σωματικής,722
ανεξέλεγκτα,722
φιλοξενούμενη,722
αβλαβείς,722
θυσίασα,722
φακέλου,722
γερμανικού,722
κουλά,722
προκαλέσαμε,722
βετεράνοι,722
κατέρρευσαν,721
παλεύοντας,721
αδελφο,721
δαιμόνιο,721
Μπητς,721
υπολογισμός,721
σκούπες,721
φέρναμε,721
συμβούλια,721
αλουμίνιο,721
Γούντγουορντ,721
Ντουπρί,721
άπιστους,721
Μπουρν,721
Κρίσυ,721
Ρόζυ,721
κράτει,721
απορρυπαντικό,721
κακοποίησε,721
Τερέσα,721
συνειδητοποιήσαμε,721
καστρο,721
σκεψη,721
σφυριά,721
αισθητή,721
χέλια,721
μονόδρομος,721
ποναει,721
καραφλός,721
παρέδωσαν,721
Γουέξλερ,721
σπουδαιότητα,721
παλαβοί,721
Μπόουεν,721
Όρκ,720
σμαράγδια,720
εκτεθειμένη,720
απολυτως,720
Κόμπι,720
αρακά,720
ανατινάζει,720
γαλάζιος,720
ακρόασης,720
Τουσόν,720
φτύνω,720
ωκεανοί,720
τεντωμένο,720
όστρακα,720
Μπράουνινγκ,720
Κάμποτ,720
καουμπόης,720
σπάνιος,720
πετύχατε,720
εορταστικό,720
χωρούσε,720
παράλληλη,720
Λίβι,720
ολοκληρωμένος,720
Ταργκάρυεν,720
αρραβωνιαστεί,720
αφρός,720
στάλα,720
αποκτήσατε,720
Γκράντε,720
χαμογελώ,720
Νίκολσον,720
επενδυτή,720
επαναλήψεις,720
στραγγαλίσω,720
μικρόσωμος,720
χρονικές,719
κομμένες,719
εννοώντας,719
ανήλικο,719
συναίσθηση,719
θα'χουν,719
πεθαίνοντας,719
ευσεβής,719
υπερβάλλει,719
αλουμινόχαρτο,719
αλόχα,719
επερχόμενη,719
πορτιέρης,719
υπερήρωα,719
Μέτατρον,719
πορτοκαλιού,719
ξαναδουλέψει,719
τρελαινόταν,719
θόρυβοι,719
σέντερ,719
πόνταρε,719
αντιδρούσε,719
θλίβει,719
χαιρετούν,719
επικαλούμαι,719
τραγούδησα,719
πρωταθλήματα,719
τραγουδούσαν,719
Λουδοβίκος,718
κλακέτες,718
καταταγώ,718
χαχα,718
Οράτιο,718
κουτσός,718
αντιλαμβάνονται,718
Μέντοου,718
Κράις,718
ραγίσεις,718
Ετιέν,718
ντιπ,718
φοβερο,718
ανακοίνωσαν,718
κλειστοφοβία,718
κερδοφόρα,718
Σλίθεριν,718
ν'ακούω,718
ντεκολτέ,718
γλίτωσαν,718
μαχαιριού,718
αρν,718
θεμέλιο,718
χρειαζονται,718
τοποθετήσεις,718
φταιει,718
ρομαντισμός,718
ψυχαναλυτή,718
εμφανιστούμε,718
Ρότσεστερ,718
εκβιάζεις,718
Λάιμαν,718
αξιολύπητοι,718
κοιλάδες,718
αγόρασέ,717
αυγής,717
εξαφανίσουν,717
αντισυλληπτικά,717
ερευνάτε,717
διαβόητος,717
προϊστάμενός,717
πλατιά,717
ακορντεόν,717
περιστρέφονται,717
τσακωνόμασταν,717
ηρεμίστε,717
εκδώσω,717
στελθ,717
στήριξε,717
παγκόσμιες,717
υπακούμε,717
Έβερντιν,717
Μακάο,717
τρόμαξαν,717
σταλιά,717
Λόμπο,717
βασάνιζαν,717
κοφ,717
κάλπες,717
ορίστηκε,717
ρουαγιάλ,716
τριγυρνούσε,716
εξόριστος,716
Νάσβιλ,716
πύρινη,716
περιλαμβάνεται,716
εκθέματα,716
βαλτε,716
συμβουλεύει,716
Αρμστρονγκ,716
κομμένος,716
ξαναπαντρεύτηκε,716
χρέωσε,716
άγγιγμά,716
αδέξιο,716
σλυ,716
προτίθεσαι,716
αστ,716
ψυγεία,716
ενήργησε,716
Μπέρτζες,716
σχηματίζεται,716
απόκρυφα,716
προστάτεψέ,716
ταυ,716
κατέθεσα,716
χαλάτε,716
νεκροθάφτη,716
κάθισμά,716
κλύσμα,716
πεπόνια,716
Μορέτι,716
σκλάβες,716
σωπάστε,715
ατελής,715
κατηγορούμαι,715
έσύ,715
ράψιμο,715
ανησυχήσουμε,715
εισπράξω,715
απόγνωσης,715
δράσω,715
μοναχές,715
αθανασίας,715
φιλοσοφική,715
φησαν,715
ξανακάνετε,715
προσληφθεί,715
νάρκωσαν,715
προχώρησες,715
διαολε,715
έγχρωμους,715
αναγκαστείς,715
επιθυμητή,715
ηλεκτρονικού,715
συγκρούστηκε,715
συγκρατεί,715
επιστροφη,715
αναλυτή,715
συντάξεις,715
αποδέχτηκε,715
Βαλχάλα,715
διασύνδεση,715
ημερήσιο,715
προσθέτω,715
ανακουφισμένη,715
παραφέρθηκα,715
προσφορα,715
εξακριβώσω,715
ενεργώ,714
λειτουργικά,714
δεξιός,714
ελαττώματά,714
συγχώρεσα,714
15η,714
καταραστεί,714
επένδυσα,714
μηνιαία,714
όσφρηση,714
πιάνονται,714
Ρέιντερ,714
Γκρίνουιτς,714
δροσερά,714
καταβροχθίζει,714
πίεσες,714
μόντελινγκ,714
μπαλκόνια,714
μπουφές,714
γαλανά,714
καθενας,714
απολύω,714
δυσκολη,714
προσεχτική,714
τηλεφωνείτε,714
αναγνώριζες,714
ΝΖΤ,714
γέμισμα,714
βάθους,714
κύλινδρο,714
δραματικός,714
διακυβέρνησης,714
γονατίσω,714
ορού,713
ύψιστη,713
αφύσικη,713
μεγιστάνας,713
δικους,713
Νοέμβριος,713
πετάχτηκαν,713
χελώνας,713
ψήφων,713
αξιοσέβαστη,713
παρακαλούσε,713
πηδηχτώ,713
παράπλευρη,713
διασκέδασέ,713
σχεδιάστηκαν,713
θέ,713
ύποπτός,713
παρατεταμένη,713
αγκάλες,713
λιγακι,713
ομοίωμα,713
παράλογες,713
αναλαμπές,713
δικτάτορα,713
τηλεμεταφορά,713
τραγουδήσουν,713
κατηγορουμένου,713
Άγκαθα,713
πτηνά,712
χαρακτηριστική,712
άυτό,712
δωδεκάδα,712
ψόφιος,712
γινόντουσαν,712
απενεργοποιήθηκε,712
σφράγισμα,712
διόρθωσα,712
έλεγξαν,712
καρύδας,712
όλεθρο,712
σκίσιμο,712
καταλύματα,712
διακινδυνεύσεις,712
ικετέψω,712
υποπτεύεσαι,712
υποσχόμενος,712
τσακώθηκαν,712
Άνακιν,712
διαστημικός,712
Τζόλι,712
Μίντυ,712
εναπομείναντες,712
ν'αλλάξουμε,712
αργκό,712
σφίξιμο,712
Κριστιάν,712
συζήσουμε,712
επικάλυψη,712
παραδοσιακός,712
τερμάτισε,712
επιστρέφαμε,711
αιχμαλωτίστηκε,711
στημένα,711
συμμερίζομαι,711
μετατέθηκε,711
ταϊλανδέζικο,711
γύρευες,711
δικαστης,711
κυνηγέ,711
Γιάγκερ,711
Σέιφερ,711
διάτρηση,711
εξολοθρεύσει,711
κομμώτρια,711
κυρίαρχη,711
καμπίνας,711
πρότασης,711
βασίσου,711
εγκάρδια,711
εσχάτη,711
συντηρητικό,711
ενώστε,711
επιβιώνω,711
εισαχθεί,711
μονάρχης,711
γυναικά,711
μεταφραστής,711
μελαγχολική,711
αλκοολικούς,711
πλαγιές,711
επιστημονικός,711
απειλούνται,711
πτώσεις,711
μπαλα,711
Σόφη,711
ανάβαση,711
αραγε,711
ορατή,711
πηρούνι,710
φτιαγμένες,710
δηλώνεις,710
δόνα,710
ζαλίζεις,710
προσαρμοστούν,710
φαντάσματος,710
Ιμαλάια,710
εφαρμόζεται,710
σηκώνονται,710
αντιμετωπίζονται,710
πολιτιστική,710
θύμωνε,710
ακατέργαστο,710
κορόνα,710
συμπλέκτη,710
μπατσίνα,710
ασκώ,710
επιφανειακή,710
χειριστήρια,710
Ζακλίν,710
διαμαρτύρεται,710
αμφισβητείτε,710
επεξεργαστώ,710
φλιτζάνια,710
γονατίσεις,710
βομβιστές,710
Δαλάι,710
Σμήγκολ,710
αου,710
ένιωσαν,710
βουτάς,710
διαδικτυακά,710
πολιτισμένος,709
Α-χα,709
συλλέγουν,709
εξαρτηθεί,709
λυσσασμένο,709
φίλμ,709
μειώνονται,709
καλύπτονται,709
οργανωθούμε,709
μ'ενοχλεί,709
βιάσω,709
Μπάνκ,709
μονά,709
Λούπο,709
κατασκεύασμα,709
Σάρκ,709
συνόλου,709
ηγέτιδα,709
Ταρς,709
αναποδογύρισε,709
βάικοντιν,709
Φελ,709
Μάντεν,709
χαιρετά,709
άφθονα,709
Εβαν,709
συνοδέψτε,709
προσβλητική,709
περασα,709
μου'πες,709
θρόμβο,709
ανάκτορα,709
φεύγατε,709
σφραγισμένη,709
μετακινούν,709
επιχείρησε,708
προκαλείτε,708
διαβάζαμε,708
μαγειρεύουμε,708
σκέπτεται,708
μπόμπα,708
φρουρούν,708
πακετάρισμα,708
ψεύτικοι,708
επεισοδιο,708
υπέκυψε,708
κυάνιο,708
αυτοάμυνας,708
λείο,708
προφητείας,708
σ'ακούσω,708
κολόνα,708
δευτεροετής,708
γερμανικός,708
Τζανέτ,708
βρωμοδουλειές,708
αντίφαση,708
Στέισυ,708
γλύτωσα,708
εγκυος,708
εκτιμούσαμε,708
προσγειωθείτε,707
ΜακΜάνους,707
παραδόσου,707
σελίνι,707
γέλασες,707
Χοτζ,707
στριντ,707
Μπέλι,707
μύκητας,707
σταυρόλεξα,707
Ρίζο,707
εμπροσθοφυλακή,707
εκτυπώσεις,707
θα'σουν,707
λαγού,707
καλες,707
Σαγιέν,707
αντικειμενικός,707
απελευθερώστε,707
φαγωθεί,707
καμερα,707
μέθης,707
δέχθηκαν,707
Πάντσο,707
χαρίζεις,707
Οκτώβριος,707
δάνεισέ,707
ανιχνεύσιμο,707
όμηρους,707
Γιούσεφ,707
άγγλο,707
Τσονγκ,707
Πήτ,707
κακη,706
κάλυκα,706
Άιβαν,706
ασυνήθιστος,706
διοικούν,706
φλαμίνγκο,706
χεστήκαμε,706
ορισμένο,706
παρατηρήστε,706
θαύμαζε,706
τιποτένιος,706
ελευθερη,706
μεταφερθείς,706
παρατηρούν,706
βρισκω,706
ακαδημαϊκή,706
Ντεμίρ,706
στάματα,706
αποχαιρετισμού,706
σκακιέρα,706
παρ'το,706
μαρκαδόρο,706
προσλαμβάνεσαι,706
σκοτωθηκε,706
ακτιβιστές,706
ανώτατου,706
μεθοδολογία,706
Έφι,706
καουτσούκ,706
γλύφει,706
Κόνελι,705
προσομοιώσεις,705
Εστεμπάν,705
προσκόπων,705
προκατειλημμένος,705
μέτοχος,705
φορεμα,705
δασοφύλακας,705
τεμπέλη,705
Κάρντιφ,705
αυτοσυγκράτηση,705
μεσω,705
πλατείας,705
σφίγγα,705
δάγκωσέ,705
δίωρο,705
Μπέθ,705
λυση,705
υπερασπίσου,705
σπάσατε,705
ορκιστήκαμε,705
Γκέιτζ,705
κυριαρχίας,705
παστό,705
μετέφερες,705
στραγγαλίσει,705
Ρομπερτ,705
χασεις,705
απήχηση,705
αντιστροφή,705
τζελ,705
θεριστής,705
ενεργειών,704
επαναλάβει,704
αλυσοδεμένος,704
λύπες,704
μάλα,704
μύρισέ,704
έπεται,704
κατεβασμένα,704
κορεάτικο,704
σφιγκτήρα,704
επεκτείνω,704
χορηγήθηκε,704
καταστατικό,704
κουνούσε,704
τάισα,704
αξιοπρέπειας,704
εισβάλουμε,704
πρηστεί,704
χίπηδες,704
μπερδεύεται,704
μετακινήσουν,703
μελος,703
διαπραγμάτευσης,703
ρόπαλα,703
Σπίαρς,703
πρωτόγονος,703
πειραμάτων,703
μπότοξ,703
χέϊ,703
σπαταλάω,703
Αρθούρου,703
κατηφόρα,703
πεύκα,703
άναψέ,703
Μπάρκσντεϊλ,703
άστρου,703
έξυπνε,703
φοροδιαφυγή,703
καμαρώνω,703
άσωτος,703
ανταμείψω,703
δικηγορία,703
πεντάμορφη,703
κουκέτες,703
Ζιζέλ,703
δανείστηκες,703
φύλαξης,703
ριζικά,703
άτρωτος,703
ασφαλέστερη,703
τοποθέτησαν,703
παγετώνα,703
κυνηγημένοι,703
αναχωρήσει,703
ζητιάνοι,703
σφαγές,702
βγαλουμε,702
βόηθα,702
Πενέλοπε,702
μοιάσω,702
τρελη,702
αστοχεί,702
εγγύησή,702
Ρούντυ,702
σκούφο,702
Ανατόλι,702
πρόσεξαν,702
λάτρευες,702
8α,702
θάμνος,702
περικυκλωμένο,702
Γουίλκινς,702
πιουμε,702
ριξω,702
έδιωχνε,702
Μαριάννα,702
σαπίζουν,702
αναφέρσου,702
πουγκί,702
ανθρωπάκος,702
σκαμνί,702
διαλυμένη,702
προσφερθεί,702
εκπροσώπους,702
επικερδής,702
οργασμός,702
στριφογυρίζει,702
γεγονοτα,702
λογω,702
δεσμευτείς,702
φουκαράς,702
φορέσουν,702
βούλες,702
αστεροειδείς,702
δημοκρατικός,701
Ηλάι,701
λουξ,701
παιχνιδια,701
κατοστάρικα,701
στ'αριστερά,701
απολύεστε,701
περναει,701
δικαιολογήσω,701
Σκρούτζ,701
Ρόσγουελ,701
έφτανες,701
συμπονώ,701
φρόνιμοι,701
ορθάνοιχτα,701
εξυπνάκηδες,701
απογίνω,701
κιθαρίστας,701
εγκληματολογικού,701
ευκολότερος,701
ξεφύτρωσε,701
χωνέψει,700
εκτελείς,700
ξεμπλέξεις,700
απήγαγα,700
δραπέτευσες,700
Μίτσιγκαν,700
διώξαμε,700
αμυντικές,700
υπέθεσες,700
ασφαλες,700
καταδώσω,700
Κάστορ,700
ίριδα,700
Κόραλ,700
Λάουρι,700
άγγιξαν,700
συγκίνησε,700
σκουός,700
πετυχαίνουν,700
Τσόου,700
ενημερώθηκε,700
ινδιάνικη,700
σκοταδι,700
θαυμα,700
αποβληθεί,700
ψεύτικους,700
πυλών,700
μαρμαρυγή,700
απασχολήσει,700
ξανασκεφτούμε,699
βαθύς,699
φλούδα,699
παραδέχεστε,699
κρατας,699
σημάτων,699
παράνοιας,699
Τατλ,699
ανακρίναμε,699
απορρίπτουν,699
ενοχλείστε,699
μου'δωσε,699
παρηγορήσει,699
επιρρεπής,699
μυθιστόρημά,699
πρήζει,699
φτασουμε,699
σαλάμ,699
Ίκαρος,699
χειροτερεύεις,699
Άννας,699
Κάνον,699
σπούδαζα,699
ευελπιστώ,699
ιζ,699
Ράτσετ,699
περιπατητές,699
γιωτ,699
ωσότου,699
πόνταρα,699
αγενή,699
Γκαμπόα,699
Πωλίν,699
φταιω,698
ευεργέτης,698
Αδόλφος,698
τρυπήσεις,698
καταπίνεις,698
μιλαίδη,698
σύζυγε,698
παρορμήσεις,698
χωμένο,698
κήλη,698
καρτέλα,698
βουίζει,698
Θορπ,698
ηπειρωτική,698
κουν,698
επαρχιακό,698
δένω,698
οδεύει,698
τρίζουν,698
κτηνωδία,698
χοιροστάσιο,698
ανοίχτηκε,698
δυστυχως,698
ήρωές,698
καρατίων,698
κουβαλούν,698
ελεγχου,698
παρακαλάω,698
επείγει,698
ανακατεύτηκε,697
ρυθμού,697
καταφθάνουν,697
ανακατεύει,697
επικήδειο,697
Κρίγκερ,697
Εντμόντ,697
γεννηθούν,697
τηλεοπτικές,697
επαλήθευση,697
αναζητεί,697
ραβδώσεις,697
παραλλαγές,697
συζητούσαν,697
επιλεκτική,697
δικηγορική,697
Μάρις,697
δοκάρια,697
εκβιασμούς,697
αδρανής,697
εγκαταστάθηκε,697
κήποι,697
ζεσταίνεσαι,697
Σάμερσον,697
ενεργειακά,697
εγγυημένο,697
Μαλόι,697
Αμαζόνιο,697
βασιστεί,697
υπευθυνος,697
κατάργηση,696
ξεπληρώνεις,696
αγνά,696
ξαναδω,696
σάλπιγγα,696
μειώσουν,696
ξανθές,696
αντικαταστάθηκε,696
χτύπος,696
μαλώνει,696
τσιρότο,696
ορισμένων,696
έλλειμμα,696
φευγαλέα,696
γκριλ,696
χαλάσατε,696
προκαλούμε,696
κλαψιάρης,696
εξαιρετικοί,696
ποσες,696
ωκεανών,696
γήινα,696
αναστήσει,696
γεννούν,696
δεθείς,696
γέρασε,696
δημιουργήσατε,696
Καράκας,696
πιτζάμα,696
κατανομή,696
ερευνήστε,696
ανεμοβλογιά,696
πλατύ,696
γυρνάτε,696
λεχρίτης,696
Νικαράγουα,696
αρχιεπίσκοπο,696
αιχμηρά,696
σκάψτε,695
νευρώνες,695
γουρουνι,695
λουκουμάδες,695
νικούσε,695
αριθμο,695
τιμολόγιο,695
βασιζόταν,695
ρίγη,695
τίτλου,695
Χίκαπ,695
Χόλντερ,695
επιβάλλουν,695
κτήνους,695
γλείψεις,695
απαντάνε,695
σκοτώ,695
ενόχους,695
απεγνωσμένος,695
μεγαλοπρεπή,695
συναντάω,695
άψε,695
γραμματεία,695
κουράζεις,695
πονούν,695
άσο,695
δικαιολογήσει,695
πονηρού,695
Μπίτσερ,695
στρογγυλά,695
προσπαθησω,695
χειραγωγεί,695
συμβουλευτώ,695
εφαρμόσω,695
αθόρυβο,695
δώστους,695
Ροουζ,694
άρνησης,694
Βιβ,694
ησυχο,694
σεβάσου,694
εγκαταλείφθηκε,694
ώμου,694
εξοχότητα,694
κάτουρα,694
θηλαστικό,694
τοπικού,694
Μάριους,694
παρανομίες,694
φύτεψα,694
σημαδεμένο,694
στενοχωριέμαι,694
επανεξέταση,694
ρεπουμπλικάνους,694
θ'αργήσουμε,694
μικραίνει,694
πλυσταριό,694
ανακατασκευή,694
προετοιμάζει,694
νοιξα,694
Φούλτον,694
αναπτύσσει,694
λέμβος,694
ενεπλάκη,694
αποκλεισμού,694
καινουργια,694
ακρωτήρι,694
κολύμβηση,694
μεσίτρια,694
σύντηξης,694
διεξάγω,694
επιδημίας,694
αφαίρεσες,694
παγιδεύτηκαν,694
απλότητα,694
ληφθούν,694
μοχίτο,693
Ντάρκεν,693
Χανγκ,693
Μπογκς,693
δικαιοσυνη,693
Βίτζερ,693
μαλώνω,693
Σαλάντερ,693
εξαντλείται,693
στήθια,693
έσκαψε,693
Χόνγκ,693
μασταν,693
εκβιάσεις,693
συγκεντρώνεσαι,693
Κέλερμαν,693
ανθρώπινους,693
αμεση,693
ατομικής,693
θαυμασια,693
άπιστοι,693
ελαττωματική,693
λέμφωμα,693
φυτρώσει,693
άτακτα,693
νικάμε,693
τεχνίτης,693
Σέλμπυ,692
ανεχτείς,692
Σήλα,692
Μπόστον,692
νομάδες,692
ομίχλης,692
απελπίζεσαι,692
κατατρώει,692
σούπας,692
πτηση,692
κατέβασες,692
ολοκληρο,692
κοροϊδέψω,692
χυλόπιτα,692
υπέστησαν,692
ΕΣΣΔ,692
αισθανθούν,692
τραμπολίνο,692
Οσεάνικ,692
ξαναπροσπάθησε,692
Εντουαρντς,692
υπόσχεστε,692
αναστάτωσα,692
Κέντ,692
εμπλέκει,692
αναμενόμενη,692
Κίεβο,692
νυχτερινός,692
ουρα,692
πρωταρχική,692
επιζώντα,691
αρρώστησαν,691
αρρώστιας,691
βελτιώνονται,691
γνωριζεις,691
ταρίφα,691
ξαναγράψω,691
λόγχες,691
Μάριελ,691
ανώτερης,691
χωροχρόνου,691
σκαρφαλώνεις,691
ταιριάξουμε,691
ζύγιζε,691
αυτοαποκαλούνται,691
Ιρλανδίας,691
καταρρεύσεις,691
εκφοβισμού,691
μουνάκια,691
σαμε,691
εφαρμόζει,691
νάρκωση,691
κοπανάω,691
χειροτερο,691
μπάνκα,691
καλήσι,691
επίτιμος,691
Εξοχα,691
δολοφονημένος,691
εκτελέσετε,691
Τασκ,691
αντιμετωπίζεται,690
τιάρα,690
κους,690
κουβάλησα,690
παραθύρου,690
μπάσταρδα,690
ταλέντου,690
ιλαρά,690
κατηγορούμενου,690
Ωρίωνα,690
Στίνσον,690
κρεμάστρα,690
δεθούμε,690
μετακινηθείτε,690
αριστοκρατία,690
να'χα,690
συνοδεύω,690
Χόσι,690
γυμναστηρίου,690
αργοπορία,690
ασφαλιστής,690
προφορική,690
λαγκάδι,690
αποστροφή,690
διαταγής,690
υιοθετήσω,690
Έβα,690
εμέ,690
δημιουργείτε,690
παντρεμένους,690
έντονος,689
κρατείστε,689
απήχθησαν,689
τρελλαθεί,689
τεχνολογική,689
ολοκληρώνει,689
συλλαμβάνει,689
Ελβίρα,689
ελέησον,689
σκάγια,689
άκαρδο,689
ατμού,689
εσωτερικούς,689
ικέτεψα,689
Μερλότ,689
σώας,689
Άσλεϋ,689
βεβαιώ,689
γνωριμιών,689
φορολογικά,689
φτύσεις,689
κακόμοιρη,689
βασιλείας,689
γαλα,689
κορμός,689
όρκοι,689
αναλώσιμος,689
αυξηθούν,689
τάραξε,689
διόπτευση,689
Τανκρέντι,689
Μακλέιν,688
ήθος,688
Σίρλεϋ,688
τρούφα,688
Γιουτζήν,688
καρτ-ποστάλ,688
ταραχτεί,688
εμμηνόπαυση,688
Σόσα,688
Γκίβενς,688
βηματοδότη,688
πορσελάνη,688
επανεκλογή,688
Φλοξ,688
Λίντον,688
επιδεινώνεται,688
ευφορία,688
παρενόχλησης,688
Πρία,688
χαϊδεύει,688
προβάλλει,688
διάβασαν,688
ομολόγησες,688
μελετούν,688
πιέζετε,688
προσδιορίσει,688
αγροτών,688
στόμιο,688
στόματος,688
ερεύνης,688
καταδώσει,688
θαλαμίσκο,688
σκοτωσα,688
οδηγηθεί,688
επιδιόρθωση,688
αντιλαμβανόμαστε,688
Μέκκα,688
αντιπροσωπεύω,688
ανεβάζουν,688
μετρώντας,688
υποψιάζονται,688
Λουτσιάνο,688
κύκνο,688
ραδιοφωνική,688
Αντόνια,688
ηρωικά,688
κάστορας,688
μαχών,687
ιεροκήρυκα,687
Βιρμανία,687
Μαχόνι,687
χέσεις,687
αισθησιακή,687
ζωντανο,687
παγώνουν,687
παρκάρετε,687
ιόντων,687
χοντροκώλη,687
μπερδεύονται,687
υψώστε,687
επιστροφές,687
Γουίτνεϊ,687
18ου,687
τηλεφώνα,687
χυδαίος,687
λίθους,687
διστάζω,687
αποσπούν,687
οδυνηρά,687
εκρηξη,687
σκύβει,687
πολύπλοκες,687
διαπραγματεύσεων,687
τουίστ,687
στόχευε,687
καθυστέρησες,687
αξιοθρήνητη,687
Φινλανδία,687
απεναντι,687
μετρήστε,687
Σέζαρ,687
ζυγίζεις,687
παρουσιαστείς,687
σφαγιάστηκαν,687
έλυνε,687
Πόουνι,687
διέσχισα,687
υπόκειται,687
αναρρώσεις,687
υποστήριζα,687
κατεστημένο,687
τραυματισμένοι,687
τρίαινα,686
παρατρίχα,686
απεριόριστες,686
ασκείς,686
νωτιαίο,686
σύστησες,686
προκύπτουν,686
απειλη,686
απόκομμα,686
άτυχοι,686
πρωτόγονοι,686
μεραρχίες,686
επιτόκιο,686
αγελάδων,686
θρεπτικά,686
σκύβεις,686
ανθοδέσμη,686
πυγολαμπίδες,686
πολικές,686
μετάφρασης,686
Αλίθια,686
σηκωνόταν,686
οπτασία,686
εγκαταλελειμμένη,686
νόμιμοι,686
βιώσιμο,686
κρυπτογραφημένα,686
σκαρώνουν,686
πρόσφυγας,686
μαλακας,686
Τρου,685
τραβα,685
χάρο,685
Οχάι,685
διευκολύνεις,685
κατακτήσουν,685
δημοσκόπηση,685
πρωταρχικό,685
αποχώρησε,685
πίστας,685
δικαίως,685
πορφυρό,685
συνεχεία,685
επισκεφθούμε,685
Μόσμπι,685
γελάστε,685
Βένις,685
νεκροψίας,685
χρίσμα,685
προσγειωθούν,685
κονέ,685
στερεότυπα,685
πνευματώδης,685
ανιαρό,685
αλλάζαμε,685
αγροίκος,685
λλαξαν,685
αποσύρεις,685
Ντάστυ,685
εναρκτήρια,685
Κερτς,685
αφαιρώ,684
νιώθοντας,684
άτιμη,684
πραγματοποίησε,684
ψυχωτικός,684
αναμενόταν,684
συνεχισουμε,684
γένους,684
ανοιξη,684
άψυχο,684
αθλητικές,684
απενεργοποίηση,684
θαλάμη,684
δωσουμε,684
αφεθείς,684
αντάξια,684
συγκυρία,684
καθισμένος,684
συνηθίσετε,684
ξεπληρώσουμε,684
Έιμος,684
Χουάνγκ,684
σατανικά,684
ντεργουντ,684
Μόμπι,684
Άλφι,684
επιμελητής,684
υποψηφίους,684
εκτίμησα,684
Σεβρολέτ,684
θάψτε,684
διπλωματικές,684
συζύγων,684
έχτισες,684
σύκα,684
Ρομάνο,683
επιδρά,683
στρατηγικά,683
γλοιώδης,683
φυλάσσονται,683
Τρέντστον,683
γέννας,683
προέκταση,683
Προύιτ,683
κατηγορώντας,683
καθυστέρησέ,683
απέφευγε,683
υποκρινόμαστε,683
παραγγέλνει,683
πρόσεχαν,683
κουράδες,683
σύνταξης,683
εξασφάλιση,683
πνίγηκαν,683
γκόμενους,683
Ολντ,683
ξαναπιάσω,683
μεθάει,683
Γενικέ,683
ασχολίες,683
μαζικό,683
δερμάτινη,683
συνεταίροι,683
στυλάκι,683
σοβαρο,683
επίπονη,683
ιδιότροπος,683
βρώμη,683
1ου,683
απρόβλεπτα,683
υπερασπίζονται,683
ουρανοξύστη,683
φασόλι,683
κουραστείς,683
υπεκφυγές,683
κυρίευσε,682
αιωνιότητας,682
Ρενάτα,682
μοδίστρα,682
Νταρκ,682
φοβίες,682
διαμαντένια,682
φερα,682
βιώνεις,682
παλιόπραμα,682
αμπέλια,682
διαβεβαιώσεις,682
βιογραφικά,682
Τόρανς,682
χρηματιστές,682
ανερχόμενο,682
λεβάντα,682
Μιγιάγκι,682
λαθρέμποροι,682
αμφιθέατρο,682
στρ,682
Πετρέλλι,682
Λεβ,682
ελεήμων,682
Γολ,682
καταφθάνει,682
στεναχώρια,682
αποκλείσαμε,682
ψογα,682
σπάγκο,682
εκπλαγώ,682
φτύνουν,682
σκοτεινών,682
μεταλλαγμένων,682
αδιάθετη,681
σκαρί,681
μονομάχοι,681
γονική,681
Σαρκ,681
σκεφτεις,681
προχωρείστε,681
γεννέθλια,681
φρίκαρες,681
παρατραβηγμένο,681
εκτιμήσουμε,681
φάγανε,681
κιθάρες,681
Εσθένι,681
στομάχια,681
βιτρίνες,681
ισχυριστεί,681
εστιάσω,681
πηγαινοέρχεται,681
ανιχνευτικό,681
καταραμένους,681
δαμάσκηνο,681
Σολίς,681
Σαπέλ,681
κοριτσίστικα,681
καπνιστές,681
θάβουμε,681
λουλουδια,681
χόρτασα,681
ένοπλους,681
ξεμπερδέψουμε,681
Τζορτζίνα,681
ψαλίδια,681
Ντέϊβ,681
περιβαλλοντική,681
κατειλημμένο,681
αναβολικά,681
ρισκάροντας,681
μονάχος,681
χωρικός,680
Μιλγουόκι,680
φιλοφρονήσεις,680
γελάσετε,680
Κιτάρα,680
Τόφερ,680
ευχαρίστησέ,680
γέλιου,680
στρέψω,680
εφόδου,680
πιάσ'τον,680
πρεζάκιας,680
χάκερς,680
σ'άκουσα,680
παγώσουν,680
συνήλθες,680
νταβατζήδες,680
καθαρα,680
νικάω,680
στηρίξου,680
αστυνομιας,680
ΕΥΠ,680
αμερικάνων,680
κοπάνησες,680
πεταχτούν,680
υπογραφεί,680
ξεπλένει,680
ελικόπτερό,680
καθαρής,680
αναβάτη,680
επικεφαλείς,680
οργανωμένοι,680
δευτερεύον,680
θαυμάσιες,680
ραβίνο,680
προχώρησαν,680
αναλύει,680
Τάμεση,680
στενοχώρια,680
τσακωμός,680
κουγα,680
καρδιακές,680
διαλύουν,680
σεριφης,680
πληροφορικής,679
ανθρωπιστική,679
κοιλιάς,679
τυπογραφείο,679
ορυχείων,679
μάστορα,679
καθιστός,679
ηθοποιών,679
ανακάμψει,679
πανίβλακα,679
πληροφορήθηκα,679
13ο,679
Μπράντο,679
Ινδίες,679
συμπεριφέρθηκε,679
μαζέψου,679
στερεότυπο,679
χρήσεις,679
αντιγράψει,679
αστεριού,679
διορισμό,679
Ντάινα,679
δακρυγόνα,679
Χάινς,679
Φέντον,679
δυσκολέψει,679
Μανίλα,679
πούλαγε,679
αγνοήσουν,679
σκίζεις,679
φαλάκρα,678
ανυπόμονα,678
Γάιος,678
λιώσεις,678
σώθηκα,678
εγκαταλείψατε,678
ωθήσει,678
συγκρίνει,678
τελειώναμε,678
εκτιμάμε,678
Λέιτον,678
προσποιήθηκες,678
κούνιες,678
πιαστούν,678
βουνα,678
παγωτού,678
σκουπίζω,678
Μπέινς,678
Κλέμενς,678
Χιούιτ,678
κατέγραψα,678
ρίγος,678
ξόφλησα,678
ανοιξιάτικη,678
χαλάρωσης,678
γατα,678
πληγώσουν,678
αγιάζει,678
κοιμηθω,678
βγούνε,678
τιτανίου,678
κατέρρεε,678
λιώσουμε,678
καλούσες,677
ατόφιο,677
καθαριστές,677
Ε.Υ,677
σπαταλήσεις,677
ανάκτορο,677
δεινοσαύρων,677
Ούν-Τσε,677
εντυπωσιακές,677
ρυθμίστε,677
επιλογών,677
γαμημενο,677
συνεδριάζει,677
Γινγκ,677
Κίνγκστον,677
συντετριμμένη,677
φοίνικας,677
πατσίσουμε,677
αστρονομία,677
χίμαιρα,677
εμπιστευτικές,677
σεξουαλικών,677
ακουσεις,677
έκλαψες,677
εστιάσεις,677
νοσοκόμους,677
σπήλαια,677
σοκολατένιο,677
εύθραυστα,677
διακινδυνεύσει,677
συζητηση,676
υπάλληλοί,676
ερευνήσαμε,676
πάπλωμα,676
φρένας,676
ιστιοφόρο,676
πληρώματός,676
Μποζ,676
παλιότερο,676
ιππασίας,676
ροκάρουμε,676
εξελίξει,676
Ρέγκαν,676
Γκίτα,676
οδοντογλυφίδα,676
ταίριασμα,676
εγκατάστασης,676
αδιαθεσία,676
τσιγγάνος,676
επιζώντων,676
βακτήριο,676
Τζούλιο,676
μελόδραμα,676
ομοσπονδιακών,676
κρυφτούλι,676
θεωρήσετε,676
έγχρωμο,676
πάλεψαν,676
δικάστηκε,676
συναφή,675
ωάρια,675
κόκκους,675
αποτρόπαιο,675
μεξικάνικα,675
αναπάντητες,675
καμμένο,675
κακοποιούσε,675
συζητηθεί,675
νευριάσω,675
ηχογράφησης,675
πιεστική,675
επηρεάστηκε,675
κύλησε,675
τσατισμένος,675
πέραση,675
καμένος,675
αρμόδιος,675
τηρούμε,675
παιδίατρος,675
αμερικανικών,675
μεσάζοντα,675
τέλοσπαντων,675
Κρέι,675
Μαγκς,675
γονίδιά,675
θυμωμένα,675
κάκωση,675
δεντρο,675
επιπόλαιο,675
κορόιδευα,675
τρομάξετε,675
Ισραηλινοί,675
συμπαγές,674
Κόνελ,674
κατάλληλους,674
Τζόννυ,674
Μόουζες,674
διαβίωσης,674
Κούτερ,674
αιφνιδιασμού,674
ανεβάσουν,674
ιντα,674
προπέλα,674
μεσήλικας,674
στηρίζουμε,674
γαλακτοκομικά,674
Στάφορντ,674
καψίματα,674
παθει,674
Γκουν,674
τσιγγάνους,674
επειγόντων,674
ντουλάπας,674
εκατομμυριούχο,674
αρχισυντάκτης,674
Μεντεγίν,674
γεννημένοι,674
γυναικας,674
ανακύκλωσης,674
νιώθατε,674
Πήτερς,674
νοσοκόμε,674
ετοιμαζόμασταν,674
πικάντικη,674
Χιθ,674
προσποιούμενος,674
τύπων,674
χειροτερα,674
ξεχασμένη,674
Σάγκι,674
ξεθωριάζει,674
εξακρίβωση,674
ισχυριζόταν,674
τιμωρούνται,674
Ράντκλιφ,674
ξοπίσω,674
Κάντας,674
ξερνάς,674
έγκειται,673
Άροου,673
άθελά,673
Καστιήλ,673
κάνναβη,673
γαμηθούμε,673
αυτονόητο,673
φοβόμουνα,673
σάλτα,673
κρίσεως,673
αραιά,673
καταφερες,673
φελλό,673
διατάξετε,673
Μεγαλειοτατη,673
συσσίτιο,673
μύθου,673
μ'άκουσες,673
τουλίπες,673
καταστραφείς,673
γραφτώ,673
απρόσεκτη,673
απολαύσουν,673
ερευνούσα,673
αργοί,673
θέσατε,673
Ο'Μάλεϊ,673
προβλέψιμη,673
θεραπεύτηκα,673
ορκιστείτε,673
ζωντανέψει,673
στήθηκε,672
φώτο,672
Εντεκα,672
φιλούσες,672
καταλήγαμε,672
διευθυντης,672
τσιμπήσεις,672
πληρώθηκα,672
γλοιώδη,672
Σερβία,672
εκλεισα,672
περιφρονεί,672
απεικονίζει,672
Σόκκα,672
Λάσκι,672
Καλχούν,672
έμπλεκε,672
ευαισθησίες,672
βραβείων,672
σφιγμένη,672
κλειδώθηκα,672
τελευ,672
ακυρώσετε,672
σχολικού,672
ληστεύεις,672
θησαυρέ,672
προέκυψαν,672
θυμίσεις,672
προγραμματισμός,671
έμπιστη,671
πρόσθετο,671
πουλάρι,671
κουμαντάρεις,671
ουρανώ,671
ούρλιαζαν,671
υπεύθυνα,671
εκατοστή,671
σκαμπό,671
εργένη,671
Λίβινγκστον,671
λάμβανε,671
μόκα,671
Γκουστάβ,671
Μπέλοους,671
εκφράζουν,671
Ζίρο,671
αποθηκεύει,671
Αστερίξ,671
συγγενών,671
εγείρει,671
διαγνώστηκε,671
δελεαστική,671
ποιητική,671
μ'αφήνει,671
Ραπουνζέλ,671
ντροπιάσω,671
κοψε,671
εργασιακό,670
κατώτερα,670
στηρίζεσαι,670
μεγαλειοτατε,670
ηχητική,670
σωστη,670
φυγουν,670
βοηθούσαμε,670
αιτιολογία,670
υπήρξατε,670
Σέην,670
βερμούδες,670
ταμπελάκι,670
καταστραφούμε,670
αναλαμβάνετε,670
περιορισμοί,670
χάκαρα,670
ηττήθηκε,670
Μαγδαληνή,670
προσεγγίζει,670
τετοιες,670
κίλερ,670
Τέρανς,670
τρίβω,670
οροπέδιο,670
θ'αρχίσει,670
στρα,670
φαστφουντάδικο,670
χαμηλώσω,670
εναέριας,670
Κουίντ,670
μεγαλειότατου,670
καταδρομέας,670
παχύνει,670
βιάσεις,670
απορροφημένος,670
δευτερεύουσα,670
λύκε,670
τρομαχτικά,670
πλη,670
Λίζυ,670
ομορφος,670
φάκα,669
έσωζες,669
ασαφή,669
αγωγοί,669
μοιράστηκα,669
τιμωρημένος,669
Ντιγκλ,669
πεντακάθαρο,669
πάρχουν,669
εκτίμησε,669
Λόρελαϊ,669
κομματια,669
σκνίπα,669
σπουδαιότερος,669
αιμοκάθαρση,669
κονβόι,669
εκτροπή,669
καράφλα,669
βασανίζεται,669
πείσατε,669
βοηθος,669
χειριστές,669
εννοούσατε,668
Αϊζενχάουερ,668
καθυστερήσαμε,668
κοκ,668
δειπνήσετε,668
κύπελλα,668
προφέρεις,668
απολαυστική,668
τραυματισμού,668
παιδί-θαύμα,668
συγκρατήσει,668
εξηγούν,668
απολαύσατε,668
τατού,668
άγιου,668
θεραπευτικές,668
συμβιβαστείς,668
σεισμική,668
αλουμινίου,668
ΜακΜπράιντ,668
τομα,668
μοιράζουμε,668
στερλίνες,668
διαβολο,668
πολιτιστικό,668
τσιμπημένος,668
αστοχήσω,668
εστιατοριο,668
μάσκαρα,668
στουπί,668
τρομερο,668
ληστεια,668
λιμανι,668
λιμοκτονούν,668
Μπάκετ,668
ζάντες,668
ψυγείου,668
τούμπες,668
Γκουστάβο,668
χρονολογείται,668
γκρεμίσω,668
απολιθώματα,668
αλκοολικό,668
κατανοήσετε,668
φαντάζει,667
παρουσιαστικό,667
αλήτισσα,667
περίθαλψης,667
αγορα,667
προετοιμάζομαι,667
βημα,667
χειραψίες,667
καθοριστική,667
στρείδι,667
επαγγελματικής,667
Φρανσουάζ,667
μένο,667
Μάστερσον,667
μισής,667
τηλεφωνήσαμε,667
διακοσμητικό,667
εστιατορίων,667
ρήμα,667
κρεας,667
αργοπορημένος,667
αρχάριους,667
μαγείρευα,667
ταραξίες,667
Ίβι,667
απολύσουμε,667
πνιγούμε,667
τεθωρακισμένα,666
απενεργοποιήσεις,666
ατσάλινο,666
απομονωμένοι,666
ανέμων,666
Φρέσνο,666
σβήσετε,666
τσακώσουμε,666
ακολουθήσατε,666
οικτρά,666
κρεμάς,666
πατερούλη,666
ακατοίκητο,666
θάβεις,666
αληθινα,666
Χόλμς,666
Μακγκάιβερ,666
κυκλική,666
σηκώνουμε,666
τυλιγμένα,666
υψηλότερες,666
γαλλικών,666
χιλιετίας,666
υποθετική,666
ανακατεμένη,666
αγγελική,666
αποσυμπίεσης,666
διαπιστώσω,666
τρομπόνι,666
πόθου,666
καταδρομικά,666
αποκάλυψαν,666
Γουέικφιλντ,666
μαϊμούς,666
διευθετηθεί,666
αδιάθετος,666
συνεχιστε,666
ζευγαρι,666
γενέτειρα,666
πιπεριά,666
προσ,666
φασίστας,666
Οφηλία,666
σύγχρονος,665
πρόσοψη,665
ωρίτσα,665
ράψει,665
επισκεφτούν,665
αποτελείωσε,665
υπηρχαν,665
χωρίστε,665
υποτιμητικό,665
πέπσι,665
συχνό,665
Ντίν,665
Σίδνεϊ,665
προορισμένος,665
ράβδοι,665
κοχύλι,665
διπλασιάσουμε,665
παράκουσες,665
τρύπημα,665
ουσιαστική,665
μούτρο,665
πάσες,665
Έμπεν,665
ζυγωματικά,665
ενδιαφέρεις,665
ενεργοποίησης,665
περασεις,664
εθισμένοι,664
ξεπλύνει,664
Σότο,664
Φραντσέσκο,664
αναρωτηθείτε,664
ντροπαλό,664
τέζα,664
αρειανοί,664
χοίρων,664
βλαμμένα,664
πιλοτάρω,664
τρίγωνα,664
Λιρόι,664
καταγράφονται,664
συνηθισμένους,664
διαχειριστείς,664
υποκύψω,664
γνώρισαν,664
αφελές,664
καυχιέσαι,664
μικροσκοπικός,664
ασταμάτητη,664
στεγνώνει,664
τραπεζικά,664
αμυνθεί,664
Άτγουντ,664
κατασχέσεις,664
επιπόλαια,664
Ντίκ,663
μειονεκτική,663
μετρούν,663
Γουέηντ,663
φλογοβόλο,663
ανατριχιαστική,663
καθήσει,663
μπανάκι,663
ξαναπάρουμε,663
αυτοκτονούν,663
ακαθαρσίες,663
νυχτερίδας,663
Μπέλο,663
θετό,663
Κέιμπλ,663
απαρτία,663
καβγαδάκι,663
ελαιόλαδο,663
διακοσμητικά,663
Φάραντεϊ,663
Τζώνι,663
Μπ'Ελάνα,663
οργασμούς,663
υποδομή,663
αποδοτικό,663
κρι,663
Βαγγελίστρα,663
απασχολημένους,663
κρίκο,663
κουαρτέτο,663
αρσενικός,663
μπλοκάρω,663
επανέλθεις,663
ύαινες,663
Μμ-χμμ,663
γγελοι,662
σόρι,662
τιμωρήσουμε,662
δέρνεις,662
άνεσή,662
Ντέβερο,662
κλώνων,662
άσσους,662
αποτελείωσέ,662
συγκριθεί,662
βλάπτουν,662
κάψ,662
έστριψα,662
τονίζω,662
εδαφος,662
16ο,662
πάσαρε,662
ντουμ,662
πηδιόμαστε,662
ατραξιόν,662
μάπετ,662
εξαντλήθηκε,662
τσαι,662
ξαδέρφου,662
ομολογείς,662
χτεσινή,662
ανέβαινα,662
μόρφωσή,662
ζημιάς,662
παύεις,662
Κρίλιν,662
Βόρλον,662
αντιφάσεις,661
Κρέιβεν,661
ρουθούνισμα,661
άντεξες,661
απάνθρωπη,661
σφαιρες,661
Γουισκόνσιν,661
φανταζόμασταν,661
Φάρμερ,661
Σίλερ,661
περιγράψτε,661
ερωτευτήκαμε,661
εχθρος,661
Κόρμπετ,661
όν,661
φοβηθούμε,661
απελπισμένο,661
μοναχικοί,661
Αμίλια,661
σακάκια,661
κυβερνάς,661
θειο,661
οτο,661
ξερνάω,661
Κράους,661
νοσοκόμων,661
ευγενικές,661
Αρτανιάν,661
μοναχοκόρη,661
σκουπίσεις,661
πάν,661
φθάσεις,661
προκαλέσατε,661
Ντάουνι,661
Μαρίνο,661
σετε,661
στριπτιτζού,661
δεχθούμε,660
βομβαρδίζουν,660
παντομίμα,660
μεταλλαγμένη,660
Μπέρμπανκ,660
ανύπαρκτη,660
ανταλλαγές,660
αγκαλιαστούμε,660
μεθαμφεταμίνης,660
Μπάνιστερ,660
φοιτήτριες,660
Σκάραν,660
άφες,660
καλλιεργούν,660
ρεστωράν,660
εξαντλημένοι,660
αδιαπέραστο,660
μνήμα,660
ξαναφτιάξει,660
ολογραφικό,660
παρασταση,660
μαθήτριά,660
ποστάλ,660
παραβιάζουν,660
σκραμπλ,660
παθολογική,660
αποχαιρετισμούς,660
ξεγελάσουν,660
τηλεπαιχνίδι,660
Μπάρνει,660
πιανίστα,660
ψαχνεις,660
χρειάστηκες,660
θεωρεία,660
λαϊκό,660
ζάρα,660
βολίδα,660
Ντάστι,660
επιτακτική,660
αστραπιαία,660
προσέγγισή,660
παγκ,660
Χουα,659
Πένια,659
ηγούμενε,659
γνωριμίας,659
κακοκαιρία,659
κάθετη,659
αποθηκεύσει,659
κάψα,659
Αλίς,659
επιδείξει,659
διορθώθηκε,659
ενιαία,659
απεξάρτησης,659
συνέδρια,659
ενεργειακές,659
φούρνου,659
σπάσ,659
ξεκλειδώσει,659
υποψιάζεσαι,659
προπονείσαι,659
ανέβασμα,659
κατέδωσε,659
κρα,659
Ρίπερ,659
Στράτον,659
επισκευαστεί,659
ασφαλέστερα,659
κλώτσησα,659
προστασια,659
συστηθούμε,659
διυλιστήριο,659
πλησίαζα,659
αντέχετε,659
2ης,659
σφίξει,659
προβλέπουν,659
γυναικολόγο,658
φεγγαρι,658
διάπλατα,658
κυκλοφορούσε,658
εξαρταται,658
ονομάτων,658
προμυκίνη,658
σερβιτόροι,658
Έλμερ,658
φλοιού,658
ιώδιο,658
στεφάνια,658
άθλιε,658
κάστανα,658
χωράμε,658
παρον,658
Μ.Μ.Ε,658
αγγελος,658
κωμωδίας,658
έπιανες,658
έχεσε,658
ουρανο,658
συλλογές,658
Ντανιέλα,658
σκυλο,658
Νταβίνα,658
ονοματα,658
ανώνυμες,658
μετανάστης,658
ευτυχως,657
τσακώνεσαι,657
προγραμματισμένος,657
τηλεφωνικός,657
Μπέκμαν,657
φιλέ,657
αυτοκτονούσε,657
σκυλι,657
αρμονικά,657
κρατουμένου,657
τελειότητας,657
εντομοκτόνο,657
φαρμακευτικές,657
αποβεί,657
ξεκινα,657
μυθική,657
γελιέσαι,657
δάκτυλά,656
ρωτα,656
σκυλοτροφή,656
το'ξερες,656
συζητώντας,656
μικροκύματα,656
αηδίας,656
ταρακουνήσει,656
Τσάρλστον,656
πονο,656
Μόρο,656
νοητικά,656
ορχήστρας,656
οικοδόμημα,656
ντάμπο,656
απαγορεύσει,656
περιστατικών,656
επαναφέρετε,656
πόρισμα,656
κανόνιζε,656
αράζω,656
αποκαλούσες,656
ιδιωτικού,656
αριστοκράτης,656
ακτινολογικό,656
μοναδικότητα,656
σολομός,656
Φίμπι,656
ομολογίες,656
ηπείρου,656
γεννά,656
κατασκόπευες,656
καθορίσω,656
Φλωρεντίας,656
αλογοουρά,656
εκμεταλλεύομαι,656
σκουπιδιάρικο,656
ων,656
μουσαμά,656
Μπέντλεϊ,656
λί,655
βγαλ,655
καθησυχάσω,655
γείρε,655
οσον,655
φωτογράφοι,655
κατσίκας,655
τοιχο,655
χαμογελώντας,655
αυγού,655
πατάμε,655
επιτηρητής,655
επίθετα,655
τυπά,655
οπλισμού,655
ακράδαντα,655
Ροσέλ,655
πολυεθνική,655
επιούσιον,655
εγωκεντρικός,655
επιτυχή,655
τ'αυτιά,655
βγάλανε,655
συνομιλίας,655
χρειαζόμουνα,655
Πολωνούς,655
ψυχαναλυτής,655
σκατούλες,655
χρηματιστή,655
κάστορες,654
αναστατώθηκες,654
εμπλοκής,654
υπερήφανο,654
Κορεάτης,654
σιγουρευτούν,654
ασταθείς,654
δαχτυλάκια,654
τονίζει,654
παρέχετε,654
γεμιστήρες,654
στρατόπεδό,654
μύξες,654
σκάσαμε,654
μάγειρες,654
Θησέα,654
μιλιά,654
συνέδεσε,654
Τουκ,654
έμπνευσή,654
μαυρη,654
παλουκώσου,654
σύνδεσμό,654
ΖΠΜ,654
ξεραθεί,654
κονκάρδα,654
κωλάρα,654
αμμοθύελλα,654
Άβα,654
πλουσιόπαιδα,654
πετούσαμε,654
Μπιούφορντ,654
κάβουρα,653
παρέλειψες,653
τρομοκρατικής,653
καθοδήγησή,653
το'βαλες,653
Λορένζο,653
Τσάπελ,653
κάρφωμα,653
βομβαρδιστικό,653
κράκεν,653
βρίζουν,653
Πενταγώνου,653
είδωλα,653
αμφισβητείται,653
διαχειρίζομαι,653
στρέψουμε,653
ντες,653
παίδων,653
αρνήσου,653
πραγματικη,653
εφαρμόσει,653
τρομοκρατήσει,653
δικλείδα,653
χρηματοκιβωτίου,653
Χουάρεζ,653
Μπάρον,653
Μάρκαμ,653
επανδρωμένα,653
ευθυνη,653
Φερράρι,653
Νόρθμαν,653
μοιράσει,652
τηλεπικοινωνιών,652
βούλα,652
εξόντωσης,652
ανταγωνιστικός,652
εκνευρίσει,652
ξαναβγείς,652
μπάσταρδου,652
Χιτς,652
βίασα,652
Σέφιλντ,652
Γιουλ,652
κάν'τε,652
προσθήκες,652
στέγαση,652
Ράι,652
χρυσαφικά,652
συμπίπτουν,652
Νίκος,652
τάνκερ,652
αρκούδε,652
Άντρια,652
συμφωνοι,652
μπερδέματα,652
λαγωνικά,652
ζωντανεύει,652
τοπο,652
κατακόρυφα,652
αμαξοστοιχία,652
μιλησα,652
θύτης,652
ακυρώνω,652
ταμπού,652
τάγματα,652
χαρακτηρίζει,652
δημιουργού,652
είσε,652
χαλαρώσουν,652
καράτια,652
τραγουδήσετε,652
πύον,652
ξανανοίξει,652
ρχομαι,652
επευφημίες,652
κανίβαλοι,651
ολοκληρώσαμε,651
Μάλκοβιτς,651
νυχτοφύλακας,651
χαριτωμένες,651
γυρίστηκε,651
επηρεάζονται,651
πέταγα,651
λαχανικό,651
ρωτας,651
ράσο,651
ξάπλωσα,651
Πομπήιος,651
λακτόζη,651
απειλούσαν,651
παραβώ,651
Στρίκλαντ,651
ξαναπροσπαθήσω,651
Τίριθ,651
ταχείας,651
τσάκωσε,651
απαγγελθούν,651
ελλείψεις,651
μπιμπερό,651
Λουσιέν,651
ανοικοδόμηση,651
γιγάντων,651
αδερφε,651
μήκη,651
αυθάδεια,650
βουλευτά,650
μεταδίδουμε,650
δεκάχρονο,650
θέρμανσης,650
Αιθιοπία,650
χρησίμευε,650
Άιφελ,650
τρίξιμο,650
λαούς,650
λάκτισμα,650
μόνωση,650
επιρροής,650
σινιόρα,650
κουμαντάρει,650
Νικολά,650
παραχωρήσεις,650
τοποθέτησα,650
οπλικά,650
ανθρώ,650
σουβλάκι,650
βαριόμουν,650
ψαρι,650
ισχυρών,650
Κορντίλια,650
κοκαλιάρης,650
τρομοκρατημένοι,650
εύθραυστος,650
και'συ,649
Μπόσκο,649
κατανόησή,649
ρωτησα,649
μοιραζόταν,649
προληπτικό,649
αποχαιρέτησε,649
καθαρίζοντας,649
χρηματοδότησε,649
σκοτεινού,649
κορυφαίοι,649
ανακαλύπτουμε,649
γήινους,649
κλινικη,649
προδώσουν,649
παγώνι,649
πρακτορας,649
ντάουν,649
κερδισμένος,649
ανοίγεται,649
πεπεισμένοι,649
ακλόνητη,649
απαιτείς,649
παρασυρθεί,649
λυπημένοι,649
αυτοκτόνησαν,649
ενδιαφέρονταν,649
Μπλού,649
δίδαξέ,649
ελεγχθούν,649
ήσαν,649
κρέμασα,649
τακτοποίησες,649
σπουδαιο,649
οδοντιατρικά,649
καταλαμβάνουν,649
Μπάρνς,649
υποπτευόταν,649
στοιχηθείτε,649
χτύπους,649
υδάτων,649
ποτα,648
γιασεμί,648
σκληρού,648
σαυτό,648
Μαρκέζ,648
Ρόσα,648
ανακοινώθηκε,648
κατοικιών,648
ευχηθεί,648
δημοκρατικών,648
δικοι,648
Χάγκεν,648
χώσ,648
υποβάλεις,648
καστ,648
ασφαλιστικής,648
θεραπευτές,648
Ρέημοντ,648
παρουσιαστή,648
αγωνίστηκε,648
δικαιολογείς,648
σαρκός,648
Αζίζ,648
εξωσυζυγική,648
κοτόσουπα,648
προσφέρατε,648
εξασκηθούμε,648
γλυκεία,648
λαο,648
υποχωρήσω,648
προληπτική,648
ιχνηλάτης,648
Σοξ,648
πιγούνι,648
αφάνεια,647
γλυκεια,647
συγχωρούν,647
ονόμασες,647
μαραθώνιος,647
χαράμισες,647
νικήθηκε,647
ανεύθυνη,647
άριστο,647
έλκει,647
ακατάλληλος,647
γαμήστε,647
δεθείτε,647
άφθονη,647
πετρώματα,647
τζίφος,647
Γουαϊνόνα,647
συσκέψεις,647
συνεργάστηκα,647
ανέχονται,647
τσιμέντου,647
ερωτευμένο,647
Χαβάης,647
κοροϊδεύουμε,647
ανώδυνα,647
χρησιμοποιείστε,647
κοιμαται,647
Λορντ,647
φύσημα,646
καύσωνα,646
κλάσματα,646
τραυματίσει,646
εμπλέκομαι,646
γελούσαμε,646
κουτό,646
μεξικανούς,646
ρωσικής,646
ασύρματό,646
Χας,646
χαρτάκια,646
αρσενικού,646
σπουδαστής,646
μπερδεύετε,646
ενοικίασης,646
τσιτωμένος,646
Εγγλέζε,646
συνήθισέ,646
κόντρες,646
Ζορό,646
μπάλλα,646
νεις,646
αγάπησαν,646
αβοήθητο,646
χώριζε,646
μυξιάρικο,646
παλαιστές,646
συγκεκριμένου,646
γυρισμένη,646
αντιύλης,646
μοντέρνος,646
Φλόκι,646
εξουσίες,646
λατρευω,646
απεριόριστα,646
θεωρούσαμε,646
εκλείψει,646
Ντάιαμοντ,645
αφορούσαν,645
εκτοξεύτηκε,645
τοιχογραφία,645
στάρ,645
ελατήριο,645
βαραίνουν,645
μετανοιώσεις,645
προλαβαίνει,645
παντρευτεις,645
βασίλευε,645
ρόμπες,645
Έιμπλ,645
διδάσκετε,645
ορυκτό,645
μ'έχουν,645
επιπεδο,645
επίκληση,645
παπ,645
γεννιόμαστε,645
πυροτέχνημα,645
ναυαγοσώστης,645
αλεπούς,645
ολοκληρη,645
ευκολάκι,645
επιμείνουμε,645
χανεις,645
Ρέιβενς,645
Σερένα,645
κοπείς,645
ρούπι,645
Μορένο,645
επιστάτες,645
φτιαξε,645
τρομαγμένοι,645
φος,645
συμφωνούσες,645
θεωρητική,645
Μακάριοι,644
Ρόουαν,644
Τζόνστον,644
κελιού,644
Σογκούν,644
μουσειο,644
κουνώντας,644
ένορκο,644
ταγμ,644
αδειο,644
ριζότο,644
πανοπλίες,644
αξιόπιστοι,644
δαγκάνες,644
ελεεινός,644
πρόξενος,644
κουκλί,644
εφαρμοστεί,644
γενηθήτω,644
διακανονισμός,644
Σουλτς,644
συγ,644
βαθια,644
θέσουν,644
Τζόνσι,644
κλαίγεσαι,644
σπουδαίου,644
κερδηθεί,644
κινηματογραφικό,643
καταστροφικά,643
δροσερή,643
παλεύετε,643
Εμίλια,643
πλύνετε,643
εκτελούμε,643
καθόρισε,643
κρίσεων,643
πιγκουίνο,643
φυτού,643
απέδρασαν,643
μπουκάρεις,643
ανακατωτά,643
επωφεληθεί,643
προσλαμβάνω,643
ξεσκεπάσει,643
γαϊδούρια,643
ανικανότητά,643
συμμαθητή,643
θεραπεύσουν,643
κωδικοποίηση,643
κερδίστε,643
Γκρέγκορυ,643
κατεψυγμένο,643
επανέρχονται,643
απομονώσει,643
διαλογισμού,643
6ης,643
κοσμήτορα,643
θερινό,643
Απρίλη,643
ερέθισμα,643
βίζες,643
άντερα,642
φόρτωση,642
καλόγερος,642
επιφοίτηση,642
μετακινείς,642
Ντιέγο,642
καταρρεύσω,642
απαλλάξεις,642
υπερκινητήρα,642
μεταβολισμό,642
δεσποσύνη,642
σκοράρεις,642
λώσσα,642
μονάδων,642
θρέψει,642
εξαπατά,642
παρατούσες,642
αρμάδα,642
αιώρα,642
πυροδοτεί,642
Τίνο,642
Μάιος,642
εξαφανισμένο,642
κουτσαίνει,642
ρεαλιστική,642
κόπωση,642
αναβληθεί,642
χωρίστηκαν,642
κυριαρχούν,642
έκπληκτοι,642
ομορφούλης,642
ηλικιωμένων,642
τάρτες,642
στέκια,642
τρομάξαμε,642
επιβράβευση,642
θάλαμοι,642
προετοιμάσουμε,642
αναστατώνεσαι,642
παθογόνο,642
συχνοτήτων,641
σκύψεις,641
σ'έστειλε,641
ιρον,641
γοφοί,641
σκίστηκε,641
δολοφονούν,641
πισινούς,641
γαλαξιακή,641
πλήκτρο,641
σκοτωνει,641
θεατρικά,641
σκατόπραμα,641
παρακολούθησες,641
σκυλίσια,641
εκφράζεται,641
βιβλική,641
ιδιοσυγκρασία,641
αποσύνθεσης,641
αυξήσουν,641
Όλυμπο,641
υπομονετικοί,641
μειονεκτήματα,641
ιδιοφυΐες,641
χωρος,641
καβαλήσεις,641
βαλέδες,641
Μάια,641
έκρυβαν,641
κατουρήθηκε,641
βαρυτική,641
γενικότερο,641
ριζοσπαστική,641
Ζάιον,641
γόης,641
αιμομιξία,641
εταιρικά,641
κομμουνιστικό,641
συστηματος,641
αναθέτω,640
Γκόρμαν,640
φασαρια,640
γονιδίων,640
κινείτε,640
λαιδη,640
σκέπασε,640
κλωνοποίηση,640
κοιμόσασταν,640
κύμινο,640
τικ-τακ,640
πασχαλινό,640
περσινή,640
περίγραμμα,640
συνεργάσιμη,640
χάψει,640
χαζεύω,640
Φλετς,640
Αλβανία,640
επιτεθήκατε,640
κουνελάκια,640
Ρόμελ,640
ερχεστε,640
προσλήψεις,640
ακρίδα,640
Πίλγκριμ,640
τήρησα,640
λαών,640
εξαπάτησα,640
καταδικάσεις,640
Κάπουα,640
θεμάτων,639
Χάρντμαν,639
μαλάξεις,639
αδίστακτη,639
διαρκεια,639
στριμώξουμε,639
ΙΤΑΛΙΑ,639
υποψιαζόμαστε,639
συνετή,639
συνεχιζόταν,639
παθήσεις,639
καθαριστή,639
απα,639
αποκοιμηθεί,639
θερμικό,639
ατσάλινη,639
Κρέγκ,639
Φρίμοντ,639
κοινοβουλίου,639
παγιδεύει,639
φούτερ,639
οπλοφορεί,639
παγιδεύσουμε,639
θεατρο,639
χτεσινό,639
δεσμεύομαι,639
ασφαλως,639
Φόλυ,639
μαγισσα,639
Χέτι,638
πάρλα,638
αναχαίτισης,638
επιτρέψατε,638
πή,638
δεσποινίδας,638
παγόβουνου,638
αποτύχετε,638
καλούσαν,638
ψουμε,638
ράβω,638
πιτσιλιές,638
Ζέλντα,638
υπήρχες,638
υπήρξαμε,638
εσωσε,638
Μάσιβ,638
υπεράνθρωπος,638
σβηστά,638
βόρειους,638
μαζεύτηκε,638
Μπερτς,638
μετέδωσε,638
Γκόντφρι,638
εκλεπτυσμένο,638
μετακομίσατε,638
τάμπλετ,638
εξέτισε,638
εντοπιστούν,638
Πόττερ,638
πρησμένα,638
ποδηλάτου,638
τερματισμός,638
λειτουργούσαν,637
κωδικού,637
Κάρτραϊτ,637
παθιασμένα,637
Λοπέζ,637
εφτιαξε,637
Ουέλς,637
δένεσαι,637
σθεναρά,637
Μαρλίν,637
γάμπες,637
προκειμένη,637
κοπανάμε,637
πρέπε,637
Φάροου,637
ψύχραιμα,637
σιτηρά,637
επίκειται,637
άκακο,637
παρτούζα,637
φλέρταρα,637
εξαργυρώσω,637
φτύσιμο,637
Νέντ,637
δέσμευσης,637
ηλικιωμένες,637
επιβιώνουμε,637
παρουσιάσετε,637
πυλώνες,637
μετατρέπονται,637
πόλος,637
ξαφνιάζομαι,637
στοίβες,637
Μολώχ,637
απαντησε,637
ξαναβρήκα,637
επίβλεψή,637
εκτοξεύσει,637
Έλγουντ,637
βρομοδουλειές,637
συσχέτιση,637
συγκομιδής,637
ράγκμπυ,637
βίντεό,637
αιφνιδιαστική,636
πορείες,636
περιβάλλουν,636
αναρχίας,636
δοκιμάζετε,636
κόκκο,636
μπερδεύεσαι,636
απαγορευμένα,636
δωστο,636
Φεντερίκο,636
μεσαίας,636
πικάντικα,636
συμπλήρωσα,636
θεμελιώδη,636
δικες,636
μεταμφιέσεις,636
εμποδίσετε,636
σταματούσαμε,636
Σίντει,636
βασιζόμουν,636
παλιοκόριτσο,636
αναγκάστηκες,636
χιονάνθρωπο,636
μεσιτικό,636
υποστήριξα,636
Ισίλντουρ,636
αδικίες,636
σκασμένο,636
ανδρικά,636
γονιμοποίηση,636
Ζιλ,636
ξεχασεις,636
ντύθηκε,636
παλλακίδα,636
ξεπέρασαν,636
Μακλίς,636
εξόρισε,635
περιείχαν,635
εντοπίσατε,635
ρχόσουν,635
καυσόξυλα,635
Κλάρκσον,635
επινοήσει,635
κοριοί,635
γινεσαι,635
άπταιστα,635
πιρούνια,635
Μεσσάλα,635
σημερινής,635
οδηγούσαμε,635
Λετίσια,635
ελιγμό,635
ματαίωση,635
Κειτ,635
απαγγείλει,635
Σκιλς,635
τουρισμό,635
λογιστική,635
Ντάρελ,635
χοροπηδάει,635
κάλυψαν,635
γινοταν,635
καροτσάκια,635
περαστε,635
δινόταν,635
ελευθερώνει,635
μαρκήσιε,635
σαχλαμάρα,635
στρατηγο,635
σκίσε,635
αξιωματικος,635
ετοιμοθάνατη,635
σπαράγγια,635
αρρωσταίνεις,635
ποταπό,635
Σέρπικο,635
λιμενικό,635
αργές,635
αντιβιοτικό,634
πρόδιδα,634
χαστούκια,634
Μπάζιλ,634
ψωμιά,634
Νείλου,634
Γκρέυ,634
δάνεισες,634
καπνούς,634
όποιους,634
Κλάουντ,634
γελωτοποιός,634
ραβίνε,634
ξεχασε,634
τοση,634
ακολουθίας,634
υποστηρίξετε,634
αναμένουν,634
διαπραγματεύεσαι,634
τραυματιστείς,634
Κινκέιντ,634
σχολαστικά,634
πάσχουν,634
Φρέυ,634
αναλάβατε,634
κάγκελο,634
Κουήνς,634
πλυθείτε,634
δειπνήσει,634
βασιλείων,634
Χάουελ,634
οδηγών,634
θεσμός,634
ζιζάνιο,634
αγνόησα,634
ασπίδων,634
υπόσχονται,634
αγριογούρουνα,633
Φελίσιτυ,633
εργατικές,633
Μύριαμ,633
αυτοκινητάκι,633
συνθετική,633
φράουλας,633
Γκίμλι,633
μεταξωτά,633
αποχαιρετισμός,633
επιδίωξη,633
ωάριο,633
κακόβουλο,633
Τζές,633
εσού,633
φοβηθήκαμε,633
σιδηροδρόμου,633
Αβίβ,633
απόσταγμα,633
Ξέρξης,633
Ισραηλ,633
ζησω,633
Μωρήν,633
καποιου,633
Κολόμπο,633
βρέξεις,633
αδέσποτη,633
συνα,633
εγωιστική,633
σ'τα,633
τρελαθούν,633
δοκιμασε,633
ταυτοτητα,633
Οκινάουα,633
ανθρωπων,633
κουτός,633
δοκίμαζες,633
αντιγραφέα,633
γελώ,633
σκελετούς,633
φοβισμένα,633
αναδύεται,633
διάλειμμά,633
πρόσκοποι,633
χασάπηδες,632
εξουσιοδοτημένος,632
εγ,632
γαμιούνται,632
λέγω,632
συνδεση,632
Φρέια,632
ιππεύεις,632
Χάρτφορντ,632
τοξικολογικές,632
δεσμευτώ,632
Αττίλα,632
ορίζοντας,632
εφοδιασμού,632
γκρεμός,632
ένστολους,632
βιασου,632
ανησυχω,632
κατασκευάσουμε,632
διακόψουν,632
απωλειών,632
ορκίστηκαν,632
τινάξουμε,632
τέρα,632
τσακώσαμε,632
προστατευμένο,632
ψηφίσαμε,632
Βίνς,632
ραδιοφώνου,632
συναισθηματικής,632
Νο2,632
σωσει,632
σ'αυτη,632
ρυθμιστεί,632
σχολάω,632
κολλητάρια,632
τακτοποιεί,632
Γουάσινγκτον,632
θελαμε,632
κατσαρόλας,632
νν,632
πέρνει,632
Γιολ,632
ξαναπαίξω,632
αποστάτη,632
βλέπεται,632
παράπονά,631
κόντεψες,631
συνδέσμου,631
σεναρίου,631
αφαιρέσαμε,631
ώθησης,631
τρελλοί,631
χαιρετήσουμε,631
παρανοϊκοί,631
διοικήσει,631
οδοντικό,631
φυλακισμένων,631
στόρια,631
σταματείστε,631
κλοτσιά,631
παρακάμψει,631
υβριδικό,631
χιονόμπαλα,631
ανωτερότητα,631
ησυχη,631
ξυπνάτε,631
Αντζι,631
σημαδεμένα,631
κατασχεθεί,631
τηλεκατευθυνόμενα,631
μεγαλοπρεπές,631
ανίψια,631
κροσέ,631
γία,631
πραγματικο,631
αποδείξεως,631
νεώτερο,631
κατάρας,631
αγγλικα,631
ξέφευγε,631
συμβατική,631
παρακώλυση,631
να'χουν,630
Τζαπ,630
9ο,630
γλυκόλογα,630
παρατράβηξα,630
ρίψης,630
κατολίσθηση,630
Αντώνιε,630
Μπέλφλερ,630
υποκλιθείτε,630
επαθες,630
Τζούπιτερ,630
Φράνκενσταϊν,630
γλυκών,630
σπούδαζε,630
αγαπούσατε,630
διάδοχό,630
ετοιμάσετε,630
ινστιτούτου,630
ραντεβουδάκι,630
κατέβαινα,630
μπλέκομαι,630
μαθουμε,630
αποτύπωμά,630
ποθεί,630
μηχανισμοί,630
απρόβλεπτες,630
παλιόφιλος,630
φοβηθείτε,630
παράνυμφος,630
βρομοδουλειά,630
αγαπημενη,630
έθεσαν,630
αποδοχής,630
παρακολούθησέ,630
περιστροφές,630
θορυβώδης,630
αδελφε,630
σπέρνουν,630
διακόπτετε,630
τανγκό,630
πυγμάχο,630
αιχμαλώτισαν,630
Σαρόνα,630
Μπέιλορ,630
Χιρς,630
αντικατασκοπία,630
συμπάθειά,630
ΜακΓκίλ,630
Πήγασο,630
Λαβίνια,630
πάθαινα,630
εκπροσωπήσει,630
παρακαλούνται,629
κοινοπραξία,629
μονόκερο,629
κιβωτού,629
23η,629
ενότητας,629
βραδια,629
μεταμόρφωσης,629
πληρο,629
συγκλήτου,629
Ριφ,629
καβαλάω,629
μετακινούμαστε,629
κλητήρας,629
Όριν,629
σκυλος,629
ίσιωσε,629
Ρικάρδο,629
εκθέτει,629
Κέρτ,629
λεύγες,629
στηρίγματα,629
πολέμαρχος,629
Στάρκγουντ,628
Στάλινγκραντ,628
παιδικών,628
ηρεμείς,628
Χάτι,628
συμβολική,628
εξοχότατος,628
πιασουμε,628
ευκαρία,628
δολοφονούνται,628
μπλομ,628
καθαρισμός,628
ήθη,628
ΩΧΔ,628
Οφέλια,628
κονκλάβιο,628
ρίξ'του,628
εκατομμυριούχοι,628
τσουλίτσα,628
ζιζάνια,628
διαφύγουν,628
βαδίζεις,628
αποσύρομαι,628
Εβελιν,628
βοηθηστε,628
γκρα,628
αναγκάζονται,628
τραχύ,628
φερνει,628
ν'ακούσει,628
Γούλφ,627
Πητερ,627
βλακείας,627
κανονίσατε,627
ξεγελά,627
ολόγυρα,627
παραβείς,627
αυξάνουν,627
Λέα,627
βόρειου,627
σκευωρία,627
από'κει,627
Μάρσυ,627
Τζανέλ,627
Ο.Η.Ε,627
ξεκουμπιστείς,627
τρελα,627
σναπς,627
Γκρέγκσον,627
Λίβανο,627
πεινούσε,627
ερεθιστικό,627
Πάλας,627
βιώσεις,627
ένοιωσες,627
ξαναγυρίζω,627
πεντάλ,627
προγραμμάτισα,627
ζουμερά,627
χακάρισμα,627
ύψωσε,627
εργατικός,627
χώρων,627
απτον,627
Λαρός,627
ασχολούνταν,627
σωρούς,627
λήστεψα,627
τερματίσω,627
τραφούν,627
διατηρήσετε,627
τρομοκρατικό,627
Ντούγκαν,626
χρηματική,626
ευφυή,626
κατανοούν,626
προπαγάνδας,626
επιγραφές,626
Γουόλοβιτς,626
φόρτωσης,626
εστειλαν,626
στορ,626
πρέφα,626
εκδικηση,626
φθηνότερα,626
λερώσω,626
ανοιξιάτικες,626
Βέλμα,626
τσιγάρων,626
συνηθίσουμε,626
καταζητούμενων,626
γέλασαν,626
Βόλβο,626
πληγωθούν,626
Τουίν,626
σύμφωνη,626
επείγουσας,626
κεταμίνη,626
έγχρωμος,626
Γκουκ,626
ταξίδευαν,626
ιο,626
αποχαιρετώ,626
φιλανθρωπίας,626
σαπούνια,626
άλλαξέ,626
χασα,626
παρακολουθήσατε,626
εκβιασμού,625
αντικατέστησαν,625
ταράζει,625
Κοσίμα,625
εκτελούνται,625
ακατάστατο,625
βγαλει,625
μητρικά,625
ναρκομανή,625
Βόιτ,625
εύφλεκτο,625
διέπραξαν,625
εκπαιδεύσουμε,625
ευφυέστατο,625
Μποκ,625
Λέγκολας,625
υποκλίνομαι,625
παρέλειψα,625
Τάρο,625
ξαναδούν,625
ρετρό,625
ρατ,625
γουρουνιών,625
συγκεντρώνομαι,625
σκανδαλώδες,625
Λίντσι,625
δικαστη,625
Φύλις,625
Αϊρήν,625
σχολικής,625
χτυπήματος,625
υπηρετούσα,625
Ισμαήλ,625
ρατσισμό,625
γλυτώσουν,625
κοιλίας,625
σπατάλησες,625
βουτάει,625
ξαναείδε,625
πολυπλοκότητα,625
διάδοχός,625
Λούπε,625
αυλές,625
Μασούκα,625
εξαφανιστηκε,624
σερβιριστεί,624
πήξει,624
θρηνείς,624
αγγλικής,624
Σταμπς,624
Πρόβιντενς,624
φωνακλάς,624
εμποδίζω,624
παγώσουμε,624
χάσανε,624
κοπρίτη,624
μπασταρδάκι,624
βρηκαν,624
εχεμύθειας,624
απασχολώ,624
θ'αρχίσω,624
ξυρίσεις,624
ρατσισμός,624
ραχοκοκαλιά,624
κατήγγειλε,624
επιχειρήσετε,624
πάγων,624
αποσύνδεση,624
νηοπομπή,624
πλευρών,624
μανούλι,624
παρασύρεις,624
λεσβιακό,624
φανερώνει,624
εισέλθουν,624
θ'ανοίξω,623
τιμητικό,623
ανθρακούχο,623
χάριτος,623
συντηρητικοί,623
ραδιοκύματα,623
αστειευόμαστε,623
νιόπαντροι,623
άγνοιά,623
φαστ,623
κρυστάλλινη,623
γεωλόγος,623
λιπόθυμος,623
Γενάρη,623
ψητή,623
θλιβερές,623
ονομάσαμε,623
μαγευτικές,623
προσεύχεστε,623
στρώση,623
λαγέ,623
συνταχθείτε,623
συνετός,623
χορδών,623
πειρασμούς,623
Γκόρντι,623
έβλαψα,623
χείρας,623
θυμηθούν,623
επέβαλε,623
προσγειώσου,623
σκοποβολής,623
σπαθι,623
ανορθόδοξο,623
ξανασκεφτεί,622
αντιστρέψει,622
μίζερος,622
σέλινο,622
αλογάκια,622
χωρίστηκε,622
παρενοχλείς,622
συλλάβανε,622
εγκεφαλικές,622
γκρίζος,622
17ο,622
Τσάνινγκ,622
ζήλεψα,622
Γκέρινγκ,622
Τέι,622
ψυχασθενής,622
πολέμων,622
σαμποτέρ,622
Ζάζα,622
κονγκρέσο,622
ερασιτεχνικό,622
αιωνίως,622
αποδέχονται,622
καταδικάστηκαν,622
καθαρο,622
συκοφαντία,622
μαίνεται,622
μέντορα,622
μαζεύαμε,622
συνωμοτεί,622
φυγής,622
Ντέλαγουερ,622
γιαπωνέζος,622
μεταδώσω,622
διακομιστές,622
μεγέθυνε,621
κρουαζιερόπλοιο,621
μπατσος,621
τριγυρνούν,621
Νίσα,621
ρύσαι,621
επιβιβαστούμε,621
τραβηχτεί,621
ξέρανε,621
εμπόρου,621
αφηνω,621
σαλτάρει,621
δολαρίου,621
Αλφρεντ,621
τέντωσε,621
μεξικάνο,621
μαγέψει,621
τακτοποιηθείς,621
βάναυση,621
αναπνευστικό,621
πειρασμόν,621
απαγόρευσης,621
συνεισφέρει,621
Λάρρι,621
ξεφάντωμα,621
περαστικό,621
σχίσμα,621
αφελή,621
ξαναζήσω,621
προάστιο,621
Γκρέιτζοϋ,621
Κρώφορντ,621
ανθυπολοχαγέ,621
φέρετρό,621
εικόνων,621
υποδύεται,621
απέβαλαν,621
Ρέυνολντς,621
αετούς,621
κ.πρόεδρε,621
διαφωνείτε,621
τοποθετήθηκαν,620
άσχετους,620
αιματος,620
απελευθερωτικό,620
αλκοολικοί,620
Μίλνερ,620
αίγλη,620
θρηνούν,620
αμοιβη,620
απογειώνεται,620
ρεβόλβερ,620
εκρήγνυνται,620
Αρμάνι,620
Μαργκό,620
φυσιολογικούς,620
Η.Ε,620
νοτιοδυτική,620
λυκάνθρωπους,620
υποβολή,620
κρεβατοκάμαρας,620
θυμώσουν,620
σκλάβε,620
σεληνόφως,620
ρόζ,620
μπράουνι,620
ενθουσιάζει,620
σχεδιάζοντας,620
Λούρδη,619
προηγούμενοι,619
Σέρτζιο,619
απελάσουν,619
Γκερέρο,619
μπουμπούκι,619
Τζέϊμς,619
θρηνώ,619
Μπίλινγκς,619
ομοίως,619
τύραννο,619
δηλητηριαστεί,619
Ντράμοντ,619
τσαρλατάνος,619
γυναικείας,619
ξεσκεπάσουμε,619
τοπικοί,619
βελτιώνει,619
Σκίπερ,619
ευκαιριών,619
ύδρευσης,619
σούπερ-μάρκετ,619
μελό,619
μελωδίες,619
επεξεργάζομαι,619
Χιούμπερτ,619
παραπλανήσει,619
ξεθάψουμε,619
Πάτμορ,619
Ρενάρντ,619
Φονγκ,619
σεξουαλικός,619
περιποιηθούμε,619
Μπόμοντ,619
δημοσιογράφου,619
Λάος,619
περσινό,619
αφύσικα,619
απόκτημα,619
έδειρες,619
Τρέντον,619
Σλάι,619
πηνίο,619
ξωπίσω,619
κλεμμένες,619
κουράζεται,619
ενισχυτή,618
μοτοσικλέτες,618
δημοτικότητα,618
πρωινός,618
ύριε,618
τάρανδος,618
στρωθούμε,618
δημιουργοί,618
εξαπατούν,618
μετόχων,618
ερευνηθεί,618
αδέλφι,618
διαρρήξει,618
ξεχαστείς,618
βιαστούν,618
φυσάς,618
μιλκ,618
Ρίντ,618
συντονισμό,618
αναθεματισμένε,618
πεζό,618
αχρείο,618
επιζεί,618
εργοστάσιό,618
παλιοπουτάνα,618
κλινικά,618
αυτοσχεδιάσω,618
προεδρεύει,618
γυμναστή,618
ΕΠΙΜΕΛΕΙΑ,618
Μπάλντουιν,618
δηλητηριάσεις,618
κρατηθούν,618
Κίτινγκ,618
κορόιδεψα,618
ταινιες,617
χειρουργικές,617
αυτοσχέδια,617
ντρεπόμαστε,617
θεωρείσαι,617
έγκυρο,617
τιμωρώ,617
χαλίκι,617
ντάμες,617
σκουπιδιάρης,617
Κάρολαιν,617
νέον,617
απτη,617
φορτώνουμε,617
Ντέρμοτ,617
Σαλαζάρ,617
πηγαινουμε,617
ξένης,617
επιασες,617
ορθό,617
θεα,617
αφηγητής,617
κατάφερναν,617
παιδείας,617
πίθηκε,617
άχτι,617
Σόμερσετ,617
αντιγράψω,617
διανομέα,617
μούδιασμα,617
απολίθωμα,617
αντιμετωπίζοντας,617
Μπρίτανι,617
Σπάρτης,617
ξανάρχεται,617
μπέηζμπωλ,617
ωοθήκες,616
Μορέλ,616
διπλωμάτη,616
ζωο,616
πραγματοποιήσεις,616
σκοπεύσατε,616
εναλλακτικά,616
αποσυνδεθεί,616
μ'έφερες,616
βαζάκι,616
ομοίους,616
κατάστρεψες,616
αναίσθητοι,616
Γουάτνι,616
Λαμόντ,616
Μπέητς,616
Σόρτι,616
καιρών,616
φορητή,616
άπ,616
θεωρώντας,616
κρύβονταν,616
επιθετικές,616
χωρίζονται,616
χαρτομάντηλο,616
πηδά,616
χριστουγεννιάτικες,616
Χοκς,616
Κρουκ,616
αναμένετε,616
νόμισαν,616
επικοινωνήσαμε,616
ομοσπονδιακά,616
δαίμονές,616
Ράλεϊ,615
μοδάτο,615
πανούργα,615
Ντάργουιν,615
μεταφράσει,615
ηγεμονία,615
υπερφυσικά,615
Σόδομα,615
ταράξω,615
πρωτοπόροι,615
χαρτογράφηση,615
Λίντμπεργκ,615
σκουπίζει,615
λήξουμε,615
ευγένειας,615
μεταλλάξεις,615
Μίλισεντ,615
συμμετρία,615
αναγκάζομαι,615
εφορίας,615
φορτωμένος,615
ποντικό,615
υπναρά,615
πρωτόγονα,615
Αναστασία,615
αρρώστεια,615
ξεδιάντροπη,615
σφήνα,615
ξεχνας,615
Ίντεν,615
καταλύτης,615
λειψες,615
τσακώνεται,615
ένζυμα,615
ανακατευτούμε,615
διαδικτυακό,615
αναγγείλω,615
συνεχιστούν,615
ρθετε,615
ουρανοξύστες,614
Γκρέιτ,614
πλούσιου,614
πενταροδεκάρες,614
παγίδευσες,614
Αλέγκρα,614
χορευτή,614
υγειονομικό,614
δαγκωματιά,614
ανάρρωσή,614
σαγαπώ,614
ποδιές,614
Τζαφάρ,614
οφείλουν,614
ανέρχεται,614
αποσταση,614
ασβός,614
παγιδευμένα,614
σοκάκια,614
Μαρτς,614
απεχθής,614
βάφλα,614
στήνουμε,614
σαββατοκύριακου,614
συμπλήρωμα,614
μεταμορφώσει,614
Φουέντες,614
τιτάνας,614
προείπα,614
βοη,614
λείπατε,614
χαμογελάσω,614
αποχέτευσης,614
Σάιτο,614
απαγάγω,614
αυλάκι,614
πετάλι,613
απαλλάξουμε,613
διστάσω,613
Τόρρες,613
ρεάλ,613
εξοχώτατε,613
σηκωσε,613
εχθρικοί,613
συμβούλεψε,613
Ρόντνι,613
διαρκής,613
προσβάλλουν,613
εκβιαστής,613
σκιστεί,613
εισπράξει,613
εφηβική,613
Κλόε,613
φαντασμα,613
εγκατασταθούμε,613
συνοδείας,613
πλένουν,613
περιφέρειες,613
μένη,613
καθολικούς,613
Μπέογουλφ,613
παρολίγο,613
Κενσέι,613
λάβας,613
επίσημοι,613
Φάνυ,613
Μπατλ,613
βολέψουμε,613
νοιάστηκες,613
Ολισθητήρες,613
γλάροι,613
ΟΚΤΩΒΡΙΟΥ,613
διεκδικεί,613
κατέστησε,613
αζώτου,613
θραύση,613
επιτύχω,613
καταζητούμενους,613
εννούσα,613
αριστούχος,613
μηχανόβιους,612
Μισισίπι,612
Φρέντσι,612
δειχνεις,612
αρθρο,612
Καραϊβικής,612
καρφωθεί,612
Μάρκου,612
ησυχάσεις,612
Λόμαν,612
ταύροι,612
γυαλιστερά,612
θεάματα,612
συμπίεση,612
πλωτό,612
τρελάρες,612
προσκεκλημένος,612
ουσβιτς,612
φαρμάκι,612
εξακόσια,612
αναχαίτιση,612
απωθεί,612
αποκλείσω,612
ζωντανού,612
Φέστερ,612
σχολαστική,612
καυχιέμαι,612
Γκάλβιν,612
καπάκια,612
μεραρχίας,612
γάμησαν,612
απόλυσή,612
Κάστλ,612
ενεργεια,611
Μάρτζ,611
Φέλντμαν,611
Άλιστερ,611
νυστάζεις,611
μπούρδα,611
χτυπηθήκαμε,611
καυτερό,611
νομιμότητα,611
υποθέτουν,611
μέτρησες,611
τεράστιους,611
εκθέσουμε,611
ανύπαρκτο,611
χειμερία,611
γεννιέσαι,611
απεχθές,611
ακέραιο,611
ανακτήσαμε,611
φωτογραφίσω,611
απαιτώντας,611
κυβερνούσε,611
μπειτε,611
δέρνω,611
μπουκαλι,611
γαμημένου,611
αρραβωνιάστηκα,611
κατέβασαν,611
πολύτιμοι,611
Αντριαν,611
βίαιους,611
ντύσιμό,611
πρωτοφανές,611
μέτοχοι,611
καταναλώνει,611
ενωμένους,611
γδυθείς,611
να'μουν,610
Αμίν,610
Μελβούρνη,610
πιάτσας,610
ριψοκίνδυνη,610
ανεπιθύμητος,610
χρωμα,610
χερσόνησο,610
δούλα,610
οδηγήθηκε,610
Δανιήλ,610
ονειρέψου,610
φτάσε,610
τεθωρακισμένο,610
τόρο,610
πληροφοριακά,610
πηδηχτείτε,610
θρύλου,610
κουκούτσι,610
παρκάρουμε,610
γνωρίζονταν,610
κράτησή,610
χρησιμοποιούνταν,610
μίσθωση,610
οικισμό,610
δηλώσουμε,610
βρισκεις,610
αποκάλυψες,610
διάγνωσή,610
μίξερ,610
συνθετικά,610
κόκκος,610
σκυλια,610
περισσότερων,610
πρόληψης,610
καβάτζα,609
καταθέσουμε,609
συνηθίζουμε,609
ισχυρού,609
Βίρτζιλ,609
Σμάιλι,609
οίκημα,609
γαργαλιέμαι,609
προσκληθεί,609
εξαπλώνονται,609
τιποτένιο,609
μάθανε,609
ρός,609
ψωμι,609
χιλιοστό,609
κεραυνοί,609
διαθέσω,609
βράχων,609
ζώδιο,609
εθνικών,609
θετοί,609
ομπρέλες,609
συγκρίνετε,609
ξόδευε,609
γοητεύει,609
τυπικές,609
βασιλέως,609
βαρος,609
Φλάναγκαν,609
εναι,609
μύριζα,609
Ντάιμοντ,609
εθνικούς,609
Φερμίν,609
γκρεμίσουμε,609
τρομαγμένο,609
πονούσα,609
φτερούγα,609
εκτελείται,609
Γκλέν,608
βασανισμό,608
στιγμούλα,608
υπηρετώντας,608
στρατιωτης,608
αναστατώνεις,608
τέσσερίς,608
γιων,608
αποβάλλει,608
σπασμοί,608
τελειωσα,608
συνάθροιση,608
λατίνος,608
διαταραγμένη,608
ξεμπερδέψω,608
ναυτικά,608
αφαιρέθηκαν,608
σέικ,608
προπάππους,608
φλυαρίες,608
ερθετε,608
κυνήγησέ,608
παέι,608
ενθάρρυνα,608
δηλώθηκε,608
συνεύρεση,608
ορμάει,608
κατεβάζουν,608
καπιταλισμός,608
εγωιστή,608
αναπαυτεί,608
αριθμος,608
μπανάνας,608
καταδιώκω,608
παραλείψεις,608
απόψεων,608
ευχόταν,608
σέντς,608
παρέλαβα,608
χιλιετίες,608
ενεργούμε,608
μήνυσε,608
ξυρισμένο,607
αποπνικτικά,607
συνέλθετε,607
κάντην,607
Λάι,607
τριτο,607
εξοχότης,607
Μπέλ,607
κιχ,607
Μάτα,607
ανταγωνιστικό,607
τιμήσετε,607
πέστου,607
βιβλιαράκι,607
καθοδηγείς,607
Πράιντ,607
χος,607
δρομους,607
Όραντζ,607
θα'κανε,607
ευρύχωρο,607
κωδική,607
δαιμόνια,607
πηγαινα,607
εκπροσώπηση,607
ρομποτική,607
γιούχου,607
αποθηκη,606
φιλεύσπλαχνος,606
πιστολάδες,606
λυκιά,606
αστεροειδών,606
σαρώνει,606
ανάξιο,606
βαθμίδα,606
Τίμοθυ,606
καλλιτεχνών,606
πυλη,606
δεόντως,606
θεωρείστε,606
διευθέτηση,606
Υβ,606
Κινέζων,606
σέρυ,606
φθόνο,606
αλλαξιά,606
Χόλογουεϊ,606
Σούζε,606
αλιγάτορας,606
ευχαριστήσουν,606
σεξουαλικότητά,606
μπέιζ,606
εστιάσει,606
στέρησες,606
Κάραν,606
προσβλήθηκε,606
χρηματοδότησης,606
παραδέχονται,606
ανθρωποειδές,606
αισθήσεων,606
Γαία,606
μπουρμπουλήθρες,606
ιπτάμενες,606
διοικείται,606
εξοργίζει,606
Βέλγος,606
Ευα,606
μακροπρόθεσμη,606
μακρόχρονη,606
ξαναβάλουμε,605
τελειώσαν,605
εφημεριδα,605
άσχημους,605
αντιστοιχούν,605
λογαριασμο,605
ενταχθεί,605
δικαιολογήσεις,605
θα'κανα,605
καταγεγραμμένο,605
βλεπες,605
καλικάντζαρος,605
ξανάρχισε,605
μπλέκονται,605
2ον,605
τριγυρω,605
Σαλώμη,605
Πέτερ,605
βιώνουμε,605
ψηλέ,605
ευγενούς,605
Νεπάλ,605
υπηρέτησαν,605
ξεκινησε,605
γαμου,605
βελάκι,605
Φλόυντ,605
ωραιότερα,605
εμπιστεύτηκαν,605
Σονγκόχαν,605
Λαβέρν,605
Μπάχα,605
διαδοθεί,605
ασορτί,605
Μπόουν,605
εκλάπησαν,605
λιμοκτονώ,605
δινε,605
βρισιά,605
συγκεκριμένοι,605
εκπροσωπούμε,605
προετοιμάστε,605
συμφοιτητές,604
ξυρίσματος,604
ημείς,604
πολέμησέ,604
αγνοειται,604
συγχωρούσα,604
απέσυραν,604
φωτεινός,604
ταρακούνησε,604
αδελφάκι,604
Σαρίφ,604
διαπιστευτήριά,604
Ρεμί,604
Έκτορα,604
κάλυπτα,604
υπερπέραν,604
Αιμίλια,604
νόσημα,604
κολύμπησε,604
καθαρίζετε,604
Κόνερς,604
γλείψε,604
προστατευόμενη,604
ζωγράφιζα,604
τεχνικών,604
κυβερνήσουμε,604
χωράω,604
ζουζούνι,604
νέγρε,604
Κίττυ,604
τηλεπικοινωνίες,604
Αλμπέρ,604
ναυαρχίδα,603
στοιχειώδη,603
εξαρτημένος,603
υπόλογος,603
αόρατες,603
αντιστάθηκαν,603
εγκατέστησε,603
κουάκ,603
αδελφούλη,603
πούμα,603
Μπρεν,603
διάβρωση,603
πίτας,603
κουρασμένα,603
μυαλουδάκι,603
επενδυτική,603
νάιλον,603
Φάρις,603
αναλώσιμοι,603
Βίκερς,603
προτεστάντες,603
εξουδετερώσω,603
συμβουλεύεις,603
γνωστών,603
θαυματουργή,603
εκνευριστεί,603
ταχύπλοο,603
εισάγω,603
καινουριο,603
χούλιγκαν,603
έντερά,603
επαιζα,603
Μόνταγκ,603
Άιρες,603
καύσης,603
Σανγκάη,603
υποθέτει,603
σηκώνετε,603
πίνε,603
κυριου,603
Στάν,603
φρεσκάρω,603
δούλεμα,603
Γκίνες,603
κουβεντούλες,603
Έλλις,603
καταρράκτης,603
αράζουμε,603
χωρητικότητα,602
έπειθε,602
επισκευάσει,602
απόγονο,602
αμέτρητους,602
πρωταγωνιστές,602
ΜΑΝΧΑΤΑΝ,602
κοιλιακό,602
παγωτατζίδικο,602
παιδιατρική,602
μανάρι,602
ψοφίμι,602
μηχανες,602
Ρόρσακ,602
ωστέ,602
Δεκέμβριος,602
υποβρυχίων,602
καταδίκασαν,602
νευρικού,602
σημαδούρα,602
εκτελέστηκαν,602
χαμηλούς,602
Τζειμς,602
Έβελυν,602
ολοκληρωθηκε,602
εικοσιτετράωρο,602
ευρήματά,602
ρώταγε,602
στάθηκαν,602
τιμολόγια,602
προβλέπεις,602
Γκόλντστιν,602
φέρονταν,602
φαρδύ,602
κρεμάνε,602
πτέρυγες,602
Ντεγκά,602
μαφιόζοι,602
δυναμώσεις,601
Σβετλάνα,601
πλήγωνα,601
υποψιαζόμουν,601
υπόγειες,601
Σήλια,601
μυρίσουν,601
μοτέρ,601
λέπρα,601
αντιμετώπιζα,601
Τζούντα,601
χρηματοδότες,601
ηρέμησα,601
άναυδος,601
προσποιηθεί,601
πλησιάσαμε,601
γραφει,601
χοντρομπαλά,601
Τουέιν,601
αναχωρούμε,601
εραστών,601
Μπαχάρ,601
νοιώθουμε,601
δημόσιους,601
επαναφοράς,601
χάρτινο,601
Φιλαδέλφειας,601
κεριών,601
άπαχο,601
διαχωρίζει,601
ομφάλιο,601
στερεό,601
κατασκόπευε,601
εφτασαν,601
Γκεβάρα,601
τερματιστεί,601
προέλαση,601
Χάτσερ,601
σκάμε,600
Πιατί,600
αφρόλουτρο,600
αποκλειεται,600
όντων,600
κενού,600
ανέβασες,600
στρατου,600
βουνο,600
Λέικερς,600
Βερμούδων,600
αντιπροσωπεύεις,600
Λορέλ,600
σερβιρίστηκε,600
ΑΠΡΙΛΙΟΥ,600
αναγούλα,600
έδαφός,600
βάδισμα,600
εθνοφυλακή,600
αποδεχτείτε,600
εντολες,600
ιεροβότανο,600
νοσήματα,600
Βάι,600
δικαιούστε,600
στερεά,600
παραταχθείτε,600
Ριχάρδο,600
ιππέας,600
αυνανισμό,600
Αρκάνσας,600
πνιγόταν,600
συμπληρώσουμε,600
εξυπνότεροι,600
Ντεάνα,600
ταραχοποιός,600
τριμήνου,600
σόλες,600
αστρονόμοι,600
θυμίζετε,600
σουλτάνο,600
έπραξες,600
αποδώσω,600
κινήσου,600
Μπάουερς,600
επιδιορθώσεις,600
άρση,600
καταδίκης,600
εκλεπτυσμένη,600
αυτοκαταστραφεί,599
εβαλαν,599
περιουσιακό,599
Σέρβοι,599
ανάμνησή,599
σκοτεινοί,599
καθοδηγήσεις,599
Σατό,599
κεμπάπ,599
μουδιάσει,599
Μολάρι,599
καταφερεις,599
Τζαίυν,599
μπουμε,599
μετρ,599
συγκυβερνήτη,599
εμφανισιακά,599
γράφημα,599
πόλεμό,599
σεβαλιέ,599
εξουδετερώθηκε,599
μάλον,599
τάιμ-άουτ,599
γλείφω,599
παρασύρουν,599
καθαρότητα,599
παχαίνει,599
καθαρόαιμο,599
Κλαίρη,599
γκαρσονιέρα,599
παλεύαμε,599
υποχωρούμε,599
κουκίδες,599
πιασμένος,599
βαλον,599
θεραπεύω,599
βαριούνται,599
ζενίθ,599
αεροσυνοδό,599
διαδικαστικά,599
θέσετε,599
ζόρια,599
συμπεριφερθείς,599
παρεξηγήσετε,599
καθρέπτης,599
εμπάργκο,599
λεπτομερείς,598
προστατευτούμε,598
αγωνιστής,598
εγκαταλειφθεί,598
προσπαθεια,598
μακάβρια,598
ζιγκ,598
θεραπευτήριο,598
διαγνωστικά,598
μαθα,598
παρακολουθούσατε,598
τήξη,598
θύελλες,598
σκέτα,598
Γουόλτον,598
Μπέρτ,598
Σόρεν,598
εναπομείναντα,598
εξωφρενικά,598
Κουαν,598
τουριστική,598
συμπονετική,598
Στάρμπακς,598
Ντιλάιν,598
χανα,598
διχασμένη,598
Εντμουντ,598
αισιόδοξο,598
απεναντίας,598
κοιταξέ,598
τσακώνομαι,598
πλάτης,598
εξαπέλυσε,597
Βουλγαρία,597
ακυρώθηκαν,597
συρθώ,597
συναγερμος,597
προσκαλέσεις,597
ξεμείνουμε,597
κολακείες,597
φτερών,597
αεροπλανοφόρα,597
βαράνε,597
ψιλή,597
οδηγος,597
ακουμπήστε,597
συντέλεια,597
επιχειρηματικές,597
μαλάκω,597
αμόκ,597
ποιανής,597
θέλουνε,597
ανακοινώσεων,597
έλικα,597
γιορτάζαμε,597
υστέρων,597
Ρουλέ,597
παροχές,597
περιποιηθεί,597
αποδείξαμε,597
απογοητεύουν,597
συντριπτική,597
Σμι,597
αλα,597
γκρινιάζουν,597
νυφίτσες,597
απαντηθούν,597
Γκέηλ,597
πληρωσω,597
σχηματίζει,597
απαλλάσσεσαι,597
έσυ,597
τρελαθούμε,597
ν'ανοίξεις,597
δίστασες,597
Στακ,597
εφευρέθηκε,596
αισθητικής,596
πέτρινη,596
μ'έπιασε,596
ισια,596
ταυτοποιήσουμε,596
αρχιμηχανικός,596
τελικού,596
βούτηξες,596
εξολοθρεύσουμε,596
ομοφυλόφιλο,596
χρυσαφι,596
ρανς,596
Όντρει,596
προσγειώσεις,596
σκοπίμως,596
νευρολόγος,596
προσέχαμε,596
ξεκαθαρίζει,596
Μπέσι,596
καλλιεργεί,596
συντρίψουμε,596
κατασχέθηκε,596
εικονα,596
κλίματος,596
φούμαρα,596
σύνοδος,596
αναβάλω,596
κλειδιού,596
τρα,596
βρίζω,596
κρυπτονίτης,596
μινκ,596
σέλερ,596
Γέηλ,596
Μπόκα,596
Μαρίν,596
οδηγήσαμε,596
στέλνονται,596
αυθεντικότητα,596
αισχρή,596
Κροατία,596
προστάτεψα,595
αναγκών,595
πετάχτηκα,595
αβοήθητοι,595
αγωνιστικά,595
ξεπερνάω,595
ξαναβάλει,595
καθησε,595
Ματόμπο,595
κανόνιζα,595
φθινοπώρου,595
ξεπερνάμε,595
προσφέρθηκαν,595
Χάρντυ,595
ανισόρροπος,595
ορατά,595
ζησεις,595
γκέη,595
Μπάκ,595
καλοδεχούμενη,595
γράσο,595
ασιατική,595
Μπάκμαν,595
καυχιέται,595
Μπάγκγουελ,595
επισκέφθηκα,595
καθηγητης,595
αντιστέκομαι,595
βάρβαρους,595
Τσέχωφ,595
γήινος,595
μαρκάρισμα,595
πλαισίου,595
φαντάζονται,595
εβγαλες,595
μποξεράκι,595
βρόμικος,595
φυσαρμόνικα,595
Ρέιμπερν,595
γηραιοί,594
συνολάκι,594
παραχωρήσει,594
πλήγωσαν,594
ΜακΝάλι,594
ευρύτερο,594
Εωσφόρε,594
μακρινός,594
χόρεψες,594
νομίζεται,594
ΕΚΑΜ,594
πηδούν,594
δέσ,594
ελιγμός,594
ξαπλώσετε,594
νησιών,594
πλοιάρχου,594
γκόμενας,594
Ναζ,594
τ'αστέρια,594
γλύψεις,594
προπαντός,594
ωτοασπίδες,594
καείτε,594
δήλωσες,594
μεταγραφή,594
κρατουμένους,594
χορτάσει,594
ακλόνητο,594
θεωρούμαι,594
παραδίδεται,594
καχύποπτη,594
Τιτανικός,594
επιχειρεί,594
χαμήλωσέ,594
εργοστασιο,594
λαμβάνονται,594
επικοινώνησαν,594
ικανές,594
σήραγγας,594
Κόρυ,594
Βίγκο,594
προβολέας,594
ξαναβγώ,594
κομμουνιστική,594
ευχαριστηση,594
εξολοθρευτές,593
μπλέκουν,593
ψιλικατζίδικο,593
βομβιστικές,593
Ίτσι,593
Ατλαντίδας,593
σπιτονοικοκύρη,593
γκάλοπ,593
χιμπατζή,593
αρουραίου,593
σέρνουν,593
κακομεταχείριση,593
Ζουλί,593
γάντζος,593
Μάριν,593
κοντινές,593
Αφρικη,593
προσαρμόζονται,593
έε,593
ανακεφαλαιώσουμε,593
συνδυάζει,593
Κλίο,593
κέντα,593
μαντέψετε,593
ποτηρι,593
πειθαρχικό,593
απόγειο,593
κωδικών,593
αίρομαι,593
σκοπεύαμε,593
αξιόπιστα,593
εισαγωγικές,593
ποθώ,593
λιστερ,593
γερμανοι,592
μετριοφροσύνη,592
υπέρταση,592
ψευδώνυμό,592
Χάρτλεϊ,592
κορυφαίες,592
περιπλανώμενο,592
τσουλήθρα,592
απέδρασες,592
ελβετική,592
καλλιτέχνιδα,592
λειτουργήσω,592
δύστροπος,592
άρνησή,592
αρετής,592
χωνάκι,592
υπαίτιος,592
τρεισήμισι,592
πτωση,592
Τόνια,592
ανοιξτε,592
συννεφιά,592
τραγούδησέ,592
διαλυμένος,592
στεγνώσω,592
Σαβίνο,592
φορτίζει,592
σούπες,592
ξάπλα,592
σάπιος,592
καταδικαστείς,592
νικοτίνης,592
ιδρώνουν,592
Νείλο,592
χειρισμός,592
σμηναγό,592
καταδικάσω,592
καταχωρημένος,592
υπογειο,592
λογοδοτήσεις,592
κούφια,592
αφήσε,592
σιγουρέψουμε,592
διαστημα,591
Τζουζέπε,591
Μπέρκ,591
συμφωνω,591
Τζιμι,591
περαστική,591
μεταδίδουν,591
φερομόνες,591
επεσες,591
αρχεια,591
προσφέραμε,591
πιστοποίηση,591
ξεκουμπίδια,591
πιστολι,591
βαρέθηκαν,591
τυποι,591
γνωρισω,591
μπουκ,591
δρεπάνι,591
στασιαστές,591
πέσ,591
έχ,591
ειδεχθή,591
εκκεντρικό,591
αναξιόπιστη,591
πρέσβεις,591
μεγαλοδύναμε,591
δωροδοκήσεις,591
Μαλφόι,591
φορούσατε,591
νοικιάζεις,591
γρύλο,591
χόκει,591
ξεκολλήσει,591
τρομεροί,591
εγχείρησης,591
διασκέδασή,591
εξαρτημένη,591
Καμπίρ,590
Φίνι,590
διαμαρτυρηθώ,590
μετακίνησες,590
υιοί,590
απελευθερώσουν,590
εκκενώσουν,590
παγετώνες,590
υπόλειμμα,590
απεργίες,590
αποδεχόμαστε,590
σ'αγαπάμε,590
ψωνίσουμε,590
Λέιντι,590
τέιζερ,590
δεκατέσσερις,590
ατέλεια,590
επιτροπη,590
στριμώξω,590
17η,590
αντεπιτεθούμε,590
διοικήσεις,590
φρέσκες,590
υπερωρία,590
διάδοση,590
Ντιουκς,590
αισθησιακό,590
ζέστανε,590
υπέβαλα,590
στήσατε,590
σορτσάκια,590
κόψατε,590
μαστουρωμένοι,590
πειράζετε,590
Μπάνυ,590
Φιμπονάτσι,590
Ιμ,590
όψεις,590
συνε,590
ανησυχούσαν,590
προόδους,590
γκέυ,590
βάζατε,589
απασχόλησε,589
υποθετικό,589
δράσουν,589
υψώνεις,589
μινιόν,589
χαμού,589
αποθηκευμένα,589
γράφονται,589
Πόρθος,589
Μπρούερ,589
πληγώνεσαι,589
ροπή,589
ΜακΦλάυ,589
ορίζεις,589
μέτρου,589
πλάνη,589
στοιχηματίσει,589
Σούμπερτ,589
παρασύρω,589
Σιφρ,589
θέλησαν,589
νοιάξει,589
παραδοσιακές,589
φυστίκι,589
εμπλακούν,589
απροθυμία,589
Τζέρζι,589
Τζάνους,589
κερατάς,589
πτηνό,589
θανάσιμος,589
φυλακίσει,589
τηλεπαθητική,589
ανεξήγητη,589
κατευθύνω,589
κρεβατάκι,589
Τζεικ,588
λερώσει,588
φυλετικό,588
συμβούλων,588
παλαιστή,588
εκπλήρωσε,588
κατακρίνω,588
κατασκεύασαν,588
διαφορετικο,588
βλακας,588
κουνηθειτε,588
Τραμπ,588
σγουρά,588
εξαφανίζομαι,588
αφύπνιση,588
αποφυλακιστεί,588
εξοντώσω,588
γιο-γιο,588
βαθούλωμα,588
ρώσσοι,588
αρμοδιότητες,588
Ελις,588
κώδικά,588
ανιχνεύσουν,588
ψωνίσει,588
Ρούθ,588
δυσκολευτείς,588
γιορτάσετε,588
σμήνη,588
επιμείνει,588
εη,588
Μπρον,588
ατιμία,588
κοιλία,588
Σάλιντζερ,588
Τούλσα,588
μεγαλοπόδαρος,588
απόκρυψης,588
υπηρετήσουν,588
έπλενα,588
αντίπαλη,588
συνταξιοδότησης,587
επικίνδυνων,587
ανάξια,587
παλιάνθρωπε,587
Έηντ,587
Φρέντρικ,587
αναφερθείτε,587
γευματίσουμε,587
Γιάμκα,587
έπαψαν,587
κλου,587
ελικοδρόμιο,587
υποκλοπή,587
επικοινωνείτε,587
προκαλούνται,587
πακετάρουμε,587
αναγκάζεται,587
θείτσα,587
κρέμες,587
πόλεως,587
Καμάρο,587
προσφέρεσαι,587
διέρρηξες,587
ηθικού,587
Μέλμαν,587
κολακεύεσαι,587
τ'άκουσες,587
πνιγόμουν,587
εκπέμπουμε,587
παραβιάζετε,587
απομνημονεύματα,587
μπουλντόζα,587
σκοτωνόταν,587
οβίδα,587
ρέουν,587
δυσαρεστημένοι,587
πυρσό,587
Ν.Υόρκης,587
κατέθετε,587
ηττημένος,587
μαγνήσιο,587
ανάγνωσης,587
καρφώνω,587
λογής,587
περιορισμένα,587
αποσπάσουν,587
φαντασμένος,587
ξεθωριάσει,587
χαλάμε,587
κυνηγόσκυλα,587
αποκρουστικός,587
εκκενώσει,587
ασήμαντοι,587
αθάνατους,587
Σουλτζ,587
ξεσηκώσει,587
τηλεπαθητικός,586
σφοδρή,586
χρειαστεις,586
πουλούν,586
μειώθηκαν,586
βιολογικού,586
επαιζε,586
μεταμόρφωσε,586
συγχυσμένος,586
Μπέργκεν,586
φυλαχτείτε,586
περιγράφετε,586
κηρύσσω,586
μιλατε,586
ενεργούσε,586
κολεγιόπαιδα,586
καταστροφών,586
έχωσαν,586
αστραφτερή,586
μπάζει,586
διοικήσω,586
σορός,586
αρπάζω,586
βιόλα,586
σαματάς,586
ανιχνεύσουμε,586
διευθετήσω,586
αποφασιστικότητά,586
πατώντας,586
άξονας,586
Γένοβα,586
μπράουνις,586
μανικετόκουμπα,586
ζιβάγκο,586
τρώγλη,586
χρη,586
εξαπατήσω,586
παλαιότερο,586
ανταλλάξουν,586
μονάχη,586
Σάξονες,586
Κρούσο,586
Λοράν,586
απομονώσω,586
μάσησε,586
χιτώνα,586
σιδηροδρομική,585
πάσχεις,585
φοβίσεις,585
Μάρκι,585
πραγματικότητες,585
Μαίου,585
για'μένα,585
έξοδό,585
Αϊ-Βασίλη,585
πουληθούν,585
Ιζαμπελ,585
τιμωρίες,585
πόσω,585
Γιουσούφ,585
θυρών,585
Λόνγκ,585
σαλπάρω,585
ληστειών,585
ρέις,585
ανοίγματα,585
μολυσμένους,585
Μαρτ,585
διστάζει,585
ΓΕΚ,585
οδο,585
εξομολογηθεί,585
Χάρβεη,585
τελειωνει,585
θαυμαστών,585
σκαμπανεβάσματα,585
Κόνυ,585
φιόγκο,585
χάδια,585
δηλώσατε,585
φαινόμουν,585
κομήτες,585
Χάκετ,585
παραλια,585
πιασω,585
μπεκρής,585
χαράδρα,585
σοφιστικέ,585
ολόιδιο,584
πιωμένη,584
κρίσιμα,584
γκρεμίσουν,584
υποκλοπές,584
Ολλανδοί,584
σημαδέψεις,584
κατασκηνωτές,584
παραιτηθούμε,584
δανείζομαι,584
απλώνει,584
αφέντισσα,584
καρμπυρατέρ,584
ζήλευες,584
τάρανδοι,584
ντροπιάζει,584
αξίωση,584
Κράσσος,584
σύγχρονες,584
Αντισμήναρχε,584
νομιζουν,584
σίτα,584
ξεκούρασης,584
κοιμηθεις,584
ηγούμαι,584
ασφαλισμένη,584
νάχει,584
τηλεμετρία,584
αποκαλυπτικό,584
κτηνώδη,584
αναπαριστά,584
λοιμό,584
νάρθηκα,584
πελατες,584
διαχειριστές,584
τακτοποιήσαμε,584
κουπαστή,584
υπέροχης,584
χάδι,583
προγραμματίσω,583
φτιαχτούν,583
υπαξιωματικέ,583
Ντέντλοκ,583
επέλεγα,583
Ισαβέλλα,583
Τζεφερσόνιαν,583
αντίμετρα,583
Πόλοκ,583
ξεφεύγω,583
ντράπηκα,583
Τζώννυ,583
άγκυρες,583
πρόσθετη,583
μανούβρες,583
καταγγείλει,583
αγόρευση,583
πιστωτές,583
υποτροφίες,583
διαλύσαμε,583
δυσάρεστος,583
διακύμανση,583
κροκόδειλους,583
φοβο,583
παρελάσεις,583
πεισθεί,583
βεληνεκές,583
σκληρο,583
ψυχιατρικής,583
μπερδεύομαι,583
κρατησε,583
μετρίου,583
ξάφνιασες,583
χάρηκαν,583
διεκδίκηση,583
ευγνώμον,583
παράτησέ,583
συμβουλη,583
Καζακστάν,583
γλυκοπατάτες,583
παραμυθιού,583
συνειδητοποιήσουν,582
αλλαγών,582
αιμορροΐδες,582
υπήκοοι,582
μηλίτη,582
ψήσεις,582
ανατρίχιασα,582
σκατώσαμε,582
δασκάλων,582
μετρούσα,582
φιλι,582
μεταφράζεται,582
διοικητικά,582
Ιακώβ,582
ανίατη,582
παιξουμε,582
μεταβιβάσω,582
Πίνκμαν,582
μεγαλε,582
Ρούμπυ,582
τροχιές,582
Αγγλοι,582
γλυκάκια,582
κηφήνες,582
πήδαγε,582
επιχειρήματά,582
ναρκώσει,582
λαχταρά,582
αρχίζαμε,582
λινγκουίνι,582
δέσμευσή,582
αμαξιών,582
κρεμάει,582
συλλεκτικό,582
Μπρέιν,582
διατάζουν,582
απειλητική,582
υπογραφής,581
τρυπάει,581
Κρους,581
τρεχα,581
κέρδιζαν,581
προωθήσουμε,581
δουλεψει,581
τέλως,581
Χιουκ,581
λόρδοι,581
ειδωθήκαμε,581
αντιστοιχία,581
αποχωριστώ,581
σ'όλες,581
μετακομίσουν,581
ευελιξία,581
ευλόγησέ,581
εκπνέει,581
κακουχίες,581
Αγγλος,581
βγαζει,581
ψηφίζουμε,581
κάνης,581
ΣΙΤΙ,581
Πόππινς,581
κρέμασες,581
τρύπωσε,581
ζαλάδες,581
λικά,581
Ντόναχιου,581
ποιων,581
Τρον,581
σχολιάσει,581
Φάουστ,581
έκλαιγαν,581
κορόιδευες,581
γέρικα,581
Ρόντερικ,581
αφέσου,581
πιστωτικό,580
δόρατα,580
ανατίναξα,580
φλυαρείς,580
ναυτικούς,580
βοηθητικές,580
Τζασμίν,580
κάηκες,580
κλιματισμός,580
Μίσυ,580
παραβάτης,580
έτρεμα,580
Τίφανυ,580
εμφανιζόσουν,580
τυφλώσει,580
κρυώνουν,580
Αρτι,580
πλέι,580
φτασαμε,580
διοίκησή,580
ανακατεύεστε,580
συνοδεύεις,580
ρουφάνε,580
φλυαρώ,580
παρεξηγήσατε,580
πάγκος,580
μιλίου,580
ψοφήσει,580
αγύριστο,580
στεναγμοί,580
έβδομος,580
βασανίζω,580
νίτρο,580
κανίβαλος,580
αντανακλαστικό,580
χοροπηδάς,580
Κοντ,580
ξυραφάκι,580
ζο,580
βάφτιση,580
επικεντρώνεται,579
εισόδημά,579
επικερδές,579
παιζω,579
αυτόγραφό,579
φωνακλά,579
πολλη,579
μοίρασμα,579
ισημερινό,579
κατανοείτε,579
παγιδεύσεις,579
κρυφοκοιτάς,579
ενοχλητικοί,579
πνίξουν,579
μ'έβαλε,579
νοιξη,579
αντα,579
βορειοδυτική,579
λόγιος,579
πληρωθείτε,579
κατανάλωσης,579
Μικς,579
ηθελημένα,579
εξαγοράσω,579
αποδεχτούν,579
υπέγραφε,579
Μίνο,579
γλοιώδες,579
αγαπημενο,579
περικεφαλαία,579
Κέρυ,579
Κιτάι,579
πιαστώ,579
μπορού,579
τεχνίτες,579
αφεντη,579
ποίμνιο,579
Ρόντ,579
ξενύχτησα,579
συνειδητοποιήσουμε,579
γοργά,578
Μπράιεν,578
ΙΑΠΩΝΙΑ,578
μελετήσουν,578
Χάλυ,578
θρησκευόμενος,578
ταίσω,578
μοίραζε,578
ταξιδιών,578
κούκλας,578
Γιάνγκερ,578
περιφρονώ,578
τιμωρήθηκε,578
συνδρομητής,578
γυρισα,578
ιεραπόστολος,578
διαλογής,578
Τρανσυλβανία,578
μονόκερος,578
αφασία,578
επειγον,578
καλλυντικών,578
φτέρνα,578
τουαλετα,578
ξυλείας,578
κουκίδα,578
νω,578
δορυφορικά,578
ταυρομάχος,578
αποζημίωσης,578
ηλιόλουστο,578
ραδιενεργή,578
Νίκα,578
καταγράψεις,578
περπατούσαν,578
ζάλη,578
Σμόκι,578
δέχονταν,578
φοιτητικό,578
αντιπαθεί,578
κλοτσιές,578
θνησιμότητας,578
Πέρεγκριν,578
μεθάω,578
Τούλα,578
μαθαίνονται,578
εγγονού,578
γράφτηκα,578
σκαρφαλώνω,578
Τίνκερμπελ,578
συμφωνούσαν,578
αποπειράθηκε,578
χώθηκε,578
ανωτέρων,578
σκίζω,578
όμουν,577
παρμεζάνα,577
ευνούχος,577
στάθμευση,577
υπαινιγμούς,577
επιθεώρησης,577
Όξ,577
εκμεταλλεύσου,577
άπλυτά,577
Ντρόγκο,577
συμπίπτει,577
Λιουκ,577
εκατο,577
ανάδοχες,577
διακινδυνέψω,577
δραστήρια,577
συνταγματαρχα,577
κηδεμονίας,577
μπουζί,577
σύνταγμά,577
κλαρινέτο,577
νος,577
παραδειγμα,577
ενεργοποίησα,577
παραλάβουμε,577
Γκάλαχαντ,577
Κάρστον,577
κολακεύομαι,577
χειλιών,577
πνίγονται,577
χαϊδεύεις,577
Χόθορν,577
τσάρο,577
καρφάκι,577
διατηρούσε,577
ορίζουν,577
διαβαστεί,576
εμπιστοσυνη,576
βρετανικού,576
ΑΒ,576
ψήνεις,576
βροχερή,576
αποβίβαση,576
ινδό,576
αρχικής,576
προκαλούσαν,576
λύνουν,576
αμφιβάλλει,576
ξεσκίσουν,576
κατηγορουμένη,576
πολυάσχολο,576
παραλύει,576
εκπλήσομαι,576
αξιώσεις,576
απειλήσω,576
καθαριότητας,576
γραμμένες,576
διέκοψαν,576
σωματεία,576
τζογάρεις,576
Μπράιτ,576
δοντια,576
διαθεση,576
Αμερικάνε,576
κλειδώσετε,576
Μπαπτίστ,576
προαισθήματα,576
εμπρηστής,576
πασπαρτού,576
σλάιντ,576
αντιδράσουμε,576
νάτα,576
μετράτε,576
στοκ,576
ανακατεύω,576
λογοκρισία,576
χρεοκοπήσει,576
εκτίσεις,576
ενδεχόμενα,576
όμοιο,576
υποψίας,576
καταστραφήκαμε,576
κατασκοπίας,576
σερβίς,576
κρη,576
διαδίδει,576
εισέρχονται,576
σύρεις,576
χαρακτηριστεί,576
φώτιση,576
σάμπα,576
αγνωστο,576
διατύπωση,576
ατμοσφαιρική,576
διαφορετικού,576
ακρωτηριασμό,576
καθιστούν,576
σταντ,575
σατανικές,575
Όμπρι,575
Τίμ,575
αργείτε,575
υπογράφουν,575
απαραίτητοι,575
φτιαχτώ,575
μεγαλείου,575
τρίποδο,575
οργάνωσες,575
τσιμπήσουν,575
στούντιό,575
ξεπλύνω,575
αναπτύσσουν,575
Μπέργκμαν,575
σκεπτόμενη,575
αφαιρούν,575
εθιστεί,575
παίξτο,575
Βουργουνδίας,575
Σιοβάν,575
τσιγαράκι,575
μέλημα,575
κοκαλιάρικο,575
ευγνωμονώ,575
οπλων,575
Πάολα,575
εντάσεις,575
ξαναβγούμε,575
γελούσες,575
εμβολή,575
ροχαλητό,575
συνεδρίου,575
άθροισμα,575
οιωνούς,575
προερχόμαστε,575
Γουολτερ,575
προτείνατε,575
διεθνώς,575
τρομοκρατήθηκα,575
αφαιρεθούν,575
εργαστηριακά,575
ρακέτες,575
παρέλειψε,575
συνοδών,575
Ντριού,574
πατρί,574
πέρνεις,574
αγνοούμενα,574
Ντειβιντ,574
αιγυπτιακή,574
φουρνιά,574
εισαγγελείς,574
συλλέξω,574
δολοφονια,574
κατάπαυση,574
Πλούτωνα,574
διασημοτήτων,574
άγνωστου,574
φιναλίστ,574
Λουάν,574
παρακολούθησαν,574
αξιολόγησή,574
επισπεύσουμε,574
Μάιερ,574
ισπανό,574
αφαίμαξη,574
κουζίνες,574
Ντόχερτι,574
διακοπής,574
σερβιτόρους,574
μέθοδός,574
ύδωρ,574
ξαναχάσω,574
πεθάνατε,574
φτυστός,574
πάλευες,574
ξιφολόγχη,574
ενημερωτικό,574
Οσάκα,574
ανταπέδωσε,574
ξύδια,574
Τάχο,574
ξεφορτώνεται,574
αγια,574
συγκοινωνιών,573
Νίλσεν,573
Ευρωπη,573
κυκλώνα,573
πηδιέμαι,573
στικ,573
κοπής,573
δόλο,573
συνεδριάσεις,573
γκέισα,573
ανάκαμψη,573
χαζο,573
Μαρλέν,573
ΔΕΗ,573
χτυπα,573
τροποποιημένο,573
τερματίστηκε,573
απέδειξαν,573
υπάκουος,573
γκρεμιστεί,573
εξουσιοδότησε,573
πολιτικη,573
μιμηθεί,573
Ήντιθ,573
εξαφανίζει,573
κρασάκι,573
φορτηγάκια,573
μέλ,573
Πέρρυ,573
ασκούν,573
φαντασίες,573
θυγατρική,573
παραλείψουμε,573
Μπέκαμ,573
ανιχνεύουν,573
βράδυα,573
πυροδοτήσουμε,573
ζουμερή,573
ορόσημο,573
καταδιώκουμε,573
κείνες,573
γεμίσαμε,573
παραδέχτηκες,573
διανοούμενος,573
αλγόριθμος,573
μπιγκεϊλ,573
λοιπό,573
ανώριμη,573
πιστολά,573
ζωντανεύουν,573
Σικάγου,573
σουξέ,573
βράσω,573
πεφτει,573
αντιδρώ,573
απλώσω,573
λεωφορειο,573
ερωτας,573
μολύνεις,573
εμειναν,573
ξαναέλα,573
εβραίε,572
δυνατος,572
ιρλανδέζικο,572
συγνώμμη,572
Βοργία,572
πληγώνονται,572
αξιαγάπητα,572
σενιόρα,572
ρελέ,572
ξεπεραστεί,572
Γιβραλτάρ,572
Αιρις,572
τελετουργίες,572
ορθή,572
βάν,572
προβεί,572
εκλογική,572
παρόντα,572
αποδοτικότητα,572
διέγραψα,572
φανελάκι,572
Τίο,572
κατούρησες,572
Τοκ'ρα,572
τσακώθηκες,572
συγκέντρωσή,572
διαφημιστές,572
περικύκλωσαν,572
σακίδια,572
κλιμάκια,572
καταστάσεων,572
5ου,572
αστράγαλος,572
κάρφωνε,572
γλειφιτζούρια,572
Κίτσεν,572
πάρθηκαν,572
αυστηρώς,572
δύτη,572
Κάο,572
σύνθετη,572
καγκελάριου,572
κάλεσμά,572
έμμεσα,572
διαλύεις,572
απαισιόδοξος,572
εντολη,572
οικοσύστημα,572
ανεξέλεγκτο,572
σκεύος,572
Τζούν,572
χύνει,572
φουστάνια,571
εύνοιά,571
σχολείων,571
προσανατολισμού,571
βρύα,571
απογοητεύεσαι,571
αποτρόπαια,571
νταλιντ,571
φαγώσιμο,571
Μπάρις,571
φρόντιζαν,571
πληρώνεστε,571
ακόντιο,571
συστηθήκαμε,571
συνάμα,571
συμβατός,571
χαμένης,571
χάσε,571
βήμα-βήμα,571
τοπικών,571
καθιστώντας,571
Ζελίνα,571
ασκήσουμε,571
χιονάνθρωπος,571
πρωτεΐνης,571
χάμπαρντ,571
ιππεύω,571
ιππεύσει,571
καταστημάτων,571
εξεταστική,571
γι'αυτον,571
ανύπαντρες,571
κηροζίνη,571
Αντρέας,571
Ιβάνοβα,571
στρέφει,571
ξινή,571
αναποδιές,571
ξεχνούσε,571
απαρχή,571
αποζημιώσω,571
πληρεξούσιο,571
ατρόμητοι,571
δρομέα,571
εργάζονταν,571
στραμμένο,571
ζεστάνεις,571
Αμπυ,571
κλαρί,571
διήρκεσε,571
αντεχω,571
σκαλίζει,571
αποτελειώσουμε,571
βομβητής,570
τμημάτων,570
αρχισες,570
στρώσε,570
μάρς,570
ακεραιότητά,570
Σατίν,570
καταλαβαίναμε,570
μπλοκαρισμένο,570
να'χε,570
φουσκώσει,570
μπούχτισα,570
σουπερνόβα,570
αναγκαστούν,570
επίμονο,570
Ματζ,570
εσφαλμένη,570
ξαναπάρουν,570
ησαστε,570
πίνατε,570
δαγκώθηκε,570
διαμπερές,570
τυλίξεις,570
εκνευρίσεις,570
παραδεχτούν,570
δράματος,570
αναζωογόνηση,570
Τάιρα,570
σεβόταν,570
ακόλουθη,570
μικροκλοπές,570
αρωματικά,570
έπιπλά,570
αποκριάτικο,570
νοικιάσαμε,570
ανέντιμο,570
σαρίν,570
κοινώς,570
ανιχνεύσεις,570
μικροφίλμ,570
ΚΙΝΑ,570
εξαπατάς,570
φανταστικούς,570
τοίχωμα,570
ξύρισε,570
ζώον,570
στρατηγικό,570
παγωμένοι,569
παλατι,569
Άξελ,569
εξακολουθούσε,569
Εμίρ,569
Πατσίνο,569
εκτοξεύσουμε,569
απολογίες,569
ακάλυπτη,569
Ντοβ,569
ευγένειες,569
καθορίσουν,569
περιγράφατε,569
γιάτρεψε,569
δικαιούχος,569
Πέρσιβαλ,569
ξανακερδίσεις,569
Ουίλι,569
άλ,569
ορκιζόμαστε,569
εξορκισμός,569
λεξιλόγιό,569
Γκέιτ,569
ποταμών,569
ανάρμοστα,569
Σινκλαίρ,569
Γκέρντα,569
βίο,569
εθιστικό,569
ρινόκερος,569
Αρκάντι,569
περικυκλώνουν,569
ευφυείς,569
φασίστα,569
επιθεωρήτρια,569
Τάντι,569
σκοτείνιασε,568
χάρισαν,568
αθωώθηκε,568
έθετα,568
τριχωτά,568
Σαϊμον,568
μ'εμπιστεύεσαι,568
Αμστερνταμ,568
παρουσιάστρια,568
φωτογραφικές,568
Βάρυς,568
Ματσέτε,568
κροκόδειλοι,568
κόλο,568
Τζένιγκς,568
Ντία,568
ξαναπαντρευτεί,568
γνώσεων,568
ηλιθια,568
εγκαταλείψαμε,568
ανιψιού,568
τόφου,568
εκνευρίζομαι,568
Χάμσαϊρ,568
φοβηθούν,568
ατροπίνη,568
Νιξ,568
ακρόπολη,568
καλύτεροί,568
μπέμπα,568
λω,568
επικριτική,568
χαζολογάς,568
χώνεσαι,568
φτιάχνεσαι,568
σύντηξη,568
αποτελεσμα,568
γιορτη,567
τριχωτή,567
κεράσουμε,567
σκύψω,567
μεγάλωναν,567
σφάζουν,567
επιχειρησιακό,567
κολλάμε,567
ορίσω,567
βραχεί,567
προσπεράσεις,567
δομής,567
βιβλιάριο,567
υπόνομος,567
φαβορίτες,567
νά'σαι,567
χειρουργείου,567
επιχειρήσουμε,567
ψωλές,567
Ντόμπσον,567
Μπέττυ,567
χαλάστρα,567
βλαμμένοι,567
Γκόλντμπεργκ,567
ελπιδοφόρο,567
Κρόσμπι,567
υποδεχθείτε,567
Φτύστη,567
γής,567
συνθέσεις,567
σφύριξε,567
βιαστικές,567
Ιγκόρ,567
κυβέρνησής,567
4ου,567
σκούπισμα,567
πραίτορα,567
Μπιλι,567
ιπτάμενους,567
δεισιδαιμονία,567
ούρλιαζα,567
αντιληφθούν,566
πιθανοτητα,566
χρηματοκιβώτιό,566
παίδαρος,566
χαμογελαστή,566
κατατάχθηκα,566
κοσμικές,566
λίφτινγκ,566
βαρεθήκαμε,566
ταμειακή,566
σπόνδυλο,566
χωρέσουν,566
περιόρισε,566
αποτελώ,566
γαρνιτούρα,566
μοντέλων,566
υποτιμήσει,566
ειδίκευση,566
τσέκαρέ,566
ειδικεύομαι,566
τύλιξέ,566
μπλιάχ,566
γράψιμό,566
βελτιωθούν,566
νικήσατε,566
κεχριμπάρι,566
τρανσέξουαλ,566
συνδεθείτε,566
Μικαέλα,566
σκουλίκι,566
Άλντεν,566
επιτίθονται,566
Μαχόνυ,566
λιώνω,566
Χάρμονι,566
σάιμποργκ,566
μπορουσαν,566
Μαδρίτης,566
ακραίων,566
μεταπείσεις,566
αριστούργημά,566
απλώνεις,566
προβάλει,566
ελεγξα,566
Τηλ'κ,566
απολαμβάνοντας,566
Γουόρτον,566
κερδίζοντας,566
Τεν,566
επικεφαλίδα,566
βασανιστικό,566
Γκουντ,565
Κόρμπεν,565
ερχόσαστε,565
πολλαπλασιάζονται,565
έκοβες,565
αντιπροσώπων,565
συλλαμβάνονται,565
δωματιάκι,565
ασανσερ,565
χόρτου,565
ψήφισες,565
ηφαιστείου,565
εργαστείτε,565
ν'αρχίσει,565
φουντ,565
παλιομοδίτικη,565
παλούκια,565
εγκεφαλικού,565
Καθριν,565
απορρίψουν,565
εμφανιστήκατε,565
Λίβια,565
καθαρού,565
έχαψαν,565
κνήμη,565
μεταφέροντας,565
τηγανιτό,565
ευχαριστιέμαι,565
αβάσταχτο,565
ραφή,565
συγχώρεσες,565
ξεκλειδώσω,565
αντοχές,565
ούφο,565
μενω,565
νεκρολογία,565
έγκατα,565
ελκύουν,565
λάκκους,565
σεκιουριτάς,565
πραγματικότητά,565
ειδωλολάτρες,565
βλεπουμε,565
εκταφή,564
αιωρούνται,564
κρατούσατε,564
παθητικό,564
σεμνή,564
τσαντίσει,564
φαλαινών,564
παραίτησης,564
Ζιλμπέρ,564
δόκιμοι,564
ασχολιόταν,564
πού'ναι,564
Κλώντ,564
κυνηγήσαμε,564
συνδέομαι,564
πά,564
έσκυψε,564
έκτρωμα,564
άχαρη,564
ντονυ,564
ιστοί,564
υπάρχετε,564
τρισδιάστατο,564
ημερησίως,564
στιγμιαίο,564
μπροστινές,564
πιστευουν,564
χέστο,564
τελειωσω,564
σκάψουν,564
ατυχίες,564
χάφτω,564
λάδωμα,564
εκκεντρική,564
πολυτέλειες,564
ταλκ,564
Νταφού,564
εμπνέεις,564
ευφυΐας,564
τραγικός,564
Ακαπούλκο,564
φρυγανιά,564
ψαχνουμε,564
Γκουμ,564
καθωσπρέπει,564
εξωφρενική,564
επανειδείν,564
αμπελώνα,564
κρυωμένος,564
ανατολικές,564
ενταχθούν,564
μπάλωμα,563
ομόφωνα,563
ξανακοιτάξω,563
ουδέτερος,563
εφημερία,563
Ζοζέφ,563
τσάντας,563
προλάβαινα,563
συσσώρευση,563
αλληλοσκοτωθούν,563
διχόνοια,563
αμυγδαλές,563
προβάτων,563
κατ'ευθείαν,563
Ρουρκ,563
ρατσιστή,563
καμπριολέ,563
νεαρε,563
πόντων,563
Λορν,563
ραδιόφωνα,563
καλυτερέψουν,563
Γουινέα,563
Λαμ,563
προμήθειές,563
κρύφτηκες,563
Σιών,563
παρορμητική,563
τν,563
μπούνια,563
υπάκουη,563
λογομαχία,563
πολυλογάς,563
πλατώ,563
ομολογουμένως,563
νεφρού,563
τριφύλλι,563
επακόλουθο,563
Σάμνερ,562
Γιάντο,562
χλώριο,562
τυχεράκια,562
Χάμελ,562
απείρως,562
δημιούργημά,562
ΡΩΣΙΑ,562
Μισούρι,562
τιράντες,562
οπα,562
τερματοφύλακας,562
Αλία,562
αμφιλεγόμενο,562
πέφτετε,562
σιδηρά,562
Μπερνέτ,562
Ζουλιέτ,562
Μόρμοντ,562
απαγγελία,562
αυξάνω,562
χώματος,562
ολονών,562
διεξαγωγή,562
Γουίλκινσον,562
μαρκήσιο,562
αποστάτες,562
στριμωγμένοι,562
σχηματίστηκε,562
κατευθειαν,562
σέρνομαι,562
συνεταιρισμό,562
τσαντίζεσαι,562
Κάθλιν,562
λεβιέ,562
στατικό,562
ξενέρωτος,562
Σπάρτακου,562
περιφέρειά,562
πακέτου,562
επιστρεψει,562
Μοντέγκο,562
συμπεριφορα,562
ιγκουάνα,562
γραφεια,562
Εντουίνα,562
σταματημό,562
πολύπλοκος,561
Γιόρκ,561
σχολιαρόπαιδο,561
τεντωμένα,561
απενεργοποιηθεί,561
Κέλογκ,561
εμπειρια,561
αθλητικών,561
άλυτες,561
νεότεροι,561
δικαιοσυνης,561
φαφούτη,561
Μίστικ,561
καρνέ,561
Τζορτζτάουν,561
ειδικευόμενοι,561
τάισες,561
παραβαίνεις,561
Ιλινόι,561
αιχμαλωτίσει,561
όγκοι,561
σκεφτει,561
προνύμφες,561
Σουλεϊμάν,561
επικήρυξη,561
αμυδρή,561
Κάνγκ,561
ικετεύουν,561
χρεοκοπία,561
ράψεις,561
έθετε,561
Δημήτριος,561
Σάμιουελς,561
Σκουέαρ,561
μεσημεριανού,561
λέι,561
συμπαθήσω,561
λευκο,561
Κασλ,561
βγαλτε,561
Λέοπολντ,561
ανάχωμα,561
Γροιλανδία,561
μηνύσουν,561
πηδήξετε,561
κράταγες,561
χρονιές,561
δώσ'τη,561
δεχθήκατε,561
γαζέλα,561
άνοιγαν,561
μεγαλειώδης,561
πηγαινοέρχονται,561
θεραπεύουν,561
αποβλήθηκε,561
προσκλητήριο,561
ζαριά,561
δυσκολότερα,561
Βαντίμ,561
δειγμάτων,561
φορτίστε,561
ερμηνείες,561
χέστηκες,560
δραστήριος,560
ελευθέρωσαν,560
ανταγωνιστεί,560
Ρωμαίε,560
ερευνώντας,560
αναρτήσεις,560
δέσου,560
συναντούν,560
ξέρασες,560
απομακρυνόμαστε,560
ολοκατάστρωμα,560
ακίνδυνη,560
αδείας,560
αξιόλογος,560
Μάθισον,560
εκκενώσετε,560
αδιαμφισβήτητα,560
Γκρος,560
οργισμένο,560
έμπιστους,560
ενοχοποιητικά,560
λέβητα,560
μύηση,560
αντικοινωνικός,560
Τζοουνς,560
σιδηροδρόμων,560
θέματά,560
Χόντα,560
κοκαλιάρη,560
δηλητηρίου,560
δημιουργικά,560
Ριντλ,560
συνεχίζαμε,560
απέφυγες,560
τέλμα,560
ρύθμισα,560
βεβαία,560
αποδείξτε,560
αναμεταδότης,560
σχεδιαγράμματα,560
επαφών,560
έμπειρους,560
υποδιευθύντρια,560
χαλκός,560
διαπράχθηκε,560
βίλλα,560
φυλετική,560
τάιζα,560
ξαναφτιάξεις,560
κριση,560
ολοκλήρωσες,560
ανάλυσή,560
προσβάλλετε,560
Βενιαμίν,560
μπούστο,560
ναυτικο,560
παίρνε,559
θάταν,559
αποδειξη,559
Σάντοου,559
τσακώνονταν,559
Τζόνη,559
μειονότητα,559
επαθα,559
κουβεντιάζουμε,559
συντηρήσει,559
ζευγαράκι,559
λαστιχένιο,559
διπλώματα,559
Ντάροου,559
θεραπευτείς,559
Ζιν,559
μετεωρολόγος,559
πίτσερ,559
πιασουν,559
μισθοί,559
μειώνεις,559
ζωικό,559
αθωωθεί,559
στρίβουμε,559
σφυρίξω,559
υποδιοικητής,559
λούνα-παρκ,559
Χάιλαντ,559
αναβοσβήνουν,559
πατήσατε,559
διδύμων,559
μεταξιού,559
τελειωσαμε,559
μπερδεύτηκαν,559
φλόγας,559
τσένταρ,559
Ισπανια,558
σαμπάνιες,558
περιεχομένου,558
στεγνώσουν,558
τάισμα,558
Ρέσλερ,558
χάλκινα,558
Αλεκ,558
φονος,558
ταράχτηκα,558
υπακούτε,558
κούφιο,558
καταυλισμούς,558
λαμπερός,558
κοι,558
αφιερώσεις,558
συμμορφωθεί,558
απαγγείλω,558
φροντίζοντας,558
έτρεμαν,558
προσεδάφισης,558
συμπέρανες,558
Σρι,558
πέρλες,558
Χαρβ,558
οπλισμένα,558
Μαρισόλ,558
διδάξετε,558
κατάρτιση,558
ανεπιφύλακτα,558
ικανοποιούσε,558
εξοπλισμένοι,558
κληρονομική,558
ιάπωνα,558
αναλάμβανε,558
μοιράσεις,558
εξάχρονο,558
μετατρέπεις,558
Ίζομπελ,558
Γιέιτς,558
ροχαλίζεις,558
ΔΕΚΕΜΒΡΙΟΥ,558
λεκάνης,558
άμυνές,558
Τζινξ,558
καλπάζει,558
Σάνφορντ,558
υγρός,558
Κέν,557
καμαρώνει,557
αναρωτιόσουν,557
ανεβάζουμε,557
βομβάρδισαν,557
ΙΟΥΝΙΟΥ,557
Τσεχοσλοβακία,557
κλεφτρόνι,557
κατέστρεφαν,557
έιχε,557
άνθρωπους,557
στείλτο,557
στοιχήματά,557
αντέδρασες,557
μαγειρεύετε,557
βγειτε,557
χακάρεις,557
Ορμα,557
καινούριου,557
έφηβες,557
καθεστώτος,557
απομονωμένα,557
Σίντνεη,557
προσκαλείς,557
Σμόλγουιντ,557
οισοφάγο,557
μοριακό,557
αιχμαλώτισε,557
εμφύτευση,557
ελαφρύτερο,557
επανειλημμένως,557
αποδόσεις,557
αμυνας,557
ξυρίζεσαι,557
φράγματος,557
καλοκαιρινά,557
ειπαμε,557
κοίταγε,557
χαμηλώσουμε,557
μοιράστε,557
Ειι,557
φορολογία,557
πινκ,557
Φίλντινγκ,557
καταγώγιο,556
ανακαλώ,556
οΏ½οΏ½οΏ½οΏ½οΏ½οΏ½οΏ½οΏ½,556
μαϊμουδάκι,556
στιγμες,556
φύλακάς,556
προέλευσή,556
νάμαι,556
κυλάνε,556
φροντισω,556
γενναίες,556
Φετ,556
Αρλήν,556
αράξεις,556
ρπαξε,556
Σούτερ,556
μαφιόζο,556
ακαδημαϊκό,556
γυαλάκια,556
γδυθώ,556
άστη,556
διαβάζεται,556
ανελέητος,556
ξεθυμάνει,556
Ραμσή,556
τενεκέ,556
αντιγραφέας,556
μαιευτήριο,556
στρεσαρισμένος,556
χιονονιφάδα,556
ξεχασει,556
σεξιστικό,556
πέτο,556
ειδαμε,556
κατέθεσαν,556
αλάνθαστο,556
κλάμματα,556
Ντριλ,556
ιοί,555
παραδέχθηκε,555
ψυχίατρός,555
παράλειψη,555
φημίζεται,555
παρενέβη,555
καθορισμένη,555
ελληνίδα,555
Μινσκ,555
πιάσ'το,555
οπ,555
Ντέβιν,555
παράδωσε,555
λάρυγγα,555
Γκόγκολ,555
πρέ,555
φέρτους,555
βάρκας,555
ιμάντα,555
φημισμένος,555
μετέτρεψα,555
ΝτεΛούκα,555
φροντίσαμε,555
ήλθαμε,555
πάλευαν,555
εμβρύου,555
μαούνα,555
περιορίζονται,555
εκστρατείες,555
εκτοξευτή,555
επικοινωνούσε,555
τεράστιου,555
ανακάλυψή,555
αποκαλύψετε,555
βίαζε,555
οδηγούνται,555
εξάπτεσαι,555
Τάουερ,555
τραβούσαν,555
δέχθηκες,555
αστοχήσει,555
Ζενεβιέβ,555
στριγκόι,555
Ντίμα,555
παραλιγο,555
κοριτσακι,555
κωμωδίες,555
προξενιό,555
τζούντο,555
αστράγαλός,555
Σόμερς,555
βιολογικών,555
έγγυος,555
μάντη,555
δοκτωρ,555
Μπιγιονσέ,555
αγνοήσετε,555
Τίλι,554
φοβίσω,554
κατασκευασμένα,554
αδυνάτισες,554
Γκραφ,554
ξανάρθε,554
ηρωισμό,554
φτιαχτείς,554
έλαια,554
πειραχτεί,554
ολυμπιακό,554
απέφυγα,554
Μπικ,554
παραγωγές,554
χάρτινη,554
οχυρά,554
πολεμικού,554
σκόπευαν,554
Ρόντνει,554
αναλύω,554
καταζητούμενοι,554
εκδικητικός,554
ξαναφύγεις,554
συλλέγουμε,554
Κρήτη,554
ηγείσαι,554
αθλήτρια,554
τρομοκρατούν,554
πατέρων,554
αστερισμό,554
κουνήσουμε,554
χάρτινα,554
αεραγωγός,554
Μπουγκ,554
ύπατος,554
Αινστάιν,554
τηρούν,554
ρυθμιστή,553
πανεπιστημιακό,553
καμαριέρες,553
ορισμένη,553
ν'αφήσει,553
φαραγγιού,553
θέρμη,553
παραληρεί,553
ανελέητη,553
επιβραδύνουμε,553
φιληθείτε,553
βραβειο,553
είανι,553
βρυχάται,553
ναζιστική,553
προδίδω,553
Σύδνεϋ,553
Πλέις,553
υποθέσει,553
γενναίων,553
τσαντίστηκες,553
συμπόνιας,553
αποδόθηκε,553
δωρίσω,553
αντιστάθηκα,553
καλυτερεύσει,553
καταχωρημένη,553
βενζινάδικα,553
συγκεντρωμένο,553
αναρωτήθηκε,553
φαρμακο,553
ενημερωμένη,553
Τραν,553
ψαχνει,553
συμβουλέψω,553
τολμήσουν,553
επεσαν,553
πληρώθηκαν,553
αναίδεια,553
τρίδυμα,553
δολοφονήσατε,553
λιρες,552
ονομαστεί,552
μπλάκτζακ,552
ντροπιάσει,552
ανήλικους,552
Ντουν,552
γνωστη,552
Μέϊτερ,552
Ρέιντεν,552
ριπές,552
γλιτώνω,552
παρανόηση,552
Αλίνα,552
έπλυνε,552
Γκόντρικ,552
κλαψιάρη,552
ελεφάντων,552
κατηγορούσαν,552
Αυστραλός,552
παράλια,552
κουκούλες,552
αποφασιστικός,552
γερνάμε,552
ανθρωπιάς,552
τροπική,552
σφιχτός,552
χαίτη,552
ζαλίζει,552
Μαρπλ,552
Κομαντάντε,552
βλ,552
γλίτωνε,552
φόρμας,552
ωου,552
απαιτητικός,552
Ντέλα,552
αμαρτήματα,552
γιγάντιος,552
δωρίσει,552
πρεσβεια,552
αυτονομία,552
αρμαντίλο,552
έψησα,552
ρομποτ,552
ποντικοφάρμακο,552
απλη,552
εκκλησίασμα,551
κάνωμε,551
ανήκα,551
Βάις,551
βατράχου,551
αντιπαθείς,551
αντιπάλων,551
αναμόρφωση,551
σκοτώθηκα,551
πεινάσουν,551
συμμορφωθείς,551
κυκλικό,551
αξια,551
απομονωθεί,551
θηλέων,551
φορτώνω,551
ισπανίδα,551
κοσμοπόλιταν,551
ανθρώπινοι,551
πατωμα,551
προσκοπάκι,551
γεύσης,551
κατάλοιπο,551
Ξαβιέ,551
περιστασιακή,551
αναμειχθεί,551
μεταβατική,551
τερμα,551
μύησης,551
Σκαϊγουόκερ,551
δυσκολίας,551
ξυλο,551
παρατήσαμε,551
πειραχτήρι,551
οπή,551
σπάτε,551
σκορπίσει,551
σκουληκότρυπας,551
Κίφερ,551
αντάρτης,551
δημιουργηθούν,551
ξεκαθαρίζω,551
φχαριστώ,551
Γκάς,551
ηλεκτρόνια,551
πατατοσαλάτα,551
κρεμάσετε,551
Νταϊνάμικ,551
συντηρητικά,551
δυνάμεών,551
ενθύμια,551
περπατούσες,551
Νέιλ,551
γδάρει,550
εξετάζεις,550
συλλαβές,550
ξεπούλημα,550
Ντανυ,550
ματαιώθηκε,550
αντιμετώπισαν,550
αποκλείστηκε,550
αντίχειρας,550
πλουσιότερη,550
συντηρητής,550
μπατσοι,550
αποκτήστε,550
Όμπι,550
κύλωνα,550
Σμίδερς,550
μούρλια,550
δουλέυει,550
έγδαρε,550
Κέπλερ,550
χαρίζουν,550
απερίγραπτο,550
νεογέννητα,550
μινιατούρα,550
κράτημα,550
λατρεμένη,550
κλίβανο,550
ειλικρίνειας,550
Ποπς,550
πνίγουν,550
υποψηφιότητά,550
ταξιδιωτικά,550
ελήφθει,550
μαυρίσω,550
ανακατεύτηκες,550
συντάκτη,550
λαμπάκι,550
γδυθείτε,550
μονοξείδιο,550
Άρτ,550
μουρμούρα,550
Γιούλι,550
Εμα,550
αναπληρώσω,550
δυτικός,550
εξυπηρετικός,550
ερωτηματολόγιο,550
κολλητικό,550
ακαταμάχητο,550
όρνεα,550
πρωταγωνιστεί,550
περισπασμούς,550
νατρίου,550
Μοντγκόμερυ,550
κλειδώματος,550
αποκάλυψα,550
ομαδικός,549
αδαείς,549
νεότερες,549
συμπεριλάβω,549
Άνταλιντ,549
συμπαγής,549
στύλους,549
καθηγητα,549
εφηύρα,549
συζητήσεων,549
οντότητες,549
ηγετών,549
Πέρβις,549
εκτοξεύει,549
εξαφανισμένη,549
Τζούνα,549
παράφρονα,549
μ'ακούει,549
συζυγική,549
επικεντρωθείτε,549
ελιγμοί,549
πολιομυελίτιδα,549
Μοντέρο,549
περιφέρομαι,549
κρατηθούμε,549
Μακόλ,549
πονόδοντο,549
Χόντο,549
παγίδεψες,549
σ'εμπιστεύομαι,549
φορολογικές,549
Ντρού,549
θνητών,549
κουτσομπόλα,549
πινιάτα,549
χρημα,549
μεμονωμένα,549
πανομοιότυπο,549
χόμο,549
ξαναφάει,549
εντέλει,549
απ'όλο,549
δημοσιοποιηθεί,549
κρέμεσαι,549
λυγίσεις,549
ρατσίστρια,549
άπιαστο,549
αλαζόνες,549
Μαντς,549
δημόσιου,549
σ'αγαπούσα,549
τιμωρούν,549
Λίρι,549
καλοντυμένος,549
Σέβεραϊντ,549
τυχαίως,548
καταβάλλει,548
κομβόι,548
κτυπήσει,548
βαμμένο,548
κόλπους,548
μπλοκάρετε,548
ησυχάσουν,548
τσάκωσαν,548
πόρο,548
υπνόσακο,548
εδωσαν,548
αμφιλεγόμενη,548
επισκέφτηκαν,548
οφειλήματα,548
Λατίφ,548
φορτηγίδα,548
ποίμνιό,548
γκαρσόνα,548
απλού,548
Ρέζα,548
αλατιού,548
προσεκτικα,548
λατρεύετε,548
παραπτώματα,548
οπλικό,548
Νότιγχαμ,548
Πέτροφ,548
ξεχείλισε,548
Γιοχάνεσμπουργκ,548
ανάπηροι,548
μελαγχολικό,548
ρύπανση,548
Σιου,548
άδειοι,548
πλειοψηφίας,548
ακατάπαυστα,548
άδειασα,548
Μιουνγκ,548
αποδέχτηκα,548
οδοντογλυφίδες,548
Σάινφελντ,548
προκαθορισμένο,548
τεθούν,548
κρατήρας,547
παγιδα,547
πληρωσει,547
διακινδυνεύει,547
κατασκευών,547
Φακέλους-Χ,547
ολικής,547
ενόραση,547
σταυροφορίες,547
Δισκοπότηρου,547
ξυλοκόπος,547
υποψήφιες,547
όμα,547
λάβε,547
επικριτικός,547
Τοσκάνη,547
ζευγαρώνουν,547
εμπορία,547
αχχ,547
στραγγαλισμός,547
κατευθύνθηκε,547
πληγωμένοι,547
μηριαίο,547
βαριοπούλα,547
εκκλησάκι,547
αντιδράει,547
περιλαμβάνονται,547
Γιουνάιτεντ,547
φόρτωμα,547
Μπένζι,547
νεκροταφείου,547
νέγρα,547
πη,547
νοήματα,547
αντιστρέψω,547
διώρυγα,547
μαθηματα,547
λαγκ,547
ουσιώδες,547
οργανωμένος,547
λογα,547
Σαφτ,547
χέζουν,547
μοτελ,547
Κόρμπιν,547
περιπόλους,546
σκανάρισμα,546
επανασταση,546
Λάζαρος,546
γιαπωνέζικη,546
επικροτώ,546
μαλώνατε,546
ντρα,546
Αμην,546
μεταφορα,546
Βαλεντίν,546
άναβε,546
βυθίσει,546
Σάννυ,546
γνωστής,546
σάλπιγγες,546
φερθήκατε,546
θά'θελα,546
λιώσιμο,546
κυριακάτικα,546
γαυγίζει,546
πάρ'τε,546
αδίκως,546
προσέλευση,546
Μπάλιν,546
έλη,546
χασούρα,546
μάλωσα,546
απρόθυμος,546
κρυφακούς,546
έσβηνε,546
διαγωνιζόμενος,546
αμφίεση,546
Ρουάντα,546
κατατάχτηκα,546
κινδυνο,546
Γκούσταβ,546
προδομένος,546
Πάκαρντ,546
Μαρίκα,546
ξεκάνω,546
λιποταξία,546
ξηρασίας,546
διάδρομοι,546
προκύψουν,546
διαλέγετε,546
πρίσμα,546
αδιακρισία,546
μπούφος,546
εξασφαλίσουν,545
μαχης,545
γλυτώνει,545
απορρίψουμε,545
ασιάτη,545
πλεόνασμα,545
ενημερωτικά,545
ανυπεράσπιστο,545
ξαναμπούμε,545
βλακειες,545
μαφιόζους,545
αγγείο,545
επιβλέπων,545
ήλιε,545
ολοκληρώθηκαν,545
πεδιο,545
κεραυνοβόλος,545
εκδικηθούν,545
συναισθηματισμούς,545
ψυκτικό,545
λαθάκι,545
ταχύτερος,545
Καρμάιν,545
φλεγόμενα,545
δικιάς,545
θρέψω,545
τούτα,545
οργανώνουμε,545
άφωνη,545
ενδιαφέροντά,545
ανταποδίδει,545
απαντησεις,545
σαλέ,545
εκνεύρισε,545
ευπρεπής,545
εξαντλητικό,545
παρέδιδε,545
Πατρίτσια,545
δωσ'το,544
ανεπιθύμητο,544
Υποπλ,544
εμπνέουν,544
τρεξε,544
ξεκινησουμε,544
δώστον,544
Τσάινα,544
ραφές,544
τσέκαρες,544
κοφτερή,544
πηγαμε,544
αχλάδια,544
Λέρνερ,544
παπάρι,544
ενημερώνουν,544
ψηφιακές,544
μηνύσουμε,544
ρχονται,544
Ίνγκραμ,544
σχόλιά,544
τόνισε,544
ψίθυρος,544
ορια,544
γεμίσετε,544
ξεφύτρωσες,544
ξανάκανε,544
Μόντ,544
διπολική,544
κρατιούνται,544
σωληνάκια,544
Μαρτέν,544
νάτην,544
τελευταιος,544
προηγουμένου,544
αυτων,544
μαλακίας,544
τοξότη,544
προσβεβλημένος,544
προπονηθώ,544
σουίνγκ,543
εμφανίσει,543
Αυστρίας,543
ανθυπαστυνόμε,543
αστικός,543
γάτε,543
τιμωρημένη,543
αρά,543
ανάπτυξή,543
Κόρεϊ,543
αλαζονικός,543
κοτούλα,543
Χούκερ,543
καμαρώνεις,543
ρίχνε,543
παρακαλεί,543
σκουριασμένα,543
λάου,543
Τρέιγκερ,543
πιλότε,543
κερδίζεται,543
διασκεδάσατε,543
Γουανγκ,543
ασφαλίσω,543
εξαφανίζονταν,543
κατακρίνεις,543
Γκάρθ,543
ΠΡΟΣΑΡΜΟΓΗ,543
Ιβόν,543
μπετόν,543
μαχητικών,543
βορείων,543
βρωμάω,543
συνεχίζοντας,543
παλιομοδίτης,543
φόβιζε,543
κυβερνητικούς,542
Πάνθρο,542
Χάρβεϋ,542
τιμαλφή,542
ξυλοκοπήθηκε,542
νευροχειρουργός,542
αρρενωπός,542
εντυπωσιάστηκες,542
ελέγχοντας,542
ενδώσει,542
ταιριάξουν,542
θριαμβεύσει,542
έπαινος,542
βρισκονται,542
μισθοδοσίας,542
μάξιμουμ,542
Κιφ,542
ομολόγων,542
δανείζει,542
συνδέσου,542
ανακατεμένα,542
ενήμεροι,542
πιεση,542
πλοια,542
Λογκ,542
πέρνω,542
Γκλόρι,542
Ντάριν,542
ακτών,542
είναι...είναι,542
μετακινούμε,542
Τζολίν,542
χωροφυλακή,542
αντίχριστος,542
ξεσπάσω,542
κουβανέζικο,542
Κάτνερ,542
ουγγιά,542
ειπωθούν,542
δυνάμωσέ,542
εικοσι,542
τετραγωνικό,542
συντονιστής,542
χωμένη,542
Ρόξυ,542
ξαναφέρεις,542
δάκτυλό,541
συμμαζέψω,541
ελθει,541
11ο,541
δραση,541
Ταλαχάσι,541
κλούβα,541
Ο'Κόνερ,541
σέρνω,541
περμανάντ,541
καθυστερήσετε,541
ξαναβρήκε,541
ενεργητικό,541
τραχιά,541
διαβατήριά,541
Τιτίκα,541
λεπτομέριες,541
αποκεφαλισμό,541
πίεζα,541
Μπράντλει,541
σηματοδοτεί,541
πιθήκου,541
αναμεμειγμένος,541
ετοιμάζεστε,541
πατρονάρεις,541
συνειδητοποίησαν,541
ιπποπόταμος,541
λαθρεμπορίου,541
ηρεμούν,541
Τολστόι,541
δοξασμένος,541
νήπιο,541
ενάρετος,541
δυτικη,541
Μάκιντος,541
φτωχογειτονιές,541
φουαγιέ,541
παρήγαγε,541
ξεχωρίσουμε,541
ψοφάω,540
αφροδισιακό,540
αρουραίων,540
συζητησουμε,540
κακομαθαίνεις,540
κάρφωσαν,540
Τζότζο,540
Αχμάντ,540
μάταιος,540
ανταγωνιστώ,540
Αλφόνς,540
αρκετών,540
νυκτός,540
δημιουργικοί,540
δικαιώματος,540
Μίτς,540
συρθεί,540
αποστειρωμένο,540
μιλάν,540
συνόδευε,540
πρωταρχικός,540
αεροβόλο,540
ορμόνη,540
ένταξη,540
σήκωνες,540
πιστευτή,540
μέλισσας,540
διαδικασια,540
τσούξει,540
κλέβαμε,540
ελιάς,540
λειτουργει,540
χέρα,540
τσιμπιδάκι,540
διάπραξη,540
λοπόν,540
ταπ,540
αφίεμεν,540
ανασκόπηση,540
βρομιές,540
αλφαβητική,540
μετρώ,540
ν'ανοίξει,540
προσεδάφιση,540
ανθεκτική,540
κλάνει,540
καημένοι,540
παράτολμο,540
απορροφούν,540
απολυμαντικό,540
επηρεάσεις,539
Κόρσο,539
πορτρέτα,539
γωνίας,539
Σίνα,539
Σηκουάνα,539
πρωτεύουσας,539
αναπόφευκτος,539
αγωνιστούν,539
λαμπραντόρ,539
σοβιετικών,539
υπόγραψέ,539
πράσινοι,539
χαράκωμα,539
επέλθει,539
Ντρέσντεν,539
εορτασμούς,539
Σαίντ,539
μενεις,539
εξαγόρασε,539
μετριέται,539
τουρίστα,539
πολεμήσατε,539
άθλιους,539
εκλεγώ,539
ωδείο,539
μελετήσετε,539
τροχάδην,539
δέρας,539
κληρονόμησες,539
συγκρίνονται,539
δεσποινίδος,539
Λικ,539
θερμές,539
Αλσίντ,539
διορθωσεις,539
βολέψω,539
γαμπρέ,539
εκδοτικό,539
σχετικός,539
σκατώσω,539
απέτρεψε,539
εξουθενωτικό,539
ωραιος,539
βομβαρδίσουν,539
παραβιάσουμε,539
σουρωτήρι,539
Τζόσελιν,539
προέρχονταν,538
Τζιάνι,538
εξυπηρέτησης,538
παραβιάζω,538
κουνηθήτε,538
οικείος,538
Μόγλη,538
Γένεσις,538
στεφθεί,538
σύνοψη,538
κυνήγα,538
βολέψει,538
χαρουμενη,538
αυτοκτονήσουν,538
αδιαφορεί,538
χρεια,538
υπνοδωμάτιό,538
αστείου,538
μπαινοβγαίνουν,538
αναπάντητα,538
αρχαιολογία,538
εύλογο,538
Ρέινι,538
λύθηκαν,538
ΝΒΑ,538
διασκεδαση,538
στολη,538
Σαλαντίν,538
πιεστικός,538
πολλαπλούς,538
εμφιαλωμένο,538
αρχιλοχίας,538
επιτηρητή,538
ανταλλακτικό,538
σχηματίζονται,538
βασιλειο,538
σταυροί,538
έρανος,538
κούτελο,538
λαθρομετανάστες,538
Μπίατρις,537
σειριακός,537
προειδοποίησης,537
νόμιζω,537
ανεξάρτητες,537
Προμηθέας,537
φτάσανε,537
αυτιού,537
ντροπη,537
ατυχημάτων,537
αναπηρίας,537
μαχ,537
χαζ,537
χαραμίζεται,537
υπερισχύει,537
ευχαριστιέσαι,537
ζωώδη,537
ζέβρες,537
ενοχοποιητικό,537
σιχαμένος,537
μεγαλειότητάς,537
θαναι,537
μέριμνα,537
μηχανικέ,537
Μπόντεν,537
εφεραν,537
καταθέσεων,537
υποψιάστηκα,537
σκαρφάλωσα,537
σωπάσεις,537
εισέλθετε,537
βελτιωθώ,537
αστην,537
αγαπημένων,537
παρτο,537
σχηματίσουν,537
προορίζονταν,537
Τίτος,537
εγκεκριμένη,537
συγχρονισμένοι,537
τεχνη,537
φανταστικού,537
Μπρίτνεϊ,537
ενθουσιάζομαι,537
τάρανδο,537
Τσαρλυ,537
υπολοχαγε,537
Κίντ,537
γυρισμού,537
ωα,537
επισκέψεων,537
κατ'αρχάς,537
ουρλιάξει,537
πληρωμών,537
εξαιρετικής,536
τετ,536
Γκίρι,536
μυώδης,536
βλέψεις,536
Φρανσιν,536
εκτέθηκαν,536
αγνοούσε,536
Ντίσνεϋλαντ,536
κοιλαδα,536
φρουρού,536
ακατανόητο,536
ασφάλειάς,536
κρύψαμε,536
αποδεκτά,536
βοηθητικά,536
βασιλικές,536
επιχείρημά,536
ΥΕΑ,536
γέννησες,536
Γουόλκοτ,536
γόνιμη,536
Γκαρ,536
ηχήσει,536
ζητεί,536
τηλεφωνησω,536
συνεδρίασης,536
πείστηκα,536
ελατέ,536
βύσμα,536
ακουτε,536
Ντέπι,536
επιδόματα,536
κοιτάξε,536
κολυμπάμε,536
Σενγκ,536
ψήφισμα,536
παρατηρήσαμε,536
Πικς,536
λυγίσω,536
αντισηπτικό,536
σημαντικών,536
οικόπεδα,536
αξιολάτρευτα,536
Άαρων,536
ανακατωσούρα,536
χορτοφάγους,536
ενισχύσω,536
πάρκαρες,535
τακτοποίησέ,535
Λέννυ,535
μύκητα,535
παράνομης,535
νούμερά,535
σοβιετικός,535
Ίλαι,535
δανείζω,535
λεχρίτες,535
κανονισμένο,535
αγέλες,535
κινήστε,535
μότζο,535
μοντέρνας,535
μάζωξη,535
ξαπλωμένοι,535
καταθλιπτικά,535
αρνιόμουν,535
βήχει,535
κύτους,535
υφυπουργός,535
κομάντος,535
μαζεμένοι,535
αστραφτερά,535
έφορος,535
σακούλι,535
κτηνώδης,535
τροφίμους,535
ξαναφέρει,535
Άντζιερ,535
πανούργο,535
εγχειρίδια,535
Μάρτιος,535
Χάρινγκτον,535
κωμική,535
διορίσει,535
σες,535
ακτιβιστής,535
αισθηση,535
απαιτήσω,535
αποδιοπομπαίο,535
Γουες,535
διαζευγμένος,535
καταγεγραμμένη,535
χρηματοδοτούν,535
θανατικής,535
άσπροι,534
πεντακόσιες,534
ΥΟΡΚΗΣ,534
σφαιρών,534
Πέτροβιτς,534
εκτρώσεις,534
συμπαίκτη,534
Σμιθσόνιαν,534
προστεθεί,534
βουβωνική,534
πρωτοήρθες,534
αιρετικό,534
Ρέντινγκ,534
εξεζητημένο,534
Ντιντς,534
σοβαρολογεί,534
απαράδεκτος,534
ακούσε,534
Βαβυλών,534
Βέρμαχτ,534
δευτερεύοντα,534
Ελλήνων,534
Ιβο,534
παρατηρώντας,534
περισυλλογή,534
Λαμποργκίνι,534
απόλαυσης,534
κομμωτής,534
εύχεστε,534
τρελλά,534
παραπομπή,534
ανησυχει,534
αντισυνταγματάρχης,534
ξετρελαθείς,534
βολευτείς,534
μεταβλητή,534
Φράνσι,534
απαθής,534
ανοιγόκλεισε,534
βραδινές,534
κλεφτης,534
απωθημένα,534
βύθισε,534
Ράμζι,534
εξαερισμός,534
επιβεβαιώνεις,534
Ντιούκς,534
εκδίδει,534
ξαφνικές,534
μοσχάρια,533
έφταιγαν,533
τρωω,533
εκρηκτικές,533
Ορφέα,533
ρόκ,533
πάρκων,533
Κλοντέτ,533
Ντέλκο,533
επιτελάρχης,533
Φρόστι,533
μοιάσεις,533
προαγωγές,533
μοιράζουν,533
Τόπερ,533
ανάδυση,533
μπορεσω,533
θερινή,533
ξεκλειδώνει,533
χριστιανό,533
θηλυκού,533
ομολόγησα,533
κολώνια,533
εκφράσουν,533
παραπλανητικό,533
παρείσακτος,533
Κρόνου,533
εμετού,533
μαχόμαστε,533
εκμετάλλευσης,533
τρόπων,533
υστερίας,533
Τζουλ,533
Βολκάνιοι,533
Τζόξερ,533
κούτσουρα,533
μπαλτά,533
ζεστο,533
αποχωρώ,533
ναρκωτικων,533
πραγματοποιήσουμε,532
χωθώ,532
Κουβανοί,532
μοχθηρά,532
ξυριστώ,532
μολύνθηκαν,532
βρωμερέ,532
κουβεντα,532
αξιοπρεπώς,532
σμήνους,532
ξανθούλη,532
κι'εγώ,532
Μέριτ,532
συγγραφέων,532
Κόνερ,532
Τομας,532
Γκέιτα,532
προλήψεις,532
πλαγκτόν,532
κρυστάλλινο,532
ελκυστικές,532
κατασκοπεύουν,532
ταϊσω,532
Νικολας,532
καλωσορίσει,532
μεξικάνα,532
αποβάλλουν,532
ξαναζητήσω,532
Σούμαν,532
γαλλικός,532
θρόμβωση,532
επιτυχια,532
φαεινή,532
ζήταγα,532
χορηγηθεί,532
περιπλανιέσαι,532
ξεχώρισε,532
στοιχημάτισες,532
Μαξιμίλιαν,532
δικάσουν,532
Άννη,532
φέρ'την,532
αρωματικό,532
παρεμβάσεις,532
καλλιγραφία,532
απεριόριστο,532
εξιλεωθείς,532
νανοτεχνολογία,532
υιοθέτησαν,532
φροντιστής,532
βάπτιση,532
ενοίκια,532
αντιξοότητες,532
Έργουιν,532
αλαζονική,532
καταδικάζεται,532
μ'ενδιαφέρουν,532
λαπάς,531
υπέρμαχος,531
Γκιγιέρμο,531
χροιά,531
υποκριτικό,531
ευάλωτα,531
πιστευετε,531
φωτογραφικό,531
νάμαστε,531
χρεώνουμε,531
αβέβαιη,531
στρατολόγησης,531
καλύπτετε,531
αποίκους,531
μελλοντικούς,531
αναρωτηθώ,531
οιωνό,531
18η,531
υποφέραμε,531
ποίο,531
αγγούρια,531
Ταφτ,531
τριάδες,531
υιοθετήσουν,531
Ζάναξ,531
ελευθερώνω,531
γλείψει,531
Χάτον,531
Μπαράκ,531
πασαρέλα,531
συνεφέρει,531
Ντοθράκι,531
Εύας,531
τεταμένη,531
προβληματικός,531
ανοιχτα,531
παραχωρώ,531
Στάτεν,531
τροφοδοτείται,531
έπαρση,531
αράξει,531
Έμυ,531
συμπεράσματά,531
περιτριγυρισμένος,531
Νικλάους,531
κότερο,531
υψηλόβαθμος,531
παταγωδώς,531
εννοούσαν,531
αντιληφθείς,531
κολλούσε,531
πωλήθηκε,530
κάμπιες,530
μηνύει,530
τερ,530
απτα,530
χάρισέ,530
αποτελειώσεις,530
νήσος,530
δέσαμε,530
εκπαιδεύτηκες,530
Σαντάλ,530
Φόγκυ,530
συμπεριφερθώ,530
γαργαλάς,530
ποσόν,530
άπληστο,530
φορτηγατζής,530
Ράτζα,530
ιδιοτροπίες,530
Χαμπ,530
κροκέτες,530
γλουτούς,530
Ίνκας,530
σαρντονέ,530
συζυγός,530
παρεμβαίνεις,530
θλιμμένα,530
εξονυχιστική,530
επιχείρησής,530
κάτοχο,530
προηγούμενων,530
ερχόμουνα,530
ανήμερα,530
διεγερτικά,530
ονειρευόμασταν,530
κλάψουν,530
περιεχόμενό,530
ασπρόμαυρο,530
ευχών,530
Όμπι-Γουάν,530
ενστάσεις,530
ανεμιστήρας,530
κτηματομεσίτης,530
κάρφωσέ,530
αποδίδεται,530
αιφνίδια,530
διαγράψουμε,530
χορος,530
υπηρετείτε,530
αρχηγεία,530
κρύψατε,530
κόμιξ,530
Τάινι,530
γραμμες,530
καποιους,530
κουβαλώ,530
κρατήθηκα,530
υπασπιστής,530
Ματθαίος,530
μετάσταση,530
άπιστο,530
λήθαργο,530
αμέτρητοι,530
κανονικού,530
όμορφή,529
αναγνώστη,529
Μπόλντουιν,529
ξεχασες,529
καναδικό,529
συγκρούσεων,529
συνεντευξη,529
φωτονίων,529
φαρμακεία,529
αχτίδα,529
περιπέτειά,529
Σάρας,529
γήρανση,529
παρουσιάστηκαν,529
εντιμότατος,529
κεχαριτωμένη,529
στοματάκι,529
αδίστακτοι,529
ευτυχή,529
ξεκάνεις,529
αυτοσχεδιάσουμε,529
οροσειρά,529
συνάχι,529
σωσω,529
απομόνωσε,529
πράγ,529
ξερώ,529
υπεριώδες,529
χαράξω,529
απαντάμε,529
μιμούνται,529
αγόραζαν,529
σεβασμο,529
καταχωρήθηκε,529
γλυτώσαμε,529
δηλωθεί,529
Χίλαρυ,529
ανιψιέ,529
διώξανε,529
ζεστάνουμε,529
λεπτοί,529
υπέθεσαν,529
παξ,529
μπόγκαρτ,529
καπνιστή,529
Ντίκυ,529
εξουδετέρωση,529
ακάτου,529
δοκιμάζαμε,529
κάδρο,529
κεντρικα,529
παραλαβής,529
ειδοποιεί,529
αρχαιολόγοι,529
ψαρια,529
βαρέσει,529
φαρμακευτικής,528
τυχαίοι,528
ξιφολόγχες,528
ερευνας,528
προσκεκλημένοι,528
Ντάνκο,528
ηρωισμούς,528
κωλόπορτα,528
τσακώσω,528
διαμάχης,528
εκπλήρωση,528
Μάντσεν,528
Τρέισυ,528
φυλαχτά,528
Μιούιρ,528
καλοδεχούμενοι,528
μετακομίζουν,528
θεοπάλαβος,528
ξαναπήρε,528
ανάληψης,528
ιστοριών,528
Κόνλον,528
Σαββάτο,528
χειριζόταν,528
φιλολογία,528
σκασες,528
Νιλς,528
Ζεμπ,528
ενημερώσατε,528
συμβουλιο,528
επαναστάσεις,528
ταχυδρομήσω,528
γνωμικό,528
παθητική,528
χωρέσω,528
υποπτος,528
ξεπερνούσε,528
ίππο,528
αδειάζουν,528
αχλάδι,528
Τζάγκερ,528
μ'άφησες,528
πυροβολήσαμε,528
υποδεχτεί,528
καπρίτσια,528
Ρόμα,528
απόμεινε,528
αρρωστημένος,528
Γκάρντινερ,528
τιμωρήσετε,528
σώθηκες,528
επίδεσμος,528
διστάσει,528
κατάντησα,528
καναπέδες,527
Γουάλντο,527
προκλητικά,527
Σοπέν,527
παραπόνων,527
πιέζεσαι,527
κανονίστηκαν,527
ρήγματα,527
Εγγλέζοι,527
βδέλυγμα,527
Έλροντ,527
δόλια,527
συμφιλίωσης,527
νότιους,527
λαμβάνεται,527
σ'εμπιστευτώ,527
σύσπαση,527
επισκόπου,527
κατεβάζουμε,527
καθυστερημένους,527
Σουζαν,527
έμφυτη,527
Λαζ,527
αρκτικό,527
φυσήξω,527
αγωνας,527
Αϊ-Βασίλης,527
γατόψαρο,527
ανία,527
εχθροπραξίες,527
αρων,527
γνώρισμα,527
συμπεριλαμβάνεται,527
υψηλότητα,527
μάρκας,527
προσαρμοστούμε,527
Λέννι,527
ξόδεψαν,527
Οντάριο,526
Κρυσό,526
επιθυμιών,526
βαθυστόχαστο,526
στάβλος,526
κατακλυσμό,526
υδράργυρος,526
περιπετειώδης,526
κραχ,526
θυσιαστείς,526
ελευθερο,526
ποιήματά,526
δωροδόκησε,526
αποκλείουμε,526
γιατρέψεις,526
τ'αδέρφια,526
Ιρένε,526
κοιτάζαμε,526
σχεδιάζατε,526
πασά,526
καρφώσουμε,526
εξετάσατε,526
διευκόλυνε,526
οργανώνουν,526
κέηκ,526
εξοντώσεις,526
σκεύη,526
ντραμ,526
τσάρτερ,526
ξέσπασα,526
δείξτου,526
διεκδικητής,526
τινάξουν,526
ποδοσφαιριστές,526
άρρεν,526
πέρα-δώθε,526
γνωριζει,526
καθρέπτες,526
οργανωμένα,526
ζαβολιές,526
Κολοσσαίο,526
σαχίμπ,526
επιβιβάζεται,526
έγγραφά,526
σμαράγδι,526
εξοντώσουν,526
βλακα,526
Γκρίβους,525
διαστημικές,525
εξουσια,525
εληξε,525
κλασσικός,525
υποχώρησαν,525
προγιαγιά,525
ντοκυμαντέρ,525
ύαινα,525
Ουέμπστερ,525
πηγη,525
χα-χα,525
γινότανε,525
Ελσίνκι,525
χωριατοπούλα,525
σωσίες,525
καλλιεργούμε,525
συμβουλευτείς,525
Κέρκλαντ,525
συναναστρέφεσαι,525
υπηρετήσατε,525
ανίδεος,525
καταλαβαίνεται,525
στριμωγμένα,525
ναυπηγεία,525
έσπρωχνε,525
δίστασε,525
επικείμενο,525
εγκλωβισμένος,525
Σναρφ,525
Τζοσεόν,525
εξυπηρετούσε,525
στραφούμε,525
ταιριαζει,525
δυσφήμιση,525
μαθευτούν,525
μ'αφήσετε,525
επιφάνειες,525
Μπιούικ,525
στοιχειο,525
σκαρφίστηκα,525
Ιάσονα,525
καθισε,525
υποπτεύεστε,525
Ντάτον,525
απουσίες,525
ρουφάω,525
κρατησου,525
Βίκ,525
ταγ,525
μανταμ,525
μιο,524
σίδηρος,524
δελεάσει,524
προοδευτική,524
Κολομβίας,524
επέφερε,524
Μέγιερ,524
αυτοκτονούσα,524
Μπορντώ,524
Ρένφιλντ,524
πρωτίστως,524
εξουσιοδοτημένο,524
διαβεβαίωση,524
γγλο,524
παραδείγματος,524
υπαρξει,524
συζητούσα,524
πρωτιά,524
σφικτά,524
σαχ,524
φορτηγατζήδες,524
σταθεροποιήσουμε,524
σαΐνι,524
σιχαινόμουν,524
εμπόρευμά,524
επιταχύνω,524
τελειωσαν,524
Ιεχωβά,524
σκοράρω,524
ετεροφυλόφιλος,524
ζεσταθούμε,524
διορθώστε,524
διαφωτιστικό,524
αγωνίας,524
Τόκεν,524
σκοτωσαν,524
στοιχείου,524
θυγατέρα,524
Ντόναγκι,524
λέγονταν,524
χύνεις,524
ανταποκριθούν,523
αδύνατες,523
διατηρώντας,523
συγκλόνισε,523
κάν'τον,523
πλημμυρίζει,523
Φάντομ,523
λεγόμενο,523
πρωταθλητών,523
αφοπλίσει,523
αποκλείω,523
υπολογίζοντας,523
γιορτάζετε,523
λαγοί,523
λβαρεζ,523
ρώταγες,523
αλιευτικό,523
πορνείας,523
ράβει,523
αποκάλυπτε,523
αρχιερέας,523
δώσ'τους,523
σπαταλάει,523
εσωσες,523
σκοτώσανε,523
αδυνατεί,523
φασολιών,523
μείζονα,523
Φραντζέσκο,523
λεπτομερές,523
καταλόγου,523
τελειόφοιτοι,523
φλέρταρες,523
προσωπικοί,523
εφετείο,523
παιδεραστή,523
Ντόλυ,523
Κουίνι,523
διάστρεμμα,523
οικόσημο,523
Μουμπάι,523
ενδύματα,523
Τατάλια,523
χαρτη,523
διαφώτισέ,523
Μίτσι,523
βίου,523
βεβαιωθούν,523
ΜΕΤΑΦΡΑΣΗ-ΣΥΓΧΡΟΝΙΣΜΟΣ,523
σ.μ,523
Μπούλμα,523
σελίδων,523
Καϊτζού,523
βασανιστικά,523
ξενέρωτο,522
βοοειδών,522
Βολμ,522
φαρμα,522
αποδράσουν,522
ηπια,522
μύλος,522
σήκωσαν,522
ουρανίσκο,522
μπερέτα,522
αγγίξτε,522
Λίλλυ,522
φριχτός,522
καταφερουμε,522
ταΐζουμε,522
Έιβερυ,522
λιμουζίνας,522
αρουραίε,522
υπερβολικής,522
απόφραξη,522
απόφοιτοι,522
σβήστηκε,522
κορυφη,522
επιφυλακτική,522
έμπλεξαν,522
πρωτεϊνών,522
Νιούλιν,522
καλούνται,522
ανατινάζεται,522
φωτογράφους,522
βάφεις,522
πρακτικής,522
ρήγας,522
επιδρομής,522
φιλενάδας,522
δερμα,522
Φρανκεστάιν,522
ανίσχυρος,522
πάσσαλο,522
ντότζο,522
διαφέρω,522
παρέδιδα,522
Νόλα,522
10χρονο,522
αστεράκια,522
εορτή,522
ρυθμίζει,522
σημαδέψω,522
καταφερε,522
μουρμουρίζεις,522
βιολογικές,522
ηθικούς,522
φαε,522
ξεκλειδώσεις,522
ξεκουράζομαι,522
βόρια,522
τούμπανο,522
κοντινοί,522
Κάμπος,521
πορνη,521
πενθώ,521
πεταξε,521
προκαθορισμένη,521
Όμαχα,521
δέρματός,521
ηρεμώ,521
ξανασυζητήσουμε,521
γεύομαι,521
κιλα,521
γυάλινα,521
νοίκια,521
παιχταρά,521
χαρτομάντιλα,521
περιφερειακός,521
ντιμ,521
γραφειοκράτης,521
Πίγκυ,521
απο'κει,521
αναδόμηση,521
γαμίσου,521
ανίκητοι,521
ξιφασκία,521
κλαψούρισμα,521
αστυνομικίνα,521
παραβιάσατε,521
μίση,521
αντικρίσω,521
ρεαλίστρια,521
φιλια,521
καμπανάκια,521
βιαστικοί,521
αρνι,521
Στέλα,521
συλληφθείτε,521
Άμις,521
κόκκοι,521
μακρύτερο,521
εξελιγμένα,521
μητερας,521
ότιδήποτε,521
περιοδείας,521
μαντήλια,521
άμαξας,521
φωτισμού,521
τσάντισες,521
σανατόριο,521
κακόμοιρα,521
παίδαρε,521
διεύθυνε,521
θυσιάστηκαν,521
τ'απόγευμα,521
πλατφόρμες,521
τίμησε,521
σπόρων,521
Τούρκο,521
πεσ,521
νόθο,521
Πάνθερς,521
βασίζεστε,520
προπονώ,520
πέννες,520
χοντροκέφαλε,520
σκελετοί,520
πλακώσουν,520
αλλαξω,520
Τερέζ,520
Μπαχουμπάλι,520
απροετοίμαστο,520
γυάρδες,520
παρντόν,520
άσχετες,520
μ'εμάς,520
αποφάσιζε,520
συμβολαιογράφος,520
εγκατασταθώ,520
ξανάγινε,520
προτεινω,520
Σμόουκ,520
περιέγραφες,520
ν'ακούς,520
μπαλάντα,520
δεξι,520
σύχναζε,520
ασφαλισμένος,520
δημοσιογράφων,520
αυτολύπηση,520
πληγωμένους,520
λιποαναρρόφηση,520
ελέγχθηκε,520
έγχρωμοι,520
ανίχνευσε,520
αριστοκρατική,520
ντόπιων,520
παράλυτη,520
εμπι,520
Άσπεν,520
Οντέλ,520
απληστίας,520
αντιτορπιλικά,520
αγιότητά,520
ΜακΓκρέγκορ,520
πλουσιότερους,520
καψίματος,520
πάτωμά,520
επιθετικότητας,520
κωλομέρια,520
αμέριστη,520
τ'ακούσω,519
εξασφάλισα,519
εγωισμού,519
ξεμπλέξουμε,519
στεναχωρηθεί,519
αποτυχημένες,519
κατάβαση,519
συγκλίνουν,519
αναβαθμίσεις,519
βαζελίνη,519
γκάμα,519
εξουδετερωθεί,519
μάνες,519
μ'αφήσει,519
οχημα,519
Ράφα,519
αισχρά,519
Κόμπα,519
ασφαλισμένα,519
κυνηγι,519
αναρωτηθούμε,519
Φρεντερίκ,519
συμβάντων,519
μετανιώνει,519
καβάλησε,519
πλησιαζει,519
σεμνός,519
ξέκανε,519
προσέξαμε,519
δύσπιστος,519
αστεια,519
σπαρτά,519
ταρώ,519
γάλλου,519
Γουάτκινς,519
παιδεραστές,519
μειοψηφία,519
καρέκλας,519
τρώγατε,519
ανυπόμονοι,519
τριγυρνάμε,519
Τυνησία,519
Αλεν,519
αφίξεις,518
Καρλότα,518
φυση,518
πατριωτισμό,518
Σίλι,518
σαρωτής,518
προειδοποιηση,518
διαβόητο,518
αντικατασταθούν,518
Γαλιλαία,518
Μπέρινγκ,518
τσαμπουνάς,518
σχετικότητα,518
αυτόματης,518
ονειρεύεστε,518
βετεράνο,518
μετρητό,518
μειονότητες,518
ενάγων,518
σολάριουμ,518
φτωχού,518
Γιουε,518
αιμοδιψής,518
Χόλμπρουκ,518
σκαρφαλώνουν,518
συγχωρούσε,518
χρονικής,518
λεηλασία,518
Μπογκοτά,518
υπηρετήσουμε,518
παγώνω,518
επινόηση,518
κρυφάκουσα,518
υπόχρεη,518
έπαψες,518
εθνικότητα,518
μπρος-πίσω,518
ξαναγεννηθεί,518
διαδοχής,518
αράζεις,518
τρελάνουν,518
κυνικό,518
Κλούνεϊ,518
παίζε,518
Παρισίων,517
προγραμματίσουμε,517
πεντάλφα,517
λαγουδάκια,517
παίκτρια,517
θανατωθεί,517
εντόμου,517
Βιτόριο,517
καθοδηγώ,517
χειρουργηθεί,517
Μαρικρούζ,517
φούρναρης,517
φίσκα,517
έλ,517
συμφιλιωθούμε,517
πούπουλο,517
πάγωσέ,517
σκουληκότρυπες,517
ηδονής,517
ζηταω,517
Λοβ,517
έσφιξε,517
αποδεικνύεις,517
προειδοποιούν,517
παρατραβήξει,517
περιλάμβανε,517
υψος,517
μαρκάρει,517
τ'ονομα,517
ναυτικών,517
ασφαλιστήριο,517
αποκόλληση,517
φύλων,517
παντοδύναμου,517
μίσησε,517
γευση,517
στενοχωρηθεί,517
Βίκο,517
σαρώσει,517
Αμπερ,517
τωρινός,517
έκπληξης,517
καναδική,517
Γκρόουβς,517
αγρούς,517
κατηγορηθώ,517
Ιπ,517
πέρναγες,517
Γκάριτι,516
σκλαβιάς,516
σούταρε,516
παραγγέλνω,516
σκόρπισε,516
αντιύλη,516
πίτ,516
πολλαπλοί,516
αραβική,516
σημείωσες,516
χριστιανών,516
Έμερι,516
συμπέρανα,516
χρωματιστά,516
ποση,516
εξαπάτησης,516
έπος,516
γκισέ,516
βλέφαρο,516
κακοποιηθεί,516
χορτοφάγοι,516
Μανού,516
νεώτερη,516
φώναζέ,516
στάρι,516
δυτικα,516
δημόσιοι,516
ενισχυμένη,516
βεβαιώσω,516
Τζακσον,516
πατέντες,516
Τάιτους,516
έμπλεκα,516
λανθασμένο,516
αιγύπτιος,516
χτυπιέται,516
νομοταγής,516
έσκαγα,516
συγκάλεσε,516
ξεκαθαριστεί,516
πλέουν,516
Μέντοους,516
πολωνικά,516
ένος,516
μικροκαμωμένη,516
εγκαταστάθηκαν,516
καταπακτές,516
σινιάλα,516
προσθέτουμε,516
πιστεψεις,516
νάρκωσες,516
απογίνουν,516
Αμάρα,515
Ζίμερμαν,515
ιδιοφυϊα,515
ποιήσουμε,515
ισοπεδώσει,515
έμοιασε,515
συζητά,515
μεγαλοπόδαρο,515
χθεσινοβραδινό,515
κόστισες,515
ασ'την,515
ιχνηλάτες,515
εργένικο,515
εκτιμήσετε,515
συμβιβάζεσαι,515
Κεβιν,515
τίμιους,515
πυροβολείται,515
τεντώστε,515
ξενέρωτη,515
καρτελάκι,515
κομμουνισμός,515
αισθημάτων,515
αντιγράφεις,515
νεοσύλλεκτη,515
φιτίλι,515
γονατίζει,515
πεφταστέρι,515
κεφαλαία,515
μπέρδεψαν,515
σχολικός,515
τιμάει,515
αρκούδων,515
αντιμέτωπη,515
επισκευάσεις,515
ατζουσσί,515
αγχωτική,515
βιολέτες,515
ανετα,515
Λασάρντ,515
μουγκός,515
αναβάλεις,515
βίαιης,515
μάρτυρές,515
διαβάθμιση,515
ψήνω,515
ξύσεις,515
θυσιάζεις,514
θα'στε,514
ξουτ,514
ανοησιες,514
παρθένου,514
αντάλλαξαν,514
καταπίεσης,514
εκπροσωπείτε,514
Ράινερ,514
απασχολημένες,514
Φιλαδέλφια,514
βλεπουν,514
εκτεταμένες,514
τουρ,514
πορτογαλικά,514
ποθείς,514
καρδιακά,514
ρουφηξιά,514
ξίφους,514
ματαιόδοξος,514
ρατσιστικά,514
Ινδή,514
Ντέκαρντ,514
σταρς,514
αποπλανήσει,514
χοντρούλης,514
διαπερνούν,514
άκουσμα,514
συσκευών,514
τσακιστή,514
ευνοϊκή,514
καλλιεργώ,514
εισέπνευσε,514
αποτελεσματικοί,514
23ο,514
Μέιτζορ,514
Ντάφυ,514
Λίντσεϋ,514
βαράω,514
σκηνικού,514
απαραιτήτως,514
κηδεια,514
επιτραπέζια,514
χασουμε,514
παντελονιού,514
πεθανουμε,513
φυλάκισαν,513
Σαρού,513
κατσουφιάζεις,513
σκουπίστε,513
σκέψεων,513
εντοπίζεις,513
απέκλεισαν,513
εντοπιστή,513
κρυσταλλική,513
συνεννόηση,513
δρούσε,513
γαλήνιος,513
αποκλείσουν,513
ανάρτηση,513
γεμίζουμε,513
μενουν,513
νεαρος,513
διαπιστώσετε,513
αρχιστράτηγος,513
παρακολουθήσαμε,513
απώλειές,513
απογοητευτική,513
μελαχρινός,513
κατασκηνώσει,513
Σκωτσέζος,513
αποπλάνησε,513
Άλτμαν,513
γαμούσα,513
διαθέσει,513
πυροβολήθηκα,513
αφαιρούμε,513
αψηφάς,513
σχηματιστεί,513
Χάρλοου,513
κυλούν,513
ζητούσαμε,513
Στοκχόλμης,513
κλεισω,513
κοκκινομάλλης,513
προστάτεψες,513
αυτοκινητικό,513
ευχέρεια,513
αντικαταστήσετε,513
επηρέασαν,513
δωρεαν,513
Ιουδαία,513
γυμνασμένος,513
σφαγέας,513
Χάστινγκς,513
ύμνους,513
Ντόννα,513
συμπεραίνεις,513
άσκησε,513
Χάνουκα,513
ικα,513
ατμομηχανή,513
ανατινάζουμε,513
θέτουμε,513
απέλαση,513
κουκλα,513
πληρώνοντας,512
μονόφθαλμος,512
εθνικη,512
νυχτοπούλι,512
δισκάκι,512
οργάνου,512
ανάβουμε,512
γελοιότητες,512
ενώθηκε,512
αμελείας,512
λαχταράς,512
τελειοποιήσει,512
Ντρέιζεν,512
Ειμυ,512
τερατούργημα,512
σινάφι,512
χαρισματική,512
μαχαιρώματα,512
εύρεσης,512
αποθαρρύνει,512
μαυρίλα,512
γραφειοκρατικά,512
χρηματιστηρίου,512
φαύλος,512
Γκίμπς,512
ξεκολλήσω,512
Ναΐτες,512
τραστ,512
χώματα,512
οπλοφορίας,512
πάσης,512
πρέπουσα,512
βλαστοκύτταρα,512
Κέικο,512
απλώστε,512
διαπραγματεύονται,512
συμπεριφερθεί,512
βεβαίωση,512
στήνω,512
σοφότερος,512
μονογαμία,512
πιάστην,512
Αγκνες,512
σιχαμερή,512
επίδεσμοι,512
παραδειγματισμό,512
μυρίζεται,512
προτίμησα,512
μασκοφόρο,512
ντιγκ,512
Χιουνγκ,512
γούνινο,511
θορύβου,511
Μπέτσυ,511
Χενρυ,511
μύρισες,511
συμμορια,511
γλάρος,511
Γουίλμπερ,511
Ρίκ,511
Χάρκνες,511
χτίστηκαν,511
αυτοκινητοπομπή,511
προέβλεψα,511
εξωτερικής,511
ποσοι,511
Τάζα,511
χωριστούν,511
σκεφθώ,511
προτρέχουμε,511
Μέλβιλ,511
παραείμαι,511
ποδοσφαιριστή,511
αναλογιστείς,511
χάβω,511
ανακατεμένο,511
ντρόπιασε,511
κολάρα,511
πλήξει,511
Λάισα,511
διώχνουμε,511
πιάσου,511
σφραγίσω,511
ρατσιστική,511
μεσίτες,511
ψηφίστηκε,511
βελτιώνεσαι,511
αγαπης,511
Στηλ,511
μοναχογιό,511
νετρονίων,511
φανκ,511
πλέι-οφ,511
παιξεις,511
συμμαζέψου,511
Ντορότα,511
τυπογραφικό,510
Αλέξανδρο,510
δαχτυλιδι,510
Χαλίλ,510
Αουρόρα,510
καλε,510
επισκεπτηρίου,510
θολώνουν,510
ενώσουν,510
Σίλβιο,510
εννιάρια,510
Ντέιτον,510
Ιορδάνη,510
κουβαλήσουν,510
καψούρα,510
χιμπατζής,510
αγωγού,510
τραυματισμένους,510
Τζέυ,510
Ζόιντμπεργκ,510
κατέστρεφα,510
άλατος,510
Ιεζεκιήλ,510
Χόλερ,510
περιπλανιέμαι,510
εμεινες,510
οξυδερκής,510
προσω,510
διπλασιάσει,510
Ρίνα,510
ανοιχτείς,510
χώνεται,510
υπενθυμίσεις,510
απορρόφησε,510
Σέιμους,510
Μηρήν,510
ανακαλέσω,510
Ρέστον,510
ρηγάδες,510
τσακίζει,510
Μπίκον,510
κλαψιάρα,510
δυάρι,510
αναλυτικά,510
γρανίτη,510
προειδοποιείς,510
μπερδέψω,510
μαρτυρας,510
παραβαίνει,510
ξεσκεπάσω,510
γεννήτριας,510
Ρωξάνη,510
δολοφονημένη,509
ξεμπλέξει,509
κάστινγκ,509
εμπιστευτήκαμε,509
βίαιων,509
καλάμια,509
μαρτυρήσω,509
Ινδιών,509
παρυφές,509
χλιδή,509
Καλίντ,509
ξεκινούσαμε,509
εκνευριστική,509
λαχάνιασμα,509
χρειαστω,509
αφήνεται,509
σωσεις,509
περίφημος,509
ητανε,509
διασωλήνωση,509
αλμυρά,509
Ντίσνεϊ,509
σκληρος,509
μ'εσάς,509
εκραγείς,509
ηγετική,509
επισκευών,509
καλαμάρια,509
αντικατοπτρίζει,509
διανύσει,509
αποδοχών,509
ακέφαλο,509
Απού,509
αυλη,509
νάτσο,509
μπορέις,509
μετριότητα,509
κατέθεσες,509
παρουσίασης,509
χρησιμοποιήσε,509
διασκεδαστικές,509
μισά-μισά,509
φρένων,509
επιμένουμε,509
κορσές,509
μήτε,509
απομιμήσεις,509
επιχειρησιακή,509
χαραντάν,509
Ντεπ,509
χαρίσματά,509
βασιζόμενη,508
βελτίωσης,508
διαμαρτύρεσαι,508
Λόξλεϊ,508
Δανίας,508
θα'χετε,508
χαρισματικό,508
λυπηρή,508
χρονοκάψουλα,508
δυσκοιλιότητα,508
Κιουν,508
Φαίη,508
κλείσανε,508
παραλάβουν,508
παραλήπτη,508
Άλπεις,508
ρχόταν,508
βυθισμένο,508
συνεχούς,508
ακουμπήσετε,508
υφίστανται,508
διαζυγίων,508
δικαιολογείται,508
Σαντίνο,508
δούλο,508
συμμόρφωση,508
ακαταμάχητος,508
αντιληπτός,508
παντρευτει,508
μεσάζοντες,508
τική,508
προετοιμαζόμαστε,508
σκάρτο,508
νουβέλες,508
Χελς,508
συμπεριφερθείτε,508
αιμοραγία,508
ανατινάζονται,508
ένοιωσε,508
συγκρατηθείς,508
θεαματικά,508
θ'αργήσει,508
κατακτητή,508
συγχωρεμένος,508
εντοπίζονται,508
ραδίκια,507
γυρνούσαμε,507
Αδόλφο,507
ορος,507
προσποιηθείτε,507
υπογράφετε,507
ευχαριστήριο,507
μεγαλες,507
μόλυναν,507
Νέπτουν,507
ανώτατης,507
Τομι,507
ξαναμπήκε,507
ξαναμμένος,507
εγκατασταθούν,507
Κάσυ,507
τακτοποιήσουν,507
απόλυσέ,507
ενεργές,507
θρύψαλα,507
λογίστρια,507
ίωση,507
γλυκόριζα,507
Σκάιγουοκερ,507
υπόγειος,507
νοτίων,507
ΜακΛάφλιν,507
Ζάκ,507
Αργεντινής,507
ανασαίνει,507
πουρές,507
τρομερούς,507
φέρυ,507
κουφοί,507
αμφισβητούμε,507
αφοσιωθεί,507
καλύφθηκε,507
γαμούσε,507
δουλίτσες,507
κριτή,507
ροδοπέταλα,507
Χουά,507
ανεύρεση,507
ανεχόταν,507
Ανταρκτικής,507
καταυλισμού,507
Χάλιγουελ,507
ξεχωρίζουμε,507
ελαφρό,507
κατάμπρα,507
κουράστηκαν,507
στηκε,507
άσους,507
πανευτυχής,507
συντροφικότητα,506
έαν,506
συντονισμός,506
γλύψω,506
αυτοπεποίθησης,506
αποσκευή,506
σασί,506
κάπου-κάπου,506
τράκαρα,506
ΑΤΝΥ,506
ξαναχτυπήσεις,506
ευνοούν,506
βλάψετε,506
Θέρμαν,506
χοιρινά,506
Μόρντρεντ,506
Ακίρα,506
καρφωμένα,506
έκεί,506
δηλητήριό,506
ενοχλείται,506
Σίσερο,506
απελευθερωθούν,506
βρομάς,506
αναγνώστης,506
υποστηρίζοντας,506
χρυσής,506
γραψε,506
πραμα,506
βάτραχοι,506
αυταρχικός,506
λαβές,506
συγνώμες,506
Γουέδερς,506
μελοδραματικός,506
στρουμφ,506
διοικητήριο,506
ρωτησε,506
εξιλαστήριο,506
πούτσες,506
ευθυνών,506
ιπτάμενοι,506
ενεργοποιηθούν,506
Χάριγκτον,506
μηριαία,506
ανακαλύφθηκαν,506
διαδώσουμε,506
ατέλειωτα,506
απαισιο,506
ντεκόρ,505
Μέιφιλντ,505
Στίβενσον,505
φαρμακοποιό,505
γόνος,505
συνδέεσαι,505
πνιγμένη,505
διαφωνήσουμε,505
μαυρίσει,505
ψεγάδια,505
ευρωπαίους,505
αντίγραφό,505
μπερδεμένες,505
Έκλαντ,505
οικολογική,505
ζειν,505
γλυκε,505
Νακ,505
παγοδρόμιο,505
Ντίσνεϊλαντ,505
στενοχωρήθηκα,505
σπείρει,505
αγριόχορτα,505
διαγράφει,505
ταπεινοφροσύνη,505
Σβάρεντζεν,505
παραπέτασμα,505
μύριζαν,505
μετατρέποντας,505
οπλισμός,505
Ελενα,505
οχυρού,505
ιστορικοί,505
ανικανότητας,505
Βόζνιακ,505
πέστροφες,505
προφορικά,505
κλείναμε,505
αμυνα,505
Μέιναρντ,505
σκουριασμένος,505
Χάρκεν,505
ξοδέψετε,505
κάνες,505
Κορτέξιφαν,505
Χίκι,505
διαχωρισμού,505
ρολοι,505
ξινό,505
Τίνκερ,505
Σάφολκ,505
καρδιακοί,505
αφέθηκαν,505
εγκληματος,505
ΦΡΑΝΣΙΣΚΟ,505
παράμετροι,505
ιφελ,505
εξυπηρετώ,505
Έρικσεν,505
μνηστήρες,505
το'χουμε,505
ενδεχόμενη,505
μειώνουν,505
καρπού,504
πυρετού,504
ξαναδοκιμάσω,504
εξτρά,504
εκδικητική,504
μπλέξατε,504
όντος,504
πινω,504
είσοδοι,504
πλακούντα,504
κοπάσει,504
ελλιπής,504
καυτοί,504
παρέλασης,504
απ'του,504
αποτελεσμάτων,504
μεσαιωνική,504
δεξιότητα,504
πιαστείτε,504
εξυπηρετήσουμε,504
εκκρεμές,504
11ης,504
Κων,504
αφρικανικό,504
αστερι,504
Γκέιμπλ,504
αφησετε,504
Τζεην,504
μπαινει,504
ύπαρχο,504
αμπέλι,504
περνούσατε,504
αναζήτησα,504
τζίλι,504
νεότερους,504
αποχωρήσεις,504
κλεισμένα,504
μεταφερθούμε,504
Ινέζ,504
άμι,504
κοινωνικοί,504
Μπλουθ,503
περίφραξη,503
καμαρίνια,503
αναλογιστούμε,503
Στάνλεη,503
Ντοράντο,503
στρατηγείο,503
ινών,503
υποταγής,503
αντιμε,503
γλάσο,503
ειρηνευτική,503
προπονήτρια,503
ομιλητή,503
συνδυάσουμε,503
ιδεες,503
λαθών,503
Ματίλντ,503
Ιγκλ,503
Τζουλιάνο,503
αντιλήφθηκε,503
νομισματικό,503
κάσες,503
κοκτέηλ,503
λογοτεχνικό,503
συγχωρεθεί,503
Καστιέλ,503
εμπρηστή,503
βασισμένοι,503
φέσι,503
θηλυκός,503
Πάντυ,503
τσακιστείς,503
νηστεία,503
συμπεριλάβουμε,503
άρον,503
εναλλάξ,503
άσ'την,503
αγαπήσαμε,503
αντιαεροπορικά,503
ξεφεύγουμε,503
μαλιά,503
πανδαιμόνιο,503
Σκίτερ,503
Βερσαλλίες,503
αβάσιμες,503
ξεφορτώσουμε,503
ξεφορτώνομαι,503
συλληφθώ,502
συζητούσατε,502
μεταχειρισμένων,502
Στάρκ,502
παραλάβετε,502
ατίθαση,502
κακοποιήθηκε,502
ψηφοφορίας,502
ριξ,502
ρούσε,502
συνθλίψει,502
καταθέτω,502
Σολότσο,502
κινδυνεύσει,502
κατουριέμαι,502
οδηγει,502
ρέιβ,502
προθέσεως,502
ανεμος,502
ανακάτεμα,502
εξευτελισμός,502
γελάδα,502
παριστάνουν,502
ανατολικών,502
αποσύρθηκα,502
κελλάρι,502
Γουίλς,502
τήρησε,502
επανα,502
Ντέμπ,502
πιπίλα,502
αγγελικό,502
κάλος,502
υπολοιπα,502
λάμια,502
αποχωρήσετε,502
Τσάρλη,502
Γουάτς,502
αγαπητά,502
ενημέρωσή,502
εξερευνεί,502
πλέουμε,502
βιαιότητα,502
εφηβείας,502
ανάλαβέ,502
κουνιστή,502
ξοδέψουν,502
ψηφίζεις,502
σέντρα,502
πιαστούμε,502
αντιγράψεις,502
βάσιμες,502
Αλέξι,502
γήινης,502
συμφωνική,502
εφεύρεσή,502
επέλεγε,502
λεπρός,502
παιξω,502
συνέργεια,502
ιδιοκτητών,502
Μακάρθουρ,502
συνειδητή,502
Εμιλιέν,502
συνθέτη,502
παλιομαλάκες,501
πολικό,501
κρατικής,501
απόπειρας,501
μονόφθαλμο,501
ψαρέψεις,501
απ'ολα,501
διαγνώσεις,501
ηλιθιο,501
ολογράμματα,501
τυφλώθηκε,501
προδότρα,501
δυναμώνουν,501
επιβεβαιωμένο,501
αιμοδιψή,501
έξαλλο,501
στομαχόπονο,501
ατμόπλοιο,501
εξέταζα,501
Ιανουάριος,501
πετρελαιοπηγές,501
παγοκόφτη,501
κατασκεύασα,501
αρέσουμε,501
χτυπημα,501
στραγγάλισαν,501
φούρνους,501
Καρίν,501
ακρωτηριασμός,501
βοηθησουμε,501
φορητός,501
εσώκλειστο,501
δέθηκε,501
γυριστεί,501
φουτμπόλ,501
αφηνει,501
προσευχόταν,501
Μπίτσαμ,501
ακολουθησε,501
αναρωτιώμουν,501
φιλελεύθερη,501
κολυμπάνε,501
μαζευόμαστε,501
κόκας,501
μεταμορφωθείς,501
πικραμένος,501
ΜακΦλάι,501
κωλαράκια,501
φθαρεί,500
Μάνσφιλντ,500
Γκέλαρ,500
στηριχτώ,500
θαλασσώσω,500
αντιγραφέων,500
Πενσυλβανία,500
παραβλέψουμε,500
σκουπόξυλο,500
απενεργοποιήσετε,500
εκκλησιαστικό,500
φαινόντουσαν,500
έπληξε,500
Θόρν,500
διαφωνούσε,500
Λούγκερ,500
βροχη,500
προσφυγή,500
εκτίθεται,500
κατσικίσιο,500
υποδομές,500
μετόπισθεν,500
ηλιακά,500
προσχεδιασμένο,500
μαγιώ,500
αντικοινωνική,500
αποκύημα,500
κουρασμενος,500
τάπερ,500
απαισια,500
λεβέντη,500
αντιπλοίαρχο,500
αποκοιμήθηκες,500
καραδοκεί,500
αμφισβήτησε,500
κουλοχέρηδες,500
συμβολίζουν,500
προπονείται,500
σχολιάσετε,500
αρχιτεκτονικής,500
Χόμι,500
κατη,500
αναλύουμε,500
παραχώρησε,500
Ζωρζ,500
Μπάγκσι,500
ξυραφάκια,500
κοντές,500
υπερασπιστές,500
φορτισμένη,500
δεσμοφύλακες,500
λαος,500
Σάδερλαντ,500
σωληνώσεις,499
ανασαίνεις,499
Ειρηνοφύλακες,499
κιγκλίδωμα,499
Σμάιθ,499
σέρνοντας,499
αξιωματούχο,499
σηκώθηκαν,499
Στράουντ,499
ουσιώδη,499
βαδίζουν,499
αποθηκεύουν,499
πουλιούνται,499
ρους,499
ψήθηκε,499
ργησε,499
οδηγιες,499
εσωστρεφής,499
εκτιμηθεί,499
παραχώρηση,499
παραπλανητική,499
υπερασπιζόμαστε,499
Ντότζερς,499
προγραμματισμένα,499
διευθύνουν,499
εξόργισε,499
ινδιάνικα,499
πρακτορεία,499
ΝΕΒΑΔΑ,499
πληροφόρησαν,499
ειδικευόμενο,499
μεγάφωνα,499
μεσαιωνικό,499
Αγιου,499
επείδη,499
ακροβάτης,499
ισάξια,499
γγελε,499
Μόλντερ,499
κάδος,499
απαλλαγείτε,499
ισχίο,499
ξεχνούσες,499
Ρέντ,499
φιλαρακια,499
καθοδηγούν,498
ομ,498
ροζέ,498
μελη,498
οιωνοί,498
τυπώσω,498
λυκανθρώπους,498
ψόφο,498
ηγούμενο,498
θάλεγες,498
σουηδικό,498
πεισματάρικο,498
Κόλ,498
μανιακούς,498
μεγαλοφυής,498
φαρ,498
διακεκριμένο,498
όψεως,498
κουβανέζικα,498
σκατιάρης,498
αποκαταστήσεις,498
συγχωρεσε,498
κρετίνος,498
εντυπωσιάζομαι,498
παώ,498
χωνεύει,498
εκδώσουμε,498
λεπίδας,498
εργασιακή,498
δοκιμασίας,498
αποσύρονται,498
γιόγκι,498
απλών,498
εξουδετερώνει,498
πολυεθνικές,498
χαμογελαστό,498
ακέραιος,498
αποζημιώσει,498
συστολή,497
συναίβει,497
δημιουργίες,497
αναθέσεις,497
ασφαλίστηκε,497
τεκμήρια,497
Βαλκάνια,497
λαμπάκια,497
αγροτικές,497
καταπιεσμένη,497
Μαγκί,497
Κορβέτ,497
σσς,497
καθυστερούσε,497
σταυρώσουν,497
απαγχονισμό,497
κουβαλούσες,497
λεγόμενη,497
στοχεύουμε,497
νόστιμες,497
δυσαρεστημένη,497
αλληλοσκοτώνονται,497
εστιάζει,497
κωδικος,497
πρόβλεψε,497
πάπρικα,497
συναντιέται,497
αρχοντιά,497
μονόλογο,497
βίωσε,497
θελαν,497
τορπιλών,497
κώλοι,497
φυλλάδες,497
κοψω,497
υποθέτετε,497
προσεγγίζουμε,497
ολλανδικά,497
ξελ,497
Αντζελο,497
συναρμολόγηση,497
λιπόθυμη,497
πυλώνα,497
κλεμμένων,497
φορεσιά,497
χορευτική,497
εξοχοτάτη,497
πλώρης,496
μαστουρώσει,496
αφής,496
στοίχημά,496
κύρους,496
τυπου,496
διμοιρίες,496
βολευτεί,496
μετακίνησης,496
Γουώλ,496
σταθεροποιητές,496
συμπληρώνω,496
αποθεμάτων,496
νεκρους,496
νούντλς,496
ανθοπώλης,496
βιάστηκες,496
Ζόριν,496
ψάχνεται,496
εξαλείψω,496
ωφέλησε,496
γκρεμίσεις,496
δομική,496
Νέστορ,496
συλλέξουμε,496
θ'αρχίσουμε,496
αναθεωρήσεις,496
τρακάρει,496
ομορφια,496
υπεξαίρεση,496
διείσδυσε,496
καθορισμένο,496
κεφάτη,496
ταχυδρομικά,496
σαρκική,496
ακούμπησέ,496
υποβάλετε,496
ζωντανοι,496
δυτικοί,496
εκεινον,496
Μητρόπολης,496
Νόουλς,496
ιρακινό,496
επιθυμούσες,496
ξαναβρήκαμε,496
αποφασιστικό,496
βάζοντάς,496
ενοικιαστής,496
πετώ,496
πληροί,496
τύφο,496
ωρίτσες,496
ξαναπαίξεις,496
βήξε,496
ξέπλυνε,496
Γκλόβερ,496
Πούσκιν,496
Μάρεκ,495
άρθρωση,495
καταδίκασες,495
διευθετήσεις,495
παραμορφωμένη,495
Σάμπσον,495
αδειάζεις,495
κινητοποίηση,495
χρεοκόπησε,495
ανεβα,495
φόντα,495
μεταρρυθμίσεις,495
ξύλινες,495
δωσαν,495
πολιτεια,495
ανανεώσω,495
Ναγκασάκι,495
αλλάξανε,495
παθολογία,495
αυστηρούς,495
ανακληθεί,495
φτιαξουμε,495
επικεφαλης,495
πλέξιμο,495
φιστικοβούτυρο,495
διαβήτης,495
κόντα,495
σπέρνει,495
τροφικής,495
καμπούρης,495
παιδιάστικα,495
δημοσιογραφική,495
Πομπηία,495
σκληρότερο,495
εικοσιπέντε,495
ποιμένα,495
ολοκληρωθούν,495
στοιχειό,495
Ο'Κόνορ,495
Ουές,495
επέμεναν,495
Ντεϊβιντ,495
εξηγώντας,495
ακίνδυνα,495
Τεσσεράκτιο,495
νονέ,495
ανέφικτο,495
χαλαρωσε,495
16η,495
πλανητη,495
χειρισμού,495
ατσαλιού,495
απογοητεύτηκε,495
Τόμμι,495
αστρονόμος,494
αδιάφορα,494
ποντάρουμε,494
λείψουμε,494
επιμελητή,494
συνδέθηκα,494
κατασκευασμένη,494
αντίστοιχη,494
Ρίτερ,494
ιρες,494
χιλιομετρα,494
βαρύτερο,494
κακιάς,494
σήκωνα,494
σηκωμένο,494
επάλξεις,494
καταστρώματος,494
πληρώθηκες,494
ερωτηματικά,494
σκωτσέζικο,494
φημισμένο,494
εφεδρικές,494
φυσιοθεραπεία,494
δέκτες,494
ξετρυπώσουμε,494
εκδηλώσεων,494
βάφω,494
Λιτ,494
πόσουμ,494
εξέτασες,494
εξέχουσα,494
ορκίζονται,494
προσταγές,494
μούσια,494
κρίκους,494
καλόκαρδος,494
δεθώ,494
ανιχνεύσαμε,494
δν,494
σύγκρινα,494
άσθματος,494
στελεχών,494
μετάβασης,494
θυσιαστούν,494
ντερς,494
μανδύες,494
έσυρα,494
μάγεψε,494
κοκκινομάλλες,493
κατέγραψες,493
χίπις,493
συγκλονισμένος,493
Ντάικ,493
γεροδεμένος,493
περάσανε,493
αφαιρώντας,493
κρεββατοκάμαρα,493
υψηλότατη,493
ελαφάκι,493
φανηκε,493
σολωμό,493
Χένσον,493
παλιόγερε,493
καθησυχάζει,493
σαπίλα,493
δωματια,493
δυνατη,493
Τζέιντεν,493
Άρυα,493
παρακινεί,493
πουλια,493
σχεδιάσατε,493
ξεριζώσεις,493
φιλαρμονική,493
Σέντινελ,493
απολύμανσης,493
λιβάνι,493
μοτ,493
Μόζες,493
διαπραγματεύσιμο,493
ανώνυμων,493
επιτεύγματά,493
έσερνε,493
συρθείς,493
εφεδρείες,493
παρατηρείτε,493
Σςςς,493
ίδρυση,493
εχθρο,493
Πόλ,493
αφανίσουν,493
τσιμπούσι,493
Μπάουμαν,493
ειδικη,493
αηδιάζουν,493
κουράσω,493
γάντζους,493
πρωτοφανή,493
σεζον,492
ενοχλήσετε,492
ορατός,492
χρησιμοποιησε,492
ανταγωνίζονται,492
Χάλοραν,492
παγανιστές,492
Τσερόκι,492
υπολόγισες,492
Λυών,492
απαγορεύτηκε,492
στριψε,492
ανακριτές,492
τετραγωνική,492
Εκτορ,492
ουισκι,492
προαστίων,492
πλεονέκτημά,492
αριστεράς,492
βυτιοφόρο,492
φώκιας,492
κατηγορούνται,492
Γουίνγκερ,492
αποχαιρετισμό,492
περιέγραφε,492
κομμουνισμό,492
μινιατούρες,492
βουδιστής,492
υπακούσουν,492
φαντομάς,492
Ορόρα,492
ξεκάνουμε,492
αντηχεί,492
νόμιζ,492
χαρτομάνι,492
κανα-δυό,492
αναλογεί,492
ιερούς,492
προσέφερες,492
να'χετε,492
μονοπατιού,492
λακκούβες,492
Μπροντγουέι,492
Κάσπαρ,492
βραχείς,492
αφρικανοί,492
διανομές,492
ευαγγέλια,492
Κρέην,492
γρηγορότερη,492
νομισμάτων,492
αγνοί,492
καταταγείς,492
ακατάλληλα,492
άδειασαν,492
κουτάλα,492
μισογεμάτο,492
καταταγεί,492
άντεχαν,492
θρεπτικό,492
χαμηλός,491
επιτίθεστε,491
αριστερο,491
τσακώσουν,491
τάισέ,491
γύμνια,491
δακτυλικό,491
απτές,491
ακατάστατα,491
σχισμές,491
βοηθήματα,491
βάφει,491
μονάρχη,491
ασύλου,491
λίμπα,491
στοχεύω,491
μετακινώ,491
Τζενάρο,491
πριονιστήριο,491
απολογισμό,491
χειροτέρευε,491
στεκόμασταν,491
κλεισίματος,491
Νεάντερταλ,491
παρακαλέσεις,491
Έντο,491
ξαναρχίζει,491
ραμμένο,491
εβδομαδιαίο,491
αντιός,491
εγγυήθηκε,491
πρόγονός,491
πλανητάριο,491
επίδοση,491
φλογέρα,491
χορήγησε,491
μακρία,491
απόμακρο,491
σφίξτε,491
ιδρωμένα,490
θαλάσσιου,490
Λιτς,490
ξεγλιστρήσει,490
γεννάς,490
κλειδώνουμε,490
σταθμευμένο,490
πλεονεκτική,490
ανταπεξέλθει,490
τήρηση,490
Χάιζενμπεργκ,490
απλ,490
πληρωμένη,490
κατασκηνώσεις,490
ξετρελάθηκε,490
περιορίσουν,490
συναντώνται,490
αναδρομή,490
χώνεψέ,490
ανέβασαν,490
Ράλο,490
Ντιάμπλο,490
Τάμυ,490
Αμαζονίου,490
έν,490
όργανό,490
ού,490
συντονισμού,490
ζούγκλες,490
παλιοσκύλα,490
περιβάλλοντα,490
κουταλιές,490
πειναω,490
ικανοποιηθούν,490
μισα,490
Σεράνο,490
αγωνιστείτε,490
διαστημικού,490
εγκληματικά,490
Μπράισον,490
εξιλεωθώ,490
ανάγκασέ,490
Μπέιλ,490
ΕΝΕΡΓΟΠΟΙΗΣΗ,490
μπουκάρει,490
βαδίζω,490
ινσουλίνης,490
ν'αφήσουμε,490
αόριστα,490
σύλληψής,490
τελειόφοιτη,490
Βιέννης,490
όμοιοι,490
ψηφοφόρων,490
έντερό,490
δέκατα,490
γυ,490
πιστέ,490
στρατιωτάκια,489
προμελετημένο,489
ξιπασμένος,489
επισκευής,489
22άρι,489
εξοικειωμένοι,489
μάλλινο,489
Τίγκερ,489
ατμόσφαιρά,489
βιασμοί,489
εισχώρησε,489
μεντεσέδες,489
Κίμπαλ,489
ηλιοστάσιο,489
νεόνυμφοι,489
μεταφερθώ,489
βλεπόμασταν,489
τειχών,489
απενεργοποιήστε,489
στερείς,489
Γιόσι,489
ξεδιαλύνουμε,489
Άδης,489
βαλβίδας,489
Μπράντσω,489
μπρασελέ,489
Βόλκερ,489
Τέμπλετον,489
χύτρα,489
Πουλάσκι,489
προαίσθηση,489
εμπειρογνώμονες,489
Σάνμπορν,489
αξιώματα,489
Πάιλ,489
βομβαρδισμοί,489
υποδείξει,489
καταδώσεις,489
πραγματοποιεί,489
περιπάτους,489
1ον,489
Κόζιμο,489
Ράτλετζ,489
ανθρωπου,489
πολιτες,489
κατασκευάστηκαν,489
συμπληρώνει,489
κριτήριο,489
Κουμάρ,489
πλούσιων,489
ξύνει,489
οικογενειας,489
ναμπελ,489
δεξαμενής,489
διαπραγματευτούν,489
δεσμευμένη,489
ιδανικές,489
τσιγαρα,489
αγορασω,489
πυροβολησε,489
απορροφηθεί,488
απόδειξης,488
εκνευριστικός,488
εκλεψαν,488
διαδόσεις,488
παραισθησιογόνο,488
νικούν,488
ποζάρει,488
εχοντας,488
επιβάρυνση,488
δασοφύλακα,488
εξαιρετικα,488
κανονιού,488
αναπτύξουν,488
γκάνγκστερς,488
γκλοκ,488
Χανκς,488
περά,488
κολυμπά,488
Μπέρενσον,488
αλμα,488
ιδιώτες,488
παρέμβεις,488
διαμερισμάτων,488
περιτριγυρίζουν,488
Μέριλυν,488
σέλφι,488
δεκάρι,488
κυβερνώ,488
κλωτσήσεις,488
Μάτζικ,488
Γουό,488
αύξησης,488
Φάιφ,488
περικυκλωμένη,488
γλιστράω,488
Άνυα,488
κατακάθια,488
αναχώρησε,488
μεταμορφώνει,488
στων,488
ληστεύω,488
Αρτσι,488
πίνα,488
ακούστηκες,488
δικηγορο,488
γλύπτης,488
στο'πα,488
μπουκάλες,488
Ντμίτρι,488
ανακατέψει,488
ύπνωσης,487
όλμους,487
Θερμοπύλες,487
Χώκινγκ,487
αγκώνας,487
μελέτησες,487
νη,487
Μπούθ,487
εξετάζοντας,487
αυθόρμητος,487
Κόλια,487
ψυγειάκι,487
νοικιάζουν,487
πατούσε,487
Σουάρεζ,487
Ανδρέα,487
συναγωνιστώ,487
χοντροκέφαλος,487
εμπορικών,487
βολευτώ,487
Τουρέτ,487
ιτιά,487
διαγράφηκε,487
υγειονομική,487
καινούργιου,487
Ρίος,487
αναγκης,487
Ρασκ,487
Γκλίντα,487
ένωσή,487
Ντόριτ,487
μηχανόβιοι,487
κρατησουμε,487
ησύχασα,487
Πολωνίας,487
γουργουρίζει,487
Σέο,487
τερατώδη,487
παρευρεθώ,487
ετυχε,487
σερβίρισμα,487
τηγανιτά,487
δραματικές,487
κάκτο,487
υψηλούς,487
σουλτάνου,487
στάμπα,487
αντικρύσω,487
τσουκάλι,487
παιχνιδιάρικο,486
καυλωμένος,486
καταφερω,486
σφυρίζεις,486
Βουκουρέστι,486
ννας,486
συναλλαγής,486
ιερότητα,486
σκεφτόμενος,486
σκουπίσει,486
υποψιάζεστε,486
κατάπληκτος,486
Κίνγκσλεϊ,486
φελέκι,486
θυμησου,486
μεζεδάκια,486
Πεσουέλα,486
μακρινούς,486
κανονικα,486
Τεό,486
αποκαλύπτονται,486
γκερλ,486
αλλαζει,486
διαρκέσουν,486
στάλθηκα,486
έμφυτο,486
χαμάμ,486
σφύρα,486
ντροπιαστική,486
κείται,486
δαχτύλων,486
συγκινημένη,486
επιβράδυνε,486
κυνηγετική,486
κεφαλαιαγοράς,486
βραδινά,486
μουτζούρα,486
προετοιμάσεις,486
άπαντες,486
μυελός,486
βλέφαρά,486
χτυπιέσαι,486
Τολέδο,486
ξανακοιμήσου,486
θυμώνετε,486
στερεί,486
αγκάλιασα,486
κομάτι,486
μεταφράζει,485
αεροπορικής,485
ζοφερή,485
αψέντι,485
Σκάιλαρ,485
Σέιτζ,485
παραφροσύνης,485
φημη,485
φωτοστέφανο,485
κρατούμενου,485
γλύψε,485
εστίασης,485
ντροπιασμένη,485
τσακίσεις,485
αποχαιρετήσουμε,485
απεχθάνονται,485
ανακατέψουμε,485
κακοήθης,485
λυγίζουν,485
κακομοίρηδες,485
καταγραφέα,485
παραδίνεται,485
Τσάβεζ,485
ήπειρος,485
πεθαναν,485
Γιαρ,485
τσαντισμένοι,485
Έρεμπορ,485
στέγασης,485
πλησίαζαν,485
παγώνεις,485
λογους,485
διασταυρώσεις,485
ρούμε,485
ενοχλημένη,485
ξεπερασμένη,485
βαρώνε,485
μονομάχους,485
καθάριζες,485
μαλακίζεσαι,485
Κύπρο,485
ατέλειωτο,485
Φρομ,485
βομβαρδίσουμε,485
εκπαίδευσες,485
συλλαβή,485
παλμών,485
μετρήσετε,485
Μπέρνς,485
Στίνγκερ,485
θειικό,485
γκλίτερ,485
ολίγον,485
υποκλίσου,485
αρχισουμε,485
Σκίνι,485
Φάιβ,485
αποστολέας,485
ξυριστείς,484
στρουμφάκι,484
ασυρμάτους,484
τυλίξουμε,484
Μέιζ,484
μεθανίου,484
αερο,484
συστηματική,484
αναλύτρια,484
φρυγανιές,484
λεμφαδένες,484
πιούν,484
αρρωστη,484
τέλειους,484
πυροδοτήθηκε,484
αστειευόσουν,484
καλωδίων,484
Σκουμπ,484
μαγεμένος,484
χρυσόψαρα,484
κατατεθεί,484
δορυφόρων,484
επανένταξης,484
εμπορικός,484
πραγματά,484
ΑΠ-1,484
πλεκτάνη,484
σάλας,484
κατοικίδιό,484
ριζοσπαστικό,484
πνευμονικό,484
περιπλέκει,484
Χαλογουίν,484
πετρελαιοπηγή,484
ησυχάσουμε,484
στραγγαλισμό,484
γυμνάστρια,484
Ερνστ,484
καθεδρικός,484
Γκουέντολιν,484
Κίνγκσλι,484
σημαντικη,484
προβληθεί,484
διασκέδαζες,484
αστακοί,484
Μαγκ,484
δείχνατε,484
μπλέξουν,484
μόνιμες,484
αγανάκτηση,484
Τζένεραλ,484
αρραβώνες,484
ξαναγράψεις,483
έχωνε,483
σούπερσταρ,483
Κέητι,483
αβαείο,483
δαγκώματα,483
ξοδεύετε,483
υδροκυάνιο,483
δημοκρατικά,483
λοχιας,483
διαπράξεις,483
πατάρι,483
εναντιωθεί,483
συνοδέψουν,483
κβαντικό,483
γκουρμέ,483
15χρονο,483
γένεια,483
πρωτότοκος,483
κατάστρεψέ,483
επόμενό,483
φτώχειας,483
πία,483
ισορροπημένη,483
πορτιέρη,483
ζημίες,483
πισινά,483
Τζίνυ,483
Ντρεν,483
δροσιστικό,483
χοντρούλα,483
κουβα,483
συμπεράνω,483
Κάντορ,483
ρωσικές,483
ολομόναχο,483
φάλαγγας,483
ανανάς,483
περηφανος,483
λια,483
φιλάνε,483
Γκλόστερ,483
καταστεί,483
απάνθρωπος,483
ξεπακετάρω,483
ψαρέψουμε,483
μολύβδου,483
παντοδύναμη,483
έιτζ,483
Έντγουιν,483
εκδηλώνεται,483
απολυτα,483
συλληπητήρια,483
φοβερη,483
συμβολαιο,483
πελώριο,483
Ένις,483
θαυμάστριες,482
τηγάνια,482
αποτελεσματικές,482
εκτενή,482
φαινονται,482
νεοτέρας,482
Λέηκ,482
κι'αν,482
καπιταλισμού,482
κρεμασμένη,482
εκφράσουμε,482
ειρηνιστής,482
Ντάνλοπ,482
ξέμειναν,482
κούκλο,482
σιωπήσει,482
σκεπάζει,482
γελοιο,482
διευθύντριας,482
εζησα,482
βελτιώσουν,482
συλληπητήριά,482
γρανάζι,482
σούι,482
μπαλαούρο,482
κινεζικό,482
αποδεικνύοντας,482
ξεθάψω,482
δαυλό,482
Λισαβόνα,482
απαρατήρητο,482
Μάρκεζ,482
βιώνουν,482
Έντερπραιζ,482
διαγωνίσματα,482
διατάσσω,482
Μπέρμιγχαμ,482
αμείλικτη,482
βάτραχε,482
λευκος,482
παρκαρίσματος,482
ταυτίζεται,482
εκδικητικό,482
έμπειροι,482
κατακλύσει,482
σκισμένο,482
Μέιφερ,482
προτιμήσω,482
Νταντές,482
λαθρεπιβάτης,482
βασάνισες,482
χά,482
επαναλαμβανόμενο,482
βογκητά,482
βασανίσουμε,482
διακόπτουν,481
μετακινείτε,481
προσκαλούμε,481
κηπο,481
Όουκ,481
ζυγίζω,481
Άλντο,481
ανταποκριθώ,481
Σόννυ,481
ψεις,481
πρόσφατων,481
δαγκάνα,481
αποφυλάκισή,481
ξεμπερδέψει,481
ανέπτυξαν,481
χρεώσουμε,481
οδηγιών,481
κρύβοντας,481
Χάρντιν,481
δώθηκε,481
θυσιάσουν,481
ρώσου,481
θρηνήσουμε,481
ανακάλυπταν,481
τραυμάτισα,481
νόημά,481
τυλίγει,481
σκονισμένο,481
επιδιώκεις,481
πεταμένο,481
προεδρικές,481
κανονίζουν,481
λέπια,481
στεναχωρήθηκα,481
Γκούντερ,481
βάπτισμα,481
κολάζ,481
όχι...όχι,481
περιελάμβανε,481
δουκάτα,481
καλυτερεύουν,481
αναθεματισμένες,481
κρυώσουν,481
Μίλς,481
σκάβε,481
νοιώσε,481
μ'όλα,480
αρχηγών,480
Μπούρμα,480
ευεργέτη,480
απάθεια,480
υπόλοιπων,480
παρκόμετρο,480
ψεμα,480
απεσταλμένο,480
Πίκετ,480
απόψεως,480
Αιόβα,480
τυλιγμένος,480
ηχείο,480
τρόφιμο,480
πετάγεσαι,480
χαρουμενος,480
στρέψε,480
Χάλογουην,480
Μικαέλ,480
Μάρλιν,480
γκα,480
τρέχτε,480
ρόνιν,480
αλλοίωση,480
προωθήσεις,480
συνεχως,480
έιχα,480
έφτυσες,480
Νταινέρυς,480
σοκολατούχο,480
Μάνιον,480
συμβιβάζομαι,480
καθαριστικά,480
απο'δώ,480
έπνιγε,480
λερώνει,480
καφάσι,480
αντ'αυτού,480
ψαρίλα,480
Μπόνερ,480
Εφραίμ,480
σκρόφες,480
Κλουξ,480
αρτηρίας,480
βουτάω,480
αρχιερέα,480
Γκέρχαρντ,480
έχαψες,480
παιρνουν,480
Σλετζ,480
άθικτος,480
εγγυηθούμε,480
μετάλλαξης,480
δασκαλος,479
αλκοτέστ,479
θάφτηκαν,479
Μίνγκους,479
σπαταλήσει,479
βρύσης,479
πελώρια,479
θάμνοι,479
εγκεφαλογράφημα,479
βασιλικοί,479
συσκευασίας,479
Μάξιμ,479
πόκεμον,479
αναπτύξω,479
ορμονών,479
αντιπροσώπευε,479
γραφία,479
ήλιους,479
ευσεβείς,479
καουμπόυ,479
εισβάλεις,479
αποδοτική,479
πρωτάρηδες,479
σκαπουλάρει,479
ασταμάτητος,479
αναλύσαμε,479
σταθεροποιείται,479
Μπρέν,479
επέδειξε,479
στοιχειωμένη,479
κανονισμού,479
εγκαταλείπετε,479
χαϊδέψω,479
φούσκωσε,479
ανησυχώντας,479
φιλοξενούμενους,479
Χέιγκεν,479
ΕΟΦ,479
έκστασι,479
κόμβος,479
γοητευτικά,479
καθυστέρησης,479
Μαρια,479
εορταστική,479
τσαπατσούλης,479
τελειώσανε,479
επιτύχουν,479
συναισθηματικοί,479
χορηγείται,479
αρχηγο,479
τς,479
υποβρυχιο,479
μπυρίτσα,478
σοφέ,478
πρόσφατης,478
φρικιαστική,478
καθοδήγησε,478
πάχους,478
Μακφί,478
μεταμφιεσμένοι,478
θεω,478
απονέμεται,478
σκεφτηκες,478
καχυποψία,478
Νανς,478
γαλλικού,478
τέταρτον,478
Ζεράρ,478
παλιόφιλο,478
ταρακουνήσω,478
ονειρικό,478
εξασκώ,478
Μάρτινς,478
ανθρωπε,478
διαζευγμένη,478
χαμογέλασες,478
συμμορφωθείτε,478
ξυραφιού,478
ανατίναξέ,478
λεηλασίες,478
αλλαξαν,478
εισενέγκης,478
αδικαιολόγητη,478
ειδικευόμενους,478
Κιμούρα,478
μυνα,478
Ντενγκ,478
θα'λεγε,478
μοιραζόμουν,478
μπουρίτος,478
ολόψυχα,478
οπίσθιά,478
Ελσα,478
τρυπήσουμε,478
κάθησα,478
συγκεντρώνουν,478
ρουν,478
εξάρθρωση,478
πρωταγωνιστικό,478
μηνιαίο,478
σημαντικού,478
ξύσω,478
συζήτησες,478
κουνάτε,478
έλιωσαν,477
Σίλεϊ,477
Στάνλι,477
συμφωνούσαμε,477
φανταζόμουνα,477
υπομείνει,477
ανήμπορη,477
Σκάντερ,477
διπρόσωπος,477
σαφέστατα,477
συναινετικό,477
στοές,477
Λάνκα,477
επικαλεστεί,477
εθνοφρουράς,477
κοράλλια,477
διακόψαμε,477
οικολογικό,477
φυλάκια,477
κή,477
κιλοτάκι,477
ανήσυχα,477
Μίλχαουζ,477
έδειρα,477
κοριτσίστικη,477
ξεκαρδιστική,477
πεζή,477
Ντάγκετ,477
Νεύτωνα,477
τροχαλία,477
εκοψε,477
θυμώνουν,477
απαντηθεί,477
Λέβιν,477
λύσης,477
επιβεβαιώθηκαν,477
Δαρβίνου,477
τουλίπα,477
υπόψην,477
ρυθμιστής,477
απομνημονεύματά,477
εισερχόμενες,477
ξανάκανες,477
επιλύσουμε,477
καταστραφώ,477
ικέτευσα,477
πεντάχρονο,477
υπερπροστατευτικός,476
προσεχω,476
αποφασιστικά,476
παθιαστεί,476
αυγα,476
διαίρεση,476
προσεξε,476
εκθέτεις,476
εκκρεμούν,476
ενοικιάσεις,476
Τάϊλερ,476
ξαναρωτάω,476
δεισιδαιμονίες,476
Κιότο,476
λάσο,476
διαδόθηκε,476
φρουρεί,476
ερασιτεχνική,476
ράβεις,476
Άσλι,476
φερθήκαμε,476
όνι,476
περιφρονούν,476
υψώνεται,476
θεραπεύεις,476
υπολογίσαμε,476
βασανισμένη,476
κομουνιστές,476
εννοηθεί,476
Σίμκο,476
Τζέϊσον,476
χαμογελαστός,476
Ζελένκα,476
μαγνητικής,476
χύνω,476
τόμος,476
δυσκολευόταν,476
σ'έχουν,476
επιβλέπεις,476
ξαναβρούν,476
δυτικών,476
οξέα,476
προτομή,476
λέρωσα,476
κλειδαρά,476
Ίμπιζα,476
φράνκα,476
αφύπνισης,476
διαφωνήσει,476
οπαδών,476
προσπερνάει,476
άλια,476
ζητας,476
κρατιόμαστε,475
εχ,475
μπίρας,475
συνεπάρει,475
απόκριση,475
φορτωμένη,475
αυτοθυσία,475
παύουν,475
τηρήσετε,475
υπαινίσσεστε,475
καλει,475
ηρωικός,475
στέρησης,475
παρακαλάνε,475
σιγουρεύομαι,475
θέτετε,475
στερέψει,475
ελεφαντόδοντο,475
δόξες,475
έβρισε,475
Λήον,475
μεταξένια,475
δυσεντερία,475
ατρόμητο,475
συντηρώ,475
αφοσιωθώ,475
απαρνηθεί,475
συνηθίσουν,475
λυπόταν,475
βιντεοκασέτες,475
στραφείς,475
αιμορραγίας,475
ποσού,475
κρίνα,475
γραψω,475
αποτελεσματα,475
Λού,475
πλέγματος,475
Σ.Α.Ρ.Α,475
τσεκάρουν,475
χους,475
Μάξουελ,475
τραγουδούσαμε,475
χορηγήσω,475
Βίκα,475
εκπαιδευμένους,475
προσδιορίζει,475
παραδεχόταν,475
βαλιτσα,475
Ρωσσία,475
χωριζόμαστε,475
αμνησίας,475
ειλικρινης,475
συνταρακτικό,475
μαζέψατε,475
πρίμα,475
ψαρεύουν,475
τσιμπάς,475
διαολεμένα,475
συκιά,475
εθνικο,474
χρηματιστηριακή,474
εξασφαλιστεί,474
σκοτωνόμαστε,474
επαγγέλματα,474
Ζυλ,474
μετρητα,474
ορίου,474
ντογκς,474
καταφεραμε,474
Παύλο,474
γεννηθήτω,474
εκτοξεύστε,474
σπαστική,474
τροχονόμος,474
θάνατε,474
Βιετκόγκ,474
κατουρηθώ,474
χαιρετίσεις,474
Τζια,474
ν'απαντήσω,474
αναπαράγει,474
Εβ,474
τρομο,474
κλας,474
υποπυραγέ,474
πολυς,474
κοντοστούπη,474
ρωμαϊκής,474
ένοιωθες,474
χρεώσει,474
αποδείχτηκαν,474
Όιλ,474
δίκαννο,474
επερχόμενο,474
σπουδαια,474
ν'ανησυχώ,474
ψηλοτάκουνα,474
κλώτσησες,474
Τρέις,474
κοτσίδα,474
κοτσίδες,474
ξανατηλεφωνήσω,474
κη,474
ιππεύσω,474
ωρίς,474
πληγώσουμε,474
παλαιάς,474
Μποντλέρ,474
ελιγμών,474
γνωριζετε,474
ορ,474
εκκλησιαστική,474
καταδικάσουμε,474
επιβίωνε,473
λειτουργικός,473
Μπλέιζ,473
Ντανι,473
ταλαντεύεται,473
λύκαινα,473
Ειντζελ,473
κάθισαν,473
χλόης,473
φιλέτα,473
τυπικότητα,473
Έιρ,473
τερατάκια,473
καρεκλα,473
εκκενώσεις,473
Μπόου,473
θα'κανες,473
παιρνα,473
καρφώνουν,473
γουόκι-τόκι,473
παρατηρήσουμε,473
αδειάσουν,473
πέφταμε,473
ξενο,473
ανθρακωρύχους,473
συνεπήρε,473
επικοινωνήσατε,473
ιππεύσεις,473
Πρίμο,473
επικράτησε,473
μέθοδό,473
πάρ'τους,473
πολυλογώ,473
στ'αληθεια,473
αγαπήσετε,473
επικύρωση,473
αθλητισμού,473
σμένος,473
συγχαρεί,473
Κόπερφιλντ,473
καλάσνικοφ,473
βαπτιστής,473
σ'ακούσει,473
σκέλος,473
πολιτισμών,473
κατέφθασε,473
Λάνς,473
Σίξμιθ,473
τολμάω,473
πετρα,473
Ράμα,473
βολεύτηκες,473
διαδώσω,473
τάρταρα,473
Μπογκ,473
άγριου,473
κολλητά,473
σουηδικά,473
ζέπελιν,473
Ματίς,473
διωχθεί,473
ανήλικοι,473
Τσαμπ,473
εγκεκριμένο,473
Κίναν,472
λαχνό,472
πρεσβευτές,472
ξαναμμένη,472
εκλεψα,472
προστατευτούν,472
περικυκλώσουν,472
βοηθησέ,472
αρχικού,472
Κόλβιν,472
ζήταγε,472
συνάδουν,472
κεφαλοκλείδωμα,472
βοήθημα,472
εκρήξεων,472
Μέιχιου,472
εγραψες,472
δυνάμει,472
μετάλλευμα,472
κατασκόπου,472
κολυμπούσα,472
αγοραστεί,472
μανιακέ,472
Χένεσι,472
επεκταθούμε,472
αποχαιρετιστούμε,472
φωνούλα,472
χωνεύω,472
βράγχια,472
μορίων,472
Μάρει,472
θεμελιώδης,472
εγκληματολογική,472
Κουέηντ,472
κουταμάρες,472
τικό,472
δήμιο,472
δολοφονο,472
βρέφη,472
Τίμονς,472
νοσταλγώ,472
αποχαιρέτα,472
αρχισυντάκτη,472
πίκλα,472
εγκληματολογία,472
λαθραίο,472
Μπίμπι,472
προσγειώσω,472
χωρίο,472
Μόρρισον,472
τεριέ,472
ξυλιές,472
μοναχά,472
ολλανδική,472
Γουίντσορ,472
φοβερούς,472
μιμήσεις,472
γυρνούν,472
ανίκητο,472
υπενθυμίζεις,472
αναπληρώτρια,472
υποκόσμου,472
ένοπλος,472
αποδείκνυε,472
προθεσμίες,472
Τούλιπ,471
ρίχνεται,471
πεθαινουν,471
Περσίας,471
σφήνωσε,471
άφοβα,471
φρεσκάδα,471
μεγάλωνες,471
Ίκαμποντ,471
συνεχισω,471
ερμητικά,471
εξ'αρχής,471
ξεχαστώ,471
λιπαρό,471
επενδυτών,471
εκδηλωθεί,471
ξεχώριζε,471
έρως,471
θνησιμότητα,471
επιθεωρήσεις,471
ικανοποιήσουμε,471
εμπορικής,471
γαλαξιών,471
βοσκό,471
Ρενώ,471
Φερνάντεζ,471
Λέβινσον,471
πολύχρωμα,471
μεσανυχτα,471
Πουαρώ,471
ασκήσουν,471
ολέθρια,471
πούτσους,471
θεσμούς,471
άσοι,471
δειξει,471
διαφεύγουν,471
κουμπαρά,471
απευθύνονται,471
πάγους,471
φαγάδικο,471
σάβανο,471
χαλίκια,471
οπτικής,471
τηλεφωνήτρια,471
φεστιβαλ,471
άρπαξέ,471
Μπακού,471
εινα,471
ανθεκτικά,471
ψωνίζουν,471
ορειβάτης,471
ασύρματα,471
άρχιζες,471
ξεθάψει,471
ρίου,471
απειλών,471
αλλαξεις,471
γλιτώνουν,471
γράμματος,471
ποτάκια,471
συχνή,470
κυλούσε,470
διαμαντια,470
στρέφεις,470
τρισδιάστατη,470
εκλεγμένος,470
ατύχησες,470
μεγαλοψυχία,470
Μπέιλις,470
Σάγιαν,470
ανδρικές,470
Αρκέντια,470
περιορισμένης,470
γροθιάς,470
σκοράρουν,470
ηλεκτρολύτες,470
μαξιλαράκι,470
χρηση,470
οντας,470
μνησικακία,470
βρυκολάκων,470
Μικέλε,470
ξαναπαίξουμε,470
Α.Α,470
ενημερωθώ,470
Προύντενς,470
τιμωρηθείτε,470
ραπτικής,470
μιμητή,470
παράθυρά,470
άραβα,470
Λέκτορ,470
βούλησης,470
ξεχωρίσουν,470
πιέσουν,470
καταζητούμενο,470
υπολοιπο,470
ρωτούσατε,470
τουρμπάνι,470
ντουζιέρα,470
σύρσου,470
Σόρον,470
εγκαυμάτων,470
Χουαρέζ,470
ριχτεί,470
ζάχαρες,470
ασφάλτου,470
Χίθροου,470
Καλημερούδια,470
Βαλκυρία,470
ξεκολλήσεις,470
ΙΚΕΑ,470
Φάουστο,470
ελεεινή,470
θαλασσών,470
τρελίτσες,470
συνεισφέρουν,470
ανθυποπλοίαρχε,470
πένσα,469
εμπειρογνώμονας,469
στηθοσκόπιο,469
βιολιά,469
επεισοδίων,469
αινίγματα,469
άδραξε,469
οικοδομές,469
Ίντια,469
ρόδινα,469
ηλθατε,469
ακτοφυλακής,469
φαμίλιας,469
Μάττυ,469
διάλεκτος,469
συμβατή,469
Ντ'Αρτανιάν,469
κουρεύει,469
περπάτησες,469
εγκεφαλικής,469
θ'αντέξει,469
είμα,469
παράγγειλες,469
Επιμέλεια-διορθώσεις,469
κεραμικά,469
εκνευρισμό,469
ρομαντικοί,469
Εδουάρδος,469
ικανοποίησε,469
κινείς,469
Σπόλντινγκ,469
τίναγμα,469
ιδιωτικοί,469
αγιασμός,469
ησουνα,469
μπούμ,469
Οδησσό,469
αξιοθαύμαστος,469
θα'χα,468
Μιρ,468
διέδωσε,468
εκφωνητής,468
μαρκησία,468
παρκαδόρος,468
μαγκα,468
τύλιξα,468
αντικαθιστάς,468
ξυράφια,468
κοιτάζοντάς,468
κρατητήρια,468
σέρα,468
Τζονι,468
Μέην,468
πήδαγες,468
κατασκευάζουμε,468
καμήλας,468
άγονη,468
εκπαιδεύουν,468
κάπρι,468
Σσστ,468
Γουέσλεϊ,468
κουβάρι,468
κινούμενος,468
σημαντικής,468
αγγελούδια,468
μπορεσα,468
κουταλάκι,468
στέρησαν,468
Στιούαρντ,468
λαρδί,468
χτυπησει,468
τάκλιν,468
Πάουλο,468
μητροπολιτική,468
μπάτζετ,468
μπαγιάτικο,468
παγάκι,468
υποτιθέμενος,468
ΣΕΠΤΕΜΒΡΙΟΥ,468
μονα,468
παρένθετη,468
υπαίθρια,468
κόψτο,468
αλητάκι,468
προστατευόμενος,468
φοβος,468
απορρήτου,468
εριξε,468
δεσμεύει,468
Μπέιτζορ,468
σκοτίστηκα,468
ευτυχια,468
φτηνότερο,468
ερήμους,468
εκτιμούσες,468
καυλωμένη,468
φοβούμενος,468
αμαζόνες,468
αμαξά,468
συμβαδίζει,468
τελειομανής,468
αγγλικές,468
δώστην,468
ιδιωτικούς,468
τύχαινε,468
γεωτρήσεις,468
Φίλμορ,468
απόκτησε,467
άκι,467
Ρόζενμπεργκ,467
στρατολογήσει,467
κύρηγμα,467
περπάτησαν,467
ψιλοκουβέντα,467
προσποιούνταν,467
τομογράφο,467
ολόιδιος,467
Έλσι,467
Ρενουάρ,467
Μπλέηντ,467
μεταφερθείτε,467
20η,467
ψυχροί,467
ναυτικές,467
κακουργήματα,467
τεχνικώς,467
Κάζα,467
στρατιωτη,467
πλένεται,467
Γουίλμπορ,467
Λενίερ,467
τσιγαρο,467
περισπασμό,467
ζεστοί,467
γκέιμ,467
Μάλαρντ,467
παρόλη,467
κλαψουρίζει,467
Νέσα,467
τρέφεσαι,467
βεγγαλικά,467
Λατζ,467
Σνέηπ,467
φορούσαμε,467
θηλαστικών,467
αγριόγατες,467
βασανισμού,467
Μυστίκ,467
κρέμας,467
βουλώνει,467
τρίκυκλο,467
απαντώντας,467
Σταγκ,467
διδαχθεί,467
ξάπλωνα,467
απομεινάρι,467
Μάλι,467
ανέπτυξα,467
μεγαλόψυχος,467
παριστάνουμε,467
Πράντα,467
διεκδικώ,466
θερμικές,466
τυφλοπόντικας,466
πόλκα,466
πανικοβάλλεται,466
Όξφορντ,466
πήδαγα,466
μισος,466
ριψοκίνδυνος,466
παιγνίων,466
φαρμακα,466
χαζεύετε,466
εισβάλλω,466
υποκλέψει,466
στόματά,466
διέσχισαν,466
δεξιώσεις,466
συνέτριψε,466
σκουφάκι,466
εχμ,466
κηδεμόνες,466
μοσχεύματα,466
οικονομικούς,466
Σίρα,466
λαγοπόδαρο,466
αθώωση,466
ξαναδοκίμασε,466
αναπαραχθούν,466
αρπάζουμε,466
ζωολογικού,466
τραπεζικοί,466
εξερεύνησης,466
Όμπερυν,466
εισαγωγικά,466
τέντωμα,466
χειρουργούς,466
ψιθυριστά,466
πληρώναμε,466
παληκάρι,466
θαυματοποιός,466
κωλ,466
εκτελούσε,466
εκπλήσει,466
απρόσκλητη,466
εξεταστήριο,466
αποσυντίθεται,466
νοτίου,466
εαυτοί,466
επισκεπτόμουν,466
αποκλείσεις,466
κακόφημη,466
εκμεταλλευτείτε,465
τούρτας,465
παρενοχλούν,465
ρχεσαι,465
αγαλματάκι,465
Γκάντερ,465
κοινωνικού,465
Κητς,465
Κεντάκυ,465
κελαηδούν,465
γυμνάζεται,465
Κράισλερ,465
ξαναπροσπαθήσεις,465
προσωρινές,465
ελαττωματικά,465
χαϊδεύω,465
Στίλσον,465
συγχώρεσης,465
Σπέκτερ,465
ποδοσφαιρικό,465
Σλίπι,465
Μπρίτζες,465
διατηρούνται,465
συμβατικά,465
ξεραμένο,465
πελατης,465
ομοφυλόφιλη,465
Ντούλιτλ,465
εγκατέλειπα,465
διαδίδονται,465
περικυκλώσουμε,465
είσα,465
ν'ανοίξουμε,465
ρούμπα,465
περιστροφής,465
ομαδας,465
ξεκαθαρίσετε,465
κοροιδεύει,465
αποκαλύπτω,465
όμορφου,465
παιζόταν,465
ανεπανόρθωτη,465
Ληρ,465
επακολουθήσει,465
ταφο,465
οίκοι,465
καταπατητές,465
ορι,465
Οντίν,465
μαλάκωσε,465
διαχωριστική,465
φωτογραφίσεις,465
γρ,465
κυψέλης,465
γυαλίζουν,465
ενέκρινες,464
Τι-Τζέι,464
απομακρύνομαι,464
επιβιβαστώ,464
πλουσιοπάροχα,464
ταράτσες,464
καταρρίψουν,464
νεται,464
φαρμακευτικά,464
ιερής,464
ανασάνει,464
κουνγκ-φου,464
επιφυλακτικοί,464
ατζέντηδες,464
φιλόσοφοι,464
αλγόριθμους,464
γραφεί,464
αρχειο,464
βομβαρδισμού,464
απολαβές,464
συνωμότησε,464
υπηρετών,464
προτερήματα,464
νταντεύω,464
τιναχτεί,464
Σμίθερς,464
ισχυρογνώμων,464
γλιστράνε,464
προσκυνητή,464
Τακέντα,464
μπρέικ,464
δυσκολα,464
Τζάνσεν,464
Ντάντυ,464
πριγκιπέσσα,464
Μπιέρκο,464
περιοδικών,464
κατέληγαν,464
μελετήσαμε,464
απρόσεχτος,464
ένοπλο,464
μεθυσμένες,464
σουβέρ,464
Μασέτε,464
ξυπόλητη,464
μαγκιές,464
αποκρύψει,464
οροφής,464
Μαριάνα,464
μπερδεύτηκες,464
μπιζ,464
Ταλ,464
υποκύψεις,464
εργατικά,464
ποιήτρια,464
Νταρ,464
ξεμένουμε,464
υστερόγραφο,464
κόφτει,464
εκρηκτικός,464
Ρόουζγουντ,463
αναπτύξεις,463
γεμιστά,463
ΚΑΤΑΖΗΤΕΙΤΑΙ,463
τρομοκρατικών,463
ταχυδρομικώς,463
Σπρίνγκφηλντ,463
ανοιχτο,463
χτίσετε,463
Γιάνι,463
προμήθειά,463
ανεβαίνοντας,463
απλώθηκε,463
μπουκαλάκια,463
αναγεννηθεί,463
Νεοϋορκέζοι,463
τεκμήριο,463
κυκλοφοριακό,463
Κέντον,463
απευθυνθεί,463
χαμηλα,463
Γιούνις,463
Κίνγκσμπριτζ,463
πιράνχας,463
σκεψεις,463
Καρπ,463
γερνάνε,463
οργανωθεί,463
σκια,463
δαμάσει,463
μετανιώσουμε,463
γεννημένο,463
θεώρημα,463
Ουέλινγκτον,463
βεβήλωση,463
εκδήλωσης,463
τερματίσεις,463
απεικόνισης,463
φιλιού,463
τζόγκινγκ,463
χειρίζεστε,463
Τζανέιρο,463
Ντίβια,463
τυφλοπόντικα,463
εισβάλλεις,463
προπονεί,463
θηλυκές,463
ιατρό,463
Μότορς,463
μεριδιο,463
σωπάσω,463
Φόλσομ,463
σινιορίνα,463
θεωρητικό,463
ρηχός,463
παρτιτούρες,463
εξού,463
στήσετε,463
ποτοαπαγόρευση,463
καταφερα,463
πρεσβυτέριο,462
τακτοποιημένο,462
ουράνιε,462
επωφεληθείς,462
ενάρετη,462
ηλιακής,462
κλωστές,462
Γκουλντ,462
Άρτεμις,462
αυτοκρατορικός,462
Βιριάτο,462
λιώνεις,462
διαβόλους,462
επεστρεψε,462
λειτουργήσουμε,462
ΜΠΡΟΥΚΛΙΝ,462
καπετάνισσα,462
εμπορεύεται,462
Αρνολντ,462
Γουίτερ,462
αναδυθεί,462
απασχολείς,462
απευθύνεστε,462
τεμπελιά,462
αναρρωτιέμαι,462
κουβεντιάσω,462
οδεύουμε,462
ανακάλυπτα,462
αναλύεις,462
φιλιέστε,462
Αμιντάλα,462
εξουδετερώσεις,462
εκφοβισμός,462
σκαρφίστηκε,462
Ντούλι,462
αναστατώσεις,462
σκοτώνεσαι,462
ενημερώνετε,462
διαστέλλεται,462
ψαρέψει,462
θεραπευτώ,462
χαβανέζικο,462
αγνοούσα,462
απαγάγατε,462
παρασύρουμε,462
ικανοποιώ,462
αφαιρείται,462
χαπιών,462
ν'αγοράσει,462
εξειδικευμένο,462
Κομπέιν,462
μεταμφιεσμένων,462
νεώτερα,462
στόχευσης,462
προστάζω,462
διακινδυνεύουμε,462
μαλακτικό,461
διακινητές,461
ενημερώνομαι,461
Τόρα,461
Γούλβεριν,461
κολύμπησα,461
Ράβι,461
γιαυτόν,461
καταδότης,461
γουά,461
στεί,461
τραινο,461
έλαιο,461
φευγάτος,461
Πλάτωνα,461
ντόπιες,461
Μπρόντγουει,461
περιέγραψα,461
Βετζέτα,461
αιτια,461
ντυμένες,461
διακοσμητής,461
Μάξιμε,461
κουβαλούσαν,461
Βενετίας,461
κολυμπούσε,461
πυροτεχνουργοί,461
Γιούργκεν,461
βορείου,461
κορμάρα,461
Μπόις,461
δεθήκαμε,461
παίζ,461
αγωνίστηκα,461
Ντάτα,461
σύρτη,461
νεότητα,461
στρατιωτάκι,461
ερωτεύτηκαν,461
εργασια,461
προγραμματιστές,461
λεοπαρδάλεις,461
γκλομπ,461
ασύρματοι,461
ταπεινώσεις,461
ζορίζεσαι,461
εκφραστεί,461
μετοχής,461
αδερφότητα,461
πληροφόρησης,461
γλυτώνεις,461
νδρας,461
ξαναπείτε,461
προβλεφθεί,461
βάσιμη,461
συνδετήρες,461
συζητούσε,461
χαιρετίστε,461
Χίλντι,461
σεμνότητα,461
μπουλόνια,461
ολυμπιακή,461
μηχάνημά,461
πτέρνα,461
κουμπιού,461
απαγορεύσεις,461
πρωτόγνωρο,461
κραταω,461
αποπληρωμή,461
Τίμυ,460
γίναν,460
ενδιάμεσος,460
δούλων,460
θεσμό,460
περιεκτικότητα,460
να'ρθουν,460
μετρο,460
ξόδευα,460
μεταλλαγμένα,460
Ιουδαίων,460
ανθρωπιστής,460
Νιζάμ,460
αντίθετοι,460
ενημέρωνε,460
ζωγραφισμένο,460
διοικηση,460
πελάτισσες,460
θηλή,460
Μ.Τζ,460
πολυμορφικός,460
δεκάρια,460
μισητός,460
αφρούς,460
ράτσας,460
παιξει,460
Μίνγκ,460
ταπεινοί,460
τήσεις,460
προελαύνει,460
αρνιά,460
μαντείο,460
Ζουλιέν,460
αρχάγγελος,460
Σίντλερ,460
διήρκησε,460
καθόσασταν,460
αλφαβητικά,460
κονκάρδες,460
προγραμματίστηκε,460
ζήλιας,460
συμβίωση,460
ανατινάζεις,460
βιολογικής,460
Στέφεν,460
Κράιτσεκ,460
παρανοικός,460
Γκάμπυ,460
Μάλτα,460
επιτυχημένες,460
χαϊδευτικό,460
συναντησω,459
Λουξεμβούργο,459
τραγούδησες,459
διασταύρωσα,459
τερατώδης,459
μεγαλειώδη,459
Μ.Α.Σ,459
κολλάρο,459
Κρούζ,459
συνθήματα,459
αρχες,459
αιχμάλωτός,459
άντ,459
αφησαν,459
αγαπούμε,459
Τζάιαντς,459
σκεφθείτε,459
υποκλέψαμε,459
Κριντ,459
αντιμετώπιζαν,459
καλεσω,459
γατούλη,459
γλάστρες,459
τράνταγμα,459
αξίνα,459
ιρακινοί,459
Ιρακ,459
εργαστηριακές,459
ηλιοφάνεια,459
κατεβαίνετε,459
Ρέσνικ,459
Κοτσυφόκισσα,459
Γκούπτα,459
παραποίηση,459
πανικοβληθείς,459
απαγχονισμού,459
δοσολογία,459
μοναδικη,459
αντιληπτό,459
Κόργουιν,459
κληρονόμους,459
Σών,459
Φιτζπάτρικ,459
πεταχτά,459
ακουει,459
δασκάλας,459
Ινδούς,459
φιλοξενίας,459
Χίτμαν,459
περικοπή,459
Μπέηκερ,459
προκαταρκτικές,459
αύτή,459
κατευθύνεις,459
ξεσηκωθεί,459
καταδικάζεις,459
τριγυρνούσα,459
τίποτ'άλλο,459
ΙΡ,459
διανομείς,459
φλεγόμενη,458
πνίξουμε,458
Ζούλου,458
στείρος,458
τοποθετημένο,458
γλύψει,458
πράξω,458
Κραφτ,458
καλαμάκια,458
Μαχάλ,458
πόλους,458
Μίρφιλντ,458
λυγμούς,458
σκόπιμη,458
θεωρηθούν,458
παρέκκλιση,458
παφ,458
Δάντης,458
θηλυκιά,458
φύτεψες,458
Μέιτλαντ,458
υπομονη,458
ν'ανέβω,458
διορατικός,458
πιεσμένη,458
σεληνιακή,458
κοντσέρτο,458
Ήρας,458
εξάδα,458
επέμβεις,458
σύμβουλό,458
αδιακρίτως,458
τηλεφωνούμε,458
Πεντράγκον,458
μεταμορφώνονται,458
σαλόνια,458
προστατευμένοι,458
θορυβώδη,458
πληρωσεις,458
αγρίμι,458
δουλευουν,458
Μπιλάλ,458
ξαναδοκιμάσει,458
αμβροσία,458
θρηνήσει,458
αντέδρασαν,458
τρωνε,458
χασε,458
δουλέυω,458
εναλλαγή,457
σου'λεγα,457
κυβερνητη,457
γαβγίζεις,457
βοηθαει,457
μεγιστάνα,457
ανάψετε,457
δυναμικός,457
σοκαρισμένοι,457
κατώτεροι,457
ίσα-ίσα,457
άτρακτο,457
κακομαθημένος,457
επιστήμονές,457
κορ,457
αιφνιδιασμός,457
ΜΙ5,457
γεωλογία,457
ψέματος,457
ιπποδύναμη,457
εκδικείται,457
γοφός,457
αβάσταχτη,457
απευθυνθείτε,457
έμπα,457
ταξίδευες,457
Λότι,457
μαχητική,457
περασμα,457
Γκόνζο,457
διαδραματίζεται,457
Ίντυ,457
εκπροσωπούν,457
συνάλλαγμα,457
εγκληματολογίας,457
βελτίωσε,457
απεριτίφ,457
αποθανών,457
κομμουνιστή,457
κέρασέ,457
Τζέκινς,457
κολλεγιο,457
αφορολόγητα,457
Κρόουλι,457
μετωπο,457
πλεύσουμε,457
φλύαρος,457
χαλαρώνουν,457
ετοιμαζόσουν,457
Σταλ,456
εξασθενήσει,456
φιλοσοφίες,456
Νόνα,456
πειραματικά,456
βιβλιοθηκη,456
υπόχρεοι,456
διαπράττουν,456
Μιλτ,456
παραδεχθεί,456
νευρωτική,456
ζωγραφίζουν,456
κυριακάτικη,456
τσιγάρου,456
Γκρου,456
γρύλος,456
ταμείου,456
περιπλανιόταν,456
θίασος,456
παρακλάδι,456
πιν,456
ανταποδίδω,456
δωρα,456
πλευρική,456
Στρονγκ,456
Μίντλετον,456
διακόψετε,456
δυσκολέψουν,456
νουάρ,456
ομοφυλόφιλων,456
απένταρη,456
ανθρακωρύχοι,456
διάλεξή,456
μασήσω,456
θεϊκά,456
καρπούζια,456
Ρονάλντο,456
κόψανε,456
προσπαθειών,456
Κόουβ,456
γυμνάσια,456
ξάγρυπνος,456
συνέ,456
Ταργκάριεν,456
πλατίνα,456
σκανάρω,456
αποψη,456
τζίρο,456
προσκαλούν,456
αυξημένα,456
Ράνκιν,456
πεινούσες,456
συγκατοίκηση,456
6ος,456
μάλωσαν,456
Τομά,456
ξαναείδες,456
θεές,456
διακινούν,456
ματάκιας,456
Σαξ,456
πόζες,456
εμπεριέχει,456
σκοπευτών,456
καταφερει,456
Άμπαντον,456
εύχαριστώ,455
συρραφή,455
κατευθύνετε,455
Ντιφάιανς,455
επαγγελματικούς,455
πνιγμού,455
αγνές,455
ν'ακούσουμε,455
μπλόκαραν,455
ωριμάσω,455
αποβάθρας,455
παρουσίαζε,455
μωρουδιακά,455
καυχιόταν,455
Ντόου,455
ανοίχτε,455
εστίες,455
Μπέατρις,455
Φατς,455
ταγματαρχα,455
ρότα,455
άβυσσος,455
φένεται,455
περισσοτεροι,455
υποδυθεί,455
διασκευή,455
αιμορραγήσει,455
μεσο,455
ηλεκτρικών,455
ιθαγενής,455
αστραπής,455
Βάλτερ,455
διαχειρίζεσαι,455
Μάγχη,455
τυχερη,455
χρηματοδοτείται,455
χτύποι,455
νομίσατε,455
χαράζει,455
Χόγκ,455
αρραβωνιάστηκες,455
ακολουθίες,455
δότες,455
παρατείνει,455
ειρηνικές,455
δεκαπενθήμερο,455
κλιματισμού,455
υπερισχύσει,455
κύλα,455
ντρια,455
αργούσε,455
τάξει,455
ανάμειξή,455
τσαντίστηκα,455
διαφημιστής,455
Ροζάνα,455
οικιακά,455
Τορ,455
Ιλλινόις,455
τσίμπησα,455
Γουώς,455
γλιστράς,455
χριστιανισμό,455
ηγεμόνας,455
αερογραμμών,455
αγαπιέστε,455
λακές,455
γαμημένης,455
ηφαιστειακή,454
προτιμούσαμε,454
οκτω,454
προεξοχή,454
φθινοπωρινή,454
μοσχοκάρυδο,454
αυτοκρατορίες,454
θελήσουμε,454
καλλιτεχνικές,454
διαρρέει,454
τοποθετείται,454
Ντραξ,454
Μοργκαν,454
στηρίξετε,454
υπερηρώων,454
υλική,454
εξήγησαν,454
Μπομπυ,454
εφηβικό,454
ματος,454
τηλεοπτικός,454
Λορ,454
στίλ,454
γήινε,454
μεταμοσχεύσεις,454
ρήγα,454
εξασθενούν,454
τραγικές,454
ακινητος,454
περισυλλογής,454
εκκαθάρισης,454
καταδύσεων,454
γιότ,454
παχυσαρκία,454
εσπρέσσο,454
λεφ,454
πείστηκε,454
Καράτσι,454
ναζιστικό,454
νοικιάζουμε,454
αγριέψει,454
αποχαιρέτησα,454
αυτάρεσκο,454
σχετικότητας,454
έπαυλή,454
νερα,454
συνηγόρου,454
κοάλα,454
θρηνήσω,454
φρούρηση,454
μπασταρδε,454
ανατινάξτε,454
ξεναγό,454
παλάμης,454
κάμποση,454
ρητή,454
δηλώνετε,453
ντί,453
συμφιλιωθεί,453
βόρειες,453
υπολοιποι,453
ράμεν,453
προφτάσω,453
ετούτο,453
απολύουν,453
κουνάβια,453
Βαπτιστή,453
Λώρι,453
προδώσατε,453
Γουάξ,453
επιβιβάστηκαν,453
Γουάιτχολ,453
μετάνοιας,453
καταπίνω,453
τριπλάσια,453
μπούκαρε,453
συνδιάσκεψη,453
αναβάλει,453
Κόρκι,453
ρολο,453
στραβός,453
δωματιό,453
αγαπιόμασταν,453
εξέπληξες,453
Τρίγκερ,453
διαπεράσουν,453
ψαρέψω,453
εποικοδομητική,453
αθλιότητα,453
διδάσκουμε,453
πνεύμονας,453
φυσιογνωμία,453
βύθιση,453
άπλετο,453
Θεμιστοκλή,453
Γκόντφρεϊ,453
πλακατζής,453
ζάρι,453
χρώμιο,453
περιποιείται,453
πεπτικό,453
αδέκαρος,453
εγκράτεια,453
Ντενις,453
Φόλεϊ,453
ονόμαζαν,453
διπλασιαστεί,453
Μάρτη,453
φιλοξενούμενο,453
σφάζει,453
θούμε,453
ενθάρρυνες,453
Φύλλις,453
ούλι,453
υπεύθυνες,453
Σονιέρ,453
κουκλάκι,453
ενεργοποιήσετε,453
αρμ,452
παρενοχλούσε,452
επανήλθαν,452
δημοσιευθεί,452
υπηρέτριας,452
σταματώντας,452
Νάις,452
υπομείνω,452
πάγκους,452
υποστήριζες,452
σκαλωσιά,452
Κόρρα,452
Κέιλη,452
μαστίγια,452
Τσίτσι,452
επενδύει,452
κουτσομπολεύουν,452
Χάγκινς,452
μουστάρδας,452
αναβάλλεις,452
πάλσαρ,452
παράγω,452
έπραξα,452
απόφυγε,452
δανείζεσαι,452
κλειδώσαμε,452
πρωτοήρθε,452
φορτώθηκε,452
πλένουμε,452
κατέβετε,452
μαλλιαρό,452
φοβούνταν,452
καταρρίφθηκε,452
Μπράκετ,452
μετεωρολογικό,452
μετατράπηκαν,452
κοντοί,452
καı,452
Κάλντερ,452
Γκόριο,452
παρέχεται,452
καλωδιωμένος,452
ακρόασή,452
απροστάτευτη,452
Σόμπελ,452
αφιερώνεται,452
τοποθετημένος,452
σοκολατάκι,452
αποδιοπομπαίος,452
καληνυχτίσω,452
αυνανίζεσαι,452
ανώτερου,452
Τάουερς,452
Λασάλ,452
διάλειμα,452
καρδιογράφημα,452
έραψα,452
ντομάτας,452
καθιστε,452
κυπέλλου,452
Παρο,452
Χάλ,451
αριστουργήματα,451
βορειοανατολική,451
δικτάτορες,451
Κοτσίς,451
υμίν,451
Ιμπραήμ,451
Κην,451
περιζήτητος,451
θρανία,451
τομάτες,451
λοιμός,451
εμίρη,451
μπουμπούκια,451
ευχη,451
κατασκοπεύσεις,451
εκτιμω,451
βοσκοτόπια,451
ασκηθεί,451
Ολμπράιτ,451
στείλτον,451
δωδεκάδες,451
σερβιριστείτε,451
κορεσμός,451
τσάκισα,451
πνευματικών,451
λείπαμε,451
Ίζυ,451
άμβλωση,451
πληρούν,451
αναμένονται,451
Μπρέινιακ,451
Έλλεν,451
θυματα,451
υποκατάστατα,451
συντρίμια,451
έπραξε,451
νοστιμότατα,451
ξεδιαλύνω,451
σαχλό,451
καρδιοχτύπι,451
αρρωστημένα,451
ποινικές,451
εξασφαλισμένη,451
Τζούλη,451
16χρονο,451
Ρόουλαντ,451
μνεία,451
σης,451
Μπρέσλιν,451
νοκάουτ,451
ζάχαρο,451
συμφορές,451
αναιρεί,451
βελτιωμένη,451
εφεδρεία,450
θ'αφήσουμε,450
πτέραρχο,450
Κίτ,450
Αϊνστάϊν,450
αφοπλίσουμε,450
συνδέεις,450
ανατινάζουν,450
ατιμώρητος,450
αγρίων,450
εισέβαλλε,450
χωριατόπαιδο,450
τσάκα,450
κυματίζει,450
τ'αποτελέσματα,450
ταΐσουν,450
παραδίδουν,450
παρατηρούσε,450
οφειλές,450
ηλθε,450
καταλα,450
Γκρέκο,450
νομίζα,450
καταφυγιο,450
μυστικότητας,450
τελειωτικό,450
χαρακιές,450
Ντισέπτικον,450
δημοκράτες,450
συμμορίτης,450
απορρητο,450
διαλογή,450
καρδινάλιου,450
πασσάλους,450
συμπάθησες,450
ελκυστικά,450
Τζίλ,450
γο,450
Σμας,450
γαρίδας,450
Ντάντον,450
βενζινη,450
ριζική,450
μήτρες,450
Έρβιν,450
μοντέρνες,450
δεκαεννέα,450
ταλαντούχους,450
εκτελεστείς,450
σωσε,450
επιλέγετε,450
απροετοίμαστη,450
δολάριά,450
αλκοολισμό,450
απέφερε,450
λλεν,450
Κουόν,450
ψυχολόγοι,450
κρυμμένους,450
παράνομου,450
έμ,449
χασίσι,449
επιδόρπια,449
φαντάρος,449
μείωσης,449
προσλάμβανε,449
λουλουδάκι,449
κριθάρι,449
Ιησου,449
μ'άφησε,449
βρετανίδα,449
ελατήρια,449
διαλύσετε,449
δακτύλιος,449
κατηγορια,449
μιγάς,449
προσέβαλες,449
τζάουλ,449
Μαλία,449
υποκοριστικό,449
πλασματάκια,449
Μέγκ,449
συμπεριλάβεις,449
μετρητές,449
αλλουνού,449
υψηλόβαθμο,449
βολευτούμε,449
κινδύνων,449
περιουσια,449
επαιρνε,449
ζα,449
Ντομίνγκο,449
ράστα,449
πορτες,449
Σωκράτης,449
διείσδυσης,449
πολυκοσμία,449
Βόγκλερ,449
αντιδρούσες,449
πολτό,449
αποτυγχάνω,449
Γκουάμ,449
εξασκείται,449
δειο,449
ανθρωποειδή,449
επαναλαμβάνετε,449
θρησκευτικής,449
δημοψήφισμα,449
δωδεκάχρονο,449
μελιτζάνα,449
τοποθετούμε,449
ερημο,449
συζυγικά,449
σφραγίσματα,449
γαμημενη,449
εφεύρε,449
Μάσιμο,449
σου'πε,449
προτιμάω,449
αγαπηθεί,449
γνωρισει,449
υπαρκτό,448
κεντρικούς,448
γεωλογική,448
επιβάλω,448
ενοικίου,448
φωτογραφίζει,448
σαμπανια,448
παρακοιμήθηκα,448
ιατρέ,448
σκουπιδια,448
συντονισμένη,448
βαρεθηκα,448
τρυπώσει,448
προφέρει,448
μέδουσες,448
βιολογικούς,448
Γουίνγκ,448
ανυπεράσπιστη,448
ματώσεις,448
κροταλία,448
εκτίσω,448
γκρίζλι,448
αποτυγχάνεις,448
κατοικημένη,448
επίτιμο,448
Νιχάν,448
σκουπιδότοπο,448
εφάπαξ,448
καθόδου,448
Χαντάρ,448
πτερυγα,448
επιτίθεμαι,448
κατηγοριες,448
διαδικασιών,448
ασφαλεις,448
εκπαιδευση,448
εμετούς,448
επισκέπτεστε,448
Ντέναμ,448
Έρλι,448
πηραμε,448
Φάιφερ,448
παράγωγα,448
αναβίωση,448
εταίροι,448
υπενθύμισε,448
αυτοκινητόδρομου,448
ερμηνεύσει,448
δόλιο,448
οικίας,448
σοβαρότερα,448
παρουσια,448
αλλοδαπός,448
Σκάβο,448
βυθιζόμαστε,448
αγοράστηκαν,448
Μεχμέτ,448
μεταδόθηκε,448
δανείζεται,448
ανατινάξετε,448
απαλλάχθηκε,448
κατασκηνωση,448
αγωνιστές,448
τ'ακούς,448
προχωρείτε,448
βάφουν,448
σκιουράκι,448
θαρρος,448
Φρόυντ,448
τοξικομανής,448
υιοθετήσεις,448
πρωτόγονες,447
εκδότρια,447
υποτίθετε,447
ατσάλινα,447
προσφέρονται,447
φτιαχτούμε,447
ψηφοδέλτιο,447
κατέληγες,447
προσέλθει,447
ετρεξα,447
συνδεθούν,447
γκρέμισε,447
αποχώρησή,447
συνεφέρω,447
κοντούλη,447
μοιράστηκαν,447
Μανουέλα,447
συναναστροφές,447
μεταμφιεσμένη,447
πρόκεται,447
Φρέμεν,447
ολοκληρώσουν,447
Μαρακές,447
Νιόβη,447
πυροβολάς,447
φλογερή,447
μικροκαμωμένος,447
σήματά,447
πίνεται,447
φόρτωσα,447
ακολουθείται,447
υποβάλουμε,447
παραλείψω,447
τσακωμοί,447
κρύπτες,447
τζογάρω,447
δολοφονηθηκε,447
Συρακούσες,447
χορηγήσουμε,447
γονόρροια,447
μεταδίδω,447
μαιμούδες,447
τοποθετηθούν,447
Πέντλετον,447
γρίφοι,447
απόρθητο,447
χωράς,447
ενδιάμεση,447
κυριότητα,447
έστηνε,447
σύστησέ,447
πούλαγα,447
αξιωματούχων,447
πάμπλουτος,447
νικητήριο,446
Νεκ,446
Αριστοτέλης,446
κοιμισμένη,446
ειδοποιήσατε,446
ενισχυτές,446
ΤΥΦ,446
να'τοι,446
νόθος,446
αγρό,446
Ζέρο,446
σκληρη,446
βρωμόχερά,446
εξετασεις,446
στρατ,446
εργολάβους,446
πυροδοτηθεί,446
Ενωσης,446
μάλωσες,446
Γουί,446
περιφερειακή,446
αποκομμένοι,446
μαγεια,446
ξαδέλφου,446
βουδιστές,446
φιλανθρωπικές,446
Σέρυλ,446
βάγκον,446
κουφιοκέφαλος,446
διαχειριστούμε,446
κωδικο,446
συνδεδεμένες,446
ξεχρεώσω,446
Ταγγέρη,446
δωσμου,446
κουτσαίνεις,446
γραμμόφωνο,446
γέροντες,446
Ράνα,446
πηδάτε,446
εξέθεσε,446
αμφίβολη,446
τυχαίους,446
Σιάμ,446
σημερινός,446
διεξήγαγε,446
επομενος,446
ανέπαφα,446
οδηγούμαστε,446
πρόσθεση,446
Λάξαν,446
διδάσκεται,446
λερωμένο,446
καθαρίσατε,446
Γιουρι,446
χαρίσουμε,446
ανοιξα,446
φωτογραφίζω,446
ασβεστίου,446
ευαισθησίας,446
χακί,446
προειδοποιήσαμε,446
χρωσταω,446
βαδίσουμε,446
ιερόδουλη,446
επιφύλαξη,446
καλλίτερο,446
αχρωματοψία,446
κουράζονται,446
αποχωρεί,446
πεταει,446
Σάιμπερτρον,446
λούτρινο,446
τσιρίζει,445
κολεγιακό,445
ένδοξες,445
σπάνιοι,445
πολυλογία,445
ψυχολογικής,445
βασιλικούς,445
γυρισες,445
αποκεφαλίστηκε,445
εγκλεισμό,445
Καναδούς,445
Κάρεϊ,445
Ράσσελ,445
κρύφτηκαν,445
κοπάνησαν,445
απελευθερώνεται,445
αποκομμένος,445
κρησφύγετό,445
καταδικάζεσαι,445
ανατολικα,445
κολεγιο,445
λεηλάτησαν,445
έξωσης,445
Φιλιπ,445
ταχυδακτυλουργός,445
κύκνου,445
ασφαλιστικό,445
μουσάκι,445
έκλασε,445
ενταχθείς,445
ψηλομύτα,445
ανίκητη,445
διαδώσει,445
γραφτείς,445
μό,445
νοιωθω,445
ξεσκίζει,445
υγείες,445
μισητό,445
αξιολογήσω,445
Σήζαρ,445
Φαρούκ,445
ερωτευόμουν,445
αυτοκράτωρ,445
τσάκρα,445
βραστήρα,445
αποχαιρετιστήρια,445
σακκάκι,445
Γκότι,445
κατασχέθηκαν,445
ανάπαυλα,445
Μπάμπλμπι,445
γλέντια,445
πηδήχτηκες,445
ψαχνουν,445
Ντρέηκ,445
προσέχατε,445
παρένθεση,445
τάβλι,444
ελεγχόμενες,444
δίοδος,444
φωτογραφίζεις,444
σκύψει,444
υδρόγειο,444
σημειωματάρια,444
γυρισμάτων,444
τηλεφωνημα,444
τιποτένια,444
χαλαρώνουμε,444
πρωτοτυπία,444
επαρχιακή,444
Ταμπς,444
μάκρος,444
φαφλατάς,444
αναδεικνύει,444
κονσερβοκούτι,444
παιδιων,444
καταναλωτών,444
Κέισυ,444
καμίνι,444
επηρεάσω,444
άλυτη,444
καταρρίψουμε,444
επανάστασή,444
διεπαφή,444
Λολίτα,444
αμφισβητηθεί,444
καινουρια,444
διακτίνισης,444
Γιέιλ,444
σώβρακό,444
Ουόρεν,444
θύματός,444
ανθρωπολογία,444
ψηλούς,444
ΤΝΤ,444
χρυσορυχείο,444
γενεών,444
περιορίστηκε,444
εριξα,444
αποκλείεις,444
πετάγομαι,444
αντικατέστησες,444
αυτοσχεδιασμός,444
Έϊμι,444
αρρωστήσουν,444
ξεκαθάρισαν,444
θέστε,444
βέλο,444
θώρακος,443
οργιές,443
ζαφείρι,443
μπιχλιμπίδι,443
Όμαρ,443
μάγμα,443
Νόουπ,443
παράφρονας,443
αναπτύχθηκαν,443
μοσχαρίσιο,443
δουλεψω,443
διπλωματίας,443
γλυτώσετε,443
μπισκότων,443
Βατιάτου,443
στ'αρχίδια,443
τρυπάνια,443
Σίλας,443
μικρότεροι,443
αιτηση,443
κόμισα,443
έσκαψα,443
ανώμαλα,443
προσβλήθηκα,443
Μάνιξ,443
διοργάνωση,443
ταματήστε,443
περιπλανώμενοι,443
συστατικές,443
τρομαχτικός,443
προσθέτοντας,443
απενεργοποιημένο,443
κωλόχαρτο,443
αναστατώθηκα,443
χρεών,443
παρατα,443
ανεμόμυλο,443
ζαλίζεσαι,443
έσυρες,443
Γιούμα,443
Τιβέριος,443
Οντι,443
αποκόψει,443
απένταροι,443
εξοικειωμένη,443
Αστόρια,443
σταμάτημα,443
Μπρίτνι,443
αρκ,443
εύθυμο,443
μεταχειρίζονται,443
γενεαλογικό,443
μεξικανό,443
θριαμβεύει,443
περίστροφα,443
πλακωθούμε,443
γεννηθηκε,443
σημάδευα,443
υπέρτατος,443
σύρετε,443
ξαναγύρισαν,443
συνώνυμο,443
θυματολογία,442
φοβαται,442
αρέσκεται,442
Χάλοουιν,442
Ρούνεϊ,442
ενδια,442
τριγυρίζω,442
ξαναήρθε,442
βουτιές,442
βουλώσετε,442
εγχείρησή,442
εξοικονόμηση,442
ευφημισμός,442
ναυάγησε,442
μυρωδια,442
γερμανού,442
τυφλωθείς,442
Βίνυ,442
μπαρδόν,442
ενοχοποιεί,442
αράζει,442
προώθησε,442
δοκιμαστήριο,442
επιμελώς,442
Ουγκό,442
πειράγματα,442
άλυτα,442
συστηθείς,442
Κένιγκ,442
μουρμουρίζει,442
σ'την,442
διαλείμματος,442
γυαλια,442
φωνήεντα,442
κοινότυπο,442
παλαβά,442
θαλασσώσει,442
φόρτωσαν,442
Κόγκμπερν,442
έδενε,442
καλικάντζαρο,442
γενικο,442
κάθοδος,442
φιλελεύθερος,442
δείξτο,442
χειρίσου,442
υποψιαζόταν,442
Φεβρουάριος,442
Μαδαγασκάρη,442
βανδαλισμό,442
ρεφρέν,442
τάσου,442
ψηφοδέλτια,442
παπάκια,442
εργαζόσουν,442
Άουσβιτς,442
γεματη,442
Φάμπιαν,442
σκοποί,442
τιμώμενο,442
μέτρησέ,442
ήτα,442
Εσπόζιτο,442
οργανώνεις,442
παρακαλώντας,442
συνήγοροι,442
σατανικοί,442
τελευταιες,442
απαιτητικό,442
περασες,442
τια,442
τοποθεσια,442
κατασκευάσω,442
μπλάστερ,442
ΠΑΡΑΦΥΣΙΚΗ,441
ιδιοκτησια,441
διαγνωστεί,441
διαδώστε,441
Ο'Κόνελ,441
διαβασε,441
θεριστή,441
θεριστές,441
στριπτιτζούδες,441
εξαφανισμένα,441
εργάστηκαν,441
Πιέρο,441
φωτοτυπία,441
εξελισσόταν,441
προσπερνάς,441
σ'αφήσει,441
αλκοολικών,441
σταύρωσε,441
βουίζουν,441
πατριωτισμός,441
ημιαυτόματο,441
ομορφότερα,441
ανασφάλειες,441
Γκωλ,441
ανταλλάσσουν,441
Μπάσκερβιλ,441
αγγελιοφόρους,441
ουστ,441
αγαλματίδιο,441
κατεβαίνοντας,441
Κονσταντίν,441
γίνη,441
μοιαζεις,441
διαφωτίσει,441
ακρωτηριασμένο,441
κλάδος,441
ευγενικο,441
δεξιάς,441
τσαγάκι,441
υποστηρίζεται,441
Θωμά,441
Γεώργιο,441
κουνελιού,441
παραστώ,441
ακυρώνουμε,441
διαολεμένο,441
σ'απασχολεί,441
ειρηνευτικό,441
Ντελφίνο,441
Πόπινς,441
άλυτο,441
κυβερνητης,441
αφόρητο,441
πανούκλας,441
Κώστα,441
συνοδηγός,441
πτωματα,441
προλάβατε,441
Μάϊκι,441
ελκύεις,440
μαγειρείο,440
άνθισε,440
ασπρόμαυρη,440
εκτίναξη,440
πειράζουμε,440
Μάιρον,440
διαβατηρίου,440
βελούδινο,440
περιττές,440
Σαντάκο,440
αμυνθούν,440
αγκράφα,440
χτίστης,440
Μάργκοτ,440
σφουγγάρια,440
ανεξέλεγκτος,440
Λούλα,440
σούβλα,440
κρατιόταν,440
Τζόϊ,440
πουκάμισά,440
κοπο,440
λει,440
8ης,440
ιστορικής,440
αποσυνδέθηκε,440
οργανισμών,440
σκοτίζεσαι,440
πηγών,440
παραλές,440
Παραγουάη,440
βιάζεις,440
συμπεριλάβει,440
θέτοντας,440
υποκριθείς,440
κοιμισμένος,440
λάμπω,440
Γκόλντ,440
βαρώνο,440
Μπάτζερ,440
μπαλαντέρ,440
απ'αυτο,440
Κόβακς,440
Μαράια,440
παρασημοφορημένος,440
δικαστικές,440
πρά,440
τηλεπαθητικό,440
βαζει,440
πεταχτείς,440
σκαρφίστηκες,440
Γκριντς,440
χαμηλόφωνα,440
προπάνιο,440
πρασινο,440
πινεις,440
Τζάκλιν,440
Γούλφραμ,440
Σάντμαν,440
Λότε,440
ζογκλέρ,440
Σουηδό,439
φροντισε,439
νεοι,439
ευέξαπτη,439
λοιμώξεις,439
πρόκλησή,439
αναφερόμαστε,439
κολυμβητές,439
έκλεινες,439
κιτρινιάρη,439
δίστασα,439
πολυάσχολοι,439
ξανακερδίσει,439
μετασχηματιστή,439
πληγεί,439
Χάρτ,439
ταλαιπωρεί,439
χιόνιζε,439
τηλεπαθητικά,439
πατημασιά,439
πρόγονος,439
τριγυρνάτε,439
άρχοντάς,439
Μίνγκο,439
ορμάς,439
ξύσιμο,439
παππους,439
πεντανόστιμη,439
εκτυπωτής,439
Κουιν,439
παραλιακό,439
κατακλείδι,439
αξιέπαινο,439
ιδιοτροπία,439
γυάλισε,439
Κόρτνι,439
εγκαταστήσουμε,439
Μπάμπιτ,439
σχηματίσουμε,439
αμελής,439
θαμώνες,439
αποσυνδέσουμε,439
πάψετε,439
τακτικούς,439
ρωμαϊκά,439
τσεκ-απ,439
δυσκόλεψε,439
Καμάλ,439
μαυρίσματος,439
Μπαν,439
τινάζει,439
υπερβάλλουμε,439
μουγγός,439
αντισυνταγματάρχη,439
ακουμπά,439
θητείες,439
συμπαγή,439
επιπόλαιος,439
Ηρώδη,439
πείρε,439
Τορνέιντο,439
αηδιαστικοί,439
ξανάκουσα,439
Λίπτον,439
υπέροχου,439
χτισμένη,439
αυτοσχέδιο,439
τσιμπημένη,439
τετράδα,439
ένδοξα,439
υποπτευθούν,439
μπατζάκια,439
εισπνοές,439
γελοίε,439
παρασύρεσαι,439
πιασεις,439
φούρναρη,439
αποφασισα,439
μανούβρα,439
ημερολογιο,438
πεστε,438
αγροκτήματα,438
παραμερίστε,438
ταράχτηκες,438
ενταχθώ,438
Πέμπερτον,438
μ'ενα,438
πιαστε,438
άνε,438
πανικοβάλλομαι,438
εγγύτητα,438
ΜΕΡΙΛΑΝΤ,438
ακολουθηστε,438
προβληματάκια,438
καταντήσεις,438
απωθητικό,438
οποιαδηποτε,438
νοσο,438
γιατρέψουμε,438
νεανικά,438
οπλοκατοχή,438
ξύρισα,438
ενδιαφέρετε,438
ανερχόμενη,438
φασολάκια,438
επανέφερα,438
ερυθρός,438
κοιτάσματα,438
κοιταξω,438
κρεμασμένα,438
επιληπτική,438
καναλιών,438
Ενρίκο,438
βρυχηθμό,438
τιπ,438
πρωτοσυναντηθήκαμε,438
επιτυχημένοι,438
σύρουν,438
δομικά,438
τέταρτου,438
ξερατά,438
διαυγής,438
ήρεμες,438
νοσοκομα,438
ΧΑΡΒΑΡΝΤ,438
δεκάρικο,438
Χέιλς,438
Λαζάρ,438
ντυνόταν,438
μονομαχίες,438
υπερασπιζόταν,438
Νάπολης,438
πλανάται,438
ενημερωθείτε,438
ελευθερώσαμε,438
σκοτωμός,438
χαραμίζω,438
Μπετς,438
Οκταβιανός,438
Γουίτον,438
φάγωμα,438
απλούστερη,438
βραχυπρόθεσμη,437
καταναλωτή,437
ισορροπίες,437
παλαιότερη,437
γαλλίδες,437
οφθαλμόν,437
έψιλον,437
τρέχουσες,437
Ουάιλντ,437
μισθοφόρων,437
προσβλητικός,437
γοβάκι,437
Φούλκραμ,437
εξυπνάδας,437
πραμάτεια,437
χορταίνω,437
αηδιαστικές,437
υποτακτική,437
γραμμένος,437
αποστακτήριο,437
πεθανουν,437
καταθλιπτικός,437
Ντόμπς,437
μεσάζοντας,437
σφάξουμε,437
κερδοφόρο,437
Τέυλορ,437
εσαι,437
αξιότιμοι,437
Ενριέτα,437
Μπάρρυ,437
αγγελοι,437
παρατήσατε,437
ράψουμε,437
έδρανο,437
εμπιστεύονταν,437
ξεγελούν,437
απαιτούμενη,437
Μετίν,437
ξεράθηκε,437
ικανοποιούν,437
μακέτα,437
αρκετη,437
ακουγόσουν,437
συνταγματικό,437
Ουώρεν,437
Μάροου,437
Μπίμπερ,437
μορφωμένοι,437
τροπους,437
λερωμένα,437
εκπαίδευσής,437
ιδιωτικών,437
βόθρος,437
τοποθετείς,437
αποσπάται,437
τσάγια,437
Ντουέην,437
Τζόφρι,437
σβήστηκαν,437
βαμβακιού,437
Τέρρα,436
Γκορντ,436
συμπεριφέρθηκες,436
εργαζομένους,436
επινεφρίνης,436
σέβονταν,436
Μογγόλοι,436
θεματάκια,436
ζονται,436
Τζομπς,436
πουλήστε,436
γαμάτοι,436
διαβιβάσω,436
Μπλάντι,436
κληροδότημα,436
διοτι,436
καφετί,436
ντύσουμε,436
κυλήσουν,436
καταδικάστηκα,436
προϋπηρεσία,436
κρετίνε,436
θετικοί,436
κατασκευάσουν,436
ρίξανε,436
ολλανδικό,436
εξόντωσε,436
λυ,436
κύστης,436
απόστημα,436
πενθείς,436
θρέμμα,436
χρωστας,436
ψημένα,436
απαλός,436
μιλάγατε,436
οφειλόταν,436
αυθεντικές,436
απέβαλε,436
Οτις,436
Αριστοτέλη,436
αρμονική,436
φερες,436
μειωθούν,436
πρόξενο,436
σύντομοι,436
Σιγκ,436
καθοδηγητής,436
δημοπρασίες,436
προσαρμόσουμε,436
παράνυφος,436
δισεκατομμυριούχο,436
επιθυμήσει,436
σιδηροδρομικές,436
κροτίδες,436
συντάξει,436
δονητές,436
βραδιάτικα,436
αποσυνδέσω,436
Μπρουμ,435
περασαν,435
τοποθετώ,435
τενεκέδες,435
ακυρώνονται,435
σοβιετικά,435
υπνηλία,435
ανατροφής,435
νύχτωσε,435
σκοτεινιά,435
Γκόινς,435
προπονήσω,435
σκοπιές,435
τεμπέλικο,435
να'σουν,435
βραδάκι,435
πλένονται,435
Μπάνινγκ,435
απολύει,435
περιμετρικά,435
σακακιού,435
καρουζέλ,435
Ολιβιέ,435
διαφωνήσεις,435
βράχηκε,435
γεννούσε,435
τρίαθλο,435
μεταμοσχεύσεων,435
Μάουτς,435
λπεις,435
κάλυκας,435
συνεταιρισμός,435
Μιλένιουμ,435
Τζός,435
κολλιτσίδα,435
κουβέντας,435
υπηρετήσαμε,435
Μπραμ,435
Φρίντριχ,435
αποκαλούσαμε,435
κρεμαστούν,435
αναισθησίας,435
γαμήσια,435
λίθιο,435
αντίπαλοί,435
μετωπική,435
σπόρια,435
βελτιωθείς,435
επισκεπτόμαστε,435
καθούμενα,435
επιστρεφω,435
δεντρα,435
Ζόντιακ,435
διαγωνιζόμενους,435
νοιάζονταν,435
παπα,434
ρευμα,434
γιορτινό,434
αδελφια,434
δόκτωρα,434
Βάλα,434
θαυμάζουμε,434
Βά'αλ,434
τερματίσουμε,434
απατήσεις,434
ακόρεστη,434
έραψε,434
επαναλάβατε,434
ανάφερες,434
Κολομβιανοί,434
λάτιν,434
Μπρέσλερ,434
εξελικτική,434
βουτηγμένος,434
στρίψαμε,434
Μόνγκο,434
λαχανιάσει,434
Ποντόν,434
Κλίτους,434
μαρτυρήσεις,434
επαναστάτρια,434
Μπερνίς,434
πολεμούσες,434
στριμμένη,434
έλος,434
αυτόματου,434
Καλαί,434
επεμβαίνει,434
αποδεκτές,434
μοιρες,434
σκυτάλη,434
Σαηεντολογία,434
χαπάκι,434
Φωλς,434
ειδικος,434
Παλομάρες,434
αγχώνεται,434
πυκνότητας,434
τ'αγόρι,434
κριθείς,434
πικρόχολος,434
ρεπουμπλικάνων,434
Ράικερς,434
Φρανζ,434
Εσθήρ,434
ψίθυρο,434
εκπαιδευόμενοι,434
χαμηλώνεις,434
σκασα,434
σαμάνος,434
γκρίζες,434
ψυχίατρό,434
φιγουρατζής,434
χορηγήσει,434
εργατικής,434
Ζιμ,434
σιλικόνης,434
ΑΥΓΟΥΣΤΟΥ,434
εισήγαγε,433
πλα,433
Κάλλαχαν,433
ζητα,433
κινούν,433
ανερχόμενος,433
σύρουμε,433
ετοίμασαν,433
παλτο,433
Μποντίν,433
παραπονεθείς,433
σύνδεσμοι,433
σεβάστηκε,433
χρειαζοταν,433
Τοτό,433
ευδαιμονία,433
ποικιλίες,433
φυλακίσουν,433
διατροφικές,433
χαρτομάντηλα,433
γηραιούς,433
ανισορροπία,433
εύθυμος,433
μονότονη,433
Φίλιππο,433
στενεύει,433
σκοτωσουμε,433
Μπλέην,433
ποία,433
Μίλλυ,433
σταθεροποιήσω,433
Στόου,433
παρου,433
αγνοούμενου,433
Μάρλευ,433
παλίρροιες,433
Τζακς,433
οξείδιο,433
χτίζεται,433
τολμηροί,433
Σίρι,433
οπερα,433
εκπομπών,433
πορσελάνες,433
αποχώρησης,433
Σιατλ,433
πασάρεις,433
ασιατικό,433
σπυριά,433
αδιάκριτα,433
νάνου,433
μικρούλια,433
φτιαξει,433
ιδιότροπη,433
Τζόσλιν,433
ξαναδώσω,433
Εμς,433
καλύπτοντας,433
συνταξιοδοτικό,433
γερές,433
ράσα,433
υπόθαλψη,433
Μοντόγια,433
καμπή,433
τσακιστεί,433
Φρίζα,432
Ρασπούτιν,432
Φλικ,432
φροντίσατε,432
εξάρια,432
καταράστηκαν,432
Λώρελ,432
δικαστούν,432
Σαμάρα,432
χειροτέρεψαν,432
λυκειο,432
εβραίου,432
στέισον,432
σεβάστηκα,432
δρομάκια,432
αναγκάζω,432
Ιρακινούς,432
ασκείται,432
μουσικών,432
Κάρνεγκι,432
Κανταχάρ,432
κουρέψω,432
Χαμπίμπ,432
απεχθή,432
στενόμυαλος,432
ξεσηκώνει,432
ελευθερωθούμε,432
δούρειος,432
Παύλου,432
χτυπημάτων,432
αψηφώντας,432
Ελίας,432
κινήσουμε,432
εμπιστευομαι,432
κατέβαλε,432
περνα,432
συγκρατήσεις,432
ξεγελιέσαι,432
Πούτσι,432
Πελό,432
ρωτήθηκε,432
εκπαιδεύεις,432
βρέ,432
σηκωνόμαστε,432
κολυμπήσουν,432
κτυπά,432
ρεματιά,432
καίγοντας,432
προτάθηκε,432
χτίζοντας,432
τουλ,432
Γούντροου,432
ύψιστο,432
διαθέτετε,432
σχολειό,432
καυσιμα,432
δέουσα,431
νικούσα,431
χλαμύδια,431
γραφειοκρατίας,431
ψιθυρίζετε,431
θαλπωρή,431
απόκρουση,431
κλαψιάρικο,431
διατίθεται,431
διαβολάκο,431
αγωνίσου,431
απειθαρχία,431
αστα,431
κατακάθι,431
ονόμαζε,431
Φόι,431
εμπλεκόταν,431
Ουχούρα,431
γονατίζεις,431
Μπριλ,431
ηχομόνωση,431
πούστρα,431
Ορεγκον,431
εφαρμόζω,431
ολυμπιακοί,431
έβλαπτα,431
εργασιομανής,431
λόγων,431
χειρούργοι,431
αναψυχή,431
ύφαλος,431
Μικελάντζελο,431
κυκλο,431
μαστιγώσω,431
Οτέλ,431
πικάπ,431
καθαρίστριες,431
αναζητάτε,431
Μπούφαλο,431
χαλιών,431
πειραματίζεται,431
άσμα,431
εύθυμη,431
τσούπρα,431
απέφευγες,431
αδιέξοδα,431
διοικητης,431
ντιτζέι,431
σκοπεύατε,431
γελοίους,431
ΜακΚόλ,431
ταξιδιωτικός,431
αγοράζεται,431
μου'ρχεται,431
τυπάδες,431
διάφανο,431
ιδρωμένη,431
λουν,431
παρηγορήσεις,431
αυτόνομη,431
μετακόμισης,431
κομματιών,431
Βενεζουέλας,431
έπειθα,431
στρων,431
νυκτερινή,431
πληγής,431
μελοδραματική,431
αναπτύξαμε,431
παθολογικό,431
καθιστώ,431
προστατευθεί,431
συμβουλος,431
Κίπλινγκ,431
απολύσατε,430
χαζοβιόλα,430
αρχιεπιθεωρητής,430
σκατάς,430
διακτίνιση,430
πικνικ,430
αποπλανήσεις,430
συντριβούμε,430
δαπάνη,430
δεδομενων,430
ρες,430
άσεμνο,430
βασίζεις,430
παρθένας,430
μπλοκαρισμένη,430
αποδεδειγμένο,430
περνας,430
γράψτο,430
βρομερή,430
είσπραξη,430
Ερυθρού,430
διαλεξε,430
απεικονίσεις,430
αντάλλαξες,430
Αμπι,430
φόρτισε,430
συσταθεί,430
τυραννίας,430
καλλιέργειας,430
Ζίγκλερ,430
θεμελιώδεις,430
Βάλον,430
εισβάλλουμε,430
Πάττυ,430
ενεργοποιήσουν,430
οπαδό,430
τεχνίτη,430
αποτεφρωθεί,430
κυλότα,430
προσέλθουν,430
γαμησέ,430
καταστρεφόταν,430
τανάλια,430
πουτανα,430
Ραχήλ,430
ξεκρέμαστο,430
Πιγκ,430
πρωτομαγιά,430
βίτσιο,430
Μπαλτάζαρ,430
ανεκτίμητα,430
αξιότιμη,430
διασχίζεις,430
χτυπιούνται,430
δικαιολογείσαι,430
ανέτειλε,430
συνταγματικά,430
αλυσοδεμένο,429
Σαμπ,429
αξιαγάπητοι,429
οπτικών,429
ποδοσφαιράκι,429
εμπιστευτικότητας,429
βγάζατε,429
άλγη,429
επεξεργαστούμε,429
αντισύλληψη,429
φούσκωμα,429
δαιμονισμένο,429
Βάντα,429
αρένας,429
Φινκ,429
διεξάγουν,429
Άμαντορ,429
ανιψιάς,429
φτωχογειτονιά,429
ιεραρχίας,429
συσκευασίες,429
υμών,429
έκριναν,429
οδηγηθούν,429
Μεδίκων,429
νικα,429
φόρτο,429
Γκουίνεβιρ,429
έγκρισης,429
σεξομανής,429
μετεωρολογική,429
στιλέτα,429
Αλφρέδο,429
επωφεληθούν,429
ξυπόλητος,429
αλητάκο,429
αποθεματικό,429
ανεπανόρθωτα,429
κλεψε,429
ούζι,429
ανεπτυγμένη,429
Μαρίσσα,429
απογίνουμε,429
γκρεμίστηκε,429
ζηλεύετε,429
λογαριαστούμε,429
απασχολημένα,429
αγρίεψε,429
ντολφ,429
βούτηξαν,429
16ου,429
κατηγορούμενους,429
πιλοτος,429
επιβάλλουμε,429
άφραγκη,429
όννι,429
οφειλέταις,429
αποδεχθώ,429
Τούι,429
Σαβόι,429
ωστικό,429
σερφάρεις,429
πανταχού,429
συνδυασμοί,429
Νάθαν,429
ανακτήσουν,429
περαστικούς,429
τίμα,429
υποθεσεις,428
εδινε,428
συμβιβασμού,428
αντέγραψες,428
ασφάλιστρα,428
δυαδικό,428
στοιχειωμένα,428
σμαραγδένια,428
συγκράτησε,428
ρύγχος,428
πλωσε,428
Θόρνχιλ,428
πλαστικού,428
θεατρικός,428
Γκιγιόμ,428
πριγκιπισσα,428
τρελαμένοι,428
ασχολιόμουν,428
καταστημα,428
ψαροκροκέτες,428
καληνύκτα,428
κλίνατε,428
ΜΑΡΤΙΟΥ,428
αστοχία,428
χασάπικο,428
εγκαταλελειμμένα,428
εγκαταστήσω,428
θ'αναλάβω,428
υπερτερούν,428
Ντάβος,428
εκβιάζουν,428
προσκοπίνες,428
φασιστικό,428
σιδερικά,428
πεινας,428
βελανίδια,428
αλμπίνο,428
λόκο,428
κανέλας,428
συγκρατημένη,428
Μπραουν,428
δελεάσω,428
Τρέντγουελ,428
ίσου,428
ζαχαρένια,428
αγωγών,428
Ίβα,428
ετοιμασία,428
αγνοούμενων,428
εχθρικούς,428
νθρωπο,428
σεισμού,428
πραξη,428
ερωτικής,428
μαύρισε,428
μαθουν,427
γεράκο,427
Μπάνκς,427
σβήσιμο,427
ύψιστης,427
καρφώσουν,427
τσάρου,427
χαρτοκόπτη,427
πίτμπουλ,427
στελνει,427
μοιράζονταν,427
πύργε,427
εννοουσα,427
έεε,427
παρθενικό,427
δυσοίωνο,427
Δαλιδά,427
τολμούσαν,427
προσαρμόζεσαι,427
μπιζού,427
ενέκριναν,427
ίσους,427
εθισμού,427
φορτισμένο,427
ενεργοποιούνται,427
διαταραγμένο,427
ολυμπιακών,427
ακουσατε,427
αποθηκεύονται,427
φυγαμε,427
αυστηρότητα,427
σανμπέ,427
ξεγλιστράει,427
προετοιμάζονται,427
θησαυροφυλακίου,427
ανακατεμένοι,427
Γουίστρομ,427
αρμονίας,427
καταπληκτικο,427
κατουρήθηκες,427
στρατιωτικη,427
χριστιανισμός,427
πάπυρος,427
τρομπέτες,427
αποταμιεύσεις,427
Τάρνερ,427
ξαναρχίζουμε,427
Ντίσνεϋ,427
βγάλ'τα,427
ξεφορτώθηκαν,427
πολυμερές,427
βασικών,427
ξοφλήσαμε,427
τσατισμένη,427
σημειώνεις,427
μπουκάρουν,427
αεροπορικη,427
προσποιείστε,427
τσιμπούκια,427
συλλαβίσω,427
σχολάσει,427
Σίλ,427
καθησυχάσει,427
εδειξε,427
κ.κ,427
θετούς,427
Γκανζ,427
Κανάβεραλ,426
κρατηστε,426
προοδευτικό,426
πειθαρχική,426
αμερικανοι,426
δείξ'του,426
ενισχύουν,426
παρακάλια,426
ενδιαφέρθηκες,426
σκεπάσει,426
σκεπάσου,426
αποσύνδεσε,426
Πόρτσμουθ,426
εφάρμοσε,426
ανέκρινες,426
χαίρει,426
ανακοινώσουν,426
χαρακίρι,426
παράγεις,426
σάκοι,426
μπουκαπόρτα,426
ρπα,426
ανθυπολοχαγός,426
μπάμ,426
ορθογραφίας,426
ντυνόμαστε,426
ράγιζε,426
κολοκύθας,426
μετρήσαμε,426
κλειδιών,426
επιβραδύνεις,426
Αρμένιοι,426
γιατρίνα,426
σπασμένες,426
υποδεχτώ,426
οδικό,426
τόμο,426
πρέπεινα,426
εξώστη,426
σκλάβου,426
ιστοριας,426
λεσχη,426
δολιοφθορά,426
αλληλεγγύης,426
διεισδύσουμε,426
θυμηθήκατε,426
σφίγγουν,426
κουλτούρες,426
μαγειρεμένο,426
κανονιών,426
ρόγες,426
συστήθηκα,426
πιέζεται,426
Μπηλ,426
πείσαμε,426
γερμανικών,426
Μπέλικοφ,426
Ντιπάρτμεντ,426
ρελάνς,426
Ίρμα,426
Κόουλντερ,426
απαγορευόταν,426
εκδρομούλα,426
κινητήρων,426
πυροσβεστικά,426
άμε,426
πυροβολήθηκες,426
παρακέντηση,425
συνωστισμός,425
νυφη,425
οδηγάμε,425
φωναξε,425
αισθανθούμε,425
ανεμιστήρες,425
άτομό,425
Λήλαντ,425
παρθούν,425
σσε,425
έιμαστε,425
αεροσυνοδοί,425
κολπική,425
συλλήψεων,425
εστιάζεις,425
απουσιάζω,425
άγρυπνος,425
υπολ,425
περιουσιακών,425
φαγητών,425
επιτρεπεται,425
Γουίγκιν,425
γλυκόζη,425
ενοικιαστή,425
Πίνκερτον,425
κεφτέ,425
απόφυση,425
ήπιος,425
ανακριθεί,425
περισσέψει,425
όζοντος,425
λυπούμαι,425
μπάς,425
εισροή,425
αμφότεροι,425
πληθωρισμός,425
κατέγραφε,425
επισπεύσει,425
πασιέντζα,425
παρανοϊκά,425
Κάρλαϊλ,425
Τζίμμι,425
αυτοσχεδιάζω,425
σταμάταγε,425
ηρεμίσεις,425
ελευθεροι,425
ειρωνεύεσαι,425
καθημερινότητά,425
έψησε,425
κλειδώνετε,425
θρήνο,425
λιμοκτονεί,425
επαγγελματισμό,425
σοσιαλιστής,425
κατώτατο,425
κατασχέσει,425
περίβολο,425
αγριέψουν,425
παραγωγού,425
ψώνισα,425
ερχοταν,425
ανεκτό,425
τηλεδιάσκεψη,425
τσιγαριλίκια,425
Σιάο,425
Ρισελιέ,425
Σάντσες,425
τ'άλογα,425
ομοφυλοφίλων,424
Τρίνιτι,424
πόντσο,424
ανακατεύτηκα,424
πεποίθησή,424
Ούλτιμα,424
συντεχνία,424
λαθη,424
Τιλ,424
λαμπρές,424
Ντότζερ,424
τάνι,424
καταραμενο,424
μεγαλύτερων,424
αναπαραστάσεις,424
έλεγχαν,424
επαναλαμβάνουμε,424
επενδύσουμε,424
διασχίσαμε,424
καταλλήλως,424
Μμμ-χμμ,424
Βρυξελλών,424
ξανατηλεφωνήσεις,424
σκεπτικός,424
ειδη,424
βρύσες,424
Ίλια,424
ορθιος,424
συμπολεμιστές,424
αφόρητα,424
ανοιχτής,424
χτυπαει,424
σκηνοθετήσει,424
Ράδερφορντ,424
νεκροκρέβατό,424
αποξηραμένα,424
ναφθαλίνη,424
περιμενες,424
μεταφράζω,424
Γούντστοκ,424
Ζοζεφίνα,424
ενδοσκόπηση,424
συστήθηκε,424
αφαιρέθηκα,424
μοναδικού,424
παλμού,424
ποζάρεις,424
Λαγκέρθα,424
Μπρούνερ,424
τυλίγεις,424
υπακούουν,424
τουρμπίνες,424
Χακάνι,424
παράσχει,424
βέλους,424
ραβί,424
αχρείοι,424
αποδώσουμε,424
τ'αυτοκίνητο,424
σχόλασα,424
ν'αναπνεύσω,424
καραφλό,424
θηρίου,424
γενεαλογία,424
σαρανταποδαρούσα,424
εικάζω,424
Μετρόπολις,424
συσσωρεύονται,424
υπερασπιστή,424
πέδιλα,424
αστράφτει,423
περιγράψουν,423
ανακούφισης,423
Μπίβερ,423
παρασύρεται,423
αδίστακτο,423
πείραγμα,423
υποψηφιότητες,423
Μέση-Γη,423
μαόνι,423
βιολιστής,423
εγκέφαλοι,423
διαστημόπλοιό,423
γενέτειρά,423
κήρυκας,423
ιδρωμένο,423
διορίζω,423
Λεό,423
διπλού,423
Λόβλεϊς,423
προπέτασμα,423
ρέα,423
αναρρώνεις,423
συμπληρώνεις,423
ζήσατε,423
παντζούρια,423
σφίγγω,423
φοραει,423
προελαύνουν,423
Αραβες,423
ευχαριστήρια,423
Μέιμπι,423
κλασικές,423
πάχυνες,423
ξεσπάσεις,423
γενναιότητά,423
μίμος,423
φημισμένη,423
προπάππος,423
Σάπερστιν,423
δίς,423
συγχαρείς,423
γνώσει,423
Κάρμαϊκλ,423
έκστασης,423
διώξατε,423
ισπανικών,423
λύτρων,423
συμβολικά,423
κουραγιο,423
ενασχόληση,423
άνηκαν,423
μολότοφ,423
Ρίβα,423
διακριτικότητά,423
Ιρίσα,423
Μιλάνου,423
Χάρλεϋ,423
βγάλτην,423
κατοικείται,423
εξωσωματική,423
λυπηθούν,423
ανεπιβεβαίωτες,423
εξαρτάτε,423
γαλότσες,423
σιδηρόδρομου,423
δηλητηρίασης,423
αναστολέα,423
ζητιάνους,423
Κουίνλαν,423
αυτοκινητα,423
κόσμια,423
εικονικά,423
βαράτε,423
φρίκης,423
Ιντεφίξ,423
Κιττ,422
φανέλες,422
επισκεψη,422
νεους,422
Τζέφρεϊ,422
αλεξιπτωτιστής,422
στηθος,422
αξιοθέατο,422
Γουώλκερ,422
ευχαριστιέται,422
Φαραντέυ,422
Ντόντι,422
υψηλη,422
Τάρικ,422
παντοτινό,422
ξαναενοχλήσει,422
πίο,422
θρηνούμε,422
Μαρτίνα,422
στρέψουν,422
προσεξτε,422
καλλιεργείς,422
παραμορφωμένος,422
κατεβασμένο,422
κατόρθωσε,422
λάντερς,422
Κάφκα,422
Αζτέκων,422
ειδοποιήθηκε,422
Τζούλιαρντ,422
Όμπρεϊ,422
προετοιμαστούν,422
Μπην,422
εξορκιστή,422
Ολι,422
αποκεφάλισε,422
Γιάννη,422
εφεξής,422
χάιδεψε,422
συμβατικό,422
οροφο,422
Σνόουντεν,422
Ελενορ,422
μαρτυρες,422
ματαιότητα,422
φυσήξεις,422
μέμο,422
παρουσίες,422
Κόνκλιν,422
στομαχι,422
καυλιά,422
δέκατος,422
Μελίνα,422
χαμογελάνε,422
φιλόξενο,422
θάθελες,422
Βολτούρι,422
απλώνονται,422
εφτιαξες,422
ανθρακικό,422
ξεμέθυστος,422
προδομένη,422
προωθούν,422
απόλυσης,422
στραμμένη,422
επιβεβαιώνουμε,422
περισσοτερες,422
ηλιθιοι,422
Καπούτο,422
βακτηρίδια,422
Καπούρ,422
σύγκρινε,422
δημο,422
Χοζέ,422
λαβίδες,422
χωματόδρομο,422
φανταστήκαμε,421
αχρείε,421
Τιτς,421
ξανασκέφτεσαι,421
συμμαχήσει,421
καλαθάκι,421
συρρικνώνεται,421
μοναχέ,421
αναλήψεις,421
τσιγγάνων,421
άκρων,421
βασανίζονται,421
εγερθείτε,421
αφροδίσια,421
κύκνων,421
αγγελιαφόρο,421
λινό,421
Μόμπυ,421
αγκαλιάζουν,421
ιβς,421
πήδησε,421
Τέητ,421
κβαντικής,421
προσομοίωσης,421
σάκκο,421
λοχίες,421
διέλυε,421
κανάς,421
διστακτικός,421
αψήφησε,421
συνεννοηθούμε,421
καλωδιακής,421
πουστάρα,421
Πομπήιο,421
νεφρίτη,421
αναμνησεις,421
μαχαιρώνεις,421
σπαταλήσουμε,421
αξιολύπητα,421
κύριας,421
ελάχιστους,421
επωφεληθούμε,421
διασταυρώνονται,421
πόλεμός,421
απείθαρχος,421
βερμούτ,421
αποτραπεί,421
λαθρεπιβάτη,421
σπόνσορες,421
άθεοι,421
καταζητείσαι,421
ροχαλίζω,421
ανταλλάσσουμε,421
Γούμαν,421
Μπάουμ,421
βοηθειά,421
κατασκοπεύσω,421
έλαμψε,421
ζευγαρώσει,421
κατέρριψε,421
παντρέψω,421
ξαναφέρω,421
βροντές,421
Λουϊζιάνα,421
σφράγισαν,421
πέσμου,421
αντιτρομοκρατικής,421
έσπαγαν,420
τράκα,420
Βρούτο,420
όχ,420
αμμόλοφους,420
λυπεί,420
ανεπαρκείς,420
προστέθηκε,420
ιστοσελίδας,420
άξιους,420
συμπληρώματα,420
Μάνους,420
φωλίτσα,420
Ζόε,420
Γκούτσι,420
κρεματόριο,420
Μινεάπολη,420
σατώ,420
αεροπειρατές,420
υπονομεύσει,420
ποζάρω,420
ανθρωπινο,420
παγο,420
έφταιξε,420
χωρέσουμε,420
χωρικών,420
προσευχήθηκε,420
συνυπάρχουν,420
Όργουελ,420
διαολεμένη,420
συντάξω,420
επινοείς,420
κάτοικο,420
εγκεφαλίτιδα,420
συνεπαρμένος,420
κληρονόμοι,420
απούσα,420
σιγουρεύτηκα,420
φαιά,420
υποβάλλεις,420
συνεργία,420
πουλώ,420
γαμούσες,420
γεννήσουν,420
ηρωα,420
παγόβουνα,420
χυτήριο,420
δεχθήκαμε,420
Τζόρα,420
Σίντνεϋ,420
κολακευμένη,420
ιδρυτών,420
τοκογλύφος,420
εξερευνητή,420
εξομολογήθηκε,420
ξυπνούσες,420
Ιθαν,420
καθαρίστηκε,420
αντιπαραθέσεις,420
Μάνφρεντ,420
εμφανίζεστε,420
δίδας,420
ξανασμίξουμε,420
συνεισφέρεις,420
κρυσφήγετο,420
Αμάρ,420
ορόφων,420
εορτασμός,420
ανισόρροπη,420
μαντέψατε,420
στενάχωρο,420
αποκρυπτογράφηση,420
δωροδοκήσω,419
Λότον,419
δωροδοκίας,419
λαχταρούσα,419
μυστήριους,419
πλ,419
κερατώνει,419
συντεταγμένων,419
ανακτήσετε,419
ανακάτεψες,419
θωρηκτά,419
πρόβατά,419
τυχοδιώκτης,419
αθωος,419
αρχ,419
παγιδέψεις,419
Σπαρτιάτης,419
εξοχής,419
πιτσιρικάδες,419
στιγμιότυπα,419
Τζάστις,419
Χιγκς,419
χτίστες,419
εφαρμόσεις,419
ωφελούν,419
σερβιρίσου,419
γονιδιακή,419
Ντάουντ,419
υποκλίνονται,419
ξαναγεμίστε,419
ΕΡΑΣΙΤΕΧΝΙΚΟΙ,419
Μάνιπενι,419
άπορους,419
κριτικής,419
τσιπάκια,419
ανήθικος,419
αποσχιστές,419
γεμιστήρας,419
Μαϊκλ,419
καθεσαι,419
ωορρηξία,419
ανατολικη,419
εξαιρούνται,419
Βαβυλώνας,419
προκατειλημμένη,419
γαμήλιες,419
θαυμάσιοι,419
πληθωρισμό,419
μαχαιρώνουν,419
υποτίμησες,419
ζεσταθώ,419
Δανοί,419
μετανάστη,419
επισμηναγό,419
ψεύδομαι,419
ανούσιες,419
Ράινχαρτ,419
διαμέτρου,419
φόρεσαν,419
Τρεβίλ,419
ταύτα,419
εμπιστευεσαι,419
πινακίδων,419
Μέιπλ,419
τιμωρια,419
επιστράτευση,419
μικροσκοπικοί,419
Ολιβ,419
δημαρχείου,419
εντιμοτατε,419
Μερτ,419
κακια,419
Ανναλίζ,419
επαληθεύτηκε,418
θυμίστε,418
προσβάλετε,418
Σιμπέλ,418
συγκέντρωσα,418
Τζεπέτο,418
ξανασυναντιόμαστε,418
αυτια,418
ευχαριστησω,418
διάλυσε,418
μορώ,418
πυρόσβεσης,418
συναντούσαμε,418
αποβάλει,418
μουλωχτά,418
ουδείς,418
πεσμένα,418
πισινα,418
επούλωση,418
επεξεργαστής,418
αλλό,418
κρατήρες,418
εγραφε,418
φτιάξτο,418
πρωτεύον,418
τοξικών,418
έγλειψε,418
χειμωνιάτικο,418
σκατο,418
στριμώξεις,418
θίξω,418
ανατινάξαμε,418
συζητήστε,418
Χουο,418
βρόχο,418
πουλούσαμε,418
απείθεια,418
Αϊντάχο,418
ντελίβερι,418
αγνωστος,418
ανίκανους,418
Αγκάθα,418
Φέντερ,418
ωροσκόπιο,418
καμιάς,418
εξομολόγησή,418
παπαριά,418
καπνίσματος,418
βουλώνω,418
ωράρια,418
Ίνιντ,418
εξαλείψουν,418
ταλαντούχοι,418
στόπ,418
θύλακα,418
τηλεσκόπια,418
πιασ,418
σφυρίζω,418
δύστροπη,418
ενδώσω,418
τρίποντο,418
διαρροής,418
Τάουλερ,418
μουσικού,417
αναπληρώσει,417
Κρίξος,417
κυλωνικό,417
αλυσοδεμένη,417
χαρτιών,417
πολωνικό,417
Γκιλέσπι,417
Ντουκάτ,417
εξηγηθώ,417
Κλόβις,417
βαρέα,417
περιέγραψαν,417
φρικιαστικά,417
θυρίδας,417
οξέος,417
οδοντόπαστα,417
Σκαμάντερ,417
άψε-σβήσε,417
πανικοβλήθηκες,417
Ορφέας,417
επιλέχθηκαν,417
χαζος,417
κεντρικη,417
εφευρέτη,417
τσεκάραμε,417
παρκάρουν,417
θύλακες,417
επιχειρήσω,417
ασθενοφορο,417
διαβεβαίωσαν,417
κακα,417
διάσημων,417
ναρκωτικού,417
βάλ'την,417
περσινά,417
βαλα,417
Ποκαχόντας,417
κόιτα,417
μαρτύριό,417
δούλεψή,417
πασα,417
πονέσουν,417
λογοτεχνική,417
δίσταζε,417
νησάκι,417
αγώνισμα,417
διάκονος,417
κύλινδρος,417
παλιάτσος,417
εκατομύριο,417
Σούστερ,417
ΜακΝτόναλντς,417
λεηλατούν,417
ξεθάψεις,417
φοβητσιάρης,417
Τρώες,417
βαλλιστικής,417
Τόκ'ρα,417
γλείφουν,417
κινδυνέψει,417
παραχθεί,417
άρρωστες,417
γυριστε,417
Ρόμπ,417
Χιμένεζ,417
σκυθρωπός,417
καθαρη,417
Πάινς,417
Τέριαν,417
ξεναγήσει,417
ορίζουμε,417
ξαναγράψει,417
ζητούσατε,417
κοίλη,417
πίεσαν,417
ταιριάζαμε,417
αποθηκευμένο,417
νταντάς,417
στραβάδια,417
ιατρικη,417
το'χε,417
παραδώσαμε,417
παραλιακή,417
εαυτον,417
Σαλόμε,417
κοκκινομάλλη,417
πορτραίτα,417
Τρού,417
επιτιθέμενος,417
εγγυάσαι,417
μετακινήθηκαν,417
ταραξίας,416
καθομαι,416
φεμινίστρια,416
προχωρεί,416
εφαρμογής,416
επίλεκτη,416
αψηφούν,416
ακουμπάνε,416
αγχωμένοι,416
νοσηλεύεται,416
αρχειοθέτηση,416
βογγητά,416
εκοψα,416
κείτονται,416
κ.λ.π,416
αμερόληπτη,416
θηκαν,416
μπαρούφες,416
σκιτσογράφο,416
ασκήσεων,416
τετ-α-τετ,416
ΦΕΒΡΟΥΑΡΙΟΥ,416
φυσούσε,416
ανυπαρξία,416
Μίλος,416
νεροπίστολο,416
γόπα,416
αποτυχημένε,416
Σαρμάν,416
λυκό,416
ανέθρεψε,416
μετατροπής,416
Χιοκ,416
Μωντ,416
αναζητούσαν,416
πειρατική,416
Γκόρσκι,416
Γουίλμπουρ,416
λαϊκής,416
ποδηλασία,416
ευχαριστηθείτε,416
τυλίξτε,416
φίλτρου,416
Τζέϊ,416
δης,416
γειτονικό,416
άψυχα,416
αποφάσιζα,416
Χουκς,416
απαγωγών,416
ξαναδοκιμάσεις,416
ουσια,416
Χάλεϊ,416
κουδουνάκι,416
παρακινδυνευμένο,416
εγγύς,416
βρίσω,416
κακοποιεί,416
μονής,416
θρησκευτικών,416
ορκωμοσία,416
βελόνας,416
στερούνται,416
ποντικοπαγίδα,416
χρηματικά,416
ανατραπεί,416
ακατανίκητη,416
αναγνωριστικά,416
επαρκές,416
Αλ-Κάιντα,415
ανεπάρκειας,415
μισθοφόρο,415
ακεραιότητας,415
απόρρητος,415
δισκέτες,415
εξειδίκευση,415
διαθέσιμους,415
γρήγορους,415
Πάρτριτζ,415
στοργικά,415
Τούσον,415
ν'ακούσετε,415
Φρόστ,415
μεταμόσχευσης,415
Μπατς,415
κολεκτίβα,415
βραχίονας,415
λωτού,415
περιποιηθείς,415
ξεπλήρωσα,415
λογικη,415
αρχαιοτήτων,415
Αρτς,415
Στόουνς,415
τσαντίζομαι,415
Γαλάτη,415
υπακοής,415
αυτοάνοσο,415
θεοι,415
παντζάρια,415
Βενσάν,415
χοιρίδιο,415
Γιόνκερς,415
σκουριασμένη,415
Κουίντους,415
ασχολήθηκες,415
μεθυσμενος,415
γιγάντιες,415
πέις,415
φθόνος,415
χτύπαγα,415
διέκρινα,415
διαδρομη,415
αυτοκρατορικής,415
σκέπτονται,415
γγιξε,415
ποντάρουν,415
οικειότητας,415
μπιτ,415
Ντούριν,415
υπόνοια,415
Γκε,415
φόξτροτ,415
αρμόδιο,415
Ερρίκου,415
χορηγοί,415
Ε.Τ,415
Έμπερ,415
Ρέιζορ,415
αχθοφόρος,415
κρέμασέ,415
μαχαιροπήρουνα,415
βολικός,415
προγραμμάτων,415
νάρκισσος,415
τ'αφτιά,415
υποσχεση,415
τουρίστρια,415
μουρλή,415
παρελαύνουν,415
χάμβι,415
αφεθώ,415
προστάτιδα,415
πηδηματάκια,414
Μίκο,414
Ραμπλ,414
πολυέλαιο,414
ξαναέβλεπα,414
διψασμένη,414
γνωρίσματα,414
θανάτωση,414
ψιθύρους,414
θύμωσαν,414
υποστούν,414
μηδαμινές,414
θεότρελο,414
αποτελούσαν,414
Ρομανόφ,414
επιβατικό,414
φτερα,414
φιλοξενήσουμε,414
αυτοκράτορες,414
Ντουκέιν,414
απογραφής,414
επιδειξίας,414
ονειρεμένο,414
βλακωδώς,414
σπιρούνια,414
βυζάρες,414
τραπουλόχαρτα,414
Άστορ,414
οικογενειακού,414
γύπες,414
ματάκι,414
ξεκλείδωτο,414
διευκρινίσω,414
σόκαρε,414
πεισματάρηδες,414
μπλεγμένο,414
Τάντυ,414
προέλθει,414
απροετοίμαστος,414
Ντουλίτλ,414
ατιμώρητη,414
ΥΠΕΞ,414
υστερικός,414
τρικλοποδιά,414
κορίνα,414
ανιχνεύουμε,414
Γκέλχορν,414
άπω,414
Ειπριλ,414
Τογιότα,414
διασταυρώσω,414
Λάνγκφορντ,414
ξαναχτύπησε,414
μεθαδόνης,414
κρεμμυδάκια,414
Γλασκώβη,414
επισήμων,414
αφοπλίσω,414
σπόνσορας,414
πρέσα,414
Κληρικέ,414
παρηγορητικό,414
ενηλικίωση,414
Λέισεστερ,414
ανοιχτόμυαλη,413
κοπλιμέντα,413
σκάρτος,413
Γουέλτς,413
επινοήσω,413
αξιοποιήσουμε,413
λοχαγος,413
σκίσουν,413
Μάννυ,413
κοπαδιού,413
απομνημονεύσει,413
σιωπη,413
σαπουνόπερες,413
διεισδύσεις,413
σιγουρο,413
φωτογραφήσεις,413
αδυνατίσει,413
αμερικανίδες,413
παράλυτο,413
επινόησαν,413
κατακτά,413
οπίου,413
μεταξωτές,413
κελλί,413
γεννέθλιά,413
συνεχισεις,413
δεκαρα,413
βαρκάρη,413
ανακοινωθέν,413
κέντημα,413
αυτάρεσκος,413
ενώνεται,413
Κάτλυν,413
υπάρχουσα,413
διευρύνει,413
Ζίγκφριντ,413
αλάνι,413
αφηρημένο,413
ομολογήσετε,413
ιδία,413
Τζώρτζι,413
ζαλίσει,413
εσπασα,413
προσμονή,413
ομορφότερος,413
πατεράδων,413
κείτονταν,413
τραβιέται,413
εμπόδισες,413
φυλακισμένου,413
7ης,413
δεύτεροι,413
χρηματοδοτήσεις,413
ανθρωπολόγος,413
αποκλίσεις,413
φωτογραφίσει,413
επε,413
εταίρα,413
στρίβετε,413
μάζευαν,413
διορατική,413
Σπιρτούλη,413
Μπάτερφιλντ,413
δοξασμένο,413
άφραγκοι,413
ελικοπτερο,413
Ντράζι,413
ποτίσω,413
ΝΟΕΜΒΡΙΟΥ,413
μόστρα,413
κυβερνοχώρο,413
πέι,413
πληγώθηκαν,413
διαπασών,413
σκληρύνει,413
υπέρυθρο,413
δικαστηρίων,413
προσθετικό,413
χρυση,413
δεσμεύεται,413
Τερίσα,412
μεγατόνων,412
παλιοηλίθιε,412
Χαϊτάουερ,412
παρανοικό,412
Χάντ,412
υψώσουμε,412
σημαδεμένη,412
Γουίλμα,412
μεταβίβασης,412
μαρτύρια,412
γηραιότερος,412
Σωβάζ,412
χρωστούμενα,412
προξενήτρα,412
λαμαρίνα,412
χρεωκοπία,412
αποτελούνται,412
κατάντια,412
ανασυνταχθείτε,412
Τολ,412
ταπεινώσει,412
κεφαλια,412
ασαφείς,412
τηλεφωνάς,412
επακόλουθα,412
Βάλεϋ,412
τσιμπούρια,412
διπλούν,412
ευγενείας,412
μ'εμπιστευτείς,412
τ'αμάξια,412
Οσμπορν,412
υδάτινο,412
συγχυσμένη,412
πισωγύρισμα,412
παλαβούς,412
Γουεστ,412
Κοστάνζα,412
δυσκολευόμαστε,412
Ντάσγουντ,412
σώζετε,412
ζήλεψε,412
γουφ,412
υποχωρώ,412
Τερέλ,412
δάσκαλου,412
παρκέ,412
φυλετικές,412
αμφιβάλλετε,412
Πίερς,412
ματώνουν,412
πλουσιότερο,412
ικετεύοντας,412
Σύμπιλ,412
υπακούσουμε,412
γλιτώνουμε,412
παθητικός,412
περιέγραφα,412
παλιώνει,412
τελετουργική,412
χαζεύει,412
Ινάρα,412
απελπισμένες,412
μερια,411
Κουάι,411
ορμάτε,411
Απόλο,411
έκδοσή,411
φτάνετε,411
Τζακάρτα,411
αυτονομιστές,411
σκεπάσω,411
θανάσιμες,411
υπερέβαλα,411
υποτιμά,411
ερω,411
ανέντιμος,411
αληθινος,411
ρίχτου,411
τζόκεϊ,411
φορτώσετε,411
ανταποκρίθηκαν,411
ταξιδιωτική,411
γιατρεύεται,411
δημιουργούς,411
ακάθαρτο,411
Άλτον,411
Γκάουρον,411
υδραγωγείο,411
Ρίβερσαϊντ,411
λιο,411
χαζοβιόλη,411
μυριζει,411
πρωτάρα,411
καρμπιρατέρ,411
υψηλότης,411
βαστάει,411
πανέτοιμοι,411
υπερπροστατευτική,411
μπαγκέτα,411
συλλέγεις,411
ένδοξος,411
υπάλληλό,411
προάγγελος,411
τσουγκράνα,411
καταρρέω,411
παλιοθήλυκο,411
Γκλέντα,411
Βιετναμ,411
Κομπαγιάσι,411
έρωτάς,411
Ντειβ,411
έμπιστοι,411
λεωφόρους,411
ζήλευαν,411
ιών,411
κολυμπάτε,411
μπελαντόνα,411
ελάττωμά,411
κρεατοελιά,411
τ'αφήσω,411
μουρμουράς,411
καλμάρει,411
διατάχθηκε,411
κουβαλήσετε,411
τήρησες,411
πριγκηπέσα,411
υπηρεσιες,411
θαυμασιο,411
παραβιάζοντας,411
έστρωσες,411
φατε,411
σφηνωμένο,411
μονομάχο,411
κοινωνιολογία,411
διασωθεί,411
απομακρύνθηκαν,411
εξαπατηθεί,411
εκφράζεις,410
μαχαιροπίρουνα,410
ικανοποίησης,410
αιγυπτιακά,410
χλοη,410
στρατονομία,410
σκορπισμένα,410
εμβολίου,410
πούσι,410
στοιχηματίζουν,410
θαυμαστά,410
Ζόχαν,410
κλιματική,410
παρακαλείται,410
σώματι,410
ενδώσεις,410
κόρνερ,410
ισχυει,410
πλασμα,410
κείνην,410
τσέρυ,410
υποκρίνονται,410
αουτ,410
Εσμεράλντα,410
το'λεγες,410
τραπεζικού,410
Μύστικ,410
αναφορών,410
ενέπνευσες,410
εμπρησμού,410
πεζοδρόμια,410
Κοζέτ,410
αλλίως,410
συγχαρούμε,410
Φεϊζάλ,410
κελι,410
Γκάνι,410
συμβάλλει,410
αγοράζαμε,410
μισει,410
κουάκερ,410
κοκα,410
μενο,410
Μογγολία,410
προσγειώνονται,410
Ράντα,410
δικογραφία,410
Φρίσκο,410
αηδιάσει,410
επεξεργαζόμαστε,410
οππα,410
Γκρίνμπεργκ,410
φακελο,410
φαρμακευτικό,410
Σίντνι,410
ομοφωνία,410
Περσέας,410
Ντιβάλ,410
ενεργήσω,410
ελαττωματικός,410
διαρκούσε,410
επαρχια,410
Σίμσονς,410
εφτα,410
βιομηχανικά,410
μεγαλειώτατε,410
λίβρα,410
Τζονσον,410
δουλευε,410
βαρύνει,410
κατασκευάζονται,410
λίγο-λίγο,410
έσκαψαν,410
Ελεύ8εροι,410
δεοντολογία,410
τεραστια,410
υποτιμητικά,410
επιθυμια,410
επώδυνα,410
πειραγμένο,410
θερμοστάτη,410
τίμημά,410
θολές,410
τοσες,410
θόλου,410
συντονίζει,410
ξεγλίστρησε,410
παράλληλες,410
τελευταίως,410
εργαστηρίων,409
κουνηθούν,409
επιμελής,409
Τζίο,409
κωλοδουλειά,409
μεγεθυντικό,409
τελεφερίκ,409
αποκλεισμένοι,409
δωροδοκήσει,409
θεματικό,409
στάχτης,409
ερχόμενοι,409
εξιτάρει,409
ανακρίνεται,409
Ράιλαντ,409
Κολντ,409
ανέλυσε,409
μιλανε,409
εκπληρώσουμε,409
Μπούτς,409
ζητιάνο,409
ενθουσιαστούν,409
αναγκάζοντας,409
ζήταγες,409
δειγμα,409
απορρόφηση,409
ξαναβάλε,409
αντικατασκοπίας,409
ζωούλα,409
βορειο,409
στρατιάς,409
Αράμ,409
συναντιέστε,409
πυρηνικούς,409
εκτομή,409
ρίνγκ,409
διαπερνάει,409
υπεροχος,409
συντρίψουν,409
καρδιολόγος,409
λάσκα,409
εγκυμοσύνες,409
πνιγείτε,409
χειρουργήσω,409
δηλητηριάσω,409
γειτονια,409
Σεβίλλη,409
διακρίνουμε,409
θέλαν,409
Έουν,409
ασβέστη,409
δάγκωνε,409
εκτιμούσαν,409
τσεκάρισε,409
πραγματοποιήθηκαν,409
ΣΤΕΦΑΝΟΣ,409
έβριζε,409
Γκάλαβαν,409
Πέλαμ,409
Σάνυντεηλ,409
πρόσδεσης,409
αίσθησή,409
στού,409
Κράστυ,409
αφροδίσιο,409
Ντούτσε,409
τραβούσες,409
πειραζε,409
τεχνητές,409
συναυλίας,409
παραδεισο,409
Σάλβατορ,409
ψευτιές,409
φυτώριο,409
φαινομένων,409
ηγήθηκε,409
Ναέβια,409
τηλεκίνηση,409
αναρρίχησης,409
ψαρεύουμε,409
αμερικανικο,408
αδιαμφισβήτητη,408
σβέρκος,408
ναυτιλιακή,408
πλουσιος,408
αφεντιά,408
Σέβεν,408
Έκολς,408
ανταγωνίζεσαι,408
κομψές,408
υπάρξεις,408
Ψιψινέλ,408
ρινόκερο,408
παράκουσε,408
παρέμβουμε,408
διεστραμμένοι,408
Κόι,408
ξεραμε,408
λυκανθρώπων,408
γρατζούνισε,408
σκατούλα,408
νεκροτομείου,408
πρόσθιο,408
Ναϊντίν,408
Σίμους,408
ξεχνώντας,408
σκέ,408
αλλοδαπούς,408
πεσέτες,408
πέταγες,408
σαρκοφάγα,408
Μάφι,408
επιβραδύνουν,408
χαφιέδες,408
διψάτε,408
Πόντιακ,408
τάνκ,408
νοσοκομειακό,408
διαφώτιση,408
αναπνεύσουμε,408
ευέλικτος,408
επιτόκια,408
Μπράνιγκαν,408
κατέχετε,408
καύλες,408
δύσπνοια,408
κουκλοθέατρο,408
Αουσβιτς,408
ευθύ,408
μαντμαζέλ,408
Βάλι,408
απιστίας,408
υπακούσετε,408
Τζόανι,408
πορτάκι,408
Στάζι,408
ραβιόλια,408
εταίρους,408
Σπάρκυ,408
πρωτότοκο,408
υποστείτε,408
Μπέμπε,408
μελαχροινή,408
μετακινηθείς,408
ανηφόρα,408
αιρετικός,407
σουρ,407
παρακάνω,407
οίκτου,407
πασαδόρος,407
συμπε,407
ν'αλλάξουν,407
διαπιστώσαμε,407
δικαιολογηθώ,407
σαρκοφάγος,407
αναξιόπιστο,407
Μπαλού,407
γινουμε,407
εκτέλεσα,407
Γκουάρντο,407
πηδιόταν,407
διάβαζαν,407
Κάϊλ,407
Τζαμίλ,407
σκονη,407
εναέριες,407
Κόρμαν,407
θ'αφήσεις,407
ριξουμε,407
απογοήτευσης,407
μεθυσμένα,407
πιστές,407
ντύσω,407
Τρέιν,407
Φέντεροφ,407
Ηλίας,407
μπούγκι,407
Εντουάρ,407
Μένγκελε,407
σκηνοθετήσω,407
Τσεγιέν,407
φυλλάδα,407
ΔΝΤ,407
ζωων,407
πεταξει,407
έλθουμε,407
σαύρας,407
αντιστρέψεις,407
ψαράδικο,407
σκεφθεί,407
αποδεικνύονται,407
φυλάγεσαι,407
εξέχων,407
αρχάριοι,407
αθέτησε,407
Γκρόγκαν,407
πάνθεον,407
ξουμε,407
κάψατε,407
διδαχές,407
Λουιζ,407
δεσμίδες,407
σφίξουμε,407
ακροβάτες,407
πρωτόνια,407
Νήλ,407
αναγνωρίσιμο,407
εφημέριο,407
κλητεύσεις,407
εξασκείς,407
δηλητηρίασα,407
εξυπηρετήσεις,407
Γκέοργκ,407
αγοραπωλησία,407
κεράτωσε,407
συκώτια,407
τραπεζικών,407
Σάντρο,406
Αντζέλους,406
αμείλικτος,406
αίτησης,406
Κίρεν,406
τρομοκρατήθηκε,406
τακτοποιήστε,406
Στινγκ,406
συνταξιοδοτηθεί,406
σεραφείμ,406
Τζάροντ,406
προσελκύσουμε,406
ψοφόκρυο,406
απογειωνόμαστε,406
θαυμασμού,406
λατινικό,406
Πεκίνου,406
πούλησέ,406
μονόπλευρη,406
εκτοξευτεί,406
δολοφονημένο,406
Τακόμα,406
Νορίν,406
εκπαιδεύτρια,406
Χάγη,406
υπολόγιζε,406
εγκλωβισμένοι,406
συνειδητό,406
αιωνα,406
εμφανιση,406
εγκατέστησα,406
λεπτομερειες,406
κρύου,406
ποταμάκι,406
Αποσχιστών,406
φλιπεράκι,406
ακόλουθες,406
σεμνότυφη,406
θυσίασαν,406
στοργικό,406
τυπώσεις,406
Κοτλ,406
μαγικών,406
Φρονσάκ,406
Ωστιν,406
Κορνουάλη,406
νυμφομανής,406
άσκοπες,406
τελικη,406
υπερεκτιμάς,406
ζυγός,406
χούλα,406
υπηρεσιας,406
ακουγα,406
Ράνσομ,406
μονοπατι,406
ξεθωριάζουν,406
μεθόδου,406
Κορσική,406
συνέβαλε,406
πάντε,406
άπραγη,406
απατήσω,406
δεσίματος,406
Λεστρέιντζ,406
απρόσεκτοι,406
πάτησέ,406
αρκετες,406
Τσέκοφ,406
αντιστάθηκες,406
επιταχύνουν,406
Μαουρίτσιο,406
δειχνουν,406
διαδίδεται,406
Νόξβιλ,405
Βαραββά,405
συγκαταβατικός,405
εχθες,405
Γκέρτρουντ,405
λλους,405
φραγμούς,405
ψάρευε,405
εφημεριδες,405
νομου,405
αποφανθεί,405
εορτάζουσα,405
υποστήριξαν,405
μωρα,405
καθηγητη,405
στοματική,405
αναπαραχθεί,405
τύπωσε,405
Βόρνεο,405
Σολάνο,405
χαζογκόμενα,405
σπάσανε,405
καλούσαμε,405
χατήρι,405
Έιμπραχαμ,405
σερβίτσια,405
Ζυλιέν,405
σπασικλάκια,405
ιατί,405
αντιφατικό,405
ψύλλοι,405
Κόλντγουελ,405
Κέιτς,405
ερχομαστε,405
χοιρίδια,405
γεννάω,405
έκτασης,405
Γκάνικους,405
ασθενές,405
Μπράδερς,405
συγκάτοικε,405
αυτοκρατορικοί,405
καθολικών,405
υπαίθριο,405
ανδρός,405
σεξουαλικού,405
ανακατεύετε,405
ανακατευτούν,405
κουδουνίζει,405
γλάρους,405
ακαδημαϊκός,405
νοστιμότατη,405
γέρικη,405
χημειοθεραπείες,405
ήλιοι,405
Τζούνι,405
διαλογισμός,405
αντιληφθώ,405
Μιλένα,405
εξοργισμένη,405
πιθανής,405
ξιφομαχία,405
Ρίγκινς,405
προσφερω,405
ώριμες,405
κοκαλάκι,405
τόλμα,405
στηρίξτε,405
ταλεντο,405
ευγνωμονεί,405
εκπαιδεύεται,405
εκθαμβωτικό,405
απελευθέρωσα,404
Λιόν,404
κοιτώνας,404
έδιωχναν,404
κοπή,404
ανταμειφθείς,404
στρώσουμε,404
συζήτησε,404
φιλαρακο,404
ατζουμά,404
χωρέσεις,404
κυβερνητικής,404
Αρνέτ,404
εγγράφως,404
σιχαίνονται,404
Ντουβάλ,404
εννοειτε,404
εκατόνταρχε,404
ΙΑΝΟΥΑΡΙΟΥ,404
γεωγραφικά,404
βρώμικους,404
φορτιο,404
δεκάλεπτο,404
αποκαλύπτεις,404
χρησιμοποιούσατε,404
ραπτομηχανή,404
παραφέρεσαι,404
χρώματά,404
Μπέϊκερ,404
φεγγίτη,404
αντικανονικό,404
κουράζω,404
ταίζεις,404
Ντράγκον,404
Εφ-Μπι-Αι,404
συνδεόταν,404
συνεργάζονταν,404
Κλέυ,404
αποκοιμηθείς,404
Ρόλινγκ,404
ευρεσιτεχνίας,404
παράκουσα,404
επιπροσθέτως,404
ποτηράκια,404
αποδοχές,404
Σουηδοί,404
πυροτεχνουργούς,404
κηρύξουμε,404
επισκέπτρια,404
Ελβετός,404
προετοιμάζουν,404
Χέφνερ,404
γουν,404
προχωρώντας,404
υποβλήθηκε,404
Ουίλλιαμ,404
Νόουκς,404
Ράιν,404
εκούσια,404
ανακωχής,404
Κάρολο,404
Γκρας,404
μονοθέσιο,404
Κρακοβία,404
μυωπία,404
εξειδικευμένη,404
σκοταδιού,404
ραδιο,404
εκτοξευθεί,404
πρησμένη,404
μετακινούμαι,404
αποδυναμώνει,404
Κωνσταντίνος,404
προσπά,403
ξαναπιάσει,403
ουου,403
αραπάδες,403
συνιστάται,403
ρευστή,403
ακρως,403
μανιωδώς,403
σταθήκατε,403
Όουκς,403
Βέλβετ,403
μπέργκερς,403
σύγχυσης,403
ξεκάνουν,403
στρατολογεί,403
μαστουρώνεις,403
μορφών,403
περιποιήσου,403
εξολοθρεύσουν,403
εστειλες,403
κάτεργα,403
Κέϊσι,403
αξιοπιστίας,403
αρχέγονη,403
Ποπάι,403
Σκάουτ,403
ωμός,403
καμάρωνε,403
απομακρύνθηκα,403
αφεθούν,403
Πάλπατιν,403
στεγαστικό,403
ανεβαίνετε,403
ταραγμένο,403
μαθητες,403
Μαχμούντ,403
κυβερνάται,403
δηλ,403
κοίταγες,403
Χάνλεϊ,403
Σεουλ,403
αναστρέψιμη,403
συγχωρούνται,403
τακτ,403
ευχαρι,403
ορεξη,403
κωμόπολη,403
καλύτερές,403
8ος,403
νογκ,403
μετατροπέα,403
καθενα,403
Καρτράιτ,403
Μπαρέλ,403
ενθουσιασμού,403
αποπλάνησης,403
βοδινού,403
εξαγριωμένος,403
εξαρτώμαι,403
κατατάχθηκε,403
αναρχικοί,403
χαριστική,403
κοντέ,403
καταρρίψει,403
αστροφυσικός,403
ηρωες,403
Γκίλιγκαν,403
ευπρέπειας,403
Τάνεν,403
Περσεφόνη,403
κλείστην,403
ξύπνησέ,403
αφυδατωμένος,403
συγκρούστηκαν,403
θαυμασμός,403
σχόλιον,403
τίναξα,403
μπόλικες,403
ισοδύναμο,403
Μορέλι,403
Σαμάρ,403
βουαλά,402
συνένοχο,402
πρωτοετή,402
φαράγγια,402
κατς,402
αντιμετωπίζαμε,402
Σμολ,402
να'ρθετε,402
φυλά,402
Γουίλκι,402
υποψιάστηκε,402
εθνικιστές,402
συνόδευσέ,402
ε'ιναι,402
βαρεθήκατε,402
Τζάμερ,402
δίλλημα,402
καλούτσικα,402
Λάκυ,402
ολοκληρωτικό,402
Σίλβι,402
γνώριμη,402
τρομοκρατούσε,402
συμπεριφέρονταν,402
γουλιές,402
αρκουδα,402
επαναλαμβάνονται,402
προσγείωσε,402
περηφάνιας,402
Μιράζ,402
ματώσουν,402
παραξενιά,402
παρέσυρες,402
αρκτικής,402
καταραμένων,402
γιέν,402
νήσους,402
μπλάνκο,402
απευθυνόταν,402
αλλοιωθεί,402
λογικέψω,402
ιχνος,402
συγκρατώ,402
ξεγελάσετε,402
τυρι,402
ξανάρχονται,402
εξυπηρέτησε,402
αμήχανος,402
αντικατάστασης,402
ολόκληροι,402
προσκαλέσουμε,402
Μπατίστ,402
τακτοποιήσετε,402
παραγγελίας,402
κρυπτογράφημα,402
Τζόινερ,402
αβάσιμη,402
παλαβομάρες,402
μποέμ,402
τσακώσει,402
νύμφη,402
δείγματος,402
τίκι,402
εκδιώχθηκε,402
προξένησε,402
τυφλών,402
συζητιέται,402
πεινάσουμε,402
υπόκεινται,402
παραδίδομαι,402
δυνατού,402
Γκέιτορ,402
ονομάζονταν,402
ταξίμετρο,401
διαβητική,401
μπίλια,401
Ισραηλίτες,401
εκτελεστών,401
εβλεπε,401
παντ,401
τεχνογνωσία,401
υπόθεσής,401
Γκουανταλκανάλ,401
πρόσθετες,401
προχωρούσα,401
σοφια,401
φονικές,401
έκπληκτο,401
εκφραστώ,401
λαθρέμπορους,401
λοβού,401
αυτόχθονες,401
ορτύκι,401
προβάτου,401
προετοιμάζω,401
ούρλιαξα,401
χαρακτήριζα,401
απεραντοσύνη,401
κερνάμε,401
Αννυ,401
γυαλιστερή,401
εφτασες,401
Φέλτον,401
Νόρμαντι,401
ΔΙΕΘΝΕΣ,401
Άβελ,401
μοχθηροί,401
μπουκάρω,401
φρέσκου,401
αδιόρθωτος,401
ενδιαφερθούν,401
εκπαίδευσαν,401
κάκτους,401
ευημερεί,401
ανθρωπίνως,401
παραβλέψει,401
Όλμπανι,401
διαβαζεις,401
Κνουτ,401
εφίδρωση,401
μεσολαβητής,401
τσατ,401
ξεκουράσω,401
Μπρόντγουεη,401
ανωτάτου,401
διορθώνονται,401
μεταλλικές,401
εκτελεση,401
Γκρέιστοουν,401
άξεστο,401
αρθρογράφος,401
σπαράζει,401
πεντακάθαρη,401
τρέχατε,401
εθνος,401
σάκχαρο,401
κυβερνήσουν,401
μπολόνια,401
περιγράφω,401
αντιστέκεστε,401
φτύσ,401
δοντιού,401
εξάλου,401
τολμηρά,401
ακαδημαϊκά,401
κορμούς,401
φέρσιμο,401
Μούνεϊ,401
παράφορα,401
διοικητη,400
αποκαλύφθηκαν,400
άρπαζε,400
Γουίνταμ,400
φιλά,400
επιβραδύνω,400
Κόσιμο,400
κακάσχημο,400
Πολκ,400
ομοβροντία,400
αθόρυβος,400
τοκετός,400
Βαλντέζ,400
ιταλικής,400
κουνάμε,400
προδόθηκε,400
συνανθρώπους,400
ελληνικούς,400
δακρυγόνο,400
χωρίζετε,400
επιλεκτικός,400
ψαράδων,400
κατάπινε,400
τερη,400
εγκ,400
απαρνηθείς,400
Σάιλο,400
διαλειμμα,400
ξανακούσεις,400
περιμένοντάς,400
ξέρνα,400
Γκάλβεστον,400
θύμωνα,400
Ιζι,400
Γιάκομπ,400
αιδεσιμότατου,400
σκυλόσπιτο,400
επιθύμησα,400
φωτογράφισε,400
θυσιαστώ,400
συναντησεις,400
κομ,400
κλεισει,400
υποδειγματική,400
τροχαίου,400
χαρακτηρίζεται,400
Λαέντις,400
σ'άφησα,400
ανεκτή,400
αξιολογήσουμε,400
κάλ,400
ξεσηκωθούν,400
γραμματοσειρά,400
καταφύγουμε,400
ανησυχειτε,400
διαφο,400
δημοκρατια,400
βαριετέ,400
Άιβς,399
Κέντζι,399
δινουν,399
γατούλες,399
τμήματός,399
εξοχη,399
χύσια,399
αφόπλισε,399
Μπάλταζαρ,399
σκληραίνει,399
γίδα,399
αμφιβληστροειδούς,399
ξανακάντο,399
προκάτοχός,399
ουά,399
ειδησεις,399
Ρόθστιν,399
σημειωμα,399
διαταράξει,399
ξου,399
Φέιν,399
Σπαντ,399
σουγιάς,399
καλτσόν,399
σπυράκι,399
κουραστικός,399
ευχήθηκε,399
ταυτοχρόνως,399
ξεπλύνεις,399
ψήλωσες,399
Κράτσιτ,399
ακτογραμμή,399
φακές,399
Γεωργίου,399
καφετέριας,399
στεγνώσεις,399
έλατο,399
ενοχλούσαν,399
δρος,399
μεθυστικό,399
τρελαμένο,399
ευγένειά,399
Μάλορυ,399
δίαιτά,399
πολεμούμε,399
κόντευε,399
Ρίαρντον,399
βιβλιοπωλεία,399
σκεπάστε,399
ευχαριστήστε,399
κοιλότητες,399
θερμαίνεται,399
Τζουλι,399
υιέ,399
νοστιμούλης,399
σαγηνευτική,399
Νιουτ,399
Γουίλλυ,399
παντρεμενος,399
αρμοδιότητά,399
απίθανοι,399
φωτεινές,399
απαίσιους,399
Ναϊρόμπι,399
σφιγκτήρες,399
σαββατοκύριακό,399
πλανητική,399
αναφερω,399
μπελαδες,399
γατοτροφή,399
Πόρτμαν,399
σκοτώνονταν,399
γκρίνιαζε,399
νοιαζεται,399
ταχύτερη,399
ταψί,399
ταπεινωμένος,399
δόρατος,399
ανοιξω,399
νεραϊδόσκονη,399
ενοικιαζόμενο,399
κουσούρι,398
Ολλανδέ,398
ετοιμάζονταν,398
κρεμάμε,398
γοητευτικές,398
χλωρίδα,398
ξεκιναμε,398
γοητευμένη,398
Γκαμπλ,398
επικαλείται,398
σάρκες,398
Μπελίζ,398
Νάι,398
εμφανίζονταν,398
Πιλάτος,398
κομπιουτεράκι,398
σοβαρευτείτε,398
αόριστη,398
παρομοίωση,398
τυχεροι,398
διευθύνουμε,398
Κερνς,398
Λοτ,398
επιχειρούν,398
διευρύνω,398
κεικ,398
αυνανισμός,398
μία-δύο,398
καπελά,398
συναναστρέφεται,398
αγαπητές,398
τριγώνου,398
επιζούν,398
ΣΠΡΙΝΓΚΦΙΛΝΤ,398
Κούλιτζ,398
Άχου,398
πέτρινα,398
βημάτων,398
σταφίδα,398
Γκρέη,398
πρώιμα,398
καθιερωμένη,398
καλυφθούμε,398
καταναγκαστικά,398
προσθέσαμε,398
διασχίζουμε,398
Ντέιμιαν,398
αληθοφανές,398
αλητεία,398
Χιλής,398
νεαρη,398
βλεννόρροια,398
ταξινόμηση,398
επεκτάθηκε,398
χαντάκια,398
οργάνωσαν,398
σκάβετε,398
προεδρίας,398
βελτιωμένο,398
σάκα,398
μόντεμ,398
σαρκαστική,398
πτυχιούχος,398
βασανίζομαι,398
δικαστικής,398
τραυματίσεις,398
αργύρια,398
Κάθρην,398
τύχες,398
Κόλεμαν,398
Μπρόντσκι,398
διαμαντιού,398
υπαινιγμός,398
αισθηματα,398
έσφαλα,398
καταλληλη,398
κομπάρσος,398
συγκρουστεί,398
αηδιασμένος,398
κρυπτογραφημένη,398
δίσταζα,398
βραστά,398
φαμίλιες,398
ταπεινωτική,398
Γιουαν,397
ραιαν,397
Φέρφαξ,397
ανάκλησης,397
εναγόμενος,397
ανεβασμένη,397
διόρθωσες,397
ρήγματος,397
όμικρον,397
μυαλα,397
κλειστού,397
Ματζέστικ,397
σκουπιδοτενεκέδες,397
Ιρανοί,397
ιστορικές,397
Εδουάρδο,397
Μπουσάν,397
εκτοξεύεται,397
κουμπάρε,397
Γούλσεϊ,397
Ρόκγουελ,397
Νέριο,397
Γκρόσμαν,397
πλυντηρίου,397
κιλ,397
καθαρούς,397
πεντάρια,397
υπαξιωματικό,397
αγγελιοφόροι,397
χωρίζαμε,397
χειραγωγείς,397
εξης,397
Ρενάτο,397
ορμήσει,397
μποξεράκια,397
ανατρέψουν,397
Μίντον,397
διανοούμενοι,397
αγορασε,397
επιδεικνύουν,397
Γουάρντ,397
δημοσια,397
Καρδάσια,397
πιασμένα,397
ένστολος,397
σουηδική,397
σταύλο,397
αστρο,397
χούμους,397
κρυφούς,397
ίντσας,397
γρανίτες,397
χαρτοφυλάκιο,397
εξαπατήσουν,397
προβληματικά,397
ριξεις,397
σμένη,397
απειλείσαι,397
Σούκ,397
καθολικής,397
καταναλώνουν,397
κρεάτων,397
νευροτοξίνη,397
Τσίρο,397
σόρυ,396
ετ,396
ψιθυρίζοντας,396
στηρίζετε,396
στέρεψε,396
περίπολοι,396
εμπιστεύθηκα,396
Ντέην,396
καριόλες,396
ροκάρω,396
ανάγνωσμα,396
παντρεμένα,396
Μπέρνυ,396
βρεθει,396
ανήλικα,396
Τονι,396
διάγραμμά,396
επεκτείνεις,396
άκακη,396
περιπετειούλα,396
προεξέχει,396
αναπληρωματικός,396
σφυρίζουν,396
παρέμβασης,396
νεροχύτης,396
πιαστήκαμε,396
στραγγαλισμού,396
τοποθετήσετε,396
κληρονομήσεις,396
Λίκι,396
αποκλεισμένος,396
αποτεφρώθηκε,396
καλοπέραση,396
διαπίστωσε,396
διαχειρίστρια,396
σκίνχεντ,396
παραπέμπει,396
δωδεκα,396
αντανακλούν,396
μαγικού,396
σύγχρονου,396
ξυρίζομαι,396
κοινωνικούς,396
λαχταρούν,396
παραισθησιογόνα,396
ωφεληθεί,396
κομματιού,396
ανοίγεσαι,396
είναί,396
συνοδέψουμε,396
κήρυξη,396
Νάντο,396
τυχεράκιας,396
ονειρευόμουνα,396
ρομποτικής,396
Γιαμαμότο,396
επιθεωρήσω,396
διαμέτρημα,396
μεταβολισμός,396
ρυάκια,396
βιομηχανικής,396
Ντάιαν,396
κουβανός,396
μπριζ,396
εφοριακός,396
εδειχνε,396
ναοί,396
τραυμάτισες,396
Ρίμπα,396
αδιαμφισβήτητο,396
υπομένει,396
εξοχότατο,396
Γιούρεκ,396
καλόγερο,396
φωτιστικό,396
ντόμπρα,396
Τουλούζ,396
έκει,395
κολλήσετε,395
αναζητάμε,395
συνομιλιών,395
γδάρεις,395
συμπεράνουμε,395
Χάντινγκτον,395
φροντιστή,395
ανταλλάξετε,395
εισήγηση,395
ματά,395
κλεπταποδόχος,395
σοσιαλιστές,395
καρυκεύματα,395
ιερέων,395
τακτοποιηθούμε,395
Λέξους,395
εξίσωσης,395
Σαντίνι,395
ωριμάζει,395
Πήρσον,395
ζωγράφοι,395
Ρωμαίου,395
λαρύγγια,395
προσευχηθούν,395
πρήζεται,395
καλλιτεχνικός,395
κιθαρίστα,395
Κρίστιν,395
επήλθε,395
μονόπολη,395
τρομοκρατείς,395
Κάρινγκτον,395
δειλιάζεις,395
στοιχειά,395
Ντόμπυ,395
χερούλια,395
εισέλθεις,395
τένοντες,395
ενθαρρύνουν,395
καυκάσιος,395
απόβασης,395
κλωτσάω,395
διένεξη,395
υπονόμων,395
επιτυχημένα,395
ανακαλέσεις,395
Σαουδάραβες,395
Δημήτρη,395
αρκεστώ,395
μπατσους,395
εκμάθησης,395
βίωσα,395
Ντέμιεν,395
σημάδεψα,395
αυτοκτονείς,395
διαφωνίας,395
καλοπιάνεις,395
ακόλουθοί,395
αδερφάρες,395
ανέβαζε,395
λφι,395
Φλερ,395
εμπορος,395
νέφτι,395
αλύπητα,395
Λάλα,395
βασανισμένος,395
διαβολάκι,395
σέλες,395
αποβάλλω,395
μεσήλικα,395
αριστοκράτη,395
αμαζόνα,395
γεμιστό,395
ξεφορτωνόμαστε,395
συμβουλευτεί,395
Σεγιέν,394
εκκενώνουμε,394
θεμελιώδες,394
απελπισμένους,394
ταβάνια,394
αποκρυπτογραφήσει,394
φαντασου,394
σάλπαρε,394
Γκέιμπριελ,394
επιδιώξεις,394
διαταραχθεί,394
διορίστηκε,394
χαραγμένα,394
απρέπεια,394
νίλα,394
Νορβηγίας,394
Άβενιου,394
Στας,394
παράτολμος,394
προσθέτουν,394
διαρρεύσουν,394
μέλλων,394
Κανάλ,394
οργανωτής,394
Λήνα,394
αναστηθούν,394
φρεγάτα,394
πηδήξαμε,394
λιντ,394
προτίμησες,394
χτυπούσαμε,394
εξογκώματα,394
Βαλέντι,394
επιβάλλεις,394
αντιπαλότητα,394
διακόψτε,394
φίλαθλοι,394
βομβάρδισε,394
ξάστερα,394
τετράδια,394
επιφανειακές,394
ισχυρότεροι,394
Άθελσταν,394
επεμβαίνω,394
ψύλλος,394
χτυπηθείς,394
γράφαμε,394
Καρντάσιαν,394
αντιστραφεί,394
βλάχος,394
στάζουν,394
φερουμε,394
συνοδέψετε,394
Ελληνας,394
στειλει,394
ομοιόμορφα,394
χειρότερό,394
συγκεντρώνω,394
Ντελακρουά,394
Χουτς,394
τ'άλλο,394
καθισμένοι,394
φοιτητικά,394
υπερηφάνειας,394
σαρώνουν,394
μεσημερι,394
λεπρούς,394
κοιμησου,394
ανησυχητικές,394
ξαφνικός,394
Μπρούκς,394
δεσμού,394
αβεβαιότητας,394
Σίγκελ,394
κερδισει,394
συχνάζεις,394
κροταλίας,394
Κάμπερλαντ,394
ψυχούλα,394
αορτής,394
άμπρα,393
Αγγλιας,393
Φράιερ,393
ξαναπετάξει,393
πολύγραφο,393
Καρλίν,393
διασταυρούμενα,393
σχεδιασμένες,393
θ'αλλάξω,393
πέννα,393
ικέτευα,393
πριονίδι,393
οσμές,393
στοργής,393
μεθοδικός,393
Ντάνζιγκερ,393
επαιξα,393
νοσηλεία,393
πρόβας,393
κυριως,393
πρωτότυπος,393
ετοιμάστηκε,393
κλομπ,393
κοκκινίζω,393
κρυοπαγήματα,393
Σιβηρίας,393
πανέτοιμη,393
ντόμπρος,393
Καμπς,393
κοστίσουν,393
ακυβέρνητο,393
σκοτώνατε,393
καταστρεψει,393
επιφυλακής,393
μικρότερους,393
χαιρέτησέ,393
κυρίαρχοι,393
Κάσιντυ,393
νανορομπότ,393
ποιοτική,393
σημαδια,393
Αυστραλοί,393
πύργων,393
ερώτησης,393
επανεξετάσει,393
Ισλαμαμπάντ,393
στραμπούλιξα,393
κοσμήτορας,393
συγχωρεθούν,393
Ιαπώνων,393
τσίπ,393
νιρβάνα,393
τρέχοντα,393
σκίζουν,393
συνταξιοδοτήθηκε,393
πιθανοτητες,393
αλκοολισμού,393
προτου,393
Σίαρς,393
ξαναπαντρευτείς,393
αποσταλεί,393
Ίγκαν,393
ενεργοποιημένη,393
ξενύχτια,393
μαχαιρώσουν,393
Σάρασεν,393
υπονομεύει,393
ξαφνιάστηκε,393
φτωχικό,393
0ι,393
συμμαχικές,393
στημένος,393
εφημέριε,392
Μανν,392
αδιαφορείς,392
εισακούστηκαν,392
σώζεται,392
αστεράκι,392
φοβηθήκατε,392
χάψω,392
εγκλωβιστεί,392
Μπολίν,392
τοξοβολία,392
ενίσχυσε,392
σούτρα,392
επανεξετάσω,392
ΜΑΣΑΧΟΥΣΕΤΗ,392
τριακόσιες,392
αγορασα,392
παρουσίασα,392
γυναικείου,392
άμοιρο,392
Προυστ,392
λειτουργείτε,392
το'δωσε,392
θύμωνες,392
κατάσκοπός,392
διερευνήσει,392
Δρακ,392
βομβες,392
επέκτασης,392
σιτηρών,392
κήρυγμά,392
αστακού,392
Ντάνσερ,392
υπόλοιπης,392
παγκάζ,392
φέρσιμό,392
Θωμάς,392
πέρκα,392
εκμεταλλευόταν,392
βολη,392
κυκλοφορικό,392
ερωμένης,392
φιλανθρωπικούς,392
σορτ,392
Γκάνον,392
ελαστικότητα,392
ασθενοφόρου,392
μεγαλοπρέπεια,392
επικηρύξει,392
ακτινών,392
αξιοθαύμαστα,392
Δαρείος,392
υπηρξε,392
ένοικο,392
ραντσο,392
τσιχλόφουσκα,392
στραγγαλίζει,392
Νεντρέτ,392
εκτελούσα,392
Σρέιντερ,392
ανταμειφθεί,392
μαϊμουδίτσα,392
Γκρέντελ,392
Έμμυ,392
καταθεση,391
Φρέι,391
στρίμωξαν,391
Φίνεγκαν,391
Μίστυ,391
βάλτη,391
θεϊκός,391
βατ,391
ευρωπαϊκές,391
υπερβαίνουν,391
ηθοποιίας,391
πλαγίως,391
ορθάνοιχτη,391
αισθηματικά,391
σημειώνει,391
ύπουλοι,391
επιβεβαίωσης,391
απόγονοί,391
ανάμιξή,391
ούτος,391
καραμέλας,391
Ντέβιλ,391
Αρμαγεδδών,391
Φίντς,391
Λέϊλα,391
ακολούθους,391
σκασμού,391
Φραγκλίνος,391
βυζαρού,391
υπερτιμημένη,391
πνίξιμο,391
μάχιμη,391
έμμεση,391
σνιφάρεις,391
ασπρουλιάρης,391
σοδειάς,391
κρατούμε,391
ολοκαυτώματος,391
καθρεφτάκι,391
Γουόρντεν,391
στηριχτείς,391
πακετο,391
ευλογιάς,391
προσβλητικά,391
αλάνια,391
δραπετεύουν,391
προτρέχεις,391
αναμεταξύ,391
κρέμομαι,391
αγαπα,391
Κουίκ,391
χεστείς,391
μελλοντικών,391
υιοθέτησα,391
ξυρίσει,391
αυτογνωσία,391
καφετιά,391
εκτελούσαν,391
νοικιάσετε,391
εξωσχολικές,391
σην,391
κρατούμενε,391
δικαστήριό,391
παρέλυσε,391
πορνοπεριοδικά,391
διάμετρος,391
Μάλιγκαν,391
διαφύγουμε,391
κατεδάφισης,391
ηχογράφησε,391
Λοτζ,391
Μισόν,391
εσπασες,391
συγχωρήτε,391
αστερισμούς,391
Τρίπολη,391
βρετανικός,391
κοπράνων,391
συντηρήσω,391
ευτυχισμενος,391
αιρετικοί,391
Χόλιντεϊ,391
αφοπλίσεις,391
οικογέ,391
ενοχλούσα,391
ΜακΜέρφυ,391
μετο,391
Ιθάκη,390
βιαζόσουν,390
Τζόρτζιο,390
κοντινότερος,390
άλσος,390
αερας,390
μάταιες,390
τυπους,390
προηγουμενη,390
παραπλάνησε,390
Τζιμάκο,390
Ρακ,390
καζ,390
επιδιώκουν,390
φωναζεις,390
ικανοποιήσουν,390
εκτιμώμενη,390
χέβι,390
τ'αφήσουμε,390
παρέμεινα,390
Λατούρ,390
κλείδωνε,390
απαρατήρητα,390
προσελκύουν,390
Καντάφι,390
αποκλεισμένη,390
Γκουτιέρεζ,390
απομακρυσμένα,390
ανεβάσετε,390
φωτίζουν,390
ενάγοντες,390
γλιστρά,390
βρωμούσε,390
Κιζ,390
αρπαξε,390
κάου,390
σιχαμένη,390
πιράνχα,390
φιλελεύθεροι,390
Κάστερλι,390
συνήθισες,390
Όγκαστ,390
αργησει,390
ιδίου,390
αδειάσετε,390
συνδετήρα,390
μαξιλαροθήκη,390
βρεθηκαν,390
διαλύω,390
συνταγματαρχη,390
Τεμουτζίν,390
αγαθοεργίες,390
ξανάνοιξε,390
καταβροχθίζουν,390
επέμεινα,390
μ'αναγκάσεις,390
κολλώδες,390
έβλαψαν,390
κοροιδεύω,390
λυπημένα,390
δυσλειτουργίες,390
ρίγανη,390
επικερδή,390
φτιαξα,390
δελεάσουμε,390
απομάκρυνα,390
εναρκτήριο,390
ικετευω,390
Λουδοβίκο,390
καταφύγει,390
κυλίνδρους,390
λειτουργιών,390
χάζευα,390
καλόκαρδη,390
φλάς,390
αντίστροφης,390
συμμαθήτρια,390
άντεξαν,390
Μαρκόνι,390
Μαμμ-Ρα,390
νυφούλα,389
απελευθερώνουν,389
μαμας,389
απελευθέρωσαν,389
βαθιάς,389
παζ,389
ρόκα,389
απαγορευμένος,389
ανασα,389
κολλέγια,389
λαχεία,389
επιπέδων,389
Λόμπαρντ,389
τοποθετημένα,389
Ντόκινς,389
κόλεϊ,389
Μπέικερσφιλντ,389
μεταβιβάσεις,389
μαρή,389
βατόμουρου,389
ουγγιές,389
εκπληρώθηκε,389
φύλαξες,389
χρεωμένος,389
χρεωθεί,389
λερωθεί,389
θαφτούν,389
οππά,389
διπρόσωπο,389
κολυμπώ,389
φτιάξανε,389
Μαλάρκι,389
Σάνια,389
απελπιστεί,389
ΠΟΤΕΡ,389
προσκυνητής,389
περιβόητος,389
παλιόπουστα,389
αντεπιτεθεί,389
πινακοθήκη,389
Κόριγκαν,389
νέκρα,389
υποτιμούν,389
γήινες,389
καταγεγραμμένα,389
Στραντ,389
πληροφορηθεί,389
Βάρντεν,389
τηλεμεταφοράς,389
έπνιξαν,389
δοξάζω,389
κυρα,389
Ανδρομέδας,389
δακτυλίδια,389
μπόυ,389
ψωνίσεις,389
Τρίπ,389
προεκλογικής,389
θ'αλλάξουν,389
βλέπονται,389
χειροποίητη,389
δαχτυλα,389
ανόδου,389
βάλσαμο,389
νεκρομάντης,389
μπαγιάτικα,389
Ρεβέκα,389
τυχαίνουν,389
συκοφαντίες,389
Κάαν,389
Ιζυ,389
ραγισμένο,389
μετατέθηκα,389
μπακαλιάρο,389
ρισκάραμε,388
λειτουργια,388
Σίδνεϋ,388
δεχόμασταν,388
κηπουρικής,388
οδήγησής,388
Χουανίτο,388
υπναρού,388
ορίζοντές,388
ΜΕΑ,388
Λόουεν,388
ρητές,388
αμερικανικη,388
κινήθηκαν,388
Καρολίνας,388
κοροιδεύουν,388
Σινικό,388
εξεράγη,388
ηχογραφήσω,388
ενεργήσεις,388
άπειροι,388
θέσαμε,388
αυνανίζεται,388
πασιφανές,388
πάγωσες,388
έχαψα,388
τυπώσει,388
χασομεράτε,388
γυαλίζεις,388
βοτανολόγος,388
κρατούμενός,388
χαιρέτησα,388
αεραγωγοί,388
ψύλλο,388
σκανδάλου,388
αποδείχθηκαν,388
σωληνάριο,388
σκατόπαιδο,388
γıα,388
τράβαγε,388
μαραγκός,388
Κόλτ,388
ίντερπολ,388
λυπήθηκες,388
έφτυσα,388
έλιωνε,388
δαπανών,388
οξύθυμη,388
απρόθυμα,388
επικεντρώνεσαι,388
ξαναφύγω,388
αγριεύει,388
φυ,388
σκαπουλάρεις,388
συγκεντρώσαμε,388
μπόνγκο,388
πρίγκιπάς,388
μουτζούρες,388
αποπροσανατολισμένος,388
δανείσετε,388
Πόλλυ,388
μπαούλα,388
ζηλιάρη,388
φαφλατά,388
περασαμε,388
προωθώ,388
κατ'αρχήν,388
σύμβασης,388
προπονηθεί,388
αυστριακός,388
Τζολί,388
απαγάγετε,388
στερήσουν,388
εργασιας,388
φόλι,388
ψήφιζα,388
ορθοπεδικό,388
αποκαλύπτοντας,388
ιδεά,388
ονομαστική,388
περιπλάνηση,387
χαθει,387
εγγράφου,387
επιτεθήκαμε,387
Ιρλανδή,387
ξεροκέφαλο,387
ψεμάτων,387
λατίνα,387
ιαπωνικές,387
καταμεσής,387
αποκαλυπτήρια,387
ενθουσιάστηκαν,387
έσκυψα,387
ΚΟΛΟΡΑΝΤΟ,387
βαίνουν,387
πραγματοποίηση,387
σκουλίκια,387
συνειδητοποιήσετε,387
ανώφελη,387
Χάιμε,387
στραβα,387
γέροντας,387
φωνάξαμε,387
φωτόσπαθο,387
ρούσα,387
αηδιάζετε,387
άφθαρτο,387
μοναχικούς,387
παροτρύνω,387
δηλώνοντας,387
ξαναπροσπαθήσει,387
μαζορετών,387
ζούμαρε,387
χέσ'το,387
αουτς,387
τελικοί,387
ανυπομονείτε,387
Φαίρφαξ,387
ζητωκραυγάζουν,387
φαινομένου,387
δακτύλων,387
Άσλει,387
συζυγό,387
χοληστερόλη,387
Πέρση,387
τσιμπίδα,387
καταπέλτη,387
τρωτό,387
κατουρηθεί,387
εμενε,387
φοριέται,387
προσωπικη,387
Τακέζο,387
αναθεωρήσουμε,387
λάμψης,387
φουά,387
διασώσουμε,387
ξαφνιάζεσαι,387
ίνωση,387
ασημιού,387
ακάτους,387
σωστής,387
φτιάχτηκα,387
συναισθήματος,387
εποικοδομητικό,387
εκπαιδεύουμε,387
Κίμπερλυ,387
διατηρείτε,387
απομονώστε,387
ταξίαρχος,387
στοχεύσει,387
τραυματιοφορέας,387
σίτινγκ,387
Σίτον,387
Αλβέρτο,387
συμφοράς,387
τσακίσουν,387
Φαράζ,387
Φερν,387
ταφόπλακες,386
ευλάβεια,386
παρακάνετε,386
φαγοπότι,386
αναγνωρίστηκαν,386
βορειοδυτικό,386
Π.Π,386
αδερφια,386
διανυκτέρευση,386
Χολτζ,386
Πέρσης,386
Γουώλυ,386
διακινούσε,386
Γουόλντερ,386
κασσέτες,386
παλαβιάρα,386
περιπλοκές,386
γαν,386
ανατρέψουμε,386
συμβαινουν,386
προσαρμόζομαι,386
ακολουθα,386
ντούζ,386
Σκόρτς,386
Στέφι,386
επιδεινωθεί,386
δημοσιοποιήσει,386
που'χει,386
Λατς,386
ανωμαλίας,386
κούμπωσε,386
εξόφληση,386
Τζόντυ,386
κιμάς,386
έστρωσε,386
παξιμάδι,386
μπουμπούνα,386
στοιχηματίζει,386
Τσας,386
Φέις,386
κρεοπωλείο,386
βλέπεστε,386
αυτοκτονιών,386
σιγανά,386
άχαρο,386
ολίγου,386
αδύνατοι,386
Γουίντς,386
εξακριβωθεί,386
μανιακού,386
έδιωχνα,386
ανεκτίμητης,386
ισότητας,386
μιμείσαι,386
ποιανου,386
ποιήσεις,386
ψέκασε,386
απομόνωσα,386
γυαλίσω,386
διατροφική,386
Σκράντον,386
πλουτίσεις,386
κατοστάρικο,386
αισχρός,386
Μπρουμχίλντα,386
εγκατέλειπες,386
εξοντωθεί,386
Νότινγχαμ,386
οπτικού,386
σεβαστούν,386
υιοθετήθηκε,386
φτέρνες,386
δεκατιανό,386
γυμναστήρια,386
παραμυθάκι,386
ρωσίδες,386
ξεμείνεις,386
ηρεμούσε,386
ερευνούσαμε,386
απαίσιε,386
αντιπολίτευσης,386
μονός,385
απλωμένα,385
απολύθηκαν,385
Χιούλετ,385
φορτίζω,385
αναγκάζετε,385
Λύδια,385
συνετά,385
αμυνθώ,385
Λέϊν,385
χαλαρές,385
κάνο,385
κυβερνήσεων,385
υπομονής,385
Γκοστ,385
ψύχος,385
χειρωνακτική,385
σταθμών,385
χρησιμοποιημένο,385
εξομολόγησης,385
οπισθοφυλακή,385
Λέκι,385
ακατάλληλες,385
δημοσιο,385
προκάτοχό,385
στρίβουν,385
απατούσα,385
ακαδημια,385
άοπλη,385
κοιμισμένο,385
δευτ,385
άπαντα,385
κουνήσετε,385
Ντάντλι,385
κουνάνε,385
Αλάχ,385
ολυμπιονίκης,385
Μπρί,385
Ντάνφορθ,385
αδικίας,385
αδικαιολόγητα,385
τρελογιατρό,385
κέβλαρ,385
κατάχρησης,385
εκλαμβάνω,385
καπέλου,385
εκδίκαση,385
μεσήλικες,385
εστιάζουμε,385
μ'αφήνουν,385
ξαναδώσει,385
φρέσκιες,385
αναλογικά,385
Έιβον,385
μυστικιστικό,385
μερσί,385
Βιτάλι,385
ανεπαρκές,385
μπουρδέλα,385
Χάμα,385
Βόλκωφ,385
Ντράκερ,385
Γκρίν,385
μαχαραγιά,385
αγγίξαμε,385
αρνιόσουν,385
υπέρηχος,385
συνειδητοποιούμε,385
ταυτοποίησης,385
γυρνώ,385
ελευθερώθηκαν,385
ΤΜΦ,385
μνήμην,385
πεσόντων,385
σκορπιού,385
νοσηλευτές,385
επιταχύνεις,385
βεστιάριο,385
ηλεκτρομαγνητικά,385
υποπτεύθηκα,385
γέρνεις,385
χωριουδάκι,385
στοιχειώδες,385
Στίλγουελ,384
Μούρ,384
καταπατάς,384
Τσί,384
ανταπόκρισης,384
Γκάο,384
έμπολα,384
ελπιδοφόρα,384
τραυμα,384
Ντελάνσι,384
αμόνι,384
συγκάτοικους,384
ρημάξει,384
Λουδοβίκου,384
Εχωμε,384
πιάσαν,384
κυκλοφόρησαν,384
Μπέλμοντ,384
ειδαν,384
αχανές,384
βασισμένα,384
πετυχει,384
Κολόμβου,384
Αλιέντε,384
λάκο,384
γεννήσεων,384
διακοσμητή,384
Πόλακ,384
ψυχολόγους,384
Μίστι,384
γυρο,384
ΣΙΤΥ,384
επιτήρησή,384
ρυθμίζω,384
Γουίπ,384
οπλοφορείς,384
χειροκροτούν,384
ΕΡΜΗΣ,384
καλυφθούν,384
Νεϊτίρι,384
συνεισφορές,384
ναυαγοσώστη,384
σβήνουμε,384
ντι-τζέι,384
εξορίστηκε,384
κοντέσσα,384
πλασμένοι,384
εκχύλισμα,384
χυλός,384
διασώστης,384
Κρέντενς,384
προσδόκιμο,384
διηύθυνε,384
καθορισμό,384
αναρχικός,384
επιστολής,384
εξολοθρεύστε,384
ταιριάξαμε,384
γύρε,384
γιατρεύτηκε,384
Ντοστογιέφσκι,384
πασίγνωστο,384
Μαυρογένη,384
εφευρετικότητα,384
Λίντερ,384
κατώτερες,384
υψηλότατος,384
βαρκάρης,384
αξίωμά,384
Συλβέστερ,384
διαρρήξουμε,384
Γουέβερλι,384
Αστροπύλης,384
Έκχαρτ,384
Ο'Ντόνελ,384
Φραντζέσκα,384
Ανγκους,384
άλμπατρος,384
πήξη,384
Παρασκευά,384
δημοσιοποιήσουμε,384
σημαιοφόρο,384
ειδικεύονται,384
φιλήσουν,384
καίγονταν,384
συλληψη,384
συνδυάσεις,384
λατίνοι,384
γοητεύσει,384
συλο,384
διέσχιζε,384
ηλεκτρικός,384
περιπετεια,384
Ορέστη,384
στηριζόμαστε,384
καναρίνια,384
παραχωρήσω,384
μεταφυσική,383
κανοντας,383
εγκεφαλικών,383
κεραυνέ,383
καρδινάλιοι,383
παραμυθιών,383
υπερεκτιμημένη,383
Ριχάρδου,383
Ντήν,383
ξεμπερδέματα,383
εκλεπτυσμένος,383
μπέιζμπωλ,383
ακολασία,383
Υβέτ,383
φασκόμηλο,383
σπουργίτια,383
πόδας,383
τακτοποιηθώ,383
τακτοποιηθείτε,383
γαμήσατε,383
ανανεώσουμε,383
αναζητήστε,383
μου'χει,383
Μορέι,383
προσκοπίνα,383
Στάνφιλντ,383
φορίες,383
ενίσχυσης,383
επιδείξω,383
πλούσιας,383
εκτεθούν,383
μοτοσυκλέτες,383
βιομηχανιών,383
ανοιξεις,383
αυτιστικός,383
αναζητάει,383
που'χω,383
μειώστε,383
διαμερίσματός,383
στερηθεί,383
γλίτωνα,383
σκόπευτρο,383
θύμησες,383
προσωπικώς,383
Πάρρις,383
χιονόμπαλες,383
Σίμορ,383
καταγγείλεις,383
δημ,383
επεξεργάζονται,383
ενηλικίωσης,383
Χόκινγκ,383
γύρναγε,383
πηλός,383
κυκλώνας,383
ανεμο,383
Έκμπερτ,383
μεταγωγικά,383
ανιχνευτών,383
νευράκια,383
εργατικού,383
βρηκατε,383
αδυνατο,383
ξαναενοχλήσω,383
ματαίωσε,383
Κέιντεν,383
ταπείνωσε,383
βαρέσεις,383
πλησιάζαμε,383
Γκρίλι,383
προβληματισμένη,383
Στάντις,383
σπρώξ,383
τυπωμένο,383
γριο,383
κυτταρικό,383
καθισμένη,383
Σταμπ,383
πολύχρωμο,382
αλμανάκ,382
λιανική,382
ξεκουράζονται,382
εκτοξεύθηκε,382
καμινάδες,382
αγριο,382
ινστιτουτο,382
δονητής,382
Λουκάς,382
έρπης,382
χαζέψει,382
Πόλνταρκ,382
αγωνιστική,382
ακροατή,382
Αθήνας,382
βίτσια,382
Πρέσιους,382
Λαρού,382
τραμπούκος,382
δείρουμε,382
Σουλτάνε,382
τρακάρουμε,382
ζαντ,382
ζουμιά,382
σπλήνας,382
δαύτο,382
φρου,382
Ίγκι,382
αναχωρήσεις,382
καταλαβαινετε,382
λοβός,382
ήλπιζαν,382
επάξια,382
Ζεμέιν,382
ζητωκραυγάζει,382
Γαλάτης,382
αναχωρήσουμε,382
γλυκίσματα,382
λερ,382
Μακλάσκι,382
κλαιει,382
Γιορκσάιρ,382
νεφρών,382
υγρασίας,382
συνοδευτικά,382
ινδουιστές,382
γραμμάτια,382
ϊ,382
λούμπα,382
βαλλίστρα,382
ψαραγορά,382
μετανάστευσε,382
σκοτωσέ,382
Λαφλέρ,382
φιλοξενούμε,382
Σχιστό,382
Ειλειθυία,382
δικαιωματα,382
πράσινε,382
θως,382
δυστυχισμένους,382
κοκκινίζει,382
Ντόρμερ,382
αλκοολ,382
καθηστε,382
ρίχτηκαν,382
παιδικού,382
χιλια,381
συνάνθρωπό,381
Φάρμινγκτον,381
σιχαμένε,381
ανοιχτόμυαλοι,381
ελέγχαμε,381
κόνδορας,381
δραπετεύσαμε,381
δηλητηριάζουν,381
αλεξίπτωτό,381
καρεκλοπόδαρα,381
συχνότητά,381
μόλυβδος,381
εσ,381
πουστιά,381
κερασιάς,381
ηγετικές,381
χλευάζεις,381
άσσοι,381
απαλύνω,381
Βιντάλ,381
σκοτώνομαι,381
κατασκευάσαμε,381
Λάιφ,381
Λίνκ,381
ανοιχτώ,381
φινετσάτο,381
ψει,381
ανοιχτη,381
επεξεργαστείς,381
φανερή,381
μουσκέτα,381
Ουίκαμ,381
ακο,381
ΠΩΛΕΙΤΑΙ,381
Μαυρογένης,381
κουκουβάγιας,381
επαγγελματικός,381
Πεμπτουσιωτές,381
ρεις,381
φωτίζεται,381
Μακεδονία,381
μπούλο,381
σαδιστή,381
διδασκαλίες,381
Ουμπέρτο,381
σλαν,381
Φράνυ,381
ειδοποιήσαμε,381
αποτυπωματα,381
επαρκείς,381
θεράπευσες,381
δουλευταράς,381
φοβού,381
ευθυγράμμισης,381
συνδέετε,381
Βάρο,381
Πελίν,381
βλαβών,381
λεβητοστάσιο,381
αδειάζω,381
τιμηθεί,381
διευρύνουμε,381
οποιονδηποτε,381
ωδή,381
Λουσι,381
βελ,381
συγχύζεσαι,381
Σιέρρα,381
Βέρνα,381
προετοιμάζεσαι,381
αναθεωρήσω,381
αστικής,381
δασκάλες,381
Μπάντσι,381
Γουίλτον,381
επιζήσετε,381
ψηφιστεί,381
καταλαβατε,381
αμερόληπτος,381
ενισχυθεί,381
Σανγκάλα,381
ενσωματωμένη,381
σκαρφιστώ,381
Λέσλυ,381
συναναστροφή,380
φθάνουμε,380
αμυντικών,380
μηχανολογία,380
συμπλήρωσες,380
αρχισω,380
Προγνώστες,380
γερ,380
λόμπυ,380
Έκλι,380
κλάψες,380
σκύβω,380
Πακιστανός,380
εκκενώθηκε,380
δεχομαι,380
υπεράνθρωπους,380
πλακάκι,380
έμπορους,380
εκπυρσοκρότηση,380
καταπέλτες,380
προοδεύσει,380
Πλίσκεν,380
Ιζαμπέλλα,380
θόλωσε,380
να'ξερα,380
απόκτησα,380
αυγη,380
μοναδικο,380
προσπαθουσα,380
ληξιαρχείο,380
φευγουν,380
κοκκίνισες,380
Μπαθ,380
ταραγμένοι,380
Ρέντμοντ,380
σχίσιμο,380
κασέτας,380
κομπρεσέρ,380
Ντεγουίτ,380
τι...τι,380
γονατίζω,380
συνέλαβέ,380
αδικαιολόγητο,380
ετε,380
βιντεοταινία,380
μπορντέλο,380
κινέζικες,380
τυπώσουμε,380
εναλλαγές,380
μυρίζουμε,380
βδομάδων,380
ηλιοβασιλέματα,380
Ντάντλυ,380
μπανγκαλόου,380
ταράζεις,380
βουρτσίσω,380
αδειασε,380
έλαμπαν,380
ΜινΟ,380
παρουσίασαν,380
κατάσχεσης,380
χαμογελούσες,380
ντρόπιασα,380
γαμήθηκαν,380
δημόσιων,380
ελευθερώνεται,380
Λάουντς,380
σαγιονάρες,380
τυπάκος,380
Αντονυ,380
κατώτερους,380
ανίερο,380
θρησκευτικούς,380
κατηγορήθηκα,380
μάζευες,380
Ριζ,380
γραφω,380
Γουάτζ,380
λιγοστεύουν,380
αντεπιτίθεται,380
κύκλωπας,380
στριμώξουν,380
Σπούνερ,380
μπαλώματα,380
εισβολές,380
ένταξει,380
τρελογιατρός,380
Μπρόνσκι,380
πανάκριβη,380
ΚΑΛΩΣΗΡΘΑΤΕ,380
Μπερλίν,380
παράγονται,380
μουσουλμάνων,380
Μπέη,379
δικαίωση,379
άκρας,379
αντικαθιστούν,379
συνταξιούχοι,379
τρενάκια,379
βάρβαρε,379
Χάλιφαξ,379
επικαλεστώ,379
κρατικών,379
αστρικά,379
βασανιστεί,379
μακαρίτισσα,379
Μακμίλαν,379
Μπλακάντερ,379
συνομοσπονδίας,379
λεκτική,379
εγκλεισμού,379
εκτεταμένο,379
Υμπέρ,379
απαγγείλεις,379
Γκρουτ,379
τέ,379
υπ'όψιν,379
χύσε,379
κανονίζεται,379
απεργίας,379
επιβεβαίωσες,379
εσωτερικοί,379
σιδέρωμα,379
περήφανες,379
παραβγούμε,379
Γουινέας,379
εξασκήσου,379
θαν,379
αλληγορία,379
διαπράξατε,379
οικοδομήσουμε,379
Ντέιτακ,379
διασχίσετε,379
σπόνσορα,379
σπάτουλα,379
επιβλέψω,379
Αμπουντίν,379
κατεδαφίσεις,379
αυξάνοντας,379
Χάρτιγκαν,379
ΦΛΟΡΙΝΤΑ,379
ανιχνεύτηκε,379
τριήμερο,379
ΑΤΛΑ,379
μετανοήσει,379
ανατολη,379
ρεί,379
επαναληπτικό,379
Γκούναρ,379
εξοπλισμένη,379
βλέμα,379
ηλιου,379
φτερωτό,379
γαύγισμα,379
καρακάξα,379
εκπλήρωσα,379
Ποπάϋ,379
ανατράφηκε,379
Ζηκ,379
Σέξπιρ,379
προνόμιά,379
καταχρήσεις,379
Αλβάρεζ,379
κάθειρξης,379
δοξασμένη,379
τ'αστεία,379
Καμίνο,379
σύρε,379
ασύρματου,379
Γκορντον,379
γήινων,379
ορθά,379
Ίρις,379
πρόστυχος,379
ηχογραφημένο,379
17ου,379
προσκοπική,379
αγωνες,379
σβούρα,379
χρωμοσώματα,379
μαγια,379
προαιρετικό,379
διαφύγεις,379
Σέρβος,379
προσπέρασα,379
εξαργύρωσε,379
καταιγίδων,379
συμμερίζεται,378
Σιλκ,378
μοχθηρία,378
ναυάγια,378
εμποδίζετε,378
μοναξιές,378
επιχορηγήσεις,378
σίκαλη,378
λίθινη,378
απόμερα,378
ευθυμία,378
Αύγουστε,378
προάγω,378
δυσφήμηση,378
πίεζαν,378
ελαφρυντικά,378
σπιτιου,378
επιχειρηματικά,378
εξαλλου,378
δυτικούς,378
ανατινάχτηκαν,378
πλεύσει,378
κομμάτι-κομμάτι,378
παλληκάρι,378
τραβώ,378
Γουέιτς,378
καρδούλες,378
ξαδέρφης,378
στόφα,378
σκελετού,378
αναγραμματισμός,378
ριξτε,378
Φλιτ,378
κοιμόμουνα,378
προτεστάντης,378
αρχάρια,378
άκόμα,378
κατατρόμαξα,378
νομίσετε,378
τρέφουν,378
ποντικότρυπα,378
Γιάνους,378
κατευθυνθούν,378
βάναυσος,378
ιπποπόταμο,378
ακουμπήσουν,378
Ανς,378
Γκόα,378
διαμορφώνει,378
πανεύκολα,378
προσπαθησουμε,378
δείχναμε,378
συμμετάσχουμε,378
ετοιμαστειτε,378
μεταφέρθηκα,378
παρεούλα,378
Λέξ,378
κοπάνες,378
παραιτήθηκαν,378
υποχρέωσε,378
Μπάρλι,378
μαρκαδόρους,378
αίσθησης,378
διοριστεί,378
Κρίντι,378
μεγαλύ,378
έσκαβε,378
κορεάτικη,378
Ταϋλάνδη,378
καταργηθεί,378
δικαστών,378
εμπιστεύθηκε,378
νομικούς,378
εκα,378
βωμός,378
δοντάκια,378
Μπέραγκον,378
πάρης,378
Αμίτα,378
Τζέντακ,378
ολοκλήρωσης,378
στέγης,378
διώχνετε,378
σπρώχνοντας,378
καταδικάστηκες,378
ανταποδίδεις,378
τσιτωμένη,378
ντίρλα,378
πλαστογράφησε,378
Ζέλιγκ,378
ακυρώνεις,378
Μιλού,378
Αγκόλα,378
άσεμνη,377
Παλόμα,377
Ρέϊμοντ,377
Βιετναμέζοι,377
αποχετευτικό,377
Άρτσιμπαλντ,377
ντύνει,377
διαμαρτυρήθηκε,377
επιχειρήσουν,377
τσιμπάω,377
κάμα,377
σκουπιδιάρη,377
επιεικείς,377
ανακαινίσεις,377
ʼρα,377
επιχειρησεις,377
υποδείξω,377
Χεντ,377
αποδυναμώσει,377
αποτυπώματος,377
αντανάκλασή,377
παραθαλάσσιο,377
μηχανήματά,377
προσποιούταν,377
πλοηγό,377
χρηστών,377
διαθήκες,377
κατευθύνσου,377
μονομαχήσουμε,377
ζωντανα,377
συντόμως,377
ομόλογο,377
περεταίρω,377
καρύκευμα,377
Ειρηνοφυλάκων,377
καριερα,377
συνερ,377
δούλεψέ,377
υποχωρείς,377
Ρένα,377
Κέιγκαν,377
πορδή,377
πανηλίθιος,377
ανέλθει,377
εξατμίζεται,377
πύρινο,377
συνεργάστηκες,377
κατευθυνση,377
επέλεγες,377
οιωνών,377
ημίθεος,377
σχημάτισε,377
Φελίξ,377
αντιμετώπιζες,377
λίνο,377
42η,377
Μπαμπέτ,377
μπλέκουμε,377
ρέγγα,377
καρχαριών,377
Μίλο,377
Κόλτερ,377
παραπλανήσω,377
ειρηνευτικές,377
συντονιστείτε,377
κελευστή,377
αγχώθηκα,377
εφέσεις,377
κτίσμα,377
σότερα,377
διακόσμησης,377
ανοιξει,377
βαλτο,377
φαγώσιμα,377
ανεπιθύμητα,377
ξέ,377
ψαχουλεύεις,377
Ζανίν,377
χρησιμοποιησω,377
Κιούνγκ,377
Πόλαρντ,377
χορου,377
γερακιού,377
Αγιάλα,377
Σικελίας,377
έρ,377
αιρέσεις,376
Φοντάνα,376
γαλέρα,376
συγκε,376
μυρίστηκε,376
αναγκάσατε,376
ανακτά,376
πηγαινοέρχεσαι,376
Σουζ,376
ερώτημά,376
μεταμορφωθώ,376
γκόλ,376
Αμόν,376
πανικοβληθούμε,376
αγάλματος,376
φιληθήκατε,376
Τζόνο,376
χωνί,376
τοξικομανείς,376
απεσταλμένοι,376
Οντίλ,376
μαραθεί,376
εξιλεωθεί,376
κηροπήγιο,376
φαντασματα,376
καλωδιώσεις,376
γύρναγες,376
νοσηρή,376
μαρτυρα,376
ζήσαν,376
Μπέννετ,376
έλευση,376
βγαζεις,376
ευφυίας,376
Ιόλαος,376
αντιγράψουμε,376
Νέιμαν,376
υποτιθέμενα,376
Τζεημς,376
χωροφύλακα,376
μέντορά,376
κομμουνιστικού,376
σεξουαλικούς,376
κοινόβιο,376
μπρα,376
διαφημίσεων,376
ανάφερα,376
Χειλι,376
επίδρασή,376
λάφυρο,376
Χουαν,376
ανιχνεύσιμα,376
πειστούν,376
Γκούντσπιντ,376
διάνοιες,376
επιμελητήριο,376
γλυκύτητα,376
φτιαξεις,376
οχτάρι,376
δεμένους,376
Ρέμο,376
δικ,376
αποτέλειωσέ,376
εταίρο,376
Μακνήλ,376
τρυπάνε,376
χαμηλώσετε,376
χαροποιούσε,376
παράδοξα,376
Ναντάκετ,376
δρομου,376
απειλήσατε,376
ππα,376
ενάμισυ,376
αποκτώ,376
παρεμβολής,376
διαμαρτυρηθεί,376
Λάνσινγκ,376
βανδαλισμός,376
αναμένοντας,376
όμορφων,376
εργατες,376
αβέβαιος,375
μπορ,375
Νίλσον,375
σταυρο,375
σέρβιρα,375
σαντουιτς,375
μυστηρίων,375
κίμο,375
κόκκινων,375
πονηρές,375
Ρώσσους,375
ενθουσιάζεται,375
επεμβαίνεις,375
Κιάρα,375
τούρκικα,375
πομποδέκτη,375
παραδίδονται,375
Συρίας,375
Ντυφρέν,375
ωραίας,375
ασφαλέστερος,375
ουτς,375
Κασινάου,375
κόμησσα,375
ΑΠΟΔΟΣΗ-ΕΠΙΜΕΛΕΙΑ,375
αναμετάδοσης,375
Ντρακ,375
υπερασπιση,375
Μπράκεν,375
αναληθές,375
επώνυμα,375
τσαντίσω,375
αναλυτική,375
τερος,375
λόφων,375
σφαλιάρες,375
εξοργιστεί,375
αμαχητί,375
καθαριστείς,375
διευθυντη,375
ΒΔ,375
βολεύεσαι,375
χειμερινή,375
αθόρυβη,375
Κράστερ,375
κάρφωνα,375
αποκαλούμενο,375
υπαινιγμό,375
τολμηρές,375
πλουτωνίου,375
ρωταω,375
ξαναδεις,375
Μπρέι,375
Ρόν,375
Νούναν,375
Πέννι,375
κατήγοροι,375
Λίμπερμαν,375
Αλγέρι,375
πιστευε,375
εκπυρσοκροτήσει,375
φολκ,375
μονομάχων,375
Σαρατόγκα,375
καταστροφείς,375
αστρονομίας,375
νομοσχεδίου,375
Βάλκαν,375
πιάνοντας,375
πανομοιότυπες,374
φρακάρει,374
απρόσκλητοι,374
Γουότερ,374
έρμα,374
βίβλους,374
φουσκωτά,374
φαγουρίζει,374
Σαμπίνα,374
άρχοντές,374
λέρωσε,374
ξαναβρήκες,374
μείς,374
γιαπωνέζο,374
παρακαλ,374
επαναλαμβάνομαι,374
κριτικούς,374
ξαναχρησιμοποιήσει,374
βασανίζετε,374
τραφείς,374
καφετέριες,374
μεταλλωρύχοι,374
υπέπεσε,374
φανει,374
φανερώσει,374
κλειδαράς,374
Χέιγουντ,374
προφυλάξω,374
ξέθαψα,374
Κλέη,374
βαρβάρων,374
κατοικήσιμο,374
δυσκολευτεί,374
εκπληκτικοί,374
ψήνεσαι,374
αστεροσκοπείο,374
σούρα,374
θεραπεύουμε,374
διαπιστώνω,374
Μπρόνκο,374
εκτοξεύσεις,374
Γιόχανσον,374
Λούσιεν,374
Έξετερ,374
Λυκούδης,374
Βαγδάτης,374
επισκευάζω,374
περσική,374
ειρμό,374
Ορσίνι,374
περιβόητο,374
κεντρικο,374
μ'έστειλαν,374
καταδικάζουμε,374
κός,374
ντροπές,374
επισκληρίδιο,374
εξεταστούν,374
εκπαιδευμένα,374
άπο,374
οχιές,374
ψηφίσατε,374
έπνιξα,374
κακόβουλη,374
απογευματινές,374
λογικευτεί,374
Αλεξάντρα,374
οικονομολόγος,374
αναπαράγουμε,374
μπαγάσα,374
Νάνση,374
διευθυντών,374
πρόκλησης,374
εξομοιωτή,374
ικετεύουμε,374
Σαμίρα,374
κακόκεφη,374
ακύρωσης,374
χαρούλα,374
φυσιολογικού,374
Μάρθας,374
Ριζόλι,374
έπλενε,374
ετούτη,374
μετατρέψετε,374
εξοπλισμένος,374
ανταύγειες,374
Φέργκι,374
αναποδογυρίσει,374
δαμαστής,374
ανάδοχο,374
ιμάντες,373
διακινδύνευσε,373
παγιδέψουμε,373
κρούσματα,373
ηλιθιότητες,373
Τζέϊκ,373
Αχου,373
τηλεφω,373
θυμωμένες,373
συμβουλέψει,373
εξακολούθηση,373
πατημένο,373
νύξη,373
καμώματα,373
Μπαντς,373
Ντέιντ,373
νοσηλεύτρια,373
πεντακάθαρος,373
αρτοποιείο,373
απονεμηθεί,373
δάφνες,373
θεολογία,373
γριούλες,373
νευρώνων,373
μετακομίζετε,373
Χερς,373
σκόρπια,373
Ελεγξέ,373
παρωπίδες,373
Πωλέτ,373
σαδιστικό,373
φιλεναδίτσα,373
ιερόδουλες,373
υποσημείωση,373
ανατολικός,373
κατεβα,373
αφιερώνεις,373
συλλογισμό,373
ειρηνικοί,373
παιζουν,373
βαμβακερό,373
πρεσβύτεροι,373
Αντρεότι,373
ξαναγυρίσετε,373
τροφών,373
Γάννικος,373
λέγει,373
φυλούσα,373
Τσάνγκ,373
φώσφορο,373
στρώσου,373
φλογερό,373
Μούν,373
εσκασε,373
χρόνιο,373
Μωχάμετ,373
προχώρει,373
μαντεψε,373
παθιασμένοι,373
σωστική,373
επιλεχθεί,373
απομάκρυνέ,373
πολλ,373
απομακρυνθήκαμε,373
Μαϊλς,372
Εμπενίζερ,372
κλειστα,372
νιο,372
σς,372
χαμενος,372
καργιόλης,372
ηχογραφήσει,372
κράκερς,372
λά,372
εφαρμόζουμε,372
ξεπροβοδίσω,372
Ντεμπς,372
ξαναρχίζεις,372
έκτης,372
πλαστογράφος,372
κομφετί,372
τήξης,372
πανίδα,372
Σείριος,372
πρωτοποριακή,372
κέλεν,372
σου'φερα,372
Γουόρμ,372
κάν'τα,372
