word,count
you,89295883
the,77561774
I,69103488
to,58307307
a,49693281
it,46595663
that,35077052
and,34994501
of,30171011
in,25045635
is,25042803
what,24350562
me,22763662
this,20197227
he,18338748
for,17522883
we,17375991
on,17331284
my,17085841
your,16511462
have,16139340
no,15837159
I'm,15654849
do,15406558
was,14664281
not,14636139
be,14476775
don't,14459747
are,14386189
know,13873222
with,12838155
all,12676977
but,12066152
just,11762451
so,11455832
here,11137905
there,10971190
get,10575174
like,10054839
go,9593091
right,9518658
out,9090115
if,8969287
you're,8948597
she,8925196
can,8919530
up,8766326
about,8596574
him,8595788
at,8152208
now,8075800
Oh,7907320
one,7878975
come,7819767
they,7813062
yeah,7514123
got,7330154
how,7287701
her,7255941
well,7183195
want,6706094
will,6534252
think,6384200
see,6114530
good,6090567
let,6028560
did,5994109
as,5909093
who,5857607
from,5766324
why,5750972
his,5709656
okay,5461008
yes,5245586
when,5128292
going,5125615
back,5101112
time,4960244
I'll,4957093
an,4925077
us,4838943
gonna,4811128
look,4751151
them,4712625
where,4596919
take,4592202
man,4517983
were,4437646
can't,4411720
would,4404348
been,4391159
hey,4346093
or,4345818
then,4201445
had,4160120
tell,4133088
our,4119886
some,4076754
say,3941285
need,3863410
really,3859777
we're,3797291
could,3766675
didn't,3717438
down,3667598
something,3633860
by,3620903
way,3543714
more,3448090
too,3427810
make,3375907
has,3372645
never,3286872
I've,3249860
over,3123852
little,3072804
very,3011381
people,3007403
please,2982509
sorry,2978714
only,2952068
because,2907250
off,2893241
mean,2872881
give,2830194
said,2778981
love,2741716
thank,2691290
should,2689270
any,2673140
am,2672747
two,2660396
doing,2604723
thing,2500190
sure,2474057
even,2455876
much,2448719
Mr,2405789
help,2402282
these,2365784
god,2331096
sir,2304984
find,2249979
into,2240952
anything,2203271
still,2191615
first,2160384
nothing,2143444
life,2122992
uh,2119998
they're,2088504
day,2075568
work,2062865
wait,2058980
maybe,2058403
stop,2044823
call,2041046
before,2026079
again,2019620
their,2005213
put,1965361
talk,1959343
than,1949012
other,1920630
away,1911480
thought,1908634
night,1903338
home,1873163
after,1861205
must,1849254
those,1846197
great,1839707
last,1822572
keep,1816070
better,1793231
told,1773877
everything,1754259
new,1731605
long,1714968
things,1706553
won't,1684028
you've,1679324
always,1667967
does,1661681
around,1645340
guy,1643511
name,1641925
ever,1622793
years,1617562
we'll,1612001
guys,1605580
leave,1596152
doesn't,1595237
I'd,1582109
money,1545092
place,1524811
feel,1489200
father,1483021
made,1475744
old,1462614
believe,1452038
big,1439239
you'll,1433847
done,1425368
isn't,1423130
fine,1408014
nice,1391101
through,1390359
stay,1386650
every,1385584
coming,1377851
lot,1372060
hello,1367947
which,1367828
someone,1366462
girl,1359653
kind,1355495
kill,1339461
thanks,1336792
shit,1330564
three,1321091
listen,1316900
left,1313423
hear,1310484
wanted,1308174
house,1301272
enough,1299024
wrong,1295367
bad,1294369
world,1293312
happened,1285104
may,1284904
being,1271236
understand,1271142
course,1270991
remember,1270759
fuck,1270031
dad,1258752
might,1250942
another,1245138
ok,1245036
dead,1242587
hell,1235259
came,1225202
own,1218798
talking,1211184
mother,1205897
ask,1192102
else,1174910
fucking,1174169
today,1169367
car,1161402
found,1158566
son,1157500
show,1153450
same,1148454
care,1140271
getting,1139862
move,1130993
looking,1130940
next,1126879
boy,1126432
hi,1120455
woman,1117489
try,1115437
trying,1089940
friend,1083328
mind,1078618
baby,1075840
yourself,1068549
wasn't,1068004
real,1065738
best,1049068
went,1041895
many,1032094
we've,1032005
hold,1026191
job,1021396
saw,1021379
wanna,1021240
huh,1020303
mom,1017967
morning,1009029
together,1003605
room,997603
family,995674
wouldn't,994386
gotta,988020
men,985881
door,979422
seen,976271
without,969728
head,956739
ready,951186
heard,949042
already,947403
most,944879
both,943058
live,941849
miss,938780
actually,930456
knew,929896
once,916354
pretty,906454
took,903579
run,899294
idea,898161
guess,896624
whole,895838
use,887633
yet,885826
used,882550
bring,872460
called,872043
while,864064
start,861460
brother,857680
killed,857362
phone,857183
wife,855284
meet,854646
days,849795
happy,849751
matter,847713
haven't,844972
gone,840877
tonight,838330
open,834767
since,832765
cause,830228
um,828553
everyone,824859
hard,818728
such,818133
saying,812909
alone,810753
die,810348
myself,809773
ago,805060
end,803156
problem,803034
tomorrow,801466
few,795669
looks,793907
bit,791923
anyone,790101
friends,785860
excuse,785654
until,785368
play,780080
couldn't,779839
turn,778869
hope,778707
you'd,777462
lost,775096
face,773963
Ah,769621
watch,768036
school,763583
says,757602
ain't,752126
wants,746410
also,746046
business,725442
hand,725181
case,724708
true,722460
heart,711396
soon,708988
kid,706418
damn,705953
worry,704341
police,703066
each,691732
second,691353
probably,689752
shut,687717
everybody,687008
five,683135
sit,682745
year,680461
later,673918
thinking,673229
working,671178
under,670783
having,669804
exactly,669205
music,665099
beautiful,663526
kids,660973
minute,659987
minutes,657094
whatever,656778
part,656017
crazy,655053
stuff,654422
death,651919
hit,646201
check,645702
late,643963
doctor,642193
knows,642054
eat,641821
happen,638701
somebody,638092
easy,637636
hands,637035
deal,634821
gave,634024
water,633571
far,631946
Dr,630851
eyes,628619
change,622281
inside,622003
forget,621485
pay,620575
young,619487
person,619057
taking,617234
means,610806
point,607622
drink,605202
fire,604434
fight,603887
four,603538
close,599103
makes,598836
mine,597810
hurt,594267
word,594107
chance,589731
times,586063
aren't,583496
set,581627
afraid,579734
number,578156
supposed,577959
Mrs,572756
its,571394
nobody,570714
making,568194
body,565609
shot,563268
asked,563205
against,561745
different,561200
sleep,560951
story,559812
rest,559224
anyway,558303
cut,557959
stand,554258
wish,551995
blood,550843
comes,550716
read,547756
side,545866
party,543172
hours,543032
whoa,542843
least,541714
trust,541659
shall,540842
waiting,540301
fun,538854
gun,538092
quite,534344
week,533567
game,532997
war,530429
daughter,528247
captain,528016
speak,527412
moment,527344
important,526797
city,520240
behind,520099
truth,519228
though,518050
children,518014
em,512001
gets,511407
playing,509049
goes,508962
walk,506867
question,506124
break,503924
yours,503637
anymore,503299
dear,503156
girls,501893
town,499808
lady,498997
husband,498709
almost,497428
reason,496870
sister,496339
welcome,496010
between,495727
married,495014
started,494594
line,490722
trouble,489537
power,487521
honey,487235
boys,485242
child,484446
met,484377
office,483055
lord,482690
couple,481449
half,480523
he'll,480313
died,479663
cool,479360
clear,478068
save,477942
free,477634
telling,477322
women,476359
tried,476075
able,475496
alive,475429
high,473486
ass,472443
wow,470350
brought,469074
either,468662
answer,467612
send,465435
six,462708
Jack,461567
hate,458709
front,456239
safe,456060
sighs,454413
John,453706
stupid,453263
team,451596
king,448877
outside,448303
full,447866
light,446531
dog,446518
news,445808
needs,444407
months,441865
seems,441797
funny,441050
ahead,439515
plan,438662
buy,438144
s,438118
hurry,434729
bed,434156
order,432898
pick,432565
sometimes,431371
black,430417
bitch,428872
country,425087
bye,424533
hot,424026
along,423776
anybody,422310
promise,422211
running,421438
Jesus,419729
shoot,418536
lose,417844
food,413185
it'll,413038
fact,410785
white,409749
feeling,407011
book,402164
living,401594
they'll,400646
sent,397768
taken,393015
shouldn't,390860
become,390768
leaving,390217
dinner,388455
lives,388307
hour,387226
l,386483
chuckles,384627
cannot,383354
control,381401
hmm,381359
sick,380394
perfect,380382
touch,378717
sounds,378183
himself,377791
red,377397
special,376689
human,375672
boss,375472
perhaps,373314
company,373093
drive,371201
daddy,370834
sort,370181
air,369352
ha,368724
laughing,368688
scared,368342
serious,367009
earth,365008
sound,364697
past,362667
hang,359044
asking,357254
possible,355384
parents,353608
luck,353182
president,352055
pull,351904
small,351656
follow,351467
happens,351332
street,348119
till,346736
glad,346622
laughs,346412
fast,345780
ten,345291
top,345277
hair,337739
seem,337127
poor,334311
win,334160
cold,332499
sense,332441
murder,331945
million,331196
gentlemen,330353
catch,330233
lie,330179
master,329992
speaking,329961
ship,329453
sweet,328584
words,327992
dream,327013
meeting,326663
finally,326345
hospital,325917
lucky,325758
known,325552
bet,324957
uncle,323651
alright,322074
Sam,321188
voice,320358
calling,320166
somewhere,320096
sign,319341
drop,318707
weeks,318238
others,317622
dance,317129
secret,314432
sex,311963
longer,310281
moving,310146
dude,310011
step,309854
t,308300
careful,308188
clean,307784
write,307750
less,305588
straight,305135
worked,304398
piece,303651
future,303380
return,303250
figure,303172
felt,303123
fall,302149
rather,301967
they've,301678
quiet,301509
weren't,300756
ladies,298740
coffee,298268
he'd,297323
takes,297237
questions,296297
beat,296264
looked,295744
eye,295490
choice,295225
road,294568
general,293779
learn,292952
feet,292590
evening,292573
date,292487
Frank,292009
ooh,291899
given,291650
fault,291631
seeing,291533
worth,291364
we'd,291360
none,291287
calm,290060
security,289720
loved,288948
throw,288625
explain,287250
ya,285295
turned,284432
officer,284080
state,283624
changed,283016
happening,282948
wake,282564
picture,280843
kidding,280740
absolutely,280068
wonderful,279212
quick,278596
report,278171
agent,276497
giving,276051
works,274380
ma'am,273941
ride,273303
land,273250
system,272921
mad,272901
pain,271521
weird,270667
strong,270426
needed,270340
law,269942
ones,269540
building,269080
wonder,268730
dark,267835
Michael,267723
early,266874
worse,266179
missing,265326
unless,265072
pass,264438
seven,264210
act,263758
song,263609
attack,262083
chief,261203
screaming,260696
information,260689
buddy,259728
yesterday,258661
mistake,257839
protect,257802
mouth,257551
train,256749
meant,256578
watching,256555
darling,256206
kept,254909
George,254889
Charlie,254781
suppose,254315
worried,254226
amazing,252497
kiss,252175
caught,252130
finish,251829
message,251726
Joe,251004
TV,250869
tired,250754
busy,250339
York,250256
bill,248559
Mike,247497
class,246540
army,246279
lying,244867
evidence,244384
movie,243903
except,243753
Christmas,243747
lead,243663
goodbye,243557
radio,243349
David,243249
handle,243022
imagine,242359
strange,242035
wedding,241905
expect,241904
entire,241558
floor,241469
forever,241092
blue,241024
birthday,241004
ring,240406
Tom,240230
born,239372
thinks,239299
forgive,239225
bag,239175
sell,238870
broke,238796
court,237729
swear,237582
terrible,237010
history,235969
across,235967
hotel,235647
completely,235409
honor,234820
anywhere,234800
month,234779
seriously,234680
wear,234326
dangerous,234015
rock,234002
totally,233931
decided,233545
cover,233445
miles,233260
she'll,232762
fear,232741
near,232112
station,232107
ground,231673
attention,230433
clothes,230174
goddamn,230171
situation,230053
box,229600
table,228799
instead,228479
hasn't,228273
marry,228218
certainly,227686
eight,227659
cell,227625
Peter,227379
fair,227360
Christ,227113
definitely,227080
age,226925
during,226818
force,226369
talked,226183
boat,225489
ran,225458
blow,225284
middle,224901
peace,224633
simple,224584
American,224512
killing,224470
paid,223873
join,222640
key,222419
charge,221675
count,220682
using,220648
lovely,219722
test,219682
stick,219593
prison,218330
eh,218140
round,218128
sun,217545
continues,217281
relax,217234
grunts,216903
sitting,216819
spend,216442
smart,215962
personal,215945
space,215928
ball,215862
government,215643
mama,215631
list,215621
crime,215312
deep,214602
normal,214060
single,214053
major,213958
fly,213662
interesting,213472
saved,213459
short,213141
fool,212879
crying,212810
present,212729
detective,212570
brain,212538
forgot,212526
cop,212266
won,212148
finished,212026
mark,211963
offer,211637
missed,211044
lt,210938
enjoy,210918
horse,210837
fighting,210509
fix,210280
bastard,210157
club,210121
accident,209655
sing,209379
fuckin,209315
bank,208845
record,208340
certain,208075
paper,207909
stopped,207730
area,207679
service,207417
gold,207144
cops,207134
hide,206985
Mary,206947
wearing,206928
surprise,206624
group,206283
bought,206123
killer,205967
wall,205385
proud,205282
soul,205084
m,205022
bar,204818
position,203676
lunch,203662
respect,202656
idiot,202213
forward,202059
letter,201812
fell,201669
standing,201162
smell,201136
Ben,200993
English,200880
queen,200747
machine,200645
holy,199290
quickly,199246
fish,199132
America,199124
plane,198996
ice,198638
star,198548
Paul,198509
park,198486
agree,198391
trip,197938
grunting,197937
lieutenant,197803
calls,196991
contact,196452
James,196248
yo,196049
interested,196036
mess,195861
Harry,195706
private,195645
don,195582
window,195402
Mm,195125
within,194842
seconds,194784
slow,194739
tough,193836
share,193590
feels,192961
public,192692
gasps,192630
pleasure,192256
broken,192087
card,192081
problems,191932
Mmm,191641
seat,191507
scene,191211
Aah,190969
film,190960
afternoon,190891
drunk,190817
field,190450
girlfriend,189936
French,189893
Mm-hmm,189820
church,189431
colonel,189008
hungry,188775
rich,188620
appreciate,188613
green,187866
shh,187847
third,187816
starting,187788
realize,187247
marriage,187238
north,187106
sea,186754
dying,186558
honest,186252
spent,186156
south,186044
whether,185601
camera,185400
walking,184840
difficult,184798
neither,184496
moved,184324
truck,184318
apartment,183480
evil,183458
la,183381
angry,183294
computer,182850
prove,182728
grab,182477
teach,182476
dress,182364
upon,182336
sad,182320
mission,182221
laugh,181479
sake,181260
hundred,180691
Bob,180268
tea,179930
impossible,179908
cash,179527
judge,179273
quit,179111
lawyer,179021
bloody,178941
planet,178714
Henry,178608
visit,177042
carry,176976
doubt,176597
involved,176548
partner,176432
college,175724
lived,175716
likes,175349
rules,174683
joke,174618
besides,174226
obviously,174187
loves,174153
push,174090
liked,173761
glass,173077
board,172422
cute,172270
holding,172253
difference,172241
island,172144
boyfriend,171651
wind,171448
store,171339
Max,171296
accept,171263
bullshit,171235
cat,170824
gift,170590
relationship,170460
jail,170396
professor,170212
jump,170202
stuck,170201
continue,169851
driving,169842
whose,169797
ow,169784
Jimmy,169686
cry,169654
especially,169456
art,169108
magic,168777
reach,168638
owe,168604
congratulations,168415
singing,168257
bear,168130
orders,168043
groans,167762
dare,167653
tree,167375
fat,167089
wrote,166646
thousand,166557
often,166487
arrest,166135
upset,165781
putting,165471
Nick,165421
decision,165134
sleeping,165129
knock,164962
weapon,164491
asshole,163843
d,163763
favor,163524
Jim,163430
Tony,163109
enemy,162989
guns,162892
wine,162867
listening,162719
beer,162551
guard,162474
beginning,161881
named,161864
nine,161851
promised,161724
bus,161223
ringing,161150
victim,160943
destroy,160229
risk,159883
gives,159859
grand,159687
dreams,159635
river,158933
arms,158921
teacher,158911
dirty,158705
Danny,158004
staying,157836
lock,157795
search,157370
suit,157264
ray,157247
worst,157245
choose,157194
eating,157114
Alex,156980
bell,156767
crap,156745
Yep,156697
department,156668
grow,156482
foot,156460
became,156433
support,156357
figured,156192
address,156136
turns,156024
I-I,155790
arm,155725
press,155550
patient,155201
shoes,155090
everywhere,154801
picked,154786
escape,154728
crowd,154706
sergeant,154584
burn,154326
west,154252
throat,154216
usually,154184
books,154117
smoke,153943
moon,153426
code,153352
kick,153310
shop,153158
engine,153024
heaven,152636
low,152553
begin,152514
mum,152473
immediately,152294
shouting,152266
bunch,152227
bomb,152011
would've,151585
hero,151521
passed,151480
huge,151352
mate,151228
names,151195
dollars,151194
learned,150985
rings,150924
locked,150913
drugs,150899
summer,150177
hole,150142
battle,150127
price,149836
roll,149231
copy,149175
flight,149016
blame,148740
gas,148730
ourselves,148635
o,148630
rid,148211
match,148161
experience,148066
twice,147831
Ms,147757
majesty,147624
track,147599
spot,147545
dick,147513
innocent,147479
further,147350
weapons,147334
action,146980
steal,146845
mommy,146749
final,146648
brothers,146530
London,146377
fit,146008
bigger,145889
fired,145887
lots,145582
upstairs,145552
type,145485
memory,145262
Paris,145252
keeping,145250
nervous,145007
themselves,144935
race,144873
helping,144841
decide,144707
smile,144681
Sarah,144328
hadn't,144217
drinking,144141
bother,144068
cross,144021
stole,143764
ways,143727
pictures,143653
closed,143323
allow,143313
hiding,143302
feelings,143060
village,142852
they'd,142749
notice,142633
favorite,142381
van,142335
duty,142221
Billy,141993
leg,141985
de,141960
allowed,141841
kitchen,141785
level,141446
surprised,141352
commander,141136
apart,141124
legs,141109
she'd,141026
complete,140986
prince,140960
waste,140869
doc,140571
admit,140395
keys,140073
guilty,140049
reading,139996
suddenly,139902
herself,139675
grace,139555
sweetheart,139231
Lee,139170
starts,139085
awesome,138973
danger,138426
losing,138415
double,137920
build,137798
following,137765
above,137744
mention,137574
screams,137039
played,136943
shooting,136829
taste,136810
aunt,136724
witness,136709
pop,136586
writing,136534
helped,136444
Johnny,136246
cheering,136185
empty,135932
built,135925
Richard,135922
nose,135732
medical,135727
lay,135641
chicken,135607
closer,135411
spirit,135340
wondering,135293
video,135271
indeed,135238
bird,135233
plans,135229
fresh,134881
neck,134819
crew,134746
places,134676
suspect,134530
form,134500
pressure,134483
how'd,134468
sky,134407
breakfast,134246
faith,134213
apparently,134126
bathroom,134002
otherwise,133964
folks,133846
dogs,133598
target,133495
raise,133339
pregnant,133301
Tommy,133273
military,133174
madam,133094
energy,133079
earlier,133029
breathing,132751
sold,132613
hoping,132474
director,132470
east,132466
according,132396
keeps,132272
gay,132013
whoever,131862
breathe,131838
tight,131635
drug,131432
Jane,131372
lights,131238
warm,131116
consider,131104
extra,131097
heavy,130897
flying,130811
deserve,130728
bridge,130466
camp,130447
acting,130253
showed,130247
interest,130206
Steve,130150
cost,130138
arrived,130081
however,129980
emergency,129831
willing,129829
command,129822
knife,129783
pants,129775
Uh-huh,129558
beyond,129555
Jake,129474
ridiculous,129154
file,128932
wild,128875
treat,128701
states,128498
faster,128312
rain,128250
fucked,128250
seemed,127848
rule,127825
nature,127574
laughter,127370
conversation,127361
devil,127269
excellent,127122
itself,126695
hat,126654
should've,126597
language,126561
Roger,126493
pulled,126401
animal,126394
plenty,126354
beach,126323
awful,126270
asleep,126154
corner,126130
weekend,125936
shame,125844
fbi,125753
cheers,125747
skin,125622
ma,125418
driver,125262
blind,125237
tape,125202
justice,125157
speed,125122
gotten,124902
written,124876
princess,124819
band,124771
hall,124422
responsible,124391
simply,124383
stone,124141
apologize,124076
silly,123985
German,123190
walked,123172
local,123101
stage,123091
beg,123086
client,123066
Bobby,123016
bottle,122962
murdered,122760
could've,122758
rose,122725
knowing,122716
main,122640
tells,122637
common,122565
necessary,122461
correct,122453
Eddie,122235
sheriff,121793
ought,121718
leader,121580
angel,121503
due,121488
indistinct,121343
study,121333
Chris,121011
lies,120737
soldier,120389
aye,120274
account,120240
possibly,120116
y'all,120076
cup,120010
bottom,119857
cars,119847
Charles,119700
taught,119478
opportunity,119472
united,119208
breath,119149
animals,119119
papers,118632
note,118619
clearly,118611
er,118586
lied,118575
held,118367
leaves,118301
hearing,118281
soldiers,118134
outta,118088
somehow,118063
strength,117883
stories,117840
pardon,117730
powerful,117654
operation,117647
spoke,117581
excited,117517
monster,117509
bringing,117476
loud,117436
hanging,117318
large,117219
numbers,117149
agreed,116977
plus,116715
breaking,116673
b,116257
sight,116248
beauty,116223
survive,116195
Adam,115614
heads,115472
fellow,115467
cousin,115462
goin,115411
that'll,115305
balls,115254
advice,115216
hardly,115188
sweetie,115099
greatest,114953
stars,114916
Robert,114729
dropped,114624
e,114543
pack,114525
panting,114454
feed,113903
checked,113821
sword,113767
famous,113657
plays,113254
flowers,113239
cook,113105
several,112839
Chinese,112834
ghost,112546
trial,112484
teeth,112408
freedom,112385
strike,112341
serve,112301
training,112277
base,112265
nor,112227
program,112172
access,112158
truly,112124
national,111980
games,111911
whom,111805
Whoo,111785
lab,111784
center,111723
trick,111701
motherfucker,111663
signal,111294
although,111288
shows,111240
Aw,111112
travel,110909
planning,110863
investigation,110605
records,110542
nowhere,110472
beeping,110455
belong,110160
opens,110068
destroyed,110008
doin,109833
meat,109477
papa,109380
what'd,109303
bodies,109294
Russian,109109
release,109048
nearly,108761
practice,108564
credit,108366
size,108343
science,108073
bullet,108054
groaning,108031
Martin,108013
Walter,107985
gate,107918
paying,107847
onto,107754
Spanish,107399
remain,107311
noticed,107191
ho,107001
career,106991
restaurant,106823
re,106791
dancing,106722
health,106622
minister,106598
letting,106586
matters,106579
chair,106459
alarm,106443
understood,106379
discuss,106227
criminal,106175
natural,106073
prepare,106061
among,105974
turning,105785
milk,105681
pray,105597
older,105588
dumb,105499
horrible,105428
coach,105408
dressed,105374
grandma,105372
easier,105316
mountain,105291
bucks,105220
aware,105216
fill,105082
fake,105080
biggest,105073
finding,104997
nuts,104963
concerned,104839
prepared,104822
market,104669
super,104573
unit,104433
cake,104419
pretend,104350
ends,104298
research,104244
condition,104168
arrested,104140
honestly,104133
Anna,103952
project,103897
original,103640
hurts,103549
bro,103089
suggest,103032
purpose,103007
perfectly,102889
Daniel,102788
incredible,102665
manager,102633
recognize,102598
universe,102558
nurse,102430
towards,102360
shirt,102305
brown,102304
ours,102298
Kim,102271
suicide,102263
heat,102124
heading,102100
birds,101862
desk,101826
Kevin,101769
cards,101714
meaning,101679
vote,101678
distance,101606
Rachel,101583
comfortable,101465
student,101443
draw,101235
yelling,101220
st,101190
afford,101170
ticket,101096
ideas,100936
stolen,100856
Scott,100843
weak,100783
Jerry,100688
focus,100674
tie,100562
Ugh,100403
view,100359
insane,100310
pal,100267
bite,100194
loose,99911
Amy,99696
dry,99691
believed,99660
Eric,99501
oil,99489
fantastic,99320
female,99147
Andy,99126
doors,99025
forgotten,98920
pieces,98901
Ryan,98901
proof,98852
guest,98829
male,98606
prefer,98597
followed,98465
ugly,98391
color,98192
opening,98000
inspector,97888
damage,97864
dig,97808
England,97784
total,97701
Kate,97649
William,97524
it'd,97397
safety,97274
babe,97238
opinion,97218
failed,97211
cream,97086
brilliant,97053
photo,97025
roof,96938
selling,96778
exist,96616
threw,96601
invited,96588
Thomas,96584
wash,96386
brave,96289
Ohh,96255
screw,96214
lift,96182
lately,96131
sending,96104
falling,95896
mayor,95826
pool,95776
unfortunately,95710
block,95651
Brian,95550
realized,95527
created,95477
split,95223
ended,95039
settle,95001
Dan,94945
character,94911
Pete,94884
fingers,94792
movies,94744
Nope,94743
San,94547
expecting,94535
staff,94465
Sunday,94422
noise,94366
good-bye,94271
responsibility,94175
shower,94062
usual,94036
fate,93973
Dave,93919
lonely,93890
mister,93779
path,93768
storm,93626
shake,93573
soft,93538
ordered,93411
Friday,93392
kinda,93315
opened,93264
data,93198
lines,93194
snow,93110
remind,93093
jealous,93077
began,93023
property,93011
letters,92930
create,92908
pig,92880
weight,92806
surgery,92687
horses,92618
castle,92503
gang,92311
ed,91995
speech,91920
finger,91917
thousands,91784
stayed,91772
applause,91707
issue,91689
cares,91641
trade,91337
nonsense,91244
grandpa,91133
sees,91091
barely,91041
nah,90937
streets,90825
process,90819
Japanese,90799
lake,90658
hill,90506
location,90504
where'd,90432
signed,90214
example,90182
British,90039
received,89997
stops,89930
whenever,89919
member,89881
chattering,89863
fan,89801
harm,89732
audience,89686
brings,89652
disappeared,89514
slept,89326
horn,89211
France,89207
weather,89110
Jason,89095
defense,89083
sooner,88997
buried,88995
al,88945
forced,88866
liar,88832
tiny,88803
speaks,88752
subject,88750
sugar,88690
covered,88635
chest,88592
suck,88570
assume,88530
thoughts,88502
page,88492
surely,88449
interview,88378
introduce,88360
Simon,88318
expected,88307
bones,88133
spare,87960
personally,87957
harder,87955
recently,87952
map,87939
repeat,87935
loss,87862
theory,87845
handsome,87833
spread,87829
Claire,87826
society,87813
Saturday,87785
bright,87675
wet,87666
permission,87663
tongue,87660
birth,87621
enter,87576
likely,87326
students,87247
Matt,87224
naked,87102
headed,87046
crash,87029
social,86979
add,86921
medicine,86733
genius,86696
gentleman,86693
Larry,86606
Arthur,86594
narrator,86579
pocket,86521
Santa,86509
based,86495
ears,86490
returned,86452
details,86127
warning,85872
showing,85860
clock,85434
closes,85308
familiar,85269
coat,85250
funeral,85225
post,85037
slowly,85017
airport,84966
trees,84935
downstairs,84906
connection,84833
runs,84801
fancy,84755
secretary,84734
season,84689
joy,84633
secrets,84599
ancient,84524
cheese,84442
legal,84421
woods,84418
rough,84418
knocking,84313
memories,84209
Ted,84188
Jeff,84167
Rome,84167
dean,84142
discovered,84130
victims,84090
saving,84080
silver,83989
silence,83965
fought,83938
points,83935
contract,83893
Alan,83880
eggs,83845
answers,83737
c,83446
drinks,83401
powers,83377
Carl,83342
foreign,83271
chuckling,83186
Lisa,83132
regret,83128
complicated,83117
gasping,83113
cancer,83074
ocean,83027
clears,82986
stomach,82942
hunt,82915
attorney,82802
doctors,82785
DNA,82752
Annie,82729
farm,82635
humans,82633
officers,82547
heh,82528
rush,82484
challenge,82376
hired,82297
paint,82293
garden,82230
changes,82218
grew,82205
football,82142
easily,82134
tickets,82057
members,81894
gods,81841
parts,81735
nights,81731
hidden,81730
Clark,81693
bless,81631
attacked,81560
revenge,81537
community,81531
threat,81325
Carter,81325
Emily,81278
caused,81240
rat,81237
walls,81125
forest,81107
style,81097
growing,81096
reality,81057
burning,81043
rise,80993
spring,80814
freak,80787
chuck,80750
ate,80748
reasons,80699
square,80606
scare,80515
request,80480
pair,80445
winter,80405
including,80370
Phil,80352
Alice,80251
Washington,80187
da,80168
y,80164
basically,80100
buying,80075
chatter,80046
lower,79938
source,79812
higher,79791
insurance,79767
model,79763
assistant,79740
professional,79711
flat,79707
goodness,79622
chase,79609
obvious,79525
planned,79407
led,79387
lesson,79381
Louis,79283
rights,79266
n,79234
Lucy,79179
deliver,79164
shots,79087
sudden,78932
cases,78890
bread,78749
priest,78639
boring,78591
exciting,78575
cos,78475
journey,78471
manage,78440
dealing,78396
divorce,78389
bedroom,78339
Luke,78245
switch,78229
proper,78122
royal,78084
ruined,78080
pounds,78052
finds,78049
mercy,78049
happiness,78032
filled,77985
dating,77967
amount,77843
murderer,77811
thief,77748
mentioned,77609
knowledge,77468
dies,77468
Joey,77304
piss,77284
jobs,77247
pleased,77139
rent,77066
gosh,77012
player,77011
plant,76999
bleeding,76968
belongs,76926
forces,76832
mood,76807
statement,76790
event,76772
watched,76770
monkey,76622
expensive,76601
yourselves,76588
hook,76576
ruin,76553
families,76550
fortune,76504
scoffs,76494
success,76480
guards,76478
grown,76425
Smith,76396
avoid,76317
wound,76272
crack,76254
enemies,76079
site,76070
glasses,76064
giant,76053
telephone,76007
grandfather,75997
tour,75926
cheap,75812
burned,75720
grant,75644
picking,75643
must've,75390
ill,75331
bang,75311
reached,75265
files,75261
yellow,75183
pilot,75131
fixed,75091
Maria,75058
senator,75045
sexy,74995
carrying,74970
trap,74946
eventually,74923
tall,74818
official,74802
charges,74796
nothin,74793
traffic,74753
tires,74683
toilet,74681
protection,74653
faces,74504
checking,74484
grave,74478
romantic,74441
regular,74393
depends,74334
rescue,74288
awake,74278
madame,74274
Kyle,74271
jacket,74156
scary,74081
Kelly,73951
raised,73931
results,73928
waited,73927
babies,73912
secure,73838
china,73809
poison,73789
neighborhood,73773
chose,73721
positive,73688
painting,73633
confused,73608
shape,73602
wherever,73569
Italian,73562
firm,73515
concern,73449
clever,73396
laid,73379
below,73360
invite,73317
intelligence,73294
screwed,73217
changing,73198
spell,73184
offered,73031
metal,73011
Rick,72826
butt,72821
bike,72817
sobbing,72790
l'm,72779
tears,72656
Barry,72580
vehicle,72463
victory,72414
odd,72410
owner,72384
h,72322
hm,72310
whore,72298
march,72238
miracle,72214
pissed,72178
governor,72155
ear,72134
deeply,72116
I'II,72091
Jones,72059
Emma,72049
guests,72028
license,71970
particular,71969
penny,71952
lover,71947
moves,71911
nation,71906
central,71832
drove,71825
direction,71784
ll,71747
kicked,71711
prime,71691
j,71643
per,71603
Monday,71585
artist,71458
witch,71412
pulling,71359
elevator,71314
Hank,71311
aside,71291
meal,71202
television,71182
zero,71045
desert,71028
political,70984
period,70956
celebrate,70897
bone,70877
bath,70861
exhales,70857
millions,70849
Leo,70813
appear,70796
chocolate,70782
freeze,70728
Laura,70715
swim,70650
device,70599
capable,70532
Chicago,70482
carefully,70461
younger,70431
beeps,70391
curious,70382
appears,70341
photos,70314
Europe,70275
mostly,70225
pure,70204
pity,70139
badly,70086
plate,70065
disease,70055
alien,70049
Elizabeth,70047
tower,70040
stronger,70033
pills,70028
load,69969
Susan,69781
golden,69734
university,69654
stood,69647
prisoner,69639
merry,69608
violence,69529
beast,69471
shock,69458
jury,69400
century,69384
jerk,69380
Howard,69371
dragon,69318
sat,69289
touched,69276
yöu,69264
ashamed,69225
courage,69218
gunshot,69197
vacation,69192
punch,69173
midnight,69167
stealing,69155
ahh,69120
someday,69114
available,69107
disgusting,69090
Fred,69078
lips,68983
illegal,68961
armed,68954
pizza,68948
terms,68934
dawn,68933
Josh,68897
federal,68846
suffer,68792
blew,68778
iron,68762
committed,68740
sexual,68728
physical,68669
rate,68664
Jenny,68640
Tim,68623
smells,68568
bags,68524
hunting,68486
claim,68444
appointment,68417
useless,68354
rob,68349
patients,68337
cab,68326
wood,68313
council,68239
Amen,68093
percent,68056
Gary,68044
Victor,68032
wolf,67998
grateful,67990
monsieur,67963
boom,67955
p,67945
disappear,67935
reports,67935
darkness,67924
mail,67910
mystery,67886
cure,67859
technology,67853
beating,67814
passing,67805
county,67760
thy,67666
ships,67657
effect,67620
California,67602
Jackson,67590
tear,67570
thunder,67563
fail,67551
negative,67539
Sean,67483
becomes,67413
palace,67362
fellas,67355
thou,67355
junior,67353
unbelievable,67346
precious,67329
tip,67307
destiny,67266
scream,67255
value,67241
o'clock,67168
exact,67163
delicious,67077
hearts,67070
whispering,67044
candy,67000
union,66990
mirror,66974
knees,66948
falls,66933
creature,66878
image,66853
Morgan,66748
healthy,66684
extremely,66651
pride,66635
advantage,66602
Maggie,66579
woke,66435
piano,66384
sisters,66365
growling,66363
Indian,66324
remove,66270
Americans,66143
range,66095
wise,66094
directly,66065
warn,66059
Helen,66032
brains,65953
why'd,65950
button,65923
tied,65904
Mexico,65834
edge,65787
throwing,65757
soup,65616
escaped,65602
managed,65552
spy,65520
bastards,65516
section,65499
treatment,65490
direct,65476
remains,65458
affair,65433
closing,65415
temple,65410
zone,65391
winner,65320
Karen,65278
talent,65260
former,65227
desire,65189
riding,64933
score,64916
toast,64843
heavily,64830
sue,64760
lily,64757
ls,64755
bond,64747
schedule,64720
taxi,64654
agents,64620
signs,64614
Marty,64587
Christian,64564
presence,64513
reporter,64426
hundreds,64392
wire,64357
alert,64306
grandmother,64293
pie,64232
eve,64150
squad,64130
chef,64022
desperate,63986
route,63919
twenty,63918
exchange,63869
treasure,63832
shopping,63785
cameras,63752
coast,63742
sacrifice,63740
competition,63735
joking,63733
trace,63585
dust,63530
borrow,63529
decent,63517
parking,63507
becoming,63506
chances,63483
surface,63450
fourth,63430
explosion,63428
smoking,63418
trapped,63384
mistakes,63377
issues,63323
egg,63169
hated,63144
barking,63118
suffering,63113
shadow,63095
refuse,63052
false,63011
mountains,62910
served,62870
kingdom,62868
stranger,62825
champagne,62790
U.S,62694
stairs,62682
juice,62631
sons,62619
dump,62612
progress,62502
silent,62448
steps,62338
highness,62332
sharp,62296
Harvey,62289
leads,62256
wheel,62177
honour,62134
pussy,62115
convince,62105
row,62064
tests,62018
warrant,61989
tank,61973
spoken,61955
factory,61943
sometime,61910
defend,61886
rooms,61844
literally,61685
bay,61677
grade,61662
treated,61649
approaching,61620
India,61546
considered,61543
blowing,61513
rare,61505
equipment,61478
solve,61454
Bruce,61388
Oliver,61302
staring,61301
shoulder,61290
hung,61288
vision,61244
emperor,61219
flesh,61199
shift,61141
chosen,61133
role,61062
Robin,61052
circle,60949
fallen,60945
blows,60939
connected,60895
nasty,60851
garage,60848
winning,60785
loving,60782
released,60768
bride,60757
cast,60737
Taylor,60626
curse,60625
circumstances,60620
wide,60585
authority,60567
uniform,60522
firing,60519
sucks,60491
lf,60487
internet,60483
cleaning,60413
chain,60379
pen,60375
text,60320
virus,60294
convinced,60232
pot,60156
cooking,60148
ambulance,60111
clicks,60065
wave,60023
troops,60017
rocks,59901
marks,59863
friendly,59772
thee,59741
sale,59719
Jesse,59689
tail,59679
notes,59623
Terry,59560
drag,59481
f,59390
media,59308
dramatic,59292
seek,59273
previously,59233
friendship,59226
Roy,59186
moments,59156
border,59140
expert,59138
conference,59103
result,59056
talks,59039
fully,58982
snake,58924
Jackie,58890
separate,58875
receive,58812
Africa,58748
arrive,58721
hire,58709
screen,58678
sin,58665
g,58588
Julie,58585
hunter,58559
houses,58539
demon,58529
studio,58486
anger,58463
senior,58428
incident,58394
engaged,58391
Gordon,58352
puts,58352
therefore,58335
â,58316
Julia,58241
Chloe,58216
Ross,58212
charming,58143
launch,58140
steady,57997
Sara,57943
cigarette,57932
flower,57926
library,57899
somethin,57882
loser,57864
coughing,57791
climb,57754
unusual,57661
there'll,57574
highly,57562
searching,57547
dozen,57481
aboard,57429
hates,57407
April,57384
los,57379
panic,57339
helps,57309
leading,57277
Vegas,57267
duke,57242
knocked,57211
magazine,57180
carried,57174
sentence,57164
rude,57162
Anne,57151
trash,57149
bullets,57134
fella,57078
Stan,56984
holiday,56973
ordinary,56948
mass,56906
cow,56896
songs,56886
Patrick,56830
mask,56783
failure,56769
campaign,56750
properly,56741
current,56673
custody,56646
rope,56637
guarantee,56615
material,56592
entirely,56588
spending,56528
approach,56453
glory,56448
effort,56334
trusted,56331
minds,56286
siren,56279
yard,56236
Doug,56199
belt,56196
Edward,56173
attempt,56172
nuclear,56169
performance,56166
flash,56163
agency,56120
duck,56046
impressive,56045
bow,56032
wings,56031
stock,56014
clients,55995
provide,55979
international,55969
series,55963
understanding,55953
popular,55916
nightmare,55858
goal,55831
solution,55822
gorgeous,55804
pa,55788
setting,55755
id,55732
ability,55649
valley,55649
writer,55624
slip,55623
Vincent,55591
collect,55559
skills,55542
counting,55537
stands,55490
kinds,55472
fruit,55468
facts,55459
successful,55423
object,55349
policy,55347
systems,55313
wasting,55281
trained,55205
protecting,55185
chick,55181
clue,55168
hitting,55163
Texas,55158
Germany,55143
bravo,55084
services,55082
whistle,55078
learning,55031
pink,55028
pushed,54997
eaten,54966
modern,54958
online,54938
intend,54928
Linda,54919
transfer,54915
Nathan,54896
terrific,54876
wanting,54872
actual,54824
rice,54796
witnesses,54776
detail,54766
crown,54763
Tyler,54759
Johnson,54755
empire,54741
dirt,54720
remembered,54717
fishing,54712
cutting,54659
garbage,54650
Marcus,54640
sand,54614
hits,54582
CIA,54573
joint,54527
Abby,54510
estate,54495
stopping,54386
chasing,54332
behavior,54309
bury,54291
debt,54217
swing,54212
navy,54192
bye-bye,54177
attitude,54162
Andrew,54150
kills,54131
abandoned,54105
assure,54093
agreement,54083
Greg,54082
Amanda,54078
windows,53992
trigger,53967
basement,53944
Mac,53914
task,53897
prize,53885
tiger,53882
backup,53882
solid,53873
Japan,53810
doll,53797
rip,53739
pathetic,53639
ignore,53550
robbery,53450
deck,53387
bust,53378
reputation,53315
district,53275
joined,53226
prisoners,53190
package,53167
events,53141
vampire,53094
gather,53075
deny,53054
hurting,53028
emotional,53023
Jamie,53017
background,52959
whispers,52900
stays,52857
mental,52799
bored,52770
politics,52764
actor,52764
quietly,52745
dollar,52725
violent,52714
comin,52686
Wilson,52672
hug,52668
greater,52667
surrender,52629
slave,52571
coincidence,52537
Carol,52527
apple,52498
Sally,52447
Molly,52350
surveillance,52334
committee,52329
channel,52318
wishes,52307
useful,52203
units,52167
pushing,52142
lack,52064
voices,52050
thrown,52041
footsteps,52011
Donna,51957
billion,51914
kitty,51855
disappointed,51833
potential,51780
c'mon,51720
quarter,51709
degrees,51673
shine,51637
embarrassing,51632
announcer,51595
thin,51494
Parker,51469
begins,51467
a.m,51463
bull,51458
movement,51449
delivery,51382
Frankie,51313
guts,51301
jumped,51296
screeching,51274
commit,51268
normally,51247
identity,51243
damned,51229
sec,51218
landing,51209
bound,51201
fuel,51195
division,51187
newspaper,51170
salt,51148
supply,51133
closet,51124
el,51082
Jordan,51081
talkin,51072
mighty,50958
network,50931
mustn't,50916
passion,50911
Hollywood,50885
designed,50860
Wayne,50853
wounded,50845
Jay,50817
option,50789
alcohol,50762
sports,50753
similar,50745
confidence,50730
seal,50723
survived,50696
baseball,50678
theater,50675
drew,50661
kissed,50604
Roman,50594
blast,50591
Katie,50495
teddy,50446
fed,50434
despite,50414
Betty,50390
tunnel,50379
Miller,50153
parties,50145
rolling,50135
someplace,50115
warned,50103
guide,50094
proceed,50055
explanation,50052
June,50045
warrior,50045
boots,50026
tone,49994
recall,49991
partners,49941
league,49903
customers,49896
mile,49882
teaching,49840
booth,49806
coward,49804
design,49796
settled,49781
impressed,49778
laws,49762
confirm,49754
latest,49741
gettin,49726
reward,49714
trail,49639
Tuesday,49623
assault,49618
r,49603
exit,49561
Beth,49551
crossed,49546
specific,49533
considering,49481
wing,49475
saint,49467
rabbit,49462
youth,49446
betrayed,49418
maid,49379
rape,49377
species,49365
robot,49357
Thursday,49278
believes,49252
gear,49206
fox,49186
cruel,49163
Jessica,49131
naturally,49108
beloved,49108
advance,49103
extraordinary,49099
shoe,49094
virgin,49090
fifth,49044
flag,49038
opposite,49002
accepted,48997
threatened,48964
sides,48950
bud,48946
bishop,48933
anytime,48932
lane,48911
confirmed,48900
breaks,48890
Ron,48883
possibility,48867
creatures,48805
theme,48804
frightened,48737
education,48736
Hitler,48725
chat,48683
earn,48664
wailing,48657
wipe,48629
couch,48567
disaster,48531
vice,48527
ve,48499
wallet,48489
confess,48435
Joseph,48432
status,48419
defeat,48399
title,48296
messages,48173
Lou,48100
studying,48097
fashion,48055
Albert,48036
cage,48024
unknown,48001
that'd,47976
pee,47946
lets,47770
champion,47758
crimes,47736
fever,47734
phones,47729
steel,47728
bug,47723
toward,47715
who'd,47646
response,47624
Cooper,47624
sensitive,47587
suits,47505
bowl,47496
Angeles,47456
Charlotte,47451
mixed,47426
sandwich,47370
legend,47370
jungle,47318
noble,47312
kidnapped,47292
urgent,47253
bat,47221
offering,47195
capital,47176
ª,47137
workers,47114
standard,47068
messed,47067
civil,47053
Catherine,47039
softly,47014
Uh-oh,46964
museum,46956
Angela,46954
burns,46952
sweat,46920
wins,46857
diamond,46854
Jo,46798
miserable,46758
guitar,46737
chip,46732
bars,46716
orange,46691
distant,46660
episode,46653
gee,46642
buzzing,46640
article,46606
murders,46591
dreaming,46578
mummy,46532
Ethan,46513
reported,46494
argue,46444
swimming,46439
Marie,46405
plastic,46376
massive,46335
Jean,46334
crush,46324
port,46305
cave,46287
cleared,46286
Earl,46275
trunk,46219
quality,46181
terrorist,46177
accent,46132
asks,46124
plain,46120
Margaret,46089
Ricky,46083
deserves,46067
lad,46044
rumbling,46027
decisions,46015
deputy,46012
gross,46006
traitor,46002
loan,45997
comfort,45971
tricks,45939
shy,45883
Germans,45881
cats,45841
cheer,45808
demand,45806
suspicious,45796
balance,45770
Lucas,45763
reaction,45742
bills,45711
childhood,45693
Todd,45651
loaded,45606
moaning,45545
daily,45530
Kenny,45498
downtown,45441
begging,45440
buck,45434
practically,45403
banks,45398
wasted,45377
golf,45368
cheating,45324
neighbor,45315
skull,45297
whirring,45271
Blake,45269
term,45260
Cole,45218
terribly,45203
embarrassed,45192
cells,45168
lifetime,45166
unique,45148
entrance,45136
cabin,45129
touching,45122
pretending,45121
Mm-hm,45108
behave,45068
butter,45061
valuable,45057
recent,45010
crisis,44971
selfish,44967
torture,44928
stress,44923
gray,44904
tracking,44837
ending,44832
particularly,44828
ward,44825
walker,44823
lion,44786
Martha,44779
gates,44762
tracks,44732
dealer,44728
perform,44712
walks,44688
punishment,44649
Hannah,44639
what're,44633
fairy,44629
identify,44622
express,44607
busted,44606
print,44591
beep,44586
suffered,44583
insist,44567
Sophie,44534
ease,44522
chill,44519
bible,44514
version,44492
confession,44478
lookin,44478
removed,44467
filthy,44419
kissing,44414
scratch,44409
entered,44389
Nancy,44341
toy,44339
facility,44316
jeez,44310
Hong,44298
self,44285
Nina,44271
frankly,44163
helicopter,44069
cock,44059
describe,44023
judgment,44003
link,43995
spit,43987
struggle,43965
tax,43937
nerve,43913
subtitles,43903
u,43885
Barbara,43875
clay,43867
Derek,43825
sacred,43817
motion,43795
Lewis,43794
Yup,43785
gym,43781
revolution,43781
stake,43778
impression,43776
refused,43771
odds,43767
pattern,43760
accused,43727
enjoying,43717
jokes,43715
prints,43712
therapy,43691
hopefully,43689
souls,43676
adult,43560
Jess,43536
aim,43522
delivered,43511
Jewish,43511
customer,43469
x,43454
collection,43440
charity,43432
surrounded,43332
costs,43313
Jacob,43298
financial,43291
nail,43276
Carlos,43234
homework,43180
Harold,43170
ceremony,43167
seats,43150
indistinctly,43129
Mickey,43109
Brad,43094
citizens,43085
interrupt,43071
exercise,43051
reminds,43049
imagination,43046
gain,43024
grass,42998
Stephen,42992
recording,42951
favour,42941
pet,42912
heck,42905
cleaned,42899
Kong,42891
offense,42879
prick,42857
gentle,42854
blown,42851
digging,42836
Boston,42784
purse,42769
sync,42761
homes,42756
Mmm-hmm,42725
classic,42722
spirits,42686
Casey,42686
wore,42683
officially,42658
smiling,42648
experiment,42608
attractive,42600
culture,42597
blessed,42591
machines,42582
drawing,42578
routine,42577
vic,42567
underground,42540
Vince,42533
arranged,42504
activity,42503
shown,42500
bail,42454
Ken,42453
starving,42435
actions,42398
ghosts,42389
Russia,42382
struck,42346
painful,42337
generous,42316
teams,42299
Marshall,42298
punk,42268
hail,42247
fence,42239
loyal,42237
neighbors,42237
freaking,42234
blade,42223
patience,42218
Berlin,42217
answering,42201
forth,42174
cap,42171
electricity,42153
satellite,42121
sheep,42058
monitor,42057
skip,42045
Rebecca,42043
crystal,42039
charged,42025
dropping,42010
servant,41987
mysterious,41986
Ian,41953
Dennis,41919
Miami,41913
Davis,41906
Gus,41903
pope,41902
hood,41882
underneath,41857
mix,41839
Francis,41838
conditions,41812
foolish,41798
technically,41758
pulse,41735
fucker,41722
chairman,41698
idiots,41666
knight,41663
wounds,41646
owns,41636
shout,41621
procedure,41610
dumped,41577
timing,41560
turkey,41495
Ann,41484
angels,41448
uses,41442
pipe,41418
transport,41409
sport,41392
mobile,41386
Ali,41384
Jews,41379
sounded,41359
arrange,41320
drill,41315
lawyers,41286
outfit,41246
concentrate,41236
yells,41222
cancel,41221
holly,41216
attend,41213
wrap,41211
brand,41185
escort,41152
films,41149
singer,41142
stones,41139
options,41112
drama,41059
twelve,41041
Lois,41028
apology,41023
bleep,41008
math,41003
cigarettes,40990
meantime,40948
injured,40947
patrol,40943
guilt,40937
frozen,40934
players,40926
alpha,40914
ages,40912
Mason,40848
production,40841
territory,40794
reasonable,40776
hoped,40766
nephew,40722
organization,40710
degree,40688
enjoyed,40685
Virginia,40660
hills,40653
argument,40649
Francisco,40637
testing,40635
mistress,40615
placed,40611
Oscar,40592
homicide,40591
beef,40575
host,40546
clinic,40528
k,40527
instructions,40518
basic,40491
Jin,40452
influence,40447
Caesar,40422
behalf,40421
Mars,40418
affairs,40392
Justin,40380
Italy,40368
fetch,40367
afterwards,40355
captured,40336
diamonds,40325
admiral,40324
L.A,40314
beneath,40311
construction,40291
religion,40280
bombs,40279
cheat,40271
Leonard,40243
Carrie,40230
sample,40221
Randy,40200
concert,40190
heroes,40166
Russell,40137
product,40127
bitches,40095
Nate,40077
headquarters,40065
holes,40065
waves,40038
replace,40027
throughout,40021
existence,40011
Holmes,40002
footage,39975
lightning,39974
Steven,39953
rats,39943
profile,39895
sink,39856
inform,39816
Stanley,39810
fields,39755
temperature,39739
Ellen,39713
awkward,39703
grey,39688
coke,39679
criminals,39657
boxes,39622
Aaron,39618
packed,39617
clicking,39617
le,39614
Jeremy,39610
traveling,39602
beaten,39602
earned,39575
hammer,39566
fort,39561
landed,39520
divorced,39512
Jennifer,39497
prayer,39459
beside,39412
Liz,39408
badge,39394
oxygen,39378
Olivia,39377
pleasant,39375
fifty,39369
respond,39351
thick,39346
humanity,39302
conscience,39293
Russians,39277
average,39268
equal,39266
sauce,39210
bout,39209
flies,39200
merely,39170
Florida,39162
fleet,39160
monsters,39160
Michelle,39153
effects,39146
chamber,39107
claims,39097
commissioner,39047
unlike,39038
mouse,39034
w,39015
loyalty,39005
religious,38994
holds,38985
strip,38963
belly,38943
election,38940
visiting,38939
doorbell,38901
Matthew,38892
Lincoln,38863
scientists,38854
flew,38848
blah,38819
laundry,38809
supplies,38800
strangers,38794
generation,38783
liberty,38770
Dylan,38769
incredibly,38759
humming,38758
script,38747
circus,38746
core,38744
signature,38716
fans,38705
angle,38660
bells,38659
Anthony,38654
ambassador,38625
presents,38624
reckon,38620
western,38613
pour,38596
benefit,38596
shelter,38583
pat,38577
blocks,38574
smaller,38560
corrected,38553
prevent,38530
rocket,38513
messing,38500
sonny,38495
Jonathan,38495
uncomfortable,38462
fighter,38459
snap,38454
no-one,38439
lousy,38436
complex,38413
precisely,38371
thirty,38347
developed,38296
guessing,38291
Norman,38223
wives,38220
gifts,38206
related,38169
hers,38131
Monica,38109
citizen,38060
answered,38057
adventure,38051
paradise,38050
alley,38039
attacks,38036
cloud,38035
monk,37986
Greek,37958
kit,37956
worries,37951
returning,37949
tries,37922
frame,37912
accounts,37904
figures,37890
noon,37889
tune,37886
v,37876
hopes,37861
hostage,37860
beings,37859
banging,37852
choices,37851
costume,37845
ripped,37839
reverend,37838
smooth,37831
Wednesday,37806
Logan,37800
slipped,37780
Elena,37780
protected,37765
Caroline,37764
robbed,37693
unhappy,37657
gimme,37650
coughs,37627
Batman,37616
dish,37609
contest,37582
drank,37581
yell,37576
buzz,37576
principal,37573
fools,37558
na,37552
pitch,37539
flow,37527
Sandy,37463
tragedy,37439
anniversary,37411
chips,37407
industry,37403
wondered,37392
jet,37390
occasion,37377
Han,37361
AII,37357
chaos,37332
pit,37330
habit,37303
authorities,37302
foster,37294
satisfied,37291
Malcolm,37285
stable,37269
rifle,37251
mud,37242
sneak,37228
hid,37182
underwear,37176
passport,37163
determined,37162
combat,37150
jersey,37150
tradition,37098
conversations,37097
realise,37096
whimpering,37084
warehouse,37074
rotten,37053
whistling,37038
relief,37033
spin,37026
shield,37023
invented,36993
marshal,36985
invisible,36981
woo,36974
raped,36971
random,36953
thus,36929
represent,36921
creepy,36893
engines,36888
throne,36881
internal,36868
cowboy,36854
ii,36847
whiskey,36834
Alexander,36825
listened,36811
Raymond,36804
pin,36795
comment,36778
begun,36773
pigs,36772
resist,36756
destruction,36740
lads,36713
sets,36703
nearby,36700
salad,36699
cared,36698
honking,36684
impact,36682
suspects,36641
gunfire,36633
motel,36632
nigger,36610
deaf,36594
yards,36577
highest,36557
kicking,36539
scientist,36515
motive,36501
Willie,36462
penis,36442
documents,36441
bothering,36440
helpful,36403
granted,36389
highway,36378
goodnight,36361
Tina,36348
ex,36335
Mitch,36322
environment,36322
log,36311
Spain,36298
electric,36287
limit,36280
hop,36272
pays,36262
mistaken,36252
interests,36229
stretch,36205
quarters,36198
Ruth,36174
comrade,36162
invitation,36149
liver,36139
tits,36138
ln,36133
sail,36126
finest,36094
Zoe,36085
cliff,36070
Sammy,36068
deeper,36065
exists,36064
capture,36055
charm,36054
Wendy,36007
fantasy,35982
remote,35954
serial,35936
brief,35925
stark,35909
beats,35894
mia,35875
clown,35874
atmosphere,35858
facing,35785
worthy,35762
wheels,35740
personality,35720
checks,35710
tattoo,35709
jam,35679
consequences,35668
knee,35657
Toby,35654
bum,35653
maintain,35651
moron,35647
daisy,35641
gunshots,35624
fascinating,35624
minor,35613
photograph,35599
shed,35587
intelligent,35581
extreme,35572
heavens,35534
Ralph,35512
levels,35506
ye,35501
worrying,35496
possession,35491
powder,35486
erm,35483
unable,35412
Ford,35387
bend,35380
surgeon,35362
patch,35362
Williams,35358
fifteen,35354
growls,35299
assignment,35299
tap,35289
confident,35285
resistance,35275
threatening,35271
dates,35261
individual,35232
tastes,35207
bush,35188
multiple,35187
lessons,35165
sins,35153
shell,35152
resources,35143
heal,35141
gene,35140
junk,35116
aliens,35113
August,35094
chop,35077
centre,35054
shared,34944
oi,34927
apply,34917
supper,34914
informed,34857
joining,34855
shark,34849
locker,34838
companies,34835
survival,34806
matches,34795
safely,34794
grabbed,34765
waters,34741
makeup,34737
cries,34725
Latin,34709
testify,34699
imagined,34694
propose,34692
dreamed,34673
active,34672
jazz,34654
Owen,34652
slap,34645
session,34637
drives,34632
clouds,34619
actress,34614
muffled,34603
weed,34592
sales,34572
July,34566
cried,34566
personnel,34560
wicked,34549
Eva,34531
p.m,34530
Ashley,34519
trauma,34516
chirping,34516
chanting,34485
jumping,34480
cable,34476
absolute,34475
marine,34461
serving,34440
radar,34428
dragged,34415
uhh,34388
passes,34386
halfway,34385
twins,34362
battery,34359
Quinn,34358
goods,34346
leak,34331
exposed,34314
favourite,34313
fights,34310
beans,34266
opera,34254
tooth,34231
moral,34214
dope,34206
academy,34204
worker,34178
slightly,34177
Ned,34160
connect,34087
paperwork,34076
entry,34076
pages,34052
tools,34028
discover,34022
shouts,34017
marrying,33992
reveal,33967
intense,33953
ouch,33950
recommend,33945
southern,33945
Barney,33936
fires,33911
acts,33907
policeman,33907
farewell,33897
roaring,33877
meters,33866
engineer,33863
investigating,33862
sirens,33817
daughters,33816
Travis,33804
liquor,33791
appeared,33779
Noah,33774
muscle,33761
Rita,33742
occurred,33740
string,33737
exam,33729
Ronnie,33721
superior,33713
counts,33676
squeeze,33672
emotions,33661
pole,33660
annoying,33655
aid,33638
rocky,33635
covering,33624
instance,33613
bureau,33612
slaves,33606
classes,33595
Irish,33574
mount,33525
visitors,33523
produce,33514
Tokyo,33507
critical,33497
tale,33471
Watson,33464
currently,33455
require,33446
Shane,33441
review,33426
Harris,33425
punished,33412
grief,33412
thieves,33408
Judy,33407
pan,33402
communication,33401
Neil,33398
countries,33394
Seth,33391
eagle,33380
gambling,33376
Homer,33370
weakness,33361
lend,33357
everyday,33341
terrorists,33333
abandon,33327
wars,33317
intention,33275
bunny,33259
Walt,33246
scan,33226
exhausted,33220
complain,33216
meanwhile,33208
strategy,33201
Diane,33200
demons,33194
Bonnie,33182
sire,33174
stabbed,33172
privacy,33159
increase,33148
net,33143
tend,33134
feeding,33132
required,33131
prom,33124
necklace,33122
shore,33121
sighing,33116
barn,33115
Craig,33107
infected,33058
engagement,33047
ad,33027
catching,33027
transferred,33018
enterprise,33014
pile,32997
pro,32973
thirsty,32972
vessel,32971
freezing,32965
appropriate,32963
previous,32959
toys,32952
gloves,32944
yay,32939
schools,32929
troubles,32923
cheated,32908
plants,32899
tense,32882
commercial,32875
scientific,32859
corpse,32858
planes,32847
Wade,32819
Julian,32819
assuming,32792
investigate,32791
furniture,32791
Connor,32790
lance,32770
radiation,32712
Louise,32710
slide,32672
Victoria,32671
fits,32663
arts,32648
brick,32648
Mulder,32644
baker,32626
corn,32615
washed,32605
boo,32604
admire,32601
safer,32596
peaceful,32596
soap,32588
avenue,32568
succeed,32567
flip,32556
pound,32536
Mexican,32535
fabulous,32519
sends,32495
shooter,32488
casino,32472
lovers,32472
rounds,32466
goat,32463
Lawrence,32446
global,32446
compared,32446
stroke,32436
Gloria,32435
Indians,32421
sealed,32394
dancer,32388
undercover,32386
parent,32385
arrow,32378
visual,32377
retired,32367
stubborn,32338
plates,32330
Tracy,32309
symbol,32296
eternal,32293
humor,32288
motor,32280
steak,32250
insult,32246
blonde,32243
mi,32242
shortly,32219
con,32207
studied,32203
obey,32203
Elliot,32200
awfully,32188
headache,32174
Evan,32169
Audrey,32158
entering,32151
arguing,32149
sharing,32145
fraud,32134
unfortunate,32117
causing,32107
Sydney,32050
Joan,32048
kings,32043
cities,32030
e-mail,32025
whip,32024
objection,32021
diet,32014
forms,31999
bottles,31992
operations,31992
stepped,31986
advanced,31946
deadly,31940
Murphy,31937
soda,31927
giggles,31922
divine,31910
effective,31897
scale,31895
rub,31876
Warren,31869
attached,31849
Karl,31843
payment,31842
driven,31839
cookies,31834
promises,31822
employees,31820
assholes,31796
Philip,31792
beard,31782
damaged,31781
suggesting,31758
Keith,31726
wisdom,31699
Nicky,31699
cunt,31692
widow,31688
native,31681
experienced,31669
chin,31667
punish,31660
tent,31647
upper,31638
phase,31636
commission,31621
lemon,31619
Wallace,31604
shaking,31593
medication,31561
shoulders,31560
greetings,31551
cents,31549
burden,31539
bears,31530
analysis,31516
typical,31512
sack,31511
crashing,31506
festival,31503
Dale,31502
mall,31498
tube,31492
sunshine,31491
betray,31463
Moscow,31463
Eli,31452
branch,31449
structure,31449
Riley,31438
Gibbs,31421
honeymoon,31395
madness,31385
priority,31340
manner,31337
cookie,31332
pos,31315
Herr,31302
producer,31299
nut,31293
Megan,31291
population,31288
Jill,31287
award,31286
solved,31283
spider,31280
hon,31253
remarkable,31235
Shawn,31207
what'll,31207
alibi,31192
stations,31183
groups,31179
sticks,31176
obsessed,31166
pump,31165
dishes,31154
Shaw,31153
assumed,31135
defendant,31132
mob,31111
teachers,31086
farmer,31081
tech,31068
testimony,31063
nicely,31058
requires,31053
cuts,31049
passengers,31046
differently,31040
halt,31040
pill,31012
drawn,31006
hip,30985
praise,30975
Gabriel,30960
superman,30948
Janet,30946
temporary,30943
rumors,30941
sticking,30934
development,30930
computers,30924
rage,30915
Maya,30912
profit,30906
delay,30900
vault,30896
nest,30884
Houston,30871
colors,30871
leaders,30871
immediate,30859
needle,30851
fu,30850
painted,30839
management,30838
romance,30838
poetry,30810
lands,30809
chemical,30770
Tara,30765
porn,30759
naughty,30749
magnificent,30736
Bo,30732
en,30724
Allen,30723
focused,30707
chapter,30701
fund,30695
shocked,30671
treating,30643
description,30638
boats,30634
bee,30619
Jew,30608
happily,30607
labor,30602
slut,30593
magical,30568
gravity,30563
wears,30563
novel,30517
socks,30504
sarge,30490
conspiracy,30484
archer,30478
Troy,30445
pockets,30437
plot,30416
fingerprints,30415
Nicole,30409
dive,30401
coin,30394
counter,30394
pearl,30387
Hector,30380
bid,30368
Ellie,30338
ahem,30319
tag,30313
fond,30305
retreat,30305
centuries,30304
owned,30300
crane,30291
manners,30277
granny,30277
assistance,30272
Korean,30264
appeal,30257
elephant,30253
Korea,30245
rising,30241
killers,30224
instrumental,30206
wagon,30204
poker,30199
measure,30190
Franklin,30188
separated,30178
twist,30175
lungs,30163
shadows,30160
Manny,30157
beam,30155
pops,30152
limited,30138
Felix,30127
dressing,30121
buildings,30117
praying,30111
homeless,30111
apologies,30075
employee,30070
brush,30069
mothers,30066
ash,30031
reverse,30019
Pam,30016
backwards,29993
blessing,29990
drops,29983
bucket,29982
swallow,29974
poisoned,29973
oath,29968
bugs,29968
recorded,29929
images,29926
Diana,29920
Natalie,29915
depressed,29871
relationships,29869
blaring,29857
wizard,29846
cargo,29834
areas,29815
tribe,29809
catholic,29805
Diego,29804
valentine,29794
bitter,29788
lap,29787
Alicia,29772
thanksgiving,29769
anxious,29767
Lana,29762
Jules,29759
Nelson,29757
Kang,29750
explained,29747
auntie,29719
Dutch,29700
intel,29678
terrified,29678
kidnapping,29671
Mitchell,29671
Benny,29661
talented,29654
wrapped,29654
intended,29651
dings,29637
lazy,29636
Canada,29632
chicks,29621
vodka,29617
Iike,29614
colour,29608
creating,29598
reception,29587
October,29583
September,29564
recover,29558
electronic,29540
basketball,29536
galaxy,29534
von,29526
cellphone,29523
repair,29523
specifically,29523
roads,29503
eats,29486
bait,29484
abuse,29471
giggling,29461
expression,29450
dessert,29448
Sid,29441
tragic,29440
item,29434
worlds,29418
questioning,29400
ultimate,29393
zoo,29390
boot,29388
blanket,29372
coma,29370
returns,29370
Sebastian,29366
click,29344
grows,29336
tissue,29336
protocol,29329
root,29323
vampires,29322
towel,29318
terror,29314
Bart,29313
inner,29301
republic,29301
appearance,29292
handed,29291
enormous,29287
forgiveness,29283
alliance,29265
nigga,29265
demands,29221
bingo,29211
Graham,29205
proposal,29201
booze,29197
meetings,29187
Allison,29181
injury,29178
nerves,29172
fridge,29172
discussion,29164
foundation,29164
wha,29150
heroin,29146
operate,29138
Cameron,29124
cherry,29102
scout,29097
deserved,29061
closest,29036
soil,29031
packing,28991
tested,28989
d'you,28978
reporting,28971
crossing,28961
infection,28957
mo,28953
identified,28943
burnt,28916
waiter,28906
suspected,28872
toes,28870
preparing,28869
clan,28863
function,28855
disturb,28854
lamb,28850
denied,28831
searched,28820
torn,28801
hooked,28791
poem,28790
suite,28780
Halloween,28773
cocaine,28752
perimeter,28746
basis,28738
studies,28730
colleague,28727
suitcase,28726
racing,28723
prosecutor,28721
permanent,28718
guardian,28708
provided,28697
album,28689
gently,28687
mankind,28680
Vietnam,28679
prayers,28673
raw,28670
Freddy,28658
palm,28651
elderman,28649
stab,28638
polite,28631
corporate,28625
warriors,28623
asses,28622
affect,28622
masters,28612
proved,28611
Veronica,28594
uh-uh,28594
bits,28594
concerns,28560
inch,28551
amongst,28551
operating,28544
counsel,28540
ace,28539
Christine,28531
ashes,28519
causes,28515
fried,28509
Samantha,28489
skill,28486
inches,28478
shitty,28472
dismissed,28466
gut,28462
foul,28458
executive,28443
salary,28442
skinny,28436
investment,28434
registered,28431
Dana,28418
delighted,28409
forbidden,28397
l'll,28375
parade,28329
theatre,28323
crashed,28311
dial,28303
sector,28302
tons,28281
scar,28280
broad,28278
musical,28251
regarding,28247
polish,28234
primary,28231
stink,28217
lame,28213
Mick,28209
web,28202
introduced,28193
statue,28183
deaths,28174
Debbie,28169
honored,28165
li,28149
smarter,28145
Benjamin,28141
budget,28134
promotion,28085
shining,28085
wealth,28064
handled,28050
temper,28041
sober,28039
Bailey,28032
storage,28031
concept,28027
recovered,28018
bleed,28014
bacon,28012
potatoes,28008
tryin,28006
northern,27995
embassy,27965
explains,27949
parked,27942
Collins,27934
constantly,27920
Jon,27868
Palmer,27864
pierce,27858
Spencer,27852
rubbish,27848
missile,27846
Curtis,27839
toss,27831
constant,27826
Turner,27819
Mikey,27798
Soviet,27791
pirate,27778
dont,27769
discovery,27767
psycho,27764
buddies,27755
corporal,27731
wolves,27727
gathered,27716
medal,27687
Lloyd,27684
added,27682
roses,27649
whistles,27646
combination,27642
cotton,27634
bump,27633
vulnerable,27632
Heather,27629
Christopher,27623
characters,27620
Lauren,27619
paranoid,27607
tire,27606
Donald,27604
necessarily,27594
assigned,27593
Kent,27589
understands,27588
colleagues,27571
sorts,27567
rear,27541
sheets,27532
grounds,27528
petty,27503
advise,27497
drown,27495
supreme,27492
belonged,27491
approve,27486
permit,27483
louder,27482
symptoms,27468
spotted,27464
acid,27464
Leslie,27461
roommate,27446
ruby,27443
breach,27441
ram,27440
illness,27437
determine,27436
suggested,27427
yang,27415
booked,27415
visited,27404
puppy,27401
pork,27379
warden,27371
delicate,27358
drawer,27329
conduct,27327
explode,27316
acted,27312
November,27309
eastern,27303
et,27279
operator,27269
Khan,27266
gum,27265
largest,27261
counselor,27247
lex,27238
samples,27237
forgetting,27236
positions,27221
editor,27215
smash,27214
stare,27191
announcement,27188
solo,27186
laying,27177
requested,27174
Brooklyn,27165
relatives,27164
grid,27150
sweep,27148
raising,27143
bothered,27129
scum,27128
Hal,27121
deposit,27107
Gina,27106
horror,27093
pillow,27092
happier,27056
tool,27039
celebrating,27035
Clara,27032
severe,27021
Anderson,27019
cooked,27015
sore,27007
amber,27001
absurd,26980
shove,26979
tennis,26978
alike,26961
burst,26959
bargain,26947
entertainment,26941
leather,26941
niece,26937
sucker,26935
sheet,26922
judges,26912
tapes,26899
baron,26898
Richie,26891
misery,26877
fry,26870
quote,26863
nails,26863
lighter,26862
fathers,26845
larger,26826
located,26819
Brandon,26800
organized,26775
height,26764
humble,26759
unconscious,26752
arrival,26750
include,26729
Manhattan,26724
Alfred,26722
hostages,26704
contrary,26704
sniffles,26700
cal,26689
shave,26681
reed,26671
unfair,26665
misunderstanding,26655
un,26650
recognized,26648
completed,26647
complaint,26636
relieved,26629
rumor,26627
scotch,26618
nap,26613
hut,26603
conflict,26600
massage,26600
lit,26591
taxes,26567
creaking,26561
Marco,26545
locate,26542
wreck,26528
Ivan,26519
dignity,26512
shepherd,26509
creative,26507
sang,26505
electrical,26505
wee,26491
who'll,26472
steam,26471
achieve,26470
raining,26464
marked,26461
splendid,26453
rap,26451
diary,26449
threaten,26442
candidate,26441
coordinates,26433
photographs,26371
turtle,26369
cooperate,26334
actors,26331
wiped,26313
floating,26300
closely,26293
cHFFFFFF,26287
Oops,26256
complaining,26253
vital,26242
engage,26237
jewelry,26225
Harper,26204
fairly,26203
shotgun,26203
helmet,26197
remaining,26194
I.D,26194
injuries,26176
Kirk,26157
Scotland,26151
soccer,26116
martial,26096
solar,26093
si,26088
posted,26082
Adrian,26079
cattle,26077
senses,26076
interfere,26075
planted,26071
faint,26066
murmuring,26054
psychic,26046
shuttle,26028
various,26024
goddess,26024
potato,26014
brakes,25995
cam,25995
purple,25990
gotcha,25979
visitor,25978
overnight,25973
Liam,25957
champ,25944
audition,25928
congress,25925
Katherine,25922
cart,25914
luggage,25912
sixth,25901
announce,25900
sobs,25895
Juan,25891
believing,25875
hack,25864
fee,25858
lean,25855
technique,25847
ham,25843
ranch,25834
Leon,25834
debate,25829
register,25817
speaker,25788
carpet,25773
outer,25767
Lenny,25757
communicate,25754
artists,25742
rM,25738
Carla,25722
classified,25720
method,25717
dug,25716
Nicholas,25705
tanks,25701
cursed,25693
fist,25687
boarding,25675
cannon,25669
physically,25668
menu,25661
newspapers,25656
independent,25647
glorious,25645
anonymous,25641
Kennedy,25640
sniffs,25633
instant,25632
Unh,25624
lecture,25612
chopper,25611
sunny,25604
static,25603
flame,25601
error,25599
washing,25599
parole,25598
laughed,25584
genetic,25568
worn,25559
aircraft,25557
Vanessa,25551
raid,25545
controls,25535
carson,25533
autopsy,25531
vast,25530
paintings,25523
goose,25508
Britain,25493
rubber,25473
twin,25473
admitted,25464
pepper,25454
Cindy,25453
impress,25445
adorable,25444
inhales,25430
borrowed,25419
whimpers,25418
Bauer,25417
invasion,25409
cabinet,25408
votes,25406
Chan,25376
lip,25372
ancestors,25358
ginger,25340
commitment,25335
kindness,25317
barrel,25315
unexpected,25305
Damon,25283
dammit,25275
basket,25259
attacking,25258
folk,25242
limits,25239
disturbing,25217
screwing,25213
kay,25213
servants,25212
surprises,25210
copies,25196
adults,25178
negotiate,25174
corps,25158
threats,25158
Rosie,25156
comedy,25148
celebration,25148
Miranda,25143
motherfuckers,25141
fooled,25137
grandson,25124
worthless,25119
spike,25101
breasts,25099
pistol,25095
porter,25091
keen,25085
lobby,25082
Colin,25079
plague,25075
embrace,25070
Excellency,25068
nanny,25020
gig,24983
trucks,24983
liquid,24982
clothing,24976
spiritual,24974
las,24948
gathering,24946
develop,24943
ton,24916
deals,24910
twisted,24904
aggressive,24900
detectives,24898
executed,24896
trailer,24875
swore,24871
spoil,24856
nder,24855
volunteer,24849
stinks,24838
plug,24832
Nora,24812
pacific,24808
filed,24781
oldest,24775
swell,24769
subway,24767
Antonio,24767
rex,24762
gossip,24747
ladder,24745
drowned,24730
Sharon,24726
emotion,24725
Zack,24722
silk,24713
efforts,24713
document,24700
existed,24698
eleven,24688
alternative,24685
collar,24683
Iraq,24681
discussed,24678
destroying,24646
controlled,24639
Australia,24634
Dallas,24618
excitement,24613
Burke,24601
th,24599
replaced,24597
signing,24596
region,24590
recovery,24587
tub,24579
neat,24568
elements,24564
belief,24564
chess,24562
geez,24561
daylight,24551
sequence,24538
Phoebe,24534
duties,24515
whale,24514
sailor,24510
engineering,24505
lamp,24490
passage,24486
Mel,24484
butcher,24480
dated,24477
horns,24476
Trevor,24474
fears,24469
types,24465
Duncan,24455
civilian,24440
crushed,24439
envelope,24436
rusty,24435
rely,24429
crawl,24425
handling,24418
cracked,24409
rank,24402
anyways,24382
arrangement,24372
traditional,24358
password,24356
coffin,24352
Becky,24344
harbor,24342
ranger,24338
kisses,24325
Sheldon,24323
objects,24316
ties,24313
ideal,24309
scenes,24307
Stuart,24287
pale,24281
Lydia,24276
dull,24263
tables,24247
kung,24244
Finn,24242
survivors,24226
transmission,24225
associate,24222
slight,24208
privilege,24208
flames,24206
dong,24198
strikes,24196
eternity,24195
hopeless,24192
practical,24180
theft,24177
Egypt,24175
tortured,24171
Dorothy,24165
Jen,24147
fighters,24132
im,24130
arrangements,24130
display,24127
penalty,24125
bin,24114
insisted,24097
significant,24094
fixing,24089
Connie,24054
targets,24049
cemetery,24045
bare,24045
sayin,24035
compliment,24027
continued,24010
sis,24006
codes,23988
destination,23986
arrives,23971
defeated,23969
lung,23969
Potter,23947
grip,23947
upside,23944
wished,23918
dough,23915
ceiling,23910
rattling,23910
senate,23896
Melissa,23893
Satan,23890
hatch,23860
sucked,23859
attempted,23855
blank,23851
Freddie,23844
contacts,23837
hunger,23834
broadcast,23834
clubs,23833
frog,23803
dedicated,23796
retire,23787
Pierre,23782
journalist,23782
bench,23768
excuses,23766
Woody,23765
Gwen,23763
Bernard,23758
kindly,23756
holidays,23756
sources,23749
bold,23747
stuffed,23747
burger,23730
feast,23718
application,23684
heir,23674
deer,23667
heels,23665
mortal,23661
ally,23660
Frodo,23658
Ji,23645
mere,23631
funds,23630
dining,23618
judging,23613
Scully,23596
arriving,23594
worm,23591
struggling,23590
planets,23583
Stefan,23581
waking,23578
inspired,23574
abroad,23570
loses,23563
rod,23561
described,23556
prior,23553
blocked,23543
wells,23534
gallery,23525
banana,23521
thumb,23515
perspective,23513
cows,23502
economy,23499
climbing,23495
execution,23495
screech,23494
sings,23479
strings,23478
react,23477
claimed,23475
tin,23475
zombie,23465
relations,23464
inn,23458
darn,23455
pub,23452
feds,23446
narrow,23445
slice,23444
campus,23431
risks,23429
almighty,23428
drum,23422
sunset,23416
lick,23413
samurai,23412
Perry,23402
maximum,23394
accidentally,23363
ritual,23355
nowadays,23345
African,23341
filling,23333
residence,23320
stream,23312
December,23305
pounding,23303
scheduled,23293
European,23291
Romeo,23290
faithful,23285
Kurt,23270
helpless,23268
relative,23244
therapist,23220
shrink,23218
Paige,23209
Doyle,23205
observe,23195
suspended,23183
rehearsal,23183
consciousness,23180
dummy,23166
revealed,23159
freaked,23155
chi,23137
motorcycle,23136
harsh,23126
receiving,23112
mole,23081
ew,23074
wrist,23073
spots,23072
thud,23061
strictly,23060
communications,23057
sits,23056
poet,23054
nkÖÖ,23053
di,23048
brutal,23045
slams,23044
Argh,23037
Tess,23031
breast,23028
hooker,23026
imperial,23015
items,23009
disagree,23008
photographer,22997
Dexter,22986
backs,22980
kara,22972
Nazi,22972
monkeys,22971
reaching,22962
ay,22959
content,22955
risky,22939
conclusion,22933
discipline,22929
laser,22923
loudly,22917
nations,22907
assassin,22905
defence,22903
creep,22883
ticking,22871
practicing,22868
envy,22867
Boyd,22862
activities,22860
cruise,22850
del,22847
so-called,22829
Sherlock,22824
attracted,22808
Reese,22808
fame,22791
Caleb,22791
defending,22791
cease,22783
dock,22777
there'd,22777
pirates,22775
Angie,22775
Bernie,22774
old-fashioned,22774
elsewhere,22754
roars,22747
formula,22740
bass,22736
connections,22732
owes,22719
choking,22716
journal,22702
accurate,22701
waitress,22695
recognise,22694
sworn,22693
comic,22690
protest,22684
beers,22678
orbit,22672
instinct,22671
perfume,22669
Seattle,22663
arse,22653
ex-wife,22651
Meg,22644
toe,22643
worship,22637
tricky,22610
handy,22608
Winston,22605
profession,22603
adopted,22601
candles,22599
Thompson,22595
ja,22588
laptop,22582
reporters,22577
rhythm,22571
scandal,22564
dime,22552
cracking,22539
retirement,22532
column,22525
airplane,22523
meets,22513
fuss,22512
Morris,22508
Glenn,22506
suggestion,22503
Rodney,22491
chickens,22491
Jenna,22483
anyhow,22478
Zach,22470
Harvard,22451
Lester,22448
sum,22442
chuckle,22441
Israel,22432
theirs,22420
squealing,22412
Jan,22408
creation,22405
Rory,22399
ensure,22399
passenger,22382
directions,22344
drain,22338
thrilled,22335
hush,22335
violet,22332
absence,22317
echo,22304
physics,22303
losers,22302
graduate,22294
affected,22289
Fiona,22272
dentist,22271
somewhat,22271
hatred,22257
phoenix,22254
Adams,22246
Arabic,22242
Alison,22234
pointing,22228
hallway,22223
boxing,22221
marvelous,22219
Rosa,22218
Finch,22218
January,22212
platform,22206
minimum,22195
chains,22194
depend,22184
clattering,22182
skirt,22182
declare,22171
armor,22171
winds,22166
approval,22165
switched,22164
wandering,22163
importance,22160
this'll,22157
didn,22146
groom,22133
sweater,22128
fooling,22127
lo,22126
Randall,22121
element,22121
compare,22115
persons,22115
snarling,22108
generations,22106
rot,22100
Brooke,22100
Phillip,22095
Brenda,22086
Georgia,22084
compound,22081
chased,22077
psychiatrist,22074
ofthe,22048
tender,22047
trains,22044
spill,22036
bonus,22034
Hans,22025
Brennan,22012
Isaac,22007
principle,22001
Harrison,21999
picnic,21991
cycle,21985
Chandler,21968
sakes,21963
civilization,21959
examine,21959
communist,21955
intentions,21952
Hawaii,21946
clerk,21945
forty,21930
disappoint,21924
Stella,21921
Kane,21919
mill,21914
seed,21910
stiff,21908
chimes,21903
marines,21903
confusing,21902
se,21886
oven,21880
ego,21868
brass,21867
clearing,21867
Robbie,21860
ransom,21848
capacity,21845
Meredith,21833
pointed,21832
delta,21831
Jung,21826
stores,21822
dudes,21822
howling,21809
prey,21806
Claus,21803
jolly,21801
islands,21800
Paula,21795
Edgar,21792
savage,21791
bloke,21788
reminded,21780
established,21780
distracted,21779
courtesy,21778
moans,21778
vanished,21769
database,21763
hockey,21747
vain,21740
homeland,21733
ditch,21732
rebel,21729
technical,21727
rangers,21716
formal,21713
spray,21710
dealt,21707
hee,21698
Afghanistan,21695
forbid,21690
lawn,21690
disturbed,21686
bearing,21684
Atlantic,21683
officials,21679
blackmail,21678
luckily,21639
Nikki,21620
tomb,21606
bets,21605
snakes,21584
assist,21577
appetite,21568
sorrow,21567
scent,21566
endless,21561
gratitude,21560
era,21559
warp,21554
convenient,21548
tournament,21535
cocks,21522
Flynn,21521
pursuit,21519
Barnes,21512
blues,21511
entitled,21510
incoming,21505
puzzle,21504
circles,21491
brandy,21488
explosives,21486
McGee,21453
kidney,21447
proves,21443
Burt,21441
models,21436
candle,21427
iris,21396
manual,21381
spinning,21381
reservation,21374
Wong,21349
genuine,21341
belle,21329
cellar,21327
bubble,21324
might've,21319
civilians,21318
surprising,21306
comrades,21300
butler,21296
hostile,21292
pace,21288
We'II,21285
Joel,21276
Rudy,21264
approximately,21261
logic,21260
Tucker,21259
administration,21248
Moses,21245
corporation,21245
proven,21231
chap,21227
doubts,21224
Arnold,21224
seeking,21222
Jeffrey,21213
beds,21211
improve,21206
pm,21205
Madison,21196
tide,21194
nearest,21190
healing,21188
fortunately,21188
Sullivan,21186
democracy,21186
sickness,21183
addition,21177
hears,21176
patty,21161
offended,21148
methods,21125
finishing,21116
shares,21107
Pablo,21099
signals,21096
rode,21089
discussing,21084
ministry,21083
buttons,21079
rolls,21076
cocktail,21068
Wally,21061
accomplished,21061
elder,21058
hissing,21057
bounce,21056
Elaine,21046
apologise,21020
triple,21013
dunno,20999
vehicles,20996
assured,20994
dresses,20985
institute,20982
indicate,20981
fellows,20958
lunatic,20957
messenger,20957
subjects,20952
Cassie,20950
Wu,20932
Wyatt,20923
colony,20921
muscles,20919
faced,20915
shields,20898
concrete,20896
Marvin,20894
cooperation,20891
contacted,20881
tis,20878
tension,20876
skies,20873
thinkin,20871
glove,20869
convicted,20866
peanut,20864
creek,20859
Chen,20858
Jessie,20857
panties,20857
dee,20854
gal,20853
Douglas,20850
reference,20849
eager,20849
produced,20842
follows,20841
Simpson,20840
allies,20840
software,20831
good-looking,20816
illusion,20807
donkey,20803
swords,20799
fog,20798
fries,20793
troubled,20787
suspicion,20787
voted,20776
expose,20775
coal,20775
chew,20770
sleeps,20759
Claudia,20752
bald,20751
dialogue,20748
rig,20744
ding,20742
Carmen,20742
cheek,20740
nightmares,20727
disgrace,20723
honesty,20718
philosophy,20718
organ,20710
association,20706
decides,20695
Scotty,20690
fortunate,20680
directed,20675
yi,20670
jar,20669
Andre,20666
Bella,20666
certificate,20666
tips,20665
domestic,20661
tore,20659
seventh,20657
convention,20637
cinema,20636
I-I'm,20632
myth,20623
Austin,20621
Orleans,20606
Clyde,20600
bean,20599
Hiya,20595
smashed,20579
inspiration,20579
mademoiselle,20568
gin,20561
minus,20554
bowling,20552
min,20544
formed,20544
collapse,20539
phrase,20533
Sandra,20524
breeze,20510
couples,20499
blair,20496
Omar,20485
verdict,20481
doomed,20473
spreading,20467
naive,20464
ink,20463
coins,20440
published,20439
sympathy,20437
Spock,20431
Apollo,20426
strict,20425
briefcase,20421
Samuel,20408
balloon,20407
harmless,20406
confessed,20401
Kira,20394
greedy,20393
bombing,20392
vengeance,20380
howdy,20368
cape,20364
fatal,20361
elected,20351
compromise,20344
boobs,20341
bolt,20340
contain,20340
Andrea,20337
Hercules,20337
leadership,20334
Reggie,20329
exception,20314
crawling,20310
nurses,20305
Maurice,20298
legally,20297
respected,20291
fled,20291
declared,20283
snoring,20278
Jr,20275
treason,20262
Beverly,20259
update,20257
allergic,20241
mouths,20234
lesbian,20234
cough,20232
tracked,20216
roast,20192
clues,20190
Chang,20189
hats,20180
filming,20177
Sal,20174
copper,20174
frequency,20172
buffalo,20166
traces,20161
consent,20154
overcome,20150
Vera,20146
businessman,20146
enforcement,20146
evacuate,20137
rejected,20136
GPS,20130
prosecution,20117
haunted,20105
bore,20095
drowning,20094
Peggy,20091
hallelujah,20088
performed,20082
Marge,20080
pod,20078
celebrity,20077
establish,20076
Elvis,20074
originally,20068
rebels,20067
growth,20060
loop,20054
knives,20040
Raj,20038
scaring,20035
tuck,20024
Hudson,20011
qualified,20008
author,20008
flood,20005
confusion,20003
Hamilton,20000
Polly,20000
carriage,19999
locks,19995
meals,19990
ruled,19985
quest,19983
luxury,19981
unlikely,19974
offers,19972
compete,19969
Dwight,19968
sharks,19961
secretly,19960
Cleveland,19956
circuit,19941
sensors,19941
farmers,19937
bachelor,19921
dizzy,19915
spies,19909
writes,19907
rented,19907
ha-ha,19907
lords,19901
morgue,19898
whatsoever,19896
z,19883
Moore,19870
remembers,19858
disguise,19852
scenario,19849
yea,19841
opponent,19841
chambers,19834
panel,19833
gasp,19829
brother-in-law,19824
apples,19824
flush,19821
Yu,19820
Theo,19819
naomi,19816
tremendous,19816
auction,19814
honorable,19812
you'II,19810
length,19803
cured,19802
missiles,19802
reserve,19799
hilarious,19798
butterfly,19796
Lena,19791
championship,19784
hawk,19783
allows,19771
mansion,19770
D.C,19769
vicious,19769
Artie,19764
mines,19755
bees,19750
tales,19749
willy,19748
abilities,19739
distress,19737
hardest,19735
possessed,19722
deed,19716
kiddo,19714
chairs,19711
bully,19697
shrimp,19695
generally,19687
Percy,19654
recipe,19642
compromised,19639
affection,19638
customs,19637
scheme,19619
depression,19610
collecting,19606
depth,19605
clearance,19598
float,19591
spoon,19590
jewels,19588
Griffin,19586
covers,19576
popped,19574
Eleanor,19569
eliminate,19567
rolled,19565
experiments,19564
brat,19563
rogue,19562
pursue,19562
Neal,19557
joker,19549
canceled,19548
sandwiches,19546
behold,19545
deceased,19542
Boris,19542
intact,19542
curtain,19530
yen,19529
Monroe,19528
bartender,19528
instincts,19527
Denise,19526
carries,19522
sleepy,19522
fireworks,19522
volume,19520
Kansas,19518
Mario,19518
Otto,19504
benefits,19498
designer,19485
ruining,19485
organs,19482
Lola,19481
ribs,19479
sniffing,19474
Gotham,19472
Juliet,19468
Shakespeare,19465
Garcia,19464
bent,19463
dot,19460
yah,19460
traveled,19437
flu,19427
frost,19417
Melanie,19417
immunity,19412
wakes,19410
O.K,19408
congressman,19405
forgiven,19403
label,19393
dispatch,19388
rainbow,19388
reads,19386
dynamite,19379
Teresa,19377
sharply,19374
furious,19372
dearest,19370
scares,19364
curiosity,19364
sting,19360
exclusive,19358
begged,19357
Jedi,19349
bounty,19348
Drake,19348
hint,19341
Buddha,19325
fur,19311
diner,19309
Clarence,19309
Singh,19306
Cody,19305
robots,19304
ankle,19303
debts,19300
ballet,19297
Jared,19294
spite,19278
interrogation,19278
Einstein,19271
drums,19267
queens,19258
realised,19254
Soo,19249
teenage,19246
arrogant,19240
fold,19234
pancakes,19231
heartbeat,19225
Ana,19220
Federation,19213
website,19211
rivers,19205
contains,19204
rarely,19199
decades,19198
applied,19196
Chad,19186
Murray,19185
watches,19181
versus,19175
repay,19171
Wang,19167
Brody,19166
stall,19158
2nd,19158
hunters,19157
messy,19153
mutual,19152
Sheila,19145
Robinson,19142
gesture,19130
Q,19119
witches,19110
suggests,19106
approved,19105
bracelet,19102
Irene,19100
trading,19099
sucking,19089
Choi,19086
avoiding,19084
honks,19072
pervert,19071
francs,19070
Erica,19069
villa,19068
cafe,19066
Aaah,19064
cleaner,19064
collected,19059
Tae,19054
Whew,19052
bam,19048
shipment,19036
olive,19036
Rico,19032
knocks,19028
sniper,19019
magazines,19015
expenses,18998
shiny,18987
blond,18987
Val,18986
precise,18977
haven,18977
laurel,18974
income,18965
shoots,18965
til,18962
christina,18959
Bruno,18957
cardinal,18953
Allah,18952
mature,18947
needing,18943
pulls,18943
execute,18940
smack,18940
Aha,18939
Stu,18933
mode,18932
unto,18929
dice,18923
restore,18918
values,18917
maniac,18916
desires,18914
whereabouts,18913
Kathy,18911
logical,18897
fluid,18893
pony,18891
brand-new,18886
Ü,18885
haircut,18884
products,18880
included,18878
gamble,18877
stepping,18872
dreadful,18867
explore,18858
railroad,18857
roots,18856
Calvin,18854
Hyah,18853
slim,18844
scores,18842
chow,18839
vegetables,18837
Erin,18836
offensive,18830
convincing,18828
den,18820
tumor,18818
initial,18813
wealthy,18809
snack,18806
legacy,18804
Florence,18803
sausage,18792
Asian,18788
prices,18783
sneaking,18780
essential,18776
kidnap,18764
prostitute,18758
respects,18752
pencil,18750
mates,18750
murderers,18748
floors,18747
standards,18745
prep,18742
pond,18740
legitimate,18736
owed,18736
sells,18736
instrument,18726
intimate,18712
betting,18708
pimp,18706
precinct,18705
spoiled,18695
que,18692
forehead,18688
witnessed,18676
crackling,18673
whores,18664
heights,18661
involve,18658
corridor,18657
publicity,18656
sub,18654
asset,18650
memorial,18650
Ernie,18646
Dawson,18645
Cathy,18643
digital,18641
sigh,18641
agenda,18640
bra,18639
fiction,18633
leap,18632
Dom,18630
tan,18630
maintenance,18626
Klaus,18625
integrity,18623
resting,18609
bloom,18608
Miguel,18599
Sylvia,18590
presentation,18586
straighten,18570
corrupt,18563
resort,18558
stunt,18552
riot,18549
patterns,18534
rug,18534
uniforms,18533
companion,18529
Fisher,18513
smoked,18509
nicer,18497
fart,18495
occupied,18490
inviting,18486
questioned,18480
aids,18479
whining,18475
immortal,18465
haul,18461
withdraw,18458
savings,18457
nailed,18457
foreman,18456
CEO,18451
rash,18450
terminal,18447
gangster,18444
auto,18442
quicker,18440
independence,18438
seated,18433
noodles,18425
replacement,18425
Bennett,18415
whisper,18412
failing,18409
chemistry,18406
ammo,18406
draft,18405
settlement,18405
encounter,18404
owners,18398
melt,18391
guessed,18391
sailing,18388
Saul,18382
Alec,18379
tasty,18372
represents,18365
Stephanie,18364
politicians,18359
Erik,18357
ambition,18352
behaviour,18352
bicycle,18350
ridge,18349
caring,18342
noises,18340
isolated,18336
referring,18333
sperm,18332
objective,18306
harvest,18300
strongest,18299
wooden,18299
rang,18296
February,18282
guidance,18278
Campbell,18264
cue,18263
wh,18259
wax,18257
es,18250
picks,18241
dozens,18240
Evelyn,18240
Lin,18238
crow,18228
barks,18227
buys,18221
erase,18219
performing,18214
echoing,18209
nickname,18207
sole,18202
hesitate,18198
freaks,18187
announced,18181
regard,18177
devoted,18177
hospitals,18172
charging,18171
Jax,18169
biological,18167
occur,18151
Stevie,18148
Pedro,18148
situations,18147
factor,18138
innocence,18136
assets,18132
clamoring,18126
Denny,18118
rescued,18117
cousins,18117
motherfucking,18110
scholarship,18105
disorder,18100
marching,18093
racist,18083
cigar,18082
hollow,18081
cloth,18076
lottery,18075
remained,18066
choosing,18063
barbecue,18063
miracles,18061
leaf,18058
bon,18057
Beckett,18054
greet,18053
rally,18051
ng,18048
importantly,18034
spying,18030
graduated,18023
clip,18019
wa,18004
ambush,18003
experts,17999
embarrass,17996
observation,17989
presume,17987
pouring,17986
sophisticated,17983
Jonas,17978
supervisor,17970
via,17970
buzzes,17969
Broadway,17969
backyard,17966
Cuba,17966
dragons,17962
pregnancy,17961
salute,17957
tops,17954
hobby,17950
generator,17950
shirts,17950
Sasha,17949
swamp,17948
cent,17947
fragile,17947
Sherman,17946
crowded,17946
maker,17944
violation,17934
knights,17934
sadly,17919
interrupting,17916
Lionel,17911
vest,17909
lust,17907
possess,17907
Lindsay,17901
starve,17901
sacrificed,17897
sung,17897
lions,17877
relevant,17866
serves,17864
earthquake,17863
beware,17859
promising,17858
Muslim,17856
household,17849
offices,17835
terrifying,17835
Arizona,17829
Nazis,17827
email,17822
realm,17821
Hugh,17813
Gil,17812
Agh,17811
casualties,17809
lifted,17803
accompany,17791
conscious,17790
torch,17788
Hanna,17784
passionate,17780
tick,17770
reliable,17770
weigh,17770
magician,17766
seize,17756
fork,17753
Whoo-hoo,17750
travelling,17750
receipt,17746
lighting,17746
Fletcher,17736
Ari,17734
batteries,17723
Easter,17722
feared,17713
faggot,17710
regards,17710
coroner,17698
meds,17692
vagina,17689
poisoning,17688
Hugo,17679
explaining,17679
Abraham,17678
carbon,17670
regrets,17668
rum,17657
Sidney,17656
travels,17653
Isabel,17652
blaming,17642
inappropriate,17641
Brazil,17639
Donnie,17638
despair,17637
correctly,17635
strongly,17633
shocking,17630
possibilities,17628
zip,17614
graduation,17613
sweets,17611
umbrella,17610
muttering,17605
collapsed,17596
dragging,17587
quitting,17587
CD,17583
tearing,17578
choir,17573
institution,17569
toxic,17544
kicks,17543
drivers,17536
reply,17524
salesman,17519
misses,17515
tunnels,17510
herd,17508
touches,17507
teenager,17503
piper,17498
persuade,17496
majority,17492
dam,17481
chart,17478
choke,17475
Starfleet,17472
Joshua,17456
anchor,17450
jeans,17436
complaints,17428
subtle,17428
amateur,17422
Mona,17419
pad,17417
hangs,17417
explosive,17416
stamp,17409
preacher,17408
dreamt,17405
rehab,17401
villain,17389
ivy,17388
inevitable,17384
owl,17381
conquer,17376
Helena,17373
bonds,17371
Gerry,17371
salvation,17369
cha,17367
automatic,17365
pilots,17360
pledge,17359
awhile,17352
ultimately,17352
regardless,17349
melody,17346
rack,17346
outstanding,17340
Conrad,17326
reaches,17321
issued,17318
shorts,17311
orphan,17308
buster,17307
presented,17306
proposed,17304
protective,17304
prescription,17301
squeaking,17297
ninja,17293
pressing,17292
hoo,17279
controlling,17277
fountain,17274
puppet,17272
seeds,17270
differences,17270
lipstick,17269
medium,17262
Shirley,17262
dash,17262
dealers,17260
pumpkin,17259
Archie,17244
addict,17237
Stevens,17234
whooping,17229
resume,17229
oughta,17226
confidential,17221
materials,17211
reunion,17207
distract,17206
slaughter,17200
linked,17200
Monty,17199
liking,17198
Detroit,17196
horny,17194
razor,17189
Baxter,17189
Oz,17186
Jacques,17179
inaudible,17179
scissors,17176
Stewart,17176
specialist,17167
theories,17166
welfare,17163
organic,17160
unpleasant,17155
annual,17154
sentimental,17149
deeds,17144
battles,17142
relaxed,17134
expense,17130
trophy,17129
mug,17125
corners,17122
breathes,17121
ignorant,17114
dolls,17112
ordering,17108
Asia,17107
Amelia,17101
danced,17098
calendar,17098
favors,17095
x-ray,17087
Darcy,17065
porch,17061
sadness,17057
measures,17057
countess,17057
advised,17051
Ellis,17048
Hammond,17040
facebook,17030
bodyguard,17023
fastest,17013
psychological,17011
P.A,17009
amusing,17001
breed,16994
survivor,16990
billions,16978
responding,16976
dip,16970
buzzer,16967
spectacular,16967
cooler,16960
wander,16955
additional,16951
Aww,16949
ruins,16946
cans,16945
Laurie,16944
tobacco,16942
compassion,16942
tha,16940
anxiety,16932
brake,16930
associates,16929
consistent,16927
economic,16927
Reid,16921
husbands,16902
elegant,16897
classical,16894
statements,16889
identical,16883
Marion,16881
confirmation,16873
jade,16872
literature,16867
Eugene,16862
Rio,16858
movements,16855
señor,16854
Philadelphia,16854
throws,16823
vow,16815
camping,16812
cracks,16812
plead,16810
constable,16807
globe,16802
trusting,16802
dagger,16802
Gavin,16793
bribe,16784
drone,16784
exclaims,16777
Venice,16776
Haley,16774
programme,16769
veins,16767
painter,16759
wheelchair,16753
bothers,16751
tolerate,16747
ducks,16744
chapel,16743
kneel,16740
Milo,16740
wired,16739
principles,16731
fiancée,16728
dame,16723
congratulate,16723
canyon,16721
axe,16719
sexually,16711
shutter,16701
forensics,16695
treaty,16688
counted,16688
harmony,16686
youngest,16685
races,16674
evolution,16674
medic,16673
hereby,16673
guaranteed,16671
fortress,16669
rascal,16664
expedition,16661
purchase,16660
custom,16655
trips,16649
corruption,16643
investigator,16634
quid,16631
jewel,16630
sh,16628
increased,16625
accomplish,16623
towels,16616
divided,16612
reckless,16612
Luis,16609
Marilyn,16609
Evans,16602
fanny,16590
Jonah,16581
Reagan,16572
Swiss,16567
smiles,16554
intent,16551
handful,16549
tricked,16545
stressed,16545
Deb,16545
Lizzie,16543
straw,16541
trousers,16539
Mercedes,16538
jammed,16537
interviews,16534
girlfriends,16533
opposed,16531
accountant,16529
les,16528
accidents,16523
Reynolds,16519
slightest,16519
plea,16514
smelled,16513
pastor,16511
bugger,16507
endure,16507
unstable,16504
Buffy,16501
bizarre,16495
20th,16493
substance,16492
acknowledge,16482
preserve,16473
Louie,16467
equally,16466
extend,16464
pension,16462
ra,16461
Joyce,16460
ignored,16448
priests,16445
Ava,16434
activate,16424
urge,16423
Schmidt,16421
Scarlett,16421
handcuffs,16417
gap,16410
abducted,16410
fiancé,16409
sweating,16408
Anton,16407
fulfill,16406
pudding,16404
crab,16395
insects,16390
Gandalf,16390
stinking,16388
delightful,16388
Avery,16387
satisfaction,16382
cord,16375
unnecessary,16372
stadium,16371
pose,16368
experiences,16362
hence,16361
educated,16360
grades,16357
dose,16343
punched,16343
encourage,16339
Ha-ha-ha,16331
lethal,16330
lightly,16327
t-shirt,16325
hacked,16319
balcony,16319
Vicky,16318
ni,16303
developing,16297
deliberately,16297
mechanical,16293
resident,16292
spark,16289
grain,16287
underwater,16286
projects,16280
craft,16280
wrestling,16277
euros,16271
cakes,16271
shelf,16268
DJ,16257
hath,16248
climate,16245
loads,16244
cancelled,16232
jelly,16232
wires,16231
Daphne,16230
Ella,16225
Hyun,16225
jaw,16220
origin,16211
platoon,16210
runway,16209
obliged,16207
activated,16206
swan,16198
masks,16198
raven,16197
hairy,16185
Tanner,16178
gracious,16175
suitable,16167
continuing,16167
3rd,16166
Bridget,16163
wonders,16157
altogether,16157
rapidly,16156
setup,16154
sofa,16151
gained,16144
occasionally,16132
upbeat,16125
industrial,16125
Doris,16113
strain,16113
Valerie,16106
secured,16105
mentally,16104
Lori,16097
CTU,16090
shuts,16083
Rogers,16078
Switzerland,16077
authorized,16074
vacuum,16073
responsibilities,16073
Shelly,16066
rides,16065
cavalry,16063
backed,16063
attic,16060
shade,16059
mafia,16059
representative,16057
Ohio,16051
rendezvous,16049
telegram,16044
whack,16039
blink,16038
rider,16033
thrill,16033
blamed,16032
fugitive,16032
divide,16022
poop,16022
Abe,16019
facial,16017
ty,16016
ta,16014
accuse,16007
architect,16007
courtroom,16002
workin,15998
Carlo,15998
doo,15997
shaft,15996
backing,15994
mack,15989
visits,15989
Dixon,15988
Baltimore,15983
pipes,15983
mice,15978
grenade,15977
Chelsea,15969
nun,15967
flee,15960
desperately,15958
resign,15944
obsession,15927
Bert,15922
probe,15919
submit,15916
mortgage,15915
landlord,15903
identification,15901
Jefferson,15895
scattered,15889
emotionally,15888
info,15883
doom,15882
kin,15879
resolve,15876
Esther,15874
chancellor,15874
springs,15868
rapid,15865
armies,15841
revving,15841
allowing,15833
exclaiming,15829
fury,15827
crucial,15820
contained,15820
residents,15819
demonstration,15813
alcoholic,15813
buyer,15811
artificial,15806
missy,15805
du,15802
unlock,15798
Yoon,15793
Luther,15792
feathers,15789
sketch,15774
graves,15770
weekends,15765
disposal,15763
bark,15761
battalion,15759
jealousy,15757
sites,15756
sensible,15752
Roberts,15747
Jae,15747
shin,15746
depending,15745
Gilbert,15743
autograph,15742
ba,15737
forcing,15736
Romans,15736
Mandy,15728
ol,15721
shipping,15720
swallowed,15716
med,15714
wig,15712
Lynn,15711
tourists,15707
Eun,15702
Simone,15699
donor,15693
Wes,15684
Paulie,15684
kilometers,15683
tactical,15683
worms,15680
stack,15679
visions,15679
rushing,15678
pissing,15677
chorus,15673
thread,15672
promoted,15671
detention,15668
blocking,15664
needn't,15662
advertising,15657
phantom,15656
ropes,15654
Roosevelt,15651
prayed,15650
narrating,15639
pine,15636
essence,15625
modest,15613
Gideon,15613
Susie,15611
yoga,15604
deserted,15603
portrait,15602
portal,15598
oak,15597
refer,15591
Harriet,15582
concentration,15577
thankful,15576
seas,15576
dried,15575
define,15574
lined,15568
proposition,15561
achieved,15559
fails,15553
regiment,15538
bunker,15533
DC,15530
treats,15530
Kai,15522
Jerusalem,15520
magnetic,15519
Georgie,15512
Nam,15507
tuna,15505
contracts,15500
profits,15491
Cynthia,15484
1st,15477
adjust,15475
jeep,15469
notion,15468
remembering,15462
Regina,15460
Mae,15459
Napoleon,15458
syndrome,15454
assassination,15449
lasted,15449
curtains,15444
humiliated,15441
cricket,15440
scars,15423
mon,15420
dodge,15419
difficulty,15417
sock,15415
laboratory,15414
Atlanta,15411
poverty,15410
sister-in-law,15408
vet,15407
Sonia,15403
Denver,15397
mills,15396
scarf,15393
marina,15389
eighth,15376
panicked,15375
decade,15375
Greece,15371
shutting,15371
stash,15367
hanged,15367
topic,15366
Yuri,15366
sunrise,15364
exposure,15361
junkie,15360
snaps,15336
maiden,15334
triumph,15333
videos,15328
lobster,15323
stew,15321
flint,15321
defensive,15320
autumn,15320
NASA,15315
fare,15314
tails,15313
Clarke,15309
Arab,15308
fitting,15303
ammunition,15295
translate,15287
Brady,15286
saddle,15281
4th,15264
lodge,15263
asylum,15262
appointed,15258
housing,15257
sincere,15247
keeper,15241
sanctuary,15235
dwarf,15232
bosses,15232
Hughes,15227
ciao,15225
ski,15225
glue,15224
hunch,15220
formation,15219
outcome,15219
cottage,15215
doe,15212
paths,15209
prophet,15209
au,15207
Agnes,15206
chili,15205
mainly,15203
robe,15202
opportunities,15202
bollocks,15191
cups,15190
serena,15185
whoops,15182
caution,15179
Marc,15175
adore,15171
freely,15171
greed,15169
sustained,15168
stalking,15160
horizon,15158
te,15157
blunt,15153
bender,15149
popcorn,15144
Ireland,15144
surf,15141
fade,15126
Tanya,15123
canal,15117
orphanage,15111
thankyou,15105
framed,15100
non,15089
momma,15085
mayday,15080
ironic,15078
detect,15076
Claude,15076
barrier,15074
listed,15072
salmon,15070
limo,15067
sonic,15063
devices,15059
casual,15049
audio,15049
beasts,15049
healed,15046
pressed,15041
compliments,15040
outrageous,15040
Chester,15038
deadline,15037
interior,15037
habits,15035
Vivian,15029
drunken,15029
discount,15028
scam,15028
tasted,15019
spilled,15016
pointless,15015
fierce,15011
ou,15002
attract,15001
ants,15000
sunlight,15000
Lucifer,14997
tequila,14996
variety,14994
inspection,14988
succeeded,14982
peach,14982
suspenseful,14980
revolutionary,14977
phoned,14970
bubbles,14969
legendary,14962
ark,14959
zombies,14958
refuses,14957
farther,14956
Seoul,14951
elite,14947
spine,14943
surrounding,14939
interference,14934
Canadian,14933
Cyrus,14927
cane,14925
tapping,14918
fabric,14917
catches,14914
flavor,14914
Abigail,14912
breakdown,14910
individuals,14907
robbing,14906
invention,14902
conviction,14901
beautifully,14901
Quentin,14899
who've,14898
glen,14897
heel,14896
fuckers,14892
exploded,14888
granddaughter,14880
beacon,14878
instantly,14872
I-I-I,14868
Hayes,14866
reduce,14866
Sophia,14863
regulations,14861
attending,14856
disco,14856
jurisdiction,14855
abortion,14852
instruments,14850
insulted,14848
supposedly,14847
consult,14844
frighten,14844
recognition,14837
marijuana,14835
meaningless,14833
flirting,14830
Daniels,14829
accusing,14828
grounded,14828
musician,14823
steer,14820
peak,14816
ops,14816
respectable,14811
gladly,14810
reflection,14807
spared,14803
brace,14803
towns,14798
flattered,14795
Devon,14792
lounge,14785
assembly,14784
karma,14774
Ming,14768
reduced,14765
hull,14764
tellin,14761
disappointment,14760
jingle,14749
submarine,14749
departure,14749
notify,14746
hardware,14743
butch,14743
hose,14737
spaceship,14732
violin,14721
risking,14720
lure,14720
metro,14717
betrayal,14717
venture,14713
stain,14712
su,14710
irrelevant,14709
tourist,14708
Venus,14703
registration,14702
savior,14695
delayed,14694
consideration,14691
hike,14685
physician,14679
loading,14679
hurricane,14676
Cheryl,14674
distraction,14671
Mm-mm,14666
mechanic,14659
writers,14658
ambitious,14657
stir,14656
Janice,14656
creaks,14656
awaits,14655
transplant,14654
visible,14651
murdering,14649
cult,14647
slam,14646
heavenly,14640
pinky,14636
avenge,14635
starboard,14635
shops,14634
sherry,14630
psych,14629
Sofia,14628
recommended,14624
flowing,14623
drift,14617
volunteers,14612
takin,14610
rains,14610
popping,14608
ape,14607
altar,14605
Gabe,14600
prophecy,14598
hiring,14597
Kenneth,14596
voyage,14595
lawsuit,14589
Nolan,14587
aisle,14587
towers,14586
distorted,14580
dolly,14574
forensic,14570
Garrett,14569
Bradley,14560
constitution,14559
urine,14558
traced,14554
scouts,14553
frightening,14550
exotic,14549
Nadia,14548
finance,14548
Mississippi,14543
claiming,14541
restaurants,14538
hah,14538
stove,14537
grease,14532
coop,14532
poster,14531
equals,14525
Liv,14523
expectations,14522
notebook,14518
cultural,14517
translation,14512
dome,14508
pains,14497
herb,14493
Donovan,14492
invest,14490
examination,14489
definition,14487
morphine,14486
speakers,14476
feelin,14466
Jasper,14462
detected,14462
naval,14460
moonlight,14458
pickup,14456
handwriting,14442
oui,14440
stammering,14440
rabbi,14438
racket,14436
unsub,14425
Nigel,14423
bumped,14417
dent,14413
Roland,14413
shallow,14410
chemicals,14407
righteous,14403
pigeon,14401
programmed,14399
ferry,14398
creates,14397
radical,14395
politician,14391
bandits,14386
ruthless,14385
probation,14380
spear,14373
trials,14372
tomato,14364
untie,14359
Vienna,14358
shells,14358
frustrated,14355
vows,14352
meter,14350
godfather,14349
po,14348
Floyd,14345
attempting,14345
spends,14345
pretended,14341
prank,14339
retrieve,14328
scumbag,14325
wardrobe,14325
nursing,14323
sour,14320
reactor,14319
requesting,14314
thoughtful,14313
Holland,14310
rabbits,14300
partnership,14296
NYPD,14295
Fitz,14292
learnt,14291
shovel,14290
feather,14274
metres,14273
costumes,14272
Edith,14271
fi,14267
Shanghai,14267
Gail,14267
Zeus,14265
rival,14264
sentenced,14256
Donny,14253
explosions,14251
yacht,14248
sixteen,14248
orchestra,14242
immune,14241
pinch,14241
skipper,14239
Brett,14222
accomplice,14222
diving,14221
pier,14220
wishing,14219
thirteen,14218
Damien,14214
rookie,14211
NSA,14209
indicates,14207
selected,14200
essentially,14200
briefing,14200
Pentagon,14200
Shannon,14194
condemned,14189
Joo,14187
efficient,14187
sloppy,14181
grunt,14181
thorough,14179
hotels,14179
supporting,14178
squeal,14178
ike,14177
improved,14169
sought,14167
parliament,14164
Cho,14155
predict,14152
includes,14150
astronaut,14148
stern,14144
delivering,14142
warming,14139
bedtime,14139
squirrel,14135
demanding,14133
pals,14132
Colorado,14131
idol,14118
lease,14107
phony,14104
happiest,14097
requests,14089
tray,14089
Solomon,14081
battlefield,14078
transportation,14075
Merlin,14072
Milan,14071
bunk,14065
rebellion,14065
disrespect,14065
destined,14064
spaghetti,14062
hunted,14060
programs,14056
Ahhh,14053
appreciated,14050
radius,14047
purposes,14038
Frankenstein,14033
Seo,14032
historical,14028
intern,14027
mule,14027
climbed,14026
lively,14022
Gregory,14019
Pakistan,14018
launched,14016
runner,14012
backpack,14011
roller,14008
talents,13999
justify,13999
gypsy,13992
combined,13986
overseas,13981
approached,13981
Barbie,13978
werewolf,13978
Gerald,13970
shorter,13969
slipping,13966
glow,13965
losses,13961
peg,13955
sip,13955
abort,13955
ranks,13952
restored,13951
shifts,13951
makin,13948
chewing,13946
grasp,13944
Marcel,13940
mattress,13939
feature,13935
jackass,13935
fucks,13933
exhibit,13932
Gemma,13932
Swedish,13923
pawn,13922
shook,13917
server,13917
arena,13916
Iot,13914
arrows,13914
infinite,13912
whisky,13907
stereo,13907
villagers,13907
superhero,13904
burial,13902
clumsy,13898
nevertheless,13896
wretched,13892
peculiar,13887
sushi,13884
erased,13881
monitoring,13879
puke,13870
antidote,13864
channels,13857
nana,13855
cheaper,13853
clowns,13853
utterly,13851
impulse,13849
articles,13848
corpses,13847
freed,13841
underestimate,13841
yöur,13831
swinging,13821
adopt,13810
mutant,13810
satisfy,13806
rail,13802
compass,13794
hustle,13783
dental,13782
diplomatic,13775
Kat,13773
bites,13772
bandit,13769
amazed,13767
boil,13766
roar,13764
Hastings,13763
Jamal,13761
Yankee,13760
shitting,13759
Timmy,13758
primitive,13758
views,13751
traps,13748
waits,13746
ninth,13742
acceptable,13739
Peterson,13737
Jupiter,13735
hooray,13729
disappearance,13726
Turk,13725
Higgins,13722
grocery,13721
virtue,13721
needles,13712
ominous,13711
carnival,13700
madman,13698
stunning,13690
vomit,13687
heroic,13682
Preston,13681
involvement,13677
Anita,13676
shattered,13675
negro,13675
O'Neill,13670
Simmons,13666
comments,13664
exams,13664
pasta,13664
bake,13663
willow,13662
rushed,13661
deepest,13656
lone,13655
karate,13655
entertain,13654
Thor,13649
cartel,13647
Poland,13646
universal,13644
Keller,13642
mumbling,13638
runnin,13633
reject,13632
labs,13625
Wesley,13621
Peyton,13619
pause,13616
Viktor,13610
aspirin,13606
5th,13600
alter,13597
accepting,13597
mock,13592
surgical,13584
op,13579
carrier,13570
maps,13570
bands,13563
cheeks,13563
grill,13561
pronounce,13560
stray,13558
Becca,13555
tossed,13553
camps,13553
baked,13549
sticky,13548
childish,13542
confront,13540
slit,13539
Bates,13534
arresting,13524
lid,13516
Jun,13515
Hart,13514
massacre,13513
Nixon,13512
employment,13510
handing,13506
felony,13499
scored,13498
undo,13498
rebuild,13497
iv,13496
figuring,13496
container,13495
cope,13491
Felicity,13490
loneliness,13486
make-up,13483
taller,13468
co,13467
rises,13466
beck,13464
depressing,13462
meth,13462
stripper,13462
hysterical,13459
gown,13456
mint,13450
noted,13447
Jang,13445
nerd,13440
rational,13435
opinions,13435
weep,13429
tango,13429
wheat,13426
epic,13426
merchant,13417
classy,13416
courts,13415
nickel,13415
barber,13412
sounding,13409
Charley,13408
surviving,13407
acquired,13405
Crawford,13404
Henderson,13404
poke,13404
Dominic,13402
lifestyle,13401
hay,13400
cowards,13399
humiliating,13396
Forrest,13388
obligation,13388
psychology,13383
perfection,13377
languages,13375
reign,13372
zoom,13370
fuse,13365
void,13363
voting,13362
sorted,13362
whereas,13360
presidential,13353
temptation,13353
inmates,13349
Jose,13349
bomber,13341
tease,13339
acquaintance,13333
Judith,13327
premises,13327
sinking,13324
operational,13324
chatting,13322
locking,13319
participate,13315
ex-husband,13311
spells,13310
alongside,13307
freezer,13305
evacuation,13297
narcotics,13294
spice,13293
longest,13293
industries,13283
l've,13280
occupation,13276
volcano,13273
escaping,13269
bruises,13267
overtime,13257
mustache,13256
bong,13255
ifyou,13252
dimension,13252
DVD,13251
typing,13243
scrub,13243
dang,13241
sleeve,13241
waving,13237
caller,13236
rustling,13232
Oxford,13229
readings,13224
Ira,13220
particles,13219
volunteered,13219
override,13217
fax,13211
neighbours,13211
applauding,13209
wraith,13208
repeating,13208
crappy,13207
Clayton,13206
refrigerator,13202
reconsider,13200
Hannibal,13199
expand,13192
blend,13189
unarmed,13188
moms,13177
intercept,13172
invested,13171
examined,13169
dusty,13168
Dewey,13168
parks,13164
hips,13164
Egyptian,13163
terrorism,13159
photography,13158
lasts,13157
condom,13146
disappears,13142
artillery,13140
quantum,13131
printed,13129
clap,13129
sacrifices,13125
borders,13121
Turkish,13121
yelled,13119
neighbourhood,13113
organize,13110
Ling,13110
elders,13109
goals,13108
son-in-law,13108
Trish,13104
collector,13098
skipped,13092
initiative,13091
charts,13087
Lisbon,13085
crooked,13085
hospitality,13084
neutral,13082
crook,13078
extent,13076
noisy,13076
claws,13075
coverage,13072
semester,13071
shrieks,13070
Cass,13062
DEA,13062
layer,13061
matching,13056
clatters,13056
atomic,13056
avatar,13054
thuds,13053
marsh,13052
stammers,13052
swept,13046
fag,13039
Alexis,13038
labour,13033
funding,13031
texts,13023
discharge,13022
convict,13011
sensation,13006
Courtney,12997
mustard,12993
Shelby,12990
waist,12989
camel,12985
disabled,12985
unacceptable,12985
whipped,12982
filth,12976
sincerely,12970
cocksucker,12969
reminder,12962
selection,12961
lang,12960
timer,12956
blades,12950
scrap,12948
neighbour,12945
insanity,12942
involving,12941
duel,12940
delight,12929
visa,12927
booty,12926
Isabelle,12926
attraction,12925
facilities,12924
wages,12918
offend,12918
Poirot,12908
jasmine,12902
boundaries,12900
protein,12896
Thai,12894
Tiffany,12891
leverage,12887
Newton,12881
feeds,12878
strap,12874
Tammy,12874
flown,12873
followers,12872
grudge,12859
compartment,12858
Sadie,12858
attempts,12857
pyramid,12855
retarded,12853
Bryan,12852
tow,12847
swift,12845
piggy,12844
claw,12841
continent,12835
hip-hop,12826
Matty,12815
greatly,12814
risked,12813
Ollie,12810
listens,12810
millionaire,12810
winners,12808
memo,12805
hideous,12800
café,12799
sparrow,12798
strawberry,12795
thats,12792
snuck,12790
dinosaur,12788
realistic,12786
bats,12785
Greene,12784
penguin,12778
80s,12772
psst,12771
partial,12768
Brooks,12767
insulting,12767
fourteen,12754
whales,12754
blessings,12750
commands,12744
shack,12744
marketing,12742
Angelo,12736
bourbon,12731
slower,12726
saves,12725
trusts,12724
features,12723
sabotage,12717
sights,12712
publish,12710
slick,12710
martini,12707
rooster,12707
banner,12706
forged,12702
mirrors,12702
traitors,12700
gardens,12697
Lu,12696
Elsa,12691
railway,12688
scoundrel,12684
classroom,12684
inquiry,12682
specialty,12680
quarantine,12679
imagining,12678
stoned,12676
summon,12676
summoned,12668
sufficient,12667
elbow,12667
locations,12666
baggage,12666
engineers,12666
overwhelming,12665
niggers,12663
bitten,12660
cozy,12656
forge,12647
discreet,12644
Alaska,12643
Mei,12642
Patricia,12639
Yale,12637
informant,12628
Norma,12627
Dante,12619
extension,12619
Delhi,12615
je,12614
Jenkins,12614
qualities,12609
superintendent,12609
relieve,12601
civilized,12601
misunderstood,12601
thoroughly,12600
edition,12599
Danielle,12599
Ronald,12594
beliefs,12592
ignoring,12591
recruit,12590
banker,12589
tab,12589
peel,12585
procedures,12584
janitor,12581
plasma,12579
resignation,12579
lyrics,12576
sane,12570
Armstrong,12569
teenagers,12565
challenging,12563
recommendation,12558
techniques,12557
Darren,12555
Gibson,12554
Lorenzo,12553
dances,12550
peanuts,12542
Clive,12540
strangled,12538
republican,12536
instructor,12534
directors,12532
lining,12530
wit,12527
amounts,12527
Führer,12523
agrees,12515
warmth,12512
LAPD,12510
locals,12510
payments,12509
inventory,12508
saints,12507
knots,12502
Montana,12501
Fran,12485
Sookie,12484
prettier,12483
tactics,12482
eliminated,12480
potion,12479
bridges,12478
grown-up,12476
missions,12476
expelled,12467
coconut,12467
queer,12463
affirmative,12462
restless,12461
dicks,12459
bananas,12456
alas,12454
Camille,12450
rupees,12447
Ramon,12442
colored,12442
Nikita,12430
Stacy,12430
slack,12429
Powell,12428
involves,12425
Maddie,12420
adding,12420
Grayson,12420
shrieking,12417
boost,12414
pike,12412
diagnosis,12409
sultan,12409
ai,12405
crop,12404
injection,12404
turtles,12404
reinforcements,12401
token,12399
abused,12399
wrath,12396
summit,12395
mini,12395
cuffs,12393
allright,12391
installed,12386
verify,12384
villages,12383
loosen,12381
Raylan,12377
contents,12377
eighteen,12374
lordship,12369
swap,12367
y-you,12365
Iran,12365
il,12364
spa,12363
slaughtered,12360
artery,12358
Russ,12355
committing,12352
swine,12351
freaky,12350
adoption,12349
Trent,12348
swat,12346
Carolina,12345
Phillips,12342
e-mails,12339
inherited,12339
tubes,12329
parish,12328
permanently,12327
smiled,12322
Madrid,12321
sweaty,12320
giants,12320
Nash,12319
psychiatric,12315
proving,12315
devils,12313
waitin,12313
Theresa,12306
quarrel,12303
offence,12296
Julius,12285
biology,12283
mining,12283
agony,12283
documentary,12282
Eden,12281
Christians,12278
rental,12275
thrust,12274
unlucky,12272
unite,12270
altitude,12265
Edie,12264
awards,12258
Amsterdam,12258
demonstrate,12257
sponsor,12253
elephants,12249
urban,12249
fees,12246
creeps,12246
umm,12241
elaborate,12239
garlic,12239
self-defense,12234
twilight,12230
USA,12229
marker,12218
stitches,12214
increasing,12213
reserved,12211
mechanism,12210
onions,12208
commanding,12207
guinea,12206
entertaining,12200
biting,12200
mentor,12199
tipped,12197
Vaughn,12194
freakin,12193
concerning,12192
ant,12190
busting,12189
Kramer,12188
candidates,12187
7th,12187
antique,12182
stakes,12179
select,12178
Henri,12178
bathtub,12177
logs,12176
Atlantis,12171
associated,12169
assaulted,12169
ripping,12168
holiness,12168
banned,12165
democratic,12164
Natasha,12157
babysitter,12155
interrupted,12154
Walsh,12154
barracks,12154
dinosaurs,12142
secondary,12140
relation,12139
processing,12138
flights,12134
bangs,12134
tattoos,12132
Iove,12130
elder_man,12128
careless,12128
truce,12125
ss,12123
gracias,12120
intellectual,12118
Truman,12117
gasoline,12117
squadron,12116
gifted,12116
lockdown,12116
representing,12116
debris,12114
sewer,12105
survey,12104
interviewed,12102
landscape,12100
moe,12099
Pennsylvania,12096
carpenter,12094
striking,12092
detailed,12092
rifles,12092
ruler,12091
evolved,12091
hotter,12091
payback,12090
crashes,12087
policemen,12085
vibe,12082
bricks,12081
dialing,12081
ruling,12076
poems,12076
missus,12076
acres,12072
triangle,12064
bash,12064
D.A,12063
snapped,12054
flank,12053
properties,12052
challenges,12050
passports,12047
utter,12046
Ripley,12042
flashlight,12039
trainer,12035
peek,12034
caves,12033
III,12033
cripple,12032
Liu,12029
thudding,12023
scoop,12023
separation,12022
advisor,12022
gag,12021
employer,12019
temporarily,12018
expertise,12015
profound,12013
reflect,12012
lemonade,12010
vegetable,12010
Maureen,12009
freshman,12002
countryside,12002
branches,11997
lookout,11988
microphone,11985
splash,11984
lizard,11981
shorty,11974
virtually,11972
mushrooms,11968
knot,11966
irresponsible,11966
sheer,11965
21st,11964
turf,11963
high-pitched,11963
cheque,11963
supported,11957
Bryce,11956
Benson,11951
gangs,11950
teaches,11949
stitch,11945
snacks,11944
despise,11943
successfully,11942
veil,11941
showers,11939
invent,11937
bidding,11933
fades,11932
phenomenon,11931
opposition,11925
Ó,11920
tribute,11919
smokes,11916
lam,11916
jumps,11914
graveyard,11912
ju,11910
Vietnamese,11908
symbols,11907
seized,11906
slapped,11904
thirst,11904
Vernon,11898
mal,11896
targeting,11893
earrings,11888
mourning,11888
fracture,11888
resolved,11880
lump,11878
seasons,11873
Michel,11870
cube,11866
yοu,11862
douche,11859
estimate,11856
Churchill,11855
elementary,11850
disappearing,11847
riddle,11846
Manuel,11844
stargate,11843
darlin,11842
instructed,11840
Holden,11840
flock,11838
traded,11837
intruder,11833
headaches,11829
boards,11827
clanging,11827
irony,11824
plaza,11822
behaving,11821
diseases,11818
comb,11817
Knox,11815
Joanna,11814
nursery,11813
clapping,11811
preferred,11800
Michigan,11799
Jerome,11798
Abu,11796
salon,11795
12th,11795
Lorraine,11794
smuggling,11794
supernatural,11790
monks,11790
managing,11780
Herman,11779
potentially,11774
onboard,11773
experiencing,11770
denying,11768
maze,11766
limb,11761
dove,11760
bluffing,11760
drawings,11757
recorder,11757
discretion,11756
restricted,11752
Gardner,11750
matched,11744
await,11744
fritz,11738
yuan,11736
garrison,11734
amigo,11731
refuge,11731
psychotic,11729
juicy,11729
poured,11727
gorilla,11727
negotiations,11725
Joon,11722
buckle,11721
tidy,11720
driveway,11720
yummy,11716
empress,11715
bathing,11712
Babylon,11712
com,11709
packs,11707
souvenir,11704
weaver,11703
aunty,11699
15th,11699
consultant,11699
ghetto,11697
purely,11694
guarding,11692
dared,11690
transmitter,11687
pairs,11685
Hassan,11685
blanche,11681
Briggs,11677
Sabrina,11676
environmental,11676
cosmic,11674
addiction,11674
preliminary,11670
crews,11666
definite,11664
duchess,11663
finals,11662
cuff,11662
vent,11659
Vatican,11659
imaginary,11656
Sanchez,11655
10th,11651
Cohen,11651
scanner,11650
solitary,11648
toll,11644
arguments,11643
females,11640
foreigners,11639
tougher,11638
Teal'c,11636
texting,11635
tomatoes,11635
violated,11635
shaved,11632
boiling,11632
ne,11632
ox,11631
hairs,11628
womb,11626
Goa'uld,11623
numb,11616
boxer,11616
bluff,11616
moss,11615
sa,11613
province,11612
seizure,11610
ripe,11608
Tate,11605
sixty,11605
comet,11600
cereal,11600
worldwide,11596
countless,11593
altered,11592
poppy,11591
dancers,11587
lighten,11586
13th,11583
supermarket,11580
Rupert,11576
brotherhood,11571
enthusiasm,11568
ping,11566
curly,11565
triggered,11562
wilderness,11560
comedian,11549
housekeeper,11548
payroll,11548
wormhole,11543
refusing,11538
males,11536
Virgil,11535
ga,11530
extract,11530
peasant,11526
authentic,11526
gulf,11523
hottest,11516
spits,11514
nude,11503
tramp,11497
robbers,11492
occasions,11492
slavery,11490
inmate,11489
parallel,11489
Isabella,11485
butts,11484
McKay,11481
bacteria,11479
Mumbai,11479
Dalton,11478
kilos,11477
and-and,11477
extended,11471
underworld,11470
Vega,11469
Edmund,11465
valve,11465
Clinton,11462
substitute,11462
contempt,11461
vile,11459
mercury,11456
Millie,11456
adventures,11453
operative,11451
hum,11447
groceries,11446
Edwards,11445
geek,11443
ahold,11441
Sweden,11437
tribal,11436
matrix,11436
immigration,11436
exceptional,11435
O'Brien,11434
commence,11430
strangely,11430
drugged,11429
dickhead,11422
cafeteria,11417
des,11417
verse,11414
punching,11407
Miriam,11403
unemployed,11400
senor,11398
Montgomery,11395
disk,11394
rib,11394
disappointing,11393
vanish,11392
Brendan,11390
casting,11387
pets,11384
Libby,11381
yield,11377
mornin,11376
devastated,11375
overlapping,11374
jj,11374
bushes,11373
establishment,11373
approaches,11373
hicks,11367
permitted,11366
norm,11362
oppa,11358
condolences,11357
Yankees,11357
imitating,11356
considerable,11352
distinguished,11352
cheerful,11350
hides,11349
whooshing,11348
dorm,11347
Wanda,11347
invincible,11347
clone,11345
coup,11344
how're,11344
troop,11336
poisonous,11335
donation,11335
Portland,11333
playground,11333
grove,11331
inheritance,11331
affects,11330
speeches,11329
providing,11329
Abel,11326
workshop,11326
Iet,11324
scratching,11317
chopped,11316
legends,11316
embarrassment,11311
merciful,11309
exhibition,11307
distribution,11305
Sawyer,11305
Philippe,11305
addresses,11299
speeding,11295
Riggs,11294
asteroid,11294
Nell,11289
nan,11286
I'm-I'm,11284
pumping,11283
aged,11280
carved,11280
Lilly,11279
genes,11278
portion,11278
colours,11276
blackout,11274
14th,11274
machinery,11272
marvellous,11267
steering,11266
killings,11265
automatically,11262
overboard,11262
rag,11259
musicians,11259
screamed,11258
pies,11256
designs,11252
merchandise,11252
lens,11250
seduce,11248
keyboard,11241
Burton,11239
seventeen,11236
flags,11236
waltz,11234
Santiago,11234
Chun,11234
functions,11232
onion,11230
cunning,11229
sessions,11229
fainted,11228
currency,11226
Dre,11217
slippery,11216
deceived,11211
Marianne,11209
smartest,11200
overwhelmed,11199
stripes,11198
communists,11198
weddings,11195
cristina,11193
unpredictable,11190
settling,11189
apocalypse,11187
dearly,11182
mild,11181
meteor,11181
conclusions,11181
batch,11180
Javier,11179
thug,11178
cant,11174
tang,11170
attended,11169
Suzanne,11165
creator,11161
Franco,11159
spicy,11159
reform,11158
McCoy,11158
vicki,11157
Holt,11153
Nat,11151
reset,11149
broom,11143
grandchildren,11143
publicly,11142
skeleton,11142
boyfriends,11140
Spider-Man,11138
Barb,11138
cement,11138
denial,11137
Jai,11135
stud,11135
exits,11132
lifting,11131
Mimi,11131
Bennet,11131
sailors,11129
olympic,11127
artistic,11126
Wheeler,11123
accounting,11122
Xena,11119
Portuguese,11118
warmer,11117
humiliation,11114
moustache,11110
snitch,11109
tractor,11106
Gracie,11104
dismiss,11102
Otis,11102
convoy,11100
shatters,11096
Matthews,11096
equipped,11093
curry,11091
alarms,11088
sew,11085
dawg,11084
long-term,11080
condoms,11077
roughly,11076
hamlet,11075
parlor,11075
businesses,11073
stalker,11071
pinned,11070
boogie,11066
relate,11065
duh,11065
balloons,11064
psychopath,11063
Lyle,11063
beggar,11054
robber,11050
ungrateful,11048
moose,11047
kitten,11045
hometown,11044
18th,11038
petition,11037
gardener,11037
thugs,11032
stroll,11028
vibrating,11027
serum,11024
Darryl,11018
Skinner,11011
weekly,11009
insect,11009
rates,11004
Cora,11003
squawking,11003
assassins,10992
mysteries,10991
Cuban,10990
Eliza,10987
confuse,10986
curfew,10981
melted,10978
gale,10977
rigged,10975
liars,10974
context,10970
vegetarian,10970
breakthrough,10970
Vulcan,10970
crosses,10969
stored,10967
foods,10967
discharged,10964
Ohhh,10961
faking,10959
athlete,10958
judged,10950
Cobb,10948
seals,10946
generals,10943
referred,10940
funky,10939
ingredients,10939
transform,10937
Ezra,10936
manipulate,10935
initiate,10934
Billie,10931
shipped,10930
predator,10929
wo,10929
Ragnar,10928
Trey,10923
juvenile,10921
Gabrielle,10920
magistrate,10919
awaiting,10913
harassment,10913
a-a,10910
oooh,10910
texted,10906
encountered,10905
fulfilled,10903
courthouse,10903
frontier,10902
Gretchen,10901
tripped,10893
70s,10893
havin,10892
gong,10892
whites,10892
steals,10882
twenty-five,10882
grabbing,10881
legit,10881
competitive,10876
docks,10869
tutor,10866
livin,10865
vessels,10865
delete,10864
ethics,10863
flipped,10861
Elliott,10860
torpedo,10860
Indiana,10856
tickle,10855
panda,10855
tigers,10847
Dracula,10843
professionals,10840
hulk,10838
apparent,10836
adrenaline,10829
ignorance,10824
Luthor,10816
overhead,10814
nicest,10814
Chet,10812
shoo,10810
difficulties,10807
tackle,10805
cupboard,10805
devotion,10805
Whitney,10804
badass,10803
predicted,10797
Milton,10795
Thea,10794
elderly,10794
inspire,10794
colt,10792
Pamela,10788
links,10788
merci,10781
asap,10780
Allie,10778
Cruz,10777
Betsy,10775
cuz,10772
teasing,10771
sloan,10771
sweetest,10768
burgers,10768
Oswald,10768
streak,10765
toothbrush,10764
Franz,10759
apartments,10758
download,10757
Klingon,10757
fuller,10754
KITT,10752
toad,10750
grim,10748
tsk,10748
tu,10744
historic,10742
filing,10739
fewer,10727
leash,10723
challenged,10721
airline,10717
flows,10717
Tessa,10716
Timothy,10713
google,10710
connecting,10708
translator,10704
spiders,10703
dumping,10703
understandable,10694
reader,10693
aspect,10692
rocking,10690
fantasies,10688
infirmary,10686
Juliette,10685
Antoine,10683
surprisingly,10683
positively,10681
peasants,10680
repairs,10680
appreciation,10680
tapped,10679
transition,10677
Thailand,10671
regularly,10668
puff,10667
mist,10666
tai,10665
scope,10665
Marley,10661
Dex,10654
halls,10654
airborne,10652
Alvin,10651
hacker,10650
trumpet,10650
suggestions,10644
puppies,10640
parrot,10639
expects,10639
jumper,10638
Lopez,10632
collective,10631
dripping,10631
transformed,10631
midst,10630
protector,10629
smashing,10626
blossom,10624
superb,10624
drones,10623
starters,10623
amendment,10623
blog,10621
introduction,10620
Kyung,10619
exile,10619
syrup,10618
Roberto,10616
Marta,10616
cautious,10615
glimpse,10615
alternate,10613
gaze,10613
pint,10613
coats,10611
masterpiece,10608
admired,10607
orphans,10606
grind,10600
cutter,10597
intervention,10595
biscuits,10595
w-what,10595
rep,10594
sensor,10590
Elijah,10588
crib,10586
ensign,10585
vanilla,10585
Monte,10582
stamps,10580
rubbing,10578
Ethel,10578
vanity,10575
bliss,10575
paddy,10574
vaccine,10571
overheard,10570
unidentified,10569
metaphor,10564
employed,10562
Magnus,10562
unlocked,10561
suspension,10560
enters,10558
wrecked,10557
pact,10557
motto,10556
breaths,10543
pajamas,10540
obtain,10537
refugees,10534
isolation,10532
prototype,10530
S.H.I.E.L.D,10519
ashore,10518
courier,10515
footprints,10515
bypass,10512
greatness,10512
barge,10512
brigade,10506
slowing,10504
injustice,10504
addicted,10502
bonjour,10502
there're,10502
falcon,10500
Bree,10498
reservations,10498
eerie,10495
cloak,10493
targeted,10492
blankets,10489
flour,10488
heap,10485
ca,10483
accusations,10477
Frederick,10475
haunt,10474
sailed,10473
Bea,10471
hog,10470
breeding,10469
milady,10466
sunk,10465
Brent,10462
Muslims,10462
Gu,10459
font,10459
lime,10456
Freeman,10455
easiest,10454
shaken,10454
collateral,10450
hardy,10449
doorstep,10446
absent,10445
upsetting,10442
peoples,10442
grandparents,10441
Martinez,10440
bind,10439
elf,10432
microwave,10421
wager,10420
Stanton,10420
Lindsey,10418
bankrupt,10417
tempted,10416
fuzzy,10415
crows,10415
errand,10413
curve,10411
Columbia,10410
weirdo,10410
summers,10409
rotting,10405
splitting,10401
noses,10398
Kirby,10394
Bourne,10390
lent,10386
feedback,10386
ale,10385
bikes,10383
experimental,10381
annoyed,10380
Lara,10380
baba,10377
depths,10376
fatty,10368
Penelope,10368
morons,10362
ri,10358
condo,10354
nightclub,10354
vague,10353
Andrews,10353
rene,10352
O.R,10352
contribution,10350
beaver,10348
kettle,10347
beta,10346
flirt,10346
gutter,10345
Kev,10345
provides,10342
Ferrari,10341
PD,10339
guarded,10334
decline,10333
infant,10332
terrace,10330
Dani,10328
spitting,10326
rhyme,10318
playin,10317
burglar,10316
daring,10314
insight,10314
leaking,10313
sage,10312
sidewalk,10310
quarterback,10309
snatch,10309
notorious,10309
investors,10307
Harley,10306
sniff,10302
Langley,10301
rosemary,10301
wage,10300
whilst,10299
pursuing,10298
negotiating,10297
investigations,10296
champions,10296
numerous,10295
achievement,10295
savages,10292
smelling,10288
stripped,10287
ribbon,10287
rover,10282
abbey,10281
category,10280
draws,10279
scholar,10278
cigars,10277
severed,10276
Hawkins,10276
unfinished,10275
Lacey,10275
convent,10269
weary,10268
valid,10266
encouraged,10266
convenience,10265
nod,10263
assessment,10263
unload,10259
teen,10256
purchased,10256
satellites,10251
shaving,10246
monastery,10244
hitch,10240
Richards,10240
shakes,10240
Zhang,10238
Caitlin,10238
Julio,10233
Costa,10229
Jeannie,10228
bled,10226
equation,10225
cartoon,10224
carrot,10222
getaway,10222
Coulson,10220
concussion,10214
y'know,10213
Lars,10211
investigated,10208
countdown,10206
repeated,10205
movin,10204
Picard,10202
nipples,10201
secrecy,10201
weeping,10200
switching,10200
protects,10199
calculations,10195
improvement,10195
fearless,10194
lists,10187
protocols,10184
flare,10182
Nevada,10178
tracker,10175
hydra,10171
19th,10169
dynasty,10168
flooded,10168
elections,10166
agencies,10165
Interpol,10162
slippers,10159
disturbance,10159
shhh,10156
represented,10150
vip,10147
smallest,10146
ketchup,10143
Alabama,10140
pharmacy,10134
crank,10134
ax,10132
shines,10130
gravy,10126
jets,10126
grapes,10124
melting,10123
impatient,10122
newest,10122
privately,10122
compensation,10119
verge,10118
glowing,10117
mother-in-law,10117
crops,10116
promote,10113
crickets,10111
extensive,10110
Schultz,10108
treasury,10108
hump,10107
Daryl,10106
relay,10106
plumber,10105
Jeong,10103
sewing,10101
observed,10100
paralyzed,10097
maestro,10094
hound,10091
relatively,10090
contractor,10089
incapable,10087
Celia,10085
preparation,10085
invade,10083
Ernest,10083
Grady,10078
muffin,10078
jock,10074
Scottish,10068
hamburger,10067
Yoo,10066
Muhammad,10066
cooks,10063
founded,10063
mold,10060
licence,10060
thumbs,10057
Addison,10056
resent,10054
Obama,10054
kidneys,10054
bravery,10048
decency,10047
chalk,10046
full-time,10045
homosexual,10043
nay,10039
sol,10039
marble,10039
NCIS,10038
innit,10033
shattering,10029
scooter,10028
glance,10027
arctic,10027
wrists,10026
consumed,10024
Willis,10023
slot,10022
Capt,10022
Pittsburgh,10021
humour,10017
filmed,10017
deceive,10015
taco,10015
Marissa,10014
fisherman,10014
donate,10013
darkest,10013
cardiac,10003
sissy,9999
Cassandra,9996
peacefully,9995
conducting,9993
assemble,9993
Morse,9992
Kentucky,9990
Cary,9989
jackpot,9986
imitates,9986
lowest,9982
snorts,9979
hive,9976
declaration,9975
Richmond,9972
ecstasy,9971
Steele,9971
tighter,9971
tenth,9969
honors,9967
sentences,9961
Spartacus,9960
petrol,9959
mop,9959
Patterson,9958
capitol,9958
Leonardo,9956
Krishna,9955
avoided,9952
cowboys,9950
jerks,9949
6th,9947
pearls,9946
Warner,9946
aggression,9946
shrine,9945
capsule,9941
Ada,9941
fundamental,9941
pickle,9938
sí,9937
peas,9934
coolest,9931
fiance,9928
allegiance,9927
Cassidy,9923
hen,9922
app,9921
supportive,9921
liberal,9919
tablet,9918
ripper,9917
Mozart,9915
chooses,9914
sully,9903
mutters,9902
Renee,9900
resolution,9894
priceless,9892
diversion,9891
addressed,9890
Memphis,9890
diapers,9886
Hebrew,9885
Madonna,9884
vase,9880
beau,9879
ignition,9874
nuisance,9873
hale,9872
remotely,9868
thorn,9868
Beethoven,9866
Hoover,9863
Ariel,9862
por,9862
granddad,9858
Lila,9854
legion,9849
8th,9848
Wei,9844
toilets,9843
sunglasses,9843
mute,9839
repeatedly,9837
producing,9835
mamma,9834
deacon,9834
academic,9833
Dickie,9832
Rahul,9831
shaped,9823
carrots,9823
F.B.I,9821
pigeons,9820
inherit,9817
acquainted,9815
Hyde,9810
bakery,9809
simpler,9807
scans,9804
Jude,9803
likewise,9800
recruited,9798
conservative,9797
trump,9796
heating,9795
Lizzy,9794
skilled,9794
wh-what,9788
chilly,9787
Beatrice,9786
foam,9783
elves,9783
punches,9780
lil,9778
Torres,9777
penthouse,9776
psychologist,9776
Heidi,9776
arch,9773
20s,9773
fragments,9769
crippled,9768
padre,9766
Vargas,9759
part-time,9758
scratched,9757
canvas,9756
eminence,9755
sneaky,9755
orderly,9754
you-you,9754
banquet,9753
storms,9752
dislike,9747
telescope,9746
rockets,9745
Sanders,9737
Naples,9736
stocks,9734
torturing,9732
Irving,9731
mainland,9730
dine,9729
dumpster,9726
sterling,9724
newly,9723
Frances,9720
McDonald,9719
strangle,9717
limp,9715
frustrating,9714
unbearable,9713
bouncing,9713
posters,9712
Malone,9710
exquisite,9710
broker,9709
carver,9708
eldest,9706
helm,9704
sway,9702
stationed,9701
goddamned,9701
pitiful,9699
heil,9698
northwest,9695
Maxine,9694
responded,9693
freeway,9688
tailor,9688
authorization,9687
hacking,9685
detector,9684
Malik,9681
crowds,9680
Tennessee,9680
Greeks,9678
fang,9676
misfortune,9675
severely,9668
shortcut,9668
orgasm,9666
frogs,9666
loft,9666
comparison,9666
demanded,9665
Webster,9663
Callie,9662
belts,9658
retard,9657
scorpion,9657
meow,9657
flute,9657
evaluation,9655
comforting,9655
Herbert,9654
loans,9653
Morrison,9651
stages,9646
tying,9645
thanking,9644
stated,9641
Geneva,9641
remorse,9640
spinal,9639
Australian,9638
insists,9636
cherish,9636
Wright,9636
invaded,9633
briefly,9633
belongings,9633
virginity,9631
goats,9630
posts,9629
fingernails,9626
atom,9626
infantry,9624
expressed,9621
congrats,9620
conducted,9620
cobra,9612
greeting,9611
vulgar,9609
gangsters,9608
liability,9608
Horace,9608
troubling,9607
treasures,9602
Andi,9601
adapt,9601
polar,9599
admission,9592
leaked,9591
sly,9590
contagious,9590
backstage,9587
producers,9586
ban,9580
howl,9579
father-in-law,9573
complained,9573
releasing,9570
Ginny,9568
banged,9565
specially,9564
analyze,9564
Theodore,9563
Maddy,9561
nervously,9561
neural,9561
particle,9559
arrests,9559
squeals,9556
dynamic,9555
trim,9554
resigned,9552
kite,9552
deception,9552
Sinclair,9550
complications,9549
alma,9547
nova,9544
crate,9543
Darwin,9542
revs,9541
Rufus,9539
competing,9539
rattle,9538
Geoffrey,9538
imprisoned,9536
Allan,9532
brothel,9531
pending,9531
marathon,9528
weasel,9524
lynch,9524
handkerchief,9523
slug,9523
starring,9521
Bronx,9518
idle,9515
filter,9513
voodoo,9511
magnum,9510
malfunction,9507
trespassing,9507
Sierra,9507
Ferris,9505
basil,9500
handles,9493
dungeon,9493
Niles,9491
mat,9490
vocalizing,9487
stem,9486
Carly,9483
Maxwell,9482
pickles,9479
leaning,9479
touchdown,9477
hating,9475
headlines,9474
Emmett,9470
closure,9470
pins,9470
spooky,9466
whinnies,9462
wool,9460
celebrated,9459
richer,9459
bein,9457
chimney,9455
Leah,9455
helicopters,9449
goddammit,9447
yum,9440
vintage,9439
homecoming,9438
tens,9433
bugging,9432
disgust,9432
morality,9431
Byron,9431
Tristan,9427
Samson,9427
Hola,9425
extraction,9424
Ingrid,9422
Cadillac,9422
richest,9422
Madeline,9422
Philly,9421
cylon,9421
appearances,9420
removing,9420
banking,9419
torment,9417
transporter,9417
strategic,9417
tornado,9417
Benedict,9415
pupils,9414
Olympics,9412
Italians,9412
Luna,9410
Mallory,9409
deciding,9408
militia,9408
Luca,9405
receiver,9403
wink,9399
regain,9396
sparks,9395
lan,9395
weighs,9394
pr,9391
poles,9390
Oof,9388
radioactive,9387
safest,9385
surfing,9384
Dwayne,9381
intercom,9381
grams,9381
behaved,9380
chores,9379
stinky,9377
ongoing,9374
Worf,9374
trembling,9373
cultures,9370
nuns,9368
hazard,9368
Cyril,9368
Syd,9366
drifting,9366
Hogan,9360
pow,9357
antibiotics,9356
soaked,9356
recovering,9354
decorated,9353
heist,9353
blasted,9351
foreigner,9351
optimistic,9349
crunch,9349
blondie,9348
noticing,9344
yogurt,9344
forests,9342
siege,9339
br,9334
banished,9330
manifest,9328
Ferguson,9320
dispute,9320
fascist,9320
Desmond,9319
steroids,9315
lava,9313
gi,9311
Stanford,9307
fireplace,9304
runaway,9304
chops,9303
exploding,9300
Santos,9299
aiming,9299
judgement,9299
Dolores,9297
throats,9295
wont,9294
standby,9294
farms,9294
abduction,9293
unity,9293
specimen,9290
diaper,9288
Jeanne,9287
recon,9286
prettiest,9286
essay,9286
delusional,9281
redemption,9278
swelling,9277
Judas,9277
brute,9276
Sonya,9276
60s,9276
Christy,9275
rehearse,9275
screws,9274
apologizing,9273
cocky,9273
interfering,9273
masses,9270
aurora,9270
drip,9270
gaining,9267
mattered,9261
punks,9260
conquered,9259
tribes,9254
tummy,9254
suited,9254
jeopardy,9246
Priya,9245
Arnie,9245
Puerto,9243
alias,9243
Wales,9242
merit,9242
16th,9241
perception,9241
timeline,9240
doesn,9238
console,9237
dolphins,9230
liable,9229
fading,9226
wah,9226
surround,9226
troll,9225
harmed,9222
buses,9220
winters,9220
relaxing,9219
Stalin,9217
apprentice,9215
alleged,9214
gradually,9214
teller,9213
squeaks,9213
cracker,9212
containment,9208
programming,9206
cheerleader,9203
suckers,9202
preparations,9202
proposing,9202
sittin,9200
dim,9200
gigantic,9197
reminding,9195
faked,9194
quiz,9193
warfare,9192
Vinnie,9188
attendant,9187
mam,9186
reef,9185
punishing,9183
employ,9181
rays,9180
superiors,9180
straining,9180
crushing,9179
fruits,9178
Connecticut,9177
venom,9176
Louisiana,9174
peaches,9172
Jody,9171
consequence,9168
Greta,9168
publisher,9167
implying,9167
mixing,9166
tyres,9166
consolation,9166
ads,9165
descent,9163
cathedral,9162
Oregon,9161
travelled,9159
conductor,9158
sands,9158
mwah,9158
Amazon,9157
stranded,9152
raft,9151
medals,9145
Maine,9143
scraping,9141
viewers,9141
sponge,9140
wandered,9136
Humphrey,9136
Sheppard,9135
Illinois,9134
drilling,9134
trench,9132
Cain,9130
pharaoh,9130
loot,9129
indication,9129
crackers,9129
Cinderella,9128
monthly,9127
inclined,9125
humiliate,9122
Wagner,9121
thighs,9120
Sergei,9119
rewarded,9117
stool,9117
drawers,9115
consulate,9114
blares,9114
ser,9113
hormones,9113
Morty,9112
royalty,9110
poking,9109
mourn,9108
sinner,9108
stumbled,9106
tropical,9099
extinct,9097
stabbing,9094
Fernando,9090
defy,9083
rapist,9083
Ta-da,9080
homemade,9080
arise,9076
inconvenience,9076
culprit,9074
marriages,9073
chauffeur,9071
Hayley,9069
dangers,9068
ounce,9066
fishy,9065
heave,9065
bailed,9064
scanning,9063
architecture,9062
coral,9061
Sutton,9061
predators,9060
curb,9059
isolate,9058
blacks,9058
hybrid,9056
kindergarten,9056
postcard,9052
isn,9051
magnet,9047
motives,9042
wand,9041
Noel,9040
flatter,9039
feminine,9037
favorites,9037
Cambridge,9033
whoosh,9032
secondly,9024
Manchester,9024
prostitutes,9020
solving,9020
Phyllis,9017
contribute,9016
fright,9015
regime,9012
yakuza,9012
allowance,9009
starship,9008
blouse,9005
Reg,9004
slate,9003
sweeping,9002
tad,9002
oceans,9000
dolphin,8996
echoes,8994
longing,8990
module,8989
substantial,8989
Bilbo,8989
Danish,8987
doggy,8986
BP,8985
lonesome,8984
traveler,8983
regional,8978
Jarvis,8976
southeast,8975
hookers,8974
clanking,8974
percentage,8974
flick,8973
temperatures,8973
Jennings,8967
Mindy,8965
fin,8962
gagging,8960
Toni,8958
virtual,8957
bulls,8957
hazel,8957
Trudy,8956
layers,8954
superstar,8952
generosity,8951
Elise,8951
raging,8949
paycheck,8948
smelly,8944
incompetent,8943
limbs,8943
hangover,8940
testament,8940
Lillian,8937
covert,8933
sideways,8932
feng,8930
boulevard,8927
buffet,8925
encouraging,8923
barrels,8922
moody,8921
homo,8919
practiced,8916
lantern,8915
edges,8914
Norton,8914
mai,8913
valet,8912
acquire,8912
roam,8911
Tarzan,8910
notified,8910
journalists,8909
Elias,8908
sails,8906
Vance,8905
subconscious,8905
negotiation,8903
babbling,8899
strapped,8899
unaware,8898
sympathetic,8897
dots,8897
UK,8894
motivated,8894
peck,8890
butterflies,8890
fa,8889
courageous,8888
etc,8887
grenades,8886
fists,8886
bombed,8886
papi,8885
friggin,8885
hydrogen,8885
patriot,8885
confined,8883
squash,8882
resurrection,8881
stupidity,8881
Rhodes,8880
motivation,8874
holler,8874
rainy,8873
rumbles,8873
Shelley,8871
propaganda,8870
Adele,8870
bundle,8868
heritage,8867
rodeo,8867
Buenos,8866
kidnapper,8865
shampoo,8862
skate,8862
reborn,8861
dense,8861
cabbage,8858
adds,8857
shan't,8857
processed,8856
brag,8856
Josie,8853
restroom,8852
calf,8852
blinded,8852
fairies,8851
chaps,8850
significance,8850
plumbing,8848
paramedics,8846
powerless,8845
publishing,8843
cruelty,8841
shades,8841
imminent,8841
froze,8839
swollen,8839
revelation,8839
forgets,8838
governments,8837
diagnosed,8835
provoke,8831
poo,8831
functioning,8831
pip,8829
Nero,8826
der,8824
gamma,8824
shiva,8822
printing,8822
playboy,8822
9th,8820
charter,8817
choked,8816
Carlton,8810
partly,8809
lotus,8808
ex-boyfriend,8806
Boyle,8804
Gandhi,8804
Katrina,8803
novels,8802
errands,8801
paddle,8800
grail,8797
introducing,8795
berry,8794
eyebrows,8789
Gestapo,8789
Silas,8786
amusement,8784
excessive,8784
bing,8780
flora,8780
medieval,8778
devastating,8777
circuits,8775
incidents,8774
scram,8772
polo,8772
catastrophe,8771
mailbox,8771
privileges,8770
Crowley,8770
Dillon,8769
spotlight,8766
where're,8766
pneumonia,8765
hopper,8764
confirms,8760
predictable,8757
poorly,8755
bummer,8755
veteran,8755
darker,8752
Porsche,8748
Yun,8745
shapes,8744
twitter,8744
restraining,8743
cradle,8741
vous,8741
iced,8741
overall,8741
slips,8739
Bianca,8738
peep,8737
hypocrite,8736
deploy,8736
bun,8736
Jorge,8735
consulting,8735
vocal,8735
fills,8733
ex-girlfriend,8732
Izzy,8730
evidently,8729
stalling,8729
baking,8728
mocking,8727
traditions,8727
hyung,8726
shithead,8726
birdie,8725
southwest,8724
Reich,8723
certainty,8723
vigilante,8722
patsy,8721
Anders,8720
tread,8718
shady,8718
collision,8717
archives,8715
dads,8707
bronze,8706
daughter-in-law,8704
grabs,8703
disc,8703
suffers,8701
shoved,8701
weaker,8699
depart,8699
thumping,8699
references,8698
heartless,8697
precaution,8695
Len,8691
Xiao,8691
ere,8691
c'est,8689
suicidal,8688
gambler,8687
spontaneous,8684
exploring,8683
external,8682
foryou,8681
Mina,8681
Columbus,8679
Caine,8674
Crichton,8673
burglary,8673
Attaboy,8670
postpone,8670
fascinated,8670
occasional,8667
bubba,8666
Angus,8665
vein,8662
argued,8662
intercourse,8661
admitting,8660
chiming,8660
yuck,8657
tongues,8656
corporations,8656
hisses,8653
perish,8651
puss,8651
rue,8651
Oklahoma,8649
suspicions,8645
coyote,8645
trafficking,8644
determination,8643
increases,8643
octopus,8641
broadcasting,8637
Ida,8634
riders,8632
bases,8632
exercises,8629
scrape,8628
DiNozzo,8626
Galactica,8626
Boone,8626
packet,8624
mandarin,8624
philosopher,8622
sensei,8621
tavern,8620
shameless,8617
chiefs,8617
fingerprint,8617
morale,8615
metallic,8614
rumours,8614
Slade,8613
doubted,8611
mace,8610
Diaz,8606
assumption,8605
pupil,8603
HQ,8602
Stacey,8601
Gerard,8601
defended,8600
tempting,8600
phew,8599
estimated,8598
manning,8598
focusing,8598
jab,8596
ballistics,8596
pry,8596
velvet,8594
prospect,8591
designated,8590
yelps,8589
whichever,8586
Morton,8585
grieving,8584
oral,8583
Bret,8583
scrambled,8583
prop,8579
mend,8578
amnesia,8578
translated,8576
Margo,8574
batter,8570
inspiring,8569
groan,8565
clarity,8565
Sloane,8563
illegally,8563
manuscript,8562
Singapore,8561
TARDIS,8560
Aigoo,8557
Nico,8556
damages,8555
pea,8554
speculation,8552
probable,8552
cannons,8551
chained,8550
eyewitness,8549
convert,8548
allegations,8547
soy,8545
repaired,8544
comeback,8543
Jaime,8543
clearer,8542
doorway,8541
Rohan,8537
input,8536
frustration,8536
captive,8533
tuned,8531
vomiting,8530
gem,8530
BBC,8530
exploit,8530
refreshing,8529
buns,8528
tο,8527
Shaolin,8526
transaction,8526
11th,8524
skating,8524
asthma,8522
Julien,8520
reel,8520
titan,8520
possessions,8519
mermaid,8518
skiing,8518
wan,8518
harness,8517
routes,8517
nightfall,8516
investigators,8516
Coleman,8515
recess,8513
Evie,8513
ministers,8511
cocoa,8509
appointments,8509
Murdock,8508
Sundays,8507
Axel,8506
willingly,8504
realizing,8503
parachute,8501
stains,8498
Decker,8496
vicinity,8494
crocodile,8493
factories,8490
allied,8489
charms,8488
Giles,8483
ups,8482
headmaster,8480
hash,8477
squat,8477
hooks,8477
pleasures,8473
clinical,8473
trout,8473
quadrant,8473
titanic,8473
sinners,8471
distinct,8468
Perkins,8460
17th,8459
brighter,8459
Deeks,8457
ratings,8457
clacking,8455
combine,8455
typewriter,8454
perp,8452
screeches,8452
Hobbs,8451
Barrett,8447
Madeleine,8444
00ffff,8443
crawled,8441
founder,8440
partying,8435
rs,8431
mosque,8429
carve,8424
Jensen,8420
eagles,8419
Locke,8415
expanding,8415
o'malley,8413
shush,8413
depot,8412
slayer,8412
bulb,8411
salvage,8407
earning,8403
well-known,8401
confronted,8400
misunderstand,8398
Hodgins,8396
abnormal,8396
user,8395
ankles,8395
serpent,8392
crude,8391
northeast,8391
Lambert,8390
Mara,8390
excess,8389
arrogance,8387
Pauline,8387
Leland,8387
Cory,8385
uptight,8384
receipts,8382
bathe,8381
guru,8380
Cairo,8380
armored,8380
dwell,8379
penetrate,8378
lace,8377
counseling,8377
starved,8376
forming,8376
signatures,8375
churches,8375
metropolis,8371
obstacle,8366
Zeke,8366
persuaded,8366
Seymour,8365
caviar,8364
niggas,8364
reddington,8361
SDH,8361
Brock,8360
villains,8359
mathematics,8359
snatched,8357
Everett,8354
rightful,8352
grumpy,8350
residue,8349
KGB,8347
warrants,8346
Callen,8345
brink,8345
automobile,8344
90s,8343
faculty,8343
doubled,8342
wrench,8341
fireman,8339
trinity,8338
preach,8337
transit,8336
martyr,8336
joints,8336
agreeing,8336
dares,8334
thigh,8334
accidental,8333
fiancee,8333
dispose,8331
obtained,8330
believer,8329
athletic,8327
quack,8326
caravan,8325
farts,8324
intuition,8324
oh-oh,8321
courtyard,8320
honoured,8318
monitors,8317
Fischer,8317
occurs,8314
Tyson,8314
hostess,8313
cowardly,8311
Dakota,8309
cub,8307
assembled,8303
headline,8303
compelled,8302
lacking,8301
dedication,8300
comm,8300
Nemo,8299
crust,8299
bombers,8298
shits,8296
greasy,8296
marquis,8295
surge,8292
colonies,8290
Zoey,8290
courses,8289
patron,8285
Odin,8284
pageant,8284
meaningful,8284
Jed,8283
pi,8281
tolling,8277
anticipated,8276
gents,8276
manipulated,8275
commercials,8275
pumped,8274
Francine,8274
Harlem,8272
Prague,8271
intercepted,8267
prostitution,8267
flashing,8265
membership,8265
Cheng,8263
chunk,8261
analyst,8259
Edna,8258
struggled,8258
markets,8258
chocolates,8257
stressful,8253
openly,8253
fusion,8252
tit,8251
boiled,8250
clinking,8250
karaoke,8250
insecure,8250
walkin,8249
suing,8249
Denmark,8246
bloodshed,8242
Marian,8242
taped,8241
objections,8238
heed,8235
UFO,8235
Ching,8234
toughest,8233
Newman,8232
pronounced,8231
biscuit,8230
break-in,8230
epidemic,8229
Skye,8225
equivalent,8221
Barton,8219
crabs,8218
swings,8216
threshold,8215
astronauts,8215
titties,8214
roles,8212
surrendered,8210
operated,8208
crystals,8208
opium,8205
seeks,8204
solemn,8202
riches,8201
omega,8200
Beatles,8198
undone,8198
ramp,8197
haste,8195
hallucinations,8191
priorities,8189
tee,8187
semen,8187
heated,8187
scarlet,8186
initials,8185
Olga,8185
manor,8183
Xander,8179
cawing,8178
genuinely,8177
laden,8176
Abbott,8173
viper,8171
mic,8170
measured,8168
shameful,8167
one-way,8166
Panama,8165
beaches,8165
tart,8165
apes,8165
Talbot,8164
ki,8161
Shaun,8158
scroll,8157
idiotic,8156
scales,8155
firmly,8154
Austria,8153
atm,8153
gran,8151
daytime,8151
transformation,8151
terminated,8147
duct,8145
leopard,8144
Murdoch,8144
withdrawal,8144
apologized,8142
applying,8138
stretched,8137
natives,8135
noodle,8134
Chu,8130
goo,8129
heavier,8128
generate,8125
plotting,8124
dye,8123
screenplay,8122
IP,8119
practise,8119
unreasonable,8117
litter,8117
celebrities,8109
Caribbean,8109
sustain,8109
Iowa,8109
rests,8107
loaf,8105
demo,8103
starling,8100
Nobel,8099
electronics,8099
trek,8095
brunch,8093
telly,8092
martian,8092
reindeer,8092
everlasting,8091
mri,8090
erotic,8090
miners,8087
seminar,8087
uncovered,8087
testified,8087
cupcake,8083
wireless,8081
artifact,8081
Islam,8080
mira,8078
bikini,8076
Bangkok,8074
meadow,8073
wheezing,8072
expansion,8067
yank,8067
Beijing,8066
YouTube,8065
Yan,8064
couId,8062
overdose,8061
Winnie,8060
tuition,8057
thesis,8057
butters,8057
disguised,8056
utmost,8055
salty,8055
vin,8055
Stewie,8053
immortality,8052
bumper,8051
Lulu,8051
woof,8051
panther,8051
temporal,8050
scenery,8050
dictionary,8049
gender,8049
Norway,8049
Hoffman,8048
col,8047
Fowler,8046
upgrade,8045
bi,8045
Englishman,8045
cuckoo,8042
chug,8042
CAITLYN,8040
Bombay,8040
Tito,8036
Cox,8035
underestimated,8035
bandage,8034
latte,8034
cleaners,8029
flattering,8029
viral,8028
liaison,8024
Dev,8022
Chapman,8018
shouted,8017
kidnappers,8014
launching,8014
sniffling,8011
Xavier,8011
paranoia,8011
Debra,8009
findings,8008
wits,8006
Rafael,8004
sinister,7999
masked,7999
x-rays,7998
hangar,7998
transported,7996
neglected,7994
purity,7993
witchcraft,7990
Giovanni,7988
drummer,7988
clatter,7987
deleted,7985
simulation,7984
Mexicans,7984
temp,7983
kiddin,7981
smoothly,7981
Wisconsin,7981
arson,7980
thermal,7980
indulge,7978
gibberish,7978
tonic,7973
midget,7968
Fitzgerald,7964
commerce,7963
Borg,7962
Astrid,7959
Rossi,7958
stunned,7957
cutie,7955
wed,7955
pleases,7954
mutt,7954
turd,7952
manly,7951
Igor,7950
oy,7950
messiah,7948
dd,7948
cosmos,7945
signor,7943
Starbuck,7943
wiser,7942
tags,7938
worthwhile,7937
Missouri,7937
Hungarian,7934
referee,7932
parasite,7931
itch,7924
pits,7923
sundown,7923
needy,7921
pumps,7920
welcoming,7916
destructive,7915
spaces,7915
Florrick,7914
exhausting,7914
rehearsing,7914
siblings,7914
nineteen,7913
porno,7912
pots,7910
jaws,7908
frequently,7908
sod,7907
sinned,7906
pas,7904
automated,7904
saloon,7901
astonishing,7900
tighten,7900
probability,7899
detonator,7894
mineral,7893
dork,7892
conceived,7890
caliber,7890
Corey,7888
Apache,7888
macho,7887
guardians,7886
mixture,7883
Kirsten,7881
vouch,7881
Paco,7880
Turks,7879
est,7879
damp,7876
lesser,7876
half-hour,7875
spelling,7867
Voyager,7865
Springfield,7863
voters,7861
doughnuts,7860
slay,7860
angles,7859
anomaly,7858
genie,7858
strawberries,7857
transcript,7857
Vito,7856
Arabs,7856
audible,7856
McQueen,7855
liberation,7855
Eliot,7854
arsenal,7854
precision,7849
singers,7849
billionaire,7848
mornings,7847
Wilkes,7847
flaw,7846
dryer,7843
maids,7842
plains,7842
stirring,7842
Argentina,7841
Lucia,7841
necks,7840
realizes,7839
sued,7838
advocate,7837
concluded,7836
Yeon,7835
firearms,7834
spacecraft,7834
Lina,7830
gospel,7826
plum,7826
cooling,7826
Tomas,7825
oppose,7823
jinx,7823
Deborah,7820
Utah,7818
Yong,7818
crater,7816
sphere,7816
ideals,7816
sonar,7815
lowered,7814
vi,7811
builds,7810
tends,7809
face-to-face,7809
pitcher,7808
array,7808
velocity,7806
interviewing,7804
Nadine,7802
treatments,7802
km,7800
cynical,7800
comics,7799
fling,7798
polls,7797
sculpture,7796
precautions,7795
readers,7794
snapping,7794
Carolyn,7794
Gallagher,7793
necessity,7791
rags,7787
accusation,7786
ct,7785
resemblance,7784
Klein,7783
Christie,7782
Colleen,7782
Marcy,7781
freight,7774
taps,7774
neighing,7773
decoy,7773
herbs,7773
destroys,7768
congregation,7767
hup,7767
Baek,7767
SUV,7765
placing,7762
conceal,7762
Wendell,7762
lair,7761
Slater,7761
bladder,7761
whitey,7759
cinnamon,7756
Israeli,7756
breakup,7755
smiley,7755
peed,7754
install,7754
Lucille,7751
remedy,7749
hasty,7749
circulation,7746
tenant,7745
Massachusetts,7745
farming,7744
transmit,7744
finale,7744
successor,7743
itchy,7743
babes,7743
outsider,7741
Aubrey,7739
skipping,7738
Tobias,7738
disconnected,7737
councilman,7737
synthetic,7736
Clint,7735
bottoms,7734
whoop,7734
outbreak,7733
fluids,7730
policies,7729
contaminated,7729
Linus,7729
calmly,7728
cheeky,7727
clutch,7725
ETA,7724
voicemail,7723
Lem,7723
Hillary,7720
elevated,7719
Clare,7717
spears,7717
bruise,7715
Kris,7712
dinners,7711
modified,7711
rituals,7710
groove,7710
hugging,7710
José,7709
kilo,7709
Chinatown,7709
doth,7709
wider,7709
underway,7706
wildlife,7706
ducky,7706
rejection,7706
destroyer,7705
flea,7704
Istanbul,7704
Neville,7704
replacing,7703
dairy,7702
qualify,7702
stockings,7702
seeker,7701
presenting,7700
learns,7698
napkin,7697
Gladys,7693
cylons,7692
excused,7691
paw,7691
beetle,7690
cubs,7690
packages,7690
torpedoes,7689
separately,7688
vacant,7688
Liza,7686
enjoys,7683
Ravi,7682
Ahmed,7682
incomplete,7681
McCarthy,7679
viking,7675
pineapple,7674
repent,7673
Ziva,7673
chronic,7669
preserved,7669
cologne,7668
Colombia,7668
CCTV,7668
first-class,7665
Ramsey,7662
communicating,7661
organism,7659
i-it,7657
ache,7652
bedrooms,7652
buyers,7651
blaze,7650
pep,7649
Athens,7649
soak,7648
tao,7645
sporting,7643
accessory,7642
expired,7640
diesel,7639
Paolo,7638
grinding,7638
goodwill,7637
prevented,7637
Disney,7636
menace,7636
penguins,7634
earliest,7633
Norris,7630
cellular,7628
resisting,7626
departed,7625
detained,7624
monument,7622
privileged,7621
steep,7620
Soviets,7619
intriguing,7617
Raphael,7616
initiated,7616
effectively,7616
downloaded,7614
chemo,7613
loo,7612
efficiency,7612
showtime,7612
tunes,7612
revealing,7611
flaming,7611
seldom,7611
nonetheless,7610
converted,7609
bouquet,7609
shalt,7606
indicated,7604
drained,7603
acknowledged,7603
zipper,7599
lunar,7594
boar,7592
outrage,7592
rook,7590
ro,7590
Chung,7588
tucked,7588
sausages,7587
jewellery,7587
adjusted,7587
offspring,7578
mutiny,7577
mechanics,7575
ladyship,7574
Josephine,7572
Picasso,7568
vitamins,7568
gallons,7565
Devlin,7564
identities,7562
criticism,7562
donuts,7559
bhai,7556
bumps,7555
boarded,7553
knockout,7553
prefers,7550
chubby,7549
outlaw,7549
oracle,7548
convey,7548
uptown,7548
Brittany,7547
pros,7546
50s,7546
terrain,7544
affecting,7543
immature,7543
detonate,7541
annoy,7540
fraternity,7540
anatomy,7538
escapes,7537
copied,7537
blur,7536
overreacting,7535
solitude,7534
sovereign,7533
Davey,7532
Oprah,7532
Colby,7530
cruiser,7528
Remy,7528
cockroach,7524
concealed,7524
princes,7523
sleeves,7522
palms,7522
Orlando,7521
donated,7520
golly,7516
glee,7516
interrogate,7516
lighthouse,7514
reaper,7513
calculate,7513
bulletproof,7512
yer,7508
weaknesses,7506
poof,7501
Edison,7501
commandant,7500
Darius,7500
bullied,7500
licking,7497
bandages,7497
statistics,7496
emerge,7494
hunk,7493
caps,7492
guided,7491
corrupted,7490
poetic,7489
calculated,7487
refugee,7487
covenant,7486
raises,7485
snorting,7485
fleeing,7484
notch,7484
Reyes,7483
gurgling,7483
conventional,7483
acute,7482
cetera,7482
coordinate,7480
mushroom,7479
Nathaniel,7479
che,7479
consul,7478
Dora,7477
Antony,7477
pennies,7475
dread,7475
fiber,7475
kingdoms,7475
stench,7474
23rd,7472
Kiki,7472
persistent,7471
Rocco,7470
prisons,7470
slammed,7468
dwarves,7468
scratches,7467
mumbles,7464
knuckles,7463
tame,7463
portable,7461
statues,7459
ka,7455
fiery,7454
merger,7454
traumatic,7451
roommates,7450
flipping,7449
Margot,7447
woe,7446
cork,7445
squire,7445
vitals,7445
om,7443
Minnesota,7443
burying,7442
Yvonne,7442
whats,7442
homie,7440
Stokes,7440
tong,7439
electromagnetic,7439
Guido,7437
furthermore,7436
whacked,7431
creed,7431
Brazilian,7430
charmed,7427
arc,7426
companions,7426
abdomen,7424
melinda,7423
posing,7423
diabetes,7422
conditioning,7420
grape,7418
Rodriguez,7417
stealth,7417
outfits,7417
stashed,7417
intimacy,7416
credits,7414
accounted,7414
irs,7414
funk,7413
lays,7412
trajectory,7411
clocks,7409
doughnut,7408
tours,7407
fiddle,7406
admirable,7405
premiere,7404
suction,7403
caretaker,7402
resumes,7402
galaxies,7402
dimensions,7399
confiscated,7398
deposition,7398
outnumbered,7398
clarify,7397
Coco,7395
sentiment,7395
honourable,7393
rattles,7392
archbishop,7392
mouthing,7389
extinction,7387
viable,7384
Horatio,7383
presumably,7383
Frasier,7382
condemn,7381
colder,7380
brightest,7378
offshore,7378
marrow,7377
Amos,7375
ole,7373
Seung,7372
explodes,7372
stuffing,7372
risen,7370
pyramids,7369
proceedings,7368
occupy,7366
comply,7366
grilled,7365
Kelso,7365
Benji,7364
evacuated,7363
productive,7362
Castro,7360
homey,7360
crackles,7357
enchanted,7356
amends,7354
Barcelona,7354
stepfather,7354
spectacle,7353
hippie,7353
dilemma,7352
artifacts,7352
ambushed,7351
Constance,7350
Persian,7350
afterlife,7350
ingredient,7347
retiring,7347
intentionally,7342
breaker,7341
Janey,7341
acceptance,7340
mellow,7339
Johnnie,7338
Cecilia,7338
japs,7338
immense,7335
upright,7335
injected,7334
Vinci,7334
antenna,7334
encrypted,7333
McClane,7332
mandatory,7331
undoubtedly,7330
ko,7327
abide,7324
Greer,7324
comms,7323
Zealand,7323
steaks,7321
pilgrim,7321
undress,7321
Hollis,7318
sermon,7318
reveals,7317
credibility,7317
manslaughter,7317
babysitting,7315
sedative,7314
chump,7314
remarks,7313
thine,7313
cocktails,7313
unnatural,7313
Reno,7311
defenses,7310
emails,7310
Webb,7310
Lucius,7309
Stein,7308
hub,7307
daft,7305
fudge,7303
mystic,7302
guv,7301
Hindi,7300
critic,7300
accustomed,7299
athletes,7298
colorful,7298
instruction,7298
ounces,7297
existing,7294
Sheridan,7293
frequencies,7291
goldfish,7289
subpoena,7289
bien,7287
spreads,7286
snooping,7286
cadet,7285
decay,7285
colonial,7285
inject,7284
unemployment,7284
patrols,7284
shi,7284
honk,7284
rooftop,7282
della,7281
credentials,7280
Dane,7280
thanked,7279
revolver,7278
yin,7276
chirps,7274
airlines,7273
O'Hara,7271
recite,7271
revenue,7271
Freud,7267
recruits,7266
melancholy,7265
J.D,7264
sections,7263
Leela,7263
moons,7262
sizzling,7260
sneakers,7257
gen,7257
Winchester,7256
Vladimir,7256
Kumar,7255
thump,7254
Lockhart,7253
technician,7253
sim,7249
twat,7247
fucked-up,7244
terminate,7244
planting,7243
trance,7243
alarmed,7236
Bernadette,7234
Belgium,7233
shred,7233
premature,7232
consume,7231
Kristen,7231
turbo,7230
insert,7230
millennium,7229
genesis,7229
Francesca,7225
initially,7225
flap,7224
circling,7224
nuke,7222
jacks,7221
crisp,7221
clamp,7220
Riker,7220
cH00FFFF,7216
Biff,7214
oysters,7214
Iife,7212
wrestle,7209
attach,7209
Alberto,7206
dedicate,7205
shores,7204
vs,7204
shaggy,7203
extortion,7202
chamberlain,7202
booking,7202
Melvin,7201
canned,7200
eyeballs,7199
videotape,7199
baths,7199
classmates,7199
Mabel,7198
observing,7195
flyer,7194
biggie,7194
Maryland,7194
decks,7190
prejudice,7189
nbsp,7188
squid,7185
bullock,7184
Spence,7184
surgeons,7182
conclude,7181
overdue,7176
Malibu,7176
lovin,7174
frequent,7174
Brandt,7172
cables,7171
tar,7171
sank,7171
lever,7170
Princeton,7170
fractured,7168
flexible,7168
Cesar,7167
wails,7165
rhymes,7165
staged,7165
boob,7164
aspects,7163
threatens,7161
rim,7160
assignments,7159
maple,7159
stretching,7158
printer,7158
Kimberly,7158
aimed,7157
dandy,7157
Ricardo,7154
hooking,7154
hopeful,7153
fluffy,7152
borrowing,7151
attorneys,7151
Munich,7149
bah,7149
goons,7149
birthdays,7148
Toronto,7145
sensed,7144
tenants,7144
Stiles,7144
MacGyver,7143
supports,7142
blackmailing,7142
Achilles,7141
irrational,7141
oranges,7140
sensational,7140
Ramirez,7139
t-shirts,7138
Hopkins,7137
tempt,7137
decree,7137
meditation,7136
lice,7135
windshield,7134
snarls,7134
Harlan,7131
Leroy,7129
inferior,7128
cackling,7128
monstrous,7127
imbecile,7126
quarry,7122
Lecter,7121
unprecedented,7121
burner,7121
Poe,7120
infamous,7119
Pratt,7118
downs,7117
bamboo,7116
Marjorie,7115
chute,7115
tolerance,7115
desired,7114
unclear,7114
goofy,7114
berries,7113
Bess,7113
patent,7112
Terrence,7111
emerald,7110
dart,7109
betraying,7109
ownership,7107
redhead,7107
connects,7107
ditched,7106
Jamaica,7104
Gabby,7104
Saunders,7104
slash,7103
journalism,7103
burgundy,7102
waffles,7102
withstand,7101
studios,7098
Karan,7098
orson,7097
underpants,7097
mischief,7097
purge,7096
survives,7095
Alfredo,7095
domain,7092
grieve,7092
va,7090
maneuver,7090
vicar,7089
startled,7088
Supergirl,7088
prosecute,7087
mustang,7087
shite,7086
anal,7084
commanded,7083
Cecil,7082
literary,7082
simultaneously,7081
Hanson,7081
cupcakes,7080
Callahan,7075
Brewster,7075
milky,7074
marvel,7069
Saddam,7068
hare,7068
armour,7068
reserves,7068
mu,7067
Sylvester,7065
slope,7064
harbour,7062
Justine,7059
neighs,7059
Dudley,7058
Perez,7058
unlimited,7057
organisation,7057
robberies,7057
chopping,7056
25th,7056
savannah,7055
yöu're,7054
eclipse,7053
walkers,7052
Mildred,7050
workout,7049
considerate,7047
parting,7047
cove,7045
Scrooge,7045
implant,7045
30s,7043
careers,7043
belonging,7042
deployed,7042
compensate,7042
tox,7041
notices,7041
examiner,7041
convictions,7035
solutions,7035
J.J,7032
mein,7032
Eddy,7031
unicorn,7030
spelled,7030
Lorna,7028
blimey,7026
twinkle,7023
Taiwan,7020
dory,7018
germs,7016
Godzilla,7013
Dixie,7011
steward,7011
Dubai,7011
Barker,7010
accompanied,7008
Ryder,7008
titles,7007
big-time,7006
cameraman,7006
tripping,7005
rations,7004
layout,7004
icy,7004
Cleo,7002
Ramsay,7002
educational,7000
Fargo,7000
socialist,6999
CSI,6997
critics,6996
trooper,6994
increasingly,6993
raspberry,6993
sliding,6992
Darrin,6989
adjourned,6988
stability,6988
mosquito,6987
thrilling,6985
P.D,6984
rumour,6984
awareness,6983
digs,6982
awe,6981
cockpit,6981
knob,6978
bulletin,6977
Blaine,6976
uncertain,6974
extraterrestrial,6973
commotion,6972
frat,6971
Petey,6966
aerial,6965
paws,6963
appearing,6959
Warsaw,6958
Anakin,6958
headphones,6957
Suzie,6957
containing,6956
racial,6956
despicable,6953
ying,6952
Howie,6952
correction,6947
beams,6946
faded,6944
madly,6943
impose,6943
noose,6941
Leigh,6941
syndicate,6939
breached,6938
wretch,6937
gaby,6936
melon,6935
Bowman,6934
android,6932
Stockholm,6932
it's-it,6930
smug,6929
deliberate,6929
pisses,6928
Peters,6923
Vermont,6921
amateurs,6920
cashier,6919
index,6919
Fleming,6917
glamorous,6915
applications,6915
scalpel,6914
prosperity,6914
symphony,6913
Jaffa,6912
doorman,6912
gon,6911
Enzo,6911
cum,6908
rust,6908
pillows,6907
Baghdad,6907
regent,6906
stat,6905
Kendall,6905
bounced,6905
Baldwin,6905
glitch,6904
Toto,6901
Cece,6901
Fong,6901
hums,6899
wilder,6898
Georges,6898
wanker,6897
Buchanan,6897
obstacles,6896
defender,6896
Zhao,6894
last-minute,6894
tyrant,6894
Brighton,6894
zen,6892
cyber,6890
rouge,6889
mare,6889
absorb,6889
Gaius,6888
tightly,6886
cranky,6886
seduced,6885
intervene,6881
chico,6881
shooters,6881
cluster,6880
crusade,6880
aka,6880
creeping,6879
disable,6877
advances,6876
justified,6875
kilometres,6875
straightforward,6875
outsiders,6875
compelling,6875
practices,6873
Cheyenne,6872
coaches,6871
Kerry,6869
Mercer,6869
controversial,6868
brunette,6868
outrun,6868
crooks,6866
lynette,6864
Bobo,6863
bums,6863
investments,6863
cartman,6862
handshake,6862
sacks,6861
bending,6860
nerds,6859
strangest,6859
Raja,6859
Alvarez,6857
bodyguards,6857
incidentally,6856
distinction,6856
Andrei,6855
respectfully,6853
splashing,6851
foe,6850
Charlene,6850
jockey,6848
casa,6848
sarcastic,6846
announcing,6845
cod,6844
Loretta,6844
blacksmith,6844
cone,6843
pursued,6841
squirt,6841
economics,6840
theoretically,6839
François,6839
hai,6837
disrespectful,6836
Adolf,6836
minimal,6836
Rach,6835
frickin,6833
casket,6832
puck,6831
circumstance,6831
eighty,6827
laps,6827
insensitive,6827
hosts,6826
enterprises,6826
sleeper,6825
morals,6825
Eileen,6823
Zane,6822
ballroom,6821
mit,6821
Randolph,6820
disciples,6819
Janine,6817
hutch,6817
throttle,6817
weighing,6815
Gomez,6815
Salvatore,6814
Emilio,6814
sleigh,6813
gunpowder,6812
weighed,6811
horribly,6809
righty,6809
tinker,6808
derby,6808
lakes,6807
pipeline,6806
hangin,6805
clink,6805
wrapping,6804
boiler,6804
blasting,6803
schmuck,6800
mutants,6799
Boomer,6799
illusions,6798
bumpy,6798
coaster,6797
Jarod,6797
Parsons,6796
Hiro,6796
enthusiastic,6796
Montreal,6796
atoms,6796
treacherous,6795
skulls,6793
junction,6789
descend,6789
muddy,6787
episodes,6786
motors,6785
rand,6784
apron,6783
screening,6783
elevators,6783
housewife,6782
molecular,6782
jog,6782
recognised,6779
moo,6778
offender,6778
recruiting,6777
immigrants,6777
Shrek,6776
Norwegian,6771
Emil,6771
rejoice,6771
par,6770
counterfeit,6768
appealing,6768
endangered,6767
hiccup,6766
guarantees,6764
riots,6763
librarian,6761
T.J,6761
comfy,6760
Grover,6760
Taliban,6760
intimidated,6759
sexuality,6758
providence,6756
Dunham,6756
what-what,6753
Dirk,6751
formidable,6751
rhino,6750
bonding,6749
toaster,6748
it-it,6748
remark,6748
prairie,6748
Gino,6747
airplanes,6747
Lau,6746
endured,6745
Vijay,6744
profitable,6744
Minnie,6744
lass,6742
inc,6742
stance,6741
goody,6741
backward,6740
haunting,6738
Huang,6738
vitamin,6738
nada,6737
networks,6737
Cisco,6734
reviews,6734
braces,6732
Hades,6730
bounds,6730
Aidan,6728
Reuben,6727
switches,6727
entrusted,6721
thingy,6721
gloomy,6720
Mackenzie,6720
sizes,6719
Cleopatra,6718
explorer,6716
Rhonda,6714
virgins,6713
areyou,6713
R2,6712
harassing,6711
weeds,6711
upload,6711
Buddhist,6711
pastry,6709
typically,6708
transferring,6707
formally,6707
emerged,6707
rewrite,6707
droid,6707
shivering,6706
anticipate,6704
editing,6704
advantages,6702
forgiving,6702
adios,6702
Luc,6702
motherfuckin,6701
slides,6700
nightingale,6700
Mao,6699
finishes,6697
mounted,6694
lasting,6691
wagons,6691
leftovers,6691
shag,6690
snoop,6690
tug,6690
Arjun,6689
pitching,6689
Emerson,6688
Benton,6687
Conway,6686
hideout,6686
disarm,6685
bogus,6684
algorithm,6683
brew,6683
casualty,6679
pens,6679
sow,6678
forthe,6677
fortunes,6677
lunchtime,6676
composition,6676
Saturn,6676
disregard,6675
receptionist,6673
competitors,6669
organised,6668
Frenchman,6668
clam,6667
bragging,6666
Peru,6666
debut,6666
composed,6663
gateway,6662
nicked,6662
downhill,6662
Leila,6660
Mediterranean,6659
describing,6659
prominent,6656
gears,6655
Ritchie,6655
Scooby,6654
hesitation,6653
urgently,6653
airlock,6653
screwdriver,6652
Michaels,6652
Davy,6651
abbot,6651
Royce,6651
tendency,6651
flooding,6651
é,6650
cages,6649
well-being,6649
Sykes,6648
signora,6647
shithole,6646
plantation,6646
seller,6645
cocking,6644
suburbs,6644
proceeding,6644
leisure,6640
directing,6640
kono,6638
Loki,6637
representatives,6637
jumbo,6637
buff,6636
mentioning,6632
irritating,6630
logo,6629
handler,6628
crates,6628
24-hour,6626
Camelot,6626
Hilda,6626
Foley,6624
delusions,6624
boredom,6624
bosom,6624
mil,6622
parasites,6622
servers,6621
hallowed,6620
shaky,6617
distracting,6616
Meyer,6615
uranium,6614
assign,6613
Joanne,6613
babysit,6610
impressions,6610
parenting,6608
sidekick,6607
harp,6606
boner,6602
ambitions,6602
enlisted,6601
staircase,6601
submitted,6601
leaks,6598
Liang,6598
Anya,6598
reactions,6598
woken,6596
vibrates,6595
invitations,6595
stuttering,6592
self-esteem,6592
aces,6591
Fei,6589
jacked,6588
infrared,6588
pancake,6587
Athena,6587
lotta,6586
he'II,6586
bolts,6586
bono,6586
Eduardo,6585
winding,6584
moreover,6584
exposing,6583
jackets,6582
gel,6582
Havana,6582
intends,6579
posse,6578
demonic,6578
evenings,6576
settles,6576
insults,6575
columns,6574
lurking,6573
viva,6573
engaging,6573
insignificant,6572
superstitious,6569
exceptions,6569
whines,6569
fractures,6569
defect,6568
toothpaste,6567
Cao,6566
Rosen,6566
interpretation,6565
Katy,6565
Gigi,6564
tremble,6563
professionally,6557
provisions,6557
gala,6557
vermin,6556
pedal,6556
testicles,6555
applies,6554
dependent,6554
operatives,6552
gals,6551
Sgt,6551
Jeremiah,6551
puzzles,6551
lacks,6549
entity,6548
apiece,6548
kip,6547
stables,6547
wiggle,6546
politically,6545
sarcasm,6544
specs,6544
thrusters,6544
youse,6544
defined,6543
holder,6543
miraculous,6543
Lawson,6542
Iceland,6541
cornered,6540
venue,6540
smuggle,6538
dispatcher,6537
Adama,6534
Steph,6534
Sicily,6533
lettuce,6530
revolt,6530
Hubert,6529
revive,6529
stared,6527
hiking,6527
intersection,6527
l-I,6527
mating,6526
Brussels,6526
Dino,6526
structures,6525
Corleone,6525
presently,6525
inspect,6525
trunks,6522
Kathleen,6522
bu,6521
blames,6521
indoors,6518
revoir,6518
trivial,6518
Mordor,6516
dresser,6516
amuse,6515
blueprints,6514
pushes,6512
chum,6511
Grissom,6511
shortage,6511
markings,6510
Murph,6510
personalities,6508
Sonja,6507
hosting,6506
deposits,6506
Nino,6505
forfeit,6504
bulk,6501
Cheung,6501
Hilton,6499
tak,6499
catastrophic,6496
herald,6496
queue,6495
skunk,6493
docking,6493
doggie,6491
dumbass,6490
bullying,6489
supplied,6486
upstate,6486
A.J,6484
imperative,6483
interface,6481
Sybil,6481
misty,6481
presidents,6479
aft,6479
desperation,6479
Bethany,6478
certified,6476
gypsies,6475
ar,6474
distribute,6474
lengths,6473
ivory,6473
rotation,6472
allergies,6470
Dumbledore,6466
squeak,6466
Escobar,6465
prevail,6463
infiltrate,6461
seniors,6461
bridal,6459
hu,6457
improving,6456
Ernesto,6456
forgave,6455
bowls,6455
embedded,6455
centers,6454
lsn't,6454
Hansen,6454
ordeal,6453
scanners,6452
Mt,6451
marshals,6451
pluck,6451
nipple,6449
parted,6449
irresistible,6446
chant,6446
deported,6445
minority,6445
genetically,6442
Kowalski,6441
samaritan,6440
bruising,6439
whatcha,6439
inhuman,6436
Kensi,6435
DS,6435
funerals,6434
shushing,6434
wiping,6434
collier,6433
sorrows,6433
powered,6431
paste,6431
aging,6430
scalp,6429
produces,6429
attacker,6429
ae,6429
mystical,6426
allegedly,6425
hag,6425
violate,6423
screens,6423
lt'll,6422
trashed,6422
lesbians,6421
und,6421
withdrawn,6421
valued,6421
intrusion,6419
Granger,6418
Charleston,6418
fasten,6417
ethical,6417
eccentric,6417
powering,6416
aria,6415
ingenious,6415
flaws,6414
unleash,6412
presidency,6410
peacock,6410
awarded,6407
evolve,6407
reschedule,6406
Reeves,6405
agitated,6405
descended,6404
interpret,6403
snipers,6403
proudly,6401
cara,6400
Irina,6400
jamming,6397
cooperative,6397
captains,6397
attendance,6396
Hawaiian,6396
nosy,6395
ledge,6394
molecules,6393
baroness,6390
Morocco,6390
quill,6389
examples,6388
exaggerate,6388
memorize,6388
zones,6387
pornography,6387
Yuki,6387
sap,6387
Louisa,6386
bred,6383
Casper,6382
navigation,6382
swearing,6382
casing,6382
senseless,6381
Walden,6379
renting,6377
bruised,6374
vertical,6374
raided,6373
liberated,6371
handicapped,6371
Ursula,6370
smuggled,6369
admirer,6368
victorious,6368
refill,6368
ave,6367
uneasy,6367
respectful,6366
Hermione,6365
Weston,6365
impulsive,6364
component,6364
valiant,6363
messes,6363
hassle,6362
tyranny,6362
mater,6361
Suzy,6360
expressing,6359
shifting,6358
folded,6357
Dunn,6357
fe,6356
wedded,6355
newborn,6355
gavel,6354
Celeste,6353
Indy,6352
fungus,6351
Wolfe,6350
syringe,6350
flats,6349
Alzheimer,6349
zodiac,6349
nobles,6348
lamps,6346
gauge,6346
sparkling,6346
subtitle,6346
furnace,6345
Salem,6344
jerking,6344
raccoon,6344
finances,6344
strokes,6342
BMW,6342
plaster,6341
Geoff,6340
bugged,6338
Neptune,6335
dire,6334
cooperating,6333
basics,6333
Hetty,6331
faults,6329
absorbed,6328
divisions,6326
telegraph,6326
Berkeley,6325
sensitivity,6325
fences,6324
Orion,6324
Andromeda,6324
bursting,6324
supervision,6322
textbook,6321
cheesy,6320
communion,6319
cerebral,6319
challenger,6319
eligible,6317
roaming,6316
treachery,6316
refined,6316
Clifford,6315
Sauron,6314
Paulo,6314
Dorian,6314
pads,6313
coaching,6313
tasks,6313
graphic,6312
fossil,6312
concentrated,6310
rescuing,6309
smurf,6308
windy,6308
lotion,6307
badger,6304
retain,6304
Marla,6304
blush,6304
cons,6303
bros,6302
confidentiality,6302
snowing,6302
spank,6300
cartoons,6299
canteen,6299
constructed,6297
mammy,6297
CDC,6295
beads,6295
stepmother,6294
pools,6294
rudder,6293
Lyla,6293
steed,6291
Davies,6291
batting,6288
spiral,6287
limitations,6284
fitted,6282
alligator,6281
bookstore,6281
medicines,6280
remarkably,6279
Crockett,6278
suffice,6278
Alexandra,6276
obscure,6275
Grimm,6275
Roberta,6274
canary,6273
Chevy,6271
elbows,6271
enhance,6270
brethren,6270
aide,6269
beggars,6265
travelers,6264
imprisonment,6263
Aiden,6262
booing,6261
Myers,6261
maintaining,6260
exchanged,6260
strung,6258
solicitor,6257
Vinny,6256
bankruptcy,6256
goon,6253
trustworthy,6253
demise,6253
PC,6253
pooh,6251
a'ight,6251
snickers,6250
Arlene,6249
paragraph,6248
cc,6248
modeling,6247
tasting,6247
logged,6247
jingling,6246
nearer,6245
Christianity,6244
functional,6244
wimp,6244
scatter,6244
wiring,6243
ti,6242
rv,6240
communities,6240
deliveries,6239
parcel,6238
Caucasian,6238
mayhem,6238
unpack,6236
pager,6236
gadget,6236
nip,6235
m.o,6234
heater,6233
handbag,6232
urn,6232
admiration,6228
cognac,6228
rivals,6227
adequate,6227
stretcher,6226
supplier,6225
detour,6225
sweetness,6224
rained,6222
wasn,6222
immoral,6222
marched,6220
Bryant,6220
humility,6219
overload,6219
grin,6218
flashes,6217
Marnie,6217
spectrum,6215
cooing,6215
skirts,6213
brutally,6213
sensing,6212
fraction,6212
pest,6211
badges,6211
verbal,6211
lectures,6211
abandoning,6210
Marlene,6210
slime,6207
reluctant,6207
assassinated,6207
imported,6205
squeezed,6205
callin,6204
continental,6203
crunching,6203
Heller,6203
Carmine,6201
what've,6199
miniature,6199
biopsy,6197
oneself,6197
continuous,6197
dowry,6197
symbolic,6197
Farrell,6196
pinched,6196
Syria,6194
chefs,6194
rubble,6193
reversed,6193
welcomed,6193
representation,6193
earring,6193
nagging,6193
fishermen,6192
accountable,6192
milord,6192
appoint,6192
middle-aged,6190
Seok,6190
das,6190
props,6189
Ambrose,6189
tablets,6188
pup,6188
confrontation,6187
Micky,6186
uphold,6186
hawks,6186
Ajay,6186
Mateo,6185
Yoo-hoo,6183
assassinate,6182
Chanel,6182
tabs,6180
divert,6180
Hye,6178
doyou,6178
photographed,6176
ice-cream,6176
Belgian,6175
Oskar,6175
periods,6171
vivid,6171
dreamer,6171
mainframe,6171
praised,6171
contestants,6171
Petra,6170
Roz,6169
differ,6169
Michelangelo,6168
heroine,6168
cleanse,6167
satisfying,6166
inhabitants,6164
abyss,6164
bankers,6163
outpost,6161
unauthorized,6160
salsa,6159
hoax,6159
waterfall,6158
delusion,6157
unstoppable,6157
assess,6157
chariot,6156
mashed,6155
maintained,6154
overly,6153
adjustment,6153
undressed,6153
auditions,6153
tattooed,6152
Roth,6150
reload,6150
manpower,6149
furry,6149
hard-on,6148
Saudi,6147
labels,6147
crumbs,6147
pierced,6145
Dobbs,6145
intensity,6144
obscene,6144
Moya,6143
slowed,6142
cold-blooded,6142
brutality,6141
hobbit,6140
scramble,6140
caffeine,6140
darts,6139
lasagna,6139
moan,6138
Sven,6138
shoulda,6137
Felicia,6137
MC,6136
relentless,6135
givin,6134
E.R,6133
shuffle,6133
permits,6131
lassie,6130
blanks,6129
credible,6129
Duane,6129
Serge,6128
render,6127
Vikram,6127
Kato,6127
financially,6124
roasted,6124
flushed,6122
slimy,6121
suspend,6119
Roxanne,6119
Katya,6117
comprehend,6116
conquest,6116
spree,6116
executioner,6115
Titus,6114
anarchy,6112
Cosmo,6112
ting,6112
equality,6109
Nicki,6109
patriotic,6109
Raoul,6108
dishonest,6106
misplaced,6106
whispered,6105
Hindu,6102
oddly,6100
corny,6098
Scottie,6098
analyzed,6098
obligations,6098
interns,6098
Robbins,6097
Kayla,6097
preaching,6096
stale,6096
supporters,6094
posh,6094
stairwell,6091
kinky,6091
assistants,6089
fragment,6089
proximity,6088
Simms,6088
invites,6086
healer,6085
sorcerer,6085
Frau,6085
warmed,6085
jeopardize,6082
hugs,6082
Becker,6082
freighter,6081
zebra,6081
Layla,6081
hmmm,6080
observer,6080
tweet,6080
auxiliary,6080
pussies,6079
Underwood,6079
physicist,6075
firepower,6075
postman,6072
yonder,6071
awaken,6071
lifts,6071
goggles,6069
growl,6069
spook,6068
seizures,6067
Hwang,6067
vinegar,6066
orcs,6064
Agatha,6064
à,6064
Iraqi,6063
muse,6063
puddle,6063
Fallon,6060
cello,6060
cyanide,6058
mutation,6058
improvise,6058
trenches,6056
hedge,6056
factors,6055
Skywalker,6055
sparkle,6053
republicans,6052
budge,6052
poets,6052
espresso,6051
diver,6051
Rodrigo,6050
supposing,6050
Regan,6050
puppets,6049
platinum,6049
gaming,6048
unreal,6046
refund,6046
soaking,6044
shelves,6042
peeing,6041
Hilary,6040
blacked,6040
abs,6037
discovering,6037
commodore,6035
socially,6035
muck,6034
Leeds,6034
indictment,6034
cover-up,6032
hurrah,6031
prof,6031
0h,6031
witty,6029
donations,6029
pillar,6028
jogging,6028
pasha,6027
gunman,6027
ratio,6026
Ames,6025
communism,6024
ogre,6022
jumpy,6021
uncover,6021
scoot,6021
oyster,6021
guild,6021
chemist,6019
obstruction,6019
barren,6014
horrors,6013
IQ,6013
veal,6012
ponies,6012
lire,6011
ultrasound,6010
livestock,6010
Duffy,6009
Buckley,6009
lingerie,6008
Arabia,6006
starter,6006
wi,6002
baton,6002
unsolved,6002
formality,6001
Baggins,6000
updated,6000
voiceover,5999
preferably,5999
appreciates,5998
reacted,5998
takeoff,5996
Marx,5996
plank,5995
intensive,5995
cavity,5994
clause,5994
projector,5993
exaggerating,5993
sticker,5992
removal,5989
cutest,5989
exploration,5989
Levi,5987
islamic,5984
cuddle,5984
ledger,5984
pods,5984
whinnying,5982
emptied,5982
rye,5982
spades,5981
Wen,5981
spleen,5980
lured,5979
radios,5978
rift,5978
exterminate,5976
runt,5975
Dimitri,5975
marries,5974
Tasha,5972
fore,5972
merchants,5972
vortex,5972
Moriarty,5971
margin,5970
popularity,5970
hast,5970
decorations,5970
accordingly,5969
exhaust,5968
Thatcher,5967
pharmaceutical,5966
cheater,5965
exterior,5965
vine,5962
espionage,5962
dum,5961
infinity,5961
influenced,5961
regulation,5961
stallion,5960
disconnect,5958
rollin,5958
wreckage,5956
Samir,5956
checkpoint,5956
horrific,5955
rested,5954
Gaston,5953
cling,5952
whim,5951
businessmen,5951
gays,5950
Enrique,5949
barrow,5949
teens,5948
prescribed,5947
styles,5944
solely,5944
measuring,5944
diarrhea,5939
alphabet,5939
Compton,5938
linen,5937
hamster,5937
back-up,5936
Garfield,5935
sodium,5932
disobey,5930
freshen,5929
addicts,5927
beak,5927
Carroll,5927
straightened,5927
sneeze,5926
pavement,5926
sweeter,5926
weave,5925
partially,5924
yikes,5923
marbles,5923
blinds,5922
dictate,5922
uncles,5922
Terri,5918
mathematical,5918
Janie,5917
vale,5917
briefed,5916
Willard,5915
groovy,5915
overrated,5911
buckets,5910
stirred,5910
havoc,5910
nets,5909
olives,5908
skins,5907
Owens,5905
grad,5905
ain,5904
mercenary,5903
adored,5903
fumes,5899
icu,5899
Tanaka,5895
unseen,5894
encryption,5894
Michele,5890
goblin,5890
Cuddy,5890
Lannister,5890
Hurley,5889
milligrams,5889
dictator,5888
territories,5888
overrun,5888
anyplace,5886
hotshot,5886
donut,5885
manages,5885
opposing,5885
organizing,5885
backseat,5884
Disneyland,5884
tangled,5883
competent,5883
zap,5883
posting,5882
Ringo,5881
Bentley,5881
digest,5879
slain,5879
kangaroo,5879
thinner,5879
overlook,5879
tripp,5878
cardboard,5877
Jacobs,5875
peril,5874
Yoko,5873
naming,5872
Declan,5871
inhale,5870
obnoxious,5870
superficial,5870
touchy,5870
irregular,5869
digger,5869
Asgard,5868
drugstore,5868
Raul,5867
Vader,5867
geese,5867
dumps,5866
corp,5865
subs,5865
hiv,5865
margarita,5864
Aeryn,5864
Nicolas,5864
Zed,5863
quits,5863
shutters,5863
swimmer,5862
spooked,5862
twenty-four,5862
institutions,5862
Jonesy,5861
premier,5861
sliced,5860
André,5859
corrections,5858
heavyweight,5858
declined,5858
Griffith,5858
civilisation,5857
watts,5857
momentum,5855
perpetrator,5855
temples,5855
mayo,5854
whiz,5854
prospects,5853
halo,5853
platter,5853
examining,5852
blokes,5852
fanfare,5852
dialect,5850
Garth,5850
Thorin,5849
capabilities,5849
spilling,5849
failures,5849
reunited,5849
gravitational,5848
frigging,5847
fellowship,5846
symptom,5844
intrude,5844
intrigued,5844
Hancock,5842
truthfully,5841
chewed,5840
components,5839
Obi-Wan,5838
convertible,5837
that-that,5835
celestial,5835
Dax,5832
Lonnie,5832
senators,5831
Dinah,5831
fringe,5830
obedience,5830
paso,5830
mercenaries,5829
saliva,5825
strengthen,5825
overruled,5823
fuhrer,5823
concentrating,5822
disciple,5821
Goldman,5821
Siberia,5821
Edo,5819
span,5818
Darlene,5818
binding,5818
dominant,5816
insured,5816
yearbook,5816
eyeball,5815
prizes,5814
geniuses,5814
Marcia,5813
Hawkeye,5812
incorrect,5810
nauseous,5809
earthly,5808
housekeeping,5807
reviewed,5807
rewards,5807
antiques,5806
restraint,5805
intellect,5805
nag,5804
Milly,5804
speedy,5803
rails,5803
greenhouse,5802
import,5801
superstition,5799
prohibited,5798
Roxy,5798
seagulls,5797
U.N,5796
counsellor,5795
enlighten,5795
stun,5794
wisely,5794
omen,5793
unfaithful,5792
Pitt,5792
Thorne,5792
hobbies,5792
raping,5791
ids,5791
Penn,5791
vector,5790
snail,5790
retribution,5788
pricks,5788
squared,5787
fangs,5787
viewing,5786
appeals,5786
charade,5786
ing,5783
Kathryn,5780
loony,5780
preview,5780
consumption,5780
opener,5779
Alfie,5778
detonation,5777
O.J,5777
inventor,5775
Griff,5775
howls,5775
suitcases,5772
helium,5772
Nile,5771
renounce,5769
Hodges,5769
replied,5768
fearful,5767
troopers,5765
abi,5765
mugged,5763
holed,5762
onstage,5759
bathrooms,5758
coded,5758
doubles,5758
wills,5757
dickens,5756
hairdresser,5755
Weir,5755
slumber,5754
insisting,5754
camouflage,5754
fatso,5753
airfield,5752
inconvenient,5750
opponents,5749
diploma,5748
bleach,5748
organizations,5747
ke,5747
interpreter,5747
pagan,5747
cheeseburger,5746
wedge,5746
balanced,5745
wildly,5744
bigfoot,5744
Sweeney,5743
manufacturing,5743
oversight,5742
drafted,5741
parameters,5739
tents,5739
tiring,5738
redeem,5737
grown-ups,5737
rite,5736
Liverpool,5736
volcanic,5735
drought,5735
adultery,5735
rhythmic,5735
shrapnel,5734
sorority,5734
containers,5733
johns,5730
accommodate,5729
composer,5729
newt,5727
leavin,5727
tainted,5726
exclusively,5726
racer,5725
Werner,5725
sanity,5725
right-hand,5725
plugged,5724
unavailable,5724
resource,5724
checkmate,5723
rating,5723
silently,5722
goddam,5722
crest,5721
wouldn,5720
hotch,5720
robes,5719
isle,5717
whatnot,5717
heads-up,5716
youngsters,5715
Gustav,5715
Dubois,5714
squirrels,5714
democrats,5713
Prem,5713
Geronimo,5713
Delilah,5713
Clarice,5712
Godfrey,5712
Rama,5711
meltdown,5711
Costello,5711
geography,5711
Ren,5710
slamming,5709
preposterous,5708
sham,5708
developments,5706
nausea,5706
fertility,5705
mort,5701
neglect,5700
transmitting,5699
panels,5699
orchid,5697
reds,5697
aa,5697
Czech,5697
Ruiz,5696
kittens,5696
Dublin,5696
Kyoto,5696
criticize,5695
Russo,5694
vegan,5694
workplace,5694
Stifler,5693
raving,5692
craving,5692
comparing,5691
Judah,5691
Nassau,5690
output,5690
swam,5689
Yates,5689
Fraser,5686
thunderclap,5685
educate,5685
werewolves,5684
catering,5683
picky,5683
NATO,5683
Saruman,5682
shifted,5681
pfft,5681
Thornton,5680
generators,5679
suppress,5678
Shepard,5678
duplicate,5678
Aires,5678
Rohit,5676
elimination,5676
pulp,5676
squeezing,5675
commentator,5674
scarecrow,5673
rugby,5672
coronation,5671
spade,5670
chic,5670
blazing,5670
Wellington,5670
omelet,5669
shoving,5669
cockroaches,5666
founding,5663
renaissance,5663
famine,5662
deceiving,5661
titans,5661
ancestor,5661
correspondence,5661
Spartan,5659
cliffs,5659
penitentiary,5659
runners,5658
veterans,5657
Pegasus,5657
cupid,5656
sketches,5653
blinking,5653
outdoors,5651
rumble,5651
Teri,5650
decorate,5650
Axl,5649
follow-up,5648
violating,5647
contestant,5646
dumb-ass,5643
Akira,5643
rendered,5643
voluntarily,5642
ashtray,5642
Shen,5642
Joffrey,5642
self-destruct,5642
stained,5642
painless,5641
applaud,5641
lowly,5640
tactic,5639
transparent,5639
jug,5639
rehearsals,5635
allergy,5635
mojo,5635
Lexi,5635
ninety,5635
futile,5628
Harmon,5627
Hera,5626
giggle,5626
hatchet,5626
Marcos,5625
bullies,5625
thrive,5624
Novak,5624
builder,5623
voila,5623
Moira,5622
subspace,5620
receives,5618
Rambo,5617
disgusted,5615
tones,5615
Velma,5615
hooting,5615
franchise,5615
phenomenal,5614
muffins,5613
dealings,5612
sprung,5611
cappuccino,5611
surroundings,5611
Peabody,5611
flapping,5610
navigate,5610
Hayden,5608
confirming,5608
git,5608
Adler,5607
paralysis,5606
seemingly,5606
progressive,5602
pistols,5602
crossroads,5602
rocked,5601
high-school,5601
trophies,5600
Pooja,5599
regions,5599
penance,5598
administrator,5598
hijacked,5598
Moran,5597
rows,5597
dung,5597
carving,5597
Lilith,5596
poll,5596
40s,5596
scholars,5596
orb,5594
bravest,5593
scold,5593
satisfactory,5592
performer,5592
dusk,5592
alf,5591
CDs,5589
Rae,5587
wench,5587
frying,5586
theoretical,5585
ese,5585
investigative,5584
sacked,5584
rev,5584
controller,5581
lullaby,5580
dyke,5580
moth,5579
hinges,5579
horrid,5578
welsh,5578
Andie,5577
sophomore,5575
orgy,5574
Sr,5574
dew,5574
plunge,5574
felon,5572
empty-handed,5572
itching,5572
askin,5571
combo,5570
morrow,5570
hae,5570
puncture,5569
dos,5568
joins,5567
biblical,5567
experimenting,5566
vista,5566
vaguely,5565
Alistair,5565
trader,5565
admiring,5564
firstly,5564
Tesla,5564
construct,5564
aura,5563
seventy,5561
investor,5560
Jethro,5559
tux,5559
cipher,5559
duration,5558
defiance,5558
gunner,5557
Esteban,5557
digits,5556
decisive,5556
Ramona,5556
Gregor,5554
arcade,5554
murmurs,5554
researching,5553
mitzvah,5553
habitat,5551
sauna,5551
nobility,5550
Lucien,5550
Delaney,5550
foremost,5550
exorcism,5549
demolition,5548
Tory,5547
hygiene,5547
barricade,5547
stating,5547
Antarctica,5547
psyched,5545
sedan,5545
purgatory,5543
oblige,5543
unharmed,5543
reclaim,5542
mantle,5542
fundraiser,5542
maverick,5542
fishes,5541
ancients,5541
apb,5540
kick-ass,5540
upcoming,5539
offenders,5539
modesty,5538
dibs,5538
Saxon,5536
slapping,5536
forecast,5535
gator,5535
kappa,5534
reconstruction,5534
lama,5533
truthful,5533
Luigi,5533
Auggie,5532
Brutus,5531
err,5528
tacos,5527
tossing,5527
Selina,5526
Mmm-mmm,5526
vultures,5526
naw,5526
Bundy,5526
cruising,5525
pencils,5525
buds,5524
Britney,5524
Jericho,5524
gallows,5523
hoss,5523
teamwork,5522
Lowell,5521
ghastly,5520
Ballard,5519
CNN,5519
weights,5519
appalling,5519
Elton,5518
splinter,5517
spoils,5517
ac,5517
Weiss,5516
Vlad,5516
currents,5515
ifs,5514
transporting,5514
Aaaah,5513
preoccupied,5513
sparky,5513
gras,5512
why're,5512
memorable,5511
pronto,5510
Freya,5510
rapping,5510
painkillers,5508
archers,5508
sewers,5507
rewind,5506
hammering,5506
Olsen,5505
degenerate,5504
mak,5504
pollution,5504
licensed,5503
cyborg,5502
Gillian,5502
Sergio,5502
Viv,5501
awakened,5501
Bambi,5500
machete,5498
comfortably,5498
twisting,5495
encouragement,5495
mosquitoes,5494
monopoly,5494
gram,5494
internship,5493
mailman,5493
Oleg,5493
deputies,5492
manhood,5492
wiener,5491
skates,5491
mortals,5490
strand,5490
Hoyt,5490
lineup,5488
lenses,5488
ISIS,5488
graffiti,5487
reassuring,5487
tagged,5487
Mattie,5486
hauling,5483
Lennox,5482
ventilation,5482
dominion,5482
crotch,5482
Budapest,5480
Pearson,5480
sneezes,5480
brig,5479
defendants,5479
whiff,5479
munch,5479
Houdini,5479
tuxedo,5479
Durant,5479
Cromwell,5478
bedside,5477
singles,5477
orientation,5474
premium,5474
performances,5474
leagues,5474
requirements,5473
enhanced,5473
fiend,5470
sen,5470
Dougie,5469
indefinitely,5469
adjusting,5468
numbered,5468
shogun,5468
n-no,5467
beauties,5467
Harding,5467
renowned,5466
nominated,5466
microscope,5466
edited,5465
Myrtle,5465
humbly,5464
dialed,5463
swears,5463
intimidating,5462
shire,5462
lest,5462
jaguar,5460
deuce,5460
dumplings,5459
sputtering,5459
accepts,5458
chaplain,5458
proportion,5458
luckiest,5455
stings,5454
influential,5454
skank,5454
Hmph,5454
murderous,5454
describes,5453
mascot,5453
iceberg,5452
insides,5452
triad,5450
farting,5450
Bolton,5450
abusive,5449
Balboa,5448
pictured,5448
Robby,5447
grande,5446
diplomat,5446
hallucinating,5446
shillings,5445
Saigon,5442
orchard,5440
woah,5439
pesos,5438
pizzas,5438
calories,5437
stung,5436
licked,5435
boundary,5433
son-of-a-bitch,5432
mush,5431
Oakland,5431
grub,5430
endings,5430
oatmeal,5430
barbarians,5429
Luisa,5429
beforehand,5428
geezer,5428
whipping,5427
hammered,5425
stuffy,5425
default,5425
timber,5425
persuasive,5424
firemen,5424
unworthy,5423
fugitives,5423
sincerity,5421
Bucky,5420
stomp,5419
implants,5419
Sayid,5419
cactus,5419
Bach,5419
surgeries,5419
fertile,5418
Pascal,5418
canoe,5418
Sulu,5417
frames,5417
chaotic,5416
scanned,5416
threesome,5416
faulty,5415
Gollum,5414
hypothesis,5412
regarded,5412
bowel,5412
Normandy,5411
booster,5410
Raines,5409
Macy,5409
pinpoint,5409
stag,5408
esteemed,5408
minding,5407
Bertie,5407
tenderness,5407
foggy,5406
diagnostic,5406
fibers,5405
fez,5405
Daly,5404
gags,5404
uhm,5404
earthquakes,5404
ssh,5404
Chile,5403
mastermind,5403
aluminum,5402
charitable,5401
lodged,5400
clot,5399
rods,5398
compatible,5397
dominate,5397
Gondor,5396
Tex,5396
advancing,5396
Goodman,5395
Selma,5394
unwanted,5393
archive,5393
torso,5392
medallion,5390
cheerleaders,5389
Goku,5388
whine,5387
Olaf,5387
retail,5386
bane,5386
flyers,5386
uploaded,5385
abdominal,5384
distractions,5384
veer,5383
perks,5383
Lyon,5382
Lafayette,5381
overlooked,5381
finer,5380
speeds,5380
godmother,5379
elle,5379
Aryan,5377
porridge,5377
tiles,5377
sedated,5377
Grimes,5377
mag,5375
releases,5375
Iast,5375
Sabine,5375
D'Argo,5374
Egyptians,5373
consumer,5373
one-time,5373
Carrington,5373
albums,5372
dissolve,5372
delivers,5372
lobe,5371
Rudolph,5370
markers,5370
squares,5369
trails,5367
stupidest,5367
Cullen,5367
truths,5367
emptiness,5366
ping-pong,5365
questionable,5364
bribes,5364
multiply,5362
Hampshire,5361
latch,5361
hurray,5360
Fisk,5359
catcher,5359
considers,5358
scarce,5358
clash,5358
firewood,5358
strippers,5356
Pakistani,5355
seafood,5355
wonderland,5354
curl,5353
tofu,5352
gallant,5352
quantity,5351
dunk,5351
cursing,5350
It'II,5350
manufacture,5350
Delia,5350
enlightenment,5349
navigator,5349
bagel,5348
rightly,5348
slices,5348
wraps,5347
hr,5346
manipulating,5346
bourgeois,5345
sorta,5343
payday,5343
Kenya,5343
apprehended,5342
Helene,5342
cuisine,5341
brats,5340
glamour,5340
merge,5340
Amir,5340
clucking,5339
projection,5338
ness,5337
rubbed,5337
Vogel,5337
rites,5337
smallville,5337
PhD,5336
segment,5336
distributed,5336
arranging,5336
provoked,5334
bleating,5333
Lorelai,5333
recognizes,5333
Barlow,5332
Emmy,5332
Mackey,5332
silenced,5329
devote,5329
lifelong,5328
melts,5328
adapted,5328
Faye,5327
Copenhagen,5326
transmitted,5326
30th,5326
Mm-mmm,5324
meows,5324
erection,5324
manufacturer,5324
Chrissy,5323
freelance,5323
ration,5323
Trixie,5322
keg,5322
Mortimer,5321
cramp,5320
emergencies,5320
CPR,5320
gill,5319
Camilla,5317
Blackie,5317
derrick,5317
polished,5317
Gertrude,5316
volunteering,5316
anthem,5316
empathy,5315
Maura,5315
intimidate,5315
Casanova,5314
stand-up,5314
meatballs,5314
fitness,5314
gardening,5314
directive,5313
sums,5313
guineas,5312
commanders,5312
Emile,5312
blossoms,5311
edit,5311
Cordelia,5311
Bellamy,5308
Tamara,5308
dispatched,5307
exaggerated,5307
the-the,5307
dell,5306
crowned,5306
Marlowe,5306
blackjack,5305
Connors,5305
armory,5304
intruders,5302
accessed,5302
nomination,5302
JT,5300
refrain,5299
knitting,5298
unreliable,5298
sterile,5297
quo,5297
disrupt,5296
Wilma,5296
roach,5295
mar,5295
moi,5295
authorize,5294
vents,5294
bargaining,5294
blueberry,5293
Lisbeth,5293
landlady,5292
protesting,5291
Edwin,5291
l'd,5291
Annette,5291
karev,5289
origins,5289
dangerously,5289
skeletons,5289
brow,5289
triggers,5289
guiding,5288
fragrance,5288
underage,5287
luncheon,5287
dumbest,5286
exhale,5286
trolls,5285
booby,5284
high-end,5284
Nebraska,5284
retainer,5282
intro,5280
bailiff,5280
tedious,5280
users,5279
stabilize,5279
pouch,5278
rethink,5278
politely,5275
Bev,5275
primarily,5275
inbound,5275
tribunal,5275
wonderfully,5273
testifying,5273
outdoor,5273
engineered,5271
coalition,5271
Darby,5271
obedient,5271
brook,5269
awol,5269
cushion,5268
shaman,5267
Kaplan,5267
Gunther,5266
Strauss,5265
drastic,5265
Prescott,5265
Robertson,5264
stump,5264
cloudy,5264
Ronny,5263
bearer,5263
chittering,5261
Suk,5261
hornet,5260
lasers,5260
Centauri,5260
pleading,5260
radiator,5259
Marguerite,5258
Essex,5257
reconnaissance,5257
disclose,5256
Webber,5256
unexpectedly,5256
deprived,5255
manually,5254
contrast,5253
spouse,5253
infrastructure,5252
classics,5250
peppers,5250
forum,5249
bubbling,5249
24th,5248
stumble,5247
cola,5247
wildest,5244
Francesco,5244
monitored,5243
drying,5243
Jing,5242
thieving,5242
chateau,5241
Mohammed,5240
unni,5239
perceive,5238
amulet,5238
deranged,5237
morally,5237
Damian,5236
folder,5235
pitched,5235
folly,5235
mango,5235
wai,5234
arsehole,5233
identifying,5233
Beaumont,5233
Angelina,5231
Sinatra,5231
peers,5231
craziest,5230
Abdul,5230
Proctor,5229
Anjali,5229
Hamburg,5228
hypnosis,5228
Karin,5228
recital,5228
civic,5228
delegation,5227
insulin,5227
Conner,5227
I'ma,5227
juror,5227
designers,5227
Zurich,5226
Ltd,5223
they'II,5220
crave,5219
one-on-one,5219
baptized,5218
reflex,5218
Capone,5217
warhead,5217
costing,5216
graduating,5214
couldn,5214
vocabulary,5212
Horton,5210
Gilmore,5209
attachment,5209
weirdest,5209
missionary,5207
Cortez,5207
sirs,5206
incision,5206
respiratory,5205
paradox,5205
snot,5205
garland,5204
Cutler,5203
Portugal,5203
bonnet,5203
radiant,5202
burrito,5202
Kermit,5200
resemble,5199
aquarium,5199
feat,5198
weakened,5197
dicky,5197
hana,5197
uprising,5196
postponed,5196
posed,5196
ahoy,5195
soprano,5195
Huck,5194
professors,5193
lea,5193
crusher,5193
Jimbo,5193
spoons,5192
ia,5191
helper,5191
vulture,5191
portfolio,5190
staging,5190
rabies,5189
panicking,5188
Hua,5188
speck,5188
aching,5187
Fay,5185
Everest,5185
C.J,5185
eyesight,5185
amazingly,5185
peaks,5182
Lancelot,5182
vowed,5182
detection,5182
Forbes,5181
immigrant,5179
Henrik,5178
plaque,5178
voilà,5177
journals,5175
unforgivable,5175
eureka,5175
glued,5175
gob,5174
mash,5173
rotate,5173
krauts,5172
hugged,5171
lawful,5170
Pandora,5170
refresh,5170
compassionate,5167
hologram,5167
Angelica,5167
accord,5166
cid,5166
icon,5165
battling,5165
slogan,5164
Magda,5163
relic,5163
wilt,5163
trend,5162
precedent,5162
gringo,5162
Marlon,5162
frontal,5162
Bette,5161
crucified,5160
pretends,5160
turbulence,5160
jell-o,5160
bribed,5160
Vern,5159
sociopath,5159
Goliath,5157
mythology,5156
usher,5155
aloud,5154
departing,5154
smear,5154
scraps,5154
helmets,5153
Osaka,5152
invaders,5152
hardship,5151
ooo,5151
uncommon,5151
violently,5150
flop,5149
moist,5149
glitter,5149
interrogated,5149
knack,5148
outlet,5148
anguish,5148
Sharpe,5147
flushing,5147
barbarian,5147
renew,5146
Columbo,5146
classmate,5146
characteristics,5145
technologies,5145
Pepe,5144
Aragorn,5144
Flo,5144
Auschwitz,5143
alerted,5143
funniest,5142
defenseless,5140
wept,5139
summons,5138
Jacqueline,5138
Goldie,5138
needless,5136
disgraced,5136
hustler,5135
saucer,5135
resisted,5134
Austrian,5134
reflexes,5134
vu,5133
Pinocchio,5133
wallpaper,5133
resulting,5129
swordsman,5129
drifted,5128
DMV,5128
firearm,5127
hypothetically,5126
hostility,5126
operates,5126
Morales,5125
avengers,5125
constitutional,5124
explanations,5123
reap,5123
inquiries,5122
envious,5119
majestic,5118
Yoda,5118
discussions,5117
booming,5116
narrative,5116
Shan,5116
U.S.A,5115
rave,5115
manufactured,5114
Yee,5114
tally,5114
Annabelle,5112
slutty,5111
schemes,5111
paints,5111
heartbroken,5110
structural,5110
unusually,5109
commissioned,5109
specifics,5109
overthrow,5107
negroes,5106
bursts,5106
flawless,5105
evasive,5105
Jojo,5104
labyrinth,5104
administrative,5104
squawks,5104
congressional,5103
laundering,5102
Alejandro,5102
weakly,5102
Groot,5102
sacrificing,5102
bravely,5101
Neo,5101
texture,5101
watermelon,5100
Carlson,5100
maggots,5100
agriculture,5099
bookie,5098
pioneer,5098
baptist,5098
long-distance,5097
wick,5097
Kimmy,5097
reasoning,5097
drool,5097
Chewie,5095
flourish,5094
crimson,5094
Philippines,5093
Thelma,5092
gruesome,5091
flares,5091
Colombian,5091
Ukraine,5090
sponsored,5089
tacky,5089
secretive,5089
MP,5089
nitrogen,5088
napkins,5088
Ludwig,5088
foolishness,5088
interstate,5087
invading,5087
fatigue,5086
flawed,5086
catalog,5085
cubes,5085
sect,5085
Herbie,5084
Micah,5084
pleasing,5083
Johan,5083
hubby,5080
chilling,5080
horseshit,5080
time-out,5079
Francois,5079
resentment,5078
Zachary,5077
denies,5075
afar,5074
shredder,5072
Eiffel,5072
nationals,5070
Nicola,5070
Buckingham,5069
gramps,5069
wronged,5068
valium,5068
roulette,5068
shah,5067
knickers,5066
frosty,5066
spikes,5066
addressing,5065
sponsors,5064
Nikolai,5063
sup,5063
voluntary,5063
Cartwright,5063
Johanna,5063
restrain,5062
unleashed,5059
marital,5058
descendants,5058
barefoot,5057
ot,5057
Nellie,5056
recipes,5053
bracelets,5053
quoting,5052
procession,5051
somber,5051
12-year-old,5051
nebula,5049
cliché,5047
commonwealth,5047
resulted,5046
sling,5045
anticipation,5045
aloha,5045
disability,5044
largely,5044
dioxide,5043
Larson,5042
errors,5042
randomly,5042
voice-over,5041
hovering,5041
crazier,5039
impulses,5039
graceful,5037
tanker,5036
22nd,5036
mingle,5035
abed,5032
suffocating,5032
tights,5031
impotent,5030
potent,5030
sheik,5030
medications,5029
distinguish,5029
managers,5029
wi-fi,5028
detain,5028
Seong,5028
reflected,5028
mimics,5027
forgery,5026
ab,5026
Hauser,5026
buggy,5024
dashing,5022
Josef,5021
reopen,5020
Kylie,5020
erratic,5020
Candace,5018
assailant,5018
disobeyed,5018
curses,5017
utility,5017
Tyrone,5017
bottled,5017
suicides,5017
quieter,5016
euro,5016
reasonably,5016
stocking,5015
Mannix,5015
dishwasher,5014
Jonny,5014
solemnly,5012
diplomacy,5011
maxim,5011
Nichols,5009
fags,5008
peeled,5005
pianist,5005
passions,5004
Dina,5004
horseback,5003
manipulation,5002
wrestler,5002
feud,5002
Waldo,5001
sighting,5001
clams,5001
swarm,4999
surname,4999
blackmailed,4999
bungalow,4999
concierge,4999
damaging,4998
Tibet,4997
droids,4997
piles,4997
krypton,4996
circumstantial,4996
Skyler,4996
undead,4996
handicap,4996
tickles,4995
Whitman,4995
rooting,4994
informer,4993
cucumber,4993
paged,4993
distinctive,4992
ref,4991
pledged,4991
suburban,4989
outlaws,4989
betcha,4989
Clary,4989
disastrous,4988
amused,4988
galactic,4987
grandchild,4987
versions,4986
tilt,4986
Sato,4986
cortex,4985
Wilbur,4985
divers,4983
saga,4982
Rorschach,4982
eater,4981
backside,4979
loco,4979
ribbons,4979
setback,4979
lavender,4978
Newark,4977
vial,4976
virtues,4974
regroup,4973
gurney,4973
Chucky,4973
priors,4972
Rockefeller,4971
indifferent,4971
favours,4970
yawns,4970
shu,4969
spun,4969
astray,4969
embraced,4968
contracted,4965
vikings,4965
ofyou,4965
Reilly,4964
camels,4964
Gabi,4963
Patton,4963
lumber,4962
Pearce,4962
formerly,4962
junkies,4961
clockwork,4961
excellence,4960
Maddox,4960
Dunbar,4960
unborn,4956
jap,4956
conceive,4956
JFK,4956
Ares,4955
abomination,4954
mix-up,4954
widows,4953
roadblock,4952
cHFFFF00,4952
metropolitan,4951
frenzy,4951
casually,4950
pussycat,4950
legions,4950
axis,4949
firms,4948
Lockwood,4948
infiltrated,4947
Tariq,4947
greens,4947
whee,4946
clangs,4946
bows,4946
verified,4945
burrows,4945
ooh-ooh,4945
biker,4944
floats,4944
siegfried,4944
uterus,4943
mammals,4942
uno,4941
climax,4941
troublesome,4941
oriental,4940
beverage,4940
fret,4939
attracts,4938
contacting,4937
caress,4937
maternity,4936
rounded,4935
deli,4935
ami,4934
hwa,4934
Stig,4933
fleas,4933
plausible,4933
gravel,4932
uncertainty,4930
Bermuda,4930
clips,4929
faction,4929
measurements,4928
slows,4927
weenie,4927
Qing,4927
sinful,4926
rips,4925
Cornell,4925
matrimony,4925
patches,4925
capitalism,4924
Hemingway,4924
bugle,4923
Tyrell,4923
stacked,4923
rung,4922
unbelievably,4922
roster,4921
disperse,4921
ryo,4920
midday,4920
Caldwell,4919
considerably,4919
Franny,4919
contemporary,4919
catholics,4918
competitor,4918
regretted,4917
Bertha,4916
Qi,4916
slob,4916
reviewing,4916
prophets,4915
Augustus,4914
boxers,4913
loner,4913
prepped,4913
Constantine,4912
lakhs,4911
brownies,4911
Margie,4907
comeon,4906
obsessive,4905
relying,4905
farce,4904
steadily,4904
heinous,4903
broads,4903
Optimus,4902
encounters,4902
rockin,4902
Alonzo,4902
raids,4901
reflects,4901
Bahamas,4901
Goodwin,4900
Monique,4899
agreeable,4898
preventing,4897
Helga,4896
cleans,4896
Congo,4896
state-of-the-art,4896
mastered,4895
hallucination,4895
old-school,4895
Cedric,4895
violations,4894
Shep,4893
izzie,4892
Dottie,4891
kwon,4890
twenty-two,4890
linger,4889
kisser,4889
darlings,4888
locket,4888
fashioned,4887
descending,4886
Lebowski,4886
blushing,4886
Ziggy,4885
density,4884
sorting,4884
intersect,4884
Ryu,4884
extras,4883
unwell,4883
a-and,4882
transmissions,4881
updates,4881
enforce,4881
tram,4878
deemed,4877
implications,4875
newscaster,4875
unions,4875
rosy,4875
spoiling,4874
mortar,4872
fulfilling,4872
Holloway,4872
highlight,4871
Cabe,4871
Goldberg,4871
resourceful,4869
creativity,4869
Eww,4868
whorehouse,4867
band-aid,4867
tyre,4866
qualifications,4866
exhaling,4865
mayonnaise,4863
fallout,4862
slurping,4861
plaintiff,4861
pick-up,4861
Elisabeth,4860
paramedic,4860
hateful,4859
suspense,4858
Shankar,4857
casinos,4857
ce,4857
memorized,4854
executives,4853
Ruthie,4853
trifle,4852
Matilda,4852
Bernstein,4850
swagger,4850
postal,4849
humanitarian,4849
generated,4848
charcoal,4848
homesick,4847
impeccable,4847
clover,4847
prone,4847
confinement,4846
masculine,4845
deceit,4845
brushing,4845
swab,4845
soothing,4844
hypothetical,4844
strive,4844
toxin,4844
starvation,4844
monarch,4842
bonded,4841
cheats,4841
vineyard,4841
cot,4840
marking,4840
Hooper,4840
Chaplin,4839
vacations,4839
Hungary,4838
Pluto,4838
unfit,4836
injections,4836
morbid,4835
pans,4835
Andreas,4835
giraffe,4834
homicidal,4833
hobbits,4833
linking,4832
adieu,4831
begs,4830
Winterfell,4829
rehabilitation,4828
Cesare,4828
Asher,4828
beginnings,4827
shatter,4826
riddles,4825
promoting,4825
rebuilt,4824
trojan,4824
malaria,4824
bowie,4824
senile,4823
calmed,4823
pilgrims,4821
domino,4821
watchman,4820
herring,4819
coppers,4819
tuning,4818
undermine,4817
guides,4817
cher,4817
swipe,4816
admits,4815
disciplinary,4815
dat,4814
maths,4813
cryin,4813
Hari,4813
theatrical,4813
Parrish,4813
definitive,4812
accelerator,4810
afterward,4810
cbs,4809
bodily,4809
oval,4809
heath,4809
Nelly,4809
participation,4808
Rhett,4808
pantry,4807
tsunami,4806
bowels,4805
rural,4805
clones,4805
stalk,4805
fielding,4804
toxins,4803
Heinrich,4802
rebound,4802
Omaha,4801
unanimous,4800
chime,4800
wrecking,4799
assurance,4798
titanium,4798
designing,4798
Qin,4797
Petersburg,4797
fairness,4796
dignified,4795
patio,4795
paces,4794
tracing,4794
leukemia,4793
horseman,4793
lovebirds,4792
teammates,4792
sightings,4791
Salazar,4789
coil,4788
spat,4788
Conor,4788
drinker,4788
Mann,4787
disposition,4787
ore,4786
recycling,4786
devour,4784
Cincinnati,4784
waffle,4784
clueless,4783
Wyoming,4783
qué,4783
initiating,4782
ich,4782
sie,4781
crowns,4780
alimony,4779
possesses,4779
la-la,4779
Koreans,4779
fingertips,4779
infect,4779
muster,4778
commando,4778
escorted,4776
strained,4775
spinach,4775
separating,4774
footprint,4774
researchers,4774
Salvador,4773
kosher,4771
watchin,4770
firewall,4769
fortnight,4769
vey,4769
boulder,4769
JP,4769
urgency,4768
tel,4768
placement,4768
holdings,4767
cleanup,4767
departments,4767
enlightened,4766
govern,4766
bitterness,4765
posture,4765
Chino,4764
Idaho,4764
Marwan,4764
inland,4763
rake,4762
horsemen,4762
softer,4761
customary,4760
postmortem,4760
Gunnar,4759
detecting,4758
dramatically,4758
left-handed,4757
gestures,4757
hounds,4756
peeping,4755
hamburgers,4754
elusive,4754
Patti,4753
Garibaldi,4752
grammar,4752
hardcore,4751
Nashville,4751
blizzard,4751
Eisenhower,4751
invalid,4751
binoculars,4751
cougar,4750
ports,4749
mink,4749
collapsing,4748
intake,4748
una,4747
Franky,4747
Rog,4746
coupons,4744
Bolivia,4744
statute,4744
recordings,4744
fleeting,4743
McGill,4741
doubtful,4739
Ori,4739
lunches,4738
commonly,4738
nukes,4738
instruct,4736
captioning,4736
wipes,4735
Teyla,4734
lash,4734
bumping,4734
oblivion,4733
blowjob,4732
jellyfish,4732
righteousness,4732
disposed,4732
spam,4731
capability,4730
abstract,4729
brewing,4729
thicker,4728
supervise,4727
Wilcox,4726
herbal,4725
scrubbing,4725
puberty,4725
likeness,4724
tampered,4723
peer,4722
owning,4721
Newport,4721
investing,4720
Sylvie,4720
kaiser,4720
Tori,4719
weakest,4718
swung,4718
hyperspace,4717
stoop,4716
Bessie,4716
Myra,4716
whit,4715
nbc,4715
shiv,4715
Marius,4714
streams,4714
dues,4714
cremated,4714
victories,4714
distressed,4713
depended,4711
frown,4711
stewardess,4711
hysteria,4710
foreplay,4710
sob,4709
obligated,4709
magnitude,4709
lima,4709
predicament,4708
speculate,4708
literal,4707
preference,4705
concerts,4705
speechless,4704
yeh,4703
weirder,4703
gallon,4702
snowman,4702
holocaust,4701
repulsive,4700
mesa,4700
Catalina,4700
bio,4700
Hailey,4700
viola,4699
Roscoe,4698
searches,4698
conversion,4697
snowball,4695
joys,4694
Sabbath,4693
doses,4693
discoveries,4693
huddle,4692
saline,4692
where've,4692
Vasquez,4692
chord,4692
sabotaged,4690
vibrations,4690
bleak,4690
stylish,4690
struggles,4689
pretentious,4688
hostel,4688
stakeout,4687
evac,4687
whiskers,4686
brownie,4685
cycles,4685
untouched,4685
mortality,4684
hoop,4684
jukebox,4684
backbone,4683
pompous,4683
latter,4683
Beirut,4681
Larkin,4681
bygones,4680
appendix,4680
serenity,4680
Tuvok,4679
prosper,4678
slugs,4678
bummed,4677
girlie,4677
Dominique,4676
potassium,4675
toots,4674
format,4674
analyzing,4674
regained,4673
photographers,4671
washes,4671
scoring,4670
colon,4669
ey,4668
meade,4668
sesame,4666
misguided,4665
pun,4665
Joanie,4664
hoops,4664
DOD,4664
reservoir,4664
crumble,4663
mid,4663
smokey,4662
genocide,4661
schedules,4661
bulldog,4661
he-he,4661
Raquel,4661
JD,4660
chai,4660
grazie,4660
aroused,4660
diabetic,4660
controversy,4660
Erika,4659
Judd,4659
reacting,4659
colossal,4656
cholesterol,4655
tile,4655
grumbling,4655
dai,4654
offline,4653
iPod,4653
Darnell,4653
pointy,4652
wizards,4652
Bartlett,4651
meadows,4651
fertilizer,4650
hawking,4650
intestines,4650
completion,4649
Fergus,4649
obsolete,4647
Alexandria,4647
hottie,4647
deposited,4646
didi,4646
thankfully,4646
teeny,4645
J.R,4645
piercing,4645
Iong,4644
perjury,4643
avalanche,4643
Rafe,4643
Richardson,4642
smokin,4641
smuggler,4641
killin,4641
broccoli,4640
Daleks,4640
refers,4639
arteries,4638
Marv,4638
imply,4635
ruse,4634
Lovejoy,4634
hit-and-run,4633
straws,4633
Borgia,4633
choppers,4632
Mnh-mnh,4632
contributions,4632
snappy,4632
registry,4632
volleyball,4631
tolerated,4631
Ruben,4631
oppression,4631
incentive,4630
worldly,4630
restoration,4629
sahib,4629
syphilis,4627
inevitably,4627
Edinburgh,4627
mindless,4627
fours,4627
accuracy,4627
civilizations,4626
Richter,4626
TJ,4625
eternally,4624
farmhouse,4623
bids,4622
animation,4621
retching,4620
superheroes,4620
feeble,4619
worshipped,4619
snuff,4619
twig,4619
funnier,4619
stamped,4617
blasphemy,4616
bidder,4616
capturing,4615
softball,4614
Cornelius,4614
insolent,4613
Hamptons,4613
Giselle,4613
imaging,4612
Jeanette,4611
Olympus,4611
demonstrated,4610
genetics,4610
myths,4610
simplest,4609
clinging,4607
entertained,4607
C.I.A,4607
Britt,4606
wondrous,4604
Kimble,4604
surrogate,4603
cherries,4603
delirious,4602
Katniss,4602
unmarried,4602
lark,4601
Abbie,4600
mags,4600
tat,4600
Kaufman,4600
playful,4599
horsepower,4599
Klingons,4598
morn,4598
banjo,4598
cedar,4598
carcass,4597
grizzly,4597
continents,4596
slander,4596
interact,4596
Arlo,4596
actresses,4594
bonfire,4593
jag,4592
Driscoll,4592
raiders,4591
tor,4591
interaction,4591
Macbeth,4591
warnings,4591
fetus,4589
hooves,4589
paranormal,4587
donors,4587
planner,4587
consulted,4587
trans,4587
Sook,4585
wrinkles,4585
heartbreak,4585
Huey,4584
watering,4584
ethnic,4584
collects,4583
top-secret,4582
gains,4581
Lazarus,4581
boils,4580
Sox,4580
number-one,4580
castor,4580
brushed,4579
deployment,4578
Payne,4578
doomsday,4578
pong,4577
poodle,4577
puttin,4576
Venezuela,4575
Jace,4574
L.A.P.D,4574
Arturo,4574
airports,4573
unprofessional,4572
concubine,4572
Hussein,4572
Larsen,4572
dosage,4571
correspondent,4570
Muriel,4570
drunks,4569
ferocious,4568
jerky,4568
schoolteacher,4567
weaponry,4567
all-time,4566
ch,4566
laddie,4566
decorating,4566
fashionable,4566
mammoth,4565
Niki,4564
enable,4564
tack,4563
stats,4562
Zac,4561
ultra,4561
manure,4561
Ernst,4561
scumbags,4561
Jameson,4560
Marko,4560
scofield,4560
aunts,4560
practising,4559
rinse,4559
volatile,4559
limousine,4559
moisture,4559
crispy,4557
polygraph,4557
interruption,4557
Gump,4557
dominated,4556
Lili,4556
juvie,4555
smoker,4555
da-da,4555
Farnsworth,4555
magically,4555
spectators,4554
listing,4554
Myka,4553
amnesty,4553
coping,4552
C-4,4551
pushy,4551
Mossad,4551
off-limits,4550
tissues,4550
perverted,4549
flair,4549
Jer,4549
Loomis,4548
Poole,4548
optimism,4547
inquire,4547
extracted,4547
Jong,4546
whirs,4546
atmospheric,4545
Nottingham,4545
Five-O,4544
disgraceful,4544
clipped,4544
draper,4544
jingles,4544
korra,4544
gaps,4543
trespass,4543
organisms,4542
manhunt,4542
displayed,4542
lefty,4541
indestructible,4541
prevents,4541
Steiner,4539
Barnaby,4538
trillion,4538
birch,4538
threads,4537
sadistic,4537
contamination,4536
coffins,4536
widely,4536
manic,4536
Walters,4534
basin,4534
big-ass,4533
sitter,4533
drooling,4533
Woo-hoo,4532
Donnelly,4532
hearings,4532
Lotte,4530
Lucious,4530
yous,4530
BB,4529
reassure,4528
Windsor,4528
oasis,4528
Gao,4526
saviour,4526
Viagra,4526
hoot,4526
mound,4524
yahoo,4523
vested,4523
protestant,4523
thirty-five,4523
blindfold,4522
advertisement,4522
harmonica,4522
safari,4521
suffocate,4519
buffer,4519
listener,4518
mediocre,4518
Baltar,4518
Mikhail,4517
Raju,4517
casings,4517
administer,4517
macaroni,4517
religions,4516
butchered,4516
payoff,4516
hoist,4516
Romanian,4515
nonstop,4515
Aargh,4514
ulcer,4514
atlas,4514
Ichi,4513
clang,4513
vendor,4512
Milwaukee,4511
boon,4511
tribune,4511
protests,4511
relics,4510
countrymen,4507
housewives,4507
Melbourne,4506
tormented,4506
expel,4506
stormy,4505
possum,4505
funded,4504
Taj,4504
plow,4503
Brenner,4503
bleeds,4502
snowy,4502
herpes,4501
ballot,4501
Annalise,4499
peeking,4499
pear,4499
Iranian,4498
Quincy,4498
quagmire,4498
evaluate,4497
mules,4497
Odessa,4494
Casablanca,4493
titty,4492
Prometheus,4492
recreate,4491
Emmet,4491
Albany,4491
rebuilding,4490
anomalies,4490
plutonium,4490
bom,4490
perceived,4489
mow,4489
meself,4489
Aang,4489
gems,4488
asa,4488
disagreement,4488
short-term,4488
firsthand,4488
para,4487
ofa,4487
dinging,4487
shabby,4486
documented,4486
rebirth,4485
incorporated,4485
straightaway,4484
tailing,4482
lemme,4482
drumming,4482
set-up,4482
pilgrimage,4481
imitation,4480
copying,4479
teachings,4477
eel,4477
poses,4477
defective,4476
hap,4476
conflicts,4476
kryptonite,4475
jars,4474
collectors,4474
Niko,4473
Sioux,4472
Davenport,4472
close-up,4471
Kendra,4470
Osborne,4470
urges,4469
brawl,4469
MacLeod,4469
Bradford,4469
nutty,4469
harmful,4469
grandkids,4467
Keyes,4466
passive,4466
sardines,4465
D'oh,4465
nd,4464
Carmichael,4464
gigs,4464
in-laws,4463
glacier,4462
brainwashed,4462
motorbike,4462
Dover,4462
interviewer,4461
vendetta,4461
quota,4461
mast,4460
sinks,4460
enjoyable,4460
curt,4459
advertise,4459
virtuous,4459
musketeers,4458
solidarity,4458
edgy,4457
Mari,4457
Lai,4456
prefect,4456
vending,4456
expanded,4456
financing,4455
specter,4455
neurological,4455
ffff00,4454
ABC,4453
Dustin,4452
Klinger,4449
O'Connor,4447
ample,4447
strengths,4446
trainee,4446
builders,4445
Albuquerque,4445
foundations,4444
dormant,4444
desirable,4444
hopping,4444
Yeong,4444
accomplices,4443
frantic,4443
bop,4443
streaming,4443
exhaustion,4442
headlights,4442
lollipop,4442
Dae,4442
T.C,4441
lowlife,4439
torches,4439
friar,4439
specimens,4439
convicts,4438
Tod,4438
handcuffed,4437
fig,4437
hemisphere,4437
who're,4435
participating,4435
lending,4434
Denton,4434
Rollo,4434
discomfort,4433
stimulating,4433
methane,4433
taping,4432
lew,4432
doubting,4431
matron,4431
joyful,4431
retaliation,4431
beseech,4430
conception,4430
captivity,4430
LSD,4429
perpetual,4429
adventurous,4429
forsaken,4428
indecent,4428
Hendricks,4427
lemons,4427
coven,4427
gladiator,4426
Roxie,4426
mio,4425
originated,4425
grinder,4424
goodbyes,4424
specialists,4424
Felipe,4423
forks,4423
cassette,4422
makers,4421
16-year-old,4420
fo,4420
reduction,4419
remarried,4419
ranking,4419
franks,4418
hun,4418
hitman,4417
prudent,4416
neutralize,4416
adviser,4415
blooming,4414
rec,4414
frightens,4413
turmoil,4412
cm,4412
endanger,4411
Sanjay,4411
audit,4410
hormone,4410
invaluable,4409
ironically,4408
abusing,4407
insomnia,4407
youre,4405
transactions,4405
salaam,4404
chastity,4404
humane,4403
whistler,4402
odyssey,4402
Godspeed,4401
neon,4401
Hendrix,4401
Colton,4400
buttocks,4399
steamed,4399
troupe,4398
pottery,4398
bolted,4398
tempo,4397
blender,4397
Beale,4396
gall,4396
bran,4395
prestige,4394
terminator,4394
of'em,4394
manson,4394
inventions,4394
Bao,4393
vacate,4393
Hui,4393
Adriana,4393
Kenji,4392
giddy,4392
sighted,4392
municipal,4391
cylinder,4391
castles,4391
aches,4390
shuddering,4390
phenomena,4390
coffees,4390
Finland,4389
Laurent,4389
presumed,4389
accordance,4388
ringer,4387
Kristin,4387
achievements,4386
chills,4386
branded,4386
encore,4386
shreds,4385
adversary,4385
trumpets,4385
harass,4384
riddance,4384
unspeakable,4384
Radha,4383
slashed,4383
panthers,4383
Hagen,4382
Danvers,4382
distances,4382
seein,4382
twitch,4382
cheetah,4381
Salim,4380
masturbate,4380
Pak,4380
monsignor,4380
wallets,4380
foxy,4379
Langdon,4379
contingency,4379
triumphant,4378
Aya,4377
crypt,4377
fencing,4377
Esposito,4377
trolley,4377
editorial,4377
Kali,4377
Starbucks,4376
weaken,4376
fyi,4376
Sansa,4376
responses,4376
devious,4375
swallows,4374
conditioner,4374
blindness,4373
Chavez,4372
AJ,4370
calcium,4369
Anubis,4369
Jiang,4368
exploited,4368
potty,4367
selfless,4366
sleepover,4366
shootin,4366
redneck,4365
quaint,4364
viruses,4364
lon,4364
billboard,4364
Braun,4362
Fitch,4362
Tig,4362
buts,4362
Mueller,4362
incense,4362
understatement,4361
tipping,4361
Alps,4359
malicious,4359
court-martial,4358
bunnies,4358
merlyn,4358
almeida,4358
no-good,4358
Hitchcock,4357
caramel,4355
pendant,4355
winnings,4355
surfer,4355
Pritchard,4354
floss,4354
patriots,4353
edible,4353
commend,4353
folding,4352
toro,4352
chimp,4350
Leopold,4349
festive,4349
squeaky,4349
pines,4348
contractors,4348
relive,4348
high-tech,4347
unannounced,4345
Clouseau,4345
28th,4344
tombstone,4344
researcher,4344
ebay,4343
assisting,4343
dipshit,4343
Arkansas,4343
como,4342
outs,4342
rink,4342
replica,4341
reckoning,4340
revolting,4340
McFly,4339
scarcely,4339
one-night,4339
T'Pol,4338
lucrative,4338
Sacramento,4338
Gibbons,4337
Carr,4336
circular,4336
Silva,4336
Marcie,4336
ofcourse,4335
rigid,4335
evolutionary,4335
οf,4335
aneurysm,4334
expectation,4334
Corinne,4332
dementia,4331
homeboy,4331
meddling,4331
singular,4330
blockade,4330
restrictions,4329
Mussolini,4329
blinding,4328
keypad,4328
Afghan,4328
duly,4326
consists,4326
Yorkshire,4326
takeover,4326
coy,4325
loaned,4325
subjected,4324
long-range,4324
unthinkable,4324
Landry,4324
stardate,4324
parental,4323
decoration,4322
sweeps,4321
Browning,4321
Marcello,4320
sublime,4320
Armand,4320
artwork,4319
lanes,4319
yearning,4318
endeavor,4317
pollen,4317
separates,4315
sheikh,4315
accurately,4314
muscular,4314
grandad,4313
reins,4313
Robyn,4313
drivin,4313
renewed,4312
Popeye,4311
longed,4310
unhealthy,4310
ploy,4310
gore,4310
hitched,4309
towed,4309
muzzle,4309
shareholders,4309
carnage,4309
gulps,4308
gases,4308
fetish,4307
trades,4306
disposable,4306
Birmingham,4306
prentiss,4305
drapes,4305
hostiles,4305
clans,4305
we-we,4303
staggering,4303
midwest,4302
confessions,4301
volts,4300
baskets,4300
Cahill,4300
mentions,4300
auspicious,4300
continuum,4299
wacky,4299
carriers,4298
retreating,4298
Fayed,4297
assaulting,4296
diva,4296
Zhou,4295
Gogh,4295
inscription,4295
blasts,4295
minded,4294
disasters,4294
assumptions,4293
joyous,4293
corridors,4293
repeats,4292
chestnut,4292
disciplined,4292
peninsula,4292
stingy,4292
brochure,4291
proxy,4291
fascists,4291
Tung,4290
squads,4289
caterpillar,4289
exercising,4288
stutters,4288
inferno,4288
USS,4287
lacked,4287
Shay,4287
Belfast,4286
devised,4286
Aldo,4286
Jillian,4285
ruptured,4284
futures,4283
Rayna,4283
Serbian,4283
transfers,4282
grants,4281
sled,4281
blindly,4280
Lenin,4279
Gatsby,4279
Oome,4279
inquisition,4278
rad,4278
malt,4278
Ezekiel,4278
waved,4278
Denis,4277
Janis,4277
saddest,4276
nighttime,4276
skid,4276
humping,4275
twenty-one,4275
Himmler,4275
doorknob,4274
Taggart,4274
Schwartz,4274
privy,4274
infectious,4273
equations,4273
indebted,4273
complexion,4272
Bronson,4271
P.S,4271
telephoned,4271
quotes,4270
caddy,4270
moor,4270
seaweed,4270
implied,4269
draining,4269
pillars,4269
hillbilly,4268
DVDs,4267
Bristol,4267
recalled,4267
stacks,4267
cunts,4266
planetary,4266
lunatics,4266
swiftly,4265
adjustments,4265
cider,4265
Bai,4264
mandate,4264
merrily,4264
continuously,4263
Lamar,4262
mutilated,4262
shitload,4262
pinkie,4261
motions,4261
hypocrisy,4260
picket,4260
Martine,4260
prosperous,4257
Cantonese,4257
ridden,4257
marketplace,4257
homicides,4257
indicating,4257
lambs,4256
meatball,4256
decipher,4256
two-bit,4256
bog,4255
fender,4254
declaring,4254
self-respect,4254
wasp,4253
M.E,4253
stripping,4253
Odo,4253
thorns,4252
unfamiliar,4252
ruckus,4252
Saturdays,4251
tulip,4251
proportions,4250
prosecuted,4249
unimportant,4248
enlist,4248
scouting,4248
certificates,4248
exiled,4247
cowardice,4247
ceremonies,4247
bitching,4247
sandals,4246
democrat,4246
capitalist,4246
onward,4245
forwards,4245
turnout,4245
Lenore,4244
psyche,4244
Dutchman,4243
irons,4243
acquitted,4243
racism,4242
taser,4242
unnoticed,4240
dada,4240
Sherwood,4239
wrongs,4239
crucify,4238
penetrated,4238
Custer,4238
Roma,4238
riverside,4236
mugs,4235
volcanoes,4235
delegates,4235
geisha,4234
dictatorship,4234
anus,4234
charger,4234
Kemp,4233
museums,4233
horrifying,4232
installation,4232
petals,4232
confide,4232
African-American,4231
prostate,4231
rabid,4231
persuasion,4231
sexist,4230
stormed,4230
D.J,4229
dipped,4229
initiation,4229
maximus,4227
Damascus,4227
apprehend,4227
confederate,4227
bailing,4226
linden,4225
cheesecake,4225
wail,4225
gorillas,4225
fend,4225
Camden,4225
termination,4225
carton,4224
colleges,4224
miner,4224
untraceable,4224
hunts,4223
pints,4222
debrief,4222
strips,4221
Doreen,4221
florist,4220
chinaman,4218
Oh-ho,4216
drinkin,4216
youknow,4215
SDI,4214
Georgetown,4214
upwards,4214
Johann,4213
shelters,4213
Hearst,4213
crummy,4213
lax,4212
bull's-eye,4212
Jimmie,4211
Patel,4211
didnt,4211
odor,4210
delays,4210
labeled,4210
crossword,4208
submission,4208
lockup,4207
Attila,4207
skeptical,4206
amaze,4206
catfish,4205
clank,4204
á,4204
Zulu,4203
Romero,4203
wannabe,4203
Faraday,4202
flushes,4202
legislation,4202
amigos,4202
propulsion,4202
maggot,4202
mega,4201
slaps,4201
marshmallows,4201
highlights,4201
prepping,4201
catalogue,4201
neighborhoods,4201
elect,4201
plugs,4200
negotiator,4200
crescent,4200
wake-up,4198
snob,4197
centimeters,4197
cheerleading,4197
barriers,4197
catchy,4196
snore,4195
dearie,4195
flavors,4194
outgoing,4194
endurance,4194
commentary,4194
commandments,4194
Huo,4194
reproduce,4193
Cambodia,4193
Mayer,4193
bogey,4192
liberties,4192
cleansing,4191
sturdy,4191
unsafe,4191
Rey,4191
ofyour,4191
Gareth,4191
Maguire,4191
mailed,4190
implies,4190
sordid,4190
Lennon,4190
implanted,4189
bloodstream,4189
Giuseppe,4188
patched,4188
owls,4187
compact,4187
Pilar,4187
Tucson,4187
thank-you,4187
Meera,4185
broth,4185
one-eyed,4185
faggots,4185
Alfonso,4185
copycat,4184
friction,4184
Hagrid,4183
innocents,4182
Atta,4182
contributed,4182
Romania,4182
Hiroshima,4182
lorry,4182
Cardassian,4181
acquisition,4180
arthritis,4179
B.A,4179
résumé,4179
Donner,4179
cyclops,4179
Bingley,4178
etiquette,4178
princesses,4178
shutdown,4178
negotiated,4177
armenian,4177
specialized,4177
banish,4177
martinis,4176
Simba,4176
hauled,4176
bathed,4175
Fung,4175
incompetence,4175
ze,4174
scripts,4174
kung-fu,4173
stride,4173
steaming,4172
psi,4172
walkie-talkie,4171
midtown,4170
indigenous,4170
oversee,4170
rascals,4170
talker,4170
ringtone,4169
microscopic,4169
heals,4168
o'er,4168
Pavel,4168
oaks,4167
souvenirs,4167
impostor,4167
Bedford,4166
Aziz,4165
fakes,4164
envelopes,4163
childbirth,4163
Borden,4163
spins,4163
Pawnee,4163
fates,4162
limbo,4162
grotesque,4162
Cassius,4162
Irwin,4162
seatbelt,4161
lyin,4160
awakening,4159
airspace,4158
collaboration,4158
export,4158
sprayed,4157
partridge,4156
faraway,4155
hackers,4155
Klink,4155
Tully,4153
shredded,4152
audiences,4152
D.A.,4152
neurotic,4151
Clem,4151
Icarus,4151
chainsaw,4150
Hernandez,4150
pranks,4149
McKenzie,4149
mouthful,4149
Gordo,4149
Marisa,4148
dodgers,4148
Joaquin,4147
barbaric,4147
ballad,4147
Sy,4147
warlock,4146
gourmet,4146
mentality,4146
I-I'll,4146
apparatus,4145
wield,4145
domination,4144
itinerary,4144
stasis,4144
evolving,4143
liberate,4143
substances,4143
realtor,4143
summary,4142
aggravated,4141
Kee,4141
mirage,4140
dazzling,4140
oh-oh-oh,4140
dost,4139
postcards,4138
bologna,4138
Keating,4138
resembles,4137
fussing,4136
Kessler,4135
Jocelyn,4135
lilies,4134
pours,4134
tac,4134
prestigious,4133
Carlisle,4133
Ridley,4133
Pippin,4132
quantico,4132
MacArthur,4131
Kelvin,4131
Galileo,4130
jurors,4130
godforsaken,4130
exceptionally,4129
ceased,4129
bruv,4128
endlessly,4127
organise,4125
testosterone,4125
ee,4123
Wonka,4123
zapping,4123
Swede,4123
singin,4123
costly,4123
frail,4122
rican,4122
patrons,4122
Barclay,4122
coz,4121
borderline,4121
na-na,4121
hens,4121
spokesman,4121
intruding,4120
outline,4119
chunks,4118
fern,4118
dancin,4118
timetable,4118
haystack,4118
tampering,4117
scenarios,4117
prehistoric,4117
snag,4115
chipped,4115
timed,4114
coulda,4113
Tatiana,4112
Alphonse,4112
knit,4112
extradition,4110
plainly,4110
translating,4110
tortoise,4109
cholera,4108
citizenship,4108
Georgina,4108
ether,4107
Ritz,4107
Kristina,4107
Bernardo,4107
unjust,4107
estates,4107
smallpox,4106
refusal,4106
actively,4105
assisted,4105
Austen,4104
sluts,4104
sentencing,4104
sari,4104
pharmaceuticals,4103
residential,4103
momentarily,4103
nameless,4103
pickled,4102
floods,4102
cheerio,4101
indicted,4100
judicial,4099
barley,4099
diversity,4098
overdo,4098
flaps,4098
Channing,4097
Carmela,4097
spices,4096
traits,4095
proceeds,4094
Sanderson,4094
Gaines,4094
bloodline,4094
Celine,4093
technological,4093
perv,4093
leech,4093
succession,4092
Al-Qaeda,4091
medically,4090
Hartley,4090
perverts,4089
Stannis,4088
Rahl,4088
complication,4087
emerging,4085
phrases,4085
Hadley,4085
negligence,4084
seaman,4082
learner,4081
swoop,4081
Tracey,4081
tumble,4081
inflicted,4080
penetration,4080
spanking,4080
traders,4080
confessing,4080
mambo,4080
shrinking,4079
wuss,4079
complicate,4079
beneficial,4079
decaf,4078
maia,4078
homage,4078
Kalinda,4078
akbar,4078
delicacy,4077
cabaret,4077
Rizzo,4077
quad,4076
roo,4076
eatin,4075
crores,4075
bombings,4074
minivan,4073
Honda,4073
heartache,4072
stayin,4072
agricultural,4071
valuables,4071
jigsaw,4071
Castillo,4071
nu,4071
poisons,4070
obeyed,4069
Cmdr,4069
Reginald,4069
chapters,4068
Norfolk,4068
blurry,4067
predecessor,4066
proposals,4066
damnation,4066
conduit,4065
slum,4065
electrician,4065
mainstream,4065
yanks,4064
garret,4064
accomplishment,4064
freshly,4063
Lancaster,4062
Doggett,4061
unholy,4060
requirement,4060
gunning,4060
touring,4060
bloated,4059
plight,4058
holdup,4058
ticks,4058
eu,4057
untrue,4056
soften,4055
primo,4055
warheads,4054
accelerated,4053
ramen,4053
tidal,4053
painfully,4052
hymn,4052
penal,4052
downright,4052
stunts,4052
inflation,4052
Caffrey,4050
stretches,4050
diameter,4050
harassed,4048
Tuesdays,4047
Keaton,4046
sleepless,4046
energetic,4044
warlord,4044
mako,4044
ahjussi,4043
sandman,4043
faintly,4043
theta,4043
imitate,4042
Rosalie,4042
rightfully,4042
observations,4041
gunned,4039
glide,4037
discrimination,4037
Wickham,4036
alignment,4036
I-I've,4036
ru,4036
valves,4035
on-line,4035
narrowed,4035
Guthrie,4035
Cale,4035
settings,4034
visualize,4032
hopped,4032
sleazy,4032
calamity,4032
crocodiles,4031
fad,4031
affectionate,4031
dehydrated,4031
leftover,4031
gamblers,4031
unkind,4030
bulbs,4030
cramped,4030
RAF,4030
Kabir,4030
toot,4029
Flanders,4028
revoked,4028
ravine,4028
nein,4027
one-man,4027
withholding,4027
rattled,4026
vines,4026
Fidel,4026
27th,4025
concludes,4025
traction,4024
presses,4024
snickering,4023
Greenwich,4022
dames,4022
Naina,4021
feminist,4020
unfold,4020
disclosure,4019
Romulan,4019
Berger,4019
loathe,4018
lizards,4018
unrest,4018
tragically,4018
spawn,4016
schizophrenic,4016
BC,4016
Calcutta,4016
shoplifting,4015
Tahiti,4015
schizophrenia,4015
youthful,4015
complimentary,4015
barf,4015
Tam,4014
ci,4014
bellies,4014
Earp,4013
checkers,4013
millimeter,4012
Fabio,4012
camper,4011
genitals,4011
migraine,4010
Tijuana,4010
maternal,4009
anesthesia,4008
Smitty,4008
deluxe,4007
brigadier,4007
manipulative,4007
lei,4007
stickers,4007
haha,4007
Palestine,4006
excluded,4006
ragged,4006
gorge,4006
paparazzi,4006
renegade,4006
historian,4006
slab,4005
plots,4005
shocks,4005
coworkers,4004
Baines,4004
Roper,4003
cashed,4002
vamos,4002
informing,4002
compromising,4002
ceremonial,4002
prosecutors,4002
contraband,4002
Maud,4002
techno,4002
McCall,4002
frak,4001
carefree,4001
provincial,4001
seating,4000
baloney,4000
realities,3999
withdrew,3999
baptism,3999
heathen,3999
Wilhelm,3998
packets,3998
ratted,3998
haze,3997
a.k.a,3996
Ferdinand,3996
Sharma,3995
simplicity,3994
intensifies,3994
Delgado,3993
walnut,3992
Murtaugh,3992
Tris,3992
prediction,3991
unethical,3991
prix,3990
cackles,3990
deactivate,3989
Mahoney,3989
Mandela,3988
coloured,3988
tink,3987
bondage,3987
wingman,3987
bossy,3986
interfered,3986
Rembrandt,3986
gymnastics,3985
atheist,3984
earnest,3983
commune,3983
Potts,3982
Laurence,3980
socket,3980
junkyard,3979
mart,3978
downfall,3978
Shea,3977
Leone,3977
recreation,3976
CO2,3976
pelt,3976
Skynet,3976
terra,3976
MacDonald,3975
unrelated,3974
formalities,3974
Lowe,3974
Rivera,3974
rowan,3973
regulars,3973
ust,3972
sai,3972
Gallo,3972
Dyson,3970
intolerable,3970
specials,3970
geeks,3970
wasteland,3970
Healy,3970
Sparta,3970
eyelids,3969
photographic,3969
disqualified,3969
misjudged,3969
meddle,3968
Chul,3968
livelihood,3968
philosophical,3967
MasterChef,3967
sciences,3967
hazardous,3966
scraped,3966
peachy,3966
equity,3965
pepperoni,3965
maturity,3965
pelvis,3965
comforts,3965
Kingsley,3964
Ukrainian,3964
Stephens,3963
joss,3962
Rhode,3962
estimates,3962
showdown,3960
commencing,3959
coupon,3959
faithfully,3959
blaster,3959
Delaware,3958
Anastasia,3958
wad,3958
aiding,3958
drills,3958
transponder,3957
sensual,3957
homing,3957
Crosby,3956
geometry,3956
Alexei,3956
bribery,3956
responds,3955
acquaintances,3955
VP,3954
encoded,3954
drunkard,3953
martians,3953
Poseidon,3953
finder,3953
Harrington,3952
anew,3952
aviation,3951
Frankfurt,3951
plucked,3950
Clarkson,3950
inability,3949
Taro,3949
battered,3948
borne,3947
penicillin,3947
quantities,3947
solace,3947
bearings,3947
raptor,3947
relevance,3945
Quark,3945
sever,3945
wham,3945
disadvantage,3944
EKG,3944
nectar,3944
trot,3944
rocker,3942
engraved,3942
fascination,3942
Olivier,3942
accelerating,3942
establishing,3941
Burgess,3941
Victorian,3940
toothless,3940
Pepsi,3939
kraut,3938
silicon,3938
splits,3938
Tru,3937
mysteriously,3936
Manolo,3936
Merrick,3936
Dix,3936
ferret,3936
trilling,3936
conveniently,3936
downside,3935
hearty,3935
yorker,3935
magicians,3934
Merle,3934
crowbar,3934
makeover,3933
bloodbath,3932
Townsend,3931
billing,3931
so-so,3930
elk,3929
Winslow,3929
schoolgirl,3929
ozzy,3929
Hampton,3928
mockery,3928
upsets,3928
piglet,3928
yoυ,3928
galley,3927
chrissake,3927
WALL-E,3927
Manu,3927
framing,3927
faucet,3926
kale,3926
oppressed,3926
Darla,3926
Selena,3925
bullshitting,3925
thong,3925
waiters,3924
endorsement,3923
accelerate,3923
latitude,3922
stamina,3922
Burnett,3922
novelty,3922
Burma,3921
duet,3921
deformed,3921
strategies,3921
mets,3921
swapped,3920
Schneider,3919
lexie,3919
dojo,3919
ointment,3918
Weber,3918
rugged,3918
Berta,3917
residency,3917
activist,3916
eject,3916
Lukas,3916
significantly,3915
tombs,3914
Honolulu,3914
unorthodox,3914
Rolex,3913
Edmond,3912
whomever,3912
occult,3912
bends,3911
valor,3911
processes,3911
Nic,3911
Zorro,3910
crazed,3910
caveman,3910
Lao,3910
spoilt,3909
falcone,3909
Hiroshi,3909
helo,3909
CBI,3908
puffs,3907
reconcile,3907
liege,3907
full-on,3907
HK,3906
sapphire,3906
bead,3905
liters,3905
enclosed,3905
expressions,3905
feisty,3904
technicians,3904
reek,3903
chronicle,3903
Cunningham,3903
goa,3902
outing,3902
dwelling,3901
great-grandfather,3901
Belinda,3901
epi,3900
reassigned,3900
vans,3898
Santo,3898
crafty,3897
Malloy,3897
benefactor,3897
anesthetic,3896
earnings,3896
dis,3896
ap,3895
earns,3895
python,3895
sequel,3895
slag,3895
stature,3894
governess,3894
canister,3893
curves,3893
hiss,3893
Dodd,3892
dodgy,3892
Bjorn,3892
Bali,3891
Yolanda,3891
Glasgow,3890
g'day,3889
Jia,3889
visitation,3888
uninvited,3888
bias,3888
Snyder,3887
accessing,3887
Tonya,3886
implore,3886
implement,3885
rapper,3885
reboot,3885
Lucian,3885
vigilant,3884
Braddock,3884
bellows,3884
Jeb,3883
horizontal,3883
pavilion,3883
infinitely,3882
fleur,3882
e-mailed,3882
silverware,3882
tsar,3882
pappy,3881
ID'd,3881
quake,3879
Rochester,3878
marlin,3878
typed,3877
graft,3877
hobo,3876
Warwick,3875
Indonesia,3874
crumbling,3874
Jekyll,3873
amp,3873
barbed,3873
replicate,3872
Knicks,3872
shootings,3871
cleaver,3871
metals,3871
holster,3871
viewed,3871
shifu,3870
perfected,3870
DCI,3870
Valentina,3870
molten,3869
O'Neil,3869
mortuary,3869
variables,3868
caste,3868
Meghan,3867
lanterns,3867
Brits,3867
Mendoza,3867
Ewing,3867
battleship,3866
motherland,3866
verses,3865
swallowing,3865
paddles,3865
Mooney,3864
Avi,3864
henceforth,3863
trailing,3862
mead,3862
pressures,3862
15-year-old,3861
sipping,3861
accommodation,3861
Silvia,3861
satin,3861
redo,3860
pegged,3859
twas,3859
Jeanie,3859
dodging,3859
sentinel,3858
ATF,3858
bimbo,3857
fancies,3857
primal,3857
oo,3856
explorers,3856
anthrax,3856
detectors,3855
Crawley,3855
bridesmaid,3855
repressed,3855
flattery,3855
perished,3853
Ahn,3853
hogs,3852
expendable,3852
highland,3852
fireball,3852
wacko,3852
hiccups,3852
visibility,3851
Dalek,3851
outskirts,3851
bashed,3850
barred,3850
affidavit,3850
sewage,3850
alternatives,3849
malice,3849
Palermo,3848
witnessing,3848
midwife,3847
priestess,3847
individually,3847
Osama,3847
Shanti,3846
flask,3845
late-night,3845
Phelps,3845
painters,3845
puking,3844
publication,3844
excitedly,3844
grasshopper,3843
duo,3843
tov,3842
Conan,3842
Siobhan,3842
Chaney,3842
copyright,3841
Kwan,3840
enigma,3840
hippies,3840
despised,3840
sympathize,3840
luxurious,3839
paramount,3839
yogi,3837
Xu,3837
criteria,3837
prescribe,3836
Ortiz,3836
Thursdays,3836
greeted,3835
mecca,3834
employers,3834
bumblebee,3834
writings,3834
distinctly,3834
dodger,3834
Suzuki,3833
dreary,3833
Versailles,3833
winch,3833
evicted,3832
straps,3832
vandalism,3831
Zelda,3831
calculating,3831
GRUNTlNG,3829
rewarding,3829
tres,3829
Willoughby,3828
ist,3828
bolo,3828
Marseilles,3828
Fulton,3827
thereby,3827
consultation,3827
molested,3826
midway,3826
McKenna,3826
Natalia,3826
Dolan,3825
Plato,3825
Fridays,3825
troublemaker,3824
Wilkins,3823
shaping,3823
scuba,3822
algebra,3822
Kenobi,3821
sera,3821
afloat,3821
notre,3820
boxed,3820
fearing,3819
unwilling,3818
preservation,3816
nemesis,3816
beginner,3816
hallo,3815
patriotism,3815
flack,3814
rehearsed,3814
healthier,3813
timid,3813
smacked,3812
schematics,3812
administered,3811
salami,3810
spiked,3810
looting,3808
disengage,3808
doodle,3808
cosmetics,3808
hardened,3808
elope,3807
hopelessly,3807
piled,3807
induce,3806
cache,3806
Sameer,3806
sweethearts,3806
Ashton,3806
cherished,3805
striker,3805
projections,3805
startin,3805
3-d,3804
leprechaun,3804
puffy,3804
trio,3803
intentional,3803
crixus,3802
boobies,3801
conclusive,3801
lumps,3801
deserving,3801
restraints,3801
aspen,3800
reinforced,3799
Xi,3798
Pulitzer,3798
mixer,3798
meteorite,3798
guidelines,3798
dildo,3798
goodies,3797
chokes,3797
undefeated,3796
pox,3796
fearsome,3796
flux,3795
rut,3795
settlers,3795
cannonball,3794
Willa,3794
cramps,3794
inadequate,3794
confiscate,3794
unnecessarily,3794
maneuvers,3793
Frazier,3793
dishonor,3793
mazel,3793
soar,3792
lacrosse,3792
Paxton,3792
wil,3792
Swanson,3791
wolverine,3791
sanctioned,3790
Haiti,3790
jacuzzi,3790
astronomy,3790
tenure,3790
vibration,3789
rounding,3789
ludicrous,3789
Leanne,3789
skateboard,3789
Mmmm,3788
garment,3788
gs,3788
moderate,3787
lifeboat,3787
Augustine,3787
ignite,3786
deserter,3786
saber,3786
brah,3786
petrified,3784
fictional,3783
bearded,3783
similarities,3782
sats,3782
commie,3782
believers,3781
Dietrich,3781
daggers,3781
moods,3781
Megatron,3780
Carey,3780
Rygel,3778
newcomer,3778
quickest,3778
synchronized,3777
upside-down,3777
Eloise,3777
hospitalized,3777
ã,3776
impersonating,3775
carts,3774
tides,3774
contradict,3774
contractions,3773
recollection,3772
unexplained,3772
interrogating,3770
fulfil,3770
securing,3770
scrubbed,3770
deathbed,3769
tiniest,3769
Irma,3769
cy,3769
advisors,3769
breathed,3768
kimono,3768
calves,3767
compel,3766
canopy,3766
bozo,3766
unmarked,3766
directory,3765
cadets,3765
29th,3765
commodity,3765
dissolved,3765
Bartowski,3765
douchebag,3763
Atticus,3763
Tia,3763
poked,3763
delegate,3763
wakey,3763
fancied,3762
cooped,3761
Mycroft,3761
flashy,3760
Welles,3760
space-time,3760
Gemini,3760
beheaded,3759
Terrance,3758
ion,3758
O2,3757
persecution,3757
wasrt,3757
cap'n,3756
Hud,3756
twister,3756
Bannister,3756
canceling,3755
Tampa,3755
retro,3755
Sahara,3754
Gunn,3754
alarming,3754
mistook,3754
eunuch,3754
inhaling,3753
envoy,3753
securities,3753
gt,3753
traumatized,3752
uncanny,3751
adolescent,3751
upward,3750
ballpark,3750
rodent,3750
bueno,3749
Aladdin,3749
Pietro,3749
detached,3748
traditionally,3748
showcase,3748
electrocuted,3748
Meyers,3748
Crusoe,3748
Carnegie,3747
ballerina,3747
stabilized,3747
McBride,3747
cheddar,3747
Visiontext,3747
shilling,3747
Vancouver,3747
esteem,3746
clientele,3745
McGarrett,3745
typhoon,3745
scientifically,3745
nationwide,3744
mackerel,3744
projected,3743
Fairfax,3743
handgun,3743
ballistic,3741
rejoin,3741
taxpayers,3740
informal,3740
Ralphie,3740
culinary,3738
phasers,3738
hereafter,3738
courting,3737
funnel,3737
piling,3737
Alain,3736
scripture,3736
stitched,3736
burps,3735
hermit,3735
foil,3735
Waterloo,3735
shipments,3735
cords,3735
fanatic,3734
slaughterhouse,3734
trina,3734
versa,3734
Stackhouse,3734
drenched,3733
horde,3733
Whitaker,3732
hind,3732
raisins,3732
Walton,3732
rents,3731
vanishing,3731
talisman,3731
Sudan,3731
tiresome,3731
discouraged,3731
MTV,3731
insider,3731
sketchy,3731
scandalous,3730
high-speed,3729
mutton,3729
fussy,3729
sulking,3728
gunpoint,3728
io,3728
stares,3727
inflict,3726
Swann,3726
vogue,3726
enchanting,3724
smugglers,3724
mildly,3722
featuring,3722
yak,3721
descendant,3721
Errol,3720
MI6,3719
Selfridge,3719
Woodhouse,3719
dumber,3718
tick-tock,3718
sweatshirt,3718
Flores,3718
diaries,3718
forty-five,3718
minerals,3718
mantis,3717
Woodward,3717
correctional,3717
documentation,3716
believable,3716
dangling,3716
socialism,3716
Talia,3716
bagels,3715
hel,3715
ante,3715
observatory,3715
cosy,3714
Hermann,3714
illiterate,3714
O'Connell,3714
penniless,3713
lovable,3712
merits,3712
clubhouse,3711
trampled,3711
transfusion,3711
conned,3710
keepers,3710
Sinbad,3710
clinks,3710
wigs,3710
notary,3710
Seamus,3709
dynamics,3709
accordion,3709
fives,3709
Luciano,3709
farley,3708
Cicero,3708
Queenie,3708
unimaginable,3707
Elvira,3707
masturbating,3706
Tuttle,3706
oars,3706
hatched,3705
confessor,3703
fronts,3703
Mariana,3702
nicotine,3702
Rollins,3702
manned,3701
prodigy,3700
auf,3698
lagoon,3698
evey,3698
Maxie,3698
gage,3698
Riviera,3697
seaside,3697
Moby,3696
girly,3695
championships,3695
writ,3695
hijack,3694
vie,3694
Janeway,3694
Cade,3694
promptly,3694
reducing,3693
flagged,3693
sylar,3693
wines,3693
world-class,3693
pulmonary,3693
blitz,3693
discarded,3693
Tricia,3692
productions,3692
Ηe,3692
Finley,3692
sewn,3692
gobble,3691
Ange,3691
dummies,3690
FDA,3690
spraying,3690
fink,3689
Malkovich,3689
aren,3689
Algeria,3688
Morpheus,3688
fiasco,3688
boast,3687
humidity,3686
illustrious,3686
win-win,3686
Elsie,3686
annihilation,3686
snores,3685
completing,3685
strains,3685
floated,3684
roadblocks,3683
trademark,3683
hoof,3683
casserole,3682
billings,3682
fae,3682
I'm-a,3682
Helsing,3682
creak,3681
intoxicated,3681
meditate,3680
relish,3679
Ophelia,3679
Watkins,3679
clanks,3678
shalom,3678
orbiting,3678
Corky,3678
Aagh,3677
passages,3677
reptiles,3676
hemorrhaging,3674
elegance,3674
D'Artagnan,3674
haunts,3674
incriminating,3674
biz,3674
divya,3673
winged,3673
benign,3673
podium,3673
goblins,3672
minions,3672
Marisol,3672
detachment,3672
abundance,3671
snails,3670
Krista,3670
coastal,3670
motorcycles,3669
overweight,3669
Rin,3669
energies,3669
Kapoor,3668
hurtful,3668
meowing,3667
shortest,3667
munitions,3666
lightweight,3666
Jayne,3665
Ramos,3665
Jacky,3664
grains,3664
Crassus,3663
rowing,3663
hurl,3663
cardinals,3663
recession,3662
Saito,3662
porcelain,3662
mstoll,3662
snort,3662
detonated,3661
marshmallow,3661
firefighter,3661
Torrance,3660
Jodie,3660
Voldemort,3658
blindfolded,3658
cranberry,3658
fluke,3658
Stevenson,3658
overreacted,3657
illegitimate,3657
bub,3657
papal,3657
orchestral,3656
hover,3655
cobbler,3654
cocoon,3654
hooch,3653
scarred,3653
admissions,3653
untouchable,3652
guillotine,3652
Mikael,3651
Delenn,3651
berserk,3650
upgraded,3650
rematch,3649
ultimatum,3649
Lise,3649
Hermes,3648
spur,3647
Colette,3647
topless,3647
powdered,3647
pinball,3646
naught,3646
Humpty,3646
pasture,3645
masturbation,3645
Jakob,3645
unloading,3645
adores,3645
irritated,3644
sprained,3644
strife,3643
tolls,3643
atrocities,3643
Eros,3643
Niagara,3643
lifeless,3642
behavioral,3642
Chiu,3642
muy,3642
honorary,3640
Hogwarts,3640
small-time,3640
stronghold,3639
baldy,3638
hectic,3638
Markham,3638
dealership,3638
Hawthorne,3637
foxes,3637
raincoat,3637
unforgettable,3636
portraits,3636
sha,3635
nearing,3635
Medusa,3635
Lyndon,3635
visionary,3634
Gianni,3634
extravagant,3634
fuzz,3634
carpets,3633
undertaker,3633
chords,3633
coconuts,3633
Isobel,3632
goof,3632
E.T,3631
entrust,3631
horrified,3631
tendencies,3631
mooing,3631
Autobots,3631
exploiting,3631
desks,3631
jiffy,3630
heh-heh,3630
Ressler,3630
Lowry,3630
sightseeing,3629
Dieter,3629
scheming,3628
guesses,3628
lumpy,3628
miscarriage,3628
Rica,3628
widower,3628
TVs,3627
deserts,3627
thriving,3627
shun,3626
daybreak,3625
accessible,3625
swamped,3625
topper,3625
Rubin,3624
escorting,3623
co-workers,3623
concepts,3623
angrily,3622
Soho,3621
demented,3621
algae,3621
sanitation,3620
cabs,3619
martyrs,3619
chopsticks,3618
lag,3618
starlight,3618
jackal,3617
rom,3617
restoring,3617
brilliance,3615
tending,3615
apt,3615
Travers,3615
valleys,3614
graces,3614
outraged,3614
amish,3614
twain,3613
Baldrick,3613
unsure,3613
fr,3613
residual,3612
rabble,3612
imposed,3611
consecutive,3611
cinch,3611
wayward,3610
majors,3610
washroom,3609
antimatter,3609
varsity,3609
sentry,3609
scapegoat,3608
newlyweds,3608
Thames,3608
dreamy,3607
collections,3607
tinkling,3607
insufficient,3607
blanca,3606
voltage,3606
sufficiently,3606
Oww,3606
acre,3605
pedophile,3605
Alyssa,3605
fightin,3605
grapefruit,3605
Wilfred,3605
wary,3603
kiddies,3603
Aisha,3603
Maude,3603
Cummings,3601
rowdy,3601
hailing,3600
restart,3600
orchids,3599
chaperone,3598
Hobbes,3597
Omer,3597
Hester,3597
widespread,3597
granite,3597
lucid,3596
Jeffries,3595
extraordinarily,3595
Rigsby,3595
accessories,3595
Rooney,3594
redundant,3594
skinned,3593
unison,3593
leaned,3593
pooch,3593
circled,3592
hippo,3592
coordinated,3591
Yvette,3591
slipper,3591
Rommel,3591
urged,3590
afternoons,3590
CJ,3590
robotic,3590
burglars,3589
memoirs,3589
Britta,3588
Arya,3587
defines,3587
stalled,3587
surplus,3587
bison,3587
Lister,3587
Mika,3587
indifference,3587
distortion,3586
lifeguard,3586
stomping,3585
Nakamura,3585
playoffs,3584
spatter,3584
lawsuits,3584
friendships,3584
armageddon,3584
utopia,3583
brilliantly,3583
boldly,3582
17-year-old,3581
rooftops,3581
Lucrezia,3581
million-dollar,3581
Takashi,3580
outcast,3580
Dickinson,3580
astounding,3579
groin,3579
meticulous,3578
smart-ass,3578
Mustafa,3578
shakily,3578
pathology,3578
seasoned,3578
Atwood,3577
orbital,3577
Ventura,3576
wanderer,3575
phaser,3574
gia,3574
checkbook,3574
plunder,3573
swiped,3573
perceptive,3573
phoney,3573
millionaires,3572
constructive,3572
traveller,3572
rated,3571
Jem,3571
suffocated,3571
retrieved,3571
Volvo,3570
youngster,3570
hypnotized,3569
brushes,3569
rivalry,3568
rulers,3568
coyotes,3568
Mendez,3568
bazaar,3567
bouncer,3566
Maui,3566
shackles,3566
Baird,3566
discovers,3566
happenin,3566
Misha,3565
Friedrich,3565
yawning,3565
trait,3564
Bobbie,3563
Lexington,3563
no-no,3563
baboon,3563
sewed,3563
craps,3563
activating,3563
babu,3562
specialize,3562
bagged,3562
pharmacist,3561
sympathies,3561
Wiley,3561
slopes,3561
salts,3561
mumble,3561
pleaded,3561
Mavis,3560
pecker,3560
canisters,3560
takeout,3559
dios,3559
murmur,3559
Ulysses,3559
namaste,3558
lifeline,3558
bayou,3557
insanely,3556
D.N.A,3556
owing,3556
affections,3555
looky,3555
Madge,3555
staked,3554
likelihood,3554
craziness,3554
non-stop,3554
jive,3553
arsenic,3552
viewer,3552
condor,3551
coincidences,3551
unheard,3551
soaring,3551
improvements,3551
secretaries,3550
hints,3550
Haskell,3550
ostrich,3548
supplying,3548
flavour,3547
stimulate,3547
Whitehall,3547
Sméagol,3547
fluent,3547
genre,3547
breathtaking,3546
Gorman,3546
retaliate,3546
debating,3546
cannibal,3546
mutually,3546
adamant,3545
homosexuals,3545
paladin,3545
proclaim,3545
Mme,3545
sulfur,3544
Ahmad,3544
imprint,3544
cram,3544
26th,3544
fathom,3543
dharma,3543
patrolling,3542
milkshake,3541
awoke,3541
filmmaker,3541
dismantle,3541
toil,3541
birthmark,3540
damnit,3539
Seon,3539
cognitive,3538
sassy,3538
CHIBS,3538
disorders,3538
overlooking,3537
camped,3537
ev,3537
pups,3537
downward,3537
carousel,3537
chihuahua,3537
icing,3536
Scots,3536
Israelis,3535
XO,3535
claps,3535
dismissal,3535
repairing,3534
drains,3533
evident,3533
Portia,3533
curls,3533
undergo,3533
novelist,3532
pious,3532
authors,3532
Sutter,3532
reincarnation,3532
extraterrestrials,3532
phoning,3532
simpsons,3531
gullible,3531
Marseille,3530
impenetrable,3530
innovation,3530
performers,3529
squashed,3529
kg,3529
cures,3529
hardworking,3528
pj,3528
dah,3528
pathologist,3527
psychosis,3527
severance,3527
mammal,3525
scoundrels,3525
eavesdropping,3525
rebellious,3525
merciless,3523
ravens,3523
thrash,3523
mimicking,3522
defiant,3521
McKinley,3521
ideology,3520
hemorrhage,3520
rd,3520
viceroy,3520
pimps,3519
mano,3519
concede,3519
swarming,3519
unprepared,3519
swimsuit,3519
hard-working,3518
puked,3518
profiles,3518
Alba,3517
Giorgio,3517
sleepwalking,3516
Mardi,3516
Avon,3516
Kruger,3515
bras,3515
entrepreneur,3515
jihad,3514
Joseon,3514
perverse,3514
footing,3512
indoor,3512
grievous,3511
neatly,3511
ku,3511
Estelle,3511
suns,3509
conspired,3509
fidelity,3509
Crowe,3508
acoustic,3508
populated,3508
corpus,3508
puny,3506
m'lady,3506
stellar,3506
agreements,3504
ecstatic,3504
siding,3504
consort,3504
canine,3503
FTL,3503
paternity,3503
eah,3502
announcements,3502
doves,3502
deprive,3501
filters,3501
Fenton,3501
flakes,3501
airtight,3501
notions,3500
Verne,3500
distraught,3500
comprehensive,3499
Avalon,3499
entrances,3499
yo-yo,3499
vertigo,3499
atone,3498
displays,3498
rephrase,3498
gah,3497
Mayan,3497
reinstated,3497
onwards,3497
Forrester,3496
inspires,3496
Albanian,3496
implicated,3495
Goebbels,3495
charmer,3495
sears,3494
Laszlo,3494
eyewitnesses,3492
enabled,3492
closets,3492
Cersei,3492
rhetorical,3492
eyebrow,3492
shagging,3492
Egan,3491
reptile,3490
hype,3490
gutted,3490
garner,3490
amidst,3489
almond,3489
Lupin,3488
Vincenzo,3488
provinces,3488
leeches,3487
inexperienced,3487
monarchy,3487
instagram,3487
judgmental,3485
Sirius,3484
Davidson,3484
poorer,3483
nudity,3483
Abner,3483
Wilde,3483
Camila,3482
originals,3482
Coney,3481
harem,3481
bawk,3481
recipient,3481
upbringing,3481
prolonged,3480
sweaters,3480
protesters,3480
Marsha,3479
rambling,3479
Monaco,3479
enjoyment,3478
Platt,3478
submarines,3478
Prue,3477
persona,3477
meatloaf,3477
autographs,3477
heirloom,3476
massa,3475
lockers,3475
zee,3475
washer,3474
Delphine,3474
imagery,3474
buggers,3473
Lorelei,3473
fossils,3472
shepherds,3472
aligned,3471
stutter,3471
Chas,3471
bestow,3471
forthcoming,3470
Krusty,3470
sideshow,3470
belches,3470
continually,3469
cochran,3469
Bethlehem,3468
Verona,3468
nickels,3467
nudge,3466
prohibition,3466
carnal,3466
twenty-three,3466
frisbee,3466
Lucinda,3465
Marlo,3465
impound,3465
slums,3465
Antonia,3464
participated,3464
Linc,3464
extends,3464
cor,3464
flashed,3463
repaid,3463
recommending,3462
diminished,3462
single-handedly,3462
freezes,3462
Terence,3462
Gruber,3461
damsel,3460
gums,3460
outdated,3459
swells,3459
Epps,3459
cutters,3458
breather,3457
Medina,3456
statistically,3456
intrigue,3456
Pacey,3455
territorial,3455
lowering,3455
mahjong,3455
nasal,3454
Jamaican,3454
horoscope,3453
bae,3453
sims,3453
menus,3453
suitor,3453
polishing,3452
infections,3451
solves,3451
turkeys,3450
contraption,3450
scuse,3450
dilated,3449
patiently,3449
tumbling,3449
biography,3449
rupture,3449
endorse,3447
diseased,3446
Uhtred,3445
Fabian,3445
amar,3445
profoundly,3445
jams,3445
Annabel,3445
Deanna,3445
auditorium,3444
charities,3444
shitless,3443
kneeling,3443
Sri,3443
Juanita,3443
Lebanon,3442
campfire,3442
Ramón,3441
hick,3441
resistant,3441
custard,3439
recommendations,3438
ex-con,3437
Medici,3437
glands,3437
Mowgli,3436
batiatus,3436
selves,3436
fatherland,3435
nba,3435
staten,3435
mormon,3435
Bordeaux,3435
Lomax,3435
greased,3434
societies,3434
hoodie,3434
Gregson,3434
Burbank,3434
tranquilizer,3434
conspiring,3433
Leia,3432
fräulein,3432
Eunice,3432
alumni,3432
Muad'Dib,3432
light-years,3432
Sampson,3432
walrus,3432
reeks,3431
drifter,3431
warship,3431
cabbie,3431
incarcerated,3430
ascension,3429
cooled,3429
punctual,3428
transcripts,3428
gloom,3428
sobriety,3428
pant,3428
replicators,3427
Kremlin,3427
Hallie,3426
optical,3425
waterfront,3425
Fiji,3425
storeroom,3424
ado,3424
suppressed,3424
chilled,3423
Enid,3423
Bosnia,3423
pao,3423
unprotected,3422
frightful,3421
Peeta,3421
elmo,3421
showered,3420
sprinkle,3419
unified,3419
mileage,3419
VCR,3419
provider,3418
flake,3418
excite,3418
Marsellus,3417
Tyrion,3416
discredit,3416
brands,3416
nightly,3416
freeing,3415
Tulsa,3414
Scoob,3414
Eskimo,3414
Cornwall,3413
Miki,3413
landmark,3413
Ah-ha,3413
improper,3412
inspectors,3412
aroma,3412
pyjamas,3412
juggling,3412
Susanna,3412
Raina,3411
stalked,3411
fruitcake,3411
inspirational,3411
tentacles,3409
escorts,3407
constellation,3407
Santana,3407
railing,3407
theorists,3406
smoothie,3406
noir,3406
imperfect,3405
ei,3405
signore,3405
Sicilian,3405
Patrice,3404
recharge,3404
wards,3404
unravel,3404
Darth,3404
advising,3403
psychologically,3403
graduates,3402
telephones,3402
calculus,3402
startle,3401
wednesdays,3401
bitchy,3401
succeeds,3400
Geeta,3400
goddamnit,3400
madhouse,3399
canon,3399
gots,3399
Rani,3397
trainers,3396
compose,3396
underlying,3396
strut,3395
gunmen,3395
dazzle,3395
develops,3395
pretzel,3394
mythical,3394
intensely,3394
reacts,3393
undertaking,3393
Javi,3393
lateral,3392
Gaia,3391
Brandi,3391
cee,3391
acceleration,3390
headless,3390
nightcap,3389
Kobe,3389
lecturing,3388
oop,3388
aida,3387
Rachael,3387
monuments,3387
outright,3387
Gaul,3387
skis,3386
dual,3386
fester,3385
smacks,3385
topside,3385
Europeans,3385
attracting,3385
unpaid,3384
infernal,3384
insolence,3384
embracing,3383
hickey,3383
hires,3383
Kari,3382
indications,3382
gaga,3382
honoring,3382
Pheebs,3382
T.K,3382
explored,3381
hubbard,3381
benevolent,3380
nostrils,3380
spirited,3380
Duran,3380
vicodin,3379
accomplishments,3379
blip,3379
Hyuk,3379
wrongly,3379
forgives,3378
eliminating,3378
ag,3378
orient,3378
IBM,3377
parlour,3377
otter,3377
susceptible,3376
Chaz,3376
informants,3375
scrambling,3375
snowflake,3375
listeners,3375
repercussions,3375
loudspeaker,3375
occupational,3375
hesitated,3375
bey,3375
Mellie,3374
Galen,3374
notebooks,3372
grinning,3372
contradiction,3372
levy,3372
payload,3372
scrawny,3371
stalls,3371
relaxation,3370
scriptures,3369
scrutiny,3369
pence,3368
modify,3368
emissary,3368
introductions,3367
bot,3367
crock,3367
urinating,3366
ridicule,3365
sho,3365
wrinkle,3365
Gupta,3365
handyman,3365
leaping,3364
lug,3364
districts,3363
Sisko,3363
Wessex,3363
dyed,3363
diabolical,3363
head-on,3362
Wichita,3362
ripple,3362
Deke,3361
claustrophobic,3361
Canadians,3360
suture,3359
ponytail,3358
Chekov,3358
nostalgia,3358
consensus,3358
Rebekah,3358
companionship,3357
blondes,3357
brighten,3357
hark,3357
din,3357
discreetly,3357
diagram,3357
hors,3356
René,3356
volumes,3356
deodorant,3355
blurred,3354
exemplary,3354
rejecting,3354
measles,3353
hearse,3353
hotline,3353
famished,3353
palate,3352
remainder,3352
gloat,3352
labored,3352
stimulation,3351
bonny,3350
Aron,3350
revelations,3349
Benito,3349
decorator,3349
saxophone,3347
berg,3347
childs,3347
gland,3347
Killian,3345
paging,3345
Saroyan,3345
ofthis,3345
lush,3345
dubious,3344
universes,3344
mondays,3344
Juno,3344
activation,3344
crossbow,3343
Belgrade,3343
imposter,3343
Armando,3343
purposely,3343
Hattie,3343
pastures,3342
enormously,3342
gladiators,3341
risotto,3341
Kincaid,3341
Shang,3341
variable,3341
Zhen,3340
Tandy,3339
Thorpe,3339
Hansel,3339
bouncy,3339
pioneers,3339
McNally,3339
maniacs,3339
integrated,3338
cones,3338
behaves,3338
sp,3338
candid,3337
plotted,3336
enrolled,3336
cloning,3336
laila,3335
ninjas,3335
remnants,3335
loops,3335
collapses,3334
brightly,3334
quail,3334
Momo,3334
bleeping,3333
analogy,3333
thermometer,3333
Kendrick,3333
mounting,3332
NZT,3331
oats,3331
newbie,3330
hellhole,3330
prodigal,3330
baa,3330
seventy-five,3330
waldorf,3330
attain,3330
Vulcans,3329
mundane,3329
uplink,3329
animated,3329
carotid,3329
Romano,3328
praises,3328
Janus,3328
Guatemala,3327
nephews,3327
hitter,3326
coordinator,3326
loch,3326
Westen,3326
evils,3326
characteristic,3325
nobleman,3325
Cyprus,3325
ascend,3325
enslaved,3324
cordon,3324
fatter,3324
dreaded,3324
citadel,3324
Toledo,3323
Winn,3322
heroism,3322
namely,3321
racetrack,3321
minors,3321
conceited,3321
eruption,3321
furs,3321
misled,3321
imam,3320
gauntlet,3320
Caprica,3319
torched,3319
medics,3319
corral,3319
medicinal,3319
histories,3318
resides,3318
inseparable,3318
narc,3318
sac,3317
dodged,3317
locally,3316
stepdad,3316
Khalid,3316
persecuted,3316
beetles,3316
scrapes,3315
latex,3315
astonished,3315
Octavia,3315
igt,3314
Lyman,3314
limitless,3314
replay,3313
sentiments,3312
conspicuous,3312
th-that,3312
variations,3312
pubic,3311
Eastwood,3311
guerrilla,3311
explicit,3310
stow,3310
compulsive,3310
ordinarily,3310
Myung,3309
defeating,3309
Connelly,3309
simmer,3309
unconditional,3308
veterinarian,3308
adjacent,3308
bestowed,3308
festivities,3307
orc,3307
chappie,3307
narrows,3306
heartfelt,3306
evade,3306
rampage,3306
Gilda,3306
advancement,3306
lashes,3306
indigestion,3305
launcher,3305
Conlon,3305
nutcase,3305
vegetation,3304
rejects,3304
Pompey,3303
provocation,3303
urging,3302
techs,3302
vibes,3302
Carole,3302
petting,3301
slicing,3301
ordinance,3301
riff,3301
telepathic,3301
enduring,3300
historically,3300
frivolous,3300
charisma,3300
qualifies,3300
serene,3299
Elmer,3299
progressing,3299
just-just,3298
elm,3296
Jean-Luc,3296
Cali,3296
doggone,3294
Kiev,3294
retrieval,3294
ifwe,3294
shiver,3292
high-profile,3292
ins,3292
grooming,3292
Ferengi,3292
Frenchy,3292
Lennie,3292
cheapest,3291
retract,3291
Bennie,3291
Pasadena,3291
Devereaux,3290
invoke,3290
Raleigh,3290
spotless,3289
dimes,3289
bel,3289
Tuco,3289
Castiel,3288
Frederic,3288
evacuating,3288
judo,3288
Messer,3288
outward,3288
crutches,3288
dia,3288
authorised,3288
emphasis,3288
asparagus,3288
ancestral,3287
gook,3287
Tania,3287
combing,3286
scarier,3286
Danes,3286
vests,3286
contemplate,3285
prudence,3285
exchanging,3285
stocked,3284
relating,3284
satanic,3284
jefe,3283
dink,3283
propeller,3283
cH00FF00,3283
prescriptions,3282
inventing,3282
exceeded,3282
kicker,3282
coon,3282
Clementine,3281
sur,3281
w-wait,3281
emissions,3280
bikers,3280
nucleus,3280
masquerade,3280
vou,3280
keel,3280
diverted,3279
Sheba,3279
nutrition,3278
restrained,3278
seriousness,3278
Letty,3278
collide,3277
rapists,3276
meek,3276
Hikaru,3275
Zod,3275
Elektra,3275
Skeeter,3275
blackouts,3275
distributor,3275
desserts,3275
lookie,3274
scourge,3274
Sakura,3274
Ellison,3272
downloading,3272
warped,3271
make-believe,3271
Tok'ra,3271
tier,3271
señora,3271
marin,3270
plateau,3270
Roderick,3269
colonists,3269
pe,3269
celery,3268
watcher,3267
bridegroom,3267
cams,3267
goner,3267
curator,3266
wrinkled,3266
perk,3266
Mathilde,3265
inserted,3265
suppliers,3265
conqueror,3265
latino,3264
Cherokee,3264
hoods,3264
Nestor,3263
processor,3263
cartels,3263
alderman,3263
massages,3263
Hewes,3263
exploits,3263
vaginal,3262
blueprint,3262
Fatima,3262
Salud,3260
yelping,3260
presiding,3260
chimps,3260
universities,3260
startling,3259
nightgown,3259
kinder,3259
sharpen,3259
collars,3259
pretext,3258
sash,3258
Archibald,3257
lp,3257
A-ha,3256
jerk-off,3256
Forman,3256
prying,3256
modifications,3256
Rashid,3256
savvy,3255
refreshments,3255
prima,3255
heirs,3255
herds,3254
tumors,3254
inhabited,3254
Kal-El,3253
Sita,3253
flips,3253
horizons,3253
ell,3253
addictive,3253
coloring,3252
massacred,3252
honours,3252
sit-down,3251
two-way,3250
reinforce,3250
Rapunzel,3249
whips,3249
unofficial,3249
qui,3249
exceed,3248
synchro,3248
knuckle,3248
embark,3248
humankind,3248
burp,3246
Seol,3246
cuter,3246
schooling,3246
degrading,3246
tickling,3246
hedgehog,3245
SG-1,3244
stairway,3244
Django,3243
shootout,3243
reconstruct,3243
reconnect,3243
McNamara,3243
self-righteous,3242
Yusuf,3242
Chae,3242
Nucky,3242
Bartholomew,3241
achieving,3241
Okinawa,3241
leviathan,3241
geological,3240
airway,3240
unaccounted,3240
Bohannon,3240
brooding,3240
spurs,3239
dona,3239
yarn,3238
hereditary,3238
cannibals,3237
celebrations,3237
bland,3237
dungeons,3237
reconciliation,3236
shrinks,3236
Dmitri,3235
sidelines,3235
Henrietta,3235
abode,3235
spec,3235
overslept,3235
betrothed,3234
Siu,3234
uncool,3234
patronize,3234
nachos,3233
danke,3233
banter,3232
hex,3232
Duval,3232
Adi,3231
l-l,3231
miraculously,3231
lotto,3229
lux,3229
airs,3229
penises,3229
soames,3229
Kei,3229
binary,3229
sibling,3229
juices,3229
lim,3228
fixes,3228
Carlotta,3228
canvass,3228
verde,3228
ammonia,3228
Kanan,3227
reside,3227
Garza,3226
theaters,3225
Drago,3225
falsely,3225
Bergman,3225
crumb,3225
Cecile,3224
Alamo,3224
garbled,3223
abduct,3223
hammers,3223
electron,3222
caterer,3222
diligence,3221
thinker,3221
variation,3221
everytime,3219
tourism,3219
involuntary,3218
A.D,3218
Priscilla,3218
esta,3217
commitments,3217
night-night,3216
vertebrae,3216
Yao,3216
coronary,3216
Robb,3216
aman,3216
dahlia,3216
Zhu,3216
internally,3215
Kingston,3215
ruddy,3215
disruption,3215
wholesome,3214
supporter,3214
Tintin,3214
twists,3213
quoted,3213
glorified,3213
dipping,3212
pew,3212
Hamish,3211
outlook,3211
pebble,3210
psychiatry,3210
indispensable,3210
Hardison,3210
Elisa,3210
fallin,3209
day-to-day,3209
shroud,3209
Topher,3208
Zion,3208
Croft,3208
migration,3207
Blackadder,3207
Barnett,3206
fueled,3205
Doolittle,3205
sellers,3205
vibrant,3205
septic,3205
subtitling,3204
daisies,3204
Presley,3203
polka,3203
Emilia,3203
memento,3202
Daedalus,3202
rainbows,3202
lookit,3202
chatty,3202
seismic,3201
generating,3201
cleric,3201
prized,3201
immensely,3200
Drummond,3200
unsuccessful,3200
ph,3200
manicure,3199
Aristotle,3199
sweety,3199
fickle,3198
dud,3198
extinguisher,3198
Kern,3197
provocative,3197
bad-ass,3197
fats,3196
diem,3196
Cardiff,3196
McGuire,3195
gauze,3195
attentive,3195
withheld,3194
barbershop,3194
stumbling,3194
rumored,3193
Chakotay,3193
casts,3193
colourful,3193
larceny,3192
presumptuous,3192
pathological,3191
anonymity,3190
Juarez,3190
magnets,3189
defeats,3188
raiding,3188
RJ,3187
ironing,3187
dunne,3187
porky,3187
relocate,3186
floorboards,3186
chases,3185
gadgets,3185
Markus,3184
unwind,3184
chandelier,3184
executions,3183
quitter,3183
bickering,3183
conn,3182
anarchist,3182
Yamamoto,3182
Moreau,3182
craven,3181
depraved,3181
sprout,3181
Geordi,3181
chitchat,3181
physicists,3180
beeper,3180
manila,3180
induced,3179
samba,3179
grammy,3179
mimic,3179
Kahn,3179
Dobby,3179
burr,3179
devastation,3179
Yee-haw,3179
drilled,3179
lieutenants,3178
commute,3178
nevermind,3178
when'd,3177
offerings,3177
shamed,3177
unlocks,3177
Hathaway,3176
perky,3176
hombre,3176
reproach,3176
Alexa,3176
deadbeat,3176
clocked,3176
malfunctioning,3175
Rochelle,3175
darhk,3174
Syracuse,3174
Livia,3174
desolate,3173
dwarfs,3173
compression,3173
defied,3173
banners,3172
brides,3172
Gyu,3172
safeguard,3171
Genevieve,3170
fluttering,3170
sparring,3170
Jor-El,3170
asteroids,3170
alloy,3169
resigning,3168
creamy,3168
lapse,3168
Unser,3168
docked,3167
renard,3167
Addy,3167
Africans,3167
Gonzales,3167
totem,3167
autopilot,3166
attire,3166
lifetimes,3166
aeroplane,3165
cheered,3165
SD-6,3165
Draco,3165
glare,3164
barging,3164
shawl,3163
seduction,3163
withhold,3163
Voss,3163
Moreno,3162
ambassadors,3162
jest,3162
unwise,3161
hustling,3161
entourage,3161
unattended,3161
detest,3161
locating,3160
all-out,3160
hes,3160
Wolfgang,3160
schoolboy,3160
foxtrot,3160
conjure,3160
Cavanaugh,3159
prepares,3159
therapeutic,3158
zeta,3157
isa,3157
rooted,3157
operators,3157
mutated,3156
ahjumma,3156
Lynne,3156
respecting,3155
elixir,3155
uncharted,3155
Captioned,3154
wharf,3154
revived,3154
Elif,3154
obsessing,3153
passionately,3153
Nia,3153
fest,3153
milking,3153
bewitched,3153
Lucie,3152
splashes,3152
shovels,3152
Montague,3151
Kuwait,3151
wholesale,3151
Poppins,3151
shotguns,3151
tiara,3151
financials,3150
slop,3149
unloaded,3148
Scanlon,3148
consistently,3148
don'tyou,3147
Gould,3147
scavenger,3146
Ieast,3146
3D,3146
compulsion,3146
laced,3146
lobos,3146
infidelity,3146
raffle,3145
condone,3145
ditto,3144
Himalayas,3144
boop,3144
rotating,3144
reformed,3143
nostalgic,3142
enquiry,3142
sickbay,3142
disoriented,3141
doubling,3141
J.P,3140
accommodations,3140
hearsay,3140
doctrine,3139
Downey,3139
armpit,3139
Buick,3139
margaritas,3138
waller,3138
pang,3138
calculation,3138
lupus,3138
stinger,3137
ver,3137
fam,3137
dividing,3137
misconduct,3137
tarts,3137
cardio,3137
hoshi,3136
Pyle,3135
conserve,3135
Lestrade,3135
whirl,3134
imposing,3134
slang,3134
wesen,3134
metabolism,3134
Aram,3133
influences,3133
Giulia,3133
nugget,3133
astronomers,3133
surrounds,3133
dialysis,3133
sayonara,3132
Xiang,3131
bipolar,3131
lira,3129
plunged,3128
freckles,3128
Arabian,3127
checkup,3127
fscx100,3127
Sosa,3126
Finnish,3125
fluff,3125
condescending,3125
C.O,3125
pia,3125
foo,3125
undetected,3124
tout,3124
complains,3124
hide-and-seek,3124
insurgents,3123
nab,3122
middleman,3122
concession,3122
revised,3122
bazooka,3122
sweats,3122
cosmetic,3121
Muller,3121
chameleon,3121
handcuff,3121
whence,3120
combinations,3120
G.I,3119
Kelsey,3119
realms,3119
Gustavo,3119
amor,3119
hysterically,3119
sloth,3119
contemplating,3118
snug,3118
bridesmaids,3118
cubicle,3118
pooped,3118
fished,3118
Kobayashi,3117
Kyoko,3116
clogged,3116
Clarissa,3116
inquest,3116
Emilie,3115
beige,3115
predictions,3115
ehh,3114
Wynn,3114
Mathis,3114
Rimmer,3114
inhaler,3113
caged,3113
six-pack,3112
auditioning,3112
ps,3112
sheltered,3112
banning,3112
deficit,3111
neutron,3110
Bertram,3110
jig,3110
abruptly,3110
cuddly,3109
heartbreaking,3109
Petrov,3109
complexity,3109
chink,3108
Ronon,3108
disapprove,3107
Rosita,3107
demolished,3107
Claudette,3106
Cate,3106
boutique,3106
teleport,3106
whirlwind,3105
attendants,3105
superpowers,3105
folds,3104
groves,3104
conquering,3104
brood,3104
Ives,3104
delinquent,3104
Bobbi,3104
tarp,3103
movers,3102
scrolls,3102
telepathy,3101
scrubs,3101
kerosene,3101
enzyme,3101
mami,3101
rushes,3101
Palestinian,3101
Bowen,3101
duff,3100
observant,3099
pretzels,3099
underdog,3099
Radcliffe,3098
orthodox,3098
Devi,3097
tallest,3097
pu,3097
hos,3097
adrift,3097
red-handed,3096
Neelix,3096
developer,3096
raced,3096
bleedin,3096
Sheffield,3095
man-made,3095
forefathers,3095
unanswered,3095
intending,3094
favored,3094
Templeton,3094
Kaylee,3094
Fredo,3094
nuggets,3093
O'Brian,3093
preserving,3093
Ignacio,3092
tutoring,3092
EMP,3092
evasion,3092
tingling,3090
Malaysia,3090
boca,3089
punctured,3089
ridiculously,3089
10-year-old,3089
editors,3089
dependable,3089
clinics,3088
Meeks,3088
homosexuality,3088
unh-unh,3087
yip,3087
shrewd,3087
Socrates,3087
sprouts,3086
Hubble,3086
faintest,3085
campsite,3085
occurring,3084
prosecuting,3084
refinery,3084
Beowulf,3084
seizing,3084
aorta,3082
noona,3082
dyin,3082
brittle,3082
deity,3082
ho-ho,3082
Fawlty,3081
proverb,3081
unbreakable,3080
thaw,3080
Luka,3080
calms,3079
insubordination,3079
14-year-old,3079
twenties,3079
Moretti,3079
yearn,3078
unavoidable,3078
chunky,3078
two-thirds,3077
nesting,3077
leaps,3077
scolded,3077
all-American,3076
scat,3076
Alden,3075
Toretto,3075
selective,3075
scrabble,3075
justification,3075
candlelight,3075
schnapps,3074
translates,3073
resurrected,3073
donating,3073
o-okay,3073
theres,3072
seagull,3072
consuming,3072
lawfully,3072
Keiko,3071
Davina,3071
scariest,3071
emery,3071
concur,3070
Darrell,3070
Nance,3070
heresy,3070
Shapiro,3070
profiling,3069
strangler,3069
Johannes,3069
springtime,3068
Zak,3068
sputters,3067
pressured,3066
moping,3066
banzai,3066
revival,3066
Sanjana,3065
touché,3065
Nim,3065
Chandra,3065
seasick,3064
obituary,3064
Johnston,3064
real-life,3064
MALORY,3064
Weller,3063
rah,3063
Brando,3063
trough,3062
plastered,3062
bubbly,3062
polluted,3062
Naruto,3061
corroborate,3061
epiphany,3061
tended,3060
chalice,3060
Langston,3060
orgasms,3060
mushy,3060
ridin,3059
Fifi,3059
Bela,3059
journeys,3059
Lannisters,3059
campaigns,3058
bowler,3058
briefs,3058
Tigger,3058
jolt,3057
counselors,3056
shrunk,3056
surreal,3056
dukes,3055
downing,3055
Claudio,3055
adopting,3055
bale,3055
wartime,3055
monsoon,3055
forsake,3055
demonstrations,3054
Jana,3054
Rao,3054
talkative,3053
entries,3053
Kabul,3053
pledges,3053
peeling,3053
clicked,3052
waitresses,3052
fscy100,3052
homeworld,3052
wring,3052
Jiro,3051
fricking,3051
problematic,3051
hyperdrive,3051
quartet,3051
buttercup,3050
beatings,3049
Plymouth,3049
commits,3049
toying,3049
mower,3048
birthright,3048
Louvre,3048
tuberculosis,3048
bloodthirsty,3048
Kel,3047
affliction,3047
hyena,3047
hither,3047
disks,3046
Boog,3046
hangman,3046
fleece,3046
mathematician,3045
melodramatic,3045
vat,3045
Candice,3045
undertake,3044
taxis,3044
shelton,3044
superiority,3044
wither,3043
Pancho,3043
Tian,3043
kickin,3043
windmill,3043
rustle,3043
cubic,3042
purchasing,3042
iPhone,3042
penetrating,3042
fanatics,3042
butchers,3041
Yemen,3041
favorable,3040
tumour,3040
alot,3040
Spaniard,3039
Mitsuko,3039
inning,3038
Dion,3038
Buford,3038
brooch,3038
Hartman,3037
alibis,3037
deactivated,3037
participants,3037
silo,3036
std,3036
hatter,3036
rollers,3036
NFL,3036
eviction,3036
thi,3036
plagued,3036
cloned,3035
plural,3035
vulnerability,3035
compounds,3035
nutrients,3035
off-line,3035
sweetly,3035
dials,3034
Ibrahim,3034
baby-sit,3034
vials,3034
motivate,3034
bureaucracy,3033
Xanax,3033
extending,3032
sneaked,3032
trivia,3032
teased,3032
Renault,3032
Madden,3032
calming,3031
civilised,3031
suh,3031
shudders,3031
frigid,3031
heightened,3031
NYU,3031
replacements,3030
attitudes,3030
dears,3030
playbook,3030
UFOs,3030
grit,3030
ani,3030
drags,3030
councillor,3029
I.A,3029
cloaking,3029
uber,3029
sensory,3028
bona,3028
cherie,3027
bachelorette,3027
Dempsey,3026
smother,3025
prune,3025
feces,3024
lore,3024
avail,3024
erect,3024
knowingly,3023
Kensington,3022
dormitory,3022
rapes,3022
deduction,3021
fail-safe,3021
sumo,3021
reproduction,3021
uncontrollable,3020
avenged,3020
kiddie,3020
conversing,3019
Calder,3019
aims,3019
pilates,3019
mccain,3018
double-cross,3018
arming,3018
She'II,3018
tinkle,3018
lineage,3017
synced,3017
forbids,3017
unlocking,3017
bonkers,3016
cartridge,3016
rainforest,3016
messengers,3015
stork,3015
ly,3015
pedestrian,3014
UCLA,3014
Yamato,3014
tock,3014
specializes,3014
Middleton,3013
fuck-up,3013
moths,3013
hardships,3013
crewman,3012
vaults,3012
ding-dong,3012
relativity,3011
foresee,3011
scab,3010
Fusco,3010
Dufresne,3010
stomachs,3010
luv,3010
unhappiness,3010
meanest,3009
pic,3009
stripe,3009
intimidation,3009
mas,3009
supervised,3008
portions,3008
discourage,3008
ceases,3008
immaculate,3008
geographic,3007
Parkinson,3007
keepin,3007
exploitation,3007
pied,3006
coordination,3006
blower,3006
mach,3006
Rhys,3006
taunting,3006
hispanic,3006
offenses,3005
surrendering,3004
Masha,3004
Lyra,3004
subversive,3003
lacerations,3003
Gyeon-woo,3003
impaired,3003
Canterbury,3003
sadist,3001
Howe,3001
snip,3001
unsettling,3000
Greenland,3000
firefighters,3000
gent,3000
devout,3000
selfie,2999
hollering,2999
Kurtz,2999
ordained,2998
stringer,2998
mints,2998
dossier,2998
Paulson,2998
eradicate,2997
roofs,2996
mucho,2996
biologist,2996
mugging,2996
minimize,2995
sexier,2995
lube,2995
annihilate,2994
sexiest,2994
moonshine,2994
vanguard,2993
Nicholson,2993
Iggy,2993
h-how,2992
archaeologist,2992
fm,2992
housework,2992
FAA,2992
Cayman,2991
daycare,2991
Okey-dokey,2990
summertime,2990
Rutledge,2989
gulls,2989
kitchens,2989
sorcery,2989
salesmen,2989
Lutz,2989
good-for-nothing,2989
leper,2989
luz,2989
Hani,2988
beaming,2987
kimchi,2987
cadaver,2986
cavalier,2986
granddaddy,2986
nicknames,2986
never-ending,2985
genome,2985
manifesto,2985
sphinx,2984
Decepticons,2984
Merrill,2984
guitars,2984
shui,2984
defining,2983
parry,2983
decrease,2983
hives,2983
mocked,2983
Nigeria,2982
teammate,2982
Parkman,2982
Bonsoir,2981
positioned,2981
roadside,2981
middle-class,2981
hepatitis,2980
wholly,2980
standin,2980
popsicle,2980
marches,2979
mistletoe,2979
databases,2979
prognosis,2979
visas,2979
bony,2979
proceeded,2978
logging,2978
dries,2977
subsequent,2977
fused,2977
illicit,2977
impending,2977
reckoned,2976
taels,2976
nigh,2975
retained,2975
yap,2975
zeros,2974
Guo,2974
halves,2974
Jennie,2974
alchemy,2974
nurture,2974
mapping,2973
Miyagi,2972
Starsky,2972
threes,2972
occurrence,2972
barricades,2971
strangling,2970
Bernice,2970
0k,2970
Blackwood,2970
Watergate,2970
hijacking,2969
Bashir,2969
sharper,2969
armada,2969
Rhea,2968
roaches,2968
C.T,2968
robotics,2968
rigor,2966
puzzled,2966
slurps,2965
ravishing,2965
ozone,2964
cycling,2964
ranked,2964
divulge,2964
highways,2963
dictates,2963
Brigitte,2962
novice,2962
slots,2962
pansy,2962
embryo,2962
maman,2961
finesse,2961
width,2961
slid,2961
executing,2961
Santino,2961
pats,2961
factions,2960
Branson,2960
biased,2960
Lindbergh,2959
lingering,2959
britches,2959
architects,2958
alleys,2958
optimist,2958
gowns,2958
disrupted,2958
tantrum,2957
holographic,2957
fullest,2956
premeditated,2956
Rolf,2956
flutter,2955
Artemis,2955
impolite,2955
Barksdale,2955
foolproof,2954
yapping,2954
realization,2954
kimi,2954
independently,2953
cath,2953
bluebird,2953
composite,2953
Meryl,2953
dispense,2953
toki,2953
Bristow,2953
Lyndsey,2952
low-level,2952
ge,2952
Georg,2951
upstanding,2951
fetching,2951
lobsters,2951
arkham,2951
Cabot,2951
pacing,2950
ingenuity,2950
dizziness,2950
annex,2950
Wilkinson,2950
sory,2949
Geller,2949
nailing,2949
daffy,2949
imaginable,2948
depleted,2948
Samuels,2948
trippin,2948
Augie,2947
Daria,2947
Sumner,2947
saffron,2947
plump,2947
foes,2946
godless,2946
Luce,2946
birthplace,2946
prenup,2946
peralta,2946
reciting,2946
eulogy,2945
vinyl,2945
kryptonian,2945
busts,2944
bord0,2944
Irishman,2944
Alrighty,2944
negatives,2943
Broyles,2943
chou,2943
crunchy,2942
gunny,2942
vocation,2941
Assad,2940
tut,2940
elvish,2939
Anson,2939
tremendously,2939
Apophis,2939
insistent,2939
throbbing,2939
rapids,2939
locomotive,2939
world-famous,2938
Bora,2937
projecting,2937
appliances,2937
debriefing,2937
logistics,2936
flex,2936
cabinets,2936
fundamentally,2935
worst-case,2935
Frida,2935
delights,2935
crept,2935
Corbett,2935
Rudi,2935
categories,2935
gills,2935
fascism,2934
limping,2934
full-scale,2934
woulda,2933
truffles,2933
supervising,2933
I.V,2933
Elwood,2932
bling,2932
brewer,2932
Anwar,2932
Bosch,2932
lesions,2931
Brit,2931
prejudiced,2931
uphill,2931
diablo,2931
smoky,2931
oye,2931
Hobson,2930
Chiana,2930
millennia,2929
purchases,2929
exclude,2929
dislocated,2929
routines,2929
moat,2928
unclean,2928
oblivious,2927
nests,2927
y-you're,2926
tangible,2926
Macau,2926
Seine,2926
Chao,2926
Neanderthals,2925
Yeung,2925
uni,2924
counties,2924
twos,2924
mulligan,2923
Iittle,2923
SOS,2922
firefly,2922
prompt,2922
mats,2921
Tubbs,2920
articulate,2920
up-tempo,2920
koo,2920
iPad,2920
shipyard,2920
Lassiter,2920
spud,2920
passwords,2919
mittens,2919
McCabe,2919
tract,2918
self-control,2918
Tamil,2918
submerged,2918
sorceress,2917
O'Donnell,2917
Valentin,2917
devoured,2917
Tehran,2917
squawk,2917
cabal,2917
º,2917
welcomes,2916
Arlington,2916
high-level,2915
blazes,2915
pliers,2915
logically,2915
drive-by,2915
repel,2915
year-old,2914
coarse,2914
ducts,2914
bellowing,2914
remembrance,2914
termites,2913
Skype,2913
hypocritical,2913
dodo,2913
gambled,2912
Francie,2912
ta-ta,2912
minefield,2911
Zhaan,2911
tic,2911
clergy,2910
borough,2910
sinus,2910
strolling,2910
generously,2909
PTA,2909
smeared,2909
shocker,2909
alligators,2908
soothe,2908
sunbae,2908
furnished,2907
litigation,2907
thrills,2907
Ennis,2906
nitro,2905
goalie,2905
chaser,2904
Krieger,2904
exodus,2904
u-turn,2903
objectives,2903
poaching,2903
tolerant,2903
lawman,2903
hefty,2902
emir,2902
cuss,2902
salaries,2902
publicist,2902
headset,2902
judgments,2902
Tobin,2901
Tibetan,2901
Hawkes,2901
Aki,2901
smelt,2900
clandestine,2900
Apaches,2900
hibernation,2900
ergo,2900
cultivate,2900
pulses,2900
fines,2900
stinkin,2899
hatches,2899
señorita,2899
Whitmore,2899
redirect,2898
bayonet,2898
hurried,2898
Starr,2898
parvati,2898
Brianna,2898
Xev,2897
Shekhar,2897
harboring,2897
accents,2897
reckons,2896
breeds,2896
rearrange,2896
fingernail,2896
polio,2896
messin,2896
neighboring,2895
Wexler,2895
stampede,2894
warms,2894
unattractive,2894
Koran,2894
twenty-six,2894
Moloch,2894
Cardassians,2893
hailed,2893
almonds,2892
toasted,2892
spores,2892
ventilator,2891
cauldron,2891
potions,2891
toenails,2891
Ito,2890
holodeck,2890
crucifix,2889
cavern,2889
butI,2889
digestive,2889
Chiang,2889
coding,2888
Zedd,2888
riled,2888
rigging,2888
Donatello,2887
bins,2887
Lyons,2887
widen,2887
albino,2887
scoffing,2886
Ulrich,2886
Irv,2885
ghostly,2885
regeneration,2885
electrons,2884
chivalry,2884
Bragg,2884
twenty-seven,2884
Hyeon,2883
handbook,2883
nav,2883
Odette,2883
Olympia,2883
warbling,2883
glock,2883
hierarchy,2882
Isaiah,2882
pamphlet,2882
nooo,2882
nitrate,2882
bookies,2881
pheasant,2881
Treadstone,2881
hells,2881
clothed,2881
stricken,2881
paved,2881
blazer,2881
bri,2880
char,2880
cleansed,2880
Dawes,2879
interstellar,2879
compliance,2879
Alcatraz,2879
holdin,2878
Guinevere,2878
dow,2878
tensions,2877
neutralized,2877
recruitment,2877
smudge,2877
Lolita,2876
Aston,2876
extermination,2876
persist,2876
arraignment,2876
Rutherford,2876
Adelaide,2876
guerrillas,2875
gloss,2875
diplomats,2875
interpreted,2874
fins,2874
Bugsy,2874
Elly,2873
Ortega,2873
iceman,2873
impartial,2873
charismatic,2873
Guillermo,2873
intricate,2872
thereafter,2872
thrashing,2872
louse,2872
smartass,2872
Yaah,2872
destroyers,2872
unlawful,2871
Lexx,2871
aftermath,2871
denounce,2871
lavatory,2870
picturing,2870
ive,2870
timely,2870
Smithers,2870
Daley,2870
sectors,2869
cushions,2869
appetizer,2869
chevron,2869
Comanche,2869
in-house,2869
Gonzalo,2868
Katz,2868
Punjab,2867
punishable,2867
break-up,2867
fruity,2867
diverse,2866
silencer,2866
reeling,2866
toxicology,2866
Jessup,2866
follower,2865
Clifton,2865
stems,2864
lodging,2864
Melly,2864
firecracker,2864
assumes,2863
ther,2863
scorn,2863
hurrying,2863
playtime,2863
braver,2863
Blu,2862
Turin,2862
coos,2862
expo,2862
Navid,2862
three-way,2862
invoice,2862
built-in,2862
Spector,2861
sealing,2861
staple,2861
seams,2860
Persia,2860
endangering,2859
brewery,2859
unchanged,2859
stout,2858
dusted,2857
Bajoran,2857
anonymously,2857
omelette,2857
plastics,2857
campers,2857
molecule,2856
gangsta,2856
probes,2854
deo,2854
descriptions,2854
remake,2853
loophole,2853
imaginative,2853
screw-up,2852
purcell,2852
raisin,2851
nirvana,2850
slingshot,2850
hydraulic,2850
Aviv,2850
hots,2850
mannequin,2850
courteous,2849
pestilence,2849
umbilical,2849
compressed,2848
Pacino,2848
BJ,2848
Roslin,2848
Reza,2848
sneezing,2848
loyalties,2848
topped,2847
resilient,2847
Roc,2847
Urgh,2847
Vickie,2847
Nazareth,2847
pap,2847
Antoinette,2846
Coca-Cola,2846
Fresno,2845
Gordy,2845
that's-that,2845
entertainer,2844
qaeda,2844
mongrel,2844
decapitated,2843
y-yes,2843
crossfire,2843
Vee,2843
monumental,2843
Dillinger,2843
replicator,2842
programmer,2842
gigolo,2842
Spaniards,2842
savor,2841
reverence,2841
push-ups,2840
slaying,2840
reroute,2840
deluded,2840
superpower,2840
straight-up,2840
Maynard,2840
od,2840
tum,2839
berth,2839
hodge,2839
Connolly,2839
granting,2839
harshly,2838
Uther,2838
relapse,2837
authenticity,2837
insights,2837
recognizing,2837
subbing,2837
Tino,2837
thoughtless,2837
rapture,2837
taboo,2837
publishers,2836
jodi,2836
recycle,2836
indisposed,2835
farted,2835
doctorate,2835
Skylar,2835
tickled,2834
malpractice,2834
six-year-old,2834
astronomical,2834
dui,2834
bene,2834
unpacking,2834
sprint,2833
warehouses,2833
Sony,2833
discard,2833
Geiger,2833
Yugoslavia,2833
vary,2832
spout,2832
featured,2832
delaying,2832
proteins,2832
unofficially,2832
regrettable,2831
evenly,2831
Westminster,2831
Constantinople,2831
wildfire,2831
Pippi,2830
fiesta,2830
gazette,2830
ascertain,2829
pebbles,2829
deadliest,2829
diaphragm,2828
Aquarius,2828
Orpheus,2828
opal,2828
preschool,2827
gonzo,2827
laird,2827
Tatum,2827
Cosette,2827
choo,2827
poised,2827
Valhalla,2826
dumbo,2826
MPs,2826
pardoned,2826
retreated,2826
Mads,2826
climbs,2826
Milhouse,2825
jacking,2825
lard,2825
hunchback,2825
grandeur,2825
scallops,2824
plankton,2824
talon,2824
harming,2824
squish,2823
aesthetic,2823
homies,2823
swans,2822
googled,2822
flunked,2821
vengeful,2821
pelican,2821
hep,2821
shard,2820
emerges,2820
jailed,2820
readiness,2820
Oslo,2819
fraulein,2819
fuses,2819
Toyota,2819
B.C,2819
pestering,2818
rein,2818
Dougal,2817
olly,2817
dumpling,2817
exhibits,2817
hazy,2816
ugliest,2816
arithmetic,2816
overtake,2816
terrors,2816
galloping,2816
crutch,2816
Rourke,2815
Kieran,2814
sugars,2814
grudges,2814
siamese,2814
militant,2813
semi,2813
dusting,2812
telemetry,2811
clerks,2811
Minneapolis,2811
Marek,2811
reflecting,2811
Annika,2811
Carlyle,2810
whooshes,2810
interim,2810
Shik,2810
avenger,2810
toddler,2809
coordinating,2809
chickenshit,2809
Neha,2809
healthcare,2809
sedate,2809
Horne,2809
Harald,2809
stoner,2808
arouse,2808
klan,2808
malignant,2808
generic,2808
Therese,2808
inconclusive,2807
fryer,2807
vascular,2807
blackberry,2807
backgrounds,2807
Ponyo,2807
implicate,2806
caved,2806
pawns,2806
Lahey,2806
carp,2806
selfishness,2806
beneficiary,2805
cylinders,2805
aspirations,2805
Leung,2805
Chong,2805
peppermint,2804
Arden,2804
lithium,2804
Dooley,2803
Clancy,2803
CANDIS,2803
self-defence,2803
Blanchard,2803
decode,2803
guise,2802
oily,2802
truffle,2802
beards,2801
McLaren,2801
relied,2801
Yung,2801
huff,2801
Lamont,2800
caper,2800
financed,2800
binds,2799
Nola,2799
purring,2799
tricking,2799
chrome,2798
ornament,2797
hillside,2797
appetizers,2797
frobisher,2797
mobilize,2797
turnip,2797
analysts,2796
bard,2796
Lourdes,2796
parson,2796
quarantined,2796
petroleum,2795
physicians,2795
Frieda,2795
intimately,2795
heterosexual,2795
courtesan,2795
airstrip,2795
EMT,2794
Minbari,2794
align,2794
issuing,2794
li'l,2793
beamed,2793
Cubans,2793
highlands,2792
13-year-old,2792
Cannes,2792
derived,2791
riddled,2791
paired,2791
pristine,2791
Kashmir,2791
untold,2790
misdemeanor,2790
Epstein,2790
resurrect,2790
Kommandant,2790
overturned,2789
navarro,2789
chop-chop,2789
Edwina,2789
1950s,2789
innovative,2789
Xbox,2789
oaf,2789
reunite,2788
defects,2788
consistency,2788
Woodrow,2787
Misa,2787
exceedingly,2787
Berman,2787
smacking,2786
premonition,2785
Gim,2785
flier,2785
soiled,2785
governed,2785
Bertrand,2785
seductive,2784
jester,2784
facilitate,2784
gnome,2784
Nik,2784
tabloid,2784
fifty-fifty,2783
roe,2783
loon,2783
integration,2783
doo-doo,2783
Bonaparte,2783
frisky,2783
openings,2782
stead,2782
drive-in,2782
founders,2782
shoelaces,2782
freshmen,2781
predicting,2781
D-Day,2781
Lev,2780
Ackerman,2780
sheesh,2780
Valkyrie,2780
fainting,2779
templar,2779
necessities,2778
unplug,2778
frosting,2778
Roark,2778
bebe,2778
pediatrician,2778
shucks,2777
dunes,2777
Jabba,2777
levine,2777
lurch,2777
Hyo,2776
Cady,2776
shone,2776
Juliana,2775
nominate,2775
Thad,2775
soundtrack,2775
chipper,2774
what's-his-name,2774
insinuating,2774
impertinent,2774
canton,2774
first-rate,2773
twitching,2773
sora,2773
chirp,2773
contender,2772
Kimura,2772
Ahab,2772
Kiera,2772
Lanie,2772
rundown,2772
overkill,2771
Guan,2771
Stefano,2771
Capri,2771
Shinji,2770
pedestal,2770
eels,2770
gulp,2769
sculptor,2769
Musashi,2769
rancho,2769
hula,2768
druid,2768
Marino,2768
perilous,2768
Lupe,2767
robust,2767
gravely,2767
combustion,2767
buoy,2767
calculator,2767
dinnertime,2766
fantasize,2766
napping,2766
Ozzie,2765
shipwreck,2765
gazelle,2765
Savitar,2765
Harker,2764
coo,2764
HPD,2764
afflicted,2764
nacho,2764
relocated,2764
clutches,2763
thyself,2763
sci-fi,2763
lobo,2763
sequences,2763
willingness,2763
browns,2762
chemotherapy,2762
Deirdre,2761
aqua,2761
ronin,2761
satchel,2761
governors,2760
rosewood,2760
disarmed,2759
heretic,2759
etcetera,2759
alliances,2759
Aditya,2758
liner,2758
supernova,2758
exorcist,2757
nutshell,2757
panty,2757
Frye,2757
boycott,2756
Opie,2756
Kolya,2756
probie,2756
technicality,2756
carriages,2756
conservatory,2756
jazzy,2756
provoking,2755
sicker,2755
Hasan,2755
boo-boo,2755
disguises,2755
five-year,2754
Jehovah,2754
Rothstein,2754
tanning,2754
altercation,2754
outburst,2753
audacity,2753
shorten,2753
Bosco,2753
rubles,2753
Renata,2752
hushed,2752
Iolaus,2752
axes,2752
thundering,2752
choreography,2752
boardwalk,2751
relies,2751
heiress,2751
piracy,2750
Hodor,2750
Milos,2750
snout,2750
tubby,2750
Jafar,2749
premise,2749
tampon,2748
Yumi,2748
newer,2748
yanked,2748
Addams,2748
revered,2748
Fleischman,2747
eminent,2747
nibble,2746
tragedies,2746
supplemental,2746
blowout,2746
firehouse,2746
Remus,2746
rattlesnake,2746
Karim,2745
brazen,2745
grownups,2745
archaeologists,2745
booker,2745
lacy,2745
botched,2745
overflowing,2745
uproar,2744
Gregg,2744
McCann,2744
radiology,2744
Deena,2743
charred,2743
micro,2743
anointed,2743
renovation,2743
regretting,2742
installing,2742
breakin,2742
ducking,2742
harvesting,2742
comets,2742
germ,2742
Strickland,2741
mer,2741
senorita,2741
prowl,2741
walkie,2741
duffel,2741
vigil,2741
reopened,2741
pusher,2741
kennel,2740
veto,2740
nai,2740
admittedly,2739
merrier,2739
arose,2739
strangulation,2739
creations,2739
chants,2739
bonuses,2738
yawn,2738
wanders,2738
pixie,2737
temperament,2737
gynecologist,2737
Ganga,2736
crammed,2736
overhear,2736
incarceration,2736
eggplant,2736
bedding,2736
topics,2735
Phlox,2734
dal,2734
comma,2734
superhuman,2733
salads,2733
prophecies,2733
Babs,2732
Carlito,2732
betrays,2732
waive,2731
wrapper,2731
fawn,2731
niner,2731
seminary,2730
radicals,2730
shimmy,2730
mori,2729
menopause,2729
FDR,2729
aggressively,2729
refreshment,2729
liftoff,2728
yippee,2728
Tiberius,2728
clarinet,2728
Gilly,2727
breakers,2727
os,2727
injecting,2727
Uhura,2727
Noriko,2727
tampons,2727
curing,2727
idols,2727
Baptiste,2727
Nietzsche,2726
antibodies,2725
Nathalie,2725
vices,2725
smothered,2725
settlements,2725
sodas,2725
ah-ah,2725
double-crossed,2724
Stryker,2724
foretold,2724
kindest,2724
dole,2724
fiercely,2724
bloc,2723
hyenas,2723
chucked,2722
barrister,2722
licenses,2722
alms,2722
darned,2721
storing,2721
Inez,2721
warm-up,2721
barons,2721
dredge,2721
crowder,2721
altering,2721
lothbrok,2721
attackers,2721
Alana,2720
blisters,2720
Ahsoka,2720
Drax,2719
weaving,2719
captions,2719
bribing,2719
Shiro,2719
unpunished,2719
mime,2718
Parisian,2718
mais,2718
ahhhh,2718
spineless,2718
hallways,2717
stoked,2717
exaggeration,2717
Goldstein,2717
revere,2717
chem,2716
chardonnay,2716
trucker,2716
arsonist,2716
contributing,2715
excel,2715
smitten,2715
Feldman,2715
baylor,2715
striped,2714
intervened,2714
surfaces,2714
Peking,2713
intervals,2713
sermons,2713
hybrids,2712
crybaby,2712
excruciating,2712
barter,2712
thirty-two,2712
O'Reilly,2712
prospective,2711
understudy,2711
Bradshaw,2711
pears,2711
mapped,2710
lol,2709
parched,2709
Libya,2709
gothic,2709
dysfunctional,2709
architectural,2709
but-but,2709
transports,2708
scarface,2708
lofty,2708
stationary,2708
adversity,2708
beka,2708
gable,2708
hernia,2707
kebab,2707
Crocker,2707
spills,2706
vibrate,2706
compromises,2706
Vivien,2706
musket,2706
intellectuals,2706
petite,2706
suspecting,2706
hard-core,2705
jokers,2705
recurring,2705
chowder,2705
Gucci,2705
Quebec,2704
archangel,2704
clamps,2704
plating,2704
lifesaver,2704
tailed,2704
Lund,2704
contend,2704
psychiatrists,2703
Audi,2703
gulliver,2703
trespasses,2703
Maru,2702
run-in,2702
christening,2701
pointers,2701
swirling,2700
Gardiner,2700
Jimi,2700
nos,2699
confine,2699
scorpions,2699
icebox,2698
braid,2698
swims,2698
raccoons,2697
elastic,2697
JB,2696
aliases,2696
injunction,2696
petit,2696
immortals,2696
observers,2696
Ethiopia,2696
ein,2695
caws,2695
Barkley,2694
blob,2694
purest,2694
t-minus,2694
epilepsy,2693
cabins,2693
transforming,2693
clippings,2693
Morgana,2693
Clair,2692
Brice,2691
accountants,2691
checkpoints,2691
Massey,2691
Keenan,2691
PTSD,2690
Bligh,2690
maintains,2690
grasping,2690
lordy,2690
landslide,2689
kingpin,2689
Excalibur,2689
hypocrites,2688
TB,2688
Shing,2688
disturbances,2688
Largo,2688
undeniable,2688
Cavendish,2687
antichrist,2687
interval,2687
critters,2687
snare,2687
Bulgarian,2687
J.T,2687
Keats,2686
furthest,2686
secluded,2686
wiedersehen,2686
mattresses,2685
nocturnal,2685
Rayburn,2685
fateful,2685
Trenton,2684
atop,2684
hisself,2684
mangy,2684
dangle,2684
self-conscious,2683
vanquished,2683
poachers,2683
mascara,2683
accompanying,2683
skim,2683
recreational,2683
fortified,2683
insatiable,2682
unconventional,2682
skater,2682
incest,2681
determines,2681
absolution,2681
Astor,2681
subdue,2681
dopey,2681
Rosario,2681
cocksuckers,2680
notjust,2680
donkeys,2680
mata,2679
post-op,2679
standpoint,2679
sentries,2679
tagging,2679
envied,2679
warts,2678
gazing,2678
deprivation,2677
Aquaman,2677
choo-choo,2677
dehydration,2677
Trask,2676
balm,2676
double-check,2676
hippy,2676
encyclopedia,2676
Guinness,2675
liberating,2675
Jessi,2674
putz,2674
ditching,2673
palaces,2673
perch,2673
communal,2673
sandstorm,2672
candies,2672
trusty,2672
Christa,2672
horrendous,2672
moors,2672
Biggs,2672
appealed,2671
comp,2670
femur,2670
huntington,2670
burnin,2669
jammer,2669
quince,2669
pining,2669
forwarding,2669
lui,2669
intergalactic,2669
lolly,2669
pac,2668
tamed,2668
gunfight,2668
Kimball,2668
Santi,2667
recycled,2667
timeless,2666
Falco,2666
small-town,2666
wop,2666
reproductive,2665
handiwork,2665
vipers,2665
Paine,2665
intoxicating,2664
appalled,2664
unrealistic,2664
pertinent,2664
brainiac,2664
humanoid,2663
tropics,2663
Fogg,2663
dashboard,2663
vane,2662
spectacles,2662
hooligans,2662
rendering,2661
catacombs,2661
nominee,2661
BS,2661
coastline,2660
spunk,2660
disorderly,2660
communicator,2660
geologist,2660
shivers,2660
hock,2660
Antwon,2659
bitty,2659
quicksand,2658
exes,2658
Baratheon,2658
Maj,2658
intoxication,2658
reggae,2658
renewal,2658
Malhotra,2657
rai,2657
sic,2656
hem,2656
hairstyle,2656
Snape,2656
minion,2656
Hirsch,2656
zing,2656
grrr,2655
Sheng,2655
Perseus,2655
wren,2655
Syrian,2655
spilt,2655
enraged,2655
lm,2655
incurable,2655
cryptic,2654
strayed,2654
Haru,2654
soles,2654
prevention,2654
Yoshida,2653
mischievous,2653
courtship,2653
confessional,2653
vacancy,2653
disgruntled,2653
Olson,2653
Reece,2652
limestone,2652
chore,2652
baby-sitter,2652
Taub,2651
moto,2651
dowager,2651
open-minded,2651
napalm,2651
isles,2651
thriller,2651
nabbed,2650
regal,2650
20-year-old,2650
eloped,2650
CSU,2648
enlarged,2648
stylist,2648
mono,2648
Williamson,2648
cloaked,2647
gab,2647
frisk,2647
peacekeepers,2647
overloaded,2646
dar,2646
requiring,2646
Claudius,2645
Clemens,2645
bronco,2645
Dooku,2645
Talyn,2645
Conroy,2645
rigorous,2645
Charly,2645
muppet,2645
glades,2645
Athos,2644
weld,2644
breathless,2644
auld,2644
Sao,2643
fragrant,2643
seasonal,2643
umpire,2643
bowing,2643
pai,2642
metaphors,2642
cheeseburgers,2642
you-know-who,2642
deceitful,2642
revisit,2641
meditating,2641
neanderthal,2641
det,2641
Diggle,2641
prosthetic,2641
commandment,2641
slender,2641
adalind,2641
storming,2641
Torchwood,2641
extremes,2641
supplement,2640
shakin,2640
soggy,2640
sprinkles,2640
Matheson,2639
canning,2639
yourjob,2639
Stafford,2639
storybrooke,2638
concerto,2638
grumbles,2638
cliche,2637
twit,2637
flashback,2637
particulars,2637
silky,2636
mocha,2635
pastries,2635
uglier,2635
wearin,2635
C.I,2635
Ritter,2634
synagogue,2634
Warrick,2634
crowning,2634
liter,2634
Monet,2634
snows,2633
lala,2633
Mahal,2633
Romulans,2633
sanction,2632
nix,2632
Gloucester,2631
maester,2631
cheques,2631
quickie,2631
fatalities,2630
hanger,2630
Remington,2629
César,2629
manufacturers,2628
shielding,2628
deficiency,2628
fetal,2628
flamingo,2628
righto,2628
Jens,2628
minx,2628
shears,2628
yeast,2628
transvestite,2627
partisans,2627
curved,2626
intestine,2625
Waverly,2625
Netherlands,2624
hacks,2624
Franck,2624
divorcing,2624
rosary,2624
applicants,2624
pee-pee,2624
playback,2624
ld,2623
self-centered,2623
differential,2623
promoter,2623
waxed,2623
Aimee,2622
hellfire,2622
weirdos,2622
fulcrum,2622
researched,2622
Mathieu,2622
sunflower,2622
grips,2621
arrivals,2621
right-handed,2621
tracer,2621
conferences,2620
Cristo,2620
piccolo,2620
felonies,2620
dem,2620
twigs,2620
penalties,2620
Munro,2620
blooms,2619
shedding,2619
forcibly,2619
hospice,2619
Barack,2618
lear,2618
sculptures,2618
dysfunction,2618
Jean-Pierre,2618
smalls,2617
trapper,2617
Asano,2617
trickster,2616
welch,2616
wisest,2616
defuse,2616
oar,2616
anticipating,2616
Deunan,2615
projectile,2615
burdens,2615
ade,2615
Herod,2615
albatross,2615
Thakur,2615
ladders,2614
philosophers,2614
affordable,2614
vantage,2614
juli,2614
surgically,2614
alaikum,2614
cater,2614
chlorine,2613
Grantham,2613
tether,2613
ambient,2613
occupying,2613
cabo,2613
haνe,2613
keyhole,2613
Chopin,2612
teapot,2612
co-worker,2612
LeapinLar,2612
stuck-up,2612
ruff,2612
Meng,2612
oils,2612
vendors,2611
sledge,2611
sarcophagus,2611
curriculum,2611
circulating,2611
criticizing,2610
fiscal,2610
aspire,2609
Spartans,2609
Regis,2609
tetanus,2609
itjust,2608
Lehman,2608
fuels,2608
compensated,2607
snuggle,2607
three-day,2607
Valencia,2607
P.I,2607
raider,2607
commandos,2606
indulgence,2606
shank,2605
Gretel,2605
Gabriella,2604
graphics,2604
clouded,2604
fittest,2604
rubs,2604
larvae,2603
nodes,2603
aborted,2603
maw,2603
vamp,2602
Juni,2602
Calhoun,2601
feller,2601
nothingness,2601
ems,2600
dune,2600
licorice,2600
impure,2600
rampant,2600
avocado,2599
Jemma,2599
swamps,2599
ecosystem,2599
Arkady,2599
disloyal,2598
farrow,2598
scrapbook,2598
provisional,2598
Tupac,2597
infested,2597
bogart,2597
mortified,2597
orchestrated,2597
pitches,2596
baffled,2595
wreath,2595
warships,2595
switchboard,2595
Myron,2595
abundant,2595
goanna,2595
tabloids,2594
bicycles,2594
daddies,2594
stuntman,2593
Keane,2593
Bajor,2593
ugliness,2593
Federico,2593
cannabis,2593
clippers,2593
sunscreen,2592
cartridges,2592
mistrial,2592
withdrawing,2592
Newcastle,2591
waiver,2591
performs,2591
Brodie,2591
triads,2590
garde,2589
Aslan,2589
locator,2588
respiration,2588
navigational,2588
tulips,2588
Indies,2588
treasurer,2588
checkout,2588
wank,2588
Eldridge,2588
pulsing,2587
duped,2587
Gru,2587
Gertie,2586
downstream,2586
mousse,2586
mod,2586
chestnuts,2586
Wharton,2586
mishap,2586
Rajiv,2586
experimented,2585
springer,2585
jeering,2585
indicator,2585
nook,2585
diagnose,2584
sanctity,2583
Redmond,2583
huts,2583
willpower,2583
glimmer,2582
readily,2582
census,2582
HBO,2582
licks,2581
geology,2581
Calais,2581
proprietor,2581
crick,2581
swain,2580
Stockton,2579
emphasize,2579
psychopaths,2579
tusk,2579
mortars,2579
eight-year-old,2578
autobiography,2578
corpsman,2578
stressing,2578
reversal,2578
ght,2578
textbooks,2578
Haines,2577
vida,2577
elevation,2577
unhand,2576
deem,2576
latrine,2576
obstructing,2575
Melman,2575
starry,2575
Leningrad,2574
distrust,2574
Odie,2574
Fontaine,2574
dipper,2574
optic,2574
ordnance,2573
Zeb,2573
Bern,2573
Antarctic,2573
hydraulics,2573
s'il,2573
Heinz,2573
grazing,2573
blatant,2573
folklore,2572
muff,2572
fai,2572
purify,2572
Clooney,2572
Masterson,2572
groupie,2572
Lavon,2571
polling,2571
seducing,2571
Qiu,2571
poached,2570
Mun,2570
surfaced,2570
Milt,2570
diagnostics,2569
safekeeping,2569
Celtic,2569
subsequently,2568
irritable,2568
staking,2568
crazies,2568
java,2567
hilly,2567
margins,2566
corvette,2566
passageway,2565
chevalier,2565
Tannen,2565
butthole,2565
divinity,2565
Rambaldi,2565
untied,2565
overcoat,2564
Tetsuo,2564
confer,2564
fairest,2564
ofthem,2564
Gant,2564
Suri,2564
replies,2564
merry-go-round,2564
rhythmically,2563
configuration,2563
sixes,2563
comforted,2563
Narnia,2562
conventions,2562
unpopular,2562
slew,2562
rem,2562
Leonidas,2562
Sanford,2562
tarot,2562
Barr,2561
ticklish,2561
high-ranking,2561
juggle,2561
injun,2560
diminish,2560
tidings,2559
partake,2559
jailhouse,2559
stitching,2559
trident,2559
crackhead,2558
Nazir,2558
prolong,2558
travellers,2556
inauguration,2556
Yeo,2556
GED,2555
tenor,2555
drowns,2555
chipping,2555
crusader,2555
awaited,2554
tasked,2554
ht,2554
Heathrow,2554
Landon,2554
crikey,2554
Sulley,2553
inflammation,2553
gathers,2553
smashes,2552
Yorkers,2552
ottoman,2552
remission,2552
Madagascar,2551
Goro,2551
skippy,2551
Lazlo,2550
uploading,2550
forwarded,2550
Jie,2550
Pilate,2550
twenty-eight,2550
simulate,2549
circulate,2549
ove,2548
kindred,2548
ideally,2548
ballast,2547
w-we,2547
dragonfly,2547
exterminator,2546
baht,2546
lastly,2546
housed,2545
Peng,2545
Scorpius,2545
disrupting,2545
Katarina,2544
jugular,2544
Midge,2544
Trisha,2544
Roswell,2544
vapor,2543
consequently,2543
alcoholics,2543
sleepin,2543
abandonment,2543
blending,2543
spontaneously,2542
Sieg,2541
motherfuck,2541
spied,2541
gist,2541
improbable,2540
defenders,2540
zeppelin,2540
ambulances,2540
Garry,2540
shuffling,2540
bloods,2540
overjoyed,2539
promenade,2539
swag,2539
propane,2539
vice-president,2539
nationality,2538
visually,2538
momentary,2538
historians,2538
shaker,2538
Gayle,2538
tangle,2537
Irena,2537
Seinfeld,2537
newcomers,2537
motherhood,2537
real-estate,2537
abominable,2537
Alonso,2536
eyelashes,2536
moles,2536
commies,2536
Westeros,2535
rube,2535
uncut,2535
booger,2535
confided,2534
Etienne,2534
hairdo,2534
Weasley,2533
fife,2533
kia,2533
endgame,2532
woodland,2532
Manuela,2532
revolutionaries,2532
absolve,2532
tranquility,2532
Sheryl,2531
pelvic,2531
VC,2531
wickedness,2531
sneaks,2531
pharaohs,2531
abetting,2531
I'Il,2530
lager,2530
Hewitt,2530
bile,2530
deflector,2530
distressing,2529
petrelli,2529
praising,2529
smarts,2529
chilli,2529
untimely,2529
Ph.D,2529
Sark,2529
thrice,2528
worships,2528
proverbial,2528
fοr,2527
McNulty,2527
scolding,2527
jubilee,2527
Carlin,2527
how've,2527
duress,2527
recap,2527
framework,2527
activists,2527
undies,2526
defying,2526
coraline,2526
collaborate,2525
tripod,2525
Downton,2525
ratchet,2525
Valeria,2525
Thierry,2524
Jagger,2524
hooky,2524
Sondra,2523
dinky,2523
trays,2523
assembling,2523
gangway,2523
d'oeuvres,2523
trashy,2523
sax,2523
overworked,2523
emperors,2523
fliers,2523
fiddler,2523
thumps,2522
physiology,2522
Pendleton,2522
subscription,2522
showering,2522
thrones,2522
mould,2522
Hayward,2522
next-door,2522
ifl,2521
undoing,2521
abuses,2521
Riddick,2521
nurturing,2520
eagerly,2520
sickening,2520
putty,2519
Conklin,2519
hypothermia,2518
Wolowitz,2518
fahrenheit,2518
dag,2517
annulment,2517
hindsight,2517
y-yeah,2517
coils,2516
assaults,2516
cross-country,2516
blud,2516
sadder,2516
itches,2515
Luo,2515
stationery,2514
situated,2514
Erich,2514
cremation,2514
Hartford,2513
blackbird,2513
symmetry,2513
tipsy,2513
circumcised,2513
modern-day,2513
daydreaming,2513
Floki,2513
hyper,2512
knucklehead,2512
dominus,2512
triumphs,2512
shenanigans,2511
chisel,2511
trucking,2510
wakefield,2510
mikes,2510
harvested,2510
ceramic,2510
Bridger,2509
Howell,2509
Munna,2509
platonic,2509
Valentino,2509
vindictive,2509
Rosalee,2508
taint,2508
pinto,2508
optional,2508
fide,2508
wilhelmina,2508
Rumpole,2508
crafts,2508
microchip,2508
annihilated,2508
shellfish,2508
vanquish,2507
rosebud,2507
exterminated,2507
Jawohl,2507
dauntless,2507
contingent,2506
accumulated,2506
procure,2506
centered,2505
repetition,2505
baptize,2505
motorcade,2505
Filipino,2504
exiting,2504
bathrobe,2504
constitutes,2504
bowed,2504
scented,2504
Nepal,2504
steamer,2503
cultured,2503
willows,2503
Fletch,2503
simulator,2503
notification,2503
spacious,2503
simulated,2503
Michaela,2503
soot,2502
Quinlan,2502
headin,2502
Hakeem,2502
firecrackers,2502
hou,2502
filet,2502
appropriately,2501
humvee,2501
hazmat,2501
conjecture,2501
linear,2500
loitering,2500
Americas,2500
Sandoval,2500
facade,2500
photon,2499
escrow,2498
flannel,2498
bottomless,2498
McCormick,2497
equator,2497
autism,2496
gassed,2496
Heywood,2496
Lorne,2496
UV,2495
neuro,2495
skimming,2495
emblem,2494
withered,2494
bulkhead,2494
Kenshin,2493
yam,2493
Asians,2493
to-do,2493
banshee,2493
slammer,2492
dictated,2492
nutter,2491
gentry,2491
sarin,2491
arises,2491
adaptation,2491
spouting,2491
midgets,2490
Cosima,2490
disobeying,2490
dill,2490
tortures,2489
Savoy,2489
compartments,2489
grocer,2489
meats,2488
tryouts,2488
garments,2488
senora,2488
Tabitha,2488
longitude,2488
scenic,2487
splendor,2487
gaping,2487
high-class,2487
half-brother,2487
mockingbird,2486
presentable,2486
buffoon,2486
marksman,2486
dissect,2485
excrement,2485
spruce,2485
Kamal,2485
graze,2485
freedoms,2485
nanites,2484
incomprehensible,2484
decor,2484
lenient,2484
laundromat,2484
alphaH00,2484
callous,2483
hahn,2483
algorithms,2483
laces,2483
elevate,2483
concealing,2482
websites,2482
made-up,2482
Granville,2482
injure,2482
disconnects,2482
amid,2482
Benz,2481
queers,2481
plough,2481
rusted,2480
stroller,2480
champs,2480
all-powerful,2480
alphaHFF,2480
illogical,2480
Hindus,2480
snagged,2480
Kaoru,2480
rigs,2480
Paley,2480
mantra,2479
corona,2479
abrupt,2479
hoodlums,2479
Mathias,2479
monologue,2479
QC,2479
watchers,2479
María,2479
suede,2478
Sforza,2478
incriminate,2478
toothache,2478
orphaned,2478
mummies,2478
Matias,2478
jitters,2478
poppa,2477
appetites,2477
Serbia,2477
Czechoslovakia,2477
Dugan,2477
umbrellas,2476
sickly,2476
loveliest,2476
neurologist,2476
detonators,2476
handmade,2476
takers,2475
expire,2475
Fuji,2475
noelle,2475
beastly,2475
flammable,2475
splat,2474
Maury,2474
parley,2474
Yuen,2474
entities,2473
h-he,2473
misleading,2473
conservation,2472
S2,2472
Packard,2472
Spiderman,2472
climber,2472
catalyst,2472
suitors,2472
whatyou,2471
off-duty,2471
tormenting,2471
faceless,2470
meningitis,2470
bachelors,2470
temperance,2469
Birkhoff,2469
floppy,2469
locksmith,2468
glum,2468
waterproof,2468
forging,2468
Mansfield,2468
crackpot,2468
shards,2467
hairline,2467
nite,2467
Clement,2467
Transylvania,2467
fasting,2467
chloroform,2466
beets,2466
vanishes,2466
invisibility,2466
nightclubs,2466
detergent,2466
all-star,2466
abracadabra,2466
dub,2466
intuitive,2466
Cally,2465
pamphlets,2464
Bieber,2464
locusts,2464
coolant,2464
thunderbolt,2463
nutritious,2463
Flik,2463
sundae,2462
ensemble,2462
undergoing,2462
overreact,2462
fated,2462
Porthos,2462
proclamation,2462
grovel,2461
ticker,2461
flowed,2461
plumb,2461
Boyka,2461
aristocrat,2461
masseuse,2460
prerogative,2460
asbestos,2460
assurances,2459
wishful,2458
apostles,2458
dimensional,2458
Lando,2458
Punjabi,2457
botox,2457
demonstrating,2457
unresolved,2457
shafts,2457
regulate,2457
fir,2457
Targaryen,2457
fireflies,2457
Janek,2457
prays,2456
pained,2456
tensed,2456
outlets,2456
cretin,2455
northwestern,2455
mural,2454
frakking,2454
Sofie,2454
lingo,2454
playwright,2453
Tyra,2453
Hamid,2453
Takeshi,2453
Chuckie,2453
Rowena,2452
seaboard,2452
Nikola,2452
bacterial,2452
nylon,2452
embezzlement,2452
Herc,2452
Tilly,2451
losin,2451
inconsiderate,2451
necktie,2451
commissar,2451
autistic,2451
bombshell,2450
decadent,2450
jungles,2450
speciality,2450
humbled,2450
transformer,2450
Arne,2449
Armani,2449
lik,2449
fortitude,2449
imbalance,2449
latent,2449
Huxley,2448
high-powered,2447
boa,2447
sailboat,2447
testicle,2447
respective,2447
J'onn,2447
Guerrero,2446
tremors,2446
cheery,2446
racers,2446
Kiran,2445
Ingram,2445
trombone,2445
bounces,2445
allegation,2445
similarly,2444
tosh,2444
Halley,2444
Gaulle,2444
possessive,2444
Chrysler,2444
narcissistic,2444
lindy,2444
strays,2444
baddest,2443
neurons,2443
fiind,2443
psychos,2443
okey,2442
councilor,2442
wobbly,2442
pancreas,2442
Lian,2442
maroni,2442
stint,2442
tau,2442
jocks,2442
Jolene,2442
pics,2442
Yamada,2441
irrigation,2441
persistence,2441
sabbatical,2441
chrissakes,2441
vigilantes,2441
reprogram,2441
monetary,2441
catheter,2440
eggnog,2440
hammock,2440
demoted,2440
Muir,2440
redeemed,2440
devoid,2439
asphalt,2439
plums,2439
conscientious,2439
nomad,2438
ultraviolet,2438
Fernandez,2437
Tahoe,2437
Prada,2437
Klara,2437
cluck,2437
verb,2436
Kellogg,2436
stereotype,2436
Pratap,2436
taxpayer,2435
masseur,2435
Hanukkah,2435
i1,2434
Salander,2434
raza,2434
mobster,2434
stooges,2434
Cristal,2433
Dresden,2433
hess,2433
chipmunk,2432
50th,2432
would-be,2432
mans,2432
adjourn,2432
blackmailer,2432
rhetoric,2431
converge,2431
Einar,2431
onset,2431
Atkins,2431
McMurphy,2430
agile,2430
khaleesi,2430
consolidated,2430
ofhere,2429
kamikaze,2428
dirtbag,2428
excursion,2428
fondness,2427
irritate,2427
lyric,2427
Katia,2427
nil,2427
essays,2427
bookkeeper,2427
bureaucratic,2426
Garvey,2426
consumers,2426
Soren,2425
pathogen,2425
conflicted,2425
w-why,2424
allez,2424
pathways,2424
Leary,2424
desist,2424
alto,2424
celsius,2424
Remo,2424
Indianapolis,2423
Tigh,2423
giver,2423
one-third,2423
jumpin,2423
capua,2423
I.D.'d,2422
resented,2422
gracefully,2422
tasteful,2422
admirers,2422
Hildy,2421
maritime,2421
wankers,2421
doghouse,2421
stubbornness,2421
pounce,2421
perpetrators,2420
Tien,2420
romantically,2420
themes,2420
maroon,2420
saucy,2420
Gonzalez,2420
blinked,2420
sorely,2419
Macon,2419
atleast,2419
Deepak,2419
pornographic,2419
ish,2418
Donahue,2418
ravaged,2418
Chechnya,2418
gl,2418
spotter,2417
astronomer,2417
emailed,2416
gizmo,2416
darken,2416
Hardman,2416
enforcer,2415
sitcom,2415
converse,2415
ivar,2414
two-man,2414
continuity,2414
nourishment,2414
parchment,2414
gurgles,2414
harlot,2413
fabricated,2413
oxide,2413
drainage,2413
firstborn,2413
buildup,2412
mended,2412
mislead,2412
committees,2412
Vickers,2412
campaigning,2412
Somalia,2412
melons,2411
unicorns,2411
humorous,2410
venting,2410
unbeatable,2410
hurricanes,2410
Chon,2410
ina,2410
sulk,2410
deejay,2409
pollock,2409
ponder,2409
overgrown,2408
Denzel,2408
expires,2408
ABBA,2408
dismount,2408
defences,2408
Keung,2408
Boggs,2407
Loren,2407
Cornelia,2406
stills,2406
scams,2406
comprehension,2406
Gaeta,2406
mangled,2406
amiss,2406
hasta,2406
rodents,2405
flak,2405
Quaid,2405
silhouette,2405
creditors,2405
demolish,2404
orbits,2404
Dalai,2404
olé,2403
bok,2403
Thomson,2403
cashmere,2403
separatists,2403
Takeda,2402
boundless,2402
centurion,2402
ripples,2402
Ù,2402
dominance,2402
retake,2402
measly,2402
mitt,2402
dead-end,2401
exert,2401
Bakersfield,2401
vastly,2401
toolbox,2400
archery,2400
disputes,2400
spaceman,2400
thrashed,2400
Aphrodite,2400
Kaylie,2399
fiver,2399
quart,2399
mala,2398
stank,2398
snowed,2398
Aztec,2398
Soto,2398
primed,2398
gusto,2398
Enrico,2397
pushover,2397
Superboy,2397
famed,2397
Esmeralda,2397
improv,2396
espheni,2396
Nanna,2396
Ogden,2396
archaeological,2396
rubies,2396
pressuring,2396
snoopy,2395
spatial,2395
populations,2395
consensual,2395
spectre,2395
gout,2394
pinching,2394
Maris,2394
Gibraltar,2394
rickshaw,2394
grate,2394
Sancho,2394
loins,2393
nines,2393
kits,2393
ilya,2393
outlive,2393
consultants,2393
croak,2392
Lakers,2392
J.B,2392
givens,2392
Kes,2392
statistical,2392
jove,2392
trumps,2392
matchmaker,2391
prowess,2391
surly,2391
obeying,2391
gumbo,2391
está,2390
dreamers,2390
hellish,2390
communicated,2390
trampoline,2390
transference,2390
oxen,2390
wrongful,2390
magnesium,2389
grazed,2389
faxed,2389
one-sided,2389
sheds,2389
long-lost,2388
outhouse,2388
figment,2388
efficiently,2388
slurring,2388
cuffed,2387
bongo,2387
Ofelia,2387
boating,2387
balancing,2387
combed,2387
foyer,2386
contests,2386
Pierrot,2386
sheriffs,2386
subjective,2386
Yves,2386
skips,2386
chests,2385
nautical,2385
wasps,2385
grits,2384
Martina,2384
dreadfully,2384
gander,2383
gingerbread,2383
silicone,2383
squatting,2383
armoured,2383
adiós,2383
kan,2383
Danton,2383
Whoo-hoo-hoo,2382
chugging,2381
Osiris,2381
Capricorn,2381
prematurely,2381
Makoto,2380
Hatcher,2380
centipede,2380
landscapes,2380
copilot,2380
flung,2380
abrasions,2379
taffy,2379
manifestation,2379
whiplash,2379
ethic,2379
Tudor,2379
smurfs,2378
purses,2378
tycoon,2378
Wal-Mart,2378
toothpick,2378
piggyback,2378
1970s,2378
scorched,2377
Charmaine,2377
chaka,2377
iconic,2377
Genghis,2377
decaying,2376
landings,2376
marmalade,2376
coerced,2376
fund-raiser,2376
yeti,2376
quint,2375
Chilton,2375
vole,2375
Tej,2375
conjunction,2374
watered,2374
woodwork,2374
trendy,2374
Gettysburg,2374
pointer,2374
roped,2374
suites,2374
periscope,2374
bonehead,2373
extinguished,2373
Yellowstone,2373
Aaaaah,2373
H.R,2373
infidel,2372
chimpanzee,2372
spotting,2372
Busan,2372
halftime,2372
get-together,2371
spectator,2371
Wilshire,2371
fined,2371
stardust,2371
Ajax,2371
humid,2371
hue,2370
insecurity,2370
illnesses,2370
puta,2370
Taft,2369
signorina,2369
fruitful,2369
therein,2368
Winthrop,2368
detach,2368
Hutton,2368
b1,2368
fares,2368
infants,2367
unfriendly,2367
afoot,2367
instability,2367
simulations,2367
tarmac,2367
improvised,2366
spiritually,2366
commons,2366
cleavage,2366
froggy,2366
filly,2366
tasteless,2366
graciously,2366
har,2366
cross-reference,2366
adventurer,2365
maidens,2365
matey,2365
revolutions,2365
newfound,2365
heathens,2365
binder,2365
axle,2365
Deva,2365
spooks,2364
rogues,2364
downed,2364
hoe,2364
subordinate,2364
Joni,2363
extinguish,2363
exhilarating,2363
magma,2363
mermaids,2363
blanc,2363
hanks,2363
progressed,2363
clairvoyant,2363
Karp,2363
amplified,2363
mandrake,2363
mending,2362
disfigured,2362
enforced,2362
iodine,2362
Meggie,2362
kevlar,2362
warranty,2361
milkman,2361
devise,2361
carbs,2360
mistaking,2360
beehive,2360
longevity,2360
teas,2360
advertised,2360
Aldous,2359
ghouls,2359
Mila,2359
Heathcliff,2358
klicks,2358
piazza,2358
swapping,2358
on-site,2358
leaky,2357
triplets,2357
specifications,2357
post-traumatic,2357
tremor,2357
eloquent,2357
pinot,2357
Greendale,2356
packaging,2356
vigorous,2356
Marcellus,2355
tourniquet,2355
staples,2355
irreversible,2354
menacing,2354
upstream,2354
Starks,2354
Braga,2354
deliverance,2353
Rhoda,2353
flinch,2353
advisory,2353
insure,2353
pacemaker,2353
completes,2353
Hartmann,2353
peacekeeper,2353
Seville,2353
dο,2352
Stamper,2352
Taurus,2352
generates,2352
Smee,2352
perm,2352
Ieft,2352
craigslist,2351
shielded,2351
malls,2351
fountains,2351
incinerated,2351
candor,2351
Belmont,2351
seer,2350
enchantment,2350
nursed,2350
farthest,2350
dept,2350
croc,2350
zephyr,2349
Sachs,2349
competitions,2349
inconsistent,2349
piping,2349
systematically,2348
left-hand,2348
backdoor,2348
vixen,2347
vibrator,2347
C4,2347
corset,2347
rots,2347
eaters,2346
compels,2346
illuminate,2345
ny,2345
mistresses,2345
wiz,2345
hold-up,2345
bayonets,2345
offends,2344
old-timer,2344
Haynes,2344
hopin,2344
urinate,2343
charades,2343
swish,2343
Darrow,2343
pesky,2342
vets,2342
reps,2342
leased,2342
gibbering,2342
kool-aid,2342
antidepressants,2341
whimsical,2341
Wook,2341
incapacitated,2340
Greenleaf,2340
twirl,2340
eyre,2340
Marple,2340
Horus,2339
machine-gun,2339
beaucoup,2338
twerp,2338
disobedience,2338
P.R,2338
life-threatening,2338
avert,2338
felons,2338
Annabeth,2337
scepter,2337
semper,2337
McAllister,2337
attributed,2337
thunderstorm,2337
coached,2337
molasses,2337
cools,2337
antiquities,2336
incorporate,2336
stapler,2336
Albania,2336
earpiece,2336
Nicaragua,2336
canvassing,2335
Durham,2335
weatherman,2335
crease,2335
ooooh,2335
Gohan,2335
routed,2335
sentient,2335
wallow,2334
housewarming,2334
lovingly,2334
Moneypenny,2334
31st,2333
glaciers,2333
Bucharest,2333
Khun,2333
Serrano,2332
Middle-earth,2332
counterattack,2332
expiration,2332
sparing,2331
curled,2331
tiki,2331
unraveling,2331
Englishmen,2331
flatten,2331
blueberries,2331
combining,2331
Pippa,2330
Abdullah,2330
mince,2330
Boromir,2330
Krueger,2330
chakra,2330
captures,2329
disagreed,2329
mana,2329
Ephram,2329
G'Kar,2329
radically,2329
appetit,2329
dives,2329
privates,2328
Somerset,2328
chaste,2328
chimera,2328
mea,2328
poncho,2328
strands,2328
clipping,2328
environments,2328
accursed,2327
Anand,2327
οn,2326
Dowd,2326
bisexual,2326
canals,2326
haywire,2326
homeroom,2326
Julianne,2326
pickin,2325
crucifixion,2325
Reddy,2325
ghoul,2325
Vegeta,2325
pre,2324
Fremont,2324
firefight,2324
llama,2324
Zuko,2324
oxy,2324
cinematography,2324
pol,2323
half-naked,2323
Alaric,2323
bray,2323
confronting,2323
40th,2323
doable,2323
thirty-six,2322
royalties,2322
ach,2322
ur,2322
Gaelic,2321
Buddhism,2321
woes,2321
high-five,2321
dashed,2321
inspected,2321
busiest,2321
coals,2320
Yue,2320
appétit,2320
clerical,2320
displeased,2319
storyteller,2319
scandals,2319
saviors,2319
Gita,2319
forgetful,2319
provision,2319
tact,2318
smoother,2318
mortgages,2318
Atreides,2318
Augusta,2318
Mariko,2318
Georgian,2318
bishops,2317
subtitled,2317
Sodom,2317
Rana,2317
heaps,2317
robs,2317
pricey,2317
c-section,2317
libraries,2317
snooze,2316
jangling,2316
airways,2316
precedes,2316
moped,2316
Ghostbusters,2316
Eren,2316
Guantanamo,2315
liberals,2315
hypnotize,2315
midterm,2315
forearm,2315
chez,2315
trapping,2314
Veda,2314
Arcadia,2314
barman,2314
overflow,2314
inexplicable,2314
Ø,2314
flyin,2314
sparkly,2313
burdened,2313
skitters,2313
aptitude,2313
poultry,2313
one-armed,2312
Bilal,2312
A.C,2312
launches,2312
this-this,2312
wart,2312
grinch,2312
provenza,2312
anchovies,2312
irreplaceable,2312
ingested,2311
mani,2311
Sandro,2311
Jurassic,2311
attachments,2311
ooh-ooh-ooh,2311
quilt,2311
afro,2311
trustee,2310
jeweler,2310
gutless,2310
Suresh,2310
shriek,2310
reversing,2309
commendation,2309
Frenchmen,2309
Mullins,2309
Cochise,2309
Hachi,2309
overalls,2309
buzzed,2309
go-to,2309
Smithsonian,2308
converting,2308
scratchy,2308
protectors,2308
favourites,2308
constituents,2308
offending,2308
enmity,2308
barrage,2308
uniquely,2308
tempered,2307
decreed,2307
Rajesh,2307
Redding,2307
cla,2307
Katharine,2307
Aye-aye,2306
blunder,2306
Dupree,2306
droning,2305
Othello,2305
extremists,2305
utilities,2304
supermodel,2304
blockbuster,2304
lieu,2304
lakh,2304
missionaries,2304
peddling,2304
Aaargh,2304
sil,2304
Nuh-uh,2303
Pauly,2303
flattened,2303
Scooby-Doo,2303
squishing,2303
Livingston,2303
inadvertently,2303
Montecito,2302
censorship,2302
agonizing,2302
mystique,2302
whacking,2301
spaz,2301
railroads,2301
Hawke,2301
18-year-old,2300
Pyo,2300
cooker,2300
displacement,2300
recovers,2300
Norah,2300
standoff,2300
interruptions,2300
Lula,2299
lundy,2299
forte,2299
cookbook,2299
dissertation,2298
dribble,2298
mausoleum,2297
punk-ass,2297
usage,2297
Rosenberg,2297
Linderman,2296
IMF,2296
Kaitlin,2296
taunt,2296
verification,2296
1960s,2295
golfer,2295
critter,2295
voyages,2295
Harv,2295
Deckard,2295
swaying,2295
pearly,2295
railways,2295
veggie,2295
hugely,2294
soundly,2294
spaced,2294
subterranean,2294
boning,2294
undying,2294
comedians,2294
déjà,2293
glucose,2293
commoner,2293
rustic,2293
upriver,2292
uh-uh-uh,2292
muted,2292
annoys,2292
navel,2292
arches,2292
Octavian,2291
U-boat,2291
Moz,2291
idealist,2291
Laverne,2291
Gaza,2291
treadmill,2291
inadmissible,2291
archaeology,2290
hypnotic,2290
overwhelm,2290
sasquatch,2290
Volkswagen,2290
landline,2290
escalate,2290
assert,2290
attribute,2289
calmer,2289
frightfully,2289
sovereignty,2288
debs,2288
turban,2288
Jiminy,2288
pus,2288
Pryor,2288
hyacinth,2288
ornaments,2288
contusions,2288
sustainable,2288
Batista,2288
spar,2288
unmanned,2288
Svetlana,2287
repression,2287
Guillaume,2287
phi,2287
blended,2287
scrotum,2287
Paloma,2287
Folsom,2286
shouldn,2286
Gilroy,2286
widowed,2286
ember,2286
fastened,2286
grilling,2286
platforms,2285
ck,2285
deportation,2285
second-hand,2285
musicals,2285
idling,2285
duds,2284
Inuyasha,2284
padded,2284
migraines,2284
juju,2284
insufferable,2284
Mayans,2284
stinker,2284
relays,2284
whiny,2283
kun,2283
chitty,2283
yelp,2283
Aggie,2282
gm,2282
Scylla,2282
contraction,2282
def,2282
Crewe,2282
constitute,2282
ranting,2281
revolving,2281
Gopal,2281
dias,2281
five-minute,2281
Ric,2281
gash,2281
Beckham,2280
arbitrary,2280
know-it-all,2280
hoses,2280
progression,2280
Murat,2280
Montenegro,2280
Etta,2280
diligent,2279
farsi,2279
Beryl,2279
charlatan,2279
full-blown,2279
checklist,2279
Dethklok,2278
prawn,2278
wonderin,2278
tokens,2278
Mulwray,2278
grampa,2277
adapting,2277
microphones,2277
Harken,2277
fairytale,2277
Malia,2276
henchmen,2276
uneven,2276
exclaim,2276
Earle,2276
trample,2275
Barnabas,2275
walnuts,2274
sheen,2274
mite,2274
Rosetta,2274
juries,2274
Bangalore,2273
my-my,2273
pounded,2273
no-show,2273
Simran,2273
resonance,2273
Troi,2273
contention,2273
ravioli,2273
guacamole,2273
displaced,2273
sophistication,2273
corresponding,2272
posterity,2272
Dulles,2272
wack,2272
pathway,2272
acquiring,2272
bashful,2272
OFFSCREEN,2271
walk-in,2271
crushes,2271
air-conditioning,2271
stabs,2271
Leicester,2271
Seward,2271
Amon,2271
greener,2271
hooded,2270
tingle,2270
rock'n'roll,2270
Ashok,2270
detox,2269
doppelganger,2269
defends,2269
honky,2269
blackboard,2269
workings,2269
Nobu,2268
figs,2268
grownup,2268
ebola,2268
Lamborghini,2267
specify,2267
Tennyson,2267
succumb,2266
Geum,2266
boom-boom,2266
tuba,2266
hesitating,2266
Mohan,2266
salted,2266
P.O,2266
weathers,2265
Pryce,2265
Baja,2265
dined,2265
misread,2265
brie,2265
distributing,2265
jumpers,2265
fodder,2265
clitoris,2264
deserters,2264
golfing,2264
diddle,2264
slump,2264
removes,2264
sores,2264
headmistress,2264
stair,2263
proclaimed,2263
crawls,2263
Mmhmm,2263
Lexus,2262
Camaro,2262
sisterhood,2262
aristocrats,2262
Giuliano,2262
knowed,2262
ofhis,2261
Balthazar,2261
intermission,2261
czar,2261
shudder,2261
triage,2261
haw,2261
spender,2260
governing,2260
anti,2259
modification,2259
fondue,2259
suarez,2259
hearth,2259
docket,2259
perps,2258
cruisers,2258
regenerate,2258
BuYeo,2257
enables,2257
relieving,2257
nannies,2257
hordes,2257
mined,2257
ginseng,2257
instinctively,2257
watery,2257
attributes,2256
dismal,2256
twelfth,2256
vroom,2256
intolerant,2256
Sokka,2256
saddled,2256
daredevil,2256
Wainwright,2256
watchtower,2256
Gilligan,2256
rump,2255
boomerang,2255
trickery,2255
condos,2255
lackey,2255
mania,2254
commemorate,2254
bough,2254
escalating,2254
crowing,2254
bombardment,2254
wantto,2254
Lanka,2254
whoring,2254
pickpocket,2253
trustees,2253
T.V,2253
Mayhew,2253
fscx150,2253
metric,2253
relocation,2253
lmpossible,2253
submissive,2252
Latimer,2252
scheduling,2252
captives,2252
black-and-white,2252
patents,2251
self-pity,2251
right-wing,2251
acorn,2251
determining,2250
Volker,2250
Munson,2250
immersed,2250
is-is,2250
Dupont,2250
pawned,2250
creams,2250
Bingham,2249
iknow,2249
popper,2249
nominal,2249
Acapulco,2249
ceilings,2249
grr,2249
Finlay,2249
relinquish,2249
telescopes,2249
unpacked,2249
bitchin,2249
singularity,2248
degradation,2248
nerdy,2248
flunk,2248
roasting,2248
rugs,2248
voter,2248
portals,2247
illustrated,2247
anthropology,2247
possessing,2247
bitcoin,2247
sender,2247
Marlow,2246
Sundance,2246
flexibility,2246
correspond,2246
musk,2246
hedges,2246
conditioned,2245
proton,2245
Sharona,2244
graph,2244
Susannah,2244
clubbing,2244
deviant,2244
Melville,2244
Paro,2243
glittering,2243
gimp,2243
fscy150,2243
Cato,2243
three-quarters,2242
Colombians,2242
upfront,2242
triangulate,2242
Devin,2241
hashtag,2241
McManus,2240
layman,2240
Dothraki,2240
ineffective,2240
maniacally,2240
expulsion,2240
treasured,2240
wouId,2239
hard-earned,2239
Figaro,2239
membrane,2239
neglecting,2239
five-star,2239
gimmick,2238
Helsinki,2238
attaché,2238
motels,2238
tigress,2238
multiplied,2238
alpine,2238
acne,2237
burrow,2237
bodega,2237
nr,2237
Jean-Claude,2237
absorbing,2237
watchdog,2237
foolishly,2237
Dominican,2237
wrecks,2236
solstice,2236
Frannie,2236
unspoken,2236
medevac,2236
thermos,2235
Maki,2235
inhabit,2235
hosted,2235
violets,2235
swayed,2234
twittering,2234
cues,2234
playmate,2234
Kahlan,2234
perversion,2234
torque,2234
stockholders,2233
bergen,2233
mansions,2233
yon,2233
doofus,2233
nο,2232
rarity,2232
Stubbs,2232
Lange,2232
Ibiza,2232
RPG,2231
poorest,2231
mohawk,2231
Rainer,2231
sana,2231
Mayfield,2231
chit,2231
droppings,2231
tuppence,2230
imaginations,2230
boathouse,2230
Delores,2230
revise,2230
nodding,2229
prude,2229
Vittorio,2229
cashing,2229
B.S,2229
thane,2229
clusters,2228
lavish,2228
paprika,2228
empires,2228
beagle,2228
confetti,2228
fiat,2227
violins,2227
youths,2227
rip-off,2227
probing,2227
tiff,2227
epinephrine,2227
temptations,2227
cutlery,2226
criticized,2226
congressmen,2226
S.T.A.R,2226
lewd,2226
miley,2226
Arrakis,2226
Bulgaria,2226
inherent,2225
Alfa,2225
Watanabe,2225
Woodstock,2225
refreshed,2225
pesetas,2225
pail,2225
finalists,2225
announces,2225
revolves,2225
Reba,2224
applauds,2224
conceivable,2224
Lilo,2224
contagion,2224
gossiping,2224
lengthy,2224
bangles,2224
spokesperson,2223
yοur,2223
stub,2223
self-preservation,2223
cultivated,2223
Algiers,2222
vigilance,2222
quirky,2222
meaner,2222
degraded,2221
unforeseen,2221
life-form,2220
Shao,2220
comatose,2220
Stratton,2220
une,2220
knowledgeable,2220
rookies,2220
bores,2219
encourages,2219
half-breed,2219
Friedman,2219
Nike,2219
hoi,2218
sharpened,2218
imprison,2218
metre,2217
dorms,2217
mane,2217
obliterated,2217
Brahms,2217
shifty,2217
harpoon,2216
woven,2216
utilize,2215
nicht,2215
sedatives,2215
LeAnn,2215
yiddish,2215
ça,2215
tre,2215
rb,2214
X-Files,2214
famously,2214
Garber,2213
cited,2213
briar,2213
Karla,2213
derivative,2212
Winifred,2212
weeps,2212
capped,2212
networking,2211
monoxide,2211
Wol,2211
J.C,2211
oscars,2211
ranges,2211
Moroccan,2211
requisition,2211
Aramis,2211
Rikers,2210
fixer,2210
heroics,2210
scientology,2210
shoppers,2210
indict,2210
Frey,2210
foreboding,2210
DEFCON,2210
mid-tempo,2209
nifty,2209
Corrine,2209
Goguryeo,2209
mailing,2209
waxing,2209
shauna,2209
pretense,2209
19-year-old,2209
ridges,2208
frostbite,2208
deduce,2208
bureaucrat,2208
bedrock,2207
go-go,2207
radish,2207
weakling,2207
epileptic,2207
Vail,2207
disturbs,2207
inclination,2207
luscious,2206
overlap,2206
hussy,2206
Anatoly,2205
optics,2205
assures,2205
scorpio,2205
Fitzpatrick,2205
prius,2205
beret,2204
whims,2204
sunken,2204
ulterior,2204
alleyway,2204
colossus,2204
actin,2204
handsomely,2204
Zimmerman,2204
relates,2204
albeit,2204
digestion,2204
unconfirmed,2203
Agamemnon,2203
exited,2203
homestead,2203
pellets,2203
asphyxiation,2203
flagship,2203
expedite,2203
Mohammad,2203
hematoma,2203
scruples,2202
ducked,2202
MD,2202
zi,2202
Rigby,2202
metaphorically,2202
criminally,2201
battlestar,2200
wiretap,2200
Gustave,2200
varied,2200
huffs,2199
toyou,2199
cad,2199
scatting,2199
janelle,2198
two-faced,2198
emeralds,2198
shindig,2198
Caputo,2198
Hague,2197
vocals,2197
oink,2197
coupled,2197
samar,2197
Chennai,2196
stooge,2196
Oren,2196
calypso,2196
hitomi,2195
obese,2195
C.E.O,2195
symbiote,2195
McPherson,2195
Pelant,2195
lament,2195
goofing,2195
unwelcome,2195
fiddling,2195
congresswoman,2195
Meena,2194
eee,2194
crass,2194
ono,2194
ambiguous,2193
Tillman,2193
Wentworth,2193
Marquez,2193
hush-hush,2193
eluded,2193
dοn't,2193
pigsty,2193
Chechen,2192
hourglass,2192
Cooke,2192
gory,2191
pubs,2191
Teo,2191
inquisitor,2191
Ronan,2191
obstinate,2191
assigning,2191
Allegra,2191
Crabtree,2191
thisis,2190
Fuentes,2190
urinal,2190
Zheng,2190
pastime,2190
paintball,2190
grievances,2189
recount,2189
listenin,2189
equilibrium,2189
ten-year-old,2189
Ohhhh,2188
proofs,2188
Amador,2188
overseeing,2188
Rafa,2188
Obelix,2188
rectum,2188
dissatisfied,2188
misunderstandings,2187
one'll,2187
no-go,2187
Anu,2187
Uganda,2187
surfers,2187
Ecuador,2187
hesitant,2186
mopping,2185
consciously,2185
luckier,2185
slaughtering,2185
laughin,2185
truckload,2185
suburb,2185
summoning,2184
Colson,2184
stacking,2184
goth,2184
1980s,2184
presto,2184
downer,2183
estranged,2183
forthwith,2183
McCartney,2183
monstrosity,2183
Tron,2183
abstinence,2182
gopher,2182
temps,2182
pheromones,2182
Kazakhstan,2182
erasing,2181
fibre,2181
hormonal,2181
wreak,2181
jerked,2181
ô,2181
swindler,2180
dropout,2180
reactors,2180
Hakim,2180
outreach,2180
jenn,2180
integral,2179
paroled,2179
MJ,2179
aired,2179
concessions,2179
wanton,2179
dislikes,2179
specified,2179
aftershave,2178
Theon,2178
Winona,2178
suppression,2178
americano,2178
rapport,2178
succeeding,2178
Stauffenberg,2177
stabilizing,2177
squaw,2177
CBC,2177
countenance,2177
bureaucrats,2177
crusaders,2177
cornerstone,2177
stumpy,2177
ballots,2176
node,2176
Lavinia,2176
Loxley,2176
defies,2176
sutures,2176
Gilles,2176
validate,2176
laboratories,2176
buenas,2175
Braxton,2175
negligent,2175
Nisha,2174
hummingbird,2174
songwriter,2174
priory,2174
engagements,2174
sprinklers,2173
sawdust,2173
ut,2173
Glover,2173
Haku,2173
McGregor,2173
antics,2172
decorative,2172
hooters,2172
Addie,2172
Keeler,2172
surpassed,2172
atrocious,2172
terrorized,2172
ebony,2172
compiled,2172
Foon,2172
regulator,2171
anvil,2171
Blackwell,2171
ESPN,2171
in't,2171
quench,2171
Alia,2171
phobia,2170
in-between,2170
memos,2170
antelope,2170
Katerina,2170
plagues,2169
longtime,2169
cowl,2169
blanco,2169
coworker,2169
apps,2169
alchemist,2169
Southampton,2168
defibrillator,2168
ticked,2168
bulge,2168
aphrodisiac,2168
multitude,2168
erupted,2168
pecan,2167
Nugent,2167
armchair,2167
preferable,2167
brothels,2166
cranial,2166
disclosed,2166
escalated,2166
broadcasts,2166
nonexistent,2166
buzzard,2166
aerobics,2166
Sarajevo,2166
moot,2166
post-mortem,2166
Abernathy,2166
automobiles,2165
hands-on,2165
cancellation,2165
Manion,2165
Gerda,2165
Merrin,2164
Caspar,2164
groping,2164
blowtorch,2164
Nak,2164
mechanisms,2164
implication,2163
distasteful,2163
taker,2163
adolescence,2163
splashed,2163
manoeuvre,2163
Dade,2163
brainless,2163
stirs,2163
leapt,2163
gymnasium,2163
flicks,2162
fray,2162
coca,2162
perseverance,2162
mir,2162
Roddy,2162
trapeze,2162
seasoning,2162
groundhog,2161
trumpeting,2161
collaborator,2161
ts,2161
bohemian,2161
bargained,2160
Faulkner,2160
consummate,2160
drover,2160
forbade,2160
vomited,2160
severity,2159
delicately,2159
approximate,2159
need-to-know,2159
tenacious,2159
bowers,2159
Holliday,2159
deduct,2158
checkin,2158
gull,2158
Chantal,2158
daydream,2158
outnumber,2158
bawling,2157
innkeeper,2157
appease,2157
sanitarium,2156
craze,2156
Kovac,2156
Zordon,2156
feverish,2156
squeamish,2155
Beyoncé,2155
femoral,2155
shambles,2155
nitrous,2155
magnetism,2154
Donaghy,2154
hospitable,2154
SAS,2153
slasher,2153
scorch,2153
prickly,2153
telegrams,2152
discs,2152
Kenzi,2152
deport,2152
Amin,2151
gangrene,2151
rhythms,2151
Ning,2151
greyhound,2151
galleries,2151
flustered,2150
Nagasaki,2150
vetted,2150
screwy,2150
pedigree,2150
girdle,2150
anterior,2150
backfired,2150
Moria,2150
getup,2149
spoiler,2149
sanctions,2149
clutching,2149
nοt,2149
consented,2149
Pim,2149
jailer,2149
adoptive,2149
reigns,2149
guten,2149
Daenerys,2148
Salome,2148
royals,2148
tonnes,2148
turbine,2148
frock,2147
shuttles,2147
weakening,2147
dramas,2147
cramping,2147
vomits,2146
lode,2146
sledgehammer,2146
maxed,2146
essentials,2146
nobody'll,2146
impudent,2146
kroner,2145
aided,2145
cobalt,2145
reportedly,2145
conjugal,2145
promotions,2145
NASCAR,2144
hummer,2144
dubbed,2144
olden,2144
Dayton,2144
deja,2144
retches,2144
revoke,2143
crunches,2143
sanitary,2143
blackness,2142
wildcat,2142
cellphones,2142
brightness,2142
apprehension,2142
deux,2142
refuel,2142
katara,2141
bleachers,2141
Tywin,2141
Lasalle,2141
Burmese,2141
point-blank,2141
mobility,2140
Petrie,2140
Vick,2140
birdsong,2140
booths,2139
computerized,2139
squishy,2139
hallmark,2139
Dastan,2139
scorned,2139
Osgood,2139
gallop,2138
tonsils,2138
towing,2138
pimple,2138
there've,2138
nieces,2138
red-hot,2137
babble,2137
forty-eight,2137
Korben,2137
forty-two,2137
flashlights,2136
Manfred,2136
rarest,2136
outlawed,2136
spanked,2135
townspeople,2135
deteriorating,2135
tal,2135
nitwit,2135
ice-cold,2134
patented,2134
landfill,2134
B.J,2133
negotiable,2133
bulldozer,2133
rustles,2133
ob,2133
half-assed,2133
enlarge,2133
buttermilk,2133
mondo,2133
cob,2133
disdain,2132
jugs,2132
dawned,2132
Zelig,2132
uttered,2132
M.J,2132
inquiring,2132
V8,2132
payin,2132
yoke,2132
Iook,2131
Colbert,2131
subpoenaed,2131
shelling,2131
Schroeder,2131
Forster,2131
Uri,2130
warlords,2130
Andes,2130
Bellevue,2130
Gredenko,2130
informs,2130
streetcar,2130
tyr,2130
Isengard,2129
teeming,2129
enquiries,2129
birthing,2129
disbarred,2129
Ludlow,2129
keisha,2129
straits,2129
Foyle,2129
subscribe,2129
inverted,2129
cyclone,2129
Smythe,2129
hasten,2129
upped,2128
lain,2128
reb,2128
MBA,2128
plumbers,2128
merged,2128
remanded,2128
clutter,2128
runny,2128
Lebanese,2127
multinational,2127
retards,2127
Neff,2127
cranking,2127
bistro,2127
problemo,2127
kush,2127
melodrama,2127
averted,2126
appreciative,2126
arterial,2126
ligature,2126
registering,2126
scarring,2126
aspiring,2126
Koji,2125
Faber,2125
excites,2124
foreseen,2124
tempest,2124
Percival,2124
Pil,2123
strapping,2123
capsules,2123
Prozac,2123
seatbelts,2123
atropine,2122
Odysseus,2122
booms,2122
bagging,2122
violates,2121
Rolls-Royce,2121
unintelligible,2121
suki,2121
dimples,2121
docile,2121
kinks,2121
uncuff,2121
butting,2120
prompted,2120
Rhine,2120
Glenda,2120
launder,2120
bolin,2120
Bram,2119
Senna,2119
brainy,2119
Palestinians,2119
napa,2119
Gimli,2119
piston,2119
Demetrius,2118
standstill,2118
busboy,2117
Somali,2117
wat,2117
examinations,2117
Serbs,2116
zoning,2116
shoveling,2116
Kimmie,2116
chartered,2116
twinkie,2116
ketamine,2116
psychics,2116
Lyn,2116
glows,2115
stoke,2115
Tokugawa,2115
gambit,2115
Koba,2115
Dietrichson,2115
experimentation,2115
nosebleed,2114
instances,2114
gummy,2114
æµ,2114
Larissa,2114
dei,2113
Bly,2113
eights,2113
analyse,2113
Hershel,2112
Barbados,2112
microbes,2112
co-op,2111
spasm,2111
flirted,2111
tzu,2110
baggy,2110
inquisitive,2110
veritable,2110
blockhead,2110
Goddard,2109
anemia,2109
Gae,2109
boosters,2109
ajob,2109
binge,2109
start-up,2109
mygod,2109
Kaiju,2109
Hutchinson,2109
topping,2108
tramps,2108
petal,2108
Takahashi,2107
O'Hare,2107
portrayed,2107
weirdly,2107
hourly,2107
regrettably,2106
kilograms,2106
compute,2106
measurement,2106
sawing,2106
lz,2105
queasy,2105
seamstress,2105
reinstate,2104
lightsaber,2104
montage,2104
curling,2104
Kubrick,2104
dentists,2104
Mookie,2103
pout,2103
Vishnu,2103
astral,2103
Mulan,2103
inconceivable,2103
Mongolia,2102
hoarding,2102
idly,2102
turnin,2102
wheezes,2102
regionals,2102
trick-or-treating,2102
oozing,2101
chummy,2101
thunk,2101
Hercule,2101
pores,2100
Mullen,2100
breakout,2100
rouse,2100
antlers,2100
descends,2100
socialize,2100
spic,2099
alcoholism,2099
Xindi,2099
Westchester,2099
coldest,2099
Kringle,2099
rotted,2099
looker,2098
receding,2098
divorces,2098
northbound,2098
similarity,2098
lis,2098
consignment,2098
corkscrew,2097
croaking,2097
Jeanine,2097
kleenex,2097
suppressing,2096
expanse,2096
Legolas,2096
rummy,2096
42nd,2096
rages,2096
humanly,2096
wildlings,2096
far-fetched,2096
excavation,2096
dab,2096
hamper,2095
Cossack,2095
travesty,2095
insignia,2095
embryos,2095
magnifying,2095
Vietcong,2094
Chadwick,2094
Sátur,2094
Xing,2094
hooligan,2094
Dahl,2094
apostle,2093
puzzling,2093
EEG,2093
shakedown,2093
systematic,2092
Mays,2092
bullpen,2092
two-time,2092
helix,2092
Raghu,2092
Crenshaw,2092
clasp,2092
citation,2091
going-away,2091
responsive,2090
crapped,2090
bagpipes,2090
stepson,2090
dopamine,2090
stumped,2090
schematic,2090
splinters,2090
overprotective,2089
admin,2089
brokers,2089
Chernobyl,2088
I.T,2088
mullet,2088
I'll-I'll,2088
docs,2088
Gauls,2087
Rudolf,2087
considerations,2087
surpass,2087
guitarist,2087
lowers,2087
Peruvian,2087
correcting,2087
Flanagan,2086
doakes,2086
sacrificial,2086
southbound,2086
sensations,2086
spheres,2086
flimsy,2086
feral,2086
formations,2085
dozed,2085
contaminate,2085
Aguilar,2085
boogeyman,2085
usable,2085
porcupine,2085
opus,2085
lovemaking,2085
wavelength,2085
Hightower,2085
Schubert,2085
brimstone,2084
mes,2084
turnover,2084
I-I-I'm,2084
collarbone,2084
Milner,2084
gunnery,2084
conflicting,2084
Schiller,2084
filmmakers,2084
victors,2083
Bren,2083
unis,2083
dominoes,2083
smokers,2083
negativity,2083
gooey,2083
Grendel,2083
methadone,2083
whup,2082
patching,2082
nicknamed,2082
joes,2082
astute,2082
Micki,2082
parachutes,2082
agua,2081
stone-cold,2081
induction,2081
Suffolk,2081
beverages,2081
Argus,2080
Attagirl,2080
good-byes,2080
runaways,2080
Abbas,2080
royale,2080
ignores,2080
fraudulent,2079
Faust,2079
fro,2079
mallard,2079
conform,2079
Benoit,2079
rudeness,2079
atrocity,2079
check-in,2079
headstrong,2079
take-off,2078
crouch,2078
nice-looking,2078
ascent,2078
imports,2078
kaboom,2078
Reardon,2077
gleaming,2077
Eckhart,2077
matador,2076
Andersen,2076
Mordecai,2076
Poldark,2076
mutations,2075
improves,2075
Dundee,2075
interferes,2075
protégé,2075
approves,2075
valedictorian,2074
solitaire,2074
sig,2073
anthropologist,2073
once-in-a-lifetime,2073
Margaux,2073
trackers,2073
visor,2073
enema,2073
indie,2072
destruct,2072
Tobey,2072
deceptive,2072
bashing,2071
one-two,2071
conspirators,2071
willful,2071
ramifications,2071
airship,2071
cranes,2071
loosely,2071
vive,2071
celibacy,2070
Louisville,2070
brotherly,2070
pimples,2070
Millicent,2070
dun,2070
cooperated,2069
ofthat,2069
libel,2069
trotter,2069
panzer,2069
Raph,2069
abolished,2069
nightstand,2069
banger,2069
sabotaging,2068
verma,2068
la-la-la,2068
doss,2068
Khanna,2068
neurosurgeon,2067
mistrust,2067
Rina,2067
commendable,2067
forceful,2067
soulless,2067
self-inflicted,2066
rioting,2066
murky,2066
overdoing,2066
sae,2066
subdued,2066
hotchner,2066
hungover,2065
gnarly,2065
pawnshop,2065
peeps,2065
clipper,2064
enslave,2064
Landy,2064
raindrops,2064
heartburn,2064
laceration,2064
pertaining,2064
momentous,2064
glider,2064
assassinations,2063
prim,2063
Karthik,2063
second-rate,2063
crusty,2062
nappy,2062
spidey,2062
rune,2062
barbeque,2061
Crete,2061
inhibitor,2061
milano,2061
segregation,2061
arbor,2060
marys,2060
shogunate,2060
racehorse,2060
clout,2060
creme,2060
triggering,2059
Arif,2059
Isildur,2059
ft,2059
precarious,2059
ang,2059
pacifist,2059
MacPherson,2059
creamed,2059
yearly,2059
toke,2058
pissy,2058
Jacksonville,2058
Carney,2058
cocked,2058
hater,2058
roundabout,2058
pattering,2057
Caracas,2057
sprain,2057
declares,2057
terrorizing,2057
Pompeii,2057
spinster,2057
DOA,2057
groundbreaking,2056
kraken,2056
flicker,2056
tyrants,2056
trimmed,2056
swimmers,2056
pardons,2056
lint,2055
sped,2055
Ahmet,2055
insulation,2055
mesh,2055
spaceships,2055
stockbroker,2054
nominees,2054
astrology,2054
psychopathic,2054
venetian,2053
jagged,2053
tweeting,2053
Inga,2053
Théoden,2053
hoots,2053
god-given,2053
Callum,2053
conglomerate,2053
warmest,2052
oft,2052
armadillo,2052
eyed,2052
undetectable,2052
Abrams,2052
branding,2052
manageable,2051
Yul,2051
gar,2051
plaid,2051
extremist,2051
Hedley,2051
iz,2051
shimmering,2051
obesity,2050
utensils,2050
fuckhead,2050
Stef,2050
grouchy,2050
minotaur,2050
caw,2049
dissection,2048
Baloo,2048
Habib,2048
betrayer,2048
cellmate,2048
matured,2048
anarchists,2048
two-hour,2047
stomped,2046
invasive,2046
delinquents,2046
velcro,2046
piers,2046
moly,2046
thyroid,2045
conniving,2045
Dalia,2045
Baz,2045
ascended,2045
Tolliver,2045
purified,2045
mowing,2045
sicko,2045
mahogany,2045
Halsey,2045
pimping,2045
gourd,2044
sparked,2044
cordial,2044
Lasse,2044
sacrament,2044
Abbs,2044
delirium,2043
Putin,2043
man-to-man,2043
Myeong,2043
giveaway,2043
sleepyhead,2042
stony,2042
carte,2042
adverse,2042
X-Men,2042
tablecloth,2042
blossomed,2042
studs,2042
ninety-nine,2042
trinkets,2042
camino,2041
sweeten,2041
secular,2041
artificially,2041
Exley,2041
barged,2041
Bateman,2041
receptive,2040
Oppenheimer,2040
hoodlum,2040
forger,2040
strides,2040
looney,2040
handlers,2039
midsummer,2039
roan,2039
gutters,2039
sociable,2039
regimen,2039
ejected,2039
Hanover,2039
unconditionally,2038
Brant,2037
Anne-Marie,2037
Burkhardt,2037
renal,2037
bruiser,2037
looted,2037
compares,2037
groupies,2036
laborers,2036
simultaneous,2036
Jeeves,2036
chillin,2036
musketeer,2036
swindle,2036
frisco,2035
Alexandre,2035
Stalingrad,2035
insightful,2035
ifhe,2035
pumpkins,2034
angelic,2034
Lupo,2034
voight,2034
arf,2034
cutting-edge,2034
reluctantly,2034
Burrell,2033
res,2033
sternum,2033
prevailed,2033
Gogol,2033
mitts,2033
transplants,2032
putt,2032
Rafi,2032
oversized,2032
Zapata,2032
speculating,2031
heartbeats,2031
beaut,2031
Lanning,2031
signaling,2031
Schindler,2031
lodgings,2031
Huns,2031
Ijust,2030
earthlings,2030
douse,2030
etched,2030
Jud,2030
exceeds,2030
Ludo,2030
teamed,2029
dialling,2029
associations,2029
manifests,2029
anchorage,2029
coupling,2029
admiralty,2029
bunks,2028
quacking,2028
Esme,2028
euphemism,2028
fiirst,2027
Galilee,2027
helpers,2027
emptying,2027
sacrilege,2027
Tsui,2026
aloft,2026
naps,2026
Monterey,2026
heretics,2026
Hoon,2026
Asuka,2026
Narn,2026
Rockwell,2026
amputate,2025
jackals,2025
floral,2025
patronizing,2025
ironed,2024
sickle,2024
headway,2024
speakerphone,2024
Cleary,2024
textile,2023
acknowledging,2023
Beaufort,2023
fluctuations,2023
prawns,2023
patrolman,2023
congratulated,2023
Magdalene,2023
syllable,2023
infestation,2023
suave,2023
goldilocks,2023
cynicism,2022
stinging,2022
relaxes,2022
five-year-old,2022
Confucius,2022
femme,2021
mont,2021
Rabb,2021
racketeering,2021
attentions,2021
infiltration,2021
mussels,2021
Xerxes,2021
instantaneous,2021
Haas,2021
Eggman,2021
whoopee,2021
ville,2020
Lazar,2020
befall,2020
philanthropist,2020
coughed,2020
pampered,2020
tranquil,2020
begone,2019
reassured,2019
dispersed,2019
Leona,2019
fouled,2019
euphoria,2019
kilometer,2019
secondhand,2019
tweak,2018
hymns,2018
stickler,2018
Torah,2018
clean-up,2017
gooks,2017
koala,2017
billboards,2017
denounced,2017
Τhe,2017
iguana,2017
rewinding,2017
regression,2016
Holling,2016
swirl,2016
outcasts,2016
Petrovich,2016
partisan,2015
complement,2015
scour,2015
Graeme,2015
Stephan,2015
tackled,2015
nodded,2015
padding,2015
wastes,2015
hassling,2015
unscheduled,2015
reforms,2015
huzzah,2015
birdy,2015
overcame,2015
A-Team,2014
Sachin,2014
luau,2014
shad0,2014
Barbra,2014
bla,2014
connoisseur,2014
Kellerman,2013
wrestled,2013
klutz,2013
O'Conner,2013
critically,2013
holders,2013
fixation,2013
award-winning,2013
successes,2013
spouses,2013
armpits,2013
heaviest,2013
croissant,2012
chimpanzees,2012
aaa,2012
letterman,2012
Proteus,2012
departs,2012
foresight,2012
ak,2011
decreased,2011
jiggle,2011
Briony,2011
photographing,2011
programmes,2011
lander,2011
show-off,2010
constipated,2010
Macintosh,2010
pantyhose,2010
grievance,2010
Calleigh,2010
thinkers,2010
shorthand,2009
repairman,2009
objectively,2009
consortium,2009
winger,2008
Kirkland,2008
Kaneda,2008
Snowden,2008
seniority,2008
bogeyman,2008
pagans,2007
thatyou,2007
XIII,2007
rant,2007
sprinkler,2006
racks,2006
eonni,2006
wag,2006
township,2006
kites,2005
sandbox,2005
croissants,2005
sanctum,2005
boing,2005
Oh-ho-ho,2005
Cosimo,2005
wherein,2004
eyeing,2004
Osborn,2004
fabrics,2004
flogged,2004
stowaway,2004
apex,2003
conspire,2003
TNT,2003
lunacy,2003
yanking,2003
skylight,2003
phantoms,2003
exclamation,2003
brung,2003
thrace,2002
booted,2002
laguerta,2002
chica,2002
shalimar,2002
hilt,2001
nous,2001
abductions,2001
dainty,2001
theology,2001
Bengal,2001
mixes,2001
unused,2001
excelsior,2001
secretariat,2001
rackets,2001
fab,2001
Rivendell,2000
overcooked,2000
prose,2000
changer,2000
thumper,2000
watchful,2000
Ultron,2000
Rousseau,2000
inhibitions,2000
hinder,2000
feathered,2000
McGrath,1999
rhinoceros,1999
quarterly,1999
bystander,1998
sigma,1998
cokes,1998
OCD,1997
piranha,1997
affiliated,1997
inaccurate,1997
splatter,1997
heartily,1997
extensions,1996
consumes,1996
unhook,1996
reprieve,1996
parsley,1996
Thaddeus,1996
mistreated,1996
dollhouse,1996
admires,1995
weirdness,1995
subcommittee,1995
scooped,1995
MI5,1994
primate,1994
baseline,1994
moronic,1994
cadence,1994
Saiyan,1994
erupt,1994
cervical,1993
trends,1993
Morrie,1993
clinically,1993
madre,1993
sarcastically,1993
rectify,1993
Denham,1993
transformers,1993
incinerator,1992
placenta,1992
carburetor,1992
drop-off,1991
miserably,1991
disagreeable,1991
boasting,1991
displaying,1991
Yoshi,1991
sparkles,1991
Minerva,1991
Hackett,1991
manuscripts,1991
saucers,1990
transparency,1989
Amaar,1989
blimp,1989
door-to-door,1989
fulfillment,1989
expeditions,1989
cannibalism,1989
prancing,1989
destinies,1988
tweed,1988
kudos,1988
ducats,1988
showroom,1988
Helmut,1987
blot,1987
Lok,1987
motorway,1987
Cheney,1987
physiological,1987
gushing,1987
Sami,1986
sith,1986
off-key,1986
bitterly,1986
Giovanna,1986
GPA,1986
lettin,1986
inexcusable,1986
beretta,1986
brainwashing,1986
mig,1985
midas,1985
Aqaba,1985
marigold,1985
transmitters,1985
commander-in-chief,1985
stroking,1985
Dok,1984
Angelique,1984
check-up,1984
co-pilot,1984
nani,1984
gluten,1984
retrospect,1984
uninhabited,1984
Eppes,1983
re-entry,1983
unsuspecting,1983
registers,1983
collaborators,1983
airing,1983
ifI,1983
Higgs,1983
niche,1983
FSB,1983
Tolstoy,1983
Xanadu,1983
magna,1983
policing,1982
godsend,1982
bitte,1982
Matteo,1982
Giulio,1982
Germain,1982
Rankin,1981
evenin,1981
thruster,1981
antibiotic,1980
lawless,1980
crisps,1980
confines,1980
cheeses,1980
perpetrated,1980
twenty-nine,1980
OD'd,1979
bleats,1979
Hyderabad,1979
rehabilitated,1979
paychecks,1979
Fairchild,1979
Soph,1979
retrace,1979
top-notch,1978
serpents,1978
needlessly,1978
McCord,1978
coupe,1978
snotty,1978
sprang,1978
cesspool,1978
flipper,1977
kree,1977
beavers,1977
1930s,1977
sable,1977
skillful,1977
PDA,1977
Pickering,1976
null,1976
millimeters,1976
formaldehyde,1976
kaput,1976
ï,1976
Batou,1975
appliance,1975
mutilation,1975
crayons,1975
Levin,1974
leprosy,1974
inkling,1974
Bastille,1974
evict,1973
vaccines,1973
yada,1973
yielded,1973
escalator,1973
Lightman,1973
Shangri-La,1972
Alina,1972
Lauderdale,1972
Quixote,1972
antisocial,1971
reprimand,1971
extracting,1971
Renly,1971
anchored,1971
mariachi,1971
Bunty,1970
parkway,1970
high-risk,1970
assorted,1970
impotence,1970
justifies,1970
thefts,1970
DeLorean,1970
simplify,1969
trigger-happy,1969
limelight,1969
Mariah,1969
debates,1969
westside,1969
Zelena,1968
integrate,1968
tt,1968
remodeling,1968
Egon,1967
drips,1967
salvo,1967
crème,1967
slumming,1967
despises,1967
poignant,1967
blowin,1967
Swedes,1967
cardiologist,1967
turbulent,1967
Takumi,1966
go-ahead,1966
Lombard,1966
timers,1966
squadrons,1966
counters,1965
circuitry,1965
apparition,1965
Kaulder,1965
troublemakers,1965
Tybalt,1965
violinist,1965
repentance,1965
bedbugs,1964
lagertha,1964
paddling,1964
resin,1964
Stavros,1964
commissions,1964
Europa,1963
leans,1963
Wesson,1963
underestimating,1963
Foy,1963
Giacomo,1963
cometh,1962
missin,1962
Renfield,1962
arn,1962
Salisbury,1961
towering,1961
Arun,1961
reconciled,1961
life-forms,1961
malarkey,1961
cleanliness,1961
loafers,1961
Rowley,1961
POTUS,1961
coveted,1960
intrepid,1960
DeWitt,1960
superstitions,1960
Manchuria,1959
scorching,1959
craftsmanship,1959
SpongeBob,1959
Cheol,1959
zapped,1959
hinge,1959
coincidental,1959
Yokohama,1959
matinee,1959
tightening,1959
Bodhi,1959
Persians,1959
WikiLeaks,1959
eavesdrop,1959
she-she,1959
typhus,1959
burglaries,1958
tripled,1958
Katrine,1958
subatomic,1958
daresay,1958
Dao,1958
esquire,1957
dotted,1957
slacking,1957
avenging,1957
sm,1957
sutra,1957
Jacoby,1957
unveiling,1957
Blackbeard,1957
Lightyear,1956
rommie,1956
lilac,1956
vics,1956
destitute,1956
slugger,1956
Idon'tknow,1955
zeroes,1955
Urdu,1955
professionalism,1955
idealistic,1954
Vaughan,1954
Lovelace,1954
god-fearing,1954
uncalled,1954
if-if,1954
existential,1954
interactive,1954
starch,1954
Siberian,1954
libido,1954
Lesley,1954
decidedly,1954
Kimber,1954
Randal,1954
Genoa,1953
ulcers,1953
moray,1953
phonograph,1953
Simcoe,1953
scurvy,1953
landscaping,1953
exec,1952
Racine,1952
nog,1952
lego,1952
O'Rourke,1952
Kaori,1952
prefecture,1951
merging,1951
não,1951
separatist,1951
Verity,1951
greats,1951
chats,1950
jails,1950
mobilized,1950
Eben,1950
optimal,1950
Apu,1950
noone,1950
garrity,1950
grieves,1950
dysentery,1950
butyou,1950
burritos,1950
proposes,1950
finite,1950
pensions,1949
churning,1949
flickering,1949
reopening,1949
³,1949
Chrissie,1949
Enoch,1949
tapestry,1949
pickings,1949
dominating,1949
rammed,1949
misfits,1948
admissible,1948
disrespected,1948
brochures,1948
Nami,1948
venison,1948
EPA,1948
traffickers,1948
ouija,1947
pasa,1947
callers,1947
plait,1947
Khrushchev,1946
impediment,1946
unresponsive,1946
Stirling,1946
tootsie,1946
knave,1946
Danube,1945
itwas,1945
uneducated,1945
disbanded,1945
backstabbing,1945
Krystle,1945
hothead,1945
Bengali,1945
Balin,1944
mugger,1944
marquise,1944
Oda,1944
electrified,1944
jus,1944
Verna,1943
protestors,1943
devilish,1943
roost,1943
hyeong,1943
ratty,1943
polyester,1943
discord,1943
electoral,1943
DeLuca,1943
mucus,1943
sienna,1942
knοw,1942
resync,1942
schnell,1942
infecting,1942
indirectly,1942
Zooey,1942
expands,1942
wrongdoing,1942
harden,1941
stateside,1941
Hortense,1941
paralysed,1941
Dima,1941
tome,1941
accuses,1941
stepdaughter,1941
haters,1941
bungee,1941
Siegel,1941
grubby,1941
Jett,1940
turds,1940
sneezed,1940
foie,1940
Appa,1940
ç,1940
purged,1940
infatuated,1940
cuckold,1939
Quan,1939
Dorado,1939
confounded,1939
Burroughs,1939
unruly,1938
nyah,1938
renovations,1938
singled,1938
racked,1938
è,1938
Microsoft,1937
Calvert,1937
yuk,1937
intubate,1937
syllables,1937
adhere,1937
Domingo,1937
Chilean,1937
quiche,1937
Tarek,1937
Sanborn,1937
shat,1936
shorted,1936
Morelli,1936
molester,1936
prowler,1936
commissary,1936
hittin,1936
inhumans,1936
ter,1936
hookup,1936
inventive,1935
desertion,1935
veterinary,1935
ovens,1935
transient,1935
exempt,1935
defer,1935
decorum,1935
sixpence,1935
cynic,1934
Donaldson,1934
coincidentally,1934
dubaku,1933
Sacha,1933
vaginas,1933
cripples,1933
lnspector,1933
Delinda,1933
Orville,1932
bello,1932
myriad,1932
luthorcorp,1932
feeder,1932
somethings,1932
ridiculed,1932
dreamin,1932
helluva,1931
nom,1931
therapists,1931
fowl,1930
Risa,1930
Capa,1930
discriminate,1930
workmen,1930
imp,1930
Metatron,1930
indiscretion,1930
lifeboats,1929
highlighted,1929
Charissa,1929
spotty,1929
toupee,1928
slacks,1928
chipmunks,1928
worshipping,1928
Pelham,1928
smite,1928
Whittaker,1928
hitchhiker,1928
toads,1927
coherent,1927
ablaze,1927
remnant,1927
pug,1927
Henson,1927
Taipei,1927
Beckman,1926
shrimps,1926
Neary,1926
polaroid,1926
armistice,1926
rationally,1926
pessimistic,1926
positioning,1926
Dori,1926
candidacy,1926
Magdalena,1926
Hickok,1926
misinformed,1926
McNeil,1925
masons,1925
illustrate,1925
unsettled,1925
munching,1925
detailing,1925
omens,1925
stiffs,1925
welding,1925
repo,1925
vino,1924
V.I.P,1924
sodding,1924
harnessed,1924
Malachi,1924
mongo,1924
edema,1924
Motta,1924
vita,1923
wormholes,1923
aristocracy,1923
condemning,1923
zeal,1923
bod,1922
MGM,1922
ascending,1922
Juilliard,1922
surrey,1922
Xin,1922
Kal,1921
derelict,1921
ransacked,1921
tangerine,1921
pooper,1921
TSA,1920
deserting,1920
scones,1920
compadre,1920
prod,1919
understandably,1919
no.1,1919
contented,1919
bewildered,1919
Paulette,1919
Eichmann,1919
graders,1919
empowered,1919
reefs,1918
Keegan,1918
Tribbiani,1918
mind-blowing,1918
Mehmet,1918
Crais,1918
upgrades,1918
blue-eyed,1918
Portman,1918
opposites,1917
Peppino,1917
punctuality,1917
O'Shea,1917
quivering,1917
pistachio,1917
denim,1917
eastbound,1917
Lovell,1917
godson,1917
amend,1917
waterfalls,1916
credence,1916
pediatric,1916
PlayStation,1916
indulging,1916
kanji,1916
shrill,1916
Fabrizio,1916
Rei,1916
Beecher,1916
pita,1915
stowed,1915
lib,1915
sevens,1915
wedlock,1915
swami,1915
dorky,1914
Knowles,1914
intestinal,1914
meteors,1914
clingy,1914
hand-to-hand,1914
exalted,1914
homophobic,1913
infatuation,1913
tote,1913
Ivo,1913
ponce,1913
quartz,1913
alleviate,1913
JEAN-DO,1913
marshes,1912
pinnacle,1912
scavengers,1912
loathsome,1912
auctioneer,1912
expresses,1912
trois,1912
first-aid,1912
thereof,1911
intellectually,1911
hummus,1911
waged,1911
outbursts,1911
calendars,1911
dieu,1911
hurdle,1911
paralegal,1911
unparalleled,1910
chloride,1910
fora,1910
pleasurable,1910
demi,1910
productivity,1910
Baltic,1910
pivot,1910
Fei-hung,1909
cartilage,1909
incantation,1909
proudest,1909
wildcats,1909
Turing,1909
boars,1909
scholarships,1909
maitre,1909
atonement,1909
Huntley,1908
Yuko,1908
shareholder,1908
herrmann,1908
dingo,1908
½,1908
newsletter,1908
Zorn,1908
Uday,1908
tivo,1907
nomads,1907
Henshaw,1907
collided,1907
Britannia,1907
first-degree,1907
quartermaster,1906
Nielsen,1906
rims,1906
Gul,1906
dismantled,1906
Fillory,1906
flanks,1906
astro,1906
Electra,1906
jumpsuit,1906
angrier,1906
Luger,1905
brisk,1905
benches,1905
Finnegan,1905
Malfoy,1905
enzymes,1905
patronage,1904
brunt,1904
verbally,1904
knockin,1904
hyperventilating,1904
flaunt,1903
baby-sitting,1903
nexus,1903
inflamed,1903
Nessa,1903
amazons,1903
corned,1903
ig,1903
TC,1903
Altman,1903
nowt,1903
peddler,1903
Goran,1903
snatcher,1903
Gannicus,1902
vaporized,1902
hardball,1902
tenderly,1902
reflections,1902
jolie,1902
resumed,1902
Bismarck,1902
deflect,1902
Davos,1902
beanie,1901
Sutherland,1901
recluse,1901
enabling,1901
splattered,1901
bleeps,1901
Ganesh,1900
soufflé,1900
inhaled,1900
faux,1900
counselling,1900
outdone,1900
fathered,1900
Timon,1900
Sigmund,1900
mediocrity,1899
picker,1899
sedation,1899
predatory,1899
sunsets,1899
inspections,1899
mindset,1899
Uranus,1899
parrots,1899
lecturer,1899
evaluations,1899
life-support,1899
exchanges,1898
Vesuvius,1898
I'lI,1898
Gittes,1898
JC,1898
reincarnated,1898
subtlety,1897
Minh,1897
enhancement,1897
ho-ho-ho,1897
slink,1897
Vidal,1897
Adrien,1896
poppin,1896
tweezers,1896
botanical,1896
takedown,1896
noticeable,1895
censor,1895
updating,1895
Mozzie,1895
radioed,1895
fatality,1895
celebrates,1895
fundraising,1894
pauper,1894
Hokkaido,1894
reinforcement,1894
shitter,1894
snapshot,1894
impounded,1894
bikinis,1894
Aceveda,1894
expressway,1894
constellations,1893
horseshoe,1893
cheekbones,1893
transgender,1893
roamed,1893
sideline,1893
acupuncture,1893
sellin,1893
Halifax,1893
compulsory,1892
Navajo,1892
lumberjack,1892
Pollard,1892
self-confidence,1891
instructors,1891
linens,1891
bff,1891
leveled,1891
vandal,1891
cruelly,1891
pedals,1891
D.E.A,1891
fixated,1890
acids,1890
inward,1890
workforce,1890
thumbprint,1890
autographed,1889
Chuy,1889
reputable,1889
clowning,1889
Sabina,1889
nefarious,1888
Daniela,1888
Langford,1888
Mali,1888
seam,1888
snowstorm,1888
liquids,1888
depicted,1888
desi,1888
Marci,1888
fairer,1888
parcels,1888
unbalanced,1888
knackered,1887
sculpt,1887
Allahu,1887
O'Leary,1887
clogs,1887
Pandey,1887
grids,1887
Sinai,1887
OJ,1887
stalks,1886
Heung,1886
woozy,1886
turret,1886
Pumbaa,1885
strumming,1885
Zarek,1885
Kaz,1885
all-night,1885
torments,1885
CP,1885
boned,1885
undisturbed,1885
Ronaldo,1885
pinging,1885
overpriced,1885
Rance,1885
Luxembourg,1885
priesthood,1884
bibles,1884
pubes,1884
occupants,1884
mastery,1884
looming,1884
fiends,1884
Shana,1884
undressing,1884
Morra,1884
FEMA,1884
amore,1883
impetuous,1883
punchy,1883
fast-paced,1883
tranny,1883
Bapu,1882
Vadim,1882
8-year-old,1882
calligraphy,1881
decomposition,1881
DHS,1881
wealthiest,1881
Lawton,1881
improvising,1881
Martins,1881
medicated,1881
centres,1881
prissy,1880
Barbossa,1880
narcissist,1880
passover,1880
attractions,1880
upholstery,1880
gonorrhea,1880
uplifting,1880
smut,1879
slinging,1879
typhoid,1879
ten-hut,1879
friendlies,1879
brava,1878
ie,1878
mucking,1878
dishonorable,1878
athelstan,1878
reliving,1878
wherefore,1878
Quahog,1878
Eustace,1878
scrappy,1878
they-they,1877
Megumi,1877
sustenance,1877
apricot,1877
smooches,1877
shopkeeper,1876
Ariadne,1876
do-do,1876
ima,1876
Saracen,1876
breaches,1876
winces,1876
Ivanovich,1876
lepers,1875
afforded,1875
Smurfette,1875
sampling,1875
cutthroat,1875
hemlock,1875
Geraldine,1875
Zola,1874
partied,1874
dazed,1874
slogans,1874
sous,1874
striving,1874
PCP,1874
lows,1873
oceanic,1873
sans,1873
guesthouse,1873
juncture,1873
deposed,1873
Solis,1873
starfish,1873
bustin,1873
rudimentary,1873
Petersen,1873
Dekker,1872
lobbying,1872
Tyrol,1872
moonlighting,1872
Dogg,1872
chiropractor,1872
McBain,1872
innings,1872
mindful,1871
Blomkvist,1871
Spooner,1871
spiritus,1871
comical,1871
Quintus,1871
cite,1871
rumba,1871
Galapagos,1871
b-but,1870
flabby,1870
brim,1870
Jeju,1870
wolsey,1870
waltzing,1870
Cornish,1870
synth,1870
nicks,1869
old-time,1869
bunkers,1869
Cheon,1869
legislature,1869
Alton,1869
vasectomy,1868
Greenberg,1868
U.S.S,1868
wassup,1868
exonerated,1868
bluebell,1868
apparel,1868
unbroken,1867
icky,1867
coliseum,1867
incognito,1867
Leena,1867
Larrabee,1866
Bavaria,1866
munchkin,1866
sergeants,1866
Nandu,1866
Chappelle,1866
peaked,1866
Desiree,1866
Gerhardt,1865
Cong,1865
Madhu,1865
operas,1865
demographic,1865
accountability,1865
tot,1865
amazes,1865
reputations,1865
ethereal,1865
puma,1865
ovaries,1864
suis,1864
dauphin,1864
Cruella,1864
digit,1864
wedged,1864
magneto,1863
wrestlers,1863
Quigley,1863
hearted,1863
role-playing,1863
peripheral,1863
longs,1863
enquire,1863
recollect,1863
porters,1863
extort,1863
piñata,1863
comprende,1862
Siri,1862
Pickett,1862
Hershey,1862
terrier,1862
gully,1862
Gillis,1862
enlightening,1862
juniors,1861
urchin,1861
Stonehenge,1861
Salinger,1861
retinal,1861
ensuring,1860
extracurricular,1860
cardigan,1860
tots,1860
Ders,1860
alterations,1859
anklet,1859
sculpting,1859
braids,1859
tidying,1859
Neverland,1859
quarrels,1859
Bolivian,1859
CHILDRESS,1858
trimming,1858
behead,1858
two-year,1858
realist,1858
nimble,1858
zillion,1858
reduces,1857
crippling,1857
singsong,1857
angered,1857
brain-dead,1857
unfairly,1857
couriers,1857
Prakash,1857
mnh,1857
pullin,1857
psychologists,1857
confuses,1857
chamomile,1856
draught,1856
Lipton,1856
jeepers,1856
Maquis,1856
strategist,1856
H.G,1856
grapevine,1855
or-or,1855
Kidd,1855
stuffs,1855
Hefner,1855
headstone,1854
compressions,1854
documenting,1854
Laroche,1854
Angola,1854
henna,1854
spasms,1854
blockage,1854
realism,1854
hwan,1854
Germaine,1853
tambourine,1853
succumbed,1853
Wray,1853
henchman,1853
odious,1853
drafts,1853
supremacy,1853
garter,1853
Becket,1853
hei,1852
adrianna,1852
Kath,1852
reefer,1852
Kraft,1852
objected,1852
whimper,1852
runes,1852
Koichi,1852
conundrum,1851
physique,1851
snatching,1851
lll,1851
fornication,1850
reigning,1850
maneuvering,1850
berk,1850
cauliflower,1850
proprietary,1850
Sosuke,1850
prism,1850
malfunctioned,1850
captors,1850
crud,1850
throwin,1850
Neela,1849
Sanskrit,1849
avec,1848
glances,1848
hatching,1848
brawn,1848
sor,1848
messed-up,1848
I.Q,1847
pulsating,1847
rallies,1847
wristwatch,1847
beech,1847
overpower,1847
Niels,1847
braves,1847
freestyle,1847
makings,1847
litt,1847
father-son,1846
indigo,1846
god-awful,1846
electrodes,1846
tweets,1846
Renoir,1846
confound,1846
erected,1846
stifled,1845
double-crossing,1845
promicin,1845
loosened,1845
Janeiro,1845
Astra,1845
partition,1844
Liberace,1844
lal,1843
thermostat,1843
Dianne,1843
sniveling,1843
blister,1843
crusades,1843
ninny,1843
Chandu,1843
scaffolding,1843
Ishida,1843
wheelbarrow,1843
infallible,1843
smithy,1843
foryour,1843
law-abiding,1842
reflective,1842
primordial,1842
dodgeball,1842
Mayfair,1842
tenner,1842
backfire,1842
foreclosure,1842
Simeon,1842
Ilsa,1842
visuals,1842
derail,1842
institutionalized,1842
truckers,1841
subordinates,1841
pootie,1841
parading,1841
great-grandmother,1841
blight,1841
stahl,1841
Horst,1840
Luftwaffe,1840
resembling,1840
botany,1840
seeming,1840
n't,1840
xerox,1840
shel,1840
château,1840
LeBlanc,1839
tanked,1839
fabrication,1839
demeanor,1839
two-week,1839
Jarrod,1839
darkened,1838
mangoes,1838
impala,1838
ajussi,1838
evergreen,1838
exponentially,1838
gagged,1838
conclave,1838
zhi,1838
Coffey,1838
Granada,1838
pendejo,1838
baboons,1838
cornfield,1837
madmen,1837
reasoned,1837
radioactivity,1837
adept,1837
deterrent,1837
buyin,1837
convene,1837
uzi,1837
sided,1837
40-year-old,1837
serenade,1836
Gladstone,1836
shoemaker,1836
seminars,1836
wheeled,1836
shortcuts,1836
expressly,1836
Loeb,1836
gymnast,1836
Argentine,1835
disliked,1835
supervisors,1835
Jez,1835
Farhad,1835
stupidly,1834
halibut,1834
bozos,1834
anchors,1834
bringin,1834
Yessir,1834
topple,1834
merc,1834
Romulus,1834
cobwebs,1834
decommissioned,1833
Stabler,1833
Patmore,1833
Polk,1833
breeder,1833
saab,1833
duster,1833
ventured,1833
steered,1833
conning,1832
Nils,1832
wicker,1832
leaflets,1832
finely,1832
Birkoff,1832
confederacy,1832
jimenez,1831
coincide,1831
seekers,1831
Pax,1831
questionnaire,1831
furlough,1831
re-election,1831
resolute,1831
gulping,1830
laughingstock,1830
Gawain,1830
informative,1830
internationally,1830
Bassam,1829
dissent,1829
Krystal,1829
moderation,1829
Mischa,1829
ake,1829
practised,1829
bilge,1829
mockingly,1829
covet,1829
Londo,1829
kiosk,1829
sardine,1829
aced,1829
scot,1828
Costco,1828
demonstrates,1828
unscathed,1828
terrorize,1827
juniper,1827
Mongol,1827
CV,1827
sportscaster,1827
Laney,1827
ex-military,1827
subsidiary,1826
astern,1826
methinks,1826
biometric,1826
anxiously,1826
barring,1826
drab,1826
lidocaine,1826
saturated,1826
sulphur,1825
greets,1825
packer,1825
protons,1825
smirk,1825
sass,1825
aversion,1824
daze,1824
morph,1824
mahi,1824
cartons,1824
Radley,1824
Ros,1824
gleam,1824
Trav,1823
fingered,1823
broaden,1823
immaterial,1822
Baal,1822
Hanuman,1822
dede,1822
offthe,1822
Matthias,1822
priced,1821
insidious,1821
bookshop,1821
after-school,1821
meringue,1821
arty,1821
narcotic,1821
boyz,1821
entirety,1821
Graff,1821
interrogations,1820
auditioned,1820
aku,1820
coated,1820
Emmanuel,1820
Fernand,1820
Durga,1820
revert,1820
breezy,1820
impacts,1820
Caruso,1819
battled,1819
expectancy,1819
luminous,1819
ood,1819
Coolidge,1819
ignited,1819
infidels,1819
Kili,1819
impaled,1818
vitality,1818
flagpole,1818
endearing,1818
invoices,1818
Ganges,1818
Kristi,1818
blur2,1818
unfolding,1818
gripping,1818
declining,1818
parmesan,1817
scarves,1817
Kinsey,1817
pesticides,1817
custodian,1817
uma,1817
jot,1817
Leavenworth,1817
squirming,1816
qu,1816
tubs,1816
posterior,1816
incorrigible,1816
feasible,1816
pinhead,1816
parades,1816
Rwanda,1816
profiler,1815
magnolia,1815
endeavour,1815
goatee,1815
faculties,1815
cookin,1815
Illuminati,1815
cuddling,1815
springing,1815
Trev,1815
sonata,1814
rubbers,1814
marooned,1814
fondly,1814
surveyor,1814
ngo,1814
saddened,1814
Woong,1814
pero,1813
embraces,1813
pasty,1813
first-time,1813
payphone,1813
smog,1813
koko,1813
sculpted,1812
symmetrical,1812
Silvio,1812
sparrows,1812
misfortunes,1812
giddyup,1812
embarked,1812
Minas,1812
Bolsheviks,1812
tamper,1812
fumble,1812
wimps,1811
kook,1811
bathhouse,1811
zig,1811
ditches,1811
belay,1811
surging,1811
toasting,1811
clamouring,1811
broomstick,1810
grisly,1810
catapult,1810
implemented,1810
haitian,1810
outsmart,1810
setbacks,1810
primer,1810
huddled,1809
Effie,1809
acquittal,1809
monogamy,1809
payout,1809
Zoya,1809
buzzards,1809
Renato,1809
offset,1808
deviate,1808
births,1808
squirm,1808
reluctance,1808
craves,1808
Piero,1808
Lerner,1808
scruffy,1807
tins,1807
shagged,1807
shifter,1807
Arvin,1807
line-up,1806
diverting,1806
shes,1806
stomachache,1806
accumulate,1806
uniting,1806
Setsuko,1806
mover,1806
venerable,1806
Jansen,1806
Oakley,1806
stagecoach,1806
reimburse,1806
Jeffersonian,1805
nine-year-old,1805
Amit,1805
bala,1805
pouting,1805
edict,1805
stockade,1805
Eames,1805
Schwarzenegger,1805
cyst,1805
comandante,1804
sou,1804
shoddy,1804
furnish,1804
Fairbanks,1804
Knope,1804
watt,1804
shrew,1804
rendition,1804
Albright,1804
dictation,1804
Corbin,1804
Cissy,1804
broader,1803
chewy,1803
Kwai,1803
disagreements,1803
highs,1803
nurtured,1803
fie,1803
mommies,1803
lobotomy,1803
scribbling,1803
methodical,1803
damning,1802
Gregorio,1802
seedy,1802
oppressive,1802
Corcoran,1802
disbelief,1802
Erickson,1801
interestingly,1801
cross-referenced,1801
chomping,1801
Françoise,1801
Croatia,1801
toddy,1800
stethoscope,1800
appendicitis,1800
Hogarth,1800
deploying,1800
skyscrapers,1800
clipboard,1800
crapper,1799
Dwyer,1799
Mongols,1799
Yasmin,1799
dicey,1799
Bowden,1799
milf,1799
indiscreet,1798
pitied,1798
nyet,1798
noggin,1798
lymphoma,1798
manger,1798
i-is,1798
soliciting,1798
legislative,1798
craftsman,1797
Iraqis,1797
O'Keefe,1797
preached,1797
Ilana,1797
blabbering,1797
mg,1797
pajama,1797
milestone,1797
Esperanza,1797
incendiary,1797
30-year-old,1797
Yonkers,1796
rheumatism,1796
demeaning,1796
gratifying,1796
doubly,1796
inherently,1796
grader,1796
outback,1796
pl,1796
skydiving,1796
stepmom,1795
gastric,1795
elemental,1795
Thom,1795
cushy,1795
Saxons,1795
Elrond,1795
statutory,1795
B'Elanna,1795
remedies,1794
Althea,1794
self-destructive,1794
egghead,1794
Attica,1794
aberration,1794
it'sa,1794
basing,1794
enroll,1794
bleeder,1794
semantics,1794
moldy,1794
vig,1794
Seema,1794
impossibility,1794
sanatorium,1793
holla,1792
broken-down,1792
bei,1792
pellet,1792
pastrami,1791
willed,1791
versatile,1791
chemically,1791
lashing,1791
0f,1791
Creasy,1791
interacting,1791
relentlessly,1790
repugnant,1790
hao,1790
Nikhil,1790
Valdez,1790
installment,1790
no-brainer,1790
Canaan,1790
Hepburn,1790
Olmo,1790
illegals,1790
accelerant,1790
saltwater,1790
retrieving,1790
chesapeake,1790
turnaround,1790
embalming,1789
horsey,1789
snapper,1789
inflatable,1789
av,1789
bak,1789
Hayworth,1789
reconvene,1789
crazy-ass,1789
Judea,1788
knowwhat,1788
mouthwash,1788
Pasquale,1788
grappling,1787
inscribed,1787
crackle,1787
Galavan,1787
Thunderbird,1787
Gert,1787
hitchhiking,1787
dentures,1787
welded,1787
barricaded,1787
Liddy,1787
Bain,1787
inactive,1786
laptops,1786
playa,1786
Ichabod,1786
kelp,1786
abolish,1786
eons,1786
reentry,1786
decompression,1786
innate,1786
glaring,1786
festivals,1786
husky,1786
rancher,1785
metamorphosis,1785
chickened,1785
Umberto,1785
Theseus,1785
Niro,1785
entangled,1785
outcomes,1785
tiptoe,1785
erosion,1785
crematorium,1785
Nasser,1784
overpass,1784
paradigm,1784
stifling,1784
rebelled,1784
chassis,1784
Scorsese,1784
pleasantries,1784
know-how,1784
tosser,1784
cowgirl,1783
roundup,1783
impersonate,1783
scaffold,1783
chumps,1783
co-operate,1783
Nigerian,1783
handout,1783
Philips,1783
dolce,1783
boulders,1783
ghul,1782
fido,1782
continuation,1782
Karachi,1782
cleverly,1782
guv'nor,1782
endowed,1781
hell-bent,1781
D.O.D,1781
FedEx,1781
minorities,1781
Evy,1781
luring,1781
unaffected,1781
öä,1781
hone,1780
mumbo,1780
shortcomings,1780
twitchy,1780
demonstrators,1780
intermittent,1780
gramophone,1780
maximize,1780
disruptive,1780
celibate,1779
jib,1779
vaudeville,1779
Zoidberg,1779
Ashby,1778
Deng,1778
nuthouse,1778
footwork,1778
Rosalind,1778
Seeley,1778
mercia,1778
insurrection,1778
Rallo,1777
syne,1777
Springsteen,1777
Pocahontas,1777
six-month,1777
golem,1777
evilly,1777
palette,1777
thang,1777
incite,1777
Breen,1777
iranians,1777
foxhole,1777
bonanza,1776
entrails,1776
thickness,1776
Shayne,1776
converts,1776
Wikipedia,1776
1920s,1776
punitive,1776
bearable,1776
counterpart,1776
individuality,1776
plugging,1776
totaled,1775
chronicles,1775
amps,1775
frees,1775
plume,1775
copped,1775
Carina,1775
Ontario,1775
schoolyard,1775
drastically,1775
three-dimensional,1775
gust,1774
ied,1774
comer,1774
Spielberg,1774
zu,1774
comparable,1774
amuses,1773
Pokémon,1773
hard-ass,1773
Maximilian,1773
Clovis,1773
summat,1773
fanning,1773
vato,1773
devouring,1773
hotdog,1773
symbolizes,1772
vagabond,1772
snipe,1772
Cris,1772
i.e,1772
incarnate,1772
zinc,1771
Messala,1771
doctored,1771
primates,1771
Kryten,1771
Josey,1771
deadlines,1771
TARS,1771
tartar,1771
Byrd,1770
Locksley,1770
Lombardo,1770
Henley,1770
B.P,1770
bullion,1770
paternal,1770
Rittenhouse,1770
Mandi,1770
Dara,1769
varieties,1769
shitheads,1769
Erwin,1769
clemency,1769
arrhythmia,1769
Tallahassee,1768
Pino,1768
impressionable,1768
glanced,1768
constabulary,1768
Nandini,1768
N.Y.P.D,1768
overture,1768
forceps,1768
unplugged,1768
Morley,1768
Daytona,1767
falsified,1767
Leonid,1766
disinfectant,1766
authorisation,1766
kiwi,1766
dawning,1766
self-help,1765
nutmeg,1765
paz,1765
sabre,1765
notoriously,1765
kol,1765
Nadya,1765
televised,1764
T-bone,1764
pt,1764
hanky,1764
athletics,1764
trinket,1764
resists,1764
composing,1763
strategically,1763
bullseye,1763
wrought,1762
whisperer,1762
reacher,1762
piety,1762
unearthed,1762
commandeer,1762
m'lord,1762
hostilities,1762
haircuts,1762
gasket,1762
curiously,1761
hipster,1761
pac-man,1761
attained,1761
Fleury,1761
Blackwater,1761
hazing,1761
prototypes,1761
airman,1761
Nevins,1761
noooo,1760
wobble,1760
9mm,1760
exhibited,1760
Gillespie,1760
Laos,1760
newsreel,1760
quadruple,1760
disorganized,1760
adjoining,1760
ama,1759
acquisitions,1759
cur,1759
fetched,1759
buttered,1759
Trager,1759
koi,1759
Vanya,1759
post-it,1759
unsaid,1758
vouched,1758
what's-her-name,1758
ventures,1758
Danforth,1758
unforgiving,1758
sockets,1757
bowled,1757
invader,1757
query,1757
loudest,1757
Ziegler,1756
recourse,1756
life-changing,1756
prepaid,1756
remodel,1756
skedaddle,1756
bays,1756
opa,1756
Orin,1755
Sergey,1755
Knightley,1755
Aberdeen,1755
mistakenly,1755
boo-hoo,1755
compress,1754
hey-hey,1754
ah-ah-ah,1754
magpie,1754
razors,1754
lull,1754
Johannesburg,1754
heartbreaker,1754
IKEA,1754
Ungh,1754
bestseller,1754
inhalation,1754
merde,1753
sexes,1753
ringleader,1753
Christophe,1753
uns,1753
phases,1753
Rudd,1753
calibre,1753
figuratively,1753
Thorwald,1752
slush,1752
lino,1752
ails,1752
squint,1752
bots,1752
GDR,1751
disrespecting,1751
defenceless,1751
Elinor,1751
Rishi,1751
Sasaki,1751
barmaid,1751
rios,1751
nt,1751
Oogway,1751
heats,1751
cavities,1751
lawns,1751
Topanga,1750
Humbert,1750
decontamination,1750
seclusion,1750
emit,1749
Algerian,1749
Doña,1749
Henning,1749
flatline,1748
uhhh,1748
spiking,1748
accommodating,1748
Melrose,1748
MacLeish,1747
fashions,1747
unfulfilled,1747
combs,1747
kegs,1747
ir,1747
blistering,1747
tr,1747
ooze,1747
Midland,1747
counteract,1747
sizable,1747
unsavory,1747
tada,1747
imbeciles,1747
participant,1747
sludge,1747
gesundheit,1746
lycan,1746
conquests,1746
Mongolian,1746
Lieberman,1746
ricochet,1746
pendulum,1746
illumination,1746
countermeasures,1745
zucchini,1745
lubricant,1745
Tuscany,1745
periodic,1745
workload,1745
remarry,1745
unsullied,1745
gutsy,1744
sunburn,1744
Adrienne,1744
Dumont,1744
no-no-no,1744
drafting,1744
bittersweet,1744
Palin,1744
ecological,1744
affinity,1744
debacle,1743
outage,1743
manhole,1743
toga,1742
hunches,1742
disappearances,1742
zebras,1742
consist,1742
bangers,1742
Cecily,1742
voucher,1742
president-elect,1741
Surya,1741
scrumptious,1741
Cuthbert,1741
familiarity,1741
recklessly,1741
Belize,1741
malware,1741
fennel,1741
gouge,1741
VHS,1741
remand,1741
Swahili,1741
w-well,1740
treaties,1740
Timo,1740
surges,1740
Stace,1740
Harlow,1740
unchecked,1740
Cai,1740
biologically,1740
yields,1740
Bartlet,1740
lumbar,1740
Inca,1740
flogging,1740
bundles,1739
Farrah,1739
balances,1739
badlands,1739
simpleton,1739
Siam,1739
ware,1739
Kazuo,1739
Grossman,1738
billiard,1738
routing,1738
lucked,1738
fast-forward,1738
stimulus,1738
rhubarb,1738
Koenig,1738
puppeteer,1738
ß,1738
mogul,1738
correlation,1738
befriend,1738
cease-fire,1738
Dawkins,1738
lactose,1738
merlot,1738
irregularities,1738
unregistered,1738
activates,1737
take-out,1737
inbred,1737
beet,1736
ex-cop,1736
Kafka,1736
ailing,1736
mope,1736
Myles,1736
shim,1736
beginners,1736
surfboard,1736
promiscuous,1736
memoir,1735
saki,1735
invulnerable,1735
well-trained,1735
sona,1735
Exeter,1735
echelon,1735
doesnt,1735
alphas,1735
norse,1734
squandered,1734
cosby,1734
jackhammer,1734
flirty,1734
mumps,1734
thirty-eight,1734
dinghy,1734
litres,1733
warmly,1733
turn-on,1733
Pontiac,1733
spanky,1733
dwells,1733
Genji,1733
fictitious,1733
thirty-three,1733
Dario,1733
habitable,1732
CPS,1732
Mott,1732
dented,1732
egos,1732
Sunil,1732
sized,1732
swindled,1731
Volkoff,1731
adhesive,1731
ry,1731
Nintendo,1731
Kunta,1731
Moshe,1731
amour,1731
seawater,1731
homos,1730
soaps,1730
signify,1730
Kronos,1730
sweatpants,1730
forcefully,1730
foolin,1730
Andres,1730
Sayuri,1730
slipstream,1730
warns,1729
amputation,1729
Imean,1729
armenians,1729
quiver,1728
liquidate,1728
biceps,1728
Ramesh,1728
fausto,1728
dictators,1728
shoelace,1727
braking,1727
Lynda,1727
CAPCOM,1727
Indonesian,1727
discrepancy,1727
low-life,1727
incubator,1727
Kinney,1727
papaya,1727
formulas,1727
Grodd,1727
revel,1727
Dominick,1726
decimated,1726
rousing,1726
Raceman,1726
tush,1726
Chau,1726
Jaeger,1725
entrapment,1725
Tilda,1725
contracting,1725
Scandinavian,1725
Virgo,1725
Bogg,1725
unguarded,1724
pairing,1724
Doren,1724
McKinney,1724
warring,1724
skyscraper,1724
hops,1724
Rockies,1724
toffee,1723
overdosed,1723
carthage,1723
trickling,1723
uniformed,1723
gui,1723
blur1,1722
bystanders,1722
pika,1722
look-see,1722
mis,1722
caverns,1722
tripe,1722
sixties,1722
impregnable,1722
sultry,1722
gnawing,1721
bering,1721
be1,1721
Vicente,1721
culprits,1721
Jenner,1720
Zara,1720
Ferrara,1720
Alexx,1720
Noonan,1720
Gisborne,1720
shined,1720
reassurance,1720
Bettie,1720
cutbacks,1720
unsuitable,1720
stupendous,1720
Abilene,1719
caprice,1719
tater,1719
Geraldo,1719
oaths,1719
riffraff,1719
Byers,1719
Drazen,1719
mongoose,1719
orgies,1719
revolve,1719
meh,1718
eraser,1718
executor,1718
Sadako,1718
polymer,1718
sociology,1718
foothold,1718
recognizable,1718
obituaries,1718
screened,1717
thrift,1717
winking,1717
stainless,1717
reels,1717
Moines,1717
discontent,1717
tutu,1717
lumen,1717
recommends,1717
rewriting,1717
endeavors,1717
mormons,1716
distantly,1716
carelessness,1716
dorks,1716
unpleasantness,1716
near-death,1716
roughed,1716
miser,1716
ifyou're,1716
Naz,1716
climbers,1715
Nostradamus,1715
westbound,1715
Pongo,1715
y0u,1715
willies,1715
well-dressed,1715
séance,1715
selecting,1715
Reiko,1714
banishment,1714
mor,1714
runner-up,1713
Lottie,1713
walled,1713
servitude,1713
slashing,1713
Hatfield,1713
tranquilizers,1713
electronically,1713
migrate,1713
browsing,1712
bup,1712
Rollie,1712
gazebo,1712
Michiko,1712
modem,1712
Barrie,1712
court-martialed,1712
dismembered,1712
couture,1712
foghorn,1712
Negan,1711
squander,1711
Kipling,1711
booby-trapped,1711
impromptu,1711
gan,1711
Basque,1711
temperamental,1710
swelled,1710
Vanderbilt,1710
jangle,1710
Sikes,1710
bung,1710
paratroopers,1710
Maitland,1710
cross-examination,1710
battering,1710
lymph,1709
interactions,1709
Scranton,1709
Willi,1709
mallet,1709
tightened,1709
AK-47,1709
spiteful,1709
recapture,1709
Hurst,1709
grossly,1709
lapping,1708
blissful,1708
copier,1708
gnomes,1708
Stagg,1708
suzette,1707
wallop,1707
fluorescent,1707
sunup,1707
undertaken,1707
ravenous,1707
Harkness,1707
buggered,1707
grange,1707
nozzle,1707
Meatwad,1706
emporium,1706
abortions,1706
presumption,1706
artiste,1706
bride-to-be,1706
padawan,1706
budding,1706
diners,1706
als,1706
honorably,1706
structured,1706
dishonored,1705
chien,1705
occupant,1705
sprite,1705
buckshot,1705
goodie,1705
crafted,1704
Naboo,1704
fastball,1704
glazed,1704
middleweight,1704
Sibley,1704
contradictions,1704
credited,1704
blackened,1704
meanings,1704
Kosovo,1704
racking,1703
Brackett,1703
Viki,1703
McLeod,1703
Blythe,1703
dobson,1703
homely,1703
overseer,1703
roomie,1703
Hyun-seo,1703
Dutton,1703
grasshoppers,1703
shih,1703
astrologer,1702
rudely,1702
Heh-heh-heh,1702
liras,1702
mortis,1702
twine,1702
LeBron,1701
Choe,1701
comme,1701
hairless,1701
deterioration,1700
coachman,1700
mosaic,1700
hogging,1700
psychedelic,1700
Sherri,1700
argyle,1700
ringside,1700
ntac,1700
mma,1700
Bridgette,1700
capisce,1700
dugout,1700
pucker,1699
humbug,1699
misuse,1699
srt,1699
hairpin,1699
Dredd,1699
obsess,1698
Lemonis,1698
Marlboro,1698
drowsy,1698
bracket,1698
sauerkraut,1698
spares,1697
jobless,1697
choreographer,1697
critique,1697
pecking,1697
brainstorm,1697
hounding,1697
to-to,1697
omni,1697
mew,1697
Kobol,1697
reinvent,1696
unbecoming,1696
Asterix,1696
yoghurt,1696
flippers,1696
Rogelio,1696
hydrant,1696
pyre,1696
romances,1696
rejoicing,1696
realty,1696
Kissinger,1696
terrify,1696
registrar,1696
adulthood,1696
redecorating,1696
marauder,1696
embroidery,1695
madder,1695
filtered,1695
businesswoman,1695
goto,1695
abnormalities,1695
thirds,1695
Dreyfuss,1695
fat-ass,1695
100th,1695
tongs,1694
contradictory,1694
crore,1694
supplements,1694
shadowy,1694
cheerios,1694
bigtime,1694
Prussian,1694
beat-up,1693
Calloway,1693
Caligula,1693
entice,1693
varies,1693
harms,1693
clack,1692
bankroll,1692
sapiens,1692
curd,1692
estrogen,1692
pests,1691
Loras,1691
flog,1691
ljust,1691
nosey,1691
hubris,1691
necklaces,1690
gringos,1690
inciting,1690
Cleve,1690
Ando,1690
congenital,1689
validity,1689
hoofbeats,1689
plaintiffs,1689
noches,1689
codex,1688
rancid,1688
shimmer,1688
hideaway,1688
hammerhead,1688
Zhong,1688
amorous,1687
Mosley,1687
Maserati,1687
responders,1687
Nygma,1687
rotary,1687
Whitfield,1687
Putnam,1687
Guam,1686
inflated,1686
speedster,1686
dickheads,1686
Voltaire,1686
Kristy,1686
advisable,1686
notable,1686
thirty-one,1685
illuminating,1685
treading,1685
lac,1685
say-so,1685
socialists,1685
sloshing,1685
conspiracies,1685
jockeys,1685
Corso,1685
invariably,1685
galore,1684
slacker,1684
Farah,1684
í,1684
barkeep,1684
dispensary,1684
cucumbers,1684
muskets,1683
you're-you're,1683
quell,1683
volley,1683
newsstand,1683
Osman,1683
empties,1682
bumble,1682
Montoya,1682
defected,1682
ATTENBOROUGH,1682
catatonic,1682
ailment,1681
chariots,1681
Rydell,1681
impervious,1681
gecko,1680
Tonto,1680
Chazz,1680
replenish,1680
Rodgers,1680
manga,1680
Latif,1680
Kirsty,1680
mouthpiece,1680
sliver,1680
weren,1680
sedition,1680
bogged,1680
Mayflower,1680
chatted,1680
sander,1680
Northman,1679
whiter,1679
trainees,1679
poise,1679
enthusiast,1679
leniency,1679
hemp,1679
dartmouth,1679
raggedy,1679
battalions,1679
offences,1678
liven,1678
shackled,1678
bracken,1678
applicant,1678
Kostya,1678
Serpico,1678
mauled,1678
thingies,1678
R2-D2,1678
disagrees,1678
corrupting,1677
hinting,1677
Lakshmi,1677
Ramiro,1677
lock-up,1677
misinterpreted,1677
coordinators,1677
strenuous,1677
repellent,1676
gaff,1676
ventriloquist,1676
whoa-oh,1676
inoperable,1676
Nairobi,1676
jettison,1676
a-bomb,1676
pulpit,1676
presenter,1676
Falk,1676
Severus,1676
backups,1676
booties,1675
policewoman,1675
exonerate,1675
carpenters,1675
batty,1675
hickory,1675
Bilko,1675
molest,1675
littered,1674
repertoire,1674
disappointments,1674
animosity,1674
commonplace,1674
rupee,1674
groggy,1674
oldie,1674
Thurman,1674
attends,1674
cajun,1674
gatekeeper,1674
Mose,1674
Rawls,1674
aqui,1674
koto,1673
pesticide,1673
Bolshevik,1673
lingers,1673
Dorne,1673
Templars,1673
photoshop,1673
repetitive,1673
Jerrod,1673
Warhol,1673
rainfall,1673
aides,1673
Riordan,1672
crayon,1672
tweaked,1672
Reston,1672
hemorrhoids,1672
beggin,1672
Morten,1672
steamy,1672
developers,1672
viewpoint,1672
detainees,1672
pillage,1671
cascade,1671
pharrell,1671
shredding,1671
Τhat,1671
blubbering,1671
stoker,1671
portray,1671
qualification,1671
grotto,1670
diffuse,1670
nautilus,1670
Rehan,1670
conga,1670
fifty-five,1670
organizer,1670
sizzle,1670
Heisenberg,1670
disintegrate,1670
keystone,1670
footman,1670
pate,1670
heartland,1670
Paulina,1670
Meghna,1670
depravity,1669
dl,1669
overhaul,1669
labors,1669
skanky,1669
screamin,1669
maimed,1669
scoreboard,1669
Collin,1669
plentiful,1669
fixin,1669
engraving,1669
crewmen,1668
midlife,1668
convergence,1668
stillness,1668
shyness,1668
yams,1668
drivel,1668
d-don't,1668
v-fib,1668
Goethe,1668
yeller,1668
dago,1668
Zaphod,1667
clavicle,1667
judiciary,1667
fishin,1667
Sollozzo,1667
Lauda,1666
inspecting,1666
falter,1666
handwritten,1666
fillet,1666
Gannon,1666
mamas,1666
nuys,1666
Horowitz,1666
Caspian,1666
clung,1665
precincts,1665
carpool,1665
mosby,1665
Pappu,1665
Hume,1665
cabana,1665
Danni,1665
Waco,1665
alerts,1665
1800s,1664
raps,1664
politeness,1664
Duce,1664
cinder,1664
saver,1664
arrivederci,1663
garnish,1663
Kwang,1663
dans,1663
leopards,1663
pooping,1663
Australians,1663
Tami,1663
Blackburn,1663
Cadmus,1662
landmarks,1662
Cyndi,1662
maxi,1662
macabre,1662
impractical,1662
Gifford,1662
has-been,1662
McPhee,1662
Benjy,1661
loveless,1661
V'Ger,1661
untrained,1661
meteorites,1661
Winchell,1661
indicators,1661
Tripoli,1661
hoard,1661
whizzing,1661
extremities,1661
lowdown,1660
myspace,1660
woolly,1660
woodpecker,1660
og,1660
Octavius,1660
tenacity,1660
cirque,1660
ý,1660
castrated,1660
bower,1659
João,1659
martyrdom,1659
poach,1659
Tomás,1659
molesting,1659
puffed,1658
groomed,1658
megaphone,1658
recruiter,1658
raspy,1658
meta,1658
Schumann,1658
mahmoud,1657
25-year-old,1657
Atwater,1657
thwarted,1657
damnedest,1657
mightiest,1657
hangout,1657
Briareos,1657
perched,1657
epidural,1657
franc,1656
bragged,1656
Maja,1656
tantrums,1656
vagrant,1656
Ciro,1656
ode,1656
peddle,1656
rerun,1656
Baez,1656
bootleg,1656
effectiveness,1656
plunger,1656
Gekko,1656
employing,1655
McCluskey,1655
perchance,1655
ballsy,1655
cabbages,1655
Molina,1655
gilded,1655
herriot,1655
chlamydia,1655
talons,1655
shunned,1654
Nona,1654
emancipation,1654
mothership,1654
withdrawals,1654
discourse,1654
tanned,1654
grounders,1654
Freda,1654
Wynonna,1653
putrid,1653
boleyn,1653
aquatic,1653
redecorate,1653
obtaining,1653
USSR,1652
metabolic,1652
complicit,1652
barbecued,1652
lbs,1652
aloof,1652
Tenzin,1652
srjanapala,1652
mouth-to-mouth,1652
reappear,1652
respirator,1652
Rafferty,1651
Selene,1651
snart,1651
sponsorship,1651
O'Bannon,1651
Hanley,1651
tunic,1651
Miao,1651
gloating,1651
bandaged,1651
mounts,1650
Yar,1650
doozy,1650
evading,1650
Glinda,1650
piloting,1650
ancestry,1650
Bosnian,1650
Shinjuku,1649
everything'll,1649
how-how,1649
sms,1649
promotional,1649
bullhorn,1649
tapeworm,1649
deniability,1649
swabs,1648
cheaters,1648
Alberta,1648
reconsidered,1648
comedies,1648
archaic,1648
knobs,1648
Merritt,1647
Braden,1647
paddock,1647
asunder,1647
Greyjoy,1647
unites,1647
spirituality,1647
coating,1647
sο,1647
Icelandic,1647
cross-eyed,1647
amphetamines,1647
pla,1647
Ranjit,1647
budgets,1647
Ramses,1647
aboriginal,1646
niklaus,1646
symbolism,1646
lashed,1646
blogs,1646
Fremen,1646
estimation,1646
salutations,1646
daddy-o,1646
Augusto,1646
leach,1646
Williamsburg,1646
imperfections,1646
sonofabitch,1646
engulfed,1646
enclosure,1645
meridian,1645
Viet,1645
boosted,1645
classrooms,1645
styling,1645
allure,1645
Remi,1645
plunging,1645
constituency,1645
perfumes,1644
harrow,1644
precedence,1644
chieftain,1644
rebuttal,1644
a6,1644
explicitly,1643
impatience,1643
Bethesda,1643
NORAD,1643
payable,1643
causeway,1642
supersonic,1642
gondola,1642
terrifies,1642
sporty,1642
flaky,1642
Niang,1642
plowing,1642
zips,1642
I-I'd,1642
tolerable,1642
lobes,1641
Midori,1641
Knoxville,1641
whirrs,1641
weepy,1641
absorbs,1641
domesticated,1641
rougher,1641
Kaya,1641
preferences,1640
creators,1640
archduke,1640
arguably,1640
Nasir,1640
cog,1640
Riverdale,1640
opted,1640
tachyon,1640
glories,1640
a-are,1639
caterers,1639
wantyou,1639
defiled,1639
Decepticon,1639
grifter,1639
Whitley,1639
shadowing,1639
lute,1639
atrium,1638
coax,1638
crowding,1638
phat,1638
Susanne,1638
tankers,1638
nationalist,1638
lesion,1637
lien,1637
Mendel,1637
boardroom,1637
Jean-Louis,1637
buttoned,1637
Liber8,1637
emits,1637
creole,1636
Rika,1636
disorientation,1636
rumple,1636
knock-knock,1636
carats,1636
dimple,1636
Piccadilly,1636
dumpty,1636
hurtin,1636
hazards,1636
stereotypes,1636
Ithaca,1636
bloodhound,1636
Antwerp,1635
depositions,1635
gradual,1635
undergone,1635
misbehave,1635
do-over,1635
divides,1635
meager,1634
salvaged,1634
folders,1634
practitioner,1634
reactionary,1634
undermining,1634
eep,1634
scoops,1634
CB,1633
schooled,1633
identifies,1633
glaze,1633
lighted,1633
autobot,1633
picnics,1633
killjoy,1633
alluring,1633
transcend,1633
tip-off,1633
sweeper,1632
adversaries,1632
suspenders,1632
suspiciously,1632
McDuck,1632
Scudder,1632
Derry,1632
Renton,1632
Maltese,1632
Borneo,1632
kidnappings,1632
Kam,1631
Saburo,1631
Auda,1631
sensibility,1631
autonomous,1631
Baudelaire,1631
pomp,1631
Aragon,1631
pleas,1630
mums,1630
doormat,1630
compost,1630
congratulating,1630
KAOS,1630
Polack,1630
plucking,1630
Herzog,1630
feats,1630
solicitation,1629
M.D,1629
cahoots,1629
P.T,1629
realising,1629
Judaism,1629
Tweedle,1629
palanquin,1629
Maleficent,1628
pretender,1628
manuals,1628
dike,1628
footballer,1628
iss,1628
Archy,1628
Gryffindor,1628
transforms,1628
barrio,1628
planks,1628
hijackers,1627
journeyed,1627
ceasefire,1627
Isla,1627
complicity,1627
frantically,1627
unmistakable,1627
envisioned,1627
conduits,1627
S.S,1626
waging,1626
unrequited,1626
commodities,1626
calamari,1626
real-time,1626
nobody'd,1626
BoJack,1626
crumbles,1625
slaving,1625
todo,1625
inaugural,1625
clotting,1625
cubby,1625
coasters,1625
magnify,1624
dreading,1624
Baum,1624
fifties,1624
lessen,1624
aerospace,1624
Rasputin,1624
bluetooth,1624
Oedipus,1623
contessa,1623
embolism,1623
sycamore,1623
extensively,1623
Yuji,1623
schoolwork,1623
Jamison,1623
trig,1623
VIPs,1623
Chauncey,1623
westerns,1622
flamethrower,1622
advisers,1622
syringes,1622
winked,1622
faker,1622
Sapna,1622
rerouted,1622
citrus,1622
oughtn't,1621
Ηey,1621
sleet,1621
roving,1621
TWA,1621
mozzarella,1621
organising,1621
differentiate,1621
DramaFever,1621
sidle,1621
Thayer,1621
impeachment,1620
Faramir,1620
DK,1620
shoot-out,1620
back-to-back,1620
muppets,1620
Khalil,1620
embers,1619
massively,1619
seltzer,1619
chalet,1619
blithe,1619
ryland,1619
academics,1619
yume,1619
Tribeca,1619
capitalists,1618
snowflakes,1618
peroxide,1618
theatrics,1618
parenthood,1618
minty,1618
GCPD,1618
kanye,1618
cronies,1618
restrict,1617
resentful,1617
suffocation,1617
sieve,1617
all-nighter,1617
lout,1617
tata,1617
Budd,1617
bucking,1616
Jeter,1616
Cheech,1616
undesirable,1616
SGC,1616
Adonis,1616
Christmastime,1616
oncologist,1615
microfilm,1615
Kwok,1615
overdrive,1615
thirty-seven,1615
bookcase,1615
kneecap,1615
precipice,1615
overlord,1615
Gabriela,1615
regulated,1614
tardy,1614
better-looking,1614
classification,1614
I'mma,1614
halted,1614
goblet,1614
kao,1614
lioness,1614
Alek,1614
Ayrton,1613
Bubs,1613
undivided,1613
half-wit,1613
Nando,1613
Daisuke,1613
otherworldly,1613
turquoise,1613
Wallis,1613
Dunkirk,1613
renovating,1613
clots,1612
Gwendolyn,1612
rappers,1612
whopper,1612
cosmopolitan,1612
floozy,1611
Mehra,1611
unfounded,1611
dum-dum,1611
Leda,1611
spoonful,1611
ong,1611
darkroom,1611
venomous,1610
saheb,1610
jittery,1610
Epifanio,1610
eleventh,1610
prowling,1610
Hennessey,1610
escalation,1610
trickle,1610
conjured,1609
presbyterian,1609
cami,1609
Mamie,1609
Dominguez,1609
haggle,1609
Gérard,1609
Leni,1608
gatherings,1608
constructing,1608
sponges,1608
Dreyfus,1608
affront,1608
burlesque,1608
Alisha,1608
dignitaries,1608
everglades,1608
ungodly,1608
hilltop,1607
allo,1607
fresher,1607
large-scale,1607
eyeliner,1607
showbiz,1607
rearview,1607
O'Dell,1607
innuendo,1607
lago,1607
postage,1606
tarnished,1606
vectors,1606
Yardley,1606
sterilized,1606
goddesses,1606
crosshairs,1606
prejudices,1606
stimuli,1606
swerve,1606
succulent,1606
Cohn,1606
tupperware,1606
bobbing,1606
shortness,1606
resuscitate,1605
veiled,1605
Lycans,1605
cancelling,1605
Corrigan,1605
editions,1605
theorem,1605
philharmonic,1605
Boise,1605
dandelion,1604
Ba'al,1604
chatters,1604
Indra,1604
low-key,1603
I.D.s,1603
bakers,1603
doody,1603
mcquaid,1603
Byrne,1603
Eko,1603
Galloway,1603
U2,1603
Hanzo,1602
scuffle,1602
ep,1602
convened,1602
Sharif,1602
limey,1602
unification,1602
usc,1602
i-if,1602
agility,1602
toughen,1602
Natalya,1601
regiments,1601
Stepan,1601
Noreen,1601
build-up,1601
attest,1601
pronunciation,1601
incumbent,1601
hyungnim,1601
brutes,1601
Mima,1601
lowlifes,1601
splendidly,1601
jabbar,1601
succubus,1601
protestants,1601
Roarke,1600
Jacobi,1600
Wimbledon,1600
ardent,1600
laughable,1600
subways,1600
Estella,1600
bylaws,1600
snitches,1600
confesses,1600
sherif,1600
villager,1600
Mariano,1599
modeled,1599
childless,1599
Tibbs,1599
este,1599
virile,1599
Freddo,1599
sodomy,1599
vo,1599
clarification,1599
keyed,1598
indulged,1598
mains,1598
dishonesty,1598
Kandahar,1598
maniacal,1598
bellboy,1598
jezebel,1598
Darin,1598
ornery,1598
workup,1598
Cogburn,1597
Worthington,1597
Ramu,1597
singsongy,1597
absinthe,1597
dabble,1597
blowjobs,1597
forefront,1597
industrialist,1597
genital,1597
sterilize,1597
half-sister,1597
jughead,1597
chasm,1596
insertion,1596
alight,1596
zenith,1596
McGovern,1596
usefulness,1596
segments,1596
Majid,1596
att,1596
chromosome,1595
suntan,1595
it'sjust,1595
undue,1595
Callaghan,1595
doped,1595
stimulated,1595
Croatoan,1595
first-born,1595
abnormals,1595
thrives,1595
helplessness,1594
tranq,1594
Focker,1594
teleportation,1594
hahaha,1594
wolfie,1594
cu,1594
Kemal,1594
couscous,1594
amplify,1594
uppity,1594
deviation,1593
raptors,1593
Parr,1593
apologizes,1593
fable,1593
freshwater,1593
rentals,1593
rowe,1593
Gutierrez,1593
mille,1593
billiards,1593
skyline,1593
coexist,1593
phooey,1593
Alcide,1593
shakti,1593
omo,1593
earthling,1592
podcast,1592
mau,1592
Rumplestiltskin,1592
MacGregor,1592
trachea,1592
documentaries,1592
sleek,1592
gait,1591
predecessors,1591
wetting,1591
dinars,1591
incomparable,1591
clog,1591
lovey,1591
flashbacks,1591
Kerr,1591
synaptic,1591
cypher,1591
petri,1591
Kerrigan,1591
clergyman,1590
enacted,1590
maul,1590
uppercut,1590
continuance,1590
Orsini,1590
Grogan,1590
wasteful,1589
philistine,1589
Payton,1589
chews,1589
lends,1589
Mitzi,1589
strengthened,1589
reliant,1589
l.D,1589
bountiful,1589
bleu,1589
Patchett,1589
undiscovered,1588
nao,1588
emcee,1588
brisket,1588
11-year-old,1588
aggravation,1588
munni,1588
Rushmore,1588
unafraid,1588
bask,1588
Hiram,1588
reminisce,1587
siphon,1587
Guevara,1587
Albie,1587
influenza,1587
10k,1587
rectory,1587
cemeteries,1587
steroid,1587
serviced,1587
tooting,1587
tacks,1587
haji,1587
hoes,1587
Harkonnen,1587
compressor,1586
cannoli,1586
computing,1586
Commodus,1586
Aaagh,1586
jour,1586
Alva,1586
geologists,1586
exercised,1585
competence,1585
chit-chat,1585
Paraguay,1585
Woodhull,1585
installments,1585
Steadman,1585
Israelites,1585
antiquated,1585
pinning,1585
subconsciously,1585
apathy,1585
Armitage,1584
sportsman,1584
munchies,1584
substantially,1584
titled,1584
Geary,1584
Prasad,1584
ambrosia,1584
tch,1584
PBS,1584
Katsumoto,1584
cooties,1583
Schrader,1583
Bellefleur,1583
Alvaro,1583
knee-deep,1583
rationing,1583
daunting,1583
nutcracker,1583
ganymede,1583
Butterfield,1582
preceded,1582
ageing,1582
nightshade,1582
huh-uh,1582
jabbering,1582
esophagus,1582
sidetracked,1582
feline,1581
croquet,1581
D.B,1581
cranium,1581
Toulouse,1581
caribou,1581
economically,1581
Christmases,1581
so-and-so,1581
avoids,1581
dissuade,1581
penitent,1581
rednecks,1580
Norrie,1580
quorum,1580
flourished,1580
Dinesh,1580
screenwriter,1580
daren't,1580
Halle,1580
Jilly,1580
USB,1580
Hobart,1580
lambda,1580
clad,1580
Shue,1579
durst,1579
forsyte,1579
eradicated,1579
lattes,1579
clawed,1579
zooming,1579
Chihiro,1579
skulking,1579
aditi,1579
distinguishing,1579
Foss,1579
Rusk,1579
legitimacy,1579
bide,1578
awry,1578
coursing,1578
recoil,1578
anda,1578
consenting,1578
esp,1578
decoded,1578
warpath,1578
bitch-ass,1578
unnamed,1578
Cordell,1578
referral,1578
Orlov,1578
flat-out,1578
Cossacks,1578
cross-examine,1578
wh-why,1577
vandals,1577
Duckman,1577
laborer,1577
seeyou,1577
telepath,1577
ladybug,1577
coffers,1577
cappella,1576
Alby,1576
Poughkeepsie,1576
progeny,1576
christi,1576
installations,1576
Guggenheim,1576
dosed,1576
Ephraim,1576
Clarisse,1576
kickoff,1576
Oahu,1575
depress,1575
Musa,1575
energize,1575
landers,1575
tran,1575
adjutant,1575
Tunisia,1575
protagonist,1575
consecrated,1575
stalemate,1574
Soneji,1574
âª,1574
padlock,1574
sluggish,1574
embodiment,1574
symposium,1573
wilds,1573
Ramone,1573
Mathison,1573
paused,1573
Vishal,1573
xxx,1573
Belvedere,1573
prado,1573
dad'll,1573
impart,1573
emts,1572
farmland,1572
celebratory,1572
pleasantly,1572
two-timing,1572
narco,1572
paralyze,1572
pookie,1572
bumpkin,1572
ya'll,1572
Dryden,1572
Traci,1571
clacks,1571
Caymans,1571
rhinos,1571
plaything,1571
motivational,1571
castrate,1571
nosing,1571
itty-bitty,1571
schoolhouse,1571
finalized,1571
jeopardizing,1571
comte,1571
transgressions,1571
flowery,1571
Chalmers,1570
Shaq,1570
punishments,1570
retina,1570
purification,1570
Cagney,1570
ender,1569
respite,1569
Tangiers,1569
irritation,1569
trolling,1569
Emi,1568
protested,1568
Siddharth,1568
blacklisted,1568
improvisation,1568
zo,1568
frauds,1568
custom-made,1568
kooky,1568
toranaga,1567
unjustly,1567
Tolson,1567
arses,1567
dazzled,1567
barracuda,1567
juma,1567
hastily,1567
Inge,1567
varnish,1567
vividly,1567
Reinhardt,1566
Kendal,1566
chromosomes,1566
pay-per-view,1566
caption,1566
soiree,1566
tobe,1566
scouring,1566
Kowloon,1566
fractions,1566
degenerates,1565
paisley,1565
Molesley,1565
home-cooked,1565
icons,1564
Delano,1564
stragglers,1564
bolder,1564
exports,1564
unscrupulous,1564
procured,1564
likeable,1564
infuriating,1563
christened,1563
Aoki,1563
lunchbox,1563
aint,1563
Arlen,1563
pandas,1563
exceeding,1563
pelts,1563
Susana,1563
Covington,1563
wallowing,1563
trending,1563
Melina,1562
Reade,1562
renegotiate,1562
mountaintop,1562
Balkans,1562
carpe,1562
shoreline,1562
pancreatic,1562
tempers,1562
honeys,1562
sponsoring,1562
fuckface,1562
striptease,1562
Thawne,1562
ofit,1562
Blaire,1562
Abra,1562
deter,1561
objectivity,1561
preserves,1561
Goya,1561
Axelrod,1561
Zoë,1561
Connery,1561
Kyu,1561
overthere,1560
tosses,1560
dispenser,1560
withers,1560
tannoy,1560
Saladin,1560
strait,1560
doubtless,1560
sheath,1560
Govinda,1560
Bavarian,1559
Gunderson,1559
incurred,1559
viscount,1559
imagines,1559
pedicure,1559
cockney,1559
catwalk,1559
Markov,1559
subpoenas,1559
Jase,1559
prelude,1559
weakens,1559
hubba,1559
shipwrecked,1559
Portsmouth,1559
corresponds,1558
forklift,1558
Cybertron,1558
outlined,1558
gruel,1557
canyons,1557
frustrations,1557
ope,1557
superfluous,1557
Marriott,1557
toothpicks,1557
lexa,1557
guerilla,1557
implosion,1557
Telford,1557
acosta,1557
Mears,1556
alphabetical,1556
securely,1556
fundamentals,1556
Kepner,1556
soulful,1556
Khaled,1556
Shawshank,1555
McClaren,1555
persuading,1555
bulging,1555
band-aids,1555
Pushkin,1555
Nuremberg,1555
teacup,1555
adequately,1555
befitting,1555
Oates,1555
cold-hearted,1555
best-selling,1555
proactive,1555
larynx,1554
eruptions,1554
apprised,1554
blindsided,1554
wgbh,1554
kumbaya,1554
Tancredi,1553
pursuits,1553
joyride,1553
finalize,1553
disown,1553
ex-wives,1553
indicative,1553
Connell,1553
Broderick,1553
Joxer,1553
westerners,1553
Chaudhary,1552
haddock,1552
Layton,1552
cautiously,1552
hoo-hoo,1552
inaccessible,1552
cinco,1552
clockwise,1552
avid,1552
Kelli,1552
emitting,1552
gators,1552
buckled,1552
revision,1551
Eugenia,1551
toxicity,1551
Kavanaugh,1551
disowned,1551
supermarkets,1551
scabs,1551
pester,1551
one-legged,1551
royally,1551
s'mores,1550
infusion,1550
Rizzoli,1550
dotty,1550
webcam,1550
fait,1550
conveyor,1550
cept,1550
advert,1549
antsy,1549
Kunal,1549
termite,1549
decked,1549
monogamous,1549
Isolde,1549
trashing,1549
Edwardes,1549
advisement,1549
diggin,1549
sky-high,1549
exfil,1548
presidente,1548
Macedonia,1548
manifold,1548
tackling,1548
clinch,1548
Slytherin,1548
overcoming,1548
mantel,1548
t0,1548
mourned,1548
olds,1548
sucky,1548
cassio,1547
Baekje,1547
boudoir,1547
Hoskins,1547
Josiah,1547
patting,1547
Tylenol,1547
harpy,1547
soapy,1547
trillions,1547
Angier,1546
walkman,1546
refueling,1546
clothe,1546
veranda,1546
Watney,1546
P.E,1546
Wozniak,1546
Rath,1546
unselfish,1545
impudence,1545
motherless,1545
mook,1545
A.I,1545
pocketbook,1545
Digby,1545
billion-dollar,1545
bonita,1545
Mikado,1545
insistence,1545
Engel,1545
appraisal,1545
Longshanks,1545
festering,1544
Easton,1544
deliberation,1544
planetarium,1544
midterms,1544
Neto,1544
manta,1544
overdid,1544
binky,1544
prouder,1544
vamps,1543
channeling,1543
drumroll,1543
definitively,1543
klaxon,1543
irreparable,1543
rescheduled,1543
slant,1542
exhibiting,1542
fibres,1542
playfully,1542
Inger,1542
Cochrane,1542
jizz,1542
shrug,1542
ofher,1542
whereby,1542
pitchfork,1541
Amjad,1541
fattening,1541
bigot,1541
Kayo,1541
lyrical,1541
parishioners,1541
tinder,1541
tinkering,1541
Gomorrah,1541
Jarrett,1540
luxuries,1540
renovated,1540
overstepped,1540
00am,1540
Cumberland,1540
decimal,1540
Kareem,1540
nourish,1540
chimneys,1540
7-eleven,1540
oan,1540
incursion,1539
Prentice,1539
Izumi,1539
workaholic,1539
Rawlings,1539
vex,1539
autonomy,1539
headband,1539
Muirfield,1539
co-operation,1539
triangles,1539
renounced,1538
fixtures,1538
Bangladesh,1538
flounder,1538
Knut,1538
hornets,1538
panics,1538
messieurs,1538
ashe,1538
parody,1538
dyer,1538
dren,1538
obliterate,1538
embargo,1537
Jordy,1537
grandmama,1537
newsroom,1537
yuppie,1537
grog,1537
lollipops,1537
belligerent,1537
pleads,1537
breech,1537
Maxime,1537
Queenan,1536
gripped,1536
mediation,1536
hurled,1536
doggies,1536
Minsk,1536
Renée,1536
knuckleheads,1536
wagging,1536
ZPM,1536
Plummer,1536
fanatical,1536
pariah,1536
inflicting,1535
Proust,1535
overheated,1535
cosa,1535
ideological,1535
fess,1535
slayers,1535
patriarch,1534
non-negotiable,1534
skirmish,1534
self-absorbed,1534
uneventful,1534
bangin,1534
sixty-five,1533
parliamentary,1533
lye,1533
Bonner,1533
assimilate,1533
coleslaw,1533
Thanos,1533
DWALIN,1533
Jas,1533
penchant,1533
injuns,1533
inefficient,1533
treads,1532
pave,1532
zilch,1532
Massimo,1532
hitchhike,1532
elude,1532
sideburns,1531
redeemer,1531
Rajan,1531
seared,1531
sharpening,1531
Marky,1531
sift,1531
dimwit,1531
unanimously,1531
mathematically,1531
Taiwanese,1531
indignation,1531
Geordie,1531
mailroom,1530
supple,1530
Galvin,1530
restitution,1530
analysed,1530
Nyssa,1530
disintegrated,1530
boatman,1530
landlords,1530
prevails,1530
Rackham,1530
stockpile,1529
decently,1529
putter,1529
grading,1529
vas,1529
systolic,1529
Ramse,1529
whaling,1529
mija,1529
vouchers,1529
goulash,1529
Tetsu,1529
realistically,1529
webs,1528
Rainey,1528
yolk,1528
katana,1528
gawking,1528
abundantly,1528
affirm,1528
breakthroughs,1528
Jem'Hadar,1528
Wolff,1528
profanity,1527
footwear,1527
anaesthetic,1527
gato,1527
Bigelow,1527
GP,1527
enticing,1527
Cates,1527
mathematicians,1526
GSW,1526
cl,1526
benefited,1526
strudel,1526
drunkenness,1526
Yee-ha,1526
restriction,1526
coercion,1526
colds,1526
Xian,1526
starred,1525
insecurities,1525
Quaker,1525
receptors,1525
mav,1525
tandem,1525
turbines,1525
vermouth,1525
fantasizing,1525
Stanfield,1525
stagger,1525
Endo,1525
steadfast,1525
Matsumoto,1525
infamy,1525
moonlit,1525
launchers,1525
Madras,1524
embroidered,1524
collusion,1524
Riggins,1524
tiller,1524
evaporate,1524
fib,1524
ACP,1524
blubber,1523
treatable,1523
ans,1523
H.Q,1523
Whitechapel,1523
outweigh,1523
lids,1523
lor,1523
choosy,1523
chums,1523
backwater,1523
designation,1523
precautionary,1523
foliage,1523
muchas,1523
Konstantin,1523
bustle,1522
noi,1522
frontline,1522
yow,1522
ten-four,1522
Sheena,1522
doi,1522
swig,1522
fuselage,1522
gat,1522
behaviors,1521
Valjean,1521
Bhaskar,1521
forlorn,1521
carelessly,1521
Conners,1521
impersonal,1521
leadeth,1521
butterscotch,1521
Miyuki,1521
floorboard,1521
sawed,1521
acrobat,1521
trippy,1521
oss,1520
gliding,1520
suspending,1520
carnations,1520
Barstow,1520
unseemly,1520
rallying,1520
isolating,1520
ð,1519
Sandford,1519
Nanking,1519
heifer,1519
Annapolis,1519
aristocratic,1519
puffing,1519
waver,1519
Prussia,1519
Pinkerton,1519
Asami,1519
chinks,1519
spectral,1519
digitally,1518
djinn,1518
Achtung,1518
hertz,1518
qualifying,1518
Filippo,1518
disgusts,1518
bandy,1518
vaccinated,1518
Ishaan,1518
unturned,1518
feudal,1517
doppler,1517
Barrymore,1517
Pullman,1517
chim,1517
eliminates,1517
pings,1517
Chopra,1517
closeness,1517
run-of-the-mill,1517
banal,1517
unveil,1517
rearranged,1517
don't-don't,1517
sono,1516
veg,1516
Haruka,1516
nymph,1516
Rodin,1516
searing,1516
puddles,1516
Malta,1516
Gleason,1516
arriba,1516
tireless,1515
trailers,1515
straitjacket,1515
desdemona,1515
scurry,1515
wipers,1515
Swearengen,1515
pensive,1515
weevil,1515
lookee,1515
poly,1514
safeguards,1514
populace,1514
bargains,1514
inept,1514
incompatible,1514
ratting,1514
illuminated,1514
Streisand,1514
bionic,1514
Ishmael,1514
haggard,1514
Ellsworth,1513
amo,1513
grasped,1513
bunting,1513
Leif,1513
Colvin,1513
cheri,1513
Hanoi,1513
on-stage,1512
stalag,1512
Nicolai,1512
typist,1512
Inoue,1512
hardwood,1512
deuces,1512
sag,1512
Sheldrake,1512
bollywood,1512
pane,1512
unconsciously,1511
star-spangled,1511
Ebenezer,1511
phosphorus,1511
Margaery,1511
carvings,1511
pandemic,1511
canst,1511
lope,1511
raking,1511
cayenne,1511
disband,1511
evaluated,1511
tibia,1511
inert,1511
hakuna,1511
Lahore,1510
CFO,1510
ovation,1510
three-year-old,1510
Ewan,1510
depository,1510
Bakshi,1510
Kyra,1510
frigate,1510
arduous,1510
Peri,1510
rebelling,1510
masquerading,1510
Tarr,1509
candlestick,1509
Dashwood,1509
eyelash,1509
Greco,1509
lasso,1509
waah,1509
Gunter,1508
dishonour,1508
moos,1508
overheating,1508
entail,1508
indictments,1508
Seiji,1508
entree,1508
paella,1508
abscess,1508
zest,1508
handouts,1508
Hummel,1507
schnitzel,1507
ferrets,1507
whirlpool,1507
Carmel,1507
Leipzig,1507
Tourette,1507
regency,1507
pretenses,1507
armoury,1506
ledgers,1506
Thornhill,1506
outsmarted,1506
Cartier,1506
informers,1506
perfectionist,1505
proficient,1505
palo,1505
Tish,1505
Phineas,1505
assailants,1505
soju,1505
calibrated,1505
Barabbas,1505
awkwardly,1505
scoff,1505
ne'er,1505
citing,1505
caboose,1505
Ionger,1505
overdressed,1504
Pyongyang,1504
Jun-shik,1504
regimental,1504
Clemenza,1504
Lovett,1504
wielding,1504
double-checked,1504
focuses,1504
loopy,1504
metaphysical,1503
Seenu,1503
flocks,1503
prob,1503
sentimentality,1503
wooing,1503
Miho,1503
Saratoga,1503
retraction,1503
employs,1503
vegetarians,1503
och,1503
impacted,1503
firestorm,1502
cas,1502
th-this,1502
roadhouse,1502
agitation,1502
Verdana,1502
arigato,1502
mph,1502
Mhm,1502
beaker,1502
Marni,1502
loca,1501
pogo,1501
loudmouth,1501
vigorously,1501
tipper,1501
pushin,1501
eveything,1501
entreat,1501
frontiers,1501
awakens,1501
Chewbacca,1501
finders,1500
Paterson,1500
Harlee,1500
Topeka,1500
turnpike,1500
scribe,1500
cloths,1500
BEEPlNG,1499
pigtails,1499
Catwoman,1499
genitalia,1499
nk,1499
tightrope,1499
antiquity,1499
Pendragon,1499
off-world,1499
Copeland,1499
regents,1498
taxicab,1498
Vanger,1498
chutes,1498
ven,1498
Yuma,1498
tryout,1498
shrouded,1498
Broussard,1498
hella,1497
percentages,1497
stringing,1497
beacons,1497
Kenai,1497
carjacking,1497
dandruff,1497
painkiller,1497
Mackie,1497
tweeted,1497
realises,1497
muddled,1496
Simons,1496
Havisham,1496
cannae,1496
aortic,1496
muffler,1496
drape,1496
multiplying,1496
veggies,1496
streaks,1495
fuego,1495
bested,1495
Eastman,1495
SETI,1495
Isak,1495
Kala,1495
Medellin,1495
hustlers,1495
automotive,1495
keene,1495
disarming,1494
amputated,1494
Berenson,1494
vigor,1494
head-to-head,1494
geographical,1494
sharpest,1494
kinship,1494
whisk,1494
Mlle,1494
Fozzie,1493
salve,1493
hangers,1493
wiles,1493
Gilliam,1492
psychoanalysis,1492
Aurelius,1492
Brogan,1492
passive-aggressive,1492
ik,1492
flan,1491
obscurity,1491
egotistical,1491
cypress,1491
pokey,1490
Hollander,1490
Fromm,1490
overpowered,1490
filmmaking,1490
gardeners,1490
clique,1489
Copernicus,1489
futon,1489
crises,1489
boobie,1489
granola,1489
discern,1489
tractors,1489
biotech,1489
households,1489
raspberries,1489
Zander,1489
cheapskate,1489
m'kay,1489
outgrown,1488
blossoming,1488
Mance,1488
Stroud,1488
redskins,1488
overhearing,1488
Toorop,1488
fatally,1488
revenues,1488
unzip,1488
otters,1488
redheaded,1488
silences,1488
Tallis,1487
reelection,1487
powerhouse,1487
mee,1487
Cobblepot,1487
soleil,1487
majesties,1487
defector,1487
matata,1487
Frylock,1486
self-interest,1486
Delmar,1486
commoners,1486
frosted,1486
Fagin,1486
principals,1486
swastika,1486
womanizer,1485
quarreled,1485
Byrnes,1485
codis,1485
coot,1485
Hennessy,1485
laxative,1485
tabby,1485
backdrop,1485
twinkling,1485
self-loathing,1485
Akiko,1484
swingin,1484
timeout,1484
soI,1484
Toshio,1484
culmination,1484
Galveston,1484
lobbyist,1484
numero,1484
Tano,1484
backhand,1484
Gennaro,1484
isotope,1484
nomine,1484
keynote,1484
Yagami,1484
grandmothers,1484
persecute,1484
Wilton,1484
Emory,1484
Corrado,1483
toi,1483
redwood,1483
hinted,1483
unlicensed,1483
Hélène,1483
translators,1483
cinematic,1483
nostril,1483
thoroughbred,1482
Metz,1482
canter,1482
beatin,1482
Karina,1482
interplanetary,1481
lurk,1481
prioritize,1481
Ria,1481
strutting,1481
handover,1481
McCullough,1481
seven-year-old,1480
unchain,1480
idealism,1480
re-create,1480
rectal,1480
Nishi,1480
modelling,1480
I-l,1480
degrade,1480
counterfeiting,1480
rowboat,1480
tundra,1480
imposition,1479
good-lookin,1479
McGraw,1479
fast-food,1479
sufferings,1479
Sahil,1479
Quayle,1479
whaddaya,1479
purr,1479
Standish,1479
destinations,1479
gruff,1479
Treadwell,1479
notches,1479
you'r,1479
things'll,1479
he-man,1479
storytelling,1478
clunk,1478
hornblower,1478
decoys,1478
rhyming,1478
half-dead,1478
Arno,1478
eskimos,1478
plop,1478
classify,1477
ame,1477
Paddington,1477
belch,1477
jaded,1477
vowel,1477
Delko,1477
huckleberry,1477
derailed,1476
subtext,1476
ogres,1476
shunt,1476
rea,1476
interrogator,1476
cupboards,1476
Iwo,1476
leakage,1476
remiss,1475
amplifier,1475
masterful,1475
swill,1475
debatable,1475
unwittingly,1475
outgunned,1475
stigma,1475
three-year,1475
sprinkled,1475
ponds,1475
Marmaduke,1475
pezuela,1474
Clément,1474
Hungarians,1474
lyme,1474
T-Rex,1474
da-da-da,1474
lifelike,1474
Flagg,1474
entrepreneurs,1474
Aahh,1474
mundo,1473
trouser,1473
groundwork,1473
ranging,1473
Wazowski,1473
thoracic,1473
alternating,1473
vervain,1473
spacing,1472
mortgaged,1472
Cardassia,1472
Sade,1472
disarray,1472
recalling,1472
spawned,1472
Kingman,1472
specializing,1472
Astaire,1471
anecdote,1471
noun,1471
worshiped,1471
innermost,1471
vir,1471
Omi,1471
escalade,1471
Alaskan,1471
Chiba,1471
morsel,1471
Erlich,1471
6-year-old,1471
mp3,1471
meticulously,1471
Hardin,1470
mulberry,1470
centimetres,1470
tailored,1470
Miyamoto,1470
ukulele,1470
stopwatch,1470
Abhi,1470
inflate,1470
Salinas,1470
collie,1470
manifested,1470
catchphrase,1470
Jakey,1469
MVP,1469
K9,1469
brewed,1469
Turnbull,1469
versed,1469
postponing,1469
beheading,1469
Farid,1469
grooves,1469
blabbing,1469
lightening,1469
isnt,1469
Jin-tae,1469
debauchery,1468
jilted,1468
zipping,1468
deteriorated,1468
wh-where,1468
Hmong,1468
decreasing,1468
columnist,1468
translations,1468
Chiffre,1468
Goldfarb,1468
hines,1468
Sandrine,1468
Gillette,1468
working-class,1467
Huron,1467
Payson,1467
frolic,1467
unprovoked,1467
tendon,1466
Brandenburg,1466
unzips,1466
caresses,1466
Moro,1466
hairbrush,1466
loneliest,1466
Montez,1466
Flemish,1466
Coates,1466
Pulaski,1466
knighthood,1465
surrogates,1465
starburst,1465
Cranston,1465
Issa,1465
Meereen,1465
alienated,1465
Anja,1465
grouse,1465
retriever,1465
socializing,1465
Babcock,1465
ingest,1465
Pernell,1465
wieners,1465
mojito,1465
journalistic,1465
Vala,1465
rafters,1465
didst,1464
gospels,1464
ammonium,1464
ora,1464
Harcourt,1464
Tchaikovsky,1463
entails,1463
composure,1463
chickie,1463
pianos,1463
churn,1463
livers,1463
traitorous,1463
fillings,1463
freebie,1463
clawing,1463
Ankara,1463
shiner,1463
reprogrammed,1462
undisputed,1462
Yosemite,1462
Lilli,1462
inhumane,1462
kneecaps,1462
glistening,1462
indescribable,1462
hing,1462
Montmartre,1462
dil,1462
dorota,1461
statutes,1461
overbearing,1461
dismantling,1461
Wilfrid,1461
aimlessly,1461
Mui,1461
Dunphy,1461
Fantasia,1461
Caspere,1461
kazan,1461
Dumas,1461
memorabilia,1461
hd,1461
obeys,1460
Spaulding,1460
androids,1460
Marlena,1460
idiocy,1460
H-Hey,1460
tributes,1460
Krakow,1460
undermined,1460
LeBeau,1460
reeds,1460
overdone,1460
poltergeist,1460
LaRue,1460
Nantucket,1460
skinhead,1459
DOJ,1459
allowances,1459
poacher,1459
methodology,1459
beater,1459
womanhood,1458
Maeby,1458
bois,1458
Beto,1458
whaddya,1458
subtract,1458
geometric,1458
disposing,1458
councilwoman,1458
peek-a-boo,1458
V.P,1458
riverbank,1457
sentinels,1457
arroyo,1457
Dorsey,1457
validation,1457
flamenco,1457
adoring,1457
pennant,1457
Capulet,1457
Gerber,1457
in-law,1457
takeaway,1457
Mancini,1456
educating,1456
Aries,1456
almanac,1456
nothings,1456
collectively,1456
agos,1456
Katja,1456
scissor,1456
incinerate,1456
benevolence,1456
stonewall,1456
forego,1456
Pittman,1455
bequeath,1455
aqueduct,1455
transpired,1455
alphaH3D,1455
yau,1455
Maeve,1455
Amalia,1455
audacious,1455
nie,1455
barista,1455
Bodie,1454
CHANDI,1454
Kurosawa,1454
annulled,1454
rams,1454
muay,1454
Judson,1454
C.O.D,1454
tournaments,1454
cadavers,1454
hurdles,1454
pivotal,1454
tet,1454
reactive,1454
braying,1454
pizzeria,1453
m-my,1453
Right-o,1453
Delphi,1453
pogue,1453
cha-cha,1453
tarantula,1453
jeopardized,1453
nobodies,1453
heimlich,1453
Sistine,1453
Ptolemy,1453
administering,1453
Julián,1453
routinely,1452
tweaking,1452
Ganz,1452
doings,1452
e-mailing,1452
Aussie,1452
telecom,1452
Tash,1452
Akashi,1452
Charlton,1452
Francoise,1452
notwithstanding,1452
aground,1452
giddap,1451
onlookers,1451
ironclad,1451
safes,1451
heron,1451
Archimedes,1451
smithereens,1451
stickup,1451
shuttlecraft,1451
mercilessly,1451
strider,1451
arisen,1451
sinkhole,1451
payoffs,1451
grieved,1450
ritalin,1450
analog,1450
bleached,1450
Depp,1450
Thibault,1450
wiggling,1450
break-ins,1450
shhhh,1450
printers,1450
besieged,1450
three-hour,1450
22-year-old,1450
bosun,1449
kn,1449
stumps,1449
angst,1449
Clemente,1449
Roseanne,1449
motif,1449
contusion,1449
Halloran,1449
illustration,1449
deathly,1449
easing,1449
panicky,1448
creeper,1448
defile,1448
sparking,1448
second-in-command,1448
shortened,1448
wedgie,1448
insubordinate,1448
hitters,1448
amok,1447
Gower,1447
Drayton,1447
stresses,1447
weiner,1447
trimester,1447
pum,1447
linebacker,1447
leases,1447
misconception,1447
underfoot,1447
Jadzia,1446
buon,1446
molded,1446
Potomac,1446
fatherly,1446
clapped,1446
Tartarus,1446
handpicked,1446
zit,1446
Ethiopian,1446
skateboarding,1446
monotonous,1446
up-to-date,1446
weasels,1445
Akash,1445
pushers,1445
mediator,1445
fizz,1445
resorts,1445
toured,1445
Blye,1445
masking,1445
Gauri,1445
Cohaagen,1444
crucible,1444
two-and-a-half,1444
cougars,1444
optimum,1444
narcisse,1444
discontinued,1444
hydrate,1443
Geetha,1443
two-day,1443
más,1443
Bibi,1443
dissolves,1443
collaborating,1443
Mulholland,1443
gantry,1443
mijo,1443
sullen,1443
5-year-old,1443
NTSB,1443
fine-looking,1442
twentieth,1442
capitaine,1442
Elin,1442
Alvey,1442
refute,1442
OMG,1442
Flynt,1442
centimeter,1442
salut,1441
likable,1441
able-bodied,1441
habeas,1441
Maisie,1441
workman,1441
preying,1441
sorrowful,1441
cyborgs,1441
Phipps,1441
conveyed,1441
ginnie,1441
Malena,1441
ensured,1441
sinuses,1441
four-year-old,1441
Unger,1441
Alexi,1441
majored,1441
Jakarta,1441
applejack,1441
yourfather,1441
offed,1441
Forsythe,1440
greenwood,1440
coochie,1440
attorney-client,1440
serotonin,1440
Rojas,1440
I.C.U,1440
anyhoo,1440
acorns,1440
snuffed,1440
enrich,1439
sketching,1439
philistines,1439
sidearm,1439
waived,1439
thirteenth,1439
newspaperman,1439
welder,1439
Copperfield,1438
irrefutable,1438
lurks,1438
gentler,1438
KC,1438
mailer,1438
unopened,1438
jargon,1438
civilisations,1437
washed-up,1437
wejust,1437
Amita,1437
percussion,1437
sphincter,1437
Froy,1437
3cHFF8000,1437
cojones,1437
marquee,1437
hoarse,1437
dilation,1437
prat,1436
low-down,1436
minibar,1436
gazed,1436
softened,1436
thirties,1436
riveting,1436
Tiana,1436
Darnley,1435
Corwin,1435
tucking,1435
loaves,1435
Merlotte,1435
breezes,1435
Dmitry,1435
synchronize,1435
counterintelligence,1435
constraints,1435
underprivileged,1435
blasphemous,1435
druids,1435
Koda,1435
belittle,1434
Shinichi,1434
deplorable,1434
biohazard,1434
forgeries,1434
auctioned,1434
witsec,1434
braille,1434
Ml6,1434
stoney,1433
summarize,1433
cred,1433
Duggan,1433
Sucre,1433
Nissan,1433
windowsill,1433
eventual,1433
short-lived,1432
capricious,1432
pop-pop,1432
Wyler,1432
departmental,1432
smothering,1432
upstart,1432
sei,1432
Agnew,1432
U.K,1432
0ne,1432
probate,1431
strigoi,1431
crumpled,1431
kangaroos,1431
pecs,1431
Shibuya,1431
plowed,1431
noblest,1431
imprinted,1431
Stoddard,1430
cults,1430
durable,1430
Jean-Paul,1430
scone,1430
Ah-choo,1430
Bluth,1430
incoherent,1430
obscured,1430
kinetic,1430
derive,1430
Magellan,1430
solly,1429
competed,1429
leeway,1429
Drac,1429
Halstead,1429
craters,1429
amc,1429
rr,1429
handkerchiefs,1429
toph,1429
qualms,1429
burners,1428
netflix,1428
gearing,1428
Armin,1428
staggered,1428
harmonic,1428
Laertes,1428
dams,1428
avenues,1428
get-go,1428
Elkins,1428
limber,1427
giraffes,1427
on-screen,1427
contemptible,1427
guppy,1427
distilled,1427
sanctimonious,1427
Lounds,1427
Susy,1427
scribble,1427
commenced,1427
substation,1427
thawed,1427
momento,1426
intents,1426
header,1426
Karel,1426
SJ,1426
Yagyu,1426
lividity,1426
sissies,1426
wilco,1426
Gael,1426
nether,1426
d'ya,1426
Jovi,1426
clit,1426
sniffed,1426
feasting,1426
boozing,1426
localized,1426
pina,1426
capitan,1426
infancy,1426
expressive,1426
LJ,1425
hydrated,1425
Motown,1425
spinner,1425
discounts,1425
instinctive,1425
Rothschild,1425
Pettigrew,1425
earplugs,1425
PFC,1424
sensibilities,1424
particulates,1424
Kearns,1424
concord,1424
heaving,1424
Holbrook,1424
turnips,1424
Zimbabwe,1424
sati,1424
skittish,1424
mails,1424
Caterina,1423
artistry,1423
Barzini,1423
Evers,1423
persevere,1423
Brentwood,1423
pres,1423
duckling,1423
livery,1423
combines,1423
spewing,1423
pulley,1423
mutts,1423
Gaye,1423
Buckner,1423
Bose,1423
first-hand,1423
marika,1423
swivel,1423
incarnation,1422
upto,1422
spurt,1422
heigh-ho,1422
Thorndyke,1422
Baywatch,1422
enriched,1422
swoon,1421
D'Angelo,1421
kubo,1421
grandmaster,1421
sips,1421
chupacabra,1421
self-serving,1421
Malina,1421
Haldeman,1421
pre-op,1421
buckles,1421
dips,1421
prevailing,1421
b0,1421
Denning,1420
floater,1420
Octavio,1420
Campos,1420
twinkies,1420
unhinged,1420
Stinson,1420
restful,1419
narrow-minded,1419
loom,1419
ecbert,1419
dissected,1419
buries,1419
siesta,1419
Zimmer,1419
citywide,1419
Precrime,1419
racquetball,1419
faithless,1419
tusks,1419
Kaji,1419
reconstructed,1419
appointing,1419
São,1418
peekaboo,1418
pediatrics,1418
displeasure,1418
crepe,1418
injector,1418
Chitti,1418
masterpieces,1418
foundry,1418
tingly,1418
seamen,1418
Perrin,1418
MacReady,1418
Heo,1418
I.P,1418
assessing,1418
Scotsman,1418
coolers,1417
billionaires,1417
scot-free,1417
lodger,1417
Sousa,1417
trespassers,1417
futility,1417
orderlies,1417
Salman,1417
Russel,1417
Quasimodo,1416
Kaye,1416
varying,1416
traceable,1416
gio,1416
Krauss,1416
lovesick,1416
sonnet,1416
sustaining,1416
directorate,1416
Terrell,1416
surmise,1416
photocopy,1415
fabricate,1415
Juanito,1415
badgering,1415
wares,1415
bedlam,1415
soon-to-be,1415
caro,1415
parakeet,1415
semtex,1415
nee,1414
desolation,1414
complacent,1414
windmills,1414
airmen,1414
Snotlout,1414
Alastair,1414
punt,1414
theatres,1414
foreseeable,1413
Milena,1413
freudian,1413
numbness,1413
Astoria,1413
Stéphane,1413
obelisk,1413
allotted,1413
Tierney,1413
stand-in,1413
Underhill,1413
Galahad,1413
nighty-night,1413
wading,1413
Stacee,1413
hasn,1413
Brannigan,1412
antiseptic,1412
ay_link,1412
landis,1412
boosting,1412
grinds,1412
oncology,1412
smoldering,1412
prenatal,1412
intolerance,1412
rallied,1412
cleanest,1412
Norbert,1412
synonymous,1412
shockingly,1412
intertwined,1412
Aldrin,1412
lovelier,1412
Bratva,1411
commissioners,1411
lukewarm,1411
ballgame,1411
Miko,1411
Kovacs,1411
eunuchs,1411
dispel,1411
diddy,1411
Jørgen,1411
pee-wee,1410
Costanza,1410
originality,1410
Mundt,1410
Fonda,1410
placebo,1410
assessed,1410
apothecary,1410
Margherita,1410
guile,1409
gaffer,1409
amino,1409
alters,1409
scarab,1409
Achmed,1409
hermano,1409
octave,1409
Willem,1409
Bixby,1408
statistic,1408
jutsu,1408
Suze,1408
Girard,1408
smarty,1408
farr,1408
residing,1408
O'Neal,1408
Barron,1408
discredited,1408
oldies,1407
constipation,1407
upscale,1407
scouted,1407
squabble,1407
plummet,1407
Sunnydale,1407
Eduard,1407
stipend,1406
taxing,1406
endangerment,1406
villas,1406
wretches,1406
sincerest,1406
windpipe,1406
Shashi,1406
stunk,1406
referendum,1406
kohl,1406
stubs,1406
deafening,1406
Viggo,1406
pees,1406
magnificence,1406
Plissken,1406
mightn't,1406
garters,1406
dissolving,1405
Kimmel,1405
Pindar,1405
Aish,1405
Algren,1405
debutante,1405
wait'll,1405
adrenalin,1405
Pfeiffer,1405
hard-boiled,1405
Fillmore,1404
hustled,1404
bossing,1404
M.R.I,1404
foreskin,1404
Veronika,1404
compiling,1404
focal,1404
inanimate,1404
Selim,1404
sauces,1404
swordfish,1403
molotov,1403
wicket,1403
melodies,1403
comprised,1403
uninterrupted,1403
undecided,1403
Scotia,1403
dank,1402
cleft,1402
cleverer,1402
muss,1402
c'mere,1402
trapdoor,1402
brigades,1402
Kagome,1402
Leto,1402
terminals,1402
shopper,1402
obscenity,1402
obstruct,1402
keepsake,1402
Robocop,1402
huffing,1401
saboteur,1401
Starkey,1401
falafel,1401
introduces,1401
brill,1401
authorizing,1401
ruffian,1401
ree,1400
Chevrolet,1400
consisted,1400
combatants,1400
awkwardness,1400
grope,1400
courted,1400
gerbil,1400
Santini,1400
gamer,1400
you...you,1400
emmit,1399
fraid,1399
bloodstains,1399
baroque,1399
intrigues,1399
Garak,1399
Witt,1399
concubines,1399
distributors,1399
Vasco,1399
Woz,1399
surveys,1398
legitimately,1398
swordsmanship,1398
houseboat,1398
pedestrians,1398
vocalist,1398
wheeling,1398
hara,1398
tyrannosaurus,1398
scamming,1398
Tattaglia,1398
one-off,1397
vexed,1397
pseudonym,1397
þ,1397
Speer,1397
full-grown,1397
Amara,1397
crossover,1397
publications,1396
tidied,1396
doer,1396
ISI,1396
backgammon,1396
anaconda,1396
fathoms,1396
happend,1396
blare,1396
conservatives,1396
musty,1396
dress-up,1396
doping,1395
Marconi,1395
remover,1395
ashram,1395
videotapes,1395
wetter,1395
wily,1395
kike,1395
wavy,1395
Padmé,1395
Railly,1395
bludgeoned,1395
adventurers,1395
importing,1395
G-man,1395
redacted,1394
quiero,1394
tinted,1394
saws,1394
debated,1394
sweated,1394
bouts,1394
ummm,1394
diligently,1393
toner,1393
itis,1393
transporters,1393
decision-making,1393
aquí,1393
fatten,1393
boyo,1393
westward,1393
crabby,1393
burro,1393
Crain,1392
Michonne,1392
dutiful,1392
plantations,1392
Aiken,1392
looters,1392
Argo,1391
pissed-off,1391
townhouse,1391
splint,1391
sappy,1391
glutton,1391
migs,1391
McLintock,1390
converging,1390
Flemming,1390
Carruthers,1390
Sakamoto,1390
geo,1390
Curley,1390
shear,1390
akin,1390
consolidate,1390
kungfu,1389
swerved,1389
jinxed,1389
Blacky,1389
kilt,1389
mccallister,1389
grenouille,1389
Houlihan,1389
unsupervised,1389
Trojans,1389
checkered,1389
smiths,1389
well-behaved,1389
cleanly,1388
Lydecker,1388
Krug,1388
reconfigure,1388
pollack,1388
Luciana,1388
squabbling,1388
massacres,1388
amazement,1388
carrion,1387
Tuan,1387
boogers,1387
goings,1387
Krum,1387
traverse,1387
characterize,1387
splutters,1387
humph,1387
vizier,1387
turtleneck,1387
digested,1387
hounded,1387
stools,1387
endures,1387
playhouse,1387
knapsack,1387
lawnmower,1387
apocalyptic,1386
one-horse,1386
justifiable,1386
circulated,1386
vases,1386
fleets,1386
Sobel,1386
Dunlop,1386
overzealous,1386
milked,1386
bogs,1386
inconspicuous,1386
impunity,1386
potency,1385
pegs,1385
Jamey,1385
Botwin,1385
Laguna,1385
gd,1385
unknowingly,1385
skimmed,1385
statesman,1385
incorrectly,1385
pesto,1385
memorandum,1385
beaks,1385
underlined,1385
Varys,1385
southerners,1385
Soon-shin,1385
Kirill,1384
silvery,1384
bailout,1384
taut,1384
circumcision,1384
reformation,1384
Mojave,1384
flippin,1384
Geet,1384
xie,1384
alerting,1384
fraught,1383
fairs,1383
steeple,1383
Linds,1383
gulag,1383
Gabbar,1383
culturally,1383
futuristic,1383
Briscoe,1383
embezzling,1383
Comic-Con,1383
candyman,1383
economical,1382
forsaking,1382
peyote,1382
Jin-seok,1382
beckons,1382
slowest,1382
sniffer,1382
Riccardo,1382
très,1381
snooty,1381
Grundy,1381
foaming,1381
controllers,1381
nominations,1381
Vittoria,1381
Catholicism,1381
S.O.S,1381
Lissa,1381
locus,1381
Guzman,1381
Mohinder,1381
Tommaso,1381
Corsica,1381
Kenyon,1381
baiting,1381
facto,1381
scusi,1380
pondering,1380
autopsies,1380
j-just,1380
Sumerian,1380
evaporated,1380
tenement,1380
leprechauns,1380
nas,1380
adoration,1379
one-of-a-kind,1379
brownstone,1379
yeager,1379
McGinty,1379
pickups,1379
bestest,1379
nickers,1379
orca,1379
Bruges,1379
Davie,1379
predicts,1379
busier,1379
ea,1379
callback,1379
clump,1379
terrestrial,1379
tethered,1379
Nullah,1379
cheaply,1379
provost,1379
recalls,1379
Filip,1378
solvent,1378
nunnery,1378
backpacks,1378
nauseating,1378
Ishikawa,1378
retires,1378
spatula,1378
Verone,1378
applesauce,1378
Stonebridge,1378
cogs,1378
workhouse,1378
buena,1378
dupe,1378
methodist,1377
R.J,1377
pom,1377
reiterate,1377
avant-garde,1377
Bjarne,1377
synergy,1377
see-through,1377
first-year,1377
annoyance,1377
Lansing,1377
pressurized,1377
dictating,1377
Pruitt,1377
printout,1377
pragmatic,1376
screwed-up,1376
gratification,1376
nome,1376
carols,1376
Jian,1376
Genii,1376
Texan,1376
undisclosed,1376
clocking,1376
crapping,1376
fifteenth,1376
gluten-free,1376
yukon,1376
Wylie,1376
encampment,1375
debit,1375
Duluth,1375
ventricle,1375
Winchesters,1375
excessively,1375
sifting,1375
pollute,1375
Sussex,1375
carpentry,1375
twirling,1374
Rayyan,1374
Madiba,1374
shebang,1374
cou,1374
Thurston,1374
pitchers,1374
harbinger,1374
nativity,1374
loosing,1374
U-boats,1374
caucus,1373
vaporize,1373
Chosun,1373
congratulation,1373
Ceci,1373
router,1373
conquers,1373
Deok,1373
ojai,1372
amassed,1372
nui,1372
origami,1372
librarians,1372
autoimmune,1372
prunes,1372
wormwood,1372
Cybermen,1372
retaining,1372
Muffy,1372
freshness,1371
allocated,1371
invoked,1371
magenta,1371
tilted,1371
harmonious,1371
torrent,1371
infiltrating,1371
empirical,1371
yachts,1371
DeMarco,1371
decryption,1371
Shabbat,1371
onslaught,1371
battleships,1371
live-in,1371
wasjust,1370
discrepancies,1370
Arggh,1370
Wehrmacht,1370
Peña,1370
litre,1370
lamppost,1370
Serb,1370
occipital,1370
crocs,1370
Flintstone,1370
tornadoes,1370
confidant,1370
knoll,1370
agha,1370
insulated,1370
frick,1370
two-year-old,1370
on't,1370
Sanada,1369
impertinence,1369
Griggs,1369
vaseline,1369
relayed,1369
self-sufficient,1369
dawdle,1369
Stapleton,1369
deformity,1369
krill,1369
collage,1368
Babette,1368
Metallica,1368
Jesuit,1368
Ansel,1368
narcissism,1368
Montrose,1368
vineyards,1368
helmsman,1368
Valyrian,1368
requiem,1367
Pym,1367
energon,1367
excusez-moi,1367
janitors,1367
follies,1367
Griswold,1367
outlived,1367
Kelley,1367
blooded,1367
christen,1366
Tora,1366
makeshift,1366
Jacko,1366
afis,1366
Hindenburg,1366
clenched,1366
overestimate,1366
masculinity,1366
moderately,1366
mignon,1366
Miri,1366
doberman,1366
discouraging,1366
mather,1366
evens,1366
dicking,1366
drat,1365
blogger,1365
high-rise,1365
vidya,1365
molding,1365
latham,1365
sayings,1365
dribbling,1365
straightening,1365
MLA,1365
Amidala,1365
shortstop,1364
Venkman,1364
purging,1364
Natsu,1364
Ha-ha-ha-ha,1364
mingling,1364
Bryson,1364
senpai,1364
abuela,1364
amenities,1364
ticktock,1364
doorways,1364
cr,1364
truer,1364
Dov,1364
whammy,1363
out-of-town,1363
pomegranate,1363
Edvard,1363
Vincennes,1363
atari,1363
clichés,1363
Clave,1363
devine,1363
Angelus,1363
chivalrous,1363
shithouse,1363
let'sgo,1363
sancti,1363
muddle,1362
exemption,1362
Duvall,1362
cookery,1362
custodial,1362
overturn,1362
Joplin,1362
Libyan,1362
Honduras,1362
nae,1362
ÿÿ,1362
muggles,1361
flip-flops,1361
gunfighter,1361
Pappas,1361
Arryn,1361
dived,1361
reared,1361
viii,1361
80FFFF,1361
strictest,1361
bookkeeping,1361
captivated,1360
childlike,1360
testy,1360
motionless,1360
ambience,1360
infantile,1360
symbolize,1360
Asha,1360
hacienda,1360
kahuna,1360
piece-of-shit,1360
dispatches,1360
telepaths,1360
weaponized,1360
Gatorade,1360
jarl,1359
dismay,1359
Oscorp,1359
front-row,1359
reptilian,1359
Hollister,1359
Blackpool,1359
Zev,1359
labrador,1358
hein,1358
Subaru,1358
Eton,1358
kama,1358
grueling,1358
Suraj,1358
Rosenthal,1358
Nobby,1358
dapper,1358
pituitary,1358
creeped,1358
uncooperative,1358
guardianship,1358
starbase,1358
scrambler,1358
truest,1358
lifespan,1358
jumble,1358
birdman,1358
wholeheartedly,1358
upheaval,1357
wavering,1357
Müller,1357
Florentine,1357
exposes,1357
Versace,1357
leisurely,1357
frayed,1357
navigating,1357
Aztecs,1357
Hondo,1357
condensed,1356
crumbled,1356
suge,1356
pagoda,1356
guadalcanal,1356
Severide,1356
Noh,1356
befriended,1355
burping,1355
cH80FFFF,1355
concocted,1355
knifed,1355
Volga,1355
bourgeoisie,1355
affiliation,1355
anklets,1355
tubing,1355
Ricki,1355
Moana,1355
Fenway,1355
why-why,1355
surrenders,1354
crouching,1354
unc,1354
kink,1354
Ryuzaki,1354
stewed,1354
Dermot,1354
craftsmen,1354
Hinata,1354
Triton,1354
trifling,1354
newsman,1353
cervix,1353
Jeon,1353
long-time,1353
abject,1353
vámonos,1353
cellophane,1353
Drucker,1353
Hoffa,1353
miscalculation,1353
emanating,1353
Michelin,1352
savagery,1352
disconcerting,1352
Cooley,1352
tricycle,1352
wolfman,1352
opt,1352
gunners,1352
thracian,1352
chucking,1352
self-destruction,1352
Kiara,1352
unending,1352
Baelish,1352
Hanlon,1352
ply,1352
four-eyes,1352
protege,1352
Yukiko,1352
Trini,1352
humongous,1351
nips,1351
mutate,1351
strychnine,1351
dents,1351
oldman,1351
anxieties,1351
bade,1351
cremate,1351
pantheon,1351
bubby,1350
circa,1350
limiting,1350
magog,1350
front-page,1350
light-headed,1350
cutoff,1350
Mayweather,1350
replaces,1350
shoeshine,1350
incessant,1349
touchdowns,1349
gargoyle,1349
you-know-what,1349
commandeered,1349
Loman,1349
Mahatma,1349
non-existent,1349
WMD,1349
Earhart,1349
procedural,1349
parasitic,1349
emo,1348
squatters,1348
professions,1348
Odile,1348
Thebes,1348
endorsed,1348
gendarmes,1348
beavis,1348
disprove,1348
pram,1348
handbags,1348
Pritchett,1348
posturing,1348
elective,1348
amiable,1347
trafficker,1347
Gorbachev,1347
gobbling,1347
filial,1347
foiled,1347
firewalls,1347
lures,1347
testifies,1347
shortages,1347
massaging,1347
preachers,1347
fathead,1347
Narayan,1347
psalm,1346
liqueur,1346
reactivate,1346
borscht,1346
moll,1346
moonstone,1346
Mollari,1346
economist,1346
Ziegfeld,1346
tho,1346
wimpy,1346
outspoken,1346
Parma,1345
liberator,1345
sleepers,1345
robo,1345
Taoist,1345
offhand,1345
anti-semitic,1345
Imhotep,1345
perceptions,1344
chutney,1344
rotor,1344
taillight,1344
Zissou,1344
un-American,1344
Masao,1344
punisher,1344
Alessandro,1344
heart-to-heart,1344
storybook,1343
assimilated,1343
choco,1343
cryogenic,1343
deduced,1343
rewritten,1343
grounding,1343
extenuating,1343
old-timers,1343
bluntly,1343
Deon,1343
preemptive,1343
innards,1343
doctor-patient,1343
hieroglyphics,1343
thirdly,1343
Batmobile,1343
subterfuge,1342
Marcella,1342
McClure,1342
M.I.T,1342
trove,1342
winkle,1342
sirree,1342
spines,1342
lynching,1341
mahalo,1341
Toussaint,1341
Rupa,1341
Kilgrave,1341
overpowering,1341
basements,1341
Niall,1341
Gyeong,1341
floored,1341
Creedy,1341
bartenders,1341
Kmart,1341
Eldon,1340
Timmons,1340
narrowing,1340
shale,1340
Mollie,1340
Korsak,1340
indirect,1340
cantaloupe,1340
tri-state,1340
convoys,1340
garages,1340
sul,1340
skepticism,1339
good-Iooking,1339
fortify,1339
Menelaus,1339
1aH00,1339
yearns,1339
Mizuki,1339
aviator,1339
mythbusters,1339
Trafalgar,1339
Dantes,1339
draped,1338
capitals,1338
detainee,1338
squalor,1338
forty-seven,1338
asperger,1338
impregnated,1338
abnormality,1338
Ratched,1338
Sorbonne,1338
gentleness,1338
bordering,1337
inescapable,1337
cross-check,1337
ê,1337
arousing,1337
spew,1337
littering,1337
looser,1337
foolhardy,1337
tio,1337
Liddell,1337
Bacchus,1337
styrofoam,1337
aether,1337
reunions,1337
Shyam,1337
occupies,1337
toasty,1337
Arwen,1337
hoy,1337
contenders,1337
Lorena,1337
noo,1337
spectacularly,1336
envision,1336
Napster,1336
Comanches,1336
McKee,1336
incubation,1336
Renny,1336
wouldst,1336
bannerman,1336
evermore,1336
Gromit,1336
Taelons,1336
Paola,1336
sown,1335
Richelieu,1335
Vitaly,1335
Verdun,1335
Merton,1335
laziness,1335
midair,1335
no-fly,1335
equinox,1335
complimented,1335
Allenby,1335
intermediary,1335
pop-up,1335
stalkers,1334
clench,1334
mettle,1334
camaraderie,1334
backtrack,1334
cuttin,1334
changeling,1334
commuter,1334
Orwell,1334
mire,1334
Becks,1334
mounds,1334
Koch,1334
Vogler,1334
watertight,1334
lectured,1334
baseman,1333
Greenpeace,1333
vowels,1333
unsatisfied,1333
Talmud,1333
pissant,1333
vetting,1333
affectionately,1333
livid,1333
timbers,1333
nuna,1332
foosball,1332
trilogy,1332
scattering,1332
larva,1332
laude,1332
Mathilda,1332
stupider,1332
convulsions,1332
legwork,1332
shou,1332
Reina,1332
pandemonium,1332
stimulates,1331
submitting,1331
Aruba,1331
fistful,1331
eval,1331
cornbread,1331
sneer,1331
paki,1331
rolly,1331
electrocution,1331
endorphins,1331
recant,1331
prot,1331
comparative,1331
Ηow,1331
Flannery,1331
fungi,1331
advocating,1331
quacks,1331
cravings,1330
Vinick,1330
oni,1330
Leith,1330
kino,1330
blameless,1330
fabled,1330
funny-looking,1330
playlist,1330
foal,1330
pigment,1330
abducting,1330
perfumed,1330
subtly,1330
periodically,1330
inferiority,1329
Buren,1329
oppressors,1329
ely,1329
Glendale,1329
Lia,1329
rager,1329
recorders,1329
mah,1329
single-handed,1329
apartheid,1328
partnered,1328
marti,1328
cancers,1328
Osbourne,1328
fidgeting,1328
breadth,1328
plucky,1328
badminton,1328
runkle,1328
renders,1328
Abrahams,1328
nitroglycerin,1328
peacemaker,1327
Anderton,1327
Koothrappali,1327
Bettina,1327
Leno,1327
1940s,1327
Hau,1327
bereaved,1327
eased,1327
Martel,1327
dismissing,1327
Culpepper,1327
blane,1327
headlight,1327
laundered,1327
orangutan,1327
stratosphere,1327
Edmunds,1326
Isaacs,1326
thickens,1326
housemaid,1326
dradis,1326
slinky,1326
scamp,1325
Deedee,1325
babbles,1325
Iaw,1325
Goldfinger,1325
Aguirre,1325
maim,1325
Amelie,1325
raged,1325
gritty,1325
stepbrother,1325
capes,1325
stamping,1325
gaylord,1325
Fergie,1325
upheld,1324
bookworm,1324
Maryann,1324
shoebox,1324
repulsed,1324
canaries,1324
artefacts,1324
envoys,1324
vacancies,1324
Reynard,1324
Newsweek,1324
Torrente,1324
self-made,1324
tesseract,1323
hashish,1323
patris,1323
four-star,1323
Doherty,1323
biochemical,1323
globes,1323
send-off,1323
Madsen,1323
Krish,1323
Ricans,1323
lustful,1323
who-who,1323
abiding,1322
Cobain,1322
toothbrushes,1322
ex-cons,1322
hammy,1322
fontcolor,1322
dermatologist,1322
Shiloh,1322
fauna,1322
Pelle,1321
saluting,1321
Emanuel,1321
ensures,1321
anthill,1321
Shari,1321
wriggle,1321
limos,1321
billed,1321
Baber,1321
Elia,1321
recited,1321
Tulio,1320
appreciating,1320
cappie,1320
LaGuardia,1320
biking,1320
glib,1320
capacitor,1320
downwards,1320
unwrap,1320
Hideo,1320
profane,1320
i0,1319
Ismail,1319
quartered,1319
carry-on,1319
Metcalf,1319
melancholic,1319
FFFFFF,1319
Rodolfo,1319
misdirection,1319
Shania,1319
shoals,1319
compatibility,1319
bwana,1319
undersecretary,1318
Amaya,1318
laudanum,1318
ailments,1318
Aldrich,1318
high-value,1318
sprays,1318
Pisces,1318
behest,1318
Bubber,1318
monies,1317
McMahon,1317
zoos,1317
thorny,1317
Yamazaki,1317
Nita,1317
dec,1317
Fordham,1317
Sasuke,1317
teague,1317
gο,1317
feminism,1317
Enola,1316
checker,1316
Mormont,1316
anorexic,1316
Finney,1316
Halliwell,1316
Danziger,1316
mobsters,1316
ladle,1316
Wheaton,1316
outposts,1316
Urquhart,1316
Yusef,1315
Delbert,1315
Indochina,1315
Sikander,1315
y'aII,1315
Zora,1315
CPU,1315
methamphetamine,1315
wildebeest,1315
unwritten,1315
nuh,1315
gallivanting,1315
Gerty,1315
oregano,1314
Sveta,1314
Concorde,1314
go-between,1314
terminus,1314
scrounge,1314
pick-me-up,1314
groveling,1314
arr,1314
advantageous,1314
culpa,1314
strewn,1314
Zalachenko,1314
gusting,1314
knelt,1314
boatload,1313
wiper,1313
ranchers,1313
thyme,1313
Moonraker,1313
cantina,1313
acronym,1313
encased,1313
memorizing,1313
lite,1313
advertisements,1313
Zé,1312
spaniel,1312
outwit,1312
Bhuvan,1312
stewards,1312
riddler,1312
three-time,1312
Casterly,1312
testicular,1312
gung,1311
Boden,1311
boba,1311
Daeso,1311
Pythagoras,1311
Solaris,1311
flay,1311
som,1311
excluding,1311
tapioca,1311
forbidding,1311
blasters,1311
huntin,1311
propriety,1311
Azrael,1311
cheerfully,1311
GHB,1311
notoriety,1311
speedboat,1311
Kronk,1311
highlander,1310
palladium,1310
pled,1310
diluted,1310
oddball,1310
pally,1310
Lilah,1310
buh,1310
pistons,1310
inexpensive,1310
inquired,1310
skiff,1310
Moritz,1310
all-you-can-eat,1310
gipsy,1310
homeowner,1310
availability,1310
plundered,1309
drinkers,1309
vertebra,1309
opportunist,1309
emigrated,1309
apprehensive,1309
uncovering,1308
Leticia,1308
A.A,1308
deep-fried,1308
McLovin,1308
excommunicated,1308
discoloration,1308
conch,1308
resolutions,1308
Preeti,1308
bowery,1308
ejection,1308
marginal,1307
weightless,1307
dilithium,1307
basta,1307
pacify,1307
dilly,1307
shaves,1307
pauses,1307
gr,1307
barca,1307
shingles,1307
ba-ba,1306
cussing,1306
gro,1306
actionable,1306
mortician,1306
kayak,1306
exorcise,1306
B.B,1306
unloved,1306
thru,1306
poppet,1306
cybernetic,1306
ortho,1306
nother,1306
Kardashian,1306
slaver,1306
ofmy,1306
Jefferies,1305
suggestive,1305
decadence,1305
abandons,1305
inter,1305
imperialism,1305
sleaze,1305
terminology,1305
Weyland,1305
rector,1305
tats,1305
collisions,1304
shakira,1304
squirts,1304
clobber,1304
Gehrig,1304
unreachable,1304
sh-she,1304
Pierson,1304
Hayashi,1304
naga,1304
Groucho,1304
gangbanger,1304
ent,1304
appropriations,1304
adorn,1304
Judi,1304
Hogg,1304
Persephone,1303
limes,1303
alli,1303
Elka,1303
bizarro,1303
Agra,1303
neighborly,1303
sitrep,1303
stay-at-home,1303
powwow,1303
semblance,1303
barnacles,1303
Tullius,1303
originate,1303
impossibly,1302
shipmates,1302
bumming,1302
Shishio,1302
bombarded,1302
Tonino,1302
maketh,1302
Degas,1302
decoding,1302
guidebook,1302
3PO,1302
belladonna,1302
radial,1302
gyro,1302
khaki,1302
whiting,1302
mourners,1302
Elroy,1301
orifice,1301
flesh-eating,1301
fer,1301
thunderous,1301
rt,1301
Thao,1301
unquote,1301
caterpillars,1301
Eggsy,1301
reclaimed,1301
Shreveport,1301
botanist,1301
Cuervo,1301
Norbit,1301
emancipated,1300
Fei-Hong,1300
Dogville,1300
NHS,1300
showin,1300
L.T,1300
Audra,1300
windscreen,1300
Matisse,1300
Westlake,1300
unbutton,1300
pineapples,1300
Mathews,1300
hamsters,1300
blocker,1300
linguini,1300
thirty-four,1300
Debby,1300
aeroplanes,1300
disapproval,1299
repose,1299
mowed,1299
Napier,1299
two-minute,1299
Sauvage,1299
disillusioned,1299
Tatsuya,1299
one-year,1299
O.C,1299
terminally,1299
blinks,1299
Kondo,1299
wasabi,1299
Yiu,1298
ou're,1298
adjective,1298
clamped,1298
Nene,1298
diff,1298
merch,1298
outwith,1298
boroughs,1298
kidder,1298
ocho,1298
mariner,1298
denominator,1297
winery,1297
soundproof,1297
Perth,1297
Durden,1297
tirelessly,1297
grassy,1297
wheelhouse,1297
gallantry,1297
lar,1297
Kirin,1297
frell,1297
downtime,1297
butthead,1297
Woolsey,1297
aga,1297
satisfies,1297
vassal,1297
skinny-dipping,1297
peppy,1297
Landau,1296
Barris,1296
factual,1296
grumble,1296
islanders,1296
guys'll,1296
Westley,1296
armaments,1296
oiled,1296
valour,1296
Everdeen,1296
Dior,1296
blackest,1296
pips,1296
godly,1296
skaters,1296
boyhood,1296
lapel,1296
age-old,1296
wir,1295
potholes,1295
Lacroix,1295
entrees,1295
Mahler,1295
Bianchi,1295
baffling,1295
cray,1295
migrating,1294
ajar,1294
cufflinks,1294
neve,1294
mustangs,1294
Didier,1294
Widmore,1294
scuttle,1294
poon,1294
confederates,1294
Pikachu,1294
Gaz,1294
Artoo,1294
edelweiss,1293
ballplayer,1293
Pontius,1293
beady,1293
Messina,1293
scythe,1293
Redford,1293
cortical,1293
Hamza,1293
ola,1293
Yuka,1293
calderon,1293
gangbangers,1293
razor-sharp,1292
reputed,1292
cockeyed,1292
Gusteau,1292
perforated,1292
Liao,1292
bulky,1292
loin,1292
pansies,1292
pena,1292
sizeable,1292
9-year-old,1292
Arabella,1292
lakota,1292
Hattori,1292
meathead,1292
Arrgh,1291
tendons,1291
Zasa,1291
wry,1291
sept,1291
frm,1291
smooch,1291
brassiere,1291
Mok,1291
Phillipe,1291
Erie,1291
sawmill,1291
breathable,1291
lat,1291
Fazio,1290
audited,1290
fortune-teller,1290
snitched,1290
dirtier,1290
resupply,1290
throes,1290
redheads,1290
bosoms,1290
Kasper,1290
circumference,1290
Fonzie,1290
jailbreak,1290
Samara,1290
analytical,1290
Samwise,1290
buy-in,1290
Nesbitt,1290
Delacroix,1290
rumpus,1290
battleground,1289
mythological,1289
cha-cha-cha,1289
scrapped,1289
humps,1289
Hyatt,1289
Rochefort,1289
Figueroa,1289
victimized,1289
af,1289
Martell,1289
clammy,1289
campo,1289
Hagan,1289
creatively,1289
knowthat,1289
Rawlins,1289
teensy,1289
untoward,1288
overcrowded,1288
lido,1288
toodle-oo,1288
dunce,1288
inconsistencies,1288
designate,1288
Assange,1288
12-gauge,1288
sc,1288
bulldogs,1288
Macao,1288
souffle,1287
categorically,1287
ovulating,1287
tentacle,1287
fondle,1287
bruh,1287
abnormally,1287
drizzle,1287
Johansen,1286
Candie,1286
Clu,1286
Suvarov,1286
Odell,1286
scallop,1286
Kravitz,1286
brows,1286
deciphered,1286
sputnik,1286
dispersal,1286
Boz,1286
Waj,1286
Lattimer,1285
prologue,1285
w-w-what,1285
Hak,1285
indefinite,1285
mixed-up,1285
That'II,1285
mecha,1285
impasse,1284
diggs,1284
gaudy,1284
municipality,1284
diets,1284
regulators,1284
cores,1284
Claudine,1284
spastic,1284
crone,1284
seashore,1284
home-made,1284
odour,1284
quintana,1284
rooming,1284
Tutsi,1284
stealthy,1283
O-neg,1283
O.B,1283
dry-cleaning,1283
high-strung,1283
ingrate,1283
figurines,1283
unlisted,1283
Ginsberg,1283
Stensland,1283
azul,1283
Shindo,1283
quirks,1283
tax-free,1283
Gare,1283
demetri,1283
Muldoon,1282
Rena,1282
ROBOTNIK,1282
universally,1282
authenticated,1282
coitus,1282
steers,1282
Karol,1282
snitching,1282
Figgis,1282
antagonize,1282
croaks,1282
perfecting,1282
skanks,1281
hikers,1281
retreats,1281
embezzled,1281
Buddhists,1281
VD,1281
Hezbollah,1281
fuckup,1281
fairview,1281
decrepit,1281
claustrophobia,1281
signifies,1281
magnanimous,1281
diggers,1281
Salzburg,1281
DiMaggio,1281
emitter,1280
Elyse,1280
brunettes,1280
pantomime,1280
Ponzi,1280
fresco,1280
82nd,1280
associating,1280
littlest,1280
wrappers,1280
Newlin,1280
Durand,1280
wind-up,1279
slouch,1279
sediment,1279
shanks,1279
Cappy,1279
boyish,1279
Jima,1279
Holm,1279
nightie,1279
Damme,1279
Garnett,1279
inconvenienced,1279
Oa,1279
hippopotamus,1279
buongiorno,1279
commenting,1278
decomposing,1278
spandex,1278
skeletal,1278
tricorder,1278
snowboarding,1278
scalps,1278
tomcat,1278
wordy,1278
Baahubali,1278
mutter,1278
Shiori,1278
afresh,1278
carpeting,1278
picturesque,1277
falcons,1277
Machiavelli,1277
flowering,1277
anomalous,1277
gsr,1277
imperialist,1277
gravestone,1277
Laputa,1277
Babi,1276
Lennier,1276
fission,1276
Zorin,1276
enforcing,1276
quotation,1276
hubbub,1276
pessimist,1276
thinkyou,1276
gogo,1275
servicing,1275
Zatoichi,1275
reprisals,1275
ascot,1275
arraigned,1275
adorned,1275
itunes,1275
Curzon,1275
snobs,1275
pretence,1275
migrants,1275
cοme,1275
Coventry,1275
inception,1275
iniquity,1275
cleave,1275
Jumong,1275
bloomed,1275
Amberle,1275
bravado,1275
Keanu,1275
Aslam,1275
holograms,1274
Shackleton,1274
Thursby,1274
infraction,1274
hitching,1274
Javed,1274
off-site,1274
inglés,1274
modules,1274
Redfern,1274
Lestat,1274
revolutionize,1274
eyeballing,1274
honcho,1274
abstain,1274
Singhania,1274
Levinson,1273
Mclntyre,1273
Naoko,1273
peels,1273
dynamo,1273
Anka,1273
Felton,1273
poppycock,1273
Tuvia,1273
cuppa,1273
desecrated,1273
concourse,1273
screamer,1273
drywall,1273
tinkles,1273
prolific,1273
Ugo,1273
Cancun,1273
menstrual,1273
aoi,1273
institutional,1273
anagram,1273
sublet,1272
bec,1272
ativan,1272
entropy,1272
balmy,1271
fundamentalist,1271
pygmy,1271
John-Boy,1271
Tachibana,1271
leek,1270
ramble,1270
patter,1270
Graysons,1270
depose,1270
sl,1270
enact,1270
Jackman,1270
Bryn,1270
rien,1270
Arman,1270
biddy,1270
usin,1269
half-baked,1269
instituted,1269
polarity,1269
enigmatic,1269
Rameses,1269
deteriorate,1269
refinement,1269
ibn,1269
tortilla,1269
workmanship,1269
cantor,1269
Austrians,1269
expenditure,1268
electrolytes,1268
eighties,1268
gluttony,1268
watchmen,1268
impoverished,1268
googly,1268
Lainey,1268
refine,1268
Fallujah,1268
Kalle,1268
lynched,1268
oboe,1267
y-y-you,1267
filtering,1267
alteration,1267
untill,1267
jinn,1267
Trinidad,1267
drifts,1267
doze,1267
pledging,1267
worshippers,1267
cellars,1267
Tae-sung,1267
sequencing,1267
Lugosi,1266
Sunaina,1266
Mordred,1266
southland,1266
sta,1266
Smeagol,1266
magnate,1266
teaspoon,1266
untrustworthy,1266
A-plus,1266
Tibby,1265
SECNAV,1265
savory,1265
Togusa,1265
steppin,1265
Sik,1265
trampling,1265
bamba,1265
bloodlines,1265
Gamora,1265
Sartre,1265
Fellini,1265
babysitters,1265
farnon,1265
unfolds,1265
shazam,1264
peeked,1264
Walmart,1264
R.V,1264
infused,1264
financier,1264
extraordinaire,1264
unexplored,1264
Randi,1264
bushy,1264
aster,1264
fleshy,1264
lemur,1264
Mon-El,1263
Garbo,1263
Pinkman,1263
ome,1263
stately,1263
Beatriz,1263
s-so,1263
theyre,1263
alfalfa,1263
Chekhov,1263
distillery,1263
apologising,1263
second-degree,1263
carcasses,1262
frenchie,1262
conditional,1262
unauthorised,1262
maori,1262
sashimi,1262
remodeled,1262
launchpad,1262
handguns,1262
advent,1262
joust,1262
sidewalks,1262
cottages,1262
fey,1261
Jorah,1261
Whelan,1261
forthis,1261
voice-mail,1261
second-guess,1261
Malek,1261
MacGruber,1261
wha-what,1261
homeowners,1261
diocese,1261
soir,1261
shorthanded,1261
heavy-duty,1261
codeine,1261
grouch,1261
choy,1261
drawbridge,1261
influencing,1260
jailbird,1260
skitter,1260
owt,1260
winky,1260
Guardia,1260
receivers,1260
doh,1260
betrothal,1260
aisles,1260
radishes,1260
petticoat,1260
centigrade,1260
Solange,1260
template,1260
squelching,1260
respectability,1260
spanner,1260
concentrations,1259
auditory,1259
synch,1259
puto,1259
dueling,1259
Kano,1259
sty,1259
vos,1259
arbitration,1259
cleverness,1259
hysterics,1259
microwaves,1259
Witwicky,1259
Leyla,1259
trembles,1258
prost,1258
venues,1258
schoolmaster,1258
writhing,1258
Vichy,1258
Lasky,1258
grating,1258
blinky,1258
æ,1258
Luk,1258
sowing,1258
Nelle,1258
Monika,1258
Tayyar,1257
Cartagena,1257
shut-eye,1257
dinero,1257
caving,1257
Goode,1257
petitions,1257
third-rate,1257
underside,1257
grandest,1257
Tacoma,1257
jackasses,1257
nursemaid,1257
Inara,1257
Toros,1257
Edouard,1257
credit-card,1257
peewee,1257
teahouse,1257
snazzy,1257
directives,1257
fruitless,1256
50-year-old,1256
Themistokles,1256
swooped,1256
goss,1256
millionth,1256
disembark,1256
fl,1256
scoured,1256
fizzy,1256
photogenic,1256
authenticate,1256
Hilliard,1256
mandible,1256
abalone,1256
shirtless,1256
graded,1255
compile,1255
Balzac,1255
tutorial,1255
camcorder,1255
pikey,1255
fermented,1255
impersonation,1255
Beauregard,1255
Bukowski,1255
triumphed,1255
butchering,1255
ganja,1255
Cyrano,1255
hunky,1255
miscalculated,1255
noblemen,1255
rihanna,1254
carnivorous,1254
mirrored,1254
openness,1254
pico,1254
left-wing,1254
somewheres,1254
Maloney,1254
manipulator,1254
levers,1254
Mouna,1254
Stiller,1254
shylock,1254
smooching,1254
Marxist,1254
Rotterdam,1254
chalky,1254
blatantly,1254
Nori,1253
inflammatory,1253
malnutrition,1253
graced,1253
exploratory,1253
stupid-ass,1253
erratically,1253
snooker,1253
Celestine,1253
proverbs,1253
gearbox,1253
foothills,1252
hp,1252
innocuous,1252
Goryeo,1252
knitted,1252
endorsements,1252
yöu've,1252
hotties,1252
Ka-kui,1252
crawfish,1252
brokered,1252
Galt,1252
Alameda,1252
roadkill,1252
horik,1252
Kolkata,1252
chia,1252
reappeared,1252
Diwali,1252
anti-aircraft,1252
spitfire,1252
certification,1252
boos,1252
deader,1252
absent-minded,1252
Kuzco,1252
Broots,1252
he's-he,1251
incentives,1251
tadpole,1251
Pemberton,1251
Valance,1251
Padma,1251
palpable,1251
G.D,1251
CEOs,1251
flicking,1251
Craster,1251
terminating,1251
Lombardi,1251
misspelled,1250
bearers,1250
forfeited,1250
dykes,1250
exposé,1250
Bogdan,1250
islamabad,1250
Latour,1250
showgirl,1250
Rox,1250
Allyson,1250
drive-through,1249
hikari,1249
plywood,1249
nutritional,1249
absurdity,1249
diagrams,1249
Heineken,1249
gauges,1249
workshops,1249
gentile,1249
epicenter,1249
blam,1249
airwaves,1249
Beatrix,1249
Sigrid,1249
flourishing,1249
heave-ho,1249
Dietz,1248
adaptable,1248
rafts,1248
badgers,1248
fascinates,1248
Kerala,1248
loafer,1248
BOPE,1248
conceit,1248
Hasegawa,1248
teamsters,1248
certifiable,1248
illustrations,1248
exclusion,1248
cowering,1247
Balkan,1247
ajumma,1247
constables,1247
instantaneously,1247
sidebar,1247
perils,1247
disengaged,1247
discrete,1247
indiscretions,1247
inaudibly,1247
sizzles,1246
dignify,1246
spans,1246
Kizzy,1246
newsflash,1246
interception,1246
run-down,1246
caressing,1246
synchronization,1246
Steve-O,1246
consorting,1246
Aline,1246
touche,1246
firework,1246
Vassili,1246
totes,1246
directional,1245
biter,1245
roofie,1245
mauricio,1245
Shimizu,1245
devotee,1245
Stillwater,1245
nano,1245
Rie,1245
Haruhi,1245
horned,1245
applauded,1245
Warlow,1245
volition,1245
cotillion,1245
yadda,1245
layoffs,1244
autotrophs,1244
nanda,1244
Felice,1244
duplicated,1244
duvet,1244
inertia,1244
neurology,1244
cs,1244
quoi,1244
mm-mm-mm,1243
baller,1243
Linton,1243
mily2,1243
argumentative,1243
infer,1243
impresses,1243
thunderstorms,1243
retainers,1243
economies,1243
facedown,1242
access.wgbh.org,1242
implementing,1242
ruffians,1242
vertically,1242
mothballs,1242
Witherspoon,1242
Braithwaite,1242
meta-human,1242
ESU,1242
Mifflin,1242
Parton,1242
hypertension,1241
Azumi,1241
detects,1241
wall-to-wall,1241
hails,1241
Manon,1241
Romi,1241
Medford,1241
Siva,1241
thongs,1241
Spivey,1241
raze,1241
mournful,1241
Reiner,1240
th-the,1240
close-ups,1240
fixture,1240
Stillson,1240
weighted,1240
compatriots,1240
toenail,1240
Spenser,1240
tra,1240
McDeere,1240
spats,1240
poops,1240
skeptic,1240
buggin,1240
dialogues,1240
brokerage,1239
Westwood,1239
Toshi,1239
pregnancies,1239
Shil,1239
oompa,1239
cornflakes,1239
rescind,1239
Rickie,1239
electroshock,1239
Nickie,1239
flees,1238
whos,1238
Heston,1238
palazzo,1238
seminal,1238
videotaped,1238
proletariat,1238
silverman,1238
wide-open,1238
advertisers,1238
hur,1238
Midlands,1238
Gaffney,1238
anaphylactic,1237
Indio,1237
assortment,1237
Sima,1237
shephard,1237
días,1237
scammed,1237
0n,1237
Quin,1237
greenie,1237
six-foot,1237
Wikus,1237
stabilizer,1237
super-duper,1237
civility,1237
Mulcahy,1237
Russkies,1237
bama,1237
epitaph,1237
colada,1237
fingering,1237
ord,1237
heady,1237
couches,1237
peregrine,1237
Vika,1236
uncivilized,1236
abductor,1236
rainwater,1236
Rowland,1236
Salamanca,1236
T.S,1236
bloomin,1236
misfit,1236
skeet,1236
nordic,1236
goosebumps,1236
kindling,1236
splendour,1236
S.E.C,1236
Joachim,1235
prithee,1235
OCP,1235
eloping,1235
Anika,1235
dwellers,1235
hol,1235
depict,1235
nudist,1235
cautionary,1235
Kepler,1235
Hasselhoff,1234
aggravating,1234
Keyser,1234
winks,1234
dissolution,1234
Purvis,1234
Elysium,1234
purview,1234
rooks,1234
corsage,1234
argues,1234
biochemistry,1233
angling,1233
undisciplined,1233
Albrecht,1233
profess,1233
un-fucking-believable,1233
Mathers,1233
quarreling,1233
Garrick,1233
reruns,1233
paragon,1233
Yuanjia,1233
Omura,1233
droll,1233
starkwood,1233
insinuate,1233
michi,1233
alla,1232
collared,1232
paving,1232
anemic,1232
fentanyl,1232
Tatsuo,1232
Montero,1232
loveable,1232
opposes,1232
joked,1232
Leighton,1232
finalist,1232
puree,1232
lightbulb,1231
hav,1231
Shingen,1231
disloyalty,1231
playoff,1231
latched,1231
Liston,1231
instigated,1231
doobie,1231
Lithuania,1231
typo,1231
mannequins,1231
Macduff,1231
straighter,1230
Cosgrove,1230
Hiromi,1230
spiraling,1230
latina,1230
Farmington,1230
bloodied,1230
panache,1230
Manchu,1230
Clearwater,1230
Clegg,1230
Bremer,1230
Shere,1230
Toma,1230
dregs,1230
cyclist,1229
dirtiest,1229
outed,1229
mics,1229
metaphorical,1229
one-woman,1229
hocus-pocus,1229
haller,1229
Buttle,1229
Sheeta,1229
necromancer,1229
hundredth,1229
flatulence,1229
favourable,1228
southpaw,1228
depressive,1228
Mengele,1228
Baku,1228
Radek,1228
gentlemanly,1228
Ferg,1228
responsibly,1228
VW,1228
danko,1228
S.U.V,1228
hallucinate,1228
TSOUKALOS,1228
radiance,1228
stunner,1228
carne,1228
Fane,1228
kamp,1228
epsilon,1228
intubation,1228
underpaid,1227
wok,1227
nev,1227
salamander,1227
worn-out,1227
traumas,1227
Sandhya,1227
geared,1227
blips,1227
rockford,1227
stingers,1227
tweety,1227
reenactment,1227
tutti,1227
revue,1227
far-off,1227
flavored,1226
Graceland,1226
propellers,1226
a-hole,1226
empathize,1226
kar,1226
slur,1226
Ayers,1226
Virg,1226
tentative,1226
alabaster,1226
35th,1226
emulate,1226
Litchfield,1225
Bancroft,1225
flamboyant,1225
teal,1225
tuo,1225
begat,1225
Jordi,1225
Zeo,1225
dawns,1225
viciously,1225
readin,1225
superstars,1225
nibbling,1225
flanking,1225
Khlyen,1225
intrusive,1225
advises,1225
scavenging,1224
two-headed,1224
whenI,1224
Amarillo,1224
chambermaid,1224
barbecues,1224
Meier,1224
Xia,1224
gnaw,1224
Aaahhh,1224
giddyap,1224
entertainers,1223
Bedouin,1223
pentagram,1223
eighty-five,1223
off-road,1223
Amitabha,1223
impede,1223
het,1223
cataclysmic,1223
Fenner,1223
overpaid,1223
concoction,1223
geriatric,1223
Sachiko,1223
subrip,1223
tropic,1223
dialog,1223
Nanahara,1222
sd,1222
in-depth,1222
12-hour,1222
narration,1222
three-legged,1222
doused,1222
wifey,1222
grandsons,1222
mammoths,1222
drier,1222
Stepford,1221
wel,1221
cultivating,1221
intercepting,1221
bellhop,1221
Tanz,1221
glitches,1221
dependence,1221
absolved,1221
tectonic,1221
tomboy,1221
Castile,1220
layin,1220
Waylon,1220
Deane,1220
debriefed,1220
contentment,1220
ladylike,1220
second-guessing,1220
reminders,1220
slaved,1220
I'msorry,1220
Moulin,1220
lapdog,1220
hijo,1220
jetty,1220
converter,1220
w-where,1220
Kitano,1219
probabilities,1219
trills,1219
Georgette,1219
sommers,1219
Mufasa,1219
deleting,1219
Curie,1219
filtration,1219
big-shot,1218
Tanis,1218
Howards,1218
Kaspar,1218
fuehrer,1218
Payal,1218
î,1218
daiquiri,1218
brooms,1218
oncoming,1218
pollo,1218
licensing,1218
centerpiece,1218
grooms,1218
accomplishing,1218
northmen,1218
meaty,1218
wisteria,1217
petunia,1217
piggies,1217
commented,1217
huntsman,1217
invigorating,1217
purrs,1217
blacklist,1217
canes,1217
Kingslayer,1217
recheck,1217
Christendom,1217
refunds,1216
promo,1216
stardom,1216
bast,1216
hereto,1216
notifying,1216
rescinded,1216
saturation,1216
wiretaps,1216
fracking,1216
Curran,1216
Volm,1216
taka,1216
purdy,1216
liposuction,1216
poo-poo,1216
motorboat,1216
exposition,1215
ofthese,1215
richly,1215
Coogan,1215
Juana,1215
aggressor,1215
bulkheads,1215
apologised,1215
good-night,1215
hacksaw,1215
pinged,1215
Kristoff,1215
N.S.A,1215
locust,1215
interpreting,1215
Chev,1215
7-year-old,1215
Telugu,1215
Farragut,1215
merman,1215
Lucca,1214
Akron,1214
adjectives,1214
starships,1214
hairspray,1214
plush,1214
Gertrud,1214
aforementioned,1214
storehouse,1214
Fawcett,1214
overwatch,1214
Ayesha,1214
Lachlan,1214
Polanski,1214
Gottlieb,1214
brainwash,1214
za,1214
quotas,1213
ribbit,1213
splice,1213
fugue,1213
handprint,1213
iota,1213
manoeuvres,1213
decomp,1213
decrypt,1213
Soledad,1213
60th,1213
PK,1213
forevermore,1213
Piotr,1213
snapshots,1213
bales,1213
cafes,1213
Ilona,1212
Hobie,1212
antennae,1212
shado,1212
intercepts,1212
two-face,1212
bonsai,1212
dogged,1212
epitome,1212
mountainside,1212
domina,1212
suckered,1212
seance,1212
Rostov,1212
Gondo,1212
neighbouring,1211
browse,1211
Wilmington,1211
Feeny,1211
Ianto,1211
provolone,1211
Serizawa,1211
governmental,1211
are-are,1211
promotes,1211
jackrabbit,1211
mins,1211
turpentine,1211
manservant,1211
Cui,1211
disinfect,1210
Ursa,1210
pacifier,1210
chippy,1210
Oberst,1210
readout,1210
Cushing,1210
repress,1210
magi,1210
Eugh,1210
resuscitation,1210
decoder,1210
evaluating,1210
sellout,1210
Estonia,1210
dreamland,1210
Dougherty,1210
strep,1210
1990s,1210
glade,1210
congestion,1209
discerning,1209
mica,1209
claret,1209
overthrown,1209
tus,1209
four-wheel,1209
hankmed,1209
artichoke,1209
miso,1209
thievery,1209
hydro,1209
reapers,1209
Faris,1209
Jaye,1209
maison,1208
Appleby,1208
scavo,1208
Kazon,1208
swanky,1208
popsicles,1208
Giza,1208
farewells,1208
stupor,1208
Kathie,1208
turnoff,1208
Jean-Baptiste,1208
Farnum,1207
Ako,1207
fittings,1207
edi,1207
Marston,1207
restructuring,1207
nutjob,1207
mech,1207
white-collar,1207
benched,1207
mimosa,1207
shriveled,1207
communicates,1207
CIC,1207
Barnard,1207
havens,1207
Rakesh,1207
hugger,1207
sorcerers,1207
forts,1207
aluminium,1207
frowned,1207
peering,1206
instructing,1206
rehabilitate,1206
¹,1206
flatlining,1206
Saskia,1206
dressmaker,1206
Lefferts,1206
rife,1205
Seabiscuit,1205
platelets,1205
poodles,1205
skinheads,1205
withering,1205
Consuela,1205
smarten,1205
ook,1205
bicker,1205
Yoshioka,1205
signaled,1205
Bozz,1204
orthopedic,1204
interned,1204
advocates,1204
confidently,1204
militants,1204
sixteenth,1204
nοw,1204
lentils,1204
giorno,1204
transgression,1204
Kajal,1204
Flaherty,1204
Misaki,1203
accelerates,1203
Rangoon,1203
Timbuktu,1203
thwart,1203
fraternizing,1203
garnet,1203
hillbillies,1203
Livingstone,1203
Kersey,1203
unnerving,1203
Winnipeg,1203
ceres,1202
scurrying,1202
desecrate,1202
stumbles,1202
bushel,1202
Wigand,1202
hopelessness,1202
mobilization,1202
offworld,1202
satire,1202
Yeow,1202
drumstick,1202
insemination,1202
boku,1202
psychosomatic,1202
MacMillan,1202
mid-level,1202
dark-haired,1202
RC,1202
unnie,1202
procreation,1202
Streep,1202
ack,1202
palsy,1202
discordant,1202
untested,1202
whosoever,1201
defamation,1201
Dorset,1201
stifle,1201
jobe,1201
Vitti,1201
Tanzania,1201
shit-faced,1201
showman,1201
warranted,1201
underwent,1201
stimulant,1201
¾,1201
obtuse,1201
freebo,1200
Hutu,1200
neutrality,1200
crystalline,1200
Argos,1200
Rhoades,1200
squarely,1200
mooch,1200
loathing,1200
lmperial,1200
Iive,1200
bitsy,1200
Spalding,1200
1cHFFFFFF,1200
lisp,1200
fertilized,1200
trembled,1200
lovecraft,1200
subsidies,1200
haggis,1199
vaccination,1199
fullness,1199
ethically,1199
sunflowers,1199
buckaroo,1199
silks,1199
feliz,1198
cirrhosis,1198
Babbitt,1198
muerte,1198
porterhouse,1198
well-done,1198
Behrooz,1198
racy,1198
Coles,1198
foursome,1198
stabilizers,1198
omission,1197
10-year,1197
deadwood,1197
whirling,1197
good-luck,1197
Ahhhhh,1197
anon,1197
Leng,1197
vacated,1197
Mathayus,1197
faire,1197
auctions,1197
scents,1197
filii,1197
amma,1197
airbender,1197
Molloy,1197
Kyeong,1197
Bulger,1196
agendas,1196
IPO,1196
onda,1196
shape-shifter,1196
Belson,1196
Harriman,1196
convinces,1196
grandiose,1196
Magoo,1196
ills,1196
Dukat,1196
cryo,1196
yowling,1196
renovate,1196
educator,1196
Tyree,1195
Karine,1195
nervousness,1195
roosters,1195
T-bird,1195
Yukio,1195
renewable,1195
ebb,1195
fluctuating,1195
justly,1195
federales,1195
Karpov,1195
mull,1195
clarified,1195
awoken,1195
formulate,1195
arrowhead,1194
squirting,1194
switchblade,1194
zipped,1194
commencement,1194
Eriksen,1194
nappies,1194
Johansson,1194
nightlife,1194
interceptor,1194
reavers,1194
undergarments,1193
wellness,1193
Wolcott,1193
undergrad,1193
shamelessly,1193
Coulter,1193
kibbutz,1193
Iearn,1193
ravage,1193
cocksucking,1193
Wembley,1193
Fring,1193
tri,1193
Apone,1193
hinky,1193
yöu'll,1193
pâté,1193
tactful,1193
Harpo,1192
amphibious,1192
grasses,1192
Beyonce,1192
Durin,1192
beholden,1192
Hadji,1192
beluga,1192
reminiscing,1192
Forstman,1192
motivations,1192
Cécile,1191
Zan,1191
jogger,1191
Sagittarius,1191
permitting,1191
Dahmer,1191
Nettie,1191
poppers,1191
bullfighter,1191
loverly,1191
Takagi,1191
Hrothgar,1191
Devonshire,1191
Vespa,1191
Seb,1190
cabernet,1190
alienate,1190
directs,1190
Matilde,1190
Taeko,1190
clucks,1190
Marsden,1190
fealty,1190
dol,1190
cutlass,1190
resembled,1190
transsexual,1189
Martino,1189
wicks,1189
distal,1189
McDermott,1189
duplicates,1189
Siggy,1189
Gargamel,1189
Romanoff,1189
Carlitos,1189
Newkirk,1189
whassup,1189
tomahawk,1189
screwball,1189
holiest,1189
slurred,1189
flailing,1189
Malick,1189
pterodactyl,1189
Milford,1189
seconded,1189
triangular,1189
composers,1189
Gautam,1189
Horvath,1189
sanna,1188
Mitchel,1188
Navorski,1188
air-raid,1188
moxie,1188
Rufio,1188
beeswax,1188
extradite,1188
peepers,1188
conducts,1188
all-around,1188
transmits,1188
fen,1188
sill,1188
deductions,1188
Irisa,1188
roadie,1188
scpd,1188
Anselmo,1188
kau,1188
imperfection,1188
chérie,1187
pamper,1187
Bharat,1187
la-la-la-la,1187
Ottawa,1187
prohibit,1187
Huggins,1187
cruises,1187
precocious,1187
reliability,1187
unsound,1187
garb,1187
galleys,1187
failings,1187
Lorenz,1187
lightheaded,1187
piranhas,1187
Strasser,1186
Amman,1186
Travolta,1186
screwup,1186
redeeming,1186
ley,1186
Georgiana,1186
synthesized,1186
amenable,1186
walkabout,1186
pall,1186
no...no,1186
obsessions,1186
spontaneity,1185
paltry,1185
Malaysian,1185
eng,1185
consigliere,1185
Miro,1185
Ivanova,1185
mail-order,1185
cower,1185
Eaton,1185
parietal,1185
intercede,1185
Rekall,1185
morel,1184
ditty,1184
Yamaguchi,1184
Luffy,1184
Mora,1184
beset,1184
fianc,1184
Crandall,1184
humpback,1184
clouding,1184
habitual,1183
Lamia,1183
preceding,1183
Kray,1183
Hauptmann,1183
castration,1183
overriding,1183
cul-de-sac,1183
beca,1183
wrinkly,1183
Dembe,1183
underrated,1183
bereft,1183
skillet,1183
Jaffe,1183
best-looking,1182
jabs,1182
scooch,1182
Dolph,1182
sneaker,1182
gad,1182
Stasi,1182
Adderall,1182
ourself,1182
Haig,1182
Nanette,1182
undocumented,1181
Nokes,1181
lunge,1181
husk,1181
numerical,1181
simplistic,1181
uncouth,1181
wheelchairs,1181
embankment,1181
talcum,1181
dingy,1181
caressed,1181
Pennington,1181
mantelpiece,1181
Laxmi,1181
puns,1181
Pfeifer,1181
corrosive,1180
bastion,1180
Hillman,1180
teardrop,1180
feelers,1180
Roanoke,1180
musically,1180
spearhead,1180
strengthening,1180
ricks,1180
familia,1180
Lutheran,1180
Koga,1180
telltale,1180
transcribed,1180
cholo,1180
complexes,1180
regaining,1180
rescues,1180
Manchurian,1179
red-haired,1179
industrious,1179
Sussman,1179
breeders,1179
acme,1179
bilateral,1179
grayer,1179
bbc.co.uk,1179
bebop,1179
slobbering,1179
Stallone,1179
caravans,1179
Montauk,1179
hogwash,1179
Quincey,1179
ohm,1179
strikers,1179
wands,1179
Pollux,1178
consummated,1178
Pont,1178
Collette,1178
Lucio,1178
cramming,1178
abοut,1178
briefings,1178
anesthesiologist,1178
synthesize,1178
freeways,1177
Dorrit,1177
Uruguay,1177
goofball,1177
shitstorm,1177
McVeigh,1177
centrifuge,1177
renown,1177
M.E.,1177
endowment,1177
Albanians,1177
ś,1176
Simón,1176
chil,1176
Arnaud,1176
cómo,1176
adrenal,1176
a-okay,1176
teaming,1176
eyeglasses,1176
excavated,1176
Timberlake,1176
fellers,1176
Eurydice,1176
Satine,1176
taxed,1176
O.D,1175
villainy,1175
fatherhood,1175
hurling,1175
multiverse,1175
Slattery,1175
Kendricks,1175
peony,1175
dominates,1175
solicit,1175
Bachchan,1175
annually,1175
dieting,1175
Sanju,1175
yearned,1175
spelt,1174
contemplation,1174
Okada,1174
Erebor,1174
Zale,1174
bypassed,1174
cagey,1174
goalkeeper,1174
mocks,1174
citations,1174
reassignment,1174
Basra,1174
admittance,1174
Holi,1174
Yasir,1174
implode,1174
Lowrey,1173
Dorn,1173
schoolgirls,1173
Delfino,1173
nobler,1173
Qasim,1173
bandstand,1173
Bogota,1173
avoidance,1173
Eywa,1173
savin,1173
drugging,1173
astrophysics,1173
disobedient,1173
forty-four,1173
punishes,1173
won'th,1172
Υou,1172
upkeep,1172
nincompoop,1172
dweeb,1172
bracing,1172
kernel,1172
Ulrik,1172
vehicular,1172
buzzers,1172
Faisal,1172
USR,1172
psychotherapy,1171
nosebleeds,1171
Wladek,1171
carcetti,1171
G.W,1171
incidental,1171
Reinhold,1171
conquerors,1171
Nazarene,1171
pungent,1171
braverman,1171
blab,1171
Eamon,1171
donde,1171
peacocks,1170
Taransky,1170
avatars,1170
Naritsugu,1170
impersonator,1170
stunted,1170
Fornell,1170
speculative,1170
teaser,1170
Beatty,1170
Nobunaga,1170
booyah,1170
gyp,1170
smoothies,1170
lifestyles,1169
enterprising,1169
condolence,1169
millstone,1169
doodles,1169
modesto,1169
Pokemon,1169
glaucoma,1169
Barrington,1169
lt'd,1169
Coughlin,1169
Goering,1169
daffodils,1169
disabling,1169
Schumacher,1168
Satomi,1168
motherly,1168
kokoro,1168
Fishlegs,1168
fissure,1168
Belicoff,1168
electro,1168
emission,1168
Shimada,1168
bode,1168
Aretha,1168
daylights,1168
shittin,1168
Dez,1168
derivatives,1168
aerosol,1168
coined,1168
restlessness,1168
wanking,1168
colonoscopy,1167
reprehensible,1167
glorify,1167
blowback,1167
yuh,1167
knockoff,1167
Sadler,1167
lift-off,1167
Imogen,1167
obstructed,1167
squealed,1167
Bullingdon,1167
gallbladder,1167
alors,1167
trimmings,1167
Hamas,1167
varmint,1166
contrition,1166
Weinstein,1166
Trumbo,1166
secretarial,1166
Hayat,1166
drawback,1166
electrocute,1166
supremely,1166
cutty,1166
archeology,1166
Blackstone,1166
gunships,1166
wer,1165
eyelid,1165
smidge,1165
Morgenstern,1165
Nomi,1165
hearin,1165
incur,1165
platypus,1165
pedophiles,1165
birdies,1165
piedmont,1165
bonne,1165
34th,1165
poser,1165
Drebin,1165
apprenticeship,1164
Bainbridge,1164
averages,1164
neigh,1164
battlefields,1164
Silvana,1164
ajoke,1164
biding,1164
herding,1164
full-fledged,1164
zaheer,1163
meetin,1163
stacie,1163
opportune,1163
monasteries,1163
whitehead,1163
pre-med,1163
membranes,1163
shushes,1163
fluctuation,1163
bookshelf,1163
Goodspeed,1163
Mercutio,1163
omnipotent,1163
boldness,1163
I.R.S,1163
Fett,1162
noting,1162
Mahone,1162
catch-up,1162
sectionals,1162
dissipate,1162
quarts,1162
damper,1162
bootstrap,1162
dominatrix,1162
hell'd,1162
Niu,1162
red-headed,1162
dolt,1162
alt,1161
Amira,1161
migrated,1161
stealin,1161
norms,1161
Venezuelan,1161
amended,1161
mundy,1161
haughty,1161
catty,1161
Ulla,1161
Mackay,1161
mobilizing,1161
utilized,1161
scrimmage,1160
Siddhartha,1160
Nikos,1160
mares,1160
bijou,1160
nationalists,1160
guapo,1160
saya,1160
Liesl,1160
mos,1160
forty-three,1159
Niska,1159
immerse,1159
waterworks,1159
personalized,1159
haveyou,1159
acoustics,1159
loc,1159
nibbles,1159
Petya,1158
Bridgeport,1158
hippos,1158
thinning,1158
uncontrolled,1158
infects,1158
prohibits,1158
shamrock,1158
backwoods,1158
fortuitous,1157
mesmerized,1157
gunship,1157
unclaimed,1157
trifecta,1157
inserting,1157
sprouted,1157
wrecker,1157
grandfathers,1157
Walther,1157
Nong,1156
mated,1156
abound,1156
elitist,1156
swordsmen,1156
work-related,1156
Laredo,1156
fritters,1156
freakish,1156
lifeblood,1156
catnip,1156
Mobley,1156
outrank,1156
prosthetics,1156
cuddles,1156
retrograde,1155
dokey,1155
cancels,1155
tiramisu,1155
misgivings,1155
Trapp,1155
auburn,1155
bringer,1155
hypnotism,1155
A.S.A.P,1155
Darko,1155
sheltering,1155
soared,1155
Kojak,1155
rummage,1155
basking,1154
Hewlett,1154
night-time,1154
seventies,1154
roughing,1154
impressing,1154
Eph,1154
unqualified,1154
roams,1154
struts,1154
Mette,1154
Lorca,1154
likey,1154
earful,1154
kickbacks,1154
iffy,1154
hot-wire,1154
waitressing,1154
hidin,1154
Corinthians,1154
criticise,1153
elongated,1153
dogma,1153
glossy,1153
furies,1153
mitigating,1153
Newfoundland,1153
Satoru,1153
brahma,1153
c.c,1153
pardner,1153
enchanté,1153
amethyst,1153
racecar,1153
keycard,1152
matrimonial,1152
Mukesh,1152
fiendish,1152
desktop,1152
desecration,1152
transcends,1152
whistled,1152
renamed,1152
Fibonacci,1152
hier,1152
newsreader,1152
Hsiao,1152
Gwyneth,1151
Spiro,1151
Trubel,1151
Soze,1151
Seul,1151
Genovia,1151
healers,1151
K-PAX,1151
Kandi,1151
Uriel,1151
ill-advised,1151
recuperate,1151
harvester,1151
nara,1151
girlish,1151
POWs,1151
fueling,1151
encephalitis,1150
Sigurd,1150
familial,1150
gor,1150
gelatin,1150
snarl,1150
punters,1150
RUF,1150
landowners,1150
Llewelyn,1150
Holtz,1150
Rennie,1150
1o,1150
Karras,1150
implicating,1150
cameo,1150
tarnish,1150
intravenous,1150
hovel,1149
belching,1149
Cathcart,1149
airy,1149
trotting,1149
minstrel,1149
willfully,1149
Hanne,1149
doo-dah,1149
Mi-nam,1149
Kline,1149
clear-cut,1149
Ulf,1149
slugged,1148
dumpsters,1148
mobiles,1148
one-day,1148
winded,1148
wrangle,1148
unrelenting,1148
Taelon,1148
fielder,1148
Frazer,1148
masa,1148
Flicka,1148
giveth,1148
Fabienne,1147
bord1,1147
philosophies,1147
Norwood,1147
Shizuku,1147
Yeol,1147
Salma,1147
snorkel,1147
shrooms,1147
photons,1147
matte,1147
unzipping,1147
Cerberus,1147
Scarrans,1147
pigheaded,1147
buzzkill,1147
molar,1147
Boyer,1147
harrowing,1146
boarders,1146
Fili,1146
Eun-suh,1146
Orestes,1146
gangland,1146
Plunkett,1146
perspiration,1146
playdate,1146
softness,1146
clings,1146
Boeing,1146
Evangeline,1146
self-contained,1146
I'''M,1146
corals,1146
predetermined,1146
extravaganza,1145
outset,1145
resolving,1145
oreos,1145
Dostoyevsky,1145
balding,1145
Veidt,1145
Hervé,1145
Morehouse,1145
Megazord,1145
Νo,1145
Henriette,1145
blurt,1145
short-sighted,1145
bobcat,1144
MacNeil,1144
flooring,1144
NA'VI,1144
kind-hearted,1144
unbridled,1144
dens,1144
innovations,1144
Shasta,1144
Wrigley,1144
culver,1144
specialised,1144
communiqué,1144
lob,1144
Meehan,1144
Robespierre,1144
Abaddon,1144
Sharkslayer,1144
baseship,1144
anoint,1144
barns,1144
Caltech,1143
systemic,1143
browser,1143
untidy,1143
Tomoko,1143
euthanasia,1143
Baskerville,1143
Kayleigh,1143
coed,1143
peds,1143
Jabez,1143
sugarcoat,1143
safe-deposit,1143
stickin,1143
Pawan,1143
preys,1143
columbine,1142
gelato,1142
runaround,1142
visceral,1142
misdeeds,1142
barked,1142
conceivably,1142
Kaitlyn,1142
hef,1142
Mmmmm,1142
trite,1142
unwavering,1142
unfathomable,1142
Stillman,1142
speakeasy,1142
pillowcase,1141
Mito,1141
jaclyn,1141
caster,1141
mobs,1141
high-pressure,1141
harping,1141
homeboys,1141
lowing,1141
seething,1141
hyung-nim,1141
feminists,1141
lobbyists,1141
reassemble,1141
calliope,1141
Maurizio,1140
dorsal,1140
sweatshop,1140
mens,1140
thrifty,1140
Agrippa,1140
Jaha,1140
sandal,1140
dissecting,1140
processors,1140
sequins,1140
poopy,1140
standup,1139
sunbathing,1139
tugging,1139
Huston,1139
Hartigan,1139
recognises,1139
seraphim,1139
occurrences,1139
pah,1139
blemish,1139
toa,1139
indignity,1139
Aurelia,1139
choral,1139
chemists,1139
hindrance,1139
prodigious,1139
breadcrumbs,1138
MINIONESE,1138
craved,1138
Javert,1138
Fredrik,1138
leveling,1138
shacked,1138
Belgians,1138
clearances,1138
undignified,1138
up-and-coming,1138
resounding,1138
Zelenka,1138
ONSLOW,1138
shortwave,1138
ccs,1138
habla,1138
how'll,1138
Hoboken,1138
Domenico,1138
gam,1137
and-and-and,1137
polluting,1137
subliminal,1137
airliner,1137
lynx,1137
unify,1137
E.T.A,1137
cavemen,1137
Thackery,1137
Affleck,1137
ritualistic,1137
McLean,1137
Jaya,1137
Yamashita,1137
Dany,1137
Lilian,1137
fantastically,1137
Sweetwater,1136
D'Leh,1136
Madea,1136
snowmobile,1136
veils,1136
deluge,1136
atheists,1136
Jerries,1136
neurosurgery,1136
Oishi,1136
brea,1136
do-gooder,1136
shinin,1136
hodja,1136
diminishing,1136
malevolent,1136
Scarran,1136
guero,1136
gossips,1136
sulfuric,1135
downwind,1135
sleight,1135
Mishima,1135
diarrhoea,1135
Tramell,1135
redone,1135
childrens,1135
Caplan,1135
blunt-force,1135
busybody,1135
colosseum,1134
kinsman,1134
embassies,1134
Radford,1134
all-new,1134
cretins,1134
Creighton,1134
molds,1134
d-do,1134
Winkler,1134
invasions,1134
Bartleby,1134
Brixton,1134
songbird,1134
recreating,1134
tussle,1134
toasts,1134
Joong,1134
rearranging,1134
Catelyn,1134
quiets,1134
mayoral,1134
devours,1133
calluses,1133
Blakely,1133
assertive,1133
copter,1133
unrecognizable,1133
celtics,1133
voluptuous,1133
bloodlust,1133
prance,1133
Markie,1133
limitation,1133
Pembroke,1133
potted,1133
disqualify,1133
reciprocate,1133
Descartes,1132
Kolchak,1132
flunky,1132
matobo,1132
remarked,1132
tatters,1132
finito,1132
loveliness,1132
haddie,1132
in-flight,1132
brawling,1132
Valera,1132
underhanded,1132
hungrier,1132
reigned,1132
Anglo-Saxon,1132
mousetrap,1132
Advil,1132
Cully,1132
Demelza,1132
Lithuanian,1131
heinie,1131
Villette,1131
werert,1131
Hoke,1131
shrivel,1131
eventful,1131
tapas,1131
Eiji,1131
richness,1131
Crabb,1131
FCC,1130
scaled,1130
coffeehouse,1130
psalms,1130
knockers,1130
falsehood,1130
two-for-one,1130
overtaken,1130
second-class,1130
Womack,1130
hargrove,1130
Kingsguard,1130
renegades,1130
breaching,1130
bleh,1130
radium,1130
marr,1130
speedo,1130
monarchs,1130
Jango,1130
ifthey,1130
stroked,1129
cusp,1129
saps,1129
undamaged,1129
rockers,1129
Shatner,1129
E.B,1129
Estrada,1129
regulatory,1129
Kodak,1129
red-eye,1129
Lillie,1129
infringement,1129
Costas,1129
mage,1129
ifit,1129
flor,1129
topaz,1129
nymphomaniac,1129
dwindling,1129
Jedediah,1128
emergence,1128
thermite,1128
eyesore,1128
domo,1128
resents,1128
Bick,1128
Diya,1128
whinny,1128
cloister,1128
Naraku,1128
decreases,1128
hales,1128
bondsman,1128
hypodermic,1128
soldiering,1128
fob,1128
ethanol,1128
sto,1128
double-time,1128
Macklin,1128
lum,1127
Kenton,1127
fantasized,1127
burnout,1127
distortions,1127
backers,1127
lookouts,1127
Pei,1127
degeneration,1127
macchiato,1127
ester,1127
fallback,1127
Svend,1126
Agathe,1126
slobs,1126
quibble,1126
oriented,1126
hygienist,1126
distort,1126
venereal,1126
synapses,1126
amity,1126
Mondego,1126
forthright,1126
dissociative,1126
submerge,1126
cultivation,1126
forty-nine,1126
hygienic,1126
bigotry,1125
Veeru,1125
variance,1125
admirably,1125
Woolf,1125
trod,1125
lather,1125
Yahtzee,1125
l-I'm,1125
bugler,1125
varrick,1125
Duquesne,1125
Syed,1125
Jemaine,1124
enamel,1124
affluent,1124
nastiest,1124
recipients,1124
Siena,1124
ici,1124
falsetto,1124
beemer,1124
Verdi,1124
pricked,1124
parent-teacher,1124
levitate,1124
swingers,1124
sages,1124
criminology,1124
Trang,1124
Gracchus,1124
murderess,1124
outpatient,1124
overland,1124
cardiovascular,1123
upping,1123
Caius,1123
A-1,1123
bereavement,1123
kissy,1123
Rubik,1123
tou,1123
demos,1123
Sikh,1123
interlude,1123
expunged,1123
teething,1123
baccarat,1123
beamer,1123
penetrates,1123
voyeur,1123
extravagance,1123
ín,1123
indecisive,1123
Boi,1123
percentile,1123
Stetson,1123
definitions,1123
Huseyin,1123
thrusting,1123
Bastogne,1123
hoorah,1123
Ogata,1122
squished,1122
c-can,1122
refining,1122
bambino,1122
neutrino,1122
evidences,1122
flirtation,1122
medicare,1122
Cho-won,1122
mamacita,1122
Bartok,1122
Natsuki,1122
KFC,1122
fel,1122
wean,1122
sais,1122
Mozambique,1122
runabout,1122
Jim-Bob,1122
Lampert,1122
Vallejo,1122
strode,1122
Cambodian,1122
là,1122
Kirkman,1121
prescribing,1121
rippling,1121
saddles,1121
Britons,1121
Barret,1121
entwined,1121
startup,1121
evoke,1121
northerners,1121
cassettes,1121
Kisha,1121
fattest,1121
believeth,1121
Neapolitan,1121
looped,1121
traipsing,1121
loathed,1121
Neytiri,1121
textiles,1120
tomorrows,1120
depiction,1120
misfire,1120
primus,1120
eveyone,1120
McDowell,1120
Isha,1120
thorazine,1120
jump-start,1120
shaming,1120
yousa,1120
Herrera,1120
waring,1120
modestly,1120
Bierko,1120
ibuprofen,1120
reestablish,1120
slider,1120
sobered,1120
swarms,1119
mentalist,1119
broach,1119
Mehta,1119
backroom,1119
Minna,1119
smartphone,1119
Nyx,1119
zigzag,1119
Gordie,1119
loader,1119
skittles,1119
uproot,1119
Chandni,1119
cobras,1119
skit,1119
bunt,1119
Bigweld,1119
dio,1118
uppers,1118
Vicksburg,1118
counterparts,1118
understaffed,1118
sequestered,1118
glimpsed,1118
Caesars,1118
aught,1118
in-in,1118
Holger,1118
fet,1118
mutilate,1118
grimy,1118
yucky,1118
carm,1118
Medea,1118
mirakuru,1118
drifters,1117
Papillon,1117
jaywalking,1117
Schuyler,1117
patties,1117
shrimping,1117
Ivanov,1117
Eeyore,1117
Romy,1117
V.A,1117
Dalrymple,1117
Hoyle,1117
not-not,1117
Sardar,1117
milkshakes,1117
Zhivago,1117
I-I-I-I,1117
dependency,1117
Browne,1116
reprimanded,1116
mojitos,1116
chins,1116
reaping,1116
good-natured,1116
antennas,1116
immersion,1116
Gopi,1116
manna,1116
remix,1116
racists,1116
Goren,1116
Jesuits,1116
Ashford,1116
Feisal,1116
catered,1116
Jesús,1116
subber,1116
reveille,1116
McMillan,1116
sired,1116
ACLU,1115
forgo,1115
indu,1115
looms,1115
blends,1115
Woodruff,1115
rashly,1115
messaging,1115
allotment,1115
unveiled,1115
can'tjust,1115
sugary,1115
Hoo-ah,1115
forties,1115
blowed,1115
preside,1115
dateline,1115
Gacy,1115
degenerative,1114
aspiration,1114
cranked,1114
charted,1114
Alvarado,1114
backfires,1114
sickest,1114
Sher,1114
rpm,1114
lun,1114
guaranteeing,1114
Pisa,1114
piglets,1114
verifying,1114
nettles,1114
Beauchamp,1114
Franken,1114
soups,1114
colliding,1113
mummified,1113
Kohler,1113
landowner,1113
Fyodor,1113
dailies,1113
concealment,1113
sherbet,1113
sexting,1113
butchie,1113
salmonella,1113
tune-up,1113
Ricci,1113
Chatsworth,1113
excelled,1113
anchorman,1113
20-minute,1113
deep-sea,1112
victimology,1112
guster,1112
wounding,1112
codename,1112
scottsdale,1112
thrived,1112
smilin,1112
yodeling,1112
Paulsen,1112
Oona,1112
entitlement,1112
rasta,1112
bandwidth,1112
Pringle,1112
deities,1112
tugboat,1112
num,1111
n-not,1111
disabilities,1111
Alderaan,1111
Byzantine,1111
redundancy,1111
thermonuclear,1111
trifles,1111
u0,1111
chasin,1111
smudged,1111
captor,1111
Soong,1111
furnishings,1111
growin,1111
contributor,1111
dyad,1111
tattered,1111
Hsu,1111
henhouse,1111
listings,1111
reminiscent,1111
southside,1111
menial,1111
manifestations,1111
acquit,1111
nationally,1111
fragmented,1111
mites,1110
wonky,1110
Battousai,1110
rampart,1110
Tycho,1110
winging,1110
jeeps,1110
subXpacio,1110
refrigerated,1110
Hyperion,1110
Argentinean,1110
cripes,1109
fistfight,1109
ogling,1109
veneer,1109
Sakai,1109
nipper,1109
Zim,1109
newlywed,1109
four-year,1109
banister,1109
Ieyasu,1109
Crispin,1109
Reede,1109
effeminate,1109
bedspread,1109
Cheshire,1109
margarine,1109
Mouch,1109
Kinte,1109
ferocity,1109
americana,1108
pyro,1108
ec,1108
reactivated,1108
pulsar,1108
Barnum,1108
sepsis,1108
downsizing,1108
camouflaged,1108
pieced,1108
smirking,1108
thence,1108
solicitors,1108
recklessness,1108
confidentially,1107
Liberia,1107
masturbated,1107
frenzied,1107
specks,1107
Rasmus,1107
Mingo,1107
buona,1107
carabinieri,1107
Hadrian,1107
ml,1107
higher-ups,1107
rebs,1107
Hakan,1107
Magruder,1107
voracious,1107
underbelly,1107
Beatle,1107
carsick,1107
Ciccio,1106
interlock,1106
unoccupied,1106
delve,1106
nicu,1106
fairy-tale,1106
namesake,1106
singed,1106
cornea,1106
Yusuke,1106
outbid,1106
Caulfield,1106
dedicating,1106
plummeting,1106
Swifty,1106
rsvp,1106
Gribble,1106
Abercrombie,1106
bib,1106
vacationing,1106
telecommunications,1105
longo,1105
nig,1105
Tsai,1105
Herrick,1105
Isaak,1105
Iqbal,1105
condemns,1105
breakaway,1105
Ichiro,1105
sinker,1105
uninhabitable,1105
Kif,1105
scuff,1105
invoking,1105
Tamsin,1105
Sedgwick,1105
precursor,1105
cropped,1105
crackin,1105
contraire,1105
layover,1105
compensating,1105
IOU,1104
geyser,1104
write-off,1104
selfishly,1104
unsanitary,1104
barnyard,1104
hams,1104
astounded,1104
taxation,1104
Nawab,1104
refrigeration,1104
substitution,1104
Holli,1104
milligram,1104
waterman,1103
replicated,1103
Ochoa,1103
mothefrucker,1103
countin,1103
Hynkel,1103
å,1103
tardiness,1103
Cindi,1103
recreated,1103
bloodsucker,1103
furiously,1103
medley,1103
toda,1103
combatant,1103
Yondu,1103
nylons,1103
magnification,1103
54th,1102
erudite,1102
Spitz,1102
stubby,1102
bustling,1102
kana,1102
canoes,1102
Kenichi,1102
Naylor,1102
Enron,1102
Bastian,1102
Kui,1102
pneumatic,1102
inappropriately,1102
Tama,1102
sourpuss,1102
asta,1102
Yoshiko,1102
paramilitary,1102
favoured,1102
enchantress,1102
molestation,1101
driftwood,1101
seashells,1101
complicates,1101
Irvine,1101
Barone,1101
accords,1101
mooning,1101
romp,1101
haggling,1101
Monsanto,1101
echoed,1101
don'''t,1101
trawler,1101
shit-hole,1100
shallows,1100
Suez,1100
capers,1100
neutrinos,1100
yammering,1100
walkway,1100
decomposed,1100
Jay-Z,1100
jumbled,1100
clashes,1100
fibrosis,1100
reevaluate,1100
meanie,1100
multiplication,1100
Ivana,1100
lts,1100
Quimby,1100
bogeys,1100
brimming,1100
Yui,1100
ruffled,1099
styx,1099
Metzger,1099
servicemen,1099
oppressor,1099
trollop,1099
poplar,1099
subdural,1099
IAD,1099
stopper,1099
mustaches,1098
hokey,1098
placid,1098
forthat,1098
Applebee,1098
man-eating,1098
bottling,1098
gravedigger,1098
untreated,1098
Christo,1098
muggers,1098
Littlefinger,1098
gawd,1098
tellers,1098
girth,1098
technicolor,1098
halfling,1098
treble,1098
phlegm,1098
narrowly,1097
concise,1097
Neski,1097
yielding,1097
clicker,1097
is't,1097
rashes,1097
flagstaff,1097
zippy,1097
herein,1097
improperly,1097
inlet,1097
waning,1097
surveying,1097
Vivienne,1097
socialite,1097
cheetos,1097
implicitly,1097
unconstitutional,1097
delicacies,1097
regains,1096
omitted,1096
tumbled,1096
raucous,1096
fretting,1096
collegiate,1096
tip-top,1096
rerouting,1096
grounder,1096
fline,1096
goths,1096
winnebago,1096
Idris,1096
farber,1096
A.D.A,1096
tearful,1096
woodcock,1096
serrated,1096
Sungkyunkwan,1096
shopped,1096
Hinkle,1096
stilts,1096
requisitioned,1096
Stuttgart,1096
jerseys,1096
chiseled,1095
snide,1095
primaries,1095
kitties,1095
Norwegians,1095
Junuh,1095
speculated,1095
Mirza,1095
kipper,1095
Satterfield,1095
kuvira,1095
3cHA5ACB4,1095
libra,1095
buzzy,1095
1cHA5ACB4,1095
Merv,1095
leasing,1095
selfies,1094
Alak,1094
Murrow,1094
terraforming,1094
P.J,1094
disputed,1094
specialties,1094
bubonic,1094
egress,1094
getcha,1093
molto,1093
braised,1093
sten,1093
inhospitable,1093
third-degree,1093
gazpacho,1093
rst,1093
continual,1093
Hardwick,1093
Ambien,1093
Marrakech,1093
probed,1093
characterized,1093
M.I.A,1093
vulgarity,1093
tresses,1093
Shizuko,1093
Fatih,1093
Begbie,1093
downloads,1093
lesbo,1093
Varinia,1093
tortoises,1093
Romney,1093
ragtime,1093
quot,1093
Shalini,1093
snub,1092
foreclosed,1092
Surratt,1092
cloaks,1092
dons,1092
popes,1092
dialled,1092
Frederik,1092
dake,1092
collaborated,1092
begrudge,1092
smokescreen,1092
corrupts,1092
merriment,1092
overt,1091
bada,1091
paraphernalia,1091
hosanna,1091
Fenwick,1091
roared,1091
Mariel,1091
overview,1091
nuance,1091
semifinals,1091
Bacall,1091
jello,1091
erectile,1091
Hanka,1091
telethon,1091
taming,1091
Singham,1091
cave-in,1091
gammy,1091
look-alike,1091
A.P,1091
marauders,1091
naka,1091
cedars,1091
cuishle,1090
footnote,1090
well-deserved,1090
Smaug,1090
transceiver,1090
irritates,1090
maddening,1090
Haruko,1090
failsafe,1090
syllabus,1090
barometer,1090
cicadas,1090
LEAVITT,1090
honed,1090
nid,1090
Jerri,1090
congee,1090
BB-8,1090
Bullwinkle,1090
fungal,1090
dementors,1090
Orton,1089
strong-arm,1089
blockers,1089
Carmelo,1089
fumbling,1089
croaked,1089
well-liked,1089
carnivore,1089
logbook,1089
bellow,1089
nine-millimeter,1089
Cameroon,1089
Valle,1088
inequality,1088
haveto,1088
lapsed,1088
Xmas,1088
great-aunt,1088
recuperating,1088
plainclothes,1088
Tae-soo,1088
Chuen,1088
Godric,1088
Mauser,1088
Philo,1087
Halliday,1087
insurmountable,1087
Canaveral,1087
haiku,1087
Callisto,1087
heists,1087
dealin,1087
merchandising,1087
shaver,1087
sniggers,1087
Quatermain,1087
Zorba,1087
savant,1087
ruthlessly,1087
anime,1086
Bluto,1086
masochist,1086
Freeza,1086
Laughlin,1086
decrees,1086
spooning,1086
thoreau,1086
Wiggins,1086
distorting,1086
Naoki,1086
NSC,1086
õ,1086
Babylonian,1085
scaly,1085
Guddu,1085
Stanhope,1085
ahm,1085
fiercest,1085
pachinko,1085
arid,1085
Aurelio,1085
pappa,1085
hook-up,1085
Lonny,1085
procreate,1085
Jaden,1084
ferries,1084
bluffs,1084
unconsciousness,1084
isotopes,1084
cyberspace,1084
Nanjing,1084
drafty,1084
operatic,1084
Margene,1084
cranberries,1084
googling,1084
Chiaki,1084
Vasily,1084
obligatory,1084
kiddy,1084
YMCA,1084
Konrad,1084
emphysema,1084
Raya,1083
spot-on,1083
Hebrews,1083
ifthe,1083
Hamm,1083
Wii,1083
seeping,1083
gummi,1083
excitable,1083
cinematographer,1083
depriving,1083
Javadi,1083
overlords,1083
transistor,1082
t-that,1082
postmark,1082
salutes,1082
detonating,1082
millers,1082
flit,1082
chiffon,1082
wooed,1082
playroom,1082
orry,1082
pioneering,1082
Hazzard,1082
gοt,1082
matchmaking,1081
Aden,1081
premiums,1081
make-out,1081
touchy-feely,1081
yuuki,1081
three-month,1081
pisser,1081
rustlers,1081
kebabs,1081
nagus,1081
a1,1081
uncompromising,1081
Rosamund,1081
Yes'm,1081
Duan,1081
comings,1081
influx,1081
Malin,1081
whelp,1081
ofthose,1081
BOFUR,1081
bumpers,1080
tuts,1080
matchbook,1080
Andrés,1080
laramie,1080
unintentionally,1080
self-respecting,1080
Nordberg,1080
Taha,1080
Yorktown,1079
barbarous,1079
houseguest,1079
flagrant,1079
scalped,1079
calorie,1079
salons,1079
Danilo,1079
debilitating,1079
repaint,1079
Selby,1079
Byun,1079
mincemeat,1079
vandalized,1078
Viennese,1078
Myrna,1078
Aldridge,1078
Calista,1078
cocker,1078
stingray,1078
telekinesis,1078
one-bedroom,1078
pushups,1078
ramming,1078
Roque,1078
subside,1078
decompress,1078
Sharky,1078
dietary,1077
dividends,1077
geezers,1077
Barts,1077
Palpatine,1077
steakhouse,1077
hymie,1077
scopes,1077
eastside,1077
taekwondo,1077
abuser,1077
Rodrick,1077
rationalize,1077
Akane,1077
liaise,1076
Heon,1076
thirty-nine,1076
calico,1076
rakes,1076
rawhide,1076
afore,1076
Sahir,1076
zealots,1076
Rutland,1076
accumulation,1076
Liesel,1076
piercings,1076
unchallenged,1076
liquidated,1076
somebody'll,1076
palpitations,1076
upgrading,1076
Harrigan,1076
diss,1076
pothole,1076
po-po,1075
cymbals,1075
parlors,1075
entrenched,1075
bakes,1075
claymore,1075
diplomas,1075
Bontecou,1075
untamed,1075
20-year,1075
oomph,1075
Shawna,1075
Azkaban,1075
38th,1075
reparations,1075
grander,1075
arseholes,1075
harakiri,1075
solids,1075
C.W,1075
m-maybe,1075
ex-partner,1075
lusty,1075
headman,1075
NVA,1074
nipping,1074
59th,1074
Witter,1074
insurgent,1074
African-Americans,1074
bedpan,1074
stargazer,1074
unburden,1074
cardiology,1074
teatime,1074
refills,1074
battlements,1073
resurfaced,1073
lorde,1073
certify,1073
gosling,1073
Minjae,1073
betel,1073
cilantro,1073
innocently,1073
helpin,1073
grapple,1073
asthmatic,1072
unexplainable,1072
qu'est-ce,1072
first-name,1072
PMS,1072
Lygia,1072
tutors,1072
batten,1072
archdiocese,1072
internment,1072
sitar,1072
simple-minded,1072
Mathur,1072
insurgency,1072
stoic,1071
DeMille,1071
kickboxing,1071
thankless,1071
Brunswick,1071
knotted,1071
afire,1071
pageants,1071
ns,1071
Raben,1071
ejaculation,1071
consisting,1071
teat,1071
annals,1070
Amadeus,1070
Trudi,1070
parlay,1070
Aaaaaah,1070
outlying,1070
pandit,1070
farthing,1070
Lupita,1070
sombre,1070
Kosh,1070
watermelons,1070
ofhim,1070
caliph,1070
Zia,1070
paralyzing,1070
Jeffy,1070
thatI,1070
chessboard,1070
Mohamed,1069
bald-headed,1069
crayfish,1069
nimrod,1069
ayatollah,1069
iam,1069
pierces,1069
boyce,1069
havent,1069
conclusively,1069
salam,1069
bushed,1069
fatigued,1069
Haqqani,1069
errant,1069
Koh,1068
stammer,1068
Windu,1068
yeoman,1068
Yash,1068
reals,1068
rumoured,1068
detonates,1068
Datak,1068
Larsson,1068
Ronda,1068
hury,1068
Desai,1068
saintly,1068
peacetime,1068
Saxena,1068
windfall,1068
run-ins,1068
Mathew,1068
Harford,1068
summation,1068
Rohr,1067
UFC,1067
Lagos,1067
ruffle,1067
Shigeru,1067
eventuality,1067
Ines,1067
Bloomingdale,1067
juggler,1067
Elspeth,1067
monde,1067
frowning,1067
retrovirus,1067
figurine,1067
Karlsson,1067
bookings,1067
breacher,1067
hi-fi,1067
drunker,1067
negatively,1066
Ridgeway,1066
P.C,1066
testimonies,1066
Fuchs,1066
laurels,1066
divergent,1066
slurp,1066
playmates,1066
ceramics,1066
dunder,1066
kickback,1066
Flavius,1066
Durango,1066
Fredericks,1066
Sabian,1065
Nye,1065
cockamamie,1065
gauche,1065
elated,1065
trappings,1065
soothes,1065
Breeland,1065
waistcoat,1065
bigwig,1065
ä,1065
complimenting,1065
deliberations,1065
unintentional,1065
fatherless,1065
Starla,1065
zwei,1065
shipshape,1065
zhan,1065
M.S,1065
ascendant,1065
hypnotist,1065
pruning,1065
plaît,1064
wriggling,1064
charters,1064
UAV,1064
frailty,1064
downriver,1064
Vaziri,1064
lawyered,1064
keenly,1064
labourers,1064
togetherness,1064
roofies,1064
hi-tech,1064
neutrons,1064
retractor,1064
Benigno,1064
bubblegum,1064
Dyle,1064
bedridden,1064
dolled,1064
Garvin,1064
self-portrait,1064
minton,1064
Benning,1063
Mizuno,1063
navabi,1063
cleverest,1063
Neddy,1063
Tiwari,1063
faII,1063
correspondents,1063
cakewalk,1063
after-hours,1063
drunkards,1063
101st,1063
Hamlin,1063
fevers,1063
rummaging,1063
Carrillo,1063
immeasurable,1062
migrant,1062
placate,1062
loveyou,1062
subsides,1062
Catalan,1062
breast-feeding,1062
strumpet,1062
Anatole,1062
exhume,1062
prospector,1062
unhappily,1062
snafu,1062
quinine,1062
shitbag,1061
grafts,1061
Trix,1061
mongoloid,1061
absorption,1061
ejaculate,1061
Akio,1061
magistrates,1061
L'chaim,1061
weathered,1061
organisations,1061
rainier,1061
ez,1061
hooter,1061
NARF,1061
after-party,1061
side-by-side,1061
capitalize,1060
amped,1060
Marylin,1060
eff,1060
gridlock,1060
idyllic,1060
genny,1060
Dutchy,1060
vastness,1060
demerol,1060
great-uncle,1060
Matsuda,1060
devotees,1060
helplessly,1060
inexplicably,1060
freshener,1060
mightier,1060
Ariane,1060
Alyosha,1060
MDMA,1059
strengthens,1059
warlocks,1059
Danville,1059
presided,1059
Sipowicz,1059
Eminem,1059
Christoph,1059
confronts,1059
deus,1059
nuptial,1059
prophetic,1059
statewide,1059
spousal,1059
engages,1059
reinstatement,1058
Provence,1058
karmic,1058
tawdry,1058
Voorhees,1058
co-ordinates,1058
tongue-tied,1058
nods,1058
coolness,1058
crawler,1058
junket,1058
Echolls,1058
inconsequential,1058
Morrissey,1058
stoppin,1058
yeah-yeah,1058
angina,1058
fecal,1058
Croatian,1058
tamer,1058
mescaline,1057
portrayal,1057
huggy,1057
originating,1057
dit,1057
000-year-old,1057
weirded,1057
replication,1057
Sheri,1057
detaining,1057
Rhodey,1057
T-Dog,1057
Bunchy,1057
Baedal,1057
deducted,1057
Brubaker,1057
Patrik,1057
inherits,1057
Wellesley,1057
loopholes,1057
black-market,1057
Pell,1056
Akemi,1056
piña,1056
coldness,1056
maybes,1056
seppuku,1056
Rolfe,1056
cataracts,1056
piney,1056
huntsmen,1056
Adela,1056
ángel,1056
Marburg,1056
waken,1056
reflux,1056
Mothra,1056
co-ed,1056
rong,1056
MasterCard,1056
detrimental,1055
reclusive,1055
Fontana,1055
embalmed,1055
usurper,1055
Darlington,1055
magnifique,1055
WEB-DL,1055
curtsy,1055
redcoats,1055
snippy,1055
parasol,1055
Haverford,1055
Yom,1055
ignites,1055
bang-up,1055
lugging,1055
Imogene,1055
Kawasaki,1055
Katharina,1055
icebergs,1055
Gerri,1054
tattletale,1054
toyed,1054
catalogued,1054
Lally,1054
drainpipe,1054
ricocheting,1054
grossed,1054
Satsuki,1054
pittance,1054
Kudo,1054
Klux,1054
bloodstained,1054
mirth,1054
commendatore,1054
kowtow,1054
erupting,1054
bish,1054
vite,1054
wiggly,1053
muchacho,1053
uuh,1053
Romanov,1053
stillborn,1053
steely,1053
obliging,1053
faun,1053
femininity,1053
non-profit,1053
solos,1053
tinny,1053
Raine,1053
misinformation,1053
cleats,1053
snatchers,1053
sanctified,1053
sensuality,1053
abnegation,1053
Northumberland,1052
duels,1052
phrasing,1052
racially,1052
Mahesh,1052
writin,1052
starlet,1052
brine,1052
sombrero,1052
dildos,1052
squats,1052
drummers,1051
Elster,1051
squires,1051
blacker,1051
clearest,1051
Imran,1051
Vigo,1051
incline,1051
Marchand,1051
jeopardise,1051
tabor,1051
commended,1051
Bradbury,1051
Lothar,1051
Krang,1051
Dickson,1051
Burnham,1051
crackheads,1050
inebriated,1050
encountering,1050
tenuous,1050
beatboxing,1050
Tamura,1050
blowfish,1050
beltway,1050
stubble,1050
VUE,1050
tumbler,1050
Gagarin,1050
variant,1050
Prospero,1050
handball,1050
Kima,1050
Ershon,1050
calvary,1050
javelin,1050
mid-30s,1049
radiate,1049
Cherbourg,1049
urinary,1049
ala,1049
kenna,1049
beheld,1049
yowls,1049
cistern,1049
Doran,1049
hab,1049
sluice,1049
hy,1049
Viviane,1049
jalopy,1049
hiker,1049
Amtrak,1048
legality,1048
CAG,1048
Osmond,1048
savagely,1048
Hedda,1048
Batgirl,1048
calibrate,1048
misused,1048
carpal,1048
softie,1048
earner,1048
Beelzebub,1048
goodly,1048
neurosis,1047
kaka,1047
Bellick,1047
round-the-clock,1047
Salle,1047
ido,1047
19th-century,1047
wardens,1047
ba-bawk,1047
inertial,1047
virility,1047
Lenox,1047
highball,1047
SG,1047
Incheon,1047
transplanted,1046
copping,1046
Hesse,1046
Torben,1046
Opry,1046
deviated,1046
Josette,1046
postmaster,1046
overestimated,1046
Andersson,1046
unsubstantiated,1046
hows,1046
tempura,1046
visage,1046
serpentine,1046
skewer,1045
cosmonaut,1045
inventors,1045
Appleton,1045
Brisbane,1045
Athenian,1045
ecology,1045
Chinook,1045
noche,1045
passable,1045
sonogram,1045
doughboy,1045
Eriksson,1045
quakes,1045
Seneca,1045
hitchhikers,1045
Lettie,1045
shacking,1045
Garfunkel,1045
coeur,1045
massing,1044
law-enforcement,1044
Daniella,1044
Kurdish,1044
fronting,1044
choppy,1044
toms,1044
Tomoe,1044
Göring,1044
sumptuous,1044
gables,1044
Suliban,1044
instill,1044
sorbet,1044
loaning,1044
bartending,1043
C-3PO,1043
apologetic,1043
oka,1043
dickey,1043
yore,1043
nagar,1043
sola,1043
Tiffani,1043
Anouk,1043
amicable,1043
Guangzhou,1043
glimpses,1043
bacterium,1043
mews,1043
kraang,1043
Shiyu,1043
contaminating,1043
ambiguity,1042
byline,1042
labelled,1042
Stine,1042
flutes,1042
goddaughter,1042
vapors,1042
affirmation,1042
Brinkley,1042
baited,1042
Coruscant,1042
zaps,1042
transitional,1042
Krieg,1042
tablecloths,1042
suckling,1042
Nuria,1042
carnivores,1041
Valenti,1041
enchilada,1041
youve,1041
GLOIN,1041
soulmate,1041
shakers,1041
thrush,1041
eczema,1041
ick,1041
Albin,1041
Starscream,1041
pipsqueak,1041
Guadalupe,1041
Petrus,1041
Violette,1041
wording,1040
villainous,1040
lightnin,1040
banco,1040
Khartoum,1040
nuptials,1040
Billa,1040
stiffed,1040
caramba,1040
Tituba,1040
Fairfield,1040
sed,1040
Devdas,1040
Mitchum,1040
Matsui,1040
intensified,1039
riverton,1039
slits,1039
packaged,1039
radiating,1039
unfeeling,1039
Corinth,1039
nonfat,1039
sturgeon,1039
K2,1039
asinine,1039
squeezes,1039
Perce,1039
Sentox,1039
Hindley,1039
mortem,1039
cuse,1039
32nd,1039
keyword,1039
Whyte,1038
buckwheat,1038
extradited,1038
nonprofit,1038
backer,1038
wory,1038
outlast,1038
Shima,1038
4-year-old,1038
noa,1038
votre,1038
mastering,1038
Inglewood,1037
therapies,1037
wou,1037
adjustable,1037
Nair,1037
knowin,1037
Berkowitz,1037
lackeys,1037
overloading,1037
submersible,1037
adulterer,1037
aprons,1037
sclerosis,1037
Bremen,1037
Perrier,1037
munchkins,1037
miscommunication,1036
mou,1036
inhibitors,1036
contrived,1036
catco,1036
Sorenson,1036
downpour,1036
Uly,1036
Pius,1036
Ayla,1036
impairment,1036
Arby,1036
hoodoo,1036
Akshay,1036
whupped,1036
heaters,1036
hysterectomy,1036
prospecting,1036
Ota,1036
enlargement,1036
roofing,1035
aggravate,1035
furnaces,1035
niners,1035
conducive,1035
carnation,1035
alphabetically,1035
unmask,1035
crescendo,1035
jabberwocky,1035
beltran,1035
maharajah,1035
rainstorm,1035
Vivaldi,1035
shoo-in,1035
lefts,1035
Jacobson,1035
Kittredge,1035
comlink,1034
attaching,1034
infertile,1034
Kuo,1034
flatmate,1034
overthink,1034
flunking,1034
witless,1034
silken,1034
erupts,1034
Handel,1034
stateroom,1034
Andrey,1034
ashtrays,1034
teeger,1034
Saudis,1034
whooo,1034
nary,1033
Spokane,1033
ninety-five,1033
fuck-ups,1033
muzak,1033
huntress,1033
Asif,1033
Permian,1033
Hunnicutt,1033
dried-up,1033
Ayako,1033
construed,1033
Vicomte,1033
chandeliers,1033
masuka,1032
Rikki,1032
joules,1032
backstory,1032
burgled,1032
booklet,1032
mosey,1032
smarty-pants,1032
porta,1032
centerfold,1032
fourteenth,1032
steeped,1032
colts,1032
Kishan,1032
Tirith,1032
Anil,1032
handsomest,1032
mists,1032
solonius,1032
boasted,1032
uncomplicated,1032
s.o.b,1032
walkie-talkies,1032
Kubelik,1032
Kingsbridge,1032
pp,1032
surveilling,1032
laters,1032
exacting,1031
Arnhem,1031
hoppy,1031
Torino,1031
chatterbox,1031
Chiyo,1031
οut,1031
calgary,1031
literacy,1031
balling,1031
hiatus,1031
gobi,1031
baring,1031
brainstorming,1031
shinobi,1031
playboys,1031
powders,1031
shockwave,1031
eso,1031
tse,1031
latinum,1031
Wilford,1030
berets,1030
discharging,1030
barges,1030
natures,1030
Mikkel,1030
corrective,1030
L.J,1030
tay,1030
Tretiak,1030
Slughorn,1030
showmanship,1030
sustains,1030
MALP,1030
paedophile,1030
televisions,1030
togo,1030
prez,1030
gullet,1029
monseigneur,1029
Chiron,1029
shavings,1029
wastin,1029
ovarian,1029
Mishra,1029
backstreet,1029
silliness,1029
skids,1029
Samira,1029
incoherently,1029
pon,1029
Whittier,1029
marzipan,1028
Daggett,1028
proletarian,1028
Ogami,1028
accumulating,1028
shrike,1028
Dijon,1028
n0,1028
tantric,1028
slavers,1028
uninteresting,1028
whither,1028
Laz,1028
Majnu,1028
oh-oh-oh-oh,1027
matchbox,1027
macro,1027
Tortuga,1027
Chronos,1027
Tommen,1027
incisions,1027
feign,1027
Porto,1027
eloquence,1027
Daph,1027
smock,1027
Jetson,1027
acknowledges,1027
Baer,1027
Sanka,1027
cohorts,1027
menthol,1027
comforter,1027
commemorative,1027
keyboards,1027
Macedonian,1027
deets,1027
Tarik,1027
Drogo,1027
samoan,1027
ahora,1026
akita,1026
midshipman,1026
tenfold,1026
Mahdi,1026
shitfaced,1026
interconnected,1026
normality,1026
indulgent,1026
Carmody,1026
Phileas,1026
Scipio,1026
35-year-old,1026
HMS,1026
v-tach,1026
earphones,1026
unleashing,1026
biologists,1026
Ju-Mong,1026
Pakistanis,1026
Modi,1026
jokin,1026
horsing,1026
Zoloft,1026
Babel,1026
anecdotes,1026
dais,1025
rezian,1025
paralytic,1025
woodshed,1025
askyou,1025
Meer,1025
ks,1025
Hutt,1025
Toru,1025
substituted,1025
Vila,1025
Daya,1024
vai,1024
skint,1024
cry-baby,1024
greenway,1024
43rd,1024
initiatives,1024
outlines,1024
shoal,1024
gnocchi,1024
vacuuming,1024
Agu,1024
dou,1024
fanciful,1024
unattainable,1024
best-case,1024
up-front,1023
mildew,1023
Wilberforce,1023
chianti,1023
decompose,1023
earnestly,1023
walkies,1023
raves,1023
prosciutto,1023
DARPA,1023
nonviolent,1023
Wolfram,1023
Johanssen,1023
Petronius,1023
seventy-two,1023
veritas,1022
Ryker,1022
flaunting,1022
spics,1022
instructive,1022
headgear,1022
aux,1022
generalissimo,1022
bronchitis,1022
rabbis,1022
Puyo,1022
consoling,1022
sui,1022
Kassie,1022
rattlesnakes,1022
cellblock,1022
gripe,1022
Stegman,1022
Rouen,1022
15-minute,1022
blogging,1021
Rajeev,1021
baseless,1021
unsubs,1021
Okeydokey,1021
Jonson,1021
Abdel,1021
hovercraft,1021
renewing,1021
hoisted,1021
w-we're,1021
Harwood,1021
bumbling,1021
supercomputer,1021
likeyou,1021
Algernon,1021
Vivi,1021
emigrate,1020
kevorkian,1020
stenographer,1020
Hooli,1020
seep,1020
bovine,1020
Roxton,1020
Murderface,1020
backlog,1020
Lecktor,1020
guttural,1020
irrigate,1020
shuttlepod,1020
segregated,1020
slappy,1020
boozer,1020
plagiarism,1020
administrators,1020
mv,1020
lilacs,1020
archeologist,1020
Eboshi,1020
verbatim,1019
McCready,1019
mesdames,1019
Gallifrey,1019
Euclid,1019
aboutyou,1019
awash,1019
thready,1019
fraternal,1019
suburbia,1019
shekels,1019
dozy,1019
yοu're,1019
foggiest,1019
circulatory,1019
Trotsky,1019
36th,1019
Lora,1019
toddlers,1018
unwarranted,1018
beatdown,1018
nourished,1018
droplets,1018
dogging,1018
Daimon,1018
brash,1018
fuelled,1018
sit-ups,1018
Maudie,1018
poppies,1018
nippy,1018
Markum,1018
effing,1018
flaccid,1018
Reena,1018
Jubei,1018
invents,1018
boughs,1018
Lleó,1018
Niger,1018
riverbed,1018
well-off,1018
tinsel,1018
pursuant,1018
inane,1018
Agustin,1017
McLane,1017
saggy,1017
Suzuran,1017
overconfident,1017
gaunt,1017
Laine,1017
Hoff,1017
cameramen,1017
perpetuate,1017
Hamada,1017
accosted,1017
thatch,1017
10-minute,1017
Hanbei,1017
tumbleweed,1017
aesthetics,1017
Seeger,1017
transfusions,1017
theological,1017
Greenspan,1017
goingto,1016
butt-head,1016
ass-kicking,1016
Wordsworth,1016
beastie,1016
breakfasts,1016
Aaahh,1016
buffaloes,1016
eardrums,1016
noth,1016
Ngai,1016
Shona,1016
bagman,1016
Mellish,1016
lame-ass,1016
23-year-old,1016
Peugeot,1016
devastate,1016
monolith,1016
frampton,1015
wrongfully,1015
Minami,1015
we're-we're,1015
flexing,1015
mutating,1015
pudgy,1015
antivirus,1015
guerillas,1015
Gowron,1015
Theis,1015
Warleggan,1015
Yadav,1015
tester,1015
eun-sung,1015
Yegor,1015
Norrington,1015
curvature,1015
holistic,1015
RPGs,1015
Bouchard,1014
nudie,1014
tryst,1014
K.C,1014
pinche,1014
pff,1014
missis,1014
growed,1014
forester,1014
barmy,1014
remedial,1014
Adso,1014
fuckyou,1013
stas,1013
aback,1013
untapped,1013
Strasbourg,1013
bullet-proof,1013
recalibrate,1013
a-one,1013
hereabouts,1013
th-there,1013
rolodex,1013
FARELL,1013
schooner,1013
regretfully,1013
buyout,1013
intracranial,1013
Lucknow,1013
Drusilla,1013
phonies,1013
verger,1013
rucksack,1013
blur8,1013
k-9,1012
Kiyoko,1012
hibernating,1012
macarena,1012
oftentimes,1012
propel,1012
Azad,1012
delude,1012
primrose,1012
crusts,1012
solano,1012
Iago,1012
well-respected,1012
unwashed,1012
qa,1012
Veracruz,1012
jointly,1012
fervent,1012
bellini,1012
2o,1011
baptised,1011
evaded,1011
retrial,1011
syntax,1011
chafing,1011
high-frequency,1011
trumped,1011
sobering,1011
deco,1011
Gault,1011
Wudang,1011
clean-cut,1011
rewrote,1010
suds,1010
Jurgen,1010
mong,1010
mem,1010
barrack,1010
awesomeness,1010
haa,1010
MK,1010
Yasuko,1010
bimbos,1010
Longstreet,1010
cramer,1010
Niobe,1010
appetizing,1010
sar,1010
erotica,1010
notarized,1010
Arbogast,1010
programmers,1010
bidet,1009
materialistic,1009
firmament,1009
deutsch,1009
Sedona,1009
Gwang,1009
comparatively,1009
Maybelle,1009
Scandinavia,1009
defrost,1009
netherworld,1009
snowballs,1009
upsy-daisy,1009
Corto,1009
poxy,1009
Virge,1009
Salomon,1008
Hernando,1008
lightness,1008
heartwarming,1008
Deanie,1008
pastoral,1008
blaspheme,1008
Rovere,1008
anti-semitism,1008
Brazilians,1008
Gangnam,1008
haired,1008
catechism,1008
euphoric,1008
justices,1008
Colombo,1008
McCormack,1008
furlong,1008
hanky-panky,1008
persists,1007
Dersu,1007
lingered,1007
Nika,1007
scrip,1007
ligament,1007
stallions,1007
mim,1007
Dachau,1007
egregious,1007
fra,1007
toasters,1007
somersault,1007
injuring,1007
backlash,1007
Pavlov,1007
Boulogne,1007
ten-year,1007
D'Amato,1007
Andrzej,1006
Gaviria,1006
petitioned,1006
hazelnut,1006
vise,1006
synthetics,1006
breeches,1006
Duddits,1006
resuming,1006
wisp,1006
darl,1006
Kennedys,1006
Bra'tac,1006
horseshoes,1006
Florian,1006
flocking,1006
domine,1006
skaar,1006
Rickey,1005
Corman,1005
Dragan,1005
unearth,1005
dispatching,1005
weekday,1005
cabby,1005
bagwell,1005
oxycontin,1005
Enos,1005
funnily,1005
auditor,1005
rile,1005
Jeddak,1004
opinionated,1004
Ruskin,1004
Cottle,1004
softest,1004
mothering,1004
romancing,1004
trill,1004
SVU,1004
Goines,1004
begets,1004
nobly,1004
four-hour,1004
melanoma,1004
Laxman,1004
Sheehan,1004
comas,1004
flavours,1004
sociopathic,1003
preyed,1003
belated,1003
icebreaker,1003
Simi,1003
Baxters,1003
applicable,1003
knighted,1003
townsfolk,1003
subscriber,1003
Aoyama,1003
wallaby,1003
anchovy,1003
prolonging,1003
reeve,1003
DHD,1003
exertion,1003
youll,1003
torturer,1003
burnt-out,1003
Eun-young,1003
Christos,1003
fiberglass,1002
bonk,1002
willy-nilly,1002
Kentley,1002
predominantly,1002
McFarland,1002
Fannie,1002
temperate,1002
lettering,1002
paperweight,1002
Ravenwood,1002
SeaWorld,1002
Oberyn,1002
unremarkable,1002
Upton,1002
Czechs,1002
wanderers,1002
Kwun,1001
millet,1001
ravel,1001
ehm,1001
hypochondriac,1001
gremlin,1001
lecherous,1001
Exxon,1001
Pelé,1001
italiano,1001
like-like,1001
freer,1001
swaps,1001
retains,1001
Breck,1001
high-quality,1001
kissin,1001
parallels,1001
churchyard,1001
maize,1001
handheld,1001
debtors,1001
Sang-woo,1001
Beamen,1001
Kitai,1001
roomy,1001
fertilize,1000
severing,1000
Renzo,1000
telex,1000
lounging,1000
wino,1000
candied,1000
polaroids,1000
boasts,1000
sssh,1000
scalding,1000
Cordy,1000
motivator,1000
shortsighted,1000
wets,1000
world-renowned,1000
nostra,1000
juiced,1000
fixer-upper,1000
comic-book,1000
drunkenly,1000
haute,1000
Cicely,999
hee-haw,999
Ginza,999
jah,999
profiled,999
lovey-dovey,999
cruelest,999
denser,999
high-grade,999
Aramaic,999
Tonio,999
sì,999
thimble,999
captivating,999
nudes,999
Blaney,998
Zachariah,998
distracts,998
Atreyu,998
LAMPLEY,998
father-daughter,998
evo,998
editor-in-chief,998
Diz,998
mysticism,998
Chantry,997
bunches,997
burg,997
Luiz,997
Vassar,997
hooey,997
tailgate,997
reve,997
Patsey,997
perplexed,997
Dolarhyde,997
huevos,997
flopping,997
gulch,997
Manilow,997
profited,997
Sonora,996
depicts,996
lifer,996
prelim,996
profusely,996
colonization,996
palp,996
southie,996
selections,996
Ayukawa,996
Armenia,996
wunderbar,996
ao,996
it'',996
org,996
linguist,996
nonsensical,996
contradicts,996
stagnant,996
mother-daughter,996
okra,996
tuxedos,996
Sammi,996
Oli,996
gargling,996
lohan,996
quitters,995
dozing,995
Rodger,995
utilizing,995
humped,995
Gaurav,995
Junko,995
Kell,995
kidnaps,995
perspectives,995
tailors,995
Kable,995
frazzled,995
peacekeeping,995
mamba,995
Fievel,995
Nunez,995
Janusz,995
meta-humans,995
Bagheera,994
newbies,994
hallucinogenic,994
yakking,994
forearms,994
show-and-tell,994
Jemima,994
flamingos,994
Charlemagne,994
chiquita,994
cathedrals,994
Renaldo,994
overstep,994
poochie,994
Allende,994
Keira,994
boo-yah,993
sandpaper,993
ADM,993
chortling,993
disassemble,993
jazzed,993
foraging,993
Joao,993
Roche,993
supposition,993
shacks,993
informally,993
eloquently,993
Budweiser,993
stiletto,993
Clements,993
freelancer,993
groundskeeper,993
Tangier,993
Percocet,992
yuletide,992
geeky,992
Sharkbait,992
pixies,992
Beresford,992
wristband,992
malaya,992
Minny,992
residences,992
outbreaks,992
replicas,992
newborns,992
advancements,992
nietzschean,992
Elvin,992
gunk,992
deficient,992
Keeley,992
warthog,992
relocating,992
gitmo,991
crepes,991
Karloff,991
astrophysicist,991
Pepa,991
Charlestown,991
abhor,991
cartoonist,991
Lanny,991
STDs,991
gunslinger,991
Signe,991
eludes,991
princely,991
Linux,991
virulent,991
abrasive,991
Laure,991
Zoran,991
Herschel,991
Dian,991
Zoé,991
bogie,990
Semyon,990
goop,990
Avram,990
equip,990
Navarre,990
wags,990
astonish,990
toe-to-toe,990
steamboat,990
potluck,990
stormtrooper,990
mediate,990
well-informed,990
Otsu,990
tanto,990
atv,990
McLaughlin,989
Usagi,989
censored,989
Kalahari,989
palisades,989
giddy-up,989
spunky,989
vaya,989
creel,989
sawed-off,989
Coronado,989
Borat,989
Azog,988
Consuelo,988
kita,988
ROGEN,988
whopping,988
tlhe,988
skier,988
SBK,988
dyslexic,988
Ecklie,988
Worthing,988
grift,988
Expelliarmus,988
McIntyre,988
orthodontist,988
spurned,988
fireballs,988
tonga,988
lemurs,988
Hannigan,987
khakis,987
mesmerizing,987
mms,987
Kleinfeld,987
well-adjusted,987
time-consuming,987
cabrón,987
heparin,987
antifreeze,987
Keitel,987
dispensed,987
acclaimed,987
redesign,987
orchards,987
verily,987
Rothman,987
Milligan,986
saddens,986
colic,986
circumvent,986
roping,986
dumbbell,986
Savino,986
Calcifer,986
León,986
tranquillity,986
refrigerators,986
refresher,986
skylark,986
Thompkins,986
ello,986
brackets,986
transpo,986
intervening,986
snares,986
apricots,986
indistinguishable,986
Kiyoshi,985
Mitya,985
hassles,985
conjuring,985
Machu,985
unconscionable,985
filler,985
mementos,985
pheromone,985
wannabes,985
Ikari,985
gliders,985
baritone,985
broken-hearted,985
HMO,985
cordoned,985
Texans,985
goober,985
re-up,985
airbag,984
purser,984
discontinue,984
redoing,984
Wilmer,984
Spicer,984
countryman,984
globally,984
Corrie,984
Kikyo,984
soils,984
moisturizer,984
affiliations,984
Hiroko,984
Antares,984
quay,984
repaying,984
lagging,984
shoop,983
thrower,983
quarrelling,983
foreclose,983
foreground,983
headfirst,983
unfettered,983
Bachman,983
atherton,983
hymen,983
Brienne,983
heroically,983
Manley,983
wild-goose,983
Luann,983
Huber,983
barrows,983
n'est-ce,983
contradicting,983
low-fat,983
schizo,983
preface,983
progresses,983
Hedwig,983
unscrew,982
Ichigo,982
strong-willed,982
Saru,982
censure,982
delectable,982
condemnation,982
sandstone,982
Pitts,982
icicle,982
Tarrant,982
Boucher,982
crevice,982
nit,982
Rache,982
3o,982
Nerys,982
madwoman,982
VII,982
wabash,982
Joyner,981
shapeshifter,981
KDK,981
Tobi,981
Upham,981
cranks,981
academia,981
swarmed,981
Kraven,981
uso,981
mongrels,981
j'ai,981
colonels,981
Schaeffer,981
Khal,981
int,981
overthe,981
O'Toole,981
GQ,980
deductible,980
gotti,980
batshit,980
powerpoint,980
bulldozers,980
telekinetic,980
bequeathed,980
squalid,980
wie,980
scribbled,980
motley,980
alo,980
daydreams,980
Griselda,980
exhaustive,980
earthy,980
unalaq,980
naïve,980
bolivar,980
recompense,980
inuit,979
eenie,979
leafy,979
Joann,979
letdown,979
great-great-grandfather,979
Afghans,979
itto,979
telepathically,979
malfunctions,979
sandbags,979
govt,979
popo,979
intermediate,978
well-educated,978
investigates,978
snowfall,978
taki,978
peat,978
implementation,978
abdicate,978
fervor,978
mentoring,978
GELULA,978
pickers,978
Kasim,978
sampled,978
sporadic,978
Bronski,978
clashing,977
science-fiction,977
doon,977
ventricular,977
zoned,977
forage,977
squatter,977
prego,977
Τhis,977
Aloysius,977
governs,977
woodsman,977
CQ,977
receptacle,977
stussy,977
Gottfried,977
swabbed,977
homegrown,976
handmaiden,976
Vasu,976
weirdoes,976
customized,976
urination,976
analysing,976
lender,976
Yoshio,976
smoak,976
guff,976
avarice,976
Neiman,976
Gere,976
lasagne,976
acrobats,976
PLO,975
canvases,975
Strozzi,975
Corday,975
beanstalk,975
kabaddi,975
Ferrante,975
Evander,975
abbess,975
panned,975
Andros,975
ñ,975
identifiable,975
contraception,975
McGarry,975
misbehaving,975
Amitabh,975
oddest,974
gov,974
militias,974
Bjurman,974
bas,974
lapses,974
Kodai,974
obsidian,974
Seuss,974
knick,974
Gorski,974
mulch,974
singleton,974
decapitation,974
spake,974
Vuitton,974
jareau,974
goofed,973
centennial,973
hiked,973
airlift,973
conversational,973
workable,973
unknowns,973
Enright,973
kno,973
mousy,973
Cassiopeia,973
spool,973
benders,973
clobbered,973
jakes,973
plummeted,973
sopranos,973
ruffles,973
vamonos,972
Pressman,972
scripted,972
fjord,972
Xun,972
talkto,972
scavenge,972
immorality,972
gamekeeper,972
fracturing,972
frugal,972
Seaver,972
Emilien,972
tenderloin,972
Barbary,971
chrysanthemum,971
Getz,971
curveball,971
Michal,971
felled,971
downers,971
hejust,971
malady,971
relaying,971
preppy,971
Thérèse,971
attaches,971
redecorated,971
chrysalis,971
puritan,971
sniggering,971
Perrine,970
mercs,970
Beasley,970
Oher,970
Nang,970
Rus,970
jujitsu,970
hurtling,970
Asli,970
frequented,970
faiths,970
Japp,970
burly,970
candlesticks,970
transcendent,970
Markos,970
linguistic,970
much-needed,970
boarder,970
empower,970
invades,970
shins,970
blinders,970
murder-suicide,970
Dae-su,970
haemorrhage,970
nooooo,970
valiantly,970
Westmoreland,969
vegetative,969
elapsed,969
virtuoso,969
Farris,969
uc,969
Pazzi,969
latinos,969
sceptical,969
appendage,969
corns,969
positronic,969
A.L.I.E,969
madeira,969
guesswork,969
freemasons,969
Crimea,969
interiors,969
Bin-Khalid,969
washout,969
combustible,969
diagonal,969
Reykjavik,968
disintegrating,968
old-timey,968
parable,968
Riario,968
acidic,968
Bassett,968
honeysuckle,968
Inman,968
challengers,968
archeological,968
marksmanship,968
hydrochloric,968
Clapton,968
hava,968
Pazu,968
long-standing,968
wh-wh-what,968
hyeongnim,968
high-stakes,967
atrophy,967
squirrelly,967
airbending,967
Italia,967
Mert,967
Bovary,967
mannerisms,967
pasted,967
varro,967
gumption,967
incessantly,967
murugan,967
Burkhalter,967
pharma,967
clove,967
Hm-mm,967
Xue,967
enchant,967
Ramadan,967
linoleum,967
prithvi,966
bucko,966
fishman,966
schuester,966
2-year-old,966
O'Grady,966
developmental,966
plannin,966
Sitka,966
passin,966
breastfeeding,966
Emmerich,966
X.O,966
Strucker,966
flatbed,966
Godard,966
rhade,966
primeval,966
sidecar,965
contingencies,965
Hae-won,965
rifling,965
Martín,965
Hokage,965
PROBST,965
air-conditioned,965
zaara,965
slayed,965
conformity,965
cig,965
bally,965
Holman,965
Chumley,965
Amélie,965
SAMCRO,964
Sandi,964
Rubio,964
Dorchester,964
exponential,964
Muntz,964
Winfield,964
hobos,964
fashionably,964
cH000000,964
nicking,964
telecast,964
hombres,964
Ralston,964
calibration,964
в,964
one-handed,964
alleluia,964
clauses,964
frakkin,964
Waikiki,963
heart-shaped,963
retracted,963
Basie,963
swordplay,963
Infeld,963
planter,963
satoshi,963
tabernacle,963
mods,963
Hatake,963
EXCLAlMlNG,963
elicit,963
Reiben,963
fruition,963
Eazy,963
weekdays,963
zlotys,962
commendations,962
Pirelli,962
dvr,962
hadn,962
Patagonia,962
convincingly,962
croupier,962
treasonous,962
Hampstead,962
ger,962
Emmanuelle,962
machetes,962
Sargent,962
g-string,962
parka,962
ramps,962
Messner,962
Emiliano,962
rember,961
Sorowitsch,961
houseman,961
Noor,961
affidavits,961
Marat,961
tadpoles,961
Matlock,961
Syrians,961
Scarborough,961
Jiggs,961
jiff,961
establishments,961
effortless,961
amis,961
conceptual,961
dumpy,961
non-smoking,961
duckie,961
Aiko,961
Philby,961
Jubal,961
muchachos,960
glaber,960
Lafitte,960
Nord,960
Bellagio,960
affiliate,960
Capra,960
T.O,960
Copacabana,960
Iwas,960
windbag,960
tm,960
pandering,960
urchins,960
deceiver,960
Tevye,960
basset,960
tarry,960
serendipity,960
Adelle,960
stick-up,959
grade-a,959
Tallulah,959
coerce,959
all-in,959
jadalla,959
Brophy,959
authentication,959
nomadic,959
blasphemer,959
Wennerström,958
Espinosa,958
wasnt,958
Earthforce,958
Guardo,958
bouncers,958
unabomber,958
blur3,958
BLT,958
attache,958
Neely,958
re-establish,958
hemorrhoid,958
commuters,958
Capote,958
replaceable,958
Sheraton,958
chitters,958
whipple,958
Beckwith,958
Auguste,958
normalcy,958
girlies,958
Hashimoto,957
MTA,957
dawdling,957
omelets,957
papacy,957
nanotechnology,957
tarn,957
numbnuts,957
deference,957
nympho,957
hotness,956
Elway,956
clogging,956
didyou,956
green-eyed,956
worsened,956
Ramada,956
distorts,956
Totenkopf,956
ill-fated,956
Reznik,956
additionally,956
Rianne,956
genus,956
slavic,956
turncoat,956
airbags,956
vulnerabilities,956
Barden,956
ganging,956
Kroll,956
ingratitude,955
Nizam,955
Holst,955
ex-girlfriends,955
Darkseid,955
Duryodhan,955
Jeffers,955
emphatically,955
carat,955
Barbosa,955
wooly,955
lsland,955
same-sex,955
court-appointed,955
jarhead,955
irradiated,955
shal,955
flops,955
half-cocked,955
apprehending,954
sagging,954
Ganesha,954
prejudicial,954
wincing,954
unduly,954
rekindle,954
comtesse,954
raus,954
Pensacola,954
eroded,954
overlay,954
backpacking,954
G.P.S,954
harnessing,954
sketched,954
nono,954
hankering,954
Bayonne,954
organizational,954
whο,954
Iga,954
menagerie,953
bloodshot,953
earths,953
anata,953
Himura,953
meine,953
anjin-san,953
McAvoy,953
Sofía,953
sirloin,953
chromium,953
dreidel,953
Dulcinea,953
laker,953
WEITZ,953
l-let,953
Lompoc,952
Vallon,952
Hickman,952
skinning,952
minibus,952
partnerships,952
arnett,952
diphtheria,952
zippers,952
anniversaries,952
tees,952
Cratchit,952
validated,952
Drexel,952
dispensation,952
puffer,952
sidewinder,952
bellman,952
realy,952
topical,952
Birgitte,951
intensify,951
Bruner,951
differs,951
Buckland,951
gargle,951
compliant,951
caricature,951
knock-off,951
replicating,951
caliphate,951
Swayze,951
kami,951
Brigham,951
don'tknow,951
Bolshoi,951
knievel,951
Maren,951
turntable,951
half-mile,951
vitro,951
M.K,951
toppled,951
treetops,951
Spearman,951
hightail,951
Leiter,951
trailed,950
leery,950
quirk,950
rasping,950
taters,950
slow-motion,950
provenance,950
Meeker,950
DiNorscio,950
bloodsuckers,950
wushu,950
reloading,950
levity,950
Suman,950
answerable,950
technologically,950
Cousteau,950
O.S,950
brigands,949
sine,949
wraiths,949
a-list,949
Vik,949
Rubicon,949
Janni,949
heirlooms,949
Daniel-san,949
ix,949
inscriptions,949
unsolicited,949
windward,949
Bhagat,949
fellatio,949
savour,949
Estrella,948
Kearney,948
Miami-Dade,948
abolition,948
Sharpay,948
coasts,948
comparisons,948
Akiyama,948
anatomical,948
waltzes,948
indecision,948
Marietta,948
overheat,948
relieves,948
bluegrass,948
Chunhyang,948
iru,948
absentee,948
MCC,948
kool,948
wantin,948
thicket,947
Lassard,947
hora,947
cooter,947
ballpoint,947
on-board,947
jamboree,947
Ueno,947
resorted,947
fleabag,947
flayed,947
faxes,947
agrabah,947
Amane,947
crips,947
psychoanalyst,947
Machin,947
overwhelms,947
Jiao,947
Fook,947
truant,947
droppin,947
reviving,946
wildling,946
ahjusshi,946
emitted,946
kutner,946
abou,946
paraded,946
aflame,946
Gamgee,946
tamales,946
progressively,946
faithfulness,946
Idgie,946
clarion,946
narrate,946
fenced,946
shackle,946
Lita,946
streamlined,946
Borgias,946
kabuki,945
Whoa-ho,945
spindle,945
saran,945
boisterous,945
kilometre,945
sympathizers,945
Beulah,945
Katsuragi,945
Siddhu,945
ex-boyfriends,945
Léon,945
commercially,945
little-known,945
adolescents,945
bolster,945
disciplines,945
aerodynamics,945
infact,944
Hunsaker,944
45th,944
wal,944
reassign,944
Tumnus,944
myjob,944
Gwendolen,944
ff,944
Yim,944
queuing,944
Yuriko,944
Varun,944
typewriters,944
literate,944
injectors,944
organizers,944
bouquets,944
dabbled,944
arcane,943
Chapo,943
Alisa,943
naqahdah,943
Young-hee,943
Ritu,943
Gerson,943
Gilfoyle,943
footloose,943
mercifully,943
cuttlefish,943
fascinate,943
GTO,943
minced,943
frowns,943
pondered,943
DiCaprio,943
gristle,943
long-haired,943
bunyan,943
nanobots,943
Natsumi,943
soya,943
glint,943
magus,943
nonny,942
undercooked,942
bundled,942
undercut,942
boney,942
masonic,942
tortillas,942
Kant,942
reread,942
mind-boggling,942
Rocko,942
religiously,942
Fernanda,942
Shinigami,942
grasslands,942
scintillating,942
Tsing,942
chicky,942
cockles,942
Pablito,942
Morello,942
Pollyanna,941
Luxan,941
Bratton,941
Jonathon,941
Sissi,941
withal,941
Jarndyce,941
incestuous,941
sympathise,941
Ivor,941
executioners,941
seamless,941
like-minded,941
premonitions,941
Maari,941
kyrie,941
NIS,941
shingle,941
Parisians,941
Morg,940
centaur,940
Caden,940
Varga,940
elliptical,940
pathetically,940
undersea,940
dearer,940
dreads,940
pez,940
inhibit,940
ocular,940
glancing,940
cellulite,940
75th,940
four-letter,939
atypical,939
Rocha,939
fawning,939
derogatory,939
all-stars,939
Sunni,939
Burley,939
Deline,939
push-up,939
Delancey,939
Bellas,939
jaunty,939
jawbone,939
anti-tank,939
Walder,939
exasperated,939
Stratford,939
tmz,939
credo,939
Jesper,939
cline,939
seizes,939
Jayden,939
Worcester,939
negligible,939
Saks,939
Salas,938
softy,938
tui,938
Minos,938
bedchamber,938
reunification,938
Hussain,938
Jonjo,938
mops,938
ferns,938
w-w-wait,938
mellon,938
Ipek,938
hi-ho,938
staining,938
rotated,938
gοοd,938
Oakenshield,938
inoperative,938
Bitterman,938
Kublai,938
keener,938
Raheem,938
unequivocally,938
motoring,937
harnesses,937
resonate,937
sinning,937
dg,937
auditing,937
Marciano,937
Conley,937
wreaking,937
Millard,937
branching,937
ride-along,937
juggernaut,937
Phu,937
Ashland,937
NPR,937
getyou,937
leaped,937
Calrissian,937
ock,937
deflected,937
transatlantic,937
sickens,937
dissatisfaction,937
symbiotic,937
wookiee,937
motivates,936
Rogan,936
unattached,936
stoick,936
memsahib,936
vernacular,936
throwed,936
roulet,936
taani,936
Parkes,936
Bonasera,936
wavelengths,936
Rui,936
martyred,936
arenas,936
re-elected,936
Gudrun,936
sweet-talk,936
Huw,936
Cocteau,936
Uhn,936
flyboy,936
friendlier,936
indecency,935
basilisk,935
Gua,935
vindicated,935
natural-born,935
naturelle,935
Atkinson,935
sways,935
Vronsky,935
Littleton,935
deductive,935
howyou,935
fallow,935
Eurus,935
Chelios,935
postponement,935
Turpin,935
33rd,935
Rosso,935
fluently,935
born-again,935
Feeney,935
farmed,934
sunblock,934
Byzantium,934
Valmont,934
Gregoire,934
cordially,934
moniker,934
pileup,934
acknowledgement,934
Roslyn,934
underlings,934
Bohm,934
hassled,934
hardwired,934
gouged,934
Shadowhunters,934
ump,934
tantamount,934
sinead,934
play-offs,934
greaseball,934
Su-jin,934
gradient,934
amphibian,934
vocational,934
low-rent,934
reassess,934
stepsister,934
repository,933
infertility,933
meme,933
Hoshino,933
Zant,933
Nilsson,933
synthesis,933
Napoli,933
Gandy,933
NSS,933
store-bought,933
shortening,933
geist,933
Elon,933
tribesmen,933
baggie,933
panorama,933
warlike,933
Limehouse,933
gol,933
artsy,933
unbiased,933
unchanging,933
hemorrhagic,933
Gayatri,933
leer,933
jiggling,932
Humphreys,932
krampus,932
taster,932
qur'an,932
dinged,932
repayment,932
liabilities,932
Oakes,932
fanta,932
Childers,932
underpass,932
antibody,932
shtick,932
barnacle,932
n-n-no,932
betterment,932
yellows,932
Manderley,932
prospered,932
headquarter,932
Burnside,932
Nagata,932
intubated,932
ste,931
dissipated,931
approving,931
Prancer,931
stringy,931
inthe,931
Ivanovna,931
Bosley,931
Conny,931
summed,931
sceptre,931
watchmaker,931
kismet,931
Theodora,931
twink,931
high-priced,931
mich,931
backto,931
reclamation,931
wide-eyed,931
Schlegel,931
cf,931
IAB,930
Weldon,930
handbrake,930
piya,930
Bevan,930
Cinderelly,930
additions,930
flurry,930
Fraiser,930
mythic,930
CPA,930
slippin,930
Passepartout,930
piloted,930
packers,930
persimmon,930
amounted,930
Aly,930
half-time,930
scion,930
subscribers,930
Ja'mie,930
skated,930
eugenics,930
grille,930
lolo,929
Gettys,929
sensibly,929
Tansy,929
complexities,929
Barnell,929
Augustin,929
greenhorn,929
decrypted,929
dingle,929
ís,929
Mansour,929
self-sacrifice,929
follow-through,929
Shayla,929
aloe,929
T-Bag,929
Bouvier,929
wifi,928
meanness,928
hyperactive,928
motorized,928
10s,928
weaklings,928
Kanna,928
Jassi,928
stockholder,928
Meechum,928
cherub,928
staunch,928
C.K,928
acquaint,928
Eoraha,928
gees,928
packin,928
socked,928
Chisholm,928
effigy,928
nineties,928
appendectomy,927
outcry,927
thunders,927
nestled,927
RDX,927
Netherfield,927
Zafar,927
overwhelmingly,927
fairground,927
alle,927
Carlene,927
ligaments,927
sidekicks,927
outweighs,927
sangria,927
spokes,927
paintbrush,927
Temudgin,926
nubian,926
C-note,926
bic,926
astonishment,926
Kazumi,926
dastardly,926
tierra,926
Chaucer,926
milli,926
chomp,926
gremlins,926
biryani,926
condensation,926
delightfully,926
neath,926
Makino,926
Conti,926
Saunière,926
Greely,926
lurid,926
Ronson,926
tengo,926
roomful,926
Meiji,926
mezzanine,926
Dionysus,926
forme,926
loosening,925
pathfinder,925
on-call,925
flopped,925
saboteurs,925
modes,925
shelled,925
soloist,925
coq,925
Huerta,925
pitted,925
qohen,925
revolvers,925
droopy,925
Zito,925
wrangler,925
enthusiasts,925
Redrum,925
bosh,925
self-aware,925
forked,925
hapless,924
Morell,924
underdogs,924
grouping,924
Rachid,924
butchery,924
ushers,924
one-hour,924
Zira,924
Anju,924
doornail,924
Brockman,924
Miz,924
Wegener,924
Baracus,924
disguising,924
pinewood,924
year-round,924
Fluttershy,923
undeniably,923
one-quarter,923
Kouji,923
tawny,923
high-security,923
mid-life,923
tyrannical,923
Rifkin,923
rowed,923
covertly,923
materialize,923
gravest,923
Corsican,923
paan,923
Ballon,923
headshot,923
unspoiled,923
harpsichord,923
Walid,923
abrasion,923
oppress,923
lopsided,923
sion,923
rainmaker,923
tiggers,922
niceties,922
Sada,922
tonkin,922
fortresses,922
fortifications,922
Cantrell,922
Finnick,922
wee-wee,922
metronome,922
whistle-blower,922
purer,922
rediscover,922
Amal,922
ua,922
courtesans,922
baguette,922
staffed,922
divorcee,922
suppertime,922
empowering,922
gusts,922
Traynor,922
preliminaries,922
Tadashi,922
horoscopes,922
ratatouille,922
omicron,921
adder,921
gated,921
hollows,921
Kemper,921
triangulation,921
majoring,921
Cadillacs,921
worrisome,921
ramparts,921
sects,921
probationary,921
Brokeback,921
colonize,921
BBQ,921
Suzu,921
get-up,921
Dali,921
Ezequiel,921
courtside,921
mosques,920
Shaz,920
Saroo,920
collider,920
Latvia,920
off-season,920
breakdowns,920
great-looking,920
labia,920
verbs,920
Heimdall,920
Arastoo,920
Essie,920
leftist,920
Grenada,920
Kippur,920
undergraduate,920
M.C,920
Tahir,919
fifty-two,919
amendments,919
presuming,919
Shino,919
beached,919
growers,919
suss,919
Zuckerberg,919
vassals,919
Mauro,919
ratified,919
Arroway,919
Veera,919
Robson,919
Caiaphas,919
inclusion,919
omit,919
flared,919
pygmies,919
short-handed,918
Burdette,918
Υοu,918
temptress,918
McHale,918
personals,918
depicting,918
snobby,918
Cammy,918
grizzlies,918
forty-six,918
prankster,918
seabed,918
priestly,918
Bullard,918
Kristian,918
outfitted,917
skewered,917
figurehead,917
vaccinations,917
bicep,917
tucci,917
authorise,917
Ashitaka,917
fairway,917
coli,917
strangeness,917
woodsen,917
Stamford,917
sapphires,917
motivating,917
goldeneye,917
duma,917
porpoise,917
rotors,917
clea,917
premeditation,917
cringe,917
Abhimanyu,917
assertion,917
Yubaba,916
streamers,916
fornicate,916
rotates,916
Swenson,916
bombard,916
divvy,916
Marilla,916
pg,916
stipulated,916
Iain,916
guarantor,916
hydroxide,916
Cronkite,916
wields,916
insinuations,916
Jacinto,916
Hellboy,916
Nicodemus,916
gassy,916
Tegan,916
Aryans,916
shorting,915
Julianna,915
substantiate,915
strolled,915
Zionist,915
gush,915
Cafferty,915
bolognese,915
blackberries,915
ricin,915
presentations,915
Leeloo,915
NOC,915
eco,915
spiky,915
ten-minute,915
ulna,915
Leutnant,915
tabasco,915
R.A,915
stil,915
Leontes,915
frag,915
Normans,915
57th,915
scaling,915
FC,915
equestrian,914
sifu,914
blotter,914
dredging,914
rout,914
marinara,914
slabs,914
CG,914
rebooting,914
extrapolate,914
impregnate,914
Otomo,914
Yancey,914
nerve-racking,914
transmutation,914
pjs,914
Dearing,914
Roat,913
peephole,913
barfed,913
sear,913
Ananya,913
juicer,913
juicing,913
blinker,913
Jule,913
Guruji,913
effendi,913
Arendelle,913
Marcelo,913
teflon,913
hangovers,913
latches,913
caregiver,913
Rodrigues,912
blackguard,912
Sokar,912
ofus,912
badness,912
dnr,912
chaff,912
mumbo-jumbo,912
legalize,912
Madoff,912
Walcott,912
dunkin,912
offing,912
feasts,912
nymphs,912
Philippine,912
Lumbergh,912
motorist,912
boilers,912
nosferatu,912
chee,911
a.38,911
saree,911
Tianjin,911
beeman,911
Alissa,911
doctore,911
Janos,911
Guang,911
NRA,911
batcave,911
Griffiths,911
stewardesses,911
swooping,911
eeny,911
Dessler,911
Picchu,911
genealogy,911
bothersome,911
Breslin,911
escapade,911
Sudanese,910
nourishing,910
Halen,910
chasers,910
juke,910
ragging,910
Greenfield,910
hetero,910
propensity,910
wetback,910
tartare,910
balconies,910
Danno,910
30-minute,910
by-product,909
eggshells,909
Bastoche,909
Renko,909
arousal,909
Cohle,909
tun,909
wouldnt,909
watchdogs,909
entanglement,909
two-shoes,909
humvees,909
Felson,909
estimating,909
Bonzo,908
beeped,908
sideboard,908
petulant,908
Sanne,908
oat,908
Feb,908
bewitching,908
Hatton,908
second-best,908
jee,908
herded,908
Hajime,908
notepad,908
Veruca,908
sharpshooter,908
slithering,908
inevitability,908
Nichol,908
Camus,908
Valdes,908
AZT,908
lumiere,908
microchips,908
outboard,908
evolves,908
Fhloston,907
Pfizer,907
sharpshooters,907
cast-iron,907
poontang,907
Terran,907
Ruan,907
pitting,907
Kaleb,907
bunking,907
outlandish,907
frankness,907
fables,907
pawing,907
Nakatomi,907
Tatsu,907
counterproductive,907
openers,907
highlanders,907
Tessie,907
splintered,907
infield,907
perpetually,907
laid-back,906
pallet,906
Freedman,906
meteorological,906
Bromley,906
flax,906
Micke,906
Sharkey,906
shrubs,906
andale,906
warbles,906
Condé,906
gutting,906
droves,906
sprechen,906
uncontrollably,906
prophesied,906
sprouting,906
repented,906
Cordova,906
bioroids,906
jammies,906
high-energy,905
We'Il,905
voiced,905
betters,905
hilts,905
Bagley,905
smearing,905
MNU,905
Machado,905
recoup,905
artefact,905
Kaede,905
Parsa,905
Radhika,905
larder,905
execs,905
Nassar,905
Towler,905
Grandi,905
Cheswick,905
shuffled,905
happenings,905
Zo'or,904
cranny,904
Daesu,904
Kaali,904
harbors,904
undetermined,904
benford,904
sandler,904
opiates,904
face-off,904
snapchat,904
inheriting,904
zoinks,904
Featherstone,904
corduroy,904
Sebastien,904
Hi-ya,904
burrowing,904
twinge,904
clamor,903
swinger,903
irrevocable,903
embodies,903
zeroed,903
Bingum,903
wingspan,903
zoot,903
shanty,903
sultana,903
easygoing,903
siree,903
McCauley,903
overexcited,903
Takada,903
24-year-old,903
ibis,903
layered,903
Aqualad,903
thorax,903
Yevgeny,902
Stroh,902
entitles,902
Belarus,902
intangible,902
kms,902
deferred,902
Maigret,902
lorries,902
Clanton,902
Ballantine,902
oversaw,902
Shinsengumi,902
butlers,902
dexterity,902
reattach,902
defection,902
grainy,902
cut-off,902
yahoos,902
well-connected,902
hairball,902
Teleborian,902
spellbound,902
neutered,901
disembodied,901
dislodged,901
inoculation,901
redirected,901
mensch,901
toiletries,901
bootlegger,901
septum,901
rectangle,901
eardrum,901
nin,901
fringes,901
Hallam,901
mita,901
embarrasses,901
Lermontov,901
inconsolable,901
half-dozen,901
mailboxes,901
Megamind,901
Miklo,901
Sian,901
armament,901
establishes,901
boxcar,901
Luci,901
Lito,901
bombardier,901
Qian,901
Torstein,901
Ramones,901
Gaddafi,900
pore,900
Bannon,900
bridle,900
McFadden,900
Tarly,900
woohoo,900
brutish,900
Oberon,900
Katrin,900
pothead,900
druggie,900
drug-related,900
Hoynes,900
midwestern,900
caddie,900
Cowan,899
emitters,899
tinfoil,899
innumerable,899
beefy,899
Hürrem,899
Didrt,899
choosers,899
hijacker,899
Phuong,899
tearfully,899
20th-century,899
Marocas62,899
Drazi,899
crockery,899
womanly,899
symptomatic,899
Eagleton,899
ona,899
Salter,899
Huike,899
stand-by,899
loverboy,899
wringer,898
bellybutton,898
Elba,898
Mercier,898
Arkenstone,898
propelled,898
tine,898
pioneered,898
Zoltan,898
affiliates,898
showy,898
spuds,898
crash-landed,898
Marcela,898
lox,898
Essen,898
inverse,898
okayed,898
Queeg,898
seaQuest,898
expedited,898
ensuing,898
dy,898
coldly,898
Yukie,898
shadowed,898
bru,898
Bardot,897
mechanically,897
Fleetwood,897
regs,897
enhances,897
nought,897
Quirke,897
login,897
tunneling,897
ninety-eight,897
Xiu,897
Sajid,897
Kuroda,897
Steinberg,897
copa,897
man-eater,897
Imlay,897
rinds,897
humbling,896
airbenders,896
gumball,896
choirs,896
mitigate,896
owari,896
swank,896
mavericks,896
flings,896
bffs,896
bau,896
slither,896
keri,896
restores,896
descendent,896
hippocampus,896
boners,896
flapjacks,896
exhumed,896
Nath,896
Masako,896
nobis,896
drumbeat,896
orally,896
Jean-Marc,896
chaim,896
anti-depressants,896
gratuitous,895
hee-hee,895
inner-city,895
Cordoba,895
oe,895
artful,895
codfish,895
Adolph,895
Tita,895
Orale,895
herder,895
Thule,895
rickety,895
Kojima,895
round-trip,895
capo,895
Bueller,895
Grond,895
tes,895
fantastical,895
bloodless,895
rind,894
hang-ups,894
Lodz,894
Goff,894
yama,894
Yeats,894
Jos,894
microbe,894
sparse,894
mid-air,894
Pashto,894
keychain,894
manticore,894
eye-to-eye,894
discounted,894
ignoramus,894
Chattanooga,894
unbeknownst,894
houseboy,894
bareback,894
Tetch,894
snatches,894
aelle,893
lunching,893
pheasants,893
shoves,893
overshot,893
two-bedroom,893
Iwantto,893
roubles,893
casbah,893
Dunning,893
enhancing,893
untenable,893
Reiden,893
eine,893
electrics,893
unifying,893
ambiance,893
pangs,893
apprentices,893
Nebuchadnezzar,893
Hephaistion,893
fondest,893
Dusseldorf,893
Tilden,893
inbox,893
crossings,893
Redman,893
overthinking,893
Hanratty,893
WeII,892
unsatisfactory,892
whacks,892
lmagine,892
vamoose,892
Geppetto,892
sherpa,892
rottweiler,892
cheetahs,892
transcription,892
Bahadur,892
wintertime,892
instilled,892
wearer,892
dustbin,892
naseri,892
Inés,892
Hullen,892
unquestionably,892
Gavan,891
Buffett,891
passageways,891
Lowery,891
friendless,891
destabilize,891
Chinamen,891
cH80FF80,891
sayeth,891
ents,891
teleported,891
pertains,891
Lansky,891
Kidman,891
larch,891
Greenville,890
buh-bye,890
Norwich,890
oxycodone,890
boatswain,890
Khmer,890
insincere,890
projectionist,890
Phelan,890
eo,890
bluebirds,890
Oska,890
thereabouts,890
photoshopped,890
rajah,890
a-a-a,890
Arliss,890
coddle,890
hm-hm,890
Maldives,890
Iona,890
T.A,889
Beragon,889
single-minded,889
pukes,889
Sagan,889
Dudu,889
Kamini,889
humerus,889
compositions,889
egomaniac,889
I.D.,889
inoculated,889
greenery,889
peckish,889
langer,889
Saavik,889
calum,889
Sayaka,889
groped,889
prostrate,889
signior,889
escapees,889
anythin,889
anti-matter,889
bobsled,888
Ryoko,888
Mamiya,888
s-sorry,888
kaze,888
doctoring,888
Marthe,888
raees,888
sacking,888
Danson,888
chorizo,888
cohesive,888
Quidditch,888
rhapsody,888
locos,888
Pascoe,888
interracial,888
equitable,888
carny,888
Riva,888
wolverines,887
Bronte,887
Guarnere,887
Sathya,887
ballads,887
Spellman,887
Hofstadter,887
dor,887
Coakley,887
Davian,887
Vesper,887
champa,887
resilience,887
fledgling,887
junta,887
meenie,887
aimless,887
Alamut,887
adaptive,887
Wilkie,887
fifty-three,887
mouthy,887
dilaurentis,886
Lucretia,886
Roku,886
Gellar,886
Effy,886
lce,886
vexing,886
indisputable,886
Guk,886
οne,886
flutters,886
expectant,886
vapour,886
healthiest,886
interject,886
ferrous,886
reconstructive,886
schmucks,886
Silla,886
evaporates,886
beanbag,886
foregone,886
franchises,886
homegirl,886
Rami,886
acrylic,886
hyoid,886
non-violent,886
Jenson,885
keister,885
accompanies,885
regimes,885
hardens,885
chapped,885
inclusive,885
Virginie,885
pricing,885
logistical,885
marvels,885
Bollinger,885
premed,885
Bex,885
usurp,885
Tarantino,885
XIV,885
usted,885
Breton,885
reeking,885
olfactory,885
Kelton,884
Weinberg,884
wellbeing,884
embodied,884
oki,884
Tugg,884
fuchsia,884
enlisting,884
Magua,884
retention,884
abreast,884
diggity,884
embarking,884
Claremont,884
unsightly,884
rationale,884
Vorenus,884
percussive,884
Zaire,884
paperboy,884
revisions,884
opiate,884
recede,884
pueblo,884
Jano,884
López,884
reversible,883
ara,883
cutout,883
Rawi,883
tucks,883
rattler,883
halfwit,883
NCAA,883
slimming,883
valuation,883
Sinan,883
joie,883
toppings,883
florins,883
bungled,883
Dunson,883
gobbled,883
tú,883
Shuya,883
melba,883
Fawkes,882
Woon,882
Rahim,882
mutineers,882
tlc,882
fs48,882
perfecto,882
Falklands,882
annoyingly,882
piecing,882
caca,882
outdid,882
47th,882
where'll,882
Longfellow,882
So...what,882
arranges,882
unawares,881
ivf,881
mingled,881
clod,881
man-whore,881
Darry,881
cutlets,881
tween,881
Meacham,881
Alessa,881
Pieter,881
decedent,881
Nyborg,881
Conchita,881
passcode,881
withdraws,881
IHOP,881
phalanx,881
marinated,881
digesting,881
Hamill,880
pedaling,880
freakishly,880
vivre,880
all-seeing,880
Papua,880
cancerous,880
walla,880
widening,880
Manya,880
guano,880
Santas,880
Porco,880
Céline,880
Humphries,880
Tolly,880
3am,880
deliciously,880
standardized,880
scarsdale,880
heartaches,880
horseradish,880
basilica,880
eucalyptus,880
avian,880
catastrophes,880
Toodles,880
olympian,879
foreheads,879
soars,879
gouda,879
disarmament,879
modicum,879
D'av,879
sandbag,879
Kilimanjaro,879
26-year-old,879
courtiers,879
couldnt,879
Pupkin,879
18th-century,879
rovers,879
Genovese,879
Orly,879
M'gann,879
magister,879
erases,879
Bodnar,879
truss,879
cooze,879
semi-automatic,879
уou,879
platitudes,879
Ewell,879
absurdly,879
injustices,878
MORPHIN,878
Gelfling,878
Bormann,878
eachother,878
Thackeray,878
tangent,878
inscrutable,878
Kyushu,878
Rosanna,878
Jorgensen,878
gamers,878
gobber,878
Orhan,878
huma,878
arbiter,878
denomination,878
evel,878
Henny,878
Southfork,877
plaques,877
great-great,877
dyes,877
magnificently,877
Janko,877
Iori,877
bloat,877
medicaid,877
mistreat,877
jeet,877
four-legged,877
80-year-old,877
Sardinia,877
paragraphs,877
Christiane,877
diversify,877
mechs,877
zealot,877
Lhasa,877
whoo-whoo,877
Vandergelder,877
Tulkinghorn,877
rectangular,877
37th,877
mobbed,877
Lewton,877
frizzy,877
Kovak,876
all-knowing,876
saith,876
Ruxin,876
homemaker,876
shape-shifting,876
meeny,876
kaleidoscope,876
linguistics,876
do-do-do,876
countermeasure,876
Liliana,876
xvi,876
yaw,876
acutely,876
Beardsley,876
Gilberte,876
culling,876
Frieza,876
biometrics,876
sensuous,876
repelled,876
Hellman,876
mot,876
y-your,876
Itsuki,876
deliverer,875
Ashleigh,875
itsy-bitsy,875
pathogens,875
cloakroom,875
Vecchio,875
bandana,875
hoagie,875
kenner,875
Blofeld,875
feck,875
Westinghouse,875
feeders,875
hang-up,875
kasey,875
commode,875
replying,875
remorseful,875
alleging,875
legos,875
EPS,875
thistle,875
belive,875
Kagan,875
Novick,875
Gye,875
Dhabi,875
cabeza,875
Khloe,875
razed,875
shad,875
paraffin,875
overwrought,874
netting,874
mid-20s,874
Ayn,874
work-up,874
Toller,874
garlands,874
resetting,874
Neumann,874
befallen,874
pulverized,874
Chatham,874
sizzler,874
disregarded,874
kyo,874
Weng,874
Ivanhoe,874
foetus,874
siento,874
Krissi,874
grime,874
calle,874
slashes,874
goi,874
Corningstone,874
perdition,874
legalized,873
reddish,873
Iovine,873
foretell,873
moustaches,873
Bernardino,873
Suu,873
nuked,873
lamaze,873
Inquirer,873
Hilde,873
deciphering,873
handshakes,873
doge,873
concussions,873
erroneous,873
stockpiling,873
pinks,873
repeal,873
vr,873
Aladeen,873
sugarcane,873
polenta,873
Ansari,873
azure,873
procuring,873
nevermore,872
Toyama,872
catapults,872
Lille,872
nouveau,872
klondike,872
precedents,872
substitutes,872
Hernan,872
irate,872
fondling,872
brahmin,872
Davide,872
throwback,872
legionnaire,872
postwar,872
caliente,872
harmonies,872
Montag,872
Abagnale,872
smorgasbord,872
tennant,872
spitter,872
serengeti,872
complacency,872
unrestricted,872
Clennam,871
Dennison,871
leaflet,871
alchemists,871
Marbella,871
Hideyoshi,871
troth,871
small-minded,871
Myrcella,871
mandolin,871
Munchausen,871
aspirins,871
flecks,871
Pullo,871
Estes,871
pinata,871
Adamson,871
letterhead,871
ballin,871
honeycomb,871
Kashi,871
Claypool,871
objecting,870
crossroad,870
shoplifter,870
Vilma,870
toon,870
your-your,870
voulez-vous,870
darkies,870
whitewash,870
handset,870
gir,870
Farhan,870
gotto,870
exorbitant,870
commuted,870
Croix,870
cortisone,870
wooded,870
redefine,870
homeward,870
supervillain,870
Hutchins,870
crime-scene,869
bren'in,869
Medellín,869
translucent,869
loyalists,869
drumsticks,869
xenia,869
Ioved,869
sau,869
seducer,869
Botswana,869
Baskin,869
devoting,869
cathartic,869
paratrooper,869
letitia,869
overrule,869
peta,869
wor,869
LaFleur,869
McKinnon,869
mislaid,869
agitator,868
cataclysm,868
it's...it,868
waistband,868
alta,868
Harith,868
52nd,868
García,868
Bodine,868
millimetre,868
seesaw,868
Betts,868
H2O,868
diazepam,868
flirts,868
Adair,868
econ,867
youjust,867
Leonie,867
importer,867
strums,867
Yutaka,867
toymaker,867
abominations,867
redevelopment,867
drawbacks,867
tweedy,867
Goetz,867
Laeddis,867
resorting,867
leckie,867
anguished,867
caf,867
shopkeepers,867
Biegler,867
huh-huh,867
buttery,867
Woodbury,867
Stowe,866
recuse,866
mimosas,866
peckerwood,866
Fukushima,866
familiarize,866
ÿ,866
tammi,866
opportunistic,866
Wistrom,866
gott,866
Nguyen,866
gooseberry,866
Inverness,866
totoro,866
punctures,866
Rubens,866
Malay,866
Roseanna,866
lvy,866
maximum-security,866
nen,866
showgirls,866
Beni,866
disagreeing,866
Nagoya,866
masala,866
gimmicks,866
conked,866
Antioch,866
barbarism,866
misstep,866
Gauguin,866
esoteric,866
mourns,866
foresaw,865
tracksuit,865
eggshell,865
Ray-Ray,865
byproduct,865
fain,865
congested,865
Uzbekistan,865
gaggle,865
fnModern,865
ShouIdn't,865
ambo,865
wheelie,865
Chumhum,865
shipyards,865
Abhay,865
self-evident,865
hollered,865
Mikaela,865
domes,865
Fitzy,865
mandated,865
fireproof,865
hypoxia,865
deadbeats,865
Miura,865
predestined,865
Taryn,865
Anaheim,865
jonesing,865
Okey-doke,865
infractions,865
inflexible,864
Zuzu,864
prophesy,864
portside,864
Pasteur,864
Ferrars,864
assessments,864
Sagar,864
Cronauer,864
slicker,864
pervy,864
shrub,864
hardsub,864
justifying,864
scarcity,864
hand-off,864
assemblyman,864
Stottlemeyer,864
penned,864
raring,864
pentothal,864
Byung,864
Kazama,864
jeweller,864
embody,864
free-range,864
departures,863
median,863
extinguishers,863
Saba,863
phobias,863
disputing,863
undermines,863
Chernov,863
Alka,863
Kumiko,863
Washburn,863
Shruti,863
Jiji,863
achieves,863
hipsters,863
Selden,863
spiced,863
dissed,863
flourishes,863
Galadriel,863
Bosworth,863
cruisin,863
3cH202020,863
pater,863
striations,862
down-to-earth,862
sociopaths,862
neurotoxin,862
ex-convict,862
Havre,862
go-getter,862
actuality,862
eclectic,862
Leviticus,862
hand-picked,862
vagrants,862
co-conspirator,862
Vorlons,862
hunched,862
gyms,862
bicarbonate,862
Theoden,862
bloodiest,862
Cordero,862
Kasumi,862
sterilization,862
Misato,862
Karnak,862
Waldron,861
dismissive,861
Somme,861
praetor,861
slaw,861
spiffy,861
KlTT,861
lawlessness,861
cava,861
vinaigrette,861
Grigory,861
Wilber,861
Zeng,861
scooters,861
Fredrick,861
pronouncing,861
borealis,861
Dejah,861
¼äöá,861
Aibileen,861
erectus,861
dipstick,861
3cHFFFFFF,861
chard,861
Troels,861
knowyou,861
Gerhard,861
sweepstakes,861
anti-social,861
eighty-six,861
Tezo,861
sportsmanship,861
Dolittle,860
yule,860
descendents,860
blissfully,860
collagen,860
Ranvir,860
cappuccinos,860
Schaefer,860
igloo,860
00pm,860
phallic,860
promiscuity,860
infront,860
torpedoed,860
Iverson,860
drexler,860
pidge,860
Havers,860
elegantly,860
Brunner,860
foxxy,860
deems,859
Geils,859
parameter,859
eau,859
penmanship,859
TK,859
58th,859
Fatma,859
misogynist,859
deflecting,859
self-indulgent,859
good-hearted,859
Pau,859
Gramm,859
chairwoman,859
Eddington,859
Ania,859
leveraged,859
lascivious,859
campground,859
Mikasa,859
teleprompter,859
amniotic,859
Huntsville,859
incorruptible,859
rewire,859
modus,859
Mogo,859
run-through,859
rancor,859
Angelika,859
Marseillaise,859
duplex,859
taketh,859
vitally,859
dakara,858
lNDlSTlNCTLY,858
dickless,858
half-price,858
dismemberment,858
wooh,858
inducing,858
bleaching,858
bream,858
nadir,858
atthe,858
shiatsu,858
potpourri,858
Mame,858
supermax,858
greenback,858
affords,858
structurally,858
Falstaff,858
sorry-ass,858
oman,858
supermodels,858
Rigg,858
poco,858
academically,857
gorgon,857
undercarriage,857
austerity,857
notably,857
McGinnis,857
thither,857
wizardry,857
impropriety,857
hoochie,857
cumin,857
Khasinau,857
punter,857
juveniles,857
Morningstar,857
alles,857
Sinha,857
deadlock,857
30-year,857
Ayanami,857
pinpointed,857
Gaspar,857
tilting,857
outgrow,857
weapons-grade,857
apnea,857
marginally,857
stent,857
hosed,856
Ozu,856
Matti,856
Ordell,856
Piz,856
sovereigns,856
pagers,856
Kasuga,856
aperture,856
complicating,856
goodmorning,856
favorably,856
paradine,856
Taystee,856
Bahia,856
spectrometer,856
topsy-turvy,856
ba-boom,856
oso,856
h-hold,856
knockouts,856
tackles,856
ul,856
Coltrane,856
jinora,856
bygone,856
ine,856
ys,856
beefs,856
tonics,856
wiseass,856
avocados,855
Westport,855
disservice,855
assuredly,855
repute,855
come-on,855
nub,855
Vermeer,855
roebuck,855
distinctions,855
sdl,855
kass,855
Lotso,855
purposefully,855
Padua,855
snorted,855
exoskeleton,855
cellist,855
Muto,855
Bernhardt,855
icicles,855
Caucasus,855
ta-ra,855
joyfully,854
DCP,854
macaroons,854
bloodhounds,854
modifying,854
whimsy,854
morose,854
taupe,854
Sherrie,854
stave,854
dorfman,854
Selenia,854
skilful,854
crosswords,854
Riyadh,854
d'harans,854
Sascha,854
obstetrician,854
kendo,853
Bisbee,853
Gul'dan,853
channeled,853
graveyards,853
miseries,853
Da'an,853
beachhead,853
D.L,853
Priam,853
Soyuz,853
whir,853
scoping,853
Kroger,853
litigator,853
Chand,853
Armaan,853
surrogacy,853
Rango,853
disintegration,853
L.A.,853
homeys,853
cravat,853
coolie,853
ight,853
Fujii,853
doogie,853
McMurdo,853
ano,853
estas,853
colonized,853
Treebeard,853
sia,853
dialects,853
streaking,853
accuser,853
acclaim,853
self-explanatory,852
Bacardi,852
patterned,852
orchestrate,852
Boaz,852
consciences,852
prides,852
shish,852
insipid,852
Grable,852
Pavarotti,852
cabron,852
redress,852
Marceau,852
heya,852
sing-song,852
favela,852
menstruation,852
textures,852
indelicate,852
perjured,852
Hyo-jin,852
x-rated,852
humanoids,852
flaco,852
Darfur,852
gold-plated,851
gassing,851
taunts,851
pent-up,851
bolus,851
bulimic,851
waterboy,851
skewed,851
Barsoom,851
skunks,851
shrunken,851
Paavo,851
hays,851
triumphantly,851
kneels,851
Cessna,851
squall,851
Manav,851
Adolfo,851
confiscating,851
Boer,851
skaikru,851
propped,851
spawning,851
Ayala,851
cask,850
excusing,850
Ferraris,850
caskets,850
compounded,850
bratwurst,850
Radovan,850
Perignon,850
primes,850
altimeter,850
Blaise,850
thataway,850
S.H.I.E.L.D.,850
ill-mannered,850
newscast,850
strobe,850
gambles,850
slings,850
Reva,850
underline,850
conspirator,849
spiel,849
deepwater,849
Kilgore,849
sizing,849
subsided,849
Jinnah,849
realign,849
Helios,849
Yangtze,849
fornicating,849
Chul-soo,849
blathering,849
airspeed,849
Ammi,849
frack,849
ramblings,848
Sshh,848
Kalpana,848
Greeley,848
beckoning,848
sleepovers,848
towne,848
disgustingly,848
silos,848
McGowan,848
Tabatha,848
spoilsport,848
godlike,848
Mitchie,848
stowaways,848
headpiece,848
Schrute,848
unmasked,848
Tootie,848
scooping,848
asi,848
comming,848
spotters,848
unsteady,847
masse,847
staph,847
indignant,847
recollections,847
carbine,847
derives,847
KKK,847
personified,847
sickened,847
Direktor,847
hopscotch,847
copious,847
kiln,847
Palma,847
keno,847
Lieut,847
motorbikes,847
purty,847
mauve,847
stocky,847
wald,847
21-year-old,847
havea,847
telephoning,847
cammie,847
pried,847
tutored,847
C.B,846
woodchuck,846
Beachum,846
Davros,846
formulated,846
messier,846
Ruslan,846
Elam,846
exterminating,846
Adriatic,846
Horcrux,846
can-can,846
tungsten,846
Diggory,846
Sunita,846
immobilized,846
frame-up,846
ridding,846
Gaetano,846
laboring,846
reconnected,846
Yeesh,846
platoons,846
all-clear,846
Lani,846
nitwits,846
segue,846
flirtatious,846
decayed,846
role-play,846
Fabious,846
positives,846
Avigdor,846
Weissman,846
Dorothea,846
kennels,846
whe,846
acknowledgment,845
Karsten,845
acumen,845
Andorian,845
minted,845
maa,845
Bohemia,845
Trimble,845
peasy,845
ricochets,845
q-tip,845
diversions,845
ilaria,845
Dunlap,845
qiao,845
GG,845
sharps,845
whittle,845
jaundice,845
idleness,845
detours,845
Sayer,845
sympathizer,845
couplings,845
Incas,845
recanted,845
marinate,845
pixels,845
aperitif,844
asswipe,844
conjoined,844
ultrasonic,844
mountaineer,844
Logue,844
Johnno,844
rohypnol,844
Hereford,844
Takezo,844
nakedness,844
herto,844
re-enter,844
neckline,844
corroborated,844
Zaki,844
artisan,844
tompkins,844
munsch,844
beefing,844
airfields,844
geothermal,844
Biggles,844
Ludovic,844
spire,844
Akkadian,844
energized,844
electrifying,843
Salina,843
Adaline,843
PBR,843
Pune,843
a-comin,843
Heidelberg,843
pear-shaped,843
revels,843
Nuck,843
haram,843
starin,843
insecticide,843
demigod,843
environmentally,843
fund-raising,843
naturalist,843
garden-variety,843
Stuckey,843
brokenhearted,843
fnHobo,843
skidding,843
Campion,843
repossessed,843
triple-a,843
low-grade,843
bordello,842
emotionless,842
excesses,842
voir,842
mayors,842
bioweapon,842
SUVs,842
archipelago,842
misheard,842
soul-searching,842
cosmology,842
permissible,842
Wilkerson,842
vicariously,842
shirin,842
Plimpton,842
Siya,842
Dagmar,842
Necronomicon,842
Dokkan,842
idolized,842
Whitlock,842
Holley,842
sullied,842
fedora,842
romantics,842
Tura,842
MacLaren,842
Ledda,842
Senegal,842
logos,842
grubs,842
Mesopotamia,842
dispensing,842
hs,842
silliest,841
Caliban,841
hoedown,841
negligee,841
swishing,841
Deac,841
x-rayed,841
Eckhardt,841
eveybody,841
sexism,841
blacking,841
agassi,841
understated,841
coupla,841
Heydrich,841
unwed,841
diddly,841
Aerosmith,841
talkie,841
coloreds,841
baymax,841
crier,841
costner,841
Bajorans,841
Gandhiji,841
firsts,841
Fujita,841
bleat,841
Nilufer,840
cock-a-doodle-doo,840
benefactors,840
Romana,840
gendarme,840
yuu,840
proportional,840
d'or,840
bhabhi,840
Hiller,840
chargers,840
misspoke,840
Nehru,840
Munoz,840
McCaleb,840
blech,840
Pacha,840
beget,840
ROTC,840
beholder,840
impassable,840
counterclockwise,840
councils,840
topo,840
humoring,840
flatly,840
blundering,839
butterfingers,839
engulf,839
Deano,839
Volodya,839
import-export,839
Pinochet,839
Dearborn,839
o'cIock,839
pere,839
riser,839
possums,839
Rincon,839
Quincannon,839
fearfully,839
maharaja,839
nuances,839
entrusting,839
collard,839
civics,839
pig-headed,839
blah-blah-blah,839
libre,839
Harrisburg,839
Shetland,839
vying,839
tolerating,839
lockout,839
Linder,839
Nader,839
Mosca,838
ambivalent,838
preferential,838
rivets,838
philanthropy,838
castaway,838
peruse,838
sadiq,838
tartars,838
disadvantages,838
sniping,838
misbehaved,838
aardvark,838
Motome,838
Shek,838
neutralise,838
O'Shaughnessy,838
Valda,838
µ,838
lojack,838
molesters,838
polygamy,838
pocketed,838
Kampf,837
undertow,837
Jutland,837
Candyland,837
nyang,837
interagency,837
Kehoe,837
Radagast,837
magnified,837
Galina,837
Montalbano,837
papyrus,837
Sicilians,837
congregate,837
Shetty,837
duality,837
stapled,837
Shivani,837
tailpipe,837
bailiffs,837
handlebars,837
Buxton,837
M1,837
well-armed,837
Hotchkiss,837
malnourished,837
hankie,836
No.No,836
recaptured,836
gnat,836
slumped,836
Mab,836
budging,836
emf,836
breakups,836
Guadalajara,836
Fiske,836
Erasmus,836
Lionheart,836
mamoru,836
Zurg,836
tase,835
bullfight,835
Mhysa,835
sciatica,835
pneumothorax,835
choreographed,835
cort,835
airhead,835
demure,835
tarnation,835
gnawed,835
favoritism,835
on-air,835
Nala,835
manifesting,835
signifying,835
surest,835
rhesus,835
72nd,835
Westmore,835
ilk,835
headliner,835
crackerjack,835
atms,835
Coburn,835
Mya,835
Kuala,834
awe-inspiring,834
Krispy,834
songwriting,834
sacrilegious,834
there'sa,834
UTW,834
pari,834
Osterlich,834
gaseous,834
Prendergast,834
cpd,834
wetlands,834
V.C,834
Jamil,834
Graystone,834
Jeeva,834
Neolution,834
objectionable,834
Napaloni,834
waddle,834
appraised,833
profiting,833
infirm,833
agitate,833
playgrounds,833
unsecured,833
sunder,833
wholesaler,833
kodiak,833
mechanized,833
wenches,833
camo,833
Adeline,833
lightest,833
Nevers,833
guilders,833
numerals,833
naevia,833
contemplated,832
Dreyer,832
well-oiled,832
defib,832
motorcar,832
gai,832
ooh-hoo,832
graviton,832
astrological,832
thrombosis,832
chocolate-covered,832
cheatin,832
steppe,832
pitchforks,832
orbs,832
discriminating,832
Deadshot,832
whiskeys,832
apparitions,831
boeuf,831
Oxly,831
retrospective,831
arrears,831
butte,831
Rok,831
9am,831
tattooing,831
provokes,831
displease,831
Balli,831
scaredy,831
grunge,831
silt,831
measurable,831
Frederico,831
enthusiastically,831
galoshes,831
Krull,831
softener,831
wreaths,831
hajji,830
Sylvain,830
hoarder,830
Tories,830
amphetamine,830
McElroy,830
carb,830
gratis,830
zippo,830
lockbox,830
Grug,830
centurions,830
behemoth,830
tachycardia,830
blighter,830
Billu,830
Cheever,830
A.R.G.U.S,830
Shenzhen,830
Petyr,830
laboured,830
blow-up,830
infarction,830
self-involved,830
Ellington,830
ssr,830
Reiser,830
liveth,830
puffin,830
Roshan,829
patted,829
blue-collar,829
fishbowl,829
Macintyre,829
bennigan,829
outwards,829
Beekman,829
blanked,829
labours,829
tribulations,829
Balto,829
Karenina,829
besotted,829
Popov,829
lubbock,829
doctoral,829
bhaiyya,829
Mannu,829
winkie,829
Rosalyn,829
meteorologist,829
Dobie,829
Naveen,828
philandering,828
Hedy,828
exiles,828
unappreciated,828
overactive,828
bongos,828
memorise,828
chablis,828
tinkerbell,828
forfeiture,828
Covent,828
multi,828
hostesses,828
thun,828
Chantelle,828
tight-ass,828
streetlight,828
equate,828
Coker,828
Margit,828
reproducing,827
greaser,827
Rona,827
honky-tonk,827
amulets,827
grandmas,827
Cletus,827
cleaves,827
Dode,827
theyjust,827
lida,827
Greggs,827
mus,827
widened,827
Edoras,827
bisque,827
Eller,827
aborting,827
Shae,827
spoilers,827
Gatling,827
Harbin,827
Jenks,827
regularity,827
attendings,827
shuck,827
dozer,827
vena,827
cannery,826
free-for-all,826
synthesizer,826
Calabrese,826
serfs,826
hectares,826
ostentatious,826
Ubbe,826
Flintstones,826
Manheim,826
S.W.A.T,826
weavers,826
mishaps,826
chalkboard,826
hexenbiest,826
doo-wop,826
bem,826
deveraux,826
Jocko,826
fuming,826
harsher,826
capsized,826
sweeties,826
Patil,826
pylon,826
escapades,826
fortuna,826
Maradona,826
first-ever,826
Shin-ae,826
apo,826
Tippi,826
gomer,825
blazed,825
referenced,825
Embry,825
billet,825
canines,825
roughest,825
previews,825
posthumous,825
Latika,825
kazoo,825
Maldonado,825
medlab,825
basher,825
diction,825
Godiva,825
suey,825
Tunis,825
requisite,825
impurities,825
Yugo,825
Tahitian,825
yokels,824
D.H,824
wielded,824
themself,824
Bulma,824
rationality,824
Pincus,824
Krycek,824
Gambini,824
bio-signs,824
deep-seated,824
disapproved,824
beadle,824
speculations,824
lancer,824
chinchilla,824
Ashur,824
Zabel,824
pouty,824
eagerness,824
decimate,824
Claridge,824
fief,824
gila,824
canvassed,823
Straker,823
Tarin,823
flinched,823
rebuke,823
sarsaparilla,823
deutsche,823
pornos,823
denouncing,823
pris,823
cookout,823
Logar,823
Qiang,823
crump,823
Murakami,823
crosswalk,823
Abin,823
robins,823
Drumlin,823
pocketful,823
untangle,823
d-did,823
Parnell,823
no.2,823
Vinay,823
loonies,823
capacities,823
amygdala,823
Grier,823
Neel,822
Baruch,822
screw-ups,822
nipped,822
tais,822
disadvantaged,822
entrée,822
Reichstag,822
strongman,822
vox,822
centaurs,822
finery,822
DJs,822
na-na-na-na,822
landfall,822
bobble,822
wafers,822
jewelers,822
goldsmith,822
trickier,822
storefront,822
equatorial,822
Ebert,822
miscellaneous,822
Boswell,822
favoring,822
Devore,822
airbase,822
Kou,821
Fujiwara,821
Asakura,821
ginormous,821
Toulon,821
expedient,821
proclaims,821
axiom,821
suitably,821
conferred,821
Gibby,821
corroboration,821
Iwill,821
gaiety,821
forgetfulness,821
Pillsbury,821
changin,821
ICO,821
na-na-na,821
fishies,821
nape,821
reverses,821
conceded,821
flightless,820
excavate,820
delicatessen,820
abattoir,820
overstepping,820
Watters,820
footstep,820
t'aime,820
Rachmaninoff,820
pillaging,820
golfers,820
inadequacy,820
retailers,820
pop-tarts,820
skimp,820
reprogramming,820
buoys,820
senhor,820
28-year-old,820
Manni,820
Mork,820
McConnell,820
Bronn,820
Zagreb,820
flinging,820
condiments,820
sind,819
entrepreneurial,819
counterterrorism,819
topography,819
Lada,819
clubbed,819
Lyta,819
waistline,819
acidity,819
reorganize,819
Τhey,819
arising,819
busters,819
M.P,819
camerlengo,819
bang-bang,819
tyke,819
cutlet,819
blu-ray,819
sigil,819
uterine,819
shanked,819
Modigliani,819
Cornwallis,819
flatfoot,819
Giuliana,819
virginal,819
revising,819
Flavia,819
Sugarman,819
aptly,819
Sallie,819
Bader,819
Koufax,818
avis,818
cretaceous,818
Whoopi,818
Berkshire,818
Montezuma,818
Humboldt,818
Arrietty,818
non-lethal,818
gabbing,818
Lemmy,818
Benghazi,818
Rayanne,818
sugar-free,818
Royalton,818
laxatives,818
Twiki,818
eeh,818
sharpener,818
Brer,818
parolee,818
chale,818
Reynald,818
Hockley,818
masonry,818
nationalism,817
uprooted,817
Tyreese,817
Vash,817
reproduced,817
Vincke,817
bandwagon,817
Rodman,817
and...and,817
Youssef,817
Camillo,817
deviled,817
Oaxaca,817
Ueda,817
limousines,817
dilute,817
headlong,817
inexperience,817
pinches,817
Degra,817
Ellery,817
runts,817
Okja,817
Celts,817
waterways,817
fabulously,817
chillax,817
Tsung,817
10pm,817
ice-truck,817
slandered,817
Brecht,817
surveyed,816
poisoner,816
offside,816
addictions,816
coffeemaker,816
singularly,816
hung-over,816
Satya,816
globalization,816
barba,816
dottore,816
Hi-yah,816
Harada,816
d'accord,816
daktari,816
Kristine,816
ident,816
piqued,816
Tomie,816
persisted,816
emu,816
Grafton,816
dislodge,816
Lisette,816
reprisal,816
pokes,816
squabbles,816
augment,816
Kishen,816
gratified,816
Bogotá,815
Banky,815
zealous,815
daffodil,815
mañana,815
peso,815
M-16,815
Ponch,815
loompa,815
Rinaldo,815
twixt,815
overreaction,815
komodo,815
sulfate,815
Sefton,815
bloomer,815
cartwheels,815
Navin,815
agitators,815
alcove,815
postpartum,815
shyster,815
speedway,815
plus-one,815
dru,815
Helle,815
fosters,814
Gandini,814
excavating,814
governance,814
testimonial,814
coms,814
aerodynamic,814
pizzazz,814
Tashi,814
Bombur,814
shapely,814
prospectus,814
Danzig,814
vag,814
distended,814
workstation,814
twill,814
Hannes,814
nepotism,814
Dunston,814
Majorca,814
wolfsbane,814
haldol,814
treacle,814
Toho,814
Maclean,814
sunburned,814
fossilized,814
contours,814
guava,814
hacky,814
snog,814
name-calling,813
simplified,813
outings,813
southwestern,813
treehouse,813
incorporating,813
kronor,813
floodgates,813
contributors,813
worsening,813
enrollment,813
Derice,813
inedible,813
saloons,813
substandard,813
Taran,813
trousseau,813
Arnott,813
Philippa,813
dragnet,813
helipad,813
Rajasthan,813
limerick,813
effortlessly,813
gophers,813
anni,812
fuck-all,812
spry,812
disavow,812
Andover,812
subsection,812
commited,812
snogging,812
pipelines,812
Gretzky,812
Mykes,812
kattegat,812
haifa,812
short-staffed,812
avanti,812
Encino,812
stealer,812
secreted,812
Bellerophon,812
3th,812
sonnets,812
Shadowhunter,812
viren,812
washcloth,812
Wooster,812
Panisse,812
alienation,812
duffle,812
surfacing,812
pbht,811
planners,811
mutilations,811
carbide,811
predates,811
Basanti,811
watershed,811
quinoa,811
ventilate,811
doting,811
adage,811
Mesrine,811
spliff,811
monotony,811
densely,811
hundred-dollar,811
Quran,811
chesterfield,811
Morbius,811
indivisible,811
supercharged,810
bigamy,810
fatah,810
Yoichi,810
pharmacies,810
Gallup,810
Endicott,810
lifeguards,810
warcraft,810
bairn,810
Pomona,810
Piscatella,810
beautician,810
mensa,810
elites,810
blowhard,810
tempe,810
perpendicular,810
Dido,810
jerkoff,810
Tendo,810
mopped,810
Jaipur,810
Memnon,810
Shabana,809
Seibei,809
don'ts,809
Christensen,809
relent,809
bad-looking,809
thrusts,809
Hyundai,809
preserver,809
convoluted,809
burlap,809
Franko,809
cgi,809
Aeon,809
defunct,809
Stephenson,809
tantalizing,809
boggle,809
of-of,809
Krebs,808
Jinxy,808
Neruda,808
Xuan,808
Ml5,808
hieroglyphs,808
long-awaited,808
arias,808
lakeside,808
jabber,808
orjust,808
catalogs,808
Eugenio,808
seder,808
bord3,808
stimulants,808
post-war,808
scud,808
curvy,808
gratefully,808
filings,808
colum,808
Müntze,808
glug,808
Spratt,808
astound,808
spyder,807
rioters,807
tangles,807
Mosely,807
roused,807
guerre,807
Temujin,807
Aegean,807
seduces,807
Blume,807
expenditures,807
Haymitch,807
red-blooded,807
seeded,807
Bonham,807
quandary,807
loaner,807
forjust,807
wafer,807
Prudie,807
dislocation,807
oversees,807
anorexia,807
besties,807
scimitar,807
cortexiphan,806
fuk,806
cowabunga,806
Robie,806
subvert,806
imbued,806
medalist,806
AUSA,806
barroom,806
rescuers,806
unfolded,806
concha,806
Glick,806
confederation,806
Timbo,806
organist,806
Tetsuya,806
rewing,806
puri,806
Vorlon,806
Earth-2,806
runneth,806
goings-on,806
Cohan,805
pickpockets,805
Harland,805
tushy,805
tn,805
rants,805
migratory,805
flabbergasted,805
andiamo,805
Dillard,805
fix-it,805
star-crossed,805
Menzies,805
throng,805
Jad,805
Ginn,805
Sumatra,805
dreamboat,805
i-i-it,805
witha,805
Behmen,805
well-mannered,805
rl,805
dogfight,805
Avignon,805
Conte,805
Catania,805
poindexter,805
esto,805
kiss-ass,805
buttock,805
Brucie,805
Billingsley,805
Gesserit,805
Zhuge,805
payed,805
Rémy,805
IVs,805
usurped,805
K-Mart,804
Bluebeard,804
restock,804
entrap,804
managerial,804
Raah,804
Shilla,804
falsifying,804
worsen,804
becauseI,804
nickering,804
Giordino,804
lorazepam,804
jigger,804
Fenster,804
Polynesian,804
willin,804
this'd,804
inversion,804
bos,804
anti-war,803
fsp-0.5,803
Olbricht,803
off-guard,803
filch,803
lop,803
Eid,803
don'twant,803
pimped,803
seedlings,803
softening,803
mccloud,803
Dreyman,803
erections,803
Tremaine,803
sudoku,803
reformatory,803
Masaki,803
exaggerates,802
competency,802
bip,802
southerner,802
jurisdictional,802
Kundan,802
emoji,802
hesitates,802
electorate,802
loyalist,802
welling,802
schön,802
whatchamacallit,802
authoritative,802
oma,802
emailing,802
aleck,802
Lidia,802
shut-in,802
Albus,802
Uhuh,802
fitter,802
unstuck,802
boorish,802
Ottomans,801
puddings,801
KD,801
mikaelson,801
incidence,801
bigwigs,801
Akers,801
perpetuity,801
Wim,801
fatale,801
Coyle,801
tattler,801
Villefort,801
Anker,801
Searle,801
cafés,801
Cujo,801
prefix,801
matriarch,801
teriyaki,801
Ewa,801
Kanto,801
preoccupation,801
Lockheed,801
Decima,800
vil,800
inhibited,800
blabbermouth,800
troubadour,800
burned-out,800
Ellcrys,800
fending,800
fubar,800
Lalo,800
Mohini,800
fete,800
despondent,800
impeding,800
Martinique,800
Broomhilda,800
Miep,800
Flatbush,800
hot-blooded,800
clunking,800
miscarried,800
Ilene,800
monocle,800
ratios,800
sandpiper,800
Fogell,800
aphasia,800
Günther,800
tactile,800
fifty-six,800
theywere,799
dyslexia,799
harshest,799
mountainous,799
Chanda,799
unilateral,799
hags,799
railroaded,799
delos,799
recesses,799
Polaris,799
unequal,799
GCS,799
punctuation,799
leeks,799
abysmal,799
blurted,799
whoopsie,799
woolen,799
everyman,799
Trelawney,799
Caravaggio,799
Rumson,799
biters,798
theorist,798
Rajveer,798
shrank,798
Woolworth,798
Fournier,798
shutup,798
borrows,798
ensued,798
acetone,798
mortally,798
steamship,798
nighthawk,798
assimilation,798
Fairmont,798
Boudreau,798
Gyung,798
Bayard,798
Aniki,798
rebar,798
Tsao,798
mmh,798
reinvented,798
blunders,798
half-life,798
Marke,798
ít,798
transitions,798
carted,798
estoy,797
bighorn,797
hollers,797
Mudd,797
rarer,797
charlatans,797
imprudent,797
taxidermy,797
Lysander,797
raydor,797
undeveloped,797
Rinaldi,797
Deidre,797
sidelined,797
Endora,797
snorkeling,797
coiled,797
schilling,797
gota,797
faring,797
disrupts,797
townie,797
Vogon,797
jockstrap,797
Devalos,797
Finkle,797
cuddled,796
Leonor,796
disreputable,796
helpyou,796
sweetener,796
froth,796
molars,796
Strahm,796
vigour,796
pikes,796
Jumba,796
thejob,796
biscotti,796
stirrups,796
grown-ass,796
suiting,796
emissaries,796
sop,796
Mombasa,796
broadsword,796
interpretations,796
daemon,796
Calvera,796
freebies,796
induces,796
yodel,796
Pio,796
Skeffington,796
ÆÆÀÃÐÜ,796
negotiators,796
rejoiced,796
dabbling,796
Lufthansa,796
corrosion,795
medulla,795
Arlena,795
Somers,795
doodling,795
gibbon,795
raton,795
traumatised,795
musta,795
een,795
Ouyang,795
triplicate,795
tint,795
indiscriminately,795
Antigua,795
overtook,795
Goldar,795
dissident,795
stabilise,794
ostensibly,794
unmitigated,794
implements,794
repainted,794
submachine,794
Bhanu,794
escapee,794
steelers,794
delinquency,794
jaunt,794
well-fed,794
Raye,794
Blum,794
caseworker,794
ions,794
Mieze,794
sunstroke,794
Milliken,794
three-piece,794
raff,794
propellant,794
enchiladas,794
macadamia,794
tangy,793
Marchetti,793
glam,793
Riga,793
Peregrin,793
Junpyo,793
B.D,793
Masaru,793
Zs,793
voy,793
baldness,793
Vladivostok,793
dismayed,793
Varma,793
wiccan,793
enormity,792
Cruces,792
fulfills,792
flash-forward,792
absences,792
whisked,792
precipitation,792
Soma,792
Kaja,792
pssh,792
sci,792
imitated,792
kinsmen,792
Worley,792
hauls,792
hoarsely,792
spanning,792
dyeing,792
dentistry,792
half-eaten,792
Coe,792
discretionary,792
Noriega,792
perimortem,792
griping,791
crumpets,791
bunkhouse,791
Shamu,791
bal,791
constrained,791
flip-flop,791
tsunamis,791
tali,791
assuring,791
Doktor,791
Krakozhia,791
jinks,791
fatties,791
strategize,791
alpaca,791
sprinkling,791
gift-wrapped,791
punchline,791
birdhouse,791
well-placed,791
Ihab,791
Kusanagi,791
Faizal,791
noni,791
scag,791
hara-kiri,791
overcast,791
non-essential,791
Moreland,791
mcenroe,791
regretful,790
duffer,790
jammin,790
multitasking,790
introductory,790
Lefroy,790
uta,790
Thurgood,790
noxious,790
Fujiko,790
chicory,790
haldane,790
Fifield,790
stipulate,790
freighters,790
yost,790
Kuk,790
Millwall,790
ranches,790
best-seller,790
duplicitous,790
Juárez,790
hippocratic,790
mooring,790
sq,790
prednisone,790
kees,790
sweatin,790
enveloped,789
Ukrainians,789
triathlon,789
pummel,789
well-meaning,789
todos,789
ramrod,789
pensioner,789
cross-referencing,789
lechero,789
Tallmadge,789
44th,789
misdemeanors,789
steelhead,789
frittata,789
contaminant,789
cleanser,789
DuckTales,789
didn'tyou,789
thrumming,789
tenders,789
watashi,789
flossing,789
incited,789
railings,789
capoeira,789
resynced,789
6am,789
Heisman,789
Erskine,789
poultice,788
Georgy,788
kamen,788
madi,788
squealer,788
twitches,788
Evert,788
whoa-oh-oh,788
Raji,788
subsidy,788
deflectors,788
shaka,788
artichokes,788
Littlefoot,788
linkage,788
untouchables,788
Oksana,788
Santy,788
shh-shh,788
Riverrun,788
transcontinental,788
discernible,788
manet,788
bad-tempered,788
rafting,788
insulate,788
bunsen,788
Cinque,788
moonbase,788
consecrate,788
manicurist,788
hookfang,788
5k,788
outa,787
Sado,787
Hanako,787
penrose,787
banked,787
boonies,787
woogie,787
Rosaline,787
Noma,787
radiohead,787
NCIC,787
bis,787
wobbling,787
tassels,787
initiates,787
backfiring,787
Teng,787
preaches,787
overwork,787
Zords,787
joystick,787
half-blood,787
positivity,787
breathalyzer,787
Geneviève,787
Pullings,787
geneticist,787
confidante,787
dissidents,787
Marsten,787
top-of-the-line,787
nonchalant,786
hitherto,786
rollercoaster,786
flaked,786
Phillies,786
ice-skating,786
Kershaw,786
naru,786
Duras,786
ind,786
Kuato,786
hibernate,786
Duc,786
Udo,786
Koontz,786
Highgarden,786
Anjou,786
Bohr,786
Tamika,786
transformative,786
whooped,786
negate,786
whet,786
freckle,786
Arvid,786
grouped,785
chortles,785
Zathras,785
Beebe,785
Luanne,785
far-reaching,785
radiologist,785
patchouli,785
promissory,785
maître,785
ifthere,785
multimillion-dollar,785
yipping,785
jellybeans,785
Arash,785
Posey,785
self-worth,785
ily,785
Monahan,785
pensioners,785
Neri,785
jet-lagged,785
mcclellan,785
Georgi,785
irrevocably,785
ofwhat,785
kata,785
conversationalist,785
slowpoke,785
Nimah,785
third-world,785
leclerc,785
hunky-dory,785
lnternet,785
vis,785
Bajrangi,785
fumbled,784
bef,784
simian,784
bankrupted,784
culpable,784
ma'm,784
geographically,784
Tereza,784
miscarriages,784
lighters,784
pooling,784
Ignatius,784
firebird,784
Niamh,784
headhunter,784
taunted,784
aeronautics,784
ogle,784
dormitories,784
victimless,784
Kavya,784
Robles,784
tactless,784
Ullman,784
hotdogs,784
Manami,784
Himalayan,784
conformed,783
ravages,783
dasher,783
thermals,783
premarital,783
procurement,783
ludus,783
passkey,783
caretakers,783
divinely,783
c-spine,783
Nadu,783
Bianco,783
Mandira,783
sues,783
rent-a-cop,783
glowed,783
Gaspard,783
restrooms,783
lickety-split,783
unsung,783
mini-me,783
pasts,783
moonbeam,783
Miyazaki,783
safeties,782
rear-view,782
gοing,782
tracts,782
Pereira,782
blonds,782
re-open,782
runways,782
Imelda,782
estás,782
Nagel,782
damm,782
Angad,782
Giancarlo,782
Leopoldo,782
Inigo,782
inflame,782
handsy,782
where-where,782
gentiles,782
sprinting,782
polizei,782
corroborating,782
implicit,781
surfed,781
spaceport,781
Jamieson,781
trouper,781
reservoirs,781
Simonson,781
Seita,781
prenuptial,781
Lugo,781
luster,781
headshots,781
ic,781
selects,781
veneration,780
Nilsen,780
flashpoint,780
mommie,780
porous,780
cohort,780
faro,780
Cerebro,780
apropos,780
Eiko,780
selflessly,780
knocker,780
afterthe,780
unaccompanied,780
workroom,780
consoles,780
sprawl,780
fairyland,780
nibs,780
letme,780
engrossed,780
broadband,780
birthed,780
ruger,780
diced,780
spurred,780
mercies,780
confrontational,780
thunderclaps,780
Bathsheba,780
snot-nosed,780
Madox,779
ingrained,779
mutagen,779
shames,779
shabbos,779
grammys,779
C.T.U,779
cereals,779
Flannigan,779
Jezzie,779
Germanic,779
hoopla,779
toiling,779
Ahmadi,779
hawley,779
Tenoch,779
rotter,779
Vinicius,779
dongs,779
platters,779
yas,779
Choon,778
Glabrus,778
raunchy,778
humdrum,778
Raffaele,778
south-east,778
smudges,778
alienating,778
apathetic,778
Lichtenstein,778
Mugatu,778
baggies,778
Hyuga,778
vel,778
swimsuits,778
qb,778
Avril,778
falconer,778
teleporter,778
48-hour,778
Mili,777
mariners,777
Escher,777
double-parked,777
clashed,777
inexhaustible,777
levee,777
30-second,777
B.P.,777
Kinch,777
unmatched,777
Suen,777
Piet,777
neνer,777
freshest,777
hypotensive,777
hypothalamus,777
swiping,777
numbing,777
hepatic,777
Whoville,777
waltzed,777
Bengt,777
handoff,777
Aaaargh,777
fusses,777
immigrated,777
bullcrap,777
carjacked,777
dusky,777
circuses,777
successive,777
handjob,777
Zoila,777
Banquo,776
massaged,776
reconsidering,776
dragonflies,776
ferrell,776
painstaking,776
Tomi,776
wort,776
caveat,776
insiders,776
umber,776
cystic,776
Rosaria,776
Hessington,776
Bester,776
storey,776
cohesion,776
dramamine,776
accidently,776
societal,776
goeth,776
teeny-weeny,776
ofour,776
tuff,776
Pawter,776
Ralf,776
shortcake,776
Guatemalan,776
cots,776
yellin,776
Suzhou,776
Spangler,776
brodsky,776
snipes,776
lazybones,776
marinade,776
tailor-made,776
disinformation,776
closed-circuit,775
classifieds,775
30-day,775
Muncie,775
chakras,775
two-step,775
fii,775
wrung,775
60-year-old,775
subsidiaries,775
praxis,775
adjournment,775
Mirko,775
sanitizer,775
pontiff,775
philanthropic,775
newsome,775
superbly,775
ballerinas,775
Botticelli,775
Farouk,775
defeatist,775
amoeba,775
immovable,775
tidwell,775
holosuite,775
johnsons,775
mediums,775
destabilizing,774
Félix,774
yai,774
lonelier,774
bunion,774
corazon,774
fragility,774
imitations,774
rn,774
kalashnikov,774
Daniele,774
Estonian,774
marionette,774
Escalante,774
outdo,774
stockroom,774
sont,774
Shinobu,774
pervasive,774
dampening,774
Killick,774
y2k,774
Dagon,774
welterweight,774
chauvinist,774
lv,774
multitudes,774
allocation,774
braided,774
bodice,773
Ponderosa,773
deuterium,773
Aneela,773
rename,773
Trieste,773
mergers,773
pretenders,773
hoo-ha,773
f1,773
marten,773
agnostic,773
jousting,773
twerk,773
Zodanga,773
Hindustan,773
Mord-Sith,773
NHL,773
Krell,773
quotations,773
speakin,773
malfeasance,773
Ila,773
chickenpox,772
Caz,772
Anshel,772
geri,772
Langham,772
Chisum,772
Zoolander,772
debtor,772
donk,772
semi-final,772
horizontally,772
tradesman,772
footballers,772
cribs,772
Gnomeo,772
d'etat,772
Schopenhauer,772
Olav,772
Düsseldorf,772
Wilden,772
Mayko,772
badshah,771
skivvies,771
perversions,771
burials,771
schoolchildren,771
libertad,771
Jellicle,771
forges,771
dunked,771
OSHA,771
excepting,771
outstretched,771
Jandi,771
leukaemia,771
laminated,771
nimbus,771
pseudo,771
cinemas,771
você,771
odors,771
beleaguered,771
Kerouac,771
bhau,771
skimpy,770
Midsomer,770
Macallan,770
Kiefer,770
gauss,770
DUALLA,770
Azazel,770
proficiency,770
carer,770
indiscriminate,770
Collingwood,770
carta,770
latrines,770
withstood,770
ill-gotten,770
unyielding,770
dalmatian,770
Globo,770
aks,770
Mockingjay,770
Rugal,770
ith,770
tp,770
Nastya,770
frills,770
misjudge,770
Jermaine,770
specialise,770
Sumer,770
undertakers,770
psychotropic,770
ky,770
Takeo,770
Douglass,770
easel,770
Asuna,769
O-1,769
creamer,769
Nikolas,769
Keefe,769
sala,769
swindling,769
Torrey,769
oftime,769
J.F,769
rumblings,769
cloves,769
misinterpret,769
banshees,769
blur4,769
uninhibited,769
Chapin,769
Waterford,769
septon,769
renter,769
Ghazi,769
ﬂoor,769
Ishii,769
Ludovico,769
username,769
youto,769
3pm,769
signalling,769
Woodlawn,769
playpen,769
prerequisite,768
0kay,768
acacia,768
Arctor,768
you'Il,768
labourer,768
intrinsic,768
zany,768
pliable,768
bim,768
com'on,768
digress,768
maga,768
ionic,768
pylons,768
Sotheby,768
wayside,768
5pm,768
facilitated,768
nok,768
big-city,768
devising,768
necrosis,768
heyday,768
Kristo,768
bullshitter,768
lamest,768
syndicated,768
Jordana,768
lipo,768
CHP,768
illustrates,768
overqualified,768
top-shelf,767
Machiko,767
makeups,767
blesses,767
Grisha,767
subcutaneous,767
shading,767
alai,767
aberrant,767
habitats,767
kya,767
Mino,767
rearing,767
DMZ,767
Hoffmann,767
wedges,767
huskies,767
semiautomatic,767
indentured,767
prattle,767
y'are,767
Birk,767
Sab,766
northeastern,766
snips,766
Gisele,766
CERN,766
Dega,766
mopey,766
Slovak,766
Clough,766
Ruber,766
There'II,766
fairytales,766
interred,766
Kuba,766
Takayama,766
sowed,766
disruptor,766
stupefy,766
scuttlebutt,766
Antwan,766
Recep,766
Lowenstein,766
mystified,766
shamans,766
Snell,766
Golan,766
aboot,765
plunges,765
Gresham,765
punked,765
algo,765
Rosings,765
niño,765
fifty-one,765
ex-lover,765
lodges,765
siphoning,765
co-star,765
bestiality,765
valentines,765
Deathstroke,765
Yasu,765
spires,765
electricians,765
dance-off,765
pre-existing,765
zits,765
tingles,765
dressings,765
stooped,765
DB,764
storeys,764
miniatures,764
facilitator,764
wrenches,764
noisily,764
effected,764
òë,764
subscriptions,764
Bonn,764
knowest,764
bejesus,764
excavations,764
Haywood,764
vindication,764
Higuchi,764
Calogero,764
Thumbelina,764
self-proclaimed,764
washers,764
smears,764
lifes,764
Zao,764
urologist,764
110th,764
dismember,764
off-putting,764
bedded,764
sainted,764
wise-ass,764
stairwells,764
crime-fighting,764
declarations,764
lemmings,764
grindstone,763
nosh,763
gang-related,763
AIG,763
Wallander,763
Z'Ha'Dum,763
seven-year,763
levitation,763
Graf,763
elation,763
methylamine,763
Golmaal,763
Hephaestus,763
whereupon,763
Gein,763
quills,763
Barzoon,763
racquet,763
Elgin,763
slanted,763
We'lI,763
wahoo,763
trigonometry,763
Schweitzer,763
precede,763
ead,763
publishes,763
akan,763
Sinaloa,763
mahmud,763
nine-nine,763
waterbed,763
Treville,763
seaplane,763
sign-up,763
disinterested,763
persecuting,763
cani,763
Provo,763
Decatur,763
Longbottom,763
pantsuit,763
out-of-control,763
bari,763
Mabuse,763
operandi,762
Amrita,762
autobiographical,762
Bangor,762
Twila,762
monorail,762
Jamaicans,762
starvin,762
bluer,762
slays,762
paramour,762
Munster,762
non-disclosure,762
JW,762
Shinzaemon,762
principled,762
dubbing,762
Nathanson,762
Gord,762
spittin,762
Eyal,762
Ilse,762
camembert,762
seabirds,762
contested,762
oot,761
fishmonger,761
PGE,761
Gustafson,761
Cagliostro,761
Riggan,761
dampen,761
Zaius,761
FLN,761
Chaya,761
natty,761
man-child,761
Hogue,761
Egbert,761
Sonu,761
symbolically,761
backboard,761
yaks,761
Blitzen,761
offload,761
anatomically,761
Terrians,761
Shakespearean,761
plundering,761
immobile,761
weeding,760
bac,760
PointCorp,760
Drillbit,760
MSG,760
curiouser,760
Livy,760
Pentecost,760
porte,760
stonewalling,760
Riya,760
rne,760
peon,760
dilapidated,760
Tzeitel,760
Albion,760
moderator,760
stereos,760
frοm,760
kerns,760
Tomasz,760
satyr,760
meld,760
unwrapped,760
cutthroats,759
detectable,759
sura,759
Hermia,759
believin,759
babineaux,759
unplanned,759
Healey,759
passe,759
mentors,759
three-point,759
tangerines,759
français,759
vagrancy,759
beatnik,759
Shem,759
turrets,759
syl,759
oc,759
Krause,759
cucaracha,759
Kaneko,759
schemer,759
consults,759
sweetened,758
Li'I,758
hairdressers,758
jiggy,758
formative,758
DeSoto,758
footlocker,758
Yentl,758
chock-full,758
cha-ching,758
demean,758
bypassing,758
seu,758
stoolie,758
Zorg,758
Scaramanga,758
meto,758
iguanas,758
Aleksandr,758
tweaks,758
kindle,758
beekeeper,758
disappoints,758
Alvy,758
Heep,758
goy,758
peeler,758
Jal,758
rutgers,758
pursues,758
Farnese,758
sing-along,757
well-versed,757
bobs,757
canteens,757
receptor,757
Percell,757
tandoori,757
Levon,757
unsympathetic,757
motherf,757
grimoire,757
looping,757
Resnick,757
powerfully,757
Harve,757
Deauville,757
Gena,757
diamondback,757
fritter,757
Cleitus,757
Raisa,757
harbored,757
accompaniment,756
shirk,756
cheep,756
mukhtar,756
two-dimensional,756
torrid,756
capitán,756
yöurself,756
Barristan,756
blitzkrieg,756
LBJ,756
nacht,756
iso,756
blackfoot,756
Avast,756
howto,756
vero,756
mystics,756
tanuki,756
gimpy,756
ewe,756
Vanda,756
poolside,756
yurt,756
schneller,756
prevalent,756
Baiano,756
tangos,756
Andorians,756
yaar,756
don'tworry,756
paperback,755
protruding,755
RuPaul,755
rota,755
Fiedler,755
skateboards,755
Mancuso,755
Klaatu,755
D.U.I,755
Aegon,755
halter,755
eminently,755
smartly,755
welt,755
Kraus,755
T-virus,755
facets,755
Hojo,755
umi,755
oflove,755
tinned,755
morgen,755
fireside,755
reimbursed,755
lethargic,755
afghani,754
numbskull,754
Grosvenor,754
Eleni,754
roughneck,754
Treblinka,754
tans,754
wazoo,754
Cinna,754
paining,754
Dien,754
camry,754
M4,754
ÿÿÿ,754
low-income,754
Beene,754
aglow,754
Ismael,754
constituent,754
Taku,754
wooo,754
fairgrounds,754
Bagchi,754
aromatic,754
huffy,754
Avner,754
terre,754
indeedy,754
dangled,754
black-eyed,754
environmentalists,754
real-world,754
Lamarr,754
Watari,754
corliss,754
Bassanio,754
Hendry,754
smote,753
Acheron,753
padres,753
godliness,753
prayin,753
hideously,753
oxymoron,753
Slovakia,753
scowl,753
Brom,753
displace,753
olin,753
Thais,753
sprawling,753
Eisenheim,753
ery,753
broadcaster,753
eclair,753
Galway,753
jaan,753
Amer,753
ovary,753
wheaties,753
soppy,753
prominence,753
Denys,753
hemoglobin,753
extorting,753
Biloxi,753
thousandth,753
spherical,753
Howser,753
nastiness,753
fry5,752
heda,752
lacerated,752
stadiums,752
necking,752
fertiliser,752
hoc,752
Velasco,752
middlemen,752
what...what,752
stoves,752
conjurer,752
panning,752
botulism,752
Mogadishu,752
protomolecule,752
Paree,752
tallyho,752
buttering,752
snowboard,752
Nippon,752
hunker,752
honeybee,752
once-over,752
razzle,751
dissimilar,751
Umbridge,751
Helvetica,751
scrounging,751
Broome,751
Cemal,751
plumes,751
darkly,751
scrapping,751
synapse,751
eerily,751
triceratops,751
secretions,751
workday,751
tellyou,751
Bara,751
ped,751
argon,751
P.O.W,751
Californian,751
aske,751
vats,750
Shug,750
wishbone,750
Latvian,750
Akagi,750
parlez-vous,750
Fitzwilliam,750
purifying,750
unwitting,750
pard,750
reliance,750
Halil,750
Kati,750
Alamos,750
lech,750
breast-feed,750
RAC,750
brendon,750
well-to-do,750
Ryuji,750
Milverton,750
Matsu,750
bulimia,750
caul,750
exquisitely,750
Kurds,750
plumage,750
Grazia,750
7pm,750
excise,750
yum-yum,750
Hirayama,750
slough,750
ricotta,750
unconcerned,750
flophouse,750
enforcers,750
tollbooth,749
weirding,749
legate,749
barbers,749
Kilmer,749
Raimy,749
trifled,749
hοw,749
transitioning,749
ferryman,749
Leonora,749
hocus,749
five-mile,749
demotion,749
whatis,749
Merida,749
libertine,749
penknife,749
Pimpernel,749
draggin,749
mubarak,749
damnable,749
Rimbaud,749
okie,749
Gerrard,749
Yamaha,749
north-east,749
Daxam,749
Jussi,749
Mahendra,749
honing,748
blithering,748
kom,748
Shintaro,748
occupations,748
impressionist,748
dickwad,748
contentious,748
scaredy-cat,748
llc,748
Vinod,748
astonishingly,748
wiggles,748
runoff,748
Spassky,748
Sobotka,748
over-the-top,748
jailbait,748
weevils,748
Rasmussen,748
unraveled,748
Schulz,748
Lauryn,748
Fuhrman,748
industrialists,748
self-discipline,748
vulva,748
Krantz,748
regenerative,748
sexton,748
Leekie,748
archeologists,748
Fitzhugh,748
bookstores,748
oreo,748
corroded,748
tweaker,748
snarky,748
hecht,748
puller,748
Irvin,748
splattering,748
Elysian,747
Jordanian,747
Janette,747
unwillingly,747
exhibitions,747
Northmoor,747
eases,747
clio,747
technicalities,747
co-host,747
cliches,747
upstage,747
D'avin,747
moneymaker,747
ravings,747
lats,747
rethinking,747
appellate,747
terraces,747
intently,746
typhoons,746
O'Mara,746
Kawada,746
Saperstein,746
Queensland,746
TMI,746
Ghana,746
ah-ah-ah-ah,746
riverboat,746
whoa-whoa-whoa,746
SVR,746
reposition,746
Valka,746
Bernini,746
cell-phone,746
Tanja,746
raked,746
self-awareness,746
protections,746
Goldwater,746
klick,746
manmade,746
valkyries,746
Nha,746
whoomp,746
Parris,746
transformations,745
norther,745
economists,745
Rizvan,745
lances,745
armband,745
semi-finals,745
Mireille,745
skeptics,745
squab,745
clarifying,745
impatiently,745
Agustina,745
whitest,745
happy-go-lucky,745
gladness,745
miniskirt,745
pert,745
Romanians,745
scholarly,745
Glynn,745
unsigned,745
poopie,745
maam,745
caramels,745
orphanages,745
full-size,745
staffer,745
phallus,745
yura,745
Amantha,745
damsels,745
disregarding,745
camphor,745
bookmark,745
commences,744
nave,744
Gerardo,744
just-i,744
junky,744
Ryerson,744
Sandor,744
sighed,744
psychically,744
O.D.'d,744
gib,744
flail,744
medial,744
mild-mannered,744
Horner,744
andyou,744
Dito,744
gossamer,744
Zilong,744
repeater,744
Unas,744
Silencio,744
rewrites,744
Ariana,744
discotheque,744
flowerpot,744
VIANNE,744
Sidorov,743
bodacious,743
betterthan,743
Nakajima,743
cubits,743
Jo-Jo,743
fared,743
demolitions,743
Rosalia,743
muskrat,743
biscayne,743
Huxtable,743
10am,743
flinching,743
Jerzy,743
Boynton,743
Amritsar,743
nags,743
mune,743
jack-off,743
tonne,743
discharges,743
occured,743
Coombs,743
inauspicious,743
Renu,743
slung,743
cathouse,743
ése,743
banquets,743
heartstrings,742
Romain,742
milling,742
A.P.B,742
Gussie,742
inorganic,742
woodall,742
Jarrah,742
Jeannot,742
disparity,742
graphite,742
clothesline,742
Carrera,742
Chandigarh,742
talentless,742
sti,742
fiive,742
Manoj,742
Reynaldo,742
mountie,742
0th,742
bilingual,742
flaring,741
charting,741
omniscient,741
dejected,741
rock-solid,741
bluffed,741
Obadiah,741
ascertained,741
Bloch,741
Henryk,741
Niklas,741
Darian,741
Burkett,741
indentation,741
animate,741
igniting,741
Ozawa,741
abhorrent,741
Roxane,741
functioned,740
birdcage,740
ghoulish,740
predisposition,740
Gershwin,740
Haydon,740
re-route,740
portraying,740
Darjeeling,740
zookeeper,740
carryin,740
Ainsley,740
underdeveloped,740
sunroof,740
transvestites,740
sibyl,740
hamstring,740
hayride,740
brawls,740
camomile,740
liquidation,740
uncomfortably,740
buccaneer,740
slog,740
abacus,740
reachable,740
Kok,740
Touya,740
Urko,740
Ryota,740
uptake,740
non-alcoholic,740
Tauri,739
paraplegic,739
legless,739
48th,739
venti,739
SARS,739
there-there,739
aggressiveness,739
boor,739
Mitsu,739
constructions,739
blindfolds,739
enticed,739
sold-out,739
Finns,739
Gorsky,739
Dorcas,739
blabber,739
scullery,739
graphs,739
guardsmen,739
wisecracks,739
substituting,739
doorknobs,739
mujahideen,739
Bubbs,739
D.O.A,739
re-elect,739
Dodds,739
instigate,739
rusting,739
Anna-Kat,739
moored,739
propagate,739
Shinwell,739
splurge,739
perennial,738
ingrates,738
providers,738
oogie,738
Shanna,738
muggle,738
Camilo,738
altitudes,738
yoyo,738
trashcan,738
austere,738
Pyotr,738
Pyrenees,738
cased,738
no-o-o,738
diminishes,738
astride,738
aguilera,738
behavioural,738
toiled,738
chub,738
Lela,738
Maddalena,738
Helpmann,738
apos,738
yokel,738
utopian,738
pernicious,737
Windom,737
slighted,737
caa,737
vicarage,737
JK,737
Artur,737
2th,737
bloomers,737
chappy,737
cottonmouth,737
spreadsheet,737
Juri,737
normie,737
valets,737
defused,737
Tuscan,737
deathtrap,737
mainline,737
full-body,737
Saiyans,737
Khurana,737
trick-or-treat,737
Jenko,737
Meisner,737
Eiger,737
Maryanne,737
Andronicus,737
ers,737
nob,737
honest-to-god,737
redial,737
Biberkopf,737
onyx,737
witchy,737
yuppies,737
roux,737
Harumi,737
Goldmember,737
illustrator,737
Rumsfeld,737
Hockney,736
surpasses,736
Kitchener,736
legged,736
gargoyles,736
bloggers,736
worded,736
posy,736
Marmee,736
dote,736
shaven,736
hotcakes,736
Enys,736
batches,736
contesting,736
puja,736
Newell,736
grater,736
sarasota,736
uncommonly,736
Vauxhall,736
sundaes,736
subservient,736
schoolboys,736
facet,736
regrouping,736
tem,736
Amberson,736
homophobia,736
Sofi,736
Chels,736
armor-piercing,735
Redbeard,735
Eri,735
twats,735
scrum,735
Musgrave,735
LVPD,735
Brakebills,735
Kimo,735
Τhere,735
moratorium,735
hea,735
meerkat,735
jihadist,735
dirtbags,735
weve,735
Skaara,735
gratuity,735
sherpas,735
Jovan,735
Yussef,735
Denker,735
Tojo,735
suckle,735
Skol,735
Amaro,735
carbonate,735
Manus,735
slobber,735
Edgington,735
DCS,735
choirboy,735
enslavement,735
begotten,735
bestie,735
Faruk,734
Morticia,734
loosed,734
nametag,734
regenerated,734
1cH00FFFFFF,734
Reiter,734
Mazda,734
analyzer,734
decapitate,734
Ginette,734
microns,734
contributes,734
rampaging,734
Stefania,734
unfreeze,734
Celie,734
detestable,734
ratify,734
treatise,734
kerchief,734
Shockley,734
Lucía,734
belly-up,734
outsourcing,734
exuberance,734
Cheong,734
Υeah,734
dereliction,734
Haise,734
wast,734
bowles,734
wile,734
viability,734
Yahiko,734
dn't,733
plated,733
torching,733
wakey-wakey,733
narrower,733
baylin,733
wilted,733
censors,733
jellies,733
bawl,733
vermilion,733
Sedgewick,733
itt,733
edifice,733
GuGu,733
attrition,733
one-half,733
strolls,733
fleck,733
mung,733
Ben-Hur,733
chaperones,733
bloomfield,733
chock,733
Doubtfire,733
showboat,733
fiddlesticks,733
Milkha,733
goring,733
Sigi,733
hot-dog,733
narcissus,733
wiggin,733
infomercial,733
rayon,733
joiner,732
chicka,732
condescend,732
colouring,732
ethnicity,732
Hostetler,732
Bahrain,732
Gianna,732
murthy,732
Guo'er,732
Masayuki,732
Flass,732
alternator,732
Kjartan,732
combative,732
CSIs,732
arsonists,732
prodding,732
phased,732
8pm,732
threesomes,732
Valery,732
Tekken,732
Disher,732
yalta,732
rent-free,732
extricate,732
vittles,732
scorer,732
trekking,732
iridium,732
contra,731
Mendelssohn,731
Gramercy,731
contrite,731
Croydon,731
Yoshino,731
Artemisia,731
Nikko,731
pointe,731
sadism,731
Sarek,731
Wukong,731
consoled,731
omec,731
tugs,731
Applegate,731
Ji-hoon,731
myrrh,731
Nella,731
8am,731
jaguars,731
Balfour,731
deary,731
Stans,731
Marybeth,730
brennen,730
Aurelie,730
Chechens,730
Abydos,730
weariness,730
Chulak,730
toned,730
lees,730
elasticity,730
unsuccessfully,730
toughness,730
criticisms,730
pitbull,730
nota,730
lanky,730
Chappell,730
short-range,730
asymmetrical,730
Mattingly,730
faerie,730
deficiencies,730
hatchback,730
lyre,730
paddies,730
sheepdog,730
IOA,730
estuary,730
frelling,730
grafted,730
Varner,729
noboru,729
etch,729
colluding,729
Rukia,729
novices,729
devo,729
Hammersmith,729
Potsdam,729
Nibbler,729
forestry,729
leaven,729
faints,729
hovers,729
lasses,729
caseload,729
Su-yeon,729
whacko,729
pampering,729
kwanzaa,729
follicles,729
salesgirl,729
Kiko,729
Coors,729
ringmaster,729
Kujo,729
youknowwhat,729
Marquesa,729
supposes,729
skinnier,729
Lukey,728
patrolled,728
Cawdor,728
ostracized,728
Salieri,728
photonic,728
overcomes,728
belenko,728
hand-held,728
nearsighted,728
Joosep,728
Franciscan,728
30pm,728
Frederica,728
Comstock,728
Parthenon,728
exporting,728
Frith,728
Yakov,728
ata,728
sendin,728
widest,728
narcos,728
wastebasket,728
castellano,728
aborigines,728
Tae-kyung,727
Haleh,727
prattling,727
Yancy,727
refineries,727
thoracotomy,727
repartee,727
Iván,727
suffrage,727
grainger,727
narcs,727
revolted,727
manufactures,727
peeper,727
staffers,727
underling,727
balled,727
uglies,727
bloodsucking,727
wellspring,727
Kovu,727
long-winded,727
sucka,727
caked,727
chastise,727
prairies,727
dosa,727
posner,727
concoct,726
Ramius,726
downtrodden,726
condominium,726
tombstones,726
allegiances,726
Bergdorf,726
pocus,726
muses,726
sicken,726
disapproving,726
Alfrid,726
sledding,726
Hyman,726
résistance,726
Lipschitz,726
kota,726
sofas,726
Eurgh,726
Vesta,726
Mornay,726
karakurt,726
prideful,726
pele,726
JV,726
MAYES,726
tsu,726
north-west,725
fossa,725
gazelles,725
Quested,725
Airwolf,725
Antwone,725
poi,725
earshot,725
altruism,725
creepers,725
outbound,725
skidded,725
erasers,725
padrone,725
straying,725
Leamas,725
trumped-up,725
Macey,725
Curtin,725
walling,725
pickaxe,725
shearing,725
Hiroki,725
Couric,725
goldmine,725
candidly,725
grimace,725
bronc,725
Pecos,725
Manda,725
Stradivarius,725
Balu,725
Pauli,724
frig,724
Bethel,724
Svensson,724
vada,724
sandalwood,724
Zavala,724
plata,724
briefcases,724
inference,724
aren'tyou,724
amphibians,724
drummed,724
all-important,724
Benes,724
caesarean,724
ripen,724
gargantuan,724
Shoko,724
Roop,724
lancers,724
maliciously,724
malleable,724
vicap,724
quinjet,724
Yasumoto,723
storyline,723
trotters,723
Pammy,723
whaler,723
tiptoeing,723
dandelions,723
Benedick,723
Jeannette,723
videotaping,723
mullah,723
sleepwalk,723
wringing,723
Longstocking,723
jangles,723
ourjob,723
minnow,723
Ozaki,723
da-da-da-da,723
Yugoslav,723
crumpet,723
Bayliss,723
plexus,723
assassinating,723
geno,723
Rockland,723
Tosa,723
fast-track,723
godparents,723
Isabela,722
spluttering,722
enrichment,722
dimmer,722
white-trash,722
depresses,722
Fok,722
obsessive-compulsive,722
cooch,722
Eugenie,722
Yelena,722
weaves,722
Okita,722
tua,722
McComb,722
Huberman,722
Renaud,722
wheezy,722
hyped,722
nietzscheans,722
southeastern,722
drei,722
Briana,722
causality,722
Clegane,722
weaned,722
tidbit,721
aggrieved,721
Frankel,721
Sachi,721
Zazu,721
Ant-Man,721
loafing,721
Medivh,721
headdress,721
Baze,721
organically,721
hyperbole,721
tiers,721
Plantagenet,721
sharpie,721
Cecilie,721
IBS,721
upholding,721
lateness,721
Kady,721
askew,721
endearment,721
Aghh,721
incontrovertible,721
sangala,721
Bressler,721
Ratchett,720
sapien,720
saleswoman,720
Lill,720
dramatics,720
searchlights,720
genteel,720
kerb,720
ands,720
Hendrik,720
Seyah,720
ladybird,720
corsets,720
aegisshi,720
awa,720
electrostatic,720
Okubo,720
Wendice,720
locale,720
Rathod,720
mirai,720
enthralled,720
Toshiro,720
hashem,720
assists,720
retort,720
pra,720
Cowley,720
fancier,720
McGonagall,719
feigned,719
Cooney,719
Drej,719
Lysa,719
Warfield,719
aftershock,719
timelines,719
spritz,719
Phuket,719
domineering,719
Meir,719
Lockett,719
Stearns,719
pussycats,719
defraud,719
Fitzroy,719
Vries,719
woodcutter,719
hablo,719
beaky,719
consigned,719
ex-marine,719
fixable,719
panini,719
cymbal,719
salvaging,719
sοme,719
Gambrelli,719
hermitage,719
Kripke,719
proximal,719
excuseme,719
forwhat,719
complainant,719
cursory,719
Harkin,719
slugging,718
leth,718
phosphorous,718
sliders,718
wane,718
enlistment,718
Morita,718
melodic,718
semesters,718
beneficiaries,718
notation,718
pringles,718
takings,718
Randa,718
RNA,718
Swanee,718
stashing,718
soothsayer,718
asterisk,718
slip-up,718
surety,718
pitiless,718
A.G,718
reverted,718
easy-going,718
Shirl,718
stewing,718
dingus,718
Gennero,718
PSDH,718
nitric,717
you'lI,717
broadside,717
conductors,717
Nascimento,717
podunk,717
Dignan,717
Bhavani,717
Krumitz,717
galvan,717
bayside,717
wοuld,717
Derbyshire,717
forcible,717
teardrops,717
Poul,717
bricklayer,717
Tirzah,717
needlepoint,717
sequential,717
awning,717
shrines,717
inputs,717
jena,717
Norville,717
outflank,717
Enquirer,717
feint,717
obsessively,716
off-course,716
polina,716
anthropological,716
webbed,716
glacial,716
independents,716
fingerprinted,716
complied,716
quaaludes,716
leggings,716
quesadilla,716
lke,716
tenets,716
Bullitt,716
Spica,716
Rosco,716
McClintock,716
Edu,716
ostriches,716
Dormammu,716
hydration,716
resonates,716
maroney,715
appropriated,715
quintessential,715
boogie-woogie,715
Elgyn,715
stealthily,715
tailoring,715
fearlessly,715
rez,715
Tesco,715
Treehorn,715
Kuen,715
Paracelsus,715
childcare,715
Lothal,715
Satch,715
miney,715
someth,715
spiller,715
addendum,715
slimmer,715
anima,715
priss,715
Zobelle,715
Boxey,715
Muhyul,715
sabers,715
outsource,714
Aris,714
MacElroy,714
ducklings,714
biochemist,714
twisty,714
sesterces,714
ayah,714
shepherdess,714
time-sensitive,714
kido,714
Kittridge,714
plover,714
a.45,714
flippant,714
Ithinkit,714
one-eye,714
low-budget,714
smokehouse,714
kibble,714
Meryn,714
Zammis,714
deadlier,714
rahm,714
chronological,714
parbat,714
beryllium,713
half-way,713
undertook,713
fallacy,713
chode,713
Stilgar,713
aftertaste,713
faucets,713
michio,713
out-of-work,713
meddled,713
Mifune,713
twere,713
francais,713
Farkle,713
flighty,713
rone,713
DIY,713
diversionary,713
Ajit,713
impeach,713
landmines,713
Sha're,713
quadrants,713
whistleblower,713
summa,713
quizzes,713
Crabbe,713
Rapha,713
Ilia,712
xiomara,712
S.A.T,712
quelle,712
corporeal,712
craw,712
Mileva,712
Biarritz,712
streetlights,712
tye,712
Pilcher,712
Hori,712
ingesting,712
Tillie,712
dominos,712
crouched,712
Driss,712
alum,712
douchebags,712
puddin,712
homunculus,712
Whoa-ho-ho,712
Hailsham,712
smelting,712
syndicates,712
excursions,712
footfalls,712
medium-sized,712
sw,712
asexual,711
Brezhnev,711
bloodstain,711
Komarov,711
palatable,711
test-drive,711
alloys,711
Biltmore,711
angular,711
Veta,711
splintering,711
pirated,711
slurs,711
altruistic,711
Kwong,711
spritzer,711
Quarles,711
Colonna,711
Wiggum,711
sociological,711
Nightwing,711
bronzed,711
schoolmates,711
Hayato,711
oxytocin,711
Braavos,710
Irfan,710
outwardly,710
kippers,710
Schiffer,710
Bitsey,710
gallantly,710
lowlands,710
Hee-chul,710
goddamit,710
chopstick,710
evangelical,710
bulletins,710
bullfighting,710
hard-pressed,710
Lancashire,710
offstage,710
Binghamton,710
Dionne,710
prize-winning,710
Northumbria,710
cori,710
ploughed,710
tomo,710
climates,710
unbearably,710
Amida,710
westin,710
thrall,710
peace-loving,710
cockatoo,710
Simona,710
Smollett,710
Mandalore,710
rockaway,710
gouging,710
herewith,710
self-taught,710
Rigel,710
exuberant,710
frolicking,709
grassroots,709
kailash,709
masterminded,709
falsify,709
auctioning,709
recites,709
Shizuka,709
Jory,709
well-bred,709
enamored,709
divination,709
ooh-la-la,709
asgardian,709
O.G,709
sutler,709
Jolinar,709
Mountbatten,709
scribbles,709
dally,709
reinforcing,709
Waverider,709
Wallenberg,709
Okkoto,709
lady-in-waiting,709
Penney,709
Chava,709
Khyber,709
p1,709
chin-chin,709
let's-let,709
sequels,709
rossum,709
wendigo,709
cartwheel,709
glassy,708
galvatron,708
stalwart,708
patriarchal,708
pitfalls,708
Donatella,708
pineal,708
jalapeño,708
Claybourne,708
wiseguys,708
Phoebus,708
garish,708
asphyxiated,708
Nozomi,708
indelible,708
harvests,708
resurface,708
Milanese,708
likea,708
readouts,708
attuned,708
SOFTITLER,708
ectoplasm,708
ready-made,708
scampi,708
Haddonfield,708
doot,708
prodded,708
snicker,708
Zeynep,707
Toruk,707
exterminators,707
ute,707
Berto,707
Ritsuko,707
colonic,707
unsanctioned,707
fabricating,707
reptilians,707
dónde,707
Danbury,707
39th,707
frilly,707
walk-through,707
proclivities,707
Strom,707
Sidhu,707
sorrier,707
quaking,707
pales,707
ephemeral,707
reciprocal,707
Bahar,707
extremity,707
Waternoose,707
fronted,707
snacking,707
flawlessly,707
maudlin,706
lοοk,706
Bernhard,706
torrio,706
trajectories,706
Erna,706
Niebaum,706
Yael,706
four-day,706
70th,706
Fiore,706
sanctify,706
Minnelli,706
Cassini,706
batted,706
tana,706
cluttered,706
escalates,706
rejuvenation,706
goad,706
Teterboro,706
Heylia,706
masts,706
wackos,706
Titi,706
Lalita,706
ire,706
Himuro,706
Yano,706
opaque,706
Drona,705
ministries,705
velociraptor,705
leotard,705
lullabies,705
eighteenth,705
sparklers,705
dunking,705
jettisoned,705
squandering,705
thoroughfare,705
snakeskin,705
earmarked,705
navigators,705
fonder,705
bookmaker,705
NYC,705
buoyancy,705
steinar,705
nighty,705
gooch,705
aegis,705
penner,705
Govind,705
paleontology,705
Olya,705
sublight,704
Kahless,704
sus,704
Vettius,704
taxidermist,704
eighty-seven,704
Debussy,704
Alban,704
feuds,704
Bauji,704
Reynaud,704
hasaan,704
purebred,704
3-year-old,704
totals,704
rediscovered,704
Wynant,704
tippy,704
fostered,704
Tamir,704
admirals,704
grandstanding,704
gobs,704
Kaga,704
animus,704
Summerson,704
landmine,704
obscenities,704
military-grade,704
tylium,704
Culper,704
Roisin,704
remade,704
5am,704
churro,704
instructs,704
Manech,704
subtleties,704
tawney,703
eyeful,703
present-day,703
Lucilla,703
contemporaries,703
bottleneck,703
lovelies,703
Tosca,703
Trebek,703
Hardcastle,703
satsuma,703
Shran,703
D'Anna,703
Tamra,703
busload,703
Villiers,703
cauterize,703
patchwork,703
Hibbert,703
coincides,703
bursar,703
lieber,703
mnemonic,703
Solus,703
whateveryou,703
clutched,703
earth-shattering,703
woodman,703
fun-loving,703
republics,703
donates,703
barium,703
Krupa,703
flubber,703
belted,703
prosthesis,703
leche,703
ite,703
Peterman,703
moderates,702
unearthly,702
Rondell,702
Nam-joo,702
Hapsburg,702
scrubber,702
straddle,702
Hossein,702
elven,702
unreadable,702
70-year-old,702
steerage,702
millennial,702
replicant,702
justa,702
manatee,702
Deepu,702
tas,702
Tuohy,702
deputized,702
ess,702
Arcadian,702
uniqueness,702
visualization,702
miniscule,702
Shazia,702
podiatrist,702
parm,702
wher,702
Parcher,702
non-human,702
sleazebag,702
shamus,702
synths,702
unhurt,702
automaton,702
Belfort,702
Cilla,701
Sinestro,701
dalliance,701
pouches,701
Kaleido,701
booed,701
Thalia,701
tought,701
sell-out,701
interpersonal,701
implicates,701
thatwas,701
unintended,701
Jeffords,701
Evian,701
timings,701
spreadsheets,701
cryptography,701
interacted,701
Corelli,701
Chiara,701
rewinds,701
Hecky,701
dey,701
eek,701
thr,701
needto,701
riflemen,701
junker,701
aethelwulf,701
bidders,701
recognizance,701
spinnin,701
recognising,701
tachy,700
comers,700
soybean,700
Millburn,700
mounties,700
patronise,700
Madhuri,700
Speirs,700
mini-bar,700
Englander,700
genies,700
Skeletor,700
livable,700
ui,700
Cantwell,700
Ern,700
Muhammed,700
maelstrom,700
slackers,700
fon,700
do-it-yourself,700
Orr,700
predicated,700
pausing,700
Gothenburg,700
closures,700
Franklyn,700
chiefly,700
heliport,699
guerra,699
perceives,699
wight,699
Videodrome,699
Manju,699
costumed,699
Thattaboy,699
chucks,699
Mustapha,699
bounties,699
Kauai,699
Shilo,699
miffed,699
kayaking,699
bended,699
intercontinental,699
riesen,699
hermaphrodite,699
ela,699
Yumiko,699
Kettering,699
undid,699
thc,699
Hm-hmm,699
Truro,699
paraphrasing,699
well-read,699
QT,699
smoochy,699
Gellhorn,698
½ö¹,698
totalitarian,698
unlawfully,698
hubcaps,698
majorly,698
obstetrics,698
dollies,698
ghettos,698
goners,698
auditors,698
hares,698
aunties,698
tiffin,698
perjure,698
Norrell,698
meetyou,698
darkhold,698
malo,698
pimpin,698
grata,698
lock-down,698
dulled,698
reforming,698
samosas,698
ñï½ûóãóúéìòµóãí¾,698
Deering,698
bock,698
dollop,697
sorr,697
hardness,697
Minoru,697
undeserving,697
consummation,697
intelligently,697
grassland,697
kids'll,697
Ponton,697
Çü,697
artisans,697
Stahma,697
Lippman,697
ka-ching,697
Colfax,697
moser,697
unusable,697
CHERLENE,697
machinist,697
nettle,697
oscillator,697
Chucho,697
Tyrells,697
Jyn,697
breadwinner,697
Jelena,697
schott,697
bonfires,697
ADHD,697
GAILEY,697
thar,697
Jae-young,697
whatta,696
buffers,696
policia,696
starfighter,696
bogies,696
mcp,696
henrickson,696
genomex,696
Lundegaard,696
photocopies,696
Linn,696
defecate,696
sav,696
mayberry,696
Jorgen,696
guardsman,696
glean,696
bristles,696
redid,696
Rickman,696
digitalis,696
Sallah,696
belter,696
Susu,696
tico,696
Katey,696
Khomeini,696
autonomic,696
é'm,696
Lumpur,696
mange,696
unknowable,696
vacuumed,696
harlequin,695
chrysanthemums,695
Scalise,695
windbreaker,695
Ferragamo,695
Waldman,695
badmouth,695
Mizoguchi,695
nads,695
leering,695
budgie,695
ecclesiastical,695
Birdee,695
friendliest,695
Momoko,695
revenant,695
Minho,695
proclaiming,695
Camile,695
gloriously,695
habitation,695
McKnight,695
Aileen,695
Stilinski,695
Modell,695
Eladio,695
night-vision,695
ejector,695
no-no-no-no,695
anc,695
empowerment,695
Catherina,695
Oct,695
catharsis,695
Carstairs,695
half-empty,695
moneybags,695
yoni,695
interchangeable,694
Connally,694
sano,694
waterhole,694
gynaecologist,694
particulate,694
buckling,694
ahi,694
open-and-shut,694
malaga,694
rrr,694
f-word,694
flyover,694
ficus,694
gratin,694
demolishing,694
Houghton,694
Shivam,694
Brantley,694
cham,694
Arafat,694
Rumi,694
Dignam,694
embellish,694
psychobabble,694
fandango,694
llamas,694
Nagano,694
Hammersley,694
Conlan,694
hedgehogs,694
Aquinas,693
Zanuck,693
Hildi,693
ciel,693
topsy,693
perturbed,693
Methuselah,693
pillaged,693
buffs,693
Whoo-hoo-hoo-hoo,693
halcyon,693
Toye,693
Stockwell,693
observes,693
Mungo,693
Bel-Air,693
bleeders,693
Loew,693
Gav,693
nutrient,693
edged,693
Pignon,693
referencing,693
interrupts,693
torus,693
Deutschland,693
Tsutomu,693
mulatto,693
EOD,693
leggy,693
scarecrows,693
retrofitted,693
coexistence,692
flowered,692
Cortina,692
sourdough,692
tapestries,692
dp,692
résumés,692
Adal,692
dissing,692
Wuthering,692
Goa'ulds,692
Munroe,692
dulce,692
approachable,692
co-operative,692
Santoro,692
Xan,692
Petr,692
cardiomyopathy,692
sketchbook,692
Strang,692
parabolic,692
crit,692
a-a-and,692
goody-goody,692
propofol,692
fx,692
snobbish,691
surefire,691
Dogmatix,691
tumblers,691
duelling,691
Binks,691
capitulate,691
betwixt,691
Osvaldo,691
Taguchi,691
nez,691
decathlon,691
claro,691
avionics,691
Roary,691
Kristofferson,691
broil,691
Okeydoke,691
downsized,691
lk,691
Naidu,691
crasher,691
indemnity,691
Mi-young,691
Basel,691
examiners,691
half-human,691
Nootka,691
Kanzaki,691
Haider,691
G8,690
Danica,690
Grimaldi,690
limbic,690
Gillies,690
fizzle,690
Ledoux,690
Shinzon,690
gizzard,690
Bloomberg,690
stoy,690
exhumation,690
unjustified,690
shanghaied,690
yella,690
expended,690
drachmas,690
C.P.R,690
Varden,690
sabra,690
repopulate,690
Bonney,690
three-man,690
Merriman,690
ÿÿI,690
ransack,690
Costigan,690
finicky,690
comped,690
Setauket,690
Marquette,690
fact-finding,690
liaisons,690
posses,689
metas,689
Antoninus,689
freon,689
congenial,689
Falwell,689
rankings,689
Harlon,689
atten-hut,689
forty-one,689
misplace,689
Krüger,689
mol,689
Adolphe,689
Philomena,689
piss-poor,689
nts,689
liana,689
Vitus,689
super-secret,689
jambalaya,689
Selwyn,689
cock-up,689
Korn,689
Perla,689
laryngitis,689
approximation,689
Cormac,689
pilfering,689
hhm,689
conferring,689
fastidious,689
O-Oh,689
expertly,689
kemosabe,689
Paradiso,689
gonads,689
Monterrey,689
periwinkle,689
scrubbers,689
gloop,689
visibly,689
quarterbacks,688
compasses,688
bullfrog,688
wadi,688
Rosina,688
Shaina,688
submissions,688
Kovar,688
atoll,688
Deakins,688
predisposed,688
100s,688
ofjustice,688
ballplayers,688
ragtag,688
jenga,688
self-doubt,688
nica,688
preventative,688
evidentiary,688
taxman,688
puerta,688
MacNamara,688
Berlioz,688
Frédéric,688
Deerfield,688
midfield,688
hehe,687
diosa,687
Keppler,687
chartreuse,687
harbouring,687
efficacy,687
stakeouts,687
pounced,687
Pankot,687
ineffectual,687
regenerating,687
Virginian,687
projectors,687
Murata,687
did'nt,687
Kochi,687
resourcefulness,687
incantations,687
rathore,687
Kurtis,687
swoosh,687
detested,687
Dilbert,687
shrugged,687
dishonorably,687
posies,687
double-edged,687
Medicis,687
navidad,687
Gisela,687
Kleinman,687
ideologies,687
life-long,686
Shingo,686
sabres,686
taverns,686
ever-changing,686
Jung-sook,686
coño,686
quicken,686
puritans,686
beeline,686
grump,686
pish,686
valerian,686
anti-American,686
Akbari,686
pixel,686
wantonly,686
Suzanna,686
veered,686
wich,686
housekeepers,686
yo-ho,686
soybeans,686
consonant,686
Kakarrot,686
linz,686
Shonali,686
pander,686
inns,686
Tommie,686
representations,686
liners,686
Septimus,686
froot,686
shia,686
empathetic,686
Concetta,685
Loire,685
paparazzo,685
oblique,685
porque,685
adamantium,685
loofah,685
breastplate,685
laboeuf,685
statesmen,685
laing,685
sotto,685
grower,685
shrubbery,685
faze,685
gardenia,685
Westbrook,685
stoners,685
Vikki,685
Seska,685
Narns,685
Parnassus,685
jabbing,685
Avni,685
exsanguination,685
canker,685
Dickerson,685
swum,684
dreadnought,684
wordplay,684
cockerel,684
why've,684
Young-hoon,684
coons,684
bendy,684
Vikas,684
Shibata,684
utensil,684
depletion,684
Morningside,684
Chie,684
brews,684
Baudelaires,684
Saori,684
highborn,684
ifthat,684
Zhenya,684
ubiquitous,684
porthole,684
spirals,684
ganda,684
overcrowding,684
vx,684
lecher,684
organizes,684
cuttings,684
Oceania,684
Shahir,684
milieu,684
advocated,684
advocacy,684
pervs,683
Anthea,683
Bruni,683
Bretton,683
Seki,683
splicing,683
Bittu,683
out-of-state,683
Talley,683
Felder,683
chook,683
Winton,683
go-kart,683
annuity,683
aÉÉ,683
asystole,683
miscreant,683
strangles,683
projectiles,683
Sheetal,683
skillfully,683
collectibles,683
redder,683
sant,683
McCallum,683
wildness,683
maar,683
elms,683
mired,683
interferon,683
sabe,683
Suzi,683
V3,683
Ken-ichi,683
forgettable,683
Newgate,683
Piaf,683
Souza,683
shafted,683
Byam,683
coastguard,683
screenings,682
beav,682
quieres,682
ding-a-ling,682
Jasmin,682
automation,682
Weatherby,682
yourwife,682
bestial,682
bork,682
king-size,682
Masseria,682
moley,682
publicize,682
houseguests,682
Thomason,682
revved,682
heighten,682
earlobes,682
toting,682
deign,682
reassembled,682
newberry,682
wildflowers,682
fisheries,682
Benedetto,682
Usman,682
Rashad,682
jugglers,682
Chloé,682
fizzing,682
strum,681
epithelials,681
hrt,681
scoliosis,681
Haskins,681
saluted,681
Despereaux,681
Kawalsky,681
Kens,681
janitorial,681
waked,681
chapstick,681
d'oeuvre,681
no-win,681
crackdown,681
freeloader,681
Winehouse,681
oopsie,681
replaying,681
subversion,681
liquefied,681
Corabeth,681
promoters,681
scrutinized,681
listless,680
bushido,680
well-built,680
Petar,680
encircled,680
Pandu,680
consolidating,680
Jada,680
culled,680
Giuliani,680
mollusk,680
Sainsbury,680
ménage,680
pithy,680
whoah,680
hikes,680
bellyache,680
all-day,680
Gascoigne,680
nationalities,680
Guangdong,680
schlep,680
gona,680
Burlington,680
Truffaut,680
dass,680
Weems,680
frisked,680
connector,680
cuatro,680
Puckett,680
Ithink,680
Stuyvesant,680
cashew,680
footy,680
Furio,680
retinas,679
pedantic,679
Ottway,679
alls,679
Malekith,679
uncaring,679
hawker,679
Luxor,679
cadre,679
Brigid,679
vagabonds,679
fou,679
materialism,679
Kaminsky,679
smoothest,679
mucky,679
rambler,679
garçon,679
palomino,679
faggy,679
chandramukhi,679
blushed,679
legionnaires,679
overextended,679
embellished,679
grannies,679
nagila,679
soylent,679
resonating,679
Faraj,679
recharged,679
Fogarty,678
granddaughters,678
bossa,678
aggregate,678
testes,678
Windermere,678
Zor-El,678
amass,678
brrr,678
biographer,678
haber,678
vac,678
jinkies,678
Rucker,678
corvus,678
Slava,678
Meachum,678
ironworks,678
hardheaded,678
dragoons,678
deformities,678
kilogram,678
Eldorado,678
PB,678
Charon,678
revolved,678
time-travel,678
Metin,678
5o,677
eight-hour,677
Kazuya,677
sheared,677
Woodsboro,677
frankincense,677
Pugh,677
inaugurate,677
Donal,677
m3,677
chacha,677
Janne,677
easy-peasy,677
fifty-seven,677
chika,677
Shukla,677
Aslaug,677
epsom,677
cheval,677
corolla,677
desperado,677
pender,677
delle,677
youngblood,677
cannonballs,677
arugula,677
veracity,676
retaliated,676
extorted,676
Platz,676
scamper,676
Diwan,676
Igraine,676
simmering,676
dir,676
paced,676
Fubuki,676
communique,676
copulation,676
recurrence,676
Langly,676
Rigoletto,676
bootlegging,676
all-state,676
perplexing,676
bouillabaisse,676
Kinko,676
accolades,676
riff-raff,676
brutalized,676
barbiturates,676
Eudora,676
Ardennes,676
Joana,676
averse,676
madan,676
jitterbug,676
figgy,676
mitral,676
Cervantes,676
vestibule,676
whizz,676
xiong,676
parachuted,676
endorsing,676
Briseis,675
game-changer,675
someones,675
examines,675
god-damn,675
Balagan,675
pooled,675
Safinia,675
prompting,675
semifinal,675
trussed,675
Brainerd,675
Dunhill,675
Lenihan,675
signori,675
carbohydrates,675
Tarsus,675
Hinkley,675
exported,675
Strangways,675
Fauntleroy,675
Tragg,675
jellybean,675
Derevko,675
Aaaaaaah,675
trimmer,675
Blankenship,675
deviants,675
prosecutions,675
Hastinapur,675
Deadpool,675
environmentalist,675
overbooked,675
wilf,675
Kovic,675
reflector,675
rationed,675
catskills,675
Hertfordshire,675
myocardial,674
steppes,674
shill,674
sweepers,674
overlooks,674
thermodynamics,674
sietch,674
augmented,674
heavy-handed,674
Dominicans,674
immutable,674
Daren,674
Vitali,674
chi-chi,674
hob,674
orchestration,674
firs,674
bt,674
Barnhardt,674
marred,674
inhumanity,674
dachshund,674
Evita,674
F.B.l,674
loyally,674
Tivoli,674
benadryl,674
deliberating,673
drive-thru,673
aficionado,673
canons,673
Stillwell,673
banyan,673
Tropez,673
Yuichi,673
warbler,673
blabbed,673
Sumida,673
ingles,673
megahertz,673
ensue,673
yearbooks,673
sleepwalker,673
scapula,673
hoh,673
fluoride,673
Nickerson,673
unfocused,673
Urca,673
pistachios,673
three-quarter,673
whereof,673
Ellingham,673
counseled,673
Barty,673
firmer,673
Nadja,673
snipped,673
sought-after,673
Nomura,673
Mikami,673
Honoria,673
hairdressing,673
playthings,673
o-negative,672
unexploded,672
slocum,672
barneys,672
Tiber,672
excavator,672
weird-looking,672
committal,672
awakes,672
Sarang,672
Toole,672
Zeuthen,672
Publius,672
ranveer,672
maturing,672
Damocles,672
Veronique,672
Shota,672
Danby,672
50k,672
Jasira,672
panzers,672
quantify,672
Shiring,672
parallax,672
Miramar,672
nacelle,672
butted,672
Saeed,672
nur,672
corneas,672
prig,672
azalea,672
Savi,672
chicken-shit,671
Dalby,671
hellhound,671
manipulates,671
third-class,671
catalogues,671
Sisyphus,671
sprints,671
caboodle,671
Stéphanie,671
Tendulkar,671
creepier,671
apa,671
silhouettes,671
Prussians,671
Eurasia,671
sodomized,671
Punta,671
neb,671
confrontations,671
fifty-eight,671
miscreants,671
counterpoint,671
extracts,671
Fermat,671
soba,671
ecosystems,671
Arert,671
overdrawn,671
Toya,671
squelch,671
Mido,671
sabes,671
bellyaching,671
photosynthesis,671
crimp,671
motherboard,671
ofall,671
Deniz,671
Quinton,670
Tottenham,670
tableau,670
patrolmen,670
loners,670
Jaqobis,670
Rashmi,670
misogynistic,670
Moldova,670
kanin,670
extractor,670
rove,670
sufferers,670
evocative,670
subroutine,670
pinochle,670
criminality,670
flanked,670
U.F.O,670
pissin,670
self-image,670
trade-off,670
arbitrarily,670
blipping,670
Garson,670
belles,670
carbon-based,670
forefinger,670
P.K,670
repulse,670
underhand,670
three-and-a-half,670
anybody'd,670
rescuer,670
hackney,670
Akima,670
eroticism,669
totality,669
Anais,669
debonair,669
burbs,669
Sturgis,669
postmarked,669
Darrel,669
O-2,669
Bostick,669
headboard,669
Larabee,669
Grandier,669
yarmulke,669
grandstand,669
down-low,669
satanists,669
Adria,669
guardhouse,669
hissy,669
2pm,669
dinar,669
Meggy,669
dram,669
esplanade,669
Avinash,669
bookshelves,669
catchers,669
yoυr,669
depositing,669
low-tech,669
Stephano,669
jamba,669
Teena,669
Swoff,669
corresponded,669
shrouds,669
Iguchi,669
culpability,669
do-gooders,668
Helmand,668
cokehead,668
tanking,668
cancan,668
unproven,668
Leeza,668
taffeta,668
adjuster,668
Kapitän,668
lenders,668
peerless,668
blowhole,668
pom-poms,668
ba-da,668
Slimane,668
faltering,668
voice-activated,668
courtier,668
Panem,668
Darien,668
heroines,668
orator,668
transcended,668
eclipsed,668
copacetic,668
Broflovski,668
raggedly,668
quarrelled,668
Athenians,668
mafioso,668
Thadeous,668
tamale,668
suckin,668
Lian-Chu,668
bluster,668
antigen,668
nerf,667
tics,667
Yuna,667
Marga,667
someone'll,667
outwitted,667
methodically,667
insofar,667
clusterfuck,667
mumbled,667
liquorice,667
Biederman,667
lavage,667
triangulated,667
dogshit,667
spoof,667
readying,667
baklava,667
paradoxical,667
Kotobuki,667
adulation,667
shuffleboard,667
brigand,667
Foshan,667
valise,667
ast,667
unmade,667
effusion,667
glitters,667
Nobuko,667
concluding,667
Ipkiss,667
Wingate,667
shell-shocked,666
Yoshimura,666
Backson,666
overcompensating,666
Palais,666
Tromaville,666
zou,666
Jamarcus,666
solidify,666
oyez,666
knockdown,666
eins,666
Balon,666
Uhhuh,666
tryin'to,666
Christer,666
Malmö,666
McBeal,666
bunions,666
fibula,666
Creedence,666
transverse,666
Nihal,666
four-leaf,666
baste,666
F.D.A,666
Qui-Gon,666
penalized,666
wiggy,666
Nisa,666
pallets,666
denials,665
injurious,665
Jiu,665
kooks,665
Loggins,665
glutes,665
hydrangeas,665
cautioned,665
Rumpelstiltskin,665
Mertz,665
smoothed,665
facetious,665
breathlessly,665
doritos,665
Young-ju,665
Hayakawa,665
five-0,665
fetishes,665
entombed,665
Riki,665
analyses,665
Maybourne,665
Tunney,665
Suleiman,665
spore,665
rotisserie,665
cuteness,665
cush,665
squiggly,665
practitioners,665
Dieyi,665
Campari,665
phasing,665
lacquer,665
Mahmut,665
sif,665
passerby,665
Belleville,665
Koreatown,664
Maeda,664
skyrocketed,664
46th,664
whaa,664
boxtrolls,664
hobbitses,664
unpatriotic,664
five-dollar,664
Trujillo,664
tacs,664
self-sustaining,664
pelicans,664
one-tenth,664
teases,664
Blakeney,664
lakewood,664
D'Arcy,664
riko,664
preordained,664
firmness,664
Coby,664
glow-in-the-dark,664
belfry,664
Kazakh,664
guvnor,664
rubbery,664
Jeliza-Rose,664
banded,664
metadata,664
deluding,664
Poldi,664
oom,664
aleikum,664
Raffi,663
heer,663
Pernille,663
9-millimeter,663
Chani,663
Kean,663
entertains,663
counterfeiter,663
Lundgren,663
Zohan,663
komm,663
a...a,663
mainwaring,663
Buckman,663
Pandavas,663
Poonam,663
Golda,663
crux,663
civvies,663
Claud,663
binders,663
Jeppe,663
Harrods,663
reconfigured,663
ov,663
adapter,663
Sewell,663
prady,663
curable,663
Josefina,663
No.I,663
you'rejust,663
Tector,662
accredited,662
clubber,662
righ,662
McHugh,662
Grisham,662
soc,662
racehorses,662
upshot,662
baronet,662
sunbeam,662
feckin,662
chancellery,662
Akari,662
parlance,662
Winn-Dixie,662
notte,662
braved,662
liquored,662
linchpin,662
crawlspace,662
atcu,662
recharging,662
unpublished,662
Talbott,662
nauseated,662
Valois,662
whitelighter,662
Raghav,662
kickball,662
stigmata,662
plastique,662
urethra,662
Emelia,662
Vuk,662
fallopian,662
buoyant,662
dic,662
safeguarding,662
inwards,662
someway,662
Millman,662
Ji-won,662
sleuth,662
weak-ass,662
criss,662
motorists,662
oho,661
Ranjan,661
Sadiki,661
DCFS,661
Min-jae,661
Wu-Tang,661
thoughtyou,661
subsidize,661
PVC,661
reuniting,661
yhe,661
udon,661
procurator,661
Davison,661
orm,661
Eris,661
raki,661
Izzi,661
schoolmate,661
tuckered,661
millisecond,661
53rd,661
Illyria,661
trappers,661
Saltzman,661
gangbusters,661
tattle,661
Myanmar,661
Mahir,661
scorcher,661
Oxley,661
expelling,661
pathos,661
politic,661
allegory,661
wwe,661
beefcake,661
life-saving,661
deceptively,661
silica,661
detriment,661
cede,660
sRtFeVeR,660
halal,660
hydroponics,660
fanned,660
eighth-grade,660
interdimensional,660
upper-class,660
Anse,660
dwellings,660
Polynesia,660
testimonials,660
no-account,660
posthumously,660
Fredricksen,660
banknotes,660
sacristy,660
zinger,660
Huttese,660
Rasheed,660
Rayden,660
stretchers,660
overtures,660
fieldwork,660
evildoers,660
Doraemon,660
patrón,660
ironborn,660
Patchi,660
oin,660
Pepito,660
breathin,660
getty,660
Teodoro,660
Moussa,660
bl,660
banque,660
desiring,660
teletype,660
Ya-hoo,660
ECG,660
fullback,660
we'r,660
condoning,660
Carrigan,660
hatchlings,660
coveralls,660
Fuser,660
lnternational,660
Altobello,660
comedic,660
ta-dah,659
simpatico,659
partnering,659
Ostia,659
Tei,659
garcon,659
nagai,659
50-foot,659
layouts,659
tippin,659
privatization,659
mouldy,659
Asako,659
thornfield,659
solidly,659
Sichuan,659
mva,659
Wadsworth,659
re-evaluate,659
dixieland,659
aight,659
corks,659
amassing,659
51st,659
cloak-and-dagger,659
w-who,659
0ur,659
Planck,659
kil,659
freeloaders,659
Everwood,659
4x4,659
Chomsky,659
abusers,659
Kingo,658
shout-out,658
ring-bearer,658
4pm,658
Frenchies,658
contradicted,658
dib,658
patty-cake,658
QRF,658
Werther,658
Okwe,658
strata,658
scalpels,658
reaped,658
tactically,658
kaffir,658
Kazuma,658
brainwave,658
Soraya,658
unsolvable,658
hot-air,658
lfyou,658
brainchild,658
sorrel,658
brewers,658
naquadria,658
Adnan,658
settin,658
orchestrating,658
anti-government,658
storied,658
litany,658
Ryang,658
Bek,658
zat,658
steamroller,658
cassock,658
ream,657
taboos,657
Rada,657
coincided,657
slurpee,657
conman,657
Sikhs,657
B-52,657
Qureshi,657
exorcisms,657
expansive,657
lune,657
Medfield,657
frustrate,657
kid'll,657
Lowen,657
Balan,657
Yukari,657
conceals,657
innovator,657
hama,657
one-stop,657
Kiyomi,657
Shlomo,657
additive,657
Akhenaten,657
fatigues,656
urinated,656
interventions,656
bauble,656
dales,656
chives,656
correlate,656
bagpipe,656
marksmen,656
dissension,656
fugly,656
semis,656
eight-ball,656
Bonneville,656
Benoît,656
deflection,656
wilful,656
wakeup,656
diorama,656
Mancha,656
daimyo,656
monastic,656
Yee-hah,656
Keefer,656
Brest,656
teak,656
sixty-four,656
disheartened,656
footpath,656
lengthen,656
stargates,656
Pomeroy,656
dishing,656
Mironov,656
Vallarta,656
Eragon,656
relegated,656
embarassing,655
Dube,655
Bluntman,655
nooks,655
scuffling,655
modulation,655
Brunson,655
Nuño,655
radiological,655
Stirlitz,655
Stromberg,655
pontoon,655
descriptive,655
swirls,655
Shh-shh-shh,655
Patrizia,655
sooraj,655
roomies,655
one-track,655
mock-up,655
serling,655
Carmilla,655
F.B,655
rojo,655
xenon,655
grappa,655
Turkana,655
teats,655
earls,655
Lorie,655
personage,655
headlock,655
l-l-I,655
Montevideo,655
ipods,655
Bothwell,655
Kempeitai,655
embryonic,654
nears,654
assuage,654
Vidocq,654
man-hours,654
lechery,654
sloop,654
overrides,654
iman,654
Vyvyan,654
kegger,654
Gnaghi,654
Neill,654
jeffery,654
Foucault,654
stroganoff,654
spongy,654
Yvan,654
auto-destruct,654
Meinheimer,654
ohhhhh,654
cyclists,654
egged,654
swimmin,654
sundial,654
stabilised,654
Nessie,654
boosts,654
WYLDSTYLE,654
betrayals,654
supermen,654
bandleader,654
sampler,654
instrumentation,654
balsamic,654
Mitsubishi,654
Gunga,654
imperialists,654
resenting,654
hangings,654
Karna,654
straight-A,653
vve,653
Campbells,653
dry-cleaned,653
six-hour,653
dryers,653
Jervis,653
highwayman,653
bared,653
scotches,653
Panamanian,653
dreadlocks,653
foray,653
showoff,653
tiene,653
Murli,653
seeped,653
Cragen,653
patronising,653
antler,653
straddling,653
super-hot,653
helms,653
idolize,653
hobble,653
Idon,653
heralds,653
ribcage,653
narcolepsy,653
unadulterated,653
supervisory,653
divisional,653
Pvt,653
personable,653
antidepressant,653
flicked,652
scalded,652
Redfield,652
Frou,652
bunghole,652
broncos,652
alternatively,652
Manassas,652
trespassed,652
Bors,652
aus,652
thls,652
hearyou,652
neuroscience,652
kt,652
dishonoured,652
happ,652
oooooh,652
incisors,652
cackle,652
barbies,652
stilettos,652
jack-in-the-box,652
Hiyah,652
workouts,652
pinter,652
ploughing,652
idiom,652
sunbathe,652
McTavish,652
appy,652
ils,652
minuet,652
coladas,652
life-and-death,652
kandinsky,652
berserker,652
warmers,651
tumultuous,651
wristbands,651
grays,651
delegated,651
2am,651
hrs,651
varmints,651
petticoats,651
waded,651
bawdy,651
behind-the-scenes,651
reconnecting,651
lookat,651
pumpernickel,651
confining,651
labeling,651
quickens,651
tic-tac,651
foundling,651
forewarned,651
ple,651
furtive,651
mid-term,651
robbery-homicide,651
Nishimiya,651
studded,651
Lexy,651
milliseconds,651
Mackenna,651
vid,651
Kurokawa,651
Zhengwo,651
coldplay,651
Alpert,651
Blackbriar,650
wistful,650
Gilberto,650
domicile,650
Kiowa,650
Sunnyside,650
Shakur,650
rf,650
Mangal,650
matzo,650
Sameera,650
monogrammed,650
6pm,650
Zalman,650
Pauley,650
straights,650
choker,650
sixty-three,650
Trumbull,650
Seger,650
offs,650
recitation,650
Agrippina,650
Ferraro,650
something-something,650
Ubba,650
oughtta,650
primitives,650
unopposed,650
nagged,650
tariff,650
Hughie,650
grifters,650
kingship,650
abetted,650
Myer,650
n-nothing,650
swampy,650
supercar,650
siphoned,650
Fabien,650
gsa,650
VSI,650
2b,650
Dessie,650
buffoons,649
averaging,649
Glatt,649
hallucinated,649
poli,649
stringent,649
Lozano,649
penile,649
Alessandra,649
Feinberg,649
clovers,649
sixty-two,649
Wuji,649
Altmann,649
epidemics,649
webbing,649
Inder,649
dragonballs,649
Podnapisi.NET,649
freefall,649
Callan,649
busty,649
ding-ding,649
Elmyr,649
Adèle,649
fortuneteller,649
sniffle,649
ZBZ,649
accorded,649
A.D.D,649
Notting,649
oflife,649
Cathleen,649
Cronin,649
cacophony,649
soapbox,649
supplementary,649
Betelgeuse,649
seacrest,649
multiples,649
one-shot,649
half-full,649
Finnerty,649
ej,648
cortisol,648
rainforests,648
diagnoses,648
fouls,648
capillaries,648
Kallie,648
stomps,648
capp,648
franca,648
Autolycus,648
ATC,648
Yousef,648
declines,648
hindered,648
hideouts,648
face-lift,648
Ji-hwan,648
orientals,648
nohow,648
contractual,648
storks,648
rivalries,648
overstayed,648
Sekou,648
Unicron,648
unbelievers,648
headsets,648
servo,648
meagre,648
stranglehold,648
onscreen,648
people'll,648
adonai,648
yew,648
Projet-SG,648
Rutger,648
gluing,648
scabby,648
slated,648
Abdi,648
pre-emptive,648
unleashes,648
screamers,648
fornicator,648
McNair,648
Mantua,648
bushels,647
four-eyed,647
enhancements,647
befits,647
workspace,647
Ravan,647
Vandenberg,647
norte,647
Young-min,647
gemstone,647
instigator,647
Luli,647
petechial,647
uninspired,647
out-of-date,647
seeps,647
creases,647
get'em,647
hand-me-downs,647
haben,647
wheres,647
Tatooine,647
Maseo,647
consumerism,647
THX,647
sumi,647
bewildering,647
t-the,647
repentant,647
dampers,647
restructure,647
baffles,647
Rolando,647
l'amour,647
up-and-up,647
Trillian,647
bris,647
Soran,646
Morwenna,646
well-rounded,646
chocolat,646
greasing,646
eaves,646
three-minute,646
Napoleonic,646
hetman,646
saris,646
surveil,646
Putney,646
Silvano,646
hairpiece,646
elke,646
hallucinogen,646
outgrew,646
unflattering,646
aboutyour,646
Arlette,646
cartouche,646
flat-screen,646
beefed,646
Suliman,646
goodjob,646
snakebite,646
southerly,646
reclaiming,646
polyps,646
Petrova,646
entitle,646
intensifying,645
endangers,645
Soo-jin,645
Joshy,645
gazillion,645
contaminants,645
barbecuing,645
Evolet,645
tgs,645
encyclopedias,645
papá,645
Ulises,645
Jong-il,645
unhelpful,645
Rojos,645
outrageously,645
speedometer,645
reshape,645
Gretta,645
retracing,645
Sahai,645
Castel,645
Nazca,645
galleria,645
Alvis,645
slimeball,645
round-up,645
Joubert,645
disenfranchised,645
Arianna,645
Chavo,645
Gama,645
Tutankhamun,645
purposeful,645
angers,645
cascading,644
Talby,644
searchlight,644
Bastien,644
predictive,644
venal,644
Turley,644
Kaffee,644
Tomainia,644
Shira,644
kadam,644
mores,644
frito,644
Brüno,644
nonviolence,644
Sarita,644
stiffy,644
Dryland,644
neuter,644
Valar,644
torturous,644
meerkats,644
Ker-rah,644
gayest,644
apeshit,644
stratagem,644
hearties,644
Kamiya,644
surmised,644
Young-shin,644
pummeled,644
undersigned,644
taper,644
catch-22,644
esa,644
dookie,644
bundt,644
waterway,644
Mabry,644
scant,643
jumped-up,643
Colter,643
Humma,643
caped,643
repealed,643
gung-ho,643
Azusa,643
burbage,643
ferociously,643
Magrathea,643
Balki,643
ciudad,643
Anglia,643
imprints,643
speeder,643
Tiago,643
Rustom,643
voicemails,643
affraid,643
excels,643
one-one,643
Sellars,643
Mekong,643
cocoons,643
feuding,643
Burk,643
Yashida,643
cowell,643
burris,643
Oenomaus,643
hullabaloo,643
tasers,643
young'uns,643
pecked,643
truncheon,643
Wada,642
skulk,642
batons,642
ofme,642
zanzibar,642
conquistador,642
roadrunner,642
Omnitrix,642
afterthought,642
skelter,642
florin,642
lippy,642
reanimation,642
Mieke,642
rendez-vous,642
mellowed,642
Nardo,642
Jolson,642
Chato,642
four-door,642
intruded,642
superglue,642
commuting,642
bodes,642
Ultraman,642
miny,642
squirted,642
Nakagawa,642
Martinelli,642
Lisi,642
mustered,642
bonbons,642
expeditionary,641
öèëid,641
minstrels,641
bigots,641
yosef,641
Trudeau,641
tatanka,641
full-length,641
resell,641
guy'll,641
Gloriana,641
opposable,641
Kimberley,641
Seale,641
yabu,641
SFPD,641
Katagiri,641
hanim,641
grabby,641
Hauk,641
Staci,641
Dharam,641
enclose,641
corazón,641
xx,641
sods,641
Yzma,641
d'état,641
vivacious,641
Ogawa,641
saku,641
commonality,641
nondescript,641
sapling,640
faeces,640
tek,640
Rockhound,640
problema,640
posers,640
Lodi,640
Zaya,640
Robbo,640
ita,640
Matterhorn,640
short-circuit,640
mete,640
parfait,640
Carli,640
interchange,640
staircases,640
earthbound,640
Eurasian,640
earthman,640
Bleek,640
lionesses,640
J1,640
neutralised,640
Sciuto,640
repressive,640
Arial,640
fraternities,640
Guthred,640
ninety-two,640
urinals,640
briefest,640
Krabs,640
bigmouth,640
tarred,640
Hip-hip,640
three-eyed,640
snivelling,640
ons,640
Abbi,640
eclipses,640
leapfrog,640
defectors,640
Maribel,640
spliced,639
Galan,639
reacquainted,639
CouIdn't,639
pinkertons,639
orbiter,639
Reddick,639
mixers,639
zeller,639
celluloid,639
whalers,639
behinds,639
sprawled,639
hemi,639
toggle,639
preservatives,639
Evanston,639
willet,639
Belial,639
legible,639
whatareyou,639
quai,639
Cristiano,639
lind,639
Goh,639
redesigned,639
Brigance,639
squeaker,639
pre-war,639
coming-out,639
Capeside,639
belli,639
neuroses,639
feigning,639
democratically,639
bellyful,639
Stilton,639
lumière,639
Murch,639
Haman,638
demographics,638
drudgery,638
bitters,638
perspiring,638
Shura,638
vann,638
tertiary,638
Cregg,638
misshapen,638
illuminates,638
Kamino,638
liquefy,638
Mi-poong,638
Carnaby,638
hotbed,638
Maximo,638
Aurore,638
paupers,638
caiman,638
penitence,638
cooperates,638
externally,638
rivet,638
quinceañera,638
alaykum,638
Kerim,638
vermillion,638
jenni,638
instalment,638
betsey,638
recast,638
fume,638
Xiaowei,638
homophobe,638
Zina,638
shoplift,638
melodious,638
Rock-a-bye,638
psh,637
Hackman,637
Hudgens,637
E.M,637
Walsingham,637
power-up,637
amiga,637
talkers,637
salesperson,637
altars,637
romanticism,637
post-its,637
zag,637
Suellen,637
facilitating,637
galleon,637
Stoller,637
glisten,637
letyou,637
u-haul,637
Khushi,637
materialized,637
soonest,637
guffaws,637
impulsively,637
rears,637
Zapp,637
hermanos,637
solider,637
taiga,637
t-this,637
fraternize,637
Daryll,637
Gummer,637
housebroken,637
deepens,636
sextant,636
stopover,636
evaporating,636
cerebellum,636
wiretapping,636
Witten,636
Tsu'tey,636
Lehmann,636
Gora,636
Kamil,636
lfl,636
pitch-black,636
fave,636
Fantomas,636
proxima,636
4400s,636
aligning,636
implausible,636
whatyou're,636
theorize,636
snags,636
bookmaking,636
curate,636
impresario,636
v-8,636
Newland,636
Elsbeth,636
Langton,636
comebacks,636
mutes,636
miscavige,636
KP,636
madrigal,636
Raglan,636
baying,636
signpost,636
heat-seeking,636
Preminger,636
refurbished,636
Toffler,636
carefull,636
quash,636
PX,636
middling,636
quarks,636
butterball,636
Haddad,636
embed,636
Ingeborg,636
roughness,635
bludgeon,635
Clermont,635
Xiaolou,635
pirating,635
disorienting,635
Yello,635
Komal,635
white-haired,635
Nicholls,635
Konnichiwa,635
parochial,635
Averill,635
Tso,635
slouching,635
Cronus,635
life-size,635
snowmen,635
Ah-ha-ha,635
meddlesome,635
domini,635
fissures,635
blacken,635
Mishka,635
methanol,635
randomness,635
diagonally,635
nerv,635
oolong,635
Manfredi,635
arachnid,635
calla,635
class-a,635
absorbent,635
Gillingham,635
Ahhhhhh,635
Nightrider,635
Wiltshire,635
breastfeed,635
Hathor,635
Pabst,635
inky,634
nitroglycerine,634
odorless,634
cornucopia,634
Schwarz,634
shitbird,634
overstating,634
wavered,634
daiquiris,634
transwarp,634
factored,634
dividend,634
pornographer,634
squashing,634
Madoka,634
badder,634
wilby,634
Goodyear,634
Haggerty,634
amex,634
Annabella,634
jumpsuits,634
when'll,634
footballs,634
fps,634
mamá,634
indomitable,634
emphatic,634
slats,634
knowthe,634
gleaned,634
incalculable,634
Misao,634
zoology,634
Kamekona,634
C.M,634
classically,634
tums,634
beckon,633
marginalized,633
dixit,633
coriander,633
respectively,633
Uppsala,633
Wyman,633
sierras,633
blouses,633
perimeters,633
pretrial,633
Zulus,633
NAACP,633
annexed,633
hg,633
disused,633
bat-shit,633
GROWLlNG,633
off-book,633
Vostok,633
skirmishes,633
Shalu,633
shallots,633
dripped,633
hummingbirds,633
ino,633
Qatar,633
Iscariot,633
Vivek,633
Kash,633
a.k,633
envies,633
wracked,633
Pretoria,633
lobbied,633
yesterdays,633
commandeering,633
hollowed,633
Nimmo,632
Alcott,632
sublevel,632
negatory,632
climactic,632
beetroot,632
rear-ended,632
befell,632
Mintz,632
hairdryer,632
arcs,632
Kilowog,632
Tomlin,632
roughnecks,632
one-two-three,632
Brigante,632
immobilize,632
regulates,632
pimento,632
lollypop,632
nutritionist,632
encircle,632
settler,632
paradoxes,632
chaperoning,632
slags,632
proctologist,632
pronoun,632
Moti,632
Sena,632
bubbe,632
broadly,631
chieftains,631
ì,631
fidget,631
defaced,631
Miyu,631
cross-dressing,631
pythons,631
conscription,631
Waxman,631
blah-blah,631
vespers,631
Pradesh,631
starlog,631
Chuan,631
senility,631
Algy,631
ludes,631
gravestones,631
Hammett,631
Velez,631
thunderhead,631
colorless,631
facelift,631
Waingro,631
throb,631
stormtroopers,631
1900s,630
mosquitos,630
radon,630
encode,630
circe,630
larks,630
Gujarat,630
erogenous,630
mobilise,630
Fernandes,630
open-ended,630
Bhaijaan,630
painlessly,630
Andalusia,630
peaky,630
decisively,630
Ninotchka,630
Jaffar,630
trou,630
legacies,630
Whitworth,630
she-wolf,630
skouris,630
non-violence,630
loiter,630
closeted,630
Tauriel,630
grosse,629
Calabria,629
Keck,629
Arcee,629
100k,629
CCA,629
sasa,629
F.Y.I,629
kaan,629
vaatu,629
backhoe,629
drc,629
McCullen,629
Winstone,629
Morgul,629
irises,629
Pemberley,629
resettlement,629
Harrenhal,629
finches,629
broad-minded,629
Grumio,629
campaigned,629
watermark,629
tardes,629
preclude,629
utopium,629
Wasim,629
gestation,629
suru,629
biographies,629
imposters,629
north-south,629
carburettor,629
hedging,629
herbivores,629
conquistadors,629
high-velocity,629
bedpans,628
markup,628
Kofi,628
obi,628
gatlin,628
cop-out,628
dilettante,628
transcendental,628
l-l-l,628
can-do,628
fuckwit,628
a-coming,628
six-figure,628
Wooley,628
unbuttoned,628
Warne,628
stoning,628
roos,628
manic-depressive,628
Zooni,628
scribes,628
Severnaya,628
spurn,628
Augh,628
Ammar,628
Chaco,628
Junius,628
Brenna,628
b613,628
unassuming,628
Magnussen,628
spacey,628
Al-Saleem,628
Nadal,628
Oberoi,628
Misako,628
neutralizing,628
whoa-oa,628
NOPD,628
rectified,628
concussed,628
salutation,628
zz,627
Pizarro,627
Durotan,627
nandi,627
Sitwell,627
sippy,627
benediction,627
segundo,627
Rikako,627
backstabber,627
self-improvement,627
Suwa,627
achy,627
preparatory,627
shoji,627
teepee,627
mind-control,627
sortie,627
cull,627
poorhouse,627
Perlman,627
mani-pedi,627
Abruzzi,627
Caen,627
lentil,627
biatch,627
youi,627
Ayothaya,627
Ramanujan,627
Zohra,627
Ferro,627
unos,627
grouper,627
evangelist,626
Craddock,626
ELMONT,626
bruins,626
reseda,626
Bugatti,626
MKV,626
Neuville,626
Whitby,626
Renai,626
court-ordered,626
Takao,626
glandular,626
Jacinta,626
stubbornly,626
pitty,626
roadster,626
skyrocket,626
Aarti,626
Giordano,626
prospectors,626
quel,626
riskier,626
Dewar,626
five-time,626
Abla,626
roundhouse,626
counsellors,626
honouring,626
hmm-mm,626
Reshma,626
n'est,626
Matei,626
transfunctioner,626
hydroelectric,626
rote,626
transcendence,626
ninety-seven,626
yips,626
sloping,626
Chowk,626
creepin,625
zsa,625
parkour,625
Olek,625
poofs,625
Iloveyou,625
coped,625
MICHAELANGELO,625
curlers,625
Celina,625
D'Urberville,625
Allnut,625
taskforce,625
regatta,625
boastful,625
Seagal,625
DDT,625
indeterminate,625
subdivision,625
mainsail,625
vestal,625
you-you-you,625
ageless,625
re-examine,625
Puccini,625
two-five,625
geiss,625
Yeogu,625
Shanaya,625
gardenias,625
fundamentalists,625
Urkel,625
calmness,625
cessation,625
sacs,625
swindlers,625
Speltzer,624
cashews,624
decibels,624
day-old,624
electromagnetism,624
half-ass,624
Semak,624
followin,624
Mochizuki,624
harmonics,624
inserts,624
allocate,624
carnaval,624
blobs,624
clamour,624
Kinoshita,624
bozxphd,624
half-man,624
49th,624
vehemently,624
h-hello,624
Tarkovsky,624
Arkin,624
configured,624
light-skinned,624
Alejandra,624
Vagn,624
visionaries,624
incapacitate,624
Martius,624
eew,624
introverted,624
defecting,624
heared,624
white-hot,624
DeVille,624
Isao,624
Raksha,624
sekai,624
machi,624
meatlug,624
lemond,624
Rosales,624
usain,623
kha,623
begum,623
thesaurus,623
fire-breathing,623
infiltrators,623
verdicts,623
darkie,623
geta,623
A.T.F,623
Johana,623
X-File,623
rel,623
courageously,623
intricacies,623
repossess,623
defrauded,623
th-they,623
talus,623
Loic,623
layaway,623
Plainview,623
12-step,623
biden,623
zings,623
Bjørn,623
restoreth,623
Birnam,623
anaesthesia,623
Kiley,623
summerhouse,623
Banksy,623
activism,623
Yagyuu,623
stances,623
comely,623
goonies,622
fermentation,622
Draupadi,622
Blart,622
megalomaniac,622
loath,622
Zuma,622
abate,622
acetylene,622
metaphysics,622
unsinkable,622
Mariette,622
Taz,622
Chatur,622
anti-Semite,622
scabbard,622
clotted,622
Perconte,622
Lippe,622
rosé,622
Lennart,622
poofter,622
quatre,622
tizzy,622
bangle,622
woodford,622
Mi-jin,622
tuner,622
Yvon,622
eldritch,622
categorize,622
tomfoolery,622
Jaxx,622
rubdown,622
brevity,622
Vashti,622
assessor,622
whizzers,622
harebrained,622
Salerno,621
Cusack,621
howled,621
populate,621
Joliet,621
vour,621
accentuate,621
vanquishing,621
mardon,621
Adilyn,621
undershirt,621
well-equipped,621
fol,621
ngs,621
conk,621
Ravenna,621
Arren,621
Mello,621
español,621
amicably,621
hacer,621
Timur,621
Floop,621
Petter,621
orgasmic,621
enhancers,621
seaport,621
lumbering,621
gangplank,621
Hollowface,621
000th,621
artistically,621
clunks,621
Halpern,620
electrically,620
play-by-play,620
sassenach,620
heretical,620
revenged,620
ferment,620
Gregorian,620
angiogram,620
Britten,620
mulling,620
Goli,620
schizophrenics,620
Koharu,620
manoeuvring,620
Stansfield,620
beep-beep,620
spreader,620
fisticuffs,620
Yana,620
braveheart,620
extraneous,620
kitsch,620
ethyl,620
Keita,620
compilation,620
Tammany,620
Hargrave,620
five-card,620
bootleggers,620
homepage,620
fine-tooth,620
disclosing,620
pro-choice,620
idealized,620
getyour,620
Rozz,620
frutti,620
Tubman,620
fue,619
turn-off,619
multimillionaire,619
headlining,619
whisker,619
glob,619
Zhukov,619
unimaginative,619
greenbacks,619
porker,619
revolutionized,619
ENCOM,619
hic,619
Hatsumomo,619
Lakshman,619
0r,619
obit,619
wiki,619
Hillard,619
adulterous,619
thinkyou're,619
Ashburn,619
caroling,619
aru,619
plying,619
downy,619
aspired,619
staffs,619
10-foot,619
boneless,619
cricketer,619
minuscule,619
conveniences,619
Tauron,619
survivalist,619
sterility,619
snaked,619
sous-chef,619
20-foot,619
briny,619
grout,619
two-inch,619
hypotheses,619
diminutive,618
Eddard,618
snubbed,618
Megha,618
g-spot,618
serf,618
unforeseeable,618
Middlesex,618
worshiping,618
ww,618
cav,618
thinners,618
freelancers,618
coattails,618
Taek,618
tight-lipped,618
Zambrano,618
fertilization,618
amoral,618
Duk,618
arent,618
Pigalle,618
brainwaves,618
sparrowhawk,618
photojournalist,618
scalping,618
dolor,618
ssi,618
MCU,618
sequencer,618
consultations,618
Wagstaff,618
risin,618
Hoggle,618
psychotherapist,618
shittiest,618
deficits,618
Yod,618
did-did,618
axed,618
sharia,618
Truscott,618
lafferty,618
sprinter,618
person-to-person,618
Desna,617
Belcher,617
hibiscus,617
Pendrick,617
rhinestone,617
Sartorius,617
half-day,617
nuit,617
diggy,617
pincers,617
Mannheim,617
Zeno,617
thawing,617
Balian,617
Enders,617
pussy-whipped,617
Burdon,617
Auckland,617
Joaquín,617
self-important,617
tumours,617
Brunei,617
overshadowed,617
overtaking,617
Bolger,617
Haverstock,617
Frohike,617
baran,617
unsealed,617
ciphers,617
lotions,617
potentials,617
dropouts,617
Jotunheim,616
knickknacks,616
uttering,616
Cthulhu,616
hawthorn,616
Cera,616
seventy-three,616
pop-tart,616
cumbersome,616
learnin,616
Winthorpe,616
Teasdale,616
Kynaston,616
Bumi,616
Vollmer,616
thinly,616
Crozier,616
heavyset,616
Farraday,616
pursuers,616
musn't,616
Rudo,616
Wyndham,616
ma-ma,616
helter,616
citizenry,616
ي,616
Dressler,616
azgeda,616
Greenhill,616
dinna,616
canny,616
Nordstrom,616
Vali,616
Vincente,616
charmingly,616
ﬂy,615
certainties,615
time-honored,615
Ravn,615
sheaves,615
convening,615
wallflower,615
Fosse,615
squints,615
picketing,615
schreck,615
pranking,615
Darmody,615
Kawai,615
quittin,615
Tima,615
Schofield,615
womenfolk,615
manos,615
bedbug,615
asserting,615
nonce,615
Schiff,615
electrode,615
Earnshaw,615
churros,615
Pusan,615
harlots,615
Feride,615
Skokie,615
I'νe,615
spur-of-the-moment,615
proofread,615
exclusivity,615
ministerial,615
heckle,615
Doncaster,615
uplift,615
limpet,615
groundless,614
Peppe,614
bigs,614
Orden,614
time-share,614
Hyang,614
swoops,614
chugs,614
Babuji,614
slitting,614
contraceptive,614
filibuster,614
styled,614
Zeph,614
Lucrecia,614
bungalows,614
krav,614
WHlMPERlNG,614
Gooper,614
rennes,614
benzene,614
hitchhiked,614
yellow-bellied,614
pessimism,614
ott,614
demoralized,614
kingly,614
shavers,614
lusting,614
monogram,614
six-inch,614
whatI,614
collaborative,614
prudhomme,613
Omaticaya,613
micks,613
ten-foot,613
aplenty,613
tra-la-la,613
Pershing,613
Mingus,613
Phnom,613
involuntarily,613
Radu,613
precipitated,613
Beldon,613
gumby,613
forecasts,613
Pewterschmidt,613
petunias,613
stefani,613
tenured,613
vibranium,613
Aey,613
Bracknell,613
graboid,613
bookman,613
Bolly,613
overblown,613
offal,613
botch,613
Valli,613
Haim,613
Hongkong,613
bug-eyed,613
bunga,613
professed,613
chango,613
Hardwicke,613
Phillipa,613
insomniac,613
Panditji,613
PayPal,613
Ruth-Anne,613
Berkley,613
hand-me-down,613
goverment,613
interning,613
jarring,612
Haytham,612
factoring,612
wesa,612
Rud,612
flotation,612
bagger,612
undervalued,612
Edmonds,612
hypothermic,612
confiding,612
honeypot,612
amherst,612
Violeta,612
Seidelbaum,612
reeked,612
coasting,612
seng,612
Ravana,612
photocopier,612
dark-skinned,612
Toyotomi,612
reelected,612
Sherm,612
Menon,612
Pellit,612
Jedikiah,612
Saeko,612
Woodley,612
uch,612
Hubbell,612
evi,612
moonbeams,612
reticent,612
gizmos,611
castaways,611
Rathbone,611
Fabrice,611
shiraz,611
karr,611
eastward,611
Anspaugh,611
unsophisticated,611
Rhydian,611
receptions,611
emasculated,611
incontinent,611
Mamo,611
amie,611
Anarkali,611
Laflamme,611
gorgonzola,611
impeached,611
Callaway,611
Gort,611
scuttling,611
groundwater,611
inhabiting,611
you-you're,611
Duchamp,611
flatterer,611
beefsteak,611
Pyramus,611
tic-tac-toe,611
conceiving,611
Moni,611
angio,611
Bekir,611
ug,611
Kirov,611
Asad,611
Ironhide,611
codger,611
enviable,611
honeymooners,611
Hornsby,611
doorbells,611
capades,611
brandies,611
Brix,611
fulfilment,611
appartment,611
nephilim,611
pacer,610
SkyFury,610
zum,610
lawyering,610
thinkwe,610
Ingmar,610
Sacco,610
Weimar,610
relapsed,610
Serra,610
eras,610
soaks,610
rotunda,610
Goemon,610
V.O,610
ached,610
embroider,610
Struthers,610
vampirism,610
n-word,610
inducement,610
Toom,610
punky,610
crevices,610
Merliah,610
grandsire,610
unisex,610
Bagram,610
Mhmm,610
thwack,610
Ceku,610
spewed,610
Verloc,610
Munez,610
assemblies,610
Steffi,610
resuscitated,610
luego,609
chaise,609
Ikuko,609
northward,609
antitoxin,609
whiteness,609
buccaneers,609
nuff,609
Iooked,609
computed,609
sixers,609
malvo,609
knock-out,609
Madigan,609
Elodie,609
Borges,609
Feynman,609
Danner,609
incisor,609
chutzpah,609
levelled,609
facsimile,609
groovin,609
agrestic,609
conveyance,609
longhorn,609
mimsy,609
Nikes,609
undesirables,609
financiers,609
giveyou,609
explores,609
Prashant,609
letterbox,609
Zoro,609
sambo,609
Saleem,609
gaijin,609
abo,609
gwan,609
salvadorans,609
vapid,609
cheekbone,609
Cyberdyne,608
cheap-ass,608
clean-shaven,608
canna,608
Donati,608
split-second,608
benefiting,608
Fache,608
interrogators,608
philosophically,608
mushu,608
toady,608
suffragette,608
susumu,608
ziti,608
enquiring,608
Lindstrom,608
resigns,608
hellcat,608
maxima,608
mercantile,608
Claes,608
nanite,608
illusionist,608
refit,608
melee,608
sadists,608
travelin,608
Rivas,608
obstinacy,608
entre,608
Schmitz,608
garbageman,608
dickweed,608
sunspots,608
grills,607
sign-in,607
peeved,607
outlining,607
herrings,607
e'er,607
Jochen,607
Jessa,607
woeful,607
sanitized,607
engravings,607
Stifmeister,607
Golde,607
cataloguing,607
Selah,607
roust,607
shuteye,607
turmeric,607
Nerio,607
sealant,607
Ilithyia,607
Honeycutt,607
Skwisgaar,607
unsatisfying,607
squinting,607
bicarb,607
boko,607
Shiba,607
gentlest,607
Mirabelle,607
heebie-jeebies,607
bladders,607
Kombat,607
foa,607
Molinari,607
driest,607
awarding,607
ofyours,607
whatdo,607
coked,607
Hecate,606
Hopewell,606
Halpert,606
Cézanne,606
Süleyman,606
Tessio,606
Normandie,606
all-purpose,606
humanist,606
Chui,606
dosing,606
thins,606
inasmuch,606
eradication,606
midwives,606
class-action,606
Stratos,606
spyware,606
outfield,606
Nimitz,606
Janvier,606
loggers,606
campuses,606
trellis,606
pleural,606
shipmate,606
implantation,606
Arvind,606
fracas,606
Radhe,606
Mapes,606
carting,606
Suzan,606
uninterested,606
disproportionate,606
pericardium,606
Mattia,606
life-giving,606
Joon-suh,606
sloshed,606
cesium,606
cicada,606
lindo,606
salivating,606
avalanches,606
rounder,606
halflings,606
Osamu,606
Sayo,605
Guinan,605
Zahra,605
echols,605
nougat,605
persistently,605
Clotilde,605
tweek,605
Pycelle,605
plows,605
tolerates,605
Daugherty,605
dervish,605
Mayumi,605
Sternwood,605
lave,605
Woo-jin,605
Durban,605
proffer,605
unconnected,605
borin,605
Valen,605
Elli,605
belters,605
Amazonian,605
Cullens,605
stockman,605
dumbwaiter,605
boson,605
kestrel,605
batsman,605
Chlo,605
inaugurated,605
hotwire,605
Shizu,605
Kotaro,605
Kruse,605
Scala,605
anteater,604
convalescent,604
klepto,604
mastodon,604
Shinji-kun,604
NS-5s,604
killjoys,604
Hitchens,604
LexCorp,604
gawk,604
coddling,604
LeMarc,604
Sibel,604
fervently,604
jihadists,604
armoire,604
rotator,604
Hatice,604
atmospheres,604
CVS,604
billable,604
on-ramp,604
ices,604
Sidwell,604
Leclair,604
streamline,604
out-of-body,604
amply,604
Fortescue,604
reviewer,604
Manohar,604
Pok,604
staffing,604
excommunication,604
resets,604
Toshiko,604
Jaggers,604
two-dollar,604
yeshiva,604
güero,604
whys,604
UCAV,604
Benidorm,604
trespasser,604
kimbap,604
Rickon,604
razzle-dazzle,604
two-legged,604
Arsenio,604
fetuses,603
so...you,603
uou,603
unfiltered,603
oro,603
emergent,603
boneyard,603
appraiser,603
mastectomy,603
whist,603
foul-mouthed,603
clenching,603
quads,603
Morrigan,603
goo-goo,603
cavorting,603
I've-I've,603
imploded,603
pran,603
Bozeman,603
gendarmerie,603
Sugimura,603
Varna,603
cinders,603
prion,603
borrower,603
Brasi,603
lawmen,603
brr,603
baubles,603
rifleman,603
researches,603
Dakar,603
freak-out,603
seeding,603
greys,603
Boorman,603
supers,603
Keough,603
sexless,603
stuxnet,603
Liszt,603
Ugarte,603
Oorah,603
Crashdown,603
Hornigold,602
Lausanne,602
permafrost,602
yout,602
tensile,602
Horacio,602
beguiling,602
Gibert,602
Kor,602
Yossarian,602
ble,602
45s,602
shahid,602
over-the-counter,602
reverie,602
Cheltenham,602
pumpin,602
McEwen,602
pitying,602
hemmed,602
Cygnus,602
Totò,602
grandview,602
auerbach,602
Torsten,602
Daz,602
fanaticism,602
nonessential,602
phosphate,602
Tiberias,602
peonies,602
launderer,602
deactivation,601
crucially,601
reformers,601
necrophilia,601
muslin,601
hollandaise,601
re-enactment,601
Bertier,601
staines,601
Jordans,601
Nutella,601
Paquita,601
ironies,601
ornate,601
mex,601
fop,601
ornamental,601
weckler,601
chanted,601
Macaulay,601
hospitalization,601
donne,601
verifiable,601
tannis,601
motocross,601
pews,601
Azuma,601
Isadora,601
master-at-arms,601
wonton,601
restricting,601
preventive,601
anglais,601
Fayette,601
grooving,601
oddity,601
mitzvahs,601
Sarkar,601
half-past,601
Spiegel,601
Tecumseh,601
boycotting,601
Kathmandu,601
Theron,600
feckless,600
Branca,600
bathtubs,600
safehouse,600
Anywho,600
dramaticmusic,600
disobeys,600
Huai,600
curia,600
Utica,600
Krrish,600
undaunted,600
hoodies,600
Timor,600
subscribed,600
Trags,600
Gibb,600
bright-eyed,600
neuron,600
Tropicana,600
unleaded,600
stache,600
burgeoning,600
contour,600
Madhav,600
1700s,600
earthworm,600
squids,600
riveted,600
hot-water,600
chaperon,600
these'll,599
replenished,599
frere,599
criterion,599
incomes,599
Bellatrix,599
Lonnegan,599
weddin,599
overridden,599
Anatoli,599
inhabitant,599
reincarnate,599
Ander,599
surveyors,599
Laughton,599
Madero,599
Godwin,599
nondisclosure,599
Deckert,599
laureate,599
Livvy,599
gaad,599
Namibia,599
inside-out,599
cellmates,599
hindering,599
andthe,599
calisthenics,599
Saison,599
Maharashtra,599
wog,599
Boov,599
S.A.R.A.H,599
spectra,598
big-boy,598
invitational,598
Helius,598
ek,598
artistes,598
talkies,598
tull,598
Bulgarians,598
deepen,598
ö,598
Mariposa,598
waif,598
secs,598
communicators,598
Neale,598
outmoded,598
trowel,598
ula,598
Pharisees,598
pawnbroker,598
incandescent,598
Koen,598
Whitewood,598
Gabor,598
SDU,598
Kyla,598
firth,598
culvert,598
hotshots,598
señores,598
ather,598
Jacqui,598
kettles,598
successors,598
dasha,598
duper,598
Hunan,598
Nirrti,598
Pugsley,598
angled,598
strives,598
garrisons,598
Vitya,598
Ramlal,598
irresponsibility,598
Rudnick,598
banality,598
livewire,598
Trista,598
cru,597
nuclei,597
fidgety,597
Miwa,597
Anzio,597
Arghh,597
Sakurai,597
Minnick,597
teeny-tiny,597
darkening,597
croquette,597
Polonius,597
simulates,597
dweller,597
Peron,597
Fineman,597
owie,597
str,597
antiaircraft,597
matchstick,597
clerics,597
extremism,597
nini,597
lb,597
fundraisers,597
dimming,597
swaggering,597
K-20,597
Jacek,597
ips,597
cyberbrain,597
Amamiya,597
Ector,597
Preysing,597
egocentric,597
seaworthy,597
u're,597
Ikeda,597
gramma,597
eggheads,596
inbreeding,596
idon't,596
Butkus,596
frogman,596
2a,596
hallows,596
brags,596
droop,596
impale,596
Turell,596
plagiarized,596
Romek,596
moaned,596
Mughal,596
Berber,596
handstand,596
vibing,596
Strindberg,596
Bhopal,596
G.G,596
metastasized,596
g0,596
Lapidus,596
synagogues,596
humpbacks,596
sacraments,596
five-day,596
ulster,596
imi,596
acolytes,596
Budderball,596
money-laundering,596
atmos,596
impostors,596
la-di-da,596
collectible,596
rickets,596
beaujolais,596
Izu,596
Addons,596
murals,596
Tuscaloosa,596
reappears,596
ouzo,596
Helmer,596
itsy,596
sickos,596
Takuya,596
passé,596
hoppers,596
deceives,596
scruff,596
hodes,596
quenched,596
Krank,596
Mende,595
legitimize,595
Lancey,595
Zambia,595
entomologist,595
hunks,595
folksy,595
Midgard,595
Nagato,595
thistles,595
eco-friendly,595
Diederik,595
Klump,595
caters,595
gelding,595
ife,595
B.O,595
liberators,595
Merwe,595
observational,595
zin,595
halliburton,595
clumps,595
four-man,595
Balinese,595
venturing,595
nineteenth,595
Amina,595
radiates,595
O'Reily,595
foxholes,595
Thomsen,595
epilogue,595
balder,595
vere,595
disinherited,595
offiice,595
Einhorn,595
filament,595
perverting,595
grandparent,595
Senay,594
summarily,594
Nobbs,594
goin'on,594
unimaginably,594
Allsafe,594
Shaughnessy,594
bounding,594
wintergreen,594
antagonizing,594
KK,594
USDA,594
dopes,594
pent,594
krispies,594
DSS,594
changeable,594
hmm-hmm,594
Mauritius,594
Corfu,594
McClain,594
Alfonse,594
Erwich,594
loincloth,594
Kham,594
Urals,594
LHC,594
Bridey,594
pain-in-the-ass,594
Shuichi,594
rehash,594
bodybuilder,594
reshoot,594
Um-hmm,594
enriching,594
Yuwen,594
penning,594
tartan,594
coolio,594
bonito,594
kirikou,594
awed,594
Mandar,593
lagaan,593
Quilty,593
suck-up,593
Sébastien,593
Amano,593
inaction,593
thelonious,593
swinton,593
silencing,593
Toboni,593
toyour,593
astrolabe,593
Boeun,593
spanx,593
Tripathi,593
tendrils,593
occupancy,593
gravimetric,593
highschool,593
peal,593
extra-large,593
Gauthier,593
fractal,593
newsworthy,593
inconsistency,593
intendant,593
appeased,593
yori,593
pecans,593
Saipan,593
zord,593
3a,593
musculature,593
exhilaration,593
Chiyoko,593
longboat,593
vette,593
snored,593
cis,593
Rayder,593
relatable,593
Antti,593
lexicon,593
agonized,593
Tait,593
Yueh,593
Shawnee,593
gisaeng,593
swimmingly,593
laminate,593
candy-ass,593
cine,592
arns,592
trepidation,592
eatery,592
proliferation,592
entanglements,592
resplendent,592
cornet,592
Ipswich,592
Sadat,592
bios,592
Miramax,592
gilt,592
Dae-So,592
mercado,592
kickass,592
archenemy,592
Al-Harazi,592
tubular,592
Seiko,592
Bhutan,592
Schillinger,592
Philipp,592
Dimas,592
rawr,592
serials,592
Vassily,592
prearranged,592
missing-persons,592
Kermie,592
Kuno,592
Ackroyd,592
impersonated,592
witching,592
Jetta,592
newsreels,592
sumbitch,592
amuck,592
Highsmith,592
Αnd,592
Zobrist,592
blizzards,592
diversified,592
rejoices,592
compresses,592
Selvig,592
Whicher,592
evemhing,592
steeper,592
MTAC,592
escargot,591
quarter-mile,591
Arathorn,591
holies,591
Vortigern,591
motorman,591
bamboozled,591
resale,591
crochet,591
blood-sucking,591
evokes,591
Moyer,591
one-and-a-half,591
sitcoms,591
antagonistic,591
Markinson,591
ican,591
sοmething,591
bluesy,591
Lafite,591
argent,591
Schanke,591
freeze-dried,591
exhibitionist,591
WouIdn't,591
centralized,591
nightstick,591
nightshirt,591
Murnau,591
Sargon,591
buddy-buddy,591
embedding,591
grief-stricken,591
dowdy,591
harmonizing,591
hand-holding,591
cross-checked,591
fusing,591
buddy-boy,591
ugly-ass,591
Agustín,591
Macha,591
copycats,591
selflessness,591
thatis,591
gainst,591
nookie,590
Soso,590
epidermis,590
Marichka,590
reconstructing,590
crinkling,590
drug-dealing,590
gunplay,590
scherbatsky,590
Garnier,590
Miyako,590
complying,590
throwaway,590
dim-witted,590
Giambi,590
Nazim,590
Gaalan,590
Mandalay,590
jiggly,590
manhunter,590
Chigs,590
julienne,590
feel-good,590
doofy,590
hellmouth,590
theokoles,590
paleontologist,590
whoa-whoa,590
saddlebags,590
pigmentation,590
Barclays,590
Schuster,590
Margate,590
changeover,590
regress,590
inshallah,590
Varus,590
crypts,590
grannie,590
indefensible,590
brightened,590
Ashworth,590
Tomainian,590
Jaymes,590
Miu,590
apostrophe,589
Donato,589
borns,589
Slitheen,589
Martyn,589
tradecraft,589
blitzed,589
restrictive,589
Kasia,589
flagging,589
anemone,589
asphyxia,589
sifted,589
secretary-general,589
Sixsmith,589
blazers,589
flasher,589
Melton,589
undeclared,589
teetering,589
bolero,589
Rajjo,589
Raghavan,589
rfid,589
Carpentier,589
gusta,589
jalapeno,589
protracted,589
undefended,589
Closed-Captioned,589
soldering,589
councilmen,589
Takako,589
Frigg,589
jovial,589
niet,588
Madurai,588
constitutionally,588
vindaloo,588
volt,588
a-all,588
pud,588
Casca,588
alarmingly,588
bigoted,588
Saracens,588
rungs,588
Grimsby,588
weightlessness,588
hotheaded,588
breadsticks,588
old-age,588
birdseed,588
nightmarish,588
grizz,588
Nakrang,588
wads,588
Rhodesia,588
Mithat,588
Epcot,588
Rudra,588
eluding,588
it'sokay,588
pirouette,588
stationmaster,588
reamed,588
swatting,588
Helmsley,588
Mattias,588
kyou,588
desiccated,588
reheat,588
Amenadiel,588
doppelgangers,588
Saraswati,588
seafaring,588
computer-generated,588
wagers,588
Arora,588
exhilarated,587
roadway,587
a-gonna,587
draconian,587
rock-hard,587
Raúl,587
J.F.K,587
paise,587
stipulation,587
highbrow,587
dimmed,587
Arda,587
inalienable,587
antihistamine,587
Kananga,587
Chieko,587
wickedly,587
geysers,587
colostomy,587
bergin,587
weenies,587
Vizag,587
disillusion,587
no-man's-land,587
fly-fishing,587
Melander,587
fumbles,587
manicured,587
pro-life,587
alittle,587
fortune-telling,587
Maricruz,587
thespian,587
Frans,587
pounder,587
baptise,587
dragonglass,587
Kranz,587
cielo,587
Grigg,587
Bix,587
greenpoint,587
digitized,587
amputee,587
keeled,587
Giorgia,587
record-breaking,587
defusing,587
Adriano,586
Mogens,586
barometric,586
incensed,586
hey-ho,586
soyou,586
tootin,586
feathery,586
Aahhh,586
halved,586
snook,586
lockjaw,586
sixty-six,586
Cana,586
sneakin,586
Ishihara,586
stubbed,586
realtors,586
memorised,586
seasickness,586
Savitri,586
ironman,586
Lazarey,586
Hannay,586
peddlers,586
engorged,586
conscripts,586
Alena,586
Podrick,586
afterall,586
encroaching,586
Hendley,586
spacesuit,586
cuidado,586
capsize,586
Sunnyvale,586
bathwater,586
Giddens,585
Lightfoot,585
marathons,585
munk,585
Seung-Jo,585
Elizabethan,585
emigration,585
Bertinelli,585
clapper,585
calzone,585
organics,585
disrobe,585
life-altering,585
antiviral,585
unrepentant,585
Abbe,585
go-cart,585
satanist,585
strange-looking,585
assay,585
Stix,585
timeframe,585
expend,585
storytellers,585
baffle,585
tepid,585
soniya,585
judgements,585
Gaynor,585
sit-in,585
Serafina,585
Heffron,585
nto,585
Bletchley,585
Forney,585
handcrafted,585
Kenan,585
currencies,585
bedpost,585
creditor,585
schlong,585
Mizushima,585
Benihana,585
Kazuko,584
Grigori,584
Zuwanie,584
loach,584
hard-headed,584
overpopulation,584
Einon,584
deaf-mute,584
voulez,584
contemptuous,584
amateurish,584
Selznick,584
gigawatts,584
Talbert,584
bunce,584
slumbers,584
balderdash,584
deflate,584
Michiel,584
incontinence,584
Marcelle,584
pestered,584
Emme,584
timeshare,584
all-natural,584
orrin,584
McNeal,584
Thomasin,584
Morey,584
herbalist,584
viscous,584
scoped,584
liebling,584
top-level,584
dockers,584
ushered,584
mota,584
Niccolo,584
Oldham,584
galleons,584
Grendizer,584
overdraft,583
Vova,583
Rincewind,583
Dolokhov,583
Pericles,583
poring,583
seventy-four,583
eviscerated,583
countered,583
hullo,583
Brigitta,583
Frink,583
farfetched,583
thay,583
Tibor,583
convulsing,583
artisanal,583
freshening,583
Nakano,583
invests,583
tetro,583
afteryou,583
eres,583
İbrahim,583
symbiosis,583
gasses,583
yourface,583
whathappened,583
memorials,583
pincer,583
biosphere,583
shod,583
Corben,583
Peder,583
craniotomy,583
Togashi,583
Wotan,583
kon,583
Kitana,583
Kierkegaard,583
heeded,583
ét,583
aggressors,583
blurring,583
ringed,583
Huer,583
Crowne,583
acrobatic,583
delish,583
Moffat,582
queries,582
Hazama,582
lusts,582
Brynn,582
Hotaru,582
Calculon,582
vor,582
whupping,582
beaner,582
Chisolm,582
purdue,582
pernod,582
Hopps,582
Carvel,582
unsee,582
disapproves,582
grated,582
pocketknife,582
morland,582
viaduct,582
alleges,582
cylindrical,582
Olivetti,582
mightily,582
brûlée,582
salvadoran,582
yeehaw,582
Howeitat,582
sparkler,582
unspecified,582
HIV-positive,582
B.O.B,582
Afrikaans,582
Deepa,582
encoder,582
Buell,582
aja,582
bytes,581
Kurosaki,581
venga,581
aesthetically,581
unromantic,581
DREAMZ,581
ravish,581
H.W,581
noch,581
weaponize,581
Yeon-hee,581
schmooze,581
glyphs,581
lemming,581
high-altitude,581
Roshni,581
Odda,581
unnerved,581
hellos,581
Argentinian,581
scrambles,581
decon,581
hurries,581
haves,581
Tasker,581
Godefroy,581
pertain,581
Llewellyn,581
westerner,581
Kyung-hee,581
card-carrying,581
well-paid,581
whittling,581
Irishmen,581
Blackman,581
sufficed,581
lambo,581
corroborates,581
ABA,581
Sapporo,581
Toula,581
footmen,581
wheeze,581
Klimt,581
defensible,581
solidified,580
mons,580
commemoration,580
despot,580
ICC,580
Stingo,580
partials,580
bana,580
defiler,580
fiire,580
off-campus,580
ska,580
kwenthrith,580
unshakable,580
objector,580
quasar,580
whata,580
harvesters,580
spyglass,580
distributes,580
omoi,580
ams,580
inundated,580
Staros,580
cH040200,580
Yossi,580
megatons,580
uninformed,580
whiner,580
ruthlessness,580
marce,580
Shipley,580
Kriss,580
paraphrase,580
unskilled,580
dabo,580
Coppola,580
quilts,580
preening,580
preset,580
waylaid,580
Rockingham,580
that'sright,580
officiate,580
intractable,580
freelancing,580
woh,580
C-Dub,580
Heidegger,580
alrite,580
Lordsburg,580
Montmirail,580
Cybil,580
crackpots,580
brack,580
Perdy,579
correctness,579
Tamerlane,579
peons,579
cuties,579
checkups,579
ect,579
dependents,579
adobe,579
chlorophyll,579
self-employed,579
south-west,579
succinct,579
duets,579
nigerians,579
Joh,579
Ragnarok,579
minimise,579
Lurcio,579
felling,579
Elmore,579
cairn,579
LaHood,579
g-force,579
whatevs,579
haraldson,579
Bodi,579
cotys,579
Ryung,579
magnetized,579
rutting,579
Squanto,579
pudge,579
rapido,579
repels,579
ambidextrous,579
ransacking,579
Stravinsky,579
periphery,579
court-martialled,579
biotechnology,579
churned,579
termed,579
Altair,579
Savile,579
raincoats,579
calamities,578
booting,578
tactician,578
ofthings,578
B-Rabbit,578
ceaseless,578
Kaidu,578
Elissa,578
loudspeakers,578
sustainability,578
wetsuit,578
ophthalmologist,578
facials,578
Siebert,578
Ichikawa,578
Acton,578
DM,578
butane,578
slammin,578
tomans,578
Kurata,578
velour,578
Strutt,578
Chapelle,578
irregularity,578
swerving,578
painstakingly,578
sodomite,578
Narad,578
Dotar,578
bodywork,578
purveyor,578
thatjust,578
interminable,578
centerpieces,578
Claiborne,578
fumigated,578
borrowers,578
Caswell,578
crazily,578
sequoia,578
Daan,578
yesteryear,578
Sufi,578
burgle,578
Krishnan,578
Peckham,578
you'''re,578
entertainments,578
zayday,577
infuriated,577
rubes,577
Hoggett,577
bad-mouthing,577
Bruckner,577
pyrotechnics,577
Kerner,577
Longinus,577
Einie,577
Cydney,577
city-wide,577
commemorating,577
happenstance,577
chicas,577
prosaic,577
invalidate,577
bevy,577
Mattei,577
palmdale,577
nock,577
it...it,577
acquires,577
ultimatums,577
preparedness,577
deflated,577
step-by-step,577
condenser,577
roofied,577
undergoes,577
drench,577
bequest,577
intersections,577
anise,577
swatches,577
youthink,577
overachiever,577
Algonquin,577
Yasuda,577
depots,577
ouais,577
Lutan,577
Mordechai,577
Drina,577
pinko,577
overthrew,577
Ioan,577
loy,576
maven,576
hydroponic,576
chalked,576
slanderous,576
coddled,576
tourney,576
Raimunda,576
Toomey,576
face-down,576
Söze,576
thallium,576
fertilizers,576
santorini,576
s-she,576
Razer,576
longmire,576
manliness,576
appalachian,576
Petrovna,576
Eugen,576
disqualification,576
Montparnasse,576
canoeing,576
starves,576
Sojat,576
toc,576
Komarovsky,576
stifles,576
CCPD,576
optometrist,576
crunched,576
medicate,576
telephoto,576
tradesmen,576
cra,576
Tono,576
half-pint,576
secrete,576
remit,576
Mandel,576
Grozny,576
bullocks,576
screenplays,576
hoity-toity,576
achoo,575
Federov,575
Farva,575
thickening,575
scrapper,575
scrawl,575
tutelage,575
Eretria,575
Emmitt,575
executes,575
darwinian,575
Ballou,575
luminol,575
girder,575
neg,575
sé,575
chéri,575
kuru,575
nightdress,575
tom-tom,575
inclinations,575
lodgers,575
65th,575
Kadir,575
tinkers,575
Katsu,575
Dédé,575
sponging,575
disavowed,575
Everton,575
gobbler,575
impassioned,575
phrased,575
Tobruk,575
Penh,575
parolees,575
Boycie,575
Kuro,575
infuse,575
Teela,575
pre-nup,575
crystallized,574
robbin,574
Asriel,574
lame-o,574
ales,574
yolo,574
disembowel,574
subjecting,574
frivolity,574
nazism,574
worrier,574
abbreviation,574
servings,574
Tarrlok,574
Dennings,574
rosey,574
subprime,574
Meryton,574
oversleep,574
publicized,574
seditious,574
Hooke,574
Deej,574
monger,574
Guildford,574
Itzhak,574
exerting,574
crucifixes,574
onesie,574
inordinate,574
twits,574
Kingsman,574
regulating,574
philanderer,574
Shinza,574
discos,574
needin,574
kaew,574
Ceti,574
Garsiv,574
earlobe,574
odum,574
Lemuel,573
Carsten,573
gallstones,573
cemented,573
Tseng,573
nightblood,573
Citroen,573
pre-trial,573
Jacobsen,573
prominently,573
capella,573
cross-section,573
chiles,573
newswoman,573
walk-ins,573
puritanical,573
FP,573
hubs,573
additives,573
Gwi,573
Nima,573
denarii,573
Cem,573
Saira,573
Lawford,573
hypnotised,573
breadfruit,573
kaito,573
outshine,573
N.W.A,573
Kyosuke,573
tort,573
Filipinos,573
Mado,573
meister,573
flatters,573
criticised,573
Sonoma,573
thickest,573
empath,573
Springboks,573
tellme,573
arouses,573
Conover,573
ingestion,573
teary,572
ªâ,572
oust,572
bab,572
Beaulieu,572
Eyrie,572
Monix,572
bitched,572
Occam,572
taipan,572
B-17,572
grates,572
earthworms,572
ASAC,572
Perón,572
Nabil,572
Maritza,572
Finchley,572
clambake,572
Onassis,572
O'Dwyer,572
Contini,572
3b,572
petitioning,572
friars,572
woefully,572
synccorrectionbyf1nc0,572
deterred,572
crawly,572
mkay,572
Sholto,572
compulsively,572
subjugated,572
extramarital,572
mean-spirited,572
Chiricahua,572
Kreme,572
Corby,572
overthrowing,572
humanely,572
Aliena,572
genders,571
excepted,571
congestive,571
nygaard,571
alley-oop,571
aboveboard,571
milestones,571
kuni,571
beauteous,571
compadres,571
Floris,571
columbian,571
Souleymane,571
neckties,571
Millar,571
quicksilver,571
planetoid,571
sux,571
Hearn,571
rejuvenate,571
prophylactic,571
p-please,571
Jago,571
i-in,571
Bry,571
Glendon,571
Jamila,571
tienes,571
Thunderbirds,571
solicited,571
Violetta,571
BF,571
imprisoning,571
Fedya,571
just...just,571
retinue,571
Yoshie,571
dander,571
What'II,571
weigh-in,571
yolks,571
wrangling,571
Alakay,571
Fumiko,571
pitiable,571
boggles,570
CHOl,570
haemorrhaging,570
bodybuilding,570
Yamashiro,570
mucous,570
C.I.D,570
giblets,570
elks,570
archived,570
Samoa,570
inoculations,570
ironside,570
fleur-de-lis,570
Jaggu,570
inopportune,570
modelled,570
pettiness,570
stirrup,570
Hubie,570
Zoil,570
locality,570
sourced,570
tracers,570
Islington,570
I.N.S,570
tup,570
harpoons,570
Gutman,570
Zidane,570
unfavorable,570
switcheroo,570
Devraj,570
ambushes,570
no.3,570
Matsudaira,569
orabeoni,569
peop,569
alkaline,569
GTR,569
Torkild,569
contraptions,569
Parmenion,569
sharpness,569
Brigette,569
haole,569
6-foot,569
weebo,569
synopsis,569
paler,569
tastier,569
Isamu,569
Busch,569
antacid,569
Hado,569
four-inch,569
sot,569
Shaquille,569
oneness,569
homelessness,569
palos,569
Everly,569
yucca,569
gumshoe,569
rock-and-roll,569
eroding,569
Marita,569
disparaging,569
wiry,569
ces,569
aniston,569
Dan4Jem,569
counter-attack,569
Merryweather,569
0nly,569
Sandusky,569
Stransky,569
alkali,569
braced,569
canasta,569
wicca,568
varicose,568
anglo,568
Alderson,568
Sanji,568
sixer,568
misrepresented,568
ghosting,568
bluey,568
shelved,568
disingenuous,568
griddle,568
gayer,568
Scobie,568
patootie,568
barak,568
seashell,568
suppository,568
xylophone,568
Patrizio,568
doormen,568
Noyce,568
Coopers,568
refilled,568
Kuwaiti,568
subjugation,568
Israelite,568
sulfide,568
moshi,568
reprobate,568
Kinsella,568
Dandridge,568
agrarian,568
reapply,568
infighting,568
Kenta,568
curbside,568
liverwurst,568
no-name,568
Glaser,568
taillights,568
Shinhwa,568
conservatively,568
segal,567
Ettore,567
Oran,567
mío,567
Bilfran,567
Solon,567
droughts,567
reintroduce,567
telenovela,567
lay-up,567
sawa,567
chipotle,567
Zahir,567
typeface,567
farty,567
Roshi,567
Akechi,567
Borman,567
buggery,567
Shikoku,567
itty,567
ler,567
UNICEF,567
Causton,567
casks,567
Iliad,567
cHFF00FF,567
Adlai,567
Peshawar,567
clued,567
toss-up,567
Hagar,567
radiators,567
wormy,567
grabber,567
jogs,567
kimonos,567
decanter,567
Carnes,567
teutonic,567
crisscross,567
reclining,567
Ay-yi-yi,567
angkor,567
Yae,567
Noam,567
Nussbaum,567
nullify,566
Morag,566
aro,566
Cro-Magnon,566
Tipton,566
Amadeo,566
scopolamine,566
heaped,566
Hudsucker,566
referrals,566
blushes,566
300-pound,566
oculus,566
grose,566
endow,566
Ygor,566
hailstorm,566
Charing,566
tightest,566
clunky,566
trilby,566
rework,566
forums,566
Є,566
chalices,566
Feyd,566
NCO,566
Janssen,566
hyperventilate,566
obstructions,566
functionality,566
Tsukamoto,566
wrenched,566
misadventure,566
D'Souza,566
Rabin,566
Agostino,566
Tsang,566
queef,566
Kisaragi,566
sainthood,566
immemorial,566
Valerio,565
Jinny,565
glides,565
Bagginses,565
tacked,565
reconnoiter,565
Sandberg,565
hot-headed,565
Tolkien,565
noogie,565
tiebreaker,565
modernity,565
Nieves,565
Ferreira,565
dinka,565
bulldozed,565
discriminated,565
Miggs,565
regale,565
80th,565
hallmarks,565
Galya,565
doohickey,565
Adhemar,565
L.B,565
Osgiliath,565
plethora,565
ayahuasca,565
Freamon,565
strap-on,565
dishonourable,565
overs,565
Adrianne,565
Kenyan,565
simpering,565
Kida,565
freezers,565
ruination,565
Coley,565
teamster,565
Denisov,565
side-effects,565
asylums,565
alway,564
caraway,564
distaste,564
youself,564
Edelstein,564
earth-like,564
ayes,564
Chacon,564
agoraphobia,564
lawkeeper,564
mangos,564
oldsmobile,564
Dagen,564
bartered,564
Nox,564
three-week,564
Gally,564
Tibetans,564
shoeless,564
leathery,564
Adebisi,564
Indira,564
bourguignon,564
Volturi,564
Munsey,564
weighty,564
3cH000000,564
Masai,564
sugu,564
Joshi,564
McCaffrey,564
Bleecker,564
Tunisian,564
chide,564
mackintosh,564
panhandle,564
Jeannine,564
Fredericksburg,564
Nikolaj,564
boys'll,564
guideline,563
capiche,563
Selleck,563
embroiled,563
e-excuse,563
Zeeland,563
Berle,563
revisiting,563
Californication,563
kitto,563
augur,563
Urich,563
co-counsel,563
Cogsworth,563
two-piece,563
Yohei,563
worshipers,563
Mally,563
MSNBC,563
Louanne,563
smasher,563
deflowered,563
WWII,563
after-dinner,563
maintenant,563
ramal,563
madcap,563
Shinde,563
redline,563
sundries,563
carpaccio,563
Toluca,563
non-threatening,563
worthiness,563
dealerships,563
blather,563
ef,563
ponte,563
Lureen,563
converters,563
shit'll,563
individualism,563
cacao,563
dirtied,563
Kirkwood,563
jollies,563
stuntmen,562
Brita,562
undergrowth,562
Stoli,562
mascarpone,562
halitosis,562
treetop,562
Grenoble,562
revulsion,562
newspapermen,562
WMDs,562
Farrel,562
Litton,562
Vinz,562
fatass,562
I'amour,562
crafting,562
jesu,562
1aHFF,562
H-bomb,562
ousted,562
whacked-out,562
Jack-Jack,562
bazookas,562
exerted,562
evaporation,562
Clete,562
Frode,562
Cipri,562
entrez,562
showboating,562
bannermen,562
aggro,562
mucked,562
utero,562
dewy,562
Lyuba,562
atyou,562
non-fat,562
parapet,562
fsociety,562
snowplow,562
compensations,562
rulebook,562
Persson,562
Yamagata,562
mikayla,562
Kasi,562
burglarized,562
open-air,562
Chirac,562
outranks,562
Marais,562
dog-eat-dog,561
massager,561
acreage,561
rumspringa,561
Seryozha,561
guilt-free,561
Ema,561
Longstride,561
creeks,561
Purim,561
reciprocity,561
Seimei,561
Sheung,561
front-runner,561
self-obsessed,561
squelches,561
psoriasis,561
longhorns,561
dumbfounded,561
dormer,561
Biddle,561
Rekha,561
neater,561
makeovers,561
ritzy,561
do-si-do,561
catfight,561
airtime,561
camellia,561
phonebook,561
Talget,561
Gerd,561
doily,561
disheveled,561
Soo-hyun,561
Swofford,561
preconceived,561
cabdriver,561
sitch,561
staties,561
disruptors,561
flitting,561
meteoric,561
airfare,561
mandala,560
rsvp'd,560
frère,560
Arrius,560
tased,560
negra,560
Hollom,560
smackdown,560
swirly,560
liquidity,560
necrotic,560
Carnahan,560
imperious,560
ide,560
Mithrandir,560
saget,560
divorcée,560
Tunstall,560
rosewater,560
Tira,560
precipitate,560
Nefertiti,560
symphonies,560
plaguing,560
Palle,560
Pearlman,560
finality,560
entranced,560
bumpkins,560
cabled,560
restarted,560
Norén,560
anaphylaxis,560
subjugate,560
Gantz,560
drea,560
husks,560
stretchy,560
planters,559
Gaya,559
schumer,559
resection,559
Crimean,559
Croker,559
hypo,559
epoch,559
electing,559
lunchroom,559
baddies,559
Chizuru,559
revitalize,559
Pacheco,559
domains,559
urns,559
phalanges,559
Rosencrantz,559
Aella,559
Yanni,559
volatility,559
chickening,559
intervenes,559
stiffer,559
deafness,559
grafting,559
Jacquart,559
long-lasting,559
morbidly,559
30-foot,559
eggy,559
yuku,559
herders,559
twiddling,559
midline,559
Ferdie,559
pulverize,559
subhuman,559
deion,559
Ottavio,559
Candleford,559
merengue,559
leathers,559
allay,559
XL,559
I.E.D,559
crawlers,559
exigent,559
Roldy,559
bombarding,559
that'sa,558
macaw,558
Balrog,558
gadge,558
know.I,558
dead-on,558
C.D,558
Charu,558
felonious,558
busboys,558
moondance,558
Siskel,558
liebchen,558
Bournemouth,558
wardroom,558
Aayan,558
articulated,558
PhDs,558
croup,558
COPPENS,558
Killua,558
boozy,558
Durrell,558
Yoshimi,558
pucks,558
lesbos,558
absolutes,558
hunh,558
Somerville,558
Remer,558
Dano,558
unmanageable,558
mini-mart,558
hovered,558
Hideko,558
pickets,558
doubloons,558
businesslike,558
Debi,558
Pagliacci,558
Aemon,558
fainter,558
Rhod,558
prompter,558
appropriation,557
aRer,557
fostering,557
climes,557
jammy,557
breads,557
cerveza,557
doling,557
radiated,557
sundry,557
Catalano,557
open-heart,557
Boddy,557
vocalizes,557
Severin,557
horseplay,557
Dornish,557
Ehrmantraut,557
Magee,557
demerits,557
gherkins,557
sixty-eight,557
beguile,557
studious,557
Skynyrd,557
noteworthy,557
CLEDUS,557
rhymed,557
dignitary,557
Tapia,557
ovulation,557
Ditte,557
Ashcroft,557
Concordia,557
für,557
jesters,557
Sabu,557
bespoke,557
reenact,557
predilection,557
downturn,557
Bifrost,557
dammed,557
fjords,557
pericardial,557
sarcoidosis,557
sews,557
oder,557
navi,557
Ceylon,557
Nagumo,557
Yoo-jin,557
plucks,557
sapper,557
Vedek,556
Sparazza,556
ex-army,556
NAVCOM,556
house-sitting,556
centrifugal,556
dialectic,556
mortifying,556
Jeri,556
abstraction,556
cornering,556
PCs,556
lubrication,556
immortalized,556
Andhra,556
Anglican,556
betas,556
networked,556
menstruating,556
refocus,556
mateys,556
Windham,556
Fouquet,556
Marrakesh,556
fenders,556
Tse-tung,556
Cristobal,556
Velu,556
Switek,556
tings,556
paté,556
Fogel,556
tipster,556
frankfurter,556
zamboni,556
transitory,556
Garrigan,556
fusiliers,556
concentric,556
Nardole,556
lampshade,556
settee,556
toppling,555
Liliane,555
vowing,555
brawler,555
moccasins,555
mouthed,555
mierda,555
subversives,555
kabbalah,555
pampers,555
Kragle,555
Fontane,555
McConaughey,555
flocked,555
tightens,555
inoculate,555
N-woo,555
Vinton,555
flypaper,555
pigpen,555
Toomy,555
tarragon,555
scummy,555
Euron,555
Heera,555
savanna,555
absconded,555
Luton,555
Blitzer,555
Jennsen,555
Huan,555
Akizuki,555
Sesshomaru,555
akley,555
unfortunates,555
berm,555
Novotny,555
Jacq,555
tasking,555
Dieppe,555
slandering,555
Gianopolous,555
tally-ho,555
hocked,555
Gian,555
Sankara,554
Ratan,554
don't-i,554
cataloging,554
sanguine,554
Grimlock,554
Vargo,554
theorized,554
rebellions,554
pss,554
Rebenga,554
Cyn,554
touchstone,554
Qarth,554
needlework,554
home-schooled,554
stir-crazy,554
retrofit,554
prefrontal,554
bourbons,554
Speedman,554
Lonzo,554
Saad,554
Kojiro,554
originates,554
constituted,554
clays,554
unzipped,554
McNab,554
bogo,554
menthe,554
Ashlee,554
erred,554
write-up,554
20-something,554
salient,554
mandingo,554
lah,554
oohh,554
doy,554
teleporting,554
Sperry,554
distrustful,554
hardening,553
canto,553
affable,553
rawley,553
sug,553
exchequer,553
tok,553
flue,553
god-like,553
qua,553
emphasized,553
Dierdre,553
Lonergan,553
overseen,553
Cuesta,553
offa,553
whey,553
TusSeries,553
Carlsbad,553
Maggio,553
busby,553
constructs,553
niceness,553
new-found,553
Hayek,553
pickax,553
outlands,553
insinuation,553
thereto,553
b-roll,553
reliably,553
Bonaventure,553
glo,553
danceny,553
trams,553
fifty-nine,553
wetbacks,553
GBH,553
dotes,553
kick-off,553
splints,553
32-year-old,553
Oram,553
Cherevin,553
1th,553
Wormold,553
she's-she,553
Liane,553
quips,553
hard-hitting,553
birdbrain,553
dragoon,553
angler,552
retailer,552
venous,552
ringin,552
full-blooded,552
n-o,552
augmentation,552
boink,552
Sturges,552
modulator,552
schemers,552
nouns,552
wussy,552
sippin,552
Lesra,552
TARU,552
rejuvenated,552
third-grade,552
shampoos,552
poopsie,552
mentored,552
shapeless,552
Bolan,552
bromide,552
vendrell,552
divas,552
Nogales,552
tobacconist,552
Bleeker,552
Audrina,552
numb-nuts,552
ventral,552
Grecian,552
statuette,552
brain-damaged,552
cycled,552
Toxie,552
Dinsdale,552
Ebba,552
tenements,552
Jubeh,552
dimly,552
timetables,552
congeniality,552
Iâ,552
Hideki,551
R4,551
indulgences,551
dob,551
emphasise,551
warble,551
Tarth,551
parkers,551
Eisenstein,551
figgins,551
andretti,551
iko,551
Kinshasa,551
druggist,551
Lahiri,551
Cala,551
Graciela,551
denominations,551
close-knit,551
nutters,551
mannered,551
year-end,551
fonz,551
drippy,551
poconos,551
wittle,551
afield,551
Beechum,551
Wombosi,551
blindside,551
braggart,551
scholastic,551
lulled,551
Maréchal,551
Agata,551
volta,551
Chippewa,551
Medavoy,551
fresca,551
tramping,551
twosome,551
fakir,551
Hickam,551
doop,551
Fermin,551
Latrell,551
to-go,551
Newhouse,550
derision,550
McCourt,550
renege,550
hookah,550
bitcoins,550
zona,550
fibrillation,550
brazenly,550
burros,550
Jäger,550
gobshite,550
don'tjust,550
butjust,550
Nantes,550
Fudd,550
hot-tempered,550
Marshak,550
breakage,550
luge,550
Blonsky,550
brujo,550
Lauder,550
galvanized,550
Garuda,550
co-exist,550
contentedly,550
Gigantor,550
Abberline,550
Sidharth,550
McHenry,550
weet,550
Dickon,550
Jamaal,550
Girolamo,550
Alsace,550
inroads,550
Dostoevsky,550
lock-in,550
Slovenia,550
orthe,550
Anabel,550
Stempel,550
Swigert,550
zook,550
revelry,550
aromatherapy,550
netted,550
arcades,550
resonant,550
bootie,550
Leoben,550
gracia,550
menorah,550
Anushka,549
flange,549
D.M.V,549
redness,549
seg,549
untainted,549
Redondo,549
misdirect,549
Galvez,549
medallions,549
coolly,549
moneylender,549
microts,549
sulky,549
pewter,549
Padilla,549
Garo,549
frequents,549
indigent,549
unpredictability,549
ashy,549
Kew,549
dirigible,549
blackbirds,549
Alda,549
McCloy,549
underdressed,549
inexorably,549
Tamar,549
rotations,549
in-charge,549
chauffeurs,549
ass-wipe,549
Lessing,549
brokering,549
espo,549
LCD,549
coefficient,549
J3,549
moorings,549
cysts,549
isil,549
schoen,549
Esmond,549
Keynes,549
Winnetou,549
clamping,549
brandishing,549
allegro,548
lessened,548
Mardle,548
ele,548
l-low,548
Pickford,548
play-acting,548
wishy-washy,548
Lake-town,548
sukiyaki,548
windup,548
45-year-old,548
thumbs-up,548
Hadden,548
Witwer,548
Kerem,548
non-responsive,548
everthing,548
vamanos,548
manhandled,548
Bindiya,548
genres,548
Balraj,548
harps,548
cacti,548
Sameen,548
theses,548
Punxsutawney,548
Foxx,548
Bajie,548
Whalen,548
Morozov,548
Vanna,548
ex-president,548
tempts,548
Gluant,548
sommelier,548
pull-ups,548
instalments,548
irrationally,548
rathole,548
scut,548
scrupulous,548
Dorsia,548
dispersion,548
gumiho,548
thís,548
monopolize,548
smackers,548
cay,548
third-party,547
surveilled,547
humanities,547
drop-dead,547
Drexl,547
Hegel,547
ambushing,547
Briarcliff,547
ascetic,547
marsala,547
ensnare,547
nel,547
downfield,547
Ibsen,547
infinitesimal,547
fridges,547
increments,547
Haden,547
aviators,547
mims,547
vatos,547
Teja,547
Ryul,547
counter-terrorism,547
softens,547
tetris,547
unimpressed,547
copulate,547
that...that,547
sated,547
complementary,547
marchioness,547
Aynsley,547
veering,547
beanpole,547
waxes,547
Seaton,547
shaded,547
dagur,547
Menendez,547
cavil,547
freakazoid,547
Soundwave,547
Alliser,547
adhered,547
morphing,547
Pattie,547
Dagobah,547
envelop,547
Khe,546
lamentable,546
Selmak,546
monotone,546
Pleiades,546
gazes,546
Herot,546
nena,546
causal,546
Hendrick,546
cook-off,546
DMT,546
lndependence,546
hayseed,546
lakeshore,546
ninety-six,546
Zandra,546
pastel,546
entry-level,546
bulldoze,546
Sakina,546
for-for,546
Gazzo,546
unwinnable,546
MoUsTaFa,546
Cahit,546
hadrt,546
shamefully,546
4am,546
Fullmetal,546
Girardi,546
greengrocer,546
125th,546
hollerin,546
she-devil,546
Widener,546
Lali,546
kir,546
intermittently,546
westerly,546
peppered,546
Poitier,546
Rearden,546
ancillary,546
young'un,546
100-year-old,546
lolli,546
Jacs,546
Niecy,546
disinfected,546
stricter,546
recruiters,546
ﬁrst,546
Crom,545
swooning,545
burry,545
at-risk,545
physio,545
snipping,545
LPs,545
U.S.S.R,545
copperhead,545
brays,545
womens,545
chuffed,545
Eda,545
mithril,545
ACL,545
readjust,545
d'amour,545
Ignazio,545
Alka-Seltzer,545
cw,545
vestige,545
Bledsoe,545
overtones,545
bounded,545
goodfellas,545
pinkeye,545
waynes,545
Kiryu,545
Stevo,545
knell,545
30am,545
magnifico,545
grassed,545
Chauhan,545
hues,545
s0,545
tritium,545
everythin,545
warblers,545
clunker,544
berate,544
raindrop,544
unsustainable,544
Yago,544
Constantino,544
Welton,544
darwinism,544
Saxony,544
tepee,544
conveys,544
inseminated,544
signet,544
misconstrued,544
jihadi,544
macs,544
fondled,544
condescension,544
Volare,544
dena,544
modular,544
dengue,544
dossiers,544
sows,544
gervais,544
the...the,544
defacing,544
soiling,544
half-witted,544
Byrde,544
smoothing,544
indoctrination,543
hydrocarbons,543
LAURENS,543
gaily,543
principally,543
permutations,543
capita,543
Shige,543
comprise,543
200-pound,543
fair-haired,543
warm-blooded,543
tol,543
backsides,543
truckin,543
solver,543
off-ramp,543
McAra,543
Hobb,543
pillock,543
cip,543
plaintive,543
Janning,543
Gang-du,543
Udinov,543
Gwildor,543
Miroku,543
preexisting,543
deceptions,543
Polyakov,543
Cracow,543
Gitano,543
implanting,543
wove,543
scootch,543
safecracker,543
downcast,543
isjust,543
utters,543
Rossini,543
stylings,543
Sackett,543
zeroing,543
Amado,543
snuggling,543
two-mile,543
funyuns,543
hoofs,543
iteration,543
claptrap,543
prohibiting,543
Poussey,543
geraniums,543
mama-san,543
stamos,543
Shunji,543
holocron,543
nastier,543
Bonilla,543
doilies,542
muscled,542
Lawd,542
stipulates,542
McCracken,542
defame,542
fara,542
three-mile,542
m'am,542
synchronicity,542
echolocation,542
paracetamol,542
beakers,542
possibles,542
IEDs,542
subroutines,542
toff,542
bathes,542
Camorra,542
ziploc,542
acolyte,542
Kersh,542
littler,542
Aleister,542
squaring,542
Dedlock,542
waxy,542
frond,542
Pacquiao,542
Zana,542
gymnasts,542
red-light,542
Libyans,542
stunningly,542
Quintero,542
off-chance,542
lover-boy,542
begining,542
speckled,542
Livius,542
last-ditch,542
eye-opener,542
Avila,542
silverback,542
Jardine,542
Nawal,542
soft-hearted,542
asahi,541
Kmicic,541
hypertensive,541
ripened,541
k.k,541
compactor,541
tincture,541
counterfeiters,541
Olenska,541
pastis,541
a-ok,541
saigo,541
Viju,541
Madgett,541
geishas,541
Mobius,541
irk,541
Pedersen,541
karat,541
Plath,541
twiddle,541
bluish,541
wastelands,541
grandbaby,541
level-headed,541
downgraded,541
orifices,541
bird-watching,541
counsels,541
Strabo,541
Berthold,541
repenting,541
swabbing,541
pacifists,541
balaclava,541
Gutenberg,541
infuser,540
duchy,540
militarily,540
encyclopaedia,540
faltered,540
phys,540
CNST,540
Adidas,540
yourfriend,540
Bozer,540
two-two,540
Marlborough,540
Scamander,540
Broadsky,540
campfires,540
spooking,540
r-right,540
flotsam,540
deft,540
Horman,540
alleyways,540
blockheads,540
Wilk,540
striding,540
Bax,540
Morgaine,540
IKeep,540
Marxism,540
ib,540
C-2,540
look-out,540
Bernays,540
distinguishes,540
Ratso,540
torrential,540
dollface,540
C.S.U,540
benn,540
asst,540
wiseguy,540
tasered,540
c-come,540
Chuji,540
Fantine,540
kryptonians,540
Dodgson,540
Ringling,540
realisation,540
edgewise,540
Carleton,540
Maher,540
Cortés,540
fugu,540
calibrating,540
Benjamins,540
Heffley,540
slapper,540
colonialism,540
ensues,540
dente,540
Dakin,540
Samwell,540
zoologist,540
ob-gyn,540
omnis,540
icecream,540
councillors,540
thusly,540
acropolis,539
McCawley,539
kage,539
nihilist,539
sugarplum,539
Belikov,539
cordless,539
marketed,539
Lestrange,539
inhibition,539
milkmaid,539
Krissy,539
Nickleby,539
stoppage,539
Nitin,539
timepiece,539
scathing,539
7am,539
superstore,539
Bennington,539
miya,539
B-Dawg,539
Kamala,539
Lapointe,539
queues,539
heckling,539
peaking,539
coeds,539
claymores,539
g2,539
salacious,539
Equus,539
Stell,539
distancing,539
Kilroy,539
sweet-ass,539
arkadia,539
Gatewood,539
Bourgh,539
nunchucks,539
Babak,539
Sema,539
enrolling,539
Ernestine,538
anasazi,538
ketch,538
beaters,538
Bensonhurst,538
roofer,538
strasse,538
Ryoma,538
heckler,538
reciprocated,538
youu,538
rekindled,538
ney,538
pumice,538
la-la-la-la-la,538
strenght,538
bodhisattva,538
Lauer,538
sub-zero,538
unilaterally,538
blanch,538
Shimla,538
ipecac,538
Joshie,538
Atley,538
Statham,538
Kion,538
Sandstrom,538
peih-gee,538
espada,538
weak-minded,538
widdle,538
requisitions,538
bed-and-breakfast,538
Tulane,538
ras,538
Zimsky,538
ganged,538
Rheya,538
Solara,538
Eun-soo,538
belittling,538
hesh,538
rakhi,538
neatness,538
J'onzz,538
stemming,538
aeronautical,538
Yucatan,538
unblemished,538
Wayland,538
uck,538
Golding,538
youa,538
whatsit,538
Chivas,538
Ashima,538
Shaffer,538
kumquat,538
who'II,538
dak,538
Pawel,537
wops,537
peeped,537
minefields,537
cin,537
decays,537
Guillam,537
Neeson,537
lamenting,537
cyrillic,537
Eckland,537
alternates,537
Beecham,537
imbibe,537
Wuertz,537
Giri,537
Glastonbury,537
Gabbana,537
Kimba,537
Nuñez,537
disengages,537
Stephane,537
patently,537
sweltering,537
Swartz,537
figurative,537
dusters,537
wh-who,537
holdout,537
husbandry,537
BND,537
jes,537
rhe,537
reinventing,537
tap-dancing,537
animators,537
teenie,537
twiggy,537
Eema,537
afoul,537
newfangled,537
Ismay,537
fricassee,537
barcode,537
autobahn,537
guzzling,537
buffed,536
voiceprint,536
Suribachi,536
Condon,536
smidgen,536
ground-breaking,536
solarium,536
Torrez,536
mulled,536
sorriest,536
Iglesias,536
gaucho,536
será,536
five-hour,536
sep,536
Kagame,536
visser,536
ejaculated,536
Rayne,536
Harue,536
C.P,536
Aksel,536
PG-13,536
fuck-face,536
Bed-Stuy,536
OPR,536
implacable,536
Franta,536
cigs,536
Geum-ja,536
backyards,536
satirical,536
doo-doo-doo,536
wherewithal,536
chancery,536
fingertip,536
Leyton,536
outlander,536
Vandy,536
O-kay,536
LaRusso,536
Kernan,536
color-coded,536
Michaelson,536
Samsung,536
Ferrie,536
mangrove,536
Levenstein,536
underthe,536
archivist,536
glycerin,535
Kikuchi,535
fragmentation,535
caldera,535
safety-deposit,535
spigot,535
wildman,535
valens,535
poot,535
Lytton,535
edging,535
itfc,535
horsie,535
cadmium,535
stippling,535
Greenbow,535
salvageable,535
educators,535
life-or-death,535
busses,535
yardstick,535
Manchukuo,535
Bogardus,535
9pm,535
Coldwater,535
hulls,535
minie,535
baster,535
LeMay,535
Eversmann,535
balsa,535
bassoon,535
paralyzes,535
third-year,535
Johner,535
Ryuk,535
whatare,535
Beocca,535
Yukawa,535
visualizing,535
backache,535
Espinoza,535
Lentz,535
Mangalam,535
narwhal,535
reenter,535
sipped,535
Katsura,534
stoplight,534
swee'pea,534
excruciatingly,534
bedfellows,534
preconceptions,534
morte,534
atrians,534
Gaffigan,534
meep,534
croutons,534
diffusion,534
boogey,534
4B,534
zoobi,534
