word,count
내가,45842
난,41067
그,40870
안,39674
내,39129
수,38635
이,34948
네,34112
거야,33529
좀,29495
그래,26745
있어,24865
왜,23673
더,21880
그리고,21384
우리,20722
다,19121
한,19005
하지만,18830
무슨,18759
할,18721
잘,18504
어떻게,18217
그냥,18001
게,17434
정말,17315
있어요,16809
그럼,16797
것,16642
있는,16461
해,16345
여기,15654
제가,15631
넌,15479
날,15230
건,15226
전,14951
이제,14802
우리가,14643
지금,14564
걸,14531
뭐,14292
그게,14271
거,14062
네가,13735
없어,13682
아니,13580
돼,13070
제,12969
저,12908
못,12857
우린,12763
좋아,12336
당신이,12118
다른,11670
나,11407
거예요,11372
그런,11353
너무,10987
다시,10950
그건,10928
그래서,10830
이런,10607
그렇게,10604
이건,10567
모든,10535
나도,10354
당신,10215
당신은,9959
좋은,9740
때,9315
아,9283
오,9107
하는,9081
아니야,8843
하고,8757
뭘,8705
너,8585
아냐,8580
봐,8580
알아,8553
같이,8499
없어요,8491
나는,8428
이게,8230
닥터,8129
응,8003
오늘,7960
괜찮아,7726
말이야,7681
줄,7650
널,7501
어떤,7371
아주,7363
또,7352
아직,7298
누가,7282
말,7243
해요,7163
마,7143
진짜,6898
같은,6889
모두,6868
여기서,6790
하지,6779
안돼,6774
어서,6758
일이,6711
위해,6709
알고,6503
빨리,6483
바로,6458
될,6410
그는,6372
근데,6315
엄마,6313
전에,6272
이렇게,6242
있습니다,6229
가,6161
겁니다,6124
계속,6123
아뇨,6072
않아,6060
얼마나,6056
제발,6000
알았어,5985
이거,5951
있지,5932
좋아요,5850
어,5834
사람이,5782
안녕,5769
어디,5734
그래요,5651
같아,5627
우리는,5627
아니에요,5565
있을,5549
당신을,5528
그가,5519
때문에,5448
두,5446
그걸,5442
자,5280
몇,5263
대해,5255
수도,5214
거지,5196
아빠,5137
했어,5134
사람,5122
일을,4993
그렇지,4977
뭐야,4939
거죠,4903
많이,4895
저는,4837
함께,4833
돼요,4797
집에,4797
고마워요,4725
항상,4705
저기,4692
하나,4674
음,4664
나한테,4617
만약,4597
보고,4502
가장,4485
괜찮아요,4480
가서,4477
맞아,4460
말을,4457
잠깐,4448
없는,4343
가자,4336
안녕하세요,4330
알아요,4310
아무도,4300
그러니까,4266
그거,4242
아무것도,4238
와,4231
몰라,4190
많은,4155
뭐가,4130
그만,4110
큰,4108
했어요,4084
일,4076
젠장,4036
고마워,4024
그럴,3993
당신의,3989
것도,3972
말이,3959
사람들이,3959
그의,3889
이걸,3877
뭔가,3857
온,3855
아니면,3845
같아요,3845
이미,3844
아니라,3827
그런데,3824
있고,3819
뭐라고,3775
절대,3754
말은,3752
거에요,3746
있다고,3740
이봐,3716
당장,3710
그를,3681
세상에,3608
그래도,3592
대한,3554
않아요,3545
전부,3535
있죠,3533
둘,3532
자기,3518
갈,3486
말야,3476
하면,3474
거기,3466
야,3432
그녀는,3397
예,3389
됐어,3359
니가,3357
그들이,3342
너도,3330
씨,3325
아무,3301
다들,3300
꼭,3289
여긴,3285
미안해,3282
가지고,3265
참,3257
곧,3250
사람은,3232
우릴,3210
중,3206
저도,3201
시간,3197
이젠,3197
어때,3167
것을,3165
있잖아,3165
있다,3163
지금은,3150
해야,3143
나를,3129
봐요,3119
않을,3114
말고,3109
감사합니다,3097
알았어요,3096
아마,3089
엄마가,3070
얘기,3063
그들은,3057
수가,3034
먼저,3025
사람을,3005
그녀가,3004
시간이,2982
있는데,2979
우리의,2947
동안,2945
방금,2932
있었어,2900
된,2881
일은,2871
안에,2840
자네,2837
본,2802
들어,2802
싶어,2798
번,2772
완전,2771
친구,2758
맞아요,2723
합니다,2717
자네가,2711
한번,2705
절,2703
사실,2698
볼,2694
생각해,2656
선생님,2640
되는,2635
대체,2611
그러니,2607
같은데,2604
순,2601
문제가,2597
혼자,2590
일이야,2536
그러면,2509
사람들은,2509
거의,2508
줘,2502
가는,2498
이상,2492
거라고,2489
아빠가,2488
물론,2487
다음,2480
말해,2479
말도,2477
있었어요,2450
없습니다,2434
싫어,2426
이리,2418
중요한,2418
있으면,2414
잠깐만,2407
적,2405
내게,2399
전혀,2394
여자,2390
새,2390
맙소사,2387
아는,2386
너는,2380
내일,2362
너희,2331
아니요,2330
필요,2321
미안해요,2305
도움이,2296
새로운,2294
알,2282
아직도,2274
가지,2272
싶지,2269
원하는,2265
몰라요,2260
죄송해요,2254
나쁜,2253
작은,2227
나와,2226
하죠,2209
해도,2208
왔어,2207
필요해,2196
혹시,2195
가요,2190
여기에,2185
있나,2168
모르겠어,2158
직접,2144
그녀를,2142
알지,2141
됐어요,2122
했는데,2118
적이,2108
주세요,2107
있나요,2106
그저,2104
거요,2098
밖에,2086
나랑,2079
갖고,2075
것이,2068
마세요,2067
위한,2064
없이,2057
돈,2056
나중에,2026
어디서,2020
니,2018
시간을,2015
언제,2006
마지막,1993
왜냐면,1987
봤어,1980
위해서,1971
해서,1964
오래,1962
생각,1962
아버지,1962
기다려,1961
것은,1958
그렇죠,1950
있다는,1943
차,1930
했지,1921
알겠습니다,1921
수술,1915
돈을,1909
있는지,1902
알겠어요,1897
제일,1893
아니지,1889
죽은,1886
보여,1881
알겠어,1880
제대로,1874
것이다,1873
아닙니다,1868
있다면,1868
지난,1867
짓을,1866
보면,1860
너의,1851
엄청,1848
완전히,1836
우리를,1826
올,1825
너한테,1818
죽을,1816
왜요,1814
남자,1796
왔어요,1796
누구,1786
너가,1783
정말로,1782
없지,1778
모르겠어요,1777
말이죠,1770
말이지,1762
벌써,1760
말이에요,1759
소리,1757
멋진,1753
아닌,1752
처음,1748
여러분,1747
사람들을,1735
그녀의,1734
않았어,1730
대해서,1730
이름은,1721
와서,1721
사람들,1719
밤,1715
서로,1712
첫,1708
이름이,1708
싶은,1707
꽤,1702
당연히,1701
조금,1700
싶어요,1692
없고,1689
어때요,1687
오늘은,1680
뿐이야,1680
미안,1680
없을,1677
때까지,1676
않는,1675
안돼요,1662
살,1656
후,1652
여보,1650
어디로,1649
필요한,1646
나가,1645
사랑해,1638
단지,1637
죄송합니다,1636
가고,1635
하는데,1632
매우,1632
여보세요,1624
없다,1612
별로,1612
했죠,1612
있어서,1609
확실히,1609
여자가,1609
아니고,1605
이야기,1604
않은,1597
부인,1590
건가요,1587
않고,1575
나의,1572
준비,1568
알았지,1568
되지,1565
여전히,1561
딱,1558
문,1557
글쎄,1553
엄마는,1549
되면,1545
훨씬,1545
있잖아요,1544
데리고,1542
그러지,1541
듣고,1532
않으면,1529
뒤에,1529
세,1522
집,1521
거기서,1520
보세요,1517
손,1515
최고의,1515
뭔지,1513
말하는,1510
어쩌면,1509
것처럼,1509
신경,1506
말하지,1506
당신도,1502
모르는,1501
아버지가,1500
어느,1499
너를,1498
아마도,1486
친구가,1478
되고,1478
환자,1477
이봐요,1471
생각이,1471
유일한,1471
망할,1469
없다고,1454
전화,1452
도대체,1444
존,1439
양,1435
가진,1434
있게,1431
이번,1428
후에,1417
어쨌든,1415
말할,1413
말아요,1412
그만해,1409
갑자기,1406
필요해요,1405
가야,1403
마치,1400
걱정,1400
대신,1397
누구야,1394
당신에게,1390
생각을,1388
늘,1387
그들을,1383
매일,1383
조지,1383
누군가,1383
없었어,1382
알잖아,1381
지,1380
한다,1379
것입니다,1377
아이를,1377
않았어요,1372
아침,1371
뭐하는,1368
집으로,1355
자넨,1351
수는,1350
모두가,1350
둘이,1344
보자,1343
봤어요,1343
사는,1342
두고,1342
건데,1341
손을,1340
수술을,1337
거다,1334
그들의,1333
분명히,1332
당신과,1329
얘기를,1328
있네,1327
한다고,1327
일단,1325
이름을,1324
없잖아,1321
너랑,1320
했잖아,1314
잡아,1313
그레이,1313
보는,1309
중에,1308
땐,1303
이유가,1303
좋아하는,1295
하게,1291
기분이,1290
뭐지,1288
못해,1284
결국,1283
알렉스,1281
기분,1273
뭔데,1273
금방,1269
하세요,1265
그때,1262
찾고,1262
우리에게,1260
베일리,1259
알게,1259
남자가,1258
찾을,1257
언제나,1254
저를,1252
가면,1252
아니죠,1249
앞으로,1247
우리도,1244
이상한,1243
저희,1239
텐데,1238
집에서,1233
어제,1229
왜냐하면,1228
맘에,1226
때가,1225
잠깐만요,1225
스스로,1222
아님,1221
해봐,1220
방법이,1219
놈이,1218
자신의,1217
여기가,1216
미친,1215
아침에,1208
먹고,1207
있어야,1203
건가,1201
애가,1199
머리,1193
게다가,1193
뭐죠,1192
아들,1190
있던,1185
데,1184
죽일,1184
환자가,1182
보지,1176
없죠,1175
같네요,1169
막,1167
총,1167
일어나,1166
했던,1165
눈을,1164
있지만,1163
고맙습니다,1163
아이,1159
조용히,1158
없었어요,1158
앉아,1153
밤에,1152
잘못,1146
뭔,1145
이것,1142
방법을,1140
들었어,1138
나에게,1135
자신을,1131
타고,1130
아니라고,1126
누군지,1126
힘을,1125
원래,1125
만나서,1124
길을,1120
믿을,1119
여길,1119
솔직히,1118
진정해,1117
않습니다,1117
살아,1115
대로,1113
좋지,1112
사랑하는,1100
메러디스,1100
만든,1100
라고,1099
자기가,1098
조심해,1095
따라,1092
하려고,1091
기다리고,1090
술,1090
얼른,1090
충분히,1088
천천히,1086
저희가,1085
찾아,1083
더이상,1082
일에,1079
정확히,1078
있었는데,1076
얘들아,1073
괜찮은,1068
이럴,1066
평생,1066
될까요,1064
눈,1062
총을,1061
아이가,1055
잘했어,1053
적어도,1052
빌어먹을,1052
저기요,1049
거기에,1047
저게,1047
말하고,1046
가끔,1042
놈,1040
너와,1039
마요,1038
얘야,1037
좋았어,1037
괜찮을,1035
아녜요,1031
마음에,1029
잠시,1028
주,1023
생각엔,1022
걔가,1021
맞지,1021
아저씨,1021
분명,1020
문을,1020
역시,1018
됩니다,1015
훌륭한,1014
알겠지,1014
아까,1014
문제,1013
죽었어,1013
만들어,1010
어딨어,1008
개,1008
아니잖아,1008
위에,1006
입,1006
살고,1006
애,1004
거고,1003
저녁,1003
삶을,1003
생각은,1002
집을,1001
영원히,1000
생각하는,996
간,995
싫어요,993
남은,992
분,992
알았는데,992
계세요,989
있었던,989
될거야,988
서,988
생각해요,987
그렇지만,986
알아서,985
어디에,984
옆에,983
그럼요,983
들고,982
도와줘,981
그대로,977
좋을,977
준비가,976
곳에,974
뭐든,971
그러나,969
엄청난,969
멈춰,967
이번엔,967
있으니까,966
아빠는,966
테니까,963
이지,962
멍청한,962
하자,957
마지막으로,956
차를,955
하는지,955
기회를,954
그렇다면,953
필요가,953
여자를,951
속에,951
앞에서,949
그랬어,949
말한,947
있었지,947
잠시만요,947
받아,947
오는,946
보니,946
정도,945
자네는,945
뭐라고요,943
없는데,942
말라고,940
이해가,933
간다,933
일도,930
입고,928
물,928
하나도,928
걸로,927
그것도,926
뒤로,926
못할,924
애들,923
끔찍한,921
저한테,920
앞에,920
있소,919
선생님이,919
아름다운,918
정신,918
있었죠,918
서둘러,916
크리스티나,916
다음에,916
놈들이,916
하루,912
들어가,909
소리야,908
들어봐,905
밖으로,905
줘요,905
년,905
준,904
가세요,904
제게,904
아니다,903
번째,903
아버지는,901
뭐요,900
요즘,899
관한,899
가게,898
문제는,897
믿어,896
단,894
저런,893
받고,892
하지마,892
모르겠지만,891
좋겠어,889
미국,888
누구도,887
만큼,884
끝났어,883
입니다,883
사랑,882
머리를,881
특별한,881
여기는,881
얘,879
할게,878
했지만,878
옷,877
힘든,877
씨발,875
자기야,875
어머니,874
쓸,871
뭔가를,871
건지,870
나야,868
되죠,868
갈게,866
보게,866
없네,863
중이야,860
말해봐,859
별,858
일이에요,857
언니,856
생각하지,856
받을,854
할까,852
헤이,852
꽉,852
형,850
걔,850
닥쳐,849
할지,848
그것은,846
그에게,844
상황이,844
여기로,844
마음을,843
같은데요,843
여자는,841
저건,841
엄마를,841
테니,839
찾는,838
가족을,837
할거야,835
오고,835
멀리,834
믿지,833
어쩔,832
세상을,832
않을거야,830
이름,829
처럼,827
얘길,827
하기,827
주고,827
환자를,825
오말리,823
겁니까,823
있니,817
들었어요,816
손에,815
아닌데,814
약,814
없다는,813
있을까,812
전화를,808
이유는,806
그러고,806
맞는,806
돈이,805
놔,805
조금만,805
거짓말,804
어린,804
사람이야,804
할게요,803
모르지,803
통해,801
모두들,801
알죠,801
진짜로,801
바보,799
목숨을,799
보여요,798
사실은,798
많아,798
너에게,796
꿈을,795
아기,794
필,791
떨어져,791
있을거야,791
잔,791
차에,791
보러,789
주는,789
기억,787
아니지만,786
가족,785
먹을,785
가까이,785
어이,785
병원에,784
만들,781
데릭,780
거잖아,779
점점,779
딸,778
크게,778
다시는,778
그래야,778
말이다,777
것에,776
있을까요,776
물론이죠,774
밥,774
아니었어,774
아가씨,771
현재,770
죽인,769
걘,766
애를,765
말하면,765
알지만,761
제발요,760
잡고,759
오면,759
셋,758
만드는,758
했다,755
그치만,754
경찰,754
이야기를,754
학교,752
필요는,752
당연하지,752
잭,751
지금까지,751
칼,749
오빠,749
찾았어,747
뿐이에요,746
얼마,746
마이크,745
아세요,745
죽게,745
보이지,743
먹어,743
정말요,743
죽는,742
못해요,742
특히,740
거라,738
있겠지,737
잠시만,736
사실을,736
열어,736
해줘,736
같습니다,735
그랬지,735
자주,735
놈을,734
있거든,734
오지,734
쉽게,733
아들을,733
주지,731
계획이,731
그리,728
만난,728
들어요,728
그것,728
얼굴을,728
운이,728
또한,726
드디어,726
달,726
방에,726
무엇을,725
진실을,725
죽어,724
일찍,723
박사님,722
나서,722
저거,722
절대로,722
위험한,721
영화,721
열심히,720
되어,720
다신,719
가만히,719
약간,719
애들이,718
그렇다고,718
보이는,718
새로,718
하는거야,717
누굴,716
정보를,715
마음이,715
봐봐,715
와요,714
환자는,714
그거야,713
결혼,712
때는,711
했습니다,711
하나가,710
의사,710
아내가,710
마라,709
오랫동안,709
사진,709
꺼져,708
정도로,707
저리,707
뛰어,707
일이죠,706
맞죠,706
사이에,705
떠날,704
줄게,704
경찰이,703
딸이,703
사랑해요,702
한다면,702
했다고,700
군,700
됐다,698
사람의,698
모습을,698
말입니다,697
최선을,696
여기요,696
가능한,696
된다고,695
없지만,695
아니예요,693
남자는,693
얘기가,692
상황을,692
모두를,692
같네,691
피를,691
내려,691
아기를,691
네게,690
글쎄요,690
완벽한,690
거짓말을,690
위대한,689
제이,686
굉장히,686
있으니,685
샘,685
인생을,684
방법은,684
가족이,683
누군가가,683
자꾸,682
받은,680
대단한,679
기회가,679
했고,679
때도,678
의사가,678
노래,678
했을,676
옷을,676
일하는,675
쓰고,675
저희는,675
갔어,675
비켜,674
자고,673
열,673
얘기해,673
커피,673
와우,673
얼굴,672
곳이,671
원하지,670
보내,670
상관,669
숨을,668
만들고,667
된다,665
겨우,665
사람도,665
밖에서,665
심지어,665
한다는,663
아이고,663
만약에,662
없으면,659
곳을,658
뭐예요,658
길,657
병원,657
짐,656
우리한테,655
만한,655
아들이,655
시간은,655
놈은,655
해야지,654
못한,654
만날,653
같지,653
생각하고,652
보통,652
클레어,652
도와줘요,652
여러,651
될까,651
움직여,650
있었다,650
써,650
눈이,649
자신이,648
문제를,647
있는거야,647
나오는,646
셜록,646
말씀,644
자식,644
사건,643
도와줄,642
몰라도,642
나갈,642
그렇군요,642
도움을,641
설마,641
친구들,641
가져와,639
아니오,639
봤지,639
자는,639
남편이,638
앉아서,638
같군,638
소리를,637
실례합니다,637
했잖아요,635
방,634
도울,634
진정한,634
당신한테,633
사랑을,633
알았다,632
불러,631
피터,631
눈에,631
좋아해,627
원해,626
프랭크,625
갑시다,624
죽이고,623
곳으로,623
척,621
이쪽으로,621
나온,620
세상에서,619
죽었어요,619
일로,619
있습니까,618
심장을,618
왔다,617
어딜,617
화가,616
딸을,616
과장님,616
팀,615
알았죠,615
있도록,615
흠,615
맥스,615
덕분에,614
속에서,613
그것을,613
모르겠네요,613
기억이,612
마음,612
딴,611
예쁜,611
들어와,611
버크,610
이리와,610
짓,610
때마다,610
산,609
보다,609
최대한,609
분이,608
할까요,608
안에서,608
됐지,607
이곳에,606
아버지를,605
갈게요,605
똑같은,603
순간,603
당신들,603
있네요,602
클라라,601
어차피,601
짓이야,601
쓰는,600
하네,600
걸요,600
소리가,599
생긴,599
타,597
쟤,596
없잖아요,596
조,596
고통을,595
때문이야,595
일어난,595
잘못된,593
거니,593
않는다,592
것보다,590
얘기는,590
쓴,590
하나만,590
비밀,589
모르지만,589
피가,589
몸이,589
너네,589
오케이,588
달라,587
이후로,587
그날,586
친구를,586
않게,586
문제야,586
압니다,585
해줄,585
이유를,584
했는지,584
음악,584
나면,584
심장,584
몸을,583
남자를,582
찾아야,582
는,581
미안하지만,581
모든걸,581
감옥에,580
들려,580
막을,580
수술이,577
너희들,577
아니잖아요,576
심장이,576
하라고,576
잊지,576
새끼,574
있겠어,574
그치,574
없어서,574
나가서,573
명,573
왔습니다,573
할머니,572
나은,572
가도,571
찾았어요,571
같군요,571
싶으면,571
돌아올,571
대,570
되는데,570
그랬어요,570
곳에서,570
이러지,569
어째서,569
스티븐스,569
그들,568
알아야,567
아빠를,567
고맙네,567
박사,567
자리를,566
반가워요,565
좋아해요,565
계획을,564
그렇습니다,564
모든게,564
필요할,564
아무리,563
더는,563
오직,563
어려운,562
반드시,562
따르면,562
엄마랑,562
모르고,561
좋네요,560
하니까,560
사진을,560
법을,559
안으로,559
빼고,559
같다,559
보낸,558
못하게,558
싶었어,558
엄마한테,557
오세요,556
한잔,556
수술에,556
그러죠,556
착한,555
있었고,555
내내,554
그걸로,554
하잖아,553
적은,552
이해,552
약을,552
보기,551
신이,551
선생님은,550
곁에,550
물론이지,550
에,549
인간,549
몰랐어,548
관심,548
같아서,548
높은,547
좋겠어요,546
머리가,546
봤는데,545
못하는,545
리,545
를,544
세상이,544
머리에,544
데려다,544
아가,544
쓰지,543
여기까지,543
믿고,543
배를,542
움직이지,542
그러다,542
생각에,542
않아도,542
처음으로,541
힘이,541
말했어,541
되요,540
집이,540
따라와,539
죽지,539
냄새가,539
그렇고,539
뭐라,538
뒤,538
거니까,537
모르겠다,537
죽였어,536
돌아갈,535
죽여,535
자네를,535
말했잖아,534
役,533
아이는,533
제임스,533
로스,532
심각한,532
기다려요,532
이쪽은,532
얘가,532
좋다,531
말해줘,531
한번도,530
긴,529
거긴,529
그러는,529
마크,529
사고,529
자리에,528
데이트,528
세상,528
느낌이,528
이래,527
구할,527
그동안,526
식으로,526
있었습니다,526
저랑,526
녀석,526
다섯,526
사람들에게,526
일이지,525
곳,525
이제는,525
그녀에게,525
배,524
크리스마스,523
그녀,523
옛날,523
쉐퍼드,523
없네요,523
아이들을,523
좋습니다,522
언젠가,522
신의,522
죽고,521
너희가,521
전엔,521
지금도,521
세계,520
도와주세요,520
결정을,520
중이에요,520
요,519
확인해,518
없소,517
실제로,517
돌아가,516
모두에게,516
봐야,516
고맙다,516
비행기,515
가자고,515
캠,515
그러게,515
대화를,515
둬,514
상태가,514
있거든요,514
저렇게,514
의,513
이만,512
감사해요,512
책,512
몸,512
오래된,511
가능성이,511
모를,510
있는게,510
가질,510
아닌가,509
분은,509
입을,509
그것이,509
출혈이,508
남편,508
덜,508
아나,508
상관없어,508
것들을,508
치프,507
기억해,507
확인,506
들은,506
처음부터,505
얘기하고,505
수정,504
싶어서,503
행운을,503
안전한,503
해주세요,503
우리와,503
배가,502
자네의,501
가끔은,499
명이,499
않지만,498
아기가,498
벤,497
실수를,497
어서요,497
한거야,497
곳은,496
젊은,496
불쌍한,496
며칠,496
중입니다,495
애들은,495
뜻이야,495
오늘밤,494
날이,494
들을,494
놓고,494
뭐든지,494
좋네,493
생각했어,493
달라고,493
확실해,493
애는,492
차가,492
사랑에,492
줄은,492
가져,491
뭐라도,491
준비해,491
몰랐어요,490
병원에서,490
있어도,489
갖다,489
아직은,489
있는데요,489
이걸로,489
최악의,489
시간에,489
평범한,488
근처에,488
모르죠,488
미스터,488
다리,487
닉,487
있기,487
책을,486
위로,486
갔어요,485
지도,485
할아버지,485
있겠죠,485
기억나,485
죽이지,484
우선,484
검사,484
몰래,483
보자고,483
봐라,483
죽으면,483
차라리,482
아닐,481
자네도,481
아내를,481
얘긴,481
당연하죠,480
만,480
미리,479
루크,479
안녕히,479
것만,479
보낼,479
혼자서,479
생일,479
맞다,478
얼굴이,478
싶은데,478
불,477
죄송하지만,477
거란,477
올게,477
뭐하는거야,477
자막,477
어떡해,477
마약,477
바랍니다,476
많아요,476
먹는,476
마시고,474
믿어요,473
거라면,473
없다면,472
당신들이,472
결코,472
가만,472
들어갈,472
하나는,472
생명을,470
하실,469
무기를,469
하면서,469
않는다면,468
어머,468
동생,468
실은,468
좋아하지,468
진심으로,468
강한,468
간에,468
나머지,467
만나,467
않죠,467
아니었어요,467
그와,466
돌아와,466
있단,466
있었는지,465
애들을,465
내버려,464
봐도,464
것과,464
돌아,463
원한다면,463
얘기할,463
갔다,463
누군가를,462
않나,462
없으니까,462
돈은,462
녀석이,462
좋은데,462
받는,462
뭔가가,462
그들에게,462
자넬,461
끝까지,461
의해,460
질문,460
숨,460
아니라면,460
카메라,460
저들이,460
톰,460
아무튼,459
따로,459
살인,459
생각도,459
발사,459
돼서,458
적도,457
그리곤,456
싸울,456
번도,456
행복한,456
정신이,456
되잖아,456
알다시피,455
마침내,455
파티,455
받지,455
있을지,454
뭐라구요,454
꿈,454
아는데,454
있다고요,454
위치를,453
정말이야,453
즉시,453
죽이는,452
없나요,451
수술은,451
헨리,451
싶었어요,450
인간의,450
않지,450
어디야,450
주면,449
명령을,449
메리,449
상처를,449
원치,448
시작,447
못했어,447
입은,447
다리를,447
쪽으로,446
그런거,446
거대한,446
첫번째,445
관심이,445
할수,444
걸까,444
무서워,443
똑같이,443
하는게,443
검은,443
둘다,443
말로는,443
걱정하지,442
찾은,442
뭔데요,442
있고요,441
루시어스,440
정도는,440
목을,440
왔는데,440
발,440
카레브,440
생각할,439
바라는,439
것으로,439
에이미,439
이해할,438
받았어,437
들어가서,436
질문을,436
친구야,436
말인지,436
아파,436
한데,435
됐죠,435
고양이,435
나올,435
어머니가,434
있군,434
도와,434
않았다,434
빠져,434
제길,434
씨가,434
일어날,434
물건을,433
모르겠네,433
기다리는,433
쉬운,433
되겠지,433
환영합니다,433
믿는,433
전쟁을,433
사건을,432
버려,432
가치가,432
반,432
누구죠,432
어렸을,432
그만해요,432
말했어요,432
말하자면,432
말해야,432
괜찮지,431
아무래도,431
찾아서,430
아이들이,430
알잖아요,430
사람에게,430
가봐,429
아무런,429
밑에,429
하루종일,429
물을,428
뭐에요,428
형사님,428
되나요,428
친구는,428
옳은,428
다야,427
준비됐어,427
거냐,427
얼굴에,426
친구들이,426
환자의,426
말인데,426
세상은,425
그땐,425
리처드,425
서로를,425
잡을,425
있단다,425
일하고,425
쏴,425
이해해,425
너희들이,425
형이,425
부터,424
당신들은,424
바람,423
보죠,423
혹은,423
게임,423
임마,423
피,422
내놔,422
찾으러,422
미쳤어,422
요원,422
미래를,422
능력을,421
끝난,421
싶다면,420
하던,420
걔는,420
삼촌,420
쪽,419
알면,419
거잖아요,419
아픈,419
전까지,418
몸에,418
놈들,417
되게,417
일부러,417
만나고,417
그렇겠지,416
드릴게요,415
나만,415
전에도,415
보내고,415
쟤가,415
하려는,415
폐하,415
이러는,415
아버지의,414
길이,414
약속을,414
사람들의,414
어젯밤에,414
팔,413
다음은,413
아래,413
똑바로,413
아내,413
종일,413
죽음을,413
말이오,412
왼쪽,412
둘은,412
쉽지,412
사람이에요,412
선물,412
무슨일이,412
생각했어요,411
해줘요,411
무서운,411
효과가,411
예전에,411
대니,410
개를,410
학교에,410
얻을,410
않네,409
가까운,409
손이,409
오후,408
못하고,408
영향을,407
때부터,407
나보다,407
이길,407
하나를,407
마이클,407
것들이,407
돌려,406
명의,406
꽤나,406
재밌는,406
즐거운,406
시작해,406
윌,405
노래를,405
생겼어,404
회사,404
전하,404
필요로,403
전해,402
일인지,402
떨어진,402
쉿,402
엎드려,401
올려,401
걸어,401
이것은,401
보라고,401
무지,400
누구지,400
좋겠다,400
잠을,400
물러서,400
채,399
더러운,399
릴리,399
건배,399
이것도,399
물이,399
뭐해,398
것들,398
없나,398
최소한,398
전에는,398
잘하고,397
좋게,397
리가,396
엄마도,396
제이크,396
점심,396
끝났어요,396
파티에,396
을,396
그랬죠,396
아빠한테,395
놈의,395
사람과,395
저의,395
오랜,395
나쁘지,394
아니니까,394
바꿀,394
끝나면,394
나가요,394
축하해,394
놈들은,394
미안한데,393
된다면,393
사실이,393
하러,393
개가,393
버리고,393
불을,392
하나의,392
하니,392
문이,392
미안하다,392
해라,392
숨어,392
얘는,392
조니,392
수많은,391
여기선,391
왔지,391
맞았어,391
감히,391
밤새,391
제기랄,390
관해,390
검사를,390
차에서,390
술을,389
진짜야,389
레이,388
최근에,388
아닌가요,388
워,388
저흰,388
어젯밤,387
뿐이지,387
안전하게,387
안되는,386
있었다고,386
다음엔,386
어떻게든,386
의미가,386
처음엔,386
느낄,386
나요,386
괜찮으세요,386
방에서,385
말로,385
남았어,385
될지,384
자리,384
만나러,384
가방,384
최고,384
유명한,384
받았어요,384
끌고,384
볼까,384
지금부터,383
오른쪽,383
언니가,383
소식을,383
말하길,383
맨날,383
생각했는데,383
동시에,383
모릅니다,382
안나,382
자격이,381
사람한테,381
진심이야,381
인생,381
저에게,381
비밀을,381
전쟁,381
냄새,381
죄를,380
귀여운,379
함장님,379
않나요,379
걸릴,378
결과를,378
데려가,377
전까진,377
가라,377
글로리아,377
좋죠,377
먼,377
원,376
이상해,376
가기,376
도시,376
오신,376
조심해요,375
친한,375
거래를,375
개인,375
갑니다,374
걸세,374
싶을,374
삶의,374
뭐하고,374
든,374
똑똑한,373
갈래,373
남아,372
그러세요,372
아이구,372
못했어요,371
아빤,371
달려,371
된다는,371
인간이,370
잘못이,370
내말은,370
아시죠,370
빠르게,370
무기,369
부인이,369
없이는,369
간다고,369
있긴,369
살아있는,368
괜찮습니다,368
됐습니다,368
담배,367
위험해,367
도시를,367
마셔,367
들려요,367
왔네,366
괜찮니,366
언제부터,366
필요합니다,366
왕이,365
쿠퍼,365
가져다,365
영국,365
경우,365
누구나,365
침대,365
보이는데,364
행동을,364
사랑은,364
진,364
생각해봐,364
드릴까요,364
안다고,363
내겐,363
까지,363
선물을,363
하나요,363
가죠,363
때문이지,363
매니,363
크리스,363
예전,362
아가야,362
최근,362
있으세요,362
깊은,361
감정을,361
선생,361
하,361
않았지,361
뉴욕,361
마찬가지야,360
났어,360
남편은,360
넣어,360
지역,360
소릴,360
고작,360
말했지,359
놈들을,359
떠나지,359
위험을,359
싶다고,359
외과,359
준비를,359
학교에서,359
찰리,358
만들었어,358
세상의,358
사람들도,358
바닥에,358
1년,358
금지,358
어떤지,358
아내는,357
가르쳐,357
계신,357
온다,357
생각이야,357
우와,357
낼,357
임무를,356
잘됐네,356
마을,356
카레프,356
듯,356
스스로를,355
손으로,355
말해요,355
갈거야,355
맘대로,355
안해,355
장난,355
이라고,354
있는거,354
결과,354
연락,354
번역,354
데이브,354
떠나,354
열쇠,353
기억을,353
약간의,352
부모님이,352
하겠습니다,352
이따,352
셰퍼드,352
결과가,352
물건,352
자가,351
대해선,351
너희들은,351
또는,351
죽기,351
뿐,351
장,350
어찌,350
시체를,350
섹스,350
매번,349
않았습니다,349
싶진,349
대부분,349
어릴,349
비슷한,349
엄청나게,348
올게요,348
찾지,348
보여줘,348
여행,348
켄,348
데리러,348
만들지,347
이동,347
없었다,347
답을,347
자네에게,347
돌아오지,347
파티를,346
없군,346
부르는,346
위하여,346
줬어,346
치료를,346
떠난,346
찾으면,345
생각합니다,345
듣지,345
아빠랑,345
보스,345
죽이려고,345
싸우고,345
관심을,344
않네요,344
알겠죠,344
형은,344
됐네,344
거라는,344
나가는,343
우리랑,343
전부터,343
무척,343
않았을,343
음식을,342
힘들어,342
옳지,342
폴,342
빨간,342
싸우는,342
빠진,341
원해요,341
메시지를,341
커다란,341
소식이,340
진정해요,340
관련된,340
나무,340
지구,340
드릴,340
위에서,340
스콧,339
이러면,339
밤을,339
모르겠는데,339
할래,339
신부님,338
꼬마,338
놀라운,338
침대에,338
사건이,338
결혼을,338
누구든,338
해봐요,338
상처,337
돕고,337
아래로,337
서서,337
있겠어요,337
하겠어,337
만나는,336
그렇군,336
하자고,336
반갑습니다,336
미스,336
약속,336
하긴,336
음식,335
하셨어요,335
기다릴,335
거라고요,335
개인적인,335
2년,334
모르잖아,334
잃은,334
누구요,334
줄래,334
했나,334
때문이죠,333
넣고,333
강력한,333
크고,333
보안,333
해야할,333
별거,333
걸린,333
방을,333
씨는,332
여자랑,332
이것이,332
미안합니다,332
않아서,331
있을지도,331
내려놔,330
중요하지,330
봤을,330
저와,330
존나,330
화장실,330
생기면,329
누구한테,329
달리,329
아기는,329
얘기하는,329
이거야,329
하네요,328
없었죠,328
인생은,328
번이나,328
관계를,328
해서요,327
같구나,327
마음대로,327
쿠키,327
아들은,327
봅시다,327
달린,326
있었을,326
그곳에,325
위험에,325
거네,325
보입니다,325
할아버지가,325
맞습니다,325
봐서,325
인생이,324
없으니,324
질,324
너희는,324
간단한,324
싶습니다,324
끝날,324
가슴,324
누구랑,324
거군요,324
범인은,323
오빠가,323
라는,323
좀더,323
카라,323
자유,323
데이비드,323
왜죠,323
어떤가,323
결혼식,322
생각보다,322
왔을,322
고,322
아니거든,322
사장님,322
종류의,322
누군가는,322
행복해,321
범인이,321
만세,321
너흰,321
애야,321
이제야,321
뻔,321
배포,320
오늘이,320
끝이야,320
저도요,320
누나,320
여기야,320
늦었어,320
그만둬,320
만나게,319
어쩌다,319
않았죠,319
전화해,319
나와서,319
행복하게,319
부르지,318
완료,318
물어봐,318
속,318
연락을,318
약속해,318
팀이,318
바,317
삶이,317
칼을,317
지금이,317
모자,317
파블로,317
않을까,317
가봐야,317
오게,316
저들은,316
대통령님,316
밑에서,316
연락이,316
가족은,316
잃을,315
중국,315
아니라는,315
전화해서,315
수술실에,315
하느님,315
나한텐,315
생각한,315
앤,314
필요도,314
사고가,314
경찰에,314
다치게,314
걸고,313
개의,313
가야지,313
정신을,313
아니란,313
못하면,313
사랑이,313
대부분의,312
괜히,312
맥주,312
그런게,312
기꺼이,312
있다가,312
발을,312
10분,312
잡았어,312
너야,312
신,311
선을,311
대학,311
게임을,311
보니까,311
즉,311
나왔어,311
영혼을,311
나에,311
하도록,311
남편을,310
아저씨가,310
죽음의,310
세게,310
삶은,310
아버진,310
말게,309
자를,309
두번째,309
증거가,309
두려워,309
심하게,309
됐고,309
줬어요,308
녀석은,308
들어봐요,308
신발,308
집은,308
해냈어,308
향해,308
쭉,308
알겠다,308
러시아,307
아이의,307
맨,307
신호를,307
없었지,307
듣는,307
그쪽,307
불이,307
케빈,307
거래,306
여지가,306
이야기는,306
확실한,306
팔을,306
살짝,306
뒤를,306
어쩌지,306
정보,306
안그래,306
괜찮을거야,306
형님,306
걱정할,305
가라고,305
이상하게,305
줄까,305
모른다고,305
앨리슨,305
이후,305
말해줘요,305
있대,304
토레스,304
맡아,304
필요하면,304
하시는,304
농담,304
모른다,303
번만,303
어딨어요,303
거였어,303
충분한,303
가려고,303
누군데,303
뿐입니다,303
어떨까,302
편지를,302
좋아할,302
곳이야,302
그런가,302
다르게,302
말에,301
깜짝,301
보이네,301
예를,301
여자야,301
알려줘,301
아파요,301
찰스,301
돌아가서,301
어떠세요,301
빈,300
소중한,300
고칠,300
인생의,300
가짜,300
미란다,300
데려와,300
일들을,299
빠른,299
나왔어요,299
질문에,299
일하러,299
안했어,299
너무나,299
엄만,299
뭐냐,299
아니겠지,299
싫어하는,298
되겠죠,298
들었는데,298
차는,298
되기,298
어딨는지,298
30분,297
시간이야,297
5분,297
받아야,297
조지가,297
끝나고,297
찾기,297
늦게,296
봤죠,296
드세요,296
갈까,296
보냈어,296
생각하면,296
보이네요,296
우주,296
포,296
미,295
말했죠,295
해결할,295
땅에,295
필요하지,295
늙은,295
주에,295
몇몇,295
말해봐요,294
단순한,294
달러,294
고맙소,294
채로,294
안다,294
안되요,294
선택을,294
없게,294
챙겨,294
나보고,294
이리로,294
뭡니까,293
뜻은,293
했네,293
이대로,293
수밖에,293
돈도,293
호텔,293
보내는,293
받게,292
생각하세요,292
있는건,292
엄마의,292
웬,292
소식은,292
일종의,292
증거를,292
자동차,291
아들아,291
보여줄,291
제시,291
건물,291
이유,291
일주일,291
계획은,291
하잖아요,291
슬론,291
있었잖아,291
붙어,290
하더군요,290
아니네,290
비록,290
안전해,290
않잖아,290
더욱,290
불러요,290
오기,290
보인다,290
코너,289
자식이,289
힘,289
멈추지,289
걸려,289
완벽하게,289
어머니는,289
이틀,289
앉으세요,289
수술실에서,289
필요없어,289
않은데,288
멈출,288
나이,288
군대를,288
물어볼,288
뭐니,288
치워,288
상당히,287
건데요,287
않다고,287
신을,287
춤을,287
공격을,287
동생이,287
행크,287
다리가,287
전체를,287
등,287
하셨죠,287
라,287
왠지,286
있다구요,286
따라서,286
않도록,286
걱정마,286
뿐이죠,286
나가야,286
뒤에서,286
도움,286
치고,286
영화를,286
때문에요,285
일할,285
및,285
맛이,285
빌리,285
신은,285
새끼야,285
희망을,285
좋고,285
해보자,285
한가지,285
없거든,285
릭,285
당신이랑,285
아빠도,284
10년,284
지내,284
들었지,284
부를,284
태어난,284
인턴,284
있군요,284
쓰레기,284
눈으로,284
마실,284
시작할,284
사람들과,284
무릎,284
바람에,283
반가워,283
정보가,283
복잡한,283
일들이,283
아예,283
돌아가는,283
이곳,282
쏘지,282
어딘가에,282
2번,282
저요,282
있어서요,282
쉬어,282
루시,282
거면,282
나을,282
상황에,282
혈액,281
벌,281
좋다고,281
물어,281
남의,280
빌,280
각자,280
루이스,280
줘야,280
꿈이,280
있었으면,280
오셨어요,280
틀렸어,280
않는다고,280
전화가,279
일어나는,279
정도면,279
대통령,279
경찰을,279
헤일리,279
교수님,279
길에,279
싶지만,279
인간은,279
돌아온,279
총에,278
접근,278
관련,278
루시퍼,278
죽었다고,278
사실이야,278
고등학교,278
별일,278
얜,277
사랑의,277
누구세요,276
신경쓰지,276
없을거야,276
확실하게,276
미첼,276
할머니가,276
합시다,276
한참,276
말하기,275
실제,275
잃고,275
헌트,275
했으면,275
계속해서,275
있었나,274
가득,274
보려고,274
안됩니다,274
피해,274
아이들,274
타마오,274
된거야,274
정말이지,274
괜찮다고,274
질문이,274
굳이,274
여자와,273
지킬,273
마십시오,273
저걸,273
않니,273
많지,273
언제든,273
지켜,273
차려,273
대신에,273
않았다면,272
잘됐네요,272
아이들은,272
됐는데,272
역할을,272
쳐,272
목소리,272
이상의,271
보일,271
필요하다고,271
같애,271
나가자,271
어딨지,271
말만,270
줘서,270
돼지,270
달라요,270
주셔서,270
이름으로,270
권리가,270
차로,270
작전,270
데릭이,269
독일,269
이상은,269
수술실,269
어떻게요,269
방으로,269
에이,269
어쩌고,269
왓슨,268
멋져,268
여행을,268
낫지,268
쟨,268
들어가면,268
됐네요,268
뛰어난,268
좋겠네요,267
차례야,267
경찰은,267
문자,267
어땠어,267
몸은,267
여성,267
오라고,267
자세히,267
끝이,267
바래,267
때문이에요,267
알겠지만,267
싶네요,267
능력이,267
돌아와서,266
봤다고,266
옛,266
인해,266
있으니까요,266
프랑스,266
침대에서,266
성,266
않았으면,265
기록을,265
중요해,265
얘기야,265
결국엔,265
비디오,265
뜻이죠,265
순간을,265
공주님,265
이들은,264
런던,264
꼬마야,264
그녀와,264
이를,264
부모님,264
도망쳐,264
그러는데,264
소식,264
엄마와,264
사랑하지,264
일인데,264
어두운,264
그렇구나,263
같아서요,263
엔진,263
에이버리,263
상황은,263
데이빗,263
캘리,263
자요,263
올라가,263
좋았어요,263
살게,263
폭탄을,263
말해서,262
앉아요,262
감옥에서,262
베일리가,262
선택의,262
컴퓨터,262
오히려,262
화를,262
탈,262
월터,261
했거든요,261
하루에,261
선생님을,261
그에,261
때를,261
와인,261
버크가,261
해본,260
물에,260
중에서,260
받아요,260
슬픈,260
사라진,260
전체,260
붉은,260
비가,260
언젠가는,260
상관없어요,260
녀석을,260
아내와,260
움직일,259
배리,259
여잔,259
먹으면,259
부탁,259
놈이야,259
웨버,259
해야겠어,259
나가면,259
딘,258
못된,258
데니,258
식사,258
깊이,258
그보다,258
생각에는,258
헬렌,258
섹스를,258
이러고,258
책임을,258
있었나요,258
홈즈,258
없었던,258
있을거에요,258
싶다,257
2주,257
사랑한다고,257
사랑한다,257
사,257
나머지는,257
딸은,257
남을,257
대기,257
로,256
상태로,256
찾아봐,256
주십시오,256
말해줄,256
하나님,256
대화,256
것들은,256
가시죠,256
폭탄,256
노아,256
같다고,256
회사를,256
가져가,256
누워,255
알려,255
전쟁이,255
입에,255
목에,255
떠나는,255
해치지,255
되나,255
그래야지,255
뜻이,254
죽였어요,254
레드,254
임신,254
그렇겠죠,254
위해서요,254
총알이,254
레지던트,254
재미,254
손님,254
얘기도,254
기억하지,254
팀을,254
어머니를,254
엘리스,254
미국의,254
가져왔어,254
몰라서,253
치료,253
사건에,253
여러분이,253
살릴,253
되겠어,253
말씀을,253
이야기가,253
잤어,253
뭘요,252
자말,252
왕,252
몇가지,252
새벽,252
온거야,252
벽에,252
엘리자베스,252
있었지만,251
여자의,251
그나저나,251
천,251
되니까,251
뇌,251
에서,251
다행이다,251
도,251
끝,251
장기,251
혈압이,251
존스,251
둘을,250
확실해요,250
신호가,250
줘봐,250
이해해요,250
갓,250
모습이,250
모르겠습니다,250
우,250
만일,250
멈춰요,249
요새,249
같으니,249
있구나,249
텐데요,249
명을,249
인생에서,249
부모님은,249
종양이,249
시작한,249
우리에겐,248
부인은,248
편하게,248
볼게요,248
잠이,248
알겠네,248
유일하게,248
과장님이,248
부분을,248
보기엔,248
전체가,248
관계가,247
나이가,247
타는,247
공격,247
키스,247
했었지,247
그림,247
경,247
자유를,247
비행기를,247
높이,247
들지,247
이름도,247
땅을,247
동네,246
변호사,246
죽이려,246
아시잖아요,246
3년,246
트럭,246
편이,246
만에,246
이곳에서,246
맞춰,245
보이고,245
손님이,245
잊고,245
하거든요,245
계획,245
했거든,244
축하해요,244
캡틴,244
법,244
범죄,244
원하면,244
내일은,244
시키는,244
어떠한,244
있대요,244
여섯,244
꺼,244
말했잖아요,244
드리죠,244
얻은,244
그니까,244
개인적으로,244
카드,243
내로,243
통해서,243
써요,243
생겼어요,243
않겠어,243
다니는,243
먹은,243
해낼,243
선장님,243
목소리를,243
쉴,243
주변에,243
듣기,243
마틴,242
윌슨,242
어디가,242
매,242
않소,242
심한,242
풀어,242
국장님,242
둘이서,242
하겠어요,242
후로,242
사랑하고,242
버릴,242
쇼,241
엉덩이,241
않다,241
아멘,241
나오면,241
들,241
시간도,241
너처럼,241
주의,241
짓은,241
대장,241
엘리엇,241
왕의,241
보냈어요,240
말해주지,240
방법,240
잠,240
말고요,240
시애틀,239
설명할,239
위험해요,239
견딜,239
해야만,239
생길,239
탄,239
해가,239
거기로,239
로버트,239
끝에,239
알렉스가,239
이유로,239
무엇이,239
읽고,239
주려고,239
내고,239
사무실에,239
싱크,239
죽어가고,239
같았어,238
해주고,238
나와요,238
됐나,238
책임이,238
일곱,238
있었네,238
다행이야,238
그린,238
안되,237
않았고,237
메러디스가,237
목이,237
그들과,237
남자랑,237
걸까요,237
준비됐어요,237
하다니,237
동생을,237
포기하지,237
명은,237
이해를,237
그런거야,237
하겠지,236
속으로,236
되는지,236
하거든,236
불가능해,236
만들었어요,236
짐을,236
꼼짝,236
안된다고,236
제안을,236
거란다,236
은행,236
왔는지,236
이식,236
나처럼,235
충분해,235
상처가,235
여러분의,235
힘들게,235
지금쯤,235
와줘서,235
생각하나,235
수술실로,235
않았지만,235
임무,235
스티브,235
속도를,235
되길,235
거나,234
있는걸,234
손가락,234
정확한,234
해리,234
점,234
하는거,234
갖게,234
상황,234
진정,234
알겠나,234
뭐가요,234
저번에,234
저녁에,234
양이,234
사람들한테,234
엿,234
따뜻한,234
이쪽,233
못하겠어,233
조이,233
때문이,233
같았어요,233
택시,233
없단다,233
관련이,233
필립,233
대답을,233
사망,233
친구도,233
출처를,233
잘못이야,233
그도,232
오웬,232
배운,232
훔친,232
파는,232
결혼할,232
사람으로,232
배에,232
형제,232
말했던,232
드는,232
어머나,231
음악을,231
삼촌이,231
지미,231
남자의,231
비,231
들면,231
먹었어,231
이곳은,231
흥미로운,231
클리어,231
무언가를,231
춤,230
이곳을,230
기분은,230
쉬고,230
있었다면,230
의사를,230
3번,230
없는데요,230
줄래요,230
규칙을,230
살아요,230
열고,230
단순히,230
똑같아,230
났어요,230
머프,229
푹,229
계속해,229
먹으러,229
잃었어,229
도로,229
여자들은,229
매년,229
데가,228
에디,228
줄을,228
다물어,228
구멍을,228
산소,228
진지하게,228
속의,228
시작했어요,228
들으면,228
상상도,228
키,228
겠어,227
조금이라도,227
보면서,227
되잖아요,227
수업,227
느끼는,227
혼자가,227
미안하네,227
시험,227
일어나서,227
아버지와,227
친구들을,227
살면서,227
5년,226
너만,226
문제에,226
달러를,226
그럴지도,226
살인을,226
아줌마,226
용감한,226
마리,226
당시,226
들어가는,226
말대로,226
왔죠,226
하킴,226
환자에게,226
귀찮게,226
특별히,226
싫다고,226
칠,226
사람이랑,226
맞았어요,225
박사가,225
신경을,225
없었습니다,225
살지,225
적을,225
적절한,225
생각했던,225
숙녀,225
전투,225
언젠간,225
목소리가,225
가야겠어,225
들어오세요,225
누구라도,225
코드,225
시작했어,225
세계를,225
씨를,225
되서,225
죄송한데,224
볼게,224
했었어,224
최고야,224
안전하지,224
만났어,224
하던데,224
해주지,224
여자들이,224
사라졌어,224
구하고,224
들어와요,224
비니,224
있는거지,224
그러길,224
얘기하지,223
기다려봐,223
전까지는,223
와봐,223
몰리,223
가슴을,223
보네,223
들어온,223
당신에,223
개자식,223
시작하자,223
하든,223
여름,223
길은,223
게이,223
힘들,223
지냈어,223
조심,223
영웅이,222
알기,222
불가능한,222
렉시,222
다만,222
간호사,222
안되지,222
돌아가고,222
바꿔,222
운,222
부탁이야,222
묻는,222
떠나야,221
열쇠를,221
도와드릴까요,221
아니까,221
아래에,221
없군요,221
대해서는,221
운명을,221
안녕하십니까,221
없단,221
저기에,221
목,221
놀고,221
대답해,221
섹시한,221
고통,221
준비하고,221
이용해,221
확인하고,220
굉장한,220
대고,220
되는거야,220
빈센트,220
평화를,220
그놈이,220
잡았다,220
잘난,220
괴물이,220
왔구나,220
편지,220
에드워드,219
테고,219
재밌게,219
때문이다,219
빚을,219
에릭,219
아닌데요,219
상대가,219
토니,219
아프게,219
은,219
전쟁은,219
무언가,219
이사,219
찾게,219
아닐까,218
신사,218
봅니다,218
정신과,218
궁금해,218
아니란다,218
만지지,218
끝낼,218
케이트,218
먹지,218
잭슨,218
벽을,218
맛있는,218
잘해,218
되었습니다,218
지키고,217
마음은,217
병원으로,217
닥치고,217
했다는,217
거리를,217
부분이,217
배포시,217
돌아왔어,217
묻지,217
안전을,217
이제부터,217
테디,217
쏠,217
조만간,217
굴지,217
그려,217
없겠지,216
부탁해요,216
죽었다,216
일어나지,216
친구들은,216
맞은,216
하길,216
바보같은,216
현장에서,216
도저히,216
감정이,216
못하겠어요,216
상황에서,216
1번,216
바람을,215
거겠지,215
잃게,215
데려갈,215
세워,215
왔다고,215
시스템,215
생각했지,215
않는다는,215
애디슨,215
머피,215
잔뜩,215
많고,215
생각했죠,215
의하면,214
있구요,214
종종,214
치즈,214
가는데,214
가져왔어요,214
잃어버린,214
사건의,214
24시간,214
떠나고,214
아야,214
작년에,214
누구를,214
해야죠,214
편히,214
말인가,214
6개월,214
돌아가야,214
세상에나,213
위,213
건드리지,213
마리아,213
바란다,213
잡아요,213
쓰면,213
그럴게요,213
너나,212
정부,212
하고요,212
시,212
걸렸어,212
진정하세요,212
방법으로,212
바래요,212
드레스,212
바비,212
이해하지,212
너희를,212
구해,212
번에,212
결혼한,212
그분은,211
덕에,211
제이슨,211
알지도,211
브라이언,211
되세요,211
없다고요,211
전기,211
브라보,211
되네,211
때문입니다,211
형을,211
뭔가요,211
카논,210
기뻐,210
앤디,210
넘게,210
사무실에서,210
같진,210
짧은,210
스타크,210
잘했어요,210
테니까요,210
애초에,210
오후에,210
키루밍,210
나라면,210
하진,210
토미,210
무슨일이야,209
운전,209
글을,209
과연,209
장난해,209
이야,209
언니는,209
백인,209
점은,209
어딘지,209
맞을,209
이번에는,209
보여주고,209
이번에,209
마시오,209
폭풍이,209
남자들은,209
시체,209
용의,208
브랜드,208
오줌,208
하기로,208
자긴,208
시작하면,208
돌아오면,208
누구시죠,208
스트레스,208
받으면,208
만나면,208
갔지,208
들어올,208
비밀로,208
작업을,208
말해도,208
있을게,207
중인,207
자랑스러워,207
감정,207
찍은,207
돕는,207
들어서,207
복수를,207
일만,207
쉬는,207
여기에서,207
연락해,207
이지가,207
멍청아,207
안전,207
알았다고,207
장소를,207
악마가,207
부스,207
뜻이지,207
자기를,207
걱정은,206
사라,206
잡는,206
모건,206
않을거에요,206
정말이에요,206
서류,206
가족과,206
상태를,206
지내고,206
밤이,206
맞고,206
똥,206
없었고,206
두지,205
당한,205
지키는,205
저것,205
감독,205
무서워요,205
긴장,205
훌륭해,205
아니라고요,205
당신네,205
했나요,205
사건은,205
토마스,205
멋지네요,205
벽,205
출발,205
따윈,205
어느날,205
종양을,205
고맙지만,205
릴리가,205
겁에,205
위험,205
앞으로도,205
원하는게,205
부탁해,204
지는,204
찾았다,204
점이,204
볼래,204
그것에,204
구하러,204
차고,204
그래서요,204
에드,204
읽어,204
가야해,204
창문,204
한동안,204
오전,204
배울,204
롭,204
것이고,203
방식으로,203
정확하게,203
바람이,203
우연히,203
죽어요,203
느낌,203
작전을,203
연구,203
옆에서,203
비싼,203
각,203
임무는,203
말했듯이,203
것이오,203
들어와서,203
으,202
갔는데,202
줄게요,202
어쩜,202
가슴이,202
신호,202
기다려야,202
쉬,202
기술을,202
말일세,202
즐겁게,202
아시겠죠,202
이용해서,202
죽었을,202
3일,202
그림을,202
밝혀주세요,201
거에,201
않았나,201
죽음이,201
바보야,201
뇌가,201
제리,201
나라를,201
저기서,201
계셔,201
어디든,201
아무데도,201
당겨,201
역사상,201
하시죠,201
무,201
작업,201
거기다,200
내는,200
벗어,200
걱정이,200
엄마야,200
시스템을,200
영원한,200
삶에,200
같고,200
어떡하지,200
일어나고,200
주로,200
뭐에,200
케이스,200
데려,199
대충,199
막아,199
가슴에,199
아무나,199
솔직하게,199
엉덩이를,199
총이,199
틀림없이,199
마을을,199
감옥,199
자체가,199
안의,199
처리할,199
거였어요,199
뜻인지,199
대가를,199
대부분은,199
코,199
아무거나,199
한테,199
촬영,199
그런건,199
눈은,199
의식을,199
모두의,198
그러니깐,198
질문은,198
늦은,198
조사를,198
남자친구,198
영광입니다,198
말씀이,198
노력,198
연방,198
사이,198
괜찮아질,198
누군가의,198
안했어요,198
느끼고,198
그쵸,198
원했던,198
위치,197
시체가,197
부분은,197
그레이스,197
시작하는,197
자네와,197
시신을,197
안해요,197
괴물,197
암,197
집중해,197
않겠지,197
않습니까,197
새끼가,197
젠장할,197
하려면,197
온갖,197
백,197
이유야,197
위해선,197
모르잖아요,197
않았는데,197
때론,197
말해주세요,197
북쪽,197
날을,196
다르지,196
모르니까,196
현명한,196
비켜요,196
떨어지고,196
성하,196
존재하지,196
뜨거운,196
묻고,196
등을,196
공식적으로,196
어떨까요,196
모르게,196
여자친구,196
만났을,196
기회는,196
강하게,196
듯이,196
의견을,196
할래요,196
주요,196
충분하지,196
나간,195
사업을,195
대령님,195
경고,195
수만,195
남자와,195
당장은,195
홀로,195
역,195
꺼내,195
감시,195
버틸,195
누나가,195
온다고,195
걔를,195
왔나,195
어쩌죠,195
병원을,195
세계에서,195
발견,194
찍고,194
테스트,194
했다면,194
참아,194
인간을,194
달에,194
같지만,194
장군님,194
사실대로,194
바다,194
좋겠네,194
언제든지,194
사적인,194
사이가,194
사악한,194
놔두고,194
사람이라고,194
거군,193
여기를,193
하나야,193
반응이,193
읽을,193
다를,193
애들한테,193
했었죠,193
나가지,193
꽃,193
존재를,193
배고파,193
너에,193
꼴을,193
나리,192
일본,192
공,192
가족들이,192
놀랄,192
깊게,192
좋아서,192
허나,192
말이예요,192
왼쪽으로,192
로빈스,192
소문이,192
나가게,192
나오지,192
됐다고,192
다녀,192
알어,192
방이,191
많아서,191
자식아,191
바지,191
20분,191
쏜,191
한다고요,191
양반,191
좋군,191
없어도,191
뚫고,191
오버,191
아이스크림,191
없었는데,191
먹어요,191
뭣,191
라그나,191
손은,191
돌아가면,191
영상을,191
메시지,191
속이,191
해줄게,191
화나게,190
올거야,190
알아낼,190
집도,190
리차드,190
현장에,190
하얀,190
봤잖아,190
동물,190
지켜보고,190
가방을,190
알겠니,190
위험이,190
해봤어,190
자신,190
천만에,190
제작,190
마무리,189
이것을,189
완벽해,189
지낼,189
대단해,189
그렇다,189
아무한테도,189
치프가,189
주실래요,189
쓸데없는,189
참을,189
쪽에,189
훈련,189
그랬던,189
허,189
없음,189
집어,189
거길,189
있냐,189
없거든요,189
가지마,189
어떤가요,189
하지도,189
왕을,189
병,188
정부가,188
서둘러요,188
마저,188
어둠,188
죽였다고,188
움직이는,188
살았어,188
윌리엄,188
사진이,188
말씀해,188
애기,188
있었다는,188
빛을,188
빅터,188
멋지다,188
사이의,188
놔둬,188
긴급,188
또다른,188
약속할게,188
그녀도,188
무사히,188
마침,188
나한테서,188
왜그래,188
정지,188
찍어,188
마을에,188
켈리,188
잊을,187
님,187
쟤는,187
수정금지,187
저들을,187
의료,187
외계인,187
애나,187
주변,187
낯선,187
하신,187
보렴,187
내릴,187
시작하지,187
자식을,187
닫아,187
걸을,187
병이,187
근처,187
내려와,187
파트너,186
피곤해,186
그렇소,186
길로,186
얼음,186
버린,186
그랬잖아,186
공연,186
거라도,186
싫으면,186
느껴져,186
발견한,186
제프,186
아파트,186
말아,186
나아,186
못할거야,186
최대,186
울고,186
했소,186
전에요,185
집이야,185
싫어해,185
있지요,185
하나씩,185
자길,185
하더군,185
사라져,185
말자,185
보아하니,185
핸드폰,185
잘못한,185
천만에요,185
15분,185
2분,185
남았어요,185
결과는,185
말할게,185
머리는,185
여기도,185
여자애,185
믿어야,185
올바른,185
할지도,185
아니고요,184
우는,184
나오고,184
본적이,184
저희를,184
밤은,184
주말에,184
사소한,184
주시겠어요,184
늦어서,184
믿음을,184
어쨋든,184
그러네,184
만들어서,184
조심하세요,184
구하는,184
각하,184
한대,184
아버지도,183
당신들을,183
확,183
그야,183
함부로,183
있겠지만,183
끝나지,183
부모가,183
자리가,183
버스,183
하는데요,183
아닙니까,183
도시에,183
무고한,183
특별,183
들어간,183
않겠어요,183
걜,183
놔줘,183
시작합니다,183
돈으로,183
인터뷰,183
빌어,183
통,183
노력하고,183
리코,182
유령,182
키스를,182
군대가,182
넷,182
도와줄게,182
마이,182
대위님,182
땅,182
더그,182
있다구,182
스캇,182
않을까요,182
만들었지,182
숲,182
주인이,182
신이시여,182
어떠니,181
희망이,181
아버님,181
그리워,181
문은,181
번호,181
경기,181
웃고,181
그리고는,181
인생에,181
주위를,181
겠어요,181
배는,181
저쪽에,181
얼마든지,181
메이,181
잊어버려,181
구하려고,181
저녁을,181
유감이에요,181
강아지,181
재미있는,181
그놈,181
믿기,181
블랙,181
유감이야,181
대위,181
나라,180
불구하고,180
끝내주는,180
재판장님,180
애한테,180
노는,180
먹자,180
헛소리,180
제말은,180
전원,180
총은,180
우리끼리,180
틀린,180
거리,180
맡은,180
될거에요,180
가족의,180
데서,180
울지,180
말인가요,180
손가락을,180
확률이,180
벗고,180
살기,179
없었을,179
한번만,179
않거든,179
레이첼,179
데려온,179
나가고,179
실험,179
하나로,179
설명해,179
씨의,179
결혼식에,179
열이,179
조용,179
가끔씩,179
가는거야,179
다니엘,179
만났어요,179
어디죠,179
딱히,179
평생을,179
보셨어요,179
신부,179
해피,179
이래서,179
달고,179
앨리스,179
메러디스는,179
주의를,179
되었다,179
하며,179
20년,179
안고,179
돌아가지,179
막고,179
가운데,179
일어나요,178
팀은,178
따위,178
아서,178
냄새를,178
발견했어요,178
있길,178
조금씩,178
한게,178
겁을,178
이들이,178
흑인,178
그럴거야,178
피할,178
그런데도,178
올리버,178
않았다고,178
남아서,178
빵,178
자기는,178
도와주고,178
나하고,178
방향으로,178
거리가,178
좋겠는데,178
어디까지,178
경험이,177
아마도요,177
온통,177
말하는데,177
궁금한,177
아주머니,177
부른,177
괜찮다면,177
뇌를,177
있겠네요,177
싶어하는,177
들어보세요,177
앨런,177
물건이,177
갔을,177
중인데,177
거고요,177
여러분은,177
하워드,176
나더러,176
제인,176
버렸어,176
빛이,176
떠났어,176
거기가,176
추적,176
유카와,176
응급,176
로즈,176
내에,176
달이,176
졸라,176
아빠의,176
하늘을,176
힘내,176
가능해,176
보이게,176
지나면,175
말하게,175
걱정하는,175
마법의,175
키가,175
누구의,175
봐야지,175
양쪽,175
할거에요,175
무섭네,175
일해,175
하는건,175
자유롭게,175
던져,175
잡았어요,175
순간에,175
자신에게,175
뭐래,175
잡지,174
그만하고,174
지금의,174
다친,174
어딘가,174
되,174
너희들을,174
살아서,174
입어,174
땜에,174
않다는,174
네이단,174
설명,174
없겠죠,174
것이지,174
요원이,174
케프너,174
현실을,174
비행,174
그랬으면,174
영혼이,174
일이나,174
다예요,174
조엘,174
기사,174
상태는,174
여태,174
지구를,173
대단히,173
아셨죠,173
하셨잖아요,173
에이프릴,173
떠났어요,173
겁이,173
살아야,173
비행기가,173
싶었는데,173
변화를,173
양은,173
오렴,173
당신들의,173
사과,173
기사를,173
개는,173
자살,173
단단히,173
두번,173
순간이,173
필요하다,173
방해해서,173
싸워,173
찬,172
들어가요,172
말했다,172
리디아,172
들어본,172
멋져요,172
없인,172
포함해서,172
선생님의,172
꿈이야,172
여자들,172
행성,172
멍청이,172
여자도,172
인형,172
싸우지,172
치료제를,172
죽여야,172
되겠네,172
됐을,172
그러게요,172
거리에,172
예뻐,172
수잔,172
영웅,172
죽음,172
잘하는,172
신고,172
무조건,172
생활을,172
그러자,172
쇼를,172
콜,172
피트,172
바라,171
통신,171
괜찮네,171
분을,171
부인을,171
안젤라,171
자네한테,171
미안하구나,171
사람이죠,171
그럴까,171
뜻이에요,171
부디,171
바라지,171
착하지,171
싸움을,171
악마,171
나지,171
구하기,171
풀,171
나이트,171
비밀이,171
기억하고,171
실험을,171
프레스턴,171
브루스,171
누구예요,171
말입니까,171
휴가,170
패트릭,170
사격,170
이지는,170
론,170
남자친구가,170
치는,170
근무,170
함,170
인터넷,170
공을,170
스티븐,170
맡고,170
저지른,170
담당,170
결정할,170
울,170
탐정,170
파리,170
맛,170
해군,169
직업을,169
선택할,169
떠,169
사용할,169
대해서도,169
규칙,169
년이,169
무엇이든,169
원하는지,169
문제도,169
선,169
정말로요,169
아니거든요,169
기분을,169
회사에,169
바빠,169
필요한데,169
죽음에,169
뭐랄까,169
모르겠군,169
대통령이,169
지금이야,169
끊어,169
숨기고,169
있음,169
왕은,169
아시다시피,169
하늘에,169
재능이,169
뭐하러,169
도망가,168
조사,168
약물,168
이후에,168
살려줘,168
반가웠어요,168
치료할,168
있잖니,168
가방에,168
똑똑하고,168
얘기한,168
해보고,168
감당할,168
판,168
사업,168
옛날에,168
블루,168
나나,168
죽이면,168
우주의,167
뉴욕에,167
아름다워,167
말하려고,167
일이라고,167
아플,167
의미,167
모른다는,167
건강한,167
휴대폰,167
물어봐도,167
밑으로,167
장소,167
그런가요,167
않는데,167
화난,167
사이먼,167
유전자,167
이안,167
니네,167
저쪽으로,167
수천,167
해야해,167
빨리요,167
찾았습니다,167
죄다,167
여왕이,167
웨이드,167
않았던,167
커,167
이래요,166
있는지도,166
거겠죠,166
트럭을,166
끝나는,166
쪽은,166
마시는,166
맞서,166
로라,166
장군,166
선택한,166
영상,166
의사들이,166
알면서,166
있을게요,166
그분이,166
듣게,166
다행이네요,166
거랑,166
이상해요,166
예쁘다,166
자세한,166
몰랐네,166
사무실로,166
발로,166
괜찮죠,166
아니겠죠,166
책이,166
짓이,165
잡은,165
테러,165
사고로,165
소녀,165
수술할,165
프란시스,165
주여,165
워싱턴,165
나갔어,165
사라졌어요,165
때려,165
잊어,165
이해합니다,165
심장에,165
호텔에,165
인사,165
말하는거야,165
겪은,165
시계,165
점을,165
진짜요,165
되었어,165
사람처럼,165
늦었어요,165
내버려둬,165
그들도,165
갇혀,165
크리스티나가,165
무릎을,165
약이,165
끝내고,164
돌아가신,164
말라,164
갔었어,164
메세지를,164
상태,164
없구나,164
일과,164
정도의,164
해주는,164
받아들일,164
죽었고,164
포기,164
전쟁에서,164
신성한,164
누구인지,164
못해서,164
적의,164
반지,164
변화가,164
여왕,164
보통은,164
밴드,164
덤벼,163
자네들,163
말예요,163
해주면,163
석션,163
흔적을,163
놀라게,163
표정,163
좋을거야,163
지가,163
같던데,163
같소,163
올라가서,163
불법,163
알렉스는,163
하겠다고,163
없던,163
다요,163
마크가,163
작고,163
학교를,163
내보내,163
너보다,163
저희도,163
통화,163
노,163
언제까지,163
서로에게,163
하루를,163
떠나면,163
빅,163
존재가,163
여자한테,163
가지는,163
멋진데,163
무기가,163
맥박이,163
많은데,163
안좋은,163
맡을,163
이혼,163
안하고,162
원한,162
보군,162
이러한,162
조금은,162
기다리세요,162
증명할,162
변호사가,162
끝내,162
최선의,162
파일을,162
멜,162
빼,162
도착할,162
주실,162
먹을래,162
싶어서요,162
때면,162
흔적이,162
이겼어,162
가져온,162
모르는데,162
옷이,162
받았습니다,162
가족에게,162
아이에게,162
잡으러,162
남편과,162
불렀어,162
죽여라,161
당신은요,161
같죠,161
가야겠어요,161
지옥에,161
이런거,161
낸시,161
이메일,161
마약을,161
써야,161
댄스,161
안드레,161
매기,161
물러나,161
데도,161
겪고,161
이는,160
이들을,160
에너지를,160
크리스티나는,160
고맙구나,160
방은,160
고기,160
기도를,160
꿈은,160
날은,160
애들도,160
밋첼,160
말았어야,160
전화할게,160
죽어가는,160
얻는,160
하이,160
그다지,160
있어야지,160
몰랐는데,160
도시의,160
선택권이,160
해결,160
카드를,160
보내줘,160
외상,160
전해줘,160
가야겠다,160
기억나요,159
싫다,159
보이나,159
잘했다,159
살해,159
방송,159
보이죠,159
들었습니다,159
위성,159
확인할,159
죽음은,159
되었어요,159
멋지게,159
생각하는지,159
내부,159
않겠지만,159
이따가,159
술에,159
그렇진,159
왔군,159
않았다는,159
진실은,159
더요,159
미쳤다고,159
배우고,159
미사일,158
성을,158
어리석은,158
미셸,158
셔츠,158
받아들이지,158
걔한테,158
라이언,158
기회야,158
얼굴은,158
이쪽이야,158
걸리지,158
관해서,158
이번이,158
콜롬비아,158
감사,158
인류의,158
거네요,158
안전할,158
없고요,158
큰일,158
못합니다,158
가스,158
사고를,158
부르고,158
있는거죠,158
나무가,158
남자야,158
맡겨,158
일해요,158
지금껏,158
잃었어요,158
상처는,157
한마디,157
충격을,157
싶네,157
그것들을,157
방향,157
꼴이,157
답이,157
모양이야,157
문제지,157
실례,157
첫째,157
자비를,157
오실,157
탈출,157
형사,157
의한,157
않으니까,157
발이,157
멕시코,157
1시간,157
옮겨,157
세계의,157
다리에,157
웃는,157
가자구,157
이상하지,157
모르겠군요,157
그렇긴,157
이분은,156
베니,156
오른쪽으로,156
앞,156
일반적인,156
로봇,156
들어왔어,156
알아봐,156
로비,156
전혀요,156
약한,156
않다면,156
살아있어,156
주신,156
모자를,156
때때로,156
맞네,156
날에,156
병을,156
사무실,156
싫은,156
과학,156
준다고,156
알았네,156
남자들이,156
거리에서,156
미래에,155
옷은,155
남지,155
나무를,155
써서,155
이전,155
나치,155
알았는데요,155
죽어도,155
불가능해요,155
도착하면,155
있었소,155
싶었던,155
번호를,155
사이에서,155
뿐이다,155
고맙군,155
조그만,155
않겠다고,155
있기를,155
아니니,155
멋지네,155
구했어,155
적당한,155
요즘은,155
명령,155
오우,155
타요,154
캣니스,154
중이다,154
벗어날,154
했었어요,154
용기를,154
뜻을,154
싶군요,154
대답,154
마셔요,154
꼴,154
누구냐,154
사람입니다,154
놈아,154
제군들,154
임신한,154
주변을,154
곳이죠,154
신경도,154
추가,154
짓이에요,154
당연한,154
7시,154
나고,154
꺼야,154
비상,154
행동,154
구멍이,154
상을,154
넘는,153
데이터,153
데이트를,153
단어를,153
일입니다,153
출혈을,153
잘한다,153
진작,153
번은,153
귀,153
급한,153
떨어졌어,153
변하지,153
없으니까요,153
퀸,153
내려가,153
못한다면,153
나한테는,153
거는,153
핑크,153
의미를,153
생각만,153
그러지마,153
누구보다,153
진행,153
유리,153
선생님도,153
심장은,153
스타일즈,153
벌을,153
목숨이,153
기억해요,153
뭐였지,153
당신처럼,153
어울리는,153
죽겠어,153
싫지만,153
눌러,152
되겠네요,152
뭘까,152
들리나,152
먹었어요,152
지내는,152
속도,152
고통이,152
주제에,152
저쪽,152
바꾸는,152
검을,152
소리도,152
여자친구가,152
않았잖아,152
몽고메리,152
두는,152
찾아요,152
용서해,152
부탁합니다,152
뭘로,152
그만큼,152
피자,152
올라,152
클럽,152
확신이,152
하는거지,152
쌍둥이,152
걔네,152
유감입니다,152
토끼,152
악마의,152
좋겠군,152
조언을,152
트럭에,152
걷고,152
비행기에,152
고대,152
됐군,151
딜런,151
않겠죠,151
결혼은,151
파란,151
재밌어,151
손대지,151
가문의,151
잘생긴,151
수백,151
것이야,151
남았습니다,151
호출해,151
최소,151
없다구요,151
공기,151
스타,151
이유도,151
루이,151
고양이가,151
어땠어요,151
전부야,151
때로는,151
됐는지,151
저예요,151
못하지,151
미래의,151
책은,151
너희도,151
했니,151
이런걸,150
자전거,150
늑대,150
목적이,150
시작하죠,150
미안하다고,150
조용해,150
쫌,150
양의,150
도착,150
실수,150
있었거든요,150
친,150
사부님,150
프랭키,150
애도,150
리무,150
살려,150
게만,150
프로그램,150
눈치,150
멈추고,150
라이온,150
그딴,150
국가,150
포드,150
해준,150
루디,150
들어가야,150
옆으로,150
뉴스,150
되겠어요,150
진짜가,150
용서,150
데로,150
만나기,150
다양한,150
그곳에서,149
신선한,149
선수,149
과거의,149
목숨,149
캐롤,149
시도는,149
최초의,149
허드슨,149
오빠는,149
소리는,149
알렌,149
얼레,149
모습,149
바라고,149
조차,149
웃기지,149
곳이지,149
결정,149
될지도,149
기술,149
기술이,148
나갔어요,148
보여줄게,148
화장실에,148
라디오,148
임무가,148
됐잖아,148
무엇입니까,148
보내지,148
다행이네,148
기다리게,148
있을겁니다,148
분의,148
뒤집어,148
동생은,148
미국에,148
분위기,148
리사,148
집안,148
시스템이,148
잤어요,148
계십니다,148
썩,148
생각하는데,148
수를,148
이러다,148
들어가도,148
말이요,147
올리고,147
감사드립니다,147
들었죠,147
요리,147
반복한다,147
폭탄이,147
지구에,147
물은,147
담배를,147
의식이,147
했어야,147
해줘야,147
삶,147
여러분을,147
기억할,147
남는,147
봤나,147
불리는,147
일인가,147
물론입니다,147
고장,147
동료,147
알았나,147
말하지만,147
내린,147
주머니에,147
여기다,147
조용한,147
군요,147
사람이지,147
밀어,147
무어,146
어쩐,146
볼까요,146
주무세요,146
사촌,146
약속해요,146
때나,146
낸,146
인도,146
마음의,146
문제죠,146
나왔습니다,146
연기,146
들어라,146
증거,146
처음에,146
잘할,146
내리고,146
잃지,146
살라고,146
캠프,146
넣을,146
기록,146
알아볼,146
차이가,146
않을겁니다,146
종이,146
과거를,146
누구에게,146
뭐라구,146
하거나,146
영어,146
들어오면,146
일반,146
막지,145
후면,145
반지를,145
에밀리,145
아닌지,145
준비는,145
직장,145
방식이,145
마실래,145
때요,145
테스트를,145
떠나기,145
것뿐이야,145
거라곤,145
정보는,145
일이라도,145
나라의,145
벌어진,145
리즈,145
리코야,145
알려줄,145
해봤는데,145
태워,145
카메라를,145
바짝,145
돌아오는,145
멋지지,145
데릭은,145
끝났다,145
어쨌거나,145
시켜,145
다하고,145
아니라니까,145
떨어졌어요,145
생각해서,145
교회,145
그렇네요,145
다물고,144
끊임없이,144
알았으면,144
보네요,144
작동,144
조심히,144
세계에,144
있었거든,144
식사를,144
들었다,144
틀림없어,144
전부를,144
왔던,144
만나지,144
웃긴,144
걔들이,144
뇌에,144
미치겠네,144
넘겨,144
왔고,144
죽는다,144
파티가,144
않잖아요,144
이기는,144
끼고,144
말해줄게,144
그런지,144
그레이가,144
됐나요,144
그때는,144
들어오는,144
하룻밤,143
법이,143
유다,143
한단다,143
메이브,143
능력,143
생각하게,143
했으니까,143
메스,143
올해,143
시끄러,143
진심이에요,143
인한,143
거울,143
가능성은,143
조건부,143
안해도,143
제겐,143
들어가고,143
싶은데요,143
대학에,143
지키기,143
되도록,143
펄스,143
드립니다,143
죽인다,143
코를,143
테이블,143
어디에서,143
있으라고,143
왔네요,143
이거지,143
보호,143
주게,143
미쳤어요,143
싶나,143
주님의,143
훈련을,143
짓도,143
이전에,143
병에,143
살려주세요,143
왔잖아,142
웃어,142
되지만,142
노래가,142
영,142
총알,142
군대,142
하는군,142
하나라도,142
것이죠,142
음식이,142
자야,142
쪽이,142
구조,142
위치로,142
날이야,142
사과를,142
때에,142
드레스를,142
창문을,142
알려진,142
어때서,142
걱정마세요,142
드리겠습니다,142
팔에,142
부동산,142
마다,142
사실이에요,142
아직까지,142
보트,142
겁,142
의원님,142
직업이,142
댄,142
환자들이,142
쯤,142
시작한다,142
정,142
기록이,142
뭐해요,142
갈래요,142
운동,142
의사는,142
오늘밤에,142
느끼게,142
맘,142
꿈도,141
반은,141
1분,141
칼로,141
순식간에,141
했단,141
주님,141
죽일거야,141
아닐까요,141
문제로,141
해야할지,141
음성,141
왜지,141
귀를,141
잘라,141
거니까요,141
엄마에게,141
아니네요,141
병원이,141
환영해,141
핀,141
한시간,141
아니라구요,141
뻔한,141
드리고,141
뉴욕에서,141
있다니,141
총알을,141
어딨죠,141
가지러,141
생각한다면,141
말아라,141
나쁘진,141
회사에서,141
빼면,141
아유,141
대령,140
길에서,140
환자야,140
지고,140
예전엔,140
지시를,140
처리,140
다행히,140
한번은,140
근처에서,140
사랑스러운,140
상관이야,140
만들어야,140
올림픽,140
평화,140
들어가지,140
망쳤어,140
호,140
파일,140
연결해,140
바꾸고,140
과거에,140
얘기하면,140
읽는,140
로드,140
트래비스,140
딸의,140
둔,140
도망칠,140
어울려,140
조지는,140
좋아하고,140
하루가,140
한단,140
스미스,140
30초,139
하다가,139
프로그램을,139
있었니,139
그것들은,139
소리예요,139
걱정을,139
하라는,139
봐야겠어,139
웃음,139
정의를,139
연구를,139
별로야,139
해보세요,139
나아질,139
얭,139
기뻐요,139
좋군요,139
돌,139
보이는데요,139
왔소,139
전화로,139
알겠는데,139
써도,139
그놈들이,139
상,139
가능성을,139
앞서,139
이기고,139
슬슬,139
목적은,139
예전의,139
타스,138
여잘,138
친구와,138
분명해,138
관계,138
해변에,138
어머님,138
그런식으로,138
연결,138
찾아낼,138
하다,138
찾으려고,138
장치,138
심각하게,138
배워야,138
숨이,138
썼어,138
시끄러워,138
아저씨는,138
당분간,138
용서를,138
있다는걸,138
사탕,138
아빠야,138
만들기,138
바랄,138
침착해,138
믿음이,138
대답은,138
책에,138
어디지,138
실력이,138
줄리아,138
마시면,138
아빠와,138
붙여,138
사라질,137
서류를,137
줄거야,137
유령이,137
서장님,137
될겁니다,137
말씀하세요,137
회사가,137
예정입니다,137
지원,137
기가,137
돌아왔어요,137
즐기고,137
지켜야,137
실수로,137
있겠네,137
밝은,137
귀가,137
포르노,137
있을거라,137
인마,137
차트,137
걸렸어요,137
호텔에서,137
약은,137
애비,137
최고로,137
하는거죠,137
그랬는데,137
회사의,137
낮은,137
후엔,137
장치를,137
클레어가,137
지나,137
때의,137
거라구요,137
와라,136
고맙다고,136
없었다고,136
킴,136
궁금해서,136
음악이,136
놀아,136
와주셔서,136
기다리지,136
농담이야,136
과거,136
맞게,136
얘기했어,136
가게에서,136
여기저기,136
부탁드립니다,136
고든,136
멈추게,136
어둠의,136
괜찮나,136
친구들과,136
휴가를,136
했었는데,136
보내서,136
전화도,136
인턴이,136
그랬는지,136
샌드위치,136
배로,136
자넷,136
소용,136
때야,136
빛나는,136
니들,136
출발해,136
멀쩡해,136
되네요,136
회의,136
배우는,136
사용하는,136
받아서,136
바보가,135
동무,135
먹어야,135
제거할,135
놈들의,135
느끼지,135
도망,135
8시,135
공원,135
기계,135
손상을,135
늦지,135
공주,135
거기엔,135
가족들을,135
종양,135
인공,135
케이티,135
성공,135
무엇인지,135
보자구,135
산에,135
걸지도,135
계실,135
아십니까,135
하더라,135
사진은,135
도중에,135
규칙이,135
똑,135
기쁘게,135
얘기하자,135
남긴,135
흔한,135
해야겠어요,135
믿게,135
주목,135
봤습니다,135
되니,135
제정신이,135
지난번에,135
피부,134
희생자의,134
둘째,134
본인이,134
죄송합니다만,134
살던,134
받으세요,134
있는것,134
있냐고,134
실례할게요,134
이상이,134
장비를,134
그쪽이,134
일이잖아,134
일주일에,134
안될,134
어머니의,134
살살,134
않았나요,134
썼어요,134
밥을,134
시험을,134
이탈리아,134
아가씨가,134
처음이야,134
지옥으로,134
그렇네,134
역사를,134
결정은,134
오늘도,134
잘됐다,134
사람에,134
최후의,134
구한,134
자기도,134
현실이,134
부인과,134
준다면,134
않기로,134
우리들,134
서로의,134
주문을,134
결혼하고,134
말고는,134
기대하고,134
놓은,134
싸구려,134
안됐어,134
베이비,134
힘들지,134
됩니까,134
중지,133
즐기는,133
피로,133
하는걸,133
미국인,133
막아야,133
전쟁에,133
거거든,133
열어요,133
떨어져서,133
그레이는,133
얌전히,133
보여주는,133
느껴져요,133
일들,133
밀러,133
썅,133
그러다가,133
년간,133
갖는,133
니키,133
짜증,133
가는지,133
발생,133
한명이,133
뜨고,133
들어오게,133
너희들의,133
없었잖아,133
인정해,133
조직을,133
기도,133
싸워야,133
루,133
스노우,132
선물로,132
얘기좀,132
용기가,132
팀에,132
돌아가셨어요,132
깨끗한,132
오늘의,132
떼,132
싹,132
잡혀,132
얘기만,132
설명을,132
돌아올게,132
섬,132
걷는,132
자들이,132
텍사스,132
부인의,132
요점은,132
소리지,132
끝났습니다,132
않기,132
그랬을,132
생명이,132
맛있어,132
쓸모가,132
한글자막,132
열려,132
풀고,132
있겠나,132
가는게,132
중의,132
않길,132
걱정하고,132
찾아와,132
멋대로,132
터질,132
부드럽게,132
그런걸,132
빠져나갈,132
마법,132
아닐세,132
외로운,131
두렵지,131
자리에서,131
사라지고,131
들어가게,131
군인,131
아니군요,131
뿐만,131
나머진,131
아닌거,131
둬요,131
경우엔,131
이모,131
주시오,131
뼈를,131
슈퍼걸,131
맞다면,131
레너드,131
기본적으로,131
움직이면,131
죽을거야,131
당신만,131
하려,131
감고,131
봤던,131
루카스,131
말하죠,131
어디있어,131
주인님,131
되겠다,131
소린,131
염병할,131
이럴수가,131
시간이다,131
여자애가,131
쉬어요,131
북쪽으로,131
그녈,131
없다니까,131
아우,131
세계가,131
지은,131
지루한,131
가야해요,131
바빠서,131
원숭이,131
상자,131
일의,131
그쪽으로,130
축하합니다,130
동쪽,130
팔고,130
바이러스를,130
형제가,130
오랜만에,130
했다고요,130
단서를,130
기분이야,130
우주에서,130
통제,130
휴,130
행동은,130
있으신가요,130
매니가,130
들어가자,130
계단,130
나한테도,130
선생님께서,130
드,130
소설,130
모조리,130
계시죠,130
입이,130
죄가,130
충돌,130
찾는데,130
괜찮겠어,130
말콤,130
괜찮다,130
못했습니다,130
원할,130
여기있어,130
그것보다,130
데려올,130
여왕을,130
치명적인,130
공간이,130
말이냐,130
증거는,130
그쪽은,130
장소에,130
최종,130
들어야,130
부족해,129
달렸어,129
전문,129
있겠니,129
인,129
버리지,129
어렵지,129
초콜릿,129
이란,129
지원을,129
버크는,129
그럴리가,129
치킨,129
사람이요,129
꽃을,129
같은거,129
디,129
언제쯤,129
즐길,129
금요일,129
캠이,129
공식,129
싶다는,129
뱀이,129
자네들이,129
중요해요,129
한번에,129
싫어해요,129
녹색,129
박사는,129
아무말도,129
루크가,129
리무야,129
하오,129
뻔해,129
숨기는,129
한스,128
허락,128
지구의,128
베스,128
과정을,128
했는데요,128
보여주지,128
실종,128
뭐였죠,128
무엇,128
죽었습니다,128
시카고,128
학생,128
가지만,128
그런다고,128
범인을,128
마시지,128
화,128
어디다,128
믿으세요,128
되돌릴,128
복부,128
하늘에서,128
기억은,128
가야돼,128
저스틴,128
권력을,128
권리를,128
깨닫게,128
고통은,128
내리는,128
일이니,128
나쁘게,128
알아냈어,128
있답니다,128
신께서,128
바가,128
장기를,128
의자에,128
칼리,128
수있는,128
발견했어,128
본데,128
정부는,128
수치가,128
지내요,128
베넷,127
아니구요,127
만나기로,127
앨리샤,127
아들의,127
이곳이,127
근사한,127
실컷,127
글렌,127
때만,127
다닐,127
데렉,127
하시고,127
되려고,127
쫓고,127
정도가,127
못했지,127
알려주세요,127
걔들은,127
따르는,127
일부가,127
아하,127
주시면,127
그분,127
향한,127
얻게,127
안부,127
억지로,127
세번째,127
뿐인데,127
움직여야,127
하려던,127
친구예요,127
뜻,127
갔죠,127
좋구나,127
놓을,127
도리,127
토요일,127
암이,127
스팍,127
보는데,127
없었으면,127
스틸,127
장비,127
위를,127
사용,127
대화가,126
원하고,126
원하던,126
4번,126
없이도,126
아멜리아,126
다크,126
곧장,126
쳐다보는,126
원한다고,126
놓친,126
맷,126
계약을,126
여는,126
친구에게,126
없니,126
걱정하지마,126
남기고,126
그놈은,126
선생이,126
가족들,126
권한이,126
올라와,126
통증이,126
오래전에,126
시도,126
쉬세요,126
나에겐,126
런던에,126
않겠습니다,126
없는지,126
순수한,126
쓸모없는,126
훔쳐,126
죄,126
하퍼,126
있겠다,126
셔먼,126
왔니,126
발견된,126
어째,126
들리는,126
환영해요,126
재능을,126
보였어요,126
미래가,126
조심해야,126
보이는군,126
현장,126
먹어라,126
내지,125
침대로,125
지난번,125
에리카,125
베일리는,125
아니니까요,125
생겨서,125
힘들어요,125
나무에,125
머릴,125
데이비스,125
주말,125
말아야,125
느낌을,125
그때가,125
샀어,125
보지도,125
술이,125
명이나,125
젊고,125
밤의,125
관계는,125
주소,125
신뢰를,125
숲에서,125
캐리,125
저보다,125
운명이,125
6시,125
있었잖아요,125
갈까요,125
방법도,125
도와달라고,125
집중,125
당신에겐,125
알았습니다,125
돌려줘,125
온게,125
시계를,125
성공할,125
위해서라면,125
알았소,125
찾았지,125
바쁜,125
망치고,125
넣은,125
중앙,125
새가,125
돌아가자,125
가벼운,125
원래는,125
혈압은,125
많죠,125
방향을,125
오빠를,125
모시고,124
애들아,124
사랑할,124
떨어지는,124
약속은,124
힘으로,124
제가요,124
정신차려,124
거인,124
그놈을,124
관리,124
일으켜,124
장면을,124
호출,124
시작하고,124
등에,124
마담,124
그랬다고,124
와도,124
돌고,124
알던,124
믿습니다,124
시발,124
우리에,124
몸에서,124
아이작,124
않으세요,124
고양이를,124
거라구,124
본부,124
있지도,124
정상적인,124
대략,124
자란,124
워낙,124
잡아야,124
내말,124
바깥,124
몰고,124
션,124
진정하고,124
했으니,124
죽여버릴,124
대화는,124
하더라도,124
처음에는,124
이식을,124
남성,124
계획대로,124
케이지,124
계획에,124
끝났다고,123
어른이,123
크리스틴,123
할겁니다,123
폭발,123
게임이,123
상관이,123
로이,123
입으로,123
커서,123
정체를,123
없는거야,123
아래에서,123
실례해요,123
같나,123
피는,123
병원의,123
말한다,123
팔이,123
산을,123
그래야만,123
설명이,123
대비해서,123
알아낸,123
들어오고,123
만들려고,123
바다에,123
보내요,123
10만,123
명단에,123
소년,123
어쩌려고,123
카메라가,123
자라고,123
영화는,123
만들어진,123
결혼식을,123
아시나요,123
취해서,123
로건,123
초음파,123
놀,123
아기의,123
차량,123
들었나,123
커피를,123
아파트에,123
가볼게요,123
사귀는,122
이놈,122
사람들이야,122
바라요,122
힘은,122
중이지,122
무서워서,122
막는,122
폰,122
넓은,122
있으며,122
기차,122
전체에,122
걸지,122
칼이,122
대부분이,122
저번,122
죽었지,122
공부,122
거친,122
재,122
사방에,122
많을,122
스튜,122
안된다,122
그것참,122
뿐이라고,122
도와줘야,122
끝을,122
들었잖아,122
제니,122
갇힌,122
부모님을,122
그것들이,122
곳이에요,122
래리,122
적당히,122
아파서,122
섬에,122
나라고,122
그대의,122
잊었어,122
갈색,122
나타나서,122
경험을,122
생각하니,122
뒤엔,122
믿기지,122
연습,122
레일라,121
도와주는,121
모래,121
다쳤어,121
경비,121
데이터를,121
여덟,121
소령,121
간호사가,121
있거나,121
사샤,121
들어가세요,121
만나요,121
괜찮은거야,121
악몽을,121
속을,121
좋았을,121
조직,121
살았어요,121
알고있어,121
마법을,121
벌어지고,121
인사를,121
됐소,121
특정,121
웃겨,121
신문,121
년을,121
쉐퍼드가,121
초,121
열지,121
이가,121
번의,121
식당에서,121
하는구나,121
못했죠,121
기억도,121
전적으로,121
감정은,121
글로리,121
워렌,121
못한다,121
누구에요,121
아니군,121
부상을,121
좋아한다고,121
한거지,121
안되죠,121
일하지,121
어쩌라고,121
소녀가,120
넘어,120
그렇게는,120
아내의,120
나라가,120
목적을,120
해보죠,120
틀렸어요,120
그랬나,120
경기를,120
사이로,120
신발을,120
때까진,120
필요하다면,120
서쪽,120
받았는데,120
행동이,120
기회,120
접근할,120
불행히도,120
참고,120
나와라,120
공기가,120
너희의,120
하겠죠,120
보라구,120
하시면,120
실례지만,120
장소가,120
거로,120
은행에,120
작별,120
잠도,120
애니,120
열면,120
좋지만,120
부탁이,120
신장,120
빠질,120
어둠을,120
밖의,120
아네,120
여성이,120
싶지도,120
웃기는,120
보내면,119
표정이,119
생기는,119
이곳의,119
명령에,119
슈퍼,119
벗어나,119
상태입니다,119
안다면,119
쥐,119
가볍게,119
글로리아가,119
가도록,119
모여,119
닫고,119
잔인한,119
아들에게,119
없기,119
남편의,119
해줄래,119
클라크,119
아시겠어요,119
안가,119
환영한다,119
머물,119
이놈아,119
거구나,119
왔는데요,119
2시간,119
죽을지도,119
특이한,119
데는,119
태어날,119
옷도,119
우리들의,119
레베카,119
죽길,119
물건은,119
컴퓨터를,119
쉬지,119
바에,119
잡으면,119
맛을,119
하겠지만,119
남쪽으로,119
빨라,119
하니까요,119
저녁은,119
손도,118
같기도,118
중이었어요,118
엉뚱한,118
엉덩이에,118
병신,118
겁쟁이,118
향하고,118
강,118
뭔지는,118
벨,118
전화기,118
주인,118
무대,118
아이야,118
앤드류,118
너라면,118
못했지만,118
이것들은,118
선물이야,118
빌어요,118
죽이기,118
엘리,118
생각이에요,118
주위에,118
불에,118
치료가,118
걸리는,118
기본,118
밤엔,118
보였어,118
느껴,118
가보자,118
빕니다,118
로마,118
방법이야,118
들어갔어요,118
말하는게,118
누워서,118
영광을,118
되어서,118
여깄어,118
여동생,118
안경,118
째,118
없습니까,118
괜찮은데,118
것인가,118
회사는,118
없어서요,118
직원,118
교수님이,118
공간을,118
이상으로,118
없었지만,118
마일스,118
형씨,118
타임,118
동안은,118
구해야,117
해봤어요,117
뼈가,117
저길,117
코트,117
가졌어,117
그랬다면,117
뭐랬어,117
떨어질,117
우리보다,117
잘가,117
너한텐,117
말했을,117
저보고,117
실례하겠습니다,117
몰랐네요,117
새끼들,117
캐스,117
응답하라,117
것이라고,117
합니까,117
뭐냐고,117
할로윈,117
계십니까,117
웨인,117
노래는,117
말씀이세요,117
제이콥,117
안하면,117
수백만,117
지역을,117
그런데요,117
예상,117
부분,117
할께요,117
헬기,117
나가라고,117
그놈의,117
미치,117
괴물을,117
연료,117
자료를,117
가져올,117
싸움,117
식당,117
하필,117
놓치고,117
간단히,117
시작해요,117
기계를,117
마을에서,117
아니라서,117
문자를,117
있으면서,117
길이야,117
봤고,117
해봐야,117
주디,117
아이들의,116
순간부터,116
상자를,116
한이,116
형편없는,116
알겠네요,116
보고서를,116
소아과,116
무슈,116
통증을,116
기억하는,116
고객,116
곧바로,116
이년아,116
보시죠,116
보고서,116
생존,116
마스크,116
돌아서,116
위해서야,116
어디를,116
요리를,116
성적,116
애리조나,116
싫어서,116
알아보고,116
다해,116
위협을,116
외부,116
폐를,116
바뀔,116
불러도,116
살이,116
좋소,116
그나마,116
따라와요,116
완벽히,116
거냐고,116
9시,116
도와드릴,116
매주,116
어울리지,116
모르겠구나,116
있다니까,116
술이나,116
풀어줘,116
같거든,115
지역에,115
개자식아,115
닭,115
중간,115
맞나요,115
요원님,115
깨끗하게,115
친구랑,115
그러시겠죠,115
두려운,115
따를,115
했겠지,115
알았다면,115
가치를,115
얼굴도,115
걔랑,115
앞을,115
사냥,115
10시,115
하루는,115
저래,115
애쉬,115
술집에,115
술집에서,115
보이니,115
생각하죠,115
번역포럼,115
어떻습니까,115
살아남을,115
도시에서,115
관을,115
있는가,115
효과,115
충분해요,115
상상이,115
놓치지,115
두려워하지,115
화재,115
자자,115
되진,115
죽어서,115
강제로,115
싫은데,115
주소를,115
마찬가지로,115
피해자,115
여유가,115
하자는,115
싶니,115
방아쇠를,115
가족도,115
오는데,115
들어왔어요,114
닮은,114
친절한,114
인류,114
나타난,114
건물을,114
일어났어,114
아이들에게,114
치면,114
통제할,114
다룰,114
엠파이어,114
공기를,114
아아,114
트리스,114
가기로,114
아닌것,114
박사님이,114
남자한테,114
코트니,114
공통점이,114
시속,114
선배,114
무섭지,114
하늘,114
비명을,114
받아라,114
심해,114
명심해,114
밟아,114
왕자님,114
최종수정,114
누군가에게,114
백만,114
있다네,114
떠나요,114
거래요,114
계약,114
존이,114
부르면,114
보고해,114
조심해서,114
케이시,114
싸움이,114
가만있어,114
존재,114
많이요,114
스트레스를,114
아델,114
개나,114
법정에서,114
이상하네,114
중위,114
카일,114
먹어도,114
오스카,114
줄도,113
필요없어요,113
문제라도,113
곡을,113
이것저것,113
카터,113
친구인,113
쇼는,113
그거에,113
그거예요,113
숲에,113
같지는,113
두면,113
거여,113
생활,113
그럴게,113
기계가,113
지하,113
엄,113
가게에,113
슬론이,113
이보다,113
그분의,113
가나,113
이야기하고,113
고급,113
바에서,113
동생아,113
초대,113
무대에,113
쪽에서,113
나눠,113
어떡해요,113
대박,113
시킨,113
바다를,113
신분증,113
괜찮은지,113
아일랜드,113
캐서린,113
데려가서,113
만들면,113
두개골,113
대해서요,113
누구든지,113
국제,113
간의,113
얻고,113
언니를,113
시드니,113
던피,113
장난감,113
동안에,113
아니었다,113
재판을,113
같으면,112
뜻대로,112
친구의,112
필요하고,112
중간에,112
마커스,112
수사,112
생각한다,112
취한,112
보내세요,112
걸어서,112
되겠습니까,112
도와주지,112
클램프,112
한다구요,112
밤새도록,112
셰퍼드가,112
땅에서,112
자라,112
못했을,112
사자,112
안보여,112
맞나,112
위해서는,112
신장을,112
가득한,112
경우는,112
받았다,112
해볼까,112
폐,112
기억하세요,112
바다로,112
유럽,112
스펜서,112
필요하죠,112
박사의,112
또다시,112
악,112
놔요,112
사람들처럼,112
일부,112
마디,112
설,112
쓰게,112
그랜드,112
당신하고,112
하시오,112
불렀어요,112
아가씨들,111
보여주세요,111
그러려고,111
했더니,111
시간만,111
서류에,111
골라,111
사서,111
쫓는,111
증상이,111
있더군요,111
도와줄까,111
살아갈,111
둘만,111
전화는,111
전해주세요,111
좋은데요,111
파리에,111
은행을,111
걸려서,111
방식을,111
자네들은,111
케이크,111
하냐,111
해보지,111
그것만,111
축하한다,111
걔도,111
술은,111
숙여,111
약속이,111
떨어지면,111
전의,111
미래,111
들었을,111
간신히,111
수상한,111
일들은,111
시간의,111
말하라고,111
숨길,111
낡은,111
예쁘네요,111
것이며,110
무언가가,110
반대로,110
움직여요,110
쳐다보지,110
떠나서,110
사령관님,110
재밌네,110
우주에,110
알고있다,110
테이프,110
작년,110
날려,110
고맙네요,110
성함이,110
스텔라,110
혀,110
어디있는지,110
그거면,110
사회,110
목표는,110
있든,110
노력을,110
감각이,110
오렌지,110
모르니,110
마찬가지고,110
장벽,110
친구라고,110
무엇보다,110
기다리면,110
법은,110
초기,110
위스키,110
신경이,110
정직한,110
전화했어,110
존재하는,110
으흠,110
불어,110
따위는,110
말거라,110
캘리가,110
사이를,110
상대를,110
행복을,110
처럼요,110
가봐야겠어,110
모든것을,110
변호사를,109
모른,109
그렇잖아,109
문제예요,109
각각,109
직전에,109
직장을,109
없었다면,109
거시기,109
부탁을,109
딸과,109
끝나,109
변했어,109
있었구나,109
있어줘,109
봤니,109
선생님께,109
건물에,109
잘못이에요,109
엘리베이터,109
간단하게,109
다루는,109
이용할,109
소용없어,109
버텨,109
그랬더니,109
그이가,109
반갑다,109
빛의,109
자도,109
사러,109
지냈어요,109
예뻐요,109
짓고,109
좋아하죠,109
귀엽다,109
해변에서,109
도니,109
파티에서,109
갔는지,109
제거하고,109
타일러,109
수술도,109
오셨습니다,109
거꾸로,109
않을게,109
아휴,109
강에,109
주문,109
자의,109
소개합니다,109
스스로에게,109
미래는,109
건들지,109
나타나지,109
가르시아,109
하겠네,109
주겠어,109
도착했습니다,109
물어보고,108
공격할,108
죽는다고,108
해달라고,108
전기가,108
걸려요,108
자들은,108
양을,108
하라,108
말하지마,108
저기로,108
말처럼,108
홀리,108
알기나,108
가지게,108
앨범,108
물러서요,108
열린,108
신부가,108
대장님,108
내려가서,108
누군가와,108
겁나,108
상대로,108
여기에요,108
나온다,108
구나,108
처리해,108
한거에요,108
아침입니다,108
한건,108
해줘서,108
붙잡고,108
말씀은,108
집까지,108
본적,108
꼬맹아,108
하하,108
좋잖아,108
유지,108
놀러,108
그대,108
깨끗이,108
나아요,108
해보자고,108
몽땅,108
미국에서,108
촬영을,108
하나님의,108
말라는,108
함께할,108
안전해요,108
흔들어,108
보며,108
제거,108
부탁이에요,108
에이미가,108
다음날,108
실패한,108
친구한테,108
바빠요,108
내게서,108
3주,108
뼈,108
이라는,108
없을까,108
드실래요,108
에너지,108
수고했어,107
단어,107
쥐고,107
아니냐,107
진실이,107
압력을,107
중요한건,107
의사들은,107
아빠에게,107
9월,107
부드러운,107
환자들을,107
귀에,107
있을때,107
해야해요,107
그전에,107
5천,107
모습은,107
오토바이,107
해결해,107
파이,107
로켓,107
받으러,107
우리한텐,107
말했지만,107
내면,107
반응을,107
마크는,107
아끼는,107
다니고,107
한때,107
한두,107
옷장,107
주시죠,107
누군지도,107
화이트,107
일인,107
할꺼야,107
건너,107
연쇄,107
망칠,107
자기들,107
아침부터,107
아프지,107
괜찮나요,107
못한다고,107
딸이야,107
얘를,107
열차,107
요정,107
정부의,107
밤에는,107
스코티,107
코치님,107
대통령은,107
못했다,107
살아남은,106
찍을,106
여러분께,106
시킬,106
총기,106
짠,106
믿는다,106
그중,106
않군,106
있겠군,106
좋겠지만,106
환자한테,106
지난주에,106
돌로레스,106
돌아올게요,106
마지막에,106
달콤한,106
오길,106
글,106
아니라구,106
잘했네,106
말해주고,106
것인지,106
보안관,106
시간과,106
갔다가,106
5일,106
가르치는,106
정확히는,106
얘기지,106
하늘의,106
얘기해요,106
인정,106
행성이,106
나타날,106
브라이스,106
읽었어요,106
해냈어요,106
분노를,106
정체가,106
여자에게,106
한거,106
기타,106
저희에게,106
선수가,106
캐시,106
대형,106
천사,106
몰랐지,106
남자들,106
심각해,106
우유,106
못했는데,106
강해,106
그러곤,106
누군데요,106
올해는,106
묻은,106
머릿속에,106
희생자가,106
선택은,105
않을래,105
엠마,105
받았죠,105
엘,105
돌아오고,105
만들어요,105
싸,105
너희에게,105
소년이,105
머시,105
너흴,105
움직이고,105
남자에게,105
일이다,105
나이에,105
어쩐지,105
하는거에요,105
잡아서,105
가동,105
맞춰서,105
있던데,105
사랑합니다,105
얘기나,105
기억나지,105
본인,105
악몽일,105
아름답고,105
짜리,105
살아있어요,105
아름다워요,105
아담,105
가족이야,105
용서할,105
앗,105
패티,105
이상을,105
기사가,105
잊은,105
아버지한테,105
남아있는,105
진작에,105
점심을,105
선물이,105
감자,105
다는,105
좆같은,105
눈물,105
혈관,105
자격,105
마냥,105
잖아,105
3시,105
우리집,105
저들의,105
털,105
필이,105
편이야,105
부모,105
돼야,104
담긴,104
하셨어,104
그랬겠지,104
쓸모,104
도시는,104
날씨가,104
알을,104
장치가,104
가렴,104
놈도,104
어떠냐,104
맡을게,104
그이는,104
미츠하,104
찾았는데,104
파티는,104
발작을,104
나타나면,104
해볼,104
내야,104
이른,104
노먼,104
줬으면,104
동안이나,104
속도로,104
애들이랑,104
얻기,104
갔던,104
부족한,104
아인,104
옆,104
연관이,104
해야돼,104
못하죠,104
이렇게까지,104
숨은,104
것보단,104
약속한,104
거짓말은,104
거기까지,104
군대에,104
그만하세요,104
물어보지,104
보험,104
팔아,104
하도,104
밤마다,104
소,104
엉망이,104
수영장,104
노란,104
조가,104
정상,104
나같은,104
노력은,104
혹시나,104
버튼을,104
묶어,104
만났는데,104
아침을,104
셈이죠,104
않는게,104
나기사,104
연락할,104
서비스,104
우리처럼,104
몹시,104
거래는,104
환자들은,104
나오게,103
것뿐이에요,103
이런게,103
보도록,103
들여보내,103
광고,103
폭스,103
환자분,103
홉스,103
붙잡아,103
캘리포니아,103
맥,103
하는군요,103
버려진,103
소령님,103
영감을,103
도와주려고,103
그지,103
버렸어요,103
무기는,103
빠졌어,103
인기,103
보이면,103
앉아도,103
이것들,103
부하들이,103
않는군,103
도와줘서,103
출혈,103
뭐였어,103
갈께,103
답은,103
흉부,103
재밌네요,103
올리비아,103
얻지,103
뭐라는,103
두세요,103
물어볼게,103
당할,103
당했어,103
기쁘네요,103
고개,103
친애하는,103
찾아라,103
말이여,103
알거든,103
곡,103
감사를,103
졌어,103
여기엔,103
지나간,103
가난한,103
거지만,103
학교는,103
의견이,103
그분을,103
결국은,103
오늘부터,103
상사님,103
아니라요,103
가능해요,103
구역,103
모두는,103
남쪽,103
장소는,102
아니었죠,102
안을,102
있는거에요,102
지구로,102
동일한,102
승리를,102
우리만,102
부끄러운,102
일한,102
엔진을,102
제프리,102
놨어,102
무섭게,102
경보,102
상담,102
토레스가,102
쏘는,102
생각했다,102
범죄를,102
내서,102
나라에서,102
마스터,102
어깨,102
창녀,102
참으로,102
구했어요,102
빛,102
협상을,102
데니스,102
웨스트,102
갖지,102
만나야,102
죽어야,102
김,102
죄책감을,102
과,102
하나에,102
잡아라,102
그렉,102
그자가,102
기능을,102
사람인지,102
작전은,102
누구에게도,102
일이예요,102
누구와,102
장담하는데,102
이빨,102
드와이트,102
엄마처럼,102
생겼네,102
사람이라면,102
암에,102
전투에서,102
생명,102
규칙은,102
웬일이야,102
감염된,102
편에,102
들어갔어,102
받기,102
완전한,102
옳았어,102
아냐마루,102
미치마,102
안할거야,102
깜짝이야,102
네드,102
알아들었어,101
펜,101
빼고요,101
예비,101
보고싶어,101
삶에서,101
미아,101
동영상,101
말하세요,101
꿨나,101
시작해서,101
돌을,101
아들과,101
선생님과,101
목표가,101
불러야,101
사람인,101
목표를,101
카를로스,101
안될까,101
두개,101
했고요,101
의학,101
돌볼,101
각자의,101
이곳으로,101
되는데요,101
키를,101
머리도,101
보트를,101
꼬맹이,101
된다고요,101
줄이야,101
타면,101
사람들이랑,101
사인,101
시선을,101
분들은,101
확신할,101
구,101
알아들어,101
당했어요,101
일부는,101
포기할,101
헌데,101
병력을,101
지옥에서,101
임시,101
아니였어,101
못했던,101
좋더라,101
분들이,101
몇년,101
대통령을,101
잃는,101
추워,101
그때까지,101
손상이,101
김선임,101
태양,101
좋아하잖아,101
녀석들,101
완벽해요,101
쳇,101
도움은,101
맡기고,100
뇌의,100
알았을,100
가니,100
보군요,100
한명,100
이랴,100
회복,100
사라지는,100
지켜보는,100
창고에,100
중력,100
얼간이,100
독을,100
기를,100
이동해,100
것처럼요,100
잘못을,100
끌어,100
믿어도,100
레지던트가,100
한쪽,100
준비됐습니다,100
없다구,100
잘됐군,100
승리,100
담아,100
가실,100
끝내야,100
후회하게,100
버티고,100
돈만,100
신랑,100
신원,100
출신,100
후에는,100
본다면,100
하더라고,100
게임은,100
위치에,100
몰랐던,100
싶어하지,100
나네,100
생각해봤는데,100
안녕하신가,100
위치가,100
부러진,100
순순히,100
일어났는지,100
딸에게,100
고향에,100
더한,100
사랑스런,100
알려주지,100
드문,100
했을까,100
너같은,100
없도록,100
더럽게,100
폭풍,100
안좋아,100
곳도,100
의사야,100
마이크가,100
좀비,100
무료,100
줬지,100
줬는데,100
클럽에,100
이해하고,100
위협이,100
경찰들이,100
드네요,100
화학,100
수록,100
썩은,99
지켜줄,99
로빈,99
조심하고,99
두려움을,99
알려줄게,99
배에서,99
짧게,99
싶군,99
아이들과,99
오로지,99
아프리카,99
사랑했어,99
늦게까지,99
되거든,99
되었지,99
로니,99
맹세코,99
볼수,99
물어보세요,99
자러,99
넣어서,99
가겠습니다,99
특수,99
약에,99
확신해,99
저절로,99
날개를,99
기쁜,99
보조,99
다가,99
봤다,99
하곤,99
김에,99
드려요,99
오웬이,99
커요,99
있어라,99
결국에는,99
모르겠는데요,99
도시가,99
보다시피,99
자신들의,99
보호해,99
놔둘,99
바이러스가,99
헤일리가,99
동의,99
없앨,99
걸쳐,99
연결되어,99
같잖아,99
베티,99
시장,99
재밌을,99
방사선,99
숨겨진,99
뚱뚱한,99
여러분들,99
그러냐,99
방송을,99
먹기,99
교회에,99
같다는,98
하자면,98
6월,98
죽었는데,98
충전,98
고개를,98
자리는,98
가족에,98
프로,98
쪽을,98
좋았던,98
로리,98
이용한,98
편을,98
아이도,98
죽었다는,98
떨고,98
죽어라,98
아니었지,98
의자,98
지나갈,98
시작했죠,98
타지,98
지옥의,98
원하는건,98
외과의가,98
않고요,98
인간과,98
보호하기,98
로렌스,98
알거야,98
직장에서,98
상상,98
방해가,98
섹스는,98
테사,98
다이아몬드,98
말할게요,98
공부를,98
뛰어요,98
이해하는,98
미칠,98
이거요,98
유진,98
넵,98
7월,98
말이군요,98
실행,98
소리에요,98
이것만,98
교육,98
키루밍주,98
말든,98
중대한,98
와야,98
화성,98
튀어,98
기다렸어,98
돌리고,98
누르고,98
기대,98
노리고,98
준비한,98
각각의,98
애인,98
게요,98
것일,98
예쁘게,98
막으려고,97
헐,97
베키,97
돌아와요,97
베를린,97
상당한,97
스페인,97
지도를,97
거짓말쟁이,97
본즈,97
3분,97
인류를,97
물어봐요,97
어딨니,97
말인데요,97
이끌고,97
찾아내,97
싶구나,97
저만,97
알려야,97
날씨,97
되어야,97
이기적인,97
영화에,97
오브,97
귀신,97
테지,97
연기가,97
가던,97
운명은,97
산사,97
없겠지만,97
것의,97
말씀드릴,97
수술하는,97
4시,97
실패,97
연락해서,97
공짜로,97
길고,97
자면,97
흔적은,97
플로키,97
상상할,97
허가,97
킹,97
찾았나,97
내일이,97
한명은,97
수사를,97
때리고,97
이에요,97
없을까요,97
싶소,97
알겠소,97
명예를,97
됐든,97
말아줘,97
죽였지,97
한숨,97
셔츠를,97
많네,97
그러네요,97
생명의,97
산타,97
돌아가게,97
믿기지가,97
할아버지는,97
봤으면,97
인간들이,97
무거운,97
숨어서,97
숫자가,97
받았지,97
중이고,97
할께,97
제법,97
시동,97
발렌타인,97
작전이,97
복도,97
암호,97
여동생이,97
따르지,97
바지랑기,97
않으려고,97
조카,97
코니,97
지나치게,97
농담하는,97
10월,97
일하게,97
부부,97
로지타,97
따님이,97
미안하게,96
놀이,96
말이네,96
싼,96
세인트,96
놀란,96
나선,96
뛸,96
들리지,96
원인을,96
작품,96
열쇠가,96
보호하고,96
태우고,96
설탕,96
예요,96
굴어,96
해야겠다,96
움직이지마,96
가능성,96
있어봐,96
뻔했어,96
일이고,96
뛰고,96
친구로,96
좋겠구나,96
죽이러,96
찾았다고,96
있었던거야,96
숫자,96
준비되면,96
아무에게도,96
부,96
이딴,96
번씩,96
전부다,96
전력을,96
일부를,96
나는데,96
집어치워,96
데려왔어,96
괜찮을까요,96
모인,96
뉴욕으로,96
바로는,96
하구요,96
맹세해요,96
아홉,96
도둑,96
죠지,96
겨울,96
바늘,96
자막공장,96
감염,96
서로가,96
가든,96
저리가,96
성공한,96
시간입니다,96
약속하지,96
버스에,96
토비,96
죽도록,96
골프,96
흘리고,96
부모님께,96
낫죠,96
어떨지,96
상사,96
피바디,96
아들이야,96
여,96
의무가,96
상관없이,95
지옥,95
수학,95
보호하는,95
주머니,95
기적을,95
아니었으면,95
뭔지도,95
아래층에,95
보내야,95
역겨운,95
두려움,95
그레타,95
지나가는,95
똥을,95
부대,95
될거라고,95
데려가야,95
조금도,95
용의자가,95
맞다고,95
뭐를,95
아내에게,95
신들이,95
일어나면,95
사실이라면,95
재수,95
남자로,95
운전을,95
경찰한테,95
나왔는데,95
같니,95
속도가,95
마음으로,95
가능성도,95
암호를,95
조치를,95
기밀,95
발견했습니다,95
고향,95
나빠,95
화났어,95
보이진,95
좋아했어요,95
잘못은,95
잘못됐어,95
하실래요,95
확인하러,95
정리,95
악마를,95
편한,95
적어,95
소설을,95
죠,95
리틀,95
훌륭해요,95
자지,95
사람이고,95
사랑과,95
야야,95
이긴,95
무얼,95
않냐,95
가져올게,95
오마이갓,95
미치게,95
착륙,95
해칠,95
코드를,95
세상엔,95
다쳤어요,95
친절하게,95
지쳤어,95
베스트,95
오늘밤은,95
지나서,95
살면,95
전화할,95
세계는,94
벨트,94
놓치면,94
줬잖아,94
지금쯤이면,94
피해자는,94
구멍,94
가정을,94
피해를,94
의역,94
죽었죠,94
조각을,94
제이미,94
맛있게,94
술도,94
안그래요,94
이런식으로,94
보여줘요,94
아나요,94
사는데,94
가본,94
생각해봐요,94
하려고요,94
거리는,94
부르세요,94
몇개,94
소원을,94
이들의,94
환자들,94
좋아하는데,94
음식은,94
상태야,94
몇몇은,94
편안하게,94
위층에,94
길게,94
배웠어,94
바른,94
가봐야겠어요,94
남겨,94
빠지고,94
행운의,94
가져갈,94
소녀는,94
넣으면,94
말고도,94
조사해,94
맞어,94
일단은,94
메세지,94
쉬어야,94
분석,94
거짓말이야,94
상관할,94
30년,94
낫다고,94
아니길,94
모리스,94
삼촌은,94
좀만,94
알파,94
자들을,94
실력,94
도와줄래,94
바꿨어,94
한글,94
나라에,94
그대는,94
어둠이,94
어깨에,94
위의,94
내일이면,94
없구요,94
셈이지,94
으로,94
버리는,94
행동에,94
명만,94
사용하지,94
필요해서,94
생각나,94
무엇보다도,94
공격이,93
만났죠,93
당신께,93
전할,93
진지한,93
리드,93
사모님,93
집이에요,93
우주를,93
허락을,93
타키,93
연기를,93
쟤들,93
사냥을,93
다에요,93
해를,93
축하,93
폐하의,93
잘됐어,93
수십,93
전부가,93
잘된,93
분리,93
폭발이,93
쏘고,93
정신적,93
싶었지,93
자연,93
만들죠,93
시를,93
수업을,93
아시겠지만,93
주사를,93
접속,93
비밀은,93
비슷해,93
화려한,93
얻어,93
않거든요,93
아파트에서,93
때문이라고,93
가족들은,93
요가,93
저라면,93
곤경에,93
가져갔어,93
반대,93
통하는,93
계신가요,93
싶은게,93
이집트,93
보호할,93
반을,93
자리로,93
자식들,93
체이스,93
네놈이,93
안들어,93
원하신다면,93
퍼뜩,93
녀석의,93
공장,93
되겠군,93
쓰여,93
밀고,93
끝내주네,93
물건들을,93
강하고,93
이겨낼,93
조명,93
싸움은,93
짜증나,93
없으세요,93
그렇게까지,93
했네요,93
미쳐,93
시작하기,93
다음으로,93
귀여워,93
개새끼야,93
아버님이,93
어디보자,93
통과,93
중요한게,93
돌아가셨어,93
응급실,93
그림자,93
추적할,93
그룹,93
시절,92
지켜볼,92
응급실에,92
입는,92
상관없는,92
고치고,92
그만두고,92
브리짓,92
법이지,92
흥,92
모아,92
공포,92
현,92
죽이라고,92
어딨나,92
팀의,92
중이라고,92
줘야지,92
안타깝게도,92
폴닥,92
하기엔,92
방해하지,92
알아야겠어,92
안전하다고,92
세스,92
암튼,92
이름의,92
댁이,92
별을,92
갔다고,92
주어진,92
왕국을,92
카렌,92
생각하는거야,92
마가렛,92
날개,92
투,92
사랑으로,92
자연스럽게,92
기운이,92
클로이,92
빚이,92
레지,92
발작이,92
유령을,92
번째는,92
난다,92
사세요,92
도나,92
되는거지,92
주겠다,92
외계,92
올라갈,92
상태에,92
벌어지는,92
죽이게,92
아셨어요,92
찾아보자,92
조각,92
승인,92
많습니다,92
사람만,92
내용은,92
결혼하는,92
바보같이,92
했었잖아,92
잘해요,92
다수의,92
하렴,92
친구지,92
내려놓고,92
사기,92
좋다는,92
찾아온,92
자기한테,92
물어본,92
공연을,92
씨와,92
씻고,92
진짜예요,92
도우러,92
않을게요,92
지갑,92
축구,92
오셔서,92
경력을,92
놀라워,92
꿈에,91
스페인어,91
이메일을,91
갔었어요,91
세금,91
문에,91
원하는걸,91
않으니,91
모습으로,91
수술에서,91
드라마,91
드려,91
행복할,91
후회할,91
소문,91
감염이,91
멈추라고,91
빈다,91
확실하지,91
대동맥,91
빚진,91
아이디어를,91
실망시키지,91
실수는,91
철저히,91
인간들은,91
넣는,91
바라네,91
이제서야,91
결혼해,91
그래야죠,91
떨어져요,91
교도소,91
쉴드,91
부탁한,91
쉬워,91
위험합니다,91
시에,91
머,91
마술,91
모험을,91
화상,91
당하고,91
있을것,91
이의,91
이용,91
해볼게요,91
해볼게,91
아프다고,91
리치,91
릴리야,91
도망갈,91
용기,91
쫓아,91
에린,91
트럭이,91
교통,91
잘은,91
꺼내서,91
조건을,91
침착하게,91
한심한,91
원하시면,91
데려가는,91
안됐어요,91
45분,91
생각해야,91
구급차,91
재판,91
이래도,91
충분치,91
보셨나요,91
시작했다,91
개새끼,91
법이야,91
총으로,91
어디에도,91
전쟁의,91
나이를,91
말이나,91
폐가,91
예전처럼,91
놓으면,91
따라오세요,91
선생님한테,91
임무에,91
변할,91
미국은,90
헌트가,90
멋지군,90
동물이,90
비디오를,90
기자,90
머리카락,90
화장실에서,90
버튼,90
청소,90
셋이,90
잘도,90
여기서는,90
불행하게도,90
보내줘요,90
2차,90
도우려고,90
버나드,90
후에도,90
시간이에요,90
엄밀히,90
페니,90
준비됐나,90
못생긴,90
과장님은,90
사람들에,90
덩치,90
4년,90
똑똑히,90
뵙죠,90
다른데,90
고용한,90
자동,90
와인을,90
말이라도,90
체포,90
수영,90
5분만,90
혐의로,90
소린지,90
테일러,90
환자도,90
여자예요,90
앉게,90
여자들을,90
거였죠,90
일어났어요,90
피츠,90
축하드려요,90
지역에서,90
희망은,90
놓칠,90
자연의,90
차트를,90
이기면,90
니나,90
산소를,90
보시면,90
갔고,90
감시하고,90
뽑아,90
문으로,90
이쁜,90
장관님,90
활동을,90
뛰는,90
조직이,90
살려줘요,90
나누고,90
차도,90
정상으로,90
말자고,90
끔찍해,90
신에게,90
가능하지,90
했군,90
샤워,90
신문에,90
올릴,90
있을거라고,90
역사,90
제시카,90
넘치는,89
취해,89
좋으면,89
무슨짓을,89
붙이고,89
전화하지,89
따라가,89
10번,89
전형적인,89
현지어,89
작품을,89
치지,89
된거죠,89
아침이에요,89
약속했잖아,89
주죠,89
인가요,89
바네사,89
기지,89
배우,89
회의에,89
리스트에,89
꿇어,89
스포츠,89
장난이,89
박사를,89
갈수록,89
부상,89
닥쳐요,89
다행이군,89
친구잖아,89
확인을,89
낳고,89
낮춰,89
그렇다는,89
오말리가,89
없어졌어,89
부분에,89
않았네,89
하늘이,89
보이잖아,89
새끼를,89
들어갑니다,89
교회에서,89
그대가,89
보다는,89
봐줘,89
데에,89
하느라,89
시작해야,89
죽음으로,89
싸고,89
있더라도,89
못하잖아,89
샴페인,89
북부의,89
보냈죠,89
멈추면,89
부탁할게,89
재산을,89
박사님은,89
파커,89
계단을,89
스파이,89
땅이,89
원한다,89
영어로,89
나갔다,89
밥이,89
제스,89
미소를,89
알려주고,89
로맨틱한,89
제국의,89
찾던,89
원해서,89
공항,89
미국이,89
시장님,89
교수,89
살인자가,89
마누라,89
시합,89
동의하지,89
축복을,89
아니었는데,89
듀크,88
않은가,88
イ-ヤイ-ヤオオ-ウ,88
파블로가,88
어이구,88
그만둬요,88
관심도,88
상상을,88
서쪽으로,88
셈이야,88
실패하면,88
물어보는,88
아오,88
받았고,88
비명,88
마음껏,88
않겠다,88
결정이,88
모양이군,88
신체,88
일으킬,88
런던에서,88
넣었어,88
만들었죠,88
인제,88
린,88
드라이브,88
통증,88
행복하지,88
부적절한,88
옮길,88
다음에는,88
장난하는,88
루시퍼가,88
줬죠,88
수색,88
있었군,88
물어봤어,88
맡게,88
마스크를,88
기쁩니다,88
인형을,88
인터뷰를,88
망했어,88
애의,88
신께,88
법적,88
노리는,88
있을거,88
시작된,88
여름에,88
불러서,88
차가운,88
가죽,88
때보다,88
않을꺼야,88
스카이,88
변태,88
수석,88
리젤,88
갈거에요,88
겁먹지,88
선물은,88
혈액을,88
였어요,88
오스왈드,88
신경외과,88
건지도,88
계시는,88
농담이,88
터커,88
어서와,88
읽은,88
방식대로,88
낫게,88
기름,88
싸게,88
아버지랑,88
하시지,88
금발,88
증명해,88
안되는데,88
때까지는,88
이거면,88
최고예요,88
있진,88
말씀드리고,88
사용해서,88
생각하지만,88
아버지에게,88
가볼게,88
데려가고,88
싫었어,88
셋에,88
내기,88
소피아,87
한밤중에,87
소문을,87
시골,87
당신같은,87
수염,87
아실,87
저주를,87
칼에,87
사람인데,87
지났어,87
보기에,87
거구요,87
군인들이,87
지지,87
피부를,87
이것에,87
이것들을,87
야구,87
금,87
맞으면,87
2시,87
나름,87
정도야,87
프로젝트,87
푸른,87
인류가,87
이유죠,87
있더라고,87
저희의,87
깔끔하게,87
안에는,87
심해요,87
가져올게요,87
이자벨,87
결혼이,87
누구니,87
누구보다도,87
배터리,87
좋았지,87
충격,87
사실상,87
남겨두고,87
이동한다,87
메러디스를,87
앞으로는,87
쉬게,87
하던데요,87
녀석들은,87
싶어해,87
말좀,87
망치지,87
플래시,87
보여서,87
바지를,87
고기를,87
마을의,87
알면서도,87
괜찮으니까,87
플랜,87
기본적인,87
준다,87
샅샅이,87
알았지만,87
말구요,87
고마웠어요,87
쐈어,87
돌아왔을,87
바지에,87
안내해,87
주사,87
변한,87
브레넌,87
농담이에요,87
열쇠는,87
시체는,87
살펴,87
거울을,87
경우에는,87
음악은,87
굴,87
여기예요,87
에요,87
겪는,87
예상치,87
관,87
아들도,87
브라운,87
축하하네,86
염소,86
자식은,86
사람이었어,86
아따,86
보내주세요,86
참말로,86
착하게,86
받아들여,86
자게,86
그러실,86
지붕,86
얘기했어요,86
도와야,86
가져와요,86
숙녀분들,86
약점을,86
왜들,86
겸,86
괜찮았어요,86
강도,86
건드리면,86
싫다면,86
생각해보면,86
될걸,86
챔피언,86
못되게,86
센터,86
이분이,86
들게,86
표정을,86
안나요,86
표를,86
가능할,86
그러셔,86
될꺼야,86
일이니까,86
뿐이예요,86
하지는,86
봤거든,86
용의자,86
파트너가,86
바보처럼,86
권한을,86
단서가,86
멍청하게,86
대학에서,86
편,86
법도,86
직원이,86
안될까요,86
열어봐,86
영화가,86
춤추는,86
원하는대로,86
가치,86
역사에,86
다녔어요,86
시도해,86
주기,86
가겠어요,86
이쪽이에요,86
닐,86
공격해,86
않은데요,86
한마디도,86
아침엔,86
싸운,86
혹시라도,86
대학교,86
서울,86
로저,86
발생한,86
싶고,86
화내지,86
당신이나,86
우주선,86
해결하고,86
흰,86
동네에,86
지상,86
있겠군요,86
지구에서,86
잃었다,86
10초,86
살인자,86
감기,86
칩,86
누르면,86
앉으시죠,86
골든,86
하셔야,86
깨어,86
괜한,86
보이세요,86
훔쳤어,86
일이요,86
괜찮네요,86
값을,86
보아,86
나가세요,86
곁을,86
범인,86
그곳을,86
술집,86
없어진,86
좋아하나,85
금고,85
안다는,85
눈엔,85
환자에,85
꾸미고,85
곳의,85
구름,85
웃지,85
5만,85
그만들,85
의견,85
나오세요,85
굳게,85
여기있는,85
도와주면,85
경고를,85
놓지,85
전자,85
그사람,85
이해하기,85
어려워,85
매력적인,85
간이,85
독수리,85
믿었어,85
꺼낼,85
몸으로,85
잡으려고,85
애런,85
메살라,85
저긴,85
눈도,85
흐르는,85
가능합니다,85
새롭게,85
곰,85
느낀,85
계셨어요,85
보살펴,85
한방,85
이사회,85
이용하는,85
닉이,85
주마,85
내일부터,85
포기하고,85
척추,85
계획이야,85
총도,85
이쁜이,85
먹여,85
망친,85
페이지,85
가방이,85
잊지마,85
왔었어,85
환영,85
타라,85
경찰에게,85
가족들에게,85
에스더,85
제니퍼,85
결정에,85
조건이,85
점수를,85
대상이,85
드래곤,85
찍는,85
씨에게,85
그놈들,85
실종된,85
그러기,85
후회,85
집중하고,85
클레이,85
지금요,85
사랑했어요,85
많으니까,85
정당한,85
나타나는,85
같으니라고,85
사람일,85
따라야,85
살을,85
경우에,85
동료가,85
아니었다면,85
그랜트,85
기저귀,84
복수,84
헤나,84
스캔,84
소녀를,84
필욘,84
죽겠네,84
결혼해서,84
결혼했어요,84
11시,84
희생자는,84
해줄까,84
고쳐,84
힐,84
어제는,84
여왕님,84
것도요,84
키우는,84
수업에,84
바꾸지,84
떠나게,84
내용을,84
공원에,84
시신이,84
면에서,84
좆,84
소피,84
들어간다,84
애인이,84
살리기,84
저한텐,84
낳을,84
좋아하게,84
들리는데,84
책상에,84
다행이에요,84
리더,84
금속,84
쇼가,84
돌연변이,84
파이팅,84
테리,84
결정해,84
남편에게,84
얻었어,84
짐이,84
잔소리,84
다같이,84
형의,84
할거,84
줄리,84
경관,84
경기가,84
행복해요,84
원인이,84
됬어,84
원래대로,84
남자답게,84
비하면,84
반쯤,84
하진스,84
하찮은,84
보냈지,84
언제요,84
남겨주세요,84
저들,84
아버지께,84
아버지께서,84
아는게,84
만나자,84
개소리,84
눈물이,84
로스가,84
원하시는,84
끄고,84
폭력을,84
기다렸어요,84
기다려라,84
맞잖아,84
경찰이다,84
일어났던,84
어디있지,84
줄곧,84
듯한,84
월요일,84
저놈,84
원했어,84
클럽에서,84
수고,84
피하고,84
보고만,83
그말은,83
추운,83
따뜻하게,83
지원이,83
전화번호,83
지르고,83
되겠군요,83
보겠습니다,83
오셨네요,83
도시로,83
읽었어,83
어른,83
있다면요,83
있더라,83
랄프,83
할걸,83
살아남지,83
학교로,83
학교가,83
도일,83
깨고,83
쳐다보고,83
없냐,83
내버려둬요,83
동쪽으로,83
중이잖아,83
산부인과,83
대사,83
똑똑해,83
회의가,83
하비,83
다르죠,83
마셨어,83
녀석들이,83
잔을,83
요원을,83
하시네요,83
의학적,83
엉망이야,83
유감스럽게도,83
행성에서,83
걸리면,83
끝내준다,83
누나는,83
분만,83
저에,83
할머니는,83
숲을,83
숲으로,83
사인을,83
어디에요,83
죽는다면,83
말했는데,83
내용이,83
되찾을,83
없대,83
진정하라고,83
퍽이나,83
하겠다,83
많네요,83
파블로는,83
마지막이야,83
않았겠지,83
뭔갈,83
자신도,83
자릴,83
잘가요,83
레슬리,83
샘이,83
달리는,83
시작합시다,83
엠파이어를,83
대답이,83
여왕의,83
얀,83
명령이,83
그러시죠,83
안면,83
짜잔,83
두들겨,83
세고,83
안정을,83
죽겠어요,83
줄까요,83
개리,83
피해자가,83
부부가,83
코카인,83
영상이,83
먼지,83
뿐이고,83
생애,83
센,83
선택이,83
붙은,83
당하는,83
젊은이,83
핸드폰을,83
싶으세요,83
아무일도,83
흔적도,83
15년,83
분들,83
매티,83
어찌나,83
정상이,83
데이트가,82
이익을,82
숀,82
병원은,82
식당에,82
예수,82
온라인,82
할때,82
병력이,82
죄책감,82
대표님,82
12월,82
위험할,82
고스트,82
아깐,82
하고있어,82
제안은,82
편지가,82
도착했어,82
가거라,82
많은걸,82
공동,82
친구들도,82
믿을만한,82
호수,82
안되고,82
표,82
즐거웠어요,82
딸아,82
괜찮겠죠,82
처리해야,82
알겠군,82
압력,82
괜찮고,82
즐겨,82
보실,82
좋아하는지,82
확인해봐,82
친구들에게,82
되었죠,82
좋겠다고,82
그녀에,82
밥은,82
끔찍하게,82
숫자를,82
위치는,82
남부,82
일으키고,82
과거는,82
우리집에,82
선한,82
유감이지만,82
증언을,82
퇴원,82
버리면,82
고맙군요,82
열차가,82
사랑하게,82
조사하고,82
놀라지,82
카미하마,82
어땠는지,82
기다리라고,82
반갑네,82
생기고,82
분노,82
니콜라스,82
필요한건,82
엘렌,82
오빤,82
나만의,82
으음,82
차이를,82
한나,82
인기가,82
뭔진,82
일인데요,82
나타나,82
대단해요,82
뭐하시는,82
의사한테,82
무시하고,82
의상,81
화성에,81
참아요,81
걸어요,81
해결책을,81
11월,81
보단,81
뭐하세요,81
가겠어,81
괴롭히는,81
소리죠,81
않았소,81
브렌다,81
오십시오,81
드는데,81
의미는,81
바뀐,81
엿이나,81
왜이래,81
실수가,81
바닥에서,81
이해했어,81
주변의,81
피부가,81
짜증나는,81
했다구요,81
가버려,81
박스,81
뜰,81
진실,81
장소에서,81
장비가,81
채워,81
앉을,81
남기지,81
상자에,81
있을꺼야,81
괜찮,81
노력하는,81
켜,81
하는지도,81
출동,81
살리는,81
나니까,81
나눌,81
중이죠,81
멀쩡한,81
걱정돼,81
무단,81
있음을,81
신원을,81
판단을,81
사이는,81
됐군요,81
용서하지,81
균형을,81
사실입니다,81
이번에도,81
바퀴,81
부르죠,81
좁은,81
우주가,81
콩,81
할일이,81
잠들어,81
된단다,81
봤지만,81
책상,81
사과하고,81
화면,81
태어나서,81
젤,81
멀어,81
쟤들은,81
타세요,81
달라질,81
끝이에요,81
이런건,81
잘들어,81
몰랐습니다,81
아셔야,81
뉴,81
고래,81
프레드,81
마사지,81
인터넷에,81
사무실을,81
내리지,81
용,81
되다니,81
봐야겠어요,81
건요,81
생각으로,81
특히나,81
강을,81
형제여,81
사람이었어요,81
천국에,81
보이,81
것들에,81
릴리를,81
죄송,81
아파트를,81
업무,81
성이,81
오역,81
지하에,81
들으니,81
사형,81
여자애를,81
그럴까요,81
직업은,81
알수,81
놔줘요,81
살아가는,81
여러번,81
놓쳤어,81
놀자,81
임신했어,81
변하는,81
벤자민,81
검사는,81
어머니와,81
있,80
지랄,80
왼발,80
아이와,80
바뀌지,80
염려,80
본다,80
쓰던,80
으악,80
핵,80
무시해,80
의도는,80
거짓,80
의식,80
무리가,80
오셨군요,80
최초로,80
서명,80
홀든,80
로레인,80
성공을,80
광대,80
산채로,80
영혼의,80
영혼은,80
탔어,80
손들어,80
골치,80
여자에,80
테오,80
확인해야,80
구하지,80
로밀리,80
있었다고요,80
마을로,80
단어가,80
말려,80
알아야지,80
신부님이,80
일어,80
보석,80
이라,80
죽이려는,80
보여준,80
낭비,80
호흡,80
조종할,80
꿇고,80
행성에,80
멀지,80
전부예요,80
구두,80
다치지,80
고른,80
울어,80
텅,80
존은,80
마신,80
먹게,80
승객,80
싫고,80
새를,80
마법이,80
가져도,80
되거든요,80
공간,80
왔군요,80
그랬었지,80
걔네가,80
좋아질,80
가세,80
바꾼,80
사망한,80
새는,80
쓰려고,80
복잡해,80
시간이나,80
이쪽입니다,80
가까워,80
봉합,80
되었고,80
발작,80
정도요,80
국경,80
보는게,80
허가를,80
허락하지,80
붙일,80
예수님,80
지켜봐,80
마티,80
모르겠소,80
극장,80
당신이라면,80
당신이야,80
벽이,80
지방,80
문니,79
어머니도,79
아닐지도,79
책도,79
물어보면,79
말란,79
희망,79
공원에서,79
자르고,79
젠,79
끝내줘,79
범인의,79
혐의를,79
많잖아,79
어떡하죠,79
원했어요,79
연설,79
기회도,79
제이가,79
주라고,79
질질,79
연설을,79
유능한,79
만나자고,79
있을텐데,79
있을래,79
리지,79
대화할,79
중령님,79
엘비스,79
칼은,79
때처럼,79
일해야,79
놔두지,79
물도,79
방해,79
찾아냈어,79
못하도록,79
카드가,79
이지를,79
스스로가,79
않군요,79
정신은,79
안녕하시오,79
웃을,79
빠르고,79
드론,79
개야,79
진단을,79
느그,79
둘의,79
많다,79
회,79
창,79
달리고,79
카우보이,79
서비스를,79
사회적,79
에너지가,79
쳐다봐,79
가봐요,79
비밀리에,79
말해준,79
잡기,79
실수였어,79
의견은,79
해줬으면,79
거짓말이,79
똑같아요,79
당근,79
척하는,79
태아,79
직장에,79
준비할,79
달걀,79
이러지마,79
샀어요,79
도련님,79
온종일,79
지겨워,79
어머님이,79
보냈습니다,79
풋볼,79
사귀고,79
보상을,79
돌아가요,79
중이었어,79
미국으로,79
매디슨,79
빠지게,79
어떻고,79
손상,79
해롤드,79
얘기해봐,79
괜찮았어,79
마이크로프트,79
급하게,79
예의,79
현실은,79
계시잖아요,79
보인다고,79
왔었어요,79
티켓,79
되겠나,79
클락,79
그러는거야,79
카메라에,79
말이군,79
신세,79
불타는,79
작가,79
군인이,79
크리스토퍼,79
보호를,79
새해,79
전사가,79
젖은,78
루시어스가,78
바라보는,78
먹이를,78
고맙게,78
갔나,78
정작,78
엔진이,78
제외하고,78
시계가,78
전송,78
잊게,78
재밌지,78
인정하지,78
대통령의,78
화성일,78
받았을,78
보고도,78
섬을,78
보기만,78
윌리엄스,78
싶었다,78
잘될,78
카레브가,78
두개의,78
한달,78
쌀,78
대답할,78
떠오르는,78
통화를,78
회전,78
이것봐,78
내려야,78
들어가기,78
나라는,78
사실에,78
나서는,78
붙었어,78
보이기,78
교훈을,78
절개,78
이야기야,78
쏙,78
집안에,78
릴리는,78
영어를,78
긴장을,78
의문을,78
한거죠,78
셰인,78
날도,78
어휴,78
개시,78
만났지,78
봤다는,78
했잖니,78
캣,78
맘이,78
남자도,78
마일,78
데려갔어,78
죽었잖아,78
신나게,78
마른,78
신중하게,78
망가진,78
인터넷에서,78
소용이,78
있었겠지,78
필요한게,78
들여,78
마렴,78
납치,78
타이어,78
무한한,78
지금처럼,78
농담이지,78
지면,78
다했어,78
바위,78
오셨죠,78
일자리를,78
일입니까,78
상담을,78
관계에,78
돼가,78
타미,78
해결해야,77
어려워요,77
검색,77
지하실에,77
그럼에도,77
속일,77
놨어요,77
타고난,77
돌봐,77
3시간,77
혼자만,77
백작,77
결혼했어,77
외에,77
보호하려고,77
아닐거야,77
이미지를,77
수건,77
수년간,77
아래서,77
금요일에,77
아레스,77
사건과,77
남았지,77
충성을,77
낚시,77
왔으니,77
왔으면,77
버스를,77
필요했어,77
가야할,77
언론에,77
죽겠지,77
사용해,77
행운이,77
호랑이,77
발에,77
정맥,77
몸의,77
여러가지,77
냈어,77
않았잖아요,77
절차를,77
나쁠,77
고정,77
봐줄,77
신분을,77
있더군,77
이상하네요,77
기미갤,77
친구요,77
드멜자,77
알려줘요,77
투표를,77
프랭클린,77
마리안,77
잠든,77
비행기에서,77
든다,77
말해보세요,77
현장을,77
사업에,77
엄니,77
멈춰야,77
4시간,77
해줬어,77
군이,77
처음이에요,77
군대는,77
보안관님,77
기록은,77
태양이,77
최신,77
영업,77
짓는,77
나까지,77
포스터,77
차례,77
한다니까,77
빨라요,77
날짜를,77
원하는데,77
인사해,77
이쪽에,77
바다에서,77
천재,77
고맙다는,77
얘기죠,77
설리,77
불공평해요,77
보라,77
잘하네,77
잘해봐,77
잘못했어,77
말해줬어,77
의무를,77
비는,77
깁스,77
길어,77
요점이,77
되돌려,77
년은,77
얼어,77
짐은,77
볼래요,77
백신을,77
샐리,77
할려고,77
피하는,77
위험하지,77
찾았죠,77
병신아,77
낭비하지,76
하루만,76
찾았고,76
이륙,76
생겼다,76
않겠소,76
간다는,76
철,76
친구들이랑,76
잘못되면,76
말했습니다,76
한판,76
덴,76
전해줘요,76
탁,76
슬퍼,76
다행히도,76
이름이야,76
찾을수,76
피타,76
시간동안,76
택시를,76
6년,76
사지,76
훔치고,76
좋다면,76
빌게,76
되는거,76
간을,76
선택,76
우측,76
고도,76
종료,76
하겠다는,76
회의를,76
전기를,76
함께하는,76
이거에,76
적혀,76
기운,76
총상,76
영리한,76
모헨조,76
과거로,76
바를,76
많다고,76
다리는,76
십,76
엑스레이,76
없다네,76
여성의,76
싣고,76
옮기는,76
가져갔어요,76
출산,76
범죄자,76
보물을,76
나간다,76
남들이,76
바이러스,76
어려울,76
맡지,76
딕,76
조셉,76
기능이,76
그럴수,76
모여서,76
그림이,76
가르칠,76
싶지는,76
성공적으로,76
검사가,76
같았다,76
경우를,76
그만하라고,76
입장을,76
부탁인데,76
샘플을,76
두려움에,76
줬다고,76
역겨워,76
남았다,76
밖엔,76
그런것,76
달을,76
번째로,76
키우고,76
대니가,76
네놈,76
건은,76
운전해,76
꼬부랑,76
맹세해,76
동전,76
어딘가에서,76
일이지만,76
란,76
반응,76
친구로서,76
번호는,76
겠네요,76
애랑,76
했습니까,76
목소리는,76
빌려,76
곳입니다,76
저한테는,76
이거나,76
하난,76
말씀하시는,76
하더니,76
크림,75
쐈어요,75
본다고,75
증상을,75
영혼,75
해선,75
뵙게,75
종양은,75
꺼지라고,75
루크는,75
여깄다,75
물고,75
황금,75
썼던,75
토할,75
버지니아,75
터너,75
갈아,75
창문이,75
공짜,75
5시,75
죽였고,75
말어,75
셋을,75
상황이야,75
좋진,75
일명,75
절개를,75
서약을,75
소름,75
소년을,75
바바라,75
죽거나,75
노력했어요,75
노력해,75
주차,75
그러려면,75
내일까지,75
좌표를,75
십대,75
피아노,75
굉장해,75
들릴,75
호의를,75
피해자의,75
박수,75
다행이지,75
가득찬,75
침대를,75
법적으로,75
오네,75
채널,75
아니였어요,75
크롤리,75
열리는,75
돕게,75
근육,75
다해서,75
없을걸,75
없을거에요,75
통신을,75
닮았어,75
가지를,75
얘한테,75
화살을,75
해리스,75
알렉산더,75
없었거든,75
생겨,75
기다릴게요,75
매튜,75
과정에서,75
과장이,75
뭔가에,75
영영,75
네겐,75
올라가면,75
종교,75
부수고,75
계산,75
너까지,75
정보에,75
닉은,75
한다구,75
존슨,75
어쩌고요,75
자유의,75
옳다고,75
아기도,75
차려요,75
포기해,75
스키,75
사흘,75
싫다는,75
스타일,75
챈들러,75
앞에선,75
가르치고,75
무례한,75
나게,75
에바,75
상대,75
뭘까요,75
타워,75
매달,75
피우고,75
베리,75
속옷,75
모양인데,75
싶은거야,75
꿈에서,75
부자가,75
세우고,75
조준,75
저더러,75
무장한,75
게임에,75
살리려고,75
하나님이,75
두명의,75
밖을,75
알아보는,75
자살을,75
테이블에,75
원합니다,75
시민,75
잃어,75
제로,75
여왕은,75
입에서,75
그애가,75
마치고,75
가정,75
변하고,74
동의해,74
빠졌어요,74
생기지,74
장난해요,74
예이,74
세계로,74
꿈의,74
하기도,74
살려고,74
어라,74
찾아낸,74
됐구나,74
못봤어,74
있구만,74
최상의,74
악의는,74
톰은,74
문제에요,74
식량을,74
만났던,74
팔은,74
말씀하신,74
말구,74
정확해,74
하나밖에,74
하나뿐인,74
꼼짝마,74
가보세요,74
유키,74
끌,74
말들을,74
방식은,74
부탁할,74
냉장고에,74
자말이,74
조심해라,74
한꺼번에,74
에그,74
벌려,74
올해의,74
산다고,74
이성을,74
도착했을,74
자국이,74
자금을,74
고통스러운,74
담요,74
슬픔을,74
일반적으로,74
강철,74
도망치는,74
말해주면,74
수술실이,74
분명해요,74
하셨습니다,74
위장,74
케이스를,74
월요일에,74
그죠,74
구역을,74
같을,74
매니야,74
같긴,74
시험에,74
알아냈어요,74
예스,74
피오나,74
하루도,74
마님,74
연료를,74
연습을,74
당,74
평생동안,74
아빠처럼,74
목사님,74
일요일,74
사진도,74
기적이,74
주기로,74
하십시오,74
창고,74
터널,74
품고,74
봐주세요,74
공정한,74
린다,74
거래가,74
결혼도,74
가브리엘,74
사업은,74
현실,74
얘기해야,74
고객이,74
넥타이,74
네이트,74
행성을,74
4일,74
우주선을,74
부끄러워,74
몸도,74
섹시해,74
전화번호를,74
이어,74
걔들,74
무시무시한,74
감정적으로,73
선장,73
할것,73
메러디스랑,73
데려가지,73
당장요,73
했을까요,73
다녀요,73
정치적,73
팬티,73
해놓고,73
잠깐이면,73
일이었어,73
영국의,73
독이,73
천국,73
자막제작,73
성인,73
넘어갈,73
부인에게,73
대가로,73
알렉스를,73
생각해보세요,73
친구에요,73
연결이,73
꾸민,73
형사가,73
바닥을,73
불러주세요,73
안할,73
따른,73
놀리는,73
서둘러야,73
달간,73
싫어하지,73
사과할,73
오디션,73
저에요,73
그만하면,73
모르면서,73
벗어나지,73
입으면,73
돕지,73
농장,73
그럴만한,73
중요하죠,73
아무것도요,73
오줌을,73
컷,73
롤로,73
안된다는,73
사람하고,73
자들,73
맹세를,73
대령이,73
토드,73
해볼래,73
블레이크,73
소개해,73
내요,73
볼일,73
되려면,73
주시고,73
수치다,73
신뢰할,73
명령이야,73
외국,73
도로에서,73
만들거야,73
노예로,73
녹음,73
보이지만,73
진통제,73
그랬잖아요,73
전과,73
이것좀,73
벌고,73
그녀한테,73
들으세요,73
됐으니까,73
미친듯이,73
좋은거야,73
느꼈어,73
할텐데,73
것들도,73
자기의,73
응급실로,73
형제를,73
꺼내지,73
될거,73
데릴,73
아이디어,73
법원,73
법정에,73
마자,73
칵테일,73
언어,73
언덕,73
괜찮단다,73
되었을,73
겨울이,73
착하고,73
악당,73
주길,73
생각하시는,73
말해줄래,73
화낼,73
싫어할,73
메레디스,73
12시간,73
멀리서,73
보냈는데,73
911에,73
지키지,73
지키려고,73
지하철,73
수면,73
않겠나,73
떠도는,73
간다면,73
너한테는,73
시내에,73
심리,73
장벽을,73
이모가,72
가능하죠,72
말하려는,72
알았으니까,72
지니,72
지독한,72
힘들죠,72
대접을,72
월리,72
앉아있는,72
쉬울,72
권리,72
대마초,72
두려워요,72
여태껏,72
스톤,72
쥐가,72
헤어진,72
어렵게,72
시저,72
기,72
같나요,72
경비를,72
예약,72
보길,72
돌아왔다,72
마이크를,72
장난을,72
당신도요,72
당분간은,72
도망친,72
있을걸,72
어디갔어,72
있었으니까,72
아일,72
아저씨를,72
죽,72
목표,72
생각하십니까,72
바보로,72
가네,72
다니지,72
전화했어요,72
주가,72
된거지,72
해보는,72
마누라가,72
마녀,72
아저씬,72
후안,72
도리가,72
혀를,72
사장님이,72
훔치는,72
소리로,72
보지마,72
만들었다고,72
몇시간,72
있어야죠,72
그러면서,72
진입,72
수없이,72
됐으니,72
죽여서,72
죽였다,72
인턴을,72
좋아했어,72
집의,72
우리만의,72
만큼은,72
스카치,72
바란,72
운명의,72
데다,72
면이,72
부모를,72
해서는,72
섹스가,72
냈어요,72
작게,72
이제부턴,72
접니다,72
배웠어요,72
압박을,72
문제입니다,72
3개월,72
옳았어요,72
미터,72
일이오,72
등등,72
출입,72
보안을,72
없대요,72
이상한데,72
알고보니,72
빌딩,72
빚,72
두분,72
궁금하지,72
메인,72
조차도,72
꿀,72
테레사,72
댓가를,72
댁,72
사람이나,72
정부를,72
않아서요,72
바뀌었어,72
사랑한,72
안하는,72
성스러운,72
자매,72
엄마에,72
취향이,72
인상을,72
짓이지,72
대회,72
폴란드,72
위험하다고,72
걱정마요,72
생겼는데,72
낮잠,72
온거,72
맞아서,72
보신,72
가야만,72
예쁘네,72
놀랐어요,72
마음도,72
모양,72
돌릴,72
책임이야,72
묶여,72
이동합니다,72
칠면조,72
문제라고,72
트렁크에,72
알았고,72
이럼,72
빼앗아,72
암살,72
재미없어,72
이비,72
장면,72
파괴,72
삶과,72
농담을,72
보고를,72
지을,72
남편한테,71
남편도,71
오냐,71
오시면,71
12시,71
수녀님,71
벡,71
어둡고,71
데이지,71
구경,71
거대,71
알리고,71
달라는,71
되겠니,71
크리스티,71
데이터가,71
왼쪽에,71
태워다,71
왕국의,71
창문으로,71
봐바,71
전사,71
사용한,71
일어나게,71
간단해,71
부엌,71
묻어,71
다니면서,71
축하드립니다,71
닥치라고,71
놀랐어,71
끄는,71
치르게,71
선택해,71
하셨나요,71
아는데요,71
만나보고,71
시티,71
있게요,71
건강,71
실수야,71
쫙,71
쟈니,71
말한대로,71
꼬마가,71
돌격,71
계단으로,71
계단에서,71
준비했어,71
경관님,71
자료,71
잘못도,71
자라는,71
자렴,71
내에서,71
테드,71
던,71
멈췄어,71
평범하게,71
사촌이,71
상의,71
했단다,71
진짜로요,71
아시는,71
향하는,71
왔다는,71
기어,71
5월,71
뉴스를,71
비용을,71
먹어야지,71
필요할거야,71
모니터,71
아버님은,71
빵을,71
옳아,71
하지마요,71
도착했어요,71
빠지는,71
느꼈어요,71
들었고,71
들었니,71
엘사,71
의미로,71
좋겠군요,71
새벽에,71
서는,71
봤을때,71
겁먹은,71
티,71
남,71
됐니,71
있었군요,71
기쁨을,71
남길,71
저기가,71
감아,71
먼로,71
스테이시,71
유지해,71
한대요,71
모,71
없었거든요,71
지우고,71
같았지,71
여성을,71
둘러,71
외에는,71
아줌마가,71
무엇인가,71
잠자리를,71
버는,71
본인의,71
잠이나,71
버스가,71
감시를,71
있겠소,71
타디스를,71
다칠,71
여권,71
해제,71
제거하는,71
여러분들이,71
분명한,71
컴퓨터가,71
고양이는,71
인간이야,71
모르겠고,71
항로를,71
2만,71
동물을,70
하느님의,70
바라던,70
익숙한,70
결과에,70
여러분들은,70
니들이,70
말아주세요,70
성공하면,70
2개,70
끝장이야,70
오죠,70
오지마,70
신경쓰지마,70
모를까,70
낫네,70
이브,70
요괴,70
그때부터,70
멀쩡해요,70
거기선,70
도망치지,70
기지에,70
튜브를,70
시작됐어,70
이겼어요,70
커크,70
나라도,70
너넨,70
물건들,70
나무는,70
아름다움을,70
벗은,70
옮기고,70
보스가,70
하던가,70
칩을,70
쟤네,70
보이는군요,70
필요하니까,70
프랭크가,70
어디선가,70
어디요,70
있었네요,70
바이탈은,70
이들,70
쟤들이,70
폐에,70
고향으로,70
턱,70
몰랐죠,70
자궁,70
평화롭게,70
없다니,70
숨겨,70
부모는,70
루시퍼를,70
새라,70
악의,70
안경을,70
의사예요,70
3개,70
맛있어요,70
죽이는데,70
소중히,70
모자라,70
마시러,70
죽인다고,70
하지요,70
독특한,70
사라지지,70
무시하는,70
무슨일,70
기억에,70
반으로,70
상상해,70
소리만,70
필요하단,70
딸도,70
생겼는지,70
생각했지만,70
공항에서,70
몰아,70
가지세요,70
들었던,70
리허설,70
무시할,70
인류는,70
연,70
결정해야,70
말그대로,70
5번,70
사랑했던,70
더러워,70
졸업,70
내셔널,70
많았어요,70
흉부외과,70
있는지는,70
말해라,70
트레이,70
혼란스러워,70
암흑,70
그거지,70
분께,70
대지,70
응급실에서,70
성에,70
중요하다고,70
속은,70
옆집,70
어떨,70
아름답지,70
말라구,70
자식들이,70
테이프를,70
가방은,70
거봐,70
그대로야,70
그대를,70
전부는,70
뭐로,70
엉망으로,70
노력이,70
아이디어가,70
마르타,70
만들었습니다,70
구해준,70
주겠소,70
잊어버리고,70
뭐고,70
내려요,70
만지고,70
벗어나고,70
흥미를,70
어머니께,70
그리워요,70
보내게,70
오랜만이야,70
장이,70
지저분한,70
그만하자,70
모델,70
경우가,70
모스,69
페리,69
장면이,69
채프먼,69
앉아봐,69
방사능,69
뒤져,69
은행에서,69
시대에,69
양말,69
웨버가,69
분도,69
무리,69
당신보다,69
스케줄을,69
외엔,69
도로를,69
계획도,69
본이,69
잠에서,69
챙기고,69
숙제를,69
기차를,69
거기에서,69
이상하다,69
이상하다고,69
러셀,69
하여간,69
남편이랑,69
앞으론,69
중요합니다,69
속이고,69
타디스가,69
필름,69
같거든요,69
탓이야,69
어떡해야,69
아메리칸,69
마을이,69
중요치,69
이런일이,69
단계,69
조종사,69
꿈꾸는,69
바나나,69
조심스럽게,69
고문,69
맞네요,69
일어나라,69
짐승,69
비숍,69
되는거죠,69
만들었다,69
들이,69
노력했어,69
요청을,69
알기론,69
이끄는,69
경계를,69
도와주러,69
계시면,69
버크한테,69
팬,69
눈에서,69
상태에서,69
믿으면,69
주렴,69
마구,69
목요일,69
기억나는,69
알아둬,69
실험실,69
각본,69
가능하다면,69
믿겠어,69
신과,69
뭐여,69
그년,69
이내에,69
나탈리,69
악마는,69
죄로,69
전화하고,69
조의,69
짝이,69
워커,69
자들의,69
액션,69
전화기를,69
종,69
그거에요,69
때문일,69
부서진,69
아무렇지도,69
보셨죠,69
의대,69
실어,69
단어는,69
어쩌다가,69
미치지,69
소식입니다,69
소변,69
소송을,69
꺼요,69
봤자,69
의심을,69
나왔다,69
갈지,69
일년,69
들어왔다,69
남자들을,69
재밌어요,69
살리고,69
놀랍지,69
간절히,69
트레일러,69
다릅니다,69
잭슨이,69
40년,69
재미있을,69
숨긴,69
가볼까,69
몇번이나,69
알았잖아,69
동물들이,69
같은게,69
스벤,69
뒤돌아,69
하느님이,69
알았니,69
재미있게,69
너머로,69
이리와요,69
타야,69
약속했어,69
나도야,69
차량을,69
굶어,69
피곤해서,69
차리고,69
시기에,69
탐,69
오리,69
법에,69
장을,69
찾으세요,68
찾자,68
오너라,68
오래전,68
미소,68
살인이,68
높게,68
보긴,68
돌아다니는,68
오른쪽에,68
금을,68
마이키,68
돼죠,68
한때는,68
사람이라,68
하나죠,68
싶어해요,68
가길,68
생각이었어,68
고위,68
확신해요,68
친절하고,68
하키,68
같냐,68
중이라,68
긍정적인,68
경찰서에,68
하란,68
제레미,68
유감이네요,68
야간,68
위해서도,68
멍청이가,68
무덤을,68
렉시가,68
천사가,68
냄새는,68
장소로,68
지구는,68
입었어요,68
그리울,68
지역의,68
아버질,68
가져간,68
준비됐지,68
함선을,68
날카로운,68
빠지면,68
전체의,68
참고로,68
들었네,68
감당,68
그곳은,68
좆까,68
좋구만,68
처한,68
사건에서,68
들리겠지만,68
남았는데,68
상대는,68
시작할까요,68
신생아,68
좋았죠,68
숙청의,68
숙제,68
좋아하세요,68
된대,68
폐하를,68
의상을,68
생활이,68
찾아야지,68
찾아와서,68
죽음과,68
진전이,68
소송,68
수영을,68
와트니,68
휠체어,68
만드는데,68
산소가,68
시작했고,68
누구는,68
보십시오,68
보석을,68
맹세합니다,68
고를,68
메이슨,68
꾼,68
결정한,68
취했어,68
이유지,68
군사,68
원하는거야,68
환자예요,68
연구실에서,68
성형외과,68
안들려,68
전부요,68
국가를,68
얘기했던,68
것만으로도,68
좋을텐데,68
가셔야,68
악몽,68
깨끗해요,68
봤소,68
하겠소,68
죽여요,68
잡히지,68
마법사,68
있었단,68
도움도,68
소스,68
드리는,68
이야기의,68
믿어줘,68
요청,68
알아내,68
왕자,68
일으키는,68
몫을,68
그랬고,68
다스탄,68
가려면,68
전력,68
감정에,68
한글번역,68
시드,68
대하는,68
싸우기,68
싸우게,68
갔습니다,68
생명체가,68
이름과,68
문자로,68
호텔로,68
시작했지,68
걸었어,68
직업,68
흘러,68
옥수수,68
불러줘,68
불렀지,68
지어낸,68
지루해,68
같았죠,68
희귀한,68
잠자는,68
튜브,68
시작도,68
명성을,68
명백한,68
명도,68
마당에,68
품에,68
복도에서,68
잠겨,68
멈춰라,68
아는건,68
성은,68
가족들과,68
선택해야,68
멋있어,68
역사가,68
철이,68
너에겐,68
권한,68
메시지가,68
불편한,68
대가,68
절반을,68
먹으면서,68
찾을거야,68
다음번에,68
났네,68
변신,68
힘들었어,68
내년에,67
피의,67
히틀러,67
모르나,67
아가씨는,67
동의를,67
재미로,67
파이퍼,67
여정을,67
극적인,67
정리하고,67
돕기,67
가져가요,67
막기,67
뜻으로,67
모를거야,67
그만두지,67
지금까진,67
지켜라,67
잃었습니다,67
언니도,67
광산,67
보자꾸나,67
불가능합니다,67
스위스,67
나갈거야,67
파트너를,67
들여다,67
춤추고,67
왔잖아요,67
매일같이,67
있으렴,67
도망치고,67
고집,67
못한다는,67
움직임을,67
해킹,67
에게,67
눈에는,67
임상,67
엉덩이가,67
질문이야,67
프로그램에,67
오시죠,67
괜찮겠어요,67
믿었어요,67
반면에,67
개처럼,67
이끌어,67
날아,67
진술을,67
주변에서,67
그것의,67
잘됐어요,67
감사드려요,67
시대가,67
뿐이잖아,67
돌봐줄,67
가졌어요,67
가격을,67
샌,67
시스템에,67
캐롤라인,67
만나본,67
뉴스에,67
신사숙녀,67
온다면,67
역을,67
바뀌는,67
봤잖아요,67
좋아하거든,67
낫다,67
부하들을,67
뛰지,67
말한게,67
인질로,67
곁에서,67
우주로,67
운동을,67
환상적인,67
25년,67
그러한,67
상사가,67
썼지,67
거였는데,67
평화가,67
담고,67
무슨일이에요,67
요원들이,67
2년간,67
치료제가,67
된거,67
천재야,67
건물에서,67
감이,67
크루즈,67
박힌,67
오른,67
표현,67
상황입니다,67
이거죠,67
위해서라도,67
그렇다니까,67
친구죠,67
봤는데요,67
앉지,67
장례식,67
장례식에,67
수술실을,67
시켜서,67
그렇단다,67
아내도,67
위험은,67
바다가,67
범위를,67
보시다시피,67
옷에,67
올리,67
유지하고,67
대량,67
사정이,67
아시오,67
뜨는,67
가시면,67
기상,67
번호가,67
생각인데,67
자존심,67
포기한,67
대답하지,67
같으니까,67
아니었습니다,67
알바,67
죽었는지,67
향수,67
연구에,67
자랑스럽게,67
레이저,67
해줬어요,67
무리를,67
방어,67
전화해요,67
존재야,67
4월,67
뇌는,67
호출했어,67
댁에,67
있었단다,67
낳은,67
멋지군요,67
있겠습니까,67
경로를,67
상업적,66
디트,66
있나봐,66
일치하는,66
세월이,66
늑대가,66
원격,66
안전합니다,66
나예요,66
활동,66
들어오지,66
들어봤어,66
사람들이에요,66
두려워하는,66
선택했어,66
걱정이야,66
번을,66
진짜라고,66
계속하세요,66
해드릴게요,66
버크의,66
대단하네요,66
보이는구나,66
카메라는,66
달러가,66
생각하기,66
않았니,66
힘도,66
상상해봐,66
입어야,66
인간들,66
아내랑,66
타이,66
브래들리,66
해봅시다,66
셀,66
연애,66
단둘이,66
하던가요,66
하드,66
손가락이,66
금이,66
가지지,66
까지는,66
하겠나,66
약도,66
돌아왔네,66
1시,66
달렸어요,66
이것들이,66
틀렸다고,66
것만큼,66
일이시죠,66
학생이,66
스테이크,66
스트레스가,66
좋을까,66
자유가,66
되든,66
요원은,66
점화,66
절반은,66
나사,66
웹,66
받으려고,66
나이는,66
전직,66
좋긴,66
아무렴,66
된단,66
숙이고,66
깨어날,66
다름,66
좋아하거든요,66
발목,66
부하,66
앉은,66
여깄어요,66
연결된,66
사랑한단다,66
여행은,66
내면의,66
의미도,66
장거리,66
그곳으로,66
면을,66
사랑한다는,66
바꿔야,66
좋겠지,66
너희들도,66
귀중한,66
조심하라고,66
싶었죠,66
들리네요,66
그때도,66
괜찮겠지,66
괜찮다는,66
빠져서,66
없었나요,66
보여줘야,66
휴대폰을,66
처리하고,66
12살,66
보냈다고,66
예의를,66
개같은,66
불가능,66
가수,66
가셨어요,66
하와이,66
위험하고,66
현금,66
맞소,66
맞는지,66
믿죠,66
명령이다,66
노를,66
초록색,66
산에서,66
필요했던,66
왕과,66
누군지는,66
죽는다는,66
결론을,66
젯,66
못했고,66
멋있는,66
그토록,66
그이,66
같은걸,66
같이요,66
사장,66
지나고,66
보고싶었어,66
희생자를,66
수년,66
그만둘,66
베일리를,66
라니스터,66
생일을,66
생각나게,66
책임,66
베트남,66
내꺼야,66
그러던데,65
드릴께요,65
그에겐,65
막혀,65
그만한,65
파리를,65
입어요,65
생각했습니다,65
오드리,65
생각하겠지,65
10대,65
나도요,65
놈들이야,65
지구가,65
보실래요,65
파괴할,65
입장이,65
그시간에,65
두가지,65
벅,65
경계,65
보진,65
유대인,65
않았거든,65
자네랑,65
울프,65
체크,65
대화하는,65
불공평해,65
수술로,65
영화에서,65
싶은가,65
여자로,65
것부터,65
늦었네,65
눈앞에,65
뷰티,65
됐다는,65
하더라고요,65
요즘엔,65
기록에,65
급히,65
올라가는,65
전날,65
계란,65
스튜어트,65
사랑하니까,65
바꿨어요,65
찔러,65
구해줄,65
사람이잖아,65
싶었을,65
성질,65
할머니를,65
짓이라고,65
조직의,65
조의를,65
바닥,65
협상,65
진짜에요,65
멍청해,65
여태까지,65
더더욱,65
블랙홀,65
총각,65
라이트,65
믿어봐,65
자기랑,65
혈관을,65
드류,65
거지같은,65
싶거든,65
능력은,65
다르다고,65
우울한,65
데니가,65
콜슨,65
떨어지지,65
줄수,65
그깟,65
나빠질,65
감지,65
7번,65
형도,65
뒤쪽에,65
나서야,65
쓰세요,65
위험하게,65
낮에,65
없는거,65
언제까지나,65
아버지처럼,65
산산조각,65
겠다,65
누군,65
어디에나,65
잘린,65
사면,65
공포를,65
주인공,65
말했다고,65
아니겠지만,65
닉스,65
램퍼트,65
무장,65
그랬겠죠,65
철수,65
수표를,65
이겼다,65
활짝,65
배신자,65
악한,65
될수,65
산책,65
춤추자,65
않구나,65
8월,65
경비가,65
오셨어,65
마찬가지예요,65
캐나다,65
없었네,65
싶대,65
정식으로,65
소파에서,65
아무짓도,65
신음,65
인턴들,65
연주,65
실력을,65
섹스도,65
에이프럴,65
의사의,65
서명을,65
크지,65
커트,65
찾아내서,65
옙,65
알아내야,65
만든거야,65
잖아요,65
이웃,65
목숨은,65
일했던,65
했구나,65
생각나는,65
파리에서,65
빙고,65
찾겠어,65
마리가,65
모세,65
가리고,65
증거도,65
데요,65
결혼하지,65
찾아볼게,65
가셔도,65
1주일,65
배짱이,65
행성의,65
쳐요,65
그닥,65
들어줘,65
부함장님,65
데이,65
그리스,64
유명,64
비열한,64
받아들이고,64
대신해서,64
밖은,64
때리지,64
좋은지,64
셰퍼드는,64
말해주는,64
말하기를,64
가야죠,64
소개,64
반가운,64
가치도,64
지갑을,64
손에서,64
신난다,64
키는,64
만들어낸,64
소식이야,64
훔쳤어요,64
예쁘고,64
항공,64
살해된,64
원하세요,64
만들게,64
교육을,64
뿅,64
어젯,64
어떻든,64
나네요,64
않는군요,64
대개,64
기지를,64
후의,64
쓸만한,64
만들었는데,64
뱅스,64
길거리,64
있잖나,64
들었는데요,64
팬더,64
진실된,64
프리쳇,64
관점에서,64
일이잖아요,64
생겼다고,64
참여할,64
나누는,64
아스나,64
정신나간,64
남게,64
혼자서는,64
너하고,64
월,64
타입이,64
돌아올거야,64
컴퓨터에,64
윗층에,64
하나님은,64
귀염둥이,64
머리에서,64
자신과,64
하셔,64
해보라고,64
밧줄,64
케이스가,64
다운,64
불행한,64
생활은,64
서두르지,64
충격이,64
말했었지,64
실제로는,64
보라색,64
꾸지,64
돌봐야,64
레스토랑,64
장갑,64
있을거예요,64
땀을,64
하여튼,64
들린다,64
불은,64
건물이,64
그런거지,64
줄께,64
데려가요,64
쿠키가,64
출,64
놀라서,64
때로,64
버트,64
앨리슨이,64
죽겠다,64
알려져,64
열차를,64
되는게,64
가격이,64
않았을거야,64
레인,64
운전할,64
떨어,64
라일리,64
포기하는,64
쳐다,64
가려,64
아버지에,64
모니카,64
과자,64
누구냐고,64
가위,64
메스를,64
여자친구를,64
여동생을,64
국가의,64
시장에,64
매디,64
경찰의,64
생겼습니다,64
하킴이,64
느껴요,64
링컨,64
쓰라고,64
나가기,64
않기를,64
정치,64
시기가,64
떡,64
느낌이야,64
체스,64
군은,64
전화한,64
체포할,64
얘기예요,64
들어도,64
공식적인,64
그러고는,64
뭐하는거에요,64
마르코,64
아내한테,64
같은건,64
놓으라고,64
그릇,64
나눈,64
살았던,64
살인은,64
팁,64
이제껏,64
했을때,64
자유야,64
자정,64
알츠하이머,64
지옥을,64
지문이,64
마미짱,64
해결책이,64
만든다,64
불만이,63
힘내요,63
대기하라,63
솔로,63
찾는다면,63
죽였을,63
8시에,63
카밀,63
어린애,63
그러니까요,63
갔으면,63
배고픈,63
도와줄게요,63
공이,63
자랄,63
방식,63
조지를,63
저야,63
못하겠지,63
안아,63
물러,63
무기로,63
정해진,63
불과해,63
반가웠어,63
과일,63
식은,63
일이든,63
일이라,63
마고,63
먹을까,63
않,63
빼곤,63
쏜다,63
크레인,63
스탠,63
엉,63
골랐어,63
괴상한,63
연관된,63
연구소,63
이끌,63
활성화,63
존경하는,63
약해,63
있으시면,63
더블,63
노예가,63
어디서부터,63
언어를,63
그러므로,63
있었겠죠,63
브래드,63
비행기는,63
다음번엔,63
잃어버렸어,63
시험이,63
살아있다는,63
경찰이야,63
무선,63
그녀랑,63
환상을,63
문제없어,63
주겠네,63
도는,63
볼수록,63
적합한,63
않을거예요,63
얘기하려고,63
온걸,63
온거에요,63
해낸,63
서부,63
서서히,63
감옥으로,63
그럴수도,63
피곤해요,63
주시는,63
목표물,63
맥박은,63
잊었어요,63
어깨를,63
이야길,63
1만,63
노래도,63
우리들은,63
우리야,63
데려갔어요,63
형사입니다,63
은하,63
절반이,63
여기서도,63
조국을,63
부탁하는,63
기지로,63
너희들에게,63
너무나도,63
떠났을,63
자신에,63
조나단,63
사랑해서,63
연극,63
가면서,63
소파,63
수술해야,63
마법은,63
없어질,63
아드님이,63
피에,63
어딨는,63
아놀드,63
벌어질,63
보여야,63
비네,63
전하고,63
나왔죠,63
판사가,63
괜찮으시다면,63
받아들여야,63
죽진,63
마시죠,63
리더가,63
표합니다,63
버니,63
가능,63
죽이진,63
파워를,63
파운드,63
최근의,63
공격한,63
나오기,63
코끼리,63
날개가,63
알고있지,63
목록을,63
피하려고,63
버스터,63
그랬듯이,63
훔쳐서,63
가시는,63
목적으로,63
필요한지,63
죽여버려,63
말해야지,63
5초,63
몰랐다,63
힘들었어요,63
지식을,63
떠났다고,63
웰스,63
뭐였어요,63
어머니께서,63
보,63
입었어,63
놈이랑,63
알잖니,63
가깝게,63
잡아줘,63
뜻인가요,62
베이스,62
이제와서,62
했대요,62
사는지,62
일어날지,62
파란색,62
어머닌,62
그리고나서,62
흰색,62
10살,62
지어,62
봤어야,62
멈췄어요,62
한창,62
달아,62
죄송한데요,62
왔나요,62
알아내는,62
도착한,62
예쁜이,62
코가,62
행동으로,62
문신,62
재미를,62
남자요,62
남자에,62
박준,62
박쥐,62
어울릴,62
내일도,62
생각하진,62
구는,62
잠만,62
잠은,62
에이미는,62
문제요,62
그러진,62
드려야,62
레니,62
리는,62
군데,62
가게를,62
물었어,62
미처,62
죽이네,62
휴식,62
삼아,62
마찬가지죠,62
피어스,62
컴퓨터로,62
안가요,62
할아버지를,62
졌어요,62
토요일에,62
머리로,62
귀엽네,62
조각이,62
해줘야지,62
집중할,62
그거요,62
48시간,62
교도소에,62
치료에,62
할리,62
가지가,62
7년,62
하고싶은,62
좋든,62
나오미,62
우연의,62
사라졌습니다,62
감사하고,62
인턴들이,62
느껴지지,62
느껴지는,62
쳤어,62
괜찮다니까,62
얘도,62
얘들,62
후퇴,62
후지이,62
기차가,62
명령은,62
아침까지,62
시작됩니다,62
시작하겠습니다,62
공포에,62
샤론,62
기다렸다가,62
마을은,62
잭이,62
3시에,62
아는지,62
중력이,62
싫었어요,62
호르몬,62
않을걸,62
말해줘야,62
시민들이,62
얘기하죠,62
열어줘,62
열정을,62
나잖아,62
봐봐요,62
창고에서,62
런던으로,62
올래,62
두번이나,62
이사를,62
띄워,62
발견하면,62
아녀,62
적게,62
홍콩,62
비켜주세요,62
쏴요,62
케이블,62
쟤한테,62
저녁식사,62
언제야,62
왕자가,62
누나를,62
시작했습니다,62
됐지만,62
누굽니까,62
알려주는,62
그간,62
전환,62
쉽진,62
꿨어,62
자식들을,62
샐러드,62
꽃이,62
메이데이,62
이놈이,62
알아보지,62
준비했어요,62
독,62
와서는,62
단독,62
용의자는,62
연약한,62
결혼하면,62
분위기가,62
섬에서,62
그렇겐,62
일일이,62
해고,62
포함한,62
헨리가,62
미팅,62
옮겨야,62
크리스찬,62
엄마예요,62
팝,62
설득할,62
밝게,62
무례하게,62
작전에,62
전화야,62
2천,62
안써,62
론다,62
못가,62
느리게,62
짜고,62
특정한,62
방해하고,62
팔지,62
되긴,62
되겠지만,62
그러던,62
아닐걸,62
송,62
아까는,62
나두,62
했던거야,62
파괴하고,62
잡히면,62
잡힌,62
잡힐,62
말씀드리죠,62
유죄,62
유지할,62
살았다,62
발생했습니다,62
불안해,62
구역에,62
나름대로,62
별명이,62
이제까지,62
막스,61
미라,61
임신을,61
파고,61
말씀해주세요,61
갚을,61
아들한테,61
12번,61
보내줄,61
미래에서,61
치우고,61
케이,61
윌이,61
경찰도,61
방법입니다,61
나설,61
확률은,61
대가가,61
남고,61
게임의,61
에그시,61
시작이야,61
들이지,61
땀,61
죽는걸,61
그러라고,61
총알은,61
딸이에요,61
이놈의,61
날려버릴,61
소스를,61
클린턴,61
아니든,61
즐거웠어,61
해주려고,61
구석에,61
생겼을,61
생겼지,61
손목을,61
몇이나,61
위해서가,61
로마의,61
로마에,61
포터,61
장미,61
낫겠어,61
났다,61
방법이에요,61
확인했어요,61
케익,61
벌인,61
플라스틱,61
잠그고,61
챙겨서,61
게이라고,61
다시한번,61
저놈이,61
질거야,61
일어나기,61
공항에,61
현대,61
사우스,61
주제를,61
상관하지,61
어렸을때,61
살수,61
침입자,61
말한거야,61
조를,61
끊어요,61
끈,61
떠났지,61
혈액이,61
짝을,61
끊지,61
매니는,61
식사는,61
반갑네요,61
밖에는,61
평소,61
주니어,61
난다고,61
비행기로,61
국경을,61
전국,61
참이야,61
의해서,61
아직요,61
마녀가,61
땅은,61
교열,61
탓이,61
알았거든,61
두려움은,61
자세,61
결정하는,61
연구실에,61
로지,61
세울,61
자랑스럽다,61
자랑스러운,61
아메,61
규칙에,61
건진,61
깨어나면,61
공주를,61
이야기하는,61
다른건,61
말하는지,61
준비하세요,61
돈이야,61
좋아하니까,61
깰,61
집에는,61
좋아해서,61
많거든,61
용서하세요,61
스티븐스가,61
사실인가요,61
연속,61
이거는,61
달아나,61
말한다면,61
재킷,61
돌보고,61
돌보는,61
올까,61
사령관,61
시멘트,61
방해하는,61
잘하셨어요,61
부모님한테,61
안그러면,61
사랑한다면,61
나와야,61
전투를,61
의심의,61
배신했어,61
운명,61
없어야,61
행복하고,61
틀림없어요,61
얼굴로,61
들었다고,61
판매,61
나죠,61
최고가,61
파이프,61
재밌었어,61
들리니,61
쿨한,61
꺼내야,61
그런말,61
사람들로,61
애완동물,61
하비에르,61
않을거라고,61
뵙겠습니다,61
놈들에게,61
동굴,61
오다니,61
동료들이,61
동료를,61
지니고,61
있거라,61
살펴보고,61
이중,61
작별인사,61
작업이,61
그림은,61
두어,61
이후로는,61
형제는,61
다녀와,61
다녀오세요,61
했을거야,61
생각하나요,61
명확하게,61
가시오,61
목격자가,61
누명을,61
잡혔어,61
장갑을,61
가능하다고,61
가능하면,61
찾도록,61
어린이,61
갈꺼야,61
노예,61
6시에,61
사전,61
사진에,61
수갑을,61
희생을,61
지울,61
가져가서,60
항생제,60
걱정해,60
알잖나,60
솜씨가,60
지금까지는,60
따님은,60
암을,60
드실,60
휘릴,60
보이던데,60
진정으로,60
기쁘다,60
빌린,60
무기도,60
냄새야,60
거절할,60
발은,60
불쑥,60
커플이,60
커피는,60
이쪽이,60
입지,60
헤드,60
살해한,60
오려고,60
지냈나,60
호도,60
우연이,60
많았어,60
될거다,60
연락도,60
된다니까,60
줄리엣,60
줄스,60
시작했을,60
미첼이,60
미지의,60
없애고,60
때에는,60
통신이,60
안돼지,60
운영하는,60
고려해,60
숨도,60
집중을,60
얘기하기,60
넣었어요,60
당시에,60
잘못했어요,60
것이었다,60
없다는걸,60
흔히,60
돌리지,60
모아서,60
시야,60
들어줄,60
밑,60
쏘면,60
용납할,60
데비,60
푸딩,60
좋은걸,60
스티븐스는,60
돈이나,60
좋으니까,60
공주가,60
혈압,60
의지를,60
싸워서,60
그거랑,60
코치,60
세바스찬,60
양자,60
이유입니다,60
앨,60
앨범을,60
세월,60
넘길,60
폭탄은,60
거북이,60
조지랑,60
부엌에,60
멋지고,60
아니구나,60
이론은,60
이루어진,60
복도에,60
복부에,60
아직까진,60
뉴스에서,60
만질,60
본거야,60
비켜봐,60
알고는,60
죄책감이,60
요구를,60
요구하는,60
그들에겐,60
일이라면,60
논,60
헬기를,60
라이더,60
들었소,60
행방을,60
행복,60
생각과,60
여행이,60
선이,60
조던,60
맘껏,60
머리카락을,60
가로질러,60
발견할,60
브룩스,60
이름에,60
알았던,60
재미있어,60
오해가,60
같구만,60
기계는,60
놔두면,60
투어,60
낭비하고,60
뭐래요,60
해보면,60
기장님,60
거기도,60
복잡하게,60
주소가,60
주소는,60
주인은,60
소금,60
맥주를,60
애기가,60
뚱보,60
게임에서,60
소위,60
키울,60
16살,60
빅토리아,60
생각했나,60
잠들,60
여깄습니다,60
불쾌한,60
거시기를,60
대신해,60
위태롭게,60
끝내는,60
가치는,60
건강을,60
보드카,60
그렇기,60
분위기를,60
섬의,60
성격이,60
끝내자,60
키라,60
소리요,60
아이들도,60
계속해요,60
였어,60
태울,60
닫을,60
저에겐,60
저주,60
알리지,60
도와드릴게요,60
겁내지,60
도서관,60
쟤를,60
이든,60
했군요,60
했기,60
눈물을,60
점프,60
캠프에서,60
캠프에,60
음식도,60
인간으로,60
건방진,60
위해서죠,60
윈,60
돌아오게,60
오시는,60
피워,60
험한,60
불과,60
무덤,60
설명은,60
장인어른,60
지를,60
놓는,60
병사,60
변화,60
나다,59
막힌,59
나니,59
뱀,59
나갈게,59
분홍색,59
애들과,59
돌아간,59
오신걸,59
친구여,59
다할,59
해주길,59
댄버스,59
성의,59
손님들이,59
별이,59
그림자가,59
댁의,59
다오,59
고마운,59
헤더,59
1월,59
깜빡,59
블록,59
판결을,59
나중엔,59
맡길,59
번개,59
은행은,59
고장난,59
갈께요,59
헉,59
인내심을,59
수로,59
비참한,59
비용이,59
경로,59
살아남기,59
수준의,59
마사,59
마샬,59
오기로,59
영장,59
몇달,59
다이앤,59
12년,59
이룰,59
지금으로선,59
예약을,59
모든것이,59
놈에게,59
동부,59
안내,59
날이에요,59
실수한,59
커피나,59
어우,59
델,59
시켰어,59
말곤,59
가려는,59
시작이,59
페인트,59
부족해요,59
감사의,59
낀,59
권리는,59
신들은,59
의도가,59
서있는,59
미친놈,59
입만,59
알렉스랑,59
되자,59
민감한,59
후보,59
본게,59
로이스,59
터무니,59
마마,59
생각하겠지만,59
완벽하지,59
키스하고,59
거칠게,59
짓지,59
현재의,59
있으십니까,59
일자리,59
함께라면,59
이리오렴,59
반경,59
호출했어요,59
얼,59
푸는,59
표현할,59
한계가,59
빼고는,59
아드님,59
크리스티나를,59
컵,59
대놓고,59
고객의,59
생활에,59
걍,59
사인은,59
있겠습니다,59
테러리스트,59
6주,59
관해선,59
했대,59
생각했거든,59
클리닉,59
말해보게,59
부상이,59
목록에,59
끔찍해요,59
편안한,59
지내지,59
사과하지,59
처리하지,59
문서,59
생일에,59
것이요,59
고향을,59
교회를,59
빠지지,59
말거야,59
어서오세요,59
의심할,59
의심하는,59
뒤면,59
쳐도,59
스웨터,59
직원들이,59
문도,59
소년은,59
뒤의,59
믿을수,59
하마,59
조쉬,59
왕관을,59
계좌,59
피셔,59
녀석들을,59
년아,59
먹으라고,59
작별인사를,59
메러디스의,59
트레드스톤,59
할거예요,59
꺼내줘,59
벌레,59
준비해야,59
멈춘,59
첫날,59
잘한,59
머무를,59
레이디,59
싸서,59
차마,59
질렸어,59
버섯,59
확인하는,59
뗄,59
분이에요,59
주치의가,59
표시를,59
그이를,59
그웬,59
굴지마,59
약하게,59
보냈다,59
치를,59
타츠오,59
뭐하니,59
거짓말하는,59
평소처럼,59
공간에,59
돌아가는지,59
속였어,59
합의를,59
수고했어요,59
나가이,59
더이상은,59
그리로,59
아니게,59
돌아간다,59
해야하는,58
집중해야,58
새끼는,58
타서,58
그렇습니까,58
가져가세요,58
동기가,58
거짓말하지,58
졸라가,58
층,58
마셨어요,58
수단을,58
뭐냐면,58
이해는,58
소질이,58
이룬,58
경찰과,58
오셨나요,58
다녔어,58
색,58
이죠,58
차야,58
제공하는,58
컸어,58
안된,58
말랬잖아,58
떠난다,58
떠난다고,58
보트에,58
약속했어요,58
불렀죠,58
신사분들,58
발포,58
심호흡,58
않았거든요,58
간거야,58
바입니다,58
뿐인,58
봤는지,58
꼬리,58
배의,58
봤나요,58
주먹을,58
길이에요,58
본론으로,58
한은,58
자라서,58
드네,58
쏴라,58
통제가,58
너무도,58
사랑이야,58
형사님이,58
한편,58
스타가,58
스파이더,58
바보는,58
냉장고,58
스테판,58
에이미를,58
줄이,58
목표로,58
계시지,58
회색,58
자기들이,58
여사님,58
토비가,58
녀석이야,58
그때까진,58
괜찮아질거야,58
쪽이야,58
검정,58
혼자선,58
도난,58
도넛,58
칸,58
의미인지,58
사기꾼,58
싫거든,58
조금요,58
먹었지,58
기분인지,58
부유한,58
알아야겠어요,58
편안히,58
부위를,58
크리스마스에,58
당신이에요,58
귀신이,58
알리는,58
말할거야,58
클레어는,58
도와준,58
베이커,58
목욕,58
사이엔,58
아이리스,58
헬가,58
놈이지,58
이래야,58
여자애는,58
여자처럼,58
기대하지,58
있는데도,58
중엔,58
그곳이,58
지쳤어요,58
지난주,58
못난,58
파도가,58
해변,58
피와,58
윽,58
음료수,58
음모를,58
티리온,58
것까지,58
언제죠,58
크리켓,58
시스템은,58
겁먹고,58
찾으라고,58
빨간색,58
장난치는,58
그러겠지,58
어쩔건데,58
찾아올,58
총상을,58
노래야,58
광고를,58
했어야지,58
와이프,58
꾸면,58
부릅니다,58
일이었어요,58
아요,58
높아,58
높아요,58
계시네요,58
맞지만,58
대니얼,58
남아있어,58
반에,58
저기야,58
저러는,58
끝없는,58
제임스호,58
제한,58
홀딱,58
찾는다,58
저분은,58
은행이,58
데려가면,58
결혼에,58
추수감사절,58
사태를,58
민간,58
뭘하고,58
동생의,58
지금보다,58
프로그램이,58
헛된,58
동맥을,58
쓴다고,58
공항으로,58
과거가,58
탔어요,58
중학교,58
동의해요,58
치료법을,58
치료는,58
어딨는거야,58
어딘데,58
그사람이,58
받아들이는,58
싸움에,58
안되겠어,58
나타났어,58
식도,58
받았다고,58
불필요한,58
전화하는,58
신념을,58
화요일,58
전원을,58
같은거야,58
고대의,58
설마요,58
일정,58
마비가,58
명예,58
살죠,58
포트,58
그리웠어,58
깨끗해,58
고맙긴,58
아니아니,58
아니었나,58
돌아가세요,58
친구들한테,58
손가락으로,58
물어보자,58
해나,58
이마에,58
정신적으로,58
찍었어,58
궁금해요,58
밤중에,58
대하여,58
나가라,57
말의,57
고생,57
무대에서,57
해주십시오,57
복,57
봤거든요,57
언니의,57
진단,57
포기하면,57
쏴버려,57
아침이,57
배터리가,57
레몬,57
하라구,57
댈,57
다소,57
모으고,57
이봐들,57
다루고,57
온다는,57
금고에,57
의사에게,57
끊고,57
녀석도,57
사무엘,57
조용하고,57
주셨어요,57
남자애,57
남자라고,57
센트럴,57
보겠어,57
스완,57
쟤도,57
시작을,57
토르,57
있자,57
사생활을,57
사망했습니다,57
믿음,57
잭은,57
사려고,57
지나친,57
아저씨도,57
여러분도,57
오라,57
이해하려고,57
공격에,57
감시해,57
이후론,57
약물을,57
약속할게요,57
야수,57
야한,57
나랑은,57
왕좌를,57
카이,57
도무지,57
기다릴게,57
있었으니,57
왕자는,57
여자라고,57
제자리에,57
괜찮냐,57
말지,57
현금으로,57
감사할,57
실패할,57
두려워하고,57
빨리빨리,57
뺄,57
얻으려고,57
등이,57
호흡을,57
죽였죠,57
괴물이야,57
자랐어요,57
너한테도,57
번이라도,57
너잖아,57
바닥이,57
멈추는,57
것이네,57
들어갔다,57
지닌,57
업데이트,57
내려놔요,57
구경만,57
내렸어,57
없애,57
책임지고,57
진심이,57
잘나가는,57
할말이,57
털이,57
보구나,57
최초,57
산다,57
마리오,57
멜라니,57
통째로,57
사람이예요,57
사람이란,57
형이랑,57
자신감을,57
사람아,57
대비해,57
공작,57
불만,57
선택이야,57
베스가,57
이론을,57
닦고,57
취소,57
선거,57
가나요,57
어떡하면,57
적과,57
날까지,57
이기지,57
카이사르,57
세운,57
되실,57
아리아,57
면회,57
헤일리는,57
평균,57
연락하지,57
파블로의,57
파멜라,57
따서,57
파키스탄,57
랑,57
조직에,57
안됐네,57
탱크,57
함께하고,57
싫을,57
영화의,57
일으킨,57
미션,57
일어나세요,57
이러니,57
되냐,57
그랬다간,57
일정을,57
일하면서,57
물린,57
동맹을,57
예감이,57
벗어나게,57
뭣이,57
전진,57
붙인,57
떠나라고,57
거리의,57
출신이야,57
7일,57
전력이,57
그랬구나,57
됐으면,57
수있습니다,57
줘도,57
법정,57
얼마를,57
의사도,57
몰랐을,57
고치는,57
승리의,57
너구나,57
외과의사가,57
움직인다,57
아는가,57
똑똑해요,57
궁금해서요,57
찍힌,57
해주실,57
좋을지,57
밧줄을,57
말았어야지,57
사기를,57
처음이,57
내말이,57
잘하면,57
변했어요,57
라면,57
싶어도,57
봐서는,57
감정적인,57
회진,57
거슬러,57
깊고,56
열을,56
준비도,56
힘껏,56
싶은건,56
너네들,56
끊을게,56
준비된,56
일에서,56
궤도를,56
부인도,56
부자,56
라니,56
환자분의,56
환자랑,56
먹어봐,56
루시퍼는,56
판막,56
단계로,56
잡으세요,56
주방에서,56
괜찮으면,56
멍청하고,56
주인을,56
폴리,56
미안하군,56
생각이네,56
결혼식에서,56
이러는거야,56
추억이,56
모른다고요,56
곳곳에,56
이메일로,56
카,56
글쎄다,56
쿠키를,56
색이,56
데려간,56
경력이,56
일이란,56
계시니,56
행동해,56
일어나는지,56
카이사르의,56
말하던,56
조카가,56
가스를,56
아침마다,56
사랑도,56
봤네,56
꾸고,56
압니까,56
게리,56
세상으로,56
지점에,56
부모님과,56
캐런,56
도그,56
심각해요,56
답변을,56
말하진,56
닿을,56
그랬었죠,56
고통에,56
지났는데,56
내게도,56
잡았습니다,56
박살,56
박물관에,56
다음주에,56
낭비할,56
벗겨,56
강의,56
적힌,56
따르고,56
수신,56
식량이,56
투여,56
닥터가,56
비슷해요,56
받아들이기,56
귀한,56
전하는,56
연주를,56
진행할,56
신기한,56
발견되지,56
쓰레기를,56
7시에,56
아니었지만,56
동맥,56
모임,56
취하고,56
수리,56
농장에서,56
막대한,56
침실,56
인정해요,56
허튼,56
순진한,56
제공,56
예쁘지,56
읽지,56
가져야,56
추진,56
잃으면,56
뚫을,56
미국을,56
너야말로,56
맘을,56
저주받은,56
냄새도,56
괴물들이,56
보안이,56
세포,56
무서웠어,56
데려와서,56
진지해,56
6일,56
가졌다고,56
멜리사,56
클,56
놈과,56
놈한테,56
사항은,56
연락해요,56
사용하고,56
걔네는,56
많지만,56
오를,56
돌아왔군,56
사는게,56
호수에,56
잘자,56
썼는데,56
사건으로,56
부시,56
기분이에요,56
요청합니다,56
데커,56
요원입니다,56
피도,56
저두요,56
어르신,56
넘어서,56
형과,56
3월,56
들었는지,56
부탁드려요,56
환영을,56
폭풍을,56
부족,56
있었는데요,56
테죠,56
끝났네,56
안전이,56
쉽죠,56
왕께서,56
생겼죠,56
초대를,56
할까봐,56
사왔어,56
말하긴,56
발표를,56
확실합니다,56
똑같지,56
신분증을,56
알게되면,56
쇼크,56
즐거움을,56
타이밍이,56
개자식들,56
합병증이,56
여자들의,56
줄일,56
보시오,56
반이,56
쟤랑,56
바꾸면,56
괜찮소,56
빌릴,56
쳐서,56
스스로의,56
데려왔어요,56
아네요,56
지도자가,56
쿱,56
빠짐없이,56
알려준,56
여러분에게,56
뱃속에,56
좋거든,56
휴식을,56
휴식이,56
언니한테,56
여기서부터,56
사랑하는지,56
반대하는,56
기술은,56
구역에서,56
남자친구는,56
후드,56
효과를,56
그니깐,56
성공적인,56
던지는,56
가버렸어,56
의자를,56
웃기네,56
안토니우스가,56
같단,56
월급,56
정원,56
피해자를,56
보내려고,56
이사벨,56
다아시,56
신호는,56
경험,56
그놈들은,56
일어났을,56
방문,56
못봤어요,56
게다,55
싫든,55
실험실에,55
대단하네,55
주식,55
크기의,55
레지던트를,55
가스가,55
않겠니,55
물로,55
숨는,55
다가오고,55
생각하면서,55
놈들과,55
마실래요,55
친구니까,55
못했다고,55
않을거다,55
중독,55
보세,55
쓰러져,55
레벨,55
메이즈,55
최고지,55
보물,55
있다며,55
말해줬어요,55
앓고,55
마디도,55
부대를,55
해고야,55
돌이,55
다니면,55
뭐더라,55
이만큼,55
상태예요,55
질투하는,55
기차에,55
사라지게,55
잘들,55
스파이더맨,55
없었다는,55
뿐이오,55
훔칠,55
서류가,55
가석방,55
했겠죠,55
그러셨어요,55
고통과,55
아들이에요,55
진심이세요,55
필요했어요,55
어리고,55
저들에게,55
일인가요,55
학교도,55
블랙홀이,55
됐잖아요,55
밖,55
자른,55
명씩,55
빨아,55
시설,55
박스에,55
죽였잖아,55
찾았네,55
주제가,55
버크를,55
나였어,55
동물은,55
모자가,55
예전에는,55
실패했어,55
만들었고,55
돌로,55
강하지,55
주시겠습니까,55
옛말에,55
옛날엔,55
프로그램은,55
눈앞에서,55
외,55
사실이지,55
일등,55
수요일,55
했냐,55
문서를,55
유전자를,55
줬고,55
취소해,55
미끼를,55
함선이,55
나아지고,55
알거든요,55
앗싸,55
떼어,55
방법이죠,55
꽁꽁,55
런던의,55
뜨면,55
부르게,55
절차,55
차트에,55
단계를,55
되니까요,55
계셨죠,55
필요한거,55
프리다,55
키스해,55
돔,55
독립,55
사연이,55
춥고,55
랜스,55
생각하는데요,55
보시는,55
메르디스,55
함께요,55
시험에서,55
어어,55
당신들에게,55
낙하,55
비밀이야,55
전장에서,55
맞출,55
걸리죠,55
토하고,55
줄리아나,55
매리,55
잽싸게,55
따님,55
유지하는,55
매달려,55
저어라,55
프랜시스,55
데릭의,55
서프라이즈,55
조종,55
기다려봐요,55
진정제를,55
남자라면,55
짜증나게,55
조언,55
놓으세요,55
뒤에는,55
바깥에,55
와중에,55
마이크는,55
사랑하지만,55
협조,55
되는건,55
준비해요,55
넣어요,55
귀엽네요,55
알린다,55
일하기,55
장애,55
이겨,55
왔다갔다,55
클레멘타인,55
난리,55
모임에,55
오니,55
가져가야,55
깨달았어,55
좋아했지,55
세금을,55
무모한,55
표시,55
좋았는데,55
망쳤어요,55
대화하고,55
해주시면,55
표범,55
점에,55
대화도,55
못하는데,55
원인은,55
좌측,55
아니카,55
고통스럽게,55
1년에,55
폭력적인,55
싶냐,55
수상,55
웃으면서,55
시끄러운,55
스테파니,55
병력,55
사라졌다,55
고민,55
자야지,55
자에게,55
애론,55
나가주세요,55
립,55
돌아다니면서,55
거기다가,55
이사람,55
4개월,55
료마,55
떼지,55
작동하지,55
행동하는,55
듣자하니,55
없는걸,55
가문을,55
20초,55
톰이,55
듀켓,55
집게를,55
건다,54
싱글,54
앤더슨,54
신장이,54
굶주린,54
정부에,54
정부에서,54
보내라고,54
경찰서,54
다닌,54
원하나,54
나갈게요,54
성적인,54
울면서,54
고문을,54
안했는데,54
주겠어요,54
시작은,54
어쩌겠어,54
겁나게,54
남자친구를,54
괜찮지만,54
그런거죠,54
넬슨,54
주려는,54
본드,54
알아내면,54
도망가는,54
감수할,54
남자애가,54
반면,54
대기해,54
계획한,54
반장님,54
뒀어,54
사르만,54
중령,54
안은,54
캑터스,54
음악에,54
자격도,54
사업이,54
총격,54
극심한,54
왠,54
있습니다만,54
보고하라,54
가다가,54
희생자,54
안전벨트,54
걱정해야,54
빨리와,54
죽으려고,54
것과는,54
박물관,54
리스,54
사람보다,54
첫번째로,54
괴물은,54
시키고,54
싸웠어,54
말해줘서,54
알코올,54
쓰는데,54
마디만,54
믿을수가,54
있다던데,54
역할은,54
숲이,54
술루,54
걔넨,54
연료가,54
연락하고,54
민간인,54
테디가,54
최소한의,54
사촌을,54
결정했어,54
최선이야,54
고귀한,54
무섭고,54
넣지,54
쏜월드,54
사람이다,54
자신만의,54
보여주기,54
내기를,54
난쟁이,54
세워요,54
고의로,54
보자마자,54
병은,54
윌은,54
카메론,54
왕에게,54
지나갑니다,54
결혼식이,54
아름답게,54
수치,54
잃었다고,54
숙모,54
때릴,54
어디예요,54
맡긴,54
비를,54
짜는,54
알람,54
말한거,54
말하려,54
살해당한,54
충고,54
놔둬요,54
태어나기,54
축,54
맞을지도,54
붙이는,54
하자구,54
판단,54
되겠소,54
미미,54
바탕으로,54
샬롯,54
지내세요,54
생체,54
의미죠,54
먹일,54
환경,54
주시기,54
제국,54
영웅을,54
경비원,54
미니,54
인간에게,54
상상이나,54
인사도,54
개인적,54
이번주에,54
수색해,54
필요하신,54
만든다고,54
하셔도,54
앞이,54
건을,54
세기,54
해야겠네요,54
가보겠습니다,54
아니기,54
무려,54
인구,54
셈,54
아드님은,54
내려서,54
호출을,54
내려줘,54
잘하는데,54
생각지,54
경향이,54
오로라,54
오말리는,54
개월,54
개스톤,54
익숙하지,54
거짓말한,54
신비한,54
밝고,54
맞는데,54
배우가,54
해결하는,54
부담,54
뵈러,54
옥희야,54
공개,54
가엾은,54
이리와봐,54
물고기,54
오셨네,54
이전의,54
마야,54
치유,54
쇼에,54
안되잖아,54
먹어서,54
먹었는데,54
칼슨,54
말씀드려,54
환자와,54
환자분이,54
라이자,54
트라우마,54
힘과,54
로빈슨,54
그년이,54
원하죠,54
하는것,54
성공했어,53
집과,53
집단,53
같더라,53
오빠한테,53
치워요,53
물질을,53
돌아오길,53
이분,53
발자국,53
손님을,53
물어봐야,53
다른거,53
이야기할,53
폰을,53
발표,53
갈수,53
공격은,53
배워,53
그들에,53
교수님은,53
가치있는,53
트렁크,53
진실한,53
그러시겠지,53
진심,53
잘못하면,53
잠에,53
잘하지,53
당신한텐,53
의사로서,53
먹으려고,53
사고였어,53
시각,53
처리할게,53
책임질,53
챙겼어,53
도로시,53
사다,53
트롤,53
자신들이,53
기름이,53
4명의,53
잡혔어요,53
에디슨,53
자유로운,53
장군이,53
박수를,53
바이러스는,53
지났어요,53
그쪽에서,53
그렇담,53
공부하고,53
이식이,53
굴고,53
대상으로,53
해설자,53
점수,53
경이,53
수류탄,53
가져가지,53
늦으면,53
돈에,53
이름만,53
인정하는,53
오나,53
수동으로,53
늙은이,53
옵니다,53
아기에,53
돌리는,53
다이어트,53
제나,53
대통령께서,53
대사관,53
해줄래요,53
예수님이,53
돼지를,53
됐거든,53
진흙,53
확인했습니다,53
않았는지,53
않았겠죠,53
배고프지,53
혈압을,53
스캇이,53
시설을,53
언니랑,53
언제가,53
어쩌구,53
들키면,53
엘리아스,53
그러잖아,53
보이냐,53
언제나처럼,53
냅둬,53
작아,53
벌어,53
에피네프린,53
통제하고,53
넘어가,53
소녀의,53
깨진,53
있을수도,53
스,53
쳐다보지도,53
복잡해요,53
편지는,53
어젠,53
재능,53
반대편에,53
어쩔수,53
거거든요,53
죽였는지,53
수배,53
함장,53
예술,53
동의합니다,53
공중,53
떠나려고,53
전하를,53
신나는,53
헛소리야,53
출신의,53
국장,53
나타나고,53
전문가,53
일어서,53
쓰죠,53
도킹,53
단단한,53
와야지,53
이러세요,53
보이지도,53
비욘,53
비슷하게,53
나이든,53
일이냐,53
참지,53
얘들은,53
걸리고,53
기운을,53
이리저리,53
가져와서,53
미안했어,53
존재의,53
하려는지,53
의학감수,53
고향이,53
가족한테,53
토,53
녀석아,53
서지,53
크다,53
커튼,53
만난대,53
왜그래요,53
반짝이는,53
어림도,53
반복합니다,53
기다린,53
년에,53
여기있어요,53
바꿔서,53
뒤지고,53
사이야,53
초대장을,53
않으니까요,53
말했나,53
노비,53
있었기,53
캘빈,53
뎁,53
딕슨,53
어울려요,53
어서들,53
읽었는데,53
난리야,53
규모의,53
터진,53
추적하고,53
미치는,53
생각했을,53
생겼고,53
데려가려고,53
우정을,53
갇혔어,53
사회에,53
관두고,53
놀랍군,53
필요하거든,53
중요하게,53
추가로,53
연구실,53
놀랍네요,53
최대의,53
입자,53
될거예요,53
골절,53
와봐요,53
근무를,53
될텐데,53
연구가,53
최악이야,53
찾는다고,53
하고는,53
사장이,53
끝냈어요,53
제멋대로,53
제안,53
어떻소,53
질투,53
뱀파이어,53
그놈들을,53
나나카,53
북부,53
말이니,53
아니여,53
돌아다니고,53
다른게,53
다리로,53
또라이,53
가까워요,53
가겠다고,53
썼죠,53
싫습니다,53
버려야,53
찢어진,53
웃어요,53
루비,53
좌현,53
감추고,53
아니었다고,53
설사,53
고모,53
밴드를,52
대표,52
섬세한,52
설명해봐,52
못하지만,52
위기에,52
무너지고,52
던지고,52
웃겨요,52
맛있다,52
정상적으로,52
힘의,52
그릴,52
내부에,52
없더군,52
없다니까요,52
푼,52
교활한,52
거부,52
실험에,52
소련,52
아마추어,52
온거지,52
타게,52
필요하네,52
오오,52
물어봤어요,52
돌아가실,52
행동하지,52
이요,52
앤디가,52
앤지,52
밟고,52
말랬지,52
케이틀린,52
주간,52
폭발할,52
주님을,52
가문은,52
집안의,52
중심으로,52
있는줄,52
두부,52
찾는게,52
구하면,52
룸메이트,52
찾아가서,52
기억나니,52
데려다줄,52
왕국,52
보기보다,52
놀리지,52
관둬,52
추고,52
산다는,52
되찾고,52
문제의,52
선생은,52
선생님이랑,52
저한테도,52
걱정돼서,52
입술,52
살린,52
되는군,52
추적해,52
생각해보니,52
도중,52
아름답군,52
올리는,52
필름을,52
고쳐야,52
요셉,52
안전하고,52
알았더니,52
노엘,52
현금을,52
여친,52
믿어주세요,52
슈퍼맨이,52
쓰기,52
사실이죠,52
달은,52
이것보다,52
소리에,52
보셔야,52
쉐인,52
사이버,52
테야,52
6시간,52
중이니까,52
잊어버린,52
기도하고,52
멍이,52
할거라고,52
어릴때,52
죽여버릴거야,52
죽여도,52
시작하자고,52
데릭한테,52
커플,52
보거라,52
쉴드가,52
밀스,52
자격을,52
독일군,52
조지의,52
안됐군,52
나타났습니다,52
파피,52
적들이,52
화상을,52
그랬다,52
브레이크,52
기껏,52
아악,52
살아남는,52
도착했다,52
와이프가,52
골라서,52
충고를,52
일요일에,52
미사,52
살펴봐,52
필은,52
살아야지,52
신경쓰는,52
얘들이,52
나좀,52
신들의,52
전해라,52
맞았다,52
얘기요,52
함정에,52
가져오고,52
몇번,52
뒷,52
괜찮을거에요,52
장전,52
안개,52
보이시죠,52
재생,52
혼자야,52
그러기엔,52
악을,52
강도가,52
따님의,52
뒀어요,52
버렸지,52
부부는,52
귀엽지,52
편이에요,52
생선,52
의미하는,52
도망가지,52
괜찮으실,52
자세하게,52
형님이,52
진료,52
보이나요,52
반갑구나,52
채우고,52
어쩌나,52
한결,52
로사,52
않으실,52
스케줄,52
삼촌을,52
살인에,52
누군진,52
제시간에,52
압박,52
뜬,52
아니잖니,52
해줄게요,52
인턴들은,52
예전에도,52
경우도,52
예측,52
오겠지,52
마시게,52
수동,52
지금이라도,52
이렇게요,52
이렇게나,52
케이브,52
대원,52
하사님,52
맞습니까,52
기자가,52
확신하지,52
약혼자가,52
떠올리게,52
절차가,52
알고있는,52
존재는,52
만들수,52
물건이야,52
마음속에,52
타락한,52
공격하는,52
마찬가지,52
해변으로,52
베일리의,52
그쪽에,52
계집애,52
잠깐요,52
표현을,52
기쁘군요,52
기쁘구나,52
구린,52
들어주세요,52
들어있는,52
얼어붙은,52
내게는,52
박사님의,52
자연스러운,52
자신은,52
넓게,52
너한테서,52
형제들,52
보여주면,52
고통받고,52
생물,52
한바탕,52
없애는,52
바쁜데,52
책임은,52
박,52
머저리,52
지도가,52
몰랐지만,52
계획의,52
먹이고,52
다니엘스,52
이유에요,52
주둥이,52
팔아요,52
팔면,52
정리할,52
주장을,52
신세를,52
불러와,52
나만큼,52
신부를,52
주인공이,52
돌아오라고,52
돌아왔습니다,52
물질이,52
올거에요,52
아니란걸,52
가문,52
집엔,52
100만,52
해야합니다,51
대학을,51
성공하지,51
고마운데,51
웃기고,51
더불어,51
성으로,51
병사들을,51
않았으니까,51
배터리를,51
주디스,51
본능을,51
도둑이,51
의심이,51
무진장,51
샤워를,51
생명체를,51
해드릴,51
카운티,51
카지노,51
지난밤에,51
피쉬,51
봬요,51
좋게도,51
침입,51
소용없어요,51
보기로,51
개럿,51
개도,51
곤란하게,51
소속,51
목걸이를,51
친하게,51
샌드위치를,51
이상할,51
오해를,51
공격적인,51
소피아가,51
물과,51
개방,51
알프레드,51
페이스북,51
재주가,51
재키,51
한가지만,51
찾아야해,51
죽여버리겠어,51
혼자만의,51
따라오지,51
홀트,51
3개의,51
학생들이,51
걸음,51
어떤게,51
어떤데,51
구해줘,51
안다구요,51
비타민,51
홍보,51
화끈한,51
난리가,51
말과,51
많잖아요,51
따라가면,51
팔아서,51
불편하게,51
비겁한,51
때문인,51
하지말고,51
판사님,51
비밀스러운,51
땅의,51
궤도,51
펴,51
방해할,51
쪽이든,51
처음은,51
내보낼,51
시가,51
것이에요,51
시대는,51
시도를,51
시대를,51
박사와,51
없겠네,51
사건이야,51
시계는,51
뿐이니까,51
시뮬레이션,51
시설에,51
그러더군요,51
보이는지,51
머릿속에서,51
얼음이,51
낳는,51
내년,51
구조를,51
남편분이,51
구스타브,51
시시한,51
어허,51
들키지,51
박스를,51
났지,51
록,51
질서를,51
멍청이들,51
자국,51
기도가,51
만지면,51
사슴,51
혈관이,51
드림,51
괴짜,51
아이한테,51
넘은,51
체육,51
라인,51
알리,51
주방에,51
자전거를,51
작가가,51
냄새나는,51
작동을,51
듣기론,51
4명이,51
너머에,51
사람요,51
들러서,51
한발,51
사내,51
처벌을,51
바이러스에,51
들리면,51
들리세요,51
리타,51
꾸는,51
주목을,51
누가요,51
경감님,51
축제,51
아싸,51
쓰레기통에,51
지하실에서,51
걔네들은,51
가져왔지,51
미키,51
입양,51
기다려주세요,51
수트,51
법이죠,51
꿈엔,51
두배로,51
있었대,51
있었다구요,51
중국은,51
기다린다,51
메일,51
믿기질,51
최고라고,51
여러분들을,51
초등학교,51
사야,51
토레스는,51
흐르고,51
보스턴,51
있었고요,51
여자친구는,51
하나하나,51
오염,51
솔직한,51
이자는,51
모르면,51
모르니까요,51
오지도,51
다른걸,51
인물이,51
아벨,51
오도록,51
증명,51
마시자,51
말하라,51
말하는건,51
꼴로,51
살아있다고,51
출혈은,51
인형이,51
미나,51
공주는,51
뉴욕의,51
공장에서,51
늦기,51
헤어질,51
그럴줄,51
수영장에,51
일이세요,51
누구라고,51
8년,51
헤로인,51
되거나,51
지붕에,51
아니겠어,51
않는거야,51
않는데요,51
봐야죠,51
피해가,51
변호사는,51
밴,51
덮어,51
선수를,51
콜슨이,51
피터가,51
막상,51
위가,51
던질,51
위층으로,51
섹스하는,51
지점을,51
당황하지,51
해줄거야,51
무서워하는,51
선배가,51
해야겠네,51
대사가,51
당당하게,51
캘리는,51
셋째,51
캠은,51
세트,51
석,51
우그웨이,51
데릭을,51
끝낸,51
주스,51
건강에,51
얘기하게,51
군대의,51
전투에,51
전투가,51
기억하죠,51
망치는,51
말라니까,51
양반이,51
양도,51
불타고,51
떠났다,51
찍어야,51
말했어야,51
질러,51
차례예요,51
앨빈,51
신입,51
싶죠,51
갈아입고,51
확실한가,51
약간은,51
않겠네,51
까다로운,51
지옥에나,51
맛있네요,51
찍었어요,51
북쪽의,51
분과,51
싶은지,51
지속적인,50
프로토콜을,50
벗어난,50
늙고,50
뭐든간에,50
닉을,50
허리,50
하하하,50
앉아있어,50
지시,50
케일럽,50
저놈은,50
못할거에요,50
간호사들이,50
매니를,50
매니저,50
동물의,50
인정할,50
취할,50
예약해,50
금지야,50
허큘리스,50
보낼게요,50
미국인들이,50
모글리,50
실험은,50
알트먼,50
끌어내,50
예산,50
치프는,50
안이,50
마비,50
끝내주지,50
확인했어,50
이웃이,50
오웬은,50
동화,50
눈과,50
끝내지,50
죽었다면,50
훌륭하게,50
시작하게,50
시작이다,50
디지털,50
디저트,50
남았네,50
덕,50
케이블을,50
던컨,50
죽었나요,50
파리의,50
찾아냈어요,50
로빈스가,50
줘봐요,50
긍정적으로,50
수영복,50
펑크,50
이야기도,50
조니가,50
조사는,50
되가고,50
태양을,50
8살,50
아시아,50
일일,50
출발하자,50
주십쇼,50
분노가,50
어째서요,50
재미있네,50
병사를,50
어이쿠,50
주님이,50
피터슨,50
못하겠지만,50
일하는데,50
옥상으로,50
샘은,50
찔린,50
하셨지,50
터널을,50
일했어요,50
온대,50
길거리에서,50
필요하다는,50
싫어하잖아,50
돌려서,50
추워요,50
정상이야,50
농담이죠,50
연인,50
올려요,50
조이는,50
분이야,50
추수,50
알려주면,50
이름이에요,50
침실에,50
가까이에,50
편해,50
규정을,50
침을,50
정보원이,50
시방,50
위쪽,50
창문에,50
가보고,50
운영하고,50
선택권을,50
팀에서,50
좋잖아요,50
폭력,50
애프터라이프,50
침,50
옳고,50
굿나잇,50
건물의,50
놀라울,50
싶어할,50
키운,50
밝힐,50
목걸이,50
랩,50
있어선,50
할리우드,50
이래라,50
이들에게,50
노린,50
여자애들이,50
이러기야,50
호텔의,50
한국,50
우주선이,50
좋아했죠,50
데니는,50
위해서지,50
같았는데,50
소변을,50
믿음은,50
가주세요,50
목격자,50
여유를,50
여자들과,50
야호,50
확실치,50
현상이,50
현상,50
했던거,50
졸라는,50
꼼짝도,50
왔지만,50
스머페트,50
왜냐고,50
스웨터를,50
줄여,50
네네,50
그럭저럭,50
고통스럽고,50
의회,50
넣어야,50
여기고,50
떠들고,50
신발이,50
꼬리를,50
외출,50
외롭게,50
몬스터,50
의사와,50
대면,50
얘기했잖아,50
얠,50
좋았을텐데,50
악마야,50
때렸어,50
발목을,50
가지면,50
아참,50
청소를,50
당기고,50
확신을,50
떠났고,50
베일리에게,50
보고서에,50
아녔어,50
자신감이,50
사람이니까,50
바랬어,50
같지도,50
보고는,50
준비하는,50
통하지,50
도노반,50
소개를,50
발라,50
엎드려요,50
사라졌지,50
자존심이,50
스파이가,50
음식과,50
군대에서,50
벌써부터,50
보여줄까,50
때린,50
내려가면,50
업로드,50
데려와야,50
선물이에요,50
시대의,50
시내,50
얼음을,50
지문,50
2층,50
을뀨,50
집에선,50
레즈비언,50
레인저,50
나옵니다,50
신고를,50
받죠,50
내줄,50
들렸어요,50
신경이나,50
로스는,50
좋아하니,50
대규모,50
데이트는,50
없어졌어요,50
사과는,50
보여줘봐,50
전원이,50
버려두고,50
때문이겠지,50
좋아한다는,50
해온,50
시점에서,50
볼거야,50
아니랍니다,50
가망이,50
늦어,50
오늘을,50
공연이,50
치,50
짐승이,50
어딨냐고,50
날짜,50
본은,50
시장이,50
힘들겠지만,49
묘한,49
시절에,49
어떡할,49
따라오게,49
동물들을,49
행사,49
만들었잖아,49
실수하는,49
씻어,49
이집트의,49
커지고,49
나이스,49
대기하고,49
렉스,49
갖춘,49
코넬,49
참여하고,49
행위를,49
프로젝트를,49
아니더라도,49
일급,49
건강하게,49
몇일,49
쇼핑,49
모르는군,49
가겠다,49
취급,49
끝내주게,49
암것도,49
다녀올게,49
새끼들아,49
프레디,49
동작,49
보내기,49
이용하고,49
싶으시면,49
마셔야,49
보내라,49
살인자야,49
안엔,49
찾아봐요,49
저희한테,49
어디로요,49
몸과,49
좋아하네,49
데스,49
핵심,49
가호가,49
바쁘게,49
크네,49
릭스,49
말들이,49
말도안돼,49
사고였어요,49
푼도,49
미사일을,49
영국에,49
줘라,49
타러,49
다름없어,49
경고하는데,49
손님은,49
맑은,49
다물게,49
지켜주고,49
가의,49
궁전,49
정형외과,49
팻,49
알릴,49
말해보렴,49
그리는,49
디렉터,49
혼자서도,49
고객을,49
하는지는,49
팔려고,49
없었잖아요,49
없을지도,49
전문가가,49
감옥을,49
그루트다,49
들러리,49
좋아지고,49
무덤에,49
해주실래요,49
강간,49
선택된,49
주겠다고,49
갱,49
루벤,49
되기를,49
이사회에,49
모양이에요,49
그럴려고,49
나가도,49
헤어지는,49
조싼,49
정장,49
되돌아,49
읽어봐,49
수치를,49
밥도,49
애비가,49
가구,49
길리,49
주방,49
천국에서,49
꺼에요,49
레이더,49
나오는데,49
사라지면,49
내려와서,49
한마디로,49
보여주려고,49
한다니,49
화장실을,49
잠자코,49
잠긴,49
정신적인,49
차갑고,49
차가워,49
보호하려는,49
잃었죠,49
생각이지,49
생각인지,49
모양이지,49
질병을,49
마이애미,49
미확인,49
며칠간,49
헬멧,49
가까이서,49
조종하는,49
헬기가,49
정보도,49
나기,49
있겠다고,49
테,49
전달,49
찾으려면,49
거기는,49
격리,49
드린,49
에스코바르,49
많거든요,49
자원을,49
멀었어,49
에블린,49
무지개,49
그쪽도,49
교도소에서,49
스트레인지,49
떠나라,49
붕대,49
너네가,49
겠지,49
해안,49
케니,49
애처럼,49
강도를,49
덫에,49
말한건,49
부른다,49
숨겼어,49
근육을,49
부리는,49
전략을,49
얼마동안,49
쾅,49
시력을,49
의사라고,49
외상이,49
심장마비,49
의사들,49
중이거든요,49
2명이,49
2명,49
만져,49
숨어있는,49
하시네,49
역할,49
6살,49
아기한테,49
있어서는,49
두려움이,49
차례다,49
카라브락소스,49
골,49
도전,49
나무에서,49
야수가,49
했어도,49
생각해도,49
와일드,49
도우려는,49
들었거든요,49
도를,49
하냐고,49
생물학적,49
자랑스러워요,49
도망쳤어요,49
얼마죠,49
신문을,49
않는다면요,49
찼어,49
티나,49
틀어,49
깨닫지,49
알겠다고,49
문제인지,49
두통이,49
가족이에요,49
노릇,49
평소에,49
현실로,49
사설,49
건의,49
나무들이,49
차원을,49
왔단다,49
계속해봐,49
5시에,49
안되네,49
풋,49
평화의,49
클라리,49
달렸지,49
자네에겐,49
아내로,49
풍부한,49
만났다고,49
종류,49
배우지,49
고통스러워,49
의심,49
생명은,49
이거봐,49
주머니를,49
문에서,49
괴롭히지,49
늦을,49
부인께서,49
모르네,49
취하지,49
익숙해,49
이혼한,49
시작해볼까,49
병사들이,49
고르는,49
찾아볼,49
시작했는데,49
딸기,49
받도록,49
경의를,49
알았다니까,49
대회에서,49
워우,49
워싱턴에,49
기억하게,49
싸웠어요,49
더럽고,49
까마귀,49
날아갈,49
날릴,49
안그럼,49
동등한,48
성모,48
찾아가,48
설명해야,48
울면,48
웃게,48
인턴은,48
수색을,48
아부지,48
실패를,48
남겼어,48
막혔어,48
고만,48
까진,48
제국을,48
충격에,48
일어나야,48
영장을,48
무거워,48
변화는,48
심장도,48
말하네,48
만났고,48
멋지다고,48
지내게,48
카페,48
크면,48
줄리안,48
쏴서,48
아니세요,48
별로요,48
체크해,48
희생이,48
삶이란,48
경찰서로,48
리스트를,48
수술하고,48
함선,48
흥미,48
알아보려고,48
감방에,48
함정,48
해결될,48
끝냈어,48
파,48
나왔지,48
그랬니,48
부스가,48
목숨이야,48
해답을,48
왔을때,48
있지는,48
여성은,48
폐쇄,48
둘러싸여,48
생각했는데요,48
떨어뜨려,48
자라지,48
약속했잖아요,48
가지도,48
확신합니다,48
굴어서,48
아프고,48
싸움에서,48
얘기할게,48
투표,48
잘라서,48
구체적으로,48
구체적인,48
잘못이지,48
데이트도,48
좋아하지만,48
날고,48
3명의,48
남아있지,48
걸릴거야,48
기차에서,48
질려,48
잘됐군요,48
찾아봐야,48
메리가,48
언제라도,48
왔냐,48
존을,48
깨는,48
콜린스,48
찼어요,48
했다니까,48
유령은,48
맡는,48
진통제를,48
뛰게,48
제게는,48
색깔이,48
알아들었나,48
손목,48
경찰입니다,48
법칙을,48
감방,48
싸인,48
타디스에,48
없었나,48
잔인하게,48
하다고,48
이스트,48
겪게,48
의심하지,48
종족,48
않는구나,48
대머리,48
호텔을,48
호흡이,48
신세가,48
사울,48
두명이,48
도와줄거야,48
났을,48
광범위한,48
그자는,48
얘기로,48
로렐,48
로라가,48
싶거든요,48
아닌걸,48
대단하다,48
대단한데,48
욕망을,48
화면에,48
죽였습니다,48
근처의,48
때와,48
투여해,48
수행,48
열어야,48
어이가,48
베스는,48
마이클은,48
이론,48
피고,48
두명,48
할머니도,48
있는건가,48
패스,48
두라고,48
정말이요,48
베어,48
걸렸지,48
줄로,48
불알,48
굿모닝,48
속임수,48
되기로,48
번개에,48
헤어,48
쓰이는,48
말씀이신지,48
선택하지,48
지문을,48
싫어하고,48
곳이요,48
미쳤나,48
그레이를,48
맥스가,48
책에서,48
낯이,48
보고싶지,48
아들인,48
리오,48
될지는,48
배신한,48
관련해서,48
관심없어,48
구름이,48
그러더니,48
정돈,48
프란시스가,48
싸우면,48
생각하네,48
판사,48
얘기했는데,48
당신이요,48
중이었는데,48
없지요,48
나오라고,48
거리로,48
게임이야,48
거라네,48
없,48
명단을,48
다치는,48
붙어서,48
면도,48
안단다,48
그랬습니다,48
배달,48
이보세요,48
놀지,48
가져요,48
중요한지,48
산이,48
조절,48
있기는,48
구운,48
봐선,48
생각이라고,48
면접,48
형태의,48
에니스,48
차나,48
멀리까지,48
바람은,48
거였지,48
우회술을,48
대상,48
마찬가지에요,48
어찌됐든,48
착해,48
그것보단,48
절단,48
자세를,48
아동,48
기회에,48
저쪽에서,48
깊숙이,48
늑대는,48
경은,48
오늘만,48
이혼을,48
치마,48
파리로,48
끝났고,48
수사에,48
취해야,48
방식이야,48
싶대요,48
머지않아,48
무슨일이죠,48
끝이다,48
뜨거워,48
보여줬어,48
내리면,48
그랬군요,48
펭이,48
실험실을,48
데릭이랑,48
용의자를,48
용을,48
저리로,48
기억하니,48
해적,48
베로니카,48
오늘날,47
비행을,47
날엔,47
강렬한,47
보낼게,47
보내줄게,47
글자,47
아버님을,47
무슨말인지,47
가봐야겠다,47
별다른,47
힘들어서,47
어디서든,47
일에는,47
지었어요,47
지옥이,47
가면을,47
가능한한,47
베이컨,47
이것으로,47
방법이지,47
벗어나는,47
흥미가,47
라이터,47
실수였어요,47
치즈를,47
싶었지만,47
모리아티,47
안되네요,47
못하면서,47
딜란,47
버렸다,47
돌아보지,47
가거나,47
새꺄,47
해결하기,47
기다리면서,47
기다립니다,47
줍니다,47
왔으니까,47
하라고요,47
하든지,47
네트워크,47
멍청하긴,47
죽음도,47
기사는,47
이리와서,47
귀하의,47
자켓,47
아기에게,47
말할수,47
싫으니까,47
이병,47
침대가,47
곱게,47
연락할게,47
보려면,47
액셀,47
입장에서,47
아픈데,47
덩어리가,47
미코가미,47
미친년,47
살거야,47
미화야,47
알려드리죠,47
버려요,47
배도,47
에어,47
군에,47
적으로,47
맞아야,47
전화기가,47
됬어요,47
밤낮으로,47
우주는,47
전화해야,47
났죠,47
때리는,47
집착하는,47
열게,47
화장을,47
리처드가,47
맨디,47
부모님도,47
나치가,47
기쁘군,47
데려오지,47
놀랍군요,47
엘리베이터에서,47
얌마,47
한지,47
셋은,47
살다,47
살다가,47
범죄에,47
아이바,47
올리브,47
꿈에도,47
생각하는게,47
올께,47
플로렌스,47
포기했어,47
캠프를,47
전하의,47
없잖니,47
식물,47
얘기해줘,47
옷장에,47
패밀리,47
패턴이,47
걔네들,47
있다는데,47
소원이,47
노인,47
쉘든,47
유감이군,47
사전에,47
놀라워요,47
차단,47
떨지,47
의사양반,47
종을,47
단서,47
타디스,47
샌드라,47
이상입니다,47
이빨이,47
명과,47
정직하게,47
건너편에,47
윌을,47
케이스에,47
주겠나,47
지붕에서,47
20달러,47
일정이,47
미워,47
미안하오,47
쓰레기야,47
도망쳐야,47
멋졌어요,47
갔잖아,47
장난감을,47
나서요,47
바는,47
엠파이어는,47
의용,47
마일즈,47
카레브는,47
소문은,47
노릇을,47
계셔야,47
메모를,47
하나지,47
좆나,47
머리카락이,47
병장,47
않았어도,47
용납,47
은밀한,47
그야말로,47
그애,47
근본적인,47
정이,47
퍼즐,47
하소서,47
책임자가,47
막다른,47
재미없는,47
그렇잖아요,47
없을텐데,47
잊으면,47
틈이,47
루퍼트,47
세자르,47
해치고,47
무서워하지,47
깨,47
좋을걸,47
살았는데,47
말합니다,47
타겟이,47
옥상에,47
루이자,47
밑을,47
스무,47
사생활,47
강이,47
누구인가,47
다리에서,47
조사가,47
되고요,47
보던,47
정확해요,47
미스티,47
부는,47
좋았다,47
게이가,47
욕조에,47
쥐어,47
압력이,47
그렇게나,47
수업이,47
문신을,47
메건,47
메데인,47
둘이서만,47
결말을,47
했더라,47
바가스,47
사방이,47
내부의,47
좋아하진,47
본때를,47
사고는,47
아프로,47
트럭으로,47
위원회,47
멋지죠,47
평소보다,47
싶잖아,47
출발할,47
과장,47
으아,47
비어,47
잘만,47
내용,47
병실로,47
하는건데,47
깨달았지,47
두분이,47
메러디스와,47
마땅한,47
번엔,47
화났어요,47
날이지,47
어려,47
합법적인,47
따분한,47
어렵네요,47
끝나요,47
지속적으로,47
하나입니다,47
코너에,47
성에서,47
움직이게,47
앉아라,47
동맥이,47
인사나,47
상병,47
남겨진,47
의지로,47
피부에,47
풍선,47
맞서는,47
신부님은,47
충분할,47
찾길,47
빈스,47
평화로운,47
그런거에요,47
차원,47
싸우다,47
주진,47
바꾸려고,47
사막에서,47
의지할,47
차지,47
링크,47
남잔,47
장인,47
티켓을,47
너만의,47
피에르,47
한적,47
경사님,47
니콜,47
매고,47
죽었으면,47
본을,47
주께서,47
보여드리죠,47
나아졌어,47
익명의,47
방패,47
이해했어요,47
수갑,47
오면서,47
오고있어,47
페퍼,47
알콜,47
시각은,47
없겠네요,47
제안이,47
알텐데,47
인생이야,47
구하려는,47
오겠습니다,47
허먼,47
폭발물을,46
피해서,46
해외,46
댁은,46
시절이,46
원작,46
지식의,46
전설,46
전설이,46
책임져야,46
즐거워,46
불안정한,46
하거라,46
요구할,46
장난이야,46
앤서니,46
하시겠습니까,46
믿네,46
4시에,46
가셔서,46
없이요,46
묻죠,46
가깝지,46
가끔씩은,46
키스도,46
소장,46
후부터,46
있다는게,46
동생에게,46
갔네,46
모른다구요,46
상황인지,46
오니까,46
오는지,46
그렇고요,46
실험실에서,46
수술대,46
치자,46
쯤은,46
코카인을,46
웬디,46
동무는,46
이토모리,46
하버드,46
젤리,46
죽기를,46
역사의,46
최첨단,46
물고기가,46
키지마,46
6번,46
신앙을,46
걔네들이,46
옳소,46
옳아요,46
연구실로,46
했었고,46
포함해서요,46
그러는지,46
낮게,46
재미있군,46
외계인을,46
바뀌었어요,46
멋졌어,46
소름끼치는,46
데다가,46
했구요,46
거절,46
무서웠어요,46
해줬지,46
렉시는,46
용이,46
빼낼,46
참이었어요,46
머물러,46
받으실,46
유태인,46
유쾌한,46
바칠,46
잠겼어,46
없구만,46
예상보다,46
물었죠,46
환자분은,46
일들에,46
일러,46
저격수가,46
죽여야만,46
죄는,46
저쪽이야,46
공중에,46
그래선,46
여기와서,46
범블비,46
병신같은,46
오버리,46
우리집에서,46
심판을,46
발견했죠,46
적색,46
팀과,46
재미는,46
이만하면,46
너지,46
버크랑,46
정면으로,46
회복할,46
아닐수도,46
신디,46
사라졌죠,46
먹힐,46
채드,46
찾은거야,46
시신은,46
토머스,46
카메라로,46
끊을게요,46
화내는,46
불만을,46
문자가,46
플로리다,46
가게가,46
안정적이에요,46
옆을,46
폭파,46
바이올린,46
전이야,46
돼라,46
루시가,46
않으려면,46
신속하게,46
모양이,46
사촌은,46
이렇게는,46
아이에요,46
불꽃이,46
소파에,46
신중히,46
농담도,46
현상금,46
이동할,46
풍족한,46
들거야,46
천만,46
깬,46
보였다,46
시간당,46
마크를,46
대기자,46
핵심은,46
말이지만,46
처리하는,46
됐거든요,46
대너리스,46
버드,46
버디,46
법한,46
만지는,46
밑의,46
몇년동안,46
누굴까,46
골드,46
차례에요,46
땀이,46
기적은,46
남친,46
있었으니까요,46
거참,46
그러고도,46
대원들은,46
서둘러라,46
서라,46
없을겁니다,46
추잡한,46
놀이를,46
땡,46
아침이야,46
에잇,46
도널드,46
만큼이나,46
극도로,46
주차장에서,46
좆도,46
종이를,46
덕분이야,46
울려,46
기간,46
페기,46
모셔,46
해야하지,46
모양이네,46
온라인으로,46
터져,46
분들을,46
애쓰고,46
서요,46
프래니,46
죽었소,46
번개가,46
적에게,46
고려하면,46
얘긴데,46
운전하는,46
들렸어,46
걷게,46
마찬가지지,46
아직이야,46
시리즈,46
은색,46
왔다가,46
토끼가,46
자아,46
캣코,46
애리조나가,46
재앙이,46
적응,46
리스트,46
방도가,46
일하면,46
출구,46
애들에게,46
우리더러,46
풀어요,46
퀼,46
과장님께,46
강제,46
우리들을,46
준비하라,46
준비됐니,46
바라보고,46
똑똑하지,46
과학을,46
열어라,46
터무니없는,46
명백히,46
하셨는데,46
과장님의,46
했지요,46
돌려요,46
강해질,46
이상하고,46
만약을,46
속인,46
수지,46
명단,46
귀엽고,46
생각해봤어,46
노력하지,46
있었을까,46
왔어야,46
초대한,46
노래하고,46
이글,46
가슴은,46
접시,46
조사하는,46
부상당한,46
발전기,46
지게,46
적고,46
훌륭하군,46
다보스,46
대단했어요,46
동료들,46
매력,46
따위가,46
책임자,46
까만,46
죄수,46
층에,46
베고,46
띄지,46
항복,46
실크,46
힘든데,46
코끼리가,46
가르침을,46
저놈들이,46
홈즈씨,46
상어,46
뭐좀,46
어떤것도,46
고맙단,46
받아도,46
어렵고,46
환영하네,46
따뜻하고,46
더스티,46
상처도,46
복도를,46
상대할,46
허니,46
모두와,46
뜻이다,46
제어할,46
폐하께서,46
담배는,46
바늘을,46
멈춰봐,46
부담을,46
인정하기,46
지워,46
나서지,46
나아갈,46
지점,46
비해,45
힘드네요,45
나서서,45
생긴다면,45
이거랑,45
오르는,45
이쪽을,45
배트,45
인식,45
동생이야,45
방송국,45
9시에,45
늦겠다,45
여행에,45
가족들도,45
두꺼운,45
테온,45
아껴,45
아까부터,45
역할이,45
주식을,45
하기에,45
불고,45
차근차근,45
시푸,45
올슨,45
깜빡했네,45
똑같네,45
될만한,45
아니지요,45
넘을,45
외로워,45
외계인이,45
뒷문으로,45
멋진데요,45
만도,45
악당이,45
잡아야지,45
법적인,45
머릿속이,45
없더군요,45
잘못이라고,45
싸운다,45
사귄,45
열차는,45
바라며,45
편으로,45
친구였어요,45
가이,45
다발성,45
태어났어요,45
훈련은,45
잡혀요,45
열어서,45
꿨어요,45
알려줘서,45
지휘를,45
말할까,45
애쓰는,45
열었어,45
찾아왔어,45
중력을,45
기다리죠,45
차서,45
쓰나,45
유감이네,45
엄격한,45
들었거든,45
전방,45
낫겠다,45
발견했다,45
슬픔에,45
기다렸지,45
아그네스,45
산으로,45
똑똑,45
분부대로,45
한을,45
고약한,45
틈에,45
의사로,45
해보렴,45
장면은,45
룰을,45
10시에,45
당했습니다,45
하고싶지,45
시작될,45
들어왔습니다,45
슬프게도,45
없었단다,45
가짜야,45
근거가,45
열정이,45
일해서,45
찢어,45
재산,45
시작된다,45
기수,45
닿지,45
용감하고,45
절도,45
사람이면,45
농장을,45
궁금하네,45
아름답네요,45
정식,45
듣기만,45
들기,45
어머니에게,45
따님을,45
급성,45
사람인가,45
사람인가요,45
레스토랑에,45
보았다,45
크리스티나랑,45
누구에게나,45
명예롭게,45
다르다는,45
손상은,45
케이크를,45
행동해야,45
이에,45
어색한,45
과정이,45
되시죠,45
잃었을,45
추는,45
주면서,45
조절할,45
주소서,45
가긴,45
이어지는,45
맙시다,45
전통,45
분이죠,45
신호에,45
다행이군요,45
다했어요,45
놈들한테,45
살아도,45
살인사건,45
크기,45
봐줘요,45
처박혀,45
진심을,45
주먹,45
내리게,45
간수,45
후진,45
텐가,45
넬,45
영웅이야,45
축하할,45
과정,45
법칙,45
게일,45
2학년,45
나왔고,45
위협,45
안타까운,45
위한거야,45
무릎에,45
땅콩,45
않을거요,45
보거나,45
의도를,45
불편해,45
스트립,45
로렌,45
생각하거든,45
할수있어,45
오예,45
아메리카,45
공군,45
시신,45
왕국은,45
시험은,45
남편이에요,45
들으셨어요,45
났는데,45
나밖에,45
사과해,45
가져오는,45
헌터,45
친구고,45
일생을,45
충격적인,45
프랑스에,45
이불,45
미쳤구나,45
될테니까,45
단검을,45
아이예요,45
달라졌어,45
기적의,45
끝내줬어,45
아무일,45
잘자요,45
구급,45
한데요,45
깨우지,45
의심하고,45
괜찮은데요,45
표식을,45
저격수,45
말해야겠어,45
오브라이언,45
희한한,45
시작하세요,45
그랬을까,45
어디있어요,45
깨어난,45
시트,45
여동생은,45
여러분들의,45
체포해,45
월트,45
동지,45
13번,45
가운,45
반만,45
3분의,45
하늘은,45
셜록이,45
유도,45
음주,45
요정이,45
챔프,45
개에,45
피해야,45
그리핀,45
안그래도,45
저래요,45
안나가,45
그것들,45
최고죠,45
천국으로,45
너라고,45
가로,45
간단하지,45
박혀,45
켜고,45
아니라는걸,45
이라크,45
안좋아요,45
본능이,45
싫지,45
패턴을,45
키스는,45
램지,45
짚고,45
옆집에,45
손자,45
부탁입니다,45
타이거,45
오리지널,45
것이라는,45
나름의,45
키드,45
존중해,45
달라진,45
있자나,45
잉,45
약속해줘,45
나무로,45
하십니다,45
시야를,45
애니멀리언,45
재판이,45
증인이,45
오해,45
조사할,45
성적이,45
해당,45
여름이,45
설령,45
파워,45
시카고에서,45
고마,45
제어,45
대단했어,45
전용,45
동료들을,45
느낌이에요,45
인상,45
늦었잖아,45
뜻도,45
쫓아낼,45
치료하고,45
가져가는,45
걸친,45
앉고,44
버튼은,44
화장실이,44
걸었어요,44
잠재적,44
대담한,44
커피가,44
동네에서,44
거부하는,44
모르겠지,44
버릇이,44
거부할,44
거부하고,44
까먹었어,44
홀,44
찾아보고,44
내려오는,44
바지가,44
없겠군,44
내려갈,44
판을,44
때문은,44
돌아왔지,44
흘리는,44
넘지,44
넘었어,44
뵈요,44
생을,44
의미있는,44
말이라고,44
데릭과,44
머피가,44
월터가,44
매일매일,44
저거야,44
동의할,44
시설이,44
괜찮은거지,44
종말이,44
졸업하고,44
살인범이,44
살인자는,44
살자,44
기분도,44
몹쓸,44
경미한,44
뉴저지,44
깜둥이,44
낫잖아,44
간대,44
중국에,44
정도를,44
불길한,44
닦아,44
1년간,44
환자요,44
술취한,44
올리지,44
무전기,44
버질,44
좋겠습니다,44
지도자,44
아는거야,44
장난치지,44
않으셨어요,44
그곳,44
요청하는,44
데려오라고,44
선생을,44
소피아는,44
지분을,44
주님께서,44
찾았을,44
밝히는,44
재밌고,44
운도,44
좋은게,44
얻었어요,44
듣기로는,44
크리스는,44
그앤,44
그자를,44
은혜를,44
추락,44
미팅을,44
모양의,44
궁금한게,44
질색이야,44
어느정도,44
무리의,44
해야겠군,44
여자애들,44
존경해요,44
선수들이,44
브랜든,44
걸게,44
바르게,44
기적,44
사의,44
사용하면,44
딸한테,44
때까지만,44
찾으려,44
코트를,44
결혼식은,44
사항이,44
신청을,44
말레피센트,44
알려드릴게요,44
걱정도,44
마르티네즈,44
법률,44
나타나기,44
전부에요,44
얼마야,44
사냥꾼,44
한명의,44
슬론은,44
찾아왔어요,44
혼자는,44
자선,44
전화할게요,44
나약한,44
전화입니다,44
할건데,44
도울수,44
근거로,44
극장에,44
투자,44
처하게,44
잔디,44
얻었다,44
그리고요,44
겁쟁이가,44
컸구나,44
아돌프,44
열두,44
미치겠어,44
정원에,44
실려,44
정중하게,44
케브,44
살게요,44
고생을,44
팬이에요,44
수집,44
태어나는,44
살아날,44
안심이,44
일전에,44
일지도,44
계획하고,44
흐름을,44
평소엔,44
에버딘,44
찾아볼게요,44
돌아가라,44
저처럼,44
죽었네,44
증세가,44
잤다고,44
배웠지,44
심해서,44
신비로운,44
갖기,44
재미가,44
노란색,44
흉터가,44
미쳤군,44
수표,44
이뻐,44
배고파요,44
샘플,44
만성,44
염소가,44
시대,44
중환자실에,44
부하가,44
환경을,44
편지에,44
살았죠,44
위성을,44
어머니한테,44
못하니까,44
의미야,44
거지요,44
보여드릴게요,44
품위,44
괜찮으십니까,44
아내야,44
지내나,44
주차장에,44
아시면,44
마법사가,44
출근,44
쏟아,44
자신감,44
자르지,44
스타크의,44
양복,44
크라울리,44
말도록,44
진실의,44
풀어줄,44
교황,44
특수요원,44
선반에,44
질린,44
왕자를,44
끊을,44
공격하지,44
공격하고,44
조디,44
아가씨를,44
증상,44
베를린에서,44
부드럽고,44
나비,44
사망했어요,44
뒤에도,44
진행되고,44
혼란을,44
구식,44
거짓말이에요,44
공개적으로,44
만들었던,44
계속할,44
계약은,44
보시지,44
현지,44
견디고,44
달릴,44
물어볼게요,44
다르잖아,44
애기야,44
누구와도,44
게야,44
잘있어,44
해볼까요,44
살아온,44
불이야,44
협박을,44
원숭이가,44
변하게,44
개요,44
못했네,44
시체들을,44
하질,44
하느님은,44
허락해,44
항해,44
공유하고,44
뭐였더라,44
의원,44
엘리자베스가,44
휴대용,44
오바,44
다가올,44
보내주지,44
부엌에서,44
말해줄래요,44
오네요,44
1억,44
싶다구요,44
인가,44
동물원,44
예전부터,44
타스가,44
이유라도,44
알았으니,44
예전과,44
느낌은,44
칭찬,44
지나갈게요,44
관심은,44
관리를,44
돈과,44
근육이,44
만요,44
좌회전,44
믿는다고,44
도착하기,44
두개골을,44
논문을,44
이러시면,44
도전을,44
큽니다,44
짜,44
샹,44
무척이나,44
표적이,44
안됐다,44
중이거든,44
중심에,44
숨기지,44
사자가,44
날입니다,44
어딨는데,44
코드가,44
고마워할,44
100년,44
지역은,44
틀렸다는,44
틀려,44
아니라도,43
변경,43
성과를,43
좋아한,43
것을요,43
알았다구,43
치우는,43
실시,43
말했나요,43
인지,43
뭐하냐,43
하나예요,43
개자식이,43
보는거야,43
엄호해,43
바쳐,43
바이퍼,43
꺼내는,43
감정도,43
끝없이,43
끝내면,43
모르몬트,43
모르세요,43
충성,43
모금,43
공평하지,43
치프한테,43
어린애가,43
따,43
그랬지만,43
오셨다,43
돌아오기,43
뉴욕을,43
함선의,43
탈출할,43
사람이라는,43
사람이라도,43
2013년,43
마이티,43
목소리로,43
심실,43
달러의,43
곤란한,43
아저씨한테,43
범죄가,43
줄에,43
의지가,43
만났다,43
하우스,43
괴물로,43
스튜디오,43
시험해,43
죽습니다,43
장애가,43
호출해요,43
사무실이,43
도와주려는,43
왔대,43
잊는,43
주머니에서,43
지진,43
사막,43
스위치,43
스위치를,43
꼭대기에,43
계신지,43
맨손으로,43
가르쳐줘,43
간단해요,43
있었어야,43
있었습니까,43
안타깝지만,43
했든,43
세기의,43
빨래,43
현실이야,43
이놈들,43
목격한,43
알긴,43
멀어요,43
자서,43
콜린,43
그에게서,43
찾았나요,43
창문에서,43
슈퍼걸이,43
메기,43
노래에,43
보셨잖아요,43
보소,43
텐트,43
해두죠,43
사실도,43
차원이,43
흉터,43
직원들,43
기다리렴,43
달의,43
시야가,43
먹을래요,43
한번이라도,43
관제,43
흉내,43
숲의,43
결정이야,43
와타나베,43
왔거든,43
장담할,43
캔디스,43
도끼,43
지낸,43
군의,43
보통의,43
한번의,43
듣지도,43
정리해,43
차렷,43
쉬워요,43
결론은,43
가능하게,43
노스,43
기대를,43
나머지를,43
등록,43
컸어요,43
시합이,43
나타났어요,43
간식,43
할만한,43
할말,43
루시어스는,43
떼고,43
굿윈,43
있나봐요,43
그럴걸,43
중에는,43
지켜봐야,43
독감,43
테디는,43
통한,43
그것으로,43
몰랐다고,43
때렸어요,43
얘네,43
시리얼,43
비극적인,43
재밌겠다,43
하시나요,43
신용카드,43
연결돼,43
붙들어,43
교수님을,43
너랑은,43
겨누고,43
엉터리,43
안쪽에,43
할렐루야,43
부르지마,43
키스할,43
키스하는,43
독방에,43
믿나,43
할머니랑,43
놈이라고,43
놈들도,43
물려,43
올라가요,43
헥터,43
모임이,43
아기들은,43
생각만큼,43
음악도,43
고집이,43
요한,43
크리스가,43
떠나자,43
당해,43
크리스마스를,43
개발,43
검이,43
어젯밤엔,43
어쩔래,43
쿠바,43
무서울,43
데드풀,43
세상과,43
좋거든요,43
관리하는,43
놀랐지,43
이모는,43
할아버지의,43
귀환,43
대신할,43
구했지,43
비밀의,43
프랭크는,43
법원에,43
정원에서,43
실,43
열받게,43
차갑게,43
나가자고,43
수프,43
린지,43
델타,43
당신에게서,43
슬픔,43
적에,43
그만해라,43
시작되는,43
숙여요,43
입도,43
찰,43
그앨,43
발견됐습니다,43
발견됐어요,43
얘기에요,43
벌레가,43
아폴로,43
곳이라고,43
된거에요,43
이미지가,43
생각인,43
모였습니다,43
속옷을,43
차고에,43
순간까지,43
행,43
타깃,43
다정한,43
20만,43
꿔,43
올라가고,43
흥분하지,43
만만치,43
뻔했어요,43
뻔했네,43
걸렸다고,43
일한다고,43
헤어지고,43
정의의,43
정의가,43
애들의,43
말거나,43
발견했고,43
발견하지,43
없었소,43
바빴어,43
않았기,43
집이나,43
전부입니다,43
나가봐,43
정해,43
찾았는지,43
재수없는,43
딕스,43
디아즈,43
남았죠,43
재빨리,43
서방님,43
욕실,43
북,43
제거해야,43
누구한테도,43
일이라는,43
태어났을,43
다르지만,43
선물도,43
풀어줘요,43
교회가,43
들리네,43
트레버,43
폭력은,43
좋아하지도,43
본다는,43
반역자,43
위기,43
행동할,43
가져오지,43
출발합니다,43
기증자가,43
때까지요,43
얼씬도,43
속이는,43
온전히,43
손가락에,43
제거하기,43
수준이,43
지켜줘,43
감독이,43
수치는,43
영화도,43
다람쥐,43
싶었거든,43
동전을,43
쥬니어,43
공급,43
오빠랑,43
받습니다,43
신경써,43
내버려둘,43
사고에,43
승인을,43
전세계,43
깔고,43
위원회에,43
삶으로,43
만들자,43
미스테리를,43
기관,43
기능,43
되겠구나,43
애기를,43
벌거벗고,43
대니는,43
콘서트,43
로비에,43
울지마,43
울타리,43
끊어야,43
이야기하지,43
퍼지고,43
미술,43
웃긴다,43
시장을,43
매력을,43
비키,43
받는다고,43
파이를,43
힘들고,43
싶단,43
유머,43
유리한,43
한다네,43
뿐만이,43
전설적인,43
블레이드,43
어떡하고,43
저래라,43
치료해,43
더욱더,43
따라올,43
싶다고요,43
인생도,43
제정신이야,43
제왕절개를,43
층을,43
인원이,43
모두요,43
모두한테,43
알아줬으면,43
니는,43
수고하셨습니다,43
돌이킬,43
경사,43
깨달았죠,43
깨달은,43
깨달았어요,43
가둬,43
로키,43
신발에,43
여기서요,43
점검,43
강에서,43
자면서,43
전화했는데,43
스코틀랜드,43
엠파이어의,43
말씀드리지만,43
많으면,43
받아줄,43
폭발을,43
핫도그,43
동감이야,43
마시면서,43
아니라니까요,43
별말씀을,43
확보,43
떠는,43
안했지,43
워커들이,43
창피한,43
창을,43
하치,43
설명하기,43
본부로,43
워드,43
아니라면요,42
시절을,42
힐리,42
가져가면,42
상승,42
웃음을,42
댓가로,42
본부에,42
섬이,42
설치,42
아니었고,42
보일러,42
안다구,42
거라고는,42
풀어야,42
화장,42
뿐이네,42
유산을,42
아빠에,42
마셔도,42
개한테,42
새들이,42
오야,42
미군,42
춰,42
예약이,42
찾아보죠,42
병든,42
움직임,42
효과는,42
조나,42
다녀올게요,42
다녀오겠습니다,42
모르핀,42
하셔서,42
눈빛,42
안한다고,42
봄,42
로만,42
가르친,42
저기다,42
반지가,42
됐고요,42
경기는,42
출장,42
이슬람,42
이야기해,42
하나면,42
친구나,42
공포의,42
받았잖아,42
얘랑,42
도덕적,42
계집,42
형태를,42
붙어있는,42
신도,42
버터,42
고집을,42
무사해,42
좋아합니다,42
집에도,42
않는지,42
대를,42
데려오면,42
세월을,42
호기심이,42
지르는,42
천국을,42
바르고,42
양호,42
작동하는,42
요청한다,42
꺼져버려,42
걷지,42
요리도,42
무전,42
듣던,42
많다는,42
없으면서,42
4개의,42
작업은,42
팔았어,42
스탠리,42
에인션트,42
50만,42
사람이군요,42
쏘기,42
준비됐죠,42
스타니스,42
안됐네요,42
맡기지,42
국내,42
고소할,42
윈터펠의,42
데니를,42
힉스,42
몫,42
당신들과,42
의견에,42
껌,42
않어,42
않았을까,42
들었으면,42
장기가,42
시민들을,42
자초한,42
자존심을,42
엉덩이는,42
사람들이요,42
보트가,42
기억하시죠,42
교사,42
너만큼,42
이겨야,42
문제들을,42
개랑,42
체포한다,42
견뎌,42
기도는,42
자네만,42
쑤셔,42
스카프,42
햄버거,42
데려가세요,42
장사,42
반갑군,42
언제지,42
시애틀에,42
평화는,42
하이파이브,42
절반,42
자네들을,42
할거다,42
괜찮을까,42
괴롭히고,42
떠났죠,42
약해요,42
체,42
드레스가,42
직후,42
아침은,42
말씀드린,42
말씀만,42
목적지에,42
멋쟁이,42
아이언,42
초대했어,42
계시고,42
텍스,42
노크,42
믿으라고,42
계속하고,42
왔거든요,42
해야겠지,42
안정된,42
그거라면,42
균형이,42
가는데요,42
이랬어요,42
초콜렛,42
있었구요,42
곤란해,42
달러짜리,42
거짓말쟁이야,42
생각해본,42
있었을까요,42
어니,42
빨리해,42
무리야,42
5시간,42
결과도,42
사만다,42
해리슨,42
카운트다운,42
달리기,42
직원들을,42
해답이,42
그보단,42
질투가,42
걱정돼요,42
평가를,42
해냈다,42
테네시,42
헨리는,42
헬리콥터,42
기다렸다,42
직업도,42
그럴거에요,42
분입니다,42
좌표,42
시합을,42
화살,42
팀으로,42
기다리다,42
신원미상,42
망쳐,42
패터슨,42
최,42
부모님의,42
있느냐,42
놀랍지도,42
소유하고,42
있다면서요,42
혁명,42
안드레가,42
싸우자,42
싸우러,42
최고급,42
사이비,42
분들께,42
흥분한,42
필요하잖아,42
긴급한,42
강해지고,42
알려줘야,42
물어보려고,42
이빨을,42
실력은,42
실례가,42
만나다니,42
운전하고,42
기술의,42
비오,42
과한,42
명복을,42
보호해야,42
애예요,42
되질,42
턱이,42
속도는,42
물리칠,42
모양이군요,42
놓아,42
생각이나,42
추억을,42
또야,42
사회의,42
프랑스에서,42
연락은,42
임신이,42
임신했어요,42
안토니우스,42
안한,42
출신이에요,42
명예로운,42
과정에,42
태도를,42
수액,42
수업은,42
가겠소,42
돌아가기,42
시키는대로,42
딜런이,42
대출,42
던진,42
위안이,42
케이트가,42
일종,42
아씨,42
출발한다,42
영감이,42
태어났어,42
팸,42
옥상에서,42
돌면,42
타기,42
정의,42
열차에,42
되는걸,42
그렇듯이,42
지극히,42
근처에도,42
태어났고,42
어딨냐,42
어렵습니다,42
어떤건지,42
고메즈,42
고마웠어,42
말씀인지,42
가문이,42
하늘로,42
인물,42
제작자,42
그다음,42
설리번,42
울리는,42
저것도,42
3년간,42
구해줘서,42
실험이,42
이지한테,42
돌아왔구나,42
이쯤에서,42
감사해,42
감사해야,42
인정합니다,42
ㅋ,42
탐사,42
끝은,42
일라,42
물었지,42
동생한테,42
쯤에,42
인턴이야,42
상하게,42
내가요,42
전문의,42
봤다면,42
봤대,42
감옥이,42
바싹,42
한명을,42
전통을,42
피클,42
브룩,42
교황이,42
선배님,42
벤은,42
벨라,42
잡으라고,42
특허,42
승무원,42
훔치지,42
버논,42
주먹으로,42
감을,42
용서하십시오,42
은하는,42
섹시,42
데이먼,42
닿는,42
없길,42
때문인가,42
업적을,42
내려올,42
것이라,42
썩을,42
올리면,41
올린,41
낮아,41
장관,41
생각입니다,41
별로예요,41
끊겼습니다,41
싫어하죠,41
들어오라고,41
주셨으면,41
물론이고,41
물러나세요,41
다중,41
속엔,41
리우다,41
리암,41
주민,41
것들이야,41
소형,41
걸로요,41
해내지,41
후아,41
묻혀,41
구멍에,41
알레르기,41
짓인지,41
해야되,41
확실하진,41
있으려고,41
노력할,41
노래하는,41
고백할,41
잊어요,41
잊어버려요,41
사무라이,41
약점이,41
옵티머스,41
낭비야,41
얼굴의,41
묻지도,41
가격,41
뿌리고,41
샌디,41
샘을,41
머리통을,41
조프리,41
잡았지,41
조용히해,41
물건들이,41
친구였어,41
갈기갈기,41
알아냈지,41
안정,41
시끄럽고,41
여자애들은,41
두번째로,41
메러디스한테,41
야생,41
엘프,41
날짜가,41
통로를,41
여자요,41
여자에요,41
두시간,41
사이렌,41
스콜피온,41
강요할,41
쉐퍼드랑,41
여쭤봐도,41
믿었던,41
고속도로,41
스캔을,41
거실에,41
지배할,41
그만하지,41
어때서요,41
아침에는,41
우회전,41
무료로,41
있단걸,41
흉내를,41
직감을,41
엘리자베스는,41
체계를,41
자백을,41
있더라고요,41
여행도,41
나라로,41
자매님,41
통제하는,41
역사는,41
선택받은,41
따지면,41
주거,41
사용을,41
맺은,41
이라크에서,41
지구상에서,41
뿐야,41
내놔요,41
잠시동안,41
가을,41
알립니다,41
이론이,41
국장님이,41
때문이겠죠,41
클리닉에,41
카레프는,41
봉합을,41
갇혀서,41
딱지,41
우유를,41
우울증,41
멈추세요,41
우주선에,41
저항군,41
하시는지,41
그런일이,41
쓰러진,41
연금,41
확신,41
엔,41
갈릴레오,41
양심의,41
케이드,41
위협하는,41
대사를,41
않구요,41
날이죠,41
있냐고요,41
지나지,41
하지마세요,41
소셜,41
아무렇지,41
행복하길,41
부서,41
없겠군요,41
알고요,41
이어서,41
전선을,41
행복은,41
목록,41
생각했었어,41
기쁠,41
죽을뻔,41
존재하지도,41
짓에,41
새미,41
우아한,41
우습게,41
우승,41
유령의,41
팬이,41
숨겨져,41
할아버지한테,41
리가요,41
첫날부터,41
앤디는,41
보여드릴,41
입힌,41
놀아요,41
세세한,41
아이디어는,41
에이전트,41
굿,41
넘기면,41
아니지만요,41
유감이군요,41
유,41
좋아했던,41
매트,41
터졌어요,41
되찾아,41
궁금하군,41
분야에서,41
면역,41
연애를,41
에이버리가,41
서커스,41
시작일,41
깨어나지,41
시작할까,41
기억나세요,41
대로만,41
죽을수도,41
생겨요,41
알아야만,41
이년,41
모른단,41
경찰관이,41
타이밍,41
달랐어요,41
국수,41
얘기해도,41
파파,41
부대는,41
상황에선,41
이해한다,41
식사에,41
그랬나요,41
호박,41
젬,41
쫓기고,41
이츠키,41
번호판,41
모르는게,41
쇼의,41
도와주실,41
도와줄수,41
라디오를,41
제이크가,41
카테터를,41
의학적으로,41
반가웠습니다,41
달이나,41
내렸어요,41
높고,41
가졌고,41
기념으로,41
서연,41
사람에겐,41
쏘라고,41
할테니까,41
드리지,41
에스코바가,41
버크와,41
잭을,41
애잖아,41
맛있네,41
바란다고,41
군인들,41
병원에선,41
고객은,41
않더라도,41
안토니오,41
안톤,41
어서와요,41
구조가,41
분노의,41
놓쳤어요,41
미워해,41
죽기전에,41
나에게서,41
해봐라,41
요청한,41
센터에,41
주말을,41
주를,41
후회하지,41
명백하게,41
시애틀에서,41
시술을,41
장식,41
모드,41
능력에,41
동굴에,41
ㅋㅋ,41
이겁니다,41
없는게,41
공부하는,41
계좌를,41
종말을,41
종양에,41
간은,41
발견했지,41
음반,41
4분,41
싶으신,41
질문도,41
수준,41
건드려,41
자체를,41
붙들고,41
먹죠,41
당신에게도,41
서랍,41
자와,41
되어가고,41
되어있어,41
한번씩,41
남친이,41
지하로,41
인질,41
싸워라,41
모델이,41
기회라고,41
아버지야,41
혹,41
말씀을요,41
전능하신,41
뜯어,41
끝으로,41
미끼로,41
느끼는지,41
내장을,41
예전으로,41
끝났을,41
교통사고,41
실을,41
내주셔서,41
지쳐서,41
사라졌다고,41
몰,41
집중해요,41
권투,41
누구고,41
하사,41
맛이야,41
맛은,41
춘향아,41
않았더라면,41
제거해,41
춤출,41
태어나지,41
게임도,41
살았지,41
찰스가,41
출구를,41
봤더니,41
해봐야지,41
비서,41
커녕,41
경관이,41
무책임한,41
레이몬드,41
부탁하면,41
프레슬리,41
일본에,41
계획된,41
예쁜데,41
척추를,41
꼬마를,41
당신들도,41
서랍에,41
서둘러서,41
파트너는,41
찌르고,41
척을,41
부하들,41
없으며,41
영향이,41
일시적인,41
보겠네,41
공포가,41
음식에,41
기술로,41
핸슨,41
돛을,41
대학의,41
성기를,41
원칙을,41
네번째,41
자기만의,41
여깄는,41
멍하니,41
코디,41
가리지,41
코브라,41
찾는데요,41
하나일,41
힘든지,41
괜찮대,41
낭만적인,41
다음주,41
말씀하시길,41
코에,41
비참하게,41
보스를,41
여생을,41
현상을,41
떠올랐어,41
여우,41
대화로,41
막혀서,41
여름을,41
벨트를,40
아니래,40
그리스도의,40
안되면,40
건에,40
팝콘,40
밋첼이,40
있잖소,40
스카우트,40
괜찮을꺼야,40
만나려고,40
웃기시네,40
홈즈가,40
불리한,40
있을수,40
여분의,40
체온이,40
코치가,40
않겠다는,40
날마다,40
빈손으로,40
시절은,40
잊어버렸어,40
까비르,40
움직임이,40
초음파를,40
운영,40
운을,40
무너질,40
불러줘요,40
올지도,40
이스라엘,40
시끄럽게,40
주문이,40
얻었죠,40
채울,40
타디스는,40
스머프,40
스케이트,40
전술,40
조는,40
계셨나요,40
단서는,40
조언이,40
부를게,40
알까,40
더할,40
울음을,40
대장이,40
쉐퍼드는,40
가족이나,40
후에요,40
마땅히,40
넘치고,40
놔둔,40
과다,40
맞았지,40
앞두고,40
부하를,40
누군가요,40
스페셜,40
작동이,40
쫓아가,40
건강하고,40
당신만이,40
고통도,40
해볼래요,40
주시하고,40
하더라구요,40
죽은거야,40
생일날,40
문명의,40
생일이,40
부탁하지,40
탓에,40
들려서,40
발가락,40
슬프고,40
레이더에,40
그쯤,40
않은거야,40
반대야,40
화내고,40
팀이야,40
뜨겁게,40
동영상을,40
해병,40
인사하고,40
すべてを僕が敵にまわしても,40
수백만의,40
상상력이,40
기막힌,40
안됐지만,40
사귈,40
삽관,40
동안의,40
상관도,40
합의,40
땅으로,40
값,40
하나키,40
어깨가,40
금융,40
즉각,40
잔만,40
처지가,40
신경쓸,40
상관없잖아,40
상관이죠,40
없어져,40
때쯤,40
일이네,40
제공합니다,40
수입,40
나왔다고,40
때입니다,40
작품은,40
거짓말도,40
사람들만,40
형한테,40
먹지도,40
장치는,40
국가에,40
고파,40
모든건,40
방의,40
끼워,40
서류는,40
뇌물을,40
과장님을,40
맞았다고,40
나가려고,40
갤러리,40
염병,40
사나이,40
인종,40
소리니,40
되야,40
준비시켜,40
되었는지,40
되었네,40
같지가,40
맞춰야,40
갔었지,40
함정을,40
뭣들,40
인자,40
갔었는데,40
의자가,40
줬던,40
디자인,40
잭슨은,40
몸만,40
미쳤지,40
갔다는,40
농담은,40
않더군,40
선량한,40
통할,40
죽는게,40
무의미한,40
무엇도,40
재앙을,40
분석을,40
정할,40
그룹에,40
혼란스러운,40
장은,40
왕좌에,40
생길지,40
내버려두지,40
좋아할거야,40
난생,40
반복해서,40
없더라,40
지난달에,40
곡이,40
보자면,40
구석이,40
늙어,40
측,40
동맥류,40
왕비,40
비로소,40
배우게,40
말하던가요,40
도서관에,40
손톱,40
때문이었어,40
잠금,40
감사하지만,40
알았나요,40
잘해낼,40
가져가고,40
오래전부터,40
상자가,40
나이도,40
거랍니다,40
뱅,40
연습이,40
기념,40
준다는,40
티아나,40
잘했다고,40
방이야,40
방울,40
버텨요,40
나갔는데,40
실내,40
할일을,40
기록도,40
바래다,40
흔들,40
고용했어,40
봐주는,40
않더군요,40
말이네요,40
신혼,40
건물은,40
신으로,40
유감이다,40
테니스,40
에워싼데도,40
무슨일인지,40
대기시켜,40
입술을,40
농구,40
대는,40
몸이야,40
레코드,40
도와주게,40
조그마한,40
아가리,40
깨어나서,40
깨면,40
않는단다,40
안드레우,40
밤이야,40
구급차를,40
가자꾸나,40
알아차리지,40
삐,40
들어갔을,40
한답니다,40
교회의,40
맹세컨대,40
세명의,40
파일에,40
흘려,40
감각을,40
10일,40
깨워,40
좋은가,40
참여,40
이에게,40
물어요,40
필요없다고,40
들으라고,40
아만다,40
백성들을,40
파워가,40
우리쪽,40
치프에게,40
블랙홀을,40
리처,40
새처럼,40
알아내려고,40
말씀드렸잖아요,40
안정적인,40
필요하겠어,40
가졌던,40
신청,40
똑똑하다고,40
망,40
있기만,40
정보원,40
팬케이크,40
거짓말하고,40
스타일이,40
갔더니,40
덤보,40
위험도,40
어렵죠,40
아이비,40
역사적인,40
위험하다,40
카논아,40
얘기해서,40
위층,40
핀이,40
깃발을,40
있다니까요,40
자매가,40
엑스레이를,40
챔버스,40
라파엘,40
걱정되는,40
알고싶어,40
3초,40
빼야,40
소식이에요,40
가야돼요,40
걸렸는데,40
러키,40
아프면,40
다물어요,40
아무데나,40
소유한,40
부상은,40
경찰이에요,40
생각하겠죠,40
이름이죠,40
랑데부,40
장군은,40
장군의,40
별난,40
10년간,40
무기들을,40
모은,40
얼마전에,40
자금,40
규정,40
다쳐서,40
개만,40
흩어져,40
모양으로,40
시장에서,40
성인이,40
위기를,40
무너지는,40
결과야,40
알레르기가,40
심문,40
들어왔을,40
현실에,40
신부님을,40
신부는,40
신발은,40
절제술을,40
싸이코,40
표현이,40
날에는,40
프렌치,40
작작,40
척은,40
많군,40
일엔,40
제때,40
지도에,40
않으려,40
심장의,40
맥박,40
시작됐어요,40
가져오라고,40
공평하게,40
탓이에요,40
탓할,40
눈썹,40
바깥에서,40
불빛,40
성경,40
많아서요,40
거스,40
자꾸만,40
피해요,40
셰리,40
비난할,40
단계는,40
이렇지,40
비난,40
것보다는,40
받는다,40
여깁니다,40
뒤쪽,40
성가시게,39
변기,39
보시고,39
현재로선,39
걔의,39
힘들었을,39
아니라서요,39
힘들었지,39
무엇에,39
무역,39
태평양,39
좋아졌어요,39
주도록,39
되려,39
과학자,39
부모들이,39
보나,39
긴장해서,39
잡지에,39
엄마나,39
멍청이야,39
그리운,39
짓이죠,39
그러는게,39
써봐,39
그레이요,39
어디있나,39
보이질,39
헤엄쳐,39
감독님,39
악마와,39
은퇴,39
해봐도,39
욕조,39
용기와,39
살까,39
당장이요,39
음탕한,39
미치겠군,39
미쳤다,39
2개의,39
대의를,39
해야하는지,39
볼일이,39
받았지만,39
얼마나요,39
귀엽게,39
귀찮은,39
했으니까요,39
전문적인,39
전까지만,39
뻔하지,39
생각이었어요,39
이보게,39
올라와요,39
말하지도,39
20년간,39
천사의,39
흔적,39
바로잡을,39
에밀리가,39
자정에,39
제거하면,39
너밖에,39
에디가,39
먹이로,39
붙여서,39
싶은거,39
데이트하는,39
그럴듯한,39
갤러거,39
그럴리,39
만듭니다,39
일하던,39
온거죠,39
해결하려고,39
돌리면,39
단순,39
한달에,39
뽑은,39
오픈,39
얼굴만,39
장담하지,39
묻자,39
정기적으로,39
맞설,39
정교한,39
접근하는,39
2시에,39
말게나,39
마미,39
안써요,39
서두르는,39
재밌었어요,39
시작됐다,39
되었다고,39
관계도,39
기지가,39
앞으로의,39
본래,39
대낮에,39
중요한거야,39
터지면,39
책임감을,39
뿌린,39
대상은,39
싫어하거든,39
증오,39
알아내지,39
하고도,39
낫네요,39
조수,39
뾰족한,39
존재로,39
배심원,39
그거나,39
통에,39
드렸어요,39
대니를,39
저흴,39
시켰어요,39
좋아하던,39
꺼내고,39
앙,39
앙뚜완,39
하자꾸나,39
형제들이,39
전해요,39
냄새나,39
일원이,39
되겠습니다,39
미사일이,39
영국에서,39
과도한,39
리코랑,39
와주세요,39
하루의,39
5개,39
접촉,39
행동하고,39
손의,39
편집,39
30대,39
식량,39
블랙홀은,39
야망이,39
마련이야,39
밀러의,39
로마로,39
바치는,39
색깔,39
따라갈,39
저녁으로,39
버튼이,39
어렵다,39
아니까요,39
날인데,39
시키면,39
영웅으로,39
몰랐으면,39
등신아,39
응답이,39
의대에,39
급해,39
페냐,39
나가죠,39
나갑니다,39
가져왔습니다,39
않은게,39
요새는,39
회사로,39
미팅이,39
입구를,39
놈으로,39
스텐,39
폴이,39
갔을까,39
개뿔,39
불안한,39
휴스턴,39
장님이,39
갖다줘,39
자랑스럽구나,39
믿어지지,39
루시는,39
있어야해,39
떨어지게,39
정도만,39
있었을거야,39
노아가,39
중단,39
좋아한다,39
유리를,39
시작이군,39
반이나,39
빛에,39
껴안고,39
빛은,39
반응은,39
봐주지,39
깨어났어,39
일어났습니다,39
태도가,39
공평한,39
몇분,39
명확히,39
수야,39
아파트로,39
주었다,39
조금의,39
이다,39
새끼들이,39
국방부,39
세르,39
라스베가스,39
후론,39
물질,39
복장,39
한마디만,39
오스틴,39
물에서,39
알고있죠,39
박고,39
끊은,39
다루기,39
말린,39
않으셔도,39
캐더린,39
교장,39
신경은,39
바쁘다고,39
악수를,39
재능은,39
남자들의,39
질문입니다,39
붐,39
군용,39
생존자는,39
의뢰인이,39
피우는,39
사형을,39
사회를,39
미확인범이,39
면,39
필사적으로,39
전화하세요,39
소리지르고,39
왕으로,39
행사를,39
오빠도,39
행성은,39
빼내,39
빼는,39
언니야,39
할머니한테,39
헬멧을,39
마지막이,39
마약이,39
두려워할,39
두려워서,39
검,39
자랑,39
드려도,39
있다면서,39
제품을,39
다가오는,39
이태리,39
번호로,39
죽일수,39
떨어지기,39
이해하지만,39
감사하게,39
부인한테,39
제자리로,39
모르겠다고,39
타입,39
끔찍하고,39
펴고,39
식탁에,39
ㅎㅎ,39
오두막,39
첩보,39
너희한테,39
아웃,39
취급을,39
의미지,39
놈이에요,39
말씀드릴게요,39
담요를,39
담을,39
해드리죠,39
어디갔지,39
맡았어요,39
안에서는,39
안전하다,39
해준다면,39
알았다고요,39
부정적인,39
보이긴,39
만났으면,39
왕비가,39
결정적인,39
보고있어,39
보곤,39
최고였어요,39
멀쩡히,39
우수한,39
만들었는지,39
9번,39
없어지고,39
권총,39
수술방에,39
동생과,39
맞잖아요,39
잘되고,39
뜻하는,39
액체,39
합리적인,39
인터뷰가,39
사준,39
무서워할,39
9살,39
우리중,39
떠날거야,39
검사도,39
어디있죠,39
닮았어요,39
극복할,39
구역으로,39
참나,39
느려,39
상냥한,39
공은,39
남자예요,39
한계를,39
종족을,39
실수하지,39
준거야,39
아들들이,39
습격을,39
닭이,39
이것과,39
달렸다,39
생겼잖아,39
생명체,39
생기기,39
자발적으로,39
최선은,39
멕시코로,39
비웃지,39
비용은,39
연관되어,39
만족해,39
기다렸는데,39
그리구,39
하는건가,39
좋은거,39
놀다,39
사정,39
것조차,39
끝나서,39
알았겠지,39
부대가,39
레나,39
때문인가요,39
브로디,39
마시고요,39
동료들은,39
아빠라고,39
트리,39
사과할게,39
사과드립니다,39
승산이,39
함장님이,39
말라고요,39
시스코,39
언론,39
인디언,39
치고는,39
웃으며,39
말씀입니다,39
별들,39
힘에,39
힘들다는,39
켈리가,39
대포,39
바꾸기,39
발신자,39
날리고,39
토바이어스,39
괜찮은거,39
못했네요,39
잊어버릴,39
더워,39
못해도,39
여기에는,39
모으는,39
곳까지,39
흥미롭네요,39
밋치,39
있으신,39
드나,39
날로,39
체온을,39
코울더,39
로미오와,39
하느님을,39
볼께,39
본인은,39
자네라면,38
사방에서,38
둥지를,38
섬기는,38
어땠나요,38
자동으로,38
괴로워,38
직장이,38
사슴을,38
독일에서,38
묻힌,38
독한,38
독일군이,38
할거고,38
네트워크를,38
밴을,38
알로,38
되는군요,38
받아야지,38
안개가,38
음료,38
비서가,38
애디슨이,38
욘두,38
어머님은,38
임대,38
보여도,38
용건이,38
욕망이,38
욕구를,38
당하지,38
당했다,38
캠핑,38
킬러,38
소원,38
어땠니,38
깜둥아,38
성적으로,38
못할걸,38
안다고요,38
살기로,38
종교를,38
그걸론,38
도망쳤어,38
말하더군요,38
결정했어요,38
진정해라,38
어딘가로,38
않단다,38
알겠냐,38
생긴거야,38
하면요,38
마취,38
지쳐,38
문신이,38
빤히,38
빨고,38
비용,38
숨쉬고,38
2단계,38
확신은,38
협조를,38
믿겠어요,38
사정을,38
목적,38
인사는,38
동무가,38
오기전에,38
모두다,38
것임을,38
깨닫는,38
깡패,38
패트리샤,38
불가,38
지친,38
문제들이,38
납치된,38
피부는,38
도박을,38
레미,38
않을텐데,38
말했다시피,38
떨어집니다,38
자산을,38
스타일즈가,38
에피,38
아니었잖아,38
패션,38
밝히고,38
공장에,38
합당한,38
수수께끼,38
상관인데,38
방송에,38
쓸데없이,38
내생각엔,38
금지된,38
건드린,38
할아버지랑,38
최종교열,38
빌리는,38
반짝이,38
앤드루,38
나눠서,38
건물로,38
전속력으로,38
니들은,38
내렸다,38
수감자,38
상태로는,38
야옹,38
믿어라,38
엘리베이터를,38
탈출한,38
페르난도,38
결함이,38
기도해,38
보물이,38
될거고,38
된다구요,38
져,38
몫은,38
가셨어,38
외교,38
담에,38
도망쳐요,38
느껴봐,38
느껴야,38
삼촌한테,38
받았나,38
늦었다,38
가져가도,38
척추에,38
형편이,38
어둠에,38
남자죠,38
어디가는거야,38
몰라서요,38
딸이랑,38
걸립니다,38
남자들과,38
그래봤자,38
없어지는,38
일루,38
도울게요,38
말해줄까,38
금고를,38
목요일에,38
왕실,38
삭제,38
마리의,38
당시엔,38
소개할,38
드는군,38
테이블에서,38
촬영이,38
생겼네요,38
반갑소,38
밖에선,38
끔찍했어,38
조건으로,38
있다는건,38
6명의,38
최근엔,38
어려서,38
백악관,38
있던가,38
관해서는,38
위쪽에,38
눈의,38
말이잖아,38
대단하군,38
어마어마한,38
팀장님,38
망토를,38
노숙자,38
혁명을,38
일으키지,38
몇년간,38
일어나봐,38
함선에,38
헌트는,38
가져오면,38
영향력을,38
마취를,38
버렸다고,38
처녀,38
새겨진,38
새고,38
이놈은,38
국왕,38
대봐,38
살자고,38
싶었습니다,38
이웃을,38
들어갈게요,38
내렸습니다,38
잠들었어,38
블로그,38
챙겨요,38
복장을,38
작아서,38
춤도,38
수영장에서,38
피터는,38
걸면,38
리처드는,38
이야기로,38
새도,38
50년,38
좋겠소,38
좋겠죠,38
쓰인,38
펑,38
서두를,38
아팠어,38
아팠어요,38
아래를,38
도와줬어,38
보관,38
국민을,38
맡기는,38
보내죠,38
순간은,38
미확인범은,38
기대하는,38
중국의,38
혁명의,38
여자애랑,38
강으로,38
아침식사,38
강아지가,38
티가,38
가야겠네요,38
들었지만,38
틀릴,38
잠재력을,38
방향에,38
배급,38
호출하고,38
호출하셨어요,38
센터에서,38
바라오,38
경험에,38
속한,38
심박수가,38
안정적이고,38
존의,38
가는거,38
스팟,38
먹으렴,38
낼게,38
명이야,38
기계에,38
신념이,38
육군,38
서방,38
참이었어,38
도착해,38
조니는,38
짧고,38
수있어,38
앞의,38
낄,38
살이야,38
날의,38
리나,38
룸메이트가,38
바뀌고,38
발전을,38
현실적으로,38
둘러봐,38
스캇은,38
요양원에,38
서른,38
시작되면,38
죽였는데,38
벗어나야,38
출구가,38
루스,38
안녕하신가요,38
기관이,38
연필,38
당신에게는,38
무작정,38
끼치지,38
레이시,38
않았습니까,38
응답,38
내라고,38
대원들이,38
가줘,38
있으니깐,38
하여금,38
집어치우고,38
섹스에,38
연주해,38
물건에,38
다행인,38
부리지,38
감시하는,38
받았던,38
속이지,38
환장하겠네,38
20대,38
함께한,38
겸자,38
사람들이죠,38
바란다면,38
사람만이,38
잃었고,38
할테니,38
말하시오,38
놔주세요,38
열정적인,38
실로,38
터,38
축복이,38
뛰면,38
붙을,38
가져와야,38
생각하시죠,38
생각하시나요,38
흥미롭군요,38
가겠지,38
빼지,38
말하러,38
이상하잖아,38
얻었지,38
결혼해요,38
여러분과,38
같더군요,38
풀지,38
차지하고,38
나빠요,38
기대할,38
발전기가,38
애송이,38
재스퍼,38
터놓고,38
살려야,38
수행할,38
하에,38
교수가,38
너네는,38
질서,38
물러서지,38
지금부터는,38
때려요,38
박사에게,38
재판에,38
빠져나가,38
봤냐,38
주민들은,38
길거리에,38
친절하시네요,38
시내로,38
판다,38
때라고,38
잤니,38
돌려봐,38
반한,38
의학의,38
오늘까지,38
동네를,38
마술을,38
내버려두고,38
트럭에서,38
바이,38
루크야,38
차이,38
성격을,38
자금이,38
10달러,38
날부터,38
매력이,38
웃음이,38
전보다,38
지켜야지,38
쳐다보면,38
대체로,38
여기있네,38
견뎌낼,38
불빛을,38
불빛이,38
둘러보고,38
둘도,38
현재는,38
둘만의,38
조지아,38
독일의,38
이미지,38
속상해,38
힘드네,37
힘들거야,37
성가신,37
받았는지,37
계산을,37
이런짓을,37
닥터를,37
생각하기에,37
배리가,37
배신하고,37
조앤,37
접근을,37
웨딩,37
밴드가,37
해준다고,37
말씀이죠,37
친구처럼,37
모실,37
해결하면,37
도쿄,37
계란을,37
지켜주는,37
여자고,37
나쁜놈,37
젊었을,37
사랑하기,37
스카이를,37
생각났어,37
내거야,37
경험은,37
이상하죠,37
손길이,37
장난감이,37
말씀드리자면,37
말하려던,37
뇌물,37
에드워즈,37
드시고,37
전화나,37
직감이,37
쓰리,37
살아있고,37
과정은,37
너부터,37
기념일,37
중이예요,37
거리야,37
엿같은,37
방도,37
분께서,37
되기도,37
과제를,37
지로,37
열릴,37
열라고,37
진료를,37
준비되어,37
준비해라,37
높습니다,37
욕을,37
그사람은,37
꺼낸,37
꺼내줄게,37
않았군,37
걸릴까요,37
배지,37
데일리,37
가톨릭,37
없지만요,37
수있다,37
태우는,37
건강해,37
벌레를,37
춤은,37
쓰자,37
가려던,37
하세가와,37
퍽,37
쥐를,37
나오네,37
투자를,37
영리하고,37
출혈도,37
추적을,37
거미,37
1년이,37
세포가,37
세포를,37
섹스하고,37
빠르지,37
깼어,37
보이드,37
말겠어,37
심판의,37
심전도,37
꺼져요,37
요원의,37
요리는,37
주십시요,37
그래라,37
기타를,37
경력에,37
살인범을,37
살잖아,37
명확한,37
일본에서,37
일본의,37
말하는거,37
꼬마는,37
나왔네,37
작품이,37
먹었잖아,37
눈빛을,37
일상적인,37
탑승,37
교대,37
안된다구요,37
가져왔는데,37
정상이에요,37
되찾기,37
남동생,37
남들,37
심했어,37
서로에,37
딸인,37
반대편,37
피야,37
마치면,37
아는거,37
않으시면,37
집입니다,37
생물학,37
외과의,37
일기,37
사도,37
척하고,37
내부에서,37
말했고,37
제안하는,37
아이다,37
릴리의,37
릴리한테,37
첫눈에,37
끝내주네요,37
도로가,37
기사에,37
뵐,37
아닌게,37
겨울을,37
나야말로,37
한장,37
순찰,37
범행,37
마리를,37
마리나,37
쥬디,37
말론,37
도구가,37
악어,37
진정제,37
서게,37
의사고,37
데려다줄게,37
지팡이,37
카푸치노,37
재고,37
그것과,37
길버트,37
마차를,37
처치,37
보냈고,37
로그,37
고기가,37
유럽에,37
쿠보,37
데려갈게,37
대단하다고,37
취했어요,37
공유할,37
경비대,37
거기야,37
링,37
넘,37
첫째로,37
우선은,37
좋아했는데,37
않다고요,37
쓴다,37
9일,37
예의가,37
상관없지,37
나와봐,37
발견했는데,37
처치를,37
인터뷰는,37
비우고,37
표적,37
선수들은,37
힐러리,37
마시라고,37
인간도,37
부정,37
집합,37
남편에,37
혼,37
가니까,37
했다구,37
사람이오,37
만족할,37
중심을,37
확인하려고,37
펜실베니아,37
뜻이오,37
제이는,37
없답니다,37
수녀가,37
오늘따라,37
경의,37
인근,37
트럭은,37
게으른,37
먹는다고,37
죽인거야,37
알았냐,37
제임스는,37
복수의,37
탈출을,37
이해하게,37
니미,37
말해주렴,37
라그나의,37
알아야해,37
특별하게,37
나왔으니,37
상처받은,37
떨어지라고,37
사이즈,37
자랐어,37
모르는구나,37
썼다,37
죽지는,37
훔치려고,37
진정들,37
끝나기,37
같으세요,37
나는군,37
있다는거,37
가지로,37
넘기지,37
통증은,37
역대,37
계십시오,37
계신데,37
클램프를,37
식당을,37
파티야,37
만두,37
지난이야기,37
부작용이,37
봐야겠다,37
집어넣어,37
있어야만,37
이나,37
키도,37
받을게,37
상황에서도,37
가잖아,37
하필이면,37
저녁식사에,37
해안에,37
우현,37
고든이,37
덩어리,37
하는건지,37
거울이,37
아버님의,37
쇼에서,37
테이블을,37
걔들을,37
쓰레기가,37
여친이,37
위조,37
저놈들,37
행사할,37
만들려면,37
맹세,37
보이겠지만,37
졸라를,37
말하는걸,37
도와서,37
계시나요,37
통과할,37
나뭇잎,37
나란,37
와이어트,37
이랑,37
귀여워요,37
끊었어,37
모스크바,37
근방에,37
필요하거든요,37
얇은,37
발표할,37
정리를,37
차량이,37
있었는지도,37
현명하게,37
글로리아는,37
필요하다고요,37
아래쪽,37
극히,37
갔었죠,37
낫겠어요,37
들여보내줘,37
황당한,37
조건은,37
환자분을,37
라이온의,37
타이렐,37
이정도면,37
머물고,37
뿐이잖아요,37
진저,37
알리바이가,37
잡게,37
와플,37
이들과,37
도주,37
3학년,37
호텔은,37
배야,37
구해줬어,37
파일이,37
저녁이,37
학생들을,37
선택에,37
콜라,37
세계적인,37
하십니까,37
뿐이었어,37
차량에,37
믿은,37
가죽을,37
말아야지,37
주나,37
깊숙히,37
위치한,37
손상된,37
모리사키,37
오시오,37
오웬을,37
오웬스,37
내려가고,37
특별하지,37
뿐이었어요,37
저어,37
빈센트가,37
로맨틱하게,37
후나코츠,37
100달러,37
변형,37
힘들지만,37
저사람,37
평가,37
꿈속에서,37
조종하고,37
이리줘,37
슈퍼히어로,37
기대가,37
자라면,37
어떠셔,37
올라가지,37
가기전에,37
별명,37
성냥,37
대할,37
죽이겠다고,37
써야지,37
그레이의,37
이상하군,37
박사입니다,37
아픔을,37
모양을,37
기회예요,37
책임감,37
걸렸죠,37
끊겼어요,37
시작에,37
찾아줘,37
찾았군,37
말장난,37
필요해서요,37
하셨을,37
퍼스트,37
애들처럼,37
팔아야,37
스튜디오에,37
천장에,37
되면서,37
축구를,37
과학적인,37
살렸어,37
과학자들은,37
품에서,37
괜찮대요,37
줄이고,37
줄여서,37
견디지,37
만나길,37
해야한다고,37
변명은,37
파블로를,37
섬으로,37
까,37
나빠지고,37
토마토,37
설명할게,37
있을테니,37
줄만,37
워커들을,36
눈빛이,36
시원한,36
일부야,36
삶도,36
말하곤,36
삼,36
권,36
점잖은,36
루이스가,36
타겟,36
찾아내면,36
같다고요,36
웃기네요,36
안되나요,36
죄수를,36
설정,36
찾습니다,36
시체로,36
불법적인,36
본의,36
권력,36
제목이,36
길어요,36
지내야,36
슬프게,36
일어나라고,36
의원이,36
뵙고,36
싶은대로,36
확인했다,36
뉴스가,36
벗는,36
탓,36
혼란,36
문열어,36
부탁하네,36
아직이요,36
혈관에,36
설명해줄게,36
원했지,36
지식,36
뽑는,36
뻔했잖아,36
뻔했지,36
것에서,36
필요하대,36
뽑고,36
누릴,36
언론이,36
죽으라고,36
시합에서,36
맡아줘,36
죽였다는,36
영주님,36
빨려,36
담은,36
가수가,36
해병대,36
도르사,36
도로에,36
쯤이면,36
페니가,36
건너는,36
줘버릴까,36
급해요,36
수염이,36
들렀어요,36
계약서에,36
카톨릭,36
달아날,36
소리냐,36
바빠서요,36
만족해요,36
쏴야,36
기대했던,36
사부님이,36
범위,36
겪을,36
하는가,36
그렇지는,36
아마라를,36
잡지를,36
색을,36
플레이,36
필요하세요,36
지켜줄게,36
레베카는,36
베일리한테,36
크리스토프,36
피우지,36
전통적인,36
평화와,36
샀는데,36
삽니다,36
암호는,36
바보라고,36
의미에서,36
천둥,36
모니터링,36
인질을,36
경보가,36
잠수함이,36
짱,36
챈드라,36
알아내고,36
머서,36
대전,36
성장,36
불륜,36
쳤어요,36
둘에게,36
약속할,36
둬야,36
로맨스,36
있을테니까,36
상관없다,36
누구신가,36
수작,36
당당히,36
답장을,36
요구,36
의문이,36
마법사의,36
보드,36
살아있다면,36
제공할,36
끼어들지,36
지하실,36
어쩔거야,36
일이네요,36
살아있을,36
맞추는,36
판단할,36
브랜디,36
소개시켜,36
아프진,36
15살,36
체포된,36
약혼,36
괴로운,36
할거요,36
할거지,36
그래그래,36
중독자,36
아프세요,36
잠수함을,36
40분,36
봤으니까,36
붙들어줘,36
끝났소,36
겠네,36
기업,36
한복판에,36
교신,36
생겼나,36
왕위를,36
카이사르가,36
왔을까,36
재밌는데,36
함께하지,36
습격,36
들리는가,36
달러는,36
왕국에,36
하기를,36
말했었죠,36
예전보다,36
저만의,36
있은,36
안나야,36
르,36
올라갑니다,36
들어왔지,36
증인,36
손님의,36
멋질,36
속에서도,36
물러나요,36
에드먼즈,36
셰익스피어,36
형편없어,36
형태로,36
4번째,36
그랬거든,36
허가한다,36
뮤지컬,36
들으면서,36
루퍼스,36
브루클린,36
참겠어,36
말들은,36
달러에,36
맹세할게,36
맹세하는데,36
빼내야,36
심장으로,36
되는구나,36
거라니까,36
맹세컨데,36
졸업생,36
해보시지,36
감싸고,36
찾죠,36
전달할,36
절친한,36
뼈에,36
2월,36
약하고,36
토스트,36
봉쇄해,36
굴면,36
접근하지,36
둘러싼,36
중국에서,36
둘이나,36
결과로,36
사실이라고,36
방식에,36
부츠,36
멀고,36
너만이,36
일했어,36
태워서,36
허락할,36
제외하고는,36
알았겠어,36
반란을,36
해주시죠,36
않거나,36
해주죠,36
무덤에서,36
전설의,36
휘트니,36
모을,36
이내,36
탄약,36
동맹이,36
왔었는데,36
달랐어,36
미주리,36
이기게,36
데일,36
읽어봤어요,36
창녀가,36
참조하십시오,36
트루디,36
어디든지,36
열쇠야,36
나가줘,36
허가가,36
겁쟁이야,36
모르거든,36
치과,36
그룹이,36
고객님,36
대게,36
지지를,36
그애는,36
준비나,36
버키,36
그애를,36
고인의,36
지적이야,36
드리면,36
에반스,36
나란히,36
해군이,36
했잖소,36
메리는,36
다르다,36
올라프,36
꿈만,36
경찰서에서,36
타운,36
치프의,36
터지는,36
만해,36
할일,36
으응,36
섹시하게,36
완성,36
용서해줘,36
14살,36
가령,36
가려고요,36
당했지,36
연습할,36
헤이글,36
무엇이든지,36
폭행,36
동기를,36
버릇,36
멋있다,36
넘으면,36
휴대전화,36
따라갈게,36
접촉을,36
광산을,36
싶겠지,36
자신한테,36
임자,36
농장에,36
스토커,36
너였어,36
임상실험,36
형제들을,36
밤이면,36
서있어,36
터커가,36
난들,36
된건지,36
주름,36
저희와,36
죽었다고요,36
맡을게요,36
3천,36
낫군,36
그렇단,36
유죄를,36
시리아,36
전화하라고,36
발목이,36
궁금하네요,36
전설에,36
나왔을,36
호수에서,36
계산해,36
와아,36
상처에,36
사격을,36
내보내요,36
있었대요,36
운명이야,36
주위,36
여자였어,36
못하네,36
람,36
대원들을,36
특별해,36
이용하면,36
경찰에서,36
뿐이라고요,36
내려가요,36
조지에게,36
하겠니,36
다뤄,36
피켄스,36
마크와,36
벤이,36
확인하기,36
알고있어요,36
밤낮,36
하나님을,36
흘렸어,36
될거요,36
유산,36
우리들이,36
범행을,36
조건,36
불꽃,36
사람한테는,36
발사해,36
다르네,36
이웃들이,36
싶었거든요,36
알아듣겠어,36
플린,36
주입해,36
뭐든지요,36
무섭다고,36
좋아하실,36
테다,36
타자,36
경쟁,36
타입은,36
키아누,36
라그나가,36
라고요,36
라디오에서,36
띄는,36
직접적으로,36
라니스터가,36
딥,36
빚은,36
대대로,36
남들과,36
감으면,36
가정부가,36
행사에,36
주문한,36
생각하지마,36
얻을수,36
얼굴에서,36
기반으로,36
노출이,36
있어줘서,36
여튼,36
우측으로,36
보상,36
좌석,36
바닐라,36
있듯이,36
거울에,36
떠야,36
날이다,36
신문에서,36
신뢰,36
해봤지만,36
관련한,36
우리같은,36
모텔,36
사진이나,36
사줄게,36
보관하고,36
보내진,36
조각들을,36
걱정말아요,36
우주선의,36
하트,36
자르는,36
세면,36
낮음,36
물으면,36
물었어요,36
진을,36
기억난다,36
이지에게,36
마약에,36
항구에,36
결정하지,36
양식을,36
싸지,36
집에만,36
확신하는,36
21일,36
이런다고,36
시도할,36
받으며,36
국민,36
긁힌,36
선생님들이,36
찾아야만,36
사장님은,36
신이여,36
신에,36
신용,36
윗층으로,36
콜롬비아에서,36
데려가게,36
무사해서,36
우정이,36
들어갈게,36
사건들을,36
없겠어,36
부릴,36
조직은,36
계산이,36
트리플,36
있던거야,36
배신,36
찾아보라고,36
학교의,36
협박,36
자려고,36
가진게,36
떨어진다,36
해줄수,36
드레,36
양육권을,36
깨끗하고,36
사제,36
환자에요,36
알렉스의,36
히틀러를,36
그러더라,36
경찰관,36
옮겨요,36
지역이,36
코리,36
죗값을,36
사막의,36
이상하긴,36
성격,36
생각대로,36
사무실은,36
조약을,36
속임수를,36
알려고,36
다음번,36
알려줄까,36
알려지지,36
알려줬어,36
변해,36
찾기가,36
부분도,36
워싱튼,35
묘지,35
구해서,35
안협네,35
비켜라,35
워킹데드,35
활동이,35
성령의,35
생각나요,35
말씀이시죠,35
삶이야,35
한명씩,35
충분합니다,35
영희야,35
걸어야,35
아빠예요,35
일시적으로,35
창문은,35
주에서,35
남자에요,35
시야에,35
종교가,35
그걸로는,35
별말씀을요,35
경력,35
누난,35
부탁할게요,35
부탁한다,35
엔진은,35
6분,35
녹화,35
에휴,35
역에,35
그런일은,35
사이트,35
믿어져,35
넘어가지,35
최고였어,35
사이에요,35
외계인의,35
크죠,35
투여하고,35
주말엔,35
좋을것,35
고양이도,35
꾸준히,35
가냐,35
솜씨,35
세상에는,35
선수는,35
지뢰를,35
숨지,35
할머니의,35
있는건지,35
숨쉬는,35
상황에서는,35
좋을거에요,35
윅,35
히틀러가,35
경련이,35
소리나,35
동의하는,35
주었지,35
전하께서,35
했길래,35
왕창,35
잡았다고,35
그러겠어,35
영웅은,35
누나한테,35
벌벌,35
잡아봐,35
시애틀로,35
한것,35
스노우가,35
타냐,35
시끄러워요,35
간격으로,35
엄말,35
아니었네,35
녀석한테,35
줄테니,35
아차,35
혼란스럽게,35
사니까,35
로버,35
설명할게요,35
움직이기,35
의학적인,35
하워드는,35
집에가서,35
망설이지,35
유니폼을,35
믿거나,35
비난하는,35
때랑,35
져야,35
펭귄,35
치아,35
기쁘네,35
가네요,35
2주간,35
협조해,35
내려온,35
물건도,35
압니다만,35
잔혹한,35
예상했던,35
쥐는,35
줬을,35
희미한,35
쓰지마,35
값이,35
심장마비가,35
지냈니,35
했다간,35
않을래요,35
부두,35
자르면,35
얘기했지,35
화성에서,35
증상은,35
장교,35
써서라도,35
말걸,35
많이들,35
만이,35
하킴을,35
자리도,35
자말은,35
드라이,35
창고를,35
앰뷸런스,35
굽고,35
분자,35
확인한,35
찾아야겠어,35
머리속에,35
명절,35
이식할,35
일련의,35
돌고래,35
행방불명,35
글래스,35
합법적으로,35
뉴욕은,35
확보하고,35
놀랐잖아,35
못가요,35
분이세요,35
십자가에,35
우리보고,35
스콧이,35
아이비스,35
창조주께서,35
구만,35
양반은,35
오빠의,35
의미하지,35
과거와,35
끝이라고,35
그중에,35
마찬가지고요,35
묶고,35
화장실은,35
클래식,35
계약서,35
과부,35
먹을거야,35
형제야,35
캐롤이,35
군복을,35
인해서,35
생존을,35
서고,35
도나텔로,35
낭비하는,35
벌거벗은,35
잘생기고,35
쟬,35
학위를,35
맥도날드,35
매트리스,35
최악은,35
건드렸어,35
에이브리,35
에이미의,35
직접적인,35
유니폼,35
1마일,35
사진들을,35
있잖습니까,35
토리,35
예외는,35
충실한,35
움직이지도,35
조사에,35
월터는,35
약속해줘요,35
않으면요,35
봤으니,35
설득해,35
설교를,35
해야겠죠,35
있지만요,35
더이상의,35
진통이,35
레이가,35
베를린에,35
이러는지,35
생각한다고,35
퀼프,35
케이시가,35
불과해요,35
피곤하고,35
곰을,35
중에서도,35
났는지,35
지금은요,35
그레이와,35
말씀드리는,35
않겠습니까,35
노출,35
하군,35
찾았지만,35
훌륭했어요,35
어두워,35
당신과는,35
한명도,35
가혹한,35
예정,35
동성,35
신고가,35
신경쓰고,35
왕국이,35
끝났으면,35
지하에서,35
출발해요,35
당시에는,35
1학년,35
아빨,35
계셨군요,35
조작,35
같은거요,35
무슨말을,35
신체적,35
편할,35
알렉스한테,35
순전히,35
에이제이,35
갔다올게,35
퀸이,35
벡스,35
침입한,35
머무는,35
조종사가,35
케이시를,35
4개,35
궤도에,35
알았어야,35
한방에,35
천박한,35
제거를,35
괜찮은가,35
구려,35
박사님을,35
규율을,35
조정,35
동생이랑,35
기다리며,35
노려,35
체리,35
자넷이,35
도끼를,35
도가,35
괜찮다고요,35
양심이,35
생각합니까,35
그랬냐,35
수고하세요,35
가는군,35
전송할,35
가봐야겠네요,35
나을거야,35
양파,35
안드레아,35
헬로,35
해산,35
입어도,35
불평,35
1년을,35
불알을,35
불안하게,35
심해지고,35
데려오는,35
마리화나,35
없애려고,35
목소리도,35
취소하고,35
미워하는,35
북쪽에,35
분노는,35
화물,35
보겔,35
팁을,35
이곳엔,35
큰일이야,35
곡은,35
뎀시,35
얘기하자면,35
얘기하세요,35
혜린아,35
비밀번호를,35
그렇다네,35
베개,35
오래는,35
플래그,35
집이라고,35
시켜야,35
훈련이,35
가족으로,35
연료는,35
미합중국,35
호수가,35
호소하고,35
알려드립니다,35
케네디,35
어렵지만,35
오하이오,35
통화가,35
싸웠고,35
매독,35
조명을,35
물러서세요,35
손님들,35
판단이,35
뻥,35
하진스가,35
하지만요,35
속삭이는,35
죽을지,35
사랑하잖아,35
떠올라,35
협상이,35
학부모,35
따라다니는,35
접시를,35
간밤에,35
휴지,35
스케줄이,35
빛과,35
3층,35
하던지,35
났고,35
안쪽으로,35
실린,35
틀렸다면,35
알잖소,35
상대하는,35
뭔짓을,35
않았으니,35
당신이군요,35
회복을,35
퍼시,35
틈을,35
동물들은,35
인정을,35
당신한테는,35
흙,35
남에게,35
센서,35
카렙,35
골라봐,35
이라크에,35
농담해,35
기껏해야,35
생각했거든요,35
대가는,35
농담한,35
닫아요,35
이득을,35
키루밍을,35
도우려,35
달랑,35
깃발,35
자신들을,35
철도,35
1급,35
메디,35
여유,35
어쩌겠어요,35
착하다,35
스트라이크,35
스튜디오에서,35
캔자스,35
복부가,35
제외한,35
페이지를,35
펜을,35
포프,35
풀어서,35
분명하지,35
악몽이,35
읽어요,35
문제인,35
베인,35
같잖아요,35
메러디스에게,35
이었어요,35
물었다,35
다른사람이,35
이야기만,35
뭐하는지,35
계속하게,35
이반,35
가여운,35
다하는,35
산의,35
기회에요,35
상에,35
카드에,35
괜찮게,35
오전에,35
오일,35
걸렸다,35
전염병이,35
이와,35
이왕,35
블레어,35
보여주게,35
광장,35
사요,35
결말이,35
백화점,35
고상한,35
않았고요,35
은하의,35
딸린,35
파크,35
들어가려고,35
경을,35
보트로,35
그로,35
배지를,35
공연은,35
상상조차,35
없는거죠,35
수단이,35
찾을게,35
랭던,35
적들을,35
렌,35
황제가,35
존경을,35
트레일러에,35
없더라고,35
열렸어,35
잃기,35
되셨나요,35
살려면,35
진실이야,35
즐기세요,35
재즈,35
나가야지,35
정하는,35
분명하게,35
되라고,35
사용된,35
정도로요,35
자궁을,35
원주민,35
켜면,35
활동은,35
알아볼게,35
감시할,35
같았거든,35
찍어서,35
멍,35
기쁘지,35
버렸죠,35
돌아서서,35
싫어해서,35
조심하게,35
꿈일,35
필요하시면,35
끝입니다,35
제네바,35
폭발로,35
없을거라고,35
투어를,35
티셔츠,35
영장이,35
차와,35
주는거야,35
사모님이,35
까요,35
녀석에게,35
화나,35
그레이스의,35
온전한,35
온지,35
행동도,35
싶어하죠,34
아기들을,34
주민들이,34
가까스로,34
보트에서,34
보호가,34
견인기,34
까놓고,34
패들,34
원한을,34
안되니까,34
버스에서,34
차우,34
본인을,34
설치해,34
떠나길,34
시야에서,34
찌른,34
일손이,34
돼지가,34
끝도,34
네에,34
환자로,34
네덜란드,34
체크하고,34
가문에,34
대피,34
원했다,34
체포합니다,34
원하잖아,34
제국이,34
했는데도,34
왜인지,34
질문할,34
전쯤,34
드라이브를,34
정도죠,34
역으로,34
감기에,34
들어가시죠,34
유감스럽지만,34
병실에,34
생각하길,34
없긴,34
들어갔습니다,34
끝내주는데,34
엘레나,34
다녔죠,34
해결을,34
깨닫고,34
백성을,34
유감이구나,34
놀게,34
따고,34
공화국,34
태도는,34
예쁘구나,34
의자에서,34
영웅의,34
도망가야,34
의사잖아,34
있는건가요,34
쉬었다,34
손실을,34
치프를,34
이야기에,34
곳마다,34
주도권을,34
에스코바르를,34
스텔라가,34
모셔다,34
연습하고,34
5년간,34
방안에,34
상에서,34
생각지도,34
아이에,34
결론이,34
위원회가,34
이었어,34
화이팅,34
여인의,34
여인이,34
해주시겠어요,34
초점을,34
모이라,34
1차,34
바래야지,34
바랐어,34
교환,34
인물을,34
훔쳤다고,34
않았다고요,34
실례했습니다,34
입니까,34
섹스할,34
데스몬드,34
프랑스의,34
모험,34
몸속에,34
펭,34
뭔지를,34
주님께,34
뱅크스,34
반사,34
되오,34
터졌어,34
소식이네요,34
달라서,34
입력,34
안할게,34
안하셔도,34
볼튼,34
웬일이세요,34
밴드에,34
인원,34
뜻인데,34
열었어요,34
에레트리아,34
깼어요,34
풀리지,34
도울게,34
말하는거에요,34
오잖아,34
현장으로,34
로비에서,34
따라가지,34
선택했어요,34
접어,34
벌이,34
벌이고,34
아이스크림을,34
맞기,34
접촉한,34
밖이,34
씨한테,34
증명하기,34
창피해,34
휴대폰이,34
기독교,34
여겨,34
체스를,34
남편하고,34
거즈,34
찔렀어,34
그럴리가요,34
뜻밖의,34
말하니까,34
인력이,34
그날밤,34
보냈잖아,34
어쨌는데,34
3번째,34
훔쳐간,34
천재적인,34
일하잖아,34
반갑군요,34
빼놓고,34
순간들이,34
궁금한데,34
좋아하는거,34
집이요,34
유치원,34
깨지,34
용의자로,34
죽었나,34
자원이,34
캠의,34
무자비한,34
캐스퍼,34
파도,34
광경을,34
여자죠,34
세계적으로,34
전문가는,34
오토,34
가까워지고,34
싫단,34
싫거든요,34
알아들었어요,34
증인을,34
엿먹어,34
마련이죠,34
않고는,34
위치에서,34
꼴은,34
착륙한,34
무대로,34
위반,34
위로가,34
턱을,34
털어,34
세트가,34
이해해야,34
진행하는,34
걷기,34
사항을,34
전이,34
예측할,34
달러요,34
가신,34
응답해,34
순서대로,34
기대는,34
테디를,34
입었던,34
에드가,34
이겼다고,34
생겼구나,34
집이죠,34
미안한,34
방귀,34
북부를,34
시키지,34
추기경,34
되지는,34
연속으로,34
개의치,34
씨입니다,34
차의,34
신경과,34
필립스,34
것이든,34
소아외과,34
보려고요,34
지혜를,34
연락처를,34
안색이,34
마셔라,34
말했니,34
차례가,34
닉의,34
부인께,34
경쟁이,34
단번에,34
짝,34
조지한테,34
시기,34
그런말을,34
물론이야,34
내다,34
배나,34
부모님들이,34
붙어있어,34
자크,34
뵌,34
저러고,34
기억하기,34
초대하고,34
내사랑,34
잘랐어,34
쥐뿔도,34
자녀,34
중력은,34
곰이,34
칠면조를,34
단백질,34
병으로,34
브랜치,34
자들에게,34
자동차를,34
년이나,34
보상이,34
근접,34
다르고,34
싶었고,34
환자들의,34
할만큼,34
올렸어요,34
피곤한,34
언덕에서,34
화도,34
도스,34
훗날,34
보여줬어요,34
사랑스러워,34
무릎이,34
봐달라고,34
부탁이니,34
그레첸,34
필요없는,34
구원자가,34
일이니까요,34
살아있다,34
당신만큼,34
장소야,34
알러지가,34
골절을,34
독성,34
치료하는,34
인터넷이,34
모건은,34
고치려고,34
도난당한,34
사람이지만,34
직후에,34
자살할,34
오류,34
구출,34
감자를,34
대단하지,34
정신병,34
삽관을,34
미국인들은,34
가져갈게,34
있길래,34
생각하잖아,34
침입해서,34
지나가게,34
생각하며,34
팔코니,34
팔찌를,34
설득해서,34
여느,34
로봇이,34
불리하게,34
발톱,34
출입금지,34
우베,34
신발도,34
강아지를,34
놀래,34
연구하고,34
정신에,34
얘기지만,34
외상을,34
3만,34
홈,34
따라가는,34
어려움을,34
대부분을,34
좋을까요,34
협박하는,34
선상님,34
의사들도,34
아델은,34
개소리야,34
떠납니다,34
오마,34
보낸다,34
타이그리스,34
메세지가,34
찰리는,34
살아있지,34
페레라,34
뜨거,34
일라이,34
그거죠,34
도서관에서,34
엉망인,34
덮고,34
파이프가,34
보기에는,34
그러는거,34
국립,34
관제탑,34
돌아갈거야,34
것이기,34
베카,34
레오,34
경기에,34
냉동,34
슬론의,34
만드는지,34
정부와,34
차고에서,34
타겟을,34
꼬리가,34
집처럼,34
그것때문에,34
괜찮습니까,34
책의,34
시내에서,34
어기고,34
시기를,34
하겠네요,34
내장이,34
암으로,34
제목은,34
올라가야,34
오페라,34
오호,34
총통,34
올지,34
죽을래,34
유골을,34
관이,34
차차,34
차지할,34
될게,34
환각을,34
수술의,34
동의서에,34
내일을,34
툭,34
틀리지,34
구하게,34
시작할거야,34
소년의,34
빨리도,34
빨랑,34
도망치게,34
사다리,34
급격히,34
릭이,34
아파트가,34
싶으니까,34
참여하지,34
이거예요,34
알겠군요,34
활주로에,34
보고싶어요,34
의식은,34
그렇게도,34
의회에,34
왕좌의,34
도박,34
도망을,34
일어설,34
춥지,34
일어난거야,34
주엔,34
한걸,34
호스트,34
뿌려,34
뽑을,34
어쩌라는,34
작지만,34
영역을,34
했는지도,34
달링,34
앉거라,34
벨은,34
자네들의,34
돌려줄,34
얭이,34
지시에,34
돼지야,34
될까봐,34
알아채지,34
금발에,34
연구는,34
받았네,34
볼때,34
기댈,34
닮아서,34
성공이야,34
물어보게,34
거시기가,34
조용하게,34
비키세요,34
날씨에,34
원하게,34
짜샤,34
눈만,34
헛간에,34
고해성사를,34
고향은,34
충분하다고,34
탑,34
그만두는,34
다음이,34
자격으로,34
장애인,34
남편분은,34
탓으로,34
부탁했어,34
빨강,34
녀석과,34
프로그램에서,34
하나라고,34
사이에는,34
엔지니어,34
엘라,34
야이,34
통제를,34
윈터스,34
청혼을,34
뭐하나,34
러시아의,34
배짱,34
지점으로,34
공연에,34
잘못됐어요,34
늦겠어,34
파괴하는,34
당장이라도,34
잃어버렸어요,34
빼면요,34
알았거든요,34
재활,34
먹겠습니다,34
없는것,34
들립니까,34
나가야해,34
찍어요,34
애와,34
트레이너,34
소비에트,34
도와준다고,34
하니깐,34
당했고,34
힘듭니다,34
고장났어,34
피아노를,34
통로가,34
정도밖에,34
망치게,34
사와,34
어여쁜,34
저분,33
어떤걸,33
날씨는,33
건설,33
따르라,33
같다니까,33
저지를,33
오해하지,33
경험도,33
끄라고,33
굴러,33
표시가,33
월급을,33
내꺼,33
타격을,33
그런다,33
쐬고,33
아저씨들,33
벨을,33
질병,33
아들들을,33
일어난다,33
충돌이,33
몇명이나,33
국가가,33
사라졌고,33
슬쩍,33
먹었죠,33
끝내줘요,33
극단적인,33
8일,33
일생,33
때지,33
영주가,33
흥분,33
얼빠진,33
책이야,33
괜찮은가요,33
괜찮으니,33
자거라,33
잊었나,33
잊혀진,33
이상이야,33
해결할게,33
아무한테나,33
흥미롭군,33
5살,33
혐의가,33
1분만,33
앉으라고,33
여기와,33
누워있는,33
땅돼지,33
파편이,33
시원하게,33
어쩌라고요,33
가둘,33
찾은거,33
찾았잖아,33
한건데,33
작품에,33
만남을,33
했냐고,33
일병,33
방법이라고,33
생일은,33
고통받는,33
외과의사,33
아냐고,33
카트,33
소리네,33
거짓말에,33
출신이,33
듣는데,33
척추가,33
수술실은,33
내일의,33
바쁠,33
내의,33
일루와,33
부풀어,33
환상의,33
수용소,33
보여줄게요,33
장의,33
가슴도,33
가슴으로,33
탕,33
영하,33
했겠어요,33
해보려고,33
외곽에,33
칼리가,33
여부를,33
조선,33
움직여서,33
성질을,33
생각이네요,33
조이스,33
호출한,33
체코프,33
직원을,33
떠올려봐,33
먹이,33
됐을까,33
군대도,33
몰랐고,33
예쁘죠,33
동이,33
예수가,33
제안할,33
고치면,33
런던을,33
가다,33
예수님의,33
스피드,33
올겁니다,33
생각이죠,33
지겨운,33
말해볼래,33
손대면,33
손대지마,33
알아내기,33
어떠신가요,33
시집,33
빅터를,33
망했다,33
바뀌면,33
확실한건,33
못하니,33
소피아를,33
모이는,33
전망이,33
전방에,33
뽀뽀,33
울리고,33
비교해,33
받을수,33
전염병,33
믿지만,33
노력해야,33
여왕님이,33
텔레포트,33
두통,33
병사가,33
되겠다고,33
크리스티나한테,33
크리스티앙,33
의뢰인은,33
허리가,33
가져갈게요,33
재밌다,33
8시간,33
찍으면,33
궁금했어요,33
탐정단,33
인터넷으로,33
해변을,33
거짓말로,33
뜨게,33
인질들을,33
거실에서,33
포함,33
사온,33
밀실,33
결론,33
쉴드의,33
생각조차,33
했을텐데,33
오진,33
약속도,33
나만이,33
해내고,33
딱딱한,33
케이스에서,33
그만좀,33
지배하는,33
주님은,33
죽어가요,33
안달이,33
보이니까,33
않았을까요,33
레오나르도,33
브라질,33
맞추고,33
파티도,33
비둘기,33
죽은지,33
묵비권을,33
쌓여,33
재미있어요,33
샤히다,33
젖,33
기증자를,33
규정에,33
꿈꾸던,33
중력의,33
겪었던,33
넘쳐,33
멈춰서,33
17살,33
다루지,33
안젤로,33
갈고,33
대우를,33
저것들은,33
조조,33
알려주려고,33
두려웠어요,33
주워,33
현금이,33
초자연적,33
노엄,33
낚시를,33
전과가,33
난거야,33
비범한,33
살아난,33
쫓을,33
프레데릭,33
방사성,33
9개월,33
겠군,33
먹자고,33
보고할,33
부친은,33
23일,33
해본적,33
뛰어내려,33
팬티를,33
거를,33
응급실을,33
요원들을,33
겨,33
승남아,33
처벌,33
캐릭터,33
가실까요,33
쥐새끼,33
함대를,33
가져와라,33
택한,33
미워하지,33
북한,33
새끼들은,33
개새끼들,33
필요하니,33
마이애미에,33
아마라가,33
운전은,33
정도에,33
흉부에,33
부숴,33
부서에서,33
공격했어,33
저는요,33
시체도,33
구할수,33
떠들어,33
아침에도,33
불러봐,33
믿었지,33
위험하다는,33
덩치가,33
우츠미,33
로라를,33
봉투,33
빌고,33
헤어졌어,33
정의는,33
정치적인,33
장비는,33
납니다,33
지휘관,33
인정하고,33
바우어,33
국장이,33
취향은,33
맡아요,33
가자니까,33
없겠다,33
할수있는,33
여정이,33
팍,33
머지,33
내려고,33
시켜요,33
써니,33
있던데요,33
있던가요,33
비워,33
역에서,33
안드레는,33
루시어스를,33
떨어졌다,33
야수를,33
야외,33
돌아갔어요,33
학기,33
조카를,33
경찰들,33
오셨습니까,33
물체가,33
라이온이,33
컸네,33
콜슨은,33
백신,33
어제도,33
어제밤에,33
검은색,33
빠져나가지,33
뜻인가,33
신들께서,33
계획이에요,33
꽃은,33
참인데,33
상대의,33
취하게,33
좋겠니,33
요소가,33
전달해,33
부르라고,33
자부심을,33
엑스,33
사인해,33
사인이,33
닥,33
막대기를,33
대런,33
것들이죠,33
시간이라고,33
처리할게요,33
믿는다면,33
메이저,33
결정하게,33
미쳐서,33
크기를,33
가봤어,33
그날은,33
그까짓,33
안경이,33
과학적,33
애에게,33
애라고,33
뭐하려고,33
아브라함,33
존재할,33
레너드가,33
도운,33
끝내기,33
제약,33
알았겠어요,33
증거로,33
하시는군요,33
중앙에,33
반지는,33
빌어먹게,33
무사,33
대령은,33
관상동맥,33
감,33
중심,33
아나토미,33
시로,33
시동을,33
보내주면,33
아미르,33
살길,33
아프네,33
릭은,33
풀어주고,33
알기로는,33
씨도,33
강해요,33
인간적인,33
그러시는,33
없든,33
않는거죠,33
포인트,33
양손으로,33
찾아야죠,33
저쪽은,33
돌아와야,33
숨겨둔,33
가졌을,33
연기하는,33
소용이야,33
알러지,33
해치,33
우리에게는,33
숨겨야,33
놀면,33
최우선,33
키스한,33
골절이,33
장님,33
1등,33
한거예요,33
진심은,33
죽일거에요,33
상태의,33
첫날에,33
컨트롤,33
시작이네,33
궁금할,33
하셨다,33
치러야,33
지도요,33
그아갤,33
기록하고,33
동력이,33
내봐,33
배웠죠,33
장담,33
알길,33
탁자,33
동공이,33
ㅋㅋㅋ,33
부위가,33
부위에,33
실패했어요,33
구경도,33
아침이면,33
보았습니다,33
좋아하잖아요,33
고객들이,33
된대요,33
놈이죠,33
사태가,33
결혼생활을,33
갖춰,33
선과,33
선고를,33
입장,33
대가리,33
섹시하고,33
법이다,33
들어가라,33
근본적으로,33
황제의,33
쏘려고,33
주러,33
어여,33
재수가,33
3명이,33
숙청,33
너머의,33
에이즈,33
기존의,33
기절할,33
지혜의,33
기억해둬,33
식탁,33
주택,33
호모,33
가는걸,33
발명한,33
나갑시다,33
안보여요,33
판에,33
커크가,33
세팅,33
나에게는,33
착오가,33
전화하면,33
방어를,33
50달러,33
에이든,33
가져가게,33
제퍼슨,33
안전장치,33
가십시오,33
이도,33
핫,33
가져가려고,33
중이잖아요,33
되었으면,33
어머님의,33
골라요,33
그랬어야,33
죽다니,33
선거에,33
크기가,33
오랜만이다,33
뭐를요,33
이후엔,33
정상에,33
난리를,33
버려라,33
쟤네가,33
철저하게,33
유치한,33
유코,33
아기야,33
온도가,33
이사회에서,33
물속에,33
뒤에요,33
바꾸자,33
진행하고,33
긴장돼,33
온라인에,33
성문을,33
죄수가,33
차원으로,33
차요,33
맞는거,33
절제술,33
파스타,33
찾아내야,33
비행은,33
피하지,33
따라오는,33
성벽,33
해왔던,33
원래부터,33
빨갱이,33
수술하러,33
수술후,33
켜봐,33
힙합,33
워싱턴으로,33
성구야,33
못했잖아,33
그만두게,33
고맙지,33
해주겠어,33
자궁이,33
자네에,33
사려,33
지상에,33
코로,33
비키라고,32
대표해서,32
자국을,32
가만두지,32
짐작,32
변호사와,32
지었어,32
안했잖아,32
켜져,32
못했을거야,32
워프,32
막은,32
그겁니다,32
헛간,32
수술한,32
그만두면,32
아니어도,32
친다,32
다운로드,32
돌봐주고,32
라임,32
지켜주지,32
돼도,32
돼가고,32
영향력,32
톰의,32
아줌마는,32
사랑했고,32
혐의,32
앉으면,32
로버츠,32
대출을,32
부분에서,32
카피,32
언닌,32
발견됐어,32
죽였어야,32
말씀드리면,32
값진,32
켄트,32
효진아,32
수연아,32
부검을,32
의사입니다,32
만드는거야,32
일보,32
흠뻑,32
예민한,32
갔나요,32
순간이야,32
복귀할,32
혼인,32
좋아하는구나,32
자원,32
터키,32
바랬어요,32
좋아졌어,32
건지는,32
전으로,32
것인데,32
수고를,32
도착하고,32
신혼여행,32
밤도,32
싸는,32
반복,32
형에게,32
스텝,32
드론을,32
우라질,32
입장은,32
사탕을,32
팔자,32
이랬어,32
단추,32
폭풍은,32
제품,32
루돌프,32
안에선,32
늦었네요,32
상이,32
골반,32
항생제를,32
이쪽이다,32
오르고,32
썼고,32
수다,32
향해서,32
인구가,32
보름달이,32
놈인데,32
며칠만,32
된다구,32
좋아하시는,32
봐야해,32
지르지,32
큐,32
마주,32
아래층,32
아래층에서,32
닫는,32
소식도,32
중이니,32
순경,32
섞여,32
1점,32
회장님,32
없는거지,32
사과할게요,32
타타,32
승자가,32
아래층으로,32
도움으로,32
칭,32
와이파이,32
뻔하잖아,32
뺏어,32
심문을,32
콩을,32
있는거니,32
연극을,32
아키텍트,32
유로스,32
대동맥을,32
빙빙,32
한가지는,32
죽일지도,32
기발한,32
가정에,32
그러시면,32
버크에게,32
애정을,32
정오에,32
정원을,32
정중히,32
실례해도,32
립스틱,32
인도에서,32
인데,32
공습,32
오는게,32
치기,32
지점에서,32
지랄이야,32
그룹의,32
아프다,32
없던데,32
루피,32
알고있었어,32
지나는,32
싸워요,32
났던,32
놓을게,32
2일,32
바라죠,32
십만,32
하는거요,32
소방관,32
금색,32
필요한가,32
아프네요,32
님이,32
오르면,32
息をしたくて,32
이자가,32
진짜라니까,32
집에나,32
깨워서,32
테면,32
넘어가면,32
마이클이,32
보그,32
이지의,32
보내준,32
보낼거야,32
항구,32
모르는군요,32
2명의,32
빌려도,32
남기는,32
그랬을까요,32
끝났군,32
금액을,32
버리라고,32
동면에,32
아끼고,32
필요까진,32
나타났다,32
받았으면,32
비꼬는,32
시도하고,32
중요하다,32
그런적,32
비싸게,32
적들은,32
쿡,32
물품을,32
耳,32
글이,32
금발머리,32
끔찍했어요,32
되셨어요,32
미치광이,32
잃었지,32
준비하라고,32
죽었어야,32
어디니,32
보인,32
보이시네요,32
규칙이야,32
꾸미는,32
드레스는,32
스타플릿,32
회계,32
그곳의,32
가사를,32
포드가,32
경주,32
사건도,32
다니,32
시간이지,32
한동안은,32
소풍,32
닦을,32
생각하는군,32
하는구만,32
당직실에서,32
파리가,32
놀라운데,32
불가능하다,32
불가능하다고,32
논문,32
세워야,32
존재해,32
클럽을,32
목숨도,32
과학적으로,32
터널로,32
명단이,32
열리고,32
열리면,32
옮기지,32
기뻐할,32
구하려,32
여행하는,32
역은,32
폰이,32
총이야,32
최고에요,32
10억,32
좋을거,32
집안이,32
해결책은,32
물질은,32
알아볼게요,32
안정적입니다,32
후드를,32
명령입니다,32
기억합니다,32
핸드폰이,32
어제의,32
빠져나가야,32
심지어는,32
그분께서,32
아는군,32
좋겠는데요,32
경비원이,32
ここは苦しくて,32
제외하면,32
부족할,32
음악과,32
과학은,32
과하게,32
적이야,32
맞췄어,32
때였어,32
안뇽,32
느낀다,32
거짓말했어,32
많진,32
시의,32
여지껏,32
사이몬,32
형편,32
일치,32
착륙할,32
한번더,32
캔,32
캐이틀린,32
낮에는,32
아무말,32
받을거야,32
내려라,32
잠들지,32
걸렸네,32
업무를,32
조기,32
엘리베이터에,32
엔터테인먼트,32
자말을,32
저하고,32
남겨둔,32
저나,32
것들이요,32
키워,32
승리가,32
습관이,32
실시간,32
처벅,32
잘못될,32
척수,32
말들,32
캐슬,32
요리하고,32
도구를,32
집인데,32
카밀라,32
목소리에,32
들른,32
잔말,32
먹는다,32
따라온,32
사이도,32
청소년,32
방해를,32
부수적,32
지금부턴,32
지켜요,32
뇌사,32
어쨌건,32
놔뒀어,32
일하죠,32
정한,32
하시겠어요,32
꺾어,32
좋던데,32
콘돔,32
풀릴,32
말씀드려야,32
안좋게,32
그러셨죠,32
아이스,32
당기면,32
교신이,32
실수도,32
여자지,32
여자친구도,32
여자였어요,32
여자친구랑,32
운명에,32
저것들,32
알려주게,32
돌아가야지,32
희생은,32
느낌인지,32
허접한,32
문제없어요,32
이것만은,32
마지막까지,32
맡아서,32
반도,32
일하는게,32
복귀,32
보장,32
표시로,32
얘기에,32
발도,32
발견했을,32
천국이,32
생각인가,32
새로온,32
사왔어요,32
여자란,32
소규모,32
마차,32
페이지가,32
끝에서,32
떨어졌고,32
마련이지,32
망치면,32
템플턴,32
해냈구나,32
올라온,32
돌겠네,32
올려라,32
잘됐구나,32
번역싱크,32
리사는,32
거라서,32
아람,32
저자가,32
비즈니스,32
약물이,32
출구는,32
보도,32
보다도,32
쌓인,32
리브,32
샤인,32
동생도,32
브라이언은,32
2분만,32
로마에서,32
볼트,32
차릴,32
초록,32
사실이잖아,32
있을거고,32
노래와,32
모셨습니다,32
모습이야,32
손만,32
얼만데,32
죽었잖아요,32
더해,32
약해지고,32
절박한,32
실망한,32
요구하지,32
생존자가,32
크리스티나와,32
쉴드는,32
그만하게,32
포착,32
때문이오,32
느낌도,32
내죠,32
인터넷을,32
모던,32
모는,32
수술대에,32
걸릴까,32
살았는지,32
폐는,32
느껴질,32
삼촌의,32
암살자의,32
예수의,32
영상은,32
태양의,32
춤추러,32
진부한,32
기르는,32
태양은,32
아드레날린,32
도둑이야,32
답,32
않을지도,32
그거알아,32
오토바이를,32
걱정마라,32
모양입니다,32
년이야,32
년의,32
엥,32
자라면서,32
태어나고,32
초대장,32
노력한,32
버티지,32
더하면,32
안녕들,32
보일지,32
뻗어,32
그렇지요,32
중환자실로,32
수요일에,32
도미닉,32
예산을,32
없었으니까,32
꼈어,32
하일,32
슬론을,32
무도회,32
위기가,32
노라,32
약속하죠,32
떨게,32
건으로,32
건이,32
불륜을,32
올께요,32
이번주,32
환자입니다,32
내도,32
부분이야,32
움직였어요,32
웁스,32
성인이야,32
스페인어로,32
사람들보다,32
직장도,32
있을꺼에요,32
노랠,32
주소로,32
질병이,32
올때까지,32
뿌리,32
차이는,32
점심에,32
어떠냐고,32
화나지,32
저지르고,32
변신할,32
설탕을,32
벌처팀,32
병사들은,32
지시가,32
더구나,32
한다면요,32
간다고요,32
머릿,32
엄마라고,32
없을거예요,32
바베큐,32
얘기하러,32
아들로,32
지내셨어요,32
살인죄로,32
줄지도,32
아저씨랑,32
돼있어,32
영자막,32
안와,32
방송이,32
억,32
언급한,32
들죠,32
남쪽에서,32
호텔이,32
로저스,32
중일,32
중이었지,32
말이지요,32
디제이,32
골동품,32
로즈랑,32
훌륭하네요,32
동네가,32
오랜만이네,32
마시기,32
마시,32
벗을,32
장례를,32
로이드,32
데이나,32
쿵,32
무시하지,32
안되잖아요,32
거만한,32
연락했어요,32
훅,32
어디도,32
자기네,32
보험을,32
주차장,32
긴장한,32
다이아나,32
조안,32
귀족,32
섬은,32
고맙고,31
구해줄게,31
어떤거,31
별들은,31
원자력,31
대회에,31
앉는,31
같더군,31
이사람은,31
해에,31
원로,31
원격으로,31
바람과,31
바람도,31
크네요,31
육체적,31
스스로도,31
에디는,31
에밋,31
7시간,31
만큼의,31
시작부터,31
할줄,31
농담해요,31
산책을,31
산타가,31
어머님을,31
해고할,31
해결하지,31
흩어져서,31
마음과,31
감수하고,31
가위를,31
아기랑,31
말한다고,31
한다니까요,31
들어오기,31
올거라고,31
대기실에서,31
중이래,31
서버에,31
놓인,31
열라,31
열려요,31
임금을,31
에밀리는,31
사람에게는,31
줄거리,31
똑똑하게,31
보초를,31
살뤼스트,31
읽어야,31
은퇴한,31
감염을,31
에릭이,31
드셨어요,31
나중에요,31
속속들이,31
증인은,31
스미,31
멍청하다고,31
곁으로,31
파악할,31
찾아내는,31
날아다니는,31
화나면,31
따른다,31
마음만,31
돌보지,31
점심이나,31
안거야,31
보이려고,31
실례하죠,31
분명합니다,31
어디라고,31
보인다는,31
죽었단,31
벌어서,31
숙녀분,31
되돌리고,31
하고싶어,31
에이그,31
연장,31
무식한,31
용병,31
그날이,31
스튜디오로,31
난데,31
농담하세요,31
빛나고,31
보장은,31
후회하고,31
굉장해요,31
화장실로,31
화요일에,31
손바닥,31
강력하고,31
손엔,31
풀린,31
휙,31
부모도,31
질문으로,31
이분들은,31
돌아가려고,31
다리도,31
그렇듯,31
생각이다,31
킹슬리,31
끊었어요,31
배경,31
조니를,31
조너선,31
싫소,31
바퀴가,31
잠옷,31
꿈과,31
스노우는,31
코앞에,31
웃겼어,31
침묵,31
침대는,31
침대도,31
닥치는,31
무너져,31
케프너가,31
사부,31
먹히지,31
스트랜드,31
먼지가,31
하나같이,31
된건,31
요하네스,31
전화예요,31
전화에,31
맞았습니다,31
당해도,31
몸값을,31
일했죠,31
당연해,31
줘야죠,31
쓰레기통,31
찍자,31
애들이야,31
요크,31
데킬라,31
다로의,31
불렀잖아,31
구리를,31
구리,31
많았죠,31
때문,31
아멜리아가,31
가에,31
플로이드,31
마오,31
다뤄야,31
많았지,31
머물게,31
업그레이드,31
곳에선,31
레이는,31
혼자인,31
헤어지자고,31
가져왔다,31
어제부터,31
않으면서,31
요점을,31
가득해,31
털고,31
양에게,31
입구에,31
입구,31
유전자가,31
유용한,31
무슨소리야,31
붙는,31
말하잖아,31
부를까요,31
부를거야,31
했었거든요,31
알아보죠,31
생각하기엔,31
생각하는거,31
이르게,31
닥칠,31
손해,31
알렉사,31
정글에서,31
직원들은,31
괴도,31
여성들은,31
노래나,31
성칠아,31
자동차가,31
여기랑,31
멋지구나,31
차원의,31
드시겠어요,31
적극적으로,31
걸릴지,31
복구,31
형태가,31
북쪽에서,31
갚아야,31
크로스,31
다녀왔습니다,31
구글,31
한마리,31
시간으로,31
각종,31
이자를,31
모른다면,31
아래쪽에,31
알아봤어요,31
책으로,31
비극을,31
돌아봐,31
옮겼어,31
안정이,31
길도,31
전략,31
경감,31
택시가,31
함께하길,31
뚫어,31
뚝,31
석유,31
필수적인,31
검으로,31
낙하산,31
지휘,31
사후,31
기준이,31
봐주고,31
망가졌어,31
확인된,31
확실히는,31
같겠지만,31
마크랑,31
보낸다고,31
조건에,31
확실하죠,31
차례입니다,31
베스를,31
지기,31
맞니,31
해야하나,31
위성이,31
기억하나,31
군인은,31
약이나,31
떠났잖아,31
운전해서,31
젖을,31
과일을,31
그여자,31
너같이,31
교수형,31
부활절,31
벗어나서,31
보다니,31
지하실로,31
롤링,31
배워요,31
방법에,31
8번,31
함교,31
명예의,31
맛도,31
찍으러,31
였지,31
지나가면,31
1단계,31
하루만에,31
봄이,31
깔끔한,31
것들만,31
박아,31
났나,31
장난하나,31
오바마,31
도청,31
모르오,31
긁는,31
공룡,31
빠져요,31
재능있는,31
재미있고,31
어쩌면요,31
하구,31
죽여줘,31
샷,31
군대와,31
보리스,31
어린애는,31
놀았어,31
무섭다,31
팩,31
간직하고,31
맥기,31
빠를,31
공부도,31
타인의,31
타이윈,31
항복을,31
썼다고,31
수고하십니다,31
이러는게,31
도착합니다,31
키우지,31
쉽지는,31
가족이잖아,31
로라는,31
집안에서,31
지미가,31
고려,31
거실,31
한숨도,31
소나,31
도달할,31
대동맥이,31
의미합니다,31
생존자들을,31
생화학,31
당길,31
땡큐,31
없잖나,31
왼쪽을,31
크리스티나도,31
샴페인을,31
누구였어,31
준비됐나요,31
의사요,31
의사에요,31
종이에,31
영광이에요,31
영수증,31
이해해줘,31
가는거지,31
거처럼,31
균형,31
식으로든,31
틀림,31
얼굴과,31
심박이,31
모르기,31
잠가,31
기미갤에서,31
죽인다면,31
작별을,31
보여드리고,31
정맥주사,31
않을거라,31
개그,31
사진에서,31
관심사는,31
거기요,31
보여서요,31
밤에도,31
듣자,31
밤까지,31
우리요,31
앞뒤가,31
아퍼,31
줬잖아요,31
해보게,31
돼서요,31
누님,31
그럽시다,31
쓰일,31
외로움을,31
담아서,31
부적,31
프로젝트에,31
뭐랬지,31
늦었지,31
씨발놈아,31
하워드가,31
합치면,31
구해줬어요,31
말았어,31
싶게,31
노바,31
아이제야,31
마련해,31
갑판,31
로시,31
보여주마,31
태도,31
죽은게,31
나타내는,31
맡았어,31
나온다고,31
제다이,31
충성심을,31
살피고,31
검토하고,31
존중하지,31
2014년,31
생각해봤어요,31
텍사스에,31
보호자,31
대원들,31
가보게,31
여자만,31
세가지,31
즐겨요,31
후회는,31
의원님이,31
도망가고,31
우물을,31
유럽에서,31
해치려고,31
싱크대,31
생에,31
생물이,31
담당이야,31
집에서도,31
자식도,31
표준,31
확보해,31
영화나,31
전차,31
2층에,31
전하게,31
2초,31
지퍼,31
마법에,31
아스피린,31
보는건,31
암살을,31
동쪽에서,31
심장과,31
나트륨,31
맥주나,31
90년대,31
수술하지,31
일류,31
생길거야,31
말릴,31
주시길,31
먹기로,31
없는건,31
치료제,31
시체의,31
저들도,31
들으려고,31
늙어서,31
수면제를,31
낫겠지,31
장미를,31
동맥류가,31
탁월한,31
수녀,31
문화를,31
필요하게,31
평생의,31
클리닉에서,31
없을꺼야,31
투여했어요,31
했나봐,31
그따위,31
예루살렘,31
종족의,31
꼬맹이가,31
무사할,31
선생님들,31
우예,31
굼벵이,31
중요,31
죽었던,31
달렸죠,31
컴퓨터에서,31
최고다,31
놀랍게도,31
금세,31
문제인데,31
풀어주면,31
아프리카에,31
게시판에,31
메시지는,31
왔대요,31
클럽의,31
이기려고,31
존재한다,31
존재한다는,31
아직은요,31
약혼자,31
갈려고,31
교전,31
않음,31
부대에,31
정말입니까,31
한건지,31
카페에서,31
없었겠지,31
삼룡아,31
두뇌,31
깨끗,31
있는지를,31
결정하고,31
좋아했잖아,31
싱크수정,31
히틀러는,31
아는군요,31
폭동이,31
하는거예요,31
백업,31
인원은,31
우후,31
하듯이,31
걱정하실,31
뜻입니다,31
버린다,31
루피오,31
안돼죠,31
교회는,31
윈스턴,31
윈체스터,31
세번,31
사일러스,31
일때문에,31
신경안써,31
동성애,31
미국인이,31
넘기고,31
스타일로,31
모건이,31
미나미,31
모니터를,31
탐지,31
떨어졌는데,31
나루토,31
싸움이야,31
이고,31
바쁘신,31
먹어본,31
쥬라기,31
참는,31
자리야,31
엘나,31
왕국에서,31
생겨도,31
카스미,31
도시락,31
위협은,31
컨트리,31
넘어져서,31
못하겠다,31
나로,31
매일밤,31
많이는,31
사이좋게,31
아삐꼬까,31
필요하오,31
간호사한테,31
하킴의,31
보이거든,31
쓸데,31
프랭키는,31
공원을,31
어둠과,31
처음인데,31
실제론,31
이쁜아,31
다음과,31
모시게,31
돌려야,31
돌려받고,31
짜식,31
케이티가,31
못했다면,31
벽은,31
성경에,31
원했고,31
받는데,31
자네처럼,31
것이니,31
걸렸을,31
어기는,31
잡히는,31
들어줄래,31
머리와,31
나세요,31
여럿,31
불쌍하고,31
불면,31
사막에,31
사령부,31
쳐봐,31
견디기,31
현지어로,31
시즌,31
안했다고,31
사망자,31
사망시각,31
무게를,31
까지요,31
저분이,30
뒤따라,30
짐작도,30
맞긴,30
뒤졌어,30
발음,30
발신인,30
알버트,30
잠재적인,30
곳인데,30
다스리는,30
올라간,30
알리바이를,30
미친거,30
연주할,30
랜드,30
조슈아,30
잡는데,30
내년엔,30
올까요,30
물리적,30
하룻밤만에,30
말해두는데,30
프라이,30
꿈쩍도,30
돌려줘요,30
속지,30
들어오려고,30
뽕,30
물리,30
생각보단,30
되신,30
과학자들이,30
미쳤니,30
살기를,30
데야,30
서장님이,30
흔들리지,30
프라이드,30
망정이지,30
떨어졌습니다,30
관찰,30
있는거라고,30
있는겁니다,30
있다는거야,30
예수님은,30
인턴이에요,30
소문에,30
상담은,30
처방을,30
잘릴,30
교통사고를,30
하디,30
거짓말할,30
동물들,30
사랑이란,30
믿어봐요,30
좋지는,30
청년,30
자말의,30
해드릴까요,30
잔은,30
지평선,30
개들이,30
허지만,30
취미,30
세련된,30
콱,30
시카고에,30
멈출수,30
엔진에,30
여하튼,30
로널드,30
포커,30
백악관에서,30
좋으시네요,30
우울해,30
선수들,30
나는이,30
보냈던,30
복사본을,30
제인이,30
그거보다,30
허락도,30
동만아,30
벗어났어,30
무리에,30
표가,30
극장에서,30
끝납니다,30
수백명의,30
상대하고,30
많을수록,30
부족해서,30
제왕,30
예정이야,30
취재,30
상공에서,30
각도로,30
브라이언이,30
전체적으로,30
혁명은,30
있다는군,30
두르고,30
노틀담,30
거짓말이었어,30
생각했다면,30
아프니,30
아프가니스탄,30
고아,30
데니의,30
사이공,30
프란시스는,30
범죄의,30
범죄와,30
차랑,30
사랑받는,30
강요하지,30
텍사스에서,30
브리핑,30
브리,30
사냥하는,30
카테터,30
남겼어요,30
보안관이,30
양동이,30
떠봐,30
두개가,30
깡통,30
할망구,30
숫자는,30
혼이,30
잔돈,30
수술방,30
수술하기,30
오는걸,30
트롤을,30
바이탈,30
있었,30
이거다,30
고향에서,30
부탁해서,30
갔니,30
장담해요,30
오는군,30
알겠습니까,30
평소와,30
상상하는,30
능력도,30
상상의,30
타코,30
기다려도,30
먹었다,30
했는지는,30
흘린,30
공주님이,30
이놈을,30
단추를,30
언제고,30
막으려,30
연관,30
신임,30
떴어요,30
시작할게요,30
포옹,30
유력한,30
선서를,30
고통의,30
소리군,30
도망가게,30
지키려는,30
해주셔서,30
간호사를,30
학생들,30
딱이야,30
될꺼에요,30
바라면서,30
넘고,30
양육권,30
부담이,30
집중하는,30
살지도,30
고파요,30
저쪽이에요,30
안내할,30
기억나나,30
진정하게,30
양수가,30
양입니다,30
결정했습니다,30
될수도,30
구했죠,30
억양이,30
일생에,30
함선은,30
옆방에,30
경매에,30
영혼에,30
포옹을,30
일어났죠,30
누나랑,30
죽으러,30
반년,30
시합에,30
경도,30
경기장,30
영차,30
록하트씨,30
끝장을,30
감방에서,30
실수예요,30
지났고,30
도망갔어,30
됐냐,30
영양,30
저것들을,30
찾아보세요,30
위해서예요,30
알기도,30
공산주의자,30
공사,30
특권을,30
200으로,30
차려입고,30
해순아,30
콘크리트,30
여자잖아,30
여자인,30
있었다니,30
가족이랑,30
가족이니까,30
도르마무,30
소녀야,30
퍼킨스,30
25만,30
환상적이야,30
환,30
제대로된,30
암호화,30
이동을,30
카드로,30
칭찬을,30
방이에요,30
상원,30
부족을,30
씨앗을,30
살인으로,30
체육관,30
줄테니까,30
기다린다고,30
쉬어도,30
믿음의,30
구해줘요,30
인간들의,30
항공기,30
그래봐야,30
갑작스럽게,30
로스브로크,30
태너,30
그만할래,30
주니까,30
말씀하셨죠,30
망토,30
피울,30
슬라이,30
신나,30
맞았죠,30
껴,30
태어나,30
벌어지는지,30
기름을,30
놀려,30
정신병원에,30
궁극의,30
가졌죠,30
가졌다는,30
레베카가,30
레스토랑을,30
않을거고,30
해봤지,30
세이디,30
우물,30
우리에게도,30
관리인이,30
있기에,30
관리인,30
최신수정버전은,30
펀치를,30
보여줄래,30
보여주시죠,30
수염은,30
나온거야,30
나오죠,30
찬성,30
없을거,30
제거하지,30
끼치는,30
없진,30
사라지기,30
먹이가,30
붙이면,30
얘기잖아,30
컨설트가,30
이해하네,30
했던건,30
뭐라든,30
막대를,30
게이트,30
당국은,30
계집애처럼,30
고추,30
죽겠죠,30
진한,30
장례식을,30
납치한,30
주치의,30
그랬네,30
그랬군,30
전이에요,30
경제,30
상태에요,30
내리세요,30
내리기,30
호흡기를,30
낫고,30
로자,30
룸,30
며칠동안,30
연락주세요,30
악취가,30
재밌다고,30
남자처럼,30
찾았대요,30
구원을,30
영광으로,30
건드릴,30
팬들이,30
시작하려고,30
마리안느,30
흘렸어요,30
기다려야지,30
심호흡을,30
심호흡해,30
지불할,30
지적,30
위층에서,30
단속,30
와서요,30
생각할지,30
공범이,30
모르냐,30
고등학교를,30
가족처럼,30
토끼를,30
초대했어요,30
초대해,30
여인을,30
여인,30
초자연적인,30
자책하지,30
버클리,30
일이래,30
미시시피,30
셰퍼드를,30
영감,30
출생,30
필요했다,30
주먹이,30
죄도,30
수입이,30
영광스러운,30
좋고요,30
레슬링,30
의도적으로,30
방문을,30
상태였어,30
얻으려면,30
들었다면,30
랜디,30
존경,30
장난쳐,30
장난친,30
안쪽,30
솔로웨이,30
닉슨,30
돌연변이가,30
돌아온다고,30
돌아왔는데,30
치우라고,30
잤지,30
행복해질,30
대답하기,30
무슨말이야,30
필수,30
반대편으로,30
비밀들을,30
수준을,30
살아남았어,30
미용실,30
베라,30
실험용,30
포샤,30
회의는,30
병원이야,30
순간입니다,30
순수하고,30
사후에,30
실험실로,30
알아야죠,30
지긋지긋해,30
근디,30
모르는데요,30
모르는거야,30
돌아오실,30
아가씨야,30
기억력이,30
무능한,30
약점은,30
던지면,30
확실한가요,30
사랑하죠,30
사랑하면,30
불렀는데,30
셋이서,30
몰랐잖아,30
말투가,30
에너지의,30
축배를,30
열정,30
그랜디,30
안보이는데,30
감동,30
정화,30
아닐걸요,30
보고가,30
보고서는,30
요새를,30
셜리,30
몰려,30
처리하죠,30
공급이,30
이정도,30
블럭,30
잠들면,30
비프,30
안녕하쇼,30
기억하라,30
이유요,30
다니던,30
돈의,30
이런저런,30
경찰들은,30
이로써,30
머니,30
창고로,30
털어놔,30
건축,30
군을,30
순간도,30
크리스챤,30
가라니까,30
기관총,30
쌌어,30
조치가,30
쪽도,30
쩐다,30
유전적,30
유전,30
커크를,30
나에요,30
한의,30
체계가,30
체포될,30
하아,30
불로,30
정글의,30
흐름이,30
사실인가,30
모임을,30
축하하는,30
바랬는데,30
사람들은요,30
매기가,30
아느냐,30
고쳤어,30
핸드폰에,30
무작위로,30
가든지,30
캔디,30
음악의,30
맞았네,30
주제,30
보트는,30
되면요,30
어디서나,30
발진,30
나무의,30
떨려,30
무너진,30
갤럽,30
애들이나,30
요청할,30
서면,30
올랐어요,30
독점,30
국민들은,30
구린내,30
구급차가,30
가게로,30
말썽을,30
독일은,30
맥스웰,30
헤어져야,30
과학이,30
하겠군,30
썩고,30
다치면,30
생각일,30
돈이면,30
물어보죠,30
이외의,30
이예요,30
모리아티가,30
모습과,30
계곡,30
새야,30
아프잖아,30
지구와,30
박동이,30
이용하지,30
침입자가,30
라이브,30
부부를,30
치프랑,30
이야긴,30
자니,30
5분이면,30
아직까지는,30
기대한,30
범위가,30
여기에도,30
5백만,30
개발한,30
남으면,30
포함되어,30
월시,30
원했을,30
토네이도가,30
있을지는,30
획기적인,30
협곡,30
알아도,30
라우리,30
친구들의,30
데이비드가,30
용감하게,30
할일은,30
실례합니다만,30
열기,30
잊어버리지,30
병사들,30
그만뒀어,30
휴가는,30
줄줄,30
아흐메드,30
얘기했죠,30
전면,30
수호자,30
웃기게,30
고맙죠,30
점심은,30
파악하고,30
걸죠,30
어딨소,30
넥타이를,30
빠져나가는,30
훌륭하고,30
철저한,30
널리,30
리무진,30
건널,30
나가야겠어,30
수혈을,30
막혔어요,30
성공했어요,30
성경을,30
변명을,30
어떤일이,30
성기,30
고맙게도,30
점차,30
부분만,30
원고,30
변기에,30
시점에,30
어떻겠니,30
같애요,30
날이잖아,30
지역으로,30
에스코바,30
미쳤다는,30
헤일리랑,30
사람들입니다,30
사람으로서,30
은행의,30
크다고,30
짱이다,30
남았나,30
찾았거든,30
남아프리카,30
남이,30
말인,30
할지는,30
렉시를,30
재정,30
사나,30
환자라고,30
10점,30
그렉은,30
푸시,30
개인의,30
쓸게요,30
마샤,30
변명,30
그대에게,30
그대로예요,30
못했다는,30
이쁘다,30
이사회가,30
10개,30
인정해야,30
네이티리,30
자기만,30
스웨덴,30
코는,30
대학은,30
대항하는,30
벽장,30
별명은,30
보험이,30
들어옵니다,30
잡아와,30
들어와도,30
파이브,30
찾느라,30
바꿔요,30
자궁에,30
변환,29
성급하게,29
힘들었던,29
짜니,29
조용해요,29
활동에,29
친구입니다,29
까맣게,29
까꿍,29
성대한,29
코너로,29
네놈은,29
자그마한,29
워커를,29
파이가,29
지도자를,29
고객들은,29
무엇으로,29
윤이,29
주라,29
사람들하고,29
바람둥이,29
에스코바르가,29
에스코바를,29
할지라도,29
좋아하는게,29
이성적인,29
가인,29
옥상,29
이상한게,29
하룻밤을,29
방향이,29
쩔어,29
책임감이,29
스물,29
그만둬야,29
그만둔,29
뒤는,29
패,29
나뿐이야,29
점보,29
가격에,29
증인으로,29
들어있어,29
얘기했을,29
피해는,29
아이죠,29
아자,29
보시겠어요,29
줄여야,29
이어져,29
이야기지,29
부모의,29
조이가,29
복이,29
속였어요,29
조라,29
오코넬,29
크리스마스는,29
캡,29
가비리아,29
감독관,29
감독을,29
애디,29
애들하고,29
염두에,29
연설은,29
축소,29
자유와,29
너네도,29
멀,29
나에게도,29
기억해야,29
놔라,29
굉장하다,29
드렸잖아요,29
스탠포드,29
임신은,29
깨질,29
훈장을,29
비었어요,29
되지도,29
결혼했고,29
창녀야,29
훌륭했어,29
은퇴할,29
대개는,29
그네,29
에반,29
너에게는,29
자체,29
너머,29
요원과,29
좋아보이네,29
보겠다고,29
베풀어,29
보게나,29
안식을,29
발리,29
발렌타인데이,29
입었고,29
가볼,29
가보죠,29
30일,29
일처럼,29
에단,29
입게,29
미행,29
미친짓이야,29
분야,29
분야에,29
먼저야,29
착하기도,29
군인들은,29
헤어졌어요,29
기구,29
중이었죠,29
빠져나올,29
재밌잖아,29
어젯밤은,29
데이트하고,29
산소포화도가,29
일이었죠,29
붕대를,29
회복이,29
가서는,29
당신네들이,29
실망할,29
찍지,29
되겠는데,29
벨라르도,29
선물입니다,29
배후에,29
봐야만,29
의문의,29
주신다면,29
필을,29
마무리를,29
전공을,29
무슨일을,29
만나뵙게,29
같고요,29
연락했어,29
면접을,29
주인님이,29
마크의,29
뚜렷한,29
애나가,29
정했어,29
경계가,29
과장님께서,29
방문할,29
빠졌지,29
빠졌다고,29
형제들이여,29
태아의,29
과부가,29
샤워하고,29
제거한,29
의사선생님,29
영국은,29
됐다면,29
빠이,29
커피라도,29
애틀랜타,29
생전,29
요괴가,29
팔로,29
팔도,29
듣긴,29
멤피스,29
연락할게요,29
연락처,29
있게끔,29
보모,29
한거니,29
남들은,29
어머니랑,29
되는거에요,29
명심해라,29
함교사관,29
됐는데요,29
하고자,29
그러겠죠,29
고치기,29
사카모토,29
영원할,29
충격으로,29
그들한테,29
어쩌란,29
어느새,29
누군들,29
재가,29
장치도,29
세이버호크,29
나올거야,29
작업에,29
많구나,29
아파트는,29
수의,29
기간이,29
외교적,29
거기서부터,29
아침이네요,29
첨,29
관심없어요,29
최악인,29
있냐는,29
관련해,29
정상입니다,29
벌어졌는지,29
없을것,29
퇴각,29
얘기네요,29
일이군,29
그것만은,29
폐하께,29
자살한,29
수십억,29
탓하지,29
눈사람,29
꼬박,29
억제,29
찍어도,29
부탁하고,29
안전에,29
양과,29
연금을,29
좋았잖아,29
저쪽이,29
전하가,29
화재가,29
프레드릭,29
돼가요,29
뵐게요,29
데려가라,29
고담,29
로간,29
렐,29
바라보면서,29
하이드라,29
불쾌하게,29
어찌됐건,29
지내니,29
그한테,29
롤,29
일생의,29
아내분이,29
담당이,29
배우면,29
않을테니까,29
눈치를,29
일리가,29
미녀와,29
게이브,29
바보지,29
해리는,29
계약서를,29
믿겨져,29
세상도,29
데렉이,29
윌리,29
데려가도,29
아니었던,29
활을,29
집착하고,29
슬퍼할,29
먹었습니다,29
진정하시고,29
메일을,29
하시는데,29
직업에,29
쓰러질,29
멕시코에서,29
지킨다,29
동의한,29
의회의,29
생략,29
칼도,29
그들처럼,29
그들보다,29
졸졸,29
경보를,29
느끼기,29
공주님을,29
페이스,29
암호가,29
동안만,29
말하고자,29
놀라고,29
슬플,29
발견하게,29
걷어,29
맞춘,29
가져다가,29
예정된,29
느껴졌어,29
수송,29
정말이세요,29
앨범은,29
숨어있어,29
믿는다는,29
깨달았다,29
윈터펠을,29
못살아,29
잘됬네,29
크립톤,29
겁나는,29
혼란스러울,29
구실을,29
맨티스,29
장수,29
불가능할,29
정말인가요,29
들으셨죠,29
인연을,29
국토,29
맞춰봐,29
내일로,29
탄생,29
문제라면,29
목적지가,29
환자고,29
22일,29
그랬단,29
진찰,29
식당이,29
걸리겠지만,29
받았거든,29
처음입니다,29
저택,29
세례를,29
문제될,29
마주치지,29
취미가,29
아빠는요,29
마셔서,29
줬으니,29
스타크가,29
멈추질,29
야채,29
싸우려고,29
폰으로,29
주장하는,29
결정하기,29
하피의,29
진정하렴,29
기쁨,29
시효자막,29
베이필드,29
잘못했다고,29
트레비스,29
준대,29
기묘한,29
복숭아,29
복싱,29
인원을,29
함장이,29
쫓아내,29
방식이지,29
부족의,29
꼴이야,29
위한게,29
덤벼봐,29
운전대,29
테킬라,29
취하면,29
동맹,29
동무들,29
아버지요,29
케빈은,29
위협에,29
그런짓을,29
넘어졌어요,29
봉쇄,29
로드니,29
운동에,29
우크라이나,29
낫겠네요,29
받았소,29
얘긴지,29
가야겠네,29
도장,29
닫지,29
닫았어,29
이동해야,29
저녁엔,29
홀리가,29
내밀어,29
없더라고요,29
내보내줘,29
늦는,29
오늘이야,29
겁먹을,29
사이버맨,29
가족들이랑,29
쓰러졌어요,29
프란시스를,29
아이디어야,29
약혼을,29
사이드,29
시청,29
보냈는지,29
도와줄래요,29
했다며,29
이놈들은,29
왔단,29
달라지는,29
알거,29
여지를,29
만들어주지,29
증거야,29
개와,29
돕기로,29
익명으로,29
동기,29
상업적이용및무단배포,29
부잣집,29
주입하고,29
기준에,29
정리하는,29
선택지가,29
매력적이고,29
어렵다는,29
따지고,29
합쳐서,29
부러졌어,29
꽂고,29
트위터,29
들어가죠,29
승인이,29
저것들이,29
여자분이,29
기적적으로,29
도와줬어요,29
생각해야지,29
문젠데,29
도움될,29
평범하지,29
존나게,29
존경받는,29
황제,29
기울여,29
시민들의,29
간달프,29
빼서,29
안전히,29
죽치고,29
보였습니다,29
하겠다면,29
정글,29
핀을,29
아니구만,29
주겠지,29
말하면서,29
거짓을,29
수고했다,29
짓들을,29
저쩌고,29
16일,29
휴대,29
겪어,29
통로,29
기다리자,29
아이처럼,29
쓰도록,29
부장님,29
기회입니다,29
복수할,29
뭐였는지,29
로즈는,29
칩이,29
걸어봐,29
구했잖아,29
뺀,29
것들과,29
박을,29
옷이나,29
키스해줘,29
항생제가,29
돌아왔고,29
부위,29
케이트는,29
해야하죠,29
소유의,29
본거,29
후보가,29
났다고,29
호흡기,29
뺏고,29
그년은,29
해주신,29
여왕님을,29
여자들한테,29
토끼야,29
광산이,29
가르치지,29
죄송했어요,29
모르고요,29
치며,29
쇼핑을,29
골수,29
단순하게,29
생각할까,29
가는거에요,29
로레타,29
이런일을,29
아름답죠,29
끌어들이지,29
졌다,29
죽을때까지,29
진정하라구,29
옮겼어요,29
싶었다고,29
싸이,29
말기,29
계산서,29
사건입니다,29
들어갈거야,29
다니는데,29
비극이,29
받어,29
대처,29
나머지도,29
망한,29
스칼렛,29
바뀌게,29
바뀌었다,29
약으로,29
울어요,29
행복했어,29
상황도,29
돌아오니,29
모르시잖아요,29
돌아왔죠,29
베쓰,29
보기도,29
해야될,29
끌게,29
말씀대로,29
돌아갈게,29
돌아간다고,29
들어봤어요,29
때문이었어요,29
때문이고,29
화성의,29
지금이요,29
증후군,29
지각,29
만들려는,29
만들다니,29
이유예요,29
이웃에,29
조개,29
있을만한,29
둘로,29
사실이다,29
굴복하지,29
중사,29
괜찮잖아,29
년동안,29
잉글랜드,29
환자에게서,29
물지,29
손잡고,29
침실로,29
생각하니까,29
했었거든,29
무너지면,29
여성에게,29
휠체어를,29
보였죠,29
화성은,29
물의,29
물어봤는데,29
새들은,29
손실이,29
돌아가셨을,29
사상자가,29
짐승을,29
고민을,29
더글라스,29
웃기지도,29
속아,29
이야기다,29
이야기좀,29
근처를,29
성탄절,29
설명해줄,29
움직임은,29
싶나요,29
볼께요,29
있을래요,29
사상,29
돌아가자고,29
써먹을,29
올라타,29
갈거예요,29
잠자리,29
바텐더,29
들어보렴,29
아마라,29
본질을,29
아니면서,29
어떤데요,29
막으면,29
피해자들을,29
저러다,29
별수,29
재판은,29
후타츠기,29
토미가,29
사물함에,29
하시던,29
괜찮았는데,29
사망할,29
무게가,29
비친,29
책들을,29
잡을게,29
얼만큼,29
12명의,29
표본을,29
루크랑,29
보호자가,29
버스는,29
구덩이에,29
생각이라면,29
라푼젤,29
돌려줘야,29
시나리오를,29
엄마하고,29
들어왔는데,29
내놓으라고,29
너보고,29
준비했지,29
준비됐다,29
셀카,29
레지던트는,29
않았단다,29
명령으로,29
추한,29
되었는데,29
열립니다,29
열리지,29
과학자가,29
똑같잖아,29
나갈까,29
나갔다가,29
나간다고,29
연주하고,29
연주하는,29
데보라,29
서세이,29
해킹을,29
열렸어요,29
살도록,29
임무야,29
남았을,29
어울리고,29
추적하는,29
연줄이,29
기념품,29
중이오,29
법원에서,29
중이세요,29
변하기,28
경기장에서,28
영토를,28
누우세요,28
영역,28
누르지,28
살인자를,28
일어났는데,28
누이를,28
미녀,28
수술용,28
일으켰어,28
살았잖아,28
수영할,28
영웅이라고,28
눌러요,28
마칠,28
베푸는,28
베트남에서,28
지문도,28
아닌건,28
갚아,28
피차,28
고립된,28
그릇에,28
갖추고,28
됐습니까,28
누구였지,28
경과,28
됐다고요,28
됐던,28
예술가,28
느꼈던,28
출처,28
출연,28
과분한,28
였죠,28
일이었지,28
댄이,28
가망,28
켤,28
개구리,28
지냈지,28
마취과,28
피운,28
그정도면,28
일자,28
살아있게,28
몇주,28
함대가,28
허블,28
허벅지,28
상관안해,28
수컷은,28
헤어져,28
살아가고,28
뇌수술을,28
과학에,28
명령대로,28
살려서,28
상관이에요,28
놓쳐,28
놓을게요,28
연인이,28
잃었는데,28
7개,28
공유하는,28
옛날부터,28
동물도,28
미켈란젤로,28
미치너,28
미치도록,28
연습은,28
헌신적인,28
동물로,28
농부가,28
산업,28
아르뛰르,28
마지막엔,28
지나가요,28
11시에,28
지난밤,28
갖길,28
만났을때,28
웃으세요,28
고무,28
성숙한,28
입었지,28
입었네,28
추락한,28
사형수,28
순수,28
상담이,28
상기시켜,28
최적의,28
연기는,28
가졌다,28
사진이야,28
민트,28
있기도,28
관리하고,28
오긴,28
놀랍네,28
두뇌를,28
연결할,28
숨기려고,28
지금이다,28
대통령과,28
움직입시다,28
지나가고,28
아낄,28
근데요,28
보관해,28
사적,28
두게,28
놀라실,28
최근에는,28
있는한,28
인디,28
믿도록,28
늙은이가,28
쉐퍼드를,28
가족들한테,28
역사적,28
오늘로,28
치료법이,28
익숙해질,28
노트북,28
논리적으로,28
사이먼이,28
테쳐,28
쉐퍼드와,28
쉐퍼드의,28
측면에서,28
여자친구한테,28
믿으니까,28
믿었다,28
테지만,28
씨요,28
아바,28
만들어줄,28
무도회에,28
글씨,28
보내달라고,28
증명해봐,28
플로리다에,28
울었어요,28
흥분해서,28
흥분을,28
12개의,28
지금까지도,28
그레고리,28
오디오,28
수나,28
6개의,28
현명하지,28
테조로,28
인간이지,28
이혼하고,28
메러디스에,28
있었을텐데,28
현관에,28
즐기지,28
강해져야,28
만들어줘,28
쓸게,28
쓴다는,28
벗지,28
마시며,28
만들어야지,28
대응,28
만들어줄게,28
씨야,28
씨바,28
씨팔,28
씩,28
믿지도,28
여자들이랑,28
여자들도,28
노력했는데,28
둘러싸고,28
행위,28
동기는,28
노래로,28
슛,28
사방을,28
있음에도,28
멍청하지,28
여성과,28
자격은,28
혈류를,28
수고들,28
바꿀수,28
견딜수,28
자네보다,28
네스키,28
자기와,28
치르고,28
항로,28
지하철을,28
아시네요,28
해야돼요,28
가버리면,28
성함을,28
기관에,28
13일,28
선택해요,28
고래가,28
프로그램으로,28
사랑하는데,28
자다,28
가지려고,28
돌았어,28
돌아올께,28
멋있지,28
엠파이어에서,28
괴롭혀,28
협력을,28
엠파이어에,28
돌아오죠,28
자문을,28
쇼핑몰,28
스타크는,28
스타일이야,28
드래곤을,28
자식들은,28
괴물들을,28
넘어가자,28
법의,28
아예샤,28
14일,28
보라고요,28
중이래요,28
대사형,28
대사님,28
못하네요,28
필요할지도,28
중이란,28
기능은,28
사람이었죠,28
통을,28
행세를,28
너무너무,28
교과서,28
먹혀,28
스트리트,28
사람이네,28
이일을,28
이제부터는,28
드시면,28
너구리,28
듣거라,28
너머를,28
겠죠,28
스파이더맨이,28
게지,28
작년엔,28
스파이를,28
스피드를,28
내키지,28
듣질,28
작성,28
마라톤,28
중국어,28
운영할,28
범죄자가,28
프라이스,28
중위님,28
중으로,28
법무부,28
만족하지,28
보셨습니까,28
잔다고,28
사는거야,28
혜택을,28
바비는,28
공공,28
돌아가시고,28
돌아가시기,28
없었겠죠,28
잔인하고,28
다르잖아요,28
오즈의,28
내쉬고,28
승리는,28
먹었고,28
들리는데요,28
잘못이죠,28
잘라야,28
내시경을,28
거구만,28
줄리아가,28
기도에,28
하게요,28
아이쿠,28
마녀는,28
운동도,28
마니,28
케리,28
게냐,28
교황은,28
잘못입니다,28
모습도,28
사고의,28
바이오,28
내부를,28
이어질,28
다를게,28
들어가실,28
잘지내,28
내려줘요,28
것이여,28
것이지요,28
잘해야,28
공격하라,28
돌봐줘,28
바칩니다,28
구경하고,28
이안이,28
이상했어,28
잠깐이라도,28
업,28
들어보지,28
온겁니다,28
호출하세요,28
시간인데,28
색은,28
공간에서,28
것이니까,28
들어서요,28
엄연히,28
가격은,28
기린,28
보여주자,28
고독한,28
우정은,28
우주비행사,28
그러잖아요,28
벌이는,28
벌일,28
윌리스,28
해줘야겠어,28
덫을,28
못살게,28
마가리타,28
박물관에서,28
잡았는데,28
뿌리를,28
잡을게요,28
물만,28
책이나,28
낮추고,28
얼마예요,28
뻔히,28
뻗고,28
1941년,28
데나,28
죽이는게,28
죽임을,28
윌킨스,28
리키,28
진동을,28
낮아요,28
책상에서,28
들었나요,28
뺏을,28
뺨을,28
빼요,28
돌려보내,28
났습니다,28
장벽이,28
구석,28
언제인지,28
언제는,28
들은거,28
들으며,28
했지만요,28
장에,28
혻,28
구역의,28
장치에,28
들인,28
물리학,28
돌려주고,28
재능도,28
구원,28
재미있었어,28
이목을,28
곳엔,28
어쨌어,28
올려줘,28
찾아주세요,28
많으니,28
그러는데요,28
죽음으로부터,28
거라면요,28
그러도록,28
악령이,28
써라,28
빠른데,28
검사해,28
해내면,28
반역을,28
빛으로,28
어메이징,28
남동생이,28
딘은,28
저녁도,28
생각하는건,28
어른들은,28
독일에,28
올림픽에,28
구하는데,28
저들과,28
다행이구나,28
시저는,28
저년,28
저녁이나,28
했었다,28
옮긴,28
독감에,28
어떻죠,28
이를테면,28
생각하냐,28
따라해,28
구해요,28
찾는걸,28
따라오고,28
파시스트,28
그러겠다고,28
거래에,28
그랬음,28
우리한테는,28
유기농,28
보이도록,28
많이도,28
악화되고,28
못됐어,28
저승에서,28
시절의,28
36시간,28
찾는거야,28
날리는,28
생각하든,28
계단이,28
키키,28
도통,28
저택에,28
비웃는,28
파지엔자의,28
따지자면,28
생각하시오,28
파이프를,28
파일은,28
하토리,28
생각할거야,28
생각한거야,28
어디서요,28
저희랑,28
어디론가,28
하킴은,28
안되서,28
진행을,28
주파수를,28
버크도,28
루이스는,28
대단하죠,28
유리가,28
단어로,28
비밀번호,28
비밀도,28
이런거야,28
도착해서,28
창밖으로,28
적합하지,28
전략적,28
비디오가,28
칫솔,28
생각해보고,28
비난하지,28
전부인,28
나중에는,28
커비,28
유지하기,28
데려올게,28
무섭다는,28
거면서,28
무시하면,28
루크를,28
주자,28
루시를,28
30분에,28
30년간,28
갈고리,28
전세계에,28
계속될,28
찰스의,28
판단은,28
완다,28
도착하지,28
발가락을,28
전쟁으로,28
2천만,28
나와도,28
발견하고,28
소시지,28
클레이튼,28
브람스,28
전화기는,28
떠나세요,28
나오는지,28
전해주게,28
발목에,28
신들을,28
목사,28
소세지,28
나아지지,28
전화해도,28
나았어,28
안젤라가,28
말썽,28
주셨어,28
주셨죠,28
긴장하지,28
버릴거야,28
버렸네,28
무슨말,28
크기는,28
진행해,28
싸우길,28
안부를,28
복구할,28
신뢰하지,28
신뢰가,28
도와주실래요,28
카스티엘,28
불었어,28
떠올랐어요,28
맞아도,28
착륙을,28
군인을,28
절친,28
불법이야,28
가시지,28
클레어의,28
클레오파트라,28
이기적으로,28
가실래요,28
달러야,28
약속할께,28
떨리는,28
후에야,28
버거,28
길인데,28
김동무,28
가란,28
서에,28
서있지,28
서클,28
용서하고,28
록키,28
안쪽이,28
안타깝네요,28
신분이,28
발자국을,28
떠요,28
갈아입어,28
떨어뜨린,28
큰일이라고,28
정렬,28
망쳐서,28
생기게,28
문제니,28
정말이예요,28
망을,28
앨리슨은,28
앰벌리,28
차들이,28
왜일까,28
해리가,28
찢어졌어,28
확인이,28
애플,28
신화에,28
분야의,28
애인을,28
나갔고,28
로리가,28
하는것도,28
말아줄래,28
깜빡했어,28
효과적인,28
섹시한데,28
당했죠,28
안하는데,28
주당,28
말씀하셨어요,28
밸리,28
정체는,28
애써,28
분당,28
퍼져,28
문이나,28
목표물을,28
실망했어,28
말했잖나,28
말했잖니,28
제공하고,28
끼어들,28
뚱뚱해,28
소를,28
건강할,28
건강해요,28
페니는,28
담당하고,28
환경에,28
봐줄래,28
레지던트로,28
않아야,28
포로가,28
좋으련만,28
않는다고요,28
크레이,28
욕조에서,28
좋으니,28
로라스,28
폭동을,28
포털을,28
좋을대로,28
말했던가,28
찌를,28
부패한,28
환상,28
걱정했어,28
부탁했어요,28
부패,28
확인했는데,28
궁지에,28
외람되지만,28
외국인,28
외롭고,28
생일이야,28
제목,28
끝났죠,28
알튼,28
말했었잖아,28
감염은,28
레이철,28
않던데,28
1일,28
좋아라,28
좋아하면,28
좋아한다면,28
심해질,28
심할,28
당하게,28
부족합니다,28
페드로,28
방송에서,28
뜻하는지,28
제임스가,28
하마터면,28
실패하고,28
칼의,28
도둑질,28
띄게,28
알았더라면,28
라나,28
방탄,28
라벤더,28
묶는,28
외에도,28
말해봤자,28
알아듣게,28
알아두세요,28
알아라,28
꺾을,28
집이지,28
않은걸,28
껍질,28
레스토랑에서,28
햄,28
캘리를,28
가라고요,28
요한센,28
그곳엔,28
황홀한,28
편이지,28
알아내서,28
도둑놈,28
요구하고,28
부분의,28
조사하러,28
의무는,28
조절하는,28
라틴,28
환자지,28
래디스,28
서두르자,28
요샌,28
응답하지,28
알라,28
하라니까,28
부르겠어요,28
조지와,28
램지가,28
랩을,28
요원들,28
요리가,28
덴마크,28
배신할,28
꽂아,28
알고싶지,28
무인,28
요원에게,28
존경하고,28
존경심을,28
심실성,28
부당한,28
부딪힌,28
셔츠에,28
부끄럽게,28
폐하가,28
말하기도,28
막았어,28
힘들다,28
동정심,28
공주야,28
피해자들의,28
삼촌과,28
공포로,28
험프리,28
살펴봤는데,28
돛,28
미래로,28
일수도,28
마함,28
피자를,28
같은가,28
히라키,28
만나죠,28
무거워요,28
가발,28
해왔어,28
원래의,28
대화에,28
원수를,28
지불,28
피하기,28
원하지도,28
그림에,28
막으려는,28
아니라네,27
변치,27
10년을,27
별의,27
지어다,27
예방,27
예고,27
가상의,27
말하기는,27
심장마비로,27
코너를,27
아니겠어요,27
돼야지,27
됐겠지,27
뉴스는,27
별들이,27
예로,27
수없습니다,27
눈길을,27
공황,27
영광이,27
원이,27
아들에,27
아들이요,27
일이라고요,27
일이랑,27
미식축구,27
심박,27
꾸며낸,27
황금의,27
활화산,27
서두르세요,27
당시의,27
델타싸이,27
델가도,27
예수님을,27
살아있잖아,27
영국이,27
부르자,27
일이거든,27
동안요,27
대통령에게,27
월리를,27
설치하고,27
워싱턴에서,27
마찬가지입니다,27
그정도는,27
가마,27
설치한,27
해주게,27
미쳤냐,27
명령한다,27
대표님이,27
대표로,27
열어줘요,27
일했지,27
느린,27
느낍니다,27
추진기,27
알려줄래,27
부모들은,27
생존자,27
조심해야지,27
부부의,27
알고도,27
하든가,27
존중하고,27
묶인,27
러시아어,27
졸려,27
되냐고,27
살래,27
영감님,27
되구요,27
높으신,27
몇이야,27
예언이,27
허허,27
옛적에,27
동물과,27
아렌델의,27
지나쳐,27
요청하고,27
요청했어,27
꺼져라,27
심폐소생술,27
하루라도,27
조끼를,27
알아냈습니다,27
가라구,27
욕,27
크리스탈,27
배신하지,27
람세스,27
배웠다,27
레이나,27
레버를,27
알려줬어요,27
뎁이,27
응답하세요,27
의대를,27
미치고,27
미치겠다,27
입닥쳐,27
관객이,27
산은,27
열쇠도,27
예정대로,27
옛날의,27
인생이란,27
잃어버리지,27
수비,27
열린다,27
함정이야,27
오거라,27
하면서요,27
실패하지,27
띄고,27
끔찍하지,27
끔찍하다,27
몬,27
펭은,27
라라,27
방지,27
끊어진,27
짧아,27
꺼예요,27
심정을,27
말죠,27
알맞은,27
만났군요,27
아들입니다,27
입으세요,27
추억,27
만났습니다,27
아들들,27
멕시코에,27
테스트는,27
케인,27
웃어봐,27
더그는,27
흥분돼,27
심하지,27
않던,27
봤다고요,27
않았네요,27
하늘과,27
레지던트야,27
레지던트들이,27
않았으니까요,27
거주,27
셈인가,27
서명해,27
깨지고,27
봤겠지,27
당기는,27
끌리는,27
포도주,27
끔찍하군,27
했겠어,27
소금을,27
헬리콥터가,27
할수도,27
인상적인,27
관에,27
될거라,27
뮤직,27
술집을,27
연결을,27
있건,27
입학,27
아름답군요,27
아름다웠어,27
아름답구나,27
있는거요,27
연결해서,27
연결하는,27
서버를,27
하는겁니다,27
집에서는,27
제국은,27
권력이,27
감정들을,27
깨어있고,27
알지요,27
깨어나고,27
않는걸,27
좋았고,27
몰핀,27
끝났으니까,27
말해줬으면,27
무기와,27
웨스턴,27
아까도,27
근무가,27
지금이나,27
강화,27
아멜리아를,27
개새끼가,27
설명하고,27
있어야합니다,27
움직였어,27
코코넛,27
할배,27
사이죠,27
증언,27
뚱땡이,27
소련이,27
목표에,27
방과,27
젖어,27
실비,27
암은,27
뚜껑,27
왜이렇게,27
포제,27
문득,27
테이프가,27
향수를,27
있다더군,27
있다간,27
관점을,27
여행할,27
인간들을,27
오다가,27
모르거든요,27
수련,27
메모리,27
메모,27
이후의,27
대체할,27
설득력,27
무덤이,27
있었냐고,27
있었다네,27
마음속,27
총격을,27
사업의,27
만들라고,27
필요하고요,27
대중의,27
대의,27
위에는,27
있었지요,27
용서해주세요,27
죄없는,27
하는거라고,27
퍼,27
애매한,27
거였고,27
환각이,27
환상이,27
의심스러운,27
후딱,27
로봇을,27
봄에,27
부품을,27
환경에서,27
위대하신,27
던져요,27
던져버려,27
두수씨,27
던지기,27
사생활에,27
밀어붙여,27
사실이니까,27
필요한거야,27
여자애한테,27
토대로,27
토레스와,27
있을거다,27
괜찮아졌어,27
스노든은,27
차기,27
똑같을,27
닭을,27
밟아요,27
가슴에서,27
건도,27
나눠야,27
2백만,27
정찰,27
나가신다,27
본능적으로,27
폭력에,27
분노에,27
분노와,27
실망시켰어,27
정했어요,27
초과,27
토론을,27
둥,27
노래해,27
둘에,27
여왕에게,27
여기지,27
자네야,27
오랜만이군,27
60초,27
바깥으로,27
혈압도,27
토시키,27
치매,27
뭐때문에,27
자극,27
이해하실,27
토멘,27
멍청했어,27
네이선,27
자녀가,27
체중,27
자는데,27
토빈,27
사무실의,27
프로그램의,27
5명,27
스카프를,27
멋있게,27
발표가,27
망치를,27
야벳,27
패리스,27
패턴,27
하시기,27
달래요,27
정도에요,27
불도,27
확인해볼게,27
똑같죠,27
맞겠지,27
나무도,27
달러나,27
닭은,27
봉합사,27
용의자의,27
망했네,27
길가에,27
갑옷을,27
떨,27
데이브가,27
클라인,27
하시길,27
하시게요,27
그라고,27
이것밖에,27
왕자의,27
왕이여,27
목은,27
고등학교에서,27
즉흥적으로,27
지팡이를,27
벗기고,27
보다가,27
선택하는,27
멀쩡하게,27
한편으론,27
오말,27
보는거,27
마법사를,27
형상을,27
자비에,27
바라나,27
쇼티,27
상태도,27
상태라,27
엠마가,27
드럼,27
바다는,27
엠파이어가,27
위해서였어,27
위해서입니다,27
대상을,27
세금도,27
스테이크를,27
에이프릴이,27
가질수,27
나사가,27
달라지지,27
클레어를,27
얄,27
떠오른,27
발생했어요,27
맞는데요,27
확인됐습니다,27
떠오를,27
절친이,27
점도,27
젊은이가,27
안지,27
안정됐어요,27
이겼지,27
도시와,27
차면,27
2번째,27
중요할,27
만들지마,27
중인데요,27
바라는게,27
넘기는,27
넘어가죠,27
오스본,27
사람은요,27
드리려고,27
에스코바는,27
공급을,27
확보했습니다,27
확신하는데,27
확신하고,27
해서든,27
주연,27
그래야겠지,27
이기기,27
이길거야,27
이기적이고,27
거부하지,27
싶으시다면,27
했답니다,27
절제를,27
차이점을,27
점심때,27
점수가,27
드론이,27
상황만,27
바람피는,27
너머에서,27
치울,27
사람이니까요,27
다녔지,27
상호,27
오븐에,27
다넬,27
이지랑,27
통화하고,27
먹을수,27
낼게요,27
작성해,27
작동합니다,27
떄문에,27
불행하게,27
전화라도,27
신들께,27
도왔어,27
얕은,27
전합니다,27
전투기,27
나왔나,27
이득이,27
안전은,27
하나와,27
도와드려요,27
도와주셔서,27
떠돌이,27
드웨인,27
상황이다,27
에구,27
드시죠,27
에드먼즈의,27
통화할,27
든다고,27
엉망,27
먹었니,27
작자가,27
사람들에겐,27
자진해서,27
대비를,27
내장,27
사라가,27
전술사관,27
식사나,27
맞추기,27
전쟁과,27
블로그에,27
닫혀,27
생각했고,27
가능하다,27
얘기함,27
군인들을,27
나아진,27
기다리던,27
만은,27
만의,27
아이랑,27
선장이,27
세는,27
손자가,27
15초,27
15일,27
척수를,27
치인,27
다닌다고,27
처음이라,27
처해,27
슬프지,27
사라져라,27
바비가,27
잘게,27
바비큐,27
사냥은,27
쐈는데,27
고소,27
가게요,27
행복의,27
다라고,27
물었을,27
세대가,27
우주인,27
기존,27
하길래,27
주인공은,27
기저귀를,27
폴은,27
전만,27
전문의가,27
전부였어,27
선배는,27
걷자,27
싸가지,27
갈건데,27
하진스는,27
참가할,27
참석,27
때문인지,27
나올지,27
발견했다고,27
신고할,27
나타샤,27
참치,27
적혈구,27
단체,27
모하메드,27
이때까지,27
해냈습니다,27
도착하는,27
생각하지는,27
문화,27
화내지마,27
받아주지,27
어기면,27
루시어스의,27
주잖아,27
주임원사,27
기적이야,27
나한테만,27
안되지만,27
무스,27
데려와라,27
갔소,27
줄께요,27
보아라,27
강아지야,27
사내가,27
보스턴에,27
그런다면,27
직전이야,27
이상했어요,27
친구이자,27
경치가,27
것일지도,27
바위를,27
시간낭비,27
내리라고,27
시간이군,27
구경이나,27
기억한다,27
죽는거야,27
걸리진,27
보험에,27
죽든,27
보입니까,27
받으려면,27
비누,27
주저하지,27
전까지는요,27
국민의,27
판단하지,27
물어보지도,27
머피의,27
들어갔고,27
바이킹스,27
잘했지,27
엄마한텐,27
오크,27
돌면서,27
온건,27
준비하게,27
준비하지,27
내려갈게,27
것이냐,27
것이라면,27
것이란,27
시간이네,27
뿐이니,27
잡는다,27
시공간을,27
시달리고,27
들어본적,27
들어온다,27
엄마들은,27
내게로,27
머리속에서,27
걸어다니는,27
걸어갈,27
걸어가고,27
어딥니까,27
갇혔어요,27
단계가,27
키티,27
비장,27
파이크,27
저항을,27
매기는,27
창피하게,27
저질렀어,27
죽어야만,27
싸워야지,27
화면을,27
화살이,27
창에,27
거기를,27
품은,27
거기에는,27
낳지,27
얼어죽을,27
케이스는,27
준비됐다고,27
직전,27
휴대폰은,27
아프다는,27
아프단,27
죽인게,27
가르시아가,27
가르쳐줄게,27
위험하니까,27
콜롬비아의,27
윌의,27
데니스가,27
릭스비,27
풀이,27
안겨,27
매달아,27
날지,27
죽였던,27
갔어야,27
딸들을,27
어디냐,27
쿠키는,27
와본,27
옷으로,27
버스로,27
버번,27
루크한테,27
주지사님,27
풀면,27
18일,27
윌슨이,27
틀렸다,27
이상하게도,27
벌금,27
훤히,27
하겠는데,27
많군요,27
시버트,27
시설로,27
진실에,27
들어주는,27
남편분의,27
언니들,27
빼구요,27
저놈을,27
찾아내지,27
다행스럽게도,27
다행으로,27
이름이지,27
찾아갈,27
저명한,27
시장은,27
받겠습니다,27
받겠지,27
비트,27
매독에,27
3명,27
저놈들은,27
파운드를,27
비추는,27
저사람이,27
시작하도록,27
빠샤,27
빌지,27
이르지,27
찾아오면,27
파악,27
파악이,27
이름은요,27
했었지만,27
모자라서,27
해골,27
비행이,27
표정으로,27
죽었으니,27
싸웠다,27
돌려받을,27
겁주고,27
머나먼,27
얼마가,27
시몬,27
시몬스,27
티를,27
구역은,27
얼간이가,27
잤던,27
겁낼,27
틴,27
반기지,27
찾으셨어요,27
남자친구랑,27
물론이에요,27
장애를,27
남았네요,27
맥문,27
시작됐습니다,27
재밌군,27
곳이다,27
올려서,27
다치고,27
칠레,27
죽이거나,27
거든요,27
그러렴,27
고용된,27
거라니,27
그러더군,27
쌓아,27
대령의,27
세상이야,27
세상에선,27
어뢰,27
찾아보는,27
표현하는,27
리사가,27
거라며,27
한가운데,27
올바르게,27
키웠어,27
이루는,27
이루어,27
팀이에요,27
빠졌죠,27
재단,27
등장,27
모양이구나,27
이불을,27
속여,27
재미있지,27
등은,27
남아있을,27
17세,27
팀원들이,27
무사해요,27
세우는,27
소프트웨어,27
잰,27
찾아봤는데,27
션이,27
같대,27
아니구,27
짓이었어,27
짓이다,27
해보자구,27
몰리가,27
보건,27
꼭두각시,27
수술이야,27
아닐텐데,27
아닐거에요,27
보겠다,27
과소평가,27
영구적인,27
지점이,27
그분들이,27
지명,27
마케팅,27
출신이죠,27
충동을,27
코너가,27
웃으면,27
코뿔소,27
아는구나,27
미란도,27
미래도,27
지식이,26
성과가,26
묘지에,26
알기를,26
꿀을,26
하래,26
알렉스도,26
몰랐소,26
부르기,26
부르며,26
존에게,26
지적인,26
미세한,26
미상,26
살인마,26
영광의,26
일들도,26
동안에는,26
수익을,26
성님,26
가만있지,26
가릴,26
였습니다,26
태운,26
무게,26
고문하고,26
베일의,26
말할지,26
알리가,26
알리기,26
터는,26
놔두세요,26
동상,26
명령도,26
미워할,26
못들었어,26
죽을거에요,26
악랄한,26
아픈가,26
기분으로,26
킹스랜딩에서,26
남았다고,26
어울린다고,26
곳이고,26
빔,26
어무이,26
반응도,26
찾아도,26
저녀석,26
푸세요,26
많은지,26
검시관이,26
디노,26
혼자서요,26
반대쪽으로,26
어쨌다고,26
재밌군요,26
재밌겠네,26
다쳤니,26
원자,26
원은,26
선생님은요,26
선생의,26
해냈다고,26
남아야,26
남은건,26
듯합니다,26
들었어야,26
뺏은,26
머리나,26
것밖에,26
모아나,26
속하지,26
온몸에,26
장난하냐,26
남쪽에,26
티셔츠를,26
겁먹게,26
혹이,26
맥키,26
듭니다,26
티렐,26
남편분,26
혼수상태에,26
혼을,26
한건가,26
맨션,26
찾으실,26
들을수,26
들자면,26
들이쉬고,26
디트로이트,26
재산이,26
언론의,26
구석에서,26
친척,26
온도,26
이번은,26
올드,26
악성,26
화난거,26
홀에,26
찾다가,26
이름이나,26
빌게요,26
시장의,26
날짜는,26
어무이요,26
빠뜨린,26
저깄다,26
시작해도,26
빌리가,26
저럴,26
따러,26
진정시켜,26
이민,26
했잖나,26
했을지도,26
올랐어,26
다투는,26
남들처럼,26
어머니에,26
남는다,26
들었냐,26
장비도,26
납셨네,26
겁주려고,26
닥터한,26
죽었지만,26
보이트,26
저번엔,26
우리한테서,26
데려다주고,26
해치워,26
훌쩍,26
훌륭합니다,26
표정은,26
악수,26
악몽이야,26
풀렸어,26
데렉은,26
대로야,26
컴퓨터는,26
옷이야,26
키스가,26
적어요,26
세탁기,26
올라가자,26
시민이,26
시선,26
휠체어에,26
18개월,26
친구였던,26
돌려주세요,26
썼을,26
걸치고,26
어떻지,26
했었잖아요,26
했었던,26
구석구석,26
났었어,26
장담해,26
장례식은,26
시체에,26
파완,26
매니저가,26
생각하도록,26
비자,26
비웃고,26
파일들을,26
갇혀있는,26
잡죠,26
잡으려,26
죽어버려,26
표면에,26
적대적,26
비요른,26
걸릴지도,26
걸맞는,26
것만이,26
기밀을,26
고속도로에서,26
그러질,26
뽑힌,26
기도할,26
17년,26
풋볼을,26
리듬이,26
안그랬어요,26
리모컨,26
악명,26
따라잡을,26
매력적이야,26
윗,26
장군을,26
호스트가,26
다른사람,26
사과하러,26
바이러스의,26
바이바이,26
없다는게,26
들립니다,26
내린다,26
손가락은,26
손과,26
옥희,26
뿐이라구요,26
만화책,26
보여줍니다,26
시나리오는,26
구두를,26
들어보고,26
들어봤나,26
챙겼어요,26
챔피언이,26
처녀가,26
한다는거야,26
다물라고,26
가운을,26
뿌리는,26
다음부터,26
샘플이,26
잡혔습니다,26
머리만,26
머리의,26
들어줘요,26
엄한,26
비슷하지,26
딸애가,26
딸에,26
들어갑시다,26
잘해서,26
시간이죠,26
트리비아니,26
친구라는,26
해봤죠,26
죽기도,26
후크,26
안되는거야,26
그랬다는,26
죽어가,26
커피도,26
컨설트,26
전기도,26
어겼어,26
걸렸습니다,26
받으라고,26
이니드,26
단테,26
우리나라,26
유론,26
잘있어요,26
승상,26
새우,26
오이야,26
이야기나,26
친구라,26
없겠어요,26
전문가의,26
판막을,26
판도라,26
싶지않아,26
참아야,26
우리딸,26
후퇴하라,26
보호하려,26
주인공을,26
이러실,26
도착한다,26
계셔서,26
전등을,26
어둠은,26
때부터요,26
브랜,26
갈등이,26
대사관에,26
대비해야,26
우회로를,26
데려올게요,26
블러드,26
화장실도,26
맡겨요,26
나혼자,26
보안관은,26
준비해주세요,26
바위에,26
잘렸어,26
내세요,26
범죄는,26
진공,26
케빈이,26
돌아가라고,26
잔이,26
보수는,26
쓰는게,26
만족,26
흐음,26
없을거다,26
없으신가요,26
슬퍼하지,26
각본을,26
각도를,26
척하지,26
먹었나,26
먹는거,26
새롭고,26
이와사키,26
마당에서,26
풍경을,26
돌아가셨죠,26
바보였어,26
없어지면,26
사냥꾼이,26
들러리가,26
없습니다만,26
폼,26
안들어요,26
우후라,26
세대의,26
트래커,26
교회로,26
잘못하고,26
흑인이,26
나으리,26
발견을,26
브로드웨이,26
선임,26
무명,26
선은,26
혜성,26
먹었네,26
판타지,26
식으로는,26
전이요,26
블랙홀의,26
완벽하군,26
계속되는,26
카르텔,26
전설을,26
얘기라도,26
전화하게,26
묻겠습니다,26
문좀,26
묻겠다,26
생각했었는데,26
팍팍,26
걸렸네요,26
해야겠군요,26
해안에서,26
가보라고,26
프라이어,26
마련이다,26
마디로,26
하여,26
전화번호부,26
군도,26
팔꿈치,26
때죠,26
붙잡혀,26
왔다면,26
천국의,26
사람들로부터,26
낼거야,26
발생할,26
발생하는,26
신만이,26
이동하고,26
닫습니다,26
목격자는,26
도왔어요,26
달란,26
사람들에게서,26
이유이기도,26
행복이,26
가겠네,26
질렸어요,26
복권,26
확률,26
불의,26
사라져요,26
슬론이랑,26
자체로,26
4주,26
먹을게,26
너두,26
스틱,26
바랬던,26
롤러,26
폭풍우가,26
안왔어,26
안에요,26
양심에,26
자야겠어,26
듣겠어,26
모른척,26
이기려면,26
복수는,26
복부를,26
주셔야,26
복잡하고,26
긴장되는,26
나아졌어요,26
용왕님,26
멀리아,26
이자,26
상한,26
천사를,26
사람들이지,26
차우더,26
약속하마,26
점에서,26
먹이는,26
스피커,26
스프레이,26
모르실,26
너한테만,26
넓고,26
500달러,26
멀어서,26
문제인가요,26
불쌍하게,26
불쌍해,26
맞는다고,26
차예요,26
차트리,26
했다면서,26
클레어랑,26
그럴수가,26
쓰레기통에서,26
안중에도,26
안전한지,26
불렀다,26
신부의,26
맞거든,26
떠올려,26
드랙스,26
설거지,26
케이크가,26
고생이,26
고려하지,26
던졌어요,26
법으로,26
마리에,26
돌아보면,26
이전에도,26
다녀야,26
교도소로,26
갱스터,26
보람이,26
법과,26
만으로도,26
쥔,26
줬네,26
보는지,26
가지고있다,26
흘릴,26
무렵,26
선회,26
못하잖아요,26
모르던,26
이쪽에서,26
치유가,26
이집트에서,26
넘버,26
넘긴,26
스타일은,26
오말리랑,26
오른쪽을,26
자문,26
드라이버,26
드는데요,26
바다의,26
사람한테서,26
오만한,26
타워를,26
너희랑,26
가짜로,26
바라봐,26
첫번째는,26
보답으로,26
엠파이어로,26
스콧을,26
겪었는지,26
가시,26
로럴,26
감정적,26
실례할게,26
정신과에,26
나갈래,26
달러로,26
계시네,26
유혹에,26
데려왔지,26
퀸시,26
데에는,26
발키리,26
약속하는,26
이거에요,26
카슨,26
가능할까요,26
그때의,26
주무셨어요,26
후보에,26
그라믄,26
갑옷,26
본건,26
육신을,26
줘야해,26
줘야겠어,26
여기부터,26
마법으로,26
굴을,26
정리가,26
야수로,26
불량,26
토하는,26
톰을,26
넣으려고,26
뒤통수,26
여동생과,26
둘중,26
둘러봐도,26
노력중이야,26
네바다,26
혈소판,26
사막을,26
네트워크에,26
괜찮으시면,26
녀석들에게,26
멍청이들아,26
5명의,26
아쉽게도,26
오메,26
자랐고,26
잊기,26
상처만,26
향기,26
이해한다고,26
니네가,26
큰일이에요,26
왕이다,26
굴착,26
불꽃을,26
야생동물,26
건배를,26
아빠였어,26
프레이,26
닮았네,26
있으시죠,26
초기에,26
사본을,26
년도,26
아빠다,26
있으면요,26
광산에서,26
가능한가요,26
분이요,26
떼어낼,26
망상에,26
차단해,26
나누지,26
망설이는,26
신참,26
토레스를,26
퍼지는,26
정직,26
분노하고,26
감당하기,26
패드,26
분홍,26
가능한가,26
결과적으로,26
슈레더,26
메달,26
메달을,26
니커슨,26
익숙해요,26
늦추지,26
오래도록,26
센서를,26
그다음엔,26
애디슨은,26
애리조나는,26
위스키를,26
있으라,26
쉽다,26
쉽고,26
환각,26
후가,26
앉아만,26
감쪽같이,26
죄송하네요,26
깁스를,26
밴에,26
은하가,26
아버지인,26
대장은,26
몬티,26
몬카다,26
담배도,26
의상은,26
부하들은,26
부품,26
있었을지도,26
노릴,26
덕분이죠,26
증명하려고,26
그렇다고요,26
아비가,26
프로젝트는,26
베가스,26
놀라,26
역사에서,26
역시나,26
역시도,26
늙었어,26
인물은,26
오닐,26
인간에,26
두자고,26
상수,26
이혼이,26
뭐하는데,26
오라버니,26
공식적으로는,26
동료들과,26
모래를,26
아무렇게나,26
아말,26
아군,26
울타리를,26
있었냐,26
6명,26
있었는데도,26
할렘,26
토끼는,26
밀린,26
위니,26
보내자,26
프림,26
마약은,26
플래시가,26
글은,26
아미타불,26
믿어줘요,26
결정된,26
두렵게,26
있어야돼,26
결심을,26
그레이랑,26
그레이스는,26
애기는,26
앞쪽에,26
방법밖에,26
칸의,26
의원님은,26
소란을,26
할멈,26
사이즈가,26
뜨개질,26
걱정했어요,26
실망,26
뚫린,26
이거군,26
문어,26
실수라고,26
끼,26
늦었군,26
하셔야죠,26
로디,26
백성들은,26
알파가,26
실없는,26
외과의는,26
제복을,26
압박이,26
지나가던,26
최고를,26
사적으로,26
사장님을,26
있는걸요,26
추가적인,26
잇는,26
봐야할,26
않았구요,26
봐서요,26
은총을,26
용감했어,26
욕실에,26
그녀석이,26
제롬,26
서명이,26
당해서,26
답변이,26
끝난다,26
방식의,26
끝날거야,26
말했는지,26
포스트,26
지구상의,26
개로,26
설명하는,26
대통령께,26
웨슬리,26
있는동안,26
근무는,26
요청이,26
있는거고,26
가졌지,26
흥분되지,26
있는다,26
믿는게,26
허락이,26
동료와,26
덉뼱,26
감염의,26
꺼내줘요,26
않았을거에요,26
실수했어,26
실제가,26
좋아하긴,26
사춘기,26
사진이에요,26
테스,26
끔찍하죠,26
졌습니다,26
라그나는,26
알아봐야,26
알아보기,26
외롭지,26
쫓겨난,26
될것,26
며칠은,26
가졌으면,26
숨겨놓은,26
숨고,26
할아버진,26
6천,26
탈리,26
제트,26
귀도,26
끔찍하네요,26
산드라,26
미친놈이,26
면상을,26
그레이트,26
인적,26
감사하는,26
부정할,26
가뒀어,26
햇빛,26
몫이야,26
소대장,26
소냐,26
라과디아,26
사태에,26
추락하고,26
가라앉고,26
캘럽,26
짱이야,26
편이죠,26
조니의,26
조류,26
11살,26
피부과,26
지치고,26
필요치,26
아들들은,26
지내는지,26
희망에,26
케익을,26
집중이,26
회복될,26
동생이에요,26
개념을,26
지나갑시다,26
아나킨,26
가져왔죠,26
농사를,26
의견도,26
거쳐,26
락,26
말하겠어,26
부서를,26
캔들,26
요트,26
요청했어요,26
인질이,26
느끼면,26
잃었네,26
7분,26
연합,26
싫어한다고,26
싫어하는데,26
배고프다,26
미국과,26
농담이었어,26
놈들이지,26
입장에선,26
미첼은,26
되었네요,26
열렬한,26
탱크를,26
크리스티나에게,26
도데체,26
배고프니,26
짜릿한,26
말해보라고,26
알려줄게요,26
부분이지,26
편은,26
캐스린,26
졸업한,26
그거는,26
심사,26
러시아가,26
의무,26
생활도,26
샤오스,26
축복,26
허브,26
충전해,26
결혼했잖아,26
열어봐요,26
되더라,26
의도한,26
의도로,26
허세,26
예예,26
수정헌법,26
출발을,26
놓치는,26
읽기,26
살리지,26
읽게,26
그만두세요,26
막아요,26
함대,26
지위를,26
피해자들이,26
그림자를,26
병신이,26
지루하게,26
영적인,26
미리암,26
살았습니다,26
수염을,26
만나니,26
부다페스트,26
같다면,26
병사는,26
아드님을,26
살펴봐야,26
원장,26
피해자와,26
별들을,26
변화에,26
누워요,26
충동적인,26
심박동이,26
랭,26
알기는,26
지냈죠,26
아들이랑,26
축하를,26
헛되이,26
아놔,26
꼴도,26
않을테니,26
짓이든,26
당신입니다,26
음흠,26
핸드백,26
캘리포니아에,26
좁아,26
예상한,26
누나의,26
필라델피아,26
그쪽을,26
만날수,26
그룹을,26
평판이,26
배와,26
마크햄,26
필립이,26
갖은,26
지문은,26
벨기에,26
영국인,26
태어나면,26
수술이나,26
병원도,26
영화야,26
탓이라고,26
헛간에서,26
예기치,26
코도,26
일이겠지,26
만나야겠어,26
약효가,25
뭐하는거지,25
않으신,25
기억해라,25
나쁜건,25
각기,25
딸들,25
저희들이,25
슬픔이,25
바쁘고,25
해줬잖아,25
대답해요,25
갈테니,25
물었더니,25
난소,25
진짜지,25
목격,25
우리끼리만,25
받아줘,25
먹는데,25
바쁘지,25
인간이란,25
이었습니다,25
라이벌,25
아기와,25
해치는,25
만드신,25
마실까,25
오케,25
들리는군,25
사나운,25
손뼉,25
근데도,25
마지막을,25
지루하지,25
보관하는,25
비밀에,25
관한거야,25
막대,25
끼는,25
끼어,25
의사랑,25
보낸거야,25
일어납니다,25
적응이,25
피닉,25
히스,25
걷지도,25
히틀러의,25
피타를,25
마이애미로,25
사진으로,25
숨기는게,25
두려웠어,25
공장이,25
방문하는,25
햇살을,25
어디가요,25
관장,25
담겨,25
펌프를,25
페르시아,25
페르시아의,25
요리사,25
끝내주는군,25
가족이라고,25
절호의,25
차이점은,25
끼칠,25
웨이터,25
말했다면,25
뛰어나,25
부족이,25
대책을,25
도구,25
공포와,25
만나봤어요,25
소식이라도,25
지경이야,25
영주,25
얘기할까,25
집중해서,25
종류가,25
배관공,25
하려는거야,25
고리,25
수업에서,25
명함,25
누굴까요,25
일으키기,25
종양의,25
외딴,25
외국에,25
나가길,25
무장을,25
권총을,25
제안한,25
생생하게,25
정하지,25
소아,25
2년동안,25
그럴지도요,25
셰퍼드의,25
정체,25
맞는다면,25
애로,25
영웅이에요,25
얘기하자고,25
끊는다,25
누나도,25
가버린,25
미묘한,25
편지도,25
어긴,25
나사를,25
조수가,25
수의사랑,25
지들이,25
그에게는,25
되찾는,25
마취제,25
묵고,25
뜻에,25
이러시는,25
숙제는,25
실질적인,25
비난하고,25
떠났던,25
2009년,25
보겠어요,25
끝난거야,25
제임스호가,25
실종됐어요,25
절차는,25
답니다,25
끝난게,25
인사해야지,25
똑딱,25
인생이죠,25
동생인,25
일어났다고,25
말해줘도,25
상관은,25
와줘,25
제이와,25
제이의,25
미치가,25
예상대로,25
살긴,25
수술이요,25
일어났지,25
테러가,25
좀비가,25
불멸의,25
애슐리,25
애설스탠,25
달라져,25
수익,25
이놈들아,25
노인네,25
만들었다는,25
섣불리,25
인연이,25
사이트를,25
의학을,25
약품,25
이건가,25
대안이,25
뭐했어,25
분장을,25
명이요,25
똑똑하네,25
확인해볼게요,25
위원회에서,25
정신감응,25
숲속에서,25
카리나,25
왔었지,25
요점만,25
베아트리스,25
불쌍해서,25
발생하고,25
마시구요,25
미션을,25
플랩,25
출혈로,25
궁금하군요,25
끝나게,25
출구로,25
메세지는,25
일이십니까,25
숲은,25
음식으로,25
결혼하기,25
의사인,25
녹아,25
11일,25
햇빛이,25
담엔,25
나노,25
혀가,25
이러니까,25
얘기해봐요,25
뭐하자는,25
누구신지,25
나올까,25
때문이잖아,25
하룻밤만,25
베트리즈,25
말해달라고,25
피우면,25
가졌는지,25
베일리와,25
살아라,25
태어났다,25
만남,25
만난적이,25
왔는지도,25
전통이,25
달빛,25
요제프,25
달도,25
마법같은,25
꽃도,25
요기,25
가르치려,25
정신없이,25
크리스틴이,25
위장을,25
묶을,25
생쥐,25
나거든,25
나갔지,25
마우이,25
숨소리,25
귀찮아,25
팔았어요,25
양키,25
양복을,25
수술방에서,25
예술을,25
놀다가,25
수준에,25
끄세요,25
지난번엔,25
성장하고,25
웨버는,25
관여하지,25
피라미드,25
아델이,25
가르치려고,25
정문으로,25
정밀,25
증명하고,25
또래,25
나디아,25
추운데,25
플로리다에서,25
연구하는,25
분파,25
강의를,25
팔머,25
부와,25
부어,25
졌다고,25
성하의,25
관심사가,25
미워요,25
부딪혔어요,25
함께하게,25
수준이야,25
못할까,25
귀는,25
젠장맞을,25
않을걸세,25
성장을,25
탈장,25
경계선을,25
옛날처럼,25
과자를,25
염증이,25
늑대를,25
않지요,25
감각,25
심을,25
소설이,25
동맥류를,25
밝혀졌습니다,25
느껴졌어요,25
절단된,25
못하실,25
앨드리지,25
신고해야,25
나는요,25
정맥을,25
걱정이에요,25
라니스터는,25
찰리가,25
켄이,25
원했지만,25
비비,25
아냐아냐,25
그후,25
와인은,25
왕자님이,25
편도,25
맞았잖아,25
떠나도,25
위해서다,25
설명하죠,25
고르고,25
명성이,25
산다면,25
켄은,25
배신했다고,25
맞았고,25
생계를,25
했다네,25
몰려올,25
나이지리아,25
계신가,25
사용했던,25
망쳐놨어,25
조회,25
베가스에서,25
받아들이면,25
될것이다,25
소리치는,25
아군이,25
꾸며,25
일자리가,25
사운드,25
산드레,25
보내신,25
심부름,25
알리바이,25
차량으로,25
소리지르는,25
라틴어,25
아래는,25
쓸모없어,25
근거,25
단숨에,25
그려진,25
랜달,25
살살해,25
부모님이랑,25
필요하다구요,25
허공에,25
모두에,25
수분,25
집행,25
살려내,25
미쳤군요,25
약물에,25
할머닌,25
취했을,25
몰라야,25
해버려,25
접수,25
확대,25
알아보자,25
숲속에,25
터널에,25
결혼했다고,25
놔두는,25
놈이었어,25
즐기라고,25
오공아,25
나무들,25
포가,25
치료제는,25
읽으면,25
할수록,25
오겠다고,25
있겠구나,25
보냈을,25
할때마다,25
배신을,25
부를게요,25
신사들의,25
이곳에서의,25
부른다고,25
추진력을,25
사이트에서,25
미쳐버릴,25
닫아야,25
뭐하는거니,25
알아들어요,25
쉐퍼드에게,25
금지되어,25
대열을,25
운전이나,25
못하는군,25
창녀를,25
단기,25
계산은,25
소음을,25
모처럼,25
매니랑,25
매너,25
창조주의,25
키트,25
묻었어,25
침착해요,25
침착한,25
흔들고,25
흔들지,25
흔들리는,25
기다렸죠,25
레이를,25
걸어라,25
찾겠어요,25
기다려줘,25
기다리는데,25
따위를,25
홉킨스,25
날아가서,25
초를,25
광장에,25
광란의,25
할걸요,25
따위에,25
말투,25
여왕이야,25
둘이요,25
오래됐어요,25
가디언,25
포기했어요,25
포기해야,25
날아서,25
여자니까,25
텔러가,25
레지나,25
꺼버려,25
받는게,25
꺼내지도,25
꺼냈어,25
가보렴,25
쓰러졌다,25
있으려나,25
슈퍼맨,25
메간,25
밀지,25
여우가,25
선에서,25
무릅쓰고,25
콘돔을,25
날아가,25
어떠신가,25
시지,25
모자란,25
찾아낼거야,25
3도,25
빈센트는,25
상은,25
메러디스도,25
상자는,25
닥터베일리,25
킴멜,25
있을만큼,25
대위가,25
거절했어,25
레이스,25
집이다,25
않았단,25
중년의,25
아이씨,25
15번,25
아이요,25
보살피는,25
파도를,25
모르겠거든,25
중독이,25
가사,25
좋아서요,25
다행이죠,25
올리버가,25
수고해,25
하더구나,25
심하다,25
좋아하니까요,25
날이네,25
깨졌어,25
집어서,25
집어쳐,25
1천,25
쓰는거야,25
중대,25
매운,25
꺼내요,25
여러모로,25
뒤로는,25
만지지마,25
위협적인,25
우현으로,25
음성을,25
어림없어,25
깨어있는,25
캠프가,25
좋아할까,25
검게,25
셀리아,25
여러분들께,25
행크가,25
수고했네,25
사명을,25
체포한,25
네놈들,25
스위치가,25
媛,25
딜런은,25
할거라,25
뒤쪽으로,25
남들보다,25
남녀,25
빙글리,25
매혹적인,25
파괴해,25
물고기를,25
깨달음을,25
뒤져서,25
마누라는,25
아직까지도,25
풀을,25
휴가가,25
세력을,25
잭의,25
쟤네들,25
찾아봤어요,25
타입이야,25
사례를,25
사로잡혀,25
회의실로,25
매장,25
그녀에겐,25
욕심이,25
고장이,25
모욕을,25
어쨋거나,25
구조대,25
맥스는,25
포함해,25
아처,25
공룡이,25
아티스트,25
자도록,25
핑크색,25
휴대전화를,25
모양이죠,25
검정색,25
등신,25
사랑했지,25
가지라고,25
남자다운,25
스카이의,25
협정을,25
여기보다,25
포장,25
감정의,25
체스터,25
멋진걸,25
올라와서,25
올라오는,25
어텐딩이,25
행사가,25
돌아옵니다,25
우주선은,25
못하겠네요,25
언급,25
하는거니,25
봉쇄하고,25
검시관,25
팀에게,25
맥켄지,25
앉어,25
3일간,25
올라갔어,25
올라간다,25
채널을,25
그러지마요,25
풀었어,25
구역이,25
겁나서,25
한겁니다,25
주는게,25
쏘게,25
그대로의,25
짐작이,25
짐승이야,25
싶어한다고,25
빼낸,25
드니,25
본인도,25
본성을,25
밖에서는,25
윗층에서,25
컵을,25
바다와,25
아프기,25
거니깐,25
우선이야,25
언덕을,25
가기도,25
가기만,25
대마초를,25
치워라,25
바라지만,25
다가오지,25
형수,25
자막에,25
스킵,25
주려고요,25
바라진,25
드레싱,25
에코,25
드려서,25
자막은,25
안합니다,25
안해서,25
안테나,25
장소도,25
주겠니,25
로빈스는,25
구스타보,25
얹고,25
납치해서,25
자산,25
자말에게,25
스탁,25
넘어선,25
맹장을,25
넘어가요,25
강력하게,25
죽일거라고,25
타워에,25
돌아왔네요,25
번째야,25
스탠바이,25
보였고,25
이상하군요,25
그들중,25
자발적,25
스택하우스,25
한적이,25
자살은,25
틀림없습니다,25
다에게,25
상품을,25
에이바,25
통제권을,25
자세로,25
자물쇠를,25
얻어서,25
들으렴,25
물품,25
행복했으면,25
유후,25
데를,25
로프,25
모르핀을,25
모르시는,25
얻었습니다,25
구분,25
온도를,25
너무해,25
해치진,25
값비싼,25
값은,25
것들로,25
에라,25
에런,25
스톰,25
에식스,25
자아를,25
틀렸네,25
드릴까,25
통해요,25
경험한,25
공간은,25
스트라이커,25
먹히는,25
천연,25
낮엔,25
것들이지,25
한낱,25
장난이에요,25
속해,25
잡으려는,25
낳으면,25
잡아줄,25
바랄게,25
우스워,25
물어도,25
샘과,25
생각나서,25
기회만,25
기회다,25
타이어가,25
아픈가요,25
모를걸,25
버렸습니다,25
복도로,25
복수하려고,25
복용,25
후로는,25
말씀드리기,25
다녀왔어,25
너니,25
이식은,25
가고있어,25
바친,25
리스트가,25
하고픈,25
보이길래,25
론은,25
그래두,25
가이드,25
얼음에,25
폭풍에,25
질문이에요,25
너구리가,25
세트를,25
호주,25
투명한,25
스페이스,25
스파이크,25
자켓을,25
겨울에,25
튼튼한,25
너더러,25
자전거가,25
리디아는,25
구룡아,25
것에도,25
머물지,25
바텐더가,25
이유없이,25
고담의,25
상황이에요,25
챙겨야,25
처,25
챙길,25
잠들었어요,25
40년간,25
호출에,25
하나였어요,25
머시아의,25
내려가는,25
경치,25
친구들이야,25
들어갔죠,25
이안은,25
질거에요,25
들어보면,25
들어보니,25
시간인,25
돌아가도,25
없거나,25
가자구요,25
내려가자,25
쿵푸,25
게임이나,25
기술적,25
보이소,25
기술이지,25
잠들게,25
데려오고,25
선로,25
말까,25
리더를,25
데려와요,25
잠든다,25
기억의,25
기억안나,25
버티는,25
공개할,25
바지는,25
기증,25
머프가,25
승자는,25
주자고,25
주장이,25
안믿어,25
호감을,25
들려줘,25
없었다고요,25
들러,25
공격했어요,25
공격해서,25
공격한다,25
먹었다고,25
거미가,25
우드,25
석션해,25
오자마자,25
죽긴,25
세척,25
죽겠는데,25
사귀어,25
교체,25
잘랐어요,25
잘래,25
하기전에,25
승무원들을,25
안되는데요,25
보호막을,25
기자들이,25
보잖아,25
내줘,25
오웬이랑,25
하기위해,25
없는걸요,25
내말을,25
들를,25
잘났다,25
그분께,25
아니겠습니까,25
성난,25
대학생,25
그말,25
댁을,25
몽키,25
지옥같은,25
아니시죠,25
병도,25
희생할,25
못했겠지,25
교정,25
눈치채지,25
벽으로,25
예쁘다고,25
눈알을,25
탓을,25
공포는,25
예거,25
동정심을,25
삼고,25
말했어야지,25
권력에,25
도망쳤죠,25
눈동자,25
막을수,25
아니래요,25
제독,25
비롯한,24
하지마라,24
참조,24
촬영은,24
관할,24
맡았던,24
짓거리,24
종말의,24
시킨대로,24
가족끼리,24
와인이,24
심오한,24
종교는,24
가족들의,24
관절,24
계셨네요,24
않지만요,24
가방에서,24
시타,24
창백해,24
파초,24
캠이랑,24
단순해서,24
화면이,24
뭐하는거죠,24
오는거야,24
인내심이,24
인기있는,24
공부해야,24
비밀스럽게,24
테치,24
경우에도,24
동굴에서,24
오느라,24
66초,24
데이트할,24
가버렸어요,24
쓰지도,24
6개,24
난처한,24
그것밖에,24
비서로,24
마비스,24
벗어나려고,24
보답을,24
기능도,24
응급실은,24
음악으로,24
오도,24
합쳐,24
현관,24
익명,24
인간이라고,24
셜록은,24
핵폭탄,24
캘리포니아에서,24
부근에,24
배우려고,24
부끄럽지,24
단독으로,24
레아,24
회사도,24
레이크,24
레이의,24
그럴만,24
중이라서요,24
필요했거든,24
변호사랑,24
시켰지,24
결백을,24
쉬면,24
막힐,24
없었고요,24
세개,24
싸운다고,24
대원이,24
중인가,24
골목에서,24
옷과,24
독립적인,24
창녀라고,24
슬프다,24
슬픔은,24
쉬도록,24
쉬라고,24
새디,24
새에,24
대답도,24
다리의,24
사내는,24
창조주께선,24
이었지,24
창자,24
어디쯤,24
무섭니,24
게스트,24
저항할,24
비정상적으로,24
이럴줄,24
내사,24
모바일,24
흔드는,24
손아귀에,24
지불하지,24
지미는,24
아니었을,24
있었답니다,24
있었다구,24
노아의,24
뚱뚱하고,24
누를,24
구했다,24
히컵,24
보려는,24
중요하고,24
히로코,24
히드라가,24
할꺼에요,24
따위로,24
제스가,24
제스는,24
화끈하게,24
소울,24
제물로,24
어땠을까,24
오랬동안,24
오류가,24
제거하려고,24
북부는,24
가득차,24
광산의,24
초대해서,24
암호화된,24
건강과,24
부터요,24
미로,24
텔레비전,24
살펴봤어요,24
노래할,24
밀,24
뛰라고,24
캘리의,24
알았을까,24
요청해,24
코브라팀,24
벤치에,24
심장박동이,24
워워,24
어떠십니까,24
둘게,24
영향력이,24
경기에서,24
생신,24
도망자,24
실제로도,24
예쁜아,24
도망간,24
실망시킬,24
계약이,24
쓰레기는,24
무리한,24
있을거요,24
똥이,24
노력했지만,24
여자나,24
비켜줘,24
밥이나,24
똥물,24
원하진,24
누구하고,24
몇달동안,24
실례할께요,24
정책을,24
매달리는,24
매달린,24
매니한테,24
필름이,24
마친,24
그분들은,24
날씨도,24
받길,24
미린의,24
페레그린,24
시절로,24
구할거야,24
찾아냈지,24
정장을,24
실종자,24
학살,24
둥근,24
제외하곤,24
밀짚모자,24
지도자는,24
상자에서,24
말해줬지,24
가깝죠,24
다행입니다,24
모임에서,24
애요,24
살은,24
토니가,24
토레스랑,24
일어났다,24
말해줬죠,24
여보게,24
포도,24
밧줄이,24
일리노이,24
않았군요,24
몇몇의,24
봤단,24
배은망덕한,24
누이,24
눈치가,24
살았으면,24
누군가에,24
운에,24
수익이,24
과도하게,24
기대되네요,24
눈치도,24
괜찮겠니,24
일반외과,24
기다리시면,24
애타게,24
모르겠나,24
중계,24
중단하고,24
중국인,24
해봐야겠어,24
맛있겠다,24
소리여,24
닥쳐라,24
분위기는,24
독약을,24
카일이,24
분에게,24
계약에,24
똑똑하니까,24
애초부터,24
인형은,24
수잔은,24
명으로,24
영국으로,24
살인도,24
삼촌도,24
일이었다,24
흉터는,24
메그,24
스님,24
여사,24
헛소리는,24
매인워링,24
헤리,24
위험한지,24
명심해요,24
의미하는지,24
토비는,24
도둑은,24
띄엄띄엄,24
감사하다고,24
음성으로,24
보고에,24
당최,24
아드레날린이,24
출력,24
만날까,24
그룹은,24
집이랑,24
따라오시죠,24
저년이,24
곰팡이,24
의상이,24
캠한테,24
그정도로,24
몰핀을,24
셈이에요,24
ㅠㅠ,24
항구에서,24
네요,24
베일리쉬,24
또요,24
뭐라나,24
카운트,24
행크는,24
바구니에,24
닭고기,24
쳐다봐요,24
보시게,24
태워버려,24
영구,24
공주의,24
일렉트라,24
빌려줘,24
분이라고,24
파괴될,24
한가운데서,24
한개,24
쟤넨,24
앤디를,24
불결한,24
딘이,24
떴어,24
저기도,24
성당,24
물건들은,24
못할겁니다,24
시작하는데,24
섬머,24
아주머니가,24
일거야,24
느꼈다,24
올려야,24
포로,24
빠르네,24
해적들이,24
시작으로,24
여기저기서,24
워너,24
지났습니다,24
지났다,24
지내면,24
기대해도,24
감사한,24
정보로,24
미안할,24
과장님도,24
방정식을,24
경쟁을,24
경쟁자가,24
부은,24
부인이에요,24
알아야할,24
배후가,24
미야미즈,24
미안하고,24
어린애를,24
깨서,24
실행할,24
않단,24
않는가,24
미국에선,24
모니카가,24
열정과,24
거울아,24
계기가,24
곳에는,24
일치하지,24
이별,24
공부는,24
찾아왔습니다,24
염소를,24
패러데이,24
맥스를,24
남았잖아,24
검색해,24
밟으면,24
준비했습니다,24
강은,24
하게끔,24
아치,24
밝히지,24
아침의,24
감기가,24
이틀이나,24
재장전,24
서비스가,24
아트로핀,24
샀죠,24
알아봤어,24
앨리,24
알아선,24
벌어질지,24
디스코,24
디씨,24
일개,24
속에선,24
왕자와,24
디나,24
어쩌자고,24
태워줄까,24
태워줄,24
넣었지,24
스카이가,24
일정한,24
남자들도,24
웃기지마,24
어유,24
어지간히,24
스캔들,24
아라리가,24
스카이는,24
네게는,24
왕이야,24
돌아온다,24
여기까지야,24
도슨,24
남자애들은,24
집안을,24
문장을,24
달지,24
않고서는,24
좌석에,24
좋을꺼야,24
싶겠지만,24
수트를,24
가르쳐요,24
가르쳐준,24
신인,24
사랑하니,24
사랑하세요,24
패배,24
떨어지세요,24
떨어졌을,24
소린이,24
달려요,24
못써,24
윈터펠로,24
누,24
일주일은,24
5달러,24
죄인을,24
죄지은,24
밝혀낼,24
차례대로,24
하느님께,24
맥주도,24
시원해,24
재미도,24
생각의,24
신속히,24
앉아있어요,24
터널이,24
마저리,24
구원자들이,24
보고해야,24
80년대,24
들일,24
혼날,24
불꽃놀이,24
쩨나이,24
답장이,24
장착,24
구분할,24
실험실은,24
엘런,24
졌지,24
관객,24
이틀동안,24
오른발,24
돌에,24
당국에,24
20세기,24
말씀해주실,24
말해야겠어요,24
시스템의,24
상관없지만,24
드라마를,24
과학의,24
보여주자고,24
벌리고,24
생각이세요,24
생각이었는데,24
뱀을,24
킹스,24
요거,24
소개하지,24
미쳐가고,24
까먹고,24
밖에요,24
합격,24
서명하면,24
틈,24
남한테,24
놓쳤나,24
돌기,24
장소와,24
엘리스는,24
놓쳤습니다,24
캠프로,24
무엇인가를,24
데브,24
일합니다,24
놓치게,24
놓치겠어,24
도와달라는,24
고아가,24
약속대로,24
정글을,24
명령만,24
방해만,24
거대하고,24
방해한,24
해두지,24
목소릴,24
생겼나요,24
언덕에,24
들은게,24
데려간다고,24
나부터,24
오말리를,24
치워야,24
접근하면,24
달려가서,24
다가갈,24
끌려,24
부상자,24
라스,24
라이온은,24
지나간다,24
안할게요,24
지나도,24
피고는,24
나무야,24
되시면,24
피드백,24
엘리베이터가,24
마이크의,24
마이크와,24
폭력으로,24
폭동,24
주거나,24
공장을,24
안토니우스는,24
로스를,24
인턴에게,24
호출해서,24
공장으로,24
말씀이신가요,24
김준식,24
김정은,24
장식을,24
절대로요,24
떠드는,24
겁쟁이처럼,24
겁주는,24
언젠데,24
더운,24
움직이자,24
다음에도,24
이사회는,24
지경이,24
피그,24
피곤할,24
스타워즈,24
웨스,24
찾을거에요,24
시민들은,24
방향은,24
훨,24
번즈,24
리처드를,24
강력계,24
고려해야,24
우웩,24
움직입니다,24
코카인이,24
잃었나,24
잃어버릴,24
강력히,24
휘플,24
해도요,24
번째가,24
팝은,24
싫더라,24
7대,24
이상적인,24
숙녀가,24
주동안,24
뱃지를,24
주목해,24
주된,24
안하지,24
떠났습니다,24
너희들한테,24
통제하지,24
앤디랑,24
할지를,24
되십시오,24
도와줘야겠어,24
클리블랜드,24
왔다고요,24
바라볼,24
공원의,24
차이점이,24
자살이,24
신부에게,24
자세가,24
맞다는,24
달라고요,24
카림,24
3차원,24
혹독한,24
이쁘네요,24
베이,24
갈렙,24
치사한,24
장난하지,24
차징,24
데릭에게,24
데려왔죠,24
확보했다,24
안타깝게,24
확고한,24
얼룩이,24
추구하는,24
지구상에,24
1206호,24
얻으면,24
갖고있어,24
아기들,24
속이려고,24
구멍으로,24
에미,24
너무하네,24
개미,24
대박이야,24
확보할,24
유니콘,24
진실만을,24
사람이기,24
감사히,24
추적했어요,24
그들만의,24
면역이,24
얼굴이나,24
선생님이야,24
된건가,24
이내로,24
요구한,24
도달,24
마운틴,24
긴장이,24
꿈처럼,24
곳인지,24
그때마다,24
주셨지,24
사람마다,24
너였구나,24
천재가,24
울리면,24
멀리는,24
넋이,24
멀린,24
울었어,24
개새끼들아,24
돌려주지,24
들어줄게,24
오해한,24
생각했겠지,24
도와줬으면,24
관두자,24
설득,24
성자,24
맞다니까,24
로즈가,24
불안정하고,24
생각해보자,24
장난으로,24
장난은,24
생각했기,24
소설은,24
들어오시죠,24
엄마만,24
낳았어요,24
목사는,24
목숨과,24
엄마요,24
것엔,24
아픈지,24
찰스는,24
나오려고,24
하자고요,24
한다며,24
뾰로롱팜므,24
미팅은,24
착해요,24
불편을,24
했다니,24
너라도,24
가능성에,24
오션,24
프리츠,24
필요하다구,24
너때문에,24
산부인과에,24
부모에게,24
버림받은,24
신데렐라,24
싫어했어,24
수사가,24
수사는,24
잡아주세요,24
이잖아요,24
전처럼,24
입히고,24
놈들아,24
순찰을,24
색으로,24
뿐이지만,24
멤버가,24
가을에,24
이송,24
소식에,24
조짐이,24
썅년,24
죽여주마,24
이동하는,24
보이는게,24
소송이,24
주시해,24
기초,24
가볼께요,24
가보자고,24
질문이네요,24
배들이,24
환자죠,24
조언은,24
거부하면,24
짜증이,24
잡았죠,24
잡자,24
잡을수,24
랄프는,24
대답해봐,24
통화했는데,24
에녹,24
거품이,24
4층,24
가봐라,24
꿈꾸고,24
커터,24
놀랐죠,24
바리스,24
놀래라,24
아미가,24
대중,24
씬,24
놀리면,24
에드윈,24
에고,24
곳이잖아,24
최선이에요,24
호출기,24
관리자,24
관리할,24
안갈거야,24
대접,24
사라진다,24
요상한,24
걸레,24
엄지,24
간거지,24
업계,24
시간쯤,24
싫은가,24
하려구요,24
고쳤어요,24
다니잖아,24
가루를,24
해커,24
걸거야,24
스페인어를,24
세월동안,24
죽었을지도,24
시간이라,24
손자를,24
다니니,24
해냈네,24
새겨져,24
돌아갈래요,24
슬로운,24
냅킨,24
말리지,24
질러요,24
시간이면,24
부를까,24
셸비,24
요법을,24
씨로,24
잠복,24
던졌어,24
즐기게,24
데릭도,24
갔거든,24
즐겨라,24
유지를,24
지키게,24
하나에요,24
연달아,24
연대,24
씨드를,24
상사랑,24
친구들하고,24
다름없어요,24
상사에게,24
놀랍고,24
잠자리에,24
들어볼래,24
그렇다니까요,24
프로스트,24
왔겠지,24
300으로,24
타라고,24
달래,24
리그,24
리더는,24
돌아갑니다,24
돌아갑시다,24
식의,24
해결되지,24
보이더라,24
식품,24
완벽하고,24
데려갈거야,24
데려갈게요,24
벙커,24
발견되었습니다,24
기억나죠,24
발견해서,24
하이킹,24
완성된,24
들어갈까,24
우리들에게,24
도우면,24
데려다줘,24
큐브,24
됬다,24
거물,24
될때까지,24
작동하는지,24
최선이라고,24
듣는다면,24
자판기,24
때리면,24
들어갔는데,24
나왔잖아,24
기억들을,24
기억들이,24
보일거야,24
뭐하지,24
향기가,24
부르셨어요,24
싸웠지,24
말까지,24
비교적,24
블랙브라이어,24
기증자,24
존재라고,24
시간마다,24
부르려고,24
처방,24
훌륭하네,24
닫았어요,24
물어봐서,24
조합을,24
국제적인,24
주장하고,24
짓입니다,24
진행중인,24
기차는,24
트라우마를,24
트라팔가,24
가게는,24
규제,24
심고,24
4명,24
헵타의,24
사다리를,24
없었을거야,24
흘리게,24
탄약이,24
보냈나,24
벗어봐,24
바보같아,24
있는건데,24
먹었으면,24
있는거예요,24
개자식을,24
커버,24
마술사,24
마쇼,24
다른곳에,24
버리죠,24
거보다,24
필요한가요,24
부르던,24
핸드,24
의논할,24
캐피톨,24
부르든,24
요리사가,24
트럼펫,24
걸로는,24
전보를,24
손님들을,24
없다면요,24
골라야,24
전입니다,24
주제로,24
전세계가,24
캐스가,24
해놨어,24
잔에,24
들린,24
없애야,24
기울이고,24
소아과에,24
카라가,24
받으셨어요,24
이라니,24
식구가,24
들리나요,24
연결하고,24
죽던,24
말든지,24
하기는,24
해외로,24
숨어요,24
피터를,24
역겨워요,24
변신을,24
지우는,24
변호사도,24
변호사님,24
숨쉬어,24
카논이,24
원하는거,24
이대로는,24
지배하고,24
말하는군,24
해야할까,24
인간처럼,24
지붕으로,24
모레,24
두드려,24
두드리는,24
그림이야,24
벨이,24
두고봐,24
부러워,24
참이었는데,24
지붕을,24
아니니깐,24
같던데요,24
존중하는,24
별은,24
병동에,24
졸업식,24
삼가,24
짓이냐,24
전까지요,24
말하더군,24
경매,24
함은,24
눈이야,24
심장기,24
살해하고,24
함장님은,24
그렇구만,24
그렇구요,24
살펴볼,24
수술하면,24
헛,24
그렇고말고,24
제리카,24
아사드,24
쓴거야,24
소란,24
의사지,24
금은,24
눈먼,24
흘리며,24
별들의,24
환경이,24
부하들에게,24
그립다,24
보냐,24
프랭키가,24
참이에요,24
제리가,24
몽고메리가,23
변신하는,23
힐에,23
동창회,23
하셨거든요,23
몫이,23
맘은,23
원인,23
원점으로,23
끝내줄,23
뜬금없이,23
퍼진,23
문자도,23
왜곡,23
부품이,23
같아도,23
성관계를,23
먹어야겠어,23
돌아가셔서,23
유스티스,23
선박,23
죽나요,23
유모가,23
잘못이예요,23
먹는게,23
이왕이면,23
보잘,23
처음도,23
태국,23
경력은,23
사과해야,23
교체할,23
고마움을,23
코스를,23
일년에,23
끼쳐,23
지장을,23
말했었어,23
막내,23
마틴은,23
찍었죠,23
앞엔,23
알이,23
알았잖아요,23
지미씨,23
마티니,23
아니었소,23
병실,23
돌아다니며,23
갔었잖아,23
주제는,23
안되는거,23
표본,23
거리입니다,23
주책아,23
없어졌다고,23
안돼는,23
안대,23
세탁소에서,23
없애버려,23
없애기,23
트레일러에서,23
앞에서는,23
도망치면,23
펜이,23
부치,23
충분하다,23
환자나,23
원했다고,23
뚫는,23
팬케익,23
찔려,23
정확합니다,23
아는거지,23
병장님,23
웃지도,23
웃지마,23
안되겠어요,23
루크의,23
타오,23
타월,23
사니,23
하나다,23
안될거야,23
후야,23
들러리를,23
그랬으니까,23
1977년,23
트롤의,23
트로이,23
사라졌네,23
먹었을,23
작품의,23
생명에,23
생깁니다,23
문앞에,23
목표물이,23
대학도,23
원하오,23
아닐지,23
영원하다고,23
몇명,23
실패로,23
고마워라,23
그사람을,23
듣지마,23
이웃들,23
손바닥을,23
모셔와,23
작동하고,23
표정이야,23
섞인,23
큐브를,23
후퇴해,23
후퍼,23
잠깐의,23
훈장,23
냈습니다,23
주지도,23
진행된,23
기집애,23
르네,23
죽었으니까,23
죽여버리고,23
살이에요,23
제임스호는,23
미들급,23
예상하고,23
끝났나,23
퍼레이드,23
눌러서,23
미도리,23
누군갈,23
똥구멍,23
하나님께,23
주위의,23
기억엔,23
잘해줘,23
호세,23
질리,23
그래햄,23
기지에서,23
1년도,23
싸요,23
말렴,23
친구인데,23
롬,23
안아줘,23
안아보자,23
폴로,23
것이었습니다,23
친구란,23
누구였죠,23
경과를,23
의학에,23
가시나,23
분이네요,23
정신으로,23
누구였는지,23
망가지고,23
끔찍히,23
제쳐두고,23
됐단,23
영리해,23
감사절,23
햇빛을,23
망가질,23
훔쳐갔어,23
안나는,23
공격으로,23
돌볼게요,23
진짜라면,23
들것에,23
작아요,23
잠궈,23
손전등,23
1943년,23
훔쳤지,23
세탁,23
가루가,23
강간하고,23
기압,23
기술적인,23
기억나네요,23
기절한,23
투자한,23
의심되는,23
의술을,23
답답한,23
정면,23
띄면,23
희망도,23
희망이야,23
담보로,23
일과는,23
아놀드는,23
그룹에서,23
보고서가,23
앨리슨을,23
밟는,23
미안요,23
태어났지,23
태어났다고,23
영광이네요,23
일러요,23
하나뿐이야,23
유난히,23
먹인,23
상황이라고,23
머잖아,23
질문이군,23
안전벨트를,23
유인해,23
오해는,23
처리하게,23
자체는,23
겠습니다,23
든든한,23
정신없는,23
액체가,23
굽는,23
성분이,23
불가능하지,23
정신병원,23
수수께끼를,23
떼라고,23
팬더가,23
편견을,23
지날,23
미안한데요,23
뿐이었다,23
들어야지,23
사람과는,23
자지도,23
다녀온,23
너로,23
돌아다녀,23
내놓을,23
특수한,23
머물러야,23
뿐이란다,23
번이면,23
하구나,23
색스,23
다니엘이,23
다니며,23
거란걸,23
기사도,23
번쯤,23
분파를,23
미안해하지,23
가능한지,23
라도,23
알아줘,23
되기엔,23
일하는지,23
감사합니다만,23
말해주려고,23
수술대에서,23
수수께끼의,23
뇌로,23
출발해야,23
말해줄거야,23
쫓겨날,23
일하다,23
택했어,23
느껴본,23
대답하면,23
쌤,23
많은게,23
그러겠어요,23
그러기로,23
주었고,23
겠구나,23
교수는,23
자칭,23
가운데서,23
머릿속으로,23
머릿속을,23
엄마들,23
가볼께,23
가봐도,23
주에는,23
버리기,23
얼만지,23
클라이브,23
계신다고,23
20분이나,23
쪼그만,23
걱정하게,23
말해준다면,23
원했잖아,23
야마자키,23
일하나,23
열흘,23
아내분,23
켄지,23
카이사르는,23
코와,23
무너뜨릴,23
사람이거든,23
뽑아서,23
죽이겠지,23
잡히고,23
잤는데,23
내놓고,23
모른대,23
죽을거라고,23
리셋,23
거랑은,23
일하세요,23
했던가,23
정답을,23
목적에,23
카심,23
정답,23
불길이,23
신시아,23
정도예요,23
추후,23
20일,23
보고하지,23
웃기죠,23
생전에,23
당겨라,23
지나야,23
지지하는,23
지나칠,23
길다,23
다니게,23
이잖아,23
내년에는,23
말씀도,23
굉장했어요,23
자입니다,23
것만으로,23
것만은,23
것들이에요,23
뼈도,23
박사님께,23
생각나네,23
시도도,23
드리려고요,23
널렸어,23
스토킹,23
스토리를,23
말해주게,23
놔뒀어요,23
부시가,23
해변이,23
외상성,23
헤매고,23
축제를,23
축제에,23
열은,23
합병,23
놓여,23
놓아줘,23
추지,23
채소,23
먼가,23
얼려,23
낮,23
얼마지,23
온나,23
박스에서,23
박은,23
잡았고,23
길이지,23
록시,23
지나가지,23
아기처럼,23
만드려고,23
조난,23
라슨,23
라이칸,23
열기가,23
달려서,23
갈지도,23
수학여행,23
아래의,23
발전,23
아름답다,23
나사로,23
군인이야,23
절름발이,23
열상,23
되십니까,23
되었나요,23
떨어졌지,23
솔직하지,23
모르시겠어요,23
용서받을,23
용납하지,23
많았는데,23
하겠군요,23
빼앗을,23
얼간이야,23
무서워해,23
풀러,23
리즈가,23
바랐어요,23
컨디션이,23
유럽의,23
지금쯤은,23
나비가,23
왕국으로,23
귀엽다고,23
싫대,23
걱정되서,23
알아냈죠,23
라이라,23
끊어야겠어,23
쪽의,23
건졌어,23
터치다운,23
인사할,23
목소리만,23
달려가,23
문제라는,23
들었잖아요,23
간대요,23
싶어했어,23
주문은,23
바라세요,23
버려서,23
본보기로,23
친구잖아요,23
자살로,23
뭉쳐야,23
바라야지,23
곤,23
불쌍하다,23
젊어,23
이노마타,23
도와줄까요,23
도와주기로,23
웡,23
웨더스,23
절망에,23
절대요,23
약자를,23
불태워,23
합병증,23
라일라,23
알수가,23
농부,23
임상시험,23
이년이,23
의미심장한,23
의미하죠,23
의미한다,23
연습해,23
도나는,23
문제일,23
달동안,23
나아가,23
착하구나,23
면허증,23
멸종,23
할텐가,23
관계로,23
숙련된,23
시뮬레이션을,23
이빨에,23
모시러,23
하겠습니까,23
찾을게요,23
장모님,23
낫겠죠,23
맹장,23
스타일을,23
다그다,23
멈추기,23
죽이길,23
질투할,23
강력해,23
17일,23
자식한테,23
약혼녀가,23
불안정해,23
사회가,23
관둬요,23
문제점을,23
왔구만,23
임신했다고,23
결혼하기로,23
하와이에,23
갈비뼈,23
필요하대요,23
배꼽,23
꿰매야,23
지금까지의,23
남편분을,23
바라자고,23
겁주려는,23
거스를,23
하나였어,23
맹세하지,23
끈을,23
붙었어요,23
마에스터,23
알루미늄,23
농담이겠지,23
귀요미,23
양쪽에,23
생검을,23
도와준다면,23
위도,23
설계한,23
입구가,23
하잖니,23
보내는데,23
보내도,23
불평하지,23
지켜야죠,23
아버님께서,23
코스튬,23
베를린으로,23
만들려,23
자랑하고,23
안했죠,23
서버,23
센터가,23
몸무게,23
준대요,23
은하계,23
데모,23
데미안,23
데만,23
바닥까지,23
돌아왔다고,23
엘리엇이,23
썼잖아,23
자식들도,23
우습지,23
소송에,23
응답해요,23
헬기에,23
연락하세요,23
결혼기념일,23
알려드리겠습니다,23
랄라,23
닫게,23
클리게인,23
조종해,23
꿈이라고,23
놀아도,23
사주고,23
착용,23
틱톡,23
몸매,23
언어로,23
구슬을,23
기르고,23
닌자,23
상태라고,23
이쪽이요,23
해볼께요,23
핏,23
릴리랑,23
요리하는,23
얘기하는거,23
울기,23
무대가,23
놀리고,23
결투를,23
감시가,23
서두르고,23
샤워할,23
오겠어,23
모든것에,23
얘기하는거야,23
얘기하는데,23
팔러,23
프로젝트가,23
상냥하고,23
지킬게,23
아비는,23
브렛,23
발가벗고,23
식을,23
신경써야,23
완벽,23
만들어내는,23
전체적인,23
전파,23
맞추면,23
얘기할게요,23
최은설,23
글씨가,23
말씀해보세요,23
협회,23
엘리트,23
남자지,23
맥주는,23
대기실에,23
주긴,23
깊숙한,23
본부에서,23
짐승처럼,23
보았지,23
쏘지마,23
폭발물이,23
그대와,23
물러서서,23
생각되면,23
체육관에서,23
바뀌기,23
보았어요,23
나위,23
사진들,23
꾸게,23
때에요,23
있냐구요,23
테스트가,23
취하는,23
입증할,23
놈만,23
씨랑,23
꽉잡아,23
말하도록,23
존재에,23
징그러워,23
뭐하게,23
참석할,23
가졌다면,23
할아버지도,23
숨기기,23
어찌해야,23
억양을,23
선언합니다,23
앉으렴,23
뭐냐고요,23
상태였어요,23
생각으론,23
모였어,23
후계자가,23
혼란이,23
하느냐,23
등록된,23
맥주가,23
강해서,23
씁니다,23
최고인,23
전부라고,23
결정해요,23
테마,23
핸드폰은,23
꼼꼼히,23
거짓말하면,23
요원들은,23
키루밍즈,23
죄송하다고,23
체내,23
모양이네요,23
찾았네요,23
빠져나와,23
가지구,23
톰슨,23
남자란,23
재미있네요,23
남잘,23
재료를,23
자료에,23
가족이지,23
듀이,23
여기다가,23
엠마는,23
여가,23
멈췄고,23
네게도,23
혈종이,23
자료는,23
멋있네요,23
2011년,23
참을성이,23
모래가,23
상상하고,23
가야겠군,23
얘기했잖아요,23
갈겁니다,23
하라구요,23
꽂힌,23
존과,23
러시아인,23
벗어요,23
지키겠습니다,23
식료품,23
식물을,23
참여하는,23
식구들,23
파티라도,23
때다,23
판단에,23
탄약을,23
다쳤고,23
재밌겠네요,23
뒷조사를,23
곳에서는,23
모욕감을,23
좋은아침,23
좌석을,23
어째서죠,23
포착했습니다,23
고의는,23
은밀하게,23
곁들인,23
이방인,23
거의요,23
포크,23
로니가,23
크기로,23
경적,23
3명을,23
벌었어,23
디완,23
재우고,23
무언가에,23
강요,23
쏟아져,23
강아지는,23
하강,23
식당은,23
사자를,23
숨어야,23
여행에서,23
전남편이,23
받았는데요,23
어긋나는,23
인디아,23
인명,23
숫자에,23
논의,23
활주로,23
두려울,23
인사하는,23
역할에,23
알게될거야,23
전략이,23
평판을,23
말하던데,23
프랭크를,23
않을걸요,23
거짓말인,23
믿었는데,23
촬영한,23
나치는,23
쓸거야,23
만들었군,23
창백한,23
금으로,23
마사지를,23
보느라,23
쉐퍼드예요,23
이메일이,23
생각좀,23
대관식,23
좋은거지,23
깨끗합니다,23
좋았지만,23
십자가를,23
여기죠,23
했을거에요,23
세대,23
마녀를,23
기도나,23
사막으로,23
12일,23
아셨나요,23
13살,23
셋이나,23
종교적인,23
녹음된,23
두리,23
적지,23
국가는,23
도처에,23
이러다가,23
단위로,23
위에선,23
케이지가,23
당연해요,23
좋아했다,23
않는다구요,23
않는단,23
여깄네,23
타인을,23
바꿔줄,23
배트맨,23
해군의,23
가에서,23
그녀석,23
州,23
좋아했을,23
포를,23
포스가,23
않더라,23
봐주면,23
좋으세요,23
찾아다녔어,23
뭐라는거야,23
모르겠다는,23
시티의,23
상세한,23
상의를,23
여정에,23
가상,23
낙태를,23
화물은,23
파트너야,23
시키려고,23
측면,23
있었나봐,23
6개월을,23
칩시다,23
노인이,23
남녀가,23
찾아오지,23
반응하지,23
반에서,23
간호사들,23
매시간,23
생각처럼,23
메뉴,23
묻는데,23
도착할거야,23
비스트,23
비었어,23
상상해보세요,23
그렇게되면,23
레이놀즈,23
좋니,23
좋구요,23
보니깐,23
테이프로,23
두자,23
여자분,23
두분은,23
꺼내면,23
풍선을,23
대비,23
당했다고,23
따라가고,23
자극을,23
쳐들어와서,23
깨우고,23
당일,23
당했는데,23
토미는,23
뒤틀린,23
사면을,23
올렸어,23
기다리는게,23
하킴과,23
저쩌구,23
저주가,23
저장,23
회사야,23
해석,23
대사는,23
컸지,23
레빈슨,23
집착,23
좆을,23
꼬인,23
믿잖아,23
갤런,23
위쪽으로,23
딸기사시미,23
저한테서,23
운전자는,23
못하는거야,23
못하나,23
데이비드는,23
모르구요,23
모르겠는,23
감옥은,23
타잔,23
생각하는거에요,23
시장님이,23
가봐야해요,23
배치,23
깨지는,23
고속도로를,23
우편,23
않던가요,23
비행기도,23
찾아내고,23
간호사에게,23
촛불,23
초질량,23
생각하라고,23
보라는,23
광선,23
중요성을,23
구해줬잖아,23
흔들리고,23
프랑스어,23
객관적으로,23
따르게,23
만져봐,23
중요하다는,23
시절에는,23
이해한,23
오던,23
어떻니,23
찾기위해,23
구해주세요,23
여봐라,23
쳐야,23
슈트루엔제,23
쳐다볼,23
쳐다도,23
사방으로,23
바가지,23
레이븐,23
돔을,23
사업가,23
여어,23
날아가는,23
매니의,23
비정상적인,23
창자가,23
거절하면,23
봤었어,23
서로한테,23
침투,23
욕구가,23
받는다면,23
시주,23
옳다는,23
레자,23
않았다구요,23
그날을,23
밋첼은,23
토네이도,23
노래만,23
있을께,23
만이야,23
소총,23
소질,23
모자는,23
봤대요,23
봤다니까,23
선장은,23
가보면,23
가보는,23
레지는,23
좋대,23
비키니,23
비켜줄래,23
빌딩에,23
기대고,23
아이린,23
무방비,23
소장님,23
어땠죠,23
괜찮다구,23
매듭,23
모험이,23
동,23
파우더,23
초월하는,23
이루고,23
닥치지,23
이루어질,23
쉽지가,23
광활한,23
아니었군,23
막으려면,23
막았어요,23
변호인,23
원하든,23
지붕이,23
변호사에게,23
벽돌,23
병력은,23
그만두라고,23
지수야,23
미란다가,23
함선에서,23
그리도,23
별로인,23
교육은,23
외곽,23
제시카가,23
마틴이,23
히피,23
누르세요,23
앞둔,23
끝이죠,23
방문자,23
90초,23
끝내버려,23
확장,23
암살자,23
변호를,23
고통에서,23
옆의,23
원하니까,22
변해서,22
변호사야,22
소동이,22
예기,22
눈썹을,22
공중에서,22
수술하게,22
제물을,22
걱정했는데,22
앞만,22
일어난건지,22
일상으로,22
햇살이,22
가드너,22
제안에,22
히드라,22
일에만,22
같더라고,22
피해자인,22
가호를,22
주황색,22
표시해,22
말래,22
지상의,22
지시로,22
지원할,22
같습니까,22
해왔어요,22
막히고,22
고마울,22
동업자,22
충돌을,22
교통사고로,22
척이라도,22
잘못됐나요,22
세지,22
주지사,22
앞장,22
의회에서,22
실장님,22
쫓아다니는,22
권한으로,22
생방송으로,22
생사가,22
외로움,22
오신다고,22
싸웠습니다,22
페퍼가,22
그리스도,22
막강한,22
실망을,22
실베스터,22
제공하지,22
안돼서,22
그랬듯,22
그랬소,22
그랬대,22
모습에,22
바이킹,22
바이올린을,22
친구네,22
어떻다고,22
어떡할래,22
했었습니다,22
이르는,22
날이라고,22
저녁식사를,22
따라가요,22
3년을,22
늦출,22
뭐부터,22
노동,22
둘러싸인,22
메데인에,22
슈트,22
행적을,22
오두막에,22
요트를,22
크리스마스의,22
심장병,22
말콤을,22
계획이라도,22
오래도,22
초능력을,22
동네는,22
매니도,22
시체에서,22
단도직입적으로,22
단검,22
묻었어요,22
요청했습니다,22
데이터베이스에,22
데이터는,22
좋아야,22
좋아하는걸,22
봤고요,22
심한데,22
이름이네,22
친해지고,22
독실한,22
가봤어요,22
저항하는,22
파지엔자가,22
어디있니,22
어딘지도,22
우회술,22
찾고있어,22
간호사랑,22
학생은,22
프랑켄슈타인,22
법이에요,22
법의학,22
날들이,22
시커먼,22
총알도,22
사용되는,22
있었던거지,22
3년이,22
저지르는,22
말콤이,22
기다려서,22
중이,22
아이돌,22
걸어도,22
선호하는,22
셈이,22
어려움이,22
넷이,22
깨어났을,22
레지던트들은,22
감은,22
아저씨의,22
위험하죠,22
걔들도,22
기다리다가,22
그런일,22
중국이,22
직원들에게,22
기다리십니다,22
당하기,22
당직,22
6개월간,22
받아들인,22
필요할까요,22
기금,22
레벨이,22
어딘데요,22
파일럿,22
2004년,22
가비,22
모르겠는걸,22
모르겠,22
이해했지,22
저자는,22
운전하면,22
결론에,22
결백해요,22
여성들이,22
쓰는지,22
만져봐도,22
마더,22
남기면,22
저기예요,22
따님과,22
빗,22
생각하오,22
독극물,22
옷부터,22
잭슨의,22
독일어,22
메고,22
멍청해서,22
사생활이,22
쓰여진,22
쓰신,22
비상용,22
딸들은,22
난리도,22
거짓말만,22
레스터,22
묻히고,22
대비해서요,22
늦었습니다,22
사울이,22
레베카를,22
그것만으로도,22
법칙은,22
보더니,22
기는,22
비밀스런,22
맡아봐,22
상상했던,22
뭐였는데,22
부국장님,22
심히,22
하는건가요,22
파란색이,22
강인한,22
딸이다,22
인권,22
탁아소에,22
메리트,22
결심했어,22
당연,22
캠퍼스,22
네코마타,22
네놈의,22
네게서,22
단계에서,22
도착해야,22
급할,22
기계로,22
지킨,22
찾아야해요,22
파리는,22
간지러워,22
빚졌어,22
맥그라스,22
학원,22
모르겠지만요,22
자국도,22
좀처럼,22
종합,22
검색을,22
어미는,22
구제,22
기대했는데,22
쏴봐,22
여기있다,22
설계도,22
고등학교에,22
녹음한,22
여쭤볼,22
골로,22
믿든,22
관점이,22
좀전에,22
공룡을,22
말하네요,22
폐하는,22
ㅇㅇ,22
オハイヨ-ゴザイマス,22
향이,22
향하게,22
상상한,22
여러분들도,22
상징하는,22
항암,22
봐주셔서,22
매일이,22
좋았습니다,22
깨어나,22
사령관이,22
나타났을,22
소아과에서,22
말하겠지,22
배역을,22
활용할,22
레기스,22
여편네,22
녹스,22
맡기세요,22
만들었을,22
만들어지는,22
줬다,22
그렇게요,22
종교적,22
꼭대기,22
거짓말이지,22
않다구요,22
않다는걸,22
반복되는,22
크나큰,22
집어넣을,22
짓거리를,22
어느때보다,22
있더라구요,22
뒤통수를,22
생각중이야,22
다하겠습니다,22
세대는,22
범인으로,22
아줌마도,22
마누라한테,22
포로로,22
아틀라스,22
찾았구나,22
구조대가,22
치면서,22
타이틀,22
치루게,22
공부에,22
용기있는,22
품위를,22
거기서도,22
줄려고,22
넣어주세요,22
남았군,22
깨기,22
기대해,22
줄꺼야,22
나지만,22
전데요,22
국민들이,22
파티의,22
식,22
하는것은,22
감추려고,22
집사람이,22
능력과,22
6명이,22
숫자로,22
믿나요,22
비난을,22
이래라저래라,22
카드는,22
모퉁이에,22
전사의,22
평소대로,22
존중을,22
인사가,22
완벽하진,22
협상은,22
넘었어요,22
자료가,22
백혈구,22
백작이,22
나타납니다,22
보냈소,22
벗으면,22
금새,22
화성을,22
비결은,22
킵의,22
계단에,22
올레나,22
깜찍한,22
다쳤을,22
다쳐,22
뒷마당에,22
밴드는,22
재주,22
재킷을,22
검사하고,22
빠졌는데,22
빠졌다,22
반대쪽,22
로드리게스,22
속보,22
핸드폰으로,22
보냅니다,22
벗어라,22
아벨을,22
엔터프라이즈,22
검토해,22
않게요,22
등장하는,22
요소를,22
요새에,22
델리,22
최강의,22
걸리게,22
걸렸지만,22
거짓이,22
랭은,22
요원이에요,22
놀랍죠,22
놀랍도록,22
테러를,22
당신네들,22
당신네들은,22
의대에서,22
캐스팅,22
자라게,22
여겨요,22
괜찮은거에요,22
집들이,22
자들과,22
속에는,22
팁은,22
꼴통,22
관심있는,22
최면을,22
헤헤,22
두는게,22
가구를,22
생각밖에,22
스카이락,22
괴롭힌,22
오늘밤엔,22
전쟁이야,22
받을게요,22
짚,22
숨쉬기,22
전속,22
걸렸고,22
나왔던,22
시위,22
재미난,22
듬뿍,22
아트,22
선악과를,22
가르쳐줄,22
기디언,22
즐거웠습니다,22
생각안해,22
하느님과,22
하는거냐,22
효과음,22
효율적으로,22
그다음에,22
집도를,22
돌아와라,22
벙어리,22
증말,22
프로답지,22
상사의,22
상상력을,22
모두가요,22
허리케인,22
상대해야,22
도와줘야지,22
전체에서,22
받잖아,22
식으론,22
때였죠,22
완수,22
이끈,22
달라졌어요,22
통과하지,22
연결되는,22
있는것은,22
どうしたらいいの,22
베드로,22
만들어준,22
씨예요,22
웹사이트에,22
보았고,22
물러서라,22
재미없어요,22
빠질래,22
죄악은,22
폭발물,22
형사는,22
엘비스가,22
온다더니,22
온라인에서,22
남자친구와,22
겁도,22
혼란에,22
언니하고,22
친해,22
이분을,22
기립,22
엘리너,22
돌아온다면,22
돌연변이를,22
이쪽으로요,22
준비하도록,22
준비할게요,22
올라갔어요,22
웹사이트,22
운좋은,22
무대를,22
당황해서,22
은하를,22
만해요,22
보여줘야지,22
거냐고요,22
경영,22
오거든,22
팔과,22
확대해,22
붙잡을,22
전쯤에,22
목격자를,22
때쯤이면,22
돌아올지도,22
섹시하지,22
사랑스럽고,22
진심으로요,22
우스운,22
그러시군요,22
컴퓨터도,22
협박한,22
있겠는데,22
헬기로,22
자식들아,22
넘겼어,22
우울하게,22
데니소비치,22
콜이,22
콜롬비아에,22
꿇어라,22
편집증,22
알렉스와,22
알려드리고,22
된게,22
잇,22
이동하자,22
소수,22
대장을,22
전해질,22
나오니,22
나오네요,22
붙여요,22
맞았을,22
떠나질,22
갈라진,22
전화번호는,22
증명해야,22
울어봐,22
설득하는,22
움직인,22
입술이,22
활발한,22
양성,22
발레,22
맞았다는,22
입원,22
입원한,22
찰스를,22
전하러,22
전학,22
발레리아,22
순서를,22
농장이,22
연설이,22
미팅에,22
베니가,22
베리티,22
발사까지,22
붓기가,22
자랐지,22
서명한,22
놈입니다,22
입장에,22
된다니,22
보내도록,22
아가씨의,22
아가씬,22
장애물이,22
올꺼야,22
킵,22
빵집,22
사람이잖아요,22
바라면,22
격렬한,22
안하기로,22
언제였지,22
시범,22
맹세한,22
빼내고,22
밖에서도,22
본지,22
주기적으로,22
남편이야,22
끊겼어,22
될걸세,22
붙었다,22
얘기들을,22
신념,22
다음에요,22
친군,22
들으니까,22
미친게,22
추적이,22
무당이,22
꿰뚫어,22
싫어하는지,22
말할래,22
조용하네요,22
조이를,22
관뒀어,22
안하려고,22
로열,22
스테이션,22
가지요,22
한편으로는,22
한심해,22
자비로운,22
12분,22
보내기로,22
달걀을,22
문제있어,22
목사님이,22
절망적인,22
믹,22
ª,22
지그,22
지금당장,22
글로리아한테,22
순간의,22
순간에는,22
하운드,22
신뢰하는,22
아기들이,22
버겐,22
깁슨,22
돌아오세요,22
님은,22
이집트에,22
바라건대,22
넘어요,22
부모님들은,22
수상해,22
공작님,22
웨스트로,22
웩,22
더프,22
약이에요,22
약쟁이,22
인턴에,22
감수해야,22
당신께서,22
생존할,22
터져서,22
가졌는데,22
입술에,22
미친거야,22
하루하루,22
다음부턴,22
군에서,22
예의상,22
느꼈을,22
도날드,22
크리스틴은,22
헤일리를,22
7살,22
자비스,22
못생겼어,22
풀리면,22
맺는,22
시민들에게,22
멀죠,22
이사람이,22
다음은요,22
뱉어,22
틀림없는,22
한눈에,22
로키가,22
질투를,22
주목하세요,22
느낀다고,22
생겼군,22
행운,22
너희들과,22
자살하는,22
협조하고,22
바라보며,22
에스프레소,22
드렸습니다,22
본명은,22
터지고,22
돌려보낼,22
모시는,22
장례,22
에이미랑,22
멀어지게,22
다나,22
치어리더,22
느낌으로,22
클리닉을,22
카메라도,22
불만은,22
취미를,22
헌신을,22
느낀다면,22
느끼죠,22
썩게,22
채운,22
것같아,22
모른다니까,22
거든,22
서쪽에서,22
무슨일이지,22
온몸이,22
유로스는,22
유닛,22
커티스,22
자연을,22
틀어봐,22
진실로,22
썩어,22
많았습니다,22
싫어하게,22
조명이,22
그레이브스,22
고리를,22
살과,22
점수는,22
바론,22
들어주지,22
클레어한테,22
싫다니까,22
약속했던,22
팔콘,22
이기,22
알아낼거야,22
귀신을,22
알아내야지,22
얼마에,22
샌더스,22
경험상,22
돌려줄게,22
온것,22
자유자재로,22
드미트리,22
드릴을,22
으으,22
데스티니,22
육지에,22
서울에,22
낭비를,22
것들의,22
얼른요,22
잤을,22
높지,22
마지,22
부서지고,22
라스베가스에서,22
들어와라,22
들어올래,22
안전할거야,22
닿으면,22
열렸다,22
차리게,22
접근하고,22
마이클을,22
아름다웠어요,22
열대,22
열도,22
잃었지만,22
에스코바르의,22
드리도록,22
들어올려,22
복수가,22
그랑,22
버렸고,22
주변엔,22
주방을,22
하얀색,22
접선,22
나뭇가지,22
말해주길,22
자에,22
스트리퍼,22
주민들을,22
스톱,22
일했는데,22
일했고,22
예정이다,22
답게,22
외부에,22
소개하죠,22
몰랐거든요,22
터뜨려,22
멀게,22
알아둬야,22
쪽이에요,22
접근이,22
수호,22
되라,22
생겨서요,22
되던,22
자유는,22
악마같은,22
못봤는데,22
세우면,22
죽이겠다,22
기뻤어요,22
물어보는데,22
얽힌,22
리무는,22
기사로,22
퇴학,22
악마에게,22
번이야,22
거라면서요,22
너라는,22
통합,22
더군다나,22
그렸어,22
11번,22
지금이에요,22
차량은,22
일진이,22
살림,22
곤란해요,22
다녔는데,22
이익이,22
생존에,22
아래가,22
필요하겠군,22
살려둘,22
일주일간,22
성부와,22
해결할게요,22
틀,22
주었습니다,22
주셔야죠,22
잡혀서,22
주었죠,22
진화의,22
대답해야,22
월레건,22
정말이니,22
문제만,22
이것부터,22
달려있어,22
뉴턴,22
조각으로,22
공간도,22
고민하고,22
명령하는,22
수트가,22
명성은,22
만났네,22
아내요,22
월남,22
켄드라,22
사람에게서,22
바랄게요,22
엄마들이,22
들어오렴,22
간다니까,22
간단,22
카리요,22
소리쳐,22
잠수함,22
가거든요,22
색의,22
시기는,22
엄청나네요,22
자제력을,22
안가도,22
악명높은,22
라마,22
수중에,22
부에노스,22
이유만으로,22
죽음에서,22
기쁨이,22
리벤지,22
한다는걸,22
상관없다고,22
미안하군요,22
일인걸요,22
뇌진탕,22
열정적으로,22
부인이랑,22
라디오에,22
라떼,22
기침을,22
겠군요,22
해결했어,22
다면,22
죽을까,22
편안해,22
충실히,22
수준으로,22
퇴근,22
냉장고가,22
유인원,22
섹스로,22
40초,22
혜린이,22
손잡이,22
해결하게,22
밝혀진,22
분한테,22
신장은,22
정보원을,22
들어보자,22
천국은,22
형제의,22
엊그제,22
동의했다,22
마지막이에요,22
피드백은,22
지진이,22
밝혔습니다,22
발휘할,22
밝혀라,22
나갔을,22
라과디아로,22
부인할,22
웅크리고,22
지내도,22
과장님한테,22
일치해,22
일치해요,22
탐사선,22
호랑이가,22
없을걸요,22
쿨하게,22
많지는,22
가루,22
죽였나요,22
공격이다,22
공격적으로,22
소다,22
정말인가,22
차까지,22
끝났다는,22
내보내야,22
주인이야,22
작전이야,22
척이,22
분이시죠,22
신호야,22
도둑질을,22
마쳤습니다,22
피웠어,22
햇살,22
쪽지를,22
부자로,22
시간이요,22
싶으신가요,22
루미코,22
대럴,22
스펜서가,22
먹여주고,22
슬로언,22
앰버,22
오쿠데라,22
기지는,22
롱,22
후추,22
말로만,22
하나님과,22
잘자라,22
처리했어,22
달렸습니다,22
왜냐,22
고관절,22
선글라스,22
사각,22
이씨,22
친구라면,22
이성애자,22
일으켜서,22
샀다,22
느껴진다,22
살았고,22
확인해보죠,22
정상인,22
과속,22
명이에요,22
바퀴벌레,22
알았다구요,22
경계에,22
충성스런,22
헛소리를,22
명예가,22
미션에,22
미션은,22
거래하는,22
죽었거든,22
낸다고,22
냈는데,22
냅니다,22
냄새에,22
낸다,22
내려와요,22
명인데,22
명입니다,22
쪽지,22
의사선생,22
제임스를,22
끝내게,22
거로군,22
버티면,22
하셨는지,22
영역에,22
탔는데,22
미디어,22
수술입니다,22
분들도,22
분다,22
정체성을,22
해리스가,22
신화,22
정원이,22
누구입니까,22
태블릿을,22
명중,22
애쓰지,22
애완,22
잔돈은,22
4년간,22
튀어나온,22
바쁘거든,22
이야기하자,22
이야기입니다,22
들렀다,22
루시어스와,22
하셨던,22
하셨네요,22
하셨는데요,22
감도,22
하셨지만,22
찍혀,22
계좌에,22
트로피,22
피어,22
명이라도,22
영웅적인,22
수액을,22
공항이,22
대하지,22
실망시키는,22
애디슨의,22
잠드는,22
튀는,22
오자고,22
끝났는데,22
끝나자마자,22
켜는,22
그자,22
지정된,22
대답이나,22
해지기,22
없애면,22
한물,22
없다는거야,22
들어가시면,22
처음이네요,22
기업의,22
환자들에게,22
방사선이,22
부탁은,22
팬티가,22
젖었어,22
걱정해요,22
실패는,22
제안합니다,22
벤햐민,22
원했는데,22
원한대,22
도망치라고,22
애나는,22
영향,22
경동맥,22
마크에게,22
폼페오,22
것인,22
처리하면,22
호르몬이,22
내야지,22
내시경,22
없다면서,22
찜,22
끝인,22
예감을,22
미러,22
일부일,22
영화배우,22
힌트를,22
대하고,22
지어진,22
압박하고,22
찌질이,22
찌르는,22
목적지는,22
소름이,22
의사잖아요,22
도마뱀,22
도망가요,22
오질,22
오즈,22
대단하군요,22
큰일이,22
힘이야,22
원숭이를,22
변함없는,22
제독님,22
들리는지,22
교황의,22
사기에,22
먹다,22
내용에,22
잘못이었어,22
새들,22
새라는,22
선천성,22
선원들이,22
꺼주세요,22
있을때까지,22
그럴겁니다,22
여성입니다,22
받기로,22
창자를,22
도트락,22
날렸어,22
슈퍼걸과,22
사실이면,22
반해,22
걸었지,22
홀에서,22
구하라고,22
저지르지,22
35세,22
초월한,22
있었음,22
노르웨이,22
할걸세,22
저번에도,22
저러지,22
같으니라구,22
대항할,22
성공한다면,22
쉽네,22
결말은,22
밀수,22
밀러가,22
오래오래,22
변명이,21
원을,21
원자로,21
변했죠,21
힘들어도,21
별명을,21
힘들겠지,21
같았고,21
일시적,21
미래입니다,21
헌팅던,21
헌트를,21
일부로,21
그만요,21
함선으로,21
가져다줘,21
일생동안,21
눈물은,21
마피아,21
아니었다는,21
지저분하게,21
일생일대의,21
일어났네,21
일어나든,21
앞에서도,21
뛰면서,21
뚱녀,21
건강이,21
제시는,21
가둬둘,21
생일이에요,21
외곽에서,21
페니를,21
앞뒤로,21
뛰어야,21
암만,21
암살자가,21
암울한,21
담당자가,21
칵테일을,21
칼과,21
퍽도,21
큰데,21
가다니,21
알파팀,21
실수할,21
말했네,21
외로워요,21
정확하지,21
정희,21
필요가있다,21
그릇이,21
살해당했어요,21
대표하는,21
일까지,21
예산이,21
코미디,21
코스,21
수업도,21
갚고,21
지독하게,21
지지해,21
고맙기도,21
살인의,21
수의사가,21
보겠지,21
마트,21
피어스가,21
아담스,21
피츠제럴드,21
과다출혈로,21
누군간,21
수영장이,21
샀다고,21
미끼,21
미성년자,21
누리는,21
퍼거스,21
감동을,21
환영하오,21
환영이야,21
정책에,21
정해져,21
방사선을,21
알진,21
페인터,21
가두고,21
가두는,21
애도를,21
애니멀리언이,21
헤드폰,21
삼촌이랑,21
만난지,21
만날거야,21
병태야,21
수작을,21
명예와,21
명에게,21
지내죠,21
베일리도,21
아드님의,21
만난다고,21
만난다면,21
되는가,21
미시간,21
헛되지,21
망가졌어요,21
똑똑하다면,21
확인해보자,21
밤이었어,21
분에,21
28일,21
정신이야,21
제이크는,21
끝내도록,21
끝났으니,21
끝났네요,21
나가시죠,21
분만을,21
분리된,21
분석하고,21
확인할게요,21
확인합니다,21
2년이나,21
개너,21
동안엔,21
춰요,21
일동,21
워드가,21
대통령님을,21
무겁네,21
아들이라고,21
살아남았어요,21
지났지만,21
지체할,21
일이란다,21
태어났습니다,21
영광,21
함께야,21
방이요,21
나때문에,21
차라도,21
답장,21
의식의,21
이걸론,21
달아났어,21
달콤하고,21
의회가,21
나갈래요,21
똑똑하군,21
애정,21
맛있지,21
왜그렇게,21
왜나면,21
상관없죠,21
취소할,21
일대일로,21
택시에,21
뇌에서,21
만니톨,21
희망과,21
느껴보자,21
케잌,21
고민이,21
고물,21
아들처럼,21
80시간,21
명심하세요,21
수천명의,21
수평,21
살리려면,21
부어서,21
끓여,21
끌어올려,21
가능하지만,21
이겨내야,21
부인하고,21
알아주길,21
알아챌,21
펭의,21
밝혀지지,21
나누어,21
떼요,21
베이징,21
성실한,21
웃기려고,21
놔주지,21
근사해,21
아나스타샤,21
필요하겠죠,21
지켜보게,21
터보,21
추측이,21
지나쳤어요,21
합니다만,21
가져갔지,21
일했습니다,21
되려나,21
되려는,21
되돌아갈,21
결혼해줘,21
발톱을,21
차례를,21
망치,21
답하지,21
고칠수,21
신어,21
나라에선,21
불길,21
라니스터의,21
말해주실,21
실행해,21
조각들이,21
야만적인,21
앳우드,21
앨범이,21
수프를,21
숙녀는,21
동반한,21
만드는게,21
아까운,21
살렸어요,21
살려준,21
열쇠요,21
수표는,21
피난처를,21
근성,21
취직,21
경비원들이,21
글로,21
피곤하지,21
아린,21
수상을,21
취업,21
고르지,21
움직이라고,21
더티,21
7만,21
살고있는,21
잃어서,21
잃어버리고,21
산제이,21
살금살금,21
면허,21
알아보면,21
발타자르,21
발진이,21
떨어뜨리고,21
캐릭터를,21
몰랐거든,21
외부에서,21
소린데,21
이곳에는,21
떨어뜨렸어,21
하시고요,21
패배를,21
카토우,21
소리지르지,21
헌법,21
되었단다,21
필요하단다,21
동물처럼,21
증언이,21
글로리는,21
근처엔,21
아무도요,21
개비,21
면전에,21
그렇지도,21
글고,21
증오를,21
말해볼게,21
말해볼까,21
말해보시오,21
점잖게,21
부순,21
실현,21
불러야겠어,21
차분히,21
조나스,21
발작이야,21
팜,21
팝니다,21
팔찌,21
하실까요,21
하얗게,21
정각에,21
임무의,21
농담하는거지,21
농담하지,21
무덤까지,21
울음,21
아무데서나,21
입었습니다,21
성자와,21
성질이,21
위급한,21
터프한,21
털리버,21
입었을,21
나쁜년,21
약점,21
약해서,21
맞서야,21
불쌍히,21
불안,21
째깍,21
조셉이,21
배고플,21
싫다고요,21
라인을,21
알린,21
해두고,21
점심시간에,21
패고,21
약속했는데,21
보내려면,21
베니는,21
미행을,21
프린트,21
베르너,21
순조롭게,21
면목이,21
헨리의,21
헨리를,21
경연대회,21
함장이다,21
취향,21
연락드리죠,21
된다네,21
술술,21
있겠는가,21
증언에,21
베니의,21
놈에,21
입힐,21
놈인지,21
웬일이에요,21
웹사이트를,21
웬일이냐,21
웬일이니,21
울게,21
할인,21
관련하여,21
위성으로,21
2주동안,21
떠난다면,21
떠났는지,21
하이브리드,21
신물이,21
발생하지,21
나아지는,21
차질이,21
묶여서,21
당신만을,21
발음이,21
약혼자는,21
헬기에서,21
사탄의,21
놈이군,21
결합,21
그렇다니,21
증명하는,21
즐거움이,21
즉슨,21
뭔일이,21
뭔줄,21
아버지라고,21
베,21
지키라고,21
두개를,21
놀라는,21
사진들이,21
테러리스트가,21
최대로,21
얘기다,21
신들,21
건조기,21
군의관,21
활동도,21
조심하는,21
싫어한다,21
싫어했어요,21
전화좀,21
전화해봐,21
나아가는,21
끄면,21
나아가야,21
소설가,21
인생과,21
늑대들이,21
연구소에,21
숨소리가,21
만들어주는,21
뭔가는,21
오기를,21
동료는,21
수도를,21
프로필을,21
프로포즈,21
프롬,21
필요하신가요,21
할머니와,21
결정하죠,21
논쟁을,21
녹초가,21
규정이,21
배신자야,21
당신답지,21
소식은요,21
알렉스야,21
꿈속에,21
조지도,21
짝짓기,21
하자구요,21
갈라,21
맞으시죠,21
떠나진,21
얘기군,21
발사를,21
불평하는,21
팔게,21
인도의,21
인도네시아,21
인디아나,21
테이프에,21
두근거리자,21
아셔,21
모드로,21
인도할,21
아스트리드,21
아빠요,21
보너스,21
그렇기에,21
금지예요,21
촬영할,21
노트북을,21
노크를,21
갈등을,21
나와는,21
문학,21
계속됩니다,21
알렉세이,21
평범하고,21
심각하지,21
감시카메라,21
브레이크를,21
맞이할,21
소가,21
서너,21
무지하게,21
단테의,21
얘기하는게,21
때인,21
응답을,21
셰프님,21
아쉽지만,21
관찰하고,21
대야,21
해주마,21
흠씬,21
흡입기,21
벗어나기,21
두려워해,21
고려할,21
설계도를,21
치료사,21
공부할,21
인도에,21
측정,21
취향을,21
ㅁ,21
녹슨,21
존재예요,21
전역에,21
알람을,21
말하렴,21
완벽했어요,21
신경써요,21
때에도,21
참가,21
와플을,21
와트니가,21
완벽하네요,21
메모리얼,21
있었는지는,21
노인네가,21
결정도,21
여정은,21
여자한테서,21
메리를,21
사이라고,21
믿어주지,21
보드에,21
프랑스는,21
그렇게만,21
전사는,21
전립선,21
나질,21
부르는데,21
부르는지,21
거창한,21
러브,21
닫으면,21
카레프가,21
키루밍이,21
캐스털리,21
전이된,21
전시회,21
식이,21
상실,21
이혼할,21
늦었죠,21
여자하고,21
두죠,21
마리아님,21
만들진,21
오두막을,21
오라구,21
합친,21
쉬겠어,21
세금이,21
운송,21
중이었습니다,21
광산은,21
사용이,21
두세,21
가야되,21
해놨어요,21
칭찬이,21
심실세동이에요,21
말하니,21
존재한다고,21
해놓은,21
부려,21
부러졌어요,21
평범해,21
심실세동이야,21
전선,21
참으세요,21
비교,21
러시아에서,21
프라니,21
노아를,21
촌뜨기,21
초자연,21
관해서요,21
노력하면,21
노력중이에요,21
중요하니까,21
기다리기,21
14년,21
사왓디,21
총격이,21
총격전이,21
여자라면,21
여자라서,21
초이,21
노력에,21
60분,21
사실이지만,21
초에,21
오랜만이네요,21
활주로로,21
부러져,21
생각해낸,21
거짓말이죠,21
알것,21
좀요,21
맡는다,21
전략은,21
나체로,21
말하는거지,21
비둘기가,21
비닐,21
어두워서,21
만이라도,21
보모가,21
그럴거,21
있으므로,21
둘게요,21
둘이야,21
대사부님,21
흉골,21
쉽잖아,21
운전도,21
해안으로,21
대비한,21
현상은,21
상의할,21
상의도,21
뭐람,21
행운이야,21
니모,21
시키세요,21
맡아줄,21
적절하지,21
화물이,21
종족이,21
집중하세요,21
부끄러운줄,21
요전에,21
셔츠가,21
종족은,21
단서도,21
이러죠,21
땅과,21
심은,21
토레스에게,21
있을텐데요,21
있질,21
범죄자를,21
초대에,21
있으시다면,21
직원은,21
아이스크림이,21
기다리는거야,21
직면한,21
보복을,21
스나이더,21
스나이퍼,21
초능력이,21
모르겠니,21
보스는,21
보수,21
딸아이가,21
난관을,21
비스킷,21
저희에겐,21
난실아,21
날더러,21
어디부터,21
어디로부터,21
받아들이죠,21
난장판을,21
비바,21
단어로도,21
캘리한테,21
응급실이,21
쓰겠어,21
만졌어,21
사상자,21
위협하고,21
케라,21
마드리드,21
뒤론,21
우표를,21
상처의,21
현찰로,21
혈액과,21
1호,21
회복하는,21
저여자,21
날려버린,21
시카고의,21
레슨,21
거짓된,21
레이날도,21
생각하시겠지만,21
묻는거야,21
맡죠,21
껍질을,21
종이가,21
와이프랑,21
옷만,21
골이,21
생각하셨어요,21
네빌,21
쇼핑몰에서,21
모르겠죠,21
사망했다,21
바꾸게,21
스웨거,21
범인에게,21
벌지,21
만지게,21
거구,21
쏠거야,21
줄리아를,21
뭐라는지,21
보안관을,21
혐의에,21
사랑했다,21
자네들도,21
여기서부터는,21
할건,21
넣어줘,21
스캐맨더,21
통로로,21
자랑할,21
협상할,21
5개월,21
톱을,21
5번째,21
어딨었어,21
어따,21
홍당무,21
따릅니다,21
캘리랑,21
가라는,21
가라앉는,21
시체들은,21
시카고를,21
심장외과,21
따지는,21
저쪽이다,21
비울,21
비장이,21
받다니,21
골목에,21
아캄,21
체포를,21
멋있다고,21
가르쳐주세요,21
선수의,21
보았어,21
고도의,21
세부사항을,21
세명,21
이틀간,21
뭐게,21
꺼냈어요,21
집이고,21
옳은지,21
모퉁이를,21
모자도,21
그게요,21
꺼졌어요,21
꺼졌어,21
않았다구,21
시청에,21
받네,21
받겠죠,21
걸으면서,21
도파민,21
구해야지,21
기드온,21
만회할,21
만화,21
만큼만,21
핑계로,21
필한테,21
보여달라고,21
보여주죠,21
벌려고,21
드는군요,21
드는지,21
엘리자베스를,21
괴물이라고,21
가봤는데,21
해봐야죠,21
이론적으로,21
옮겨서,21
혼자예요,21
심하고,21
회전을,21
회장,21
봐줬으면,21
날인,21
시장으로,21
날이니까,21
빅터가,21
닥치면,21
이뤄진,21
걸쳐서,21
아프가니스탄에서,21
풀어주는,21
청바지,21
청년이,21
사랑아,21
우유가,21
데려가자,21
대리,21
데려가기,21
다가가서,21
오빠에게,21
핫한,21
가지신,21
청소하고,21
드레이크,21
따는,21
시작했다고,21
매사에,21
찾아보지,21
말이었어,21
좋아해서요,21
봐야해요,21
봐줄게,21
빌려서,21
빌이,21
서명하고,21
심호흡하고,21
곱하기,21
어렸고,21
어린시절,21
파라,21
죽지도,21
우위를,21
멈추려고,21
18살,21
18살이,21
보여줬지,21
한없이,21
자신보다,21
철로,21
50대,21
행복했어요,21
에이버리는,21
굉장하네,21
첫째는,21
자살하고,21
자살하려고,21
올래요,21
포르투갈,21
거저,21
않다니,21
반스,21
매춘부,21
반지도,21
회사와,21
찾아보면,21
저것이,21
학생들에게,21
학생들은,21
반이야,21
진실과,21
모를거에요,21
오빠들,21
상품,21
뭉쳐서,21
대문,21
해치려는,21
죽이죠,21
너희와,21
에리카가,21
너보단,21
대령을,21
자유입니다,21
굉장한데,21
교관님,21
자연적으로,21
바람핀,21
너에게서,21
그러든지,21
데럴,21
세심한,21
보이던데요,21
보이더군요,21
표현은,21
기뻐하실,21
공기는,21
치타,21
오셔야,21
남았고,21
구절을,21
어울리네,21
검사에,21
검사와,21
으깬,21
어미가,21
렝,21
않다구,21
말은요,21
가까이에서,21
했을지,21
다한,21
빠는,21
빠져나가고,21
경찰로,21
오빠야,21
죽였소,21
기소를,21
죽여주지,21
악어가,21
하고있어요,21
스파게티,21
퇴원할,21
투명인간,21
엉덩이도,21
악몽은,21
엎드리세요,21
냉큼,21
4천,21
천장이,21
모의,21
속았지,21
디디,21
티파니,21
백작님,21
포크를,21
당하면,21
은밀히,21
은근히,21
은퇴를,21
데이지가,21
남아있어요,21
남은게,21
계획했던,21
용기에,21
용기는,21
작가는,21
사라졌을,21
바르쏠로뮤씨,21
듣는게,21
행복하다,21
자취를,21
자정이,21
엉망이에요,21
한순간,21
듣고있어,21
작,21
죽었을때,21
악화,21
안가는,21
자코,21
유대,21
쿠퍼가,21
쿠키와,21
우리에게서,21
쿠보야,21
재밌죠,21
3번이나,21
반란군,21
볼텍스,21
남자나,21
재밌었지,21
빠지기,21
반대편에서,21
집안은,21
로마를,21
깔렸어,21
시작되기,21
거였나,21
폭격,21
깜짝할,21
깜빡했네요,21
돌아갈래,21
물좀,21
오셨을,21
먹으며,21
기술에,21
1944년,21
훔쳤고,21
투여를,21
호기심,21
진짜였어,21
쌍둥이가,21
강간범,21
낸스,21
투표가,21
1분도,21
감추기,21
로마가,21
앉아야,21
로비가,21
로봇은,21
죄인,21
구역이야,21
찾았대,21
구워,21
모여있는,21
물리적으로,21
생각이군,21
거래할,21
냄새로,21
작동해,21
들렀어,21
타오르는,21
경찰이랑,21
1973년,21
사라져서,21
슬퍼요,21
슬림,21
한명만,21
바보짓,21
게이츠,21
4만,21
찾은것,21
찾은게,21
장전해,21
빵에,21
핵심이,21
핵무기를,21
가려져,21
서약,21
그대여,21
죄야,21
깎고,21
깃털,21
간에요,21
남자일,21
물러가라,21
돌아다닐,21
공과,21
치즈버거,21
갔을때,21
싸웠던,21
진통,21
진행되는,21
죽겠다고,21
각국,21
슬프지만,21
잘게요,21
잘됐지,21
잘라내,21
내줘서,21
갔으니,21
폭발한,21
말씀입니까,21
구성된,21
언어는,21
섹스한,21
섹시하다고,21
본명이,21
돌리게,21
온대요,21
다이빙,21
생각들을,21
장점이,21
안되겠다,21
말도안되는,21
사냥하고,21
바쁘세요,21
유로스가,21
대동맥에,21
커플은,21
컨디션,21
유심히,21
선물이지,21
손목에,21
가있어,21
항해를,21
새낀,21
물이나,21
바쁘잖아,21
없더라구요,21
것좀,21
사과하려고,21
처음이었어요,21
다리오,21
돌아가렴,21
낫겠네,21
장담은,21
겁쟁아,21
들으러,21
찾을때까지,21
장부를,21
안하잖아,21
안할거에요,21
안토니우스를,21
하나인,21
주게나,21
깊어,21
시설은,21
시선이,21
빵도,21
장시간,21
남편이고,21
물렸어,21
내생각에,21
바위가,21
사귀기,21
루이사,21
루시퍼의,21
표적을,21
보지는,21
버전의,21
손님이야,21
보호막,21
없는데도,21
잘하잖아,21
바이크,21
사과가,21
들어가려면,21
얼간아,21
질환,21
하나쯤,21
질을,21
간만에,21
간단합니다,21
맺고,21
본능은,21
본데요,21
길이가,21
낫다는,21
말라서,21
루이지애나,21
내버려두면,21
잘봐,21
잘못됐다고,21
기절,21
주위에서,21
주워요,21
폰티액,21
폰에,21
표는,21
주입,21
행동하면,21
승부,21
시각으로,21
승진,21
채우기,21
채로요,21
뻔뻔한,21
로프를,21
장갑이,21
장가,21
구매,21
얼굴이야,21
서재에,21
으웩,21
장담하건데,21
장례식에서,21
온천,21
모양이다,21
후반,21
용맹한,21
데이브는,21
오자,21
색깔을,21
행동해요,21
데려왔고,21
퀸을,21
퀸즈,21
무수한,21
폴라,21
잠들기,21
내보내고,21
처리를,21
머핀,21
머프에게,21
잡았네,21
시니어,21
시노짱,21
머리엔,21
안절부절,21
잤잖아,21
옥경아,21
친구였죠,21
주인님을,21
호러,21
호수의,21
기차로,21
루소가,21
뿔,21
오펠리아,21
타디스로,21
사건들,21
한도,21
잠겼어요,21
들어보죠,21
내려가지,21
갓프리,21
안심해,21
것이었어요,21
한들,21
고용해서,21
머물러도,21
잡담,21
잡아먹는,21
내라,21
뿐더러,21
책임자는,21
책임이에요,21
잡아먹을,21
간다구,21
우려가,21
이성적으로,21
이식받을,21
가겠죠,21
가고싶어,21
돌아가길,21
돌봐줘요,21
폭풍의,21
안자고,21
고교,21
잡어,21
뽑지,21
들어오시면,21
엄마에요,21
잡지에서,21
잤나,21
생,21
샐,21
생각났는데,21
못했거든,21
성공의,21
아니긴,21
삼십,21
탓은,21
댁들,21
원숭아,21
해왔습니다,21
동작을,21
예루살렘을,21
예를들어,21
탑승해,21
눈알,21
험난한,21
동풍이,21
돼지고기,21
끝장낼,21
소령이,21
감동적인,21
하셔라,21
말했소,21
찍게,21
그림도,21
그리프,21
힘내라,21
막판에,21
25일,21
지원한,21
그리하여,21
그만뒀어요,21
벨트가,21
병들게,21
원자로를,20
지원하는,20
막아줄,20
지옥은,20
별로네요,20
지우지,20
25분,20
뛰어드는,20
뛰어든,20
뛰자,20
찌르지,20
제리코,20
제레미는,20
의회를,20
의향이,20
생긴거,20
생리,20
의원을,20
의장님,20
의자는,20
건너에,20
생방송,20
알트먼이,20
말했으면,20
실시간으로,20
환자들도,20
크잖아,20
외계인들이,20
의회는,20
실수라도,20
외국에서,20
외로울,20
도른,20
도망갔어요,20
담당이에요,20
담당하는,20
담배가,20
그릇을,20
살해당했어,20
미룰,20
충분하죠,20
제공해,20
나가는게,20
정확하다,20
젖이,20
사건이라고,20
들어갔지,20
기증자의,20
질문들을,20
질리언,20
안심하세요,20
말부터,20
하나님께서,20
질려서,20
것이었어,20
챙겨라,20
내려오고,20
업무에,20
잠시라도,20
오필리아,20
공격하기,20
고용할,20
커터가,20
고운,20
유진이,20
유지하라,20
유용하게,20
데려왔을,20
안전과,20
뿐이,20
구디,20
바티칸,20
엄호,20
시골에서,20
틀고,20
커질,20
커크는,20
주식회사,20
복수심에,20
엄격히,20
들어와서는,20
시나리오가,20
처방전,20
내렸지,20
들어간다고,20
긴장감이,20
긴장하고,20
복잡하지,20
복잡해서,20
말썽이,20
거봐요,20
폭포,20
거북이가,20
다시금,20
뻔하죠,20
얼마요,20
얼마인지,20
얼마전,20
장교가,20
장관이,20
길러,20
주인에게,20
후쿠야마,20
호스맨,20
사격중지,20
사게,20
경호원,20
경호,20
다섯을,20
것만도,20
시도하는,20
시도조차,20
시동이,20
시력이,20
박스가,20
박았어,20
이야기하면,20
유치원에,20
무슨일인데,20
가량,20
본국으로,20
본능,20
복통이,20
록하트,20
책에는,20
선거에서,20
섞어,20
거미줄,20
손들고,20
이야기죠,20
다른사람한테,20
색다른,20
물어봐줘서,20
머프는,20
시간씩,20
먹거나,20
챌,20
보호하라,20
선물이다,20
선박이,20
무섭네요,20
그들이야,20
갑판에,20
싶어합니다,20
겁주지,20
것들요,20
들었겠지,20
채웠어,20
구별할,20
친군데,20
이산화탄소,20
이빨은,20
다왔어,20
이상이지,20
호프웰,20
주만,20
주말까지,20
기준으로,20
주장,20
기적이에요,20
루시어스에게,20
루저,20
안되나,20
잘못됐다는,20
이삭,20
다르단,20
승리할,20
것이지만,20
처리한,20
호민관님,20
호비,20
호릭,20
안될거,20
뱃속에서,20
주는데,20
김정은이,20
주거든,20
주려던,20
시민들,20
장례식이,20
납치해,20
죽겠지만,20
가보지,20
세탁물,20
교차로,20
먹던,20
언니에게,20
언니와,20
갑작스런,20
진행될,20
보티건,20
보통이,20
루터,20
루트를,20
진화,20
버텨야,20
버전,20
장난하세요,20
장기적인,20
장담컨대,20
장담컨데,20
트래비스가,20
잘하네요,20
사고도,20
손님도,20
들이닥칠,20
들은거야,20
언어가,20
본적은,20
뱀의,20
본질적으로,20
거세요,20
반갑지,20
장치야,20
장하다,20
남자친구도,20
찾으려는,20
온단,20
곳이군,20
곳이네,20
친척이,20
대답만,20
죽네,20
진행해야,20
사는걸,20
사느니,20
겁나요,20
억만장자,20
남친은,20
장벽에,20
났대,20
남학생,20
겉으로,20
돌아가셨다고,20
모리아티는,20
친구군,20
세탁소,20
말씀하지,20
그댄,20
까지만,20
해킹해서,20
서야,20
대기를,20
언론을,20
시에나,20
이웃집,20
행복에,20
반기를,20
시에서,20
물러나라,20
물러나라고,20
올라서,20
말씀하실,20
루프가,20
안됐구나,20
싸워야만,20
죽었거나,20
오시지,20
돌아다니지,20
오실래요,20
다르네요,20
반가웠다,20
잘났어,20
안단,20
안다네,20
안다니까,20
훌륭하지,20
진짜인지,20
기온은,20
생각에도,20
생각이라도,20
맥이,20
어쩌구요,20
찾았소,20
볼수가,20
앉자,20
로마는,20
보이잖아요,20
보이십니까,20
보인다면,20
안그런가,20
안그런가요,20
올거지,20
이브에,20
물리치고,20
4명을,20
슬퍼하고,20
슬퍼서,20
작품이지,20
들렸는데,20
없었다구요,20
후회하는,20
보자구요,20
찾으시는,20
장인어른이,20
한결같이,20
튀김,20
튜브가,20
없어지지,20
게이인,20
잔해를,20
돌아오겠습니다,20
스프링,20
시위를,20
맥을,20
봉투를,20
감정적이,20
말아줘요,20
싶겠어,20
쌍둥이는,20
기술도,20
죽였나,20
기술자,20
1942년,20
해치를,20
오신것을,20
손잡이를,20
낸들,20
냈죠,20
냈지,20
자하,20
투자할,20
들것,20
작전의,20
기악,20
까짓,20
까불지,20
갑니까,20
감추는,20
싶답니다,20
어텐딩,20
간섭,20
한계에,20
용감해,20
캥거루,20
은설아,20
은총이,20
봉합할,20
봉합해,20
백성들이,20
포치,20
리듬을,20
스파이로,20
없잖소,20
바보들,20
듣길,20
새끼들을,20
남음,20
욕실에서,20
3백만,20
이모티콘,20
우리한테도,20
데려가라고,20
세웠어요,20
세웠어,20
못가게,20
하고싶진,20
말았으면,20
깔린,20
재닌,20
재단의,20
빠졌고,20
팀원,20
등의,20
재밌을거야,20
빠르군,20
십자가,20
말없이,20
말이구나,20
백성들에게,20
깨달을,20
좋은건,20
좋으신,20
하군요,20
너냐,20
오셨소,20
오시라고,20
돌아갔을,20
다녀왔어요,20
생각하거든요,20
물고기는,20
형제와,20
먹칠을,20
투슬리스,20
교수형에,20
리스트는,20
기소,20
그러고보니,20
리베르투스,20
곳곳에서,20
곳과,20
킹스랜딩을,20
친절을,20
생각이었지,20
시인,20
행복하다고,20
든다면,20
스트리밍,20
천장,20
스테파니가,20
스톡스,20
스토리가,20
굉장하네요,20
굉장하지,20
드리자면,20
죽음이야,20
기뻐서,20
진이,20
진입해,20
세요,20
500년,20
자유배포,20
바랐던,20
다녔던,20
이이가,20
자유롭지,20
훌륭하다고,20
악마라고,20
악당들이,20
악기,20
리얼리티,20
깨울,20
해크만,20
윤리,20
재앙,20
어설픈,20
파괴한,20
혼자라고,20
공급하고,20
좋았을걸,20
그녀에게서,20
소프트웨어를,20
이리온,20
침공,20
다툼이,20
행복했던,20
첩자가,20
빌렸어,20
백년,20
포르노를,20
거잖니,20
않더라고,20
않는거지,20
않는다구,20
좋았거든,20
솔로몬,20
오븐,20
상하지,20
저깄어,20
했었나,20
학생을,20
어머님께,20
한거라고,20
너뿐이야,20
선생님이요,20
선서,20
고요,20
고양이랑,20
써있어,20
풀려,20
죽이려면,20
찾아야돼,20
찾아오는,20
시작해야지,20
매순간,20
학대,20
학교에선,20
괴롭힐,20
괴물들,20
어른들,20
따뜻해,20
따라가서,20
어려워서,20
저드,20
센터를,20
음료를,20
않았,20
기분에,20
훔치면,20
죽지만,20
죽자,20
죽죠,20
멈춘다,20
다했다고,20
침묵을,20
에이스,20
통틀어,20
한잔만,20
가질거야,20
진상을,20
보오,20
썩었어,20
죽일려고,20
않던가,20
1초도,20
1위,20
배치하고,20
했었나요,20
독에,20
올리버는,20
자랑스럽지,20
생각하는군요,20
어떻겠어,20
어떻겠어요,20
어떤거요,20
찾아보겠습니다,20
날이었어,20
따라다녀,20
어렵네,20
윌슨은,20
컵에,20
진동,20
그러셨어,20
진심이었어,20
리퍼,20
스콧은,20
가난하고,20
드레스에,20
에프레임,20
엑스테,20
공동의,20
님의,20
이쪽도,20
쇼핑몰에,20
돌아왔으니,20
어떻고요,20
파블로에게,20
파블리첸코,20
날만,20
좋다고요,20
좋다니까,20
포레스트,20
않았길,20
니플하임,20
치료하지,20
소용없는,20
모험은,20
소유,20
저번주에,20
찾는건,20
저랑은,20
릴리도,20
벌어야,20
준비되셨어요,20
준비되었습니다,20
준비될,20
준식,20
돌아온거야,20
오르지,20
드라마에,20
엘크리스가,20
자물쇠,20
형님은,20
형사님은,20
진보된,20
벌면,20
보여줄께,20
비욘세,20
소중하게,20
이런데,20
이런말,20
파열,20
하찮게,20
음악이야,20
캘,20
보았네,20
벌은,20
보았을,20
보여라,20
체포하러,20
바뀌었죠,20
사랑하잖아요,20
멋있어요,20
겪었어,20
겪었어요,20
덮을,20
못하겠군,20
못하거든,20
못하거든요,20
고압,20
가르쳐야,20
집이니까,20
배짱도,20
소지,20
뭐꼬,20
뭐냐구요,20
오리들,20
항법,20
항문에,20
이쯤,20
경쟁에서,20
줄겁니다,20
강요하는,20
마녀의,20
마누라랑,20
아이히만이,20
줄이기,20
아침도,20
핑계,20
줄무늬,20
치른,20
공부가,20
이해하겠어,20
이처럼,20
이천,20
협정에,20
사랑해야,20
가지고는,20
체다,20
링컨을,20
줄기세포,20
휴대폰으로,20
휴버트,20
가득해요,20
서류들을,20
심정이,20
거절한,20
봤었는데,20
어떡하니,20
어땠나,20
비춰,20
좋다구,20
2003년,20
저자,20
어딨나요,20
ㆍ,20
행한,20
행진,20
오래되고,20
단계야,20
하킴에게,20
시켰죠,20
좆같이,20
꼬시는,20
레스트레이드,20
레슬러,20
않은건,20
자기들끼리,20
체코,20
항해사님,20
수건을,20
니건이,20
도착해요,20
와이프는,20
와달라고,20
줌,20
줄줄이,20
줄지,20
해야겠구나,20
세대를,20
사망했어,20
바꾸라고,20
스승님,20
그것만이,20
집중하자,20
난처하게,20
난장판이,20
난잡한,20
난소를,20
어디있었어,20
걸린다고,20
스노든,20
비밀이에요,20
낙인을,20
전갈이,20
고전적인,20
당신한테서,20
배우러,20
말하나,20
대부,20
마는,20
아주머니는,20
쐈다고,20
쐈지,20
사생활은,20
둬라,20
메뉴를,20
괜찮아졌어요,20
여린,20
뒤도,20
여동생의,20
뒤돌아서,20
덩어리를,20
콥,20
위험하잖아,20
그거였어,20
짓거리야,20
종신,20
종석아,20
졸업했어요,20
꼬마의,20
계획이요,20
걸릴거에요,20
사슬을,20
밀어서,20
침입자는,20
전국을,20
나팔을,20
어데,20
말하기가,20
그건가,20
운동화,20
초대할,20
노래방,20
노력해도,20
슈퍼맨은,20
결국에,20
토레스의,20
사스케를,20
적어서,20
적외선,20
받아야해,20
잊으려고,20
괜찮다구요,20
보물은,20
범죄인,20
보석으로,20
국민이,20
나타났죠,20
나침반,20
런던은,20
알겠구나,20
레드가,20
부두로,20
부두에서,20
노래해요,20
있을걸세,20
이래로,20
이대론,20
때려서,20
참한,20
비밀번호는,20
파티요,20
슈퍼걸의,20
코튼마우스가,20
무모하고,20
선의의,20
위트,20
프라임,20
아이만,20
쓰러뜨릴,20
파트너로,20
파텔,20
맡아야,20
적응할,20
사바,20
치러,20
쉽지만은,20
슈퍼걸이야,20
그거라도,20
짓이란,20
받으셔야,20
해냈지,20
가야하는데,20
이따금,20
이따봐,20
단체로,20
참으면,20
블록을,20
200만,20
황제는,20
2016년,20
존경합니다,20
평소에는,20
알고나,20
밀고자가,20
여자라는,20
노력할게요,20
그럴거예요,20
중이네,20
만져도,20
보라구요,20
흔치,20
단어에,20
단어들을,20
가는건,20
가는거죠,20
키스했어,20
돌파,20
초라한,20
믿진,20
요새로,20
서두르라고,20
무전을,20
배신자가,20
알겠는데요,20
전문가야,20
식민지,20
식량과,20
블라인드,20
얘기해줄게,20
얘기해줘요,20
얘기해주지,20
때마침,20
식인,20
소식이네,20
계속되고,20
못하는구나,20
기금을,20
기괴한,20
갤러리에,20
가져가겠다,20
상원의원,20
이혼은,20
사용했어요,20
이라도,20
노벨,20
믿을만,20
사용하게,20
믿을게,20
여자애야,20
쉬어라,20
쉬지도,20
도자기,20
완벽하네,20
도전하는,20
때문일지도,20
참말,20
전재산을,20
알라딘,20
알듯이,20
쉬겠어요,20
메모가,20
총이나,20
광대가,20
사용합니다,20
늦겠어요,20
키미,20
와트니는,20
중지합니다,20
중지해,20
흙이,20
총들을,20
믿었죠,20
사이버맨이,20
테터보로,20
메린,20
맡겼어,20
맡겨야,20
두진,20
마빈,20
마무리할,20
프란츠,20
쓰지만,20
기간을,20
믿어선,20
할수가,20
붙지,20
몰랐다는,20
몰랐는데요,20
당신같이,20
캐고,20
부르지도,20
가르쳐줬어요,20
대신에요,20
흘리지,20
흥미로워,20
쓰잖아,20
프로그래밍,20
믿니,20
사이였어,20
배심원들이,20
부류의,20
비교도,20
두렵고,20
여지없이,20
성형,20
성함은,20
콘서트를,20
징그러운,20
징계,20
징후가,20
심각합니다,20
말하든,20
심상치,20
존스의,20
존재와,20
불행을,20
생검,20
팔려,20
전투는,20
전통에,20
신께선,20
얘기네,20
전해지는,20
마사하루,20
쓸수,20
모든것은,20
치게,20
인듀어런스,20
헷터,20
테이크,20
역이,20
쉐릴,20
노트,20
있도록요,20
있든지,20
노트를,20
프로덕션,20
마셔야겠어,20
그렇기도,20
부름에,20
부름을,20
하려는게,20
하이톱,20
브런치,20
찬드,20
화재로,20
달랐죠,20
이길수,20
이긴다,20
소박한,20
목말라,20
닫힙니다,20
생각해볼,20
전화하기,20
팔았죠,20
금속을,20
베네딕트,20
마스터가,20
탈을,20
인상이,20
허락되지,20
멜린다,20
전화했었어,20
연결해줘,20
메이스,20
논의할,20
타케치상,20
필요한데요,20
쓸어버릴,20
만들어야해,20
지켰어,20
전화기로,20
배들을,20
랜더,20
귀환을,20
규모가,20
응응,20
소송은,20
소스가,20
카셰,20
소문도,20
클수록,20
도와줄께,20
생각했네,20
약속했지,20
젊을,20
왼손으로,20
즐거워요,20
덕분에요,20
더해서,20
던지지,20
운전해요,20
헬리콥터를,20
사태,20
차인,20
전화에요,20
숨바꼭질,20
될진,20
연기에,20
놀랄만한,20
뭐하시는거에요,20
그렇다면야,20
증명하지,20
활,20
20번,20
조시,20
끄집어,20
짤,20
떠나려,20
얘기들,20
맞았는데,20
놀아라,20
있겠냐,20
상냥하게,20
상금을,20
상대도,20
인상적이야,20
사회적으로,20
사회에서,20
씨에,20
아무하고도,20
증세를,20
베니를,20
보낼수,20
입혀,20
놈이잖아,20
멜이,20
나아지게,20
갈비뼈가,20
발생하면,20
가졌잖아,20
있나니,20
사줘,20
사지가,20
사죠,20
당기지,20
생판,20
당신때문에,20
의사들과,20
감사했어요,20
말해두지만,20
말해다오,20
조심하렴,20
배관,20
배고프면,20
부분으로,20
고추를,20
나쁘다고,20
차원에서,20
된거예요,20
연루된,20
떠오르지,20
약속의,20
귀여워라,20
귀에서,20
조끼,20
편인데,20
라이언이,20
알몸으로,20
지갑이,20
베리티가,20
금메달,20
무기에,20
추격,20
삭제에,20
이교도,20
나보단,20
며칠째,20
면담,20
될걸요,20
마약과,20
프린터,20
씻을,20
씻는,20
아가사,20
부서가,20
부서에,20
방해하면,20
라이브로,20
싫다구,20
가능하다는,20
클레어도,20
도와주기,20
농장으로,20
차리세요,20
접근중,20
굴었어,20
차세대,20
알아봐야지,20
끊으면,20
끌기,20
마음속으로,20
보나마나,20
추자,20
추워서,20
관객은,20
입던,20
입다물고,20
높이는,20
되찾게,20
터프가이,20
관대한,20
입어라,20
상대성,20
해야되요,20
설득력이,20
더하기,20
클레어에게,20
이곳에선,20
차안에,20
나머지들은,20
나무들을,20
왼쪽에서,20
소개할게요,20
외의,20
연인은,20
연습도,20
되었다는,20
터스,20
패치,20
달리면,20
도시야,20
왕비님,20
플레이어,20
아그네스를,20
터지기,20
연인을,20
느끼면서,20
탁자에,20
동성애자,20
9년,20
도와요,20
순간들,20
추락한다,20
지겨워요,20
글러브,20
증오로,20
보내긴,20
보내길,20
느낄수,20
인터넷도,20
열상이,20
되었나,20
놓는다,20
임금,20
피난,20
근무하는,20
웬만한,20
설렌버거,20
설명하려고,20
무기야,20
글로리가,20
인턴과,20
인턴도,20
공정하게,20
숙모가,20
높다고,20
헤일리의,20
헤일리한테,20
헤쳐,20
7명,20
터지게,20
움직여라,20
외상은,20
실화를,20
알아들었지,20
라스트,20
접근중입니다,20
발정난,20
되어가는,20
숙소로,20
정도입니다,20
나라와,20
야야야,20
읽어봐요,20
결혼했는데,20
추측,20
살려낼,20
극적으로,20
편리한,20
말해줄게요,20
끓는,20
20살,20
답할,20
불난,20
발표했습니다,20
차려야,20
읽었지,20
동반자,20
야만인,20
야가,20
앨범에,20
끌지,20
끌어들인,20
귀걸이,20
보기에도,20
흥미롭네,20
피곤,20
아낙,20
마지막에는,20
명령할,20
미쳤나봐,20
놓쳐서,20
라마누잔,20
알아와,20
생겼잖아요,20
문장,20
달엔,20
놔야,20
살릴수,20
염색,20
하시나,20
하시니,20
신중한,20
망신,20
2대,20
확인하지,20
정말야,20
쫓기는,20
일한다,20
정보국,20
앤데,20
똑같습니다,20
건들면,20
정신병자,20
불가피한,20
밝혀,20
지나자,20
개념이,20
지켜만,20
지침을,20
지켜낼,20
희생양이,20
일하다가,20
일하라고,20
고통받지,20
방어할,20
방어가,20
정말이냐,20
나단,20
출발하면,20
태어나기도,20
가져온거야,20
해밀턴,20
달아난,20
밟지,20
신처럼,20
신체는,20
외치는,20
해보는게,20
가스로,20
느껴서,20
상공에,20
상관없습니다,20
공작이,20
패트릭이,20
맛있는데,20
해명,20
가시게,20
원했죠,20
월급은,20
코치를,20
마주할,20
만드네,20
만났군,20
아내인,20
몇주동안,20
제자가,20
제정신이에요,20
답변,20
신형,20
영광은,20
축하하고,20
살아야죠,20
살아있습니다,20
2개월,20
똥이나,20
애에요,20
건너편,20
정찰을,20
실종됐어,20
끝났다고요,20
끝났지만,20
못했소,20
성벽을,20
동안에도,20
예술가가,20
일기장,20
경고해,20
정자,20
2년전에,20
수정을,20
미안해서,20
예외,20
지내면서,20
마취가,20
가리키는,20
가를,20
코라,20
정전,20
찍혔어요,20
찢고,20
북한에,20
소리다,20
계약한,20
실례하지,20
살인마가,20
방송국에,20
뜻입니까,20
뜻이겠지,20
제이드,20
제이랑,20
환영받지,20
권위를,20
정하고,20
출입을,20
함교에,20
삼켜,20
삽입,20
카펫,20
애들만,20
제2의,20
제2,20
지냈는데,20
지능을,20
베일리랑,20
희생,20
아는거죠,20
아놀드가,20
일이라구요,20
출근해야,20
웃음거리가,20
원했다면,20
대피시켜,20
대표님은,20
병의,20
벤웨이,20
아닌걸요,20
그분도,20
몇개의,20
출현,20
춤이나,20
일당,20
일당이,20
예쁘시네요,20
코브,20
댁도,20
베티는,20
그쪽은요,20
지루해요,20
원하지만,20
살인이라고,20
살인하는,20
공항까지,20
영원토록,20
미소가,20
일원으로,20
영리하군,20
춤춰,20
예상할,20
몇번을,20
몇시에,20
눕혀,20
수술해,20
돼가는,20
변호사한테,20
지상에서,20
벽에서,20
변호사들이,20
지원도,20
제드,20
살인범,20
병원비,20
아니잖나,20
아니타,20
지저분해,20
가져오게,20
가져라,20
8천,20
끼어들고,20
제공한,20
영혼과,20
일어난다는,20
눈빛으로,20
일어나도,20
일에도,20
살인사건에,20
뜨자,20
암컷이,20
끝내줬어요,20
끝내자고,20
끼지,20
북부에,20
북동쪽,20
실망하지,20
들어있어요,20
잡으려면,20
버리겠어,20
거부한,20
안전하길,20
루나프레야,20
우리까지,20
내려가야,20
만나보지,20
같았다고,20
그리젤다,20
시도가,20
잡혔다,20
뻔했죠,20
뻔했는데,20
물어라,20
일본은,20
예를들면,20
경로는,20
삼을,20
원숭이는,20
원샷,20
대한건,20
피트가,20
제법인데,20
도망쳤지,20
도망가면,20
영혼들을,20
동크,20
살펴보면,20
살지만,20
일본인,20
세우지,19
그리울거야,19
그린의,19
고기는,19
같았으면,19
핀치,19
벽에다,19
병가를,19
피트는,19
픽업,19
지운,19
그만하죠,19
10년이,19
변수가,19
지른,19
그새,19
같겠지,19
10분이면,19
지불하고,19
그말을,19
아더,19
아담과,19
필로미나,19
아닐겁니다,19
아닌지는,19
지랄맞은,19
지져스,19
지점은,19
살려달라고,19
살래요,19
살든,19
임자가,19
살거든,19
겪지,19
가지곤,19
여권을,19
임상시험에,19
임산부,19
높은데,19
산도발,19
벨라미,19
벤과,19
피워도,19
베이컨을,19
아내분은,19
아녔어요,19
만났소,19
마찬가지다,19
극도의,19
그레이조이,19
지난달,19
만났는지,19
그자의,19
희망의,19
용서하소서,19
섹스의,19
몸집이,19
용돈,19
우주선으로,19
콩이,19
헨쇼,19
놀이가,19
놀아나고,19
산더미,19
뒷마당에서,19
관계자,19
입어서,19
놈들이랑,19
입자가,19
토를,19
미자야,19
일행이,19
스노우를,19
여력이,19
콩은,19
콧수염,19
세를,19
욕하는,19
베시,19
그레이스가,19
개라고,19
개두술을,19
개념은,19
지나가,19
갖다줄게,19
만담,19
필요하겠어요,19
지나면서,19
지나쳤어,19
크로우,19
센츄럴,19
데비가,19
크락,19
헤어지면,19
헤어지지,19
살아간다,19
놔두라고,19
통과하면,19
통과한,19
한테서,19
놈이고,19
사탄,19
70년대,19
최정예,19
놈이라,19
스콧의,19
헬렌이,19
코트에,19
덤비라고,19
해야겠는데,19
요정은,19
가벼워,19
글로리아의,19
보내면서,19
아기예요,19
아람이,19
마지막은,19
아끼지,19
지켜봤어,19
사이예요,19
믿어서,19
믿소,19
사진들은,19
사진과,19
스타크를,19
관은,19
믿길,19
놀던,19
할거니,19
혁수야,19
있는지에,19
있는진,19
여배우,19
살아가야,19
일하려면,19
일하며,19
데일이,19
계획이란,19
데이트에,19
콘웨이,19
가봐야지,19
용감하다고,19
해야하는데,19
크롤이,19
울리지,19
필요하잖아요,19
마이애미에서,19
아마데우,19
증가,19
개별,19
개리가,19
피곤하게,19
만든게,19
보내줘야,19
헛되게,19
축하의,19
일주일동안,19
미안하네요,19
미안하다는,19
미안하단,19
통제하기,19
헷갈려,19
한순간에,19
스태프,19
멀쩡하고,19
있다는거지,19
관찰을,19
지키려,19
벙커에,19
흠잡을,19
그렇게들,19
줬는지,19
마에스트로,19
플러스,19
지평선을,19
쥐들이,19
쥬스,19
지팡이는,19
벗으라고,19
보냈거든,19
요원으로,19
델루카,19
울어도,19
울릴,19
둘째로,19
여자다,19
여자끼리,19
둘러보세요,19
둘째는,19
멀리요,19
통이,19
있더라구,19
있어서야,19
있던지,19
녹음을,19
관타나모,19
믿었다고,19
사이먼은,19
있던게,19
누구십니까,19
요원이다,19
못할꺼야,19
코에서,19
더욱이,19
못할거라고,19
웃기다고,19
덕분이지,19
아버지로서,19
마십쇼,19
마신다고,19
마시던,19
씨죠,19
기관에서,19
기각합니다,19
댓가가,19
믿음에,19
스파링,19
스틱을,19
겔빈,19
먼지를,19
사원,19
총기를,19
에너지는,19
엉망진창이,19
에드워드가,19
사용해도,19
두사람,19
쉬면서,19
출전,19
누구한테서,19
누구한테요,19
쉬셔야,19
성병,19
요구는,19
해본적이,19
가셔야죠,19
몰랐다면,19
대해서만,19
원시적인,19
원리를,19
워터루,19
댄떚,19
보려,19
그럴걸요,19
중반,19
중부,19
아부,19
개에요,19
15년간,19
여자일,19
테일러가,19
테일러와,19
두번째는,19
누이가,19
누워있어,19
두명은,19
미숀,19
누르는,19
쉬자,19
결실을,19
살았다고,19
에밀리아,19
노예처럼,19
노예를,19
중이었거든요,19
중이셔,19
보라니까,19
보듯,19
중요한가요,19
아빠고,19
흉부외과에,19
중고,19
필요하실,19
아비의,19
보석이,19
기대에,19
중력으로,19
만들어줬어,19
기다리겠습니다,19
여지도,19
여지는,19
일어났고,19
미셸이,19
살인자의,19
한병,19
사용하는지,19
노먼은,19
초대해줘서,19
총격전,19
스펀지,19
듣는다,19
중심이,19
마셔봐,19
프레스튼,19
만들었지만,19
보시겠습니까,19
줄리에타,19
기도하는,19
진다,19
흉터를,19
직장은,19
보십니까,19
외부의,19
성공에,19
묘지를,19
없었대,19
튀긴,19
투표할,19
한사람이,19
한순간도,19
있으라고요,19
사양,19
사실인지,19
괜찮겠네,19
괜찮겠네요,19
노력도,19
결장,19
역추진,19
역경을,19
연결하면,19
살진,19
살해됐어요,19
사실은요,19
사실과,19
괜찮냐고,19
노력해봐,19
듣도록,19
듣는다고,19
없을거요,19
슬래터리,19
먹은거야,19
소고기,19
켈리는,19
도달했습니다,19
가리키고,19
대학교에서,19
원하시죠,19
켜요,19
마무리해,19
만스,19
아시는군요,19
아시겠습니까,19
보안은,19
쓰면서,19
잎이,19
들쑤시고,19
사무실입니다,19
들렸다,19
한말,19
있자니,19
있을리가,19
사셨어요,19
먹었는지,19
사뮤엘,19
노고에,19
잊어버렸어요,19
잉크,19
없애려,19
먹어봐요,19
헌터가,19
헌신,19
기도해요,19
보여줄거야,19
갠,19
객실,19
그러자고,19
마릴린,19
쓰레기같은,19
아이들한테,19
보여드려,19
준비하자,19
외과의를,19
외과의들은,19
해보도록,19
가소,19
숨막히게,19
두개골이,19
연결됐습니다,19
일기를,19
일곱신의,19
숨기려,19
헌트한테,19
눈에도,19
게이야,19
한바퀴,19
한명이라도,19
쳐다보지마,19
쳐다보면서,19
사물을,19
사물함,19
외람된,19
소녀들은,19
고문이,19
원한다는,19
월리스,19
무기들,19
무관한,19
아이라고,19
걔네한테,19
아이작이,19
아이오와,19
죽이자,19
보여줘서,19
보였는데,19
기부를,19
벌기,19
인형의,19
숨겨요,19
됬죠,19
느껴지는데,19
충성심,19
게시판,19
쳐야지,19
먹도록,19
괜찮으시겠어요,19
괜찮았지,19
현준아,19
5명이,19
자다가,19
바뀌었다고,19
자들이야,19
트레이시,19
승모판,19
것이었죠,19
시각이,19
괜찮으신가요,19
트롤이,19
트로피를,19
사례가,19
네명의,19
멘데즈,19
연구의,19
왠일이야,19
월드,19
원형,19
웜홀,19
켄터키,19
고백,19
무당,19
무너뜨리고,19
만찬을,19
핑계를,19
아이지,19
퓨리,19
아일랜드의,19
터커는,19
술로,19
취약한,19
취소됐어,19
느꼈죠,19
느꼈지,19
미국에서는,19
상공,19
상관없잖아요,19
미국인의,19
미국인을,19
시각을,19
시간여행을,19
시간안에,19
시간까지,19
자녀를,19
퓨리가,19
아이반,19
휩쓸고,19
쏘,19
아침으로,19
마나부,19
기소할,19
기숙사,19
보이겠지,19
보유하고,19
보이더군,19
대장이야,19
웨스테로스의,19
웨섹스,19
왕자님을,19
클락이,19
괴물의,19
청혼,19
것이기도,19
자동차는,19
넣기,19
한마리가,19
바늘이,19
체온,19
협정,19
자루를,19
결혼생활,19
술과,19
순환,19
소리처럼,19
위안을,19
위스콘신,19
소리였어,19
위생병,19
위로해,19
썼습니다,19
썼나,19
죽어버릴,19
기억하렴,19
기억하는데,19
보자고요,19
죽었겠지,19
기억될,19
버틸수,19
기억력,19
진지해요,19
결혼하게,19
연락했는데,19
인상적이군,19
인사해요,19
뭘해야,19
인줄,19
인정한,19
인정할게,19
공연할,19
청구서,19
협박이,19
엄마한테는,19
엄마한테도,19
것뿐입니다,19
간게,19
자막입니다,19
자리잡고,19
계시잖아,19
계시다면,19
해대는,19
해달라는,19
해주셔야,19
목에서,19
대에,19
선택하게,19
선택이에요,19
죽는다고요,19
풀리는,19
풀렸어요,19
하건,19
하겠단,19
자연이,19
형이야,19
넘겨줄,19
사람이었고,19
자본,19
넘어가서,19
엄마고,19
얼씨구,19
자식이야,19
시까지,19
간과,19
엄마라면,19
철학과,19
괴사,19
자석,19
아프간,19
리아,19
악당을,19
강력,19
아프긴,19
풀어준,19
버스터즈,19
기장은,19
리비아,19
아픔이,19
기원전,19
주정뱅이,19
강도는,19
리브스,19
리비,19
할진,19
결혼하자고,19
터져요,19
늙은이를,19
상부에,19
뭔일이야,19
늘어진,19
허리를,19
¼,19
순자,19
연락하는,19
된다면요,19
사람이네요,19
사람이든,19
첫사랑,19
시도라도,19
얼마면,19
머리랑,19
주치의를,19
안가고,19
질문이요,19
질문이군요,19
쌍둥이를,19
표정이요,19
기지의,19
기증을,19
주의해,19
주유소,19
1개,19
보호하지,19
클럽이,19
도와주시겠어요,19
맹세합니까,19
시애틀의,19
들이고,19
바보들이,19
얻어야,19
바랐는데,19
바람피고,19
겁줄,19
얻었잖아,19
간단하고,19
자체야,19
자질을,19
가져왔나,19
위탁,19
위치와,19
대원을,19
위험하단,19
선체,19
그래놓고,19
기회조차,19
기회지,19
기회요,19
거랬어,19
복사,19
악몽에,19
리스본,19
냈고,19
작성할,19
호들갑,19
호가,19
교실에,19
교실에서,19
들으시오,19
얻어낸,19
얻어낼,19
자정까지,19
자잖아,19
바보냐,19
작동시켜,19
사람들까지,19
사람까지,19
교실,19
천국과,19
주스를,19
해줄께,19
위험한데,19
소변이,19
소속이야,19
클론,19
왔다구요,19
클립을,19
선생이랑,19
선생한테,19
선생님하고,19
길지,19
안되게,19
안됐는데,19
거리에선,19
연을,19
연이,19
연습하는,19
뭐한거야,19
되어도,19
연필을,19
털도,19
되지요,19
면허를,19
순간엔,19
순간에도,19
되있어,19
연민을,19
시민을,19
시비,19
냈잖아,19
냈다고,19
갔었니,19
주방으로,19
후보를,19
그때쯤이면,19
루즈,19
버렸잖아,19
복제,19
질병에,19
거룩한,19
거룩히,19
주도,19
루이즈,19
말라깽이,19
싸우다가,19
갔었고,19
내주세요,19
내주지,19
등지고,19
파괴된,19
잘못됐는지,19
들킬,19
작업하는,19
혜성이,19
언급하지,19
어찌할,19
간섭하지,19
티타늄,19
티비,19
맨해튼,19
바비큐를,19
척할,19
교육에,19
바쁘니까,19
짊어지고,19
그따위로,19
안들면,19
말문이,19
말보다,19
거리지,19
하나고,19
밴이,19
완벽했어,19
도전이,19
선생님에,19
소수의,19
소스는,19
계속하지,19
유감이예요,19
대령입니다,19
ㅎ,19
ㅅㅂ,19
늦었지만,19
되셨죠,19
되시길,19
되시나요,19
되어라,19
측면을,19
되라는,19
인간한테,19
사냥개,19
바야,19
잘가게,19
어짜피,19
내일이라도,19
유물이,19
고용,19
컨테이너,19
롤라,19
말리는,19
집단이,19
좋을게,19
봉투에,19
볼때마다,19
죄값을,19
독서,19
해줬죠,19
커피요,19
와선,19
수천의,19
인간이에요,19
치료의,19
공산당,19
공부해,19
늦었다고,19
맥박을,19
디자인을,19
잘못한게,19
어째서지,19
어째야,19
교황을,19
사교,19
사과하는,19
사과드리죠,19
사과도,19
호에,19
책이에요,19
책이죠,19
잘해줬어,19
호수로,19
사고라고,19
어머님께서,19
처방전을,19
처리했어요,19
구경을,19
잘해냈어,19
잘한다고,19
어색해,19
바이탈이,19
결혼했죠,19
결혼했지,19
상위,19
치곤,19
도착을,19
옷이랑,19
대단했지,19
소식이죠,19
해는,19
무시,19
대단하구나,19
섞은,19
안에만,19
안정적이야,19
깨운,19
좋아할만한,19
그녀석은,19
집어치워요,19
안에도,19
봐둬,19
깨달았을,19
좋으라고,19
키타노,19
소중해,19
모퉁이,19
옮기자,19
와보세요,19
옷장을,19
커크의,19
유익한,19
서자,19
서장님은,19
서울로,19
고용하지,19
배치해,19
봤구나,19
안좋은데,19
안전한가요,19
그냥요,19
상점에,19
니아,19
결혼해줄래,19
뭐랬어요,19
뭐랑,19
뿐이었죠,19
뿐이었지,19
바퀴를,19
내려다,19
파괴됐습니다,19
파견,19
어릴때부터,19
내려가세요,19
뿐이라는,19
호출하지,19
한가지가,19
로켓을,19
깨지면,19
좋아하겠지,19
좋아하기,19
집이잖아,19
안해봤어,19
안토니우스의,19
배워서,19
회복하고,19
좋냐,19
안한거야,19
배제하고,19
좋단,19
껄,19
배터리는,19
배웠습니다,19
올수,19
박스는,19
호스트는,19
책임지는,19
잡겠어,19
검둥이,19
따돌릴,19
잡았나,19
잡아줘요,19
시작했으니,19
시작했던,19
잡음이,19
박상길,19
책상을,19
낳았어,19
탱크가,19
되는건가요,19
열정은,19
이해해줄,19
수직,19
독은,19
가려구요,19
해킹하는,19
서봐,19
서비스는,19
무엇이냐,19
부검,19
뵙네요,19
그거야말로,19
종교에,19
종교의,19
하느님께서,19
폭발에,19
폭발은,19
좆까라,19
수잔이,19
태아를,19
태우지,19
치뤄야,19
이탈,19
열차의,19
파상풍,19
박사예요,19
뼈들을,19
매력적으로,19
어떡할까,19
잤다는,19
시절부터,19
뺏으려고,19
박혔어,19
2007년,19
1층,19
집착하지,19
집착이,19
꼬맹이들,19
200달러,19
짓기,19
존재하고,19
꼼짝없이,19
말았죠,19
올라왔어요,19
소피의,19
장애물을,19
어떡하냐,19
시체들이,19
파업,19
뺐어,19
채우는,19
매듭을,19
장난이지,19
장기들을,19
딴데,19
태어났죠,19
되겠다는,19
였던,19
경관은,19
영구적으로,19
영수,19
이제라도,19
치유를,19
장담하건대,19
매는,19
장만,19
밖이야,19
돈이지,19
독일이,19
올리비아가,19
가오,19
캠핑을,19
당장에,19
가라앉을,19
음반을,19
커다랗고,19
포함된,19
말에요,19
로드리게즈,19
조카의,19
짖는,19
징징대는,19
족족,19
빠진다,19
남자만,19
빵이,19
어디있는거야,19
딸들이,19
딸딸이,19
구실,19
구슬,19
파커가,19
상태죠,19
행성으로,19
물체를,19
상태일,19
족제비,19
않는것,19
배고파서,19
20년동안,19
꿇지,19
조종을,19
킴은,19
속보입니다,19
계기로,19
서머,19
치죠,19
다니엘은,19
몇년을,19
몇년전에,19
수십년,19
수없는,19
물자를,19
다니죠,19
물질에,19
이전에는,19
이자리에,19
맡았는데,19
어디가는,19
땄어요,19
땀에,19
남자잖아,19
시행할,19
빠졌네,19
빠져있어,19
모이게,19
서라고,19
음주운전,19
핵을,19
고쳐줄,19
무자비하게,19
렉시와,19
말조심해,19
부서졌어요,19
쪽엔,19
않았는데요,19
말인즉슨,19
심하진,19
부분이에요,19
조르조,19
귀여운데,19
귀엽잖아,19
빛나게,19
남성의,19
남부의,19
찾았군요,19
구입한,19
빠져나간,19
남자애들이,19
식당으로,19
식구들이,19
식기,19
맡기면,19
재판에서,19
남은거,19
재활용,19
찾아줘요,19
몇개는,19
탔던,19
돌렸어,19
킹스랜딩으로,19
당신과의,19
올라올,19
캐롤은,19
묶어서,19
않았던가,19
포도주를,19
심판,19
거절했어요,19
레이더를,19
레이먼드,19
심판이,19
부스는,19
물어와,19
새다,19
영향은,19
영토,19
가져오세요,19
공공장소에서,19
이유다,19
이용해요,19
혼인을,19
빠져나가자,19
쟤네들이,19
쟤들을,19
때려치우고,19
쟝,19
부술,19
제지,19
않은거죠,19
않은거지,19
방위,19
제정신,19
제작한,19
쫓아가서,19
부인에,19
부인께선,19
부위는,19
돌린,19
온거예요,19
당근을,19
모습입니다,19
물어본다면,19
물어볼까,19
공격받고,19
이샤니,19
다리야,19
치프와,19
맞췄어요,19
때였지,19
반역죄로,19
반역,19
얘기해보죠,19
판사를,19
식사가,19
반지에,19
걷다가,19
땡땡이,19
경련,19
의사들을,19
캐럴,19
핸들을,19
당겨서,19
묵을,19
거짓말이었어요,19
알거라,19
않을꺼에요,19
끝날때까지,19
제외하고요,19
제왕절개,19
제어가,19
감염되지,19
팔리는,19
신경외과의가,19
신경쓰여,19
판단해,19
홀로그램,19
신기하지,19
떠나도록,19
홀린,19
탑에,19
탑을,19
이식에,19
수술이죠,19
이야기에요,19
예술적,19
친구에,19
친근하게,19
다스,19
얘기잖아요,19
떠나야만,19
신나서,19
저년을,19
얘기인데,19
저라도,19
빅터는,19
날린,19
저만큼,19
감염됐어,19
끝났지,19
부친을,19
제복,19
쫓아와,19
생산,19
생생한,19
손길을,19
돌아가도록,19
돌봐줘야,19
고통스러울,19
의지하는,19
약속된,19
받아들였어,19
받던,19
양말을,19
비카,19
받나요,19
날아갔어,19
신들과,19
저스티노,19
창이,19
홍콩에,19
홍차,19
친근한,19
수술과,19
했는,19
의외로,19
의욕이,19
의족을,19
찌질한,19
끼었어,19
폈어,19
말하자,19
심각하다고,19
알람이,19
알기에,19
확인해요,19
확인해줘,19
권리도,19
부탁해도,19
손댈,19
손발이,19
오줌이,19
다음을,19
다음번에는,19
샌프란시스코,19
이상이죠,19
갈바트론,19
떠날수,19
구했다고,19
구했고,19
저여자가,19
저항군이,19
팝이,19
맞는것,19
비용도,19
비싸,19
받아야만,19
적극,19
난폭한,19
약만,19
떨어졌네,19
예외가,19
예언을,19
다이아,19
이쁘게,19
오코너,19
돌아가셨고,19
했는가,19
의지에,19
칼라,19
분노하시오,19
정해야,19
분류,19
래리가,19
싫었는데,19
폈다고,19
분노로,19
궁전에,19
말할때,19
제거반이,19
야생의,19
전단지를,19
전남편,19
맞구나,19
맞겠죠,19
망치로,19
창고가,19
창가에,19
비도,19
떨어뜨렸어요,19
적대적인,19
적은요,19
적이다,19
적응을,19
화물을,19
화려하게,19
적수가,19
전국에서,19
북으로,19
궁금했어,19
확인해야겠어,19
2년이,19
라자냐,19
감성적인,19
감사했습니다,19
알려주죠,19
싫어하는거,19
나갔나,19
편에서,19
확인할게,19
밥맛,19
나간다면,19
문이야,19
수산,19
옛날에는,19
합류할,19
모델은,19
모델을,19
수법을,19
옐라,19
예정이에요,19
생각들,19
가기를,19
다이아몬드를,19
야인,19
받았거든요,19
비디오드롬,19
신스케,19
야아,19
생기든,19
경찰이나,19
가자고요,19
돌아가야겠어,19
오웬의,19
타샤,19
달아나는,19
이건요,19
카운터에,19
문제니까,19
문제고,19
밤늦게,19
궁극적으로,19
궁극적인,19
확인하게,19
편인,19
하루였어,19
라이오넬,19
알아가는,19
정상이고,19
수면제,19
생각이면,19
곳이네요,19
수리할,19
다이애나,19
물려받은,19
앱,19
앨트먼,19
받았대,19
앤은,19
전사들이,19
나일,19
전례가,19
참석한,19
건드리는,19
떼어내,19
화장도,19
말해보지,19
싫다구요,19
분야가,19
나갔죠,19
2명은,19
정말이죠,19
나더라,19
나는데요,19
펭귄이,19
라스베가스에,19
알아들을,19
실험의,19
나겠지,19
손해를,19
오스왈드다,19
경주를,19
발견하기,19
참된,19
발견되었어요,19
전쟁터에,19
똑같다고,19
망원경,19
액체를,19
신이야,19
감각은,19
국장은,19
전설은,19
전역에서,19
전신,19
탈거야,19
모르,19
모로,19
동맥에,19
오겠죠,19
손잡이가,19
이것의,19
이것봐라,19
이겼네,19
가능하고,19
불과합니다,19
확신하죠,19
말해주실래요,19
알아야해요,19
불가능하죠,19
굶고,19
오베린,19
오버리가,19
솔직함,19
모른단다,19
모른다니까요,19
이노우에,19
생각해보죠,19
이녀석,19
달라니까,19
이동하라,19
골디,19
이들도,19
달갑지,19
알았단다,19
알았는지,19
나뭇가지가,19
불록,19
띄워봐,19
불러올,19
확실하니,19
접고,19
접속을,19
접근해,19
접근해서,19
정글에,19
곰한테,19
칠면조가,19
수녀는,19
친해질,19
이름이요,19
이름이네요,19
이메일에,19
다치기,19
했음,19
나을지도,19
브리지,19
전이지,19
신체를,19
애인은,19
브리트니,19
받지도,19
전장에,19
애한테서,19
신호도,19
브라이스가,19
굴려봐,19
접촉이,19
확실하다고,19
차림으로,19
실전,19
뜻이고,19
뜻하지,19
페니스,19
절차에,19
착각하지,19
뜻일까요,19
불법으로,19
점심도,19
했습니다만,19
가는길에,19
항구로,19
합의한,19
오려면,19
닥터다,19
이루지,19
이론에,19
물건으로,19
브라더,19
나왔는데요,19
실례하겠네,19
나오질,19
전통이야,19
나온다면,19
맛보고,19
붙으면,19
발굴,19
가져가야지,19
동결,19
돌아온걸,19
오빠와,19
오말루,19
이러는거,19
말했던거,19
말했듯,19
알파를,19
2주나,19
불안해요,19
전화해줘,19
뜻의,19
나았을,19
나아지면,19
뜨기,19
애당초,19
애니까,19
앞서고,19
실망하게,19
나오길,19
애들러,19
발레리,19
나오렴,19
붙였어,19
붙였어요,19
불평을,19
발랄한,19
가져가봐,19
동감이에요,19
모르긴,19
이러려고,19
돌아왔다는,19
가정이,19
침착하고,19
닦는,19
압통이,19
착하네,19
실망했어요,19
군이랑,19
힘들었죠,19
세심하게,19
세워봐,19
세워서,19
힘들다고,19
해부,19
못됐다,19
우루,19
고결한,19
콜먼,19
세워진,19
쿠리바야시상,19
우리쪽으로,19
우리와는,19
못을,19
못이,19
못하겠네,19
데까지,19
피터의,19
만나봤어,19
아닌거야,19
지루할,19
토한,19
토퍼,19
토지,19
헤쳐나갈,19
멍청이들이,19
높을,19
관계에서,19
산토스,19
헤이즐,19
별것도,19
힘들면,18
추적은,18
추적하기,18
같았습니다,18
별것,18
변신이,18
힘들겠네요,18
7명이,18
7개월,18
7개의,18
잃었다고요,18
관계야,18
관계없는,18
관계없어,18
놓고는,18
과학자는,18
과학자들,18
읽어봤어,18
지랄을,18
그이의,18
그인,18
그로부터,18
피자가,18
잃는다는,18
놓쳤잖아,18
놓쳤네,18
추천해,18
산책하고,18
뒤늦게,18
놓으란,18
읽어보세요,18
농담할,18
농담하시는,18
미친놈처럼,18
톱,18
가지고도,18
가지가지,18
여기서부턴,18
임산부를,18
용품,18
데릭하고,18
용서하게,18
용서가,18
용도로,18
만났나,18
피워요,18
임상시험을,18
걱정하시는,18
펠로우,18
불안정해요,18
나서도,18
절대적으로,18
차키,18
감사드리고,18
뜬다,18
애나벨,18
실망시켜서,18
나아질거야,18
불편하지,18
불탈,18
불타,18
2주전에,18
펠킨스씨,18
불합격,18
불편할,18
나오라,18
나오잖아,18
붙고,18
불확실한,18
앞에서요,18
맛없는,18
돕도록,18
경제적,18
생각한다는,18
생각한단다,18
묻는다면,18
칭찬으로,18
항복하지,18
불평할,18
이루어지지,18
침실에서,18
나쁘다는,18
오말리에게,18
생각해보니까,18
돌아왔으면,18
차였어,18
불려,18
맛있었어요,18
나오지도,18
전파가,18
생각하는걸,18
화학적,18
나왔네요,18
수고하셨어요,18
생각하나봐,18
오믈렛,18
카라는,18
모르도,18
전하지,18
경우에만,18
오는거,18
동공,18
타협을,18
뜯고,18
착륙했습니다,18
이러다간,18
카라를,18
이러기,18
뜨겁고,18
항구를,18
오백,18
펠리시,18
말했겠죠,18
라게르타,18
카레브랑,18
닫은,18
알았겠죠,18
감사하겠습니다,18
솜씨를,18
이메일도,18
이바르,18
침대야,18
친히,18
수다를,18
닥쳐줄래,18
실체를,18
알았다는,18
정글로,18
뜻이겠죠,18
망원경을,18
액버트,18
브래든,18
전이가,18
신호하면,18
이름인데,18
나빠서,18
나비야,18
점장님,18
나쁘지만은,18
나쁘고,18
뜻일까,18
착각한,18
불명,18
전세계에서,18
전염되는,18
앤드류가,18
액스가,18
갈테니까,18
블랙홀에,18
전쟁터에서,18
똑같네요,18
달러입니다,18
곤란한데,18
탈수,18
이모한테,18
이모랑,18
국방,18
전설이야,18
전선이,18
감사하네요,18
밝혀졌어요,18
말해주죠,18
차만,18
차린,18
실패했지,18
걱정이나,18
생겼다는,18
묻기,18
이끌지,18
정당,18
정답은,18
이규원,18
라구요,18
차례로,18
나락으로,18
물론이오,18
다정해,18
떴을,18
친위대,18
친분을,18
친숙한,18
탄생을,18
하루아침에,18
비결이,18
나인,18
수사하고,18
전문가를,18
신원미상의,18
패스를,18
비교할,18
이분들이,18
확인되지,18
나냐,18
밝혀지면,18
나는거야,18
알아냈나,18
싫겠지,18
나누기,18
밤인데,18
차들을,18
오셨는지,18
오슨,18
달린다,18
곡에,18
정보입니다,18
실험에서,18
라이온씨,18
모듈,18
동물이랑,18
동물이야,18
나가실,18
정전이,18
2년은,18
문의,18
랍스터,18
곳이라,18
이쁘네,18
행동이야,18
가급적,18
예지,18
함장은,18
생각들이,18
생각났어요,18
했구만,18
모를꺼야,18
돌아가시면,18
낚시하러,18
낙타,18
망치기,18
이본,18
친절해,18
라이프,18
나같이,18
싫어도,18
분이지,18
편지로,18
손에는,18
했다니까요,18
가동해,18
전달이,18
전단지,18
란다,18
북을,18
싫어하니까,18
분들과,18
정을,18
싫었던,18
떨어뜨릴,18
적부터,18
적용되는,18
찼고,18
떨리고,18
떠있는,18
갈아입을,18
신원은,18
북위,18
찍을게요,18
알리게,18
알려줬죠,18
화산,18
적응하는,18
창문도,18
하신다면,18
정오,18
정신차리고,18
편의,18
확인해봐요,18
분야를,18
감소,18
나가거라,18
부함장,18
적절치,18
맞대고,18
건전한,18
건이야,18
하시려고요,18
떠날게,18
구했을,18
저에게는,18
저항,18
떨어뜨리는,18
저쪽을,18
날들은,18
비율이,18
저항군에,18
저항군을,18
구획,18
모스크바에,18
돌아가려면,18
오줌도,18
떨어져야,18
떨어뜨리면,18
경비들이,18
경비는,18
비비안,18
칸은,18
오초아,18
손님이에요,18
모습만,18
고함을,18
고해,18
카프,18
카페에,18
제레미가,18
끝이지,18
제닌이,18
거품,18
거하게,18
말한걸,18
오토봇은,18
의지,18
경비원을,18
이상무,18
다음의,18
모나코,18
제니가,18
거짓말했어요,18
방송은,18
타디스의,18
물어보라고,18
물어보는거야,18
물벼룩,18
떠난다는,18
신문사,18
약혼한,18
탐사선을,18
탐폰,18
저질렀어요,18
약혼자를,18
약의,18
약속했죠,18
창피해서,18
저자를,18
하이드라가,18
하원,18
쫓아서,18
문과,18
의심도,18
손가락질,18
끝내자는,18
제발로,18
쫓던,18
말하란,18
홍수,18
약속했거든,18
패닉에,18
약속드립니다,18
돌봐줘서,18
닮지,18
해결한,18
오토봇들,18
화난게,18
홈즈는,18
날려버리고,18
날려버렸어,18
받는다는,18
얘기라,18
맞았군,18
양아치,18
하려는건,18
랜디가,18
3개나,18
예술에,18
동의했잖아,18
수술복을,18
홍수가,18
비치는,18
이상하다는,18
곳이오,18
공개된,18
다름이,18
몇은,18
수술이에요,18
맞으면서,18
신기하다,18
함을,18
가거든,18
이상한데요,18
이상해서,18
떠나기로,18
떠나는게,18
수수께끼가,18
탈출했어,18
반하는,18
구한다고,18
비타민을,18
하인이,18
찾아내기,18
혼잣말,18
날이었어요,18
판정을,18
쫓지,18
부탁이다,18
부정하지,18
끝났나요,18
끝내라고,18
심기를,18
알겠나요,18
방세를,18
답례로,18
답답해,18
레나이,18
말하겠죠,18
의사세요,18
답지,18
의사들의,18
의사처럼,18
심슨,18
부처님,18
부질없는,18
레,18
알거에요,18
레딩턴이,18
레드비어드,18
의사였어요,18
저러면,18
하이힐,18
신고하면,18
신고는,18
얘기하길,18
걸게요,18
않을것,18
제이를,18
홀츠먼,18
동정심이,18
동정,18
구토,18
저격,18
홀랑,18
빈티지,18
저렴한,18
않았음,18
쪽팔리게,18
방해하려던,18
조금더,18
않은것,18
않은거,18
않으시죠,18
레오나드,18
타라가,18
킹을,18
모시겠습니다,18
타다히로,18
경험해,18
제임스의,18
타겟은,18
옥새를,18
남기세요,18
반짝,18
다리와,18
식사도,18
반역자가,18
새틴,18
친구라도,18
이야기들을,18
칼이야,18
빌어주소서,18
빌보,18
때예요,18
찾아냈죠,18
반장,18
때문이라,18
얘기해보자,18
22살,18
포는,18
무턱대고,18
의리,18
속에서는,18
캐롤을,18
생존이,18
돌려주면,18
물어봤을,18
이야기했어,18
동지가,18
하늘엔,18
심폐소생술을,18
조각은,18
부엌으로,18
부스에게,18
얘기해줬어,18
얘기해봤어,18
판사한테,18
영재,18
돼지는,18
물었잖아,18
걸렸나,18
물었는데,18
레이너,18
걸렸군,18
찾아봤어,18
갈겨,18
갈거고,18
남아요,18
식료품점에,18
식모,18
조깅,18
조깅을,18
포기하라고,18
당신이죠,18
캐틀린,18
무전기를,18
하는지를,18
핸드볼,18
남성이,18
파헤치고,18
때라면,18
때는요,18
부분입니다,18
활기,18
배고프다고,18
조사해봐,18
얘네가,18
판결이,18
시험도,18
갈거라고,18
재채기,18
얭은,18
얘들을,18
잽,18
속이려,18
고쳐요,18
올라오고,18
올라오면,18
돌려라,18
남자고,18
찾아줄,18
돼지새끼,18
배리는,18
조종실,18
조여,18
조심하십시오,18
끊긴,18
끊는,18
말이든,18
감자튀김,18
조절이,18
속삭여준단다,18
킹스랜딩에,18
서명만,18
조절을,18
조앤은,18
환자잖아,18
부모한테,18
어둠속에서,18
어두워지기,18
파편,18
치프께서,18
샅샅히,18
이자식,18
다르겠죠,18
다뤄요,18
당연하게,18
돈까지,18
음향,18
찾았다는,18
재로,18
재료,18
치코,18
이이는,18
딸이지,18
않는거,18
말이고,18
부르셨습니까,18
캡슐,18
않구만,18
않고서,18
꾸밀,18
걸수도,18
파트,18
걸릴겁니다,18
구역질,18
남자라는,18
빠져나온,18
빠졌습니다,18
딸이죠,18
행성에서의,18
洹,18
반대를,18
맡으면,18
갇히는,18
어디갔어요,18
어네스트,18
빵은,18
조이너,18
부모와,18
조카야,18
않느냐,18
조심하시오,18
20명,18
빨래를,18
빨라지고,18
이집트를,18
장담하죠,18
매뉴얼,18
됐단다,18
이지도,18
명이죠,18
됐다구,18
됐노,18
어딜요,18
파지엔자,18
파자마,18
장부,18
3주나,18
낫는,18
남편이요,18
행사에서,18
해군은,18
빼앗긴,18
빼라고,18
빼내면,18
납치하고,18
장벽은,18
장모님이,18
혼수,18
싱,18
거였다,18
은주,18
은근,18
고장났어요,18
돌게,18
가야한다고,18
가야합니다,18
올려놓고,18
황소,18
존재합니다,18
횃불을,18
2012년,18
포인트를,18
꼬꼬마,18
200미터,18
납치를,18
파워스,18
파이는,18
않구,18
꼭꼭,18
종결,18
부대의,18
부딪혀,18
딱이네,18
어딘지는,18
따면,18
장기간,18
매독을,18
걸었는데,18
났군,18
남편이나,18
3차,18
태우러,18
영광이야,18
태어나지도,18
구멍은,18
장기에,18
걸어가는,18
딱한,18
싶긴,18
폭발의,18
배우를,18
껐어,18
짓게,18
배우들이,18
말씀하시면,18
해킹할,18
태워줘서,18
상처주지,18
상처와,18
행하는,18
이튼,18
니플하임의,18
이틀은,18
공범,18
낮잠을,18
잤다,18
구름을,18
뼈는,18
파산,18
따라오면,18
치료해야,18
니키를,18
2010년,18
200년,18
부러져서,18
말았어요,18
집중하면,18
2008년,18
1페니를,18
장갑에,18
꺼라고,18
봤단다,18
소피가,18
로비를,18
갑작스러운,18
말씀드리지,18
꺼지고,18
폭력이,18
내거,18
잡았군,18
박테리아,18
책상위에,18
어려요,18
구덩이,18
꺼지지,18
좋아보여,18
해피가,18
되는것,18
열정으로,18
이해했나,18
시작했잖아,18
뻔했다고,18
낳게,18
내껀,18
으이,18
서세이는,18
대공,18
대강,18
키우면,18
독일군은,18
유혹,18
모이면,18
안타깝네,18
집어쳐요,18
키카,18
서연을,18
옷장에서,18
옷장이,18
고용했어요,18
소원은,18
수제,18
수정은,18
함께하면,18
니말이,18
니꺼,18
회진에,18
1초,18
말씀드리는데,18
잡아낼,18
시작하자구,18
파랑,18
어릴적,18
어린애야,18
되더라도,18
행위는,18
잠깐동안,18
안하는게,18
집주인이,18
로완,18
로스의,18
회의실에서,18
바트,18
내려갑니다,18
한거고,18
호스트를,18
어서가,18
파괴하지,18
매형,18
잡수세요,18
호의,18
42분,18
잘했군,18
유언장,18
킬리,18
바탄,18
열어주세요,18
치려고,18
딜런이랑,18
사건들은,18
호손,18
폭풍우,18
좋았네,18
좋아했고,18
무스비,18
안에서만,18
안전장치가,18
깨어났어요,18
선반,18
돈보다,18
옮기면,18
도쿄에,18
깨어나게,18
안심하고,18
봉합은,18
안정적으로,18
말씀드렸듯이,18
싶은걸,18
싶은거에요,18
갔군,18
좋지요,18
그놈한테,18
집게,18
대럴이,18
가로지르는,18
대동맥류,18
계셨어,18
백인들,18
죄송하게,18
봉수,18
볼튼이,18
좌현으로,18
볼륨,18
교환을,18
치료도,18
늦었거든,18
디저트는,18
수천명이,18
익히,18
이후부터,18
늦고,18
내면서,18
잘자렴,18
잘지냈어,18
사고에서,18
사귀지,18
맥박도,18
팀도,18
디르사,18
깃발이,18
해냈죠,18
거만,18
안보고,18
안락한,18
까말,18
주름이,18
길입니다,18
늦어도,18
늦어요,18
수행하는,18
선생과,18
선발,18
죄악이,18
죄에,18
깁스가,18
ガリレオ,18
인간일,18
어이없는,18
사냥감을,18
향할,18
터라,18
결혼했을,18
인간으로서,18
집어넣고,18
갔거든요,18
잘거야,18
어쩌니,18
검토,18
팀원들을,18
어중간한,18
상부,18
싸우라고,18
싸우려,18
싸우는데,18
말라구요,18
복잡하죠,18
복종하지,18
주려,18
싸웁니다,18
잘난척,18
그들에게서,18
길이라고,18
하나라는,18
하나랑,18
1번을,18
주류,18
주다니,18
척해,18
잘라내야,18
사라베스,18
사는건,18
작업한,18
언급이,18
어쩌자는,18
검사하는,18
루시스,18
안된다면,18
안보에,18
사냥꾼들이,18
교육도,18
어찌된,18
등반,18
잔다는,18
소비,18
도울거야,18
도왔죠,18
대로요,18
컸고,18
도와주십시오,18
해줬고,18
가르쳐주지,18
뭐할,18
1명이,18
1달러,18
본격적으로,18
안됐다고,18
왔다구,18
클립,18
고아원에서,18
순간으로,18
순간들을,18
결혼한지,18
면회는,18
된걸,18
턱도,18
터지지,18
상상만,18
하기에는,18
그때를,18
시민의,18
틀에,18
숙청과,18
숙소,18
되찾은,18
면전에서,18
르푸,18
대변을,18
고생한,18
케빈을,18
무리에서,18
대비하라,18
해독제를,18
왔었잖아,18
4는,18
버리게,18
버리자,18
기회로,18
기폭,18
주시지,18
안나와,18
안녕히가세요,18
작품이야,18
내쫓고,18
한놈,18
들여서,18
작가의,18
냈을,18
호랑이도,18
호랑이를,18
대사관에서,18
선원,18
겁쟁이들,18
맹세했어,18
얻었고,18
들었으니까,18
티그,18
작용할,18
도와주려,18
계속해도,18
대요,18
위해서였지,18
주었어,18
기침,18
주실수,18
질문인데,18
바랐을,18
간단하죠,18
한군데,18
들었군,18
들진,18
시술,18
바랬을,18
도와줘도,18
늘리고,18
가져왔네,18
얼굴에다,18
자유다,18
너란,18
한곳에,18
천식,18
자유롭고,18
왔었죠,18
왔습니까,18
선장님이,18
위치도,18
냉혹한,18
사람들이라고,18
교사가,18
늘어나고,18
기자회견을,18
하고있는,18
기왕,18
주장합니다,18
기준을,18
많았지만,18
리허설을,18
리콜레티,18
허락한,18
허락없이,18
늙으면,18
연락드릴게요,18
결혼하자,18
늘상,18
인사라도,18
버전을,18
리버,18
머리카락도,18
얼마든,18
철수해,18
연락하라고,18
연락하려고,18
시도하지,18
틀리면,18
기절했어요,18
질문이네,18
1년은,18
기업을,18
죽겠군,18
주토피아,18
악이,18
리디아가,18
자연스레,18
진짜인,18
죽다,18
리차드가,18
무도회에서,18
케이시는,18
케이시의,18
그랬었어,18
바라지도,18
들어주고,18
것뿐이다,18
특징이,18
시는,18
시나리오,18
사람들인데,18
사람이거든요,18
자식의,18
괴물처럼,18
괴물한테,18
연락한,18
들어왔고,18
자살했어,18
엄마에겐,18
바라는데,18
풀어주지,18
풀려난,18
후장,18
보호받고,18
죽는건,18
아파도,18
리오스,18
악당들,18
향후,18
인슐린,18
기억납니다,18
기억나게,18
번씩이나,18
죽었을거야,18
진짜고,18
훈련된,18
늘고,18
늑대의,18
늑대인간,18
상금은,18
인연은,18
상담사가,18
털어놓고,18
순서가,18
해독,18
도와주겠다고,18
도와주겠어,18
머물면서,18
시계에,18
느리지만,18
청소하는,18
사람한텐,18
소리치고,18
계시니까,18
소린가,18
도와드리죠,18
계시오,18
위원회의,18
버팔로,18
계시를,18
괴물아,18
바닷가에,18
사람중에,18
특별하다고,18
목적지,18
왕위에,18
죽여주는,18
그러긴,18
협박할,18
결함,18
것이라도,18
바꿨지,18
한땐,18
머저리야,18
시간좀,18
머물면,18
해머,18
할순,18
테디랑,18
결혼생활이,18
9월에,18
인턴들을,18
바네사가,18
체온은,18
죽었겠죠,18
가르쳤어,18
기억으론,18
썼으면,18
썼는지,18
클라렌스,18
대처할,18
목의,18
공적인,18
술집이,18
술이라도,18
결혼식날,18
풍경이,18
번영을,18
마늘,18
웨섹스의,18
혈액의,18
자네한텐,18
들어간다면,18
들어가야지,18
들어갈수,18
각하께서,18
사랑했다면,18
인턴으로,18
아이로,18
아이러니,18
번키,18
거기까진,18
사랑한단,18
바꿔봐,18
네놈을,18
자네나,18
번에는,18
보유한,18
죽였으니,18
훔치러,18
죽었대요,18
보이드가,18
기생충,18
쐈고,18
먹나,18
먹겠어,18
승조원들이,18
자국은,18
혈통을,18
혈액형,18
혈액형이,18
자는게,18
털을,18
털어놓을,18
될줄,18
연극이,18
느그들,18
바꿔줘,18
자기들의,18
각오해,18
케일럽이,18
벌게,18
소련의,18
도망치자,18
고민하는,18
대통령에,18
계절,18
될테니까요,18
웜홀은,18
무기의,18
설명해주지,18
설명도,18
아인슈타인,18
목적지를,18
소리내서,18
고문할,18
죽일수도,18
죽일꺼야,18
만족하는,18
만족감을,18
쓰니까,18
만족을,18
도망친다,18
설치되어,18
미끄러져,18
인하여,18
느꼈습니다,18
할아버지와,18
미군이,18
기분일,18
18번,18
기반,18
쳐박혀,18
승객이,18
사망자가,18
인턴한테,18
샀지,18
삼킨,18
충직한,18
뉴저지에,18
쳐들어,18
쳐라,18
현재를,18
승진을,18
먹기지,18
트랙,18
들릴지,18
것입니까,18
도망가서,18
외출을,18
보여봐,18
준비하러,18
준비됬어,18
마리는,18
아이들에,18
개흉술을,18
일보다,18
일로와,18
췌장,18
자금은,18
공주와,18
일깨워,18
도망쳤습니다,18
도리스,18
눈썹이,18
911입니다,18
공통점은,18
튄,18
각도에서,18
연구소에서,18
공통의,18
삼은,18
대포를,18
소닉,18
설탕이,18
해주겠나,18
해주기,18
잊었다고,18
괜찮다니까요,18
밑이,18
기동,18
기둥,18
아시고,18
프랑스가,18
아시잖습니까,18
마법도,18
보여주겠어,18
아신다면,18
들려오는,18
슬퍼하는,18
잊혀지지,18
들리지만,18
혈안이,18
5천만,18
5인치,18
아시아에서,18
없애버릴,18
여호와의,18
두뇌가,18
두곤,18
바구니,18
없어져서,18
5시까지,18
투여할,18
그러십니까,18
만일을,18
줄리아는,18
기도합니다,18
17번,18
진술,18
준거,18
진단이,18
두려움과,18
두달,18
충분하니까,18
숨쉴,18
있으실,18
두렵습니다,18
여편네가,18
일어나자,18
없으니깐,18
연결한,18
메이크업,18
살펴보도록,18
일어나지도,18
살펴보죠,18
미래야,18
일부라고,18
외부로,18
대한게,18
없었으니까요,18
들러야,18
먹여야,18
없으시죠,18
사실만,18
현실에서,18
쓰실,18
대학으로,18
왼손,18
대학교에,18
도로로,18
도둑을,18
외진,18
외상환자,18
휴전,18
필요했을,18
아빠만,18
기도도,18
범죄로,18
기대도,18
흉부를,18
아빠보다,18
성공했다,18
대화해,18
해야한다는,18
줄여요,18
줄어들,18
흉악한,18
보수도,18
보셨어야,18
초속,18
현장은,18
5층,18
없었단,18
없었네요,18
없었니,18
있었을거에요,18
노력할게,18
결정이었어,18
여친을,18
사실입니까,18
사실이예요,18
있을께요,18
초대받지,18
득이,18
초상화,18
기대하진,18
기다렸고,18
만들자고,18
프로포즈를,18
쓸모있는,18
아비,18
흉관을,18
흔하지,18
스티븐스예요,18
공화국의,18
눈부신,18
쉐퍼드한테,18
숲속의,18
살인범은,18
범죄자들,18
중대장님,18
있으리라,18
사업상,18
광대한,18
공항을,18
미린에,18
살인자로,18
드십시오,18
드신,18
프랭크의,18
아빠한테는,18
총과,18
듣죠,18
스파이야,18
먹이감을,18
엉덩일,18
퇴근해,18
씨네스트,18
마스,18
개예요,18
중이라고요,18
댁에서,18
도대체가,18
도덕적으로,18
몰랐으니까,18
할때는,18
여잔데,18
살았다는,18
미세스,18
살인과,18
여자애의,18
여자애처럼,18
일요일마다,18
통화한,18
통화는,18
에바가,18
혁신적인,18
믿음직한,18
여자들에게,18
스티브가,18
할로윈을,18
프롤린,18
필요하지만,18
마셨죠,18
흐름,18
씌워,18
강하다,18
씨께서,18
먹히고,18
기계야,18
벗어나면,18
못했군,18
지휘관이,18
보는걸,18
보는구나,18
보는군,18
웃는다,18
드리기,18
있어야겠어,18
믿을거야,18
스틸린스키,18
스틸워터,18
겠는데,18
그럴려면,18
기계의,18
8분,18
노출되면,18
노출된,18
퇴직,18
에스미,18
드셔,18
드릴게,18
드리지요,18
코너스,18
성분을,18
계집을,18
해야한다,18
성급한,18
워커가,18
워워워,18
메러디스요,18
요양원,18
요리할,18
요리로,18
만들긴,18
만들까,18
보냈네,18
금지다,18
요원이야,18
가책을,18
한이랑,18
에스핀,18
두분의,18
헤르만,18
살았나,18
텟시,18
덴버,18
누구에,18
스털링,18
스테로이드,18
스탠튼,18
논리가,18
있어봐요,18
에어컨,18
녹음기,18
웃기잖아,18
고르면,18
웃었어,18
마약상,18
울며,18
셰익스피어의,18
성장하는,18
촬영하고,18
출동해,18
아름답다고,18
만든다는,18
요새가,18
도끼로,18
던져버릴,18
마음에서,18
가비리아는,18
미스틱,18
일치합니다,18
할건가,18
둘과,18
살아있는지,18
살아남으려면,18
미아가,18
미시,18
사이였어요,18
있다는군요,18
살아남았지,18
살아남아,18
엑스맨,18
에이프릴은,18
녹일,18
일이지요,18
기간은,18
마약이나,18
즐겁기만,18
금발의,18
금메달을,18
흙을,18
멀쩡한데,18
엑스트라,18
증오해,18
그레이스에,18
지켜본,18
그레이에게,18
근처로,18
긁어,18
필요로하는,18
필요성을,18
믿는거야,18
관찰할,18
사이크스,18
최악이다,18
최악이었어,18
있나보군,18
보내겠다,18
지갑에,18
여세요,18
일하길,18
있는것처럼,18
엘리스가,18
드락,18
6월에,18
스타를,18
믿겨,18
가사가,18
성폭행,18
못하다고,18
흥분이,18
크리스마스가,18
요청하지,18
콘래드,18
여신,18
슈미트,18
토니는,18
헤어지게,18
놔봐,18
해볼께,18
크로프트,18
크레덴스,18
몸무게가,18
한참을,18
한카,18
살벌한,18
7천,18
800만,18
일해도,18
축복해,18
일자리도,18
해안을,18
요즘에,18
놈하고,18
헬기는,18
엔젤,18
드러내지,18
스케쥴을,18
엘리엇은,18
지켜줘서,18
못하겠죠,18
운전자가,18
가버릴,18
아랫층에,18
보내는게,18
세균,18
운영해요,18
통신은,18
농담에,18
입원했어요,18
해서라도,18
데려왔잖아,18
우주선에서,18
베키가,18
퀴즈,18
뒈져,18
뒈져라,18
스카이라크,18
뒷좌석에,18
멋있네,18
추악한,18
관광,18
통과했어,18
마주치는,18
뒤로하고,18
스릴,18
견인기를,18
견디는,18
통과해야,18
입자를,18
입자들이,18
보기가,18
보급,18
보급품,18
필요하겠지만,18
만드네요,18
욕심,18
용기도,18
세대에,18
10분만,18
필도,18
그림의,18
지었죠,18
같더라고요,18
변화시킬,18
변호사예요,18
놓게,18
변태야,18
아니었나요,18
변해야,18
지원군이,18
그립지,18
우리뿐이야,18
별로네,18
힘들겠어,18
그사람들,18
히긴스,18
그분과,18
병실에서,18
10살짜리,18
지워져,18
변함이,18
변하면,18
병원이에요,18
보겠소,18
그여자가,18
마트에서,18
만난다,18
지불하는,18
피크닉,18
그른,18
생각하는구나,18
침착하세요,18
이렇게도,18
뛰어들었어요,18
돌아왔군요,18
오리엔트,18
단독수술을,18
단단하게,18
세월에,18
건강하지,18
실버,18
펌프가,18
건너면,18
나였다면,18
전화한다고,18
이런일,18
만나봐,18
우리중에,18
우물에,18
우리로,18
고객들을,18
데려가줘,18
세서,18
쿠엔틴,18
토마신,18
스위트,18
7시까지,18
뒤집힌,18
뒤졌는데,18
놓쳤다고,18
살고있어,18
필리핀,18
데려오게,17
마차에,17
아들이고,17
마쳤어,17
아들이지,17
만나지도,17
마찬가지요,17
마찬가지잖아,17
지나갔어요,17
그정도,17
그처럼,17
베지,17
지날수록,17
극비,17
그려요,17
지내시죠,17
지치게,17
고든을,17
운동장에서,17
운다,17
덫,17
우주에는,17
세트는,17
가볼래,17
쿵푸의,17
개두술,17
개념,17
마주친,17
아라이,17
베써니,17
그레이스를,17
우째,17
고든은,17
입양을,17
입양된,17
입수한,17
여기라고,17
스캇의,17
스카일러,17
겪어야,17
통로는,17
여러분들에게,17
뒤가,17
살며,17
미이라,17
추수감사절에,17
추락하는,17
미힐,17
관계지,17
산책이나,17
살거든요,17
미친년아,17
미친것,17
미쳴,17
추측할,17
추정되는,17
놓았어요,17
산사는,17
산사를,17
산모,17
농담인,17
미친놈아,17
입맛이,17
스카웃,17
임신에,17
통치하는,17
논쟁은,17
있는거잖아,17
있다고는,17
엘리가,17
가지의,17
스타니스가,17
스타일즈를,17
축제가,17
과학과,17
메두사,17
슈퍼스타,17
여름의,17
둬서,17
둘째치고,17
미안했어요,17
한테는,17
통과하는,17
드라고,17
드러머,17
통과해서,17
헤밍웨이,17
추적해서,17
놔두진,17
엠마를,17
엠,17
있기나,17
최종적으로,17
추,17
스쿠버,17
멈췄다,17
스코복스,17
출근할,17
일이랍니다,17
할까봐요,17
여자거든,17
쉴드를,17
믿어줄,17
믿으셔도,17
노트에,17
에이프릴을,17
뇌와,17
출산을,17
축하하기,17
일인지는,17
누구더라,17
일이었는지,17
살아있네,17
있다해도,17
헷갈리게,17
헬프만,17
드레아,17
엑소시즘을,17
엑버트,17
에크버트,17
통제력을,17
믿거든요,17
놀랍구나,17
놀래켜,17
사진이랑,17
에이미한테,17
믿어야지,17
사이지,17
사이코,17
사용해요,17
현명하고,17
6달,17
있어줄래,17
있어야해요,17
사용했어,17
있어줄,17
총력을,17
일이기도,17
쉬려고,17
여자앤,17
메러디스예요,17
쉬워질,17
쉬우니까,17
결속,17
에드워드는,17
여자든,17
둘러봐요,17
여왕과,17
8만,17
8개월,17
헤,17
살아있으면,17
8백만,17
촬영하는,17
촬영해,17
스테로이드를,17
한정된,17
한잔하러,17
에어락,17
멀어지고,17
멀어지는,17
결승전,17
출신인,17
출신은,17
일용할,17
할렘을,17
여자입니다,17
살인이야,17
먹을게요,17
6년간,17
있었는,17
겨눈,17
통해서만,17
통해서요,17
가족이요,17
여자보다,17
여자라도,17
스파우코나,17
있었다니까,17
있었어도,17
있었던게,17
노아는,17
광견병,17
광경은,17
6만,17
에버그네일,17
스톤을,17
스테이트,17
드리게,17
에스코바의,17
에라이,17
드리겠어요,17
에릭을,17
일어나시오,17
초대하지,17
있을거니까,17
사실인,17
사실이었어,17
초점이,17
초인종을,17
괜찮겠나,17
할수는,17
테이스티,17
테이블로,17
테아,17
여지,17
두려움도,17
텐트를,17
결점이,17
스티븐스랑,17
스티븐스의,17
스티븐스입니다,17
한번쯤은,17
누리,17
누르,17
일어난다면,17
일어나길,17
퇴각하라,17
있으면서도,17
사에,17
밀러는,17
밀러와,17
사용법을,17
총독,17
광산에,17
역겹고,17
헌트와,17
없앤,17
슬픔의,17
슷하조아,17
습관을,17
들리고,17
사살,17
살펴봐도,17
일상을,17
공포증,17
숨었니,17
숭고한,17
메이가,17
숨었어,17
역사적으로,17
투입해,17
듣지를,17
없을테니까,17
들겠지만,17
없을거라,17
사슴이,17
괜찮구나,17
살짝만,17
있으라구,17
있으나,17
엉망이네요,17
엉망이군,17
한숨을,17
튀어나와,17
투하,17
슬라이드,17
일본으로,17
일레인,17
연구도,17
멕시칸,17
엮이지,17
연간,17
두껍고,17
연결됐어요,17
게이는,17
각도,17
들리거든,17
헌트랑,17
일상,17
삼룡이,17
미드,17
미는,17
들어가도록,17
년째,17
년쯤,17
녀석이랑,17
쳤지,17
쳐다본,17
트라우마가,17
튜브에,17
사부가,17
있을테고,17
밍,17
밑바닥,17
슬론한테,17
투여해요,17
없었기,17
들떠있어,17
시간여행,17
없길래,17
없나봐,17
들어갔나,17
들어갔다가,17
사로잡힌,17
바꿔줘요,17
바꿔치기,17
뉴올리언즈,17
미끄러져서,17
느껴지네요,17
미남,17
미끼가,17
연다,17
테스트도,17
한달동안,17
승낙을,17
승객을,17
게시판을,17
게시판이,17
트리샤,17
들리죠,17
삼촌이야,17
충성심이,17
없냐고,17
없기에,17
바꿀래,17
네트워크는,17
바깥쪽,17
괜찮으셔,17
녀석들의,17
자격증,17
자료로,17
자레드,17
사랑이라고,17
바늘과,17
바네사는,17
체인,17
넣어둔,17
머시아,17
일거리를,17
취소했어,17
취소했어요,17
취소할게,17
술만,17
테드가,17
협박하고,17
자료들을,17
넣었고,17
자동적으로,17
괜찮을거라고,17
체포하고,17
체텀,17
괜찮은거죠,17
들어가야죠,17
결정했다,17
자기들을,17
사마라,17
첸,17
첸이,17
네사,17
승리에,17
없다는거,17
넣었습니다,17
상금,17
인쇄,17
허니문,17
연락하죠,17
순결을,17
순간적으로,17
청각,17
굉장하군,17
청소부,17
청소기,17
넣어봐,17
상관이지,17
인젠,17
공유,17
상금이,17
상단,17
자매들은,17
자르려고,17
업고,17
한다는데,17
시골에,17
들어야겠어,17
바라나요,17
청소해,17
들어봐라,17
머야,17
업무는,17
바뀌어서,17
바뀌어,17
사랑하니까요,17
청소부가,17
자물쇠가,17
허름한,17
뭔가의,17
인류에,17
4살,17
천천히요,17
교란,17
자유로워,17
시력,17
얼마만이야,17
사람이니,17
형제들은,17
첩자를,17
순위를,17
순수함을,17
된것,17
허리에,17
자연적인,17
교대로,17
50명의,17
50가지,17
철거,17
엄마다,17
들어와야,17
시달리는,17
자상한,17
자식에게,17
특종,17
철책,17
넘겨라,17
사람이었지,17
너와는,17
너와의,17
들이는,17
턱시도,17
결혼한다는,17
되어있지,17
열거야,17
연합군이,17
되어있어요,17
바비의,17
4로,17
사라졌다는,17
사라져야,17
냉각,17
작년에도,17
틀을,17
시설에서,17
시비를,17
천사는,17
너답지,17
들었으니,17
티리온은,17
들으셨나요,17
작자는,17
호랑이는,17
4대,17
머라이어,17
머라고,17
얼굴들,17
얼간이처럼,17
사람들한텐,17
시시야마,17
시스템도,17
작다고,17
층에서,17
인기를,17
명령하지,17
수학을,17
열받아,17
향합니다,17
향한다,17
호스를,17
팀이라고,17
어제밤,17
잘가라,17
상사와,17
상사를,17
상사는,17
인격,17
ガ,17
검사할,17
처치가,17
처음인,17
잘라내고,17
맥콜,17
어쩌려는,17
어쩌실,17
어쩌게,17
사냥에,17
잔다,17
척하면서,17
들잖아,17
겁내는,17
어처구니,17
사라는,17
호감이,17
열어줄,17
내려주고,17
내려주세요,17
내려오지,17
뿜는,17
바지도,17
바이패스,17
내리,17
이혼했어요,17
이해했습니다,17
익스트림,17
수집한,17
명성,17
되살릴,17
수퍼,17
되도,17
시작되었습니다,17
시작되고,17
파괴하기,17
상어가,17
상심이,17
상승선이,17
상세히,17
뭐하는거예요,17
내며,17
내버려뒀어,17
바이탈도,17
잘하는지,17
잘못했나요,17
바엔,17
딕슨이,17
어썸,17
책만,17
시작해봐,17
따듯한,17
간판,17
검사결과가,17
파는데,17
따듯하게,17
어려운데,17
행위에,17
ㅠ,17
이해해주세요,17
이해해주길,17
가져옵니다,17
가져오죠,17
태풍이,17
뻗은,17
뿐인데요,17
챙겨줘,17
내려오면,17
결혼해야,17
되돌리는,17
뭐로부터,17
이해할수,17
이해하는데,17
매튜가,17
어머니야,17
학자금,17
내립니다,17
45세,17
40만,17
잠입,17
시작한거야,17
되가,17
어딘가요,17
3층에,17
구미가,17
구멍에서,17
채찍을,17
낭비일,17
시청자,17
태워줘,17
열차에서,17
이탈리아에서,17
치료하기,17
수작이야,17
명이지,17
태양과,17
경고다,17
파서,17
어떡합니까,17
따라라,17
따라서요,17
어떻게하면,17
어떻겠나,17
뼈와,17
수중,17
잡아먹고,17
챈,17
뺏으려,17
박차고,17
낮아서,17
잤구나,17
간호사는,17
어떻겠소,17
뭉치는,17
파티나,17
어두워질,17
빨리들,17
남자친구에게,17
3에,17
혼란스러워요,17
딸아이,17
이즈,17
수원댁,17
수용소에,17
경골,17
됐다니까,17
영상에,17
영상으로,17
영사관,17
났었어요,17
호텔도,17
시치미,17
치워버려,17
행복해야,17
뭐냐구,17
치유의,17
치사하게,17
걸었잖아,17
어떠셨어요,17
찾을수가,17
구속,17
구세주,17
구성,17
장면에서,17
장님이야,17
영생을,17
돼지의,17
탔다,17
이용하여,17
재배치,17
재시험을,17
재수없게,17
맡기게,17
시합은,17
이전과,17
치킨을,17
다니는지,17
상황이라,17
이유라고,17
가가,17
몇달간,17
남자니까,17
빠졌을,17
구울,17
남잔데,17
구원의,17
구원자,17
걸리나요,17
걸리네,17
파트너의,17
파크에서,17
파키스탄에,17
딸이요,17
반가웠네,17
남자로서,17
찾아올게,17
재밌니,17
동쪽에,17
영자,17
영원하라,17
영원하지,17
경기장에,17
물어봤던,17
걷다,17
얘기하던,17
이용했어요,17
물이라도,17
다룬,17
이외에,17
공공의,17
영혼들이,17
수술하면서,17
영화사,17
식물인간,17
때문만은,17
남았소,17
반복적으로,17
빠져나가게,17
재활원에,17
새끼도,17
다락방에,17
갈거다,17
얘네들,17
판단력이,17
빠져나오는,17
남성과,17
남부군,17
쟤들도,17
맡겨도,17
빌딩을,17
홈즈와,17
저기를,17
구티레즈,17
신경에,17
얘기합시다,17
갈라놓을,17
갈때,17
이식술을,17
수술이라고,17
예루살렘의,17
경례,17
동의하네,17
떠나자고,17
3달,17
빌딩에서,17
반응하는,17
새빨간,17
다른것도,17
다름없는,17
다른곳으로,17
새의,17
이십,17
이식수술,17
반즈,17
찾아다니고,17
빌리고,17
빌어줘,17
쟤야,17
찾아온다,17
찾아오고,17
판이,17
예상하지,17
동의서가,17
화나서,17
비치,17
비쳐,17
날아라제시,17
신는,17
하였다,17
다시요,17
다운스,17
곳이었어,17
수술방으로,17
수술받을,17
예수는,17
동요,17
동일,17
남겼는데,17
남겼습니다,17
신기해,17
신기하네,17
탓하진,17
경막하,17
이상하구나,17
친구였잖아,17
팔린,17
날봐,17
찾나,17
받겠어요,17
찾기를,17
반쪽짜리,17
빅은,17
빅이,17
이사온,17
약간만,17
야타로,17
약물로,17
저희들은,17
날게,17
날개는,17
저항하지,17
이비인후과,17
다정하게,17
수속,17
가져갔죠,17
예쓰,17
예아,17
수수께끼는,17
다이버전트,17
저와는,17
찾겠지,17
떠다니는,17
떠서,17
동위원소,17
물어보시죠,17
다이아몬드가,17
다음달에,17
팔았지,17
양수,17
양반들,17
양초,17
날씨를,17
떡치고,17
약속드리죠,17
창피할,17
가기나,17
곳이나,17
생각날,17
곳이니까,17
모두를요,17
동물원에서,17
건들지마,17
팩스,17
맞군,17
망치려고,17
야망,17
야망을,17
신원이,17
떨어졌다고,17
화내면,17
행동의,17
하신다,17
약속합니다,17
망했어요,17
신분,17
국민들에게,17
나타났는데,17
전까진요,17
전두엽,17
맞길,17
전국에,17
전국의,17
전과도,17
적이라고,17
적응하고,17
적극적인,17
난다면,17
전염성이,17
받을지,17
받으신,17
국장님을,17
블루베리,17
전생에,17
참여한,17
참여해,17
수리를,17
동면,17
수미야,17
오고있어요,17
경솔한,17
생각이지만,17
이모를,17
나이로,17
앤이,17
앰뷸런스가,17
떼가,17
받으면서,17
합동,17
다쳤다고,17
친밀한,17
수만은,17
30살,17
비교가,17
비공개,17
하시게,17
망쳤다고,17
건배합시다,17
건배하자,17
앨리스가,17
탄다,17
뛰기,17
앞쪽으로,17
찬장에,17
군대로,17
찬장,17
전파를,17
전투의,17
곳에서요,17
다트,17
물건이에요,17
이름하여,17
곰팡이가,17
침묵의,17
수년간의,17
경우의,17
망가져,17
패턴은,17
애정이,17
블라즈,17
브림,17
전이죠,17
나이트워치의,17
곳으로요,17
감당이,17
갈피를,17
떼로,17
떼를,17
발견하는,17
전자기,17
액스,17
신체의,17
오디션을,17
오더니,17
동기화,17
오류를,17
동감입니다,17
불편해요,17
전해드립니다,17
나오시오,17
닥터야,17
오래요,17
오래간만에,17
합성,17
돕겠다고,17
돌팔이,17
오럴,17
오래가지,17
찬찬히,17
화해할,17
수도요,17
생각하는거죠,17
생각하는거지,17
묻힐,17
이루어지는,17
이루기,17
실력으로,17
신혼여행을,17
똥은,17
똥꼬에,17
똥도,17
실례를,17
건네줘,17
애였어,17
골절은,17
묻잖아,17
단골,17
모르길,17
항아리,17
경제가,17
단순하고,17
펠릭스,17
건너가,17
암흑의,17
퍼질,17
앙어만,17
생각하던,17
이례적인,17
이럴거야,17
골절로,17
전화줘,17
나오겠지,17
나였으면,17
군의관이,17
실비아,17
앞길을,17
건너서,17
건너야,17
전화기에,17
나오나,17
실리콘,17
애들보다,17
뚜껑을,17
앞서서,17
페어,17
발명품을,17
이따위,17
불만이야,17
절벽에서,17
불쌍해라,17
발의,17
발언을,17
절제,17
절벽,17
모르는걸,17
송어를,17
오만,17
쇼트,17
돌아올까요,17
돌아오진,17
오밤중에,17
카논은,17
뜨거워요,17
암컷은,17
알트만,17
했던게,17
카라멜,17
침입자를,17
했던것,17
단어의,17
발생했다,17
불어서,17
불어를,17
전화했죠,17
차트는,17
하셔서요,17
하세,17
하셨나,17
이국적인,17
정문,17
차려서,17
밝혀야,17
정도였죠,17
하비가,17
감사하죠,17
알아채기,17
솔로웨이씨,17
모르시겠죠,17
모르시나,17
돌아오렴,17
생각했었어요,17
생각했었지,17
문제였어,17
문제없이,17
뜻이잖아,17
실패한다면,17
말해줬잖아,17
발차기,17
단테가,17
곧잘,17
문젠지,17
이놈들이,17
군중,17
차트가,17
실수하면,17
알지는,17
접시에,17
차리라고,17
확실합니까,17
뜻이예요,17
밤에만,17
밤만,17
차도가,17
정복을,17
정보요,17
정보야,17
나누면,17
알아보겠어,17
카인의,17
이것보단,17
달리게,17
카지노에서,17
가장자리를,17
오시기,17
오스트리아,17
경주에,17
가능하겠지,17
했다던데,17
이기적이야,17
곤잘레스가,17
카스타뇨,17
이겨내고,17
이겨내지,17
카지노에,17
실패했다고,17
라그나를,17
라그나와,17
말해줄께,17
알아봤는데,17
불구가,17
발표하는,17
달러면,17
닮아,17
손상됐어,17
오염된,17
오실거죠,17
생기죠,17
2개가,17
궁금한건,17
나가지도,17
타이렐이,17
타이가,17
돌아다니게,17
생겼으니,17
문제다,17
달렸다고,17
달째,17
의학이,17
밤이었지,17
정신도,17
말해선,17
걱정되네요,17
알만큼,17
분이시네요,17
분이군요,17
확인은,17
라이,17
라운드,17
차게,17
정복할,17
밝혀질,17
분해,17
분석해,17
확인해봤어요,17
타디스에서,17
문서들을,17
생명체는,17
알고리즘,17
러시아에,17
방법이다,17
부탁한다고,17
찍기,17
생긴다,17
카페테리아에서,17
했나봐요,17
타미나,17
손녀,17
오토바이에서,17
손바닥에,17
손대는,17
싫어한다는,17
알려달라고,17
평가는,17
펼쳐,17
정책,17
방광,17
나가란,17
생긴게,17
나가자구,17
차고로,17
알려지면,17
알로하,17
찢어졌어요,17
방문객,17
방문한,17
방문이,17
부친의,17
24일,17
방송할,17
제생각엔,17
제수씨,17
심박동은,17
심령,17
평행,17
의식에,17
쫓아내고,17
방식이죠,17
부친,17
쫓아내야,17
쫓아냈어,17
23년,17
부탁드릴게요,17
닮았지,17
오티스,17
돌아가는거야,17
돌봐줄게,17
생사를,17
의심한,17
의심치,17
생선을,17
끝자락에,17
알렉스에게,17
알렉산드리아,17
환상은,17
정확히요,17
생명체로부터,17
생명으로,17
의원님을,17
방영일,17
부인이요,17
끝나가고,17
제작을,17
제자리,17
쪽팔려,17
제조,17
레온,17
타다,17
타당한,17
타겟으로,17
캐릭터가,17
제품이,17
제치고,17
부인이라고,17
방엔,17
거짓말쟁이라고,17
심심한,17
폐기물,17
부지,17
의사로서의,17
캐런이,17
고치지,17
모아둔,17
평안을,17
러시아는,17
알겠음,17
알고싶어요,17
부적을,17
끝났군요,17
방앗간,17
끝나진,17
모양은,17
속옷만,17
돌과,17
올거예요,17
온도는,17
서두르면,17
무죄입니다,17
귀엽죠,17
캐롤린,17
생존자들이,17
생존자를,17
묶은,17
생활의,17
생포해야,17
당신만의,17
올라오세요,17
않으셨으면,17
말하겠네,17
거주지를,17
않았겠지만,17
않았구나,17
21세기,17
끌어들여서,17
제프는,17
폐에서,17
부정하는,17
부서의,17
부서장님,17
조국,17
끌어낼,17
끌려고,17
쩌는,17
부른거야,17
꿈꿔왔던,17
꿇는,17
배달을,17
꿈이었어요,17
조언에,17
심해졌어요,17
포스와,17
캐스터,17
캠벨,17
당신인가요,17
핸드폰도,17
당신처럼요,17
소화기,17
올려봐,17
경호원이,17
하더라구,17
않던데요,17
않든,17
부수는,17
서기,17
섏,17
고쳐줄게,17
당신보단,17
배경이,17
방황하는,17
방향에서,17
조네,17
부상의,17
조사도,17
조명탄,17
않았냐,17
올라왔어,17
무의식적으로,17
무엇인가요,17
무엇때문에,17
꼭대기로,17
배우기,17
부두에,17
꼴이지,17
서머스,17
음모에,17
음모가,17
당했을,17
당해야,17
은혜,17
해군을,17
올리비아랑,17
말에서,17
말여,17
거의다,17
거와,17
폭력과,17
폭격을,17
조치,17
조직에서,17
포르노요,17
부르네,17
조케꾼,17
조타수,17
조카는,17
꿀꺽,17
조한슨,17
짓입니까,17
서약은,17
유혹하는,17
독수리가,17
소포를,17
독일로,17
꺼내줄,17
좋아보이지,17
봤습니까,17
으-흠,17
으르렁,17
육체를,17
해킹하고,17
해킹한,17
가련한,17
해킹했어,17
대기중입니다,17
집중하라고,17
좆나게,17
꼬마들,17
로미오,17
로맨틱,17
부끄러워하지,17
종류를,17
서베이,17
졸라의,17
앉으시오,17
하녀가,17
존재죠,17
황제를,17
2015년,17
부러지고,17
부러뜨릴,17
대너리스가,17
유인할,17
모호한,17
소음,17
계산에,17
계단은,17
모텔에,17
킬로,17
1장,17
1을,17
좋아하든,17
회진을,17
꺼라,17
키웠지,17
커져,17
유진은,17
좋아하시네,17
집이라,17
안하죠,17
로스앤젤레스,17
로스에게,17
싶어했어요,17
로웨나,17
로키는,17
회복에,17
꺼져가는,17
좋아보이네요,17
말씀하셨잖아요,17
안타깝군,17
안토니우스와,17
배울게,17
깨지기,17
커피에,17
효과적으로,17
죄의,17
집사람,17
깔렸어요,17
깎는,17
볼에,17
깜빡이는,17
대단하세요,17
와인도,17
모형,17
와있습니다,17
옷의,17
옵션이,17
유물을,17
유리에,17
폭발해,17
봐왔어,17
좋아해야,17
대니랑,17
무수히,17
대단하신,17
선명하게,17
대단한데요,17
봐서라도,17
집사,17
좋았다고,17
싶어했죠,17
안젤라는,17
말씀드리겠습니다,17
거부합니다,17
폭탄으로,17
본색을,17
그대로를,17
밸브를,17
죄책감은,17
까먹은,17
죄악의,17
죄와,17
안들려요,17
도장을,17
도우미,17
완벽해야,17
무사하지,17
깃든,17
김풍풍이,17
주나요,17
본적도,17
해커가,17
무서워해요,17
대령이요,17
대량의,17
소식이군요,17
소식과,17
목격된,17
계속하는,17
좌심실,17
그년을,17
좋은걸요,17
갔냐,17
유모,17
컬럼비아,17
해친,17
유령들이,17
커플이에요,17
대모가,17
무서우면,17
소소한,17
도우라고,17
선수로,17
해줍니다,17
선약이,17
질소,17
루즈벨트,17
룰,17
갔지만,17
갔을까요,17
후보는,17
후보로,17
선생님들은,17
싸우세요,17
표면,17
본능에,17
주더군,17
복잡할,17
복용하고,17
후방,17
질이,17
거물이,17
안된다고요,17
효력이,17
주마리씨,17
짐도,17
길어야,17
안드레를,17
싸우며,17
주유소에서,17
주인님은,17
보호해줄,17
주었어요,17
질문의,17
말건,17
싸웠죠,17
안가면,17
선체에,17
선율,17
대사야,17
해드리겠습니다,17
왔었다고,17
소매,17
도와드리고,17
도와주소서,17
주셨습니다,17
거래도,17
표지판,17
안녕한가,17
표적은,17
안내를,17
버렸을,17
선택권은,17
버리세요,17
복무,17
주셔도,17
주사해,17
주석,17
주사기,17
주사위,17
긴장하면,17
케이스야,17
위원회는,17
케이크는,17
목욕을,17
소리하네,17
소린가요,17
클레어와,17
도와야지,17
훌륭한데,17
훈련받은,17
진찰을,17
기운내,17
죽더라도,17
기억해줘,17
선택사항이,17
무력화,17
거라면서,17
아픔,17
악마에,17
버립니다,17
주일,17
아프리카에서,17
많은데요,17
써있는,17
악화될,17
리를,17
악어를,17
버터를,17
보장해,17
보장할,17
쌓고,17
악마들이,17
보이기도,17
번으로,17
죽은줄,17
기사의,17
기술인데,17
그러냐고,17
쎄게,17
링에,17
소리인지,17
목장,17
도어,17
도서관이,17
목적이야,17
왕위,17
무너졌어,17
웨스테로스,17
썼네,17
썼거든,17
해준다,17
가르쳐줬어,17
위선자,17
위로는,17
위로를,17
소리와,17
기어를,17
그랬을지도,17
번개를,17
기억났어,17
진짜라는,17
버틀,17
죽어간다고,17
기억으로는,17
대피소로,17
대통령님이,17
대통령도,17
큰돈을,17
크진,17
왕처럼,17
가시나요,17
왜이리,17
아주아주,17
아인데,17
만진,17
풍경,17
풍기는,17
풋내기,17
설명해줘,17
고문하는,17
죽이겠어,17
그러던가,17
진입한다,17
기쁜지,17
죽을꺼야,17
그러는거에요,17
쏴도,17
마누엘,17
립스틱을,17
마그누센,17
아처는,17
훔치기,17
훔쳤다,17
훌리오,17
1940년,17
18시간,17
준비되지,17
기록이야,17
아이구야,17
아이들이랑,17
프랜신,17
보여주러,17
보여주렴,17
진술서를,17
설치했어요,17
해적이,17
해병은,17
외곽의,17
외과의사들은,17
외로워서,17
몬스터가,17
준비하겠습니다,17
아이였어요,17
아이에겐,17
만족하고,17
프란시스와,17
마땅해요,17
설정을,17
케이티는,17
설치할,17
죽인다는,17
벌금을,17
번호도,17
죽일뻔,17
그러려던,17
기분이었어,17
휘두르는,17
그러셔야죠,17
대회를,17
흐르게,17
벌처,17
진도,17
진다면,17
필이랑,17
필요했고,17
개잖아,17
외과의야,17
가리는,17
몰랐겠지,17
소개할게,17
해방,17
소관이,17
도로는,17
대회가,17
직전까지,17
기록과,17
쓰레기처럼,17
쓰여요,17
아시아에,17
아슬아슬하게,17
보여주길,17
외과의사야,17
죽지마,17
벌써요,17
진동이,17
휴대폰에,17
벌에,17
보안에,17
16번,17
줄거에요,17
대화하기,17
댐,17
웃기다,17
성명을,17
성도,17
기계들을,17
중지하고,17
줬다면,17
법사님,17
보름달,17
직업이야,17
그럴거라,17
대형을,17
댁들이,17
댁슂,17
계집이,17
중이었고,17
중요한데,17
15만,17
기다려보세요,17
만들어주고,17
프로토콜,17
개씩,17
플래쉬,17
아스트라,17
아쉽네요,17
아쉬워,17
중세,17
보비,17
만들었네,17
만들었거든,17
마술사가,17
금일,17
쥐도,17
지킨다고,17
급여를,17
플로키가,17
개새끼를,17
아무때나,17
아모,17
성적을,17
울타리가,17
울부짖는,17
던칸,17
크롬,17
크리스를,17
흘려서,17
보냈다는,17
아버지보다,17
마실게,17
씰,17
씹,17
마약상을,17
더그가,17
더기,17
움직이질,17
지하실을,17
기구를,17
기관을,17
그럴순,17
그럴것,17
마시세요,17
아버지께서는,17
씨스코,17
해야하나요,17
고래를,17
못하시는,17
운전자,17
셀게요,17
데지,17
크리스털,17
션은,17
개방된,17
마이크한테,17
마이크로,17
가서요,17
도관을,17
던져서,17
덕키,17
성하께서,17
보내줬어요,17
증거들을,17
지키기로,17
즐거울,17
즉각적인,17
증명을,17
즐겁지,17
즐겁고,17
아멜리는,17
흙으로,17
기간에,17
줬거든요,17
글자가,17
보내주신,17
금고가,17
지키겠다고,17
극장을,17
지나온,17
근사하지,17
지나가다,17
필요없지,17
만다,17
만났잖아요,17
필요하겠지,17
몸매를,17
섹시하네,17
크라울리가,17
센터의,17
크로노스피어를,17
고개만,17
계획입니다,17
극장은,17
아르메니아,17
보내드릴게요,17
베리티는,17
크리스토프가,17
성환댁,17
코코아,17
가보는게,17
콘,17
지켜보도록,17
근처야,17
지켜주려고,17
지겹지,17
증오와,17
증오하는,17
아름답지만,17
마일이나,17
아니카가,17
세부적인,17
세번이나,17
우정의,17
우연히도,17
세븐,17
우리라고,17
10년은,17
그리고선,17
병실을,17
10시간,17
지루해서,17
아는걸,17
갖다줘요,17
갖자,17
마크한테,17
피치,17
보거든,17
지도는,17
그리던,17
지불해야,17
지장이,17
그말이,17
힌트,17
베이커가,17
막는데,17
벨벳,17
벨웨더,17
벤튼은,17
그릇된,17
필름은,17
마치겠습니다,17
힐샤이어,17
변이,17
헤일리야,17
높이고,17
산티아고,17
멍청이는,17
여동생도,17
농담으로,17
10배는,17
지원해,17
변명의,17
지어내는,17
지옥도,17
지었지,17
아니아니아니,17
같어,17
아니냐고,17
필과,17
핀은,17
병동,17
지장,17
쿨하지,17
쿠키의,17
변기가,17
변호,17
힘들어질,17
지원자가,17
별반,17
별로였어,17
지속될,17
만나도,17
같다구,17
지어준,16
힘들었는데,16
변했지,16
지에,16
변화의,16
저질렀지,16
맞냐,16
신부님의,16
신병,16
비앙카,16
맞선,16
비위를,16
떠났나요,16
받아야겠어,16
떨어져라,16
떨어뜨리지,16
약국에,16
데릴이,16
우두머리가,16
콜롬비아를,16
못봐,16
못보고,16
용의가,16
섹션,16
세시간,16
데려오기,16
우리는이,16
쿠퍼씨,16
세이브라,16
우연이라고,16
떡치는,16
저죠,16
저였어요,16
창조한,16
구해줬지,16
갈망하는,16
패닉,16
받아들여요,16
받아들였어요,16
비장을,16
비장의,16
저사람은,16
날아간다,16
떡친,16
떠오르고,16
얌전한,16
비춰봐,16
비지니스,16
저질,16
저승이,16
덩어리야,16
덧붙이자면,16
우체국,16
크다는,16
해봐서,16
욕하고,16
욕망,16
콩고,16
우아하게,16
우아하고,16
데드샷,16
우스꽝스러운,16
데이트라도,16
크레이그,16
콜레스테롤,16
데니스는,16
못알아,16
우연일,16
떠벌리고,16
약해진,16
적법한,16
비밥과,16
하실지,16
하신다고,16
비밀인데,16
화상은,16
적절하게,16
난다고요,16
적었어,16
떠난지,16
양반아,16
찾는지,16
반했어,16
낙관적인,16
데인,16
몰아요,16
셈이냐,16
지뢰가,16
병원에서는,16
병원엔,16
계획이라고,16
그사람들이,16
그분들을,16
지르며,16
우주복,16
병실은,16
맞았나,16
양쪽에서,16
양이랑,16
팔자가,16
비켜줘요,16
전공이,16
전개,16
낙하산을,16
비밀번호가,16
하얗고,16
신들에게,16
신세야,16
받아주고,16
저놈들을,16
맞군요,16
약속에,16
약물은,16
야수는,16
병이야,16
그루트,16
지랄이여,16
지들,16
도끼가,16
요법,16
막대기,16
피자는,16
아닌거죠,16
아니잖소,16
병원이요,16
세계적,16
섹시하잖아,16
콕,16
콕스,16
남겨두지,16
날이요,16
신기록을,16
팔렸습니다,16
찾겠다고,16
저밖에,16
반쪽,16
비행할,16
찾아보자고,16
빌딩의,16
판매를,16
저격수는,16
저걸로,16
비할,16
신기해요,16
저기에요,16
찾아봅시다,16
운좋게도,16
덕분이에요,16
울혈성,16
셰일라,16
콘서트에,16
더워서,16
움직이자고,16
가선,16
성현,16
운전이,16
운전사,16
덴버로,16
가설은,16
울릭,16
울린,16
나즈,16
전등이,16
떠나려는,16
맞은편,16
앨리스는,16
야드,16
야구를,16
나치를,16
저같은,16
신이라고,16
망쳤지,16
앨버트,16
빔을,16
빌은,16
때문이라고요,16
판엠의,16
빗자루,16
코빈,16
코빼기도,16
고릴라,16
코무스비,16
성능,16
댐이,16
지지할,16
베트남에,16
만날지도,16
피임약을,16
지도원,16
셜록을,16
울렸어요,16
아닙니다만,16
마칩니다,16
아뇨아뇨,16
참았어,16
전선에서,16
땡겨,16
전사들을,16
전사를,16
전부였어요,16
전력은,16
나타나요,16
잿더미로,16
잭슨이랑,16
화약을,16
셰퍼드한테,16
도넛을,16
요구한다,16
가서도,16
원본,16
원천,16
요구가,16
셸든,16
못했나요,16
고로,16
웃긴데,16
가셔,16
웃기는군,16
성생활,16
성님예,16
성당에,16
빗나갔어,16
찾아봐야지,16
맞춰볼게,16
맞춤,16
식탁에서,16
식욕이,16
얘기했다고,16
때문이었지,16
식물인간이,16
판사에게,16
크림을,16
몰랐나,16
몰골이,16
성공하는,16
극복하고,16
왼쪽이야,16
보고싶었어요,16
베일을,16
지당한,16
대화의,16
원수,16
크리스티나의,16
지니가,16
판단하고,16
걸론,16
빠르다,16
얘기해봤는데,16
신입이,16
전선에,16
전이었어요,16
나을까,16
블라디미르,16
전세계의,16
판단력을,16
3살,16
찾아왔지,16
얘네들은,16
맡기려고,16
판다는,16
똑같은데,16
망고,16
브로,16
걸리기,16
망가뜨린,16
신체적인,16
신체가,16
애지,16
시한,16
재료가,16
군단,16
베일,16
보고하는,16
만난거야,16
지껄여,16
근신,16
갚을게요,16
마찬가지라고,16
지나갔어,16
아내예요,16
만났네요,16
만납시다,16
아내에,16
대회는,16
대화하지,16
못했으니까,16
찾았답니다,16
판결,16
참견,16
참견하지,16
참견할,16
반대한다,16
빠졌다는,16
참가한,16
브라이어,16
재건술을,16
전쟁터로,16
브라우니,16
브라,16
붙잡아요,16
왜그러니,16
왬,16
큰일을,16
큰게,16
대퇴골,16
성격은,16
코드는,16
해주니까,16
도망가자,16
근사해요,16
지나도록,16
외드,16
소니아,16
소녀들이,16
파트너인,16
남쪽의,16
반대가,16
찾으셨나요,16
땄어,16
땀도,16
빨랐어요,16
빨갛게,16
빠질거야,16
찾았니,16
구석으로,16
남편인,16
남편으로,16
납작하게,16
납작한,16
시티에,16
시트를,16
켄록,16
웨이컴,16
웨이트리스,16
웨스트에,16
설사를,16
섬기고,16
도련님이,16
해주겠어요,16
대표가,16
원한이,16
가슴과,16
도미노,16
도망치려고,16
코끼리랑,16
화제를,16
어디에서도,16
시켰다고,16
건드려서,16
건다고,16
애디슨이랑,16
맛있다고,16
애디슨과,16
애들이란,16
딱이지,16
간혹,16
애미,16
장미가,16
낫잖아요,16
빼내려고,16
빼내서,16
납셨군,16
장비들을,16
채널로,16
전할게요,16
찰리를,16
찬양하라,16
나온거,16
뛰어나다고,16
발끝까지,16
앞이야,16
지켜보지,16
보나요,16
소리네요,16
해마다,16
위독한,16
위기는,16
보기보단,16
마주칠,16
개들은,16
지금으로썬,16
그레이입니다,16
지나가다가,16
지껄이는,16
지긋지긋한,16
개들,16
만났었죠,16
계좌로,16
소리군요,16
대통령님의,16
가르치게,16
해당하는,16
무대는,16
소림사를,16
소립니까,16
소리하는,16
소리하지,16
소리질러,16
왕이나,16
무너지지,16
무너지기,16
설득했어,16
도와달라,16
왕비는,16
클라라는,16
채소를,16
장기는,16
박쥐가,16
딴거,16
어딨습니까,16
채워줄,16
빼앗고,16
구린내야,16
구리가,16
잤죠,16
시청에서,16
어땠을지,16
어떡하라고,16
박이,16
나오니까,16
전해주고,16
나오미는,16
붓고,16
실리,16
실리아,16
하빈저,16
뛰쳐,16
뛴다,16
뛰어다니고,16
뛰어다니는,16
전해주렴,16
낳아서,16
앞까지,16
펀치,16
계시군요,16
무리는,16
증오할,16
도와드려,16
해드려,16
글렌이,16
12명,16
흥분되는,16
흥미롭지,16
흥미진진한,16
해주시오,16
대중들이,16
지켜보면서,16
박살내,16
매력적이지,16
잡아줄게,16
시절엔,16
잡힙니다,16
따라와라,16
파악해,16
따라다닐,16
따라갈게요,16
어련하시겠어요,16
책임져,16
뽑아야,16
파도에,16
어른은,16
어른답게,16
어른들이,16
잡았을,16
어렵다고,16
위협할,16
대본,16
위험하긴,16
아래쪽으로,16
보내졌지만,16
베를린의,16
지갑은,16
아리,16
아래에는,16
아껴야,16
아름다움은,16
해주렴,16
아깝다,16
아까워,16
만들거나,16
전화번호가,16
착용해,16
내걸,16
페루,16
나았어요,16
불태우고,16
암스테르담,16
말했더니,16
하셨네,16
불이라도,16
걱정했잖아,16
40대,16
잠자고,16
금빛,16
증가하고,16
클린트,16
윈터펠에서,16
증거입니다,16
증권,16
금고는,16
글자를,16
긁고,16
증명한,16
증언은,16
케빈의,16
케냐,16
대성당에,16
호위,16
호오,16
잡아먹어,16
잡아다,16
내도록,16
내놓지,16
절개할,16
감마선,16
잠재의식,16
페이지는,16
뜻이니까,16
불어로,16
검사로,16
챙,16
박는,16
펜으로,16
도일이,16
대박이다,16
선생도,16
커튼을,16
키바조,16
소식이군,16
도와줬던,16
위험해질,16
선원들은,16
선수입니다,16
선수예요,16
컸다고,16
목록이,16
목도,16
목숨걸고,16
소속이죠,16
소속의,16
매직,16
따님께,16
따가워,16
어림없는,16
어림없지,16
알프리드,16
간직할,16
뿐이라구,16
발설하지,16
불명의,16
군주가,16
착각,16
내렸잖아,16
점심으로,16
발신,16
커플을,16
해치려,16
급격하게,16
줬어야,16
줬습니다,16
고양이처럼,16
아름답다는,16
아름다움,16
피날레,16
줬다는,16
피나,16
피곤해서요,16
아기는요,16
갖겠습니다,16
처먹어,16
바인,16
사건이랑,16
잘하시네요,16
내려놓는다,16
챙기세요,16
사건들이,16
잠들어라,16
45구경,16
잠그는,16
내려놓으라고,16
맥닐,16
딜란이,16
딘을,16
딛고,16
딜,16
어머니요,16
해다오,16
해달라,16
가야되요,16
마을에선,16
마운트,16
벗길,16
만들도록,16
개뿔도,16
무서워하고,16
무서운데,16
유럽으로,16
유럽을,16
어무이예,16
파괴했어,16
따님에게,16
학생이야,16
굴뚝,16
불리지,16
실패에,16
펫,16
라게르사,16
불려요,16
잘못했는지,16
맥스야,16
말했거든요,16
바이올렛,16
내면을,16
잘못된거야,16
내어,16
처음이다,16
내용이야,16
내보내는,16
처했어,16
교정기,16
디에고,16
어울리네요,16
사기꾼이야,16
선거가,16
커리어를,16
유용할,16
유세프,16
소유권을,16
대니한테,16
옳습니다,16
유머감각이,16
유리하게,16
대략적인,16
대대적인,16
모집,16
소재를,16
소음이,16
도착하실,16
와일더,16
키스하지,16
접근하기,16
디젤,16
점프를,16
발전하고,16
불렀습니다,16
불렀다고,16
2분이면,16
2세,16
차안에서,16
굴어요,16
굴려서,16
정거장,16
어이고,16
척하지만,16
척척,16
교육이,16
독성이,16
석궁,16
서쪽을,16
아버지께선,16
지휘권을,16
그럴래,16
중지하라,16
키이스,16
키워야,16
중이지만,16
줬거든,16
벗어나려면,16
줘야겠다,16
줘버려,16
잔해가,16
팀이잖아,16
등록되어,16
사냥도,16
사내를,16
차버릴,16
차리지,16
잔해,16
실패했을,16
하산,16
불공평한,16
실험실이,16
감사하다는,16
불과하다,16
나라야,16
걱정하기,16
육지에서,16
유혹을,16
소통,16
유행을,16
서신을,16
서세요,16
핵심이야,16
서연이,16
서양,16
유지합니다,16
유지하도록,16
으이구,16
닿아,16
유지에,16
고용하고,16
대니의,16
사라를,16
사돈,16
겁먹어서,16
시민들이여,16
티아나의,16
맬,16
맴도는,16
냅둬요,16
돈이라도,16
무엇일까요,16
은폐,16
올려다,16
돈이에요,16
중요하지만,16
가야한다,16
해내야,16
독일어로,16
마실게요,16
아미쉬,16
보듯이,16
법입니다,16
법이니까,16
기다려온,16
기다,16
씹고,16
씹는,16
프린스,16
정도지,16
작자,16
작용을,16
작별인사도,16
나는거,16
차량의,16
불가능을,16
나려고,16
들었단다,16
정리해야,16
분장,16
2백,16
교수님의,16
틀면,16
흘러가는,16
모이고,16
모욕했어,16
계급이,16
프로토콜에,16
프로야,16
그럴거고,16
보모를,16
보마,16
강하다고,16
아버지와의,16
무엇을하고,16
무언갈,16
서바이벌,16
강합니다,16
언덕으로,16
사라질거야,16
언론에서,16
들을까,16
말해주겠나,16
라이스,16
알아듣겠나,16
라이커,16
알아봐요,16
2도,16
정맥주사를,16
라빗,16
알아본,16
알아보라고,16
형편없어요,16
자유에,16
교묘한,16
천주교,16
천장을,16
들여보내지,16
얻길,16
천성이,16
사람들요,16
얻었는데,16
사람들일,16
언젠데요,16
맺어진,16
들었구나,16
천사처럼,16
천상의,16
얻은게,16
캐머런,16
음침한,16
음식이나,16
올려줘요,16
올려놔,16
응원하는,16
의도,16
캐피톨에,16
무적의,16
서랍을,16
킹스맨,16
은신처,16
은하계에서,16
커너가,16
응원,16
곁엔,16
당했는지,16
고치게,16
속으론,16
무죄를,16
속옷도,16
당신까지,16
돌려봐요,16
중독에,16
중령의,16
기다렸습니다,16
그런일을,16
차라고,16
차네,16
분위기에,16
시라카와,16
자유로워질,16
알아내야해,16
알아가고,16
알마,16
알릴게,16
알리서,16
나갔으면,16
나갔습니다,16
정상이라고,16
굉장했어,16
철자,16
철자를,16
자신만,16
형에,16
사람이긴,16
바람의,16
철철,16
밤입니다,16
분석해서,16
너브,16
나갔다고,16
싫어서요,16
라쿠,16
정상은,16
형제들에게,16
얼룩,16
괴사성,16
첨단,16
첨엔,16
감수하는,16
타도,16
모실까요,16
돌며,16
옥수수를,16
기대돼요,16
중국으로,16
중국과,16
아빠들은,16
보스의,16
보수가,16
아빠들이,16
개자식들아,16
개입,16
샷건,16
쓸쓸한,16
쓴다면,16
만들잖아,16
50년간,16
틀려요,16
들어왔다고,16
정신차려요,16
정액,16
나가줘요,16
머리카락에,16
머리요,16
궁금합니다,16
확인해보고,16
정의로운,16
정육점,16
나가려던,16
직책을,16
줄어들고,16
줄리아의,16
필요했죠,16
기도하러,16
줄리는,16
범벅이,16
보스턴에서,16
보스턴으로,16
샤를롯,16
보스에게,16
직장으로,16
그런다음,16
의뢰인을,16
특출난,16
넘겨야,16
자석이,16
특수부대,16
엄마네,16
바라게,16
바닥은,16
사람인데요,16
머리칼,16
한다면서,16
형네,16
협조하지,16
자매는,16
형사야,16
형만,16
손가락도,16
의사나,16
해고된,16
해결하죠,16
오프라인,16
생일파티,16
답도,16
담지,16
속임수가,16
고친,16
줄로만,16
칼리는,16
핸래티,16
생일도,16
문명을,16
묵은,16
정학,16
정치적으로,16
정통,16
자산이,16
자비,16
편해요,16
랄릿,16
랄프가,16
북쪽을,16
알려드리게,16
방금까지,16
엄숙히,16
엄살,16
사람한테도,16
17분,16
기도했어,16
줄기,16
기록된,16
기디언이,16
아빠한텐,16
아쉽네,16
준비했는데,16
담당자,16
만들었단다,16
아빠한테서,16
타라는,16
의심은,16
것아,16
시계도,16
엄청나요,16
엄청나지,16
엄숙한,16
찔러서,16
엄하게,16
엄청났어요,16
넘어졌어,16
자리좀,16
북서쪽,16
방법만,16
정확하게는,16
찔렀어요,16
제거했어,16
끼쳐서,16
정황을,16
오오제키,16
타워가,16
타시죠,16
문자나,16
문이요,16
의제,16
담,16
손이나,16
손쓸,16
손수,16
문서에,16
문서가,16
생명유지장치를,16
생명과,16
했는진,16
타려고,16
타령,16
오징어,16
손님들은,16
젖꼭지가,16
나가겠어,16
끼어든,16
5년동안,16
사랑하긴,16
사랑하나,16
바느질,16
사랑하라,16
사랑하는거,16
사랑한대,16
사랑하오,16
협박했어,16
자랐죠,16
5년이,16
넣었을,16
넣었는데,16
준비하죠,16
기록해,16
돌아보고,16
준비되셨나요,16
기리는,16
진료소에,16
마무리하고,16
필요할지,16
생기는지,16
칸에,16
가둔,16
가더니,16
쓰시죠,16
끽해야,16
들어봅시다,16
머여,16
것이란다,16
알라무트의,16
알들을,16
제다이가,16
알렉산드라,16
알렉산드리아에,16
싫음,16
싫은데요,16
자넷을,16
협력할,16
시간보다,16
이곳까지,16
해결됐어,16
가잖아요,16
쓰러지고,16
달려있는,16
이겨낼거야,16
카이가,16
달콤하지,16
달시,16
이걸로는,16
문제란,16
했다는걸,16
타이리스,16
돌아다니면,16
돌아갔어,16
문제네요,16
문장이,16
생기,16
체력,16
체력을,16
5분안에,16
네가소닉,16
제니는,16
괴로울,16
권력은,16
들어가시오,16
자궁에서,16
러시아와,16
알겠으니까,16
알고있습니다,16
거짓이야,16
경제적인,16
솔직하고,16
생각했소,16
보여줘라,16
기르던,16
오셔도,16
갱단,16
프랑키,16
프랑스로,16
프랑스를,16
마르커스,16
진료소를,16
마리아는,16
자고로,16
승무원들은,16
승무원이,16
승리로,16
각오가,16
바꾸려,16
사료,16
사령관은,16
먹습니다,16
먹는거야,16
넬슨이,16
트릭시,16
들어갈래,16
특별하고,16
현재에,16
사무라이가,16
트랙터를,16
것일까요,16
시가를,16
하던대로,16
심부름을,16
심박수,16
심막,16
감싸,16
트인,16
트립,16
제시가,16
제비,16
끝냅시다,16
끝내줬지,16
제보를,16
24시간을,16
끝났잖아,16
쯔테이,16
쓰기로,16
쓰긴,16
쐈다고요,16
죽인거,16
죽이려던,16
카르텔이,16
죽일겁니다,16
죽이는건,16
그러면서도,16
준비돼,16
보였거든,16
보여줬잖아,16
보여줬죠,16
번호판을,16
오브를,16
오버라이드,16
카메라와,16
이군요,16
죽일거요,16
이랬죠,16
골목,16
돌았냐,16
돌아올지,16
항공사,16
쇼와,16
카레브의,16
이네요,16
타이는,16
닫힌,16
카리요가,16
달랐다,16
생각했는지,16
문젠가,16
골고루,16
닫는다,16
닫기,16
이대로가,16
묻게,16
문화가,16
이달,16
들어가렴,16
녀석이지,16
잊지마세요,16
없단걸,16
트리그브,16
겉모습이,16
들리는군요,16
잊어버리는,16
혈액검사,16
부처,16
부족하다고,16
말하겠어요,16
쫓아올,16
감염됐어요,16
이러나,16
이러네,16
생각하시는지,16
모르겠다만,16
골목쟁이네,16
문화에,16
쇼핑하러,16
타입의,16
가는것,16
가는군요,16
돌이켜,16
골랐어요,16
먹었던,16
투여했습니다,16
사스케,16
사브리나,16
사본,16
노동자,16
노동을,16
있잖냐,16
괜찮군,16
잊도록,16
먹였어,16
스폰지,16
제이슨이,16
없을때,16
레이건,16
부정한,16
부정맥을,16
제인을,16
끝난거,16
끝나죠,16
제이스,16
않으셨죠,16
레벨에,16
레버,16
레이첼이,16
레이저를,16
현실적인,16
먹읍시다,16
가할,16
오래됐어,16
돕는게,16
골절과,16
침투해서,16
그러던가요,16
진입을,16
오르가즘,16
오랜만이에요,16
오래야,16
오래돼서,16
번쯤은,16
보였지,16
기쁨으로,16
죽을만큼,16
쓰니,16
쓰네,16
보였지만,16
18년,16
아이러니하게도,16
죽이네요,16
쎈,16
많단다,16
그러고나서,16
그러겠습니다,16
동료인,16
마누라를,16
죽으란,16
번이,16
골치가,16
아줌마한테,16
풍선이,16
단독수술,16
단계에,16
제임스호에,16
제자,16
젤리를,16
제한된,16
귀로,16
끝나가요,16
스티브는,16
드와이트가,16
귀걸이를,16
쫒아,16
부인인,16
있으란,16
사용될,16
광범위하게,16
총각파티,16
밀레니엄,16
먹이지,16
에바는,16
노력했다,16
듣기엔,16
없음을,16
들거든,16
사업도,16
밀리,16
스티비,16
촉이,16
초콜릿을,16
있었던거에요,16
사용하죠,16
다행이라고,16
이름이랑,16
물건이지,16
경위님,16
닥터양,16
칠판에,16
이발소에,16
했을걸,16
다투고,16
이루게,16
생각하기도,16
이륙해,16
경이로운,16
동력,16
동등하게,16
졌다는,16
투명,16
투명인간이,16
퇴역,16
말타고,16
심정,16
레지던트들,16
환자만,16
거절하지,16
심폐,16
총성이,16
수리가,16
모래톱을,16
생각이었죠,16
탈락,16
탄환,16
동료야,16
거금을,16
죽었대,16
보이스,16
쏘아,16
아키텍트가,16
훔쳐가,16
훌륭히,16
경우라면,16
수단은,16
핏줄,16
조금은요,16
조국의,16
에디를,16
통하고,16
스티븐스를,16
부상자가,16
귀신은,16
있데,16
녹음이,16
있댔지,16
않더라고요,16
말일,16
하다보면,16
레지던트들을,16
아프리카로,16
아프거나,16
탄도,16
모든것들이,16
오겠네,16
기억나는데,16
많긴,16
강물에,16
보일까,16
그랴,16
죽여버린다,16
죽여봐,16
보이지가,16
했으면서,16
물러서게,16
물러날,16
이모텝,16
드물지만,16
논리적인,16
있어서도,16
촬영에,16
관통상,16
에리카는,16
드리리다,16
에스코바르는,16
에베레스트,16
드릴로,16
에메랄드,16
짭새,16
끊어서,16
부샤르,16
부상에,16
끊으려고,16
방화벽을,16
밭에,16
행동들을,16
수수께끼야,16
예외로,16
수색할,16
이브가,16
다쳤습니다,16
이벤트,16
이번만큼은,16
합류해,16
동상의,16
있다더군요,16
믿어야만,16
드레스도,16
에어프릴,16
한잔해요,16
가짜가,16
가짜라고,16
관통한,16
멀었어요,16
통신도,16
혀는,16
최고였지,16
있는지만,16
사인만,16
사이트에,16
혁명이,16
혁명에,16
동식이,16
이상이에요,16
동원해,16
풀려고,16
썩는,16
훈련에,16
탐문,16
풀어줘야,16
리처드에게,16
친절하지,16
풀장,16
통조림,16
드러내,16
드러내는,16
엔들러'씨,16
에피네프린을,16
십자군,16
렌치,16
20분만,16
20마일,16
환하게,16
말이라면,16
않는구만,16
포위,16
환자일,16
믿는데,16
스타일즈는,16
포룬,16
스타로,16
스키를,16
엔지니어링,16
놀까,16
스키아파렐리,16
스퀘어,16
사줄,16
사주는,16
최악을,16
최악이,16
있기엔,16
있겠지요,16
있구,16
놀랐습니다,16
있는거냐,16
있냐구,16
최악이지,16
관상,16
민아,16
민디,16
기이한,16
경막외,16
죽는거,16
보키,16
죽게될거야,16
주파수,16
기자들,16
이사했어요,16
죽기라도,16
진화는,16
진행이,16
생각났다,16
생각나는군,16
다일,16
친구다,16
이스탄불,16
친구였지,16
다름없지,16
함부르크,16
함선들이,16
이야기네요,16
색깔도,16
샌드위치는,16
새와,16
함으로써,16
경로에,16
다섯번째,16
심했어요,16
끊겼다,16
끈질긴,16
관여,16
짜서,16
꿔요,16
꿈이에요,16
조용하지,16
조영자,16
놈들만,16
짓일,16
부목을,16
부모랑,16
입증,16
놈이다,16
관련되어,16
관리해,16
헬로우,16
헬레나,16
놀아나는,16
부모님께서,16
부리고,16
로그인,16
거위,16
추신,16
관두지,16
하는것이,16
말았지,16
주인인,16
수십만,16
수습,16
이엔,16
친구끼리,16
영자야,16
많으니까요,16
주장은,16
악착같이,16
보험도,16
진행하게,16
표현한,16
수술인데,16
몇이,16
가곤,16
하기만,16
하고있는지,16
여기면,16
입었는데,16
멈췄습니다,16
스케쥴이,16
엔지니어가,16
통과하고,16
엘리자베스와,16
스케줄에,16
입기,16
한쪽으로,16
겪고도,16
통과해,16
추기경님,16
농담이라고,16
가게도,16
수염도,16
몇개나,16
다량의,16
다르,16
행복하면,16
됐구만,16
가겠나,16
가게될지,16
가게나,16
이야기한,16
새로이,16
영어는,16
영어도,16
몇개만,16
새떼와,16
영호야,16
조프리를,16
조한테,16
스캇을,16
스카일라,16
부르신,16
부르십시오,16
부르면서,16
꾸리고,16
조프리가,16
꽂은,16
부르기도,16
배신했고,16
멋질거야,16
높네,16
임신하고,16
임상실험을,16
부럽네요,16
공급하는,16
공기도,16
이정도로,16
상황의,16
다니라고,16
주어지는,16
많음,16
주오,16
그랬거든요,16
복강,16
후회도,16
1년동안,16
1999년,16
주인의,16
주의하세요,16
주의가,16
멋지구만,16
멋지긴,16
여기나,16
듀란,16
존재지,16
로보,16
로베르토,16
견뎌내고,16
견뎌내지,16
말았다,16
포틀랜드,16
않게끔,16
로마노프,16
존중,16
짓이라도,16
그거다,16
로리는,16
감출,16
태아는,16
영국식,16
영생의,16
상황과,16
치솔름씨,16
영수증을,16
됐대,16
경고했지,16
명인,16
치유할,16
치열한,16
이의를,16
다니엘을,16
이유에,16
상황이죠,16
몇명이,16
미쳤네,16
임모탄,16
말았습니다,16
미카엘,16
7년간,16
잃을게,16
잃었던,16
읽어서,16
추울,16
헤일,16
살거나,16
잃어버렸는데,16
살때,16
됐지요,16
경고야,16
경고입니다,16
되고자,16
되겠지요,16
복수도,16
거랬지,16
거래한,16
거래야,16
악질,16
주사기를,16
주사가,16
복수에,16
상태잖아,16
리몬,16
리드가,16
리드는,16
멍청이처럼,16
뒤져라,16
뒤져봐,16
꼼짝말고,16
존중하지만,16
여기의,16
스친,16
꽂을,16
부딪히는,16
졸업식에,16
배역,16
상처야,16
행진을,16
닉과,16
이탈리아의,16
태웠어,16
엿듣는,16
엽서,16
터그,16
탯줄을,16
뭐겠어,16
치명적,16
이집,16
치웠어,16
치우지,16
살려둔,16
뒤야,16
추적했어,16
놓친게,16
일환으로,16
스마일,16
여동생한테,16
살려주면,16
배운게,16
부끄러워요,16
폭발물은,16
말씀하신대로,16
말씀하시죠,16
싶기도,16
하는거고,16
주변은,16
열었는데,16
수치야,16
긴히,16
복장이,16
질문하지,16
긴장할,16
안녕하슈,16
류의,16
안녕하셨어요,16
표하는,16
안끝났어,16
이하,16
이토록,16
안끝났어요,16
여우는,16
로맹,16
앉아주세요,16
앉아있을,16
거신,16
일하느라,16
축복받은,16
축구는,16
놨는데,16
슈퍼걸은,16
출근을,16
과장이야,16
헤어스타일,16
놔둬라,16
과제,16
여부가,16
미워하고,16
뇌도,16
일주일만,16
뇌진탕을,16
일일까요,16
익숙해져야,16
상의하고,16
뭐시라,16
치료와,16
공산주의,16
인간성을,16
인간들에게,16
행운아야,16
택도,16
뭐시기,16
상인이,16
토루크,16
둥지,16
껍질이,16
여성에,16
여성들을,16
안토니오는,16
안하니까,16
쉽다고,16
안할래요,16
안할래,16
안하잖아요,16
가줄래,16
가족입니다,16
누구로부터,16
일이면,16
여자네,16
누고,16
일이라니,16
일이라서,16
미신,16
미스테리한,16
일이거든요,16
과장님과,16
출발이,16
춤춰요,16
과거에서,16
1로,16
루피오는,16
주말은,16
복지국에,16
후에나,16
1부터,16
루프를,16
안녕히계세요,16
싸움도,16
싸움의,16
1명,16
수축기,16
수축이,16
명성에,16
싸울거야,16
말래요,16
말랬는데,16
표식,16
둘이랑,16
출입구,16
살았네,16
8살짜리,16
8백,16
헤르메스,16
누드,16
일어서라,16
여왕님께,16
출혈의,16
일으켰어요,16
누리고,16
살인마야,16
출신이고,16
되었소,16
인간인,16
인간입니다,16
털기,16
연습한,16
연주가,16
터치,16
상상하지,16
ㅇ,16
숙제가,16
되어가,16
열려고,16
열까지,16
되었군,16
되시는,16
1층에,16
좋구먼,16
토네이도를,16
회복실에,16
봤었지,16
좋,16
좋더라고,16
말씀이지만,16
말씀이십니까,16
공허한,16
봤다구요,16
좋아지는,16
집중력,16
살인범으로,16
눈물도,16
일어났다는,16
공화당,16
상류층,16
상대방이,16
할텐데요,16
가져왔다고,16
인민,16
된답니다,16
순수하게,16
인류에게,16
늙을,16
주둥아리,16
주는지,16
본보기를,16
9천,16
싸우는게,16
길바닥에서,16
주말에는,16
말랬어,16
미사일로,16
미미가,16
두목,16
두명을,16
메마른,16
메모도,16
1초라도,16
좋아하던데,16
좋아하네요,16
깨웠어,16
좋아한다니까,16
말씀으로는,16
인스타그램,16
공원으로,16
공원은,16
공원이,16
인지하고,16
상대방을,16
그대만을,16
뱀파이어가,16
싶을거야,16
죄악을,16
죄수들을,16
본보기가,16
주네,16
까고,16
주기를,16
주고요,16
까마귀가,16
죄책감에,16
그댈,16
질투에,16
김치,16
김이,16
테크,16
여친이랑,16
여친한테,16
일어나야지,16
춥네,16
두른,16
두렵다,16
결정이에요,16
결심했어요,16
살해했어,16
역자,16
일부만,16
90미터,16
테이프는,16
결정적,16
메이드,16
숨어있던,16
그다음은,16
볼링,16
멜의,16
술마시고,16
연기한,16
효소,16
짐들을,16
그대들의,16
그대도,16
싶지가,16
안받아,16
거물급,16
폴라드,16
인이,16
늑대들은,16
늑골,16
인상적이네요,16
순서는,16
순록,16
허비하고,16
순철이,16
인터넷은,16
느낄거야,16
인턴이고,16
됬지,16
숨겼는지,16
테사를,16
허위,16
연기처럼,16
인정하게,16
느려터진,16
뭣하러,16
헌,16
테고요,16
허튼소리,16
회의에서,16
하나봐요,16
봐주길,16
봐왔어요,16
루드비히,16
좋아한단,16
안정되고,16
안전하니까,16
공주님은,16
일기장을,16
일까요,16
싶었으면,16
삼류,16
뉴스입니다,16
좋으시겠어요,16
봐야겠네,16
봐야겠네요,16
백성은,16
깨어나는,16
백인이,16
집세,16
집세도,16
인휴먼,16
안심할,16
루스벨트,16
루소,16
숨겨서,16
된장,16
메일로,16
뉴욕시,16
두개골의,16
두개는,16
두개골에,16
봉지,16
봉사하는,16
백악관에,16
취직을,16
집사람은,16
깜빡했어요,16
깜빡하고,16
그리워할,16
아니던데,16
아니더라고,16
지었습니다,16
변호할,16
그리스도를,16
변동,16
데려갔죠,16
지역입니다,16
지연,16
지위가,16
지웠어,16
지식과,16
지식은,16
데려오세요,16
우산,16
그만하시오,16
벽장에,16
막았어야,16
지저분하고,16
지의,16
세이쿠,16
아니어서,16
피해도,16
같았지만,16
벽난로,16
벽도,16
같대요,16
피키,16
막아야지,16
힘차게,16
막히네,16
아니면요,16
아니라며,16
변했네,15
막히게,15
힘줘요,15
막죠,15
쾌감을,15
우리집은,15
세세하게,15
우리나,15
세타,15
못돼,15
세일,15
큐피드,15
날아갔어요,15
약속했다,15
약속해주세요,15
패는,15
홈즈를,15
비젼,15
저질렀는지,15
갈바트론이,15
우리가요,15
세로토닌,15
세르세이가,15
덮친,15
양들을,15
저지르면,15
저속한,15
저사람들,15
우연,15
우승할,15
데려가죠,15
크로켓,15
세라,15
욕망에,15
고등,15
우찌,15
좋았겠지만,15
집안일,15
충분,15
눌렀어,15
뉴어크,15
일레븐,15
일라이가,15
취미는,15
봉합이나,15
안아줘요,15
안아봐도,15
안쓰는,15
깨닫기,15
안정될,15
그녀야,15
그녀만,15
숨어라,15
느껴지지도,15
삼키는,15
숨겨주고,15
느껴져서,15
뉴트,15
루머가,15
말리고,15
그놈도,15
싶으실,15
하나뿐이지,15
론이,15
메튜,15
메이필드,15
연결되지,15
엮인,15
인터폴,15
상관에게,15
연구실을,15
될테니,15
결정한다,15
허용,15
허용되지,15
상관없소,15
눈물의,15
일심동체니라,15
연기할,15
연기도,15
털지,15
할아버님,15
할수있어요,15
허지,15
봐주겠어,15
좋아했거든,15
1이,15
회의실에,15
회원,15
회수,15
배포자유,15
봐주실래요,15
숨만,15
멘토가,15
싶었다면,15
말씀드렸어요,15
싶었는지,15
싶었나,15
안전장치를,15
폭탄에,15
여차하면,15
여쭤,15
일어나기도,15
테즈,15
살펴볼게,15
하네만,15
연설문을,15
되찾으려,15
결정입니다,15
숨통을,15
미라클,15
역의,15
테이트,15
8억,15
헐리우드,15
두려워하죠,15
효율적인,15
횡경막,15
까칠한,15
집만,15
멜은,15
순환이,15
순한,15
미로를,15
샀을,15
샀잖아,15
미국식,15
인자는,15
연락해야,15
말랬잖아요,15
안드는,15
안될것,15
여자친구야,15
공허함을,15
공학,15
살인사건이,15
늙었고,15
인듀어런스가,15
루카스는,15
싸우도록,15
좋아하는건,15
꺼내기,15
여자친구에게,15
두번씩,15
메리예요,15
여자애들을,15
여자아이를,15
테일러는,15
로안,15
그냥은,15
그날밤에,15
로켓이,15
말씀드립니다,15
안타깝다,15
배터리에,15
1주,15
주가가,15
주던,15
뱀은,15
그대로에요,15
까짓거,15
까딱,15
공의,15
뭘하는,15
결백해,15
템플,15
열렸습니다,15
수혈,15
인간아,15
뭐하냐고,15
허가는,15
허가도,15
좋아질거야,15
꺼내지마,15
집중하게,15
좋겠다는,15
좋던데요,15
말씀이에요,15
좋다구요,15
결승전에,15
상부에서,15
인사하렴,15
인민의,15
미셸은,15
일어난다고,15
일어나죠,15
충동,15
집으로요,15
주디가,15
거리예요,15
뱃지,15
상대야,15
된다니까요,15
인물로,15
인력을,15
뭔소리야,15
할려면,15
일요,15
둘중에,15
출입구를,15
일이겠죠,15
싸울수,15
안돼안돼,15
말뜻,15
출소한,15
일이냐고,15
누우면,15
누나야,15
미세,15
할리우드에서,15
할로웨이,15
가족이란,15
향단아,15
능력으로,15
인간적으로,15
가족이죠,15
쉬잇,15
살이니,15
살았을,15
출신이지,15
ㅋㅋㅋㅋ,15
면허증을,15
숙소를,15
결혼식도,15
되어주세요,15
결혼한다고,15
숙취,15
층의,15
살아왔어,15
할건지,15
가주면,15
누구신가요,15
여인은,15
쉰,15
말씀하셨어,15
말씀하셨지,15
메레디쓰,15
쉬었다가,15
쉬는게,15
두분이서,15
누구겠어,15
출발하기,15
뇌종양이,15
살아있는게,15
능력있는,15
되셨습니까,15
열받은,15
누구일까,15
누구인가요,15
일이긴,15
과민반응,15
출판,15
말뜻은,15
갔을거야,15
룰은,15
수표가,15
명백하게도,15
터미네이터,15
터뜨릴,15
ㄴ,15
행운은,15
함께해,15
가져올께요,15
이해했죠,15
이해하시죠,15
치료법은,15
늦기전에,15
늦네,15
여부,15
뭐랬는지,15
뭐랬죠,15
결혼했다,15
이해하도록,15
니잠이,15
행정,15
행운으로,15
꼬리표,15
종자가,15
집집마다,15
토론,15
결과입니다,15
둘한테,15
여부는,15
여보시오,15
폭력의,15
안했나,15
안해줬어,15
그것뿐이야,15
배워야만,15
2005년,15
집중하지,15
꼬맹이는,15
안나는데,15
주문했어요,15
긴장했어요,15
버렸는데,15
질병의,15
되더라고,15
열에,15
열어줄래,15
앉았어요,15
이틀전에,15
수정된,15
명에,15
상태고,15
이탈했고,15
룸메이트를,15
안남았어,15
과장은,15
일한다면,15
일하자,15
일하는거야,15
8개,15
헤어지자,15
슈트를,15
일주일이,15
익은,15
치료하는데,15
늦잠,15
이혼하면,15
뭐였나,15
수치도,15
미워서,15
일치가,15
행복해지는,15
다고,15
다가옵니다,15
다가와서,15
다가와요,15
다가오면,15
다가온다,15
겸손한,15
토르비,15
뒤부터,15
읽어보고,15
였는데,15
되는거요,15
이주,15
이짓을,15
공기로,15
멍청하진,15
멍청할,15
스마이트,15
메뉴는,15
뒤질,15
뒀지,15
미천한,15
미자씨,15
되리라,15
되든지,15
앉게나,15
앉기,15
안했잖아요,15
안했고,15
폭발하는,15
부끄러워할,15
여기좀,15
여기있습니다,15
물체는,15
상품이,15
상투적인,15
리드를,15
악몽도,15
기획,15
배우들,15
꼼꼼하게,15
존중할,15
존중합니다,15
뒤집을,15
스윙,15
멍멍이,15
스웨거는,15
종양도,15
종소리,15
종말에,15
배에는,15
꼬치꼬치,15
좁아서,15
좀비들이,15
꽃다발,15
치명적이지,15
상처받지,15
향,15
수직으로,15
이해도,15
졸업했고,15
졸업을,15
종양이야,15
토마스와,15
토리가,15
토마스가,15
싶겠죠,15
물질로,15
상황이요,15
수어사이드,15
몇년이,15
추호도,15
추측으론,15
관객들이,15
7년이,15
헤집고,15
임무로,15
스승님을,15
스스로에,15
였다고,15
뒤쪽을,15
잃어버려서,15
놓쳤지,15
놓쳤다,15
미첼과,15
미첼을,15
추파를,15
기후,15
복수하는,15
말끔히,15
말귀를,15
하나겠죠,15
기회죠,15
되갚아,15
함교다,15
임산부가,15
뒷통수를,15
기젯,15
주위로,15
주저,15
질리는,15
그래픽,15
후회를,15
않겠네요,15
로마인들이,15
로리타,15
로버트가,15
멋지시네요,15
멋지잖아,15
가지려,15
가줬으면,15
注,15
영문을,15
이자들은,15
물품들을,15
포인트야,15
앉혀,15
하누만,15
싶고요,15
치즈가,15
치의,15
이유인지,15
수용소에서,15
수영하러,15
치어리더가,15
됐대요,15
됐다구요,15
겪었습니다,15
탐험,15
영화관,15
태반,15
태그,15
영호,15
영장도,15
다른거야,15
존재도,15
꽥,15
조카와,15
부르렴,15
징징대,15
스카프가,15
스카이프,15
뒷문,15
이전엔,15
다니나,15
임시로,15
꽝이야,15
부럽다,15
존재해요,15
배심원들은,15
존재인지,15
19일,15
주었던,15
기질이,15
질문만,15
질릴,15
쌀을,15
질꺼야,15
공교롭게도,15
입어봐,15
입에도,15
함께해야,15
쌓는,15
하그레이브,15
보트의,15
거라서요,15
거라는데,15
산산조각이,15
스콧이랑,15
사투를,15
입장도,15
드라마월드,15
추락할,15
사하여,15
여기만,15
산사가,15
산모가,15
산더미처럼,15
미트볼,15
톡톡히,15
농도가,15
임펄스,15
산소는,15
이어진,15
이야기인데,15
탔죠,15
탓하고,15
탓하는,15
됐겠죠,15
공격했던,15
다르니까,15
조조의,15
최후,15
관리가,15
헤픈,15
있겠느냐,15
추가해,15
놀이터,15
입찰,15
배신하는,15
꾸물대지,15
규칙대로,15
않고도,15
짓이예요,15
짓이오,15
조종사는,15
꿈이었어,15
돼주세요,15
포즈,15
하는거잖아,15
말요,15
로니는,15
로그를,15
부르잖아,15
배신하면,15
거라더군요,15
썅년아,15
쌓은,15
아플거야,15
아프지도,15
리빙스턴,15
악마들을,15
보호막이,15
다른사람을,15
다른데서,15
이식한,15
공격의,15
물어봅시다,15
물어봐라,15
행동했어,15
다물지,15
이새끼,15
다수가,15
샌드위치도,15
모금만,15
모가지를,15
몇천,15
공간과,15
곳인가요,15
말이세요,15
감자가,15
최대한으로,15
최대한의,15
최면,15
샌더,15
색이야,15
색시,15
사타구니,15
최우수,15
부모님에게,15
조이의,15
조약,15
배너,15
꿨는데,15
꿍꿍이가,15
가진걸,15
가지마요,15
엘리사,15
멈추시오,15
스킬이,15
사자의,15
사장님께,15
사자는,15
동정을,15
샌님,15
놀랐을,15
사진의,15
헥,15
엘레베이터,15
엔터프라이즈의,15
스크린,15
주토피아는,15
보지만,15
기자회견,15
기원합니다,15
주전자,15
버크예요,15
탑재된,15
탓도,15
물속으로,15
샘웰,15
다정하고,15
다인,15
친구하고,15
이상도,15
기억할게,15
기억하십니까,15
아프잖아요,15
훌륭하군요,15
1996년,15
1988년,15
하겠대,15
예수를,15
수술들을,15
수술복,15
물리고,15
리즈는,15
릴,15
많았다,15
써줄,15
써야겠어,15
써야죠,15
리차드는,15
20명의,15
활기찬,15
통제해,15
통제된,15
6시까지,15
오겠소,15
이복,15
친절하시군요,15
멀쩡하다고,15
포어톨드의,15
거인이,15
않는다네,15
않는건,15
포위됐어,15
조안나,15
조심하지,15
물론이지요,15
친절도,15
이번만은,15
탐욕스러운,15
수색하고,15
수상이,15
합법적,15
예언자,15
사이트가,15
이브는,15
합류,15
예정보다,15
예정에,15
생각이란,15
생각이니,15
생각이고,15
놀기,15
논쟁이,15
드렸어,15
가집니다,15
에이몬,15
드로이드가,15
있다오,15
헬싱,15
예상되는,15
예상됩니다,15
에이브,15
통치를,15
격렬하게,15
6살짜리,15
있는걸로,15
있다가요,15
다하지,15
진주,15
기습을,15
버튼과,15
보이즈,15
그러겠다,15
후회가,15
죽었다구요,15
에스코트,15
믿으셔야,15
에릭은,15
가질래,15
한입에,15
물러서라고,15
이미지는,15
이만한,15
논란이,15
녹화하고,15
쩔은,15
귀엽긴,15
방황하고,15
쪽으로요,15
조랑말,15
끊임없는,15
예약하고,15
경비대가,15
경비병,15
다음이야,15
다이,15
이쁘지,15
모닝스타씨,15
헷갈려서,15
아카디아,15
아카데미,15
만한게,15
쏘냐,15
아테네,15
아크,15
훔쳤는데,15
아파서요,15
현대적인,15
현금은,15
엎드려서,15
엉망진창이야,15
총만,15
있었기에,15
합쳐야,15
가져가죠,15
부서로,15
레코드를,15
쪼끄만,15
끌리지,15
끌린,15
통치할,15
사우디,15
현상금을,15
죽었군,15
풀어주세요,15
아프다고요,15
동물원에,15
하는진,15
렉시랑,15
부수적인,15
부서지는,15
졌군,15
졌네,15
사용하기,15
타투를,15
이름들을,15
수도에,15
동네에선,15
이루어져,15
거절하는,15
거절한다면,15
젬마,15
젬이,15
레일라가,15
포드릭,15
끔직한,15
끌어들일,15
스테판은,15
믿으며,15
믿으라고요,15
사위,15
심정은,15
심장에서,15
않으셔,15
21시,15
벅찬,15
보이려는,15
훔친거야,15
동맹은,15
모든일이,15
오나요,15
있어줄게,15
스토리,15
노르웨이의,15
있었을때,15
먹이려고,15
에도,15
에두아르도,15
방콕,15
젠은,15
젠킨스,15
광고에,15
광경이,15
광고가,15
총알에,15
스트레이트,15
스트레스로,15
멀리건,15
사에서,15
이마,15
이름이잖아,15
생각치,15
경위를,15
스티커,15
믿음으로,15
노인과,15
광대를,15
생각하기에는,15
생각하긴,15
생각하곤,15
이름부터,15
이륙을,15
칠왕국의,15
곳보다,15
가깝고,15
쐈다는,15
아이히만,15
풀었어요,15
마누라도,15
죽였으니까,15
훌륭하죠,15
보이거든요,15
기술과,15
생각하니까요,15
돌아와서는,15
오리가,15
묻을,15
골칫거리야,15
아즈라엘,15
걔와,15
보이가,15
있을거란,15
초대장에,15
광장에서,15
초만,15
초반,15
현재까지,15
현장의,15
생각하려고,15
제출해,15
부자고,15
않은지,15
않을거,15
포기하기,15
거짓말까지,15
부재,15
현실과,15
툰드라,15
들도록,15
없었다구,15
투쟁,15
투자자들이,15
먹으라,15
사실로,15
들것을,15
있으니깐요,15
한수,15
않으셨잖아요,15
레스토랑이,15
않으마,15
레이첼을,15
제안했어요,15
스페인에서,15
그러든,15
오두막에서,15
수고가,15
돕는다고,15
오딘의,15
단검은,15
엉망이네,15
투바이어스,15
진정시키고,15
진절머리가,15
아이리스가,15
기뻤어,15
죽이,15
번째예요,15
기쁨과,15
진정이,15
타이탄이,15
타이틀을,15
타이어를,15
생각하자,15
생각하신다면,15
모르겠단,15
침입했어요,15
침입할,15
말하다니,15
돌연변이의,15
카나리오,15
이때,15
이등병,15
생각해보렴,15
생각할게,15
타이탄,15
들리게,15
밀크,15
밀크쉐이크,15
잉글랜드에,15
있을진,15
슬론과,15
투입,15
폐렴,15
없으십니까,15
듣자마자,15
없을텐데요,15
괜찮긴,15
괜찮겠지만,15
괜찮고요,15
사실들을,15
투표에,15
문제점은,15
생각해봐도,15
생각해볼게,15
경주가,15
카레브를,15
카레브한테,15
타이렁이,15
단일,15
없더라도,15
트레일러는,15
5주,15
혈류가,15
들어가는데,15
괜찮아지겠죠,15
초당,15
카르멘,15
알겠느냐,15
알겠고,15
알게되겠지,15
부츠를,15
말하더라,15
쫓아낸,15
쫓아가자,15
환영이,15
이런거에,15
묻는다,15
마로니,15
마련할,15
아이스크림도,15
말하는건데,15
제안했어,15
폐동맥,15
것일까,15
승조원들을,15
먹겠어요,15
승인됨,15
바꿔놓을,15
자기들은,15
네일,15
트윈,15
가히,15
24시간은,15
끝났잖아요,15
권한은,15
권위에,15
제물이,15
끝냈잖아,15
하던거,15
죽일지,15
기분이네,15
죽이다니,15
진전,15
훠이,15
훔치려,15
기분좋게,15
각별히,15
골목으로,15
쇼맨,15
이긴다면,15
생강,15
진실이에요,15
기밀이야,15
기무라,15
보였던,15
기른,15
오셨군,15
타이밍에,15
경찰들을,15
솔랑쥬,15
문제였어요,15
문제였지,15
돌아오신,15
마리우스,15
쓰레기들,15
만약의,15
만으로,15
아이들이에요,15
아이고야,15
벌레처럼,15
벌어지지,15
사립,15
바꿔놨어,15
체포해야,15
자나,15
트레일러를,15
그러시든가,15
아이구나,15
마릿사,15
바깥의,15
사망자는,15
먹니,15
현찰,15
넷은,15
없겠니,15
시간에는,15
네명이,15
카버,15
달렸네,15
달려있다,15
이겨서,15
달린은,15
이곳과,15
가자는,15
쓰러져서,15
혐의는,15
혈청을,15
자니까,15
생기가,15
이거라도,15
이것봐요,15
문제들은,15
생겼거든,15
궁전을,15
확인했고,15
확인해봤어,15
끝장내,15
괜찮을거,15
괜찮을거예요,15
괜찮을겁니다,15
5백,15
러시아로,15
알고리즘을,15
부탁하는데,15
끝내주죠,15
제법이네,15
제보,15
감안하면,15
권력과,15
아야야,15
아시지,15
마법사들은,15
마비를,15
만만한,15
준비완료,15
기리며,15
벌어요,15
끼치고,15
환기,15
시간전에,15
가자마자,15
돌아간다면,15
칸을,15
쓰려는,15
쓰레기로,15
심,15
거품을,15
램,15
알레한드로,15
알까요,15
제대,15
끝장날,15
제거했어요,15
그러신,15
체크하러,15
자네들에게,15
사랑했네,15
시간엔,15
시간들,15
시간들을,15
말하실,15
의지하고,15
오지는,15
문신은,15
손보면,15
카팔디,15
의원은,15
의원님의,15
손수건,15
체육관에,15
넣습니다,15
넣게,15
끼어들어서,15
끼어들어,15
제게도,15
경치를,15
달하는,15
사랑하리,15
엄청나네,15
특별할,15
자던,15
사랑한다고요,15
넣어둬,15
바뀌었지,15
체외,15
보여드릴까요,15
오시네,15
오스코프,15
오셨나,15
모른다구,15
생겼으면,15
들어보라고,15
업무가,15
담배나,15
프로듀서가,15
개장,15
쓰이지,15
필의,15
마셔야지,15
마셨고,15
아빠에요,15
머무르게,15
머무르는,15
경찰차,15
돌봐주는,15
오프,15
문니를,15
생에서,15
생산적인,15
북유럽,15
북부에서,15
북동쪽으로,15
궁전에서,15
찍으려고,15
찍으세요,15
엄마잖아,15
것에는,15
손상되지,15
돌아가야해,15
돌아가시오,15
방문해,15
부활,15
젖었어요,15
젖꼭지,15
방마다,15
생일선물,15
햄튼,15
의미해요,15
의사분들,15
고치러,15
답해,15
의사니까,15
의식하지,15
알려주시겠어요,15
알려주실,15
나가려면,15
나가는데,15
정치인,15
분대장,15
자부심이,15
진거야,15
말할거에요,15
말한다는,15
싫어하셔,15
알려야지,15
알렌타운,15
싫었을,15
싫어했잖아,15
펼쳐진,15
마법처럼,15
준비해줘,15
휴전이,15
준태야,15
타릭,15
바다도,15
바니,15
넘어진,15
옥경이,15
생존하는,15
당근이지,15
당국이,15
의뢰를,15
당신말이,15
샤르마,15
샤를,15
엄격하게,15
얼음으로,15
얼씬,15
것뿐,15
바라는거야,15
바라는건,15
바라시는,15
넘겨주면,15
괴물들은,15
형사님들,15
사람처럼요,15
머리카락은,15
시끄러워서,15
엄마로,15
엄마는요,15
머릿속의,15
돌아가는게,15
오토봇을,15
손녀가,15
손녀를,15
가운데에,15
경찰하고,15
경추,15
자매들이,15
머리위로,15
머리부터,15
천하의,15
얼마든지요,15
시대야,15
무죄라고,15
필요하십니까,15
만들어지고,15
정직하고,15
찢어질,15
궁금하면,15
궁금하구나,15
2년을,15
정연아,15
정원의,15
나가있어,15
줄어드는,15
강철로,15
정의에,15
찍어줘,15
나가면서,15
분석이,15
분리하는,15
나가셔야,15
범위에,15
줄이는,15
그런걸로,15
줄리가,15
보십쇼,15
범인에,15
그런건가,15
그런가봐,15
바람난,15
자애로운,15
교도관,15
교감을,15
철이가,15
자신부터,15
넓어,15
너에게도,15
라프,15
라지,15
정비,15
분야는,15
분수,15
자연은,15
너무하네요,15
사람이기도,15
속히,15
모신,15
온건가,15
돌보기,15
알바니아,15
알모따심,15
싫어하거든요,15
하면서도,15
쓸고,15
아비를,15
프루디,15
개인이,15
개인적으로는,15
프로필,15
기대돼,15
기다릴거야,15
중독자야,15
올라갈게,15
돌려놔,15
모양이오,15
의무실로,15
속으로는,15
캐시는,15
캐시를,15
중동,15
중독된,15
보석금을,15
보석금,15
중간에서,15
중령이,15
기다리자고,15
기다리시는,15
머리띠를,15
자원한,15
가득했지,15
캘리에게,15
직업으로,15
보상금을,15
보살펴야,15
직선,15
싫대요,15
말해봐라,15
말해볼게요,15
알아낸다면,15
편치,15
하루빨리,15
알리야,15
분이셨어요,15
언제부터요,15
얻는데,15
사람들이나,15
혜린,15
형제처럼,15
너그러운,15
천으로,15
천을,15
것까진,15
겁줘서,15
한나가,15
바랐지,15
바랬지,15
천식이,15
얹어,15
맹세했다,15
당신밖에,15
응원하고,15
캠에게,15
고쳐주세요,15
음식물,15
당신이지,15
돈다,15
틀어박혀,15
킷,15
속상한,15
음메,15
음모,15
서류작업을,15
가라사대,15
가디언즈,15
캠페인,15
만들어야죠,15
필요할거에요,15
개에게,15
프로토콜이,15
법안을,15
속력을,15
속도와,15
모욕하는,15
대기가,15
대가리에,15
서비스에,15
필요할까,15
강해져,15
15개,15
지혜로운,15
지혈을,15
알아듣는,15
들이면,15
들을게,15
맹세한다,15
사람들에게는,15
바루,15
바르가,15
사람답게,15
실험하는,15
실험실의,15
라이온을,15
알아봐야겠어,15
확인차,15
굶주리고,15
정복,15
싫구나,15
중이라서,15
중요한것은,15
해내는,15
올리브가,15
돈이요,15
올라오지,15
무의미,15
당황하게,15
정리는,15
차례는,15
작지,15
만들어낼,15
아버지세요,15
지휘할,15
프리몬트,15
프리,15
확인하면,15
밝힌,15
나는구나,15
나눴어,15
나눴어요,15
차려라,15
밝아,15
나로선,15
소홀히,15
사라집니다,15
교신을,15
교수님도,15
형제로,15
사람들아,15
간부,15
냉정하게,15
올리게,15
커트웰,15
커진,15
석방,15
대너리스는,15
유인,15
유인원이,15
대가리를,15
사는거,15
간섭이,15
티모시,15
작위를,15
작업할,15
호구,15
사라져버렸어,15
바보인,15
시바,15
틈에서,15
맨하탄,15
내자,15
천공,15
억지,15
검토를,15
사달라고,15
냅두고,15
사라졌네요,15
사라졌는데,15
언제예요,15
작성하고,15
맹렬히,15
맹목적으로,15
시설의,15
줬군,15
지형을,15
보는것,15
그럴지,15
기기,15
중일세,15
중인가요,15
기념하는,15
편의점,15
불러낼,15
발표에,15
발표하겠습니다,15
맨발로,15
잔소리를,15
팀입니다,15
어쩌고저쩌고,15
감사하지,15
감사하네,15
나라구,15
걱정말고,15
편견,15
알아차릴,15
말해주시죠,15
편의를,15
육체적으로,15
유튜브,15
가려서,15
육안으로,15
유효한,15
모자라요,15
모일,15
소총을,15
디저트를,15
디즈니,15
와있어,15
키에,15
해줬을,15
선박을,15
와이어트는,15
와이어트가,15
나무들은,15
접촉하지,15
불렀던,15
불렀고,15
접속이,15
접근한,15
접근한다,15
접근법을,15
올테니까,15
서장이,15
어울린다,15
교장선생님,15
바쁘면,15
바빴어요,15
차선,15
2번이나,15
법정은,15
마시려고,15
마시멜로,15
직감,15
그럴께요,15
키워요,15
옮기게,15
옮기기,15
호스맨을,15
잘못해서,15
잘못하는,15
바이킹이,15
잘못으로,15
시작됐죠,15
사기가,15
잘못인,15
잘려진,15
척수가,15
처했다,15
처절한,15
처음이자,15
잘됬네요,15
사고라도,15
호스트들을,15
기간동안,15
시작되었다,15
사나요,15
사기꾼으로,15
검사에서,15
검사의,15
파괴되는,15
내심,15
소유권,15
킬,15
계산대,15
모카,15
선뜻,15
대단하시네요,15
유산이,15
유방암,15
마우어,15
개빈,15
아가씨와,15
만들래,15
아무거나요,15
마이너스,15
그럴일은,15
흥미로운데,15
대마,15
소송에서,15
유람선,15
유대감이,15
만들기도,15
만들겠지,15
씻었어,15
만들어도,15
페이스북에,15
차이로,15
발전기를,15
불리고,15
불렀을,15
시작이네요,15
파괴해야,15
학생의,15
말해줬는데,15
실패하게,15
실질적으로,15
알았기,15
하믄,15
말했거든,15
발짝,15
접시가,15
아름답네,15
마이갓,15
쥴리안,15
그렇구,15
그렇겠네요,15
급습을,15
고양이야,15
대답이야,15
구강,15
호레,15
바쳐서,15
대리인,15
대륙,15
윌슨의,15
아기라고,15
마이크랑,15
잘했구나,15
내리자,15
내려도,15
내려놓으면,15
구급상자,15
잠들고,15
잠꾸러기,15
구경시켜,15
모험도,15
소심한,15
소식이지,15
선로에,15
시작하는거야,15
딜러,15
처리하겠습니다,15
처리된,15
클레오파트라의,15
왔나봐,15
위험해서,15
키스로,15
키루밍하자,15
계속하십시오,15
키루밍으로,15
해냈잖아,15
한가한,15
검사실로,15
검사실에,15
매점에서,15
매일을,15
매장에서,15
목발,15
소서러,15
점심이,15
점심시간,15
점이죠,15
차타고,15
젊은이는,15
알케미가,15
실습,15
간질,15
가르강튀아,15
가루로,15
해치울,15
고요한,15
고양이의,15
내렸는데,15
잠결에,15
잠가요,15
선원들을,15
가십,15
보낸다면,15
베레티가,15
즐거움,15
증명이,15
증거들은,15
그렇답니다,15
감사는,15
차지하는,15
잡도록,15
내기할까,15
잡아둘,15
위하는,15
위치해,15
선천적으로,15
펠랑이,15
페인,15
페니실린,15
나시르,15
절대적인,15
나아가고,15
불임,15
감방을,15
키루밍은,15
왈더,15
선생님이에요,15
무서워해야,15
컴퓨터와,15
파렐,15
챙길게,15
바치고,15
시작한다면,15
내기는,15
가르쳐줬지,15
해주라,15
무렵에,15
만드는걸,15
피고가,15
글로벌,15
군사를,15
전화하려고,15
전화일,15
전화주세요,15
맑고,15
찬란한,15
시작했네,15
시작해볼까요,15
호출입니다,15
내려간다,15
잠시만이라도,15
잠수함의,15
잠수,15
암세포가,15
실수였죠,15
2주일,15
플레처,15
플러그를,15
금요일까지,15
금욕,15
목숨보다,15
윈터펠,15
윈스톤,15
호출이야,15
잡아야죠,15
케이블이,15
위에요,15
대장동무,15
지금으로서는,15
글렌은,15
흩어지자,15
지켰어요,15
학생들의,15
학살을,15
따라왔어요,15
어떻대,15
뽀뽀도,15
뽀뽀해,15
파병,15
파멸의,15
대변,15
대비할,15
케실리우스,15
어른이야,15
어렴풋이,15
책임도,15
뽑았어,15
파손,15
아름다움이,15
마일을,15
아르바이트,15
보내셨습니다,15
보내려는,15
베로니크,15
컴온,15
대본을,15
전해줄,15
따르겠습니다,15
걸으면,15
걸었습니다,15
파워스를,15
파열될,15
어떄,15
따바르,15
펑펑,15
불평하고,15
뛰어서,15
나오미가,15
붉은색,15
실망감을,15
하시겠죠,15
전화기도,15
계시는군요,15
무리들,15
무리들이,15
고삐를,15
책상이,15
잡았잖아,15
압박감을,15
앞뒤,15
그렇지않으면,15
지켜줄게요,15
지켜줘요,15
글로리아랑,15
증오가,15
해드리고,15
계시나,15
계시겠죠,15
설득한,15
소리치지,15
위인이,15
위원회를,15
해달란,15
위생,15
위버,15
설계,15
왕권을,15
클라이드,15
설교,15
대장장이,15
큰지,15
왕십리,15
무니,15
무너진다,15
구명,15
빼줘,15
걸어가,15
났네요,15
시죠,15
뺏어갈,15
채우면,15
도시죠,15
따르도록,15
박스트롤을,15
뻔뻔하게,15
구매자가,15
장관을,15
낮춰요,15
파이프에,15
딱지를,15
납치했어,15
낫거든,15
호칭을,15
호출해주세요,15
매기를,15
매너가,15
났거든요,15
났었지,15
앞쪽,15
앞선,15
군복,15
찬스,15
전하기,15
나온게,15
납,15
장비들이,15
만드느라,15
마주치면,15
그레이시,15
지켜봤어요,15
가시고,15
뛰어내릴,15
화장하지,15
맛난,15
계좌가,15
계정을,15
대통령님은,15
필요없소,15
보금자리를,15
필요없잖아,15
필요없죠,15
베스의,15
해주겠소,15
원합니까,15
웜홀을,15
설명하지,15
설명에,15
설리반,15
월급도,15
월급이,15
어디나,15
시켜줘,15
시키신,15
가시기,15
크립톤은,15
코너는,15
섬길,15
설탕은,15
퍼센트,15
화풀이,15
감독님이,15
하쇼,15
화해하고,15
2호,15
2층에서,15
화제가,15
났소,15
따질,15
시카고로,15
하셨다고,15
하셨군요,15
실례하겠소,15
맛있을,15
퍼부어,15
소득이,15
도린,15
도망쳐서,15
원하십니다,15
원하시오,15
원하셔,15
원하니,15
섰어,15
장학금을,15
장전된,15
빨아들이고,15
남자친구요,15
극장이,15
외과적,15
해보라구,15
해주려는,15
빵빵,15
채널이,15
장식된,15
장소에요,15
장소의,15
어느쪽이든,15
파커는,15
빨라서,15
월트가,15
케힐,15
케첩,15
케잌을,15
크웬트리스,15
파트너와,15
걸림돌이,15
어디있나요,15
도란,15
외삼촌,15
외모가,15
대화한,15
성공했고,15
아들이다,15
아내분께,15
아내나,15
반대죠,15
빠져야,15
빠져있는,15
남자라,15
재단이,15
찾았잖아요,15
걸리는데,15
맡았지,15
전차를,15
나왔나요,15
발견됐고,15
브랜드가,15
브랜드의,15
국회의사당,15
참기,15
재밌구나,15
섰어요,15
코노,15
고맙구만,15
고마웠소,15
원한게,15
원하잖아요,15
브라더스,15
전통은,15
재스퍼씨,15
걸렸다는,15
빠져나오려고,15
빠져나오지,15
빠져나갔어,15
3번의,15
전인데,15
전이었어,15
애칭,15
애착을,15
브리저,15
발각되면,15
브리아나,15
식구,15
찾아왔고,15
찾아왔다,15
근사한데,15
팬을,15
팬이야,15
브렉,15
발견될,15
전쟁도,15
망가져서,15
신청했어,15
희생하고,15
개년아,15
피라미드를,15
마찬가지구요,15
보관함,15
베인브리지,15
베이비시터가,15
만난적,15
희망으로,15
보고싶을,15
지칠,15
그렉이,15
그려서,15
외투,15
원하는거죠,15
몰랐구나,15
지능이,15
그전엔,15
지내자,15
그쪽한테,15
보고요,15
베일리예요,15
지체,15
그해,15
블러디,15
전선으로,15
국방부는,15
갈갈이,15
빠릅니다,15
얘기해주고,15
요구되는,15
해양,15
블라우스,15
전역을,15
전술적,15
전송이,15
참여하게,15
화신,15
받으시죠,15
블러드니아,15
코블팟,15
코비,15
웃겨서,15
코트는,15
코치님이,15
더미,15
가설이,15
댁들은,15
얘기하면서,15
빛날,15
빚진게,15
때엔,15
때문인데,15
빠뜨릴,15
남미,15
댄스를,15
재킷이,15
재판관님,15
식사하러,15
식사로,15
때문이예요,15
때문이란,15
때문이란다,15
얘기하잖아,15
몰랐,15
맡겼는데,15
식량도,15
하지말라고,15
빠져나가요,15
판사는,15
걸래,15
얘기했나,15
저기봐,15
저그,15
떠나가고,15
구출해,15
운행,15
마커스는,15
마취제를,15
피지,15
얘기랑,15
팔리지,15
걷잡을,15
갈꺼에요,15
맞지요,15
반지의,15
반죽을,15
찾아냈습니다,15
또래의,15
망상이,15
30만,15
건드리지마,15
전사다,15
전부다요,15
전문적으로,15
나타나길,15
원장님,15
도덕적인,15
셰퍼드와,15
도넬리,15
요르단,15
요놈,15
요금,15
똑같군,15
나중을,15
떴다,15
떠나는데,15
크롤의,15
해야하고,15
해야될지,15
울려서,15
콘도를,15
패배한,15
신이나,15
신이다,15
앵무새,15
패키지,15
받았다면,15
받았잖아요,15
나침반이,15
베티의,15
베푸소서,15
성기가,15
댄서,15
구축함을,15
빌려줄,15
남들을,15
저가,15
갚기,15
피예요,15
아담을,15
아담한,15
아닌거지,15
피츠가,15
피츠버그,15
보겠지만,15
날이라,15
구하죠,15
판카실라,15
운동이,15
세계에서는,15
못하는게,15
운전사가,15
덤으로,15
찾아볼까,15
남극,15
저것봐,15
날이네요,15
반항하는,15
비해서,15
남겨둘,15
남겨놓고,15
던진다,15
던지라고,15
셰릴,15
몰려온다,15
맞을거야,15
낡아빠진,15
떠나면서,15
저기엔,15
셀리나,15
센터로,15
데이빗은,15
움직이죠,15
코트가,15
못한거야,15
못할지도,15
코스튬을,15
양한테,15
건축가,15
그밖에,15
그만해도,15
지배,15
그만의,15
병원까지,15
병신처럼,15
신상에,15
받아줘요,15
비롯된,15
떨어졌잖아,15
야채를,15
전공,15
하였습니다,15
얘기부터,15
벤을,15
벡스는,15
그룹으로,15
요리해,15
떠나는걸,15
신사가,15
비디오에,15
야수의,15
피웠어요,15
피터와,15
벤치,15
막달레나,15
아니었단,15
그일을,15
그와는,15
지도에서,15
떠내려,15
얇게,15
약혼녀,15
떠오르게,15
하이드리히를,15
떠올라요,15
우울증에,15
세부,15
국경에,15
화는,15
난데없이,15
적들의,15
신분증이,15
신분증도,15
떨려요,15
떡을,15
요청에,15
요즘도,15
요즘들어,15
운전면허,15
운영을,15
운명이라고,15
양배추,15
저분을,15
히로시,15
지으며,15
지으면,15
그분에게,15
지루하고,15
아는한,15
만나줘서,15
요청하신,15
지우씨,15
10명의,15
힘드니까,15
변해요,15
별론데,15
별로였어요,15
지원에,15
피해자들은,15
난민,15
난장이,15
맞서서,15
저하,15
패거리들이,15
건장한,15
팝의,15
지원자,15
세명이,15
데빈,15
우는거야,15
날들을,15
날라,15
약국에서,15
적군의,15
적군이,15
데려오죠,15
데려온거야,15
못보게,15
세우라고,15
세스가,15
몸조심해,15
가봅시다,15
우리'가,15
아니던가,15
그림으로,15
깜둥이가,15
깔려,15
집들을,15
집단을,15
안왔어요,15
안오면,15
별자리,15
아니였다면,15
지시한,15
데려갔을,15
우리집을,15
고기나,15
지옥이야,15
그리워하는,15
벼랑,15
지분,15
지저스,15
지자쓰,15
지원은,15
그만둔다고,15
그만두겠다고,15
벽의,15
힘줘,15
필드,15
핀이랑,15
같냐고,15
같구요,15
아니었다고요,15
아니었군요,15
피한,15
변형인간이,14
아니라는거,14
지아,14
별도,14
힘들겠다,14
10마일,14
데려갔지,14
데려다가,14
데려갔다,14
우리모두,14
데려가려,14
피타는,14
아니였죠,14
아니였지,14
지시대로,14
그만하자고,14
별소릴,14
별에서,14
별빛,14
몸매가,14
못쓰게,14
세베루스,14
용서한,14
용서할게,14
우두머리,14
데릭에,14
섹스만,14
욱하는,14
우편으로,14
우즈,14
우주여행,14
세력이,14
욕심을,14
크랜베리,14
크는,14
그말이야,14
지방을,14
지미를,14
그만하라니까,14
지불한,14
우려를,14
세르게이,14
덮칠,14
몸값,14
만나세요,14
만나봐요,14
필리,14
마크도,14
지리,14
지름길을,14
그에게도,14
비키는,14
받긴,14
저승으로,14
건질,14
건초,14
팔메토,14
맞았네요,14
신두,14
나흘,14
나폴레옹,14
날아가요,14
구해주고,14
구해주는,14
찾긴,14
찾기는,14
비판적인,14
화살에,14
32세,14
화분,14
적인,14
국가적,14
구했잖아요,14
구호,14
창녀들이,14
약이야,14
얌전하게,14
신문은,14
하이드리히는,14
팜피오,14
비법이,14
난단,14
난다는,14
저를요,14
저딴,14
저라고,14
판단한,14
얘기할거야,14
저녁까지,14
저기있어,14
저기에서,14
떠나겠다고,14
혼전,14
빈정대는,14
빈맥,14
빅커스,14
비행으로,14
비행기표,14
날이고,14
망친거야,14
신앙,14
신성,14
맞고도,14
비디오는,14
나타났지,14
팔려는,14
팔기,14
신념에,14
전과는,14
낙하산이,14
비명이,14
받았기,14
신용카드를,14
신앙이,14
망하는,14
빌릴게요,14
빌리를,14
빌려준,14
저곳에,14
떄,14
얘기의,14
갈데가,14
전무님,14
떳떳하게,14
앤디한테,14
패키지를,14
패치가,14
패치를,14
패배자,14
얘기해보세요,14
남동생을,14
맞았으면,14
나타났네,14
전기로,14
전등,14
국민들을,14
참전,14
받았다고요,14
받았다는,14
빌딩이,14
빈틈이,14
홀츠,14
3대,14
홀리는,14
떠나버린,14
얘기고,14
떠나지마,14
재산은,14
재산이야,14
잭슨에게,14
남아있던,14
재주도,14
재주를,14
남았으니,14
얘기했었지,14
잭과,14
빠뜨렸어,14
얘기할까요,14
때문일거야,14
얘기하시죠,14
신경계,14
식염수,14
때문이라면,14
건드리지도,14
건드렸어요,14
떼어내고,14
앤드류는,14
똑같구나,14
똑같다,14
남성은,14
잿더미가,14
참에,14
전사와,14
전사야,14
나잖아요,14
30분만,14
30명,14
30년이나,14
팬들에게,14
구조는,14
때도요,14
얘네는,14
얘긴가요,14
때리게,14
때렸지,14
식대로,14
식도에,14
전인,14
나왔지만,14
혼자이고,14
혼자였어,14
3백,14
3명은,14
재밌었죠,14
찾았는데요,14
국장님은,14
블로그를,14
블랙홀로,14
블랙리스트에,14
나을거,14
전송을,14
나이트클럽,14
참가하게,14
때리세요,14
맞혔어,14
판단하는,14
걸리겠다,14
빠를수록,14
망명을,14
하시는데요,14
갉아먹는,14
남자든,14
재밌긴,14
재미있죠,14
남자애랑,14
반바지,14
반란이,14
반란,14
국회,14
남자에겐,14
재능있고,14
재미있었어요,14
찾았으니,14
구원받을,14
구요,14
반대의,14
빠져도,14
똑똑이,14
신청해,14
신청서,14
또렷하게,14
팬케이크를,14
군단이,14
파편을,14
걸리나,14
걸리고요,14
찾아왔죠,14
발걸음,14
받질,14
브루투스,14
패하,14
패튼,14
애착이,14
어디계세요,14
어디간거야,14
어둠으로,14
채널에,14
3일이,14
3일동안,14
3시까지,14
딸이라고,14
남자친구의,14
남자친구한테,14
장학금,14
남편분과,14
호흡해,14
빨랐어,14
땅이야,14
땅에서도,14
전철을,14
나왔는지,14
전진하라,14
확답을,14
화해를,14
장인어른은,14
구스타브는,14
구슬이,14
군과,14
국토안보부,14
발견되면,14
브란트,14
브라이스는,14
나와야지,14
나올거에요,14
전차에,14
장벽의,14
빼먹고,14
밖이에요,14
장비들,14
실력도,14
찬성합니다,14
나온다는,14
전해달래,14
애송이가,14
애미가,14
딱이죠,14
딱딱해,14
어딨는데요,14
하진스를,14
시체들,14
낫습니다,14
2팀,14
화창한,14
화재를,14
찬성하는,14
감독은,14
하셨소,14
퍼졌어,14
퍼즐을,14
딸이니까,14
딸애,14
어디인가,14
어디서도,14
하프,14
갇히게,14
3억,14
300만,14
파일럿이,14
파인애플,14
파이프로,14
딴데로,14
낮고,14
장군님이,14
뻔한데,14
박았어요,14
낭비예요,14
났지만,14
났구나,14
책과,14
책들,14
채워서,14
뺏어갔어,14
빼주세요,14
팬티에,14
뚫렸어,14
뚜껑이,14
애니는,14
매니큐어,14
매달고,14
매를,14
채우려고,14
전해드리겠습니다,14
전한,14
전한다,14
화장품,14
붙이지,14
발라서,14
뛰어나죠,14
뛰어가는,14
시적인,14
간호사들은,14
간호사도,14
잡아먹지,14
책장이,14
호외,14
뿌리가,14
뽑아낼,14
책들은,14
잡자고,14
뼛속까지,14
뼈들이,14
따라요,14
어떤거라도,14
따라선,14
걸음마,14
전해줄래,14
붕괴,14
불평만,14
뛰었어,14
뜨겁다,14
앙투안,14
실수들을,14
내내요,14
뺏지,14
뺐어요,14
뺏어서,14
따분해,14
어딨다고,14
어떠한가,14
걸었죠,14
걸었다,14
호출이,14
호주의,14
호지슨,14
호조,14
잡아놨어,14
잡는다고,14
잡고있어,14
잡겠다고,14
암의,14
암시장에서,14
뜻깊은,14
감방으로,14
잠잘,14
잠자리는,14
내려갈게요,14
내려놔라,14
발사는,14
전화번호도,14
전화만,14
전화요,14
불쾌해,14
확신에,14
페이,14
페리보트,14
따라다니면서,14
어리다고,14
어리석게,14
어렵진,14
매일요,14
시작할게,14
내겠어,14
실망이야,14
검사실,14
시작하라,14
간직해,14
간지,14
한가해,14
팁도,14
알츠하이머에,14
뜻인지는,14
페퍼는,14
페넬로페,14
챙기는,14
바쳤어요,14
바치겠습니다,14
뿐이란,14
바톤,14
어린애처럼,14
전화했더니,14
확보했나,14
확률도,14
불어라,14
절반으로,14
착륙은,14
걱정할거,14
펠나,14
잠재적으로,14
잠재력이,14
감명,14
확보했어,14
차차차,14
차지하게,14
전화했어야,14
전화했었는데,14
내려오라고,14
48분,14
호스,14
호수는,14
잘해주고,14
어머님도,14
학위도,14
맥과이어,14
잘해라,14
잘할거야,14
내렸고,14
사건이에요,14
삐쩍,14
사가,14
뿔이,14
내려줄,14
불법적으로,14
불명료,14
점이다,14
나쁘죠,14
나빴어요,14
점쟁이가,14
점이야,14
굴러가는,14
실종과,14
실적이,14
실수하고,14
착각을,14
점령,14
젊음을,14
절정에,14
절벽에,14
잘생겼어,14
교황께서,14
잘하죠,14
내밀고,14
잘왔어,14
내보내면,14
내버려두는,14
4개가,14
실종됐을,14
시작됐을,14
시작됐네,14
바요,14
내보내지,14
잘못되고,14
내버려두라고,14
잘생겼고,14
발짝도,14
접속해,14
알았다니까요,14
알았네요,14
알았군,14
알아채는,14
하면돼,14
실패야,14
시작인데,14
시작입니다,14
시작이지,14
어색할,14
어벤져스,14
발작은,14
불리우는,14
발코니에서,14
등으로,14
어쩌겠나,14
등급,14
어쩌려고요,14
어쩌다보니,14
어쩌길,14
맥콜씨,14
맥클라렌,14
접촉은,14
정답이,14
정기,14
차에나,14
척하면,14
바쁘거든요,14
사내의,14
어지러워,14
어울리게,14
접속했어,14
접근합니다,14
접근중이다,14
확실,14
나만큼이나,14
나말고,14
나머지가,14
처치할,14
내용의,14
잘렸어요,14
잘라버릴,14
척도,14
바쁩니다,14
파괴를,14
어울려야,14
맹세하지만,14
틈만,14
작년에는,14
작곡가,14
작가야,14
작가님,14
자폭,14
작살을,14
억수로,14
억양,14
어쩔텐가,14
등록증,14
등산,14
겁나지,14
한것처럼,14
내주고,14
펭귄을,14
실행에,14
감사하게도,14
정도인지,14
작업하고,14
간섭을,14
듯이요,14
들판,14
간으로,14
간식을,14
차별,14
불러라,14
불러내서,14
불구로,14
불과한,14
라던지,14
자장가,14
너네한테,14
자택,14
천사여,14
교실로,14
사라짐,14
작동시킬,14
언론은,14
나눴죠,14
나눴지,14
나대신,14
분출,14
확인하십시오,14
확인하라,14
얻죠,14
자잘한,14
나로부터,14
정도라면,14
정당하게,14
굵은,14
발휘해,14
불가능은,14
밟은,14
나는지,14
작별인사는,14
작동해요,14
호라시오,14
호는,14
척의,14
내쫓을,14
작전입니다,14
작정이야,14
한눈,14
너였지,14
바래야죠,14
바람처럼,14
사람들한테는,14
얻었는지,14
틀렸고,14
얼굴인데,14
4번이나,14
자질이,14
언제든지요,14
언쟁을,14
얻는게,14
겁쟁이라고,14
시몬스가,14
한놈을,14
알아보겠습니다,14
말해주겠어요,14
말해야해,14
나눠줄,14
정문을,14
정면을,14
천재예요,14
사람들이다,14
맹세하고,14
2달,14
정보의,14
라이더가,14
알아봐야죠,14
알아볼께,14
알아보시겠어요,14
알아보러,14
넉넉히,14
4학년,14
형수가,14
형수님,14
바란단다,14
사람이구요,14
자외선,14
자연에,14
걱정된다,14
걱정되,14
편입니다,14
정신병원에서,14
정숙,14
천한,14
자신이나,14
넓어서,14
차들은,14
차단할,14
차단하고,14
밟을,14
정신분열증,14
라인에,14
알리샤,14
라이언은,14
들었네요,14
것같아요,14
한껏,14
한국에서,14
시드니가,14
시도해봐,14
자연히,14
너네들은,14
들어주소서,14
얼마간,14
틀리게,14
것보다도,14
것들이다,14
들어왔던,14
들어줄래요,14
들어줘야,14
편이라고,14
괴인,14
첨부터,14
철학,14
바라야죠,14
사람이라고요,14
형제나,14
50명,14
알렸어,14
알려줬지,14
알려줄께,14
하룻밤에,14
하룻밤은,14
감상적인,14
하루카,14
하루하루가,14
너였잖아,14
분수에,14
확인해서,14
확인해야지,14
확인해봐야,14
확인해봤는데,14
찢어져,14
라틴계,14
바둑을,14
사람일까,14
사람입니까,14
형사의,14
50분,14
50세,14
형부,14
형량을,14
얼음은,14
것뿐이지,14
특이점은,14
엄마보다,14
들어오시오,14
간다구요,14
자살했어요,14
자식이라고,14
나가야돼,14
나가봐야,14
정장이,14
정형외과에,14
바라보면,14
바라테온,14
넘겨주고,14
얽히고,14
머리위에,14
들어왔는지,14
나갈수,14
나가주시죠,14
차가워요,14
확인하세요,14
밥의,14
분명하다,14
엄청나고,14
엄마한테서,14
시그루드,14
시간째,14
업계에서,14
넘어지는,14
자막이,14
궁금했는데,14
싫어하잖아요,14
방과후에,14
사랑이었어,14
사랑스럽게,14
사랑만,14
자만이,14
특기가,14
엄청나,14
협조할,14
방대한,14
평가가,14
알려드릴,14
싫었지만,14
말할려고,14
말할까요,14
말할께,14
형들이,14
형광,14
자말과,14
청하러,14
넘어간,14
넘어가고,14
자발적인,14
자백,14
넣었다,14
바뀌었네,14
바꿨죠,14
사랑하던,14
특별해요,14
특성을,14
것이나,14
없겠구나,14
5년을,14
5개의,14
자려무나,14
자랑을,14
자랑스럽다고,14
넣어라,14
협박은,14
자들에,14
넣어도,14
괴롭히려고,14
괴롭혔어,14
체인을,14
바네사를,14
사랑이라면,14
협조하는,14
5도,14
방문객이,14
방망이로,14
북부로,14
부하에게,14
제4의,14
끼어들기,14
머스탱을,14
한둘이,14
없는거에요,14
사랑했지만,14
사랑했는지,14
사랑했다고,14
협력하는,14
협곡을,14
체포하는,14
괜찮잖아요,14
하려나,14
하래요,14
싫잖아,14
거칠고,14
평가할,14
머피를,14
시간낭비야,14
들어가자고,14
부통령님,14
환상적이군,14
환상적이네요,14
26일,14
쯤이야,14
편찮으세요,14
랩은,14
랜슬롯,14
들어보셨어요,14
들어보게,14
업혀,14
들어봤을,14
들어서는,14
들어봐야,14
머시아를,14
머시웨스트,14
들어갈래요,14
없겠는데요,14
먹다가,14
괜찮았을,14
사모님은,14
사망했죠,14
바그다드,14
자극하고,14
자경단원이,14
녀석들도,14
괜찮으신,14
체포하면,14
체포하지,14
네비게이션,14
사마,14
들어갔다고,14
방법일,14
감압,14
감싸는,14
감싼,14
평판,14
평온한,14
승산,14
자궁은,14
제니퍼가,14
제나가,14
제네바에,14
제국에,14
제때에,14
제도,14
찌찌뽕,14
방사능에,14
들어가면서,14
들어가라고,14
없는건가요,14
트루,14
쫓아갈,14
부친이,14
방심하지,14
방식이에요,14
없어지기,14
게이지,14
튈,14
괜찮겠다,14
자겠어,14
잊지말고,14
잊었네,14
잊었네요,14
끝내려고,14
제세동기,14
방사선과,14
방사선과에,14
환자들한테,14
23개,14
슬프네요,14
없었구요,14
네이비,14
없나봐요,14
심박동도,14
제보가,14
끝엔,14
쫓아내려고,14
제안하고,14
끝내요,14
들린다는,14
현상이죠,14
밀이,14
밀어내고,14
투어에,14
들긴,14
들겠지,14
게이터,14
밀폐된,14
사부를,14
사비,14
바가스가,14
잊어라,14
먹어치울,14
투표로,14
없애줄,14
감염될,14
끝날때,14
슬링,14
먹었더니,14
슬론에게,14
사스케는,14
초가,14
있을줄,14
부쩍,14
부종이,14
부족하고,14
평화로워,14
레딩턴,14
럼,14
폐쇄해,14
심스,14
엉망이고,14
노력해서,14
노력하는데,14
있으시군요,14
괜,14
사실이란,14
5층에서,14
있을거라는,14
레오폴드,14
않으셨나요,14
않으셨어,14
가필드,14
가치에,14
한복판에서,14
한사람,14
엉망이라,14
방안을,14
부족은,14
부정맥이,14
부적절하게,14
부재중,14
레이첼은,14
폐의,14
폐쇄합니다,14
먹으라지,14
스푼,14
스펜서는,14
들러리는,14
들라고,14
끝나시면,14
방어선을,14
방어하고,14
사양할게요,14
통화하는,14
듣기로,14
듣고싶지,14
듣기나,14
먼데,14
먼슨,14
스트랜드가,14
쫄쫄이,14
통통한,14
드와이트는,14
노마,14
밀려,14
밀도가,14
믿질,14
사업이야,14
끝나가,14
제작된,14
방장님,14
쫓겨,14
쫓겨나,14
쫑알,14
쫒고,14
쫄아서,14
있으신가,14
있으시잖아요,14
노력한다,14
노래에요,14
심장마비를,14
말하기로,14
부작용은,14
쫄딱,14
있어야할,14
사원을,14
현대판,14
엎드리라고,14
겨를이,14
겨냥해,14
통하면,14
스트릿,14
심장박동,14
환자분께,14
환자분께서,14
먼저가,14
총소리,14
총소리를,14
있었구만,14
있었겠어,14
끌어안고,14
끌어들여,14
끌어들였어,14
져서,14
레즐리,14
포드는,14
심하네요,14
말지어다,14
먼지는,14
6개월이나,14
총알로,14
있었던거죠,14
노숙자가,14
있었더라면,14
투로,14
게임할,14
에밀,14
드물게,14
에스코바에게,14
에밀이,14
포기하진,14
포기하게,14
않았대,14
레지던트도,14
총장님,14
있던거죠,14
논리를,14
있수,14
관한게,14
믿었기,14
에밀리의,14
에미야,14
레지던트로서,14
렉터,14
렌리,14
말자구,14
심하지만,14
심하잖아,14
심하네,14
총통이,14
끌면,14
조국에,14
부수면,14
부수지,14
부서질,14
레티,14
레지던트한테,14
레지던트예요,14
드론은,14
드렸죠,14
가짜였어,14
있는것도,14
있는겁니까,14
최고는,14
사인하면,14
6번째,14
스타킹,14
헷갈려요,14
녹티스,14
있다잖아,14
헬스,14
사이즈는,14
총통의,14
통제실,14
부분이죠,14
배고픈데,14
조사한,14
짱인데,14
귀찮아서,14
귀족이,14
귀엽구나,14
드려야죠,14
조금이나마,14
조브리스트,14
조리,14
조르고,14
조단,14
밭을,14
배경에,14
부브,14
가진건,14
드라이클리닝,14
엔텍,14
있는디,14
있는대로,14
있기로,14
사카키,14
사체를,14
포상금,14
믿겨지지,14
믿겠습니다,14
멈추죠,14
스타랩,14
스타렛,14
스타는,14
한푼도,14
꿰고,14
말이유,14
않는거에요,14
않대요,14
포위하고,14
포위된,14
거인을,14
거일,14
에이브러햄,14
에이씨,14
통치자가,14
에피소드,14
배경으로,14
배고,14
환자한테서,14
끄지,14
놀자고,14
놀이는,14
입좀,14
사탄은,14
사쿠라이,14
72시간,14
놀아야지,14
추가할,14
부모님에,14
규정은,14
짝은,14
짜증나네,14
짜식아,14
입을지,14
놈인,14
놈이네,14
하늘처럼,14
감정과,14
감자튀김을,14
조셉은,14
조약에,14
배니스터,14
배닝,14
부모로서,14
사진입니다,14
놀랄걸,14
최악이죠,14
놀랍습니다,14
최선이,14
최상위,14
관장을,14
관여할,14
한쪽을,14
스케치,14
입은거야,14
임무지,14
입구는,14
농담이었어요,14
스케쥴,14
스캔하고,14
추락했어요,14
삭제할,14
사하라,14
사항에,14
사토,14
드러날,14
드라마가,14
드니까,14
않나봐,14
거울은,14
거였소,14
거였잖아,14
싱어,14
짙은,14
입었죠,14
관계죠,14
최후통첩을,14
관뒀어요,14
관람,14
관리자가,14
조종사를,14
배신하게,14
포화도가,14
폭,14
멋지더라,14
가지기,14
할거니까,14
여기입니다,14
톰이랑,14
톰킨스,14
견뎌야,14
견디겠어,14
황량한,14
농부의,14
농사,14
임신했을,14
임상실험에,14
여겨지는,14
여관,14
듀란의,14
조합이,14
조카딸을,14
꾸지마,14
부르나,14
부르기로,14
부르겠습니다,14
존스는,14
존경할,14
스캐닝,14
엠벌리,14
통보,14
스카치를,14
스카이다이빙,14
여기서의,14
꾸릴,14
조화를,14
여사가,14
추천서를,14
놓았어,14
잃어버렸다고,14
읽으려고,14
토토,14
토요일은,14
뒤져봤는데,14
헥터가,14
헤치며,14
높이가,14
임무에서,14
관계의,14
산타를,14
산책하러,14
산소포화도는,14
짓이라는,14
그거랑은,14
스승님이,14
놓아야,14
놓는게,14
높일,14
잃었잖아,14
살겠다고,14
앉아봐요,14
로봇들이,14
거액의,14
거액을,14
포틀리,14
감춘,14
싶냐고,14
감정으로,14
여성분,14
그거잖아,14
배우자가,14
부근에서,14
부국장,14
싶어한다,14
싶어하는데,14
안했으면,14
살리려는,14
뒤뜰에,14
여러분들과,14
여러가지로,14
뒀다,14
견해는,14
멍청하다는,14
메뉴에,14
그거잖아요,14
좀봐,14
종소리가,14
그것과는,14
놔도,14
일행,14
일항,14
헤비급,14
뒤쪽에서,14
꽁무니,14
졸라야,14
꽃으로,14
꽃미남,14
부러뜨리고,14
부랑자,14
부도덕한,14
춘향이,14
과장으로,14
미안하지,14
일지,14
뒀는데,14
뒀는지,14
여분,14
토레스한테,14
헤이미치,14
87번,14
헤엄,14
헤어지기,14
일하시는,14
과제는,14
추정됩니다,14
일일까,14
메데인의,14
일주일을,14
일주일도,14
일정에,14
누가봐도,14
놨죠,14
일하니까,14
일하는거,14
폭발하기,14
말씀하십시오,14
싶다네,14
감탄할,14
로맨틱하지,14
앉았다,14
뵙도록,14
슈퍼마켓에서,14
쉬리,14
두셨어요,14
일이군요,14
헤매는,14
헛소리예요,14
헛소릴,14
헛소리가,14
여왕님의,14
두통을,14
할껄,14
할건가요,14
누구로,14
누구인지를,14
미스트,14
누구게,14
출산이,14
안티아,14
안테나가,14
안토니,14
폭력성을,14
로션,14
하나인데,14
말씀하셨던,14
둘거야,14
슈퍼맨을,14
슈퍼마켓,14
꼬실,14
좆이,14
그것보다는,14
배웠나,14
배웠고,14
배웅해,14
두잔,14
두어야,14
두시오,14
쉘리,14
봤냐고,14
록산,14
로키의,14
안전해질,14
배정,14
배제,14
집에요,14
좋아진,14
좋아보이는데,14
충돌에,14
살인자들,14
여자애와,14
말씀인가요,14
좋나,14
껀,14
꺼지면,14
좋겠고,14
좋단다,14
좋답니다,14
집중력을,14
여자들에,14
여자는요,14
일어서서,14
과거일,14
과격하게,14
살이죠,14
결말,14
메리-앤,14
여자친구의,14
결정되는,14
텍사스로,14
눈부시게,14
일부분이,14
일부분은,14
8주,14
미래와,14
살펴보라고,14
춥다,14
일어나선,14
눈깔,14
눈가리개,14
일어나렴,14
일어나는데,14
여자친구와,14
말씀에,14
로스와,14
깼다,14
미로의,14
미루는,14
살해당하기,14
살펴볼게요,14
살펴보는,14
안전하죠,14
로져,14
로잘리,14
로이가,14
로이스가,14
로우,14
안쪽에서,14
말씀이군요,14
일등석,14
공주처럼,14
공중으로,14
일본이,14
일본을,14
일말의,14
뉘,14
미라나,14
갔겠지,14
싶었단다,14
싶었네,14
멜리사는,14
멘트,14
됨,14
연구소를,14
눕힐,14
공포영화,14
미뤄야,14
깨우는,14
깨어보니,14
안에서요,14
루가,14
안전하다는,14
거부를,14
미란다의,14
살해했다고,14
역사와,14
메이웨더,14
숨으려고,14
숨어있을,14
숨쉬어요,14
연결해야,14
멕시코의,14
멕시코인,14
메트로폴리스,14
메헤라,14
메타돈,14
갔는데요,14
갔는지는,14
폭발하면,14
할아버질,14
느꼈고,14
느껴지니,14
미꾸라지,14
샀고,14
삽을,14
삼키고,14
두개내압이,14
좋으실,14
봉합이,14
안아주고,14
안쓰고,14
안부나,14
안보이네,14
싶은거죠,14
숨결,14
미디어'의,14
삼지,14
헐크,14
공통점을,14
일상이,14
일부예요,14
좋았겠죠,14
좋아했으면,14
연구해,14
연구에서,14
연구실은,14
인재가,14
뮌헨,14
상관을,14
9번을,14
취소야,14
미국인들,14
느껴졌다,14
느껴봐요,14
연고,14
연결합니다,14
결정했고,14
테러에,14
테러로,14
봉,14
볼티모어,14
볼을,14
밴드에서,14
깔아,14
느끼는게,14
인턴이잖아,14
인턴의,14
안이야,14
롤라를,14
백인을,14
백이,14
좋을지도,14
집도할,14
좌표가,14
좋지도,14
연락해봐,14
결혼으로,14
결혼의,14
늘려,14
인생이지,14
인상적이군요,14
허그,14
상당수가,14
싸우기도,14
싸면,14
말려요,14
싸그리,14
싸돌아,14
순서,14
순결한,14
순간이다,14
1분이라도,14
후계자를,14
후계자,14
짐승은,14
루시스의,14
안된다구,14
안보,14
폴닥이,14
취미로,14
인터뷰에,14
연기로,14
술병,14
순회,14
숟가락,14
백조의,14
볼려고,14
면밀히,14
며칠이면,14
주님과,14
주는군,14
주니,14
뱉어내,14
본능적인,14
본다고요,14
되있어요,14
연세가,14
연말,14
연루되어,14
면에선,14
인사하러,14
상대방의,14
연락하면,14
그동안은,14
본사,14
주께,14
질투심이,14
질투의,14
주더라,14
턴,14
터틀,14
뭘하는지,14
미구엘,14
인순이,14
인조,14
말빈,14
까먹을,14
죄악에,14
짐싸서,14
열려서,14
되어가나,14
인간성이,14
열려라,14
되었구나,14
되었군요,14
되서요,14
열렬히,14
치과에,14
공에,14
공식적으론,14
층은,14
되었을때,14
되었습니까,14
결혼하려고,14
멸종을,14
싸우면서,14
싸우는지,14
갔대,14
갔다와,14
질환이,14
그들에게는,14
늙어가고,14
인데요,14
버락,14
거리도,14
안되니,14
안되는군,14
루트,14
루츠,14
루카스가,14
말랐어,14
인간보다,14
인간들과,14
늦었구나,14
늦었군요,14
택배,14
태치,14
니그마,14
행위가,14
명심하고,14
치라고,14
치는데,14
익숙해져,14
이혼도,14
상업용으로,14
상실감을,14
뭐하는거요,14
1대,14
안됐잖아,14
룰이,14
싸움으로,14
싸울때,14
안되거든,14
그라면,14
명심하게,14
명단에서,14
수행하고,14
열쇠로,14
인도로,14
주말마다,14
길이의,14
복합,14
후보자,14
이틀이,14
寃,14
명상을,14
되는줄,14
염소랑,14
공기와,14
뭐겠어요,14
엿보는,14
리더야,14
룸서비스,14
표현의,14
태아가,14
상태라서,14
치료한,14
이탈리안,14
이타심,14
긴장해,14
후방에,14
버려져,14
복을,14
표정인데,14
표식이,14
안내할게요,14
안났어,14
행운이지,14
상인,14
되더라고요,14
되니깐,14
열었고,14
그때랑,14
그딴식으로,14
질병은,14
치솟고,14
치이,14
이유와,14
물이야,14
상황이라면,14
상황으로,14
다니다가,14
치프도,14
이자의,14
치우면,14
됐음,14
영군아,14
됐다니,14
경고했잖아,14
명이라고,14
수용소로,14
주쇼,14
악마처럼,14
안그랬어,14
안과,14
안괜찮아,14
안경은,14
악화시키지,14
악취를,14
되는거고,14
영광이오,14
되겠구만,14
태우면,14
거래의,14
복원,14
버리진,14
주식이,14
수아레즈,14
다리만,14
새삼스럽게,14
새로운걸,14
물어봤죠,14
물어서,14
돼서야,14
옆방,14
치자고,14
탔습니다,14
탔을,14
돼지처럼,14
영역이,14
명희,14
명함을,14
명한다,14
기타가,14
주신다고,14
질문들에,14
주이소,14
이웃의,14
다루는지,14
행복한지,14
공구,14
치킨이야,14
다녀와서,14
다녀오셨어요,14
다녀서,14
강가에서,14
하고나면,14
싹을,14
질문이죠,14
다를까,14
다른데로,14
이야기들,14
친다고,14
공간으로,14
친구였는데,14
다섯째,14
다수,14
동일합니다,14
가관이네,14
다리아랑,14
다름없죠,14
행동한,14
물어봐야지,14
물어볼께,14
새출발,14
기장입니다,14
후지카와상의,14
버뱅크,14
보험회사,14
악기를,14
리코는,14
표현이야,14
많은가,14
동쪽의,14
영화로,14
돼가나,14
가져야지,14
새댁,14
이온,14
주장할,14
주장에,14
다음부터는,14
다이아나가,14
샐러드를,14
샌든씨,14
이상인,14
수술실도,14
동원해서,14
예쁘잖아,14
죽느냐,14
기억한다면,14
그랬다니까,14
진초밥,14
진탕,14
진짜일,14
이빨도,14
이비가,14
기자들을,14
보질,14
보충,14
보좌관,14
보잘것없는,14
진행한다,14
그랬다고요,14
그랬고요,14
이상한걸,14
옆자리에,14
경민아,14
경로가,14
예민하게,14
예루살렘은,14
동족을,14
기자야,14
탐욕과,14
탐색,14
모니카는,14
수상님,14
다쳤는데,14
이벤트를,14
이별을,14
물러설,14
아파트도,14
친절히,14
생각나지,14
생각난다,14
행동과,14
예에,14
경비원은,14
탐지기,14
많았네,14
많았거든요,14
많아도,14
써져,14
써주는,14
악당이나,14
악독한,14
릭의,14
탐사를,14
동안이나요,14
동안에요,14
보자는,14
훈련할,14
리치몬드,14
리처드슨,14
리처드의,14
물러나게,14
오게나,14
탈출해,14
탈장이,14
탈레반이,14
탄토,14
오기만,14
동무들은,14
진짜는,14
진정하자,14
기어이,14
기어코,14
다치셨어요,14
이모도,14
다하죠,14
가까워지면,14
아프리카의,14
리허설은,14
아프구나,14
아프가니스탄에,14
많겠지,14
죽어선,14
버틴,14
버튼의,14
생각이구나,14
물리적인,14
이브를,14
이분들,14
탄생한,14
옛날로,14
예측하기,14
모델이야,14
다할게,14
침공이,14
곳만,14
곳에도,14
다치진,14
가너,14
가난하게,14
닥터의,14
곰곰이,14
침대보를,14
이름이라도,14
닥치게,14
물건이요,14
했잖습니까,14
가깝다고,14
가까워졌어,14
품위가,14
림프,14
아티스트들을,14
아타,14
아쿠아리움,14
아케디아,14
쏜월드가,14
만하네,14
동무를,14
모듈을,14
수명이,14
죽여달라고,14
보이며,14
1971년,14
마그네슘,14
품을,14
이런말을,14
생각하다니,14
가냐고,14
가져가라,14
돕기위해,14
오라버니가,14
오렌지색,14
진심인가,14
아저씨야,14
아이패드,14
쏟아지는,14
강요한,14
기사님,14
묻혔어,14
골치아픈,14
이렇습니다,14
타키가,14
타키는,14
타투,14
기술자가,14
죽은건,14
죽였잖아요,14
보육원,14
만찬,14
닥터한이,14
닥터는,14
생각하냐고,14
침실이,14
모랄레스,14
오늘밤을,14
오노다,14
동굴로,14
가는거예요,14
했던건데,14
오른쪽은,14
돌은,14
돌아왔을때,14
돌아왔잖아,14
돌아올께요,14
쇄골,14
타이의,14
수감,14
가정의,14
가정부,14
항성,14
항복할,14
항문,14
문합을,14
아이였어,14
생각할까요,14
생각하시는군요,14
모르겠거든요,14
오른손,14
오로라를,14
경쟁하는,14
경쟁할,14
기쁘고,14
번키를,14
휘트모어,14
1939년,14
쓰러,14
아이디어였어,14
프란시스코,14
아이입니다,14
오버하는,14
송이,14
송아지,14
솜씨는,14
솔직해,14
오셨구만,14
타이머,14
타이밍을,14
준게,14
기반을,14
카밀라가,14
카미하마시,14
이까지,14
이긴다고,14
돌아오셨네요,14
돌아오마,14
닫히고,14
닫아라,14
이동무,14
쓰거든,14
기분좋은,14
죽이는걸,14
벌떡,14
준다니까,14
이래선,14
생각했단다,14
이냐치오,14
이네,14
문제잖아요,14
생각해줘,14
이단,14
달걀이,14
달아서,14
이거놔,14
닮았네요,14
이거였어,14
달전에,14
생기기도,14
생겼을까,14
생겼지만,14
카일은,14
카일을,14
달려라,14
이겨요,14
이겠지,14
이겨내,14
했다면서요,14
카바야,14
그러자면,14
손톱으로,14
손이야,14
해결이,14
가장자리에,14
가능한데,14
이것때문에,14
고향이야,14
경찰관님,14
준거에요,14
벌어지면,14
아실겁니다,14
프랑스인,14
만을,14
쓰러지는,14
그러지요,14
오십니다,14
오실거야,14
돌아가야만,14
타운에,14
타우리엘,14
가있는,14
손안에,14
손수건을,14
쓰레기통을,14
쓰레기에,14
보았던,14
카페테리아,14
가더라고,14
생략합니다,14
문자에,14
오역이,14
기뢰들이,14
기록으로,14
준비하는데,14
준비에,14
필요했는데,14
마법과,14
마비된,14
쓰시나요,14
했다가,14
가능합니까,14
타이를,14
오스왈드는,14
오셨잖아요,14
돌아오겠죠,14
진로를,14
기뢰,14
경쾌한,14
경찰인,14
오프라,14
해고를,14
해결해요,14
해결할거야,14
담당의가,14
담당이고,14
휴일,14
기도하지,14
아빠하고,14
개지,14
만들었잖아요,14
만들었소,14
문만,14
생물의,14
타메오,14
타렴,14
칼날이,14
줄고,14
기둥에,14
기둥을,14
줄거라고,14
흉관,14
의심가는,14
캐나다로,14
담낭,14
의역이,14
오카다,14
돌아가면서,14
오작동,14
오코넬씨,14
샤넬,14
생존자들은,14
당나귀,14
캐리는,14
해결하려,14
온건데,14
온거고,14
옥스퍼드,14
그런거요,14
기대할게,14
줄리안이,14
벌컨,14
보스야,14
줄이면,14
의무라고,14
의료진이,14
가득하죠,14
햇볕을,14
칼슘,14
칼리오피,14
칼라마,14
의식도,14
진다고,14
진군하고,14
고치는데,14
고치라고,14
의미해,14
의미에요,14
의미없는,14
의사라는,14
당겨봐,14
했건,14
올때,14
모양도,14
모았어,14
속옷이,14
속여서,14
속에도,14
킹스랜딩의,14
중개인,14
샴푸,14
샤일라,14
샤피로,14
샤이니,14
캐라,14
돌려보내야,14
온몸으로,14
온다니까,14
흐리게,14
흐를,14
기다릴까요,14
마셨다,14
만들었군요,14
쓰진,14
고추가,14
무책임하고,14
오호라,14
오해하진,14
모실게요,14
모시죠,14
직원들의,14
보수를,14
흑사병,14
흑사병이,14
당신부터,14
응당,14
당했던,14
은행업무,14
음모의,14
음료수를,14
서명할,14
킹스랜딩,14
핸들,14
음식이야,14
응괴를,14
당신일,14
당신이란,14
고정시켜,14
고전,14
무전으로,14
기다리기만,14
기다리느라,14
기다렸는지,14
기다려줄래,14
중요하다면,14
중요하잖아,14
올려주세요,14
올렸다,14
기대치를,14
중독은,14
범죄현장에서,14
범죄자들이,14
보살필,14
그런짓,14
중에도,14
기다리기로,14
소행성,14
해낼거야,14
해낼수,14
해냈군,14
독일인들이,14
올리비아는,14
기다려보자,14
흔들며,14
씨께,14
강하다는,14
무언가의,14
서문도,14
캠프는,14
은퇴하고,14
돈이라면,14
소피아의,14
흘러가지,14
아버지다,14
플랫,14
플래티넘,14
아브라함은,14
아벨은,14
아버지예요,14
만들어졌어,14
킴버,14
킴이,14
속았어,14
속마음을,14
모욕,14
그런줄,14
그런지는,14
흘러도,14
유지해야,14
유지한다,14
고유의,14
커졌어,14
석방하라,14
서장,14
올렸습니다,14
돈벌이가,14
유효해,14
유형의,14
유해,14
유출은,14
해파리,14
닿은,14
닻을,14
율리우스,14
만들수도,14
씹어,14
씨앗이,14
아버지로부터,14
소풍을,14
모자에,14
소통이,14
소지품을,14
보라지,14
보란,14
보든,14
법원의,14
중이랍니다,14
지휘하는,14
마약상이,14
마씨,14
소용없다,14
유망한,14
대답했어,14
유령처럼,14
해체,14
무섭죠,14
옷에서,14
도착했네,14
섞여서,14
무시하세요,14
커밍아웃을,14
유지되고,14
옳았다,14
킬러가,14
모킹제이,14
소유가,14
지혜,14
지혜가,14
지하철에서,14
유산은,14
유사한,14
대답해라,14
선두,14
무슨뜻인지,14
돈으론,14
소피는,14
보드민,14
벗겨줘,14
벗어나요,14
줘야해요,14
기계와,14
줬나,14
무서워하지마,14
무서움은,14
선생님께선,14
선배도,14
가로등,14
유령이라,14
컨설팅,14
유방,14
플루토,14
만들어봐,14
플라즈마,14
급속,14
목격자들이,14
유대감을,14
유기,14
유감입니다만,14
보너스를,14
흡혈귀,14
흠이,14
아멜리,14
마이어스,14
아무와도,14
마우스,14
피검사,14
와야겠어,14
와있어요,14
키우게,14
계셨던,14
소식통에,14
그럴필요,14
벗겨지고,14
보는거지,14
완료되면,14
왔겠어,14
키루바라,14
계속하자,14
위험했어,14
해줘야죠,14
해줄까요,14
소속입니다,14
고아원에,14
컴퓨터의,14
윗층,14
무사했구나,14
선생님이라고,14
해놔,14
완벽할,14
완료됐습니다,14
그렇겠지만,14
벗으세요,14
베가스에,14
마이클이야,14
아그네스가,14
갖고있는,14
필요하시다면,14
컵케이크,14
유모차,14
유명해,14
금화,14
쥐의,14
줬지만,14
줬으니까,14
금지입니다,14
금주,14
위해서만,14
대사의,14
무릎도,14
무리하지,14
무리로,14
위험성이,14
고속도로로,14
고속도로에,14
금고에서,14
금단,14
증상에,14
보내졌어요,14
해두자,14
가십니까,14
대수롭지,14
위치하고,14
개복,14
즐겨야,14
지키면,14
그렇대,14
그렇대도,14
지키는데,14
보낼까,14
보낸건,14
도왔지,14
도와줘야해,14
소설의,14
소방,14
목숨까지,14
목숨에,14
윌라,14
개방성,14
대신하여,14
계시가,14
계시,14
클리닉은,14
클럽으로,14
도와주라고,14
목숨으로,14
목소리야,14
케이지는,14
고생하는,14
고비를,14
무례를,14
무례하고,14
무력한,14
선택입니다,14
대안은,14
아랍,14
아나톨리,14
아껴서,14
만든거,14
만드셨다,14
만드는거지,14
아기요,14
피고를,14
고생했어,14
컨퍼런스,14
위협한,14
대본대로,14
보내셨어요,14
베리티를,14
글로리아와,14
글로버,14
해당되는,14
도와야죠,14
도와라,14
클레오파트라가,14
해답은,14
무너졌어요,14
설득해야,14
설득하려고,14
지금이지,14
웬일로,14
대처하는,14
대장의,14
위야,14
위성에,14
대주교,14
가르쳤어요,14
지켜주세요,14
보내겠습니다,14
12명이,14
12개,14
12년동안,14
지켜보기만,14
지금과,14
지경까지,14
해둬,14
아리따운,14
글로리아를,14
증언할,14
글렀어,14
글러브스,14
지갑도,14
그렇지만은,14
웨이터가,14
웨스가,14
무는,14
무늬가,14
원했는지,14
원한다면요,14
고모가,14
섬에는,14
필요없고,14
보그는,14
소량의,14
고민할,14
무너져서,14
설립자,14
웬델,14
웬만하면,14
보내거나,14
베쓰가,14
보기라도,14
개들을,14
개똥,14
만났었어,14
필요없을,14
필요에,14
위대함을,14
왕으로서,14
도쉬,14
왕자에게,14
목장을,14
위는,14
위기의,14
지금을,14
도리를,14
소금이,14
소나무,14
소개해줄게,14
소개하고,14
소개하는,14
도달하면,14
요거트,14
근거한,14
마찬가집니다,14
피부도,14
마지막이라고,14
성과,14
성공하고,14
성공하길,14
대항하여,14
켜놓고,14
섰습니다,14
섭씨,14
도망가라고,14
외과의예요,14
소니,14
해보겠습니다,14
근심이,14
케일,14
케이프,14
도망치려,14
도망만,14
외계인과,14
큰일날,14
큰소리로,14
고맙긴요,14
가설을,14
코너에서,14
고르게,14
코요테,14
댔어,14
성별,14
댈러스,14
댄스파티에,14
지냈습니다,14
가면은,14
크리크,14
계획으로,14
크리시,14
요나,14
도둑들이,14
셰프,14
지내라,14
그후로,14
희망이에요,14
보고싶다고,14
베일리요,14
지당하신,14
지노,14
그저께,14
대함,14
원하기,14
원하나요,14
희생자들의,14
희생자들이,14
희생으로,14
지켜내야,14
그레이한테,14
움직이네요,14
움직여봐,14
덕이죠,14
움직임도,14
움직임에,14
해봤고,14
운전수,14
고려해서,14
몰린,14
울지도,14
울었지,14
울보,14
못한다구요,14
성직자,14
성전환,14
못해서요,14
보게되면,14
보거든요,14
지지하지,14
같잖은,14
피어스는,14
마커스가,14
마취에서,14
해보시죠,14
댄스파티,14
코스모,14
못했거든요,14
가명을,14
보고된,14
보겠죠,14
베티가,14
베타,14
운전대를,14
못하기,14
세계대전,14
세개의,14
성희롱,14
셋의,14
계획이었어,14
요청은,14
아니었잖아요,14
막기위해,14
같은지,14
같음,14
같은거지,14
섹시하다,14
해야겠지만,14
코피가,14
요리에,14
만남에,14
만남은,14
지랄하네,14
지라도,14
벤에게,14
벡이,14
벨소리,14
고등학교로,14
고등학생,14
못하세요,14
가버렸지,14
가방도,14
울렸어,14
요새에서,14
도구는,14
막이,14
100명의,14
100피트,14
100야드,14
같았거든요,14
별건,14
변했고,14
별로지만,14
벼룩,14
병명이,14
막아줘요,14
만나볼,14
만나던,14
피타가,14
같아보여,14
변했다,14
세일즈,14
세션,14
못잤어,14
그리니치,14
병사와,14
병사들의,14
벽과,14
벼락,14
우르르,14
쿠키도,14
쿠션,14
고객에게,14
우리들처럼,14
우리나라를,14
우리같이,14
못가서,14
얘기라면,14
떠나셔야,14
화나는,14
화나신,14
3가지,14
저질러,14
날려버려,14
약점이야,14
저주에,14
저주의,14
저장해,14
저작권,14
창의적인,14
받아낼,14
약속하면,14
패들을,14
날거야,14
적군,14
비슷한데,14
받아와,14
약들을,14
약과,14
망할놈의,14
팔리고,14
별로에요,14
10명,14
10년이나,14
아니라니,14
하시잖아요,14
신부님도,14
비유를,14
저한테만,14
맥브라이드,13
변했습니다,13
007이라고,13
시작하네요,13
힘내자호빵,13
시작해보자,13
매일매일이,13
변호사들,13
변함,13
힘들거든,13
힘들구나,13
흥분했어,13
시켜주고,13
맡을께,13
시키기,13
시켰는데,13
흥미롭게,13
식량은,13
흥분하고,13
흥분해,13
12년간,13
좋아할지,13
11년,13
까나리야,13
꺼줄래,13
껍데기가,13
믿지마,13
꺼내주세요,13
좋아보인다,13
사실이잖아요,13
깎아,13
사업차,13
좋더군요,13
좋아지면,13
종신형을,13
종말,13
좋아하겠군,13
좋아지기,13
꺼내봐,13
맞춰볼까,13
시신에서,13
시스템으로,13
신경쇠약에,13
맹세할,13
맞추지,13
변명할,13
별로라고,13
맡을거야,13
12시에,13
변신하고,13
꼭대기에서,13
꼬셔,13
김정은은,13
꼬시려고,13
주까지,13
깃털이,13
김정은의,13
주니어가,13
주는건,13
껴안는,13
사우나,13
사용한다면,13
존에,13
존재하는지도,13
꽂으면,13
주랴,13
주디스를,13
좀비들을,13
졸업할,13
사생아,13
사부의,13
사용해야,13
길이었어,13
길이었어요,13
조항,13
주둥이를,13
사상자를,13
신고한,13
맞추려고,13
맞을지,13
맞이,13
신께서는,13
14번,13
신나라,13
별일도,13
15살에,13
흑인은,13
식염수를,13
시신과,13
시베리아,13
맞서지,13
길이다,13
꾸준한,13
꾹,13
긴장감,13
사이렌이,13
길의,13
꽃이야,13
길어서,13
길어질,13
주무시고,13
주무실,13
길렀어,13
존슨이,13
휴일을,13
휴전을,13
신분으로,13
맞는다,13
신부도,13
신부님과,13
신사답게,13
휴우,13
병동으로,13
흄,13
16살이,13
망쳐놓은,13
별일이,13
별별,13
별에,13
신두의,13
신세로,13
시드니는,13
사법,13
꿈이죠,13
조정하는,13
주소도,13
사이에선,13
꿇게,13
바가지를,13
기회의,13
끊게,13
기한이,13
주시옵소서,13
망상,13
시멘트에,13
시모네,13
시련을,13
망쳤고,13
맺을,13
1952년,13
신비의,13
18살이에요,13
끈이,13
믿는건,13
사자死者를,13
기증자는,13
조작된,13
조작해서,13
주의깊게,13
꿰맬,13
끊어졌어,13
조심할,13
꿰매,13
꿈인,13
조와,13
끊어져,13
조만간에,13
조력자,13
기자로,13
사망하고,13
사망시간,13
주인한테,13
기적이라고,13
조사해서,13
기자는,13
바꾸죠,13
주차장으로,13
끊었죠,13
사제가,13
조상들이,13
신중해야,13
신청하는,13
신청한,13
신지,13
1974년,13
망나니,13
시대로,13
시덥잖은,13
실망시켜,13
실마리를,13
시도였어,13
말했을텐데,13
병원과,13
병원에는,13
1982년,13
후회해,13
훔쳐요,13
실망시킨,13
맛만,13
시도한,13
끊이지,13
사줬어요,13
조국과,13
기온이,13
사막은,13
조그만한,13
조금밖에,13
믿겠다면,13
바꾸어,13
주치의고,13
죽기는,13
사제의,13
믿겨지지가,13
믿겠다,13
1백,13
19세기,13
말했잖소,13
실망했다,13
실수에요,13
머리속이,13
머리야,13
말했으니까,13
말했었나,13
실수였지,13
실수입니다,13
19번,13
후지카와,13
후원자,13
1년이나,13
맛있고,13
시너지,13
말했다구요,13
말했겠지,13
실습을,13
제정신으로,13
끝났다구요,13
사촌의,13
민주주의,13
죽었다가,13
죽었기,13
제인은,13
끝나길,13
져요,13
끔찍했지,13
죽어가는데,13
제시카는,13
제이라,13
젠슨,13
말해보시죠,13
시나,13
머릿결,13
시끄럽지,13
실패했다는,13
실패하는,13
회복은,13
실험적인,13
머무르지,13
말한적,13
병적인,13
벤저민,13
회복되지,13
맘보,13
말했으니,13
효진이,13
효과도,13
말함,13
끝내야지,13
끝내야겠어,13
제압할,13
제안하지,13
제시한,13
사랑하지도,13
사랑한다구요,13
제우스,13
제우스의,13
민주당,13
민우씨,13
제레미를,13
죽여줬어,13
죽였거든,13
죽였군,13
심리적,13
시궁창,13
환자인데,13
심리학,13
활활,13
회로,13
말하시는,13
말해줘봐,13
말해주러,13
말하지는,13
말하듯이,13
심리적인,13
사탄을,13
끝낼수,13
사형이,13
믹스,13
끝에는,13
죽였다면,13
죽였단,13
끝이네,13
사항,13
죽음이다,13
죽였다고요,13
죽은거,13
제거하게,13
기술자들이,13
죽였네,13
죽을걸,13
죽으면서,13
말하는구나,13
말하는대로,13
심술,13
심장까지,13
심전도는,13
심장이야,13
말콤은,13
심하군,13
보겠나,13
환자인,13
베타딘,13
말할것도,13
말투를,13
심하잖아요,13
사랑하고요,13
정하면,13
나가는걸,13
제거반,13
제거술을,13
끼친,13
바뀌었을,13
죽음보다,13
죽이는거야,13
죽이는군,13
제닌,13
끼워줄,13
끼워줘요,13
산과,13
끝장이에요,13
나가야겠다,13
나가야겠어요,13
제기할,13
제니와,13
환불,13
25살,13
심합니다,13
말인지는,13
시간대에,13
시간들이,13
시간대가,13
29세,13
확인하라고,13
보고타,13
2년전,13
2개나,13
먹겠다,13
확인했죠,13
환자들과,13
22시,13
십자가가,13
싶다는데,13
나가시오,13
미합중국의,13
미해결,13
정책은,13
정철민,13
기본이,13
준비됐고,13
산악,13
미친짓이에요,13
준비만,13
준비됐는지,13
정하자,13
미혼,13
산도,13
싶어했잖아,13
베이킹,13
싶다며,13
싶단다,13
싶습니다만,13
싶던,13
보고하도록,13
승리한,13
말씀드렸죠,13
말썽이야,13
확인됐어,13
2배로,13
2마일,13
말리아,13
기대할게요,13
기대되는군,13
사람중,13
준태,13
산모는,13
정신의,13
정원사,13
기록에서,13
사랑스러워요,13
정보만,13
바닥으로,13
바닥의,13
나갔네,13
싶잖아요,13
말랄라가,13
싸우긴,13
말려야,13
보급품을,13
말랄라,13
말고는요,13
쌍의,13
보급선,13
2의,13
확신한다,13
정보들이,13
정보라도,13
산업의,13
줄리엣은,13
나눠주는,13
정보원에,13
정보원은,13
나누죠,13
정보들을,13
나나카가,13
정부로부터,13
나눴던,13
기독교인,13
기도해야,13
기도해주소서,13
기도만,13
기다릴래,13
정규,13
미쳤죠,13
정답이야,13
나리는,13
기대서,13
기대감이,13
정리하면,13
중립,13
중력에,13
기다리시오,13
중심은,13
정도였어요,13
정도로는,13
정도였어,13
정리했어요,13
승,13
승강기,13
30분마다,13
써야겠다,13
썩어가는,13
썩어빠진,13
쏘는거야,13
많다고요,13
화면으로,13
화상이,13
화물칸,13
30세,13
보관할,13
30분이나,13
많겠지만,13
습격한,13
썼니,13
많단,13
쏘지마요,13
만졌어요,13
홍콩에서,13
화났구나,13
화나고,13
베이글,13
만지지도,13
쐈잖아,13
쓰길,13
많아야,13
쓰러지기,13
쓰레기라고,13
만져보고,13
만들지도,13
쓰시는,13
기다렸던,13
나사는,13
점령한,13
점령할,13
나빴어,13
사람이었다,13
바라테온의,13
기다리겠어,13
중이고요,13
중요한거죠,13
사람이군,13
나쁘지는,13
살려두고,13
살려두는,13
미쳤고,13
점이에요,13
쓴단,13
만들었다면,13
만들었네요,13
3일전에,13
3월에,13
씌운,13
3년이나,13
홀을,13
보내다니,13
쏴버릴,13
씁시다,13
쓸모없고,13
만들어져,13
중추,13
절로,13
절망을,13
살려주는,13
절인,13
살려두지,13
기꺼이요,13
기나긴,13
중환자실,13
점만,13
기관사가,13
기계들이,13
전화해라,13
전화해볼게요,13
살려줘야,13
살려요,13
나쁜놈들,13
나쁜놈들이,13
사람에게만,13
살아가면서,13
나약하고,13
전화왔어요,13
전화해야겠어,13
전화해줘서,13
쥘,13
나약해,13
전화했지,13
나셨네,13
긍께,13
급,13
바로우가,13
바랬다,13
나오셨어요,13
미워하게,13
급속도로,13
절망적이고,13
보내십시오,13
보내려,13
씨벌,13
씻어야,13
만들어라,13
만들던,13
혼돈의,13
스티븐스요,13
혼란스럽고,13
만들기를,13
쓸까,13
만들겠어,13
만들거든요,13
만든다면,13
먹진,13
스티븐스와,13
만났잖아,13
만드세요,13
만드는거죠,13
아껴요,13
아끼던,13
보내주는,13
보내주마,13
만났다는,13
아내분을,13
만남의,13
만남이,13
만들면서,13
호화,13
40명의,13
호출할,13
살생을,13
살림을,13
증거에,13
증거에요,13
사라진거야,13
전해야,13
나오더라,13
전화왔어,13
전화로는,13
바로잡기,13
바랬지만,13
즐겨야지,13
바르는,13
나왔으면,13
나왔다는,13
나올게요,13
살아남았고,13
전통입니다,13
전하라,13
전하라고,13
전하려고,13
증상도,13
미운,13
전하와,13
전하께,13
살아오면서,13
살아왔어요,13
금액이,13
사라지길,13
사라지죠,13
만나실,13
만나봐야,13
베니스,13
호카게,13
4명은,13
스트레스는,13
아누비스의,13
아늑한,13
만나야지,13
보내줬어,13
스튜디오를,13
베게,13
호빗,13
호르몬을,13
금방이라도,13
전송해,13
나이일,13
살아있나,13
전염병을,13
금붕어,13
글씨를,13
나으니까,13
나왔으니까,13
지겹게,13
지내다가,13
지내던,13
전이었지,13
전이고,13
호스트들은,13
만나는데,13
막장,13
막중한,13
막아야해,13
형사님을,13
55세,13
형벌을,13
500만,13
먹혔어,13
형이라고,13
4시까지,13
4분의,13
형제도,13
극복하기,13
극복하는,13
지내다,13
지급,13
지내기,13
지구에도,13
지구에서는,13
지구상,13
전사로,13
나있어,13
근심,13
전문가들,13
지나가면서,13
나이프를,13
살아있어야,13
살아있었어,13
미아는,13
5살이야,13
5분도,13
아니였다,13
막대기가,13
마흔,13
마틴을,13
혈통,13
혈전이,13
마크홀릭,13
마쳤어요,13
협력,13
벗어서,13
스튜어트는,13
멀다,13
아닐텐데요,13
아닐지라도,13
아닐거라고,13
살아있음을,13
전문가에게,13
전문가들을,13
전문가들이,13
나치의,13
나침반을,13
극한의,13
전부인가요,13
전부죠,13
전보가,13
미스테리,13
극복해,13
그편이,13
지나치지,13
지나쳐요,13
보냈지만,13
보는거에요,13
아델을,13
아덴,13
마침표,13
마지막일,13
법칙에,13
5억,13
현재로서는,13
5주년,13
혈액은,13
보는데요,13
아들이죠,13
아들인가,13
아닌가봐,13
아래까지,13
마주하게,13
마주하고,13
전구,13
전기는,13
나탈리아,13
나팔,13
미수,13
그중에서도,13
바보라는,13
전두엽을,13
지능,13
지네,13
바쁘네,13
바쁘니,13
나타났다고,13
나타나다니,13
나타나서는,13
나타나선,13
스탈린이,13
아름다울,13
아름다움과,13
현기증,13
아름답습니다,13
마을엔,13
스타일리스트,13
스타야,13
현상금이,13
법칙이,13
5카게,13
현실의,13
사냥할,13
적었어요,13
난거죠,13
낙인이,13
지르면,13
살이지,13
지도자로,13
전공의,13
바쁜가,13
그뿐이야,13
그사람들은,13
적혀있지,13
적출할,13
미션이,13
보려구요,13
아무하고나,13
아버지나,13
아버님도,13
아바타,13
아버님과,13
스크린에,13
스크래블,13
7백만,13
스키너,13
마셨을,13
헤치고,13
헬스장에서,13
보드를,13
보던데,13
아버지라면,13
아버지만,13
스타라이트,13
그물,13
저항이,13
저체온증,13
저희들,13
난쟁이들이,13
그만할,13
사기꾼아,13
지만,13
그만해야,13
살인사건을,13
지문과,13
지상으로,13
저지르게,13
그만둘래,13
난관에,13
살인한,13
마법사는,13
마셨는데,13
아빠나,13
아빠인,13
마술은,13
아빠로,13
멈춰봐요,13
아스가르드,13
아쉬운,13
헤어졌을,13
헝거게임,13
아버님께,13
헤르메스가,13
헤드폰을,13
헤어졌다고,13
그리면,13
지체없이,13
살펴봐요,13
그리지,13
날려버렸지,13
저지할,13
저질렀다,13
저질렀던,13
살잖아요,13
미사를,13
그림이랑,13
그림자는,13
지어야,13
바에야,13
바와,13
저택에서,13
8명이,13
마리아가,13
스케이트를,13
9분,13
마린,13
마리안이,13
마리온,13
마르지,13
まだ,13
멈춰주세요,13
허어,13
허용하지,13
멋있었어,13
저런게,13
날이거든,13
미리엄,13
그리워해,13
지적이네요,13
사귀던,13
사귀면,13
사귀어요,13
바이러스로,13
저거봐,13
그레고르,13
저격수를,13
낡고,13
지켜볼거야,13
지켜봐요,13
저리가요,13
저마다,13
그레고리가,13
미란다는,13
저녁때,13
저까지,13
쟈스민,13
날인가,13
저두,13
저놈의,13
날카롭게,13
아이히만은,13
마련,13
마당,13
아인의,13
허긴,13
범죄현장에,13
범죄자로,13
아직이에요,13
허락하는,13
보상으로,13
보살피고,13
아저씨와,13
마다라메,13
지평선에,13
잼,13
잭슨을,13
남서쪽,13
지키며,13
사고나,13
지하실이,13
지표면,13
삼각,13
재밌는거,13
그럴수록,13
지휘관을,13
그럴꺼야,13
삼엄한,13
삼일,13
삼각형,13
마녀라고,13
마녀들은,13
아줌마랑,13
링크를,13
아카데미에,13
마그다,13
범죄자는,13
링컨이,13
아인은,13
보셨으면,13
ㅈ,13
향상,13
향했다,13
재밌겠는데,13
남자들이랑,13
직원의,13
직역,13
남을거야,13
미덕을,13
직감은,13
재주는,13
삼촌에게,13
남자인데,13
재미없다고,13
그런가봐요,13
그런대로,13
재클린,13
스무디,13
보상해,13
스웬더,13
스웨거를,13
스스로는,13
보셔도,13
아프간에서,13
리카르도,13
보스한테,13
보시나요,13
행위로,13
행성들이,13
보석에,13
멍청이를,13
리치를,13
진단은,13
남자였어,13
그러셨겠죠,13
진실만,13
재미있잖아,13
삼킬,13
삽,13
진실이다,13
그러셨잖아요,13
그런거예요,13
진료소로,13
그러지말고,13
그러시오,13
그러시다면,13
행동이에요,13
악당들을,13
행복하다면,13
악마도,13
행동하세요,13
행동이었어,13
리사를,13
행방은,13
가격으로,13
범인도,13
행복할거야,13
릭을,13
악마들,13
악마들은,13
스머페트는,13
스마트,13
장식이,13
장작,13
재건하는,13
장치의,13
남자친구야,13
미끄러지고,13
진심이니,13
바쳤어,13
낫지만,13
진전을,13
그러던데요,13
진정제가,13
진짜다,13
그러게나,13
장도,13
진짜면,13
뿐예요,13
장비로,13
장소입니다,13
진지,13
진척,13
진척이,13
잤는지,13
그랬었나,13
박사님과,13
박사님께서,13
뿌리면,13
진찰할,13
장소들을,13
납득이,13
악에서,13
리버티,13
했더군,13
메기를,13
메뉴가,13
메건은,13
안가로,13
안나네,13
안고파,13
슈퍼맨의,13
했던거지,13
했었는지,13
진화를,13
그랬네요,13
잡힌다,13
잡히게,13
잡혔고,13
상대에게,13
낮출,13
장난도,13
그랬다구요,13
뿐만아니라,13
그랬는지는,13
났나요,13
뽑았어요,13
잡아두고,13
상담사,13
장난칠,13
했기에,13
했으나,13
가끔요,13
가깝고도,13
안녕요,13
보았소,13
보았죠,13
가득합니다,13
가다간,13
가능성의,13
했다는군,13
슈퍼히어로가,13
안가를,13
안녕을,13
르네상스,13
메디슨,13
그래왔어,13
질렸다고,13
뭐하려는,13
잡아당겨,13
내놓는,13
잡을거야,13
내기도,13
그랜트가,13
뭔지나,13
낳아,13
질문하실,13
질문해,13
잡길,13
상병님,13
상부의,13
벌어지게,13
루프,13
슈가,13
슈나이더,13
루시퍼랑,13
루카,13
벌어줄,13
쉴드에,13
쉴라,13
가려구,13
해티,13
해커를,13
핵심을,13
해협을,13
가뜩이나,13
가라구요,13
핵폭탄을,13
박살낼,13
잠자리에서,13
내려갔다,13
잡는다면,13
잡다한,13
상사한테,13
상사입니다,13
질주,13
그라니온,13
그때로,13
상수가,13
잘해주는,13
짐작은,13
잡아놔,13
안된단다,13
해치게,13
안됩니까,13
안면인식,13
해주었습니다,13
해줘도,13
해질,13
해줬는데,13
가르쳐주고,13
벌어졌다,13
루피오가,13
룰라,13
쉬웠어요,13
메르디스가,13
루를,13
그놈이야,13
잘못이라는,13
잘못했습니다,13
잘하던데,13
잘하세요,13
잘하는구나,13
상속,13
잘하더라,13
집사람에게,13
잘했는데,13
뺏으면,13
뺑소니,13
박스터,13
잠갔어,13
쉬엄쉬엄,13
루디는,13
가명으로,13
가모라,13
안정화,13
안정되면,13
로타,13
해주시고,13
해외에,13
가르침이,13
잔디를,13
내일이야,13
잘되면,13
뺨에,13
집이오,13
잘못이다,13
박쥐다,13
잘라낼,13
잘될거야,13
잘되길,13
잘되는,13
잘라요,13
내시경적,13
잘못됐나,13
잘리고,13
상으로,13
로이는,13
해야하는거야,13
가방안에,13
로즈의,13
안토니아,13
안타깝군요,13
로웨나가,13
쉐퍼드입니다,13
메시지도,13
해안가에,13
가버리고,13
가방이야,13
보여줬습니다,13
박쥐처럼,13
작성해서,13
낼수,13
냄비,13
짓이잖아,13
짓인가,13
상징이야,13
박테리아를,13
짓이었지,13
짓이요,13
빼줘요,13
내출혈이,13
뺏기,13
규칙입니다,13
작가예요,13
작가죠,13
자켓이,13
짜야,13
징조야,13
징조예요,13
징그러,13
규칙도,13
짚었어,13
징후는,13
짜증나요,13
짜증나지,13
너니까,13
밖에도,13
뭐라더라,13
가비리아가,13
안한게,13
안했을,13
숲속으로,13
보였나요,13
번이고,13
번역을,13
로마인,13
가브리엘라,13
해봤습니다,13
해봤거든요,13
안좋을,13
로치,13
가본적,13
가본적이,13
냠냠,13
자이언트,13
규원아,13
냉정한,13
상태론,13
작가를,13
규모,13
짤릴,13
너머는,13
자책하고,13
해방시켜,13
로마인이,13
메이는,13
않기도,13
로드는,13
보이는거,13
가솔린,13
해버리면,13
해발,13
렌즈,13
해보실래요,13
숫자도,13
로날도,13
로난이,13
쪽쪽,13
너보다는,13
자신있게,13
자아가,13
쫓아왔어,13
너땜에,13
상태였습니다,13
자유인이,13
너네들이,13
빼내는,13
궤양,13
쫓겨나게,13
쫌만,13
권리입니다,13
자시고,13
쯤엔,13
레이놀드,13
메일이,13
않았어야,13
않았었나,13
않았었죠,13
않았으며,13
않으며,13
해명할,13
않으려는,13
않으리,13
보인다고요,13
않겠다면,13
해대고,13
해로운,13
보이는걸,13
찌꺼기,13
넘도록,13
자세한건,13
자살행위야,13
찐하게,13
널려,13
넘겼어요,13
넘겨준,13
뭉치면,13
뭉쳐,13
빨아들여,13
빨아들이는,13
궁전은,13
찍는데,13
찍도록,13
너하고는,13
가정은,13
가정적인,13
해럴드,13
멜빵,13
레베카의,13
않으십니까,13
않을거라는,13
가정해,13
가제이,13
해결하자,13
항해할,13
항체를,13
가운데에서,13
레인보우,13
번다고,13
해군에,13
자루가,13
넘치게,13
빨간머리,13
굽히고,13
넘기게,13
넘어가게,13
굿윈씨,13
궁,13
굶주림,13
빤짝이,13
빨,13
새기고,13
물질의,13
자매의,13
자비의,13
자빠졌네,13
알겠는가,13
러시아놈들이,13
항상은,13
알고있나,13
며느리가,13
멤버,13
가져가자,13
않을께,13
항복하는,13
가정방문,13
랭스턴,13
굴리는,13
차이나타운,13
넣었죠,13
자동차에,13
자란다,13
차례지,13
차려입은,13
굴어야,13
자들도,13
네트워크가,13
자두,13
자랑하는,13
새끈한,13
자기에게,13
자기보다,13
반대지,13
넣자,13
군인으로,13
차지한,13
착륙하고,13
군주,13
찬성이에요,13
군사적,13
착륙해,13
네말이,13
새요,13
새벽이,13
알도,13
알렉샌더,13
램프,13
보지를,13
버텼어,13
알려주십시오,13
가져와야지,13
함장님께,13
함께합니다,13
함정이,13
알겠구만,13
합류한,13
잊었군,13
녀석이에요,13
색깔은,13
참가자,13
반란군이,13
새파란,13
빠지라고,13
빠졌나,13
찬스를,13
참가하고,13
자그마치,13
국제적,13
참석하지,13
자격증을,13
잎을,13
네이선이,13
알려라,13
알려면,13
알려지고,13
알려주시면,13
며칠이,13
며칠전에,13
알만,13
알만한,13
함게,13
가져왔을,13
가져왔잖아,13
랜디예요,13
라지가,13
면도도,13
국부,13
있으시네요,13
있을땐,13
반복하는,13
있을걸요,13
노래예요,13
잉크가,13
년이라고,13
국경이,13
국,13
샘도,13
창녀와,13
구형,13
년전에,13
창문과,13
빠져나가면,13
있어야겠지,13
노출을,13
노인의,13
샘의,13
있었다는걸,13
창으로,13
창백하고,13
노력해요,13
있었을지,13
구했는데,13
창조하는,13
창피를,13
구했습니다,13
생각없이,13
생각은요,13
있었더니,13
있었든,13
가족이고,13
알리바이도,13
알아내려,13
알아내려는,13
보험은,13
알아듣겠어요,13
가족에겐,13
할라고,13
할렘스,13
할머니께서,13
며칠을,13
할수있는건,13
순종자는,13
라울,13
알아주는,13
라시터,13
알아보자고,13
순간이었어요,13
면역주사를,13
알아서들,13
라그나르의,13
멸망,13
알아챈,13
라고만,13
가지에,13
가족중에,13
알았습니까,13
논쟁할,13
논할,13
구합니다,13
논리,13
있다지,13
있다네요,13
있다는거죠,13
노트북에,13
있데요,13
있던거,13
있던건,13
구해주지,13
찾는거,13
빠르면,13
있겠는데요,13
구하는게,13
생각됩니다,13
녹고,13
찾아와요,13
놀았어요,13
놀았잖아,13
놀아볼까,13
물려줄,13
물론이다,13
생각이군요,13
구축,13
구하라,13
놀라웠어,13
놀라웠어요,13
구축함이,13
빙글빙글,13
반응해야,13
놀랍다,13
놀래키지,13
있는다면,13
뜨자고,13
뜻합니다,13
알케미,13
뜻이잖아요,13
암세포를,13
암시장에,13
가치의,13
한잔씩,13
한스는,13
한잔할래,13
암컷,13
암초,13
찾았으면,13
농구를,13
입안에,13
입이나,13
입자가속기,13
찾았게,13
빚도,13
찾았다면,13
구분하는,13
입으라고,13
놈들이다,13
높아지고,13
높여,13
놈이란,13
놈들처럼,13
생각인가요,13
물랑,13
압박해,13
뛰어들,13
압박감이,13
뛰어나지,13
뛰어가서,13
각오는,13
수행하지,13
한미숙,13
복권에,13
앞면,13
암모니아,13
앞장서,13
높이로,13
높이면,13
잃은게,13
묻지마,13
놓도록,13
높이의,13
높다,13
임신이야,13
농도,13
임종을,13
입는게,13
빌죠,13
생각하시면,13
구명조끼,13
책인데,13
뛰어가,13
애길,13
애까지,13
한다면서요,13
간수가,13
한공주,13
명단은,13
각오하고,13
간다니,13
간다며,13
한다는게,13
한다거나,13
버린다고,13
책임자로,13
읽으면서,13
읽었거든요,13
놓쳤을,13
잃어도,13
책임에,13
빌면서,13
구덩이에서,13
책임자야,13
놓을까요,13
반지야,13
놓으라니까,13
일회용,13
놓을까,13
버리려고,13
똥구멍에,13
똥꼬,13
수프가,13
명밖에,13
애송이들,13
애설울프,13
애송아,13
똑똑하죠,13
한건가요,13
수컷이,13
학비를,13
복용한,13
뚫은,13
한거군요,13
복사해,13
처남,13
일하잖아요,13
일하려고,13
처리하도록,13
일했었죠,13
놔주라고,13
놔주면,13
생각해보게,13
챨리,13
놓치기,13
생각해낼,13
구경할,13
구글에,13
교훈은,13
처리하려고,13
처리하자,13
뇌수술,13
반칙이야,13
반찬,13
애자,13
한걸음,13
똑똑한데,13
똑똑해서,13
똑똑하잖아,13
하하하하,13
애완동물이,13
똥같은,13
애팅거,13
학대를,13
똑똑하다,13
떼어내는,13
갈고리를,13
학교에는,13
학교엔,13
학교나,13
애비는,13
애만,13
학기에,13
학교야,13
처벌이,13
처박혀서,13
문질러,13
문제있는,13
일주일이나,13
처했어요,13
교통사고가,13
일찍이,13
생각해봅시다,13
문화적인,13
처분을,13
놔주질,13
놨으니까,13
본과,13
명심하도록,13
하이라이트,13
본거지,13
앵커,13
앱스,13
하이드라는,13
갈만한,13
애인도,13
애였어요,13
갈가리,13
누구더러,13
생각해봤는데요,13
누구일까요,13
누군가에겐,13
문제없지,13
비행사가,13
누구인지는,13
일이었다고,13
일이라곤,13
일이라서요,13
뇌출혈이,13
문젠,13
문지기,13
척만,13
교전을,13
천벌을,13
천만의,13
눈길이,13
천주의,13
생각했겠죠,13
떨어진다는,13
명예는,13
떨어뜨려서,13
하시지요,13
하시더군요,13
갈수도,13
떨면서,13
갈아입어요,13
앤서니가,13
약발이,13
철이야,13
누이는,13
눈길,13
첫날이야,13
일어났더니,13
일어난거죠,13
교도소가,13
교도소를,13
천지에,13
반해서,13
비티,13
생각했으니까,13
생각했었다,13
일어서게,13
누리게,13
생겼다고요,13
생기겠죠,13
눈치는,13
일리야,13
청소도,13
눈치챈,13
일반적,13
누출,13
일어나보니,13
청문회,13
비켜봐요,13
청춘을,13
생기거든,13
약하다고,13
약하지,13
수입을,13
명이랑,13
하루하루를,13
하룻,13
떠올리고,13
떠올라서,13
약할,13
약이요,13
떠벌이,13
떠들지,13
감소가,13
떨어지면서,13
갉아먹고,13
하몬,13
감수하지,13
하셨겠죠,13
하셨고,13
느껴지나,13
일거리가,13
인형이랑,13
문자는,13
괴물과,13
체면을,13
체력이,13
체스트,13
인체,13
문자해,13
일라이는,13
하루밖에,13
감당하지,13
하셨습니까,13
수영장도,13
떠도,13
몇개를,13
양심,13
본부를,13
감아요,13
감시카메라를,13
몇년은,13
감시되고,13
본래의,13
하루동안,13
떠나죠,13
떠나신,13
받는거야,13
받기를,13
느끼지도,13
생길지도,13
받는지,13
괜찮은거니,13
첼시,13
느낌일지,13
쳐다봤어요,13
괜찮아지실,13
쳐다보는데,13
때였어요,13
얘기였어요,13
몇명을,13
떠나겠어,13
떠나겠어요,13
땡전,13
얘기라고,13
땜시,13
때처럼요,13
수심이,13
때보다도,13
얘기하라고,13
밸런타인,13
밸브,13
하는동안,13
명품,13
감정들은,13
감염자들이,13
감염에,13
느낌인데,13
비참해,13
인생아,13
생사의,13
인어,13
는요,13
초대하는,13
괜찮군요,13
느낌이었어,13
느낌이었어요,13
생명체의,13
받들어,13
괜찮어,13
초기화,13
쳤다고,13
쳤는데,13
괜찮아져,13
인정하지만,13
하냐고요,13
수시로,13
때였는데,13
때문이니,13
때문이라는,13
때매,13
하는거란다,13
얘기했었잖아,13
몇시간동안,13
감지할,13
하난데,13
때와는,13
얘네들이,13
몇시야,13
수술이지,13
인물입니다,13
생물을,13
인격을,13
인도해,13
늙은이와,13
늘릴,13
인사만,13
생물학적으로,13
비장에,13
비전이,13
익힌,13
광부,13
초원에,13
초원의,13
초코,13
비영리,13
갔었는지,13
볼땐,13
갔다왔어,13
갔잖아요,13
어디다가,13
갔는지도,13
갔겠죠,13
하나만요,13
볼만한,13
수술에는,13
수술만,13
딸처럼,13
어디까지나,13
총상이,13
이후에는,13
익사,13
묶어놓고,13
총알의,13
늦었으니,13
비웠어,13
비운,13
비웃을,13
인것,13
총독이,13
비엔나,13
받아들이렴,13
받아들이게,13
이해한다는,13
늦는다고,13
인간이라는,13
늦은거,13
인간에겐,13
모니터에,13
모건을,13
몇주간,13
하겠대요,13
하겠는가,13
어딘가엔,13
어디있었는지,13
따져,13
하게나,13
강력반,13
강력합니다,13
어두울,13
하고싶어요,13
강력해요,13
볼프강,13
볼지도,13
광대는,13
이하로,13
촬영장에,13
이해하면,13
니도,13
총통을,13
이점이,13
촬영장에서,13
비싸고,13
관절을,13
생후,13
따르죠,13
따르길,13
어떠셨나요,13
봉사,13
수사할,13
어려서부터,13
어떻던가요,13
필요한걸,13
갖고있어요,13
강하니까,13
봉투가,13
어디인지,13
어디입니까,13
따랐지,13
어떤것을,13
이일에,13
이은,13
다급한,13
다가가,13
관점으로,13
최상급,13
최면에,13
샤론씨,13
최선입니다,13
샤인은,13
이참에,13
샤워도,13
샤나,13
어리지,13
어떻하지,13
어떻겠습니까,13
갖고있지,13
따뜻할,13
따뜻해요,13
어뢰가,13
어린시절을,13
백신이,13
수배를,13
모든것,13
어떡하고요,13
갖다주는,13
갖다놔,13
비슷하다고,13
다됐어,13
이윤,13
이유에선지,13
다니세요,13
이전부터,13
다녔잖아,13
추수감사절을,13
추적기를,13
서경,13
섀넌,13
이자식아,13
다릴,13
다무는,13
서둘러야겠어,13
이야기예요,13
이야기요,13
추천,13
이야기하는게,13
이었다,13
이야기해야,13
받아본,13
추위에,13
추정하고,13
추종자들은,13
이상하잖아요,13
이상하지만,13
추측으로는,13
다르긴,13
다르겠지,13
어색하게,13
필요하기,13
피해자들,13
같더라니,13
어머머,13
디커슨,13
수류탄을,13
어엿한,13
같더구나,13
피하세요,13
같다구요,13
수사관,13
같아선,13
백마,13
이사회를,13
이사하고,13
서면으로,13
서류들,13
이상합니다,13
이상해서요,13
비법,13
이식수술을,13
축에,13
축제는,13
과정의,13
서방이,13
과장님하고,13
과장을,13
과장님이랑,13
출동시켜,13
같이가자,13
디자이너,13
디아블로,13
갚는,13
같으니까요,13
모래에,13
어쩐일이야,13
갚지,13
피우게,13
어미를,13
같이가,13
같은거죠,13
같은걸요,13
어쨌는지,13
이리와라,13
서버가,13
이분의,13
이빌,13
이사왔어요,13
이사람을,13
받았나요,13
출발하죠,13
받으니까,13
출신이라고,13
출발했던,13
개발에,13
피부의,13
디너,13
피곤하다,13
배터리도,13
배치된,13
피닉스,13
피닉스에,13
수녀님이,13
피부색,13
피아노가,13
어찌되든,13
어젯밤에도,13
어흥,13
들판에,13
들판을,13
듭시다,13
과거야,13
춤이,13
취급하는,13
충분하게,13
충동적이고,13
취소하면,13
출연한,13
다하도록,13
춥네요,13
공통된,13
무시한,13
서열,13
서사시,13
이름표,13
모르는거,13
모르겠고요,13
억조,13
수년이,13
플랫폼에,13
수건이,13
들은적이,13
언론과,13
모르겠다구요,13
피겨,13
모르겠습니다만,13
봤었어요,13
배지가,13
개인가,13
플로리다로,13
플레이어가,13
피가로,13
다혜씨,13
이럴려고,13
이로,13
이뤄,13
서있을,13
비너스,13
서울에서,13
이름까지,13
이르면,13
이름들이,13
이름에서,13
이름조차,13
단체에서,13
충분하잖아,13
충수돌기,13
들으라,13
언어에,13
언제였죠,13
들으실,13
들여보내줄,13
프린세스,13
쇼크를,13
쇼타임,13
쇼파에서,13
들여야,13
프로답게,13
개인용,13
개수작,13
얻었군,13
얻었다고,13
수감자가,13
얼굴들을,13
비교해서,13
공유하지,13
단체가,13
단장님,13
블로터,13
단백질이,13
이러는데,13
공으로,13
공장의,13
비겁하게,13
달라구,13
비공식,13
무슨일이니,13
이끌려,13
석션을,13
이끌게,13
이대로라면,13
닫힌다,13
이동해요,13
서재에서,13
취향에,13
측이,13
치러야지,13
받을만,13
받은거,13
받으시면,13
봬도,13
프레스턴은,13
들었겠죠,13
얼굴들이,13
쇠똥구리,13
얼음처럼,13
프란시스의,13
갤럭사,13
봤을땐,13
엄마인,13
배워야지,13
들어있다,13
쇼크가,13
언젠지,13
들어온거야,13
엄마로서,13
엄마께,13
모르셨어요,13
들어서면,13
배우라고,13
품으로,13
엄연한,13
들어볼까요,13
업데이트를,13
프라이어를,13
배우죠,13
배우예요,13
들어가선,13
걔에,13
얼룩진,13
프랑코,13
들어가야겠어,13
없기를,13
치료하면,13
달았어,13
이거보다,13
달만,13
달린이,13
블레이크가,13
받을까,13
치루고,13
무슬림,13
무시를,13
치료제의,13
공부하느라,13
공무,13
공룡의,13
치여,13
의지와,13
의존하고,13
달력,13
달러와,13
달러도,13
이곳도,13
이곳에서는,13
푸드,13
풀리고,13
들어가봐야,13
모른다니,13
없다면서요,13
부대에서,13
표현하고,13
푸시업,13
들린다면,13
풀어줬어,13
거기있어,13
업타운,13
들리잖아,13
없더구나,13
없애지,13
블랙워터,13
닮았다고,13
의원의,13
의자로,13
의심하게,13
공룡은,13
담는,13
닮았구나,13
달튼,13
블랙풀,13
공동묘지에,13
치유될,13
치울게요,13
치즈는,13
당겨요,13
받진,13
치코가,13
없으면요,13
들리냐,13
들렸습니다,13
손주,13
없어지길,13
들려주고,13
없으시군요,13
없으실,13
폴의,13
거만하게,13
손톱이,13
없다는건,13
거로군요,13
공격했다,13
공격했습니다,13
당뇨병,13
의사분들이,13
의사라면,13
닷새,13
공격하려,13
의사에,13
답답해서,13
의사소통을,13
공격합니다,13
발각되지,13
선물한,13
공격했을,13
친구라고요,13
친구들아,13
친구들에,13
친구들이에요,13
친구이고,13
친구로써,13
의심됩니다,13
폭파시켜,13
폭탄이야,13
들까,13
없잖습니까,13
없자나,13
부딪치는,13
엉덩이로,13
폭약,13
부러질,13
부딪힐,13
부러뜨렸어,13
거부반응을,13
폭우가,13
거부했지,13
부딪히고,13
배우들은,13
없어진다고,13
없었는데요,13
듣거나,13
당연하잖아,13
당신이야말로,13
친구이기도,13
친절하기도,13
곳이라면,13
의미의,13
당긴,13
당신들한테,13
당근아,13
당직이야,13
당신네가,13
의뢰해,13
의붓,13
에는,13
에구머니,13
에니스가,13
포틀랜드에,13
포프가,13
드문데,13
거북이를,13
거엔,13
손상됐어요,13
손목이,13
배액관을,13
브레이크가,13
침략을,13
당하거나,13
무사한,13
선생님처럼,13
발견됐는데,13
친해지면,13
친환경,13
육체에,13
은신처가,13
침몰한,13
브라질에서,13
브라질에,13
은퇴했어,13
대군을,13
대규모의,13
선수들을,13
은신처를,13
침상,13
곰은,13
골칫거리,13
폭격기,13
거시기도,13
손떨림이,13
드리러,13
에밀리를,13
에이고,13
드루이드가,13
에이구,13
드려야지,13
거절을,13
모범적인,13
모서리,13
부르는거,13
칭찬은,13
유전적으로,13
유죄가,13
선전,13
대기한다,13
골랐네,13
카논네,13
카드도,13
카네기,13
골반이,13
대라,13
유명해질,13
붙자,13
골라봐요,13
골격을,13
육체가,13
드러낼,13
포지,13
배신했다,13
배신했지,13
포스,13
포드의,13
에이브가,13
에테르를,13
드러낸,13
폐쇄하고,13
포기를,13
에린이,13
부르는게,13
포스터가,13
카를로스는,13
유로,13
유리로,13
유령이었어,13
유리해,13
유머가,13
카운터,13
유모를,13
유물,13
유미,13
유명하죠,13
카메라야,13
유전체,13
유정이,13
카메라맨,13
곤잘레스,13
곤란할,13
유년기를,13
무릎꿇고,13
무릅쓸,13
유언을,13
대단했죠,13
대나무,13
속임수야,13
드래곤의,13
엘리는,13
거처를,13
드나요,13
엘리베이터는,13
모았어요,13
엘리자베스의,13
펼쳐져,13
거침없이,13
드레스야,13
유대인이,13
선택한거야,13
윌리엄은,13
대리인이,13
대릴,13
대륙을,13
고해를,13
대량으로,13
선택지를,13
유리엘은,13
선택해서,13
위험하다고요,13
고향에선,13
고할,13
유레카,13
여기봐,13
여기부턴,13
속이기,13
모양이니,13
듀,13
여기네,13
편이다,13
편이라,13
펭을,13
배만,13
편인지,13
편이잖아,13
칼륨,13
위해서에요,13
대수라고,13
대서양,13
대사관으로,13
대비하는,13
위험하니,13
캐나다에서,13
고통받을,13
윈터펠은,13
유감,13
칼리시,13
고친다고,13
캐딜락,13
대위는,13
고통없이,13
캐리가,13
윈터펠에,13
여는데,13
여동생에게,13
뒷자석에,13
페랄타,13
뒷면에,13
여기저기에,13
페페스,13
페인트를,13
속보를,13
여동생이야,13
뒷통수,13
페냐는,13
걱정해주는,13
발렌타인이,13
위로의,13
위엔,13
대원들에게,13
대원은,13
설득하지,13
위컴,13
붕,13
무단으로,13
위험성을,13
캐피톨의,13
캔모어,13
캘리포니아로,13
대세요,13
위한거지,13
무늬,13
웨스테로스로,13
대천사,13
커버넌트,13
커리어,13
캠을,13
불화를,13
불행해,13
커즈,13
설명하긴,13
캣이,13
월레건이,13
커뮤니케이션,13
고장나서,13
고의가,13
커튼이,13
둬야지,13
건강도,13
걱정하는건,13
뒤에나,13
속셈이야,13
팽본,13
여론,13
배낭,13
여보쇼,13
모음집,13
모욕하지,13
뒀나,13
뒷쪽에,13
부분까지,13
펄,13
웜홀에,13
대학교를,13
대하면,13
대피소,13
컬버튼,13
월요일부터,13
대통령님께,13
대출금,13
발부,13
고와,13
고아원,13
컸잖아,13
컸는데,13
방호벽이,13
건너고,13
여왕께서,13
여성이야,13
여우를,13
여왕님은,13
소파를,13
배경을,13
방화벽,13
부산,13
부브가,13
뒀을,13
고소해,13
대해야,13
원의,13
원시,13
무기고를,13
케렌,13
고생하고,13
원하니까요,13
케프너는,13
발생합니다,13
고민하지말지어다,13
대학원,13
성격도,13
무기들은,13
원하십니까,13
대항해,13
대항해서,13
소코비아,13
부부와,13
팬들은,13
팬암,13
둘까,13
둔다,13
둔다고,13
두분을,13
여자였는데,13
여자에겐,13
팔면서,13
걷네,13
건줄,13
건축가가,13
건수,13
불여시,13
워털루,13
워싱턴의,13
섬유,13
섰지,13
불안감을,13
켠,13
불어와,13
덉뿀,13
불안해서,13
원숭이들은,13
원숭이도,13
모텔에서,13
팔자야,13
팔았는데,13
패러디,13
걸로도,13
여정,13
소지품,13
여행하고,13
방패를,13
걸리겠어,13
여자로서,13
여자들끼리,13
걸려라,13
부셔,13
부서는,13
묘기를,13
워렌은,13
움직일수,13
웃음소리,13
묘사할,13
성경이,13
묘하게,13
워렌이,13
워런,13
코라를,13
코드블루,13
코드에,13
울음소리,13
울리기,13
코맥이,13
코치는,13
코앞에서,13
고르기,13
걸었다고,13
두드리고,13
역겹다,13
엮이기,13
역습,13
파이필드,13
걸리겠죠,13
두려운지,13
소유할,13
파이잘,13
연결됐어,13
파크에,13
걸어다닐,13
두말할,13
파티로,13
파트너였어,13
파편에,13
성깔,13
운좋게,13
울버린,13
울려요,13
덕택에,13
덕이야,13
몽유병,13
발언은,13
운반하는,13
콘스탄스,13
고등학교때,13
운동장,13
우편함에,13
우표,13
발자취를,13
운동은,13
콧수염이,13
못했구나,13
불리죠,13
쿠키에게,13
발전소를,13
발자국이,13
성령이,13
운전한,13
운전하지,13
소작기,13
연골을,13
연관성을,13
연관성이,13
파열된,13
파열을,13
됬네요,13
연극은,13
된겁니다,13
파블로와,13
부시는,13
역량을,13
두려고,13
연기하고,13
될거라는,13
우정,13
데려가도록,13
우승자는,13
데닝,13
데드,13
우정에,13
우치하,13
고기와,13
고난을,13
고객들,13
크람,13
크긴,13
성운,13
성사,13
성생활에,13
되었다면,13
모퉁이에서,13
검사결과,13
파라오,13
연어,13
연애는,13
팀이다,13
부인이란,13
파괴의,13
우리집이,13
못할거예요,13
데려왔다고,13
크레인의,13
계획인,13
우리엄마는,13
우리만이,13
우리측,13
우리지,13
우선적으로,13
데려가야겠어,13
우버,13
발전할,13
용서받지,13
못한다고요,13
불러줄래,13
불러올게,13
불러온,13
계획인데,13
파라오의,13
연합군,13
연장을,13
티아나를,13
티비에,13
열어놓고,13
되며,13
티리온이,13
틈타,13
티켓이,13
티아나가,13
소용돌이,13
모험에,13
목구멍에,13
소수만이,13
계좌는,13
용감히,13
데릴러,13
용서해다오,13
계절이,13
성하는,13
데스크에,13
크리스티안,13
크리스티나라고,13
성장할,13
크립토나이트,13
크지만,13
발톱으로,13
발톱이,13
못하니까요,13
못할거라,13
데려왔네,13
데려왔는데,13
데려올거야,13
열어볼,13
되란,13
되돌아가,13
열정에,13
부작용을,13
엿보고,13
영광스런,13
방자야,13
부자야,13
방울도,13
되어줘,13
되어줄,13
열차장,13
되는건가,13
큰일났어,13
데이타,13
요즘에는,13
욕이,13
욕망은,13
클로다,13
못하다니,13
성향을,13
큰일이다,13
용무가,13
계시다는,13
클레릭,13
클램프로,13
클래스,13
세계유산,13
계시야,13
데이비스예요,13
소문난,13
소매를,13
되고싶지,13
영국과,13
되겠냐,13
영광이었습니다,13
게놈,13
영리하게,13
목소리와,13
됐는지도,13
것쯤은,13
겉으로는,13
트루로에,13
것중,13
트리시,13
튼,13
특급,13
트위터에,13
것일세,13
트면,13
특징을,13
불덩이를,13
불가사의한,13
분화구에,13
계곡에,13
세금은,13
키보드,13
요술,13
불꽃놀이를,13
클리닉으로,13
키라를,13
계속해야,13
도련님을,13
계속하면,13
계산하고,13
키스하세요,13
키스해줘요,13
요청하러,13
데커입니다,13
트렁크를,13
트렁크에서,13
됐었어,13
영웅들은,13
영예를,13
게으르고,13
돼버린,13
목적도,13
부족하네,13
되가요,13
영사관에,13
소림사에,13
동화책,13
영원히요,13
동지들,13
외모,13
세리,13
세르세이,13
외쳐,13
세마리,13
요게,13
왼손을,13
외칠,13
외치고,13
요렇게,13
요구합니다,13
도망간다,13
키웠어요,13
키웠다,13
목표물은,13
목장에서,13
동틀,13
동창회에,13
영화와,13
영화요,13
소리지를,13
튜브는,13
예쁘단,13
예뻐서,13
예루살렘에,13
예리한,13
동정은,13
예쁘기도,13
부케,13
방아쇠,13
방식입니다,13
튜브로,13
게이들이,13
못봤지,13
세바스챤,13
경험하게,13
외과의사로서,13
외과의사를,13
못하겠다면,13
도망갔다고,13
타격이,13
외면하지,13
타깃을,13
경찰이죠,13
타다가,13
세상이다,13
왕비의,13
외도를,13
외국으로,13
소령은,13
트랙을,13
투석을,13
동영상이,13
예상을,13
예상이,13
방송국에서,13
투약을,13
소리잖아,13
동정녀,13
투쟁을,13
게임이라고,13
게이트를,13
도와주신,13
왕도,13
세스의,13
경찰이라고,13
타이슨,13
못오게,13
타워로,13
왕자님과,13
왕이시여,13
못들었어요,13
통틀어서,13
소름끼치게,13
예약했어요,13
통화했어,13
겐가,13
동생이요,13
몫으로,13
몫이다,13
동생분이,13
예정되어,13
동상에,13
동맥류는,13
오기까지,13
통치,13
부탁했습니다,13
겨누지,13
퇴근해서,13
동의한다,13
동의서,13
퇴원을,13
예정인데,13
옛다,13
오는구나,13
왔데이,13
못믿겠어,13
분이셨어,13
도와줘라,13
타임라인을,13
타일러가,13
밤에요,13
타임머신을,13
분이서,13
분이셔,13
완료했습니다,13
분이고,13
도와주렴,13
도와주마,13
소견이,13
오늘날의,13
소는,13
오늘부로,13
오늘에,13
통역을,13
오늘요,13
격리실,13
오든,13
동그란,13
동기부여가,13
방사능을,13
동반자가,13
예의는,13
통로에,13
격납고,13
통신하는,13
통증도,13
완벽한데,13
도착하자,13
도착하자마자,13
와트니의,13
세인트루이스에,13
탈출구는,13
완성되면,13
완성될,13
도와줬죠,13
타티아나,13
옻이,13
탈출했습니다,13
탈출하는,13
경사가,13
세웠습니다,13
견딜만,13
돕길,13
오라니까,13
오드리가,13
부활한,13
토모나가,13
돌았나,13
돌았어요,13
토하기,13
톰과,13
동독,13
오르게,13
오른손으로,13
오른팔,13
탈출해서,13
섹스보다,13
독사,13
독립선언서를,13
세탁기에,13
와보렴,13
분열,13
세인트클레어,13
못가겠어,13
경보입니다,13
탐정이,13
탑승객,13
독종,13
경례를,13
도쿄로,13
세트의,13
토끼처럼,13
오말리요,13
오만과,13
돌아왔소,13
셰퍼드에게,13
오물,13
테일러의,13
북극,13
토마스를,13
결단을,13
토드가,13
오래동안,13
오믈렛을,13
몰랐었어,13
돌아오니까,13
밥이랑,13
돋보이게,13
섹시남,13
올텐데,13
밥값,13
경련을,13
분명한건,13
독립을,13
밥만,13
섹시해요,13
센서가,13
독일놈들이,13
독약,13
옳았다고,13
오빨,13
오시고,13
돌아가죠,13
오십,13
오십쇼,13
오신거죠,13
결정한거야,13
셰퍼드입니다,13
결정하면,13
올라갔다,13
온다고요,13
태워버릴,13
돌돌,13
경고했어,13
옥타비아누스,13
경고가,13
택할,13
태치가,13
분들의,13
오해하고,13
돌봐야지,13
돌봐요,13
오해야,13
터널은,13
분리해,13
옥자,13
오후에는,13
돌봐주지,13
온거냐,13
옥타비아누스의,13
방광이,13
셀카를,13
셀레네,13
돌렸어요,13
오타,13
오크들이,13
결혼하셨어요,13
터뜨리는,13
터크,13
방범,13
오죽,13
션의,13
털어놓게,13
돌아가셨습니다,13
오토바이가,13
오토바이에,13
방면에서,13
몰아넣고,13
오프닝,13
오팔카,13
방금은,13
결혼생활은,13
결함을,13
테냐,13
방문은,13
100퍼센트,13
10개월,13
10까지,13
시작이에요,13
별거아냐,13
시인의,13
시점이,13
매미,13
매복,13
히토미,13
매달려서,13
맥코이,13
시청자들이,13
시작해보죠,13
희생해야,13
좋아했었어,13
깬다,13
좋아한다구,13
깨우려고,13
깨졌어요,13
좋았겠지,13
깨우면,13
깨어나기,13
깨물고,13
사업가가,13
깨달아야,13
10년동안,13
좌석이,13
좋을겁니다,13
힘들었는지,12
000만,12
깨야,12
좌측으로,12
좋지않아,12
사실이라,12
밀어야,12
매티슨,12
맡겠습니다,12
희귀,12
12번째,12
12등,12
변호사의,12
희생하는,12
시팔,12
시편,12
사올게요,12
밀가루,12
좋아할걸,12
10파운드,12
10피트,12
맡았다고,12
맡도록,12
시험하지,12
좋더군,12
밀라드,12
깜빡했다,12
깔끔하고,12
깜빡한,12
까봐,12
깐깐하게,12
꺼버리면,12
맡겼어요,12
식장에,12
좋더라고요,12
좋아하겠다,12
밀림의,12
좋아하셔,12
까먹지,12
좋대요,12
경관입니다,12
탱고,12
경감님이,12
택시타고,12
돌려도,12
경기도,12
경관들이,12
경관을,12
결혼했다는,12
터널에서,12
옥자를,12
옥타,12
셀린,12
결혼반지,12
결혼반지를,12
옥수수가,12
방법으로든,12
오죽하면,12
셋이야,12
턱수염,12
터지겠어,12
터질거야,12
결혼하는데,12
돌려줄래,12
분대,12
방금전에,12
테니깐,12
돌아가셨는데,12
돌아가셔도,12
셋까지,12
몰아서,12
몰아내고,12
결제,12
결정해야만,12
결정들을,12
테오도르,12
오신다,12
오신건가요,12
돌아간다는,12
돌아갈게요,12
결정했지,12
결정이지,12
테이블이,12
북극에서,12
방법으로도,12
오싹한,12
돌아가시는,12
오웬한테,12
북한의,12
턱시도를,12
턱은,12
셈은,12
올드리치,12
오메가를,12
테스트에,12
테마는,12
태어나게,12
밧줄로,12
돌란,12
돌고래랑,12
올라가게,12
올라가기,12
올라프야,12
올라갔죠,12
셸리,12
오비완,12
돌아오겠지,12
오산이야,12
텔러를,12
토마소,12
토레토,12
토니노,12
탔다고,12
밥이야,12
몸속에서,12
올렸는데,12
돈트리스,12
독일인,12
오래됐죠,12
소감이,12
올립니다,12
옮긴다고,12
센서는,12
올줄,12
올테니,12
올해가,12
경로로,12
탔고,12
오스본이,12
오셨으면,12
돌아다녔어요,12
셰익스피어를,12
올거란,12
온천에,12
올림,12
올림푸스,12
몰랐군요,12
소견으로는,12
오른손을,12
토크,12
토토야,12
토성까지,12
톱으로,12
견고한,12
탐사정이,12
밤하늘,12
밤이에요,12
경보기,12
옵티머스가,12
독립된,12
옹호하는,12
동력을,12
도착했는데,12
도착하기도,12
와인과,12
탐정을,12
탐사에,12
탐험을,12
분실,12
도파민을,12
돌아온지,12
테크닉,12
테잎,12
텐트에서,12
토네이도는,12
오말리예요,12
셰퍼드랑,12
세팅이,12
도움의,12
왁스,12
겪었잖아,12
겪어본,12
오다,12
통과하게,12
통과했다,12
통역,12
탄창,12
탄수화물,12
탈장을,12
완벽하다고,12
도전할,12
도이칠란트,12
완성되지,12
완벽하죠,12
오랜시간,12
세트도,12
탈출구가,12
탈출하세요,12
왔노라,12
왔고요,12
탁구,12
탈선,12
톤,12
소개가,12
오랜만이지,12
토성,12
견학,12
견해를,12
소녀에게,12
오라는,12
왔더니,12
왔다네,12
퇴장,12
동물에,12
통찰력이,12
겨드랑이,12
동상이,12
예언,12
타진,12
분이셨죠,12
타임로드의,12
타인에게,12
경적을,12
타임즈,12
왔는,12
도와줘야죠,12
완벽합니다,12
분이셨지,12
분이면,12
분은요,12
도와드리면,12
도와주겠나,12
타키유키,12
경우죠,12
동네로,12
동굴은,12
오늘처럼,12
오늘밤이,12
소녀도,12
소녀들,12
동네의,12
오늘에서야,12
왔을까요,12
투자하는,12
방식도,12
게임으로,12
예술이야,12
소름끼쳐,12
부탁하마,12
부탁이네,12
타스의,12
타면서,12
타르가르옌,12
경찰관을,12
타이렁을,12
타이론,12
왕립,12
왕관,12
왕한테,12
도시도,12
왕조를,12
분인가요,12
분인,12
왕입니다,12
세실,12
왕족,12
예언은,12
예언의,12
예술적인,12
못들었는데,12
도박이,12
왕인,12
왜그러세요,12
왕좌에서,12
도면을,12
도박에,12
못지,12
외계인이야,12
영어가,12
소리칠,12
튀니지,12
툭하면,12
도르마무는,12
경찰이요,12
경찰이지,12
타던,12
분할,12
못찾으면,12
불가능했을,12
경험으로,12
트래비스는,12
게이에요,12
예쁘지만,12
예쁘진,12
밝히려고,12
세미터리,12
도리라면,12
도른을,12
방사선치료를,12
게임하는,12
게일이,12
예상도,12
동의했어요,12
예상은,12
예상하는,12
트럭의,12
도달했어,12
외모를,12
세르세이는,12
영웅처럼,12
영주는,12
트로이의,12
트로바,12
트레이닝,12
도달하기,12
요령이,12
요구에,12
요구도,12
계셔도,12
계셔요,12
도둑의,12
도독,12
소리의,12
외과의사는,12
계셨다면,12
계산해서,12
키우던,12
계셨습니까,12
킨,12
계산된,12
툴레,12
게이라는,12
게이들은,12
튕겨,12
목졸라,12
방식과,12
튀었어,12
예민해,12
계곡에서,12
세계와,12
열었다,12
특유의,12
됐을거야,12
겉만,12
특권이,12
영리하지,12
계셨잖아요,12
클릭,12
요새도,12
요원들에게,12
요양원에서,12
델라니,12
못하는군요,12
요전,12
트레버가,12
됐어야,12
영양분을,12
됐구요,12
도둑맞은,12
데킬라를,12
데이트야,12
불길을,12
부족하지,12
방어에,12
돼지들을,12
돼야죠,12
목숨이라고,12
영웅인,12
게시판에서,12
트레드스톤을,12
틀렸으면,12
틀렸습니다,12
틀어지면,12
열정적이고,12
튼튼하게,12
부족으로,12
틀렸네요,12
것뿐이잖아,12
클라라가,12
큰일났다,12
데이트요,12
요청하면,12
목도리,12
염려하는,12
되겠는걸,12
였고,12
못하더라도,12
용병들을,12
용량이,12
클럽은,12
클론을,12
클로짓,12
욕조를,12
클라우뎃,12
영국을,12
영광이죠,12
됐었지,12
소설에,12
소방관이,12
요석,12
계시라고,12
데이빗이,12
부자인,12
연합군의,12
열려있어,12
열기를,12
되었는가,12
열성적인,12
열매를,12
열림,12
용건을,12
데이브랑,12
데이먼이,12
검의,12
검증,12
목격할,12
목걸이는,12
틈새를,12
용왕님예,12
우리나라에서,12
큰가,12
발포하라,12
데스크,12
크리스에게,12
크리스와,12
계정으로,12
것뿐이죠,12
특혜를,12
틀렸었어,12
소설에서는,12
열었을,12
되다,12
욕망의,12
성하를,12
되잖소,12
되었지만,12
부인이야,12
검진을,12
되잖나,12
되잖니,12
연설에,12
연소,12
데려다줄게요,12
두고는,12
됬네,12
검사에게,12
팀이지,12
팀장,12
파괴했어요,12
파괴하면,12
크로포드,12
크로노스피어,12
우산을,12
우리하고,12
우리들과,12
데려왔는지,12
우리나라의,12
데려오려고,12
틈도,12
파란색으로,12
소식인데,12
소식일,12
계획이다,12
불렀는지,12
못할것,12
발전이,12
우승을,12
소유야,12
소유물이,12
될거란,12
되찾지,12
연락하기,12
파멸을,12
파묻혀,12
우연은,12
우연한,12
데려가기로,12
우유도,12
우위에,12
데려가야지,12
데려가는게,12
데라도,12
성전을,12
우리엄마가,12
고담에,12
퀼이,12
퀸은,12
퀸의,12
퀘벡,12
쿨해,12
연방을,12
되었니,12
연습이나,12
된거니,12
연방이,12
연방은,12
연못에,12
모히칸,12
쾌활한,12
덮여,12
덩치야,12
우편함,12
운영해,12
콘월,12
고된,12
더스틴,12
불륜이,12
쿠데타가,12
성령께서,12
운명으로,12
운명선,12
콜트,12
콥씨,12
쿠거스,12
소장이,12
연결하게,12
우선입니다,12
우왕,12
운전수가,12
덥네,12
못했다구요,12
성기에,12
걸작,12
부시를,12
연구한,12
방탄조끼,12
방침을,12
검사부터,12
검사결과를,12
검사님,12
걸린다,12
파일이야,12
소유하는,12
두기,12
파일도,12
파이퍼가,12
두둑히,12
역까지,12
못했기,12
소파가,12
걸리겠지,12
파타,12
걸리든,12
걸리는지,12
걸었던,12
걸었을,12
콜링스,12
덕을,12
더하지,12
울트라링스,12
몽골,12
덕후,12
성당에서,12
못했군요,12
더없이,12
몽유병이,12
성구,12
몽골의,12
못했잖아요,12
움직여야해,12
코튼마우스는,12
코튼마우스를,12
모자랄,12
두려움의,12
여쭤볼게요,12
모투누이의,12
패널,12
팡,12
두명이나,12
더글러스,12
걸레를,12
여행이야,12
방해해도,12
부숴버릴,12
방패벽,12
걸려고,12
판다고,12
모임은,12
웃자고,12
움직인다면,12
웃기,12
성공은,12
웃었어요,12
더그와,12
판이야,12
걸려도,12
코왈스키,12
발생했어,12
코마,12
고마워해야,12
코벤을,12
웅,12
웅장한,12
웃음거리로,12
팔에서,12
두수,12
두시고,12
팔로워가,12
부수기,12
부서졌어,12
여자들이란,12
두피,12
워째,12
워치는,12
워터스,12
여성이에요,12
여왕폐하,12
팔아야지,12
건조한,12
팔찌가,12
불안정합니다,12
원본을,12
켈러,12
켈리랑,12
켈리를,12
켄이랑,12
켄지는,12
워커들,12
불안하고,12
대화하려고,12
원수의,12
대화였어,12
고맙습니다만,12
코너야,12
코끼리를,12
불안해하고,12
팬더는,12
패혈증,12
팩스로,12
방향이야,12
부분인데,12
패스가드,12
건방지게,12
건배하죠,12
원조,12
대해줘,12
원하는거지,12
속삭여,12
건배하지,12
건물과,12
건드리고,12
건들,12
케힐이,12
케일럽은,12
무기고,12
불타는고구마,12
케실리우스가,12
케네스,12
고사하고,12
고속,12
여자애도,12
부부에게,12
여유는,12
여유롭게,12
성격에,12
무게는,12
무겁고,12
원한거야,12
원했거든,12
대표하여,12
뒷문을,12
부분들은,12
퍼뜨리고,12
건국의,12
펀,12
펌프,12
컬리,12
대피시켜야,12
월요일엔,12
월세,12
월리가,12
웨버를,12
월터를,12
원했습니다,12
원하는거에요,12
컴,12
컸죠,12
컷트,12
컵은,12
컨벤션,12
고양이요,12
고양이한테,12
둘까요,12
소환,12
소환할,12
소품,12
여성분이,12
여성들의,12
여왕으로,12
원하네,12
무기력하고,12
대책이,12
위기에서,12
웹스터,12
대책,12
대적할,12
불편해서,12
캘빈이,12
캡틴을,12
캠프의,12
커지면,12
위대하고,12
붐비는,12
불행이,12
불평도,12
고의적으로,12
둡니다,12
페이지양,12
속셈이,12
월드와일드,12
고유,12
고용주가,12
고인,12
캡틴이,12
모이라고,12
모욕적인,12
둥지에,12
뒈져버려,12
뒈졌어,12
여름은,12
여럿이,12
여러분한테,12
여기있었네,12
뒤쫓는,12
편하고,12
걱정만,12
걱정됩니다,12
걱정되면,12
편지야,12
위선자야,12
페로디낭이야,12
여깄네요,12
여김을,12
여기있지,12
뒤지는,12
여깄잖아,12
뒷골목,12
모였고,12
위장한,12
대인,12
대위입니다,12
대위님은,12
뒹구는,12
펑크가,12
페가수스,12
부보안관,12
위한거죠,12
고쳐달라고,12
고정시키고,12
캘리와,12
캘빈은,12
불편함을,12
설득하고,12
발만,12
펴라,12
뒹굴고,12
여권이,12
여관에서,12
모였으니,12
폐동맥에,12
평화롭고,12
엠뷸런스,12
편지요,12
편지들을,12
편이지만,12
여기밖에,12
배설물,12
펠리시티가,12
걱정말게,12
편애하는,12
대변하는,12
위협도,12
붙어라,12
붙어요,12
칼린다,12
드라마틱한,12
드라마의,12
펴요,12
무도회를,12
설교는,12
대박이네,12
칼리나,12
캐딜락을,12
캐나다에,12
고통스런,12
선행을,12
폐로,12
폐색전,12
폐도,12
평등하게,12
평가에,12
펼칠,12
부모님들,12
걱정거리가,12
윙크,12
무력을,12
에이와,12
거칠어,12
평평한,12
거짓으로,12
평생에,12
평소랑,12
카이로,12
곡이야,12
곡만,12
카페트,12
선택했지,12
선포합니다,12
유대교,12
선택이지,12
엘튼,12
무대감독님,12
카트를,12
고픈데,12
유령도,12
유령에,12
카운티에,12
카이는,12
폐쇄성,12
배수로,12
포기한다는,12
에픽,12
드려라,12
드레싱을,12
드러난,12
부류가,12
드리프터,12
포로들을,12
포르노가,12
포기하지마,12
부르곤,12
포스터는,12
포스터를,12
폐쇄된,12
유부남이야,12
카불,12
카밀은,12
카스,12
발라리아,12
유명하지,12
카메론이,12
유머감각,12
엘리엇을,12
엘리스를,12
드는구나,12
평균적으로,12
모아라,12
모습이에요,12
엘라는,12
선택했죠,12
포즈를,12
드로이드를,12
드루드,12
거인다,12
부르시면,12
드류가,12
에어락이,12
에스포지토,12
선출된,12
유출을,12
부르더라,12
부르도록,12
포옹이,12
거였습니다,12
거울도,12
포주,12
골랐지,12
골란,12
유튜브에서,12
유치장에,12
대기하세요,12
무리예요,12
육아,12
발견했네,12
손님들에게,12
손가락만,12
붙이기,12
카렌에게,12
대걸레,12
무법자,12
카드나,12
카글리오스트로의,12
당황스럽네요,12
무리하게,12
율법을,12
융통성,12
대기권,12
브래디,12
당신한테도,12
무사하길,12
침투한,12
침실을,12
침이,12
은신처로,12
으잉,12
으휴,12
으엑,12
닿게,12
골칫거리가,12
브라스,12
브라우니를,12
침해,12
선수죠,12
곰돌이,12
골프를,12
브랜디를,12
드리라고,12
폭력적으로,12
폭발하게,12
드멜자는,12
드릴수,12
유착을,12
유혹해서,12
칫,12
에릭과,12
거실로,12
포틀랜드로,12
에러,12
에드뮤어,12
에덴의,12
드와이트를,12
에디슨은,12
포함하여,12
거였군,12
거였군요,12
거였다면,12
포함되지,12
거스가,12
에리카와,12
에리히,12
음란한,12
발견됐죠,12
선실,12
선수도,12
당해요,12
당했거든요,12
당했네,12
당하셨어요,12
음악적,12
음이,12
칠성아,12
침묵은,12
침묵이,12
침몰,12
당치도,12
음성이,12
손오공이,12
엉망이지만,12
든다는,12
엉망이었어,12
엎드리자,12
손목밴드를,12
에너지로,12
폰은,12
곳이기도,12
곳인,12
의논하고,12
의논해,12
당연하다고,12
당신이었어요,12
선생님요,12
무서워해도,12
의사거든요,12
당신은날사랑해요,12
의례적인,12
당신더러,12
의논,12
당기게,12
당국의,12
공개하는,12
에디의,12
손님으로,12
에너지에,12
드시지,12
모세가,12
음식들을,12
의문은,12
의무입니다,12
거리다,12
거래로,12
표정도,12
표시하고,12
없었,12
들렀는데,12
없었더라면,12
없었나봐요,12
표할,12
표하고,12
표지,12
표지판을,12
모리구치,12
없을테니,12
거머리,12
거만하고,12
의심스러워,12
담당은,12
선물이예요,12
친구들처럼,12
브론,12
의사죠,12
무섭단,12
의사선생님이,12
거북이들,12
폭파해,12
엇,12
들거든요,12
듣잖아,12
선생님도요,12
친구분이,12
담당인데,12
풀려면,12
품,12
풀어줄게,12
손해지,12
풀려서,12
풀기,12
풀라고,12
들어가니까,12
의장,12
의심하기,12
들어보자고,12
없애라고,12
들리진,12
들렸죠,12
없앴어요,12
거두고,12
선두에,12
달이야,12
공도,12
치유되지,12
치즈도,12
담가,12
치우자,12
브릿지,12
없었으니,12
들리긴,12
손재주가,12
답해야,12
공들여,12
공로를,12
이거밖에,12
이같은,12
업을,12
업적이,12
들어봤지,12
부끄럽다,12
엄마지,12
엄청요,12
들어보실래요,12
쇼핑하고,12
들어갈까요,12
없다니깐,12
거기에다,12
거기라면,12
부검은,12
프라하,12
걔네를,12
송신,12
치르는,12
치료할게요,12
달아야,12
이것들아,12
달아났어요,12
송신기,12
송곳니가,12
없느냐,12
모른대요,12
모를거다,12
손톱을,12
달러라고,12
치약,12
달력에,12
달렸고,12
받을지도,12
달라도,12
이동합시다,12
이동식,12
석사,12
이글이,12
달라서요,12
이끌었지,12
취했다,12
서핑,12
측에,12
측은,12
공손하게,12
측정할,12
치료법,12
치료로,12
이니,12
프랜차이즈,12
들었다는,12
들었겠지만,12
들어줘서,12
이겼고,12
이게뭐야,12
공산주의자들을,12
이라면,12
모르시는군요,12
들어선,12
배웠다고,12
모르는지,12
얼음장,12
들어왔죠,12
프랭키를,12
프랭크와,12
프리다를,12
프로젝트에서,12
프로젝트의,12
프리악,12
개조,12
개조를,12
프로톤,12
프로메테우스,12
단점이,12
이럇,12
들켰어,12
들지마,12
얻으려,12
얼간이를,12
얼간이로,12
얻으러,12
븨,12
취했고,12
비극은,12
비극이야,12
받으셨나요,12
받으시고,12
서점,12
서쪽에,12
비공식적으로,12
이런거죠,12
서장님께,12
이렇다,12
이렇죠,12
이럴래,12
공정하지,12
블루스,12
봤을까,12
개복술을,12
플러그,12
들지만,12
모르네요,12
수녀를,12
수나문,12
언,12
이론도,12
닥터라고,12
어쩔까요,12
수도는,12
플로리다의,12
개새끼들이,12
피곤하네,12
피고의,12
다했지,12
다했지만,12
다행이,12
받았으니,12
이룩한,12
다했습니다,12
이름이군,12
닥쳐올,12
얹어서,12
단순하지,12
비뇨기과,12
공포심을,12
충성하는,12
충분했어,12
충성스러운,12
충분하진,12
어쭈,12
어찌됐던,12
등록을,12
듯해요,12
수달을,12
어쩌려구,12
어쩌려구요,12
등장인물,12
취급하고,12
공짜야,12
공주님께,12
어쨌든간에,12
어찌되었든,12
들키기,12
억양은,12
피쉬는,12
과감한,12
과거도,12
취소해야,12
출입할,12
출입증,12
과거력이,12
취소됐어요,12
취급하지,12
수녀님은,12
공헌을,12
공화국을,12
이마가,12
이름표를,12
이릅니다,12
과대,12
충고가,12
같은데서,12
피티,12
어쩌라구요,12
개너는,12
갚은,12
개같이,12
피투성이,12
모라고,12
다쳐요,12
이사갑니다,12
다해야,12
이마를,12
이미지에,12
이물질,12
이방인이,12
어벤져스는,12
서명했어요,12
이비는,12
과잉,12
과외,12
이보쇼,12
다쳤잖아,12
다쳤잖아요,12
이봐요들,12
수달이,12
수단,12
취약점을,12
출신이오,12
출발하는,12
비만,12
비디오에서,12
다이너마이트를,12
다이아나는,12
어렵겠지만,12
같다만,12
봐야겠군,12
수밖에요,12
수면에,12
봐주시겠어요,12
봐주실,12
축하해야,12
축하해야지,12
이상이다,12
비법은,12
비밀이다,12
무의식,12
다시해,12
이사회의,12
어젯밤부터,12
무엇이든간에,12
출근하지,12
이새끼야,12
서명하세요,12
축축한,12
과테말라,12
과학도,12
어쨌길래,12
디멘션의,12
봤느냐,12
봐줘야,12
개고,12
어이없네,12
디아발,12
어지러운,12
이야기라고,12
서로얀,12
서류도,12
추방,12
이익,12
추러,12
추기경이,12
추는데,12
관계요,12
추적했는데,12
추천합니다,12
무전기는,12
이었죠,12
이었는데,12
무찌를,12
무지개를,12
어마어마하게,12
딜란을,12
어머니날,12
비밀이란,12
과해,12
추측은,12
다르겠지만,12
다르군,12
같다네,12
어머닐,12
어미,12
딕슨은,12
디터,12
디트는,12
어림없어요,12
어마,12
모델로,12
어른의,12
어린애예요,12
따라가자,12
어련히,12
어려웠어,12
어려운지,12
다니엘의,12
필요하겠네요,12
갖다주세요,12
봉합하고,12
어리석고,12
모든것들을,12
필요까지는,12
갖는다,12
필요없네,12
비슷하죠,12
이용해야,12
이용했어,12
이웃은,12
이유일,12
따스한,12
필요하니까요,12
필요하겠네,12
추가내기,12
추가요,12
추면,12
추리,12
다니엘스는,12
최초인의,12
관련있는,12
최연소,12
핑핑,12
따온,12
따위도,12
따분하고,12
수사의,12
수상의,12
모닥불,12
어땠는데,12
다가왔습니다,12
이제와,12
핏빛,12
어떡할까요,12
어떤것,12
따라오시오,12
강화하고,12
강철군도의,12
무한,12
님께서,12
이정도는,12
최신식,12
최선,12
관심있어,12
최악이에요,12
이이,12
다니진,12
이집트로,12
이집에,12
샤워는,12
이토,12
관습을,12
최소한으로,12
최소화해야,12
갔었던,12
하겠는데요,12
볼티모어에,12
따지지,12
모니터가,12
강연을,12
강력해서,12
딱지가,12
니들도,12
니들을,12
광기를,12
닉키,12
이틀만,12
이틀을,12
샤워나,12
니카,12
광기가,12
관하여,12
관찰하는,12
관측,12
최고니까,12
이해하니,12
니콜라스는,12
니콜라이,12
어땠습니까,12
딱딱하게,12
딱딱하고,12
이중에,12
최고입니다,12
생텀이,12
익숙치,12
총의,12
어디라도,12
몇일동안,12
하나만은,12
백작의,12
볼리비아,12
하기나,12
갔었나,12
갔다면,12
광산으로,12
총원,12
니건,12
생일이잖아,12
생일인,12
때문도,12
얘기해줄,12
땅도,12
이해하겠나,12
늦었을,12
인간이다,12
인공호흡,12
받아들이세요,12
비었네,12
비우는,12
광선을,12
딱총나무,12
딸아이는,12
딸애는,12
모나크,12
어디세요,12
딸꾹질이,12
모건의,12
딸려,12
얘기입니다,12
하는걸까,12
하느라고,12
얘긴가,12
어느게,12
하나쯤은,12
하나하나가,12
갑판에서,12
초음파에서,12
문니가,12
인사과,12
인물이야,12
인거야,12
문관님,12
인구의,12
능력의,12
초창기,12
초인종,12
비오는,12
인생이고,12
늘어,12
늘어날,12
비자를,12
괘,12
하나거든요,12
갔었다고,12
때라도,12
때까지만요,12
땅이다,12
어디가세요,12
어디가면,12
어둠에서,12
감자칩,12
하늘도,12
감염자가,12
수신자,12
얘기하도록,12
감정이야,12
감염으로,12
얘기하진,12
쳤습니다,12
인재를,12
인용,12
느려지고,12
느리고,12
인상적이었어,12
인식을,12
양에,12
수습해,12
인내를,12
문명화된,12
괜찮아지는,12
괜찮겠습니까,12
괜찮다니,12
인정하긴,12
문양을,12
하냐구요,12
하는것처럼,12
때리는데,12
얘기했었죠,12
갑옷은,12
하나였죠,12
밴쉬,12
값으로,12
느끼나요,12
약속했거든요,12
약속했고,12
양파가,12
떠나야해요,12
몇마디,12
몇군데,12
떠나보내,12
인질들이,12
생길까,12
느끼며,12
비컨,12
느낀다는,12
느끼실,12
인정하면,12
느끼나,12
인턴들에게,12
느꼈다면,12
첼로,12
괜찮은건가요,12
괜찮으시죠,12
쳉,12
쳐넣고,12
괜찮았죠,12
얘기군요,12
얘기로는,12
수억분의,12
수업이죠,12
인섬니아를,12
괜찮아질거에요,12
쳐다봤어,12
인턴이었을,12
비키지,12
비콘을,12
체면,12
느껴지면,12
인턴이요,12
느껴보지,12
감사하오,12
하반신이,12
체내에,12
체르카,12
괴물이에요,12
체액,12
체액이,12
일가견이,12
괴롭힘,12
괴물같은,12
양고기,12
인터넷의,12
비추고,12
체질이,12
일라이를,12
일렬로,12
일꾼,12
일리,12
감시해야,12
감시카메라가,12
하루에도,12
양탄자,12
하드웨어를,12
하루면,12
하루살이,12
수요가,12
일상에,12
문제없습니다,12
생겼대,12
문제네,12
생기긴,12
일몰,12
생기니까,12
문제냐고,12
괴벨스,12
받거나,12
괴짜야,12
굉장하군요,12
청산,12
청소는,12
일부분을,12
일뿐,12
떨려서,12
약속하셨잖아요,12
약속한다,12
인형도,12
느꼈다고,12
청문회를,12
청혼할,12
청하는,12
감사하며,12
하수도로,12
수영장을,12
떠올릴,12
떠오르네요,12
약속했었지,12
떠돌아,12
약속할께요,12
야쿠자,12
야인들을,12
수적으로,12
하시던데요,12
하실수,12
하실거에요,12
하실건가요,12
하실까,12
떨어져도,12
약국,12
떨어졌죠,12
약속하세요,12
약속이야,12
약들이,12
복제할,12
하얘,12
생겨난,12
철로를,12
굉장할,12
누이와,12
일어날거야,12
일어나진,12
눈감아,12
떨쳐버릴,12
누를려고,12
일예요,12
일요일엔,12
일으켜요,12
굉장하죠,12
철없는,12
철의,12
첫번째가,12
하인,12
하이드리히가,12
갈걸,12
앨리슨의,12
앨리슨이랑,12
앨리샤가,12
수준은,12
하이고,12
문제와,12
앱을,12
앰부백,12
수집하는,12
수줍어,12
야구는,12
갈비,12
갈등,12
일정은,12
문제지만,12
척수액이,12
처형,12
천년,12
뇌척수액이,12
일을하고,12
누나에게,12
야밤에,12
야마모토,12
야만인들,12
야만인들이,12
수있을,12
누이의,12
천재라고,12
천사들이,12
일제,12
하트를,12
간호원,12
버리곤,12
버릇없는,12
버릇을,12
하퍼가,12
애완견,12
교환하자,12
처벌할,12
처음이군,12
처음이었어,12
놔줄,12
문화와,12
일지를,12
일찌감치,12
교차,12
처하면,12
처치해,12
일하자고,12
일하도록,12
놔뒀지,12
처방이,12
처리했습니다,12
복지,12
명심하라,12
명색이,12
떼면,12
앨리슨과,12
앨라배마,12
문제에서,12
생각했니,12
수치에,12
수치스러운,12
복역,12
한가,12
학생이에요,12
똥으로,12
애석하게도,12
똑똑하지도,12
일한다는,12
생각하지도,12
뚝딱,12
학생들과,12
간지러워요,12
간절하게,12
한거냐,12
복수다,12
놓치다니,12
놔두게,12
구경해,12
처리할거야,12
처녀처럼,12
구급요원들이,12
놔서,12
놔둬도,12
똘똘아,12
액수가,12
애죠,12
한거요,12
똑똑하면,12
생각해보라고,12
처리하라고,12
교훈,12
복수야,12
복수하고,12
간단하다,12
한과,12
뚫렸어요,12
애들까지,12
애들로,12
뚫어야,12
챙겨야지,12
읽었죠,12
읽었고,12
묻더군요,12
버린다는,12
버린다면,12
버릴까,12
복수하려는,12
놓거라,12
챙겨주는,12
구두가,12
챙겼지,12
놓여진,12
잃어버렸던,12
빌리지,12
빌려줘서,12
수컷,12
버리지마,12
생각한게,12
잃었나요,12
잃었는지,12
잃어버리는,12
잃어요,12
놓을거야,12
뜻인,12
앞날을,12
앞날이,12
뛰어넘는,12
앞에는,12
뛰어내렸어요,12
뚱뚱해서,12
한물간,12
구부려,12
구명정을,12
임명,12
임무다,12
생각하셔,12
임박,12
잃었으니,12
놓기만,12
구린내가,12
생각하는건가,12
물거품이,12
입맛,12
입대,12
입구에서,12
채워요,12
채워야,12
뚫어져라,12
애들한테도,12
애들한텐,12
한계는,12
애국자,12
애니가,12
애나를,12
잃는다면,12
농부였어요,12
입원했습니다,12
농담이시죠,12
라쉬네씨,12
라벨,12
한잔하고,12
가축,12
숙박,12
채권,12
찾을꺼야,12
찾을까,12
입으려고,12
구에로,12
찾으면서,12
채식주의자,12
입었다,12
가혹하게,12
압도적인,12
숙,12
숙녀를,12
놀이터에서,12
입증하는,12
생각이예요,12
물든,12
각국의,12
뛰어나고,12
한대도,12
한다지,12
복면을,12
각자가,12
각도가,12
한발짝,12
찾아왔었어,12
물렸어요,12
찾아달라고,12
있게만,12
놀려서,12
놀랬잖아,12
놀림,12
구하세요,12
찾았거든요,12
놀랄거야,12
있는거잖아요,12
있는데다,12
찾아왔네,12
찾아오라고,12
찾아오세요,12
찾아주는,12
뜻이라면,12
숙녀분은,12
뜯어서,12
복귀한다,12
멸망을,12
뜻에서,12
알았지요,12
농담이겠죠,12
암요,12
복귀해,12
가하고,12
가해,12
보호소에서,12
보호에,12
알프스,12
뜻이라고,12
라비티쿠스,12
라디오가,12
라니스터를,12
라그나르,12
라그나에게,12
면접은,12
라쉬네,12
면도기,12
가족이잖아요,12
알았어야지,12
띄어,12
가지마세요,12
한테도,12
한짓을,12
가줘요,12
한평생,12
놀라운데요,12
물리면,12
있는다고,12
있다거나,12
순교자가,12
순간이죠,12
한푼,12
가죽이,12
구토가,12
생각난,12
구하자,12
구해주려고,12
물리치는,12
있다는것을,12
녹여서,12
녹색으로,12
찾고있는,12
샘야자,12
노예들을,12
있어줘요,12
있어야겠죠,12
있었겠지만,12
샘슨,12
반복하지,12
라이플을,12
찾고있어요,12
노만,12
있으라는,12
노련한,12
찾겠습니다,12
빠르다고,12
빛도,12
알아낼수,12
할렘의,12
보헤미안,12
할로윈에,12
알리바이는,12
알몸을,12
알바레즈,12
라일리가,12
할아버지께서,12
할배요,12
순위가,12
알아듣겠니,12
할머니께,12
할망구가,12
할매,12
할아버지께,12
가져와봐,12
함께일,12
며칠이나,12
알리를,12
버전으로,12
보초,12
가졌거든,12
가졌지만,12
알란,12
라즈,12
라즈베리,12
면상,12
면담이,12
가졌네,12
가져왔소,12
가져올래,12
있지롱,12
샌포드,12
국왕이,12
참여를,12
있으시겠죠,12
있으려면,12
물어보시는,12
있을지도요,12
국경에서,12
잊어버리세요,12
잊으세요,12
국기,12
국민은,12
창가로,12
창고는,12
반복하고,12
래리는,12
함장님을,12
합격했어,12
가져봐,12
가져본,12
알렉스에,12
램프를,12
버텨라,12
잊어버리면,12
녀석만,12
알게된,12
보장하지,12
합격한,12
래퍼,12
래요,12
래,12
군대지,12
참석하는,12
참나무방패,12
찰흙,12
빠졌구나,12
참가하는,12
찰리의,12
잊었을,12
알려주도록,12
알려줍니다,12
있을껍니다,12
노력의,12
참석해야,12
참석해,12
자궁외,12
찰칵,12
새어,12
자랑스럽고,12
자랑스럽네,12
새긴,12
자랑스럽습니다,12
자랑스럽진,12
자둬,12
물어야,12
반대할,12
반대쪽에,12
반대예요,12
군인이었어,12
자격증이,12
자네라고,12
자기밖에,12
자극에,12
넣자고,12
착각하고,12
착륙장,12
군인의,12
찬성이야,12
자네답지,12
굴라고,12
반대하지,12
버킷,12
멧돼지가,12
알더라,12
러셀이,12
알기만,12
랜디는,12
색상이,12
물어보잖아,12
러시안,12
럭스,12
멤버는,12
알기라도,12
숨겨놨어,12
알겠다고요,12
러시아를,12
레너드와,12
술집은,12
가져갔다,12
가져갑니다,12
보존,12
버크입니다,12
보조를,12
합쳐져서,12
알고있다고,12
자네에게도,12
넣어야지,12
자는지,12
않을거란,12
핫초코,12
가정에서,12
랭던을,12
랭의,12
물어봤지,12
넣는데,12
자라난,12
새디가,12
차량과,12
굴지말고,12
굴잖아,12
넣으세요,12
해고해야,12
해고했어,12
해고될,12
알거라고,12
않을테니까요,12
항해하고,12
않으셨지,12
않을껍니다,12
레즈비언이,12
해결했어요,12
해나갈,12
해골이,12
알게될,12
숨겼어요,12
숨기,12
해결해야지,12
찢을,12
차가울,12
궁금하다,12
굽히지,12
물음표,12
자르게,12
자루,12
자루에,12
새로고침,12
새들을,12
자매를,12
차관님,12
찢어지고,12
찔려서,12
찔렸어,12
굶주리는,12
번밖에,12
번식을,12
않았을텐데,12
않았었어,12
않았더라도,12
않으셔서,12
않더라구요,12
않는대,12
로라의,12
해달래,12
가십쇼,12
가온뫼,12
가시겠어요,12
레이니,12
해내려면,12
해낸거야,12
너무해요,12
빨아서,12
찍죠,12
넘겨주지,12
물체의,12
자수를,12
상황인가,12
넘겨요,12
넘어질,12
자막을,12
찍었다고,12
궁수,12
너희보다,12
자신감에,12
자신감은,12
자신들만의,12
보이길,12
번키는,12
보이겠어,12
해볼만,12
보이는거야,12
해변가에,12
해보셨어요,12
로마인들은,12
자유라고,12
숫자의,12
로데오,12
로드가,12
않는한,12
않는다는걸,12
렘페이지,12
해보자구요,12
반격을,12
쫓아오고,12
너만은,12
상태였죠,12
자유도,12
쪽이죠,12
너일,12
자야겠어요,12
숨쉬기가,12
자슥,12
쫓아온,12
쫓아내는,12
빨리가,12
쬐끄만,12
쭉쭉,12
권리야,12
자전거에,12
가볼까요,12
로뮬런,12
로만이,12
앉아있지,12
로마와,12
가봐야해,12
해봤잖아,12
뭐길래,12
상태라면,12
뭍은,12
상쾌한,12
너네를,12
상하이에서,12
자전거도,12
자전거로,12
뭐다,12
자주는,12
귀하신,12
규모를,12
짝퉁,12
짤렸어,12
냉장고에서,12
자제,12
로바토,12
않겠군,12
로렌츠,12
자원봉사,12
째는,12
짰어,12
귀엽기도,12
쪽바리,12
작년의,12
뭐라니,12
작동할,12
뺏기지,12
빼입고,12
내쫓아,12
상처받고,12
내용입니다,12
뭐든지간에,12
규칙으로,12
짜식이,12
냅,12
징조,12
징역,12
냇,12
자체도,12
안하셨어요,12
안했습니다,12
너도밤나무,12
짜증난다고,12
짜증을,12
작살,12
뭐라던,12
뭐라던가,12
보여지는,12
해상,12
로버트는,12
해봤는데요,12
해봤다고,12
가브리엘이,12
가사는,12
메스가,12
안통해,12
해서야,12
번쩍이는,12
가르쳤지,12
로지가,12
메모는,12
메리에게,12
쉘던,12
보여줬는데,12
해야할까요,12
로스트,12
로스랑,12
해야겠습니다,12
해안경비대,12
가버렸잖아,12
안톤이,12
박테리아가,12
뺏어가,12
작성한,12
낼까,12
작용,12
안전한가,12
롤라는,12
번호판은,12
잔씩,12
짓으로,12
짓들이야,12
짓거릴,12
빼앗았어,12
상점에서,12
작정인가,12
짓까지,12
로즈를,12
안정적이지만,12
안정제를,12
가문에서,12
가발을,12
안와르,12
안정감을,12
쉘든이,12
안드레와,12
안드레의,12
해오던,12
해와,12
해제할,12
가만있어요,12
해주는게,12
해주겠지,12
그것좀,12
그날부터,12
집중하도록,12
집중력이,12
잔거야,12
내일까진,12
잔해에서,12
내용인데,12
작아진,12
상징을,12
잘려,12
뭐였을까,12
그것들에,12
잘리는,12
박스트롤,12
뻔하고,12
쉬웠어,12
메레디스가,12
루벤이,12
안심해도,12
안심시키고,12
해준다는,12
벌어졌습니다,12
안보를,12
상세하게,12
잘했다는,12
잘해보려고,12
집무실에,12
집밖으로,12
그대들은,12
집에가,12
내면에서,12
내려오게,12
내렸죠,12
내려줄게,12
잘했죠,12
내려왔어,12
뺨,12
상실의,12
상식을,12
안좋아서,12
안좋아해,12
안봐도,12
안와요,12
루는,12
루루루루,12
잘나신,12
내리신,12
잠옷을,12
잠수를,12
내려간,12
가깝습니다,12
보여야지,12
가라데,12
핸드폰에서,12
안된다니까,12
짐승같은,12
짊어질,12
잠좀,12
잡담은,12
박수로,12
뽀뽀하고,12
박사한테,12
잠깐잠깐,12
안들리는데,12
그딴거,12
집니다,12
짐의,12
내놓은,12
그들로부터,12
그라햄,12
그때서야,12
안받고,12
안맞아,12
해주신다면,12
해주십쇼,12
안됬어,12
안될거라고,12
루시스는,12
안먹고,12
잡아먹힐,12
내기에서,12
잡아다가,12
악화시킬,12
안났어요,12
안도감을,12
슈레더를,12
메디가,12
그래줄,12
그래프,12
질문하고,12
질문들이,12
질문엔,12
잡았으니,12
그랜더슨,12
상사야,12
루프트한자,12
안되겠네,12
내려갔어,12
질리지,12
박사요,12
뼈의,12
질서가,12
뽑으면,12
핵심입니다,12
핵무기,12
해피는,12
쉬지않고,12
루실,12
가로질러서,12
벌어지기,12
루프는,12
진행되지,12
질긴,12
잤거든요,12
스내처,12
리온,12
했더군요,12
했더라면,12
벌이야,12
났니,12
뽑기,12
질러서,12
질렀어,12
장교들이,12
낮습니다,12
장난감이야,12
뿌릴,12
가까워질,12
했으니깐,12
가깝다,12
내놓으면,12
장난하니,12
장난치고,12
장담합니다,12
났으니,12
메디나,12
했다는데,12
룸메이트는,12
안냐,12
보안팀,12
가드,12
했는걸,12
가두어,12
뭘했는지,12
낫길,12
장래,12
장래에,12
장담하지만,12
장면이야,12
그러마,12
그러든가,12
그러기를,12
진짜루,12
진짜를,12
뮤지션,12
장본인이,12
바하,12
뿐이네요,12
뿐이니까요,12
안개를,12
안간힘을,12
안갈거에요,12
리사의,12
리무진을,12
악몽같은,12
리버런을,12
납득할,12
벌었어요,12
했었다고,12
가는지도,12
했듯이,12
안그럴거야,12
했던데,12
메그가,12
리듬에,12
가기엔,12
범블비를,12
범생이,12
행동이지,12
아프지만,12
리치가,12
리아나,12
리앤,12
장엄한,12
릴라,12
악몽에서,12
악마에요,12
리스는,12
행동하게,12
행동이라고,12
리의,12
재건할,12
재건술,12
재갈을,12
재떨이,12
재닛,12
장악하고,12
남편보다,12
장작을,12
진정해봐,12
남자였어요,12
남자인,12
재는,12
바퀴에,12
진입합니다,12
진은,12
남자하고,12
아픈거,12
리코가,12
행성엔,12
家,12
리포트,12
아프거든요,12
멍청해요,12
멍청히,12
재미있다고,12
재미없지,12
재미있겠다,12
마감,12
리카,12
리처드와,12
스미스입니다,12
아픕니다,12
진범을,12
진도가,12
남자라도,12
남자보다,12
남자애를,12
재미있을거야,12
상관없고,12
상관없는데,12
아픔은,12
상관있어,12
미국인은,12
진상,12
그러지도,12
뿐일,12
삐에로,12
뿜어져,12
ㅆ,12
보상할,12
아파트의,12
링에서,12
릴리아나,12
립스틱이,12
행한다,12
행해지고,12
사격해,12
사건이지,12
남자네,12
남자다,12
재밌나,12
재밌어서,12
아인슈타인이,12
허가받은,12
직속,12
직시해야,12
직업과,12
그럴거라고,12
직경,12
재산의,12
남았는지,12
재울,12
멍청하다,12
息をしてみて,12
범죄야,12
허가해,12
직전이에요,12
그런것도,12
재치있는,12
바쳐야,12
잭슨과,12
아울러,12
마리화나를,12
마님이,12
아줌마를,12
아줌마야,12
마누벤스,12
마녀들이,12
그럴싸한,12
지휘실,12
지휘하고,12
그렇다구요,12
지키는게,12
그렇기는,12
재혼을,12
재호,12
마나브,12
남자들에게,12
삶이에요,12
지키려면,12
그럴께,12
지휘관님,12
지휘관은,12
지혈,12
보셨어,12
아카츠키의,12
아침이네,12
아침이다,12
아침이라,12
아티,12
아티스트가,12
멍멍아,12
저기는,12
남김없이,12
남기로,12
남근을,12
저기있다,12
그리웠어요,12
그리스월,12
그리슬,12
살해했어요,12
저년은,12
지출,12
그레이에요,12
바이러스와,12
지켰습니다,12
지켰지,12
남성으로,12
마르고,12
멋진지,12
스카로사,12
스쳐,12
쟤네는,12
남겨두는,12
날이잖아요,12
지켜줘야,12
허락하면,12
보복,12
보병,12
마담이,12
아일랜드계,12
범죄자야,12
허락한다면,12
허락할게,12
아이들이요,12
허세를,12
허벅지에,12
허블은,12
허먼이,12
9시간,12
마르셀라,12
아이들에겐,12
미를,12
미루고,12
멈춰야해,12
9시까지,12
헌팅,12
헌법에,12
스카티,12
마드모아젤,12
저새끼,12
날아간,12
날아가고,12
저장하는,12
저여자는,12
저읍시다,12
저에게도,12
저러나,12
그리워서,12
지원팀,12
지지하고,12
그렸지,12
날리면,12
바이다,12
지원하지,12
저승,12
헤더가,12
헤어져서,12
8월에,12
법안이,12
법무부에서,12
법안,12
헛기침한다,12
90분,12
날들,12
사납게,12
그릇은,12
그레이조이의,12
살필,12
스타니스는,12
헤로인을,12
헤르난데즈,12
바에요,12
지워지지,12
난장이가,12
사기꾼이,12
지어요,12
지워야,12
그림스비,12
저질렀습니다,12
마련입니다,12
아이들이야,12
마리아와,12
스캔이,12
아이까지,12
저번처럼,12
저버리지,12
지역이야,12
아버지에겐,12
헨쇼가,12
보도를,12
헬륨,12
헨젤과,12
법이지요,12
법원이,12
마신거야,12
적군을,12
지방에,12
그보다는,12
그물을,12
난리예요,12
난장판,12
아름다움에,12
아리아리랑,12
적어주세요,12
살인자라고,12
적어놔,12
지배하지,12
지배한다,12
지속,12
그만하시죠,12
적습니다,12
8시까지,12
아쉽다,12
마무리는,12
아스트라가,12
아실텐데요,12
마수드,12
살펴보세요,12
지시는,12
현실에선,12
마완,12
아몬드,12
아무렴요,12
마약도,12
멈출거야,12
6번이나,12
헷갈리는,12
낚시는,12
그웬돌린,12
그자들이,12
적용,12
난동,12
난거지,12
아들은요,12
현실이에요,12
나하곤,12
전과를,12
그을,12
지뢰,12
그애의,12
적혀있어,12
적출,12
낚시나,12
아버지들은,12
헤치지,12
보래이,12
아미티빌,12
적들에게,12
적셔,12
적혀있어요,12
미소는,12
낙서,12
미스터리,12
마함의,12
마일즈씨,12
마일라,12
아르바이트를,12
아론,12
아랏,12
바빴거든,12
미스테리가,12
살에,12
미술관,12
지내려고,12
지낸다고,12
지낼거야,12
그쳐,12
마주보고,12
아리랑,12
적절히,12
살이나,12
전대원,12
전달하는,12
전동무,12
살았답니다,12
6개월이,12
5학년,12
아리카라,12
멈추길,12
마을에는,12
스타일즈의,12
스타인,12
멀쩡할,12
나타나지도,12
마커스의,12
아닌데다,12
스테이지,12
5분마다,12
협정이,12
협조하면,12
5명은,12
바비랑,12
전문가들은,12
나초,12
나치라고,12
살았었어,12
살았거든,12
전력으로,12
전령을,12
미스터리한,12
사라져도,12
바보죠,12
지났잖아,12
나중으로,12
전부지,12
전보,12
근,12
아들이자,12
스테이시가,12
법정의,12
혈류,12
혈관은,12
아님을,12
스테이시는,12
스탠이,12
4차원,12
4월에,12
스토크맨,12
협회에서,12
형사님과,12
500미터,12
50개,12
막히면,12
지났으니,12
지구에선,12
지금에,12
지금와서,12
극복해야,12
극소수의,12
지난주엔,12
먹힐거야,12
전례,12
근무하고,12
근처에요,12
지글러,12
근처도,12
근원을,12
근방에서,12
바보예요,12
5마일,12
마키스,12
혈액에서,12
협력하고,12
아니었으니까요,12
아니었을까,12
아니었음,12
아니였으면,12
나이테,12
나이아가라,12
전액,12
만드니까,12
아깝게,12
4달,12
호기심을,12
호되게,12
글레이브,12
전염병에,12
전염성,12
살아보고,12
살아야만,12
살아났어요,12
글에,12
증오는,12
멀뚱히,12
전요,12
나와주세요,12
전장을,12
전장의,12
증상으로,12
글로리의,12
바보도,12
스토익,12
스텔라는,12
아니었거든요,12
형님을,12
호스맨이,12
호스트들이,12
45분에,12
만나겠다고,12
전투로,12
전체는,12
나왔군,12
나왔군요,12
살아남으려고,12
미안하네만,12
즐기기,12
즐겼어요,12
증명하려는,12
전해드려,12
사람들이고,12
바바라가,12
증강,12
증거들이,12
전통적으로,12
전투기가,12
아니겠나,12
베라가,12
베는,12
아내잖아,12
먹힌,12
증거라도,12
증거물,12
금연,12
호를,12
호스맨은,12
아니겠소,12
아니겠지요,12
형편없이,12
호레이스,12
호랑이랑,12
만날까요,12
아날로그,12
만든거에요,12
아내로서,12
만났으니,12
만들거에요,12
만들겠다,12
아깝지,12
만드는건,12
호의로,12
호스트의,12
40세,12
만능,12
만났거든,12
보낼거에요,12
보낸거,12
아나보지,12
미용실에서,12
전화까지,12
나오나요,12
나오는게,12
증명서,12
사람들과는,12
사라진게,12
보내줄래,12
바르드,12
즐기러,12
나오거든,12
바로잡고,12
바로잡는,12
바로요,12
바로우,12
즉각적으로,12
미인,12
살리는데,12
미워해요,12
전화했을,12
줘야만,12
전화하셨어요,12
절실히,12
살려줄,12
절개술을,12
미즈시마,12
나아간다,12
절개로,12
나서부터,12
쥐새끼처럼,12
기각,12
급이,12
3장,12
혻난,12
혻내가,12
호흡도,12
혻미셸,12
씩이나,12
씨발새끼,12
씻어내고,12
만들어줘요,12
만들곤,12
먹이면,12
보내렴,12
씻은,12
스팅거,12
아가씨도,12
아가씨랑,12
혼자요,12
3배나,12
혼수상태로,12
스포츠가,12
쓴다고요,12
만들지는,12
만들어지지,12
나뿐만이,12
씨닝,12
홀리요크가,12
혼합물을,12
홀리데이,12
보내드리겠습니다,12
보내드리죠,12
스펀지를,12
보내자고,12
중점을,12
절반도,12
절반만,12
살려주고,12
쏘리,12
베리가,12
베르나데트,12
쓸어,12
젊은이들을,12
기관총을,12
기관지,12
바람피운,12
사람밖에,12
절제술이,12
사람이라서,12
중인지,12
360도,12
화난건,12
화가나서,12
쏘지마세요,12
만화를,12
만큼요,12
만하지,12
먹는다면,12
슬래피,12
쓰리쓰리랑,12
쓰여서,12
베이더,12
베었어요,12
스피디,12
홍영수,12
35초,12
점심식사,12
사람이랑은,12
기다리겠어요,12
중요해서,12
나쁜일이,12
나쁜놈이,12
나쁜데,12
많던데,12
접어두고,12
나뭇가지를,12
접속할,12
