word,count
ir,143140
aš,133795
tai,121752
kad,108299
tu,101541
ne,91962
taip,85264
jis,75148
ką,73102
čia,68253
į,63933
kaip,62668
ar,61881
su,61512
kas,57710
o,57697
man,57556
gerai,55081
mano,49531
bet,48150
iš,47461
mes,46325
tik,40467
tau,39251
ji,35383
yra,34292
jie,32253
jei,31942
tavo,31318
buvo,30558
savo,29746
kur,29208
kai,28855
mane,28715
dar,28700
jūs,27734
dabar,26644
apie,25915
viskas,25619
jį,25615
tave,24634
jo,24390
jau,23111
to,22790
labai,22677
ten,21154
reikia,20740
už,19980
turi,19843
po,19469
kodėl,19419
nieko,19024
mūsų,18561
dėl,18261
per,18226
nors,17512
gali,17195
jūsų,16987
gal,16753
tikrai,16672
Na,16625
ačiū,16211
nuo,16155
nori,16116
ko,16058
turiu,14484
bus,14256
jos,14058
štai,13830
ją,13298
manęs,13227
mums,12970
būti,12845
jam,12747
jums,12688
visi,12488
nes,12408
noriu,12217
pone,12212
žinai,11936
juk,11729
Ei,11549
tavęs,11395
tiesiog,11365
tą,11258
žinau,11230
nagi,11049
nėra,10945
daug,10875
tas,10824
ant,10803
tada,10705
viską,10570
prie,10499
jų,10357
iki,10138
juos,10025
prašau,9987
Labas,9941
nežinau,9782
vienas,9719
prieš,9703
daugiau,9504
mus,9410
galiu,9127
manau,9102
jus,8764
vis,8747
negaliu,8445
pas,8386
tiek,8364
pat,8193
taigi,8009
toks,7988
kol,7912
net,7897
be,7879
Dieve,7854
kiek,7728
nei,7673
koks,7562
esu,7535
žinoma,7525
mama,7464
pats,7204
būtų,7134
esi,6955
niekada,6870
kartą,6654
tiesa,6648
pasakyti,6547
visą,6484
geriau,6471
niekas,6432
atsiprašau,6397
vieną,6387
jog,6371
turime,6366
kada,6353
eime,6343
negali,6337
jai,6334
kuris,6334
kuo,6232
atrodo,6221
greičiau,6129
šiandien,6128
žmonės,6069
todėl,6045
eik,5983
aišku,5873
metų,5858
palauk,5795
arba,5753
tuo,5743
laiko,5726
atleisk,5721
vėl,5464
manai,5459
patinka,5422
jeigu,5323
šį,5175
visai,5170
tėti,5151
kartu,5147
nereikia,5136
sveiki,5085
du,5081
buvau,5061
puiku,5030
visada,5022
kam,5022
tuoj,4890
ta,4885
namo,4853
žmogus,4828
tačiau,4779
kažkas,4755
klausyk,4749
jiems,4729
darai,4699
juo,4657
visus,4650
sakė,4636
padaryti,4599
irgi,4452
eiti,4411
šūdas,4408
geras,4396
nenoriu,4378
a,4368
sveikas,4302
daryti,4271
kokia,4216
tokia,4202
nutiko,4158
galbūt,4095
gi,4094
visa,4093
viena,4092
kurie,4065
kitą,4038
padėti,3985
tam,3983
i,3942
dieną,3931
šis,3919
nė,3902
žmogau,3900
reiškia,3785
sako,3777
maniau,3772
pasakyk,3764
myliu,3748
velnias,3741
sakiau,3732
žmonių,3721
sau,3692
galima,3666
pinigų,3655
tavimi,3608
manimi,3596
bent,3588
turbūt,3578
tikras,3556
supratau,3511
velnių,3501
nebuvo,3455
norėjau,3389
laikas,3332
buvai,3300
kurį,3295
norėčiau,3295
tėvas,3284
paskui,3249
supranti,3239
matai,3237
vyras,3233
toliau,3212
vyksta,3203
pirmyn,3181
suprantu,3173
turim,3172
diena,3150
vardas,3147
pažiūrėk,3085
tie,3079
atgal,3068
metus,2985
neturi,2978
metu,2978
duok,2965
puikiai,2963
žiūrėk,2932
darbo,2931
lyg,2904
ja,2897
jokių,2895
malonu,2884
kažką,2877
liaukis,2870
sere,2858
šią,2847
Saša,2840
rimtai,2829
žino,2823
ponia,2803
greitai,2800
darbą,2800
tikiuosi,2790
manim,2767
kuri,2723
laiką,2715
matau,2715
ateik,2708
tuomet,2705
ši,2677
pati,2676
tavim,2676
gera,2669
galime,2668
mačiau,2658
gyvenimą,2655
visas,2625
nuostabu,2623
visų,2621
galėčiau,2620
teisingai,2596
visiškai,2587
rytoj,2583
naktį,2553
pinigus,2535
turėjo,2530
tokio,2527
šito,2518
tėtis,2512
Tania,2505
viso,2499
beveik,2484
tarp,2481
pasakė,2472
tikriausiai,2465
sakau,2451
turite,2445
šiek,2436
leisk,2424
lr,2422
kartais,2422
atleiskit,2422
žinoti,2421
sunku,2409
nebus,2393
anksčiau,2392
save,2379
nesu,2378
atsitiko,2373
draugas,2370
tos,2365
ilgai,2357
trys,2353
vieta,2352
neturiu,2351
truputį,2339
gana,2325
labiau,2324
darbas,2308
duris,2305
turėjau,2276
vėliau,2268
tuos,2267
dvi,2240
vadinasi,2230
visiems,2227
turėtų,2215
pamatyti,2195
sakei,2193
kalba,2180
vaikai,2176
šitą,2159
žmona,2150
nesuprantu,2148
kitas,2145
tiesą,2144
tikra,2102
daro,2096
ka,2092
nesvarbu,2088
Kuzia,2084
vakar,2081
matyti,2075
mergina,2067
šio,2059
einam,2052
šios,2048
einu,2040
vietą,2039
būsiu,2024
pagalbos,2020
vaikas,2010
paklausyk,2007
nemanau,2006
pasakysiu,2000
sūnus,1994
pasakiau,1991
žmones,1985
kalbi,1980
sekasi,1979
jas,1978
abu,1976
nenori,1960
tokie,1956
niekad,1953
būtent,1951
padėk,1948
galite,1948
draugai,1946
būčiau,1945
moteris,1945
jumis,1944
būk,1933
būt,1925
liko,1922
tų,1920
girdėjau,1908
mašiną,1906
vos,1902
teisus,1899
sveika,1897
vyrai,1896
kokį,1895
laukia,1892
pasikalbėti,1888
blogai,1888
pirma,1880
vardu,1880
galvą,1879
pro,1875
grįžti,1874
gyvenimas,1872
rankas,1869
padarė,1860
gaila,1859
kelias,1854
kita,1845
kurią,1842
padarei,1839
mieloji,1837
minučių,1836
negalima,1835
gero,1832
vienintelis,1831
dienos,1830
žinote,1816
žinot,1815
tiesiai,1799
vieno,1784
ponas,1783
kapitone,1782
ramiai,1778
norite,1776
reikėjo,1769
daktare,1769
gyvenimo,1767
Atleiskite,1760
nesijaudink,1751
visos,1747
žemės,1745
kiekvieną,1730
mirė,1729
šalia,1725
rytas,1717
atrodai,1712
eina,1711
Aha,1709
galėtų,1709
akis,1703
kurios,1701
kito,1688
pagal,1684
panele,1680
kuriuos,1680
girdi,1679
pirmas,1675
turėčiau,1671
matei,1667
pasaulio,1658
dalykas,1648
kitaip,1640
kiti,1635
vaikų,1633
namuose,1632
esame,1630
tris,1627
klausau,1626
dievo,1619
būsi,1619
as,1616
reikės,1616
tad,1610
niekam,1607
mirties,1603
galėtum,1601
šiuo,1600
vaikinai,1598
seniai,1596
visko,1592
šeima,1591
gyvas,1589
turėtum,1588
metas,1581
pavyko,1580
Jėzau,1579
namų,1578
kalbėti,1575
Džekai,1574
radau,1567
mumis,1561
vandens,1561
Maiklai,1560
jokio,1557
mintis,1554
supratai,1544
esate,1540
pasaulyje,1536
m,1535
tokį,1535
Oho,1534
eikš,1532
šitas,1531
pagaliau,1529
nužudyti,1527
namie,1523
myli,1522
savaitę,1521
žmogaus,1520
atėjo,1519
geriausias,1518
vietos,1517
galėjo,1514
nepatinka,1513
niekur,1504
galim,1504
kelio,1497
Alio,1491
norėjo,1488
gyventi,1487
galais,1482
keista,1477
pasakyt,1475
baik,1475
greit,1474
graži,1474
vaikinas,1471
dievas,1471
veikia,1470
palaukit,1464
įdomu,1463
sakyk,1462
namus,1460
mašina,1459
teks,1454
brolis,1452
ginklą,1452
patikėti,1450
prašom,1444
oro,1443
gyvenime,1443
dolerių,1441
cia,1437
pirmą,1434
padariau,1432
rasti,1423
ponai,1421
bėk,1419
kurio,1419
šeimos,1410
dalis,1407
šitaip,1398
gauti,1398
pasiruošęs,1394
vietoje,1391
pasaulį,1385
šiaip,1384
tokių,1383
užsičiaupk,1379
drauge,1373
lauk,1369
vien,1369
negerai,1366
Ak,1366
toli,1365
imk,1365
palikti,1363
beje,1356
svarbu,1355
tarsi,1350
tegu,1348
sakai,1341
negi,1341
negalime,1339
dėkoju,1330
jais,1329
dingo,1328
motina,1324
gyvena,1321
žmogų,1316
kitų,1315
pusę,1314
dėmesio,1311
paskutinis,1309
pinigai,1308
puikus,1307
atsargiai,1306
dirbti,1305
merginos,1303
ranką,1298
kažkur,1297
būtum,1288
surasti,1283
drauguži,1283
didelis,1280
būna,1277
ateina,1277
suprasti,1274
kelią,1273
problemų,1271
baigta,1271
meilės,1270
pakankamai,1270
kokie,1267
eisiu,1263
tokios,1261
vyrukas,1258
naują,1257
mielasis,1257
brangioji,1246
pasaulis,1242
išeiti,1235
reikalas,1233
mažas,1229
pasakei,1227
miesto,1225
Ala,1224
mašinos,1221
sėkmės,1219
istorija,1215
komanda,1212
kokios,1210
dienas,1210
šiame,1206
vakarą,1204
svarbiausia,1200
norit,1200
iškart,1199
grįšiu,1199
argi,1198
galvoje,1197
kalbu,1194
metai,1193
visur,1191
dienų,1191
velniop,1191
tiesų,1189
nebūtų,1186
karo,1183
galvos,1178
policija,1178
Oi,1177
gražu,1177
priklauso,1177
Džonai,1176
šįvakar,1175
laikykis,1173
bijau,1171
sakyti,1170
neįmanoma,1169
paleisk,1168
jaučiuosi,1168
stok,1168
žemyn,1164
džiaugiuosi,1163
išėjo,1163
patiko,1162
čionai,1161
tėvo,1159
nelabai,1159
važiuojam,1158
juokinga,1156
skamba,1155
naujo,1154
žinojau,1152
berniukas,1151
šie,1148
šaunu,1148
mudu,1148
kurių,1146
eini,1144
smagu,1139
vardą,1138
geriausia,1136
nužudė,1135
dalykų,1134
neblogai,1133
vaikus,1132
jokios,1132
parodyk,1130
galėtume,1129
galvojau,1127
paimk,1127
puiki,1125
tokiu,1116
turit,1113
dviejų,1111
padarysiu,1111
nenorėjau,1110
kambarį,1110
dirba,1105
klausimas,1103
nežinojau,1103
omeny,1102
gražus,1100
susipažinti,1098
dėkui,1096
šaunuolis,1093
maisto,1082
tikrųjų,1080
senas,1079
kiekvienas,1076
bičiuli,1075
sakant,1073
norėtum,1072
mirti,1072
nebėra,1072
aplink,1071
pavyks,1070
mažiau,1069
panašu,1068
patys,1068
nežinai,1067
pradėti,1066
prisiekiu,1065
lipk,1063
patį,1061
miela,1059
sūnau,1058
sveikinu,1057
leisti,1055
pala,1052
paliko,1046
darau,1042
kitos,1040
padėkit,1038
daryt,1037
pasakysi,1034
turėti,1033
sužinoti,1032
daktaras,1031
ateis,1030
nesąmonė,1029
valandų,1028
įvyko,1025
valandą,1024
skauda,1016
kartų,1016
nežino,1016
tuojau,1016
valandas,1016
baigėsi,1015
viduje,1014
kokią,1012
keletą,1011
pamaniau,1007
problema,1004
tapo,1004
namai,1000
tame,997
paklausti,996
durų,996
palik,993
žmonėms,992
proto,992
kažkoks,990
rankos,989
susitikti,988
veiki,988
kelių,988
jaučiu,987
kraujo,985
vakaras,982
planas,978
d,978
eikit,973
pameni,967
Silvestrai,967
veidą,964
lš,964
miestą,963
norėjai,960
ryte,959
nusiramink,958
grįžk,958
likti,958
nakties,957
savęs,955
tėvai,950
būdu,950
dukra,948
mėšlas,947
brangusis,946
atidaryk,946
karalius,945
tinka,945
meilė,941
pažiūrėti,938
vietoj,937
kokio,936
atėjau,936
tokią,934
paskutinį,931
Džo,929
savimi,928
parodyti,928
mergaitė,928
daiktus,927
kelis,924
stalo,923
laivas,923
the,922
šių,920
geros,920
laivą,920
namą,920
girdėjai,919
minutėlę,919
šioje,919
Dievui,916
šiuos,915
laiku,914
galit,910
paprasta,904
dirbu,904
val,904
reikėtų,903
užteks,900
vyrų,899
galva,899
netgi,899
pasisekė,897
Tomai,896
galvoju,895
regis,895
gavau,895
lauke,894
pasitrauk,891
ponios,889
filmas,886
nuostabus,885
turėsi,884
ryt,883
važiuoti,882
lik,882
vienos,882
nerūpi,879
galvoji,879
karas,878
galėsi,878
rūpi,877
apgailestauju,876
kelkis,875
nemačiau,875
atveju,874
pažįstu,872
ypač,872
nekenčiu,871
pradžių,871
kvailas,868
nesi,865
mieste,865
seni,864
pažadu,862
dažnai,861
naujas,860
buvome,857
labanakt,856
negalėjau,855
nurimk,854
davė,853
kalės,853
padaryk,853
paskambinsiu,853
žiūri,852
turėtume,852
dalykus,852
pakeisti,851
maža,851
panašaus,850
pažvelk,850
kavos,850
vyrą,849
pradėjo,849
ranka,849
kuriuo,845
valandos,844
kartus,844
policijos,843
minutes,842
kažko,841
jautiesi,841
Prakeikimas,840
tikiu,837
vienu,836
trijų,835
tapti,835
mamos,834
šeimą,834
nuolat,833
darosi,833
nesakyk,829
kitus,828
kvaila,828
miręs,827
šiąnakt,826
paimti,824
Deividai,824
kadangi,823
laikyk,821
vaiką,821
gyvybę,821
kokių,821
Sara,818
metais,817
bloga,816
bei,816
privalai,816
būdas,815
vidun,814
prakeiktas,814
draugų,814
apsaugos,812
vyručiai,812
sūnų,812
išgelbėti,811
gerą,809
gavai,809
dedasi,809
daryk,807
Semai,806
gale,806
merginą,805
pasiruošę,805
važiuok,804
patikėk,803
namas,801
deja,801
niekuo,799
geri,799
jėga,797
turėjai,797
lengva,797
juokauji,797
mielas,797
vienintelė,796
bandau,796
duoti,794
tegul,793
netrukus,793
negyvas,792
kieno,792
parodysiu,791
žmoną,790
nesupratau,790
link,789
virš,789
JAV,787
mirtis,785
teisi,784
neturime,783
durys,782
dink,782
pasiimti,780
išskyrus,780
numeris,779
mėnesius,779
skirtumas,778
panašiai,777
mėnesį,776
is,776
dešimt,774
istoriją,773
ryto,773
prasidėjo,772
širdis,771
prasideda,771
u,767
planą,767
sutinku,766
žinome,766
pietų,766
padės,765
paskubėk,765
kambaryje,764
pabaiga,763
vėlu,762
tėve,762
nesupranti,762
pasilikti,761
nuostabi,760
blogas,757
kovos,757
biče,756
telefoną,756
porą,755
arti,754
moka,754
Taniuša,752
šakės,752
gražiai,752
nebuvau,751
penki,751
keturi,750
praėjo,749
ginklus,748
įmanoma,748
ateiti,746
širdies,745
žodis,745
tiksliai,745
miegoti,744
mokyklos,743
pamiršau,741
Sania,740
paprastai,740
rado,740
galėjai,740
paties,739
brolau,739
negu,737
Andrejyčiau,736
nematau,735
vakare,735
manote,735
telefono,734
vyro,733
Džonas,733
galas,733
nedaryk,732
tiki,732
Goša,732
šita,731
varyk,730
sekundžių,728
didelė,728
neįtikėtina,726
oh,726
būtinai,725
ginklų,725
sienos,725
karto,724
tėvą,722
you,721
Amerikos,720
visuomet,719
galėjau,716
knygą,714
sesuo,712
stovi,712
mokyklą,712
bėgam,711
šiol,711
nauja,711
daiktas,711
moterys,710
matote,708
turėsiu,708
savaites,708
pažiūrėkit,706
pusėje,706
staiga,705
pažįsti,705
pasirodė,703
atvykę,702
vadina,702
vieni,702
bandžiau,702
va,700
sustabdyti,700
kaltas,699
klausimą,698
pakalbėti,698
karą,697
kitam,697
kvailys,697
spėju,697
mamą,697
atrodė,696
tokius,693
velniai,693
rodo,692
tikro,691
pakaks,690
prisimeni,690
naktis,689
pusės,689
žuvo,688
ieško,688
duosiu,688
elgtis,687
paskambinti,687
alaus,686
labiausiai,686
kapitonas,685
vaike,685
eit,684
klausykit,684
kaltė,684
laukti,682
miestas,682
sėdi,681
nebent,680
vakaro,680
pusė,678
grįžo,678
norime,678
dalykai,677
atėjai,677
matyt,677
papasakok,677
žaisti,676
Benai,676
eikite,675
dr,675
dalį,673
negalėjo,671
išgerti,671
vienam,671
bando,671
matė,671
palaukite,670
kraujas,669
pamatysi,669
galo,669
sistema,669
išties,669
Laba,669
vidų,668
reikalų,668
prireiks,666
atvirai,666
pora,666
paskambink,665
žaidimas,665
judam,665
laimingas,664
galiausiai,664
varom,664
padėsiu,663
baisu,663
judu,663
atiduok,663
žiūrėkit,662
mesk,662
prisimenu,662
taksi,662
žiūrėti,662
ugnis,660
maždaug,660
mažai,659
dovana,657
minutės,656
sunaikinti,656
berniukai,656
Viešpatie,656
šalį,655
min,654
žinojo,654
visad,653
pirmasis,650
teko,649
laivo,649
žodžio,649
rodos,649
filmą,649
Nejaugi,648
amžinai,648
parašyta,648
leiskite,648
mielai,647
galėsiu,646
šiaurės,645
kuria,644
matęs,644
kambarys,644
pavyzdžiui,642
paskutinė,642
žinutę,640
laiminga,638
pasiimk,638
p,637
kalbėk,635
pernelyg,635
lovą,635
kasdien,635
panašus,634
nebe,633
kažkaip,633
baigsis,633
eilė,631
padėt,631
patekti,631
pasitikėti,631
lengvai,630
keliu,629
padaryt,629
akys,627
laikaisi,627
reikalo,627
širdį,626
klausimų,626
Frenkai,625
mergaitės,625
bandė,624
ieškoti,624
it,623
girdžiu,623
valgyti,623
ilgiau,623
rytą,622
informacijos,621
atvyko,620
laikai,620
žodį,620
trūksta,619
vaiko,619
sudie,618
moterį,618
patiks,617
vanduo,617
gėda,616
jausmas,616
Gena,616
maldauju,616
kitu,615
skambino,615
įsitikinęs,615
sėsk,614
mamai,612
gavo,612
omenyje,612
paaiškinti,612
arbatos,611
ramybėje,610
paimsiu,610
draugė,609
pasirodo,609
akių,609
Los,608
kokiu,607
pamiršk,607
karšta,606
būsime,606
antra,604
šuo,604
blogiau,604
ieškau,603
dirbi,603
pirmiausia,603
kurias,601
baigiau,601
kūną,600
komandos,600
privalau,599
verta,599
žemę,598
sustok,598
tol,597
velnio,597
viršų,596
mirtį,595
mokykloje,595
Maiklas,594
Maikai,593
numerį,593
klaida,593
rankų,592
priekį,592
Karenai,591
mažute,590
anksti,590
knyga,589
radai,589
skolingas,588
prasme,588
b,588
Hari,588
dėmesį,587
priežastis,586
nesakiau,585
pilna,585
atsirado,585
gyveni,585
pavojinga,583
stiprus,582
moki,582
pasimatysime,582
reiktų,582
negalim,579
vyru,579
šikt,578
pabėgo,577
berniuk,577
šou,577
pagalvok,576
super,576
užeik,575
pasiekti,574
žinojai,573
nereiškia,573
viršuje,573
netikiu,573
mirs,572
darote,572
seržante,572
antrą,571
neturėjau,571
jame,571
arčiau,571
Nikai,570
didenybe,570
subinę,570
liaukitės,569
brangute,569
normaliai,569
sena,568
Ana,568
turės,567
nedaug,567
buvote,567
Džordžai,566
telefonas,566
padėkite,566
atlikti,566
šalta,566
paslaptis,566
Maksai,565
pakeliui,565
stipriai,565
kalėjime,565
aukštyn,564
vade,564
šviesą,564
padeda,564
protingas,564
Džekas,563
jokiu,563
kuriam,563
Kalėdų,562
senelis,561
žiedą,561
nutiks,561
šalies,559
veikti,558
veido,558
moterų,557
mėgstu,556
neliesk,556
eisi,556
Frodo,555
laisvas,554
idėja,553
savaitės,553
laukiu,553
Čarli,552
girdėti,552
pamačiau,552
juda,552
vadas,551
leiskit,551
išgirsti,551
toje,550
grįš,550
kūno,549
reikalai,548
netoli,548
gyva,548
akimirką,547
žmonos,547
tais,546
dingti,545
šūdo,544
mamyte,543
vyrus,542
kalė,541
galvoti,541
tėčio,540
rankose,539
blogo,539
žodžiai,539
pagalvojau,539
bėdų,538
sveikatą,538
sūnaus,538
gausi,537
kovoti,537
ligoninę,537
tvarkoj,537
ramiau,537
bičiuliai,536
ties,536
ginklas,536
kalbėjau,536
darbe,535
norėtų,535
kokius,534
daiktą,533
laikau,533
buvom,533
esam,533
tampa,533
šviesa,533
pasikalbėt,533
gyvenu,532
išvis,532
pirmoji,531
bijai,531
y,531
Bobai,530
nebūk,530
giliai,530
nereikėjo,530
sėskis,529
vaikis,529
miršta,529
vandenį,528
proga,528
amžiaus,528
bėgti,528
Tomas,527
name,527
karaliaus,527
kova,525
šviesos,525
artėja,525
keliauti,525
padėjo,523
kuriame,522
istorijos,522
ketini,522
nebūčiau,522
metrų,521
dėlto,521
stengiuosi,520
žemėje,520
dėdė,518
nebijok,518
kartas,518
teisę,518
darysim,517
nepavyks,517
šeši,517
moku,516
milijonų,516
siūlau,516
pabėgti,515
kairę,515
keli,515
draugą,515
žiedas,515
kūnas,514
vaikiną,514
galvoja,513
negalite,513
kažkokia,512
nusprendžiau,512
netiesa,512
teismo,512
nužudys,511
linksma,511
smegenų,511
skambina,511
žodžius,511
nepamiršk,510
buvęs,509
pagalba,509
neseniai,508
paėmė,508
duokit,508
palaukti,508
išvykti,508
apačioje,507
pasirengęs,507
šiam,506
kojų,506
nemaniau,505
sakoma,505
baigtas,505
mėnesių,505
antras,504
sunkiai,503
moters,503
atnešk,503
prezidentas,502
esmė,502
ėmė,501
miega,501
liepė,501
pavojus,501
pamenu,500
stop,500
netyčia,500
aiškiai,500
Bobi,499
tikrą,499
atsiuntė,498
bėda,497
pasikeitė,497
neturim,497
telefonu,496
pietus,496
draugais,496
atvykau,496
darysi,496
verčiau,495
išprotėjai,495
greičiausiai,495
praeitą,495
saugumo,494
itin,493
kojos,493
aukso,493
penkis,492
didysis,492
kamerą,491
Nina,491
dalyką,491
neveikia,490
žmonėmis,490
agentas,489
Sergejevai,489
tikėjausi,489
atsakymas,489
garbė,489
vyrukai,488
nešdinkis,487
jaunas,487
dovaną,487
šia,487
vakarėlis,486
padarys,486
šitai,486
šįkart,486
kojas,485
tučtuojau,485
išeik,485
vakarėlį,485
nugaros,484
šalin,484
žudikas,484
nueiti,484
laimėti,483
žaidimą,483
kiekviena,482
mėgsta,482
nejudėk,482
dirbo,482
vietas,481
minutę,481
brolį,481
daugybę,481
niekaip,480
gyvi,480
vertas,479
vertė,479
vykti,479
pasiilgau,478
valanda,478
suprantat,477
bi,477
pasilik,477
siaubinga,476
reikalingas,476
sekso,476
palikau,476
Džimai,475
kietas,475
Kristau,475
darysime,475
prašyčiau,474
automobilį,474
kompanijos,474
kelnes,474
lieka,473
and,473
langą,473
knygos,473
kale,473
veidas,472
kambario,472
prisiminti,471
kitais,471
energijos,470
gyveno,470
nuotrauką,469
pasirūpinsiu,469
vaikams,469
galimybę,469
keistas,468
matot,467
tualetą,467
dviem,467
s,467
kalėjimą,466
kitur,466
laikais,466
laišką,464
manes,464
panelė,464
vardo,464
žemė,464
pranešti,463
padarysi,463
suprantate,462
saulė,462
susitiksime,461
patrauk,460
manot,460
verslo,460
penkių,459
gausiu,459
atsargiau,459
kitoje,458
žodžiu,457
pačios,457
neturėjo,457
visais,455
dauguma,455
kalbos,455
gatvės,455
mato,454
gyvybės,454
meilę,454
vyruti,454
smegenis,454
nutinka,454
žmogui,453
narkotikų,453
esat,453
šūdą,453
daugelis,452
Nana,452
paleisti,452
pačiu,452
nužudei,451
žodžių,451
TV,450
pamiršti,450
šiknius,449
papasakoti,449
priimti,449
ateinu,449
muzika,448
bijo,448
kompanija,447
generole,447
pradedam,446
galimybė,445
kalbėtis,445
tikri,444
akį,444
baigiasi,444
užduotis,444
prašė,444
išeinu,443
vestuves,443
bose,443
žinių,443
kitiems,442
dėde,442
tyliai,442
sūneli,442
komandą,441
gerų,440
išeina,440
liks,440
laikykitės,440
kalbėjo,440
meile,439
situacija,439
pasirinkimo,439
reikalus,439
šias,439
bėdą,438
brangus,438
žinom,438
Rėjau,438
laikui,437
ai,437
visam,437
apsaugoti,436
nebegaliu,436
tiems,435
ginklo,435
nemanai,434
saulės,434
sumautas,433
pradeda,433
pabandyk,431
baikit,431
traukis,430
daina,430
tikslas,430
neleisiu,430
pavogė,429
sutikau,429
valdove,429
mylių,429
įsivaizduoji,429
neabejoju,428
pamiršai,428
darot,427
išsiaiškinti,427
Aleksai,426
pradėjau,426
teisės,426
šok,426
saugokis,426
protinga,426
svarbus,426
pasimatymo,425
laikyti,425
taps,425
asmeniškai,424
kamera,424
e,424
atsargus,424
galvoj,424
butą,424
idiotas,423
bėga,423
maistas,423
tenai,423
salą,423
paprastas,422
sykį,422
didelį,421
gerti,421
broliai,421
tėvu,419
klausiu,419
Polai,419
problemos,419
del,418
užpakalį,418
broli,418
Niujorko,418
būtume,418
draugo,418
atrodau,417
pagalbą,417
laimės,417
nėr,417
neisiu,417
valdyti,417
mažą,417
šiais,416
saugus,416
dokumentus,416
nejau,416
ateisiu,416
daiktų,415
patikrinti,415
priešais,415
likimas,415
nusprendė,415
koją,415
šventas,415
trumpam,414
dėka,414
tėvui,414
jėgų,414
kautis,414
būsim,414
lengviau,414
dirbau,413
prezidente,413
sugalvojau,413
pačią,413
akivaizdu,413
muzikos,413
lėtai,412
motinos,412
maistą,412
lėktuvą,412
draugus,412
kurioje,412
nuleisk,412
šaunuolė,412
vartus,412
liūdna,412
visu,412
smūgis,412
darbus,411
praleisti,411
baigti,411
apsauga,410
rytojaus,410
daugybė,410
nepavyko,410
kovą,410
pasakys,409
laukiau,409
mažiausiai,409
važiuoja,409
leidimo,409
abi,409
nuostabiai,409
užsiėmęs,408
naujų,408
atsakyti,408
pakelk,408
saugi,408
lygiai,407
susitiksim,407
galėtumėte,406
reikalą,406
kalbą,406
veda,406
KodėI,405
pasirodys,405
paklausykit,405
surask,405
sukūrė,405
sukurti,405
viskuo,405
geresnis,404
tereikia,404
tūkstančių,404
mažasis,404
paslaugą,404
km,402
dešinę,402
gatvėje,402
radome,401
tėčiu,401
pasimatysim,401
turėsime,401
teta,401
galės,401
stokis,401
atleisti,400
vestuvių,400
kalbėt,400
Bili,400
taisyklės,400
pagalvoti,399
melas,399
elgiasi,399
sutvarkyti,399
nežiūrėk,398
žiūriu,398
vyno,397
žudyti,396
klausimus,396
leitenante,395
pokštas,395
šitie,395
armija,395
eisime,395
šįryt,395
priežasties,395
Dima,394
vaikine,394
turėjome,394
vaiki,393
šokti,393
sužeistas,393
parduoti,393
sekėsi,392
dainą,392
nekaltas,392
savaičių,391
vaikais,391
kariai,391
baisiai,391
laive,391
girdite,391
plaukai,391
judinkis,391
Torrent.lt,391
juokauju,390
balsas,390
prastai,390
atnešiu,390
tyliau,390
nepažįstu,389
galėsime,389
mažyte,389
kyla,388
eisim,388
daviau,388
ženklas,388
sprendimas,387
atsipalaiduok,387
dvidešimt,387
darome,386
misija,386
įsivaizduoti,386
pažiūrėsim,385
sunkus,385
naujienos,384
profesoriau,384
ieškojau,384
lėktuvas,384
FTB,384
nuotraukas,384
išgyventi,384
liepiau,384
susiję,384
surasiu,384
taisykles,383
nusispjaut,383
kartoju,383
galia,383
galios,382
prakeiktą,382
centre,382
pasirūpinti,382
kūdikis,382
nekalbėk,382
burną,382
Vika,382
septyni,382
keistai,381
puse,381
grįžau,381
keturis,380
Dievulėliau,380
siaubingai,380
uh,380
motiną,380
pradžia,380
vestuvės,380
sumokėti,380
grįžta,380
grupė,379
staigmena,379
kelionė,379
bomba,379
skaityti,379
pono,379
pasiruošusi,379
aną,379
mokykla,379
palikite,378
ledo,378
dievinu,378
neatrodo,378
ateikit,378
nutilk,377
žvaigždė,377
t,377
kviečia,377
dariau,377
bylą,377
kalėjimo,377
atidaryti,376
vaistų,376
lovos,376
visame,375
filmo,375
šitos,375
ketinu,375
nežinome,374
prašome,374
paprasčiausiai,374
tėčiui,374
suknistas,374
pasiūlymą,374
šunį,373
k,373
jūros,373
tėvų,372
šalis,372
ateitį,372
elgiesi,372
Karlai,372
kvėpuok,372
vakarų,372
rimta,372
žmogumi,372
laikosi,372
kodel,372
didvyris,371
problemą,371
patikrink,371
skyrius,371
sek,371
pasimatymą,371
ketina,370
susitikimą,370
sistemą,370
perduok,370
Deni,369
gaus,369
nebūna,369
smarkiai,369
atstok,369
brolio,369
sužinos,369
aukščiau,369
kaina,369
stogo,368
varge,368
jauti,367
kažkada,366
praleidau,366
Liza,366
šunsnukis,366
policiją,366
suprast,365
priešas,365
norim,365
sugrįžti,365
pasistenk,365
nejuokinga,365
girtas,365
dėI,365
sužinojau,364
sekundėlę,364
skubiai,364
patinki,364
atsikratyti,364
informaciją,364
nuėjo,363
nebūtina,363
mirę,362
tikėti,362
informacija,362
am,362
valio,362
velniškai,362
skanu,361
manei,361
žmonai,361
daiktai,361
Lilia,361
pasakykit,360
darė,360
dažniausiai,360
bėkit,360
prisimink,360
mokytis,360
gimė,360
parašė,360
nustok,360
cha,359
dydžio,359
būsite,359
pažiūrėkim,359
padėtis,359
viens,359
jūrų,359
nedelsiant,358
ima,358
verslas,358
Meri,358
rinktis,358
taves,358
galų,358
kodas,358
skaičius,358
taikinys,358
netiki,357
užbaigti,357
sistemos,357
mašinoje,357
vadinama,356
plaukus,356
mėsos,356
reikalinga,355
mirsiu,355
rūpintis,355
nuotrauka,355
joms,354
atsakyk,354
CŽV,354
vistiek,354
šefe,354
būtina,354
leidžia,354
papasakosiu,354
malonus,353
seka,353
sieną,353
antraip,352
pavardė,352
rytų,352
geriausi,352
būdamas,352
žaidžia,352
vaizdo,352
mum,351
skristi,351
laisvę,351
mirsi,351
Niujorke,350
penkias,350
tėveli,350
didelę,350
užjaučiu,350
grįši,349
nesakė,348
atiduoti,348
Džeimsai,348
neįsivaizduoju,348
paprašyti,347
švaru,347
gimtadienis,347
garbės,347
prasidės,347
kelionės,346
pažiūrėsiu,346
bosas,346
šeimininkas,346
dukrą,346
draugu,346
San,345
sutarta,345
laikų,345
išgelbėjo,345
Jevgenyčiau,344
angliškai,344
nukrito,344
tobula,344
pasinaudoti,344
raktus,344
raktą,344
hmm,344
pasakyčiau,344
suteikti,344
dėkingas,344
palikai,343
laikytis,343
drabužius,343
nekenčia,342
Fredai,342
pabaisa,342
buti,342
l,342
rašo,342
Deividas,342
valgyt,341
baisaus,341
seksas,341
nudėsiu,341
poros,340
privalome,340
priversti,340
jaustis,340
neik,340
teisinga,340
dievu,340
beprotis,339
kelionę,339
šansą,339
pastaruoju,339
salos,339
ateitis,339
ateities,339
ištraukti,339
važiuot,338
pabandyti,338
oras,338
padaryta,338
nemėgstu,338
skausmo,337
signalą,337
prašiau,337
neturėtų,337
nesijaudinkit,337
pasirinkimas,336
gyvent,336
pasiūlyti,336
apskritai,335
Deivai,335
de,335
amžius,335
nematei,335
bandai,335
pamatys,334
susitikimo,334
važiuoju,334
pavojingas,334
atvyksta,334
sudėtinga,334
pulkininke,334
šeimai,334
gėjus,334
koja,333
norėsi,333
padėkoti,333
siela,333
Keite,333
tiksliau,333
rasiu,333
seneli,333
išvyko,333
neleisk,333
tiesos,333
įsivaizduok,332
šiaurę,332
karta,332
kažkuo,332
kalbant,331
klasės,331
pavargau,331
ieškai,331
pagrindinis,331
grįžai,331
sušiktas,330
susisiekti,330
viltis,330
naudotis,330
kalno,330
dirbt,330
užpuolė,330
smegenys,330
tvarka,329
atvykti,329
dangaus,329
susitvarkysiu,329
pabusk,329
gan,329
ligoninėje,329
garsiai,329
alkanas,329
paaiškinsiu,329
naujos,329
misteri,329
šiai,329
būdą,328
visiem,327
ilgą,327
tėtį,327
balsą,327
byla,326
kainuoja,326
nenorėjo,326
ugnį,326
pažiūrėkite,326
berniuką,326
atvykęs,326
me,325
tylos,325
Krisai,325
paklausk,325
pasakykite,325
stebėti,325
skaičiau,325
sakyt,324
kambary,324
tiks,324
klaidą,324
dantų,324
auka,324
joks,324
eilės,324
panaudoti,324
saugu,323
dėtas,323
vadinti,323
kuriems,323
viska,323
įrodymų,323
Marija,323
karalienė,323
būkit,323
suknelę,323
ryšį,323
kraują,323
šauk,322
j,322
atsakingas,322
išjunk,322
mėgsti,322
Alanai,322
senis,321
progą,321
buvę,321
kino,321
lovoje,321
pėdų,321
planetos,321
kelia,320
skambink,320
prarasti,320
Jegorai,320
meluoji,320
papasakojo,319
senasis,319
dantis,319
Alisa,319
primena,319
Erikai,319
praradau,319
vėluoju,319
joje,319
santykiai,319
metro,318
upės,318
šlykštu,318
vesti,318
liautis,318
valdymo,318
Amerika,318
raktas,318
kameros,317
suprato,317
lauką,317
užeikit,317
garsas,317
krepšį,317
pabaigos,317
Leo,317
privalo,316
nepaisant,316
aplankyti,316
pradėk,316
padėsi,316
melagis,316
matėte,316
šalyje,316
vakarienės,315
agente,315
saloje,315
advokatas,315
nuotraukos,315
nemoku,315
bobas,314
kelyje,314
grupės,314
jusu,314
privertė,313
batus,313
dol,313
neteisinga,313
netoliese,313
kuriais,313
nužudžiau,313
niekšas,313
interviu,313
žiauriai,313
kilo,313
rankomis,313
paslaptį,313
vilties,313
perduoti,312
sąrašą,312
atnešiau,312
ryšys,312
pradės,312
egzistuoja,312
pavojų,312
nematai,312
pusiau,312
stebi,312
neketinu,311
ugnies,311
valgyk,311
sielą,310
šituo,310
judėti,310
Lukai,310
restorane,310
dukart,310
grindų,309
guli,309
supranta,309
kalbate,309
jum,309
nematė,309
Olegai,308
šaudyti,308
plano,308
pasakius,308
rašyti,308
procentų,308
padėtį,308
išeis,307
serga,307
bare,307
restoraną,307
abejoju,307
stebuklas,307
leido,307
savaitgalį,307
nušauti,307
manė,306
genijus,306
sala,306
gimimo,306
robotas,306
pasirodyti,306
valia,306
valdžia,306
nesakei,306
vyrui,306
žinios,305
pastato,305
paruošta,305
šešis,305
tekstą,305
policijai,305
pristatyti,304
dviese,304
pasitraukit,304
prisijungti,304
oda,304
jėgos,303
naujienų,303
rublių,303
skambinu,303
vyruką,302
stebėk,302
bičas,302
mirusi,302
pasakojo,302
svečių,302
grįžt,302
ma,302
šitam,302
signalas,301
gydytojas,301
lki,301
akimirka,301
sekundę,301
keturių,301
ok,301
didžiuojuosi,301
Džeikai,301
žinotum,300
keisti,300
išeisiu,300
akimis,300
pilnas,300
jaudintis,300
peilį,300
dalies,300
velniava,300
au,300
nepamenu,299
mokėti,299
raudona,299
sporto,299
verslą,299
šansas,299
saugūs,299
visiškas,299
darbų,299
jauna,299
armijos,298
žudo,298
saugoti,298
kiekvieno,298
musu,298
duokš,298
reiks,298
paėmiau,297
Bravo,297
Benas,297
vartų,297
nepatiko,297
elektros,297
kitoks,296
šūde,296
kalbame,296
kostiumą,296
įspūdinga,296
kainą,295
mergaite,295
šitų,295
mesti,295
reikalauja,295
minčių,295
stokit,295
milijonus,295
taisyklė,295
greičiu,295
matėt,294
rimtas,294
einame,294
susitikimas,294
duokite,294
pažiūrėt,294
kietai,293
mylėjau,293
tylėk,293
geresnio,293
prašo,293
ypatinga,293
merginų,293
nuobodu,293
karys,293
medicinos,292
eis,292
atvyks,292
buvot,292
kiekvienam,292
tokiais,292
ilgas,292
nepyk,292
neblogas,292
paskutinę,291
darom,291
laimėjo,291
pamatyt,291
Amen,291
sutartį,291
automobilio,291
laisva,290
narys,290
vidaus,290
karalių,290
labos,290
pasiimsiu,290
šneki,289
devyni,289
nusipirkti,289
milijonai,289
sprendimą,289
miegot,289
generolas,289
viešbutyje,289
slapta,289
operacija,288
Šo,288
vakarienę,288
meno,287
atsiprašyti,287
sapnas,287
Petrovičiau,287
vaikeli,287
skylę,287
bebūtų,287
tokiam,287
rasi,287
pirštų,287
akyse,286
amžiams,286
mašinų,286
pasirūpink,286
ju,286
mokytojas,286
veltui,286
tūkstančiai,286
kvapas,286
pa,285
uždaryk,285
Timai,285
ilga,285
pokalbis,285
verčia,285
keletas,284
žemiau,284
svarbi,284
pripažinti,284
vidury,284
gražūs,283
bylos,283
vagis,283
supras,283
audra,283
ah,283
neprisimenu,283
Robertai,283
žuvis,282
nepadariau,282
Maikas,282
amerikiečiai,282
automobilis,282
esmės,281
šikniau,281
kabinete,281
nosį,281
klubą,281
Miki,281
tęsk,281
sustoti,281
išlaikyti,281
vienai,281
muziką,281
išgelbėjai,281
pradedu,281
ženklą,280
linija,280
pateko,280
C,280
ramus,280
saugok,280
užmušiu,280
valdovas,280
vėjas,280
saugo,280
spausk,279
kart,279
galvok,279
valstijos,279
leidimą,279
paruošti,279
džiugu,279
paliksiu,279
tamsos,279
skirta,279
sutiko,279
neturėtum,279
ginklai,278
filme,278
imtis,278
Džoni,278
duoda,278
duodu,278
aukštai,278
laimingi,278
galėtumėt,278
traukinys,278
Viktorai,278
mėnesio,278
patiktų,278
pieno,278
nesakysiu,277
darysiu,277
ypatingas,277
žiūrėkite,277
sielos,277
būrys,277
normalus,277
ramybės,277
tenka,277
nėščia,276
knygų,276
vakarus,276
žinia,276
banko,276
dalyko,276
teismą,276
vasarą,276
mergaitę,275
parduotuvę,275
Džordžas,275
šimtai,275
Gendalfai,275
parodė,275
Lena,275
surado,275
įrodyti,274
valdo,274
išmokti,274
truputi,274
sėdėti,274
nugarą,274
farai,274
laisvai,274
dalyvauti,274
duomenų,274
aplinkui,274
nesitikėjau,274
užtenka,273
neteko,273
mirtinai,273
vienoje,273
trečias,273
tarkim,273
trečią,273
televizorių,273
klausi,273
ketinau,272
prisiminiau,272
kvaily,272
atsimeni,272
sugrįš,272
Marinė,272
Tanečka,272
Bilai,272
sutvarkysiu,272
programa,271
trumpai,271
daktaro,271
didžiausias,271
pokalbį,271
tikėtis,271
vietų,271
vyko,271
jaučiasi,271
paprašė,271
šaunus,271
auga,271
pačių,271
negyva,271
pakeitė,271
pailsėti,270
ryšio,270
Frodai,270
patenkintas,270
atsisiųstas,270
pasidarė,270
negalėsiu,270
griebtų,270
sutikti,270
gauna,269
įsakymas,269
mulkis,269
tinkamai,269
stipri,269
prisėsk,269
niekados,269
galą,269
įvyks,269
radijo,269
kokias,269
tęsti,269
neturite,269
rasime,268
nesupranta,268
tiktai,268
skausmą,268
mln,268
geriausią,268
ėjau,268
pagarba,268
normalu,268
pirmąkart,267
nedrįsk,267
vedęs,267
tyčia,267
internete,267
ledi,267
negyvi,267
nueisiu,266
protą,266
meldžiu,266
Aločka,266
einasi,266
pačiam,266
gražios,266
įeiti,266
mėšlą,266
susirasti,266
siena,266
skirtas,266
panaši,266
darei,265
uždaryti,265
pabūti,265
būkite,265
džan,265
istorijoje,265
viešbučio,265
nepadės,264
skyriaus,264
gimtadieniu,264
Dagai,264
Haris,264
pranešimą,264
veidai,264
šuns,264
lauksiu,264
Normanai,264
nepaprastai,264
bute,264
vietose,263
sąskaitą,263
tokias,263
pirmos,263
Alka,263
prakeikta,263
didelio,263
nebuvai,263
aukštas,263
užmušti,263
aštuoni,263
anglų,262
kabinetą,262
paukštis,262
maži,262
pasirengę,262
geriausiai,262
ištrūkti,262
nužudytas,262
sakėte,262
nu,262
likite,262
lauki,262
žvaigždės,261
žvaigždžių,261
bailys,261
liksiu,261
pagrobė,261
dideli,261
liksi,261
gimtadienio,261
užeiti,261
pamišęs,261
pažįstami,261
prekybos,261
situaciją,261
atnešti,261
visoje,261
vaizdas,261
atviras,260
retai,260
suras,260
plaukų,260
pažiūrėkime,260
vargšas,260
kalta,260
ruošiasi,260
mažyli,260
atvažiavo,260
judinkitės,260
didelės,260
bjaurus,259
atvykai,259
tūkstančius,259
kortelę,259
nedarysiu,259
pasiėmė,259
taisyklių,259
centras,259
majore,259
tamsoje,259
bėdos,258
vyks,258
baimės,258
tapau,258
išėjau,258
Vera,258
ypatingo,258
gavome,258
vakarienė,258
pakvietė,258
kadaise,258
nuotraukų,257
sakyčiau,257
bendro,257
palieka,257
pradėsime,257
pažaisti,257
vaikui,257
pamatysiu,257
tipo,257
jüs,257
nutikti,257
gauja,257
vyriausybė,256
poną,256
keliauja,256
priešo,256
nuėjau,256
drakono,256
pareigūnas,256
drabužių,256
galėsim,256
duktė,256
negirdžiu,256
Robai,256
vienišas,255
žingsnis,255
rautų,255
sunki,255
norės,255
lėktuvo,255
reik,255
si,255
padėtų,255
bazę,255
ane,255
plaukti,255
žeme,255
pasistengsiu,254
klausykite,254
mokesčių,254
pamatė,254
Sem,254
mylėti,254
naujasis,254
naudoja,254
gyvą,254
žinok,254
Ema,254
meluoja,254
nudėti,253
kalbėjai,253
pakviesti,253
pasiūlymas,253
vairuoti,253
paskubėkit,253
trauk,253
priešų,253
ligoninės,253
važiuosiu,253
keičiasi,253
baimė,253
džentelmenai,253
nupirkau,253
pasimatymas,253
protas,253
atrodyti,252
viešbutį,252
laimi,252
ras,252
panelės,252
paskambino,252
įrašą,252
netinka,252
garso,252
pastatą,252
dievai,252
dvasia,252
programą,252
Reičel,251
saugiai,251
kažkokį,251
pasauliui,251
orą,251
galią,251
klausytis,251
vaikino,251
paklausiau,251
baisus,251
planeta,251
Andželo,251
akimirkos,251
bijojau,250
atsiliepk,250
viršininkas,250
kamuolį,250
krauju,250
lova,250
princese,250
princas,250
nebenoriu,250
dingstam,249
sūnui,249
Markai,249
ateikite,249
gyvenau,249
palaikyti,249
tebūnie,249
bum,249
spalva,248
Saimonai,248
žiūrėt,248
nieks,248
mažuti,248
prasmės,248
sakydavo,248
vaiku,248
liežuvį,248
santykius,247
kvailai,247
patikėt,247
ims,247
pakartok,247
grąžinti,247
padarysim,247
pasitraukti,247
miške,247
Džeimsas,247
sugrįžo,247
klube,247
Amerikoje,247
nemoka,247
širdele,246
pasirinkti,246
pinigais,246
supratot,246
vadovas,246
skausmas,246
padaryčiau,246
užduotį,246
in,246
nežinojo,246
priežasčių,246
armiją,246
seną,246
kurgi,246
nebebus,245
nuoširdžiai,245
imti,245
vaikinu,245
klysti,245
žaidimo,245
nepalik,245
piktas,245
bijoti,245
pavadinimas,245
duomenis,245
padėjau,245
knygas,245
tėvus,244
išmokė,244
daktarą,244
šeimininke,244
turėsim,244
drąsos,244
prezidento,244
velniais,244
draugužiai,244
atidžiai,244
siaubas,244
kostiumas,243
geriausių,243
dvejus,243
išeit,243
nemažai,243
dega,243
prižadu,243
skubu,243
bliamba,243
pakelti,243
ragana,242
Filai,242
Laura,242
proc,242
la,242
paleiskit,242
vadovauja,242
velnią,242
laisvės,242
nešk,242
policininkas,242
padarėme,242
savim,242
mėšlo,242
leisiu,241
skirti,241
Nikas,241
kare,241
sakote,241
balso,241
tyrimų,241
paklausykite,241
nusikaltimo,241
didžiausia,240
Olga,240
aciu,240
video,240
padaro,240
stengiasi,240
ateivių,240
tikrasis,240
abiejų,240
nereikėtų,240
palikit,240
Džošai,240
skambinau,240
gynybos,240
rusų,239
pavadino,239
nepažįsti,239
pasiseks,239
ate,239
sekti,239
svorio,239
šokių,238
deguonies,238
nusprendei,238
krūva,238
adresą,238
Foma,238
Saška,238
Piteri,238
Šrekai,238
Robertas,238
vaistus,238
jaunuoli,238
mamytė,238
asile,238
taikos,237
tvirtai,237
pavogti,237
atsiknisk,237
galvas,237
Jėzus,237
tinkamas,237
nera,237
spręsti,237
nesiruošiu,237
danguje,237
g,236
aukšte,236
Keit,236
naudos,236
naudoti,236
patylėk,236
ha,236
liga,236
Edi,236
viskam,236
nr,236
spalvos,236
apsaugą,236
pažįsta,236
Eva,236
operaciją,236
ponui,236
atėjote,236
linijos,236
lėčiau,236
nužudysiu,236
pradėkime,236
jinai,236
nenorėčiau,236
kvėpuoti,235
nuomonę,235
išgirdau,235
traukinį,235
X,235
bilietus,235
kinų,235
žinias,235
pasimatyti,235
įjunk,235
močiutė,235
nereikės,235
radom,235
Džimi,235
baro,235
sužinojai,234
grįšime,234
girdėjęs,234
pabaigoje,234
legenda,234
mylėjo,234
daugelį,234
atėmė,234
dėžę,234
skyrių,234
tuščia,234
įdomus,234
kvepia,234
pirmo,234
dangų,234
Markas,234
blogis,234
įsitikinti,233
siunčia,233
viršaus,233
princesė,233
neįsivaizduoji,233
suteikia,233
geriausio,233
pastatas,233
pasiruošt,233
išdavė,233
beprotybė,233
prarado,233
įveikti,233
tipas,232
turtingas,232
negirdėjau,232
užtruks,232
draugės,232
nesirūpink,232
idėją,232
miegok,232
kapitono,232
tikslo,231
blogų,231
pasirinko,231
šampano,231
priekyje,231
ežero,231
valstijų,231
tualete,230
kalnų,230
skonis,230
seserį,230
nesąžininga,230
ginklu,230
nebijau,230
galimybės,230
atvažiuos,230
neverta,230
sulaikyti,230
ribų,230
pranešk,230
žinią,229
narkotikus,229
uostą,229
pastebėjau,229
Riki,229
pamėgink,229
draudimo,229
užmigti,229
sužinojo,229
švarus,229
lordas,229
kava,229
tuščias,229
suprask,229
matome,229
šunsnuki,228
faktas,228
vandenyno,228
berniuko,228
skrenda,228
sėdžiu,228
vyrams,228
Ričardai,228
akmuo,228
šovė,227
Ameriką,227
duonos,227
šituos,227
vandeniu,227
susikaupk,227
bombą,227
žiedo,227
nebūtum,227
my,227
išmesti,227
tikslą,227
šešių,227
išeities,227
padarysime,227
dukters,226
nauji,226
nelaimingas,226
kaskart,226
kelios,226
batų,226
scenos,226
butelį,226
šunys,226
Zoja,226
viename,225
šimtus,225
kūdikį,225
laikotės,225
pasiūlė,225
mašinas,225
silpnas,225
šimtą,225
nepaliksiu,225
bažnyčia,225
nutiktų,225
of,225
juodasis,225
paklaust,225
kažkam,225
futbolo,225
parašyti,225
mis,224
broliu,224
Skotai,224
susitikt,224
nupirkti,224
aukų,224
greitas,224
baisi,224
darbui,224
trečia,224
formos,224
žiūrėjau,224
svarbiausias,224
paduok,224
išgerk,223
jaudinuosi,223
teisėjas,223
mažoji,223
profesorius,223
draugui,223
Rusijos,223
faras,223
nugalėti,223
parduotuvėje,223
paslapčių,223
manyti,223
laiptais,223
stotis,223
Niujorką,223
šitiek,223
sofos,223
Mmm,223
aukos,223
davei,223
išėjai,223
pajėgos,223
išjungti,222
suprasi,222
teises,222
trejus,222
krūvą,222
padėjai,222
turėtumėte,222
pažadėjau,222
sveikatos,222
pranešė,222
pasakok,222
Vili,222
planų,222
linkiu,222
padaręs,222
tomis,221
negalėčiau,221
reikšti,221
mėgstamiausias,221
pasauly,221
šansų,221
kodą,221
teisingumo,221
atnešė,221
valgo,221
hm,221
vadino,221
sakykit,221
Hana,221
lažinuosi,221
Gokai,221
gyvenimui,221
sugrįžk,221
vaikšto,220
laikrodis,220
taika,220
galėsite,220
seksą,220
meluoti,220
sumautą,220
atimti,220
stovyklą,220
mokslo,220
visiška,220
atvykote,219
praeitį,219
neišeis,219
nupirksiu,219
traukitės,219
šeštadienį,219
atidarykit,219
amerikiečių,219
negalėjai,219
vairuotojas,219
naujus,219
sakėt,219
sekundės,219
mere,219
šauniai,219
pradėt,219
nešdintis,219
planetą,219
Tatjana,219
išgert,219
blogą,218
Henri,218
kiną,218
Kristina,218
sienų,218
neturėčiau,218
apžiūrėti,218
melavai,218
didesnis,218
atvykome,218
Aleksejevna,218
pasakojau,218
turto,218
Toni,218
turėsite,218
ieškome,218
sekundes,217
niekuomet,217
pasilenk,217
priešai,217
rezultatas,217
nesustok,217
nušovė,217
ponu,217
Polas,217
klientas,217
viešbutis,217
netikėtai,217
kazino,217
storas,217
mergyt,217
nepasakei,216
nepakankamai,216
prižiūrėti,216
tapai,216
susitvarkyti,216
pasirodymas,216
laimėjau,216
jausmus,216
sugalvojo,216
pilną,216
vartai,216
pareigūne,216
pamiršo,216
Jurijau,216
merginas,216
Rikai,216
lygio,215
santykių,215
penkios,215
taškas,215
lipkit,215
Marina,215
Edai,215
lavonas,215
žodžiais,215
Kim,215
vadini,215
pakviesk,215
sugalvojai,215
pradėkim,215
bandymas,215
apsisuk,215
detektyvas,215
damos,214
kekšė,214
Vitia,214
nesiartink,214
širdyje,214
žolės,214
pažinojau,214
ausis,214
keturias,214
nesąmonių,214
klasėje,214
košmaras,214
pasitiki,214
Andžele,214
gražuolė,214
nužudyk,214
nusibodo,213
gresia,213
raketa,213
dienomis,213
gamtos,213
restoranas,213
ėjo,213
Londone,213
bilietą,213
nelengva,213
atsitiks,213
vargu,213
tikros,213
krito,213
gyvūnų,213
susigrąžinti,213
blogi,213
žvėris,213
atmink,213
pasiruošus,212
kompaniją,212
sąraše,212
Katia,212
rytus,212
važiuosim,212
pasakyta,212
šūdžius,212
rašau,212
neaišku,212
svajonė,212
sutinki,212
praeis,212
suimti,212
juokingas,211
medžio,211
medis,211
išvengti,211
girdit,211
norėtumėte,211
gabalų,211
vyrais,211
pažadėk,211
paskambint,211
rūmus,211
kulka,211
reikalais,211
svarbiau,211
gyvybė,210
prašyti,210
pragarą,210
sunkiau,210
parodys,210
suaugęs,210
visgi,210
gimtadienį,210
stengiausi,210
zoną,210
neleidžia,210
laipsnių,210
praeities,209
popierius,209
nepradėk,209
Džeri,209
klubo,209
batai,209
Semas,209
pradėsim,209
oficialiai,209
šimts,209
gelbėti,209
karių,208
patirties,208
gražuolis,208
pamečiau,208
Bilas,208
vardan,208
išvažiavo,208
Donai,208
ragelį,208
skaičių,208
nusipelnė,208
šūdžiau,208
sumokėsiu,208
gėlių,208
Frenkas,207
didžioji,207
vieniša,207
svečias,207
gerokai,207
atsitrauk,207
sėdėk,207
vaidinti,207
Las,207
krenta,207
kardą,207
jaučia,207
anksto,206
draugams,206
išmokai,206
vokiečių,206
kampo,206
Karen,206
zona,206
pradėsiu,206
tilto,206
sekantis,206
ištrauk,206
sesers,206
abiem,206
vaikystės,206
sugalvoti,206
veiksmų,206
važiuoji,206
liepk,206
rūmų,206
pagarbos,206
jaučiatės,206
nesakau,205
daugiausia,205
asilas,205
ore,205
sužinot,205
Ach,205
kalnus,205
svarų,205
Bilis,205
pirkti,205
Viktorija,205
ateisi,205
plius,205
pasiekė,205
mokykloj,205
sukasi,205
nušauk,205
kaklo,205
progos,205
pasižiūrėk,204
išmetė,204
operacijos,204
atgauti,204
tema,204
Kailai,204
pabaigą,204
ieškojo,204
nežinom,204
centrą,204
negalvok,204
paaiškink,204
vėlai,204
galvojai,204
garsus,204
nejaučiu,204
merginai,204
įskaitant,204
kvailė,204
Roni,204
baras,203
žmonijos,203
suknelė,203
el,203
Nemo,203
buvimo,203
čempionas,203
jūsu,203
saugos,203
padaras,203
skambinti,203
šikną,203
misiją,203
žaidimų,203
girdėjote,203
parduotuvės,203
pavargęs,203
sukelti,203
Georgijevičiau,203
parašiau,202
atsitraukit,202
nakčiai,202
jiem,202
gelbėkit,202
sapnavau,202
skambutis,202
neskubėk,202
bjaurybė,201
atsisakė,201
pastatyti,201
nemėgsta,201
suradau,201
paskutinio,201
blogiausia,201
Endi,201
jomis,201
Styvai,201
užtat,201
sėkmė,200
pasitikėk,200
atsakymą,200
pareiga,200
dievą,200
pradėjai,200
nevykėlis,200
raudonas,200
noras,200
didžiulis,200
žinotų,200
atvažiuoja,200
turėjom,200
vaikščioti,200
upę,200
surinkti,200
Silvestras,200
tvarkoje,200
prakeikti,199
rizikuoti,199
sklinda,199
galių,199
nepasakė,199
mm,199
nebereikia,199
draudžiama,199
pasirengusi,199
ankščiau,199
kviečiu,198
palikt,198
dvigubai,198
teismas,198
mėnulio,198
atsisakyti,198
įtikinti,198
bažnyčios,198
inau,198
numerio,198
išėjimas,198
dirbame,198
dainuoti,198
nusileisti,198
pasiruoškite,198
žaidi,198
žinomas,198
palauksiu,198
laikrodį,197
sekas,197
gatvę,197
netikra,197
duos,197
penktadienį,197
keliais,197
tikisi,197
svarbaus,197
pasiruošk,197
domina,197
kitame,197
teisybė,197
naktimis,197
kalbam,197
norėtumėt,197
Kevinai,197
sugedo,197
klubas,197
įsivaizduoju,197
įrangą,197
nosies,197
Son,197
pastaruosius,197
detektyve,196
Liova,196
vau,196
pasielgti,196
matosi,196
teisingas,196
patikrinsiu,196
esąs,196
Luiza,196
blogio,196
lygis,196
popieriaus,196
aaa,196
išsigandęs,195
šaltinis,195
gerbiu,195
švelniai,195
aptarti,195
filmų,195
padirbėjai,195
laukė,195
paversti,195
imu,195
tūkst,195
šventė,195
suk,195
rast,195
manyje,195
pergalė,195
alfa,195
tęsiasi,195
stot,195
keliauk,195
nutraukti,195
kontroliuoti,195
pajėgų,195
direktorius,194
įrašų,194
nejuokauju,194
pradžioje,194
laisvi,194
puola,194
pakvaišai,194
Čarlzai,194
atiduosiu,194
grįžtu,194
Liuse,194
pasiduoti,194
moteriai,194
traukia,194
pirštus,194
laimėjai,194
pulti,194
vaiduoklis,194
išeitis,194
elkis,194
klaidų,194
jauni,194
pabandysiu,194
skrydžio,194
svečiai,193
drąsus,193
pasak,193
Vaje,193
Endis,193
Nataša,193
leisi,193
pavalgyti,193
raudoną,193
atsakymo,193
moterimi,193
klauso,193
sugrįšiu,192
pusbrolis,192
laikė,192
supratimo,192
neprivalai,192
atsiranda,192
Džefai,192
van,192
geresnė,192
sese,192
siaubingas,192
puikūs,192
bankas,192
paleiskite,192
Vilai,192
nenutiks,192
cukraus,192
dešimties,192
valdžios,191
rašytojas,191
būdavo,191
pavogei,191
verti,191
nusikaltėlis,191
koledžą,191
valstybės,191
sunkvežimį,191
mintys,191
netikras,190
paėmei,190
ilgam,190
laiškas,190
netekau,190
dukros,190
tikiesi,190
kurti,190
pirmąjį,190
kalbat,190
pasakytum,190
atsisveikinti,190
žingsnį,190
išėjimo,190
pasakytų,190
sustokit,190
amerikietis,190
paklausiu,190
nedaro,190
puikios,190
žalia,190
kieme,190
laimė,190
kg,190
suprantama,190
spėk,189
dvokia,189
atminties,189
sąmonės,189
gėlės,189
Čarlis,189
butas,189
mokytoja,189
restorano,189
niekše,189
Betmenas,189
vasaros,189
nuostabūs,189
daugiausiai,189
didžiulė,189
gerklę,189
Briusai,189
signalo,189
rūpinasi,189
dinkit,189
mylios,189
pabučiuok,189
grupę,189
auksas,189
palaikyk,188
kalną,188
kulkos,188
gimiau,188
išmokau,188
atvirkščiai,188
teorija,188
važiuojame,188
ruošiesi,188
judėk,188
įrašas,188
paruoštas,188
įranga,188
Roza,188
pilį,188
r,188
nepadarysi,188
sutapimas,187
UNIVERAS,187
gydytoją,187
padarai,187
luktelk,187
paleidimo,187
slepiasi,187
dažniau,187
eikime,187
karaliene,187
Tomi,187
priedanga,187
Čau,187
geria,187
uoste,187
piniginę,187
neliko,187
suteikė,187
išspręsti,187
centro,186
susirask,186
pasirašyti,186
nesame,186
buto,186
gauni,186
baigei,186
parodyt,186
virtuvės,186
juodas,186
pasitikiu,186
greitis,186
miegi,186
nuomone,186
odos,186
padarėte,186
sėskit,186
pašalinti,186
kardas,186
pusryčius,186
šaudo,186
spąstai,186
lango,186
gyvename,185
manome,185
Kuperi,185
bažnyčią,185
padovanojo,185
Linda,185
banką,185
Neo,185
paslaugos,185
negalit,185
rasim,185
tapsi,185
įvykis,185
taikinį,185
gerk,185
ginti,185
kulką,185
sustabdyk,185
girdėjot,185
misijos,185
kovoja,185
pasivaikščioti,184
stumk,184
beprotiška,184
gailiuosi,184
valtį,184
dukterį,184
privalote,184
norėtume,184
močiute,184
atrodote,184
laimingai,184
juoda,184
kilometrų,184
daikto,184
jausti,184
tėvelis,184
nepanašu,184
on,184
gelbėjimo,184
gatvė,184
dovanų,184
tėra,184
laikykit,184
šerife,184
laiškus,184
naudinga,184
pateikti,183
turėtumėt,183
negalėtų,183
būsit,183
puikų,183
nepadarė,183
pristato,183
Džėjau,183
suvalgyti,183
manymu,183
drįsti,183
metams,183
neteisingai,183
užimti,183
pasiruoškit,183
paskambinau,183
kuriai,183
vyruko,183
numirti,183
nusiimk,183
kuomet,183
Jungtinių,183
ša,183
dainos,182
buvusi,182
nusikaltimas,182
sąrašas,182
bazė,182
ieškot,182
šauti,182
h,182
dovanos,182
barą,182
kameras,182
naftos,182
viskio,182
pasiruošti,182
kvailiai,182
būtumėt,182
siūlai,182
Roma,182
susiruošei,182
užmuš,182
pranešimas,182
nuspręsti,181
mūšio,181
artinasi,181
atvedė,181
prancūzų,181
atvažiavau,181
specialiai,181
lorde,181
Albertai,181
asmens,181
visados,181
susitarėm,181
žemėlapį,181
gyvybe,181
dokumentų,181
mišką,181
gerasis,181
tobulas,181
no,181
sąskaita,180
kojomis,180
pietūs,180
įprasta,180
pataikė,180
dienai,180
nemoki,180
sumanymas,180
mygtuką,180
surasime,180
atostogų,180
broliui,180
užeikite,180
Doni,180
lėktuve,180
išgąsdinai,180
abejonės,180
sušiktą,180
pergalę,180
porno,180
išleisti,179
pasirūpins,179
perskaičiau,179
linksmų,179
pagavau,179
Niujorkas,179
tuom,179
praėjusią,179
viršun,179
Henris,179
medį,179
svajojau,179
mažos,179
paprašiau,179
nuvežti,179
čiupk,179
išeisi,179
Niki,179
bombos,178
priklausė,178
planetoje,178
gyvybes,178
pasirodymą,178
Margo,178
negalės,178
kaimynai,178
gaut,178
pirštą,178
pasprukti,178
svajonių,178
antrasis,178
sukūriau,178
viduj,178
pabaigti,178
vardus,178
energiją,178
įsitikinusi,178
padarytų,178
magija,178
gandai,177
tyrimas,177
Paša,177
sutarėm,177
medžiagos,177
palieku,177
Maksas,177
atėjome,177
kieta,177
šiuose,177
ledų,177
nesąmones,177
knygoje,177
baigiu,177
liesti,177
likę,177
greito,177
kišenėje,177
kairėje,177
susimoviau,177
Ričardas,177
neisi,177
perskaityti,177
maloni,177
galingas,177
nustatyti,177
jėgas,177
niekis,176
kompiuteris,176
gyvenimu,176
greitį,176
tokioje,176
paaiškint,176
šunų,176
likusį,176
pašto,176
atvejis,176
vadovauti,176
prašei,176
Lu,176
asmuo,176
žiūrėjo,176
įstatymas,176
uz,176
jausmą,176
aklas,176
gabalas,176
pakeis,176
vesk,176
ėmiau,176
kvapą,176
rajone,175
Ianai,175
mirtimi,175
pastatė,175
senų,175
daktarai,175
šv,175
Karlas,175
nueik,175
Helena,175
klausia,175
atleido,175
Skarlet,175
darys,175
tikrų,175
rusai,175
nusipirkau,175
vyriausybės,175
skylė,175
gerus,175
Megan,175
aktorius,175
šiomis,175
rašė,174
būtu,174
nemokamai,174
sukelia,174
gert,174
skirtingi,174
dėjau,174
velniu,174
kaltės,174
Adamai,174
nuomonės,174
patogu,174
didelių,174
komandoje,174
atleistas,174
atsipalaiduoti,174
nekreipk,174
daktarė,174
koledžo,174
siuntė,174
išgelbėjau,174
Dagas,174
pragaro,174
išsaugoti,174
išlikti,174
rašoma,174
tapsiu,174
mėnesiai,174
prireikė,174
groti,174
mėsa,174
nebūsiu,173
pyksti,173
pergalės,173
niekai,173
autobusą,173
skonio,173
susipažink,173
partneris,173
trisdešimt,173
šauni,173
patikėkit,173
amžių,173
labui,173
grąžinsiu,173
tavyje,173
kažin,173
tarnybos,173
linksmas,173
beisbolo,172
atidarykite,172
būdų,172
staigmeną,172
pasiimt,172
krūtinės,172
pavydi,172
liepos,172
laimei,172
pakviesiu,172
biure,172
kviesk,172
Arturai,172
raktai,172
kokiam,172
nepasisekė,172
trenk,172
Deize,172
pavardę,172
senelio,172
bėgu,172
baigsiu,172
žymiai,171
gyvens,171
pakalbėt,171
planai,171
Džesi,171
pasakoti,171
laidą,171
čekį,171
kažkokie,171
padarėt,171
miegu,171
pistoletą,171
laivų,171
butu,171
motinai,171
Romos,171
skyriuje,171
paimkite,171
marškinius,171
drabužiai,170
padarykime,170
minutėlei,170
pažiūrėsime,170
minia,170
milijono,170
biurą,170
Emile,170
pragare,170
kalbėjome,170
klydau,170
Edita,170
Natali,170
likimo,170
likit,170
kreiptis,170
laisvė,170
nekalta,170
energija,170
susipažint,170
stovėjo,169
gamina,169
nesupratai,169
padarytum,169
tyrimą,169
Čarlzas,169
v,169
ponaiti,169
likimą,169
kvaili,169
priešingai,169
nieką,169
mažylis,169
galvojo,169
mat,169
problemas,168
nenorime,168
Aleksandras,168
sulaukti,168
Marti,168
pirmadienį,168
atsiras,168
tamsa,168
katė,168
keturios,168
stovykla,168
negirdi,168
Deivas,168
programos,168
dirbate,168
paprašysiu,168
akmenį,168
uždarytas,168
senos,168
pareigūnai,168
um,168
rūpesčių,168
pasislėpti,167
nebloga,167
Mišele,167
perkelti,167
atsiprašysiu,167
kairėn,167
paslėpti,167
taryba,167
norą,167
šviesas,167
atskirai,167
daugelio,167
idiote,167
sceną,167
stoviu,167
rask,167
nevadink,167
kažkodėl,167
mėgstamiausia,167
futbolą,167
žalių,167
apygardos,167
vertinu,167
atsimenu,166
einas,166
pra,166
papasakot,166
svečius,166
pilotas,166
medaus,166
dvasios,166
atostogos,166
nusileido,166
dešinėn,166
rūšis,166
TRL-Team,166
praleidai,166
virtuvėje,166
virtuvę,166
siekia,166
rūmuose,166
uosto,166
tinkamą,166
sunaikintas,166
stipriau,166
pragaras,166
nerandu,166
mėlyna,166
abejo,166
jaučiausi,166
iu,166
pastate,166
nesiseka,166
nesako,166
sukėlė,166
nesveikas,166
Tesa,166
pokalbio,165
naujokas,165
nepasitikiu,165
poilsio,165
susitikę,165
do,165
nesusipratimas,165
miegojau,165
grįžkit,165
kagi,165
madam,165
vonią,165
imkit,165
patekai,165
angelas,165
tūkstantį,165
teritoriją,165
projektas,165
pradedi,165
kontrolės,165
slypi,165
paimt,165
priminti,165
žmonėm,165
duot,165
sušiktai,164
vandenyje,164
suveikė,164
panašūs,164
pyktis,164
prašymą,164
paskutinės,164
avariją,164
rungtynes,164
sekmadienį,164
n,164
vokiečiai,164
sūrio,164
derėtų,164
nariai,164
pamoka,164
atseit,164
kulkų,164
vaizdą,164
leistis,164
radote,164
klausyti,164
zoologijos,164
leis,164
Denai,164
Rita,164
surasim,164
rūkyti,164
paleido,164
nuves,164
vaikinų,164
supratote,164
kairės,164
Džeine,164
naujiena,164
suknistą,164
medžiaga,163
striptizo,163
koledže,163
tamsu,163
uždaryta,163
giminės,163
sovietų,163
slaptą,163
pažįstate,163
priėmė,163
savų,163
mirsime,163
Henkai,163
išgyveno,163
žuvies,163
Kalėdos,163
dokumentai,163
pranešiu,163
bandys,163
nepatiks,163
grįžkite,163
temperatūra,163
karaliui,163
skaudu,163
pakilo,163
pilnai,163
žaizda,163
nuvesti,163
sėdėjo,163
roko,163
jėgą,163
pasirodei,162
Lorensai,162
vaikystėje,162
priežastį,162
dujų,162
mirštu,162
reikalauju,162
DNR,162
sušikta,162
Untranslated,162
planus,162
šeimoje,162
ratas,162
Veinas,162
gausime,162
atrodys,162
aa,162
subtitle,162
sutartis,162
gyventojai,162
kavą,162
vaistai,162
įkando,161
imi,161
tarnyba,161
susijęs,161
sužinosi,161
Londono,161
delta,161
kuom,161
sugebėsi,161
pavojaus,161
kūdikio,161
modelis,161
nenorite,161
arklio,161
še,161
mėn,161
Kalėdas,161
paskubėti,161
įrašus,161
užsienio,161
neįdomu,161
ateityje,161
karštas,161
nekalba,161
teigia,161
sapnų,161
baigė,161
žuvį,161
krūtinę,160
duomenys,160
dėvi,160
tikimybė,160
atsakymų,160
rankoje,160
nervų,160
veiksmas,160
nupirkt,160
praeiti,160
didis,160
nevalia,160
rodai,160
pašokti,160
sugauti,160
tarybos,160
pernai,160
laukiam,160
laivai,160
jokia,160
nudės,160
stalą,160
baigsi,160
dangus,160
stotį,160
stilius,160
nusigauti,159
tikru,159
parduotuvė,159
nuimk,159
miego,159
Elena,159
būrį,159
vadinamas,159
triukas,159
įvykio,159
klausiau,159
slėptis,159
šlovė,159
vakarėlyje,159
truputėlį,159
matėme,159
vadinu,159
Tonis,159
netekai,159
tarpu,159
geriausios,159
pagauti,159
bendrike,159
dešinėje,159
pakanka,159
denis,159
žaidėjas,159
sumokėjo,159
ryšių,159
Patrikai,159
seržantas,159
mėnulis,159
padėčiau,159
savaitė,159
Džimas,159
leidimas,159
veidu,158
aukšto,158
tigras,158
Bo,158
mulki,158
mirk,158
parke,158
karalienės,158
pasieks,158
tapt,158
atsitikimas,158
paskutinius,158
kalbų,158
ramybę,158
susitaikyti,158
parką,158
your,158
didesnė,158
kainos,158
nesunku,158
JT,158
trise,158
draugę,158
gaudyk,158
kiaulė,158
ligoninė,158
nebegali,158
pasitaiko,158
gražią,157
slaptas,157
veiksmus,157
šefas,157
patikrinau,157
kelius,157
bausmė,157
važiuosi,157
baltasis,157
skaitai,157
nedomina,157
valdžią,157
nuostabios,157
burna,157
Etanai,157
žinutes,157
atsargi,157
vėluoji,157
skrydis,157
atmintis,157
garsiau,157
grįšim,157
branguti,157
praradome,157
atrodytų,157
susirgo,157
vairo,157
ženklo,157
kažkokios,157
santuoka,157
radiją,157
tauta,157
alkoholio,157
elgėsi,157
nemato,157
redagavo,157
sutikęs,157
įkvėpk,156
nuleisti,156
paukščiai,156
įsakymą,156
filmus,156
Scyllą,156
forma,156
pasitraukite,156
degalų,156
variklis,156
paskos,156
Loganai,156
atvežė,156
paskutiniai,156
lauko,156
that,156
testas,156
adresas,156
kitokia,156
ti,156
bandei,156
stovėti,156
galvojate,156
paspruko,156
užsidėk,156
kalėjimas,156
vadink,156
nepatogu,155
popietę,155
lemta,155
šimtas,155
Miranda,155
šunsnukiai,155
matydamas,155
virtuvė,155
trūko,155
kostiumu,155
Paryžiuje,155
variantas,155
paliesti,155
sumauta,155
Denisai,155
magijos,155
parodykit,155
kampą,155
kampe,155
išvalyti,155
vadiname,155
santuokos,155
išgelbės,155
antro,155
poziciją,155
Maiki,155
Maskvoj,155
šypsena,155
Maskvos,155
kortelės,155
pereiti,155
turint,154
žinutė,154
neversk,154
Kevinas,154
kaltę,154
kaipgi,154
trumpas,154
vaidmenį,154
kartelį,154
pamatysite,154
vertės,154
paprasčiau,154
studentų,154
Red,154
Maiklo,154
smūgį,154
klientų,154
vienodai,154
leidau,154
savaime,154
senovės,154
siaubo,154
sniego,154
grąžink,154
sėkmingai,154
moterims,154
nusileidimo,154
nemalonu,154
išdavikas,154
laukiame,154
padarėm,154
kantrybės,154
sapną,154
šlykštus,154
idiotai,153
Liz,153
padedu,153
Elizabet,153
miegojai,153
sutikai,153
šūvis,153
siūlo,153
milijoną,153
Džoana,153
visąlaik,153
dyką,153
Davidai,153
atėjom,153
Bazai,153
dainuoja,153
pareigas,153
neramu,153
treneris,153
komandai,153
skaniai,153
nebandyk,153
statau,153
minėjo,153
geresnį,153
šen,153
susitarimas,153
atsitinka,153
sode,152
ribos,152
pamokų,152
atlieka,152
pastiprinimo,152
verkti,152
norėdamas,152
gaujos,152
mačiusi,152
laukan,152
sąskaitos,152
Piteris,152
liniją,152
pasikalbėsiu,152
ruošiuosi,152
atsakomybę,152
kažkieno,152
visokių,152
TodėI,152
vilkas,152
pažvelkite,152
šunis,152
sveikos,152
kėdę,152
go,152
Ele,151
stai,151
žemes,151
viduryje,151
nesijaudinkite,151
tikėkimės,151
savininkas,151
paveikslą,151
paklausyti,151
mintį,151
tiesiogiai,151
šiandienos,151
nesužinos,151
grotų,151
bukas,151
griebk,151
autobuso,151
gaminti,151
laikykite,151
Helen,151
veikiate,151
pabučiuoti,151
nuostabų,151
boba,151
grožio,151
Aleks,151
Ene,151
kalbama,151
nedariau,151
Londoną,151
le,151
kiaušus,151
sugeba,151
medžiagą,150
pavojuje,150
gimęs,150
keisto,150
kareiviai,150
metė,150
neišeik,150
pimpalą,150
didžiausią,150
dideliu,150
Artiomai,150
lazda,150
nerimauti,150
kiaurai,150
garsą,150
žudikai,150
kompiuterį,150
verkia,150
atsibusk,150
ypatingą,150
pajuokavau,150
pasakysite,150
sulčių,150
kėdės,150
Gokas,150
pagalvojai,150
maloniai,149
tinkama,149
dalimi,149
pasižiūrėti,149
viltį,149
nepastebėjau,149
sužinosiu,149
pulkininkas,149
rūsyje,149
kaukę,149
sugrąžinti,149
ilgiuosi,149
prisiminimai,149
salę,149
turėtu,149
pakartoti,149
baigtis,149
leidai,148
žvaigždes,148
sugadinti,148
skonį,148
šiukšlių,148
nelaimė,148
Brajanai,148
tyli,148
įspūdį,148
kaklą,148
new,148
klausti,148
sukurtas,148
grupe,148
patarimo,148
garbę,148
aikštelėje,148
tarnauti,148
gyvenimus,148
balta,148
automobilių,148
reikalingi,148
stabdyk,148
žiaurus,148
mažiuk,148
Veinai,148
skrendam,148
neša,148
būrio,148
privertei,148
pradžios,148
nuvešiu,148
laivu,148
nulis,148
geru,148
pikta,148
nuotykių,148
ateiviai,148
Nikolajau,148
renkasi,148
mūšis,148
trukdo,147
gyventojų,147
pamėginti,147
baimę,147
prastas,147
karaliumi,147
neradau,147
subinės,147
geriausius,147
nedidelis,147
susitarti,147
nepasakiau,147
ratą,147
burtininkas,147
rasite,147
nekaip,147
užduoti,147
eilinis,147
rankom,147
Sali,147
priemonių,147
surast,147
galimybių,147
taikinio,147
arklys,147
išbandyti,147
puikią,147
tautos,147
departamentas,147
greitąją,147
Viktoras,147
mašinoj,147
sustojo,147
mąsčiau,147
užstrigo,147
lai,146
teisme,146
stiprūs,146
įjungti,146
nusikaltimų,146
vykstu,146
nešdinkitės,146
įstatymus,146
važiavau,146
stipresnis,146
nekalbu,146
virusas,146
šneka,146
žiurkė,146
trokšta,146
atsakė,146
praeitis,146
žiemos,146
lieku,146
Labanaktis,146
negausi,146
auksą,146
nebeliko,146
meistras,146
sužeisti,146
talentą,146
užimtas,145
pradedame,145
blet,145
pamišėlis,145
pasiliksiu,145
sugebi,145
paukščių,145
galvot,145
leist,145
ištekėjusi,145
medžių,145
grindis,145
artimi,145
padėkos,145
lietus,145
pamatęs,145
procesas,145
pavyksta,145
Tedi,145
bjauru,145
nuomonė,145
milorde,145
žmogžudystė,145
karšto,145
pėdos,145
atsistoti,145
ligoninėj,145
nemyli,145
svajonės,145
blogos,144
nežinojai,144
priešą,144
Bari,144
kvailą,144
užuodžiu,144
dešinės,144
kainavo,144
sėskitės,144
tikroji,144
Rėjus,144
išleido,144
nukreipti,144
įspėti,144
dėta,144
malonumu,144
neklausyk,144
pries,144
dirbam,144
pasakysit,144
Džono,144
apgailėtinas,144
kovų,144
prieiti,144
rugsėjo,144
pasikalbėsim,144
sėkmę,144
sūnumi,144
Selma,144
pirmi,144
salėje,144
Li,144
televiziją,144
nepakartojama,144
pasakoja,144
peilis,144
pasirinkimą,144
vyresnysis,143
suklydau,143
atsiprašyt,143
Ly,143
nudėk,143
pakęsti,143
Sergejevas,143
išeini,143
medžiai,143
leidi,143
kovai,143
sekite,143
Sam,143
gąsdina,143
tyrimo,143
įdomi,143
žiūrėjai,143
pardavė,143
Bornas,143
Starkai,143
norisi,143
nuolatos,143
aukštą,143
katinas,143
tęskite,143
GaI,143
ištrauksiu,143
biuro,143
tvirtas,143
negirdėjai,143
stoti,143
Lioša,142
karaliau,142
veikiat,142
spąstus,142
kaimo,142
degtinės,142
kompiuterio,142
nebeturiu,142
saugiau,142
mėginau,142
paaiškėjo,142
daryčiau,142
juokiasi,142
užknisa,142
atvesk,142
dingsta,142
darbu,142
Aleksandrai,142
prasta,142
bendrauti,142
padarykim,142
pirmąją,142
pagrindinė,142
negalėtum,142
pajutau,142
kitoj,142
neturėjai,142
duosi,141
prasmę,141
žvalgybos,141
biuras,141
pirmojo,141
Leni,141
šaliai,141
parkas,141
bado,141
leidžiu,141
dingęs,141
atsitraukti,141
nerealu,141
tariant,141
kostiumo,141
simbolis,141
gyvo,141
stotyje,141
užimta,141
neegzistuoja,141
tašką,141
nesąmonės,141
patarimą,141
mieli,141
kryptimi,141
nulipk,141
drąsa,141
dydis,141
Emili,141
įgula,141
teisių,141
riešutų,141
rimtą,141
vėjo,141
pusryčiai,141
valtis,141
pasiskolinti,141
išsiųsti,141
žmogžudystės,141
žmogum,140
kompanijai,140
dolerius,140
mėnuo,140
staigiai,140
atšaukti,140
persekioja,140
Santa,140
advokato,140
keliai,140
odą,140
kažkokio,140
toji,140
nesmagu,140
didžiąją,140
tėvams,140
gabalus,140
karalystės,140
sumuštinį,140
įvykių,140
atvažiuoti,140
groja,140
pačiame,140
nusiraminkit,140
dovanas,140
visuomenės,140
grožis,140
paimkit,140
sunkvežimis,140
elektra,140
don't,140
vonios,140
negalvojau,140
banga,140
doleriai,140
veidus,140
dievų,140
trukdau,140
šautuvą,140
meskit,140
moterim,140
traukinio,140
nuogas,140
mūšį,140
ligos,139
tėvais,139
požiūris,139
sunaikino,139
praverstų,139
rastas,139
humoro,139
seno,139
būklė,139
burnos,139
sprogimas,139
kalbėjom,139
mokslas,139
sugadino,139
karjerą,139
kamerų,139
baltas,139
studentas,139
apgauti,139
gaunu,139
pagavo,139
straipsnį,139
Deizė,139
ištikimas,139
gaisras,139
aukščio,139
pažinti,139
pažvelkit,139
Mordoro,139
pavyzdys,139
pavertė,139
papasakosi,138
ženklų,138
nebeturi,138
dirbai,138
pasielgei,138
kapitoną,138
suma,138
jausmai,138
arbatą,138
pamoką,138
Edis,138
sėdėt,138
medžius,138
pasako,138
pasirinkai,138
vėžys,138
norint,138
agentė,138
lėktuvu,138
rezultatai,138
šerifas,138
tikėjimo,138
įdėmiai,138
nueit,138
paruošk,138
autobusas,137
vejasi,137
uždarė,137
Gotamo,137
dukrai,137
lįsk,137
sprogs,137
karius,137
atsitiktinai,137
krašto,137
didžiojo,137
perdaug,137
įgulos,137
aikštelę,137
šešias,137
vyr,137
neturit,137
pirmiau,137
varžybas,137
erdvės,137
laukt,137
ieškok,137
vaikinui,137
linkėjimus,137
nežinia,137
pamatytų,137
vado,137
nebaigiau,137
Haroldai,137
sakydamas,137
gatvėse,137
turėjote,137
ketino,137
giliau,137
naujoji,137
Čapi,137
Sašos,136
bandome,136
atrodot,136
pasibaigs,136
kainuos,136
rūpinkis,136
bokštą,136
skraidyti,136
pasidalinti,136
nebūsi,136
atmintį,136
skiriasi,136
leitenantas,136
abiems,136
nežinote,136
antroji,136
praleido,136
nuoga,136
nuvesiu,136
mergaičių,136
bėgi,136
keičia,136
užsikrušk,136
atsargūs,136
senelė,136
nepatikėsi,136
metalo,136
kovotojas,136
sakot,136
pirmieji,136
šaltas,136
gėdą,136
Linkolnas,136
kambarių,136
studentai,136
gražuole,136
dėžutę,136
pacientas,135
nurimkit,135
Paryžių,135
mėlynas,135
žus,135
Anglijos,135
Robi,135
marškinėlius,135
rinkis,135
stora,135
lieki,135
vonioje,135
išvertė,135
skambutį,135
nužudysi,135
Aleksas,135
gražaus,135
atleist,135
pagaminti,135
niekšai,135
kalnuose,135
kalvos,135
užpakalio,135
triukšmas,135
stovėk,135
kraujyje,135
Lori,135
objektas,135
agentai,135
grįžtam,135
gavote,135
nesuprantat,135
šešios,135
perskambinsiu,135
nuostabią,135
teka,134
reikiant,134
šventasis,134
Kriste,134
ketvirtas,134
Artiomas,134
gauk,134
Andrejyčius,134
pačius,134
neverk,134
Evanai,134
naudingas,134
greičio,134
negrįšiu,134
patyrė,134
blogiausias,134
kažkokią,134
važiuosime,134
rūmai,134
septynis,134
nenorėtum,134
surasi,134
Šonai,134
mokė,134
įspėjimas,134
vertus,134
brangi,134
Klere,134
visuose,134
laiptų,134
Frank,134
Skotas,134
idėjų,134
klasė,134
išlaisvinti,134
pažadėjo,134
gausite,134
žemėlapis,134
sugrįžęs,134
neduoda,133
beprotiškai,133
kabinetas,133
žinočiau,133
pasikeisti,133
nedarau,133
pensiją,133
versle,133
atėjot,133
laikiau,133
menas,133
smagiai,133
dukrele,133
šokas,133
Danieli,133
avarija,133
atskleisti,133
beždžionė,133
nepamiršau,133
naudą,133
mini,133
Sidai,133
nesate,133
patraukti,133
kelioms,133
jūra,133
akmens,133
so,133
smėlio,133
Pytai,133
žiurkės,133
Saimonas,133
vykdyti,133
baby,133
skaičiai,133
nuotaka,133
nosis,133
taurę,133
jaunuolis,133
Ieva,132
arbata,132
romaną,132
milžiniškas,132
istorijų,132
piršto,132
susirasiu,132
išvažiuoti,132
gėrimo,132
ožys,132
tiltą,132
Spokai,132
ruoštis,132
dama,132
nenutiko,132
spaudimas,132
džinas,132
Mole,132
Vladai,132
Linkai,132
eikim,132
Europos,132
šlamštas,132
Liusi,132
akivaizdoje,132
akcijų,132
akies,132
kalnas,132
pažįstamas,132
gėrimą,132
elgesys,132
lovoj,132
hey,132
kavinę,132
mylim,132
nuvykti,132
pavargusi,132
statyti,132
atsibodo,132
praktiškai,132
klaidas,132
prezidentą,132
išgersiu,132
Rabbit,132
vargšelis,132
esant,132
gailesčio,132
išsigandau,131
žmogžudystę,131
auklė,131
lygį,131
Teksaso,131
didelius,131
grėsmė,131
išvyksta,131
jaučiau,131
vakarėlio,131
padirbėta,131
antros,131
geriausiu,131
bazės,131
senai,131
senokai,131
nuveikti,131
šilta,131
spaudos,131
atokiau,131
miestelio,131
Merė,131
elfų,131
elgesio,131
Kinijos,131
nesveika,131
netinkamas,131
pradėjome,131
įstatymų,131
Brenda,131
susirinko,131
karalienę,131
sunaikins,131
pilvo,131
paskyrė,131
paskambins,131
klausė,131
ginklais,131
žinos,131
stebėjau,131
imt,131
susitikome,131
istorijas,130
mam,130
brangūs,130
this,130
lengvas,130
kaltinti,130
praeityje,130
bangos,130
Aronai,130
ateit,130
parodo,130
elgesį,130
nuotaikos,130
Rodžeri,130
varo,130
skolą,130
mažo,130
gyvatė,130
Tanios,130
vogti,130
atsiųsiu,130
sąžiningai,130
Michael,130
gražiausia,130
gyvensiu,130
šiaurėje,130
gyvenam,130
atsidūrė,130
gyvensi,130
vyrukų,130
nežinot,130
darbai,130
darytum,130
įsakau,130
rajonas,130
nekenti,130
atvažiavai,130
nužudyt,130
mulkiai,130
padedi,130
tūkstantis,130
mūsu,130
norėti,130
bėkite,130
šikniai,130
atleidimo,130
prasmė,129
nupirko,129
dantys,129
policininkai,129
Andžela,129
bendrą,129
dušą,129
gaiduką,129
šoka,129
linksmintis,129
neabejotinai,129
universiteto,129
kalbasi,129
rojus,129
vėžlys,129
kuro,129
neturėtume,129
puolė,129
žaidimus,129
erzina,129
žudiką,129
žvaigžde,129
patirti,129
diržą,129
variklį,129
Och,129
ypatingai,129
skaudės,129
patinku,129
būdo,129
stalas,129
Zaiceva,129
langus,129
galėjome,129
saugią,129
pyksta,129
grįžęs,129
jūms,129
pusvalandį,129
laikams,129
pirmosios,129
džiaugiuos,129
Fredas,129
pačioje,129
paieškos,129
sugalvosiu,129
nusižudė,129
atvažiuosiu,129
arklius,128
zonos,128
Džiulija,128
vedė,128
keitė,128
bandyk,128
Snou,128
praėjus,128
Diego,128
žūti,128
žydas,128
neleis,128
Viešpats,128
kalbėsiu,128
suaugę,128
berniukui,128
lagaminą,128
stovėjimo,128
telaimina,128
pažadi,128
padėjėjas,128
greta,128
pavojingi,128
gėrimų,128
leidžiasi,128
grynais,128
trenkė,128
vairuotojo,128
transporto,128
tiltas,128
skaityk,128
netikėta,128
įsimylėjęs,128
nepamiršiu,128
laivus,128
kiaušinių,128
sugadinai,128
raketos,128
sąlyga,128
paklausė,128
Aragornai,128
mečiau,128
gyvos,128
susitarėme,128
suknelės,128
denio,128
mokslininkai,128
skubėti,128
skrisk,128
Barbara,127
ia,127
išleisk,127
alkana,127
taiką,127
dvylika,127
vėI,127
prižiūrėk,127
daręs,127
karjeros,127
atidarysiu,127
mudviejų,127
inai,127
pakišo,127
pagrindinį,127
get,127
gėdos,127
viršininke,127
patarimas,127
vardų,127
pavadinti,127
nurodymų,127
taškų,127
partneriai,127
veikei,127
perka,127
veikė,127
apsirenk,127
pusėj,127
prašai,127
nepasirodė,127
ėjimas,127
saugokitės,127
baltųjų,127
cigaretę,127
lipti,127
negrįžo,127
laidotuves,127
pusryčių,127
klausimai,127
sutampa,127
pasitikėjimo,127
naujųjų,126
klano,126
susipažinau,126
netvarka,126
gerbėjas,126
parą,126
klausykis,126
daroma,126
nederėjo,126
miško,126
nešti,126
užčiaupk,126
aki,126
Bilbo,126
naudojasi,126
pykčio,126
dirbk,126
išsiuntė,126
vonia,126
užsukti,126
prieik,126
prezidentu,126
likusius,126
dėdės,126
neužtenka,126
kovoje,126
įdėti,126
jausmų,126
Metju,126
scena,126
laivyno,126
pakrantės,126
pailsėk,126
galimybes,126
keltis,126
didžiuotis,126
pašovė,126
visoms,126
sunkumų,126
įtraukti,126
darbuotojų,126
eilę,125
pamažu,125
ledas,125
pilvą,125
šokis,125
nutariau,125
juoktis,125
atleis,125
uolos,125
menų,125
sąrašo,125
nepadeda,125
lenktynes,125
Kler,125
manyčiau,125
tortą,125
skambučio,125
mėgaukis,125
operacijų,125
suveiks,125
Jackie,125
vyresnis,125
veiksmai,125
norėjom,125
Bobis,125
jautrus,125
vienintelį,125
virvę,125
penkerius,125
Džeisonas,125
nusiųsti,125
suimtas,125
paleisiu,125
automobilyje,125
priimu,125
zinai,125
Timas,125
saugumas,125
kūnus,125
malonumas,125
rytuose,125
Kalifornija,125
atostogas,125
tikiuos,125
bičiulis,125
užkniso,125
popierių,125
gėles,125
Siuzana,125
negrįš,125
šešėlis,124
sake,124
skanus,124
Bete,124
jaunasis,124
rimto,124
rimtų,124
žaibas,124
lin,124
klientai,124
apsirengęs,124
sukurta,124
reikalu,124
pavadinai,124
mo,124
laimę,124
kolega,124
atsisėsk,124
sienas,124
įstatymą,124
asmeninis,124
projektą,124
kilti,124
sugalvok,124
juokingo,124
vidurį,124
dėžėje,124
įrodymas,124
ministras,124
įtariamasis,124
paims,124
pavyktų,124
mokiausi,124
žydų,124
gausim,124
septynių,124
atsiliepti,124
būklės,124
tyrimus,124
panelę,124
tikimės,124
Fiona,124
narkotikai,124
nesikišk,124
priimtas,124
slepia,124
dėkojame,124
gyvūnai,124
smūgio,124
įrangos,124
Džese,124
ieškom,123
pakalbėsim,123
kamuolys,123
kranto,123
triskart,123
atsitikti,123
politika,123
pem,123
paskelbė,123
truks,123
truputis,123
jaudina,123
skaitau,123
skanaus,123
pritariu,123
susirinkimas,123
tinklą,123
katės,123
Nastia,123
užsiimti,123
pertrauka,123
paliksi,123
sėdėjau,123
juosta,123
televizijos,123
džiaugsmo,123
sumokėjau,123
sumautai,123
Lari,123
negana,123
gražų,123
kitąkart,123
testą,123
pirmam,123
kojom,123
praneškite,123
pakviečiau,123
nugabenti,123
Lukas,123
by,123
sveikata,123
tolyn,123
žaist,123
išsiaiškinsim,123
ištraukei,123
išprotėjo,123
skirtumo,122
normali,122
vardai,122
patenkinti,122
Paryžiaus,122
Džonis,122
kasmet,122
šviesoje,122
iau,122
tarėmės,122
narių,122
keliausime,122
rodyti,122
Martinai,122
toj,122
daiktu,122
kardo,122
gulėjo,122
Sun,122
kerštas,122
taciau,122
pasielgė,122
ištikrųjų,122
suknista,122
teisė,122
keliauju,122
Kerol,122
turėt,122
beprasmiška,122
siųsti,122
žemai,122
negalėsi,122
davai,122
kilnybe,122
plaukia,122
laikinai,122
kosmoso,122
pakilti,122
būtumėte,122
viešai,122
ekspertas,122
spėti,122
visose,122
visatos,122
supažindinti,122
neteisus,122
krantą,122
atnešei,122
universitete,122
talentingas,122
kaiką,122
vieninteliai,122
Vudi,121
geriu,121
situacijoje,121
tyla,121
ketvirtadienį,121
vėluoja,121
naujienas,121
tokiems,121
uodegos,121
įstatymo,121
netekti,121
laidos,121
kitko,121
gatvių,121
pastebėjo,121
arklių,121
dirbsiu,121
Gondoro,121
ataskaitą,121
vakarienei,121
for,121
žirgas,121
penktą,121
pakelkit,121
bjauri,121
porai,121
plauk,121
įsivaizdavau,121
majoras,121
gudrus,121
maršale,121
užsimerk,121
Džimis,121
riba,121
ribas,121
apgailėtina,121
neprisimeni,121
neįprasta,121
herojus,121
kareivis,121
britų,121
mainais,121
prisėsti,121
įleisk,121
nušausiu,121
priimk,121
švelnus,120
parašei,120
logiška,120
keršto,120
spalio,120
nepanašus,120
pagarbą,120
rašai,120
paviršių,120
važiuokit,120
pasitikėjimą,120
džiaugtis,120
pabėgau,120
praradai,120
Vokietijos,120
sakykite,120
advokatą,120
ketinate,120
orkai,120
Briusas,120
paleistas,120
nerasi,120
ramu,120
sergu,120
nuosavybė,120
pasamdė,120
atsako,120
alų,120
sutaisyti,120
užtektinai,120
vyną,120
spaudžia,120
sumokės,120
krepšys,120
gydytojai,120
pasaka,120
melavo,120
mergaites,120
sąlygos,120
sūnūs,120
nunešiu,120
pamokos,120
klysta,120
baltieji,120
subinė,120
papai,120
juokiesi,120
nevažiuosiu,120
Europoje,120
keliaujam,119
interneto,119
tekėti,119
vynas,119
nagus,119
žadėjai,119
kolegos,119
valgai,119
kone,119
reklamos,119
šventę,119
rūšies,119
bingo,119
laike,119
Vilis,119
nenorėjai,119
apmaudu,119
vienus,119
upė,119
mokosi,119
temą,119
laukite,119
žavinga,119
susitikime,119
Jegoras,119
sąskaitas,119
kariuomenė,119
girdėjo,119
savyje,119
nenužudė,119
gyvenk,119
liepia,119
sėsti,119
mažule,119
pinigu,119
nurodymus,119
užkąsti,119
nuojauta,119
perduosiu,119
būdama,119
kalbėjomės,119
įvykdyti,119
saulę,118
Džeisonai,118
pakeist,118
sumą,118
mylėtis,118
medžioti,118
katastrofa,118
tikrus,118
paruošiau,118
Saidai,118
tikėjimas,118
žolę,118
Kolesnikova,118
neilgai,118
kaulų,118
karui,118
susprogdinti,118
bulvių,118
valdymą,118
pozicijas,118
paprasti,118
nevykėliai,118
mokesčius,118
nepaleisk,118
kariuomenės,118
pėdsakus,118
pamėginsiu,118
naujojo,118
laisvą,118
seserys,118
nekantrauju,118
parašysiu,118
dujos,118
gelbėk,118
Rajanai,118
Getsbis,118
šnipas,118
klausimo,118
kovojo,118
kaimą,118
Mija,118
įvykti,118
mieliau,118
šaltinio,118
senus,118
kaimynas,118
perkūnais,118
žiauru,118
skambučius,118
neatėjo,118
pasveikinti,118
bendra,118
atliko,117
kailį,117
žalos,117
teisėjau,117
puodelį,117
rojaus,117
pirkau,117
hobitai,117
rakto,117
įėjimas,117
malonumą,117
jüsų,117
ieškote,117
nesaugu,117
turtas,117
turtingi,117
kopija,117
patogiai,117
jardų,117
veidrodį,117
konjako,117
turtą,117
tiktų,117
žvilgsnis,117
apginti,117
pradingo,117
ketvirtą,117
pristatau,117
momentu,117
visomis,117
garantuoju,117
sudeginti,117
ruošiausi,117
norėsiu,117
nusipirko,117
kiaulės,117
kursas,117
paragauti,117
kūnai,117
nepasikeitė,117
laiškų,117
įrašai,117
Džeką,117
ausį,116
širdimi,116
likau,116
pastebėjai,116
tualetas,116
skambini,116
luktelkit,116
aparatas,116
gatves,116
brangu,116
ra,116
palieki,116
šiems,116
tako,116
neateis,116
Mikai,116
miestelyje,116
pasiuntė,116
norėjome,116
gamta,116
nužudymą,116
pavasario,116
nesutinku,116
atneš,116
imperatorius,116
darbuotojas,116
vietelę,116
nuvažiuoti,116
raketų,116
kortelė,116
Marta,116
Cezari,116
Džei,116
valią,116
Mege,116
režisierius,116
trukdyti,116
Lilo,116
pakils,116
klystu,116
raganos,116
kiekviename,116
elgiuosi,116
pasveiks,115
grėsmę,115
lauks,115
ššš,115
iškrito,115
išvykęs,115
atvira,115
Niu,115
jūroje,115
išgerkim,115
senelį,115
nelaimės,115
Frenki,115
sutiksiu,115
kelk,115
ketiname,115
vandenyną,115
mokate,115
absoliučiai,115
nužudęs,115
atneškit,115
sergi,115
tikėjo,115
apgaulė,115
melavau,115
liepsiu,115
užtikrinu,115
paprašyk,115
lokys,115
dalykais,115
sesute,115
darbuotojai,115
nusipelnei,115
scenoje,115
stovykloje,115
panikos,115
neliks,115
darytų,115
pametei,115
lenktynės,115
Džene,115
melo,115
sausainių,115
šiemet,115
Sergejyčiau,115
penkiolika,115
antradienį,115
sandėris,115
priims,115
atidaviau,115
stoties,115
vaikinus,115
sekimo,115
galėtumėm,115
Psiche,115
nuotaika,115
mokytojau,115
jaudiniesi,115
šoną,115
debilas,114
formą,114
bilietas,114
stebiu,114
priežiūros,114
keliausiu,114
vyruku,114
oru,114
kunigas,114
duše,114
kabineto,114
akmenų,114
voras,114
drabužiais,114
sutinka,114
išvesti,114
išvien,114
Dilanai,114
pimpalas,114
us,114
baseino,114
ateini,114
dėžės,114
pajėgas,114
savižudybė,114
rodė,114
eurų,114
užpakalis,114
treneri,114
demonas,114
šiukšles,114
virvės,114
paimsim,114
sąžininga,114
vienodi,114
Prancūzijos,114
kurso,114
kartos,114
pradėkit,114
druskos,114
patikrint,114
nesuprato,114
parodykite,114
furgoną,114
girta,114
didžiosios,114
išvysti,114
nesibaigs,114
vaikinais,114
išprotėjęs,114
išnyko,114
išmokyti,113
nebūtinai,113
žaidimai,113
jaunesnysis,113
veikt,113
gabale,113
Erikas,113
Vašingtono,113
banke,113
atėjęs,113
pasakęs,113
gerbti,113
kopiją,113
koordinates,113
atstumas,113
atia,113
laisvėje,113
paliks,113
meta,113
palei,113
pikto,113
verslininkas,113
raketas,113
mėsą,113
suvoki,113
sargyba,113
nauda,113
nepasitiki,113
Naomi,113
nereikalingas,113
pastoviai,113
atleidžiu,113
turėsit,113
žmonija,113
užsidirbti,113
džentelmenas,113
tragedija,113
sapne,113
prakeikto,113
milijonas,113
iškilo,112
Krisas,112
pasakėte,112
išeinam,112
palaiko,112
Haku,112
kalbuosi,112
miestelį,112
pagalvosiu,112
suradai,112
pradėsi,112
zonoje,112
garaže,112
priešus,112
ho,112
klaidos,112
trimis,112
išgelbėt,112
pamatysim,112
kaire,112
manėme,112
švarką,112
Pavlovna,112
paveikslas,112
paplūdimyje,112
susikaupti,112
pyrago,112
rodyk,112
tikite,112
bučinys,112
apsistoti,112
detales,112
jisai,112
apgavo,112
griežtai,112
išvalymo,112
išėjimą,112
žolė,112
apačią,112
nužudyta,112
spoksai,112
Sperou,112
aštuntą,112
įeina,112
Viljamas,112
minutė,112
Scylla,112
Sauronas,112
beprotė,111
iškrypėlis,111
pėdsakų,111
norėjot,111
pavogiau,111
akinius,111
akmenis,111
dulkių,111
autorius,111
švari,111
Mr,111
pėsčiomis,111
bėdoje,111
verki,111
apsimesti,111
vidurinės,111
gautų,111
būsto,111
sprogimo,111
Rohano,111
virtuvėj,111
hobitas,111
sritis,111
Alioška,111
bijojo,111
gavom,111
ramybėj,111
darykit,111
puolimą,111
Danieliau,111
a¹,111
įstatymai,111
labdaros,111
liūdnas,111
mokyti,111
Čikagos,111
dainas,111
padėtum,111
paduoti,111
Džeko,111
bažnyčioje,111
orkų,111
suknele,111
lietaus,111
sprendžiant,111
atsakomybė,111
nesimato,111
sutvarkyk,111
pasikliauti,111
tądien,110
bandyti,110
gydytoja,110
trumpą,110
vaidina,110
Kristaus,110
mažų,110
abejonių,110
išlipti,110
patekau,110
išgėriau,110
penkiasdešimt,110
šitoj,110
ginkluotas,110
serijoje,110
ausų,110
mėnulį,110
nemeluoju,110
suraskite,110
šaltinį,110
alus,110
Vilsonai,110
Morgan,110
supratom,110
romantiška,110
purvinas,110
Sašai,110
nepagalvojau,110
Haroldas,110
io,110
Sarumanas,110
Harry,110
mirsim,110
padirbėti,110
kursą,110
specialistas,110
kultūros,110
sakykime,110
mokėsi,110
galioja,110
skirtingų,110
lažintis,110
žadėjo,110
patvirtinti,110
nederėtų,110
renkuosi,110
pasirodyk,110
pasisveikink,110
paskelbti,110
išsiaiškinsiu,109
nebuvome,109
išmoko,109
rizika,109
užtikrinti,109
prekių,109
neišeina,109
sąjungos,109
suvokti,109
visdar,109
eilėje,109
lauksime,109
nuvesk,109
Vladikai,109
Joe,109
pastangų,109
žiemą,109
audros,109
krautuvę,109
kuriu,109
Samanta,109
Teri,109
monstras,109
raudonos,109
Starkas,109
sprendimus,109
ribą,109
noru,109
langas,109
berniukų,109
kodo,109
Stju,109
liktų,109
tikėtina,109
variklius,109
variklio,109
Džina,109
pusvalandžio,109
gimei,109
kitai,109
įsimylėjau,109
atsisėsti,109
dalyje,109
įjungtas,109
džiaugiasi,109
įkalčių,109
įdomaus,109
varžybos,109
patikti,109
tikėjau,109
dykumoje,109
atskirti,109
rungtynės,109
mesjė,109
gri,109
sunaikinta,109
juodą,108
Tomo,108
paskubėkite,108
skolinga,108
pasikalbėsime,108
nebežinau,108
pasilinksminti,108
šlovės,108
pridenk,108
Džoną,108
susitvarkysi,108
pribaik,108
nutikę,108
kiaušinius,108
joti,108
vištienos,108
pažvelgti,108
praleiskite,108
sutiksi,108
vairą,108
trauktis,108
įžeisti,108
asmeniška,108
sužinotų,108
pasikeis,108
prisipažinti,108
karjera,108
slėpkis,108
susipažinome,108
savas,108
likt,108
didįjį,108
keistą,108
dėkinga,108
įvairių,108
Diana,108
aistra,108
neleido,108
įsakė,108
rezultatus,107
veikla,107
valgau,107
grynas,107
likusi,107
papraščiausiai,107
turėtumėm,107
Derekai,107
susitinka,107
išsigandusi,107
Teo,107
nerimauju,107
Afrikoje,107
sargybiniai,107
bokštas,107
teatro,107
Betmenai,107
sąlygas,107
susitinkam,107
nedavė,107
matėm,107
žirgą,107
robotai,107
prisiminimų,107
papasakojau,107
Maskvą,107
apačioj,107
brolių,107
reiškė,107
meilute,107
valdovo,107
grįžkime,107
numeriu,107
nusipelniau,107
terminatorius,107
karštą,107
Gari,107
atsiųsti,107
laida,107
paleis,107
pica,107
dviems,107
Deivido,107
užsispyręs,107
sapnuoju,107
vaikį,107
kaulus,107
pelno,107
kariuomenę,107
įprastai,107
užaugau,107
pakalbėsiu,107
įsitikinus,107
nenuostabu,107
leiskis,107
nepakanka,107
seifą,107
teatre,106
uodega,106
penktadienio,106
susitikom,106
centų,106
einat,106
tokiai,106
indus,106
imperijos,106
Afrikos,106
mona,106
susitvarkys,106
paviršiaus,106
svarbūs,106
sprogo,106
nerado,106
keliaus,106
baigėm,106
santuoką,106
salotų,106
pamiegoti,106
užaugo,106
daktaru,106
pozicija,106
įsigyti,106
nepasakysi,106
miegojo,106
susekti,106
Andrejau,106
karalystė,106
lekiam,106
Amanda,106
galėsit,106
sunkvežimio,106
puses,106
geresnių,106
akmenys,106
jūrą,106
dėdę,106
all,106
daugybės,106
šaukia,106
sudaro,106
visata,106
sraigtasparnis,106
būnu,106
kilęs,106
teoriškai,106
Hitleris,106
Tao,106
miestelis,106
bėgant,106
būdais,106
Britanijos,106
namu,106
reakcija,106
skylės,106
Vanesa,106
liksime,105
laukiniai,105
Marko,105
patyręs,105
marškiniai,105
parko,105
aikštėje,105
paruoškite,105
suteik,105
ūgio,105
ratų,105
Elai,105
paragauk,105
stogą,105
kelnių,105
patikrinimas,105
nusikaltėlių,105
Vegase,105
ratus,105
kalę,105
tarnas,105
Taniai,105
nepadarei,105
randa,105
senais,105
nelįsk,105
senio,105
atskrenda,105
sekė,105
įvykius,105
kalinys,105
kalbėjausi,105
pilies,105
Sašenka,105
like,105
nusiteikęs,105
einate,105
nusipirkt,105
balandžio,105
priverstas,105
mokėt,105
matant,105
princesę,105
žurnalas,105
vadinas,105
lyderis,105
what,105
filmai,105
susitarimo,105
zinau,105
zmones,105
silpna,105
Džounsai,105
yeah,105
universitetą,105
peiliu,105
nepaprasta,105
Karolina,105
pažįstat,105
užsiima,105
prakeiktos,105
kvailų,105
tamsta,105
technologija,105
Dina,105
pasiduodu,105
nedaryti,105
skirtingai,105
mokėjo,105
šaunuoliai,104
Mailsai,104
ragelio,104
byloje,104
pirmiausiai,104
malonumo,104
Makai,104
lenktynių,104
pamatei,104
pamatysit,104
picos,104
Mei,104
Fui,104
iškviesti,104
maršalas,104
skambint,104
brol,104
skaityt,104
skaitei,104
stogas,104
grįžtame,104
baltuosius,104
arklį,104
nusikaltėliai,104
nemalonumų,104
gaučiau,104
vidurnakčio,104
traukiniu,104
greiciau,104
ginkluoti,104
nespėjau,104
apatinius,104
come,104
maniakas,104
gėrimas,104
kvėpuoja,104
įsakymus,104
laboratoriją,104
laika,104
pažeidimas,104
pažadą,104
mokinys,104
patenkinta,104
šukuosena,104
šventa,104
Merfe,104
šokolado,104
garbei,104
sutrikęs,104
žaizdą,104
žalią,104
Dore,104
prisiminimus,104
Edvardas,104
ou,104
banginių,104
diską,104
nebūti,104
dirbsi,104
sąžiningas,103
ištraukė,103
kelnės,103
Supermenas,103
pasinaudok,103
višta,103
bėgt,103
vaiduoklių,103
nuostabaus,103
vaisių,103
fu,103
mygtukas,103
pilis,103
pečių,103
baltą,103
išsiaiškint,103
galimas,103
našta,103
psichas,103
nesimatėm,103
straipsnis,103
kavinėj,103
poryt,103
Džesika,103
karvė,103
tose,103
aparatą,103
Keise,103
patirtis,103
skaičiuoti,103
dievina,103
skambučių,103
turėk,103
tokiomis,103
sprendimo,103
baigėme,103
medžiotojas,103
lipkite,103
rinkos,103
nauju,103
pasirinkau,103
neklausk,103
sugebėjo,103
meniu,103
merginoms,103
šikna,103
kvailystė,103
šeimų,103
gąsdini,103
karalystę,103
kardu,103
juodoji,102
al,102
pasilikt,102
tęsis,102
nesuprantate,102
borto,102
kūne,102
Viljamai,102
nešauk,102
nuimti,102
subines,102
papus,102
atsiimti,102
petį,102
skubi,102
mūšyje,102
nusprendėme,102
pasikalbėk,102
naująjį,102
šiose,102
fantastiška,102
vykstame,102
nevisai,102
dingę,102
prostitutė,102
nupirk,102
pietums,102
Alfredai,102
įstrigo,102
katik,102
pradedant,102
Harvi,102
reikšmės,102
bausmę,102
Andželą,102
pagaus,102
laikausi,102
sodą,102
gražuoli,102
skaito,102
negavau,102
priesaiką,102
Dzune,102
surengti,102
tvarką,102
tvarkos,102
kenkia,102
Ot,102
sustokite,102
darykite,102
nemeluok,102
degina,102
gryno,102
sandėrį,102
Rajanas,102
mintyse,102
nepažįsta,102
žavus,101
įtakos,101
auksinis,101
akla,101
serija,101
mėgino,101
kelkitės,101
užrakinti,101
įėjimo,101
sudaužė,101
imsiu,101
košmarą,101
pasuk,101
šanso,101
patariu,101
gynyba,101
svarbų,101
vadybininkas,101
anūkas,101
negeriu,101
puslapį,101
užuot,101
klausimu,101
patraukit,101
vidurio,101
saldžių,101
nepaprastas,101
technologijos,101
prašymas,101
geresnės,101
ieškos,101
sirgo,101
padarom,101
Katerina,101
Tedai,101
Karteri,101
užsiimi,101
rajono,101
kontaktas,101
Džeinė,101
nejudėkit,101
pasisveikinti,101
vestuvėse,101
Berlyne,101
Fredi,101
sąmonę,101
stiklo,101
graikų,101
nusiraminti,101
sugebėsiu,101
atidavė,101
telefonų,101
uostas,101
susipažinkit,101
nejuda,101
atšok,101
juokas,101
stengiesi,100
ištaisyti,100
trečiadienį,100
pana,100
Grand,100
pačiai,100
ginčytis,100
Mia,100
Robas,100
Virdžinija,100
dings,100
teroristas,100
lazdą,100
nevertas,100
puikiausiai,100
tatuiruotę,100
kaulai,100
priemonė,100
mirusiųjų,100
klasę,100
laikomas,100
bazėje,100
susiimk,100
užsakymą,100
Maiklą,100
amžiuje,100
stebėjimo,100
senele,100
filmuoti,100
geresnę,100
įrankių,100
with,100
kūnų,100
mylėsiu,100
močiutės,100
suvaldyti,100
septynios,100
sužeista,100
sužavėtas,100
sąžinės,100
atlikau,100
suprastum,100
Parkeri,100
vel,100
kekše,100
liūtas,100
sakykim,100
dėžė,100
priimta,100
sugrįžai,100
vaikelis,100
Indija,100
gražių,100
palaikymo,100
rezultatų,100
bokšto,100
kažkokiu,100
mirtų,100
beprotystė,100
pasistengti,99
Klara,99
pradėkite,99
tom,99
Džune,99
Endriu,99
nepriklauso,99
maistu,99
tostą,99
šventoji,99
gydymo,99
pavadinau,99
drąsiai,99
triušis,99
norėjote,99
ponią,99
užsikišk,99
kovo,99
Dona,99
skrendu,99
pasirodymo,99
gimsta,99
Fox,99
susipažinom,99
atsakymus,99
paprastą,99
nusikaltimus,99
pasiimkite,99
tinkamo,99
paukštį,99
kš,99
teisingumas,99
iššūkį,99
pabūk,99
prisijunk,99
didele,99
šūdžiai,99
dzin,99
nenorit,99
palaidotas,99
pakviest,99
nunešk,99
tradicija,99
negražu,99
torrent.ai,99
retas,99
kankina,99
pabaisos,99
žaizdos,99
nešioja,99
matytų,99
srityje,99
skiria,99
neturėjome,99
cigarečių,99
ruoškis,99
netekome,99
keliausi,99
išsiunčiau,99
patvirtinta,99
atlikta,99
Normanas,99
juodosios,99
susitarimą,99
atsigerti,99
žuvys,98
turintis,98
žinutės,98
Kostia,98
tikrinu,98
išgyvens,98
departamento,98
judėkit,98
sučiupti,98
mylėjai,98
dički,98
berniukus,98
patvirtino,98
kalti,98
pirštu,98
Kalifornijos,98
užmušė,98
avis,98
surink,98
sis,98
paimsime,98
klausai,98
įspėjau,98
ačiu,98
aikštę,98
norėsite,98
sumauti,98
blogį,98
neprašau,98
kvailį,98
amžinybę,98
paramos,98
muštis,98
mąstau,98
Anuš,98
rašyt,98
teatrą,98
močkrušy,98
lordo,98
pasala,98
keliauji,98
vėžiu,98
vadovauju,98
bokšte,98
Gordonai,98
kentėti,98
krepšyje,98
aplinkos,98
atsidurti,98
krizė,98
skelbiu,98
gyvenate,98
pasiilgsiu,98
ištrinti,98
lmk,98
mokykis,98
eitum,98
vaikštai,98
prisistatyti,98
nekaltinu,98
atvažiavom,98
pavyzdį,98
pareigą,98
pamatysime,98
pamokas,98
galvojat,98
naujieji,98
ausys,98
išgirs,98
tikėjomės,98
müsų,98
golfo,98
erdvę,98
vasara,97
tikėjimą,97
rašiau,97
burnoje,97
veiklos,97
Ania,97
reikštų,97
Soni,97
teisūs,97
valstija,97
kovotojai,97
Beginsas,97
tobulai,97
nusprendėm,97
mylime,97
kanalą,97
kokiais,97
lifte,97
kekšės,97
rūšių,97
Gretšen,97
Poteri,97
kils,97
triukšmo,97
kairė,97
miegamąjį,97
nykštukų,97
perspėti,97
virto,97
eičiau,97
Bredai,97
Reicel,97
vakarui,97
paskambinai,97
Džeris,97
pasirašė,97
puls,97
autobusu,97
Alanas,97
seniau,97
kūnu,97
plaukais,97
datą,97
užrakinta,97
draugystė,97
Sašą,97
neskauda,97
saule,97
gyvus,97
elgiausi,97
žadėjau,97
tampi,97
užmigo,97
nužudymo,97
pataisyti,97
puikių,97
beviltiška,97
ilsėtis,97
rami,97
dėk,97
baseiną,97
algos,97
nesusiję,97
pasibaigė,97
liečia,97
ženklus,97
pasiilgai,97
norėdami,96
pradžią,96
žlugo,96
kartoti,96
žaidžiu,96
siunčiu,96
didžiulę,96
išgąsdinti,96
moterimis,96
pažadėjai,96
paprasto,96
liepei,96
stovyklos,96
nupirkai,96
kvailo,96
patikėjo,96
vėliavą,96
keleto,96
inspektoriau,96
kaltinimus,96
atsitiktų,96
supistas,96
pareiškimą,96
Donas,96
rojų,96
nusipelno,96
juose,96
Parkeris,96
Fedia,96
pakenkti,96
veža,96
vyrukui,96
gėjų,96
nepamirškite,96
Tegyvuoja,96
lygos,96
pabėgai,96
nesakyti,96
įsakyta,96
nepasiduok,96
sėdynės,96
kosmosą,96
smirdi,96
eksperimentas,96
atkeršyti,96
sutiks,96
Maskva,96
medžioja,96
neatsimenu,96
patikėjau,96
mėginu,96
momentas,96
Gendalfas,96
sudėtingas,96
šausiu,96
stokite,96
nematyti,96
sidabro,96
sudaryti,96
išeikit,96
Betmeno,96
neištikimas,96
kiekis,96
kaime,96
vyksiu,96
išvesk,96
pastatytas,96
naujai,96
sujunk,96
genialu,96
indų,96
gydytojo,96
nemiegojau,96
privalom,96
kraujuoja,96
I'm,96
privers,96
nebijai,96
nevyksta,96
šoko,96
akivaizdžiai,96
žinosiu,96
išmanai,96
tikėk,95
riteris,95
nugara,95
up,95
išklausyti,95
vest,95
grupėje,95
sugadinau,95
sriuba,95
bučiuoju,95
Keilai,95
gabalą,95
dulkės,95
reike,95
neprieštarausi,95
absurdas,95
Kuzios,95
seneliu,95
varikliai,95
laidotuvės,95
įspėju,95
Linkolno,95
Rikis,95
vidurinėje,95
liudininkų,95
ilgus,95
obuolių,95
skyrybų,95
kiekvienos,95
sujungti,95
Mikis,95
paspausk,95
greita,95
kliūtis,95
idėjos,95
vergų,95
normalūs,95
kokaino,95
papasakokite,95
teritorijoje,95
neįtikėtinas,95
sušikti,95
dešine,95
mina,95
draugystės,95
data,95
misteris,95
Times,95
lipam,95
Edas,95
kelionei,95
jaudinasi,95
nepastebėjai,95
užėmė,95
nesamonė,95
užsakiau,95
ugnimi,95
fuck,95
miegamajame,95
atstatyti,95
pasą,95
tikslu,94
priverčiau,94
pilietis,94
muša,94
baigia,94
Jelena,94
užsičiaupkit,94
skambinai,94
nusikaltimą,94
kvartalų,94
agentu,94
patikrinkit,94
kurčias,94
dalių,94
valdytojas,94
užtruko,94
žvaigždę,94
įkišti,94
Lithuanian,94
pasiėmiau,94
bagažinę,94
Linkolnai,94
ira,94
pavardės,94
radot,94
klausk,94
radijas,94
stebėjo,94
viršuj,94
paruošt,94
paruošiu,94
kosmose,94
draugiškas,94
kabo,94
Fišeris,94
senojo,94
kraštą,94
pamiršt,94
koncertą,94
išvykstu,94
įtariu,94
karai,94
kredito,94
lifto,94
liežuvis,94
pirkt,94
sezono,94
atsiprašome,94
šokėja,94
tablečių,94
devynių,94
raštelį,94
brolius,94
raktelius,94
Vladas,94
didžiulį,94
nigeri,94
gyvenai,94
įėjo,94
trokštu,94
nukris,94
kortos,94
priima,94
maišą,94
didi,94
visuomenė,94
pokalbių,94
prisimenate,94
nepasakok,94
laimėsiu,94
Pipinai,94
atsakomybės,94
poniai,94
procedūra,94
pilyje,94
bandėme,93
dainų,93
triuką,93
Šonas,93
manyk,93
liftas,93
sniegas,93
tebuvo,93
padeti,93
da,93
narkotikais,93
neprašiau,93
sielas,93
moko,93
žiema,93
kenčia,93
paprašyt,93
paskirtas,93
keturiasdešimt,93
sugalvot,93
dugno,93
vesiu,93
laikraštyje,93
gyvūnus,93
Jonesai,93
slėpkitės,93
trečiasis,93
kontroliuoja,93
žaidė,93
konkrečiai,93
Džoja,93
sriubos,93
šeštą,93
kanalas,93
Izabele,93
kvapo,93
kapo,93
pakalbėkim,93
tvarkytis,93
galintis,93
sutarties,93
Bela,93
atsakinga,93
dienoms,93
Beginsai,93
nebenori,93
Smitai,93
miledi,93
ataka,93
juokaujat,93
įtampa,93
niekieno,93
žadi,93
vidurnaktį,93
spalvą,93
torto,93
DVD,93
dėti,93
šypsokis,93
jauną,93
gulkis,93
pėdsakai,93
prabėgo,93
Frankai,93
klausei,93
neužteks,93
teoriją,93
sužinosime,93
pasigailėjimo,93
išgąsdino,92
pasinaudojo,92
pasirašyk,92
ištarti,92
Lisa,92
protingi,92
būtybė,92
neturės,92
neįtikėtinai,92
virsta,92
padėties,92
neįvyko,92
aplinka,92
paklusti,92
nepakartojamas,92
dvasią,92
lavoną,92
pasakoji,92
kambarius,92
rėkia,92
nuodėmes,92
atsiliepkit,92
skaudėjo,92
Larsai,92
smirda,92
Jė,92
senoji,92
Saurono,92
mūms,92
paskutiniu,92
neapykantos,92
svajonę,92
pagausiu,92
kompanijoje,92
vadovavo,92
nužudytų,92
apačios,92
esantys,92
mest,92
pirmininkas,92
galėjom,92
laidotuvių,92
panelei,92
pareigos,92
gyvai,92
ruošiamės,92
stengėsi,92
dvigubas,92
Taileris,92
dvigubą,92
Erin,92
Filas,92
valdymas,92
Skofildas,92
važiuos,92
atsikratyk,92
mylimas,92
slėpti,92
variklių,92
prietaisas,92
Aleksejau,92
uždrausta,92
pasidaryti,92
kareivių,92
Prancūzijoje,92
paplūdimį,91
draudimas,91
šansai,91
mielą,91
žemėlapio,91
pagalvokite,91
naudojo,91
taures,91
filmuose,91
lūpos,91
tinklas,91
nepakeis,91
senuk,91
gerbiamas,91
tevas,91
Smitas,91
priepuolis,91
Teksase,91
nunešti,91
Lioška,91
Hermiona,91
blemba,91
sostą,91
bėgo,91
sodo,91
Noa,91
parašyk,91
pardaviau,91
laikus,91
rengia,91
leidžiama,91
spektaklis,91
išvaizda,91
Gandalfai,91
liudininkas,91
žurnalą,91
ištverti,91
pasielgiau,91
pėstininkas,91
puolimo,91
atvykusi,91
pasijutau,91
likusieji,91
gyvenat,91
prakeiksmas,91
angelai,91
realybės,91
ratai,91
GPS,91
siurprizas,91
situacijos,91
raketą,91
siaubingą,91
dviratį,91
Kete,91
Petrovičius,91
sudegė,91
pavadinimą,91
pasiimkit,91
Makvynas,91
Artūrai,91
kiaušų,91
bloke,91
saldainių,91
atsitiktinumas,91
pietuose,91
laimingų,91
trupučio,91
organizacija,91
milijardus,91
nedidelė,91
gyvatės,91
sodas,91
melstis,90
laužą,90
teritorija,90
kokioje,90
know,90
stengtis,90
diržus,90
žuvų,90
pasišnekėti,90
inžinierius,90
Eliza,90
mudviem,90
paskaityti,90
juodos,90
tunelį,90
atšvęsti,90
tuose,90
sulaužė,90
kontraktą,90
nuodėmė,90
brolijos,90
agentų,90
pavadinimu,90
Martinas,90
gėlė,90
tikęs,90
pakentėk,90
didesnio,90
ooo,90
kątik,90
nepažinojau,90
nedidelę,90
galias,90
nusiraminkite,90
rūpestis,90
vagys,90
nusišikt,90
juokaujate,90
jaunesnis,90
pajudėti,90
trokšti,90
stato,90
nuotraukoje,90
plaukiam,90
suprastų,90
perskaityk,90
susimovei,90
senukas,90
senąjį,90
Vilas,90
ie,90
nesakykit,90
naujieną,90
vyriausias,90
talentas,90
snukį,90
farų,90
but,90
Eimė,90
gims,90
paaukoti,90
sumušė,90
kapitonui,90
nepasakyčiau,90
asmenybė,90
raudonoji,90
rasta,90
aštuonis,90
technika,90
piniginė,90
šalių,90
išeitį,90
treniruotis,90
merga,90
kiaušiniai,90
stebėsiu,90
likai,90
sugriauti,90
sugavo,90
lo,90
pavėlavau,90
takas,90
laikrodžio,90
pavydžiu,90
avarijos,90
nejudėt,90
Jason,90
bylas,90
benzino,90
pažeistas,90
trims,90
valgei,90
vilčių,90
žinučių,90
veidui,90
važiuokim,90
lazdelė,90
Džil,89
kuriomis,89
spinduliu,89
sulaužyti,89
langų,89
devynis,89
rinkimų,89
partneri,89
esantis,89
baigt,89
mylimasis,89
perimti,89
Hitlerio,89
Hani,89
nustebęs,89
palūkėk,89
išeikite,89
Romeo,89
eismo,89
prasau,89
kaą,89
internetą,89
zinoma,89
cigaretės,89
praleiskit,89
rašiklį,89
tvirtina,89
gyvūnas,89
parodysi,89
tėtuši,89
jausmo,89
pagalvot,89
kvaiša,89
kalbamės,89
paimsi,89
atsižvelgiant,89
milijardų,89
eilini,89
nušautas,89
Brajanas,89
pasieksime,89
senumo,89
sraigtasparnio,89
nedera,89
atžvilgiu,89
pasilenkit,89
šlamštą,89
Vašingtone,89
lekia,89
atsargas,89
bilietai,89
nemanyk,89
išėjęs,89
išgirdo,89
išgelbėk,89
akimirksniu,89
kapitonu,89
atiduot,89
kris,89
nežiūri,89
Šit,89
detalių,89
nuodai,89
vamzdis,89
valstijose,89
pirštai,89
užrakintos,89
Greise,89
mergaitei,89
tikslus,88
gelbėtojas,88
išmokysiu,88
taškai,88
aikštelės,88
nebereikės,88
užsiėmusi,88
daktarui,88
spintoje,88
filmavimo,88
sandorį,88
geresni,88
patikrinkite,88
kulkas,88
vaikystėj,88
Majorovas,88
Google,88
belieka,88
Hetera,88
vaikštau,88
televizoriaus,88
kepurę,88
Slava,88
kontrolę,88
Hobson,88
sraigtasparnį,88
gaują,88
nagų,88
bombas,88
rūsį,88
kūrinys,88
kažkokių,88
gyvybių,88
žaidžiam,88
žaidime,88
iškeliavo,88
gaisro,88
lazdelę,88
žalias,88
saugumą,88
sargybinis,88
orderį,88
cirko,88
didesnės,88
kelionių,88
Kelly,88
sausio,88
pakrantę,88
we,88
nesijaučiu,88
gatve,88
pamatytum,88
paslaugoms,88
denį,88
šokį,88
narkomanas,88
tortas,88
bausmės,88
pasitikėt,88
kameroje,88
Domai,88
reklama,88
Paryžius,88
apima,88
treniruočių,88
išprotėjot,88
išsiskyrė,88
važiavo,87
Europą,87
apsirengti,87
nusižudyti,87
išjunkit,87
mergyte,87
susirinkimą,87
nekvailiok,87
Bri,87
panaikinti,87
dingai,87
priėjo,87
neišėjo,87
sukčius,87
Skoti,87
manoma,87
išgėrė,87
susitariau,87
nekęsti,87
šokius,87
šliundra,87
ištraukit,87
laužo,87
Bostono,87
atvažiuok,87
darba,87
svorį,87
aveniu,87
atvykus,87
Albertas,87
šilumos,87
mamytės,87
tamsą,87
lenda,87
kaltinimai,87
smurto,87
algą,87
šaldytuve,87
palaidoti,87
Edvardai,87
fizrukas,87
nešdinamės,87
ašaros,87
scenarijaus,87
dėkoti,87
išdavei,87
valstijoje,87
cm,87
nesibaigė,87
linkme,87
fėja,87
kristi,87
Marion,87
anapus,87
pakalbėk,87
lapkričio,87
kalbas,87
tylu,87
pirmoje,87
stebuklų,87
nuvažiavo,87
sekundei,87
Sen,87
dalintis,87
Regina,87
laukėme,87
pradžiai,87
sučiupo,87
likus,87
atsidūriau,87
grąžint,87
mūsiškiai,87
teatras,87
mirtinas,87
rūpinuosi,87
pabaisą,87
nustebinti,87
pimpalo,87
suteiks,87
Saniokai,87
Kuzminai,87
tarnybą,87
dalyku,87
instituto,87
sportininke,87
žaviuosi,87
skubus,87
padarytas,87
kodus,87
raudoni,87
raudonasis,87
pateks,87
tokiame,87
vištos,87
katę,87
skyrė,87
laikyt,86
nebegyvas,86
pasikalbėkim,86
valgiau,86
žmonas,86
dėžes,86
bendriko,86
nigeris,86
sėstis,86
apsėstas,86
žiūrint,86
švaistymas,86
duotas,86
rankinę,86
slepi,86
vakaruose,86
aplinką,86
nufilmuota,86
vedžiau,86
skolingi,86
paskambinkit,86
pažadėti,86
korteles,86
mąsto,86
išduoti,86
nakti,86
Miler,86
kalibro,86
didesnį,86
gabi,86
išdulkinti,86
matas,86
bendruomenės,86
skydas,86
išleidau,86
sapnai,86
sultys,86
draugija,86
Maiklui,86
antrojo,86
pakalbėkime,86
ūsų,86
išvyksti,86
prireikti,86
įrodymus,86
aukštesnis,86
paieškoti,86
plieno,86
labo,86
tūkstančio,86
paliesk,86
didžiausių,86
siųsk,86
nušovei,86
tikitės,86
prodiuseris,86
visvien,86
atsakysiu,86
nenorim,86
poelgis,86
praneša,86
zmogau,86
premiją,86
atsiminti,86
nužudo,86
piliečiai,86
galutinis,86
ratu,86
atsimink,86
vertėtų,86
mokslininkas,86
lūpų,86
pasiliksi,86
Eliotai,86
pusių,86
domisi,86
personalo,86
miegą,86
nuleiskite,86
pradėjom,86
vedi,86
gamybos,86
žiūrovai,86
rizikos,86
išsisukti,86
kokiai,86
pasivaikščiot,86
rizikinga,85
žurnale,85
įkišo,85
praeina,85
salė,85
pralaimėti,85
kaunasi,85
trim,85
beždžionės,85
žinojote,85
pasilinksmink,85
slenksčio,85
Dre,85
siekti,85
kadanors,85
Rouze,85
generolo,85
profesionalas,85
suraskit,85
Bjanka,85
Londonas,85
vaikščiot,85
ketinai,85
sudegino,85
Šarlotė,85
šviesiai,85
galėjote,85
atpažinti,85
Keni,85
Adamas,85
drąsą,85
šalmą,85
miestui,85
pavarde,85
įvertinti,85
darysite,85
dėvėti,85
nešaudykit,85
operatorius,85
vyriausiasis,85
Vova,85
susitikinėti,85
pamenat,85
nematomas,85
mažus,85
gonna,85
viršūnę,85
nelieskit,85
em,85
ryšius,85
Borisai,85
tėvynės,85
Sarą,85
have,85
sumuštinių,85
taptų,85
įpilk,85
Jack,85
atkeliavo,85
karaliai,85
paistai,85
patikėkite,85
įmonės,85
sumažinti,85
sakys,85
Ze,85
pasakos,85
raumenys,85
nugalėjo,85
kokiame,85
varykit,85
penkeri,85
metrai,85
gėrei,85
todel,85
grupei,85
elfai,85
puolimas,85
Denisas,85
akim,85
šono,85
skrybėlę,85
erdvėlaivis,85
išsirinkti,84
Vašingtonas,84
žiūrovų,84
visatoje,84
apiplėšti,84
nezinau,84
Kinija,84
balsus,84
prisiminsiu,84
kelnaites,84
rožė,84
vietiniai,84
kišenę,84
cirkas,84
atsiprašyk,84
grįžtų,84
fantastika,84
kieti,84
protingesnis,84
priverčia,84
pyragas,84
įgulą,84
taškus,84
it's,84
atsitraukite,84
nepasiruošęs,84
valios,84
atsistok,84
Leonai,84
nepasikartos,84
kampas,84
kolkas,84
marškinėliai,84
žingsnio,84
nedidelį,84
laukas,84
neduosiu,84
papildomų,84
neleiskite,84
kaidžu,84
nematėte,84
nemiegi,84
Semi,84
susijusi,84
paplūdimio,84
aptiko,84
juostą,84
Dzonai,84
mušti,84
raidės,84
mėgautis,84
dėkingi,84
sofa,84
paklausei,84
milžiniška,84
duodi,84
trečio,84
auką,84
susitiksiu,84
atvežiau,84
šūdu,84
jiedu,84
šuniui,84
paspausti,84
pastiprinimą,84
gaidys,84
neatsitiko,84
atsisako,83
praradom,83
nuomą,83
institutą,83
šypsotis,83
šūdinai,83
drąsi,83
derėtis,83
paraliais,83
pardavėjas,83
meras,83
švarūs,83
panorėsi,83
tabletes,83
sėdim,83
uodegą,83
nuleiskit,83
seksuali,83
picą,83
vandenynas,83
pralaimėjai,83
Džekis,83
apsauginis,83
nepastebėjo,83
kviesti,83
finansų,83
kongreso,83
aštuonių,83
kišenes,83
atsikratyt,83
mokausi,83
rytais,83
mokslus,83
spauda,83
blondinė,83
mados,83
keliavo,83
Luisas,83
Oskarai,83
pykti,83
rimti,83
projekto,83
nesustabdys,83
romanas,83
Lola,83
F,83
vilko,83
žudikų,83
atsakiau,83
išsiskirti,83
tuoktis,83
suėmė,83
erelis,83
žinojęs,83
noro,83
nebijo,83
skrydį,83
išvažiuoja,83
drakonas,83
atiduočiau,83
išvažiuot,83
pasidaro,83
paslaugų,83
trunka,83
laukit,83
sveikinimai,83
Meksikos,83
užbaik,83
septynias,83
neklystu,83
pakėlė,83
šaulys,83
pametė,83
gina,83
Šeron,83
nemandagu,83
pakvietei,83
išdarinėji,83
įsitikink,83
i¹,83
nenorėtų,83
dūmai,83
ganėtinai,82
keistų,82
lotynų,82
Rio,82
elektrą,82
teroristai,82
momento,82
žvėrį,82
Roberto,82
neteks,82
vairuok,82
ruošia,82
privatus,82
apgailėstauju,82
apetito,82
pasipriešinimo,82
žmogžudysčių,82
ilsisi,82
atsargos,82
Kemai,82
puslapis,82
pusprotis,82
kukurūzų,82
Džounsas,82
priedangą,82
Naną,82
vaidmuo,82
keistuolis,82
padarykit,82
Homerai,82
kontrolė,82
lūpas,82
sukūrei,82
Džinai,82
plačiai,82
büti,82
klaupkis,82
nežinomas,82
tarnavo,82
minus,82
Džefas,82
kapą,82
pagrindinės,82
sumauto,82
neras,82
tautą,82
neprireiks,82
pagrindinę,82
sumanei,82
įprastas,82
lėktuvų,82
Heraklis,82
degalai,82
įvykiai,82
lentos,82
Šeinai,82
atsiųsk,82
schema,82
trenkti,82
pimpis,82
dvyniai,82
seksu,82
paleist,82
savaitei,82
kalbėkit,82
Ali,82
šnekėti,82
Denieli,82
veiks,82
veiksmo,82
veiklą,82
leista,82
buvimas,82
bandydamas,82
gėrimus,82
laiptai,82
susirado,82
paltą,82
ateitų,82
pamanyk,82
Jėzaus,82
neina,82
Nikolajevna,82
didenybė,82
aistros,82
laiško,82
susituokti,82
sąjunga,82
Meksiką,82
sveikiname,82
išleistuvių,82
dietos,82
laukei,82
Meisonai,82
nebesvarbu,82
pastebėti,82
išleiskit,82
pasiduok,82
laikraštį,81
kinas,81
produktų,81
marš,81
agentūros,81
Leonidai,81
Trinity,81
vedybų,81
turėdamas,81
neįsižeisk,81
lauksim,81
tvirtovė,81
išmest,81
rato,81
pasiliko,81
atrado,81
bendriką,81
šeimas,81
žaislų,81
patenka,81
sūris,81
Karmen,81
paliksime,81
ilgos,81
žaidžiau,81
Styvas,81
Styvenai,81
kiekvienu,81
mirus,81
lėlė,81
bjaurybe,81
likęs,81
minute,81
būni,81
bilietų,81
praranda,81
TRL-Komanda,81
neatsako,81
armijoje,81
nekalti,81
prisimena,81
sportas,81
beta,81
minutei,81
Bilbai,81
pasaulinio,81
jose,81
pribaigti,81
mergytė,81
sudužo,81
išliko,81
naikina,81
slėptuvę,81
automobiliu,81
prižadėk,81
pyktį,81
motin,81
salės,81
kara,81
ieškojai,81
versija,81
paiešką,81
Emi,81
tigre,81
blokas,81
gandus,81
dulkes,81
juokauja,81
žiūrite,81
saulei,81
nemiega,81
žvilgsnį,81
grindys,81
suprasiu,81
are,81
boso,81
pasimylėti,81
dolerį,81
Tanią,81
ketvirta,81
nesakai,81
institute,81
peilio,81
Gregai,81
laboratorijoje,81
turėjęs,81
nesam,81
Pene,81
nuvyliau,81
juostos,81
Takeri,81
farams,81
skanūs,81
muši,81
įrašyti,81
močkrušys,81
imsi,81
koordinatės,81
Alicija,81
brangiai,81
žudiko,81
sumokėt,81
sumokėsi,81
SAŠATANIA,80
juokai,80
užsuksiu,80
šlovę,80
kanalo,80
atiduokit,80
kiekvienais,80
persirengti,80
didėja,80
bla,80
iškvietė,80
Vegasą,80
leidžiamės,80
girdėjusi,80
draugystę,80
grafas,80
gra,80
protu,80
Korėjos,80
sakysiu,80
tikslui,80
nubėgo,80
elgiatės,80
Taileri,80
nusileis,80
Sveta,80
perspėjau,80
Čarlio,80
senatoriau,80
uždarykite,80
mentai,80
išgirst,80
tolo,80
big,80
laimingą,80
Raili,80
reputacija,80
pacientų,80
mokiniai,80
kontaktą,80
gatvėj,80
laivynas,80
koridoriaus,80
pajusti,80
užtektų,80
pakalbėsime,80
pasakėt,80
skydą,80
Anglija,80
kitokie,80
suteikiau,80
Jungtinės,80
dugne,80
Kenai,80
sutvarkys,80
pyragą,80
smalsu,80
nedirbu,80
Rikas,80
karinė,80
ženklai,80
apgavikas,80
parduot,80
prizas,80
jok,80
atleisiu,80
vampyras,80
mike,80
Peidž,80
traukit,80
užsisakyti,80
chaoso,80
nesėkmė,80
matę,80
važiuokite,80
nepamirškit,80
prieštarauja,80
žmoniją,80
paskambinsi,80
savaitgalio,80
Pitai,80
savarankiškai,80
vaikinams,80
pašautas,80
išgėrei,80
vargšė,80
fantomų,80
pažadas,80
paštą,80
seserimi,80
organizacijos,80
nusipirk,79
žlugs,79
tyčiojiesi,79
patikės,79
išmano,79
pulsas,79
aukštos,79
sveiką,79
nemirė,79
sugrįžę,79
tinklo,79
iškviesiu,79
minios,79
sunkūs,79
girdėt,79
gulk,79
įvykį,79
atsakyt,79
nepadėjo,79
minties,79
klounas,79
atvykom,79
trečios,79
biblija,79
išgydyti,79
reputaciją,79
polo,79
Rendi,79
pastačiau,79
Pavelai,79
telefone,79
prisėskite,79
sugebės,79
Viešpaties,79
Džesis,79
įjungta,79
atneškite,79
uždirbti,79
uždėk,79
užduoties,79
aplinkybėmis,79
sriubą,79
nešaukit,79
apsimeta,79
nebebuvo,79
pusmetį,79
anas,79
teti,79
indėnų,79
kiaušai,79
šioj,79
prižiūrėtojas,79
pvz,79
Romoje,79
kaimynų,79
lyja,79
teisingumą,79
aukščiausios,79
senį,79
vairuoja,79
Šarlote,79
kišenės,79
šaudė,79
pirmame,79
numirė,79
neškit,79
nuogą,79
neatrodai,79
numerius,79
Lee,79
aiškinti,79
Shaw,79
akcijos,79
pripažįstu,79
palaukt,79
juodais,79
naštą,79
nubausti,79
bandom,79
negausiu,79
ministre,79
išmesk,79
Nedai,79
paskutines,79
Sju,79
parduoda,79
priversiu,79
nuveš,79
Grifai,79
pasiima,79
tęskit,79
vyrukus,79
akimirkų,79
tualeto,79
kaukės,79
Dmitrijau,79
išsirink,79
studija,78
nematėt,78
padovanoti,78
stiklą,78
pasiėmei,78
išteklių,78
įsivaizduojat,78
Doti,78
pramogų,78
Elen,78
nusiimti,78
ypatingos,78
nutrūko,78
pasakų,78
rudi,78
Eipril,78
prisidėti,78
mąstyti,78
Sofi,78
neduos,78
stebiuosi,78
supratome,78
miškas,78
žavi,78
tylėti,78
nueisim,78
įžūlus,78
žinojome,78
reikalavo,78
koridorių,78
Emilė,78
Saros,78
šefo,78
atsiskaitę,78
neatsitiks,78
lažinamės,78
pakeisiu,78
švęsti,78
Džiuljeta,78
seksis,78
baze,78
kuriose,78
nepavyksta,78
neramina,78
šeimininkė,78
svarbios,78
melskis,78
Patrikas,78
lipa,78
prisiimti,78
pačio,78
autobuse,78
atstovas,78
kovėsi,78
fakulteto,78
netekties,78
spokso,78
sukti,78
dalyvauja,78
linkėjimai,78
at,78
nuobodus,78
tiesiogine,78
esanti,78
kiemą,78
bokso,78
nerėk,78
Kanados,78
peties,78
užvesti,78
melagė,78
atvesti,78
nusiminęs,78
stiklinę,78
laipsnio,78
apiplėšė,78
neis,78
duobę,78
valties,78
vamzdį,78
got,78
atneša,78
spaudimą,78
dalyvavo,78
reta,78
minutėle,78
sugrįžau,78
penį,78
vagia,78
griežtas,78
džiaukis,78
įsakymu,78
gruodžio,77
mėgina,77
Sherlockai,77
dienoraštis,77
nutuoki,77
keliausim,77
išvykstame,77
nešioti,77
turtinga,77
Majamyje,77
nueisi,77
turtus,77
junk,77
parvešiu,77
AÕ,77
žalio,77
nervinuosi,77
pakelkite,77
Kamane,77
gyvenima,77
rašyk,77
akiniai,77
uniforma,77
sielų,77
Indy,77
Holmsai,77
chaosas,77
gyvų,77
Berlyno,77
kištis,77
punktas,77
pabudau,77
Rusija,77
taikiniai,77
profesija,77
laimėsi,77
sektoriuje,77
mesiu,77
Džeikobas,77
įmonė,77
pagalvokit,77
paslaptys,77
susirinkome,77
įsilaužti,77
Džeikas,77
Klaidai,77
klanas,77
natūraliai,77
parodžiau,77
netrukdyk,77
laimingos,77
postą,77
dalys,77
laboratorijos,77
italų,77
klasiška,77
klase,77
cento,77
šaukė,77
rūpėjo,77
temos,77
tetis,77
perdavė,77
kung,77
nesuveiks,77
šlamšto,77
Krilinai,77
kruopščiai,77
laukinis,77
surengė,77
rajoną,77
pastangas,77
neapykanta,77
gyvensim,77
pabūt,77
will,77
prašyk,77
Tedis,77
rungtynių,77
gavęs,77
komisare,77
sukuria,77
patrauklus,77
asmenybės,77
skirtumą,77
gausit,77
farus,77
šoki,77
draudimą,77
pertraukėlė,77
sesele,77
fondas,77
paštu,77
kelti,77
nerealiai,77
skraido,77
te,77
žudė,76
Kėjau,76
žurnalo,76
išskrido,76
įspūdingas,76
pakelt,76
suprantame,76
banginis,76
atsiprasau,76
neklauso,76
darėme,76
out,76
one,76
atveskite,76
marškinių,76
atima,76
baikite,76
pamaina,76
kalbės,76
Reičele,76
rekordas,76
pasiimsi,76
Veronika,76
saugau,76
nuimkit,76
pasiims,76
prisiekiau,76
laiškai,76
šičia,76
prekės,76
nedirba,76
neduok,76
ženklelį,76
panašios,76
nesielk,76
apsiginti,76
Maskvoje,76
keliaujame,76
pastatyta,76
mušė,76
prašyt,76
privalėjau,76
sekiau,76
ataką,76
minutėms,76
negaus,76
kortas,76
tvoros,76
palyginus,76
metei,76
kuprinę,76
ėjai,76
kortą,76
būtybės,76
pagalvoju,76
Karenas,76
Poteris,76
aukšta,76
pareigūnų,76
praėjusį,76
šaukit,76
neprieštarauji,76
liepta,76
triušio,76
sprendžia,76
nepykstu,76
prancūziškai,76
šimto,76
močiutę,76
pykina,76
karštis,76
debesis,76
atspėti,76
čiupkit,76
techniškai,76
apiplėšimas,76
nuspręsta,76
palikome,76
nuotaiką,76
ligą,76
tvarkyti,76
internetu,76
seksualiai,76
grožį,76
nustoti,76
išklausyk,76
sąžinė,76
pažinojai,76
juodojo,76
merginom,76
vartoti,76
variantų,76
įsimylėjo,76
skolas,76
vasario,76
koki,76
septintą,76
teisybę,76
Žora,76
DJP,76
stengiamės,76
misis,76
nepameni,76
fiziškai,76
savaite,76
paskambinote,76
matyčiau,75
nepaliko,75
pasiūlyt,75
žydai,75
Puikumėlis,75
RIČIS,75
svajones,75
atitinka,75
lankyti,75
didesnę,75
atims,75
užeisiu,75
kamuolio,75
Hugo,75
ano,75
Helmo,75
galėtu,75
Megi,75
auk,75
patarimų,75
šypsosi,75
Mari,75
prarasi,75
padarą,75
padavėja,75
ilgio,75
sustabdykite,75
dideles,75
suka,75
sieja,75
mergiotė,75
gėriau,75
gėrė,75
pačia,75
šokt,75
paieška,75
busiu,75
pabudo,75
Džėjus,75
tabletės,75
maciau,75
karštos,75
auštant,75
išeisim,75
silpni,75
pranešimo,75
pienas,75
padidinti,75
svetainę,75
dingt,75
paslaugas,75
Mako,75
Sofija,75
televizorius,75
vaikučiai,75
sosto,75
gubernatorius,75
krūtinė,75
rūkyt,75
sukruštas,75
atiteks,75
vadą,75
ataskaitos,75
pagalvos,75
bičai,75
stovėjau,75
linksmai,75
sapnus,75
negalėjome,75
gabalėlį,75
Sintija,75
tyrimai,75
lapė,75
patiekalas,75
protingai,75
kiekį,75
Ronai,75
alkani,75
ledus,75
artėjame,75
bylų,75
nuomos,75
valkata,75
Jezau,75
parodei,75
spintą,75
užuominą,75
Aronas,75
receptą,75
iai,75
asmeninį,75
išbandymas,75
verslui,75
Stivenai,75
atleista,75
scenarijų,75
vargšai,75
pasikeitei,75
pakvieskit,75
žiūrėdamas,75
kokybės,75
sužeidė,75
matom,75
normalaus,75
skola,75
vėją,75
šnipai,75
apsispręsti,74
kojines,74
direktoriau,74
pirštais,74
skrist,74
Edgarai,74
priemonės,74
scenarijus,74
Bendžaminai,74
šoksiu,74
matematikos,74
neketinau,74
milžinai,74
noreciau,74
likusią,74
neprivalau,74
pamišusi,74
genai,74
atsimerk,74
Drei,74
stenkis,74
žurnalistas,74
kame,74
veiksi,74
ištirti,74
dinkite,74
ištiko,74
tostas,74
atsivedei,74
primink,74
pripažink,74
mudvi,74
korpusas,74
nuotykis,74
sėskite,74
užsuk,74
sekmadienio,74
mėlyną,74
šūvį,74
sunkiausia,74
posūkis,74
Andrė,74
suknisti,74
pavaryk,74
pareigų,74
nelieskite,74
padare,74
puslapių,74
dienoraštį,74
Eli,74
didvyriu,74
mylimą,74
stipendiją,74
sakytų,74
Vincentas,74
Morganai,74
prakeiktų,74
palydėti,74
palydėsiu,74
įvykdyta,74
aptikau,74
mirsite,74
trenkei,74
neteisingas,74
pastarąjį,74
nušoviau,74
faktus,74
nusispjauti,74
langai,74
futbolas,74
nereik,74
kuriuose,74
tartis,74
vėžio,74
pasakot,74
padėsime,74
džiaugiamės,74
saugios,74
nepatenkintas,74
Peiton,74
Jurijus,74
paverčia,74
drąsiau,74
rugpjūčio,74
užmiršti,74
dėdei,74
pirkai,74
miestus,74
parduosiu,74
ketveri,74
Keitlin,74
sekit,74
gyvu,74
gyvensime,74
Beni,74
eteryje,74
praradimas,74
Freddy,74
oo,74
pažiūrėjau,74
admirole,74
pupyte,74
mirčiai,74
atverti,74
detalės,74
lig,74
kvėpavimą,74
bailiai,74
sprogimą,74
patyriau,74
daiktais,74
priklausys,74
neleisti,74
bjaurybės,74
pabandykim,74
žingsnių,74
suvalgė,74
stovėt,73
elkitės,73
dveji,73
agentūra,73
dozę,73
Mamajeva,73
išgelbėsiu,73
susijaudinęs,73
hole,73
rinkti,73
Kolia,73
išmesiu,73
sulaužei,73
pakvaišęs,73
turejo,73
bendradarbiauti,73
prigimtis,73
pasirūpinau,73
ištekėti,73
tuk,73
tikėjaisi,73
baisūs,73
Selfas,73
draugužis,73
vajė,73
pasauliu,73
mokytojų,73
pamiršta,73
Vikai,73
testo,73
miškuose,73
baltos,73
atsidūrei,73
Alą,73
raganų,73
raganą,73
esmę,73
Rachel,73
panorėjęs,73
panika,73
panos,73
papasakojai,73
žemėj,73
linksmybės,73
Džonatanai,73
aktorė,73
dedas,73
Čikagą,73
artimųjų,73
laukiasi,73
paliktas,73
nykštukai,73
mąstai,73
stebuklingas,73
atvejų,73
apkabink,73
miegosiu,73
įkvėpti,73
sugebu,73
pagrindinio,73
pagrindas,73
Danielis,73
Dilanas,73
pastarąsias,73
kaklaraištį,73
stotelė,73
užmušk,73
gražius,73
sparčiai,73
Hiustone,73
galėjot,73
galėjęs,73
nusirenk,73
nusivylęs,73
lėto,73
vėliava,73
Margarita,73
papietauti,73
love,73
gėrio,73
nesustokit,73
ruošėsi,73
sėdynę,73
remiantis,73
paima,73
pažymėjimą,73
garbingai,73
Beketai,73
kauke,73
gitara,73
nusipirksiu,73
virėjas,73
virusą,73
moterie,73
įeik,73
čekius,73
girdėjome,73
Morpheus,73
Vincai,73
pertrauką,73
dviračio,73
sveiko,73
dirbs,73
dirbome,73
išrinko,73
užrakink,73
atėjus,72
doleriu,72
stiklas,72
pasiųsti,72
Angliją,72
aušros,72
saugyklą,72
išeisime,72
normalų,72
išsiaiškinau,72
kompiuterių,72
atsispirti,72
Semis,72
lau,72
mėlynos,72
patvirtintas,72
teroristų,72
time,72
Alenas,72
ūkio,72
tėtušis,72
daržovių,72
žiaurūs,72
ketverius,72
nemanote,72
televizija,72
paslėpk,72
kvieskit,72
kvietė,72
sutvarkyta,72
Džeikobai,72
mintimis,72
pričiupau,72
eme,72
kalbėsi,72
meskite,72
keleiviai,72
sėdėjai,72
mažėja,72
Harvis,72
Velykų,72
kūdikiui,72
atminimui,72
bibliją,72
atsikabink,72
duona,72
vadu,72
kylam,72
nebeturime,72
pasiekei,72
Volis,72
parduota,72
pasiekiau,72
galaktikos,72
nedarys,72
nerūpėjo,72
praleisiu,72
šypseną,72
nepamatysi,72
Borisas,72
spektaklį,72
japonų,72
planuoji,72
paketą,72
nepamiršai,72
Maja,72
paskutinįkart,72
žirgo,72
kostiumus,72
skolos,72
išmes,72
sąskaitų,72
nežudyk,72
linksmiau,72
SS,72
pasukti,72
mirt,72
dalyvavau,72
skųstis,72
šventės,72
lemtis,72
daugybe,72
išgersim,72
išveskit,72
Labutis,72
antrame,72
Marli,72
mokytoją,72
pranešimų,72
radiacijos,72
z,72
sparnus,72
Džeimso,72
įrodyk,72
mire,72
košę,72
sprendžiu,72
meti,72
pravers,72
prasti,72
deI,72
strazdas,72
svečią,72
snaiperis,72
atsargų,72
mėgo,72
they,72
gyvenome,72
laimėtojas,72
ekrane,72
Stepanyčiau,72
muziejus,72
tamsus,71
Ember,71
pažiūrėsi,71
neišvengiama,71
Ksenija,71
šunie,71
devintą,71
švenčiausias,71
arabų,71
nužudykit,71
susirink,71
sūnum,71
biblioteką,71
aukščiausias,71
priversk,71
suknistai,71
atsisakiau,71
nuogi,71
mažylį,71
pajudėjo,71
paslauga,71
įsilaužė,71
vergas,71
nedarykite,71
YouTube,71
įvyksta,71
kambariai,71
taikiai,71
valdovą,71
apkabinti,71
Iabai,71
žūsime,71
minas,71
negalvoju,71
Karteris,71
iliuzija,71
užims,71
pakeičiau,71
išmintingas,71
turnyre,71
sučiups,71
išmečiau,71
Bendži,71
taško,71
pakvieskite,71
nepasirodys,71
niekus,71
nugalėtojas,71
Scott,71
pavėlavai,71
kompiuteriu,71
nejuokauk,71
populiarus,71
narve,71
žemių,71
padėtyje,71
deimantai,71
ledai,71
atsakykite,71
gyvulys,71
konkursą,71
absurdiška,71
pamenate,71
prižiūri,71
Matrica,71
slaptai,71
naujais,71
mandagus,71
piratų,71
Džeimi,71
Dzeusas,71
Dzeuso,71
Andželas,71
sekretorius,71
gyventojus,71
medžiagų,71
Bekai,71
streso,71
pranašystė,71
neini,71
gyvybei,71
šeimininko,71
užuomina,71
Frai,71
pilvas,71
gegužės,71
prabusk,71
neprarask,71
pasidarei,71
kačių,71
gauname,71
stiprybės,71
išraiška,71
pataikei,71
pataikiau,71
trečioji,71
vyriškis,71
išsigando,71
šviežia,71
lėktuvai,71
dviračiu,71
kasnors,71
imam,71
didžiuotųsi,71
liepsna,71
Bredas,71
veliau,71
mobilųjį,71
biblijos,71
rėki,71
kaliniai,71
veikiu,71
Grehemai,71
primeni,71
žinodamas,71
pasikeičiau,71
mylimoji,71
norejau,71
gulėk,71
sunkios,71
kankino,71
kančias,71
apsirengusi,70
ištraukiau,70
banginiai,70
federalinis,70
Herr,70
sukels,70
tekilos,70
merginomis,70
Griško,70
operacijai,70
Ozai,70
inspektorius,70
Vini,70
perėjo,70
nevykęs,70
pakilimo,70
planuoja,70
nelaiminga,70
nesupras,70
krepšinio,70
būdami,70
II,70
anos,70
praleisi,70
uždarykit,70
meškiukas,70
procesą,70
Bilo,70
laimingo,70
Alex,70
išeiname,70
revoliucija,70
laukinių,70
turėjot,70
skaičiuoju,70
Marijos,70
sustabdykit,70
čekis,70
geltona,70
Jevgenyčius,70
išgelbėtų,70
šaudyt,70
minėjau,70
just,70
vaisius,70
netinkama,70
romą,70
susituokę,70
rinka,70
kontroliuojama,70
Fidulovai,70
pamato,70
padažo,70
nerimą,70
nuskendo,70
Caitlin,70
visišką,70
neimk,70
atiduodu,70
sargas,70
salėj,70
purvo,70
trejų,70
drakonų,70
tamsi,70
žiedai,70
klausosi,70
raktų,70
Senia,70
ypatingi,70
atsisakau,70
Vokietija,70
vagystė,70
keleta,70
greitoji,70
tarpusavyje,70
plėšikas,70
emocijų,70
įsakymų,70
išjungtas,70
susirūpinęs,70
kelerius,70
derėjo,70
siekiant,70
užsakė,70
kamuoliukas,70
tikrąją,70
seifas,70
nedarai,70
skiriu,70
nedarykit,70
sustabdė,70
įdėjau,70
protokolą,70
Mordorą,70
draugei,70
mėnulyje,70
padėsim,70
nurimkite,70
teritorijos,70
didvyriai,70
korporacijos,70
žvilgsnio,70
norus,70
išmanau,70
turbut,70
žymės,69
kampu,69
reikšmę,69
milžinas,69
tapatybės,69
šachas,69
skersai,69
išsigandai,69
smogti,69
išsiskyrėm,69
matytas,69
saugokite,69
Frensis,69
įsitikinę,69
sugražinti,69
pamokyti,69
rožės,69
svarsčiau,69
žaidėjai,69
korporacija,69
Bridžita,69
baigs,69
kirsti,69
Violeta,69
laikraščių,69
kvailysčių,69
bjaurūs,69
nedaryčiau,69
prireiktų,69
prisijungs,69
verkė,69
rango,69
klientus,69
rankšluostį,69
paieškosiu,69
pailsėt,69
kvietimą,69
paslėpė,69
nulio,69
tikrais,69
rengtis,69
galėdamas,69
ieškomas,69
gyvųjų,69
vokiškai,69
whoa,69
traukinyje,69
gyvate,69
inoma,69
kaktos,69
palaikau,69
leistų,69
Stark,69
ilgo,69
seku,69
sekundėlei,69
treniruotė,69
girtuoklis,69
sulaikyk,69
praleidome,69
pasake,69
nusileisk,69
Keidžai,69
įrodo,69
Gošanai,69
netenka,69
pavalgyt,69
laikomi,69
pilotų,69
skani,69
Jimmy,69
pamiršot,69
zodiako,69
Tarsai,69
Dženi,69
triukšmą,69
sugalvosim,69
Khanas,69
valgysi,69
strėlė,69
persikelti,69
tvorą,69
Riko,69
nervina,69
šešėlių,69
šeštadienio,69
imperija,69
pasuko,69
ledą,69
truko,69
susidurti,69
jaučiuos,69
Oksfordo,69
Olegas,69
upe,69
seselė,69
Baki,69
gėrimai,69
išjungt,69
judviejų,69
judėjimas,69
Šrekas,69
brand,69
rusas,69
asmeniško,69
pakrantėje,69
pirštines,69
dėstytojas,69
stengiuos,69
nesuprasi,69
mazgų,68
müsu,68
tunelis,68
atlikt,68
vyriausybei,68
klaidingai,68
palikimas,68
padėsite,68
prisimins,68
pieną,68
išgabenti,68
didvyrio,68
tvirta,68
valdau,68
riteriai,68
sakęs,68
Tomui,68
Tomą,68
išlipk,68
įėjimą,68
nusileidimas,68
mūšiui,68
senatorius,68
susidoroti,68
visokius,68
palengvėjo,68
pikti,68
pastiprinimas,68
naciai,68
kovok,68
mūsiškis,68
karininkas,68
taurės,68
tekėsi,68
Oliveris,68
oligarchas,68
išlindo,68
stebuklą,68
sargybos,68
suvalgiau,68
Luisai,68
lygūs,68
nuojautą,68
kontakto,68
audrą,68
augo,68
tęstis,68
jokie,68
Yuanjia,68
smūgių,68
pagrindo,68
dalyvaut,68
gražiau,68
taisyklę,68
skuba,68
vietelė,68
apranga,68
tetą,68
strategija,68
koridoriuje,68
right,68
linksmybių,68
Persi,68
Sindi,68
lapai,68
užėjo,68
naujam,68
smurtas,68
užvaldė,68
neatsiliepia,68
meistre,68
auginti,68
atsidaro,68
purvina,68
subine,68
virs,68
susipažinai,68
kareivi,68
pokyčių,68
Barnabai,68
staliuko,68
netikėjau,68
šitame,68
garantuoti,68
Rūta,68
Zakai,68
pavasarį,68
dešinė,68
vairuoji,68
valyti,68
sekmės,68
šimtų,68
pranešta,68
meluot,68
slaptažodis,68
parodymus,68
metimas,68
nesiskaito,68
rastų,68
idealus,68
išmokt,68
kamuoliuką,68
sąlygomis,68
vadovybė,68
kryžiaus,68
kompiuteryje,68
Scyllos,68
kalbėkite,68
panašų,68
šoku,68
aiškiau,68
ryklio,68
objektą,68
skrido,68
nebijokit,68
pasimaišė,68
raudonosios,68
žinosi,68
manys,67
Rysai,67
komandų,67
Nikita,67
žiurkių,67
paskolos,67
pasikviesti,67
ištaškysiu,67
atlygis,67
ištekėjo,67
Kogut,67
savanaudis,67
pasisaugok,67
sveria,67
robotų,67
Robinsonas,67
liftą,67
barzda,67
susitiks,67
pažįstama,67
sūnėnas,67
rutulį,67
nesugeba,67
kerta,67
kepurė,67
sezonas,67
prizą,67
nuėjai,67
šuolis,67
kultūra,67
rūbus,67
skirtis,67
bendras,67
nepasakysiu,67
saugokit,67
pakeisk,67
Kalifornijoje,67
galvų,67
slibinų,67
baime,67
seras,67
pasikalbėkime,67
bangas,67
vidutinio,67
muilo,67
pasidariau,67
karinės,67
sudėti,67
Pamela,67
Markusas,67
šviečia,67
gaIi,67
išlieka,67
žemėlapyje,67
valstijas,67
užmegzti,67
pilnos,67
užstatą,67
nepatikės,67
spec,67
naudai,67
naudojamas,67
aukštis,67
menkas,67
mamytę,67
atrodei,67
atsakau,67
praeitais,67
įjunkite,67
draugelis,67
imkite,67
kaukis,67
ėmei,67
kaukė,67
užeit,67
įkalinti,67
padėjėja,67
suteikta,67
garsų,67
dievaži,67
pataikyti,67
pasas,67
Naujajame,67
leisite,67
ėda,67
vadint,67
vadovauji,67
pranašumą,67
metodas,67
automatiškai,67
negyvena,67
jauties,67
parvežti,67
britai,67
nuostabių,67
vienuolika,67
vampyrai,67
įsakymai,67
nebeliks,67
John,67
Cezaris,67
vykdau,67
pabėgimo,67
biblioteka,67
šventyklą,67
klausinėti,67
liovėsi,67
vertingas,67
Mileris,67
nepastebėti,67
miškus,67
sujunkite,67
pašnekėti,67
Mm-hmm,67
princesės,67
triukų,67
poveikis,67
artimiausias,67
įleisti,67
įlankos,67
tarytum,67
užteko,67
kovas,67
atsakykit,67
Bilio,67
uždarytos,67
lėkštę,67
plikas,67
plėšikai,67
ašmenys,67
prisiek,67
neturėsi,67
kine,67
vilkų,67
Vincentai,67
narius,67
baigiam,67
kortų,67
kišenėj,67
balsuoti,67
pasakysim,67
iššoko,67
prisiminkite,67
sesei,67
naudoju,67
orų,67
sužadėtinis,67
prigimties,67
lavonų,67
mažieji,67
reaguoja,67
Kyle'ai,67
stiliaus,67
sužadėtinė,67
prieštarauju,67
savaip,66
atrasti,66
veide,66
priprasti,66
prižadėjau,66
paskambinkite,66
trylika,66
aiškintis,66
įdomiau,66
gautum,66
pirštas,66
sprandą,66
balsu,66
atsilyginti,66
Ross,66
matydama,66
neatleisiu,66
malonės,66
kailio,66
druska,66
studijos,66
nemirs,66
vairuosiu,66
vairuoju,66
šaldytuvo,66
negaila,66
konkursas,66
nuodėmių,66
McDonald's,66
šaipaisi,66
kryptis,66
mergos,66
pabandykite,66
pabandom,66
kelintą,66
rėkti,66
priekio,66
sviesto,66
karinis,66
produktus,66
patraukli,66
ilsėkis,66
Kurtai,66
partnerį,66
ekonomikos,66
senatore,66
keistis,66
stebėkite,66
įrodymai,66
derybos,66
tetos,66
vietinis,66
Jamal,66
nežinoti,66
nežudžiau,66
pėdas,66
dantimis,66
įsidėmėk,66
geležinkelio,66
pasakojai,66
būtinas,66
nusileisiu,66
juodaodis,66
švarkas,66
švelni,66
Voltai,66
vadai,66
Gimli,66
neklausiau,66
laisvos,66
nekentė,66
palyginti,66
Torinai,66
gult,66
laisvų,66
patiems,66
valandai,66
pasveiksi,66
Jake,66
siu,66
pagalvoji,66
bepročiai,66
skaitė,66
keistus,66
uždirba,66
negera,66
siuntinys,66
Eleonora,66
karste,66
logika,66
judame,66
atidaryt,66
prisipažink,66
ceremonija,66
raminkis,66
raiteliai,66
Konor,66
sutinkate,66
įdėk,66
geruoju,66
juokingai,66
papasakokit,66
BruoIi,66
blogesnis,66
išvaizdos,66
žiedų,66
žinant,66
mažumėlę,66
išvažiuoju,66
juokus,66
juoko,66
penktadienis,66
brolyti,66
užrašyta,66
sėdėsi,66
skausminga,66
susitikau,66
paaiškina,66
Wow,66
laimėjom,66
buk,66
baigtųsi,66
čempionatą,66
pan,66
dūmų,65
pakeitei,65
rei,65
gražias,65
paaiškinimas,65
paskaitas,65
pasimetęs,65
vadovo,65
laimėjome,65
turnyro,65
gyvatę,65
nepaliks,65
pratybos,65
nedarė,65
gailėtis,65
komplimentas,65
užsidaro,65
dosnus,65
ligų,65
klientu,65
randu,65
tikrina,65
Grėjau,65
išleistuves,65
bauda,65
Todai,65
giminė,65
ruošiatės,65
pažadino,65
Bostone,65
praleisk,65
ē,65
susitaikyk,65
šnektelt,65
atsiradai,65
atsiprašymą,65
long,65
pasakojimas,65
Terneri,65
atviri,65
siuntinį,65
liepsnos,65
spaudimo,65
patikimas,65
Rodžeris,65
pataisos,65
mu,65
sekmadienis,65
užsičiaupti,65
ruoškitės,65
liežuviu,65
įgūdžių,65
atvažiavome,65
Pam,65
šerifo,65
prisiekti,65
salotos,65
automobiliai,65
tylus,65
viršelio,65
patikėsiu,65
gerklės,65
esančių,65
aukas,65
užpulti,65
žalą,65
kitose,65
nuosprendį,65
vienoj,65
nešaudykite,65
Starko,65
pomidorų,65
mielieji,65
mokat,65
federacijos,65
Deilai,65
pamanė,65
priminė,65
princo,65
slėnio,65
Sergejevna,65
balti,65
subjektas,65
subtitrai,65
išeitų,65
badu,65
agentą,65
patogiau,65
jaudinausi,65
pigus,65
je,65
dreba,65
prokuroras,65
nuspėti,65
apkaltinti,65
nuskriausti,65
atsakysi,65
Martis,65
sustabdys,65
Smygolas,65
požiūrį,65
dideliais,65
paukščius,65
srovė,65
garsai,65
pabaik,65
lėkti,65
apeiti,65
Eduardai,65
colių,65
atstumo,65
kažkokiam,65
Džule,65
sunkią,65
perduoda,65
perduokit,65
šiltas,65
prancūzai,65
Saidas,65
piratai,65
vežti,65
renka,65
suvalgyk,65
atvykimo,65
draugijos,65
draugiškai,65
trenktas,65
dainuoji,65
kvailiu,65
eisite,65
beisbolą,65
dviguba,65
Merfi,65
atskrido,65
žvėrys,65
mažytis,65
mažytė,65
nulipti,65
dėmesys,65
lesbietė,65
gersi,65
nepadarys,65
Volteris,65
vargšelė,65
palydovo,65
aiškus,65
pardavei,65
budrūs,65
skrendi,65
Vladimirovičiau,65
pasivažinėti,65
karščio,65
ideali,65
pakelsiu,65
nebūtume,65
kausis,65
saulėlydžio,65
milžinišką,65
Bubu,65
raumenis,65
paskolink,65
pirmuoju,65
gaisrą,65
suorganizuoti,64
pistoletas,64
džiunglių,64
padarykite,64
prezidentui,64
susipažino,64
vaiduokliai,64
vaiduoklį,64
tektų,64
pabandykime,64
varau,64
užrašus,64
įvartis,64
Kaliforniją,64
es,64
atvykot,64
žirgų,64
dingusių,64
žinojot,64
įtampos,64
pakliuvo,64
pavaduotojas,64
prisimint,64
karūną,64
nemeluoja,64
Semo,64
prisijungsiu,64
pavirto,64
von,64
prisipažino,64
Jogi,64
Pavelas,64
Aragornas,64
įkalčius,64
atidarė,64
atidarytas,64
atidavei,64
lanko,64
atvejais,64
karstą,64
aleliuja,64
sūrį,64
Džile,64
anglies,64
baterija,64
mokytojo,64
susitvarkyk,64
meną,64
mokslų,64
džiazo,64
solo,64
paruoškit,64
nutarė,64
Silvana,64
nusiunčiau,64
didžiuojuos,64
tarti,64
Kuzią,64
pilkas,64
didenybės,64
hobis,64
vakarais,64
viršininko,64
balsai,64
jaunystės,64
Meksikoje,64
pulk,64
šešėlį,64
toki,64
susitiksi,64
pavykti,64
priimt,64
Henrikas,64
atvažiuosi,64
nekalbėti,64
vyksime,64
nereiktų,64
užlipti,64
bjauriai,64
piloto,64
žada,64
patikai,64
pagamintas,64
sumokėjai,64
būklę,64
korpusą,64
Indijos,64
free,64
laimėsime,64
ateivis,64
laikysiu,64
baigsime,64
pažadinti,64
nesugebėjo,64
rutulys,64
sąlygų,64
pasiekėme,64
galingi,64
numesti,64
pusantros,64
pagrindinių,64
Džen,64
šampanas,64
vilki,64
bankų,64
Gasai,64
Tes,64
Stounas,64
nebegalime,64
testus,64
Artūras,64
bandysiu,64
nuodų,64
lapų,64
Beno,64
ignoruoti,64
masažą,64
globos,64
Glenai,64
vežk,64
numirsiu,64
išgyvenau,64
išdavystė,64
dingstu,64
pastebėtas,64
Dikai,64
numatyti,64
pasmerkti,64
žiedus,64
maišelį,64
vykstam,64
atvažiuot,64
manėm,64
erdvėlaivį,64
įskaudinti,64
pasiūliau,64
pravardė,64
išorės,64
Vašingtoną,64
bijote,64
senu,64
apsupti,64
kokteilį,64
nueis,64
Huo,63
Nikolai,63
stiprų,63
now,63
Maiklu,63
dėžių,63
mamytei,63
kavinėje,63
mirusių,63
Veino,63
tikrinau,63
kodai,63
KodeI,63
netrukdysiu,63
susitiko,63
susitinku,63
Džiuli,63
šaltos,63
psichiatras,63
tėtuk,63
užsiėmę,63
penio,63
paso,63
dušo,63
kaklaraištis,63
sėdėsiu,63
smarkiau,63
sukilėliai,63
nesikeičia,63
Cezario,63
Johnai,63
fantazija,63
malonūs,63
išgama,63
nejauku,63
signalizacija,63
grandinę,63
įrodyt,63
patirtį,63
berniukais,63
Poli,63
pridengsiu,63
neskaitant,63
apdovanotas,63
technikos,63
butelis,63
tapęs,63
taptum,63
atsiliepkite,63
kitomis,63
nuostabius,63
sulu,63
world,63
keliavau,63
tarnybai,63
Hičai,63
mokytojai,63
nekelk,63
spyną,63
garažą,63
rožių,63
susitikim,63
nereikalinga,63
nekeičia,63
priklausai,63
armėnas,63
Ogi,63
prince,63
atstumą,63
slėnyje,63
liepiu,63
Smygolai,63
palaikė,63
išeinant,63
paslaptyje,63
mi,63
užaugai,63
gamyklą,63
prof,63
di,63
nepadarysiu,63
šauna,63
šautuvas,63
pigiau,63
stambus,63
blogus,63
paprastu,63
dugną,63
vadinate,63
Čikagoje,63
priimsiu,63
atstumu,63
svoris,63
Egsi,63
oficialus,63
infekcija,63
Bruklino,63
tigrai,63
sulig,63
baudą,63
deserto,63
Pytas,63
atsikelti,63
paieškok,63
kapinėse,63
kaprale,63
mokslą,63
aikštelė,63
Paulie,63
pagrobti,63
pykstu,63
Trojos,63
atmosferą,63
kia,63
troškau,63
broliuk,63
nustatyta,63
ramūs,63
marškinėlių,63
autobotai,63
neatrodė,63
neigiamas,63
kiaušius,63
sumažėjo,63
Tobi,63
gąsdinti,63
laboratorija,63
pagavai,63
bandėm,63
įprotis,63
įsivaizduokit,63
išlaisvink,63
ilgų,63
komiteto,63
liaudies,63
Europa,63
paklaus,63
atsidėkoti,63
paskaityk,63
pasipriešinti,63
uniformą,63
daktarės,63
pėdomis,63
Hario,63
traukti,63
įeis,63
Katnis,63
signalus,63
parašyt,63
lokių,63
varžybų,63
revoliucijos,63
judėjimo,63
golum,62
sušiktų,62
dokai,62
matėmės,62
gyvačių,62
lavonai,62
laukuose,62
praktikos,62
prisėskit,62
Reaktyvini,62
norėjęs,62
apsaugok,62
pirko,62
uždėti,62
nemeluosiu,62
if,62
šaldytuvą,62
užpildyti,62
sakysi,62
darėte,62
pasiūlymų,62
milijardai,62
užrašų,62
Bruno,62
atvyksiu,62
abejoti,62
atkurti,62
apsimesk,62
penktas,62
Mary,62
iššūkis,62
kortelių,62
įsipareigojimų,62
laikotarpis,62
įpėdinis,62
įrašo,62
netvarką,62
Bernis,62
Meg,62
laksto,62
vertina,62
Gordonas,62
Leila,62
atneši,62
bobą,62
lankiau,62
mokinių,62
pavakarieniauti,62
Dž,62
valgė,62
nežaisk,62
beliko,62
muštynės,62
ieškojome,62
baudos,62
Lidija,62
skambinkit,62
pastebės,62
susimokėti,62
paprastos,62
pačias,62
kariauti,62
publika,62
tatuiruotė,62
mėšlu,62
kovojau,62
bėgių,62
Elis,62
didesnių,62
bakai,62
baisiausia,62
modelio,62
pažaiskim,62
fondą,62
sniegą,62
užsidėti,62
grąžą,62
patraukė,62
okay,62
Oliveri,62
grėsmės,62
palikęs,62
pertraukos,62
sakome,62
rusiškai,62
nekenčiau,62
neteisi,62
faktai,62
Lora,62
atvedei,62
pavėluosim,62
kepti,62
siaubingi,62
namelį,62
when,62
permiegoti,62
pelė,62
prarandi,62
nurodyta,62
svetimas,62
posakis,62
civilių,62
šmėklų,62
ė,62
Andrejus,62
įrenginį,62
įrodysiu,62
patvirtina,62
suvalgysiu,62
Merion,62
Džoelai,62
pilotai,62
atvirą,62
tikrąjį,62
nukritau,62
dušu,62
perimetrą,62
geležinis,62
sistemoje,62
atidėti,62
košės,62
Pete,62
peržiūrėti,62
Viv,62
apsimetinėti,62
bandote,62
pasirink,62
Kei,62
teikia,62
pabūsiu,62
senelės,62
suktis,62
fizinio,62
plaučių,62
bulvyčių,62
pasimatymus,62
gyvenimai,62
galbut,62
Niko,62
sužinok,62
bandysi,62
kėdė,62
išaugo,62
ateidavo,62
Džonsonai,61
minkštas,61
kojinės,61
paskubėkim,61
nubaustas,61
vagina,61
ding,61
duotų,61
akcentas,61
praktika,61
praleidom,61
judesių,61
trūkumas,61
Nikolajus,61
tikėt,61
asmeninių,61
išorėje,61
kaltina,61
pacientus,61
daba,61
Džouns,61
spalvų,61
praneškit,61
neišgirdau,61
nervai,61
kupeta,61
perėmė,61
kaimas,61
gražiausias,61
Airtonas,61
lemties,61
traukinių,61
kvietimas,61
kvėpavimo,61
išsikraustei,61
žudymo,61
palaikysiu,61
pradedamas,61
suprantam,61
makaronų,61
Džordžo,61
atsisveikink,61
sandėlį,61
papildomai,61
dan,61
popieriai,61
politiką,61
karalienei,61
frazė,61
Kristianas,61
išgyvena,61
žavu,61
benutiktų,61
tvarko,61
linkėjimų,61
gerbia,61
šokit,61
batais,61
svarbesnių,61
Glorija,61
pavasaris,61
vairuotoją,61
pavargo,61
Liv,61
tempk,61
tenoriu,61
vyksti,61
greitosios,61
anot,61
kažkiek,61
papasakos,61
Ivanai,61
vergai,61
tapsime,61
imperatoriaus,61
furgono,61
neikite,61
užsiimu,61
pasijusi,61
Raselai,61
stebėt,61
paliesi,61
kaimynė,61
lis,61
išvykai,61
pučia,61
rinkimus,61
koridorius,61
baltoji,61
sutikite,61
jautėsi,61
nustatytas,61
ki,61
ego,61
Ramiojo,61
kabina,61
Mhm,61
sale,61
uždek,61
savąjį,61
laipsnį,61
seneliui,61
perku,61
rojuje,61
seksualu,61
kaubojau,61
procentai,61
nuostabiausias,61
patrankos,61
meldžiuosi,61
svetainėje,61
srėbtuvę,61
Davidas,61
balsų,61
terapijos,61
perpus,61
kilpą,61
sistemas,61
didieji,61
tarpe,61
birželio,61
studiją,61
praleidi,61
užima,61
padek,61
Hovardai,61
paslėpta,61
negalėsime,61
neturėsiu,61
nemėgink,61
karatė,61
ilgisi,61
Ilja,61
motelio,61
robotą,61
Robinas,61
klydo,61
ambasados,61
užsakymas,61
didžiausios,61
burtai,61
veikėjas,61
nufilmuoti,60
mandagiai,60
liežuvio,60
Nanos,60
grasino,60
veidų,60
nieku,60
religija,60
rekordą,60
kitokio,60
valdė,60
kilogramų,60
Braunas,60
siūlė,60
VIP,60
valdai,60
įskaitą,60
broliais,60
apsidairyk,60
alkoholis,60
šūviai,60
Afganistane,60
Melani,60
iurek,60
narvą,60
sistemų,60
neįprastas,60
virvė,60
subingalvis,60
alma,60
taką,60
maldos,60
gilyn,60
pirmadienio,60
nuosprendis,60
šėtonas,60
melodija,60
seksualus,60
dainuok,60
užuosti,60
ateivius,60
upėje,60
Franciskas,60
serijoj,60
mirusio,60
meška,60
susidūrimo,60
pamatyčiau,60
Fort,60
seife,60
seifo,60
užrakintas,60
kupinas,60
lavonus,60
Dikas,60
pamatai,60
princą,60
atnešt,60
mokeisi,60
nesugebėsiu,60
nesugebi,60
ieškodamas,60
bučinį,60
ramybė,60
užtrukau,60
Karina,60
slaptažodį,60
išvežti,60
pasaulių,60
įvyktų,60
šeštadienis,60
profesionalus,60
sumuštinis,60
Todas,60
viskis,60
meiluti,60
išžudė,60
Beka,60
pusei,60
š,60
kvailos,60
sunkaus,60
Faradėjus,60
apdovanojimą,60
civilizacijos,60
nekalbi,60
sprogmenų,60
arbatpinigių,60
nesąmonę,60
centrinė,60
nuvedė,60
voką,60
prižadėjai,60
vaistas,60
bagažinėje,60
Džeremi,60
neprisimena,60
rakštis,60
klausinėja,60
gyvuliai,60
granata,60
pažinojo,60
seseriai,60
bevertis,60
kryptį,60
juokauti,60
dulkintis,60
Ivanas,60
Džeimsą,60
viršūnė,60
kortomis,60
atsakingi,60
sumautos,60
tautų,60
paleisi,60
tapatybę,60
Lorensas,60
Džordan,60
ausies,60
išmokiau,60
maudymosi,60
žiūrim,60
išreikšti,60
Prancūziją,60
vienintėlis,60
bėdas,60
Kvilai,60
talento,60
atsiųs,60
įkrito,60
atidaryta,60
Karter,60
privati,60
vadinami,60
Kupai,60
nušaus,60
nekelia,60
vėžlio,60
way,60
Leonidas,60
vedu,60
ministerija,60
žiūrės,60
apsisukti,60
erdvė,60
tikslų,60
išmušė,60
judink,60
paveikti,60
teliko,60
vonioj,60
voverė,60
prisijungė,60
praleidžia,60
penis,60
panaudok,60
ištisas,60
duočiau,60
York,60
išlįsk,60
raumenų,60
pasitraukė,59
Holivudo,59
pasitikėjimas,59
antrankius,59
prarasiu,59
atvėsk,59
išrinktas,59
E.T,59
apsivilk,59
rūkai,59
nuovadą,59
gr,59
Berlyną,59
būriai,59
laikotarpį,59
Trevorai,59
smegenyse,59
neužilgo,59
sutrukdžiau,59
gumos,59
šiknių,59
karalystėje,59
mėgstamiausi,59
mėnesiui,59
pasakai,59
išrado,59
nebuvom,59
išmoksi,59
žiūrėsim,59
pasiryžęs,59
žvalgyba,59
nemėgsti,59
pasiklydau,59
raundas,59
greitesnis,59
butelio,59
klientą,59
rankai,59
ištraukt,59
išvaizdą,59
nekoks,59
či,59
lėktuvus,59
paplaukioti,59
nesivargink,59
kūrėjas,59
Zodiakas,59
akimirkai,59
juodąją,59
ežeras,59
apygardoje,59
išvykstant,59
deda,59
dažų,59
treji,59
seks,59
proceso,59
nusiųsk,59
nusprendėt,59
kiekvienoje,59
aštuonios,59
neši,59
nebaigta,59
atiduosi,59
nepasikeis,59
saugot,59
saugumui,59
kalbėjote,59
nenumanau,59
nenuvilsiu,59
nenužudžiau,59
išvarė,59
Doss,59
paslapties,59
busi,59
uola,59
sukūrėme,59
sutikote,59
numeriai,59
Konorai,59
krautuvėj,59
susisieksiu,59
ispanų,59
kvieskite,59
saugojau,59
šventosios,59
priėjimą,59
mokytoju,59
nuvežk,59
Andriau,59
Lizele,59
lizdą,59
košmarai,59
aukštį,59
pasidavė,59
policininkų,59
slaptosios,59
dailininkas,59
šokinėti,59
juodai,59
nejaučia,59
Fredo,59
laisvo,59
kunigaikštis,59
Henkas,59
Džini,59
laivyną,59
išjunkite,59
namais,59
klausaisi,59
bėgau,59
rezultatą,59
nemirk,59
nepasiduosiu,59
apsvarstyti,59
turtų,59
vedę,59
krinta,59
įsitempęs,59
užrašai,59
natūralu,59
nemyliu,59
nepriimtina,59
atsipeikėk,59
šalto,59
malonaus,59
Sinde,59
subtitrai.net,59
Vince,59
teisininkas,59
ląstelės,59
pabėgimą,59
išplaukti,59
bijot,59
ašarų,59
kantrus,59
Niną,59
stiprios,59
paskaitą,59
dolerio,59
kaltinimų,59
plaka,59
nepaleisiu,59
pasitikti,58
dėžutė,58
kaltinamas,58
veikiame,58
bankai,58
skrybėlė,58
išnyks,58
žūsta,58
pasiskolinau,58
žydras,58
šitais,58
bibliotekoje,58
neliečiau,58
neliūdėk,58
teisingą,58
prašėte,58
veidrodis,58
apsipirkti,58
išdūrė,58
gelbėt,58
jaunos,58
sumanus,58
gaminu,58
spausti,58
Gilai,58
liausis,58
tankai,58
gražuolės,58
ambasadorius,58
įveikė,58
kompanijų,58
bendrauja,58
vadui,58
herbas,58
lenta,58
klasėj,58
laikote,58
bitės,58
pralaimėjo,58
pardavinėja,58
Judai,58
tokioj,58
Rute,58
siandien,58
palydovas,58
Olivija,58
detalę,58
Gralio,58
išveskite,58
Viačeslavai,58
žala,58
viščiukas,58
neatleis,58
leidus,58
jautienos,58
kvailių,58
užtrukti,58
užuodi,58
kovoji,58
nutraukė,58
apgavai,58
aiški,58
baldų,58
Liusė,58
ispaniškai,58
suradome,58
daugeliui,58
sutik,58
svarbių,58
rutulius,58
paštas,58
depresija,58
triukus,58
vyktų,58
vyresnė,58
sulaikė,58
šeštas,58
gaunate,58
pasiilgstu,58
niekų,58
Floridoje,58
medžioklės,58
Lazlo,58
striukę,58
Berni,58
neimsiu,58
tobulą,58
visuomenei,58
palaikyt,58
palapinę,58
šaudymo,58
nustojo,58
atsakys,58
paruošė,58
studentė,58
pusryčiams,58
valgysiu,58
patarčiau,58
perkėlė,58
perkeltas,58
teisėjai,58
miršti,58
pažado,58
derybų,58
Mode,58
arkliai,58
vaidint,58
panešti,58
krepšius,58
priešintis,58
lėšų,58
technologiją,58
technologijų,58
bučiau,58
paslėptas,58
bandymai,58
paskolą,58
nudėt,58
bures,58
komendanto,58
varai,58
sumanė,58
psichopatas,58
kietą,58
viršūnėje,58
ekspertai,58
vakarieniauti,58
jaunėli,58
draugauti,58
didesni,58
negražiai,58
terminas,58
Stela,58
Baris,58
sutrikimas,58
maišas,58
atrišk,58
pamiršiu,58
išgerkime,58
autobusų,58
Kele,58
vėžlį,58
Australijos,58
baisų,58
puodelio,58
Ripli,58
ritmą,58
valdyt,58
kilnus,58
iškęsti,58
žaidei,58
japonai,58
žaidėjų,58
kitokį,58
literatūros,58
stilių,58
pelenus,58
pelną,58
pelnas,58
penkerių,58
išgirsi,58
aktorių,58
reakcijos,58
firmos,58
sužinosim,58
čempionu,58
pasitikėjau,58
pasirašiau,58
pasiuntinys,58
pasirūpinsime,58
žaidžiame,57
reklamą,57
žudiku,57
pasistenkit,57
išskrenda,57
reisas,57
sportininkas,57
didžiulės,57
Anatolyčiau,57
premijos,57
patekės,57
gamyklos,57
įdomiai,57
patikėjai,57
baikim,57
patraukite,57
generalinis,57
dirbat,57
fantastiškai,57
pigiai,57
nesirūpinkit,57
nesitikiu,57
nesitikėk,57
nesuprask,57
puikaus,57
pažaist,57
rūbai,57
protėviai,57
nusivilk,57
laiške,57
laivui,57
atiteko,57
lankytis,57
paliktų,57
universitetas,57
atkreipti,57
ačiü,57
patvirtinu,57
pasaulinį,57
suprasčiau,57
miegamasis,57
įrankius,57
slėnį,57
priešu,57
smulkmenų,57
galinės,57
poveikį,57
parodysim,57
susirasi,57
susimovė,57
keleivių,57
NASA,57
išjungta,57
palaimink,57
aptikti,57
apsvaigęs,57
vandeny,57
rūpėti,57
Julija,57
paskubėkime,57
sargybinių,57
salotas,57
turetu,57
kolekciją,57
keturiese,57
automobilius,57
gaišti,57
principo,57
siųskite,57
skrisiu,57
galinga,57
imkis,57
meilei,57
girdime,57
Telonai,57
lygyje,57
juokėsi,57
sargybą,57
eitų,57
produktas,57
važiavai,57
šaukti,57
juom,57
grįšite,57
grįžkim,57
linijų,57
eidamas,57
pasiekia,57
neliesti,57
sutrikusi,57
sesę,57
sezoną,57
from,57
beviltiškas,57
visom,57
nejauti,57
prisiminimas,57
Chosė,57
sušiktos,57
mašinai,57
pastatų,57
Sebastianas,57
sektorius,57
kaikas,57
Alai,57
maras,57
Mandira,57
privatumo,57
Makolai,57
makaulę,57
manom,57
vidutinis,57
atsisakyt,57
lyties,57
mafija,57
plačiau,57
duosime,57
repeticija,57
reikš,57
ku,57
armėnų,57
pabusti,57
bandymus,57
Karlosai,57
karūna,57
storą,57
mutantų,57
pacientai,57
nežinos,57
gėjai,57
Jeepo,57
Jamči,57
Afrika,57
roboto,57
Robis,57
užmušei,57
Hei,57
pažystu,57
Hansai,57
laikoma,57
nuosavybės,57
Elisai,57
ratais,57
Bū,57
bėgte,57
pamelavau,56
vaidini,56
ataskaita,56
užpuolimas,56
asmenį,56
vairuot,56
kovosiu,56
vaizdu,56
nusikaltėlius,56
faktą,56
netaip,56
advokatai,56
jaunikis,56
nurodymai,56
evakuacijos,56
dienom,56
stumkit,56
katine,56
pražudys,56
pribaigs,56
gavot,56
patikdavo,56
Stefani,56
įkaitų,56
nudėjo,56
pamišę,56
užuolaidas,56
artimas,56
vaidinimas,56
vaidino,56
nuotaką,56
renginys,56
brolija,56
Nojau,56
night,56
apsaugot,56
vidurdienį,56
magas,56
atskleidė,56
plunksnele,56
atsitraukiam,56
greiti,56
maldą,56
vilkis,56
mar,56
sąjungą,56
neleiskit,56
kairysis,56
Aliošką,56
nemandagus,56
senatorių,56
grafiką,56
sužinojote,56
atvesiu,56
sutvarkiau,56
drąsūs,56
imperiją,56
mažąjį,56
prisiminsi,56
prisipažint,56
įsivaizduojate,56
nekaltų,56
Setai,56
nekalbėjau,56
nekalbant,56
nušausi,56
eiles,56
alga,56
Diki,56
atpažįstu,56
grynųjų,56
darželį,56
tikriausia,56
linksmo,56
tiksi,56
savaitgaliais,56
šiltai,56
nepasakojo,56
nepamesk,56
fizikos,56
paskirti,56
sapnavai,56
klystate,56
telefonai,56
telpa,56
teorijos,56
lėtas,56
teigiamas,56
atsiprašymo,56
pagimdė,56
Džeksonas,56
melą,56
Dženė,56
pagaminta,56
mentas,56
susitikinėja,56
skris,56
operacijas,56
cirką,56
skirtingos,56
skirtingas,56
Belle,56
negeras,56
skardinę,56
įtaką,56
ambasada,56
berniuku,56
kiaušinis,56
susisiek,56
susitarę,56
aukštybe,56
laukinės,56
turnyrą,56
atlygį,56
dydį,56
dukterėčia,56
apsižvalgyk,56
procedūrą,56
sapno,56
sapnuose,56
nusprendžia,56
nuspręs,56
Bobo,56
dingusi,56
rūko,56
išimti,56
judviem,56
pasilikite,56
Vangai,56
vandenys,56
deseptikonai,56
vėluojam,56
partija,56
prietaisą,56
priešininkas,56
naujokė,56
skystis,56
kapas,56
įsiveržė,56
miestai,56
susigrąžint,56
miegosi,56
džiaugsmas,56
avarinis,56
miestų,56
pralaimi,56
sumokėk,56
atiduos,56
kopijos,56
valgio,56
Denas,56
nespausk,56
nesinori,56
nesinervink,56
nesidrovėk,56
šviežias,56
Carl,56
peržiūrėjau,56
atmosfera,56
paleidau,56
Dharmos,56
baigimo,56
pranešt,56
patruliai,56
čempiono,56
sugaus,56
sugrįši,56
baltaodis,56
monetą,56
generolui,56
ironiška,56
kasnakt,56
Garis,56
spręst,56
Naidželai,56
amžinas,56
baterijos,56
spinta,56
nariu,56
Anderson,56
Andersonai,56
nuosavą,56
žirgai,56
ištrauks,56
bėgs,56
pusantro,56
žudai,56
admirolas,55
aikštės,55
švelniau,55
iškelti,55
ištraukite,55
pasirūpinta,55
deivė,55
ragas,55
Elizabete,55
nuodėmės,55
kraujuoji,55
duosim,55
užėjau,55
užvesk,55
pamirškit,55
krūtis,55
Reičelė,55
nežinoma,55
rengiasi,55
et,55
rezervo,55
kraustytis,55
vampyrų,55
pažinau,55
perspėju,55
norai,55
sprendimų,55
batą,55
nafta,55
sprogmenis,55
spyna,55
studijoje,55
įkūrė,55
patarėjas,55
angelų,55
įjungsiu,55
gaudyti,55
išsiaiškinom,55
išsiaiškinsime,55
žudikė,55
Džonu,55
sumos,55
mokaisi,55
padažu,55
suklydo,55
kasetę,55
gelbėjimosi,55
pranešu,55
mokau,55
premija,55
pabaisų,55
nespėjo,55
fejerverkai,55
nusivesti,55
šokiai,55
nesulaukiu,55
nesutikau,55
bosu,55
nusipirkai,55
psichologijos,55
laukiamas,55
palietė,55
tuščios,55
trukdai,55
atminkit,55
tunelio,55
ledu,55
atlikai,55
neradome,55
nepažįstami,55
nepastebės,55
vartoji,55
nesibaigia,55
ferma,55
rūpiniesi,55
nuslėpti,55
nusiųsiu,55
grįžtum,55
piniginės,55
palaima,55
šunsnukį,55
šovinių,55
tina,55
tokiom,55
atrodysi,55
spartos,55
dži,55
skylių,55
neaiškink,55
SMS,55
kančios,55
pasekmes,55
patalpa,55
SkyNet,55
nebaigtas,55
surinkau,55
padėkok,55
pričiupo,55
saugykloje,55
Šekspyras,55
šešėlyje,55
Lile,55
juodi,55
saugojo,55
nepamiršti,55
nepamatysiu,55
Derekas,55
eismas,55
šitoje,55
šmėkla,55
LJ,55
lobis,55
lobių,55
Lokas,55
liuką,55
pakliuvai,55
kokainą,55
sklandžiai,55
vykdyk,55
neilgam,55
cigaretes,55
gadina,55
skiedalai,55
bendravimo,55
mergelė,55
Vokietijoje,55
keturiolika,55
įteikti,55
Metla,55
gintis,55
vertę,55
vežimėlį,55
vidurius,55
papų,55
Luktelėk,55
taikytis,55
gravitacija,55
gravitacijos,55
Charlie,55
nemanot,55
prisitaikyti,55
nekišk,55
neišmanau,55
Nūdlai,55
Virdžinijos,55
kilpa,55
alkoholikas,55
sutariam,55
sutikusi,55
pagauk,55
Džeki,55
apgalvoti,55
Vyleri,55
pavargai,55
auklės,55
pasiimu,55
nepagalvojai,55
savais,55
apmokėti,55
kitapus,55
aplankyt,55
pasigailėk,55
išgirsiu,55
sužinojęs,55
matematika,55
masažo,55
pagrobimas,55
atvejui,55
kišk,55
sutvarkysim,55
suės,55
mažyti,55
pokyčius,55
jankiai,55
būnant,55
laikraščius,55
nešioji,55
nuraminti,55
laipsniai,55
uolų,55
urvą,55
raudono,55
laikomės,55
emocijos,55
rate,55
butelius,55
puslapyje,55
išskirti,55
užsirašyk,55
kvailystės,55
vaizduotės,55
pažysti,55
advokatui,55
užknisai,55
laidoje,55
realų,55
laikys,55
vaikystę,55
Redai,54
prekeivis,54
han,54
jaučiate,54
vaikuti,54
pamėgint,54
vakarėlius,54
atakos,54
užnugarį,54
Kvinai,54
Kyle,54
kąjis,54
užsirašyti,54
kviest,54
Artiomą,54
nueikim,54
ištikimybę,54
išsiaiškino,54
pusiausvyrą,54
emociškai,54
radaras,54
prekes,54
pusseserė,54
laivyne,54
atidariau,54
uždarys,54
Deivis,54
uždraudė,54
laikraščio,54
Hitlerį,54
evakuacija,54
nurodo,54
ūsus,54
ūkį,54
Jangai,54
jauku,54
pasirašykite,54
direktoriaus,54
Romai,54
kietuolis,54
apieškoti,54
mažyle,54
politikos,54
dantį,54
mažame,54
ilgi,54
kadras,54
išgersi,54
nepakaks,54
nepalieka,54
nenutuokia,54
nenužudei,54
centus,54
pareigūnus,54
meluoju,54
pagarbiai,54
aukle,54
sustos,54
Megė,54
sutinkat,54
suteiksiu,54
Vinters,54
viršininku,54
pastangos,54
kaimynystėje,54
nekokia,54
nelaukia,54
neketini,54
sieki,54
Fredis,54
viruso,54
fotoaparatą,54
fondo,54
nemano,54
senam,54
chirurgas,54
kalbėjotės,54
aplinkybės,54
pavydo,54
grandinė,54
maniškis,54
sėst,54
malkų,54
Makso,54
tarpas,54
mainų,54
TC,54
pakartot,54
pakeistų,54
Teilor,54
Luis,54
pakeičia,54
anūką,54
antrąkart,54
antroje,54
susiradau,54
susiradai,54
mergaitėms,54
požiūriu,54
kiaule,54
apibūdinti,54
Amerikai,54
šachmatų,54
primygtinai,54
bendruomenė,54
neblogą,54
bendraut,54
skridau,54
skrynia,54
organizmas,54
Kenis,54
darėm,54
versiją,54
eisit,54
širdys,54
paskolinti,54
akiniais,54
paskutinių,54
nepanaši,54
saugotis,54
priėmiau,54
klinikoje,54
tikime,54
minią,54
Getsbi,54
supraskit,54
miltelių,54
supratimą,54
susidūrė,54
patalpas,54
skyrybos,54
skylėje,54
Nea,54
slaptos,54
priemones,54
naujosios,54
slėptuvė,54
naudok,54
smėlis,54
džiaugiesi,54
vyriškas,54
yo,54
partijos,54
grąžino,54
liksim,54
tikėjotės,54
pirmu,54
atsargumo,54
tonas,54
palauks,54
aiškint,54
akcijas,54
nerodo,54
fermą,54
nepergyvenk,54
departamente,54
kombinacija,54
apsuk,54
atlyginimą,54
atliksiu,54
atliks,54
gyventojams,54
Atlanto,54
pianinu,54
lapus,54
tušti,54
agentus,54
nusileidžia,54
ryžių,54
ryšiai,54
neskambink,54
rūbų,54
nusiuntė,54
baseinas,54
prekė,54
spąstuose,54
kates,54
Irake,54
įgriso,54
balsavimo,54
mokės,54
Džois,54
prarasta,54
baisiau,54
padažas,54
praleist,54
partnerio,54
gerais,54
mirtum,54
mirtina,54
mirusieji,54
geresniu,54
prakeiktus,54
sulaikytas,54
back,54
žinotumėt,54
išmok,54
išsigandę,54
karvės,54
įgyvendinti,54
draudžia,54
Starling,54
statė,54
bangų,54
stipriausias,54
stipresnė,54
balto,54
močkrušiai,54
karinio,54
pridėti,54
pridurti,54
Bates,54
gyvybėmis,54
perskambink,54
Landi,54
reikalui,54
vaginą,54
krepšio,54
vadovaus,54
vadinkite,54
paminėti,54
nuodus,54
bučiuotis,54
pėstininkų,54
Ronis,54
norma,54
žingsnius,54
žiniasklaida,54
aikštelėj,54
žalios,54
įkalintas,53
jaunoji,53
nežadu,53
vadovu,53
etapas,53
advokatė,53
Vajtai,53
laidotuvėse,53
laidus,53
nuostabiausia,53
studijuoti,53
pamatų,53
mokėsiu,53
Rebeka,53
lšeik,53
rasės,53
nugalėtas,53
nufotografuoti,53
neišgelbės,53
veskit,53
darbais,53
alkoholį,53
Amelija,53
vietomis,53
kitokios,53
frankų,53
sesutė,53
mirčiau,53
investuoti,53
keist,53
anąkart,53
kazkas,53
prekyba,53
išvykau,53
Deksai,53
čekio,53
pėstininkai,53
pėda,53
bėgsiu,53
Frankie,53
atspaudų,53
sėkminga,53
sėkmingas,53
pasivysiu,53
nevalgo,53
Everdin,53
Džine,53
užaugino,53
nevalgiau,53
gėdytis,53
evakuoti,53
sunaikinsiu,53
sunkų,53
uniformos,53
atidarytos,53
karštai,53
garbingas,53
stabdžiai,53
pardavinėti,53
atsuk,53
sąmonė,53
Mardže,53
Kirkas,53
lokio,53
groji,53
Liuda,53
terapija,53
ląstelių,53
griaustinis,53
nenusipelnė,53
paramą,53
Klarkas,53
apsakyti,53
teigti,53
šachmatais,53
įstrigau,53
įstaiga,53
laimėjimas,53
dainavo,53
Džia,53
našlaitis,53
paaiškins,53
švariai,53
neteisėta,53
šypsaisi,53
užduosiu,53
valdybos,53
denyje,53
Jeepers,53
Miriam,53
pasakoju,53
vyriausybe,53
kepenis,53
svajojo,53
darbelį,53
šiknos,53
kliento,53
sužlugdyti,53
svarbią,53
plaukioti,53
Kailas,53
šešeri,53
šlapia,53
teisėjo,53
platformos,53
tereikėjo,53
dviratis,53
įsivaizduokite,53
dešimtą,53
skubėk,53
ryškiai,53
tvora,53
paleidai,53
pietauti,53
dykumos,53
smagus,53
susikaupęs,53
Potter,53
kojinių,53
saugoma,53
firma,53
pavyzdžių,53
derybas,53
priėmimo,53
Marvai,53
egzaminą,53
prisiekė,53
sutrukdyti,53
skelbimą,53
sutikimo,53
poste,53
kilimą,53
medžiotojai,53
augti,53
auksinė,53
Meksika,53
filmu,53
palaikymą,53
Pilafai,53
Petrovna,53
ketvirtos,53
kentėjo,53
pareiškė,53
legendos,53
kortele,53
kolonija,53
vandenis,53
atlieku,53
laukus,53
lašo,53
pažeidė,53
susišaudymas,53
įsimylėti,53
įsimylėjai,53
amunicijos,53
apsuptas,53
pasiliks,53
pasilikit,53
troško,53
guy,53
trenkiau,53
lekiu,53
nerūkau,53
Leonardas,53
transliaciją,53
skirtos,53
nedaviau,53
nedarysi,53
nebijokite,53
vištiena,53
Vordas,53
užmiršau,53
kvartale,53
areštuoti,53
užtaisytas,53
artimieji,53
žmogėdra,53
duomenimis,53
pamišėlė,53
pamirštu,53
žema,53
išpera,53
išsiaiškink,53
reiskia,53
arešto,53
arenoje,53
Kristus,53
išvadas,53
nematot,53
nematėme,53
Džango,53
pajamų,53
stebėkit,53
Tara,53
Taniucha,53
Geitsas,53
musės,53
Džonsonas,53
Stivenas,53
stebuklinga,53
bankus,53
žurnalistikos,53
invazija,53
draugeli,53
pusėn,52
Čikaga,52
patiria,52
bandymų,52
mylias,52
stokitės,52
statai,52
mėgaukitės,52
artimiau,52
nuveskite,52
nuversti,52
tarkime,52
ceremoniją,52
senjore,52
neklausė,52
Serioža,52
žingsniai,52
reikalavimus,52
Bufalo,52
reaktorius,52
disko,52
Dobby,52
pasirodymui,52
išnykti,52
žmogžudyste,52
persirengimo,52
užrašyti,52
kvepi,52
užtrukai,52
kreipkitės,52
Kurtas,52
opa,52
kerai,52
Vokietiją,52
Edmundai,52
skydo,52
skydai,52
galimybe,52
įsakymo,52
skolų,52
lenktynėse,52
leidžiam,52
Lekteris,52
Davickis,52
Donis,52
rūkas,52
šokio,52
atrodyt,52
Meli,52
aukštų,52
įsimylėję,52
apsupo,52
lazdos,52
vandenyne,52
Denise,52
Legolasai,52
Valentino,52
Laris,52
vargo,52
turejau,52
tuščią,52
Korėja,52
įsijungė,52
piratas,52
pilni,52
atsibudau,52
sarge,52
nereiks,52
bloko,52
Sandra,52
blondine,52
sustot,52
med,52
suvokiau,52
mažu,52
pagalvę,52
pagaminau,52
kiekvienai,52
apiplėšimą,52
kilmės,52
kilusi,52
devynios,52
skaudina,52
skiedi,52
objekto,52
primenu,52
skambėjo,52
skatina,52
graikijos,52
Martin,52
sveikinam,52
sveikutis,52
negavo,52
siutina,52
negerk,52
verslu,52
klok,52
pavyzdžiu,52
nutilkit,52
nuteistas,52
prižiūrėsiu,52
kokioj,52
pasikliauk,52
sausainius,52
nepasakai,52
gulėti,52
paaiškinsi,52
Sonai,52
Sojeris,52
priežastys,52
smogė,52
susitaikyt,52
susisiekė,52
nesiklausai,52
pilk,52
piešinys,52
išgyvensiu,52
fantomus,52
ryklys,52
can,52
nesimatėme,52
palikote,52
gyvūnais,52
antrąjį,52
metalas,52
you're,52
leškau,52
Luko,52
liurbis,52
atsiprašom,52
pasiimsime,52
planuoju,52
šešiolika,52
šeimininką,52
išeičiau,52
kliūčių,52
paprašei,52
alergiškas,52
svarbiausi,52
svarbiausią,52
svajoja,52
pasidarys,52
silpnybė,52
darant,52
Goldfarb,52
spirk,52
sulaužysiu,52
pateikė,52
gamint,52
kario,52
faktiškai,52
jauskis,52
valdžiai,52
konferenciją,52
dokumentą,52
pasimokyti,52
dirbkit,52
nesėkmių,52
supyks,52
Getsbį,52
avių,52
matys,52
kalnai,52
įtariamąjį,52
įžeidimas,52
dovanoju,52
down,52
liudininkai,52
klausyt,52
planavau,52
Vilsonas,52
pavojingą,52
Kinijoje,52
apleista,52
staliuką,52
karų,52
įdėjo,52
paaiškės,52
nacionalinio,52
pabaigai,52
sunaikink,52
miltus,52
urvas,52
puodą,52
iškvėpk,52
brangiausias,52
rodys,52
direktorių,52
minutėlės,52
džiną,52
garažo,52
pajausti,52
tampu,52
take,52
gražesnė,52
kaktą,52
Alison,52
neleidi,52
pamirškite,52
Elvis,52
žaizdas,52
praleis,52
suims,52
baldus,52
čekių,52
baigės,52
kažkokius,52
aplinkybių,52
vietovę,52
Frenko,52
pristatymas,52
sielvarto,52
tautai,52
kalbiesi,52
tatuiruotės,52
griebkit,52
išnaudoti,52
raudonu,52
monetos,52
mones,52
rastum,52
laidai,52
lagaminas,52
nuleist,52
laidų,52
išmestas,52
žiuri,52
apytiksliai,52
Hanai,52
laikot,52
valandoms,52
išprievartavo,52
adresu,52
kovojame,52
rasčiau,52
žūsi,52
išnešti,52
anksciau,52
įjį,52
sudaužei,52
išsikraustė,51
išsiaiškinkim,51
nukirsti,51
žengti,51
puskarininki,51
išleiskite,51
erdvėlaivio,51
ištrūko,51
pasakau,51
Etanas,51
rinkinį,51
rinkoje,51
kartoja,51
Anglijoje,51
riebalų,51
renkiesi,51
mokslininkų,51
sukis,51
pranešimai,51
praneš,51
Prancūzija,51
sugadinsi,51
sugadintas,51
sugavau,51
baksų,51
modelį,51
aplankė,51
vilkai,51
Amerikoj,51
nužudyčiau,51
prisiminkit,51
Viktor,51
tarnavau,51
tarnauja,51
neišgyvens,51
senka,51
Sendi,51
bibliotekos,51
tapčiau,51
zmoniu,51
did,51
čempione,51
internetas,51
urve,51
sunerimęs,51
Minerva,51
paaugliai,51
netrukdo,51
netikėtas,51
Umbrella,51
paliksim,51
uždaryt,51
diržas,51
nevaldomas,51
nevėlu,51
išlaidas,51
ežerą,51
neužteko,51
atsikėliau,51
vesi,51
pasididžiavimas,51
sužinojome,51
griežta,51
atsisakysiu,51
sekantį,51
Margaret,51
klasika,51
klasikinis,51
apsaugotų,51
klausausi,51
parako,51
amžiną,51
suknisto,51
suknistos,51
Mino,51
pasakysime,51
Drakula,51
dienelė,51
specialus,51
narvo,51
kape,51
Jerry,51
nesustos,51
miegas,51
informuoti,51
užfiksavo,51
persų,51
jom,51
šunelis,51
neesu,51
viršininką,51
virves,51
pareigūno,51
apklausti,51
idealu,51
gabus,51
siūlyčiau,51
negalvoji,51
bendrikas,51
dingsiu,51
saugosiu,51
akimi,51
Bleikai,51
Teksasą,51
pasikeitęs,51
narė,51
Deividą,51
galvojome,51
neatidaryk,51
galutinai,51
naujoke,51
naujuosius,51
protėvių,51
bombų,51
branduolinio,51
bosui,51
rėkė,51
šiukšlės,51
tikėjosi,51
filmui,51
jüsu,51
blogu,51
popiežius,51
porelė,51
gydyti,51
keliaut,51
antrąją,51
partiją,51
koncentracijos,51
įsimylėjusi,51
skrynią,51
pasekmių,51
pasekmės,51
bejėgis,51
skyriui,51
lazdelės,51
kančia,51
kampanijos,51
lapą,51
kolonijos,51
gydytoju,51
varpas,51
paplūdimy,51
kančių,51
indėnai,51
suski,51
Torus,51
okey,51
neblogi,51
skrandį,51
nerimauja,51
pakyla,51
dažai,51
pirmininke,51
atsakymai,51
paskelbtas,51
šnipų,51
gedimas,51
mušk,51
balų,51
muzikantas,51
kausimės,51
Ninos,51
vagi,51
perduokite,51
pabus,51
pabėgimas,51
muziejuje,51
užuojautą,51
kūdikiu,51
kąjūs,51
užmigau,51
Archipova,51
kuprinė,51
gražioji,51
taikinius,51
šaudykit,51
šalčio,51
nelaimei,51
Frankenšteinas,51
nuobodi,51
Kristianai,51
Morganas,51
patinas,51
Nostradamas,51
niežti,50
Reimondai,50
bulvės,50
nugalės,50
išvyksiu,50
advokatu,50
kuklus,50
pamirškim,50
pamiršom,50
numetė,50
šalmas,50
išeitum,50
atspėjai,50
mani,50
tabletę,50
maldas,50
pajudinti,50
pakabinti,50
pristatysiu,50
nužudymas,50
Franko,50
dvasių,50
pamatau,50
Afriką,50
vaikelį,50
kreipėsi,50
užmušiau,50
kūdikių,50
asistentė,50
he,50
armijai,50
stebuklus,50
mylima,50
gavosi,50
bam,50
čiulpk,50
lietuviški,50
troškimas,50
štabas,50
šoviniai,50
švaistai,50
pasilieka,50
pasilaikyk,50
rūsys,50
transliacija,50
trauma,50
treniruotės,50
galeciau,50
skriausti,50
kibirą,50
apgavau,50
ketvirtoji,50
aukštyje,50
Ket,50
tunelius,50
laukiate,50
laukiuosi,50
kolekcija,50
vartoja,50
susitvarkysim,50
kantrybė,50
kandidatas,50
an,50
pasauli,50
dešinioji,50
susipažinkite,50
autobotų,50
valymo,50
mažytę,50
sutvarkyt,50
visuomenėje,50
pavežti,50
atšaukė,50
pagamino,50
meilužis,50
megztinis,50
suteiktas,50
medžioklė,50
pagerbti,50
dalyvaus,50
medalį,50
Tropics,50
samdomas,50
nustatyk,50
problemu,50
šmėklos,50
Jupitere,50
širdy,50
likimu,50
liktum,50
tinkamos,50
atsarginis,50
atiduokite,50
atjungti,50
ruošėmės,50
nesugebėjau,50
rėkt,50
nestovėk,50
išimtis,50
gyvam,50
turgų,50
susilaukti,50
pozicijos,50
aukščiausio,50
susirenka,50
Ebe,50
karinių,50
sparnų,50
spaudai,50
surinko,50
gėrimu,50
užimkite,50
pastatysiu,50
pasijusti,50
nepabėgsi,50
savus,50
teisėją,50
tolimas,50
šlykšti,50
savaitgaliui,50
savi,50
veikiam,50
apsivemsiu,50
Kolderi,50
skanumėlis,50
skiriamės,50
King,50
vilkėti,50
pamaitinti,50
jojam,50
šuniukas,50
švyti,50
jaunų,50
kontrole,50
papa,50
Michael'ai,50
įrodė,50
drakoną,50
naktų,50
geriam,50
sumanymą,50
pramonės,50
vidurinė,50
ieškokite,50
lygus,50
lyti,50
nenormalus,50
Kingas,50
įtikino,50
pasveikint,50
kalinių,50
įtaria,50
įėjau,50
įžeidžiau,50
negyvą,50
svarai,50
idomu,50
verda,50
jūsiškiai,50
šianakt,50
sausas,50
dirbtinis,50
Evelina,50
netikėjo,50
uraganas,50
atidarymo,50
aštuonerius,50
naktinis,50
spurgų,50
naikinti,50
mėšle,50
karu,50
paukščio,50
draugių,50
sensacija,50
Greisė,50
Tankredi,50
tarė,50
plauką,50
plaučius,50
lšjunk,50
taurelę,50
šaknis,50
Sidas,50
amigo,50
Neilai,50
kitokių,50
vilą,50
telefonus,50
grojo,50
Teresa,50
vestuvėms,50
vi,50
paukštelis,50
baisią,50
investicija,50
sugriovė,50
suimamas,50
kartoji,50
įkaitus,50
pateksi,50
nešdinkimės,50
neūžauga,50
jaunimas,50
Japonija,50
jaunėlis,50
vaizdelis,50
apėmė,50
katiną,50
kaubojus,50
pasistenkite,50
žiedu,50
žibintuvėlį,50
randą,50
žudyk,50
žymių,50
išsigelbėjimas,50
ištiesk,50
ištisus,50
ištiks,50
žiauri,50
apatiniai,49
Kenas,49
Emetai,49
užmigt,49
specialusis,49
dujas,49
ėmėsi,49
Kuzenka,49
gamykla,49
pralaimėsi,49
žemas,49
dramblys,49
įsibrauti,49
galingą,49
didžiuojamės,49
džino,49
Aaaa,49
Arturas,49
pelenai,49
incidentas,49
pelkę,49
skyles,49
spintos,49
baleto,49
nariams,49
damai,49
kate,49
patikrinsim,49
haliucinacijos,49
laimingu,49
užbaigsiu,49
geltoną,49
kiaušinį,49
norėsit,49
švenčia,49
purve,49
nufotografuok,49
Džeremis,49
romo,49
poveikio,49
išžudyti,49
Kay,49
nesužeistas,49
Čakai,49
Čeisai,49
patėvis,49
nesuveikė,49
dalykams,49
mokiau,49
generatorius,49
Izraelio,49
skrendame,49
praleisime,49
sujaudintas,49
dirbsime,49
paskaita,49
angele,49
vamzdžiai,49
tvyro,49
sukilėlių,49
panašiau,49
konjakas,49
vaišinu,49
skleidžia,49
pareigūnė,49
ūgis,49
sklido,49
koveisi,49
panaudojo,49
panašius,49
susirast,49
pasipūtęs,49
pasimėgauti,49
pasirašysiu,49
užpakalius,49
laikraštis,49
susirinkime,49
laisve,49
metafora,49
netikėk,49
kompiuteriai,49
paroda,49
drebėjimas,49
supažindinsiu,49
mechanizmas,49
aštrus,49
sunaikintų,49
aštuonias,49
pasėdėsim,49
dievams,49
paaukojo,49
naujokai,49
slėpk,49
ministerijos,49
mėgėjas,49
civiliai,49
staigus,49
stalu,49
baseine,49
keliems,49
suvalgei,49
zmogus,49
intelekto,49
aparato,49
ypatingasis,49
naudoji,49
vėjai,49
sutarėme,49
gimdo,49
paveikslai,49
Dalasas,49
giminių,49
surastų,49
suraskime,49
miestuose,49
avinas,49
pažiūrėjo,49
Borno,49
psichologas,49
dykumą,49
atliktas,49
sušikto,49
skerdynės,49
gaIiu,49
negersiu,49
parduok,49
skaudėti,49
degtinė,49
gynėjas,49
atminkite,49
papildomą,49
papildomas,49
nesakysi,49
išjungė,49
nerimavau,49
rūpinosi,49
prisidėjo,49
paveikė,49
aplinkoje,49
furgone,49
kalbėjaisi,49
įtraukė,49
įspūdis,49
mažiausia,49
simpatiškas,49
beviltiškai,49
septyniolika,49
sūnelis,49
atspindi,49
sėkla,49
atstovai,49
pajėgumu,49
Džaneta,49
plinta,49
siaubą,49
traukiasi,49
traukiam,49
CDO,49
gydymas,49
palauksime,49
gydo,49
nepatinku,49
saldus,49
širdžių,49
chebra,49
neliečia,49
Bills,49
taurė,49
Alonzo,49
kalbėjosi,49
šautuvu,49
kaimynus,49
šalyse,49
išduoda,49
tinkamu,49
likome,49
tikėdamasis,49
šlapimo,49
tonų,49
gubernatoriaus,49
atsarginį,49
nepasakosiu,49
juokelis,49
Prix,49
atsipra,49
apsidžiaugs,49
klausinėjo,49
apsaugotas,49
vertimas,49
nenuleisk,49
lydi,49
vienintelę,49
fotografas,49
Henry,49
Kuper,49
kvietei,49
heart,49
užrakino,49
rekomenduoju,49
elgeisi,49
būstinė,49
gatvėmis,49
pasakojimą,49
gautas,49
paciento,49
bin,49
nemirsi,49
nuvažiavau,49
žvejoti,49
veiksim,49
idealiai,49
Šere,49
šeimoms,49
savybių,49
pasigirdo,49
paslaptingas,49
nenutuokiu,49
žurnalistai,49
mažuli,48
Džekui,48
sutiktų,48
sustabdytų,48
pagalvojus,48
Dženifer,48
nebėr,48
ee,48
Larina,48
vardais,48
AVAP,48
emocijas,48
nesusijęs,48
Faramirai,48
Rusijoje,48
atitenka,48
nusišypsok,48
fejerverkų,48
Felicia,48
išpirkos,48
rykliai,48
ataskaitas,48
atleidau,48
gyventų,48
tur,48
žavingas,48
išleisiu,48
svaigsta,48
kryžius,48
atšauk,48
pagrindiniai,48
negrįžk,48
atveskit,48
Matilda,48
būry,48
būkime,48
skalbimo,48
negalėtume,48
Reksai,48
parduodu,48
esantį,48
visaip,48
vir,48
pamąstyk,48
Koulai,48
tuziną,48
pelenų,48
Peteri,48
trumpa,48
kremas,48
Subs,48
Irano,48
katyte,48
išsiaiškinai,48
Borisyčiau,48
išrinkti,48
DOM,48
šokinėja,48
buka,48
Enė,48
sakydama,48
rūsio,48
viešnia,48
grafiko,48
neikit,48
krūtys,48
heroino,48
valtimi,48
kit,48
pamirš,48
mirusius,48
Patricija,48
Čen,48
kambariu,48
sugalvosime,48
generolu,48
mokam,48
berniukams,48
seserų,48
patekt,48
nelaisvę,48
nelauksiu,48
kartojasi,48
mitas,48
peili,48
atspaudus,48
košmarus,48
jauniausias,48
serijose,48
vakarėlių,48
Robinai,48
laisvadienis,48
talentų,48
Frodas,48
Rosas,48
pristatymą,48
netikrą,48
netinkamai,48
lentą,48
Leonardai,48
pirkėjas,48
netrūksta,48
nuspręsiu,48
gersiu,48
trečiame,48
minų,48
nacių,48
lempą,48
supraskite,48
nereikalingi,48
Mimi,48
bobos,48
aktoriai,48
akmenimis,48
Barni,48
sprukti,48
chemijos,48
sprunka,48
Bilbas,48
Semį,48
ypatingų,48
lūžo,48
tarybą,48
instrukcijas,48
MAGIKIANŲ,48
tapome,48
kary,48
Alos,48
įgūdžius,48
dėžutės,48
plaut,48
padėkot,48
pastebėta,48
pradėtų,48
šaltis,48
šampaną,48
didžiuojasi,48
įrankis,48
tipai,48
spindulys,48
pasalą,48
pasaką,48
miriau,48
Džozefai,48
užkariauti,48
grįžčiau,48
agento,48
nepanikuok,48
švarios,48
Satina,48
akimirkas,48
pasiklausyti,48
krante,48
Theo,48
savaitgalis,48
priėjau,48
ruošiu,48
nepamatys,48
atsilieps,48
lovas,48
fakto,48
pasiūlysiu,48
apsiaustą,48
vidinis,48
koncertas,48
konkurse,48
konkurso,48
darželio,48
Korleone,48
Nense,48
Kelai,48
lėlyte,48
pavadinta,48
klaus,48
begalę,48
smulkmenas,48
susitarkim,48
Italijos,48
paaiškino,48
smūgiu,48
naujausias,48
nuotraukose,48
užsukau,48
ūsai,48
jaunuoliai,48
pragyvenimui,48
nurims,48
vu,48
neįvyks,48
viziją,48
starto,48
stebina,48
gaudo,48
vištą,48
stoja,48
iù,48
pabučiavo,48
mylisi,48
mylėk,48
studijavau,48
motelyje,48
susprogdino,48
prasidėti,48
baltosios,48
stoty,48
muziejaus,48
ištark,48
auksu,48
nemiegu,48
fon,48
aukščiausiasis,48
nuvažiuot,48
galiomis,48
eilutė,48
skrydžių,48
verkiau,48
pasamdžiau,48
vėliavos,48
Beiker,48
neatvyks,48
grynu,48
gryna,48
savininkai,48
neatsiprašinėk,48
jò,48
mažesnis,48
paslėpiau,48
goblinų,48
darkart,48
mažosios,48
see,48
mažuoju,48
žudynės,48
pasitaikė,48
išsinešdinti,48
reakciją,48
realybė,48
žinokite,48
išsigimėlis,48
žvalgas,47
Mišelė,47
geną,47
gentis,47
mokestį,47
prapuolė,47
suknistus,47
baisių,47
čempionato,47
kovoju,47
Japonijos,47
patikrinai,47
patiekalą,47
įkalbėti,47
suki,47
baily,47
pranešime,47
aštuoniolika,47
dedu,47
Riči,47
užkasti,47
laikraščiai,47
apžiūrėsiu,47
koviausi,47
pamėginkim,47
dainuoju,47
aušra,47
karį,47
spėjau,47
naikinimo,47
nagai,47
Džounsi,47
gerovės,47
pirmųjų,47
pirtį,47
šaudyk,47
ves,47
Verute,47
tebėra,47
Mac,47
atsisveikint,47
saulute,47
juokeliai,47
išgyvenai,47
tokiose,47
liesas,47
grįžtant,47
titulą,47
tirti,47
ieškokit,47
grupes,47
tepadeda,47
Loren,47
atsiprašai,47
tekėk,47
koI,47
iandien,47
alergija,47
limonado,47
tiesioginis,47
klubus,47
idiotė,47
veiksime,47
Floridos,47
techniką,47
sūriu,47
džedakai,47
mandagumo,47
Francisko,47
šaunūs,47
šarvus,47
Džeimis,47
sindromas,47
nekaltink,47
nekalbėsiu,47
nekaltybę,47
beto,47
prislėgtas,47
Gregas,47
gražinti,47
gražia,47
sapnuoji,47
nepatinki,47
nerasiu,47
saloną,47
profesorių,47
palauksim,47
atpažįsti,47
traškučių,47
Maiko,47
nelieka,47
Sent,47
tikrojo,47
linijas,47
šlykštūs,47
išgirdai,47
Sarumano,47
komandas,47
gynybą,47
kostiumai,47
tvarkau,47
pavalgyk,47
kilk,47
gailestis,47
skaičiuok,47
nervintis,47
boksininkas,47
švaistyti,47
judvi,47
šokoladas,47
varnas,47
pažeista,47
pažeisti,47
Mariko,47
pardavimo,47
vienuolyno,47
vienodos,47
sienoje,47
nejudėkite,47
nerimtai,47
nerimauji,47
Bertai,47
neigti,47
furgonas,47
kaltu,47
įtrauktas,47
įstoti,47
grandinės,47
sÖ,47
orakulas,47
nebeveikia,47
skrybėle,47
Gajus,47
oligarcho,47
sutikimą,47
suskaičiuosiu,47
kiemo,47
protingiausias,47
bosą,47
nesutiko,47
lankė,47
tylėt,47
komisaras,47
priklausomas,47
ooh,47
Maša,47
matytis,47
pagrindu,47
laukinė,47
gyvenimų,47
išgyvensi,47
nusivedė,47
psichikos,47
obligacijų,47
egzistavimą,47
negrįši,47
negresia,47
sviestą,47
svarstau,47
svarbius,47
atvėrė,47
gerbėja,47
pridėk,47
prieglaudą,47
kapus,47
ius,47
Kelvinai,47
gimdymo,47
prakeiksmą,47
doleris,47
jautis,47
šventykloje,47
vakarai,47
vaikystė,47
pervesti,47
persigalvojau,47
ateinam,47
įlanką,47
sparną,47
smurtą,47
prieplaukos,47
ginkluota,47
antspaudą,47
aptart,47
kopijas,47
nebegrįš,47
amerikiečiams,47
pasaulinis,47
susitikimų,47
pavarei,47
kiaulių,47
surinksiu,47
praeity,47
lagaminus,47
LaFleras,47
perskaitei,47
deimantų,47
užuojauta,47
butelių,47
rasė,47
raciją,47
renkis,47
nuotakos,47
nuoširdus,47
vagių,47
Artiomo,47
užrašiau,47
asmeninė,47
asmenybę,47
stiprybė,47
stiklinės,47
stebuklo,47
Stenai,47
Karle,47
neįsivaizduojate,47
nupjauti,47
ringe,47
Katrina,47
kaulo,47
kaulas,47
kaukolę,47
antklode,47
čiuožk,47
prastos,47
prašėt,47
lubų,47
lukterk,47
schemą,47
nenutuoki,47
nepadėsi,47
savanorių,47
pasmerktas,47
Šihira,47
ere,47
išsiaiškins,47
Išsižiok,47
žiurkę,47
išmetei,47
pasirodyt,47
ramina,47
paketas,47
nugirdau,47
mokymo,47
geltonas,47
gelbėkite,47
katastrofos,47
demokratija,47
vaidenasi,47
niekšą,47
žali,47
žaizdų,47
išėjimus,47
nuostolių,47
nufilmavo,47
Ende,47
rastume,47
raskit,47
krūvos,46
vagystės,46
einant,46
apsimeti,46
pačiais,46
gėrį,46
skambės,46
nuskambėjo,46
Benui,46
skiriama,46
skelbia,46
look,46
Bendžaminas,46
atsiprašymas,46
greičiausias,46
lėkštes,46
nevalgau,46
nevaidink,46
srities,46
sumautus,46
randas,46
Padavėjau,46
srovę,46
išvalymas,46
randi,46
pabaigsiu,46
statulos,46
sudarė,46
žiniai,46
važinėja,46
įkvėpė,46
dėžutėje,46
Braunai,46
taisyti,46
įspėt,46
įsivėlęs,46
kartojo,46
laimėtoją,46
uždirbu,46
ateisim,46
magnetas,46
mal,46
taktika,46
atsisveikinimo,46
pasamdyti,46
paistalai,46
įsikurti,46
prieglobsčio,46
purviną,46
direktorė,46
pasimatyme,46
pasirašykit,46
kunigų,46
pažįstamą,46
Konoras,46
NSO,46
B-Rabbit,46
išvyksime,46
abudu,46
išvykstam,46
mėnesiams,46
sugebėjimų,46
Kuperis,46
mokomės,46
išleidai,46
administracija,46
barzdą,46
Džošas,46
Džimio,46
išvyks,46
jautiena,46
erdvėje,46
valgykit,46
Hovardas,46
nejuokauji,46
Kere,46
apgaudinėja,46
siaubingo,46
Vitiuša,46
atmosferos,46
ilgiesi,46
ryklių,46
nusimauk,46
legendą,46
pranešimus,46
sunaikinimo,46
gydytojų,46
neveiks,46
egzaminas,46
patvirtins,46
lipu,46
prisijungsi,46
atsinešiau,46
atsipalaiduokit,46
nepriklausomybės,46
ateitum,46
Kolumbijos,46
kavinė,46
Teodenas,46
vedybos,46
nematyčiau,46
nemelavau,46
skrisime,46
palydėk,46
policijoje,46
suši,46
Beketas,46
skubiau,46
dienu,46
Grantas,46
gili,46
pridenkite,46
susigražinti,46
surengt,46
suradom,46
normos,46
šneku,46
valgį,46
valiai,46
valgysim,46
Joey,46
iškeldinsiu,46
užtaisyti,46
kopėčios,46
home,46
Sebastianai,46
oj,46
tiko,46
linkęs,46
išbandžiau,46
Kalvinai,46
pulso,46
senelių,46
bilieto,46
pavadinsiu,46
apatinių,46
fantazijos,46
faktų,46
antis,46
senieji,46
perspėjimas,46
Ronas,46
Zaicevos,46
keisčiausia,46
keistoka,46
bijojai,46
Julia,46
vietinių,46
lapas,46
nelaimingą,46
automatinis,46
meto,46
pavėluosi,46
Desmond,46
vienuolis,46
Vietnamo,46
Trevoras,46
kiečiausias,46
viršūnės,46
torpedos,46
lauksi,46
šiaurinėje,46
suveikti,46
sučiupau,46
naujuoju,46
šarvai,46
skystį,46
maudytis,46
išgauti,46
Chari,46
nutrauksiu,46
užsiimsiu,46
nežinojome,46
kalbantis,46
asmeninio,46
deguonis,46
Hannah,46
centrinės,46
atsidurs,46
melu,46
paskirta,46
torpeda,46
liepsi,46
silpsta,46
parengta,46
beždžionių,46
Dentas,46
filmuok,46
aptikome,46
sekretorė,46
nepasiseks,46
pamačiusi,46
filmuoji,46
pokštų,46
neabejojau,46
mažais,46
deimantas,46
seksiu,46
nerviniesi,46
klausimais,46
vie,46
lankytojų,46
klausiausi,46
profesoriaus,46
grįžome,46
Tobis,46
apsaugo,46
pasklido,46
fermos,46
jžsł,46
nuotykį,46
sutrukdymą,46
būkim,46
Reno,46
augau,46
Glenas,46
štabe,46
postus,46
susideda,46
city,46
reikejo,46
gitarą,46
mem,46
pagaminsiu,46
domino,46
areną,46
išskristi,46
pasirodysiu,46
sargybinius,46
saugomas,46
momentą,46
mąstyk,46
peilius,46
priartėti,46
storulis,46
nemalonus,46
geležies,46
vaizdus,46
atliekų,46
paprašys,46
burtininkų,46
sugebėjai,46
lažybų,46
Kiniją,46
piešiniai,46
neklausiu,46
Boni,46
žinotumėte,46
nusisuk,46
nusiprausti,46
stovės,46
fizinis,45
žygį,45
žvakės,45
buvus,45
raidžių,45
išsigelbėti,45
žvilgsniu,45
pasiūlymo,45
rūpestį,45
nesijaučiau,45
kinai,45
lažybas,45
vienų,45
Klark,45
pasirūpinsi,45
ženk,45
rankinis,45
išvaduoti,45
Džokai,45
stabdžius,45
DJ,45
diržo,45
laimėt,45
rodyt,45
kariu,45
patekome,45
suimk,45
nujaučiu,45
prarasime,45
sudaužyta,45
įsakymams,45
sėsiu,45
patalpą,45
BRIAN,45
malonėkite,45
Eduardas,45
organai,45
pateksime,45
pažįstam,45
užveda,45
rasę,45
pusbroli,45
adreso,45
pasinaudosiu,45
nebėk,45
karti,45
sargai,45
guma,45
kelnaičių,45
Tomu,45
prisijunkite,45
parengti,45
vyksi,45
nesupratote,45
vidurnaktis,45
vidu,45
ieškojom,45
neleidžiama,45
programoje,45
prigimtį,45
pagrindinius,45
šešerius,45
pupa,45
mažylė,45
negeria,45
titulo,45
pavadinimo,45
tiltu,45
grįžote,45
life,45
sutarti,45
pastatus,45
renku,45
medyje,45
sutvarkė,45
smulkmenos,45
slėgio,45
šimtmečius,45
lentynos,45
traukiamės,45
rūšį,45
rūpėtų,45
protokolas,45
vienintelės,45
debesys,45
Franklinas,45
neatvyko,45
darbelis,45
Džeide,45
neatsilik,45
neatsidaro,45
Sveiks,45
atveš,45
suveikia,45
akinių,45
paplūdimys,45
varžybose,45
bičiulį,45
perlą,45
Harvardo,45
kėdėje,45
rezga,45
pavadintas,45
neištikima,45
neišeisiu,45
atrakink,45
pirmadienis,45
Timothy,45
Rubliovkoj,45
rub,45
Herakli,45
užtruksiu,45
Šveicariją,45
švarko,45
seki,45
bičą,45
džiaugsmu,45
šokėjos,45
čempionatas,45
anądien,45
darysit,45
rudens,45
partneriu,45
korta,45
Korbenai,45
nustebintas,45
susijungimas,45
skysčio,45
neapykantą,45
restoranų,45
reputacijos,45
elektroninį,45
fotografuoti,45
tyrinėti,45
palengva,45
metodą,45
gimstant,45
E.D.I,45
NATO,45
naudojame,45
juočkis,45
juolab,45
klounai,45
apsimesiu,45
užimk,45
santykiuose,45
užkandžių,45
lobį,45
Keitės,45
prisiekusieji,45
talentinga,45
nebeturim,45
persekioti,45
veiktų,45
kodų,45
kokainas,45
Sele,45
peršovė,45
dovanėlę,45
dienoraščio,45
Grave,45
kankinti,45
šaltiniai,45
įvykę,45
pasus,45
salto,45
supyko,45
dalelė,45
Getsbio,45
Giants,45
šnektelėti,45
Manuela,45
nurimti,45
nešaudyti,45
švento,45
šventojo,45
sprendimai,45
šviesybe,45
išjungiau,45
žaislai,45
nenužudys,45
blaivus,45
triukai,45
leiskime,45
nekaltą,45
gydymą,45
she,45
nejudėti,45
Voltas,45
jaučiamės,45
nevedęs,45
riziką,45
nevalgyk,45
magiją,45
tarnyboje,45
Maiką,45
žaibą,45
gerutis,45
Gabrieliau,45
Beną,45
kasti,45
kategorijos,45
grunting,45
liukas,45
ežere,45
tarakonai,45
Vatikano,45
deimantus,45
išradimas,45
krūtų,45
išnyksta,45
motociklą,45
Ramzis,45
paleidžia,45
plaukit,45
vergais,45
vengti,45
ekrano,45
skambinkite,45
Detroito,45
pašalino,45
tėvynę,45
baigiantis,45
draugiška,45
darbuotoja,45
lįsti,45
itališkai,45
teigė,45
teigiama,45
atsiprašinėti,45
pasitikėjo,45
bagažą,45
padarų,45
raskite,45
daikčiukas,45
sumautų,45
spręsk,45
baigtos,45
naudokis,45
soldier,45
reikėtu,45
Nitro,45
Bazas,45
šokėjas,45
reisu,45
medžioklę,45
kubą,45
vakarėliai,45
paneigti,45
panašių,45
nepasakojai,45
valdyba,45
vaidmens,45
pamiršęs,45
Hiu,45
vaistą,45
prižiūrės,45
išmokyk,45
stogu,45
Stiuartai,45
žuvę,45
džiungles,45
visiskai,45
atleisi,45
burtininke,45
mokame,45
genties,45
uždaro,45
žinokit,45
struktūrą,45
išsilavinimą,44
motociklu,44
išmintinga,44
kruvinas,44
nepaliksi,44
leisimės,44
supa,44
minėjai,44
šūdžių,44
dirbdamas,44
jaunimo,44
mires,44
daikčiuką,44
imtų,44
leidote,44
atmesti,44
palaiminti,44
Vikers,44
trikdo,44
Dylanai,44
neketina,44
Jokūbas,44
šypsenos,44
švyturys,44
treniruotę,44
lempos,44
siaubingos,44
imsimės,44
nusileidau,44
nepadėk,44
nepastebi,44
koridoriuj,44
šunimi,44
šunims,44
judesius,44
norėdama,44
agresyvus,44
kaukes,44
Ankstesnėse,44
liūtų,44
pašok,44
pamalonintas,44
laikysimės,44
apsirengę,44
dvejų,44
anglas,44
įgyti,44
Irena,44
katalikų,44
patvirtinimo,44
Liošenka,44
kekšių,44
kaukolės,44
pasveikti,44
didžiųjų,44
Gajau,44
robotus,44
rizikuoja,44
netikri,44
braškių,44
karve,44
karinę,44
nevalgai,44
Luce,44
teisti,44
inžinieriai,44
Tedas,44
patikrinimo,44
įkvepia,44
pavaišinti,44
neatiduosiu,44
neateina,44
remontas,44
remontą,44
nežiūrėjau,44
plėšikų,44
masto,44
Paulai,44
gabalo,44
vyrukams,44
zombiai,44
Keisai,44
antradienis,44
romėnai,44
nusikaltimai,44
įvesti,44
Alvinai,44
Marla,44
puodelis,44
Pumba,44
įvykdė,44
kambariuose,44
įspėjo,44
važiavome,44
filmuoja,44
Gregori,44
galimą,44
atsiuntei,44
sužavėta,44
sėdit,44
Anastasija,44
aktas,44
būsena,44
bruožas,44
mažytį,44
suvaidinti,44
smulkių,44
Reiven,44
kabiną,44
paprasčiausias,44
Nero,44
ligonis,44
atsakei,44
darželis,44
grįžom,44
wushu,44
tikruju,44
kolekcijos,44
varžytis,44
perki,44
šeimininkui,44
šedevras,44
III,44
apsaugai,44
vidurinę,44
šaldytuvas,44
altoriaus,44
matytum,44
nemokamas,44
nutraukt,44
Harieta,44
laikina,44
vartojo,44
palaikykit,44
Libi,44
kelionėje,44
toną,44
Silvestro,44
užsikirto,44
pamilau,44
Hektoras,44
menininkas,44
Rembo,44
pirmus,44
Wallace,44
antspaudus,44
rudas,44
let,44
prisimenat,44
pagalvojo,44
smarvė,44
augina,44
sutems,44
susitikęs,44
dalykėlių,44
posėdis,44
auksinio,44
elementų,44
rengti,44
girti,44
medikai,44
suteikei,44
susidėjo,44
meškos,44
šokėjų,44
gangsteris,44
sprendimu,44
padėsit,44
padovanot,44
padorus,44
Eriko,44
rašytoju,44
nenormalu,44
Vietname,44
nesakyčiau,44
leiskitės,44
atranka,44
berniūkštis,44
ačių,44
Milo,44
nin,44
susikišk,44
judėjimą,44
Larry,44
tyra,44
tuščiomis,44
debilai,44
Petai,44
Franklinai,44
komisija,44
pažinoti,44
apsėdo,44
kągi,44
kvėpuot,44
Oukai,44
Daltonai,44
susimatysim,44
parašo,44
atlyginimas,44
išminčius,44
išsiųsiu,44
išsiskyrėme,44
Banane,44
išprotėjau,44
kryžių,44
visatą,44
nesikelk,44
Betė,44
nušaukit,44
pavogtas,44
trumpiau,44
Lauren,44
atmesta,44
mirčių,44
padangas,44
pasirūpint,44
džiunglėse,44
mokyklai,44
sugrįžta,44
Džonui,44
pabandyt,44
šūdų,44
šūdinas,44
buvimą,44
sugedęs,44
Džin,44
mūs,44
baigsim,44
prancūzas,44
prisiskambinti,44
foto,44
užaugs,44
klinikos,44
tėvelio,44
ekonomika,44
plaukioja,44
atsiveria,44
Bliu,44
bangą,44
ištikimi,44
žinojom,44
pasiūlymu,44
subtitravo,44
bučinio,44
Palmer,44
generolą,44
muštynes,44
pasirodysi,44
išsinuomoti,44
žudau,44
gautume,44
kraustausi,44
saulėlydį,44
pamirši,44
Dejah,44
Holivude,44
kostiumais,44
kovotoja,44
paniką,44
saugumu,44
Džiule,44
žydus,43
Styvenas,43
pabėgs,43
Džojau,43
padainuok,43
šūvius,43
supainiojau,43
prieglobstį,43
prieglaudoje,43
Encounters,43
burbono,43
raudonų,43
misijai,43
džinsus,43
daili,43
aštuoneri,43
dirbantis,43
raudonai,43
nudėkit,43
purvas,43
Japonijoje,43
procedūros,43
profesionalai,43
valgis,43
konjaką,43
kutena,43
kuras,43
vadinsiu,43
pažįstamų,43
bėgioti,43
iškils,43
receptas,43
rašysena,43
paskaitos,43
iškepti,43
paskutine,43
šunimis,43
kepure,43
pareikšti,43
Driu,43
ryta,43
rytai,43
vyruk,43
atrodžiau,43
gulbės,43
vienintelio,43
vietinė,43
vieniši,43
paliaubas,43
nelegalu,43
gyvuoja,43
tyrimui,43
liemenę,43
nesuk,43
vokietis,43
daugumą,43
siekiu,43
kilimo,43
viršus,43
virve,43
nesiartinkit,43
leidžiate,43
leisime,43
Frenkis,43
show,43
palaukim,43
palatoje,43
kiaules,43
Indijoje,43
paklauskite,43
pistoletu,43
planetų,43
Ohajo,43
Čarlzo,43
branduolinį,43
įdomių,43
liūdi,43
privalot,43
atidžiau,43
gėdinga,43
elementai,43
keistos,43
rugsejo,43
patrulis,43
Kee,43
tokioms,43
grįžusi,43
veskite,43
vertos,43
klausom,43
apsaugočiau,43
Lansai,43
tvirti,43
prisiartinti,43
kelkit,43
Rusiją,43
grąžinsi,43
dėmė,43
tipiška,43
tinkle,43
atsarginių,43
darbininkai,43
nedažnai,43
Grigoryčiau,43
taviškis,43
gailiesi,43
lygoje,43
atsivedžiau,43
evoliucija,43
uždarysiu,43
Halai,43
apsivilkti,43
karstas,43
patikinti,43
įleiskite,43
įlanka,43
Karlo,43
Griša,43
Skarlete,43
skambinsiu,43
atsipalaiduot,43
teleskopą,43
Filipas,43
klientais,43
palikuonis,43
gadinti,43
pjauk,43
liudyti,43
Anė,43
katinėli,43
ėjome,43
kasos,43
įdėsiu,43
įtariamųjų,43
Sveikučiai,43
sykių,43
svogūnų,43
atverk,43
sužeistuosius,43
išeidamas,43
aliejaus,43
bendravimas,43
maišus,43
kobra,43
klubų,43
užfiksuotas,43
neprieštarauju,43
įstrigęs,43
rikiuotę,43
įsimyli,43
Brendonai,43
nupiešė,43
įskaita,43
paimčiau,43
paimtas,43
pokerį,43
gražesnis,43
Robinsonai,43
įrenginys,43
atsiųskite,43
tarnai,43
skirtingus,43
Chris,43
mafijos,43
kapų,43
kviečiau,43
sustabdyt,43
paslaptinga,43
reiškinys,43
pasiilgo,43
pagerės,43
Škotijos,43
šlapias,43
filosofija,43
dulkina,43
perlas,43
laikei,43
užpakaliuką,43
deguonį,43
kūrinių,43
asmenų,43
dievus,43
nežiūrint,43
retkarčiais,43
kaiju,43
politikai,43
Danielius,43
priešininką,43
našlė,43
ringo,43
good,43
neatsakei,43
sveikina,43
slaptoji,43
atvedžiau,43
suėsti,43
pasiekt,43
narkomanai,43
sprendi,43
nariais,43
juodu,43
juodieji,43
ministro,43
Azijos,43
raštas,43
pamiegok,43
Deividu,43
pergale,43
kvaile,43
reikalingos,43
padovanojau,43
spinduliai,43
specialiųjų,43
kąjie,43
Ky,43
pažaisk,43
pažaiskime,43
bloką,43
variantą,43
perduodu,43
kvailioti,43
menka,43
aukščiausia,43
Sonis,43
postas,43
avarijoje,43
dainuot,43
paaiškinimo,43
akmeniu,43
Kosta,43
here,43
pelėda,43
motelį,43
pravardę,43
stovėdamas,43
išplaukia,43
diskas,43
butent,43
rankiniu,43
Raselas,43
pasirūpinkite,43
praradęs,43
kovot,43
fiureris,43
nepasiduos,43
prekę,43
suimkite,43
pralinksmėk,43
Dagą,43
elnias,43
pasivaikščiojimas,43
prarast,43
nukritai,43
padarę,43
suknistų,43
gerbėjų,43
nacionalinė,43
išleis,43
nukeliauti,43
Aciü,43
Moira,43
laužas,43
nužudysime,43
parama,43
ryški,43
parduotuvių,43
dešra,43
nesistebiu,43
Gven,43
žirgus,43
žiūrit,43
išskirtinis,43
išteka,43
vijosi,43
nesigailiu,43
nusitaikyti,43
Ledis,43
subtitrus,43
more,43
mokėtų,43
mokėk,43
stebės,43
Connor,43
muštynių,43
žiurke,43
Dmitrijus,43
numirs,43
numerių,43
Elvyra,43
Aah,43
ištikimybės,43
ištekėjau,43
sudariau,43
žvakių,42
išpirkti,42
pasirūpinkit,42
pasiruošusios,42
studente,42
Baltuosiuose,42
mylėjomės,42
mylės,42
Rajan,42
numušti,42
mokėmės,42
rankinį,42
žiniasklaidos,42
ištroškęs,42
randasi,42
buvusią,42
saugyklos,42
dureles,42
krovinių,42
vadovė,42
vaikiškas,42
vaidinau,42
pensijos,42
duoną,42
balandį,42
žaisi,42
sugriovei,42
mokesčiai,42
nuosavybę,42
Elison,42
Žana,42
prezervatyvų,42
garsiakalbį,42
genų,42
Mmm-hmm,42
baisiausias,42
sujunkit,42
žaibo,42
nugali,42
pasinaudot,42
žaidynes,42
miss,42
spėsim,42
geram,42
Sulaikykit,42
vadinamą,42
vadinkit,42
saviškius,42
nepakeisi,42
pažįstame,42
durimis,42
apyrankę,42
sumokėta,42
mirei,42
iškviesk,42
diplomą,42
sumuštinius,42
ūkininkas,42
purvini,42
sumuštinio,42
Bulma,42
šviesų,42
Jegoro,42
realybę,42
šuva,42
aistrą,42
mikliau,42
padoriai,42
surengei,42
reikiamą,42
jungiu,42
padėka,42
praeita,42
judėjo,42
nasrus,42
auskarus,42
Mesala,42
Merve,42
Nensi,42
pereina,42
kursus,42
kurse,42
užtikrintas,42
nepaskambinai,42
užuominos,42
komunikacijos,42
Konradai,42
povandeninį,42
mergas,42
susitikinėju,42
jē,42
pupos,42
Nikolas,42
menkniekis,42
Meni,42
Sonia,42
dalykėlis,42
susitinkame,42
snaiperiai,42
meilužė,42
medicininės,42
suteikiu,42
pasodinti,42
pasigailėsi,42
suvalgyt,42
Medison,42
albumą,42
flotilę,42
filmuoju,42
valstybė,42
galvojame,42
originalus,42
pasienio,42
Navorski,42
šautuvo,42
šaut,42
atėmei,42
priešpiečius,42
kalbėdamas,42
išdavystę,42
pastoriau,42
Gondoras,42
ringą,42
masale,42
Golumai,42
pagyventi,42
skysčių,42
rikiuotės,42
įtaka,42
sviestu,42
skubam,42
prilaikyk,42
priklausau,42
atstovų,42
sąmoningai,42
manoji,42
manierų,42
rinką,42
pasibaigus,42
kokteilio,42
Dumbldoras,42
laidas,42
neminėjo,42
asilai,42
Harį,42
užpuolimą,42
labdara,42
sėdės,42
pokalbiui,42
maldavo,42
poezijos,42
Makvynai,42
tankas,42
Majamio,42
plikomis,42
įrašyta,42
Robotics,42
tapsite,42
įrodymą,42
ito,42
principas,42
Madeleine,42
įjungt,42
įmetė,42
romanai,42
roką,42
Griblai,42
Nedas,42
fabriką,42
dideliame,42
karšti,42
netiks,42
Brazilijos,42
apsilankyti,42
ateity,42
Peru,42
užgrobė,42
pertraukėlę,42
derama,42
pašėlęs,42
pašalintas,42
Sansa,42
sandorio,42
skambučiai,42
televizijoje,42
atsinešiu,42
Antonas,42
būsimas,42
liūdina,42
Telonas,42
temperatūros,42
negalėjom,42
nesėkmės,42
pakišai,42
pakišti,42
thing,42
keiktis,42
darydamas,42
atsikėlei,42
vytis,42
well,42
kelione,42
tikslams,42
liksite,42
likusias,42
likčiau,42
Lilu,42
sita,42
pakvietimą,42
Titas,42
Semą,42
laiptus,42
pažadink,42
laimėtų,42
ateičiai,42
važiuotum,42
vedėjas,42
važiavom,42
neprilygsta,42
samurajus,42
veidrodyje,42
neigia,42
nyksta,42
pavargę,42
kepsnį,42
paremta,42
siekė,42
nejaukiai,42
apatiniais,42
kelnėse,42
liaudis,42
neiti,42
neinu,42
kiaurą,42
nespėjus,42
FBI,42
neliesiu,42
nelemta,42
senąją,42
apsimetėlis,42
pavėluosime,42
idėjas,42
kloja,42
pirk,42
Lensai,42
transportas,42
parduodi,42
traukos,42
nesitikėjo,42
leidžiuosi,42
apkaltintas,42
nesijuok,42
sesė,42
nekilnojamojo,42
paveikslo,42
viešumą,42
parašas,42
serumas,42
seriją,42
paleisim,42
debesies,42
gyventojas,42
turinti,42
tvarkingai,42
nervus,42
sakom,42
apsigyventi,42
strategiją,42
pabėgt,42
pasirinks,42
numatyta,42
moneta,42
subinėj,42
vaizduotę,42
vaizdai,42
išsirinko,42
storuli,42
Džordžą,42
išspręst,42
muziejų,42
žinotume,41
žygis,41
išsekęs,41
cukrus,41
Cube'ai,41
prarastas,41
žuvęs,41
išsiųstas,41
mylite,41
smok,41
galvotum,41
šikti,41
pasodins,41
išgelbėsi,41
sustoja,41
auksinės,41
girdėjom,41
sostinės,41
naudojosi,41
naujausi,41
galvojęs,41
spalvas,41
susitikinėji,41
turą,41
septynerius,41
Ramsey,41
pasitikite,41
nekilnojamo,41
betvarkė,41
Borną,41
para,41
Džona,41
pabučiuosiu,41
mylintis,41
nuleisiu,41
bučiuok,41
nuvesi,41
lankėsi,41
ieškosiu,41
pacientą,41
move,41
nepamatė,41
nukirto,41
išlaikyt,41
J.R,41
sugrįšime,41
atlyginimo,41
pimpį,41
palatą,41
Bondai,41
atleidžia,41
pristatymo,41
gylis,41
pavers,41
aplenkti,41
viliuosi,41
Finai,41
sandoris,41
Houp,41
aptarsime,41
Alberto,41
renkamės,41
užrašyk,41
kėdžių,41
užrašas,41
pričiupsiu,41
Nika,41
pagelbėti,41
aktyvuotas,41
aklavietė,41
paeiliui,41
dingsime,41
parduotuvėj,41
parduotas,41
palaikiau,41
virėja,41
trenksiu,41
betrūko,41
išvažiuosiu,41
pavėluosiu,41
neranda,41
puslapiai,41
stadija,41
Natalija,41
house,41
konfliktas,41
pradėjęs,41
Šeila,41
repeticiją,41
Bruk,41
Renai,41
ožy,41
mechanikas,41
huh,41
pasieksim,41
pasieksiu,41
suėjo,41
naująją,41
kairiau,41
nežaidžiu,41
kompiuterius,41
komitetas,41
valtyje,41
end,41
Jane,41
Jamčis,41
Žagsuly,41
pasirašyt,41
baimes,41
praleidžiu,41
Dagi,41
mobilaus,41
Mm-hm,41
atimt,41
saldainiuk,41
salone,41
kiaulę,41
neleisi,41
senosios,41
ketvirtadienis,41
nespėsim,41
riešutai,41
šalys,41
paspausiu,41
alibi,41
pagrindinėje,41
nešu,41
cirke,41
NBA,41
smagaus,41
priemonę,41
pop,41
įvairius,41
įvaizdį,41
užtikrintai,41
permiegojai,41
produktą,41
baikime,41
baigęs,41
apelsinų,41
informatorius,41
pilve,41
pirmai,41
guliu,41
gabalai,41
vyrukais,41
kepenys,41
Lesli,41
baimėje,41
padavėjas,41
žaisk,41
susirinkimo,41
susipažinot,41
susipažinote,41
užtaisyt,41
sąjungininkai,41
gamino,41
Marse,41
įvykdytas,41
nebegalima,41
sąjungininkų,41
svarbesnis,41
amerikietė,41
įstojau,41
įspūdingai,41
dvidešimties,41
biudžeto,41
bitė,41
pasiaiškinti,41
kokybė,41
papildomo,41
dvasias,41
nebaisu,41
pažeistos,41
pasėdėt,41
neįprasto,41
nupjausiu,41
Maksą,41
atskleidžia,41
malda,41
taikinių,41
išbandyk,41
įsidėk,41
liftu,41
nuvilti,41
nemalk,41
užbaigt,41
nepasiduoda,41
kovosime,41
kumpio,41
kunige,41
armijoj,41
nužudėte,41
lietų,41
sukurtų,41
nepadedi,41
Vadijos,41
Misisipės,41
pralaimėjimas,41
pralaimėjau,41
sulaužiau,41
keliaukit,41
likusių,41
grąžinu,41
grynai,41
anūko,41
Willie,41
keliones,41
tiem,41
Rube,41
fantastiškas,41
nykštukas,41
veikiau,41
Samai,41
knygose,41
vėžliai,41
unikalus,41
vedei,41
uždirbi,41
ateinančias,41
uždegti,41
įsivaizduot,41
amžina,41
pasėdėti,41
kūdikiai,41
asmeninės,41
persikėlė,41
Džastina,41
manasis,41
išgėręs,41
Nobelio,41
ničnieko,41
narį,41
spaudi,41
priešams,41
susidūrimas,41
Erika,41
Jungtines,41
domėtis,41
testų,41
ofise,41
Gagarinas,41
beprotiškas,41
prisiekei,41
siužetas,41
pakliūti,41
paklūsta,41
zombių,41
zuikeli,41
lobio,41
white,41
negirdėjo,41
negero,41
atsidursi,41
tiltelio,41
gamykloje,41
nevalgysiu,41
nevažiuosi,41
sklando,41
Egipto,41
maitina,41
pajusk,41
nevykėli,41
pasakytumėte,41
patarti,41
patarė,41
atsiunčia,41
skriskite,41
Green,41
dailus,41
minos,41
sunaikint,41
jaudinuos,41
šūvio,41
kostiumų,41
aidas,41
sulėtink,41
pramoga,41
Džiokeris,41
Kaukitės,41
čiau,41
pulkininko,41
Džozefas,41
santaupas,41
sandėrio,41
karvę,41
atsistojo,41
Rodas,41
atsisakai,41
Mahouni,41
Magda,41
įjunkit,41
pralaimės,41
jokį,41
reikale,41
budrus,41
gretas,41
nuostabias,41
bėgsi,41
bėgliai,41
praimas,41
milijardo,41
suoliuko,41
paskambina,41
Fordai,41
Kolinsai,41
pamainą,41
klostosi,41
perėjau,41
nematote,41
spoksoti,41
pasakas,41
Kaufmanas,41
Luiso,41
lyga,41
išsimiegoti,41
žudikus,41
žiūrėsiu,41
abejoji,41
vaizduotė,41
nuleido,41
žemėn,41
žemėse,41
subingalvi,41
prarijo,41
sudaužiau,41
mokėjau,41
banketas,41
stiliumi,41
kremo,41
nerti,41
Klerė,41
veržiasi,41
tyliu,41
krizės,41
vaistinę,41
vaikščiojau,41
Deivo,41
padangų,41
vaikiui,41
vagystę,41
Hileri,41
vaiduokliais,41
padarus,41
mokyklų,41
išvalyk,41
perimk,41
stipresnio,40
pasitraukiu,40
sauskelnes,40
saugykla,40
Kumarai,40
pamiršote,40
padanga,40
Krydas,40
vadovavimą,40
perdavimo,40
areštas,40
kremą,40
vežimą,40
profesore,40
vilką,40
ekraną,40
stebime,40
mėgstate,40
stabdžių,40
prieisiu,40
Fišeri,40
mokinius,40
kitką,40
triuko,40
nusivyliau,40
bon,40
kirvį,40
vila,40
lazdele,40
lašai,40
pasiimsim,40
užsakymus,40
nutraukiau,40
eilinė,40
nepatogiai,40
pažinčių,40
konferencijoje,40
neskaudės,40
širdim,40
šiurkštus,40
išgirdęs,40
paskutiniam,40
būgnų,40
niekšelis,40
niekingas,40
pasodino,40
pakels,40
Čiupkite,40
draugiški,40
Paul,40
pulkite,40
valdoma,40
kortom,40
raudonojo,40
įmonę,40
atsisakei,40
olą,40
priimsi,40
pašokim,40
patyrėme,40
patyrei,40
Lore,40
Joseph,40
Mae,40
greitą,40
greitkelio,40
Mailsas,40
patektų,40
kartui,40
įjungė,40
suplanuota,40
jautė,40
rašei,40
bėgimo,40
reaktorių,40
paskolų,40
pasilikau,40
Doneli,40
datos,40
Timonai,40
atsilyginsiu,40
tenais,40
liūdesys,40
lokį,40
ankstyvas,40
nusifotografuoti,40
giminaičiai,40
miegus,40
NANOMEILĖ,40
sprando,40
spindulių,40
spintelės,40
sirgalių,40
pirmąja,40
bendradarbiavimą,40
įleiskit,40
darbuotoją,40
darbuotojus,40
tankus,40
kardus,40
įrašiau,40
Tanka,40
pasilinksminkit,40
nuostoliai,40
sunus,40
paaukštinimo,40
skautų,40
skaudžiai,40
maištas,40
Skofildai,40
idiotu,40
apart,40
Lindsi,40
tikrame,40
that's,40
ruošt,40
instinktai,40
keliaukite,40
pokerio,40
skundą,40
paimkim,40
Džastinas,40
ugnyje,40
Dedpulas,40
ateiname,40
neimanoma,40
aklai,40
dalimis,40
daktarę,40
štabo,40
asmeniniai,40
persirenk,40
sėklą,40
atstokit,40
siunčiau,40
paklausi,40
darydavo,40
ofisą,40
gabena,40
benzinas,40
erelio,40
juodo,40
sektorių,40
pričiupti,40
Marso,40
slapčia,40
Gordai,40
atvykstant,40
įtampą,40
įtarimų,40
Andrejyčiaus,40
neėmiau,40
pupytė,40
ceremonijos,40
pamatę,40
papildomos,40
dulkinti,40
nemesk,40
nepasakys,40
nustebau,40
tinkamiausias,40
lijo,40
pakviestas,40
chilly,40
majonezo,40
Kanada,40
kurjeris,40
kurioms,40
užvaldo,40
sulaukiau,40
Seeders.lt,40
nepadoru,40
užuolaidos,40
užtrunka,40
palaikys,40
pilno,40
gulėt,40
atrakinti,40
atradimas,40
sukurt,40
gerbėjai,40
spėsiu,40
apgalvojau,40
pavardes,40
pareigūną,40
Psi,40
fantomas,40
vynu,40
pripratau,40
nejaudina,40
gimtadieniui,40
susilaužė,40
flotilės,40
užsiėmus,40
užsisakė,40
kurt,40
sukite,40
padažą,40
paguldyti,40
policininko,40
nebegalės,40
galingasis,40
atves,40
atvažiuoju,40
Metjau,40
metodai,40
versti,40
Dago,40
stabili,40
stalčių,40
burtų,40
radiacija,40
šaukite,40
kompasas,40
kiaulienos,40
visokie,40
ketinome,40
palikčiau,40
tęsiam,40
neleistų,40
figūra,40
nuskambės,40
civilizacija,40
ech,40
nešt,40
režimą,40
nežinojom,40
įžeidei,40
matomas,40
kainas,40
kvailio,40
Horacijus,40
apvogė,40
kopijų,40
nustos,40
finišo,40
sušiktus,40
posakį,40
signalai,40
rytojui,40
parduotuves,40
visagalis,40
ryja,40
nusiminusi,40
Vladu,40
juokingi,40
dera,40
klipą,40
Filipai,40
tragiška,40
tradicijos,40
palaikai,40
Indiana,40
trauka,40
Dalrimpl,40
susitikinėt,40
Gaudykit,40
Žanas,40
pusiausvyra,40
mėto,40
išlipo,40
išlik,40
panorės,40
orumą,40
variantus,40
Bryanai,40
šaus,40
paaiškinau,40
sonaras,40
užuojautos,40
išprotėjusi,40
išnešk,40
pėdą,40
struktūra,40
street,40
prarandu,40
Stiuartas,40
nuveskit,40
socialinis,40
pasiklydo,40
Dženet,40
posūkio,40
girdejau,40
smūgiai,40
sutikčiau,40
Stoun,40
papuošalus,40
papuolė,40
gyvenom,40
aprodyti,40
septyniasdešimt,40
beždžione,40
Arven,40
spa,40
tėtukas,40
viceprezidentas,40
motelis,40
Emeri,40
bučiuoti,40
numirėliai,40
pilka,40
neklausai,40
formaliai,40
pamainos,40
neprieštarausite,40
astronomas,40
Hanteris,40
Jegoru,40
šventą,40
Mile,40
žudike,40
pasislėpė,40
namelis,40
kasą,40
Irako,40
planavo,40
faina,40
fabrike,40
ištikrūjų,40
žinomi,40
išpildyti,40
centai,40
prižadi,40
pričiupai,40
Monika,40
išsipildė,40
išsiskyrę,40
stebuklingą,40
statybos,40
buvusį,40
raportuok,40
rankraštį,40
Moriarty,40
pražūtį,40
vadovavimo,39
išsprūdo,39
ištekėjus,39
bandymą,39
stiprėja,39
išsipildys,39
pasisuko,39
žurnalų,39
žudyt,39
Vaitai,39
žiniomis,39
pasirenka,39
butų,39
nukrenta,39
monetų,39
radęs,39
išminties,39
išsiųsk,39
močiutei,39
išsikraustyti,39
išsilaikyti,39
alas,39
megztinį,39
sustiprinti,39
bebūtum,39
statyk,39
lbis,39
vilkėjo,39
ekskursiją,39
nesijaudinti,39
nesiginčyk,39
pardavėja,39
palaimintas,39
želė,39
išvijo,39
išvykimo,39
Eliotas,39
puslapius,39
nukreipk,39
žais,39
Barauzas,39
davėte,39
ketinimus,39
Vordai,39
kliniką,39
pavykę,39
modelių,39
sugebėjau,39
mokestis,39
Kibirkštėle,39
neskambino,39
Rėjaus,39
imigracijos,39
leistum,39
nekalbėjo,39
siaubingų,39
daugeliu,39
įveikt,39
pulsime,39
nuplaukė,39
puodas,39
nešaudyk,39
įstrigę,39
atvejį,39
skęsta,39
Kuziai,39
nenukentės,39
užsukt,39
merės,39
susipainiojau,39
gimti,39
gamyba,39
nebegyvi,39
režimas,39
sužadėtuvių,39
Oskaras,39
pokyčiai,39
šiandiena,39
kontroliuoju,39
saugiausia,39
kopėčių,39
Orleano,39
globėjas,39
užsikimšk,39
varlė,39
papais,39
nepatiktų,39
nepataikei,39
šauki,39
Niku,39
regione,39
pasiklydai,39
giminaitis,39
padirbėjot,39
skirtą,39
Chramulia,39
maišai,39
malonę,39
sėkme,39
asmeninius,39
lagamine,39
narvas,39
bausme,39
meškėnas,39
metru,39
sąmokslas,39
gražuolę,39
make,39
taku,39
skudurą,39
paimtum,39
Džau,39
mamutas,39
slegia,39
neatsimeni,39
biržos,39
centrui,39
apsižvalgyti,39
elgesiu,39
kampaniją,39
Andersai,39
jauteisi,39
švenčių,39
Sao,39
Huveri,39
komandoj,39
užkąst,39
palydovai,39
Forestai,39
greitkelis,39
jokius,39
reikalauti,39
buhalteris,39
reaguoti,39
dingtų,39
paskutini,39
paskolint,39
pakartokite,39
plaučiai,39
įkvėpimas,39
įkvėpimo,39
brangieji,39
rizikuoji,39
didvyrį,39
kartai,39
Ešle,39
nevažiuok,39
evakuotis,39
pajuto,39
Majamį,39
maiše,39
skausmai,39
ląsteles,39
antram,39
partrenkė,39
Čeinis,39
Longo,39
grobis,39
dėt,39
pakelį,39
Darnel,39
panaudosiu,39
pamėginkime,39
įdomūs,39
Eleine,39
Ela,39
būsenoje,39
Rori,39
brangiau,39
spoksot,39
spintoj,39
Adrianai,39
nuostolius,39
purvą,39
ūkis,39
spygliai,39
Holmesai,39
Selė,39
persekiojo,39
kasa,39
netektis,39
patikrinome,39
teismui,39
pridirbai,39
naktinio,39
gudru,39
ligi,39
nuspėjamas,39
arkly,39
artilerijos,39
mirusiu,39
baigėte,39
pimpalu,39
Rubliovką,39
vėžį,39
prisijungt,39
filmuojam,39
apsisprendžiau,39
Vasilijau,39
užimtos,39
nuvylei,39
Lionia,39
groju,39
liuko,39
liūdnai,39
Loganas,39
inote,39
why,39
ruošk,39
plaukiame,39
tevo,39
testamentas,39
planavome,39
siunti,39
būriui,39
interesų,39
parodymai,39
perskaitysiu,39
atimsiu,39
tyčiojatės,39
neleisčiau,39
apgailėtinai,39
apgaudinėji,39
nesugalvojau,39
viskį,39
nuimsiu,39
nuolatinis,39
nuolaidą,39
Disappear,39
Mičai,39
nerealus,39
nuskrido,39
apsiramink,39
silpną,39
padarysit,39
padavė,39
iškyla,39
pasinaudojai,39
nueisime,39
Endžio,39
nuimkite,39
pripažintas,39
neišeisi,39
vyriškai,39
psichiškai,39
prostitute,39
vyra,39
pavarai,39
simboliai,39
Džonatanas,39
prašymu,39
senelę,39
rūpinausi,39
vertinga,39
architektas,39
krašte,39
Meisonas,39
paprašyčiau,39
tunelyje,39
atlik,39
nušaut,39
trūkumų,39
trupučiu,39
numanai,39
dabartinis,39
laukiat,39
kituose,39
vieninteliu,39
vienintele,39
Desmondai,39
Saidą,39
nesamone,39
nesakyt,39
seseris,39
visokias,39
nesiliaus,39
nesisekė,39
Fei,39
Francis,39
gyviau,39
dvylikos,39
ginkla,39
some,39
šešerių,39
Alfredas,39
pasidulkinti,39
pasiektų,39
pastebi,39
slėpė,39
elfas,39
nigeriai,39
šilčiau,39
dalelę,39
pozicijoje,39
povandeninis,39
potvynis,39
auto,39
Džeksonai,39
poreikius,39
renginį,39
nuotykius,39
nuotykiai,39
elgtųsi,39
paskyriau,39
puota,39
girdėję,39
giria,39
gamini,39
Sola,39
susitikimus,39
Harue,39
nemiršta,39
Džeku,39
žmogiška,38
išmokyt,38
žmogžudys,38
fizikas,38
žmogžudystes,38
erzinti,38
pastatai,38
albumas,38
meistro,38
suskaičiavau,38
Augustas,38
sustojome,38
sustojai,38
rekomendavo,38
meiles,38
Meikonai,38
kabinos,38
šešėlio,38
Dordži,38
juodojoje,38
gini,38
sustabdysiu,38
girtis,38
komiksų,38
kometa,38
kolos,38
Arsenjevičiau,38
Floridą,38
nenusimink,38
savąją,38
Houpas,38
penkta,38
sapnuoja,38
fizinės,38
išsiaiškinkime,38
žmonijai,38
konteinerį,38
nežudykit,38
Ren,38
mažojo,38
Dievuliau,38
pastebėjimas,38
pagrindą,38
galvodamas,38
Bedanti,38
golfą,38
politikas,38
pagrindiniu,38
priešinosi,38
sužinau,38
sužino,38
susirinkti,38
šokau,38
judėt,38
broliukas,38
pametėm,38
kokteilių,38
apsišik,38
Vasiljevna,38
Stenli,38
Kolimai,38
papirkti,38
pasitiks,38
ramios,38
raminamųjų,38
Eloiza,38
gaunam,38
nenorės,38
biznis,38
užtilk,38
sekmadieniais,38
nemokėsiu,38
kūnui,38
lagamino,38
Labą,38
sudegink,38
sudėtingiau,38
vedybas,38
važiuojate,38
koda,38
Bobby,38
ataskaitoje,38
pabūsi,38
dabartis,38
Džoise,38
kvėpuoji,38
važiuojant,38
kvietėt,38
kėlė,38
Havajus,38
subinių,38
pratęsti,38
Alioša,38
riešutus,38
atvežei,38
maršrutą,38
porų,38
svetainė,38
pastogę,38
Amber,38
atvyksi,38
padėjęs,38
susiduria,38
svetimą,38
svetimų,38
spartiečiai,38
Sparta,38
Spartakas,38
prietaisus,38
laimėjęs,38
laimėsim,38
laikėsi,38
happy,38
cause,38
neprivalo,38
nepriklausomai,38
klounų,38
knygelę,38
neminėk,38
žengia,38
žingsniu,38
išvakarėse,38
išvada,38
Samara,38
Kalebai,38
priklausytų,38
pagrobtas,38
gandas,38
eterį,38
Manheteno,38
Gray'au,38
puolam,38
batas,38
švaraus,38
specialų,38
kaltini,38
aiškina,38
meškinas,38
šoviau,38
personalas,38
udas,38
atidaro,38
prototipas,38
klausiate,38
Pavličenko,38
drįsai,38
paraidžiui,38
nelogiška,38
baldai,38
išvežė,38
Viduržemio,38
pamanei,38
Igori,38
paimi,38
sėdėkit,38
Džarvi,38
brendžio,38
ritulio,38
rinkinys,38
sės,38
pasaugok,38
neįsivaizdavau,38
Normai,38
įsiutęs,38
įsibrovė,38
surastas,38
miegamojo,38
registracijos,38
Kinto,38
lape,38
apleistas,38
paveiks,38
privatų,38
Sergejeva,38
tvirtovę,38
klaidinga,38
kite,38
kišenėse,38
mokslinis,38
mokslai,38
sugriuvo,38
Adomo,38
kar,38
skrybėlės,38
nebesu,38
atsivesti,38
skrisi,38
mikrofoną,38
tapatybė,38
pajusi,38
supratimas,38
suplanavo,38
milžiniški,38
milijardierius,38
Mileri,38
Evers,38
plokštelę,38
plienas,38
pečius,38
atlaikyti,38
virvių,38
kieto,38
eile,38
aplanko,38
aplankysiu,38
turėdami,38
žaisime,38
nusitaikyk,38
parašiutu,38
turistas,38
dvokas,38
paliaubos,38
pablogėjo,38
Adomai,38
iššauti,38
įkalčiai,38
pakeisi,38
lšskyrus,38
tarptautinis,38
omenį,38
teisingi,38
plaukuose,38
plaukt,38
tavasis,38
jergutėliau,38
šventyklos,38
švęst,38
naktinį,38
sportą,38
draugiją,38
neturėjom,38
Lechero,38
indai,38
Vladikas,38
vizos,38
garo,38
Gardo,38
nesitiki,38
apkaltino,38
lažybos,38
turnyras,38
tureciau,38
neskolingas,38
nužudymu,38
sprogsta,38
Dodgers,38
patikrinimą,38
atsiprašiau,38
angelo,38
patekote,38
Lula,38
Ešlis,38
netikit,38
dėtis,38
jautri,38
bukagalvis,38
patikt,38
patikrinta,38
O'Hara,38
kasykla,38
parūkyti,38
tekti,38
antklodę,38
Pitas,38
katino,38
Rouzė,38
kavalerija,38
atsilaikyti,38
sunaikinimas,38
minuciu,38
paaukštinimą,38
paaukštino,38
nacionalinis,38
nacionalinės,38
dešimtmečio,38
Kemper,38
vyresni,38
toms,38
Sidnėjuje,38
Ketne,38
Volteri,38
ketinimai,38
day,38
gulėjau,38
neskriausk,38
vizija,38
prancūziškas,38
padarysite,38
Dynas,38
pritaria,38
palapinėje,38
grupių,38
negerbia,38
negauna,38
planu,38
gabalėlis,38
gerkles,38
Lili,38
kažka,38
atsikvėpti,38
tigro,38
tikslią,38
likusios,38
grąžinkit,38
Lilė,38
kekšę,38
grąžos,38
nagais,38
mirsit,38
bagažinėj,38
pirmauja,38
berods,38
nesužinotų,38
nužudėt,38
parodytų,38
ga,38
Tonio,38
want,38
rožę,38
geriausiais,38
norų,38
elgiamasi,38
nuostabioji,38
simbolizuoja,38
Silvestrui,38
kely,38
kelį,38
Carly,38
apačia,38
nepasakojau,38
Rafaelis,38
nuolaida,38
raidė,38
šmikis,38
pradėjote,38
dalinys,38
puolimui,38
Nat,38
susiraskit,38
naudojama,38
išgersime,38
išgerkite,38
galėdami,38
sofą,38
aukščiausią,38
procentus,38
krepšinį,38
saugų,38
sav,38
sausumos,38
arabas,38
vaikinukas,38
pamokysiu,38
produktai,38
Kristų,38
mutantai,38
stipraus,38
storos,38
bandomasis,38
Penė,38
Valejo,38
valdovu,38
išplėšiu,37
Kovalski,37
valandomis,37
apžiūrėt,37
straipsnio,37
stovėsi,37
gebėjimą,37
stuburą,37
stojo,37
kraujavimą,37
kreipiuosi,37
vaikio,37
valkatos,37
saulele,37
savaitėms,37
krūmus,37
socialinė,37
Reksas,37
Nikis,37
juodąjį,37
juodų,37
Natašenka,37
išgyvenome,37
juokų,37
pradėta,37
išsimaudyti,37
žvaigždėmis,37
žygio,37
saugomi,37
Ralfai,37
žymus,37
šeimininku,37
šešiasdešimt,37
susitarė,37
akims,37
Geile,37
žirklės,37
žinodama,37
ištikimybė,37
sužeistų,37
neatitinka,37
pagrindiniame,37
priešui,37
šaudai,37
Alex'ai,37
slibinas,37
NFL,37
nepraleisk,37
filtras,37
užsiėmimas,37
pamiegot,37
kola,37
Vasia,37
mergų,37
prieskonių,37
sekanti,37
pasitrauksiu,37
pasiteisinimas,37
Elžbieta,37
pasirodai,37
myriop,37
mylėt,37
Stifleri,37
Rojau,37
aštuntas,37
sunkius,37
sultis,37
tell,37
teliką,37
teniso,37
tenisą,37
liudininką,37
lizdas,37
įdomų,37
Piterio,37
įdomiausia,37
parūkyt,37
tekę,37
rokas,37
prisiminei,37
gerieji,37
paauglių,37
paaiškinkit,37
naktelė,37
čiulpia,37
planetas,37
puikius,37
rutulio,37
Rutkovski,37
Vito,37
apieškokit,37
indėnas,37
drovi,37
fronto,37
neišvengiamas,37
nesiliauja,37
parduodama,37
lažinuos,37
gynė,37
imsis,37
Keviną,37
šypsokitės,37
omaras,37
racija,37
pasinaudos,37
mobilų,37
atlieki,37
Turkiją,37
Tuck,37
laukėm,37
paleidžiu,37
romano,37
patikau,37
neva,37
švelnios,37
mikliai,37
neklausinėk,37
dešinysis,37
dirbtum,37
tempti,37
netrukdys,37
Planktone,37
Luji,37
lyderio,37
Luse,37
teisėta,37
teisėtas,37
turtu,37
turistai,37
petys,37
kilometro,37
kilimas,37
atsivedė,37
miestu,37
džiaugsmą,37
administracijos,37
žaislus,37
žaislas,37
mėgstamas,37
nesijaudinu,37
turguje,37
gyventum,37
atleidai,37
Karlą,37
ola,37
maistui,37
kareivius,37
galetu,37
Ešli,37
palikimą,37
Creepers,37
taškais,37
plauna,37
lėkštės,37
lėk,37
please,37
lūžis,37
karjerai,37
įmesk,37
atjungė,37
lanką,37
nelaimę,37
Vilio,37
lankytojas,37
dešimtuką,37
ilgėjausi,37
įsigijo,37
palikta,37
vienąkart,37
Klaivai,37
kitiem,37
vietinės,37
tėte,37
priversi,37
tyčiojasi,37
didžiausi,37
analizę,37
benamis,37
įsijunk,37
kantrybę,37
mėgstamiausių,37
genetiškai,37
lankininkai,37
padėjome,37
mielu,37
surinkt,37
supykęs,37
ašaras,37
suplanavęs,37
pajamos,37
didžiausio,37
užbaigsime,37
užauginti,37
laipsnis,37
rūkau,37
aprodysiu,37
nesamones,37
lankosi,37
rūpiu,37
sugadinta,37
išvažiavau,37
uždrausti,37
ieškosim,37
apsauginį,37
pavirsti,37
fotoaparatas,37
univerą,37
nupjauk,37
išauš,37
ritmo,37
paimtų,37
atspėk,37
dantistas,37
Džastinai,37
įtikint,37
aušrą,37
namui,37
reaktoriaus,37
padovanosiu,37
airis,37
taipogi,37
išaušo,37
Skvorcovas,37
nusišvilpt,37
Fibe,37
laikome,37
laidojimo,37
ieškodami,37
nervingas,37
prokuroro,37
sakiai,37
sąskaitoje,37
granatų,37
manę,37
nukristi,37
Morijos,37
nepyksti,37
nemokama,37
vergus,37
išjungsiu,37
surinkite,37
gandų,37
prikelti,37
sėklos,37
nebandau,37
kali,37
atvažiavot,37
pi,37
tęsėsi,37
išdavikai,37
paskelbs,37
paskatino,37
dirbote,37
aiškinu,37
šuolį,37
artintis,37
Vegaso,37
apsistojo,37
nemylėjo,37
užpakaliukas,37
užmiršk,37
biznį,37
Perrin,37
nežinočiau,37
atvykstu,37
dalyviai,37
kvieti,37
statula,37
baltų,37
užsirašiau,37
užsiminė,37
padėty,37
susikurti,37
pradėčiau,37
dieta,37
pasiduoda,37
išdidus,37
šalmo,37
šakos,37
semestrą,37
Cat,37
projektui,37
uždegimas,37
darbininkų,37
paguodos,37
pagrok,37
policininką,37
niekšeli,37
aktyvus,37
rentgeno,37
pagalvojęs,37
panaudota,37
pasiseka,37
išraišką,37
prižiūriu,37
originalu,37
augino,37
medžiotojų,37
Aleksandra,37
išgelbėjote,37
sustojimas,37
Bea,37
smūgius,37
vadinosi,37
valstiją,37
vargšų,37
vargiai,37
nepakenks,37
nenuskriaus,37
išgyventų,37
sutvarkysime,37
perima,37
pažinojote,37
blokuoja,37
blogėja,37
Sarai,37
blah,37
kumščiu,37
vadovai,37
pakliuvau,37
aštuonerių,37
mūsiškių,37
mįslė,37
palaiminta,37
treniruotes,37
leisit,37
piktoji,37
nesąmonėm,37
atsidarė,37
tikrinti,37
grąžins,37
atsekti,37
paukšteli,37
Kazakovai,37
siunčiame,37
grįšk,37
grįšit,37
nesužinosi,37
rupijų,37
ruošti,37
negeri,37
dešiniojo,37
iškrypėli,37
Rysas,37
pralaimėjimo,37
prakeiktu,37
Džimo,37
pusbrolį,37
Silveris,37
neisime,37
vėžes,37
mygtuko,36
stos,36
žurnalistų,36
15-os,36
mutacijos,36
jutau,36
išsiskyriau,36
žygiuoja,36
mutacija,36
Q,36
mutantas,36
išrinktasis,36
rakteliai,36
nepasakius,36
išsiųs,36
iškepė,36
angą,36
bėgioja,36
sunkvežimyje,36
pamačius,36
brangų,36
pakelia,36
prieikite,36
priedangos,36
tenori,36
liūtai,36
liūto,36
teisybės,36
didvyrių,36
Skainetas,36
reginys,36
siūlyti,36
egzistuoti,36
meldžiausi,36
aukse,36
užduočiai,36
praradote,36
perdavimas,36
Hju,36
bazes,36
nepamirš,36
adrenalinas,36
žiebtuvėlį,36
krautuvės,36
kreditinės,36
užbaikime,36
laisvu,36
išleist,36
išvažiuosim,36
Ulongai,36
tęskime,36
chalatą,36
seniausias,36
šiandieną,36
smogs,36
chanas,36
nuotolinio,36
dangumi,36
paslapčia,36
nukentėjo,36
kask,36
didingas,36
parūpinti,36
grotuvas,36
negalėsim,36
šėtono,36
neprašė,36
brangiausiasis,36
patiketi,36
Deivi,36
Jim,36
aikštė,36
jokiais,36
atsikratysiu,36
būseną,36
čili,36
plaukė,36
cigarų,36
negavai,36
įbauginti,36
pasitraukt,36
stulpą,36
technikas,36
numeri,36
plyta,36
tavoji,36
gaujų,36
numetei,36
Kolinsas,36
deramai,36
Emiljo,36
Rosai,36
Nadžent,36
stengeisi,36
tyrimams,36
nelauk,36
nelaukiau,36
palyda,36
nematome,36
frazę,36
sutrikimų,36
nelaimių,36
dešimtos,36
medalioną,36
poreikį,36
vidutiniškai,36
tvarkaraštį,36
palikimo,36
klaidingas,36
Monro,36
baltojo,36
įleido,36
tarybai,36
tartum,36
suaugusi,36
Italiją,36
Andrėja,36
citrina,36
įkurti,36
daros,36
lygiosios,36
Prometėjau,36
fermoje,36
mėgstamiausią,36
Klem,36
vertybes,36
Eagle,36
naudingo,36
sekės,36
Eiva,36
pasikeičia,36
valgysime,36
uždaviau,36
atgausi,36
laimėk,36
saugioje,36
vaiduokliu,36
procentais,36
siurprizą,36
Berlynas,36
atsigulk,36
atsiliepė,36
pratęs,36
Greidi,36
nenumanai,36
nebūsime,36
sinjore,36
plunksna,36
įrašyk,36
robotu,36
rudenį,36
Antonijus,36
linksminasi,36
pabandysime,36
pavojingos,36
Šekspyro,36
Alis,36
šauniausias,36
vaikam,36
šeimoj,36
esančius,36
revoliuciją,36
goblinai,36
nusišneki,36
neleidau,36
Janai,36
jachta,36
jachtą,36
prieit,36
mėlyni,36
situacijų,36
Sindė,36
daržinėje,36
padengti,36
aptiktas,36
around,36
Kobai,36
veidrodžio,36
veidelį,36
nemokė,36
užsiimate,36
užsienyje,36
mirštame,36
nachui,36
nekvietė,36
raundą,36
pasiutęs,36
rasit,36
nuėjome,36
raudonąją,36
nešvaistyk,36
našlaičių,36
pokštą,36
esą,36
pavydas,36
ekskursija,36
metam,36
matyta,36
taisyklėms,36
padugnės,36
didžio,36
karantino,36
karalysčių,36
apsimetė,36
malonumų,36
Kanadą,36
galetum,36
takelis,36
nesustokite,36
pakakti,36
skrieja,36
Parsons,36
drebi,36
atsargesnis,36
nutrauktas,36
serijos,36
paleidimą,36
Reimonai,36
Reimondas,36
tuokiasi,36
Atletics,36
Serli,36
nepalikite,36
nepalieki,36
nokautas,36
šokiui,36
susirinkom,36
atlikome,36
neskambinau,36
paleista,36
motociklas,36
kunigaikšti,36
say,36
Vėžly,36
kelt,36
parodysime,36
toke,36
Jorko,36
taikosi,36
reikalavimų,36
nesutinka,36
vėluojame,36
inojau,36
nėštumo,36
labirintą,36
grįžus,36
visuomenę,36
troškimą,36
nerasite,36
nusprendėte,36
žiūrėsime,36
saloj,36
Salis,36
imsiuos,36
masės,36
žmonų,36
išduos,36
žirkles,36
vadovą,36
užkrėsti,36
laikiausi,36
astronomijos,36
paprastų,36
gaunasi,36
sudėk,36
stebuklingo,36
Džindžer,36
ištrink,36
Germanai,36
Germanas,36
organizacijai,36
skydus,36
geriausiam,36
jankių,36
not,36
sulaikyt,36
nepatikėsit,36
nepavyktų,36
efektas,36
or,36
spėjo,36
garsusis,36
suktas,36
stabdykit,36
pralošei,36
slapstosi,36
Marsi,36
įžeidė,36
geresne,36
galvai,36
Ńia,36
Ō,36
trumpo,36
pavirs,36
nesikrimsk,36
nesipriešink,36
grafystės,36
slaptasis,36
Lera,36
pripratęs,36
prisipažinsiu,36
neišgyveno,36
liekam,36
atvaizdas,36
įstaigos,36
vyriausioji,36
nesusimauk,36
fazė,36
nevėluok,36
manaisi,36
nupiešiau,36
atsiųstas,36
įtikinamai,36
sukišiu,36
Bitermanai,36
Dveinai,36
Treise,36
lemputę,36
lempa,36
pristatyt,36
Džesė,36
susiklostė,36
incidento,36
lemia,36
treniruoti,36
Markusai,36
Leremi,36
guru,36
atradau,36
palaidota,36
pažeidimų,36
pareina,36
nebegalėjau,36
specialistė,36
išbėgo,36
kalorijų,36
penktos,36
Silia,36
apgaudinėti,36
pulsą,36
kūrinį,36
kūriau,36
Venerstriomas,36
veikimo,36
konferencija,36
kopti,36
Mariau,36
pagrobimo,36
Polina,36
vadybininku,36
Kongas,36
pažymėti,36
nepasikeitei,36
dalyvauju,36
seniu,36
nepasieksi,36
Valentina,36
Panamoje,36
sarkazmas,36
kovosi,36
vakariene,36
beprotnamis,36
karus,36
netikite,36
netenku,36
liūdesio,36
arčiausiai,36
dusti,36
kvartalo,36
kvartalą,36
koledžas,36
užsispyrusi,36
žvėrių,36
protingą,36
rūbais,36
Melmanai,36
Ijanai,36
Melisa,36
meldžiasi,36
šiektiek,36
pasirodymus,36
prisisek,36
nunešė,35
pasitarti,35
pasiteirauti,35
pasitarimas,35
Klarkai,35
nuvežt,35
pavogta,35
klastotė,35
dubenį,35
mėgau,35
statinės,35
aktą,35
Rene,35
pastatyt,35
juodųjų,35
būdus,35
būdinga,35
pupelių,35
išsijungė,35
aukštus,35
paradas,35
nesakykite,35
rūšys,35
Hektorai,35
užstrigau,35
netrukdau,35
netinkamu,35
nustebino,35
ateičiau,35
gėris,35
unchain,35
Uhura,35
Steisi,35
about,35
krantų,35
nepamirši,35
pasikalbėjau,35
kraštus,35
duoto,35
bakas,35
sugrįžimo,35
pritrūko,35
tęsia,35
sensoriai,35
adatą,35
popiežiaus,35
doras,35
sustojau,35
naujame,35
bebaimis,35
smūgiuok,35
šiandienai,35
pulkit,35
group,35
padariusi,35
laikykites,35
Pyteri,35
nukelti,35
praras,35
statyt,35
Dynai,35
Vladui,35
palapinės,35
Setas,35
pamanyti,35
betgi,35
bičių,35
Maksimai,35
dovanoti,35
pasveikinkite,35
svetima,35
dalelių,35
svečiais,35
gamtoje,35
pristatytas,35
pristatė,35
dave,35
lengvi,35
Vorenai,35
pakęst,35
Pilkasis,35
neįtikėtiną,35
gramų,35
Dalasai,35
pamišėliai,35
šulinį,35
pažeidžiamas,35
neskubėkit,35
nusileisim,35
info,35
pareikalavo,35
drugelis,35
atėmiau,35
mažesnė,35
pasidarysiu,35
dainininkė,35
spėsi,35
vizitinę,35
atranką,35
poezija,35
federalinė,35
prieplauką,35
Ebot,35
neatsakingas,35
slaptus,35
kalbėjęs,35
slaptų,35
skystas,35
graužia,35
riterių,35
būvo,35
Kerė,35
letenas,35
leteną,35
dešimtmetį,35
siera,35
makaronai,35
Taneri,35
patalpoje,35
patalpos,35
kalne,35
išalkau,35
nebepamatysiu,35
painu,35
neriam,35
nuspręsi,35
Atomas,35
lazdeles,35
užsidarė,35
užpuolimo,35
Harperis,35
todčl,35
sveikatai,35
marškiniais,35
šaligatvio,35
mutantus,35
užeina,35
filma,35
saldainis,35
kiauliena,35
išliks,35
sudomino,35
suderinti,35
sudeginsiu,35
stebuklingai,35
užpuls,35
atleistų,35
šansus,35
kamuoliu,35
kamuoja,35
įsitikint,35
Nostradamo,35
NSA,35
prakeiktai,35
išvados,35
rankinė,35
dykuma,35
laukų,35
paleidimas,35
piešinį,35
pačiulpk,35
keleivius,35
siūlote,35
inoti,35
kryptim,35
sava,35
žinojimas,35
jungiklis,35
Reinsai,35
Nilai,35
servetėlės,35
pietinėje,35
normaliu,35
panorėję,35
paną,35
Tonį,35
instrukciją,35
rytinį,35
išlėkė,35
motociklo,35
Rutkovskis,35
boy,35
fanas,35
liepsnose,35
yes,35
ino,35
judesys,35
realiame,35
modeliai,35
pasišalinti,35
nužudykite,35
atliksime,35
blynų,35
važiuokime,35
asilo,35
dokumento,35
Australiją,35
damų,35
dinamitas,35
neaiškiai,35
kaklas,35
kairiojo,35
dažus,35
Barbosa,35
kapsulę,35
drakonai,35
užrašu,35
nuvažiuosiu,35
Kimai,35
Kimas,35
nusivalyk,35
peržiūrų,35
keliam,35
who,35
Mikailianai,35
supistą,35
skrandžio,35
galejo,35
bendradarbiavimo,35
įrenginio,35
Krilinas,35
savanoriai,35
iškėlė,35
premijų,35
pareigūnui,35
Atlantą,35
viltimi,35
rungtynėse,35
išlaiko,35
smulkmena,35
suėdė,35
slėgis,35
atšvęst,35
nutikt,35
kremu,35
arkliu,35
tapote,35
mielos,35
gilus,35
Nagijevas,35
atsidūrėme,35
Ling,35
tikrovėje,35
ruošeisi,35
Agata,35
Artai,35
nepakęsiu,35
komoje,35
mikrobangų,35
ivyko,35
Ivi,35
atsitraukt,35
Eagles,35
dingimo,35
vežė,35
programas,35
žaidėme,35
išlaikė,35
Bondas,35
užsisakiau,35
Franki,35
palydės,35
pasikeitimas,35
nustokit,35
paskutiniųjų,35
paskutiniame,35
paskirtis,35
susitarsiu,35
maitinti,35
karieta,35
Karenčikai,35
artimiausio,35
sekame,35
tiesu,35
tiesioginė,35
Čapis,35
romėnų,35
pirmajame,35
Timotis,35
tikę,35
įprasti,35
atsisuk,35
atsitikimo,35
neviltį,35
pageidausite,35
medžiagas,35
medienos,35
Augustai,35
šeimininkai,35
organų,35
mažąją,35
nesijauti,35
gelbėju,35
prasčiau,35
sumuštas,35
lakstyti,35
palikot,35
dešimtmetyje,35
pardavinėjo,35
Šenon,35
įmesti,35
įkliuvai,35
tatuiruočių,35
tarnavai,35
griebtis,35
Monet,35
Styvo,35
padainuoti,35
draudžiu,35
anekdotą,35
lygiu,35
įkyrėjo,35
karinį,35
Omri,35
mada,35
Andrejyčiui,35
Namaste,35
netvarkos,35
Roger,35
Jonai,35
romantika,35
paštininkas,35
dulkinai,35
filmuota,35
ėsti,35
ėjimą,35
priminei,35
Terneris,35
patikrinsime,35
nusikaltėlį,35
būsenos,35
kavalerijos,35
paaukojau,35
pasirinkimų,35
numečiau,35
buvusio,35
greitu,35
Lėja,35
gerumą,35
Irina,35
kirto,35
Viljamo,35
gyvybiškai,35
Sergejevo,35
sumušti,35
garbinga,35
garbina,35
Džud,35
apžvalgos,35
Pepper,35
žūsim,35
muilą,35
Moze,35
stipresni,35
bankininkas,35
stresas,35
lotyniškai,35
rizikavai,35
Ray,35
garantijų,35
pridera,35
nepasiekiamas,35
išprievartauta,35
požiūrio,35
Irane,35
skaičiaus,35
atsinešei,35
prisieki,35
telegramą,35
rodytis,35
kartok,35
anglai,35
vaikštinėja,35
pagalvės,35
suskaičiuoti,35
aukšti,35
posto,35
auksinių,35
susprogdins,35
gadini,35
Sidney,35
apibūdina,35
bateliai,35
nešioju,35
ritmas,35
pasilieku,35
nebegalėsiu,35
hercogas,35
knibžda,35
Lene,35
nepriima,35
samdo,35
salų,35
sidabrinis,35
siaučia,35
siek,35
Kongo,35
kumščiais,35
konflikto,35
apygarda,35
manyt,35
Mark,35
įvartį,35
priklausyti,35
centrinę,35
privedė,35
kopūstų,35
nepasiekiu,35
šmaikštu,35
apsimečiau,35
pažadinau,35
konkretaus,35
žmoniu,34
banditų,34
mylimiausias,34
juokdarys,34
šilumą,34
sostinė,34
girdint,34
šiaurė,34
rengiame,34
ieškoma,34
socialinės,34
naudot,34
baugina,34
Merfis,34
natūralus,34
susitikai,34
atgaivinti,34
Laitingai,34
papusryčiauti,34
paprašysi,34
žymi,34
pasirodžiau,34
išvirsiu,34
nuvežė,34
ateiviais,34
Hadai,34
kąji,34
Koenas,34
pridėjo,34
koksas,34
papildoma,34
varyt,34
Harvio,34
skanios,34
dariusi,34
platus,34
platforma,34
sankryžoje,34
bandant,34
netikėtumas,34
ankšta,34
karštį,34
švietimo,34
skaitėte,34
patikėtum,34
teisėja,34
patikrinkim,34
nedings,34
skardžio,34
rizikuoju,34
pateksim,34
įgūdžiai,34
gerutė,34
redaktorius,34
šviesu,34
epidemija,34
kratos,34
duotum,34
auksinį,34
pagalve,34
sodininkas,34
užduočių,34
pabaisas,34
sugausiu,34
nuolaužų,34
nukentės,34
cuishle,34
nuoma,34
uždirbt,34
ateinant,34
kaukolė,34
Piterį,34
praeitimi,34
namelyje,34
namams,34
čempionų,34
pulkininką,34
nepriekaištingai,34
pabučiavau,34
skaitosi,34
siųskit,34
atsipalaidavęs,34
Lizos,34
parvežė,34
išleidžia,34
Geneviève,34
alergiška,34
pasikeist,34
auklę,34
aukcione,34
smurfai,34
rūsy,34
valo,34
demonai,34
išgelbėta,34
kitoms,34
vienaip,34
tęsiame,34
senovinis,34
perspėjo,34
palinkėti,34
gerklė,34
sulūžo,34
planetoj,34
lysk,34
pasitikintis,34
sunaikinsime,34
plyšta,34
plunksnos,34
plauko,34
katytė,34
think,34
gerumo,34
dirbantys,34
ožiai,34
Vikas,34
sutinkame,34
Aleksandro,34
šešta,34
nežiūriu,34
Globe,34
augs,34
auglys,34
mažoje,34
kablys,34
portretą,34
apleido,34
pagerinti,34
nematys,34
palydovų,34
Selene,34
užgriuvo,34
nelegaliai,34
profesionaliai,34
profesijos,34
valioje,34
Fordas,34
Džung,34
dingstame,34
išgąsdinau,34
Jungtinėse,34
jungiklį,34
klausotės,34
Pačino,34
Ford,34
Paulas,34
Keili,34
kavinės,34
Benetas,34
užsimaniau,34
Havajų,34
pabėga,34
tarpusavio,34
Italijoje,34
Andy,34
monstrų,34
sudėtingi,34
statymas,34
Džoji,34
paciu,34
prieis,34
žaidėjo,34
gyvenčiau,34
mėgstat,34
pasiekęs,34
smagi,34
glėbį,34
žaidėją,34
žaidėm,34
krikščionis,34
Kristoferi,34
Eimės,34
laukimo,34
Petrovičių,34
pareigūnams,34
Kili,34
palengvės,34
greitkelyje,34
tiltus,34
atsigavo,34
kariams,34
pakaktų,34
paklauskit,34
kurioj,34
studijų,34
skirtingais,34
viltys,34
Vilį,34
ilsėkitės,34
kiltų,34
ginkluotų,34
autografą,34
susisiekite,34
dangtį,34
Džemi,34
matydami,34
užtaisą,34
artėjam,34
Florida,34
pasiūlys,34
šūdina,34
atsitikę,34
vargas,34
komedija,34
užuominų,34
pasižiūrėkit,34
supista,34
Džaredai,34
pakabint,34
mikroschemos,34
atsiduria,34
tikrovės,34
linijoje,34
pasimatuok,34
buteliuką,34
žiniose,34
ištisą,34
pabuskit,34
išspardysiu,34
nesiklauso,34
prašote,34
chaosą,34
pieštuką,34
trūks,34
užkirsti,34
svajoti,34
marškinėliais,34
Sveikutė,34
kalbeti,34
kalaviją,34
svarstyti,34
veltis,34
ventiliacijos,34
išteklius,34
bananų,34
avino,34
plepėti,34
pakvaišo,34
didžiausiu,34
malonumui,34
nenaudėlis,34
nemokėjau,34
užmušt,34
užmokestis,34
užmokesčio,34
paduosiu,34
mirtingasis,34
sukursime,34
sulaužyta,34
Afganistano,34
važiuočiau,34
devyniolika,34
Devlina,34
trečiojo,34
trečiadienio,34
gynybai,34
kiaušinio,34
Graikiją,34
graikai,34
darbininkas,34
sužinai,34
įvairiausių,34
ambasadą,34
garsu,34
sraigtasparniu,34
spėt,34
mirusį,34
spėjimas,34
Jubaba,34
varda,34
kuopa,34
garažas,34
apartamentus,34
keliuose,34
Torinas,34
grįšti,34
Saškai,34
vadovausiu,34
siūlome,34
tiria,34
leisim,34
vištieną,34
Kevino,34
indas,34
Vlado,34
susidorosiu,34
džiaugiausi,34
padėtume,34
praeitos,34
dovanėlė,34
pasiduodi,34
pasveikintas,34
nekantrauja,34
gamtą,34
narsus,34
agentūrą,34
jaunieji,34
pusbrolio,34
išaiškinti,34
orderis,34
pataisą,34
raportuokite,34
badas,34
sulaukė,34
asmenys,34
banginius,34
Norisas,34
tamsioji,34
keliaukime,34
gudrybė,34
fool,34
biudžetą,34
Betmeną,34
Shorty,34
sesutės,34
Freizeri,34
horizonto,34
koncerto,34
ekonomiką,34
degtukų,34
svetingumą,34
svetimus,34
Konradas,34
Filadelfijos,34
Nepykit,34
nepripažįsta,34
kepa,34
rytdienos,34
panų,34
Panteros,34
screaming,34
gultis,34
fėjos,34
neigiama,34
negyvos,34
demonų,34
saviškių,34
nepataikė,34
nupjovė,34
pokalbiai,34
taiklus,34
operos,34
siaubingus,34
nejuokink,34
apgavystė,34
traumos,34
Naritsugu,34
atstovauja,34
Sidne,34
federalinio,34
keturiais,34
priėmei,34
skubios,34
akcentu,34
specialistų,34
vizijos,34
valytoja,34
transliacijos,34
Leningas,34
tradiciją,34
išalkęs,34
lentelę,34
kalėdom,34
neberūpi,34
kalnu,34
Kamila,34
can't,34
rinkitės,34
britas,34
amerikietiška,34
muzikantai,34
stovime,34
baltu,34
stuburo,34
raitelis,34
nuogos,34
prisipažįstu,34
nuvylė,34
nuvyko,34
neliksiu,34
išmokei,34
laikysi,34
dvejetą,34
Ikemoto,34
valdas,34
saugotojas,34
Pege,34
12-os,34
banditai,34
Fišerio,34
Bleikas,34
sausainiai,34
priverstų,34
valdys,34
poza,34
poto,34
išsiųst,34
prezidentė,34
išgelbėčiau,34
Jûs,34
išgirsta,34
išnaikinti,33
vairavo,33
vairas,33
valdomas,33
šioms,33
šiurkščiai,33
mergele,33
išsiskyrei,33
Ginko,33
išpuolis,33
kovotojų,33
prižadėti,33
prižadėjo,33
koto,33
kotas,33
nustatė,33
apsaugosiu,33
persekios,33
klasiškai,33
ieškosime,33
nedėkok,33
Ispanijos,33
karsto,33
Lucian,33
pjūklo,33
pjauti,33
Darla,33
lošėjas,33
kraustosi,33
Penas,33
žavingai,33
loterijos,33
sunkių,33
šviesus,33
įkaitai,33
skautas,33
pastatyk,33
posūkį,33
susižeidė,33
Mekai,33
potencialą,33
vaivorykštės,33
Kraven,33
kraštas,33
Čiaovei,33
mokymai,33
padangos,33
ateinančius,33
pabandykit,33
CNN,33
balandžiai,33
žavisi,33
ARK,33
nepataikiau,33
liepkite,33
branduolinis,33
vykdė,33
vykis,33
atsakai,33
liausiesi,33
lendi,33
pataisysiu,33
Optimusai,33
nepavojinga,33
nepavojingas,33
pažiūrėjai,33
nepraeis,33
nepilnamečių,33
pasikviečiau,33
skubėt,33
nario,33
manieros,33
grandis,33
Sietlo,33
Voldemortas,33
traumą,33
nesugebu,33
nusipirksi,33
siekiame,33
penktoji,33
penkiais,33
arka,33
kulkomis,33
Ksavieras,33
nukreipė,33
en,33
Morisas,33
Morfėjau,33
ištversiu,33
buvusių,33
praktiką,33
sukūręs,33
trintis,33
atskleisiu,33
inspekcija,33
fanai,33
liepsną,33
užpultas,33
sudegins,33
išvadą,33
pagrobta,33
pagrįstas,33
Konlanas,33
vampyrus,33
centru,33
centrinis,33
Klu,33
nemiga,33
vyriausybę,33
neradai,33
kloties,33
Marisa,33
nurodymą,33
grasina,33
manytų,33
pagrįsta,33
pavadint,33
inkarą,33
savininko,33
nepadarytų,33
bjaurų,33
komplimentą,33
kunigą,33
garantuotai,33
trenerio,33
viščiuką,33
ketvirtį,33
negrįžti,33
siužetą,33
dėsnis,33
Siuzi,33
dėkingumo,33
metrus,33
kalio,33
kalinius,33
puokštę,33
pump,33
riešą,33
trenkėsi,33
piktai,33
norėtųsi,33
geroji,33
Treino,33
prievarta,33
policininku,33
Dalaso,33
sparno,33
priesaikos,33
id,33
kofeino,33
užmigs,33
dramblio,33
drama,33
kapitonė,33
galimai,33
bell,33
plyšį,33
spaudžiu,33
metodus,33
Mišelis,33
parduodami,33
trečiadienis,33
sukūrėm,33
Heinrich,33
sukosi,33
sukneles,33
Mišeli,33
atėjusi,33
ambasadoriaus,33
bejėgiai,33
neatpažintas,33
išdidumas,33
surengsiu,33
surasčiau,33
taikykis,33
regėjimą,33
susiimti,33
padovanojai,33
Judas,33
spėkit,33
Detroite,33
pašalint,33
perkąsti,33
palaužti,33
death,33
atlygio,33
susirinkit,33
meru,33
svajoju,33
atvežti,33
masina,33
maršalo,33
Užmerk,33
užkrėsta,33
užfiksuoti,33
klientams,33
žiūrovams,33
žmoniškai,33
šaltoka,33
kalbomis,33
kalakutas,33
šaipytis,33
atvyke,33
mastu,33
kapa,33
įsakymui,33
padėjote,33
keletu,33
rusams,33
nesustabdysi,33
sakytum,33
ištikima,33
karališkoji,33
komentarų,33
humoras,33
Vadimas,33
Užtai,33
nenugalimas,33
pasiųstas,33
nuėjęs,33
burtininko,33
barsukas,33
keičiu,33
Keitę,33
Dolores,33
surišti,33
pakako,33
karantinas,33
išspręsta,33
rytojus,33
rytinis,33
dokumentais,33
burtininkė,33
Doilai,33
žaidynių,33
burtus,33
Nora,33
išimčių,33
išimk,33
Niką,33
Nikolajyčiau,33
šokam,33
prašymo,33
pabučiuot,33
patriotas,33
grybų,33
tetai,33
atsiliepsiu,33
negausime,33
situacijose,33
permiegot,33
pripažino,33
maukis,33
ekspedicija,33
nusivylimas,33
nusiteikę,33
turėjusi,33
čiulpti,33
paruošei,33
patrulių,33
nešok,33
prieplaukoje,33
aliarmą,33
Džeime,33
priežiūra,33
neapsimetinėk,33
neapsakomai,33
ausyse,33
pabendrauti,33
barbekiu,33
staigmenų,33
sužinojom,33
Gondorą,33
Aliaskos,33
Šasta,33
nešė,33
Rendis,33
GATE,33
išlaisvino,33
barzdos,33
suaugusieji,33
pacientė,33
motinų,33
atsisuko,33
priėmimą,33
areštuotas,33
smagiau,33
kaimyno,33
kailis,33
reportažą,33
slepiesi,33
Šeinas,33
įpilti,33
likom,33
Timoti,33
nurodė,33
nesklandumų,33
imkimės,33
pabandysim,33
išžudys,33
Oksforde,33
karietą,33
kardinolas,33
never,33
įrašytas,33
Evanas,33
atsivers,33
tanką,33
užgeso,33
septyneri,33
atkeliauja,33
nelaimėsi,33
kirviu,33
Kirkai,33
aplinkybes,33
Džena,33
auskarai,33
Donaldas,33
paskleisti,33
metinės,33
profesiją,33
nepasirengęs,33
vaidyba,33
kritimas,33
Keidžas,33
intuicija,33
čempionai,33
kačiuk,33
pavėžėti,33
dukras,33
Vidmoras,33
formas,33
tarnaitė,33
įlipo,33
Karlosas,33
pakeistas,33
lygtinai,33
kvėpavimas,33
kviečiamas,33
pražūties,33
buvusios,33
pasiunčiau,33
Strazde,33
pasirinksi,33
sumalsiu,33
paauglys,33
sunaikinimą,33
būsima,33
prilygsta,33
aštuoniasdešimt,33
sumoka,33
lygi,33
darbdavys,33
skausmu,33
Benetai,33
tauški,33
palikime,33
dvokiantis,33
Piaf,33
vietovė,33
pakrantė,33
patikrinkime,33
ios,33
then,33
susijaudinusi,33
mažyliai,33
Orleane,33
sutiktum,33
šešiais,33
nežiūrėkite,33
nežiūrėsiu,33
debesų,33
Roksana,33
Jill,33
iškelk,33
nakvoti,33
batelius,33
garantija,33
nusikaltėlio,33
grupelė,33
Fabiana,33
patogi,33
invalido,33
pašaukimas,33
blyksnis,33
blue,33
Blumas,33
neprašyk,33
naujausios,33
bedarytum,33
bažnyčiai,33
pusproti,33
Emma,33
geniali,33
žarnas,33
negalvoja,33
atitraukti,33
dedi,33
pelkės,33
blogiausiu,33
nepasiruošę,33
Aladinas,33
pasikalbeti,33
smegenimis,33
laiptinės,33
neseka,33
žvaigždučių,33
pupelės,33
naudojami,33
elementus,33
Pentagonas,33
fortą,33
kąsnelį,33
kokso,33
Koko,33
važiuojat,33
važinėti,33
Stefanai,33
išlenda,33
atejo,33
Įeikite,33
skandalo,33
gaiduko,33
kvailus,33
perduot,33
pamir,33
pametėt,33
pamergė,33
atsiprašo,33
lordui,33
atsipalaiduokite,33
iškilmingai,33
bukai,33
netektų,33
netekote,33
beprasmis,33
apgaut,33
palaidojo,33
daugmaž,33
transformacija,33
paremti,33
parengtas,33
lenktynininkas,33
nesulauksi,33
ritulys,33
nebesi,33
įtempta,33
įtartina,33
kalvų,33
Maksu,33
Vortex,33
voro,33
išsiaiškinome,33
strėlės,33
stipriu,33
žūsiu,33
stovim,33
būtybių,33
būtumėm,33
Kemas,33
dezertyras,33
drįstat,33
ilgainiui,33
pasitarnauti,33
nepasako,33
strėlę,33
Rafaeli,33
nuodingas,33
žymę,32
išprotėsiu,32
bėgikas,32
banditas,32
pažymėjimo,32
nustebink,32
nepaprastą,32
kraujavimas,32
sovietai,32
sostinę,32
Sojat,32
susitvarkysime,32
Solando,32
meistrai,32
kopėčias,32
apversti,32
finansuoja,32
pelės,32
pelę,32
kreipkis,32
Kregai,32
neparašyta,32
erzinu,32
būdavau,32
reiške,32
Jėzų,32
jėgomis,32
šešėlius,32
šešėliai,32
Šepardas,32
mediciną,32
sutiktas,32
sustabdytas,32
mažylio,32
sutvėrimai,32
susipykot,32
susikoncentruoti,32
Buda,32
sakinį,32
vertinti,32
dulkinasi,32
gyvulį,32
serijinis,32
išlaidų,32
Bakis,32
Tučkuvienė,32
parašytas,32
Kitajau,32
lapo,32
nelaiko,32
sergantis,32
Billy,32
nematytų,32
Fijona,32
tyčiotis,32
viešbuty,32
viešųjų,32
April,32
Lamaras,32
Union,32
Palinkėk,32
paliktum,32
nujaučiau,32
dvikova,32
tėvuk,32
senesnis,32
nelies,32
privalumų,32
tėtė,32
atitrauk,32
perkelt,32
nerasime,32
ietis,32
saldaus,32
apsinešęs,32
kibirkštis,32
Vitai,32
imperatorių,32
eiga,32
neskamba,32
neskambinai,32
tualetu,32
lavonu,32
pilnu,32
pilnatis,32
pašalinių,32
pavydus,32
mėlynoji,32
mėnesiais,32
nueina,32
dirbčiau,32
dirbtuves,32
Mitčai,32
gerbiami,32
laukdamas,32
imasi,32
kietos,32
kiemas,32
viršininkė,32
laukiesi,32
Atlanta,32
Atlantos,32
Cerberis,32
idiotų,32
neprisimins,32
samdiniai,32
apgaudinėt,32
siaube,32
nekalbės,32
nespėsiu,32
nusileisime,32
Lein,32
gyd,32
Leise,32
nekaltus,32
suklydai,32
verk,32
sektis,32
devintas,32
devynias,32
baisios,32
Daido,32
miškai,32
Mičigano,32
Miša,32
mirusios,32
gyniau,32
lašas,32
atmetė,32
trumpikes,32
triušį,32
atneštų,32
gydytojau,32
gydytis,32
mėgini,32
kūrė,32
labirintas,32
lietuje,32
tobuli,32
titano,32
ligas,32
atsibudo,32
męs,32
iškrypėliai,32
Nova,32
nudėjai,32
padidėjo,32
vyriški,32
ištvers,32
ženklu,32
prireikia,32
prisiminė,32
tolsta,32
Kempiniuk,32
ruoškit,32
infekciją,32
kentėt,32
Kelvinas,32
rutulių,32
nusipirkom,32
kepsnys,32
tradicijas,32
Leonas,32
kerštą,32
pargabenti,32
Vorenas,32
iškris,32
jauskitės,32
pasimetė,32
pasimelsti,32
domiuosi,32
pasiųsk,32
spurgos,32
institutas,32
Vega,32
Aslanas,32
asistentas,32
mirtiną,32
bagažas,32
jaunuolį,32
šūdiną,32
jausmu,32
simpatiška,32
nesutrukdys,32
nuvalyti,32
nemokamą,32
užsidarys,32
Filadelfijoje,32
Bobio,32
kodu,32
kelnaitės,32
parodytum,32
pauostyk,32
Paulina,32
tipą,32
tinkamų,32
pakvies,32
dėstytoja,32
kvietėte,32
planui,32
garbe,32
Džošua,32
Thatch,32
obuolys,32
pistoleto,32
Liošos,32
atsigauti,32
užsipisk,32
pražudė,32
sudėtingą,32
suaugusiems,32
money,32
Gendi,32
gelmių,32
pirštinių,32
tiltelį,32
Grutas,32
atsiimu,32
Linusas,32
Čangai,32
dešrelių,32
dešrelės,32
keiti,32
tikrove,32
Zion,32
Sitka,32
Daubą,32
pirmuosius,32
daugėja,32
pakvietimo,32
Peri,32
kvepalai,32
kvailystes,32
sandėlyje,32
sandėliuke,32
skambėti,32
gailestingas,32
failą,32
iškepsiu,32
agentui,32
Redži,32
nuostabia,32
sunkiu,32
pridėsiu,32
Lou,32
varžovas,32
kateri,32
negalioja,32
tempą,32
siųst,32
skaičiais,32
patikėčiau,32
gerkit,32
iškepiau,32
tepalo,32
tenorėjau,32
liudytojų,32
atsilieka,32
Čerčilis,32
kasyklos,32
Kasijus,32
dick,32
atsistokite,32
plauksime,32
teise,32
teigiamai,32
nedelsdamas,32
nedarysime,32
nedaryt,32
Italija,32
Jonas,32
Mikio,32
praeitų,32
nevaikšto,32
neturėti,32
filmavimą,32
mylėjaisi,32
pasirinkote,32
neerzink,32
naktyje,32
gerėja,32
Jay,32
Šyro,32
Šyne,32
šventes,32
AIDS,32
Faifildai,32
lobiai,32
rodosi,32
rodikliai,32
lubas,32
lyderiai,32
Luna,32
planuojate,32
vargšą,32
Tank,32
Džanet,32
džiazas,32
milijonierius,32
Supermeno,32
gidas,32
suprasite,32
Bišopai,32
nenukentėjo,32
nenorėk,32
artileriją,32
artima,32
kurjis,32
užvakar,32
kurs,32
nevilties,32
Andersonas,32
Maiku,32
bendrovė,32
nedarei,32
Egidija,32
Oksana,32
sekei,32
Karlu,32
Karla,32
įkišiu,32
dūmus,32
lūkesčius,32
lšgerk,32
atsitrenkė,32
tankų,32
nepatogumų,32
pažiūri,32
pokalbius,32
orbitą,32
belaisvių,32
pasidarbavai,32
kampus,32
Makas,32
regėjau,32
realiai,32
normalios,32
giminaičių,32
Tailerio,32
atspaudai,32
vandenilio,32
nenuėjus,32
bendrai,32
didžios,32
analizė,32
įsako,32
pasakytumėt,32
talismanas,32
padre,32
air,32
padirbėjote,32
suranda,32
suradot,32
gražuoliukas,32
kanalizacija,32
kantri,32
kapines,32
skraidymo,32
pažaisim,32
aptarėme,32
pagroti,32
atsukti,32
granatą,32
Margarete,32
maro,32
kalinį,32
šukuoseną,32
susapnavau,32
susekė,32
gimdymą,32
Kalipsa,32
Herli,32
durklo,32
perims,32
nešaukite,32
Beke,32
manipuliuoti,32
nebejaučiu,32
spindi,32
šunytis,32
akcija,32
paskambinsim,32
įtempti,32
įtikinai,32
sėdo,32
pasaulius,32
įskaudinau,32
neįmanomas,32
pasėdėk,32
Britanija,32
herojų,32
Matt,32
buki,32
Eric,32
Erlai,32
Merę,32
mero,32
mausto,32
mačo,32
atvežk,32
svarbiausių,32
žiūrime,32
išskirs,32
žiūrėtų,32
žioply,32
žinosime,32
skydų,32
įžengti,32
pasturgalį,32
pastumk,32
pastorius,32
sužinočiau,32
sužavėti,32
mačius,32
puokštė,32
pasuoju,32
susidūriau,32
sparnas,32
priešingu,32
galinti,32
bek,32
skyriuj,32
krevetės,32
vaiduoklio,32
krovinį,32
nustojau,32
metalą,32
išimtį,32
pasiklydęs,32
Alegra,32
išgaravo,32
aliarmas,32
dosniai,32
pasidžiaugti,32
saves,32
krevečių,32
vaidins,32
kriauklę,32
rezultato,32
reporteris,32
repetuoti,32
Brukline,32
suįžūlėjo,32
beisbolas,32
slysta,32
slibino,32
sužinotum,32
paspaudžiau,32
Ed,32
kainuoti,32
rimtos,32
nešiot,32
rieda,32
režimo,32
Holivudą,32
Stičas,32
stiprių,32
stresą,32
korpuso,32
žurnalui,32
žudymas,32
vaizduoja,32
Diurino,32
cool,32
pasisuk,32
pradėtas,32
Džersio,32
šitiems,32
širdyse,32
vaikščiojo,32
nigerį,32
mentus,32
menkiausio,32
Džerio,32
paeiti,32
susitikimui,32
išrašyti,32
pasirūpinsim,32
dalyvausi,32
dalyvis,32
Dotar,32
šiokių,32
Šimtasis,32
puotą,32
juokiatės,32
būgnai,32
priekinį,32
sugalvosi,32
sugalvojęs,32
padarau,32
CV,32
prarasim,32
žandikaulį,32
nukeliavo,32
eksperimentą,32
užblokavo,32
Haginsas,32
stebėsime,32
Ženeva,32
išlikimo,32
išvydau,32
sugadint,32
pamanys,32
rūpinsis,32
detalė,32
desertui,32
nesavas,32
nesat,32
protiškai,32
paradą,32
saulėje,32
išsirinkau,32
išmoks,32
nelygu,32
nemaloni,32
paranoja,32
paviršiuje,32
klasiškas,32
nustebinai,31
pasirodymų,31
išprotėti,31
blin,31
žurnalus,31
musė,31
hobitų,31
dičkis,31
žiūrėsi,31
Stenlis,31
žūties,31
išsilaisvinti,31
išpažinties,31
Raile,31
bütu,31
nunešt,31
pasirodytų,31
žvėries,31
žvėriuk,31
žymė,31
įkalinta,31
išsimiegok,31
pabusi,31
išsitrauk,31
Obeliksai,31
patvirtinkite,31
Nedo,31
dėviu,31
išvažiuojam,31
balandis,31
židinį,31
Steise,31
stebuklai,31
Korbenas,31
absoliutus,31
žemei,31
llgai,31
išvykimą,31
krentame,31
valgome,31
gabaliukus,31
negalėtumėt,31
Lorein,31
sugrįžkit,31
mokyt,31
Džiulijanai,31
padalinys,31
baką,31
pykšt,31
žavesio,31
nukreipta,31
genijau,31
mokai,31
durnius,31
mąstymo,31
židinio,31
raportą,31
Ros,31
planuoti,31
skaudinti,31
įeit,31
linkime,31
neteksi,31
netekom,31
investicijų,31
Luisa,31
primintų,31
brangaus,31
gryną,31
didžiuoju,31
lošt,31
Lowry,31
darėsi,31
Braun,31
Linkolną,31
lošimo,31
kartojau,31
patekęs,31
įjungiau,31
Isilduro,31
grąžtą,31
Dauba,31
draugėmis,31
pavadinsi,31
išlaikiau,31
staliukas,31
kontraktas,31
mėlynasis,31
Janas,31
Sarah,31
žaidžiate,31
sugrįžusi,31
žaidimui,31
išlaidos,31
išlaikei,31
pretenzijų,31
savybes,31
adata,31
Honkongą,31
Hičkokai,31
durklą,31
pakars,31
priimtina,31
priimtų,31
pasakojimo,31
romantiškas,31
rock,31
tikrosios,31
atsijungė,31
Keisi,31
lindo,31
rudos,31
zuiki,31
prioritetas,31
plauti,31
nevogiau,31
Nevili,31
mogus,31
garsi,31
mėsainių,31
Barbe,31
raunde,31
sprogmenys,31
vagiu,31
vadų,31
dirbtinį,31
padavėjai,31
gerbiamasis,31
žaidžiat,31
komunistai,31
nepaleis,31
bendrovės,31
nedarome,31
įlindo,31
Oksfordą,31
nusigausime,31
anglių,31
taupau,31
Tatiana,31
teesie,31
skruostą,31
tarptautinė,31
sistemai,31
pliki,31
pajudės,31
informuotas,31
nebuvote,31
nepraėjo,31
vadindavo,31
nepaklausei,31
filmuotis,31
santuokas,31
užsiėmimų,31
užsičiaupsi,31
nepažįstate,31
Foksai,31
Deividui,31
vabalas,31
standartinė,31
Elizabetė,31
Deonai,31
Denielis,31
demonus,31
maišų,31
Skoto,31
Andželika,31
negrai,31
pakviesi,31
kelerių,31
Simonas,31
ap,31
keletos,31
nesuvoki,31
rutuliai,31
iÕ,31
vyriausybėje,31
nesusipratimų,31
rytinės,31
bunkeryje,31
Barkeri,31
elgiamės,31
važiuodamas,31
važinėju,31
japoniškai,31
Padingtonai,31
ž,31
nudėjau,31
NS-5,31
komplikuota,31
kėde,31
Heil,31
kokiomis,31
užvaldyti,31
užuolaidų,31
užterštas,31
gražuoliuk,31
kanalus,31
instinktas,31
maišo,31
įsikišti,31
Tokijo,31
lieti,31
neištversiu,31
dronas,31
gudri,31
keliomis,31
prisimintum,31
eilinį,31
pasimetusi,31
jaunystėje,31
veiksmą,31
sunaikinai,31
naktim,31
eilių,31
advokatų,31
užsakyk,31
nemylėjau,31
nemokami,31
charakterio,31
charakterį,31
šūvių,31
agentūroje,31
spėjai,31
suku,31
suknelių,31
mišinys,31
Torai,31
pakylos,31
lengviausia,31
Edmundas,31
puikia,31
Cady,31
nuplauti,31
kanadiečiai,31
įspėjimą,31
maldauti,31
skrydžiai,31
Kalvinas,31
negėriau,31
simbolį,31
malonėkit,31
nebegalėjo,31
nebandė,31
skyrybas,31
prijungtas,31
sumetimais,31
jaustumeisi,31
bachūras,31
sumanu,31
rašysiu,31
aspirino,31
asilą,31
naktys,31
prieigą,31
pridengti,31
Vende,31
nepriklausoma,31
Vendi,31
pasižiūrėkite,31
I'll,31
papasakočiau,31
varyti,31
Hekas,31
Riva,31
dantistą,31
Kalėdoms,31
įteikė,31
įtariamas,31
Christmas,31
Džedai,31
mandagi,31
leidęs,31
amunicija,31
atskris,31
nupirks,31
kales,31
kalbėtų,31
palauksi,31
vizitas,31
rykliais,31
Trentai,31
sakėm,31
joja,31
iškeliauti,31
šventos,31
švarku,31
nemiegojai,31
Hanseli,31
saldainius,31
nerasim,31
seksi,31
nemirtingas,31
rašalas,31
epizodas,31
Bob,31
apsistojęs,31
Vudis,31
grandinių,31
sąmokslą,31
punktą,31
atpildo,31
atstovauju,31
vulkano,31
Dylan,31
vogė,31
poetas,31
sesės,31
palaukime,31
norinčių,31
regiu,31
veskis,31
domiesi,31
šovei,31
štabą,31
dulkini,31
aisku,31
asmeniniu,31
Džeidė,31
imsime,31
kiau,31
trukdžiai,31
skylutę,31
skyle,31
nesugalvok,31
pasidaryt,31
svetimi,31
grafikas,31
Marseli,31
pasukite,31
paieškas,31
pagrobimą,31
Aphamai,31
ketvirtasis,31
sužadintas,31
galu,31
rinkimuose,31
rinkau,31
užpakaliu,31
metodų,31
susimauti,31
susilaukė,31
nematėm,31
sparnais,31
Nilas,31
susisieksim,31
padori,31
era,31
Bilį,31
senatorė,31
miegamajam,31
judesį,31
šaltą,31
Matricą,31
neškite,31
nešiotis,31
mažajam,31
martini,31
martinio,31
masė,31
masalas,31
šaly,31
išduotas,31
pastebėjot,31
pastebėjote,31
EagIes,31
Džulė,31
giminę,31
susipažintum,31
persigalvoti,31
susitaikiau,31
paskola,31
paskutinioji,31
dinozaurai,31
E.D.l,31
LaGuardia,31
neliktų,31
prisistatykite,31
eiguly,31
aprūpinti,31
susilaikyti,31
perimu,31
pavyzdžius,31
paprasčiausia,31
pavidalą,31
pasieksi,31
šautuvus,31
šaukštą,31
Kaimanovas,31
Alekso,31
pasroviui,31
Danas,31
Cole,31
priešpiečių,31
Otis,31
atnaujinti,31
rūpesčiai,31
Pikaso,31
truputėli,31
gyvenantis,31
piešti,31
šaudmenų,31
populiari,31
pagerėjo,31
eksperimentus,31
parazitas,31
beždžionę,31
nesidžiaugi,31
paragaut,31
elementas,31
užblokuoti,31
esančio,31
Džersyje,31
prosenelis,31
protui,31
Boromiras,31
sajanų,31
laisvalaikiu,31
šoks,31
šoksi,31
fotografija,31
Bilą,31
apsigalvojau,31
nuėjom,31
tuščiai,31
orkestras,31
turtuolių,31
Retčed,31
meilužę,31
Rėjų,31
Vinstonai,31
Vinterfelo,31
šiknon,31
sutikt,31
tęsime,31
septynerių,31
nelaimingo,31
tvirtino,31
šiukšlė,31
jura,31
aprangos,31
privačios,31
privatumą,31
Viki,31
natūrali,31
ilgis,31
ilgokai,31
kišti,31
aprašymą,31
uždirbo,31
galvokit,31
išgelbėjot,31
poras,31
kaika,31
suteiktų,31
turintys,31
turinys,31
smūgiui,31
palikom,31
pienu,31
pianino,31
susižeidei,31
paliekame,31
dalytis,31
pastarųjų,31
gyvūną,31
bedugnę,31
sustojimo,31
elgsis,31
palikim,31
širdžiai,31
kirsk,31
lapkritis,31
užaugti,31
uniformas,31
juoką,31
mergišius,31
nuspręst,31
nepasieks,31
bananas,31
monstrai,31
prastą,31
paciente,31
Arizonoje,31
žlunga,31
išmėginti,31
vaistais,31
Holivudas,31
stogų,31
Stivai,31
Teris,31
grunts,31
raides,31
prisijungiau,31
negalvojai,31
teksto,31
tekila,31
didinga,31
draugeliai,31
kausiuosi,31
kaulą,31
negailestingas,31
NegaIiu,31
temperatūrą,31
Iraką,31
panikuoti,31
kateris,31
pakrauti,31
stovėjai,31
stovit,31
Aaronas,31
išmintis,31
mylit,31
praėjusiais,31
Džonson,31
išprotėję,30
išlįsti,30
pabučiuosi,30
įbrėžimas,30
ėjom,30
Katie,30
darąs,30
tempia,30
patikėtų,30
kategorija,30
katastrofą,30
Teodorai,30
lioviausi,30
raidę,30
vaisto,30
valdyk,30
vakarėliui,30
kosmosas,30
kasyklą,30
negalėsite,30
loterijoje,30
lordai,30
logiškai,30
sugalvos,30
vaiduoklius,30
eitume,30
konsultantas,30
išvykt,30
žarnos,30
nukreipsiu,30
nukentėti,30
sugrąžink,30
padangą,30
katedros,30
rankinėje,30
bučiavai,30
sudėjau,30
sudegs,30
sugebėtų,30
pažadus,30
penketą,30
pamišo,30
liudininkė,30
Rotas,30
skandalas,30
karūnos,30
karštų,30
statybose,30
ištvėrė,30
moralės,30
sodos,30
spalis,30
neleisime,30
Viešpačiui,30
viešbučiuose,30
juostoje,30
sostinėje,30
soste,30
haliucinacijas,30
ateisime,30
laimikis,30
susirgai,30
naudojant,30
vieningi,30
kiša,30
vietai,30
sutemų,30
smalsumo,30
galvokite,30
jūreivis,30
jł,30
šlykščiai,30
niekšus,30
apsaugota,30
pavojingu,30
eksperimento,30
nusiprausk,30
poromis,30
kaiko,30
medžiu,30
medžiuose,30
sutemus,30
Hadsono,30
Bruksas,30
pagalbininkas,30
Meredit,30
pavėlavom,30
tėveliui,30
bato,30
remia,30
augalus,30
mažius,30
senatvės,30
vežtis,30
vežimėlyje,30
projekte,30
būtybę,30
gėlę,30
pagautas,30
nežudo,30
nežiūrėkit,30
suvienyti,30
suveiktų,30
glūdi,30
suvalgys,30
sutriko,30
šimtu,30
Viljamsas,30
tylėjai,30
smuiką,30
tuneliu,30
apklausą,30
dešinėj,30
turtai,30
Atlantoje,30
atlaisvinti,30
turėję,30
organizuoti,30
slėpynių,30
galybę,30
suvokimas,30
suvokiu,30
susitarkime,30
senato,30
klauseisi,30
dingsim,30
progai,30
meteoritas,30
susipykom,30
gimę,30
cituoju,30
drąsu,30
pavertei,30
jungia,30
vertą,30
atakai,30
užkibo,30
laikinas,30
išgyvenimo,30
juokais,30
Memi,30
neleidai,30
fenomenas,30
degalus,30
piešinius,30
pastabas,30
susisiekiau,30
susirinks,30
Erik,30
permiegojau,30
narkotikas,30
svarus,30
neapsimesk,30
rimuojasi,30
Airi,30
brūkšnys,30
palydovą,30
degtinę,30
atgavo,30
nematysi,30
Reimonas,30
šnipė,30
Gorski,30
Gošai,30
sužavėjo,30
šuniuką,30
Gilas,30
mielo,30
mieliausiasis,30
Airijos,30
atvykimas,30
svajoji,30
šaknų,30
Altronas,30
kalbatės,30
maršrutas,30
atvežt,30
gotta,30
paskambinot,30
Donna,30
susidorosi,30
susidomėjimą,30
reicho,30
specializacija,30
nardymo,30
surasite,30
Spokas,30
Dalasą,30
padėkosi,30
padėjėju,30
nerizikuosiu,30
Verą,30
realybe,30
baterijas,30
sia,30
ministru,30
užsidegė,30
užrašą,30
užmuši,30
LaFlerai,30
jingle,30
šviežio,30
rimčiau,30
alkoholiu,30
kairėj,30
svečiams,30
sie,30
silpnai,30
Svetlana,30
pailsėkite,30
veida,30
Vegasas,30
klingonų,30
užeigą,30
persikraustyti,30
surakintas,30
milžiniškos,30
milžine,30
vyk,30
grasini,30
atstūmė,30
Mariją,30
samdyti,30
užsakyti,30
nenaudingas,30
vedlys,30
vykdo,30
sijoną,30
signalizaciją,30
atplaukia,30
alučio,30
manija,30
Brodvėjaus,30
parkerį,30
slapti,30
slapto,30
įžadus,30
kalbėtum,30
sesutę,30
Leksi,30
vorai,30
lemputė,30
centrinio,30
nepriimk,30
filmavo,30
užrakinkite,30
sunkvežimiu,30
bėgiot,30
Deizę,30
pamatytume,30
ritulį,30
kalvas,30
malonė,30
padedame,30
nenutinka,30
perduos,30
perdedi,30
dušas,30
pataiko,30
dozės,30
Brewster,30
pririštas,30
įstrigom,30
atvaizdą,30
atspindys,30
malūnsparnis,30
uždėsiu,30
atakuoti,30
nerasta,30
namelio,30
švenčiame,30
apieškokite,30
piliečių,30
piliulės,30
iškvieskite,30
pasimatymų,30
padegė,30
pataisa,30
pataikyt,30
Chju,30
prisikėlė,30
branduolinių,30
mūšių,30
biudžetas,30
kobros,30
pasimečiau,30
naivus,30
Nadia,30
nutraukta,30
Sašką,30
galingo,30
kamuoliuko,30
Silva,30
skundikas,30
orbitos,30
pataisyk,30
baigėt,30
sukrėtimas,30
bulves,30
pajausk,30
trasoje,30
išbūti,30
funkcija,30
neieškau,30
simbolius,30
Prostas,30
nubėgti,30
Kogburnas,30
mėtyti,30
barmenas,30
bėgsime,30
pusbroliai,30
izoliuoti,30
apdovanojimų,30
kumštis,30
koma,30
Kolorado,30
koloniją,30
komisijos,30
Kėjus,30
kylame,30
kviečiame,30
amžinos,30
tokiuose,30
gudruolis,30
tamsoj,30
kantriai,30
Amsterdame,30
įsivaizduoja,30
kumpis,30
fare,30
liausies,30
ruda,30
grįžot,30
vėluoti,30
keliavome,30
keliaujate,30
Izraelis,30
neprašo,30
neprasidėk,30
vandenų,30
vamzdžius,30
variantai,30
nenutiktų,30
arką,30
top,30
vagoną,30
nepersistenk,30
kultūrą,30
perpjauti,30
artimiausiu,30
Vadimai,30
nenustok,30
neprieštaraus,30
tarakonus,30
Future,30
Rusijoj,30
skrandis,30
kapsulė,30
bendrabuty,30
įrašė,30
nepastebėtų,30
faru,30
prostitutės,30
maloniau,30
Malibu,30
keliasi,30
liepti,30
įpilsiu,30
tark,30
Kuzminas,30
radarai,30
radaro,30
burbulas,30
mirštant,30
sprogdinti,30
nacionalinį,30
krūvas,30
Houmeri,30
aptarnavimas,30
aptarsim,30
nepalikit,30
pralinksminti,30
praleistų,30
suklysti,30
sukelt,30
Grėjus,30
įkišk,30
įkišai,30
tebūna,30
atsistot,30
kariauja,30
įmečiau,30
adrenalino,30
Toporkovas,30
apetitą,30
informavo,30
benamiai,30
tarnų,30
daugumos,30
Sing,30
nusikaltėliais,30
blaiviai,30
nepabėgs,30
nepažįstamasis,30
nepatogumus,30
išėjus,30
vaikiška,30
priėjimo,30
prieky,30
priimi,30
nuosavybe,30
saugojai,30
Hiustonai,30
pelkė,30
people,30
žalius,30
pabandžiau,30
nesveiki,30
Zorba,30
Romero,30
romas,30
zombis,30
grąžinkite,30
netaps,30
nedaugelis,30
arkliais,30
plojimai,30
pliusas,30
nevykėlių,30
Robo,30
Robinson'as,30
įpratęs,30
nesąmone,30
atsipūsti,30
atsiprašysi,30
nusikaltėliu,30
Rouz,30
grynų,30
siunta,30
neteksiu,30
elegantiška,30
įjuos,30
Gruzijos,30
linksminkis,30
angas,30
anga,30
didžiuosius,30
didį,30
faktais,30
Čiunas,30
tiekia,30
Liocha,30
Čarlį,30
antrankiais,30
tinginys,30
didžiai,30
įkalbėjai,30
pasakojama,30
rodau,30
dešiniau,30
pavaduotoja,30
olos,30
teisiamas,30
atsigert,30
tikrieji,30
Kozete,30
striptizą,30
apšviesti,30
pažvelgė,30
panaudosim,30
studentus,30
sausa,30
subinėje,30
centimetrų,30
bandeles,30
stipendijos,30
mylimo,30
žurnalistė,30
bandydami,30
mylėtų,30
gegužę,30
netrukdytų,30
Keinas,30
patvirtinimą,30
nedidelės,30
karštinė,30
žvejys,30
išsiskirt,30
išsiskiria,30
krypties,30
statinė,30
žeidžia,30
išvažiuoji,30
išvažiuos,30
abejones,30
Stefanas,30
mąstymą,30
pastatykite,30
sniege,30
perskambinti,30
perskaityt,30
aukštesnė,30
Meksike,30
sutikus,30
detektive,30
gyvūnams,30
aplenkė,30
pardavimų,30
paliekam,30
debile,30
aktyvuoti,30
auksinę,30
reisą,30
šiluma,30
Sojeri,30
atidarys,30
upių,30
šiurpu,30
Vikusas,30
paveldėjo,30
atkreipkite,30
numesk,30
moteriške,30
pacientams,30
kraštų,30
vaikytis,30
blogasis,30
strategijos,30
stiklines,30
prezervatyvą,29
išsigalvoji,29
močkrušį,29
žudynes,29
žudynių,29
žiūrėjom,29
išmokome,29
pabundu,29
pribaigsiu,29
pasitikrinti,29
numesiu,29
numatė,29
Emiljanai,29
pasirengti,29
pabėgsiu,29
pražūtis,29
stumti,29
statybų,29
Peper,29
Vaitas,29
Hiugai,29
kraujospūdis,29
atsiminkite,29
linki,29
priminsiu,29
Oceanic,29
objektai,29
Kashai,29
Brazilijoje,29
Lorencas,29
siųstuvas,29
didelėje,29
drauges,29
dėmesiui,29
kaupiasi,29
ėmiausi,29
Kortni,29
valdžioje,29
valdovui,29
molio,29
balius,29
apyrankė,29
kosminis,29
randai,29
ištrūksime,29
pasirūpino,29
Morzės,29
sudėjus,29
mokysiu,29
nulaužti,29
Emė,29
tekėt,29
įkalbėjo,29
Timo,29
dešros,29
įeisi,29
karts,29
Darlin,29
nedėk,29
nedirbi,29
skelbiama,29
liudininko,29
atsimena,29
failus,29
įgauti,29
Ronni,29
būsimą,29
čipas,29
išvaryti,29
išvalysiu,29
židinys,29
žibintus,29
žiaurumo,29
Starkų,29
išvykome,29
išvesiu,29
išversk,29
kritimą,29
saugiklis,29
blogiui,29
saugaus,29
Ronanas,29
neteisingą,29
ruletė,29
zonoj,29
zino,29
lydėti,29
teisėjų,29
lubos,29
grupuotė,29
įkaitu,29
įjungtą,29
Ispanijoje,29
paruoš,29
kačiukas,29
tigrą,29
nuosprendžio,29
nuopelnus,29
nuopelnas,29
žarną,29
mokyklon,29
penktasis,29
delno,29
mėgins,29
stebimas,29
mokesčio,29
nukenksminti,29
pusiausvyros,29
savanoris,29
his,29
Eimes,29
nutikęs,29
nutilo,29
oloje,29
Olia,29
Teiloras,29
Tei,29
tinkamus,29
atsidaryk,29
pavaišinsiu,29
pasakiusi,29
Citomu,29
omega,29
roges,29
Bredis,29
neužtruks,29
patiekalų,29
Lilijana,29
likusio,29
likusiais,29
jaigu,29
išlaikys,29
mėlyno,29
mėgstamą,29
mėgstamiausios,29
nenuvilk,29
stalelio,29
stabilus,29
sujungsiu,29
mobiliojo,29
neperšaunamas,29
blokai,29
pažinties,29
savižudybę,29
savižudybės,29
nepa,29
Georgijus,29
pamirškime,29
Deivą,29
kumite,29
kubo,29
krūtine,29
vagonų,29
darbuotojo,29
isterikė,29
Karli,29
kariškiai,29
sirgau,29
atsiskirti,29
atsitiktinis,29
lįskit,29
keisčiausias,29
keistu,29
pirmajam,29
pirmąsyk,29
parodą,29
dirbtų,29
dokumentas,29
pasirašys,29
kompanijoj,29
vamzdžių,29
neprašysiu,29
neprasidėjo,29
nepraradau,29
santechnikas,29
papirko,29
Artiomu,29
nesutiks,29
would,29
woman,29
keleivis,29
Ričardo,29
kardų,29
plotą,29
plokštės,29
nužudytum,29
nužudysim,29
italas,29
kariais,29
Grehemas,29
principų,29
skleisti,29
Gaja,29
nebūtumėt,29
Flostono,29
nenorėtumėt,29
sekretoriau,29
depresiją,29
šūkis,29
šūviu,29
Jang,29
spėlioti,29
sukrauti,29
miškų,29
važinėt,29
Vatsonai,29
Vasilijus,29
pamilo,29
Dento,29
kolegų,29
Skotis,29
skriskit,29
was,29
pataupyk,29
įrodys,29
makaronus,29
Majorovai,29
bendrabučio,29
skraidantis,29
tirpsta,29
tango,29
karališkosios,29
didžiuojiesi,29
pateiksiu,29
negyvai,29
negraži,29
siūloma,29
sulaiko,29
šūdus,29
jausmais,29
jaunus,29
nutrauk,29
užsakymų,29
užsakysiu,29
naivi,29
kodekso,29
kodeksą,29
nemokėjo,29
tamsūs,29
nesuprasti,29
įsijungs,29
iò,29
kančią,29
kankinasi,29
Tokojami,29
maišelis,29
maišelius,29
amžinybė,29
vėlumos,29
atsidarys,29
tobulos,29
gerkle,29
mirdamas,29
mir,29
sumokėtų,29
aštrūs,29
sunkesnis,29
sulūžęs,29
sulėtinti,29
suolelio,29
ass,29
kūdikius,29
Hasanai,29
Salt,29
švęsim,29
gerose,29
superherojus,29
suorganizavo,29
užsakei,29
Hariu,29
Labukas,29
prakaito,29
šventykla,29
Jin,29
AŃi,29
apsimetinėja,29
klinika,29
laikrodžius,29
Hansas,29
Amie,29
įsitaisyk,29
Anabele,29
išalkai,29
Kamp,29
liepkit,29
Torino,29
maldauk,29
Makmerfi,29
protingesnė,29
puikiausias,29
Cactus,29
lieps,29
dvasininkas,29
degu,29
veja,29
pralaimėsime,29
supratęs,29
nemiręs,29
Michalyčiau,29
švaistūnas,29
judinti,29
spenelius,29
spektaklio,29
ritasi,29
atspėjau,29
sėsi,29
sielai,29
pripažįsta,29
Edžio,29
poilsis,29
Kentukio,29
davėt,29
lengvo,29
Gurovas,29
pareiškimas,29
MGM,29
metuose,29
šovinius,29
Pasilenkite,29
pasikvietė,29
nervini,29
padėką,29
prakeiksmo,29
susidūrėme,29
susidraugauti,29
klausykitės,29
užmigdyti,29
užlipo,29
desertą,29
paėmėm,29
paziurek,29
pavėluoti,29
dujomis,29
atplaukė,29
industrija,29
vogt,29
Skubėkit,29
skrydžiui,29
nebegyva,29
nebegalim,29
nebandei,29
nebaigė,29
grandinėmis,29
kaltino,29
Kalis,29
priklausomai,29
paimu,29
dantukų,29
danties,29
nebepamatysi,29
kambari,29
ambasadoje,29
judėkite,29
specialioji,29
sparnai,29
Merlinai,29
norejo,29
Nikui,29
Nikė,29
šokoladu,29
Selfai,29
nematoma,29
perstojo,29
laimiu,29
nerimo,29
programų,29
profesionalė,29
vežkit,29
vežimėlio,29
pamaitink,29
marihuanos,29
marias,29
manąjį,29
atostogauti,29
įveskite,29
įvairūs,29
Marlena,29
Marką,29
piramidės,29
pipirų,29
sėdėčiau,29
nešiojiesi,29
etapą,29
nešaudyt,29
neįvertinau,29
vorą,29
Vosas,29
akli,29
šoką,29
susikauti,29
gimusi,29
paaiškinkite,29
Edgaras,29
susitelkti,29
šokai,29
paskolas,29
pasiklydome,29
nelipk,29
fps,29
seniui,29
ieškotojas,29
parakas,29
urvo,29
dovanojo,29
Dovanokit,29
dovanoja,29
pasidomėjau,29
pasidavei,29
įžengė,29
Daniele,29
policininkus,29
nesugebėtų,29
nestebina,29
nespėsi,29
siame,29
treneriu,29
Leikai,29
pilietinio,29
pila,29
naudojimas,29
Hamai,29
menesius,29
Pupe,29
puolėjas,29
tėvelį,29
atiduodi,29
pradėdamas,29
merci,29
menkysta,29
užaugęs,29
said,29
davęs,29
leisčiau,29
poeziją,29
kalbėjot,29
šaltakraujiškai,29
pritrenkiančiai,29
prispaudė,29
Frenką,29
Severai,29
nekantriai,29
vitaminai,29
kiekio,29
Kick-Ass,29
kiaušinienės,29
vizą,29
slapstytis,29
leidosi,29
apkabinsiu,29
dalelės,29
atidarysi,29
atidarau,29
šimtąkart,29
šilkas,29
šioks,29
Šmitai,29
fotografijos,29
bazei,29
susituoksime,29
viešumoje,29
senuoju,29
pietinę,29
palengvinti,29
paleisime,29
seselės,29
politikų,29
lavono,29
piešia,29
mašinomis,29
riešutais,29
ribotas,29
riaušės,29
kainų,29
kalboje,29
šaltinių,29
mate,29
atviros,29
atėję,29
sužaloti,29
unikali,29
esminis,29
Bronkse,29
suspėti,29
pardavimas,29
niekais,29
lapės,29
gyvūno,29
Viktorą,29
paveikslų,29
dešimtmečius,29
slepiamės,29
turo,29
gyvensite,29
kilometrai,29
pasielgt,29
pasiekėm,29
Šaunumėlis,29
Šelai,29
slėpėsi,29
trofėjų,29
civilius,29
Džein,29
nesikišti,29
devyneri,29
devynerius,29
visiškos,29
trečiąją,29
trečiąjį,29
Smeagolai,29
galvotų,29
galvosiu,29
atkakliai,29
Franciske,29
kabinoje,29
Alabama,29
Bonjour,29
vilkolakis,29
tvarkyt,29
tuštumą,29
laukiama,29
laukai,29
gyvuly,29
nelegalių,29
pagavome,29
atšauktas,29
mažiausias,29
remonto,29
brokas,29
nežuvo,29
eidavo,29
Eibai,29
kilnu,29
virti,29
kikena,29
nekvėpuoja,29
gelbsti,29
geidžia,29
ištraukia,29
hobito,29
kovojai,29
panaudojau,29
Panamos,29
cypę,29
pabunda,29
saulėta,29
Vajo,29
ištrinta,29
gaukite,29
call,29
fizika,29
pažiūrėčiau,29
Ralfas,29
išplaukė,29
literatūrą,29
Liošai,29
pižama,29
bėgiai,29
bučkį,29
nuoboda,29
stipriausi,29
mylimės,29
mylia,29
mygtukus,29
pasiruošes,29
žuvusiųjų,28
išorinės,28
išnykimo,28
pasiruošimas,28
pasiruošiau,28
žvalgai,28
žvengi,28
žydė,28
Peidže,28
pedikas,28
stiprią,28
bandysime,28
banginio,28
stosi,28
išsaugojau,28
ragus,28
Elizabeta,28
išmeta,28
grubiai,28
grubus,28
saugai,28
Sarumanai,28
pažodžiui,28
Sauronui,28
prižiūrėtoja,28
prižiūrėkit,28
kovėmės,28
apšvietimo,28
negalėjote,28
skaičiavimus,28
skaitymas,28
grot,28
grok,28
patirtimi,28
parūpinsiu,28
ironija,28
Valentinas,28
valdykis,28
Korso,28
korpuse,28
kauniesi,28
kaunamės,28
įdomios,28
Ėi,28
rankoj,28
Moonas,28
monstrą,28
moniu,28
Molė,28
balkoną,28
pamėginkit,28
KORYO,28
tikusi,28
kažkuris,28
patylėti,28
gaunat,28
sudeginau,28
nuleidau,28
rankena,28
rančą,28
Peteris,28
Kingmenas,28
vilioja,28
Viktoro,28
dešimtmety,28
pardon,28
naujoje,28
naujausių,28
Džeisono,28
pagrindine,28
paspauskit,28
pastatėme,28
pastatysime,28
išeisite,28
slibinus,28
laukiami,28
kabliuko,28
pasikalbėjom,28
paslydau,28
Beverle,28
nesileisk,28
trečioje,28
trobelę,28
triušių,28
parašiutą,28
turkai,28
turetum,28
turgaus,28
sutarkim,28
sutinkam,28
medicina,28
poreikis,28
atliktų,28
Biblijoje,28
nesitikėjai,28
nesitarėm,28
fejerverkus,28
vienuolynas,28
vienui,28
ilgiausiai,28
atvešiu,28
matysiu,28
sužinoję,28
Golumas,28
kainuotų,28
pastatei,28
damą,28
tunelių,28
suskaičiuok,28
melagiu,28
meksikietis,28
susivokti,28
personalui,28
univere,28
vienuolyną,28
Kalas,28
pasijuokti,28
Rejesas,28
reiškias,28
aktyvuota,28
suskis,28
posėdį,28
dalyvių,28
Dženy,28
vizito,28
pritarti,28
pritaikyti,28
nekas,28
Graikija,28
įėjai,28
kalbėsime,28
užbaigta,28
Ura,28
Belgijos,28
Martiną,28
trumpi,28
trukdė,28
trukdyt,28
imo,28
KGB,28
Šingenas,28
aktoriaus,28
juoksis,28
juokis,28
prabanga,28
dalia,28
atgabenti,28
atgabeno,28
lankymo,28
atitinkamai,28
seneliai,28
susitvarkyt,28
susituokėme,28
sol,28
soda,28
Gipsy,28
nespoksok,28
neskubėkite,28
nekalbėkite,28
nejaučiau,28
Frostas,28
darbelius,28
svetainėj,28
Pasvajok,28
uždėjo,28
laimingesnis,28
laimingiausias,28
leidėjų,28
gydytojus,28
piktą,28
nusipelnėte,28
Ruzveltas,28
šlykštynė,28
Bruoli,28
Brunai,28
juokavau,28
juodus,28
auskarą,28
Natalja,28
natas,28
užaugsi,28
u¾,28
protingos,28
Bornai,28
Saimoną,28
atiduosim,28
perspėjimo,28
susitikimai,28
pirkėją,28
daužyti,28
neįtikima,28
būstinę,28
nuplėšti,28
įveikiau,28
sweet,28
grandines,28
Juno,28
susijungia,28
mesčiau,28
Keri,28
driežas,28
parkerio,28
gumą,28
pilotą,28
senajame,28
nemanykit,28
nuvykau,28
nuveši,28
urvus,28
ožka,28
paskirties,28
juodaodžių,28
pastojo,28
įžiūrėti,28
skyriau,28
užkandinę,28
pamanykit,28
Igoris,28
vienodas,28
USS,28
Sietle,28
atpažįsta,28
Industries,28
Volfas,28
apgins,28
susieti,28
kliedesiai,28
klesti,28
paimkime,28
įtrauk,28
kaltinu,28
kaltes,28
išdaviau,28
išdavike,28
rikį,28
maniškiai,28
Erlas,28
reiso,28
išgėrėm,28
priešaky,28
prietaisų,28
priemonėmis,28
susilaužiau,28
susikrauti,28
Gralis,28
manąją,28
Ceinis,28
vežimėlis,28
Selena,28
Formulės-1,28
nematom,28
palydos,28
neit,28
operacinę,28
atskridau,28
gražiais,28
evakuaciją,28
dozė,28
įspėjimo,28
šonu,28
pavarų,28
pavargus,28
kepenų,28
Kemp,28
Tomį,28
Tompsonas,28
liejasi,28
neišdegs,28
gimdyti,28
paskambintų,28
pasilikčiau,28
operuoti,28
trajektorija,28
leopardas,28
parengtis,28
drovus,28
apsikabinkim,28
Klementina,28
klausinėji,28
apsiaustas,28
vidinį,28
sakydavau,28
festivalis,28
džiaugsis,28
liemenes,28
liekame,28
tornadas,28
Maktagert,28
Greg,28
įsitraukti,28
įsitikinkite,28
amnezija,28
degė,28
persirengt,28
persikraustė,28
Veinų,28
vyriausiuoju,28
funkciją,28
Bernardai,28
Silvestrą,28
iškeisti,28
airiai,28
švelnūs,28
padorumo,28
dainininkas,28
surizikuosiu,28
fontanas,28
nemeluoji,28
sperma,28
namuos,28
surastum,28
realybėje,28
reagavimo,28
noris,28
Eriką,28
reguliariai,28
nepriims,28
filmuką,28
klydai,28
klouną,28
vemti,28
Deizės,28
birželį,28
seksualinis,28
mikrofonas,28
mikrofono,28
pragaru,28
praeito,28
Šveicarija,28
aislas,28
šviesai,28
užrašė,28
saldainiukas,28
laikraščiuose,28
Hanteri,28
atakuoja,28
milteliai,28
Gibsai,28
avys,28
suplanavau,28
galingiausias,28
believe,28
skutimosi,28
Edvardsas,28
orderio,28
Orbą,28
operą,28
nusišypsojo,28
įsivaizdavo,28
gražumėlis,28
taksistas,28
atsparus,28
lia,28
Faradėjaus,28
važiuotų,28
veik,28
liest,28
tolimų,28
amžino,28
įsileisti,28
įsigijau,28
Izės,28
Kanzaso,28
Amy,28
gerkite,28
miną,28
užsidėkit,28
Wallaby,28
ypac,28
fantastikos,28
atsibus,28
gu,28
nuostabiu,28
bulve,28
rašote,28
raštelis,28
rašiklis,28
entų,28
jaustųsi,28
pasinaudojau,28
pajuokavo,28
karalystes,28
didžiulio,28
įrodymo,28
karalium,28
galimų,28
nebesuprantu,28
apetitas,28
sukėliau,28
prakeikė,28
padirbėjo,28
simptomai,28
Simon,28
negrų,28
Siuze,28
pakviesčiau,28
padekit,28
dirbsim,28
dokumentuose,28
Šššš,28
jaunystėj,28
sukviesk,28
sukurtą,28
sulaikykite,28
kodeksas,28
Cheddar,28
eilėj,28
nuvažiuosim,28
padidint,28
garbino,28
Bartai,28
spynas,28
Mailo,28
atsisėskite,28
evoliucijos,28
plokštelė,28
nesvajok,28
nesutinki,28
Bougas,28
Whoo,28
nenuskriausiu,28
Deina,28
bendrauji,28
bendrauju,28
skirsiu,28
nebūkit,28
galesi,28
mainai,28
užsirakink,28
užsiimk,28
nubėgsiu,28
nubausiu,28
mūsiškius,28
armėniškai,28
artimai,28
nenustoja,28
keliuosi,28
vėjyje,28
Kventinai,28
dekui,28
vartojimo,28
varot,28
Koldai,28
kokybę,28
parodymų,28
Zen,28
yti,28
instrukcijų,28
keičiamės,28
Keisė,28
Timi,28
pirmenybė,28
baisius,28
Adrianas,28
pasiūlyk,28
burtininką,28
pasipriešinimas,28
Georgijevičius,28
pavadinčiau,28
pavadinimus,28
užtekti,28
kvadratu,28
Hemi,28
užuodžia,28
artimą,28
Henrio,28
vadinamos,28
sukeltų,28
Sinbadai,28
Artis,28
scenų,28
kunigai,28
valtys,28
kompasą,28
vargina,28
how,28
Rodžersai,28
romantikos,28
pasakokit,28
gailėsies,28
gailestį,28
gailisi,28
priimkit,28
Circus,28
žaisim,28
stabdyti,28
Zero,28
intelektas,28
tikrovė,28
likučius,28
atsidavęs,28
Rohanas,28
įlankoje,28
priėmimas,28
nepažinau,28
nepadarėme,28
could,28
pabodo,28
sujungė,28
iškviečiau,28
bernvakarį,28
lėšas,28
maestro,28
atsisėdau,28
atsistatydinimo,28
Plaza,28
įkandimas,28
įmonėje,28
įkalbėjau,28
lošimų,28
plaktuką,28
plakatą,28
pjūklą,28
pjesė,28
būm,28
neteisėtas,28
paruoštos,28
kazka,28
Čizolmas,28
testamento,28
through,28
Linusai,28
atsiims,28
Tijana,28
konferencijos,28
koncerte,28
pažanga,28
pažadų,28
nukreipia,28
praradimų,28
krautuvė,28
Hiustonas,28
lygu,28
mėginį,28
mėgstam,28
priėjimas,28
savigyna,28
fizinį,28
vaginos,28
Hoperi,28
Liusę,28
Liudmila,28
netruks,28
įgaliojimus,28
įgaliojimų,28
Annie,28
skandalą,28
tikėjaus,28
išvyksi,28
išversti,28
mėgdavo,28
mąstymas,28
Roris,28
nusileidimui,28
pulkininku,28
Ekvinokcijos,28
krizę,28
Arizonos,28
vaidinimą,28
vai,28
krikščionys,28
krepšiu,28
sugalvojot,28
mokslinės,28
antradienio,28
pelenais,28
blogiukas,28
nustosi,28
profas,28
valgom,28
Kruvinoji,28
krovinys,28
numanau,28
straipsnius,28
Stounai,28
30-ies,28
strėles,28
pasitart,28
stipru,28
vaišinkis,28
D.J,28
stuobrys,28
studijavo,28
studijas,28
baltus,28
Dirkai,28
Elvio,28
Emilės,28
vairuotoju,28
Kraufordas,28
fiureri,28
nepamiršo,28
nepamačiau,28
kreipiasi,28
moteriškos,28
prasmukti,28
angos,28
Roketai,28
Teksasas,28
telefonais,28
princesei,28
objektu,28
peno,28
vaikiu,28
pagaukit,28
sutrikimą,28
atšaukt,28
atkeršysiu,28
tvarkiau,28
Sergejus,28
nusitaikė,28
parašysi,28
gobtuvu,28
gnomas,28
restoranuose,28
reportažas,28
Šeršou,28
Džeke,28
pagirios,28
pagerbtas,28
viršukalnę,28
pavalgysiu,28
pavalgiau,28
nekviečiau,28
neklausys,28
eidavau,28
nušaukite,28
suvilioti,28
vaizdajuostę,28
pražudysi,28
Geko,28
ištekėsiu,28
išskrendu,28
žlugęs,28
išsirinkai,28
virsti,28
kūrinius,27
išorę,27
atsiskyrėlis,27
ziurek,27
pokštai,27
klubai,27
klubui,27
doro,27
ETA,27
Memnonas,27
skelbti,27
užrašytas,27
siuntą,27
skersgatvyje,27
pasiduos,27
berneli,27
pasikorė,27
pasilikai,27
šerifu,27
Beris,27
dalyvausiu,27
darę,27
Četai,27
prabangus,27
požymių,27
pjūklas,27
čempionate,27
Kalyse,27
dalyvavimą,27
Templtonai,27
tenkina,27
porcija,27
nenusprendžiau,27
tariamai,27
hakuna,27
Ozo,27
Lailai,27
tarptautinės,27
fojė,27
nemėgau,27
daktarų,27
daužo,27
žudikui,27
nėštumą,27
eh,27
Eibas,27
atsiųskit,27
daleles,27
Kaoru,27
pradejo,27
testai,27
atskleista,27
daugumai,27
pasiduot,27
meškiuką,27
jaunikliai,27
metą,27
sio,27
sios,27
šimtmečio,27
Nike,27
asociacijos,27
dovanot,27
asmeniu,27
Ianas,27
šiltą,27
Meisai,27
šilko,27
nešiojo,27
Šepardai,27
artyn,27
artėjant,27
asmeninę,27
prasidėjus,27
prarandam,27
praryti,27
įdomią,27
dabartinė,27
nepatikėsite,27
nepatikti,27
ėsk,27
formų,27
nepaskambino,27
Džordžija,27
pabudai,27
kvailystę,27
laiva,27
pranašas,27
Davis,27
iureti,27
nepasiruošus,27
tak,27
ieškinį,27
siekdamas,27
Dodas,27
jausiesi,27
pasipiršo,27
klijų,27
klientui,27
shit,27
better,27
Kole,27
medikų,27
lankei,27
Tibeto,27
kariniai,27
padainuosiu,27
nuvyksiu,27
pabėgęs,27
tabakas,27
tabako,27
atvaryk,27
sąžinę,27
gyvuos,27
žlugimo,27
kužda,27
tiekimo,27
nelengvas,27
fotografuok,27
nelinksma,27
gyvuoji,27
seržanto,27
pasiryžę,27
pasirūpinai,27
smarvės,27
dramatiška,27
pasiskolint,27
nevykusi,27
slėnis,27
smagumėlis,27
iššokti,27
vadinam,27
armėnai,27
pasisavinti,27
miliciją,27
išdulkinsiu,27
išdavystės,27
filmuot,27
išsiaiškinsi,27
išseko,27
žiūrovus,27
sąvoka,27
padarytume,27
nuvedžiau,27
atsigulti,27
lauktų,27
Svon,27
pievelės,27
nelaikyk,27
kariuomenėje,27
apgailėtini,27
Bilu,27
mineralinio,27
miltų,27
seksui,27
armijas,27
Alina,27
pasislėpęs,27
Gondorui,27
matysi,27
sparnu,27
ateisite,27
minutėmis,27
seksime,27
vagonus,27
Godfri,27
smurfų,27
prieki,27
tikrovę,27
Džilė,27
žinovas,27
voltų,27
prieikit,27
padengs,27
svarbiu,27
tikti,27
nepradėjau,27
prieglauda,27
vudu,27
pridaryti,27
nekreipti,27
Karlė,27
Vud,27
šaukiau,27
diskų,27
sekmes,27
nevalgysi,27
sekundė,27
Spider,27
speju,27
spindulį,27
vagį,27
šarvais,27
kompanijas,27
baudžia,27
sefe,27
Kompiuteri,27
seansą,27
Batleri,27
atgijo,27
parodyčiau,27
nubusk,27
Gotamą,27
MJ,27
blakę,27
spintelę,27
komos,27
šluota,27
jls,27
neužmušė,27
neužmiršk,27
abejoja,27
atsigaus,27
įkaitą,27
priešiškai,27
civilizaciją,27
atšaukit,27
atsidurtų,27
Džesio,27
Džimį,27
priešingą,27
prievartą,27
Fredą,27
tikėdamiesi,27
atšvęsim,27
išdurti,27
priesaika,27
Collette,27
Volkeri,27
Volkeris,27
leidžiantis,27
kunigo,27
atsekė,27
neišvengiamai,27
viščiuko,27
suvokia,27
suvesti,27
išsijungia,27
žingsnelį,27
padėta,27
priežiūrą,27
pertraukėlės,27
principus,27
priimkite,27
Frėja,27
priešininko,27
personalą,27
sauskelnių,27
pasiųsiu,27
saules,27
saugotų,27
dingusios,27
paskambinčiau,27
srovės,27
spūstys,27
blogesnių,27
mokei,27
Maria,27
Blumai,27
fabrikas,27
neturintis,27
Facebook,27
dinkim,27
dinkime,27
granatos,27
United,27
manėt,27
parduodamas,27
nugalėsim,27
Dinai,27
Gendalfo,27
manu,27
prisimintų,27
neišmanai,27
neišlaikė,27
prisisekite,27
prisiminčiau,27
kulkšnį,27
augalas,27
atsarginio,27
augi,27
sutelkti,27
pagavom,27
išsikrovė,27
tipiškas,27
karvių,27
fronte,27
vakarinę,27
gelbėtojų,27
saldainį,27
pasmerkta,27
hormonų,27
nugabenk,27
gražiausią,27
bankroto,27
mamutą,27
išvarys,27
parašęs,27
Morgulo,27
boksas,27
Diksonas,27
pastaba,27
Alvinas,27
sutaisysiu,27
paguldė,27
pergalių,27
pereisiu,27
susuko,27
kukliai,27
Act,27
ženkliuką,27
ženklelio,27
apiplėšimo,27
funkcijos,27
Kubos,27
susprogo,27
visuomene,27
įkvėpkite,27
išdėstyti,27
perjunk,27
visiški,27
Moro,27
Mori,27
Morisai,27
sagas,27
nukakti,27
išlipkit,27
šoksime,27
papuola,27
Malik,27
stengėmės,27
gražiausios,27
šokoladinis,27
banginį,27
konstituciją,27
rūkymas,27
Boria,27
atiduoda,27
nerodyk,27
įmanomas,27
apleisti,27
išsipildo,27
žemėlapius,27
suskiai,27
problemomis,27
negre,27
procento,27
susitikote,27
nusiųskite,27
žavesys,27
susituokė,27
priverst,27
prizo,27
centrinėje,27
susitrenkei,27
Jozefai,27
ryšiu,27
ryžtingai,27
bosai,27
tėvam,27
Majorovą,27
majonezas,27
rytinėje,27
Bostonas,27
Bostoną,27
valgykloj,27
bandelės,27
Greene,27
paprastus,27
šortus,27
paplokime,27
akademijos,27
nesvarbus,27
Mulins,27
rutina,27
valstiečiai,27
bandęs,27
Vine,27
IQ,27
negalėtumėte,27
susipažinęs,27
gabalėlius,27
peniu,27
Andrius,27
Kailo,27
atremti,27
ausimis,27
gulkit,27
Tornadai,27
Peirong,27
vinis,27
Toras,27
tragedijos,27
susitarsime,27
pult,27
puošia,27
punkto,27
nedarysim,27
invaziją,27
gaidy,27
negaišk,27
įprastą,27
nesakėte,27
pakartosiu,27
žaislą,27
lietė,27
susisieksime,27
nusiplauk,27
likimui,27
ligotas,27
traukė,27
imperatoriau,27
Patai,27
įveiksim,27
įvertink,27
gebėjimas,27
mutante,27
improvizuoti,27
maitinimo,27
mutantė,27
akademija,27
strypą,27
baltąjį,27
Rudis,27
pateikt,27
ištrūksim,27
bėgius,27
būdai,27
Puškinas,27
Feris,27
išsitiesk,27
žaisiu,27
pussesere,27
pažymėtas,27
susijaudinau,27
linksminkitės,27
susijusios,27
susikoncentruok,27
būriu,27
kadro,27
įrašysiu,27
kiaušiniais,27
Rooney,27
judinkit,27
Ama,27
Amalai,27
panda,27
nuliūdino,27
gausu,27
imsim,27
studijuoja,27
pamokyt,27
ištrauksime,27
Emetas,27
ketvirčio,27
Khanai,27
Faradėjau,27
Koroliovą,27
Maikis,27
pėdsakas,27
depresijos,27
jžs,27
pažangą,27
paklausyt,27
įsibrovėlis,27
išgelbėtas,27
little,27
Afganistaną,27
surengsime,27
surinkai,27
analizės,27
pėdsaką,27
vieniems,27
trenks,27
Roki,27
didžiuliai,27
įtraukta,27
Korėjoje,27
mėgaujiesi,27
rogių,27
rokenrolas,27
varpą,27
šuolio,27
tvarkė,27
sudužimo,27
Rodrikai,27
elnią,27
pamišus,27
duota,27
ištrauksi,27
Ramonas,27
Bučai,27
randame,27
trečiam,27
interesai,27
bučiavo,27
pakvaišot,27
liudininku,27
trikdžiai,27
trikampis,27
Trevisai,27
krečia,27
krentu,27
dėmesingas,27
patikėjęs,27
didvyrė,27
mėgaujasi,27
ketvirto,27
ketverių,27
gaudavo,27
nesusižeidei,27
Aizengardo,27
pamatėme,27
turėkite,27
Hofmanas,27
ambicijų,27
grietinėlės,27
lšleisk,27
Elė,27
neabejok,27
neapgausi,27
realus,27
reabilitacijos,27
Ahh,27
atokiai,27
sunkoka,27
nupirksim,27
galus,27
raudonais,27
Sunaina,27
sunaikinau,27
sunkiausias,27
desertas,27
Ričardą,27
apsivertė,27
Keti,27
mėlynės,27
turtingų,27
lygmuo,27
Lynet,27
Grifas,27
broliams,27
lėlių,27
sugebėjimus,27
sugrįžimas,27
kepures,27
nesugebėsi,27
nesugadink,27
apsispręsk,27
Elisa,27
Krabinukų,27
tupi,27
nama,27
apsirengus,27
suimkit,27
sujaudinta,27
pavogęs,27
išgirsk,27
paveldėtojas,27
pavidalu,27
venomis,27
keltu,27
naujausia,27
naujokų,27
registracija,27
regėjimas,27
galėdama,27
sumokėsim,27
Lokai,27
sumuštiniai,27
galvijų,27
troškinį,27
trr,27
palaikysi,27
gamybą,27
veikiausiai,27
kepsnių,27
Brothers,27
nespės,27
dešinį,27
pauzė,27
nestabilus,27
sukurs,27
sulaikys,27
paliest,27
paliaubų,27
Brunas,27
narkomanų,27
religingas,27
turgus,27
juosmens,27
juokiuosi,27
dešimtis,27
paveikslus,27
amuniciją,27
trumpos,27
sumanęs,27
kraujuoti,27
narsiai,27
lordu,27
išspręsime,27
išspyrė,27
šypsojosi,27
grobį,27
neskaičiau,27
sulaužysi,27
atminimo,27
atminimą,27
plotas,27
žvejybos,27
organizaciją,27
off,27
obuolį,27
obuoliai,27
fizinę,27
Flešai,27
plytų,27
ordino,27
oranžinis,27
žymes,27
skaitys,27
albumo,27
Albin'ai,27
benziną,27
telegrama,27
labirinte,27
lagaminu,27
kėdes,27
atsinešė,27
egzaminus,27
egzekucija,27
žvaigždėlaivio,27
atsinešti,27
Telma,27
ponis,27
kancleris,27
taure,27
laikotarpiu,27
kambarinė,27
neparduodamas,27
nepaprasto,27
Čarliu,27
nepadarius,27
išorinį,26
Zohanai,26
Čeisas,26
antrosios,26
nepamatytų,26
atsisveikinimas,26
Izraelį,26
kapinės,26
daužosi,26
pirato,26
Pirkas,26
tapati,26
išprotėjote,26
tarpusavy,26
Yahzee,26
nepasiekė,26
fiurerio,26
pradingti,26
tamsios,26
paauglė,26
paaiškintų,26
atsivėrė,26
pasidaviau,26
nigerio,26
užsiėmimą,26
užtaiso,26
potvynio,26
Zaicevas,26
Antonai,26
Nensė,26
bernvakaris,26
jaunystę,26
silpnybę,26
asmeniui,26
skraidė,26
užrašysiu,26
eros,26
pasidomėti,26
troškimai,26
palangės,26
nupiešti,26
palata,26
Palau,26
šąla,26
verkiu,26
galvomis,26
pavadinsim,26
nespėju,26
kepta,26
reperis,26
namučiai,26
pavojingai,26
realu,26
sumokėčiau,26
tureti,26
grizlių,26
ain't,26
paliečiau,26
įskaitos,26
juokelius,26
juokelių,26
bruožų,26
krautuves,26
įsivėlė,26
įsiveržti,26
dešimčia,26
neskriauskit,26
kentėjau,26
sukrušti,26
Lui,26
apsistojau,26
rezidencija,26
rezidencijoje,26
turtingu,26
turtingą,26
ištiesti,26
lygių,26
sugrįžus,26
dideliam,26
respublikos,26
garbingi,26
naktiniai,26
broliuką,26
įspūdingo,26
riksmas,26
ribose,26
turkų,26
sukaks,26
paliksite,26
Elisonai,26
apsirengei,26
Veid,26
įstaigą,26
patyrę,26
pavojingiausia,26
naudojimo,26
pavogt,26
rengiu,26
lyginant,26
lydės,26
Turkijos,26
suimta,26
pakėlei,26
grotuvą,26
liūdni,26
rašalo,26
galvojote,26
įsitikines,26
balionas,26
balionų,26
veterinaras,26
pavėlavome,26
buteliukas,26
keliamės,26
dėlei,26
dėkoja,26
dėja,26
nuramink,26
Rizvanai,26
farą,26
fast,26
patranka,26
butum,26
įsilaužimas,26
amžiuj,26
rankeną,26
kerų,26
riešus,26
riksmai,26
Brendonas,26
gardus,26
mėlynų,26
Gastonas,26
rizikuojame,26
keistuolių,26
nebaigėm,26
bučiuoja,26
neatsisakyčiau,26
pašnekėt,26
įsijungia,26
feel,26
neatpažįstu,26
nebedirbu,26
suplanuoti,26
elektroninis,26
dėmės,26
pakvaišusi,26
liudijimą,26
triko,26
Rajano,26
Vatikanas,26
fantomai,26
įtariamieji,26
rodeo,26
patinkat,26
nesupyk,26
didybės,26
raganas,26
numirt,26
pamelavai,26
sugadins,26
griauna,26
lėlės,26
Koulas,26
breathing,26
Robin,26
adresų,26
dėvėjo,26
grupuotės,26
avansą,26
linksmybes,26
paklausys,26
bėgantis,26
pėdsakais,26
jumyse,26
pyragaičių,26
vieninteliam,26
trenkt,26
aviną,26
suraskim,26
išsitraukti,26
nusikalstamumu,26
atkeršyt,26
kosminė,26
atkreipk,26
rokenrolo,26
Varinija,26
vario,26
Kevai,26
gaujai,26
neatsakai,26
ketvirtadienio,26
Elrondo,26
sudalyvauti,26
durk,26
šunelį,26
šuniuko,26
sudominti,26
žaidėjus,26
žaidžiant,26
traukiu,26
automatinį,26
Kristė,26
pažeminti,26
aprims,26
nesigaili,26
nedarytų,26
vietinius,26
nebūkite,26
nebūdavo,26
pažymėjimas,26
susidėjai,26
linksmi,26
linksminamės,26
šuniukai,26
Ronaldai,26
Ronanai,26
imsiuosi,26
vargšus,26
kiaušiai,26
Rosa,26
Diegai,26
pažadai,26
įsibrovėliai,26
romantikas,26
nesustojo,26
maitinasi,26
suaugti,26
suaugus,26
panaudot,26
žaisliukas,26
pakaušį,26
Puarai,26
apmokyti,26
vikšre,26
nedelsk,26
būtybes,26
nedingo,26
Rubliovkos,26
nesąmonėmis,26
susirūpinusi,26
ligonines,26
trasą,26
trauki,26
susiraskite,26
išsiskirstyti,26
tyrinėtojai,26
tyrinėtojas,26
paplepėti,26
greitkeliu,26
greitkelį,26
greitojo,26
studentais,26
gebėjimų,26
pažintis,26
ruduo,26
aptarėm,26
patekom,26
įteikt,26
Ban,26
bambly,26
dulkėmis,26
pastumti,26
įvykdžiau,26
dek,26
Deivu,26
negrįžta,26
priversime,26
tonu,26
Lide,26
dienotvarkę,26
musulmonų,26
Braga,26
gražiu,26
makiažą,26
papuošalai,26
valgyklą,26
pastūmė,26
profesionalų,26
Ferrari,26
įpareigotas,26
kailiu,26
projektu,26
negarbinga,26
viliojančiai,26
negalvoti,26
galaktikoje,26
nervinga,26
susitaikymo,26
pajėgomis,26
adatų,26
pajudėt,26
susitikinėjo,26
negavome,26
Perl,26
visiško,26
apkabą,26
apimtas,26
neisim,26
Lesle,26
Leną,26
sustabdysime,26
Stifler,26
drįstu,26
paragausiu,26
Tūkai,26
Valeri,26
rūpinsiuos,26
alėja,26
sakalas,26
negražus,26
alyvuogių,26
gelbėtojai,26
moteriškė,26
bankrutavęs,26
stengsiuos,26
šoksim,26
Malkin,26
pajudink,26
pailsėsiu,26
Džauana,26
virusu,26
viryklės,26
nervinasi,26
įlipti,26
produkto,26
nepriėmė,26
nepyksta,26
prisigerti,26
apibūdino,26
persigalvosi,26
suteikite,26
Žibie,26
pagauna,26
nugalėjau,26
parašą,26
Konorą,26
Kingsman,26
Salim,26
vakarėliuose,26
pripažint,26
chuliganai,26
saldainiai,26
kilę,26
valdovai,26
bokalą,26
Maniksai,26
maniškė,26
šnipą,26
stebėjai,26
sustojom,26
ada,26
paguoda,26
privalėjai,26
pereikime,26
kastuvą,26
Sab,26
Monte,26
spynos,26
spąstų,26
spruk,26
barščius,26
parduotuvėse,26
parduosi,26
išviso,26
atidarymas,26
Hoperis,26
mokyklas,26
mokykitės,26
santuokoje,26
paskutinėmis,26
paslėptą,26
moksliukas,26
arabai,26
samurajai,26
dileris,26
manytum,26
Mara,26
sraigtasparniai,26
šnekėt,26
nugalėjai,26
hormonai,26
sutvarkei,26
sutiksite,26
augalai,26
Kashas,26
neišleisk,26
prisijungęs,26
pristatys,26
dinamito,26
nusuksiu,26
išsikapstyti,26
leidžiat,26
pripildyk,26
Vladiką,26
neklausykit,26
nepranešė,26
priešinasi,26
perskaitė,26
personažas,26
įkandimo,26
įkalino,26
prigavau,26
neprieštaraujate,26
peruką,26
suvenyras,26
saulėlydis,26
neturėtumėt,26
sausainį,26
vairavimo,26
pasižiūri,26
Aloha,26
prievartautojas,26
nekartosiu,26
marihuana,26
sraigtasparnių,26
vaisiai,26
šaldymo,26
saugome,26
dingusio,26
neutralizuoti,26
dirbom,26
savos,26
kitąmet,26
Jessica,26
diržu,26
vaidinu,26
sedėti,26
gerb,26
klaidžioja,26
spintelėje,26
komplektas,26
parodykim,26
urvų,26
Martino,26
spjauk,26
hot,26
uždariau,26
Henriu,26
anglis,26
pasiūlymus,26
arenos,26
kitom,26
argumentas,26
savininką,26
savaitėm,26
prievartavo,26
kupina,26
svajone,26
sužinojot,26
tikėkis,26
padovanok,26
paduot,26
atsidūręs,26
svetainės,26
helį,26
Helovino,26
tikslai,26
prietaisai,26
Frenku,26
mirusiais,26
mirtinos,26
pridenkit,26
svarbiausio,26
žioplys,26
džiugina,26
Nutraukit,26
džinsai,26
Džimu,26
žiurkes,26
drebu,26
sekančią,26
mistika,26
pasitrauks,26
pasiutai,26
pasitvirtino,26
nekreipia,26
Karolinos,26
uždirbsiu,26
Spartakai,26
Baueri,26
specialiosios,26
specialistai,26
maskuotė,26
spauskite,26
partnerė,26
Tiffany's,26
įgulai,26
frazės,26
vykdomas,26
nepažįstat,26
pianiną,26
septintasis,26
ieškomi,26
premjerą,26
nelabasis,26
prekiautojas,26
kurmis,26
Atsiimk,26
žiurėk,26
džiunglės,26
atvažiuokit,26
ignoruoja,26
arogantiškas,26
senajam,26
gestas,26
senatoriaus,26
senutė,26
išdidžiai,26
Franciską,26
smūgiuoja,26
šiukšlyne,26
paršas,26
draugauji,26
klausa,26
klajūnas,26
mintinai,26
klasių,26
atspėsiu,26
Lanisteriai,26
kariškių,26
apgailėtiną,26
pratybas,26
įgauna,26
Mika,26
skubaus,26
finalą,26
pravažiuoti,26
vyre,26
nepatenkinta,26
išrinkau,26
tiekėjas,26
pacientu,26
nuvešime,26
išėjusi,26
bee,26
pasakėm,26
vabzdžiai,26
servetėlę,26
neįtikėtini,26
Dobis,26
Doc,26
milimetrų,26
sero,26
neįeis,26
užkrėstas,26
kolonos,26
smuikas,26
smulkiau,26
bedarbis,26
atskirą,26
pranašystės,26
praloši,26
formalumas,26
nemalonumai,26
apačion,26
itas,26
prasidejo,26
Bertonas,26
sielvartas,26
signalų,26
dainavau,26
nemiegojo,26
vėžlių,26
taikliai,26
žmogėdros,26
siaubūnas,26
siaura,26
Seva,26
pasirašyta,26
doleriÖ,26
užtruksime,26
užtraukti,26
migdomieji,26
kokteilis,26
slaugos,26
erzini,26
medicininė,26
mediką,26
pasiaukojo,26
nindzės,26
migdomųjų,26
pasikeitimų,26
skai,26
knygai,26
Sjuzana,26
Polą,26
atsiskaityti,26
atsiprašė,26
taryboje,26
bendrų,26
skaudini,26
šiknaskylę,26
ICQ,26
Mendi,26
pasielgęs,26
pasiekiama,26
pasiglemžė,26
nenusipelnei,26
planavai,26
požemius,26
ESPN,26
Šermanas,26
Metiolkinas,26
nešoksiu,26
men,26
ožį,26
ožio,26
Dana,26
Poterio,26
firmą,26
Čepmenas,26
čempioną,26
Čekovai,26
gripas,26
išspręsim,26
nuovados,26
baigesi,26
sumaišė,26
šviežių,26
kraujuoju,26
trumpesnis,26
has,26
išaugs,26
plazmos,26
nepakenktų,26
plokštė,26
objektų,26
labdarai,26
lordą,26
dora,26
skaičiuoja,26
ginkis,26
Benu,26
Egipte,26
žvėrie,26
teisiškai,26
teisininkė,26
laikom,26
išplėšė,26
žuvimi,26
tavąją,26
taške,26
atsistatydinti,26
tapsim,26
šiaurinės,26
14K,25
10-ies,25
žūtį,25
fleitos,25
kūrybos,25
plėšti,25
kūrėjau,25
tekstas,25
polinkis,25
nepainiok,25
nepagausi,25
Flo,25
popietės,25
kvėpuoju,25
atsitikimą,25
planetai,25
nenusisuk,25
Portmanai,25
portalą,25
kanda,25
kalva,25
požymis,25
kankiniesi,25
nenusipelniau,25
plakatus,25
Pitsburgo,25
nepasiduoti,25
daržovės,25
mesi,25
pasiklydom,25
šešėliu,25
šiauriniame,25
skaitysiu,25
mergytės,25
Merilai,25
artėjo,25
dorai,25
nežinomi,25
Doris,25
nežudysiu,25
jaudinanti,25
skaičiavimas,25
kvartalus,25
gėrybių,25
atskleis,25
daktarus,25
Džude,25
pabaikime,25
tamsiai,25
tamsią,25
tarakonas,25
terminatorių,25
Hagrid,25
atsivežiau,25
Dalai,25
nemėgo,25
Wi-Fi,25
mete,25
pasiliksime,25
pasilieki,25
nežaisiu,25
pasiektas,25
bendrininkas,25
girdisi,25
melodiją,25
šiknas,25
Alekas,25
užsitarnauti,25
Finas,25
finansiškai,25
prakeiktam,25
nemirsiu,25
anūkė,25
t.t,25
kvailiausias,25
them,25
Taco,25
IV,25
nušoko,25
žmogišką,25
Taileriu,25
Tailerį,25
there,25
laivynui,25
laki,25
pabandė,25
miau,25
klius,25
Artiomui,25
silpnumas,25
pasilinksminsim,25
skruzdėlės,25
meksikiečių,25
meistru,25
melagiai,25
melai,25
gimimą,25
užprogramuotas,25
nigerių,25
Niksai,25
Nikole,25
šerifui,25
Sintiją,25
užsukai,25
MI7,25
vėžių,25
vėrinys,25
nepastebėtas,25
prarandame,25
praradimo,25
praneši,25
nemandagi,25
vyriškos,25
kardai,25
kareiviu,25
nepastebimai,25
kalių,25
ankstesnį,25
nelipsiu,25
apdovanojimas,25
vystymosi,25
nešiau,25
pasinaudosime,25
medi,25
pasiaukoti,25
Ninai,25
pasirinkimus,25
eteris,25
pasipiršti,25
mielasai,25
sidabras,25
užtruktų,25
artimuosius,25
ieškojimas,25
pasimylėt,25
jauno,25
pravažiavo,25
pilotu,25
piliules,25
Džonsai,25
Džordžijos,25
išsaugojai,25
sėdite,25
sėdėdamas,25
sėdintis,25
atstumti,25
prašmatnus,25
žlugimą,25
žlugti,25
pildosi,25
įeisim,25
Frank'ai,25
neįmanomo,25
kolegą,25
Shelter,25
Kleir,25
Ievute,25
slaptažodžio,25
užmuštas,25
užmokestį,25
Hurstai,25
skėtį,25
J.D,25
Nojus,25
pasaulinė,25
aktyvuosis,25
šiokia,25
prekiauja,25
sykio,25
atvažiavote,25
gyvenote,25
padarinių,25
padarome,25
nuvažiuok,25
išsiblaškęs,25
sąjungininkas,25
pietinio,25
išdulkino,25
priblokštas,25
užlipk,25
užkratas,25
užmigsiu,25
pasisakyti,25
neįdomus,25
News,25
ereliai,25
NORAD,25
užvirė,25
užklupo,25
užkeikimą,25
smėlį,25
pasakėme,25
pasirinktas,25
jausčiausi,25
šeimininkų,25
vabalai,25
užčiaupti,25
padegti,25
atvykimą,25
atvyktų,25
svarbesnė,25
neklysta,25
prieina,25
priekines,25
atvirumo,25
Einšteinas,25
išsigalvojau,25
žinomą,25
padengtas,25
neklausau,25
neklausei,25
prielaida,25
tikrino,25
atsidūrėte,25
pasisveikint,25
pasistatyti,25
Aliaskoje,25
Mirandos,25
sekundėms,25
vagies,25
minta,25
minusas,25
klaupkitės,25
vadovauk,25
Arnoldai,25
vadinat,25
jaučiat,25
Sergejau,25
milijonu,25
miltelius,25
septintas,25
civilis,25
padėjot,25
žinojusi,25
lašelį,25
svaigalų,25
atsidaryti,25
nepriekaištinga,25
perspektyvos,25
neprieštarauja,25
angelą,25
kalavijas,25
lazdelių,25
sutvarkysi,25
vokas,25
priimam,25
priimame,25
priešnuodį,25
Ilainai,25
Šarlina,25
šaudau,25
šaukiu,25
diskusija,25
bičiuliu,25
iššifruoti,25
sociopatas,25
socialinio,25
bausti,25
sočiai,25
Spaikai,25
nutarėm,25
audinys,25
tinklai,25
Suzana,25
Abelis,25
prisidirbai,25
chuckles,25
primint,25
primins,25
suvokė,25
gylį,25
Deivisas,25
perlo,25
pernakvoti,25
išeikim,25
įkišt,25
pasivažinėt,25
disciplina,25
kompensuoti,25
Goldbergai,25
vaidinai,25
klaikiai,25
parvežk,25
šlamančių,25
išvykę,25
šlapimą,25
partneriais,25
sekretore,25
biznio,25
bjauraus,25
speneliai,25
Gurovai,25
prisigėriau,25
prisiimu,25
neprireikė,25
Persijos,25
Džerį,25
augalų,25
sutikome,25
pagausim,25
Achilas,25
ekonominė,25
Chin,25
prisistatyk,25
vitaminų,25
kasetė,25
vizijas,25
ateivį,25
spermos,25
vaig,25
mlrd,25
areštavo,25
nubausk,25
parodai,25
paremtas,25
išveš,25
maršruto,25
savojo,25
uždarau,25
atgausiu,25
nevaldoma,25
seansas,25
Mitrandirai,25
gerbk,25
auksiniai,25
Tokijuje,25
perkėlimas,25
titrai,25
žengt,25
nuskristi,25
sutaisyt,25
fėjų,25
neieško,25
Lenis,25
Peregrinai,25
figūrą,25
nerimas,25
privalumas,25
privačią,25
Saudo,25
sapnuoti,25
konfiskuoti,25
neturėtu,25
neturėsime,25
paskambinsime,25
vairuotojau,25
vairavau,25
Ilinojaus,25
kirvio,25
vaikosi,25
paskaitų,25
direktoriumi,25
mobilusis,25
saulėtekio,25
Tomio,25
liemenė,25
susišaudymą,25
susižeisti,25
Džeikobo,25
žemina,25
ekspedicijos,25
prižiūrėt,25
virėją,25
priėmėte,25
Hidra,25
aukštumas,25
Ešlė,25
dingusį,25
dingau,25
Joki,25
sandėlio,25
generatorių,25
mokslu,25
mokslui,25
Kirilas,25
paslaptingoji,25
išvydęs,25
parduos,25
parduosim,25
Marku,25
Barrow,25
uŲ,25
spėkite,25
upokšnio,25
nudėsi,25
Enterprais,25
dronai,25
kaimus,25
kaimyne,25
penktosios,25
produkcija,25
kaimietis,25
pajust,25
liepėt,25
susitikinėjau,25
atsakas,25
pajėgose,25
stadioną,25
manėte,25
samurajų,25
mokytojos,25
drėgna,25
nueini,25
stalčiuje,25
Genadijau,25
Starką,25
statinę,25
konkurencija,25
Pen,25
liemenėlę,25
protingo,25
gabenti,25
prostitutę,25
progresas,25
grįžtume,25
likimus,25
susiruošėt,25
susisieks,25
pakeisime,25
žaliapūgi,25
pakarti,25
psichologą,25
psichologė,25
negadink,25
prožektorių,25
vikriau,25
įpėdinį,25
nesenai,25
įprasto,25
nedarėme,25
viešą,25
pulto,25
puikiu,25
nesielgia,25
pažvelgiau,25
įraše,25
pupeles,25
statymus,25
startas,25
sakydavai,25
išvažiavai,25
parašys,25
parašiutas,25
stebiesi,25
bankrutavo,25
bankui,25
akivaizdus,25
Bobu,25
Momo,25
apyrankės,25
susidarė,25
puspročiai,25
vietovės,25
kadilaką,25
dūmais,25
trejetas,25
atplėšti,25
Treadwellas,25
trasos,25
him,25
nusimesti,25
vienuoliai,25
vienuolė,25
pusseserę,25
pusiaukelėje,25
puslapio,25
Boromirai,25
rėk,25
įvykiais,25
Jozefas,25
atiduotų,25
stengsiuosi,25
kilogramus,25
maldauja,25
mali,25
drįsta,25
failas,25
paspaudimas,25
Valere,25
morkų,25
vienetų,25
pažint,25
lipame,25
trenkta,25
atpažino,25
Pyrsas,25
Susan,25
treniruojasi,25
paklaustum,25
paklaustų,25
paklausčiau,25
dėže,25
išsiuntei,25
linksmą,25
mulkių,25
valčių,25
nesveikai,25
fantaziją,25
bandantis,25
bandysim,25
bandymo,25
Makveidas,25
stiprina,25
Holė,25
šonkauliai,25
akcento,25
stovite,25
ryžto,25
rytiniame,25
rytinę,25
mugėje,25
Strabo,25
vienatvės,25
galingesnis,25
nebelieka,25
Lizą,25
Lizbet,25
Raibenai,25
rabinas,25
dėstytojai,25
Liusile,25
Azijoje,25
gros,25
kretinas,25
galinį,25
kriauklių,25
trečiosios,25
pakrypo,25
nesutampa,25
ambasadoriau,25
judėsime,25
branduolio,25
apsėsta,25
apsvaigusi,25
ištversi,25
duobės,25
ištrūkt,25
straipsnių,25
pateik,25
striukė,25
Vanda,25
maivytis,25
raktu,25
apsiaustu,25
nebandai,25
fell,25
įsikišo,25
butinai,25
neatsakė,25
randus,25
vežu,25
vežimas,25
rankšluosčių,25
neatlaikys,25
rankraščio,25
jėgerių,25
įtraukt,25
nesutarimų,25
mylią,25
patikimi,25
duobė,25
pamėginkite,25
magiška,25
tvirtą,25
Baltazarai,25
suaugusiųjų,25
dumk,25
rasistas,25
liūtą,25
supakuoti,25
supainiojo,25
sunkvežimiai,25
ūkininkų,25
nurodinėti,25
rausva,25
ał,25
trina,25
grožiu,25
sunkvežimius,25
apsilankymą,25
apsilankymas,25
rašys,25
rašysenos,25
detonatorių,25
pavojingiausias,25
išgirstų,25
išgelbėtum,25
atmušti,25
verkšlenti,25
injekcijos,25
galvutę,25
Lokis,25
sunaikina,25
įtariamuosius,25
jungtis,25
įtariamojo,25
Robinson,25
madų,25
suburti,25
gaudynės,25
patikrintas,25
nesuras,25
tvarstį,25
sudarytas,25
sudaužyti,25
MacCormack,25
tvarsčių,25
įsitikinčiau,25
reikalingų,25
verkei,25
galėtumėme,25
lovytę,25
neskambinsiu,25
pavogėt,25
pavergti,25
Elenos,25
dvynės,25
bagažo,25
baidyklė,25
Narnijos,25
naudingi,25
Velso,25
apsisuko,25
ritualas,25
rinkimai,25
garstyčių,25
kertu,25
lšties,25
patvirtinimas,25
griauti,25
turėtumei,25
pamilti,25
lįst,25
balių,25
sugavai,25
griebkite,25
balandėliai,25
religiją,25
pavarom,25
juočki,25
Tukas,25
Sukre,25
Kentas,25
šviežios,25
išmanote,25
lt,25
sukrėstas,25
sulaukęs,25
sulauksime,25
atminti,25
dvoki,25
paliečia,25
nuostabiausią,25
palikdamas,25
ištaisysiu,25
įstatymui,25
restoranai,25
keptos,25
apsirengt,25
repo,25
kepsnio,25
sugis,25
kovinis,25
sugautas,25
riebus,25
nesugalvoju,25
paukšteliai,25
švarų,25
Šveicarijoj,25
Šveicarijoje,25
Lysenka,25
lytinis,25
kovokit,25
kovokite,25
dviejuose,25
Rendolfai,25
gangsteriai,25
Turkijoje,25
lygmenį,25
repas,25
garai,25
veikėją,25
renginio,25
veikėjai,25
dvynių,25
šventieji,25
ištekliai,25
tuno,25
turas,25
nuolankiai,25
originalo,25
laikotarpio,25
kanalų,25
plaukiu,25
Harkeri,25
atsinešk,25
kąnors,25
Kytai,25
orumo,25
laimingasis,25
tarakonų,25
atsivesk,25
Kvin,25
Džunė,25
ožkos,25
Teodeno,25
Havajuose,25
Havana,25
Optimusą,25
išpažintį,25
užsikrėtė,25
Benis,25
Benks,25
teisėtai,25
Harvarde,25
egiptiečiai,25
žvakes,25
nepaklusti,25
nepalikau,25
obligacijos,25
organizmą,25
ofisas,25
Edą,24
obligacijas,24
oficiali,24
organus,24
orgazmą,24
žvelgiu,24
oficialu,24
kampanija,24
nepakvietė,24
nepaliksime,24
šiaurinė,24
mergą,24
Merlinas,24
siųstuvą,24
nežinant,24
šeštos,24
Jasuko,24
Japoniją,24
mergaitėmis,24
mergelės,24
beprotiškos,24
beproti,24
užsimauk,24
Eseksas,24
pasiimtų,24
jaudinantis,24
Džounso,24
žudys,24
kvartalas,24
gėrėm,24
nenorejau,24
dali,24
skaičiumi,24
mergiote,24
pragaran,24
kapitalo,24
atsivežė,24
termino,24
terminą,24
gėrimais,24
Džounsą,24
Eidenai,24
suknistu,24
Luise,24
Brumhilda,24
kenksminga,24
rektorius,24
dešimta,24
federalai,24
juokingą,24
sugebėčiau,24
patyrėm,24
baimei,24
palenk,24
sukurtos,24
tuneliai,24
Luisą,24
tualetinio,24
kovose,24
nuodėmę,24
dvieju,24
pamanyt,24
ištikimybe,24
palėpėje,24
sugri,24
sugebėsite,24
Nani,24
veiksiu,24
pavaduotojo,24
amerikiečius,24
NEST,24
įskaudino,24
bruožai,24
rimtus,24
išspirti,24
nuovadoje,24
nuošalyje,24
trūkumą,24
Verai,24
naujaisiais,24
juočkių,24
galvosi,24
ketinimų,24
rinko,24
buciau,24
Venecijoje,24
reiktu,24
reikiamus,24
trumpiausias,24
sumaištį,24
sugaištą,24
sudėtingo,24
mėnesinės,24
didelėmis,24
mėlynę,24
mėsainius,24
mėsainį,24
važinėji,24
Gamora,24
Robertą,24
sugavome,24
lėti,24
lėktuvais,24
atlaikys,24
Hodoras,24
paminėjo,24
sumąstė,24
palapinė,24
nuošaly,24
nupiešk,24
dčl,24
palaiminimą,24
aštuntos,24
lokiai,24
Robą,24
patikima,24
įtaisas,24
išilgai,24
keturiomis,24
trolių,24
sunaikinsi,24
Loidai,24
sudėjimo,24
korėjiečių,24
sudaužytas,24
šuoliui,24
durininkas,24
pamišimas,24
tvirčiau,24
rodyklę,24
naujiems,24
vergė,24
informuok,24
Ketė,24
mąstyt,24
Rokis,24
varva,24
lūžio,24
vertėjas,24
vestibiulyje,24
Burrows,24
Vanger,24
gausis,24
Roniną,24
numalšinti,24
Panamą,24
supažindint,24
ašara,24
triušiai,24
ūkininko,24
nurodymas,24
Ašotai,24
Himleris,24
Triče,24
įsitikinimų,24
našlaičiai,24
našle,24
real,24
rašymo,24
neabejoji,24
rašytoja,24
neateisi,24
Loky,24
griūna,24
griūva,24
grojau,24
Loomis,24
Nazarai,24
detektyvą,24
nesiskundžiu,24
pašėlti,24
pašėlusiai,24
derinys,24
derliaus,24
pačiulpti,24
paėmėte,24
įsijungti,24
raktelį,24
paėmėme,24
įsiminti,24
išgerkit,24
Desmondas,24
deseptikonų,24
neatpažįsti,24
keičiam,24
pašokime,24
stumia,24
korporacijai,24
romanus,24
patelė,24
patekot,24
Jungiam,24
kečupo,24
apsupkite,24
panašesnis,24
pamąstyti,24
šulinio,24
ištrynė,24
baltais,24
tyrimu,24
Honkonge,24
atkalbėti,24
nusamdyti,24
pakrašty,24
pakrančių,24
Hitler,24
apsauginiu,24
nebandžiau,24
nebebūtų,24
galingai,24
nulems,24
bananą,24
Rosy,24
aptarinėti,24
nebandykit,24
supykai,24
trigubas,24
dėsnius,24
striukės,24
streikas,24
koridoriumi,24
panorėsit,24
Dulokas,24
dulkino,24
Empire,24
šukuosenos,24
bučiuojasi,24
neatvažiuos,24
pasveikinkit,24
geba,24
mušdavo,24
muzikantų,24
ruošiau,24
maitintis,24
nebemyli,24
paklausykim,24
surengsim,24
kristalas,24
litrų,24
pėdsako,24
vienišius,24
demoną,24
patale,24
įveiks,24
departamentui,24
nesiklausiau,24
pažadinsi,24
įsidarbinau,24
pašviesk,24
išgelbėsim,24
AK-47,24
šone,24
majoro,24
bandelių,24
kontaktų,24
bandėt,24
ryklį,24
Mozė,24
nebematau,24
pažeidei,24
pažeidžiama,24
pažeidžiami,24
muilas,24
tėvai-įkūrėjai,24
majorą,24
dukterėčios,24
bėgimas,24
Traukite,24
grąža,24
susimausi,24
Elas,24
pakentėti,24
advokate,24
išsiskyręs,24
rūkė,24
rūgšties,24
moteriškas,24
dievino,24
Dilano,24
jou,24
vienuolyne,24
bėglį,24
kontora,24
tęsiu,24
maldavau,24
tęst,24
parazitai,24
Malkolmas,24
malonios,24
konstitucija,24
nesijaudinčiau,24
Deniu,24
kabinti,24
vienišą,24
įžeidinėji,24
netiko,24
gelbėja,24
rūpesčius,24
geležinį,24
kadrai,24
pažiūrų,24
nebūdinga,24
nedavei,24
Gają,24
nedaugelio,24
vietovėje,24
Endže,24
nugyventi,24
akimirkomis,24
stebini,24
bar,24
statusas,24
monstrus,24
salas,24
iškarto,24
valandu,24
geležinė,24
sakėme,24
geležinių,24
Mamajau,24
Steisis,24
pardavimą,24
gryžti,24
Lilios,24
linksminiesi,24
pažįstamos,24
kadrą,24
kadrų,24
Jonesas,24
iškasti,24
Pelenė,24
programai,24
negausit,24
gabaliukas,24
blynai,24
mokėjai,24
univero,24
Horacijau,24
susipa,24
susipainiojo,24
Vilsono,24
gadint,24
Vilčiau,24
nerūkoma,24
pelyte,24
peilių,24
nedėvi,24
Irakas,24
Australijoje,24
išsiskyrusi,24
admirolo,24
ligoninei,24
tranzito,24
ligoninių,24
būstą,24
apmovė,24
nesaugus,24
nesididžiuoju,24
nesiartinti,24
įpročių,24
psichiatrą,24
nedrįsčiau,24
pajuokos,24
išmoksiu,24
tragiškai,24
gudruolė,24
susirūpinimą,24
torpedą,24
krovinio,24
apleistą,24
Jondu,24
susitikinėjam,24
gubernatoriau,24
ausines,24
pakalbėjau,24
pajėgsi,24
pakabink,24
žarna,24
konkrečiau,24
vakarieniaut,24
iltis,24
imame,24
netikęs,24
Jono,24
įžymus,24
įžūliai,24
nueičiau,24
šnekėk,24
nugalėsiu,24
šnektelti,24
Granvili,24
stadione,24
stadiono,24
Baronas,24
Adler,24
liautųsi,24
susitikusi,24
Toniu,24
Tomsonas,24
Heter,24
prižiūrėsi,24
centą,24
jokiam,24
Sanovna,24
Cekai,24
Virdžinijoje,24
atrodyčiau,24
Džasperai,24
Džeikobs,24
pailsėkit,24
upes,24
nudėtų,24
šnekat,24
Marselio,24
vakara,24
vaišinkitės,24
vaizdų,24
paslėptų,24
negras,24
deklaraciją,24
įlįsti,24
penkiolikos,24
negirdėjot,24
neginkluotas,24
procentas,24
spėsime,24
negyvus,24
negyvėliai,24
Fuleri,24
apkabint,24
lenki,24
kukurūzai,24
titulas,24
nuskausminamųjų,24
blogiausi,24
mogu,24
vairuotojai,24
vairuotojų,24
mokiniu,24
stabdo,24
konfliktą,24
deivės,24
pasiūlei,24
Blekas,24
blizga,24
modelius,24
ilgėsiuos,24
paskelbsiu,24
mojuoja,24
mogau,24
viršininkui,24
priversta,24
kasyklas,24
negyvų,24
negąsdink,24
chalatu,24
ilgesnis,24
alkūnės,24
prislėgta,24
viza,24
sutvarkytų,24
tis,24
pagalvokim,24
pagarsink,24
žiaurumą,24
Abrasaksų,24
kompozitorius,24
parlamento,24
parnešk,24
išvyksim,24
Gou,24
kompleksą,24
mobiliųjų,24
įkyrus,24
sea,24
argumentų,24
aria,24
kiši,24
vaikelio,24
savybės,24
savotiškai,24
Marvas,24
Džeksono,24
žengė,24
Lenočka,24
Tod,24
aukomis,24
susprogdinsiu,24
Kasparai,24
perkėlimo,24
neradom,24
permainų,24
kala,24
įkliuvau,24
leidimu,24
gylyje,24
nustebint,24
nustebsi,24
uždraustas,24
uždenk,24
šantažas,24
Alioškos,24
aliuminio,24
pasivaikščiok,24
pasivaikščiokime,24
disertaciją,24
sekamas,24
spermą,24
Nortonas,24
partnerių,24
nosimi,24
akrų,24
Gordono,24
atejau,24
Eisenheim,24
Džeriko,24
pagalvojom,24
tipų,24
suteikt,24
prisigėrė,24
neprisiminsi,24
bjaurios,24
gerbė,24
ikrų,24
pasitikit,24
sekančio,24
Frensi,24
vokiečius,24
nekalbėkim,24
her,24
bažnyčioj,24
užgrobti,24
komentatoriaus,24
komentuoti,24
Gojos,24
mažam,24
snaiperių,24
gerbt,24
užeigoje,24
matricos,24
Sonja,24
normalius,24
norintis,24
pasakodavo,24
Normano,24
šiukšle,24
nustačiau,24
nustebai,24
Abelį,24
padėtumėte,24
išsigąsta,24
suvenyrą,24
tinkami,24
tinku,24
vaflių,24
baugu,24
neprarasi,24
perėjos,24
peržengė,24
degi,24
nepratęs,24
išdygo,24
vadovaujantis,24
Arnoldas,24
Sende,24
Sendė,24
minkšta,24
klastingas,24
pasitaisyti,24
pasistengė,24
atšaukta,24
citrinos,24
prievartos,24
šauta,24
sergėtojas,24
MING,24
bijome,24
vadovausi,24
atsigerk,24
nutarei,24
Džimą,24
svajojai,24
sužaisti,24
tikėjai,24
gydytojui,24
legendinis,24
isterija,24
karnavalas,24
neplanavau,24
įgėlė,24
prekybą,24
kurčia,24
žiurkėnas,24
Sydas,24
nor,24
išėjom,24
išėjome,24
iššovė,24
Smith,24
slėpei,24
milicija,24
pridėjau,24
Padidink,24
mikroschemas,24
servetėlių,24
art,24
komandinis,24
smėlyje,24
Niutonai,24
niūrus,24
išduosiu,24
ankstesnis,24
prieplauka,24
nekenciu,24
neketino,24
atviruką,24
nutrauks,24
išsigalvojai,24
šeivamedžio,24
šeimyna,24
šeimininkės,24
pasirinkt,24
piktos,24
kalendorių,24
pigi,24
nepažinojai,24
užmušęs,24
benamių,24
shh,24
Mikaeli,24
sesija,24
Kleptonai,24
pasirodęs,24
Diukein,24
prekiauti,24
nelaimingi,24
ita,24
išlaisvins,24
J.F,24
pasaugosiu,24
slenka,24
užnugaryje,24
sąlygom,24
tikit,24
tikriname,24
sveiku,24
laužyti,24
laukėte,24
nelaimes,24
Prestonas,24
Aleksą,24
Aleksejus,24
jausis,24
Šekspyrą,24
pasekmė,24
piliulių,24
kaliniu,24
ankstyva,24
silpnaprotis,24
berną,24
klinikoj,24
Sidnėjus,24
gilumoje,24
artimiausią,24
pasireiškia,24
pasirašo,24
nepatenkinti,24
nepatikėtum,24
įduoti,24
dažnį,24
Šeri,24
neštis,24
neštuvus,24
pasilinksmint,24
kalejime,24
vykstate,24
vyktum,24
pratimus,24
lankiausi,24
lankytojai,24
pabudęs,24
praversti,24
Michael'ui,24
Bertas,24
kvaišalų,24
taikyk,24
takai,24
nuėmė,24
nušovęs,24
50-ies,24
užsiėmimus,24
Bernardas,24
kolegė,24
šimtmečių,24
užpakalyje,24
užrakinsiu,24
girdėtų,24
užtaisas,24
pranešei,24
karališkos,24
pralošė,24
vėrinį,24
teroro,24
iškrypęs,24
jaunesnė,24
Silvestru,24
apdovanojimo,24
nepatarčiau,24
pimpio,24
įdegio,24
forto,24
nemanei,24
nematysiu,24
pranešama,24
skambėtų,24
menu,24
skardinių,24
domas,24
pasikviesk,24
anūkų,24
prakaitas,24
nemušk,24
Eskobaras,24
pasigauti,24
pasiekimas,24
Erškėtrožis,24
šiknoj,24
šikšnosparnis,24
pasiekiamas,24
Kogburnai,24
šešėliuose,24
pasikeistų,24
nežinotum,24
pasikartos,24
beprotnamį,24
užsičiaupkite,24
užsidegs,24
skolintis,24
Tailer,24
Lama,24
t.y,24
Lanisteris,24
Tadijau,24
nepasiruošusi,24
kaltinimas,24
praleidote,24
zinote,24
atsiskyrė,24
L.A,24
darbams,24
kampuose,24
operacijoje,24
kūrėjo,24
nepalikai,24
politinę,24
POM,24
politinė,24
politinės,24
organizuoja,24
technologijas,24
Hardingai,24
pokštininkas,24
pornografija,24
Porsche,24
portalas,24
nenužudysi,24
porcijas,24
Danai,24
P.S,24
Kamazi,24
kapai,24
nenorėsi,24
Xi,24
pirštinę,24
daržely,24
pirmaisiais,24
Čin,24
pr,24
sukilimas,24
Elmontai,24
palikuonys,24
Elise,24
ištarė,24
šviesi,24
Lusė,24
sukako,24
Osten,24
išplaut,24
orumas,24
taupyti,24
nepanašūs,24
plauks,24
turetume,24
Krabe,24
egzekuciją,24
atsitempei,24
laikysime,24
atsimenate,24
kvitą,24
laimingus,24
tapyti,24
teleskopas,24
darbuotojams,24
èmon,24
17-osios,24
atsisakys,24
Edo,24
ginčas,24
skambins,24
skaičiuot,24
nepakenčiamas,23
pločio,23
žūva,23
Edį,23
labų,23
laboratorijoj,23
nėščios,23
Oto,23
Geary,23
mail.ru,23
išjungei,23
dienoraštyje,23
valgykloje,23
tyrėjas,23
struktūros,23
striptizas,23
studentės,23
panaudos,23
patarimus,23
mylimiausia,23
papietaut,23
ry,23
aiškinau,23
aiškūs,23
šulinys,23
panaudotas,23
panas,23
nepadėsiu,23
Kamehamės,23
laikysis,23
tarpą,23
nykštį,23
Nyris,23
nykštukus,23
plėšikus,23
zuikis,23
egzempliorius,23
išplito,23
žuvai,23
žuvelė,23
žvaigždyno,23
pjesę,23
povandeninio,23
kaltint,23
neparodė,23
kanalai,23
nežinosi,23
Albi,23
Kodi,23
Kodģl,23
knygutę,23
gint,23
kokiems,23
asmeniškas,23
užrakinkit,23
girdėtas,23
dori,23
plati,23
Darovas,23
skraidyt,23
Skote,23
Melodi,23
tylėkit,23
tyloje,23
impulsas,23
maišelio,23
Banana,23
kietesnis,23
mumyse,23
straipsnyje,23
panelyte,23
Bounsai,23
patalpose,23
mylimam,23
nukirsiu,23
alum,23
laimėjote,23
atsiminimai,23
laimina,23
darytumėt,23
daugelyje,23
hal,23
over,23
FLN,23
Floidai,23
porciją,23
nenutuokiau,23
kanale,23
kanalizacijos,23
kandidatai,23
vandeni,23
mylinti,23
aptarkime,23
vargintis,23
vargšams,23
varikliu,23
pateisinti,23
pateikia,23
didžiulius,23
brangenybes,23
išlysk,23
gretose,23
įtikins,23
tvirto,23
brangių,23
brangios,23
šortais,23
josiu,23
Gelai,23
Geitsai,23
madą,23
nukreiptas,23
dukrelė,23
Rolandas,23
rūpinkitės,23
šonus,23
požemių,23
ypatingu,23
Anušikai,23
Hadsonas,23
Antoni,23
heavily,23
terorizmas,23
teroristais,23
Terner,23
laisvadienį,23
išbraukti,23
postui,23
Atsiminkit,23
sudomins,23
patikėtinis,23
didina,23
rodei,23
tuzinas,23
durnas,23
numeriais,23
didžiojoje,23
tuščių,23
tuštuma,23
Rizvanas,23
keturiems,23
Roldi,23
varlės,23
Aivi,23
daržoves,23
izoliuota,23
praejo,23
pradėjot,23
Tesla,23
datas,23
prad,23
paaiškinimą,23
Yi,23
skaitymo,23
gimus,23
Knight,23
šešto,23
iškvietimas,23
Bembi,23
valgykite,23
sueis,23
Balinai,23
kontroliuot,23
atimk,23
konteineris,23
rūkymo,23
atimta,23
tūno,23
tū,23
gražiuoju,23
nesugrįš,23
mėlynė,23
nugriauti,23
parazitų,23
Baningai,23
Džordanas,23
Džordžui,23
Talbotas,23
nežmoniška,23
Meikonas,23
skubame,23
šeštadieniais,23
Klėjau,23
siūliau,23
siūlot,23
nežiūrėti,23
pasiilgom,23
artėju,23
fanė,23
patikrino,23
American,23
išgyvensim,23
išgyvent,23
juodaodžiai,23
gaudau,23
Juodabarzdis,23
įtartino,23
road,23
ambicingas,23
važiuosit,23
važiuosite,23
vazos,23
važiavote,23
nesurasi,23
balansą,23
vedate,23
kertam,23
pralaimėt,23
išrašė,23
nepasitikėk,23
pirkimo,23
vėliavas,23
Prancūzijoj,23
nepasislėpsi,23
pralaimėjimą,23
Forbes,23
fondui,23
nemiriau,23
than,23
apartamentuose,23
dainuosi,23
nenaudinga,23
prakaituoja,23
Praisas,23
Morfeo,23
turėdavo,23
pamergės,23
nuneškit,23
Saimono,23
sadistas,23
įvėlei,23
josi,23
išvalymą,23
paragaukit,23
papūga,23
rūpinamės,23
UFC,23
saldusis,23
salonas,23
monstru,23
išlipau,23
sėdėjom,23
sėdėjome,23
padaliniai,23
tiedu,23
pasiliktų,23
metines,23
nešvarus,23
jaunikio,23
šerifą,23
užmuškit,23
Belen,23
medžiotojau,23
Šerė,23
metras,23
Metropolio,23
nepasirodei,23
megsta,23
Sirijus,23
sirupo,23
kolektyvo,23
užmuštų,23
airių,23
Briuso,23
keptų,23
ištikimai,23
lynus,23
gangsterių,23
garbingą,23
turtingos,23
lygtį,23
hobite,23
lygmens,23
išgyvenęs,23
pilvu,23
įdiegti,23
įbrėžimo,23
nepateks,23
atva,23
žiūrėčiau,23
Latifai,23
išdarinėja,23
neminint,23
pramogos,23
sąsiuvinį,23
sąrašus,23
nemažas,23
pranešiau,23
karantiną,23
apartamentai,23
salai,23
monitorius,23
valau,23
Steinai,23
gelmėse,23
netekėjusi,23
netekęs,23
gelmes,23
Endžiu,23
netikėti,23
įžvelgti,23
malūnsparnio,23
padalinio,23
Džokeri,23
Nelsonai,23
prasibrauti,23
žiūrėdami,23
padariai,23
praradę,23
padarytą,23
užsukęs,23
užtekę,23
užtaisyta,23
giminei,23
Medina,23
Beilas,23
Berti,23
Media,23
išlaisvinimo,23
Veilai,23
hobitus,23
sujungtas,23
rengiamas,23
pavaduotojau,23
naminių,23
garantijos,23
veidelis,23
diagnozė,23
pavadintum,23
juodukas,23
nesugebės,23
Gandalfas,23
Renata,23
Napoleonas,23
apsimetu,23
remiasi,23
Paulo,23
vyresniuoju,23
Franklino,23
praėjusių,23
tikimasi,23
vyrauja,23
prarijai,23
sviestas,23
atvejai,23
atveria,23
vyriška,23
Karavėjau,23
dažnis,23
įdėjai,23
paltas,23
religijos,23
nuopisa,23
paslėpei,23
dvynius,23
manevras,23
standartinis,23
Grantai,23
Molly,23
Endį,23
juostelę,23
State,23
šakas,23
filosofas,23
Kalebas,23
kalbėčiau,23
nepažinojo,23
piešiu,23
užmesti,23
Kolinas,23
ataskaitų,23
pražudyti,23
anie,23
gilu,23
Aleno,23
pasimatuoti,23
Don,23
Beinas,23
pratimai,23
SIM,23
iškvieskit,23
gimines,23
gilią,23
reiškiantis,23
reikšmė,23
sukčiavimo,23
neskriausiu,23
sukit,23
naudodamas,23
Krasas,23
Ludo,23
naudojiesi,23
gama,23
reikmenų,23
Inglišai,23
Nuolankioji,23
palydėt,23
šviežiai,23
palies,23
paliekate,23
palikdavo,23
naudojuosi,23
elgies,23
dvylikta,23
išbuvo,23
vykdyt,23
nelaikau,23
priartės,23
svarbą,23
atvyksite,23
nepaėmė,23
finansinių,23
svarsto,23
svarbos,23
atsidūsta,23
kuprinėje,23
atsigauna,23
prieigos,23
pigu,23
sveikai,23
palengvėjimas,23
baigsit,23
sukėlei,23
sukčiauji,23
ištaisyt,23
paskutiniais,23
Jokūbo,23
pardavinėt,23
nueinu,23
unitazą,23
nugabensiu,23
sužinosite,23
padėdavo,23
užtvarą,23
ieškodama,23
miegos,23
miegosim,23
gimdos,23
Sidnėjų,23
užlipau,23
užlaikyti,23
sluoksnius,23
artimiesiems,23
kliedi,23
slyvos,23
slėptuvės,23
medicininę,23
užlipai,23
pavirsta,23
devynerių,23
devyniasdešimt,23
neskaudėjo,23
atmintyje,23
moksliškai,23
generalinio,23
Velyki,23
Kenedis,23
Amsterdamą,23
sargą,23
santykiams,23
mokslinių,23
generolai,23
vaistu,23
konferencijų,23
Marijana,23
dronus,23
dinozauras,23
mokysimės,23
mokinė,23
Ankstesnėje,23
įkaitais,23
smirdžiau,23
užtikrinta,23
išlaikysiu,23
neklausia,23
tikėjimu,23
Henrikai,23
coliai,23
priepuolį,23
istorijai,23
pervežti,23
leidinys,23
legalu,23
leidžiame,23
Dženę,23
padu,23
einantį,23
pietaut,23
verkt,23
Ups,23
kelnėmis,23
Nautilus,23
Reganai,23
nuotolio,23
re,23
Rea,23
sulaukėme,23
griuvėsiuose,23
Lokslio,23
sumedžioti,23
Dylanas,23
agresiją,23
justyte,23
Fredriksenai,23
Frito,23
Klejau,23
principai,23
princu,23
nejuokauja,23
Niutono,23
Noah,23
užuominas,23
išlaikytų,23
išėję,23
mažvaikis,23
smulkiai,23
dramblį,23
Kregas,23
bad,23
logikos,23
blogesnė,23
mog,23
kreditinę,23
Eni,23
paskelbta,23
vestis,23
Marsas,23
fucking,23
cigarą,23
prigulti,23
pasipelnyti,23
Abraomas,23
deimantą,23
žingsnelis,23
nustojai,23
kalaviju,23
audinių,23
sutverti,23
priešpiečiai,23
persirengsiu,23
Isilduras,23
nustebinta,23
Timui,23
išdrįso,23
sumąstei,23
kreipiausi,23
aštraus,23
trolis,23
neabejoti,23
įsiterpti,23
ašmenų,23
galutinio,23
palaidinę,23
buteliuko,23
nesiskiria,23
apsidžiaugė,23
rankšluostis,23
nesiruoši,23
verčiu,23
busime,23
vizitinė,23
Deivisai,23
perniek,23
pripažinsiu,23
nuspausti,23
chuliganas,23
leiskim,23
sutrukdė,23
pripildyti,23
kombinaciją,23
neįprastai,23
sesiją,23
Betos,23
šefui,23
šalutinis,23
bunkerį,23
apsikeisti,23
užauginau,23
užbaikim,23
užbaigs,23
genčių,23
iliuzijų,23
archyvus,23
blogiausio,23
blogais,23
pavyzdziui,23
Georgijau,23
žiaurų,23
žiaurumas,23
pagalvė,23
prisijungei,23
chirurgo,23
Gustavai,23
suteiktą,23
nustebins,23
apibūdink,23
jautrūs,23
pasisektų,23
pagalvosi,23
smurtu,23
mažiukas,23
smulkus,23
buvusius,23
Buttle,23
Anai,23
sunkumus,23
apsigyveno,23
liūdesį,23
išgeriam,23
įsikūnijimas,23
derlius,23
supažindino,23
paėmęs,23
jūras,23
jūreiviai,23
žadu,23
Grondas,23
vaikščiosiu,23
savaitėmis,23
supjaustė,23
krepšy,23
supernovos,23
paskaitysiu,23
paskaitose,23
sportuoti,23
kitokią,23
apsauginiai,23
uždara,23
uždaras,23
paros,23
Jezus,23
nusišlapinti,23
sodinti,23
dekanas,23
pristatyk,23
perjungti,23
Angel,23
prisiprašei,23
nerimsta,23
nereiškė,23
funkcijas,23
dekanatą,23
prisikėlimo,23
prisistatyt,23
keistais,23
intelektą,23
byloja,23
raištį,23
pašokt,23
trenkia,23
avilys,23
trečdalį,23
trigubai,23
nebaigtų,23
supratingas,23
elektronikos,23
pakrikštytas,23
dėmę,23
nebandykite,23
atpažinimo,23
atpažins,23
Liošą,23
raide,23
suspausk,23
Lestatai,23
susišaudymo,23
susiūti,23
pričiupsim,23
katalikas,23
viršvalandžius,23
Lerner,23
draugaut,23
dramos,23
šiuolaikinės,23
minioje,23
sensta,23
matysite,23
soldiers,23
parūpo,23
galines,23
departamentą,23
nesikeik,23
galiojimo,23
vidinės,23
scenas,23
disciplinos,23
savy,23
pargriuvo,23
Alioškai,23
alkio,23
masinio,23
išlaisvinsiu,23
šluostę,23
pareiškimo,23
nusivesk,23
Levai,23
aukštu,23
nerašiau,23
ekskursijos,23
nusivesiu,23
gulbė,23
susitvarkiau,23
aukoti,23
Lesteri,23
nusišovė,23
pagrinde,23
Džeisoną,23
išgelbėjom,23
Gošą,23
bateriją,23
vienkartinis,23
pažiūrėjus,23
surištas,23
išgelbėjimą,23
paklausytum,23
išsivalyti,23
išsivedė,23
Žaibe,23
pėsčias,23
anam,23
pusėse,23
kažkokias,23
lipo,23
Aurora,23
liepą,23
pajėgoms,23
problemėlė,23
pasiteisinimų,23
senelius,23
senesnė,23
senatvė,23
ignoruok,23
biologijos,23
senatas,23
Fidulovas,23
milžiniško,23
senuko,23
grybai,23
inti,23
vienuolikos,23
Kristoferis,23
atpirkimo,23
įrodyta,23
susapnavai,23
susidomėjo,23
susidaro,23
galimus,23
nebėga,23
Gruzija,23
surūgęs,23
grupėj,23
susijusių,23
nebėgsiu,23
nusileist,23
žaidynėse,23
gabalėlio,23
CD,23
nervinti,23
nusirengti,23
kailyje,23
nusiskusti,23
tradicijų,23
gudruoli,23
susitart,23
aplanką,23
katerį,23
nervinis,23
penkto,23
kaimynais,23
įniršio,23
prižiūrėtojai,23
pajutai,23
kruvina,23
kategoriškai,23
viršija,23
aušta,23
limuziną,23
pažinimo,23
šaudymas,23
šaudymą,23
pasitikime,23
grynaisiais,23
misterio,23
direktore,23
mirusiuosius,23
Andre,23
vadė,23
vadžias,23
vaga,23
grįžę,23
negalejo,23
dėžėj,23
Semvaisai,23
Semui,23
Alice,23
šaukiasi,23
dėžėse,23
žaistų,23
pakartas,23
spardyti,23
kompensacija,23
uždirbau,23
minutėm,23
kailius,23
prognozė,23
gabalu,23
ateinantį,23
ateinate,23
Eriku,23
neserga,23
nesiartinkite,23
peiliai,23
išsiskyrėt,23
viešoje,23
išgalvota,23
įpėdinio,23
gailestingumo,23
Susisiekit,23
atrodantis,23
Krum,23
Tory,23
viešbučių,23
negalvojo,23
protokolo,23
iPhone,23
kaukių,23
cappella,23
susisiekimo,23
Viešpatį,23
pažymėta,23
Lily,23
nebeįmanoma,23
pusryčiauti,23
pupytę,23
nedidelio,23
nederėtu,23
puikias,23
susimąstyti,23
grįžimas,23
demono,23
traukiny,23
kritimo,23
likučiai,23
nusileidimą,23
atradimą,23
transportą,23
šlapintis,23
sektoriaus,23
arjis,23
mirtingas,23
nevažiuoja,23
kritau,23
spektro,23
išvysiu,23
išvykusi,23
susirinkimus,23
susirgau,23
specialaus,23
speciali,23
Aliona,23
specialių,23
išaiškės,23
žūsite,23
šieno,23
nepaisyti,23
kameroj,23
Harris,23
teisėju,23
Orchidėjos,23
Tej,23
tempas,23
plaukimo,23
Fišai,23
originali,23
atsilikęs,23
tatuiruotes,23
skausmingas,23
užsimanė,23
Memnono,23
menesi,23
skatiko,23
pasigailėti,23
tavę,23
lagaminėlį,23
atsirasti,23
Nick,23
šiknaskylė,23
op,22
Egiptas,22
egzistavimo,22
iškylą,22
skirstomės,22
skanėstų,22
dosni,22
Mercer,22
Benediktas,22
bendruomenei,22
bendruomenę,22
Koenai,22
užsienį,22
užsidirbau,22
Haną,22
taupiau,22
teisybe,22
teisininkai,22
Hasanas,22
kyšį,22
Atsipūsk,22
oriai,22
beprotiško,22
nežinomos,22
Pjerai,22
popiet,22
išplausiu,22
išpranašavo,22
žuvusių,22
orkas,22
judi,22
bendravo,22
kojoms,22
pasiimtum,22
Skrepi,22
girdėta,22
Doną,22
užsimerkti,22
valgėme,22
mulkio,22
mulkį,22
valstybinė,22
valstybę,22
Mahonis,22
studijuoju,22
tylą,22
tąkart,22
kontrolinis,22
neteisėtai,22
pastovus,22
maišto,22
stovėsiu,22
Rusteris,22
musių,22
nesergu,22
Pegė,22
demokratijos,22
pažystami,22
negaunu,22
Hum,22
šitom,22
matymo,22
gabumų,22
Australija,22
neesi,22
nedėkingas,22
pulkininkui,22
psichiatrinėje,22
publikos,22
Pearli,22
galams,22
pažiūrės,22
pažymį,22
įrašyt,22
Lilią,22
Krisui,22
Krisą,22
protus,22
susipyko,22
pultas,22
būstinėje,22
Vike,22
Vikusai,22
būrius,22
būriams,22
neblogos,22
žaisdamas,22
nusileisi,22
Tommy,22
Gucci,22
prižiūrėtoju,22
prižiūrėtoją,22
prižiūrėkite,22
irjo,22
vaidmeniui,22
specialybė,22
komplektą,22
ateivio,22
Jekaterina,22
susijungti,22
analitikas,22
žaidėju,22
Fengas,22
Mirta,22
seką,22
Misi,22
klaidingą,22
vaidmenis,22
nevartoju,22
neverskite,22
Matju,22
Ikarai,22
pakartokit,22
ffccff,22
nerūpės,22
delfinai,22
pakeitimas,22
pakeitimus,22
bijos,22
gerute,22
klasta,22
pasistengsime,22
pasitaikius,22
pasitaikys,22
senamadiškas,22
SouthJet,22
susidėti,22
traškučiai,22
viesmetis,22
pažintį,22
pereit,22
perimsiu,22
Sergeant,22
milijonais,22
pusantrų,22
nusikaltėlė,22
galimi,22
Kazakovas,22
vietinį,22
linksmos,22
treniruojuosi,22
surišta,22
delną,22
problemėlę,22
nusisukti,22
profesionali,22
profesoriui,22
profesoriumi,22
susikaupkite,22
nusinešė,22
išeigines,22
Džeimė,22
nuskriaudė,22
licenciją,22
susitinki,22
įniršis,22
įmonių,22
susitvarkei,22
surištos,22
įsakysite,22
įsidėmėkit,22
pėsti,22
batalionas,22
baterijų,22
pagrindines,22
sustabdyčiau,22
Kazumi,22
žaidynės,22
išsitraukė,22
krioklių,22
viengungis,22
bėgame,22
Pyteris,22
pažiurėk,22
vadinamo,22
Gerte,22
susitik,22
krutinę,22
atrankos,22
aukštąjį,22
išgelbėkit,22
Deniso,22
nesiliausi,22
nesikuklink,22
nevykėliu,22
šiurkšti,22
Normaną,22
normą,22
draugelį,22
gerąja,22
pasivaikščiosiu,22
šampanu,22
Šanchajaus,22
Šanchajuje,22
vidinio,22
neauga,22
galingos,22
nebegrįšiu,22
apklausa,22
masalą,22
dribsnių,22
išvyka,22
išvykdamas,22
Saškos,22
Parker,22
pasivyti,22
susižadėjęs,22
dejuoja,22
paieškų,22
adatos,22
priverti,22
negėda,22
kasyklose,22
apklausos,22
Kasablankoje,22
abėcėlę,22
Vitas,22
neišgirs,22
prisirišęs,22
neišeikit,22
privačiai,22
nerastų,22
derėtu,22
kriaušę,22
Liudvikas,22
literatūra,22
avilį,22
Railis,22
Raimai,22
prisiminimais,22
lentelė,22
nuskriaus,22
Bušas,22
byra,22
radę,22
ragai,22
liudijimas,22
Trey,22
mine,22
vadintis,22
vadovaut,22
atsakinėti,22
negreit,22
susprogdint,22
krūtinėje,22
nusiuntei,22
išsivežė,22
Ramonai,22
įsijaučiau,22
raktelių,22
Rakūno,22
jūreivi,22
jš,22
neatsisakysiu,22
sportuot,22
vaikščios,22
suplanavai,22
hit,22
jėgoms,22
Ramballe-Cochet,22
pakrantėj,22
ūkininkai,22
snukis,22
Sojerio,22
maršalai,22
marą,22
sportu,22
sportininkai,22
paskaityt,22
graikas,22
periodo,22
neičiau,22
neramus,22
išdūrei,22
sutaupyti,22
sutarčių,22
Titrus,22
soc,22
sutariame,22
Vivjena,22
išsikviesti,22
pagalvokime,22
neišmokai,22
prisijungimo,22
pavėlavo,22
išgeria,22
komendante,22
Hudas,22
Howell,22
godumas,22
serialą,22
jaučiame,22
pasiskolinsiu,22
lenkia,22
neatsiliepi,22
buvusioji,22
Jėzui,22
įsilaužei,22
pavysiu,22
Beatriče,22
maže,22
užgesink,22
lizde,22
atominė,22
atomai,22
sunu,22
vežame,22
veži,22
supainiojai,22
liūdną,22
neįsižeiskit,22
lempas,22
Tiritą,22
augimą,22
pageidaujate,22
sutvėrimas,22
neišsisuksi,22
neišsigąsk,22
nealkanas,22
shot,22
Sherlockas,22
Migeli,22
seserim,22
Šel,22
dičkį,22
vabalų,22
dirbęs,22
užauga,22
alkūnę,22
šaltį,22
neužtruksiu,22
paėmus,22
buves,22
instinktais,22
George,22
savosios,22
savanaudė,22
savam,22
arbatėlės,22
modeliu,22
blogesni,22
modulio,22
suvokimo,22
suvokimą,22
nuteisti,22
kumpiu,22
neprieštarausit,22
Persėjau,22
prikėlė,22
kartot,22
Baba,22
detektyvė,22
dėkok,22
nekalbėsime,22
atsibudai,22
išdrįsi,22
tinklapį,22
Hermione,22
palaidok,22
nupirksi,22
detonatorius,22
pavydėti,22
įsitempusi,22
detektyvai,22
lndustries,22
Dzeusai,22
persai,22
persigalvojai,22
neprimena,22
veteranas,22
nesiruošia,22
nesiruošiau,22
kekšes,22
instrukcija,22
pasakykim,22
drakonu,22
norejai,22
Niutonas,22
Aroną,22
gieda,22
sex,22
ietį,22
šalti,22
šalmus,22
paskandinti,22
trukdžių,22
kraut,22
trumpų,22
atmestas,22
palaiminimo,22
saugesnis,22
saugomos,22
bloguoju,22
blogiu,22
Šmitas,22
Marička,22
jogurto,22
genijaus,22
Friedrich'ai,22
nekalbėjai,22
neaiški,22
raundų,22
raudonąjį,22
dėkojam,22
spyrį,22
Houpo,22
Marijau,22
Marinočka,22
sraigė,22
dede,22
nepažįstamų,22
padugne,22
pridarė,22
prieglaudos,22
inkstų,22
versijos,22
išspręs,22
regi,22
nuotolį,22
Lord,22
keliose,22
bulius,22
peržiūros,22
perskaitys,22
elfus,22
Šyrą,22
įsitaisyti,22
galvodavau,22
loterija,22
inkstus,22
ciklas,22
ciklą,22
Frypano,22
frontą,22
apgaulės,22
apgaudinėjo,22
degs,22
degti,22
klientė,22
užtraukei,22
gilumą,22
padirbėt,22
atšaukiamas,22
džiaukitės,22
išsigimėli,22
žinomos,22
paveldėjau,22
Jupiterio,22
išgirdę,22
slides,22
begalybės,22
Kolinsų,22
Koloneli,22
Slivko,22
srove,22
kongresas,22
sargybinį,22
kirs,22
vairuotojui,22
reikaluose,22
Kenedžio,22
naudojau,22
Karlenko,22
Karlui,22
tinginiai,22
nustatyt,22
gynėjo,22
aktore,22
širdingai,22
mažoka,22
kuriem,22
tikslaus,22
atveža,22
svetimo,22
Džilian,22
nutraukite,22
išmokys,22
atviroje,22
mokėjimo,22
Genadijus,22
netikusi,22
Grizli,22
baigiame,22
lošimas,22
išstumti,22
nepažįstame,22
Endurance,22
pardavęs,22
Samas,22
im,22
apžiūros,22
Apžiūrėkite,22
alternatyva,22
genda,22
padugnė,22
nepradėjo,22
Barnabas,22
barnis,22
grasinimas,22
nueitume,22
akiai,22
šnekėjo,22
jaunojo,22
karines,22
karininkų,22
įgaliotas,22
nelaisvėje,22
nepažįstamas,22
juočkiai,22
šaiposi,22
dešrainių,22
reklamoje,22
sielvartą,22
signalizacijos,22
Nešnekėk,22
jaunystė,22
šerdis,22
užliejo,22
išmesta,22
Luką,22
sukilimą,22
sukilo,22
naudingos,22
sukviesti,22
Reinoldsas,22
Vendė,22
gyvenantys,22
Frederikai,22
pildyti,22
prezidentus,22
Frančeskas,22
vykdome,22
nelaimingų,22
naudokite,22
vyresnieji,22
tikintis,22
tikram,22
tikriausias,22
laukinį,22
vynuogių,22
apdovanoti,22
vyriausybes,22
narkotiku,22
ankstoka,22
įdrėskimas,22
dažnio,22
piliulę,22
gyvendamas,22
svečiuose,22
svirtį,22
salia,22
palydovus,22
Aikteli,22
Eliot,22
lyderiu,22
fazę,22
narsą,22
palto,22
sandėlis,22
šokame,22
akiplėša,22
išvažiuok,22
paras,22
Bobį,22
Bobui,22
monetas,22
gimdyt,22
simboliu,22
silpnumo,22
sąmokslo,22
tiesus,22
padedate,22
džipą,22
tiesioginę,22
Turkija,22
un,22
šiokią,22
slauge,22
pase,22
Begvelas,22
nešiojasi,22
Michael'ą,22
paukščiu,22
nesulaikys,22
rengiesi,22
nespėjai,22
brolyčiai,22
Veilandai,22
Nanai,22
košė,22
apeik,22
pratęsime,22
Frankas,22
fotografuoja,22
vejos,22
turbo,22
amerikiečio,22
narkomanė,22
nemelavo,22
tik-tak,22
sąvartynas,22
nepavadinčiau,22
nuvyksime,22
sėdynė,22
žiūrėjote,22
Ėj,22
Hmmm,22
atliekame,22
atliekos,22
apsisaugoti,22
nakvot,22
vėluojate,22
aparatų,22
karaliais,22
sakydami,22
monos,22
valdome,22
Gargantiua,22
riksmą,22
nacionalinę,22
apsivilksiu,22
kovotojo,22
nuvest,22
akiračio,22
netinkamą,22
Udėjus,22
stebėtis,22
stebėtų,22
Stemleri,22
Ukrainos,22
ri,22
antakius,22
medžiotojo,22
Bergeris,22
sintezės,22
Donovanai,22
Domergiu,22
metinių,22
Šveicarijos,22
ištekės,22
lyną,22
revoir,22
naktinius,22
švente,22
riesta,22
rezultatu,22
Gao,22
keptas,22
nuolaužas,22
atleidi,22
atleidimas,22
sugrąžinsiu,22
elito,22
pamanėm,22
nemaciau,22
Karavėjus,22
Džonsas,22
kardais,22
nepatariu,22
sujaudinti,22
Turneris,22
išgąsdint,22
Helio,22
lakstyt,22
pabrolys,22
žmogu,22
išrasti,22
lakstai,22
pralaimėjome,22
nemirtingumas,22
kotą,22
keršyti,22
lėlytė,22
laivais,22
prakalbo,22
neneigiu,22
tal,22
we're,22
stipendija,22
morales,22
netikrus,22
papūsk,22
paraką,22
netempk,22
pastatysim,22
moralė,22
lankėme,22
pingvinai,22
lankau,22
tiesai,22
šokoladą,22
saldumynų,22
saldžiai,22
paragaukite,22
bepročiu,22
skylėj,22
meilužiai,22
meilutis,22
jaudulio,22
kvailu,22
kvailumo,22
taisau,22
Albanijoje,22
skaistus,22
ginkluotą,22
meteorito,22
siurblys,22
užsisakysiu,22
mergšė,22
jaunam,22
mėsininko,22
vaško,22
mėgti,22
rizikavo,22
didesne,22
amerikietiškas,22
patrankas,22
nenervink,22
pralaimėsiu,22
pirkėjų,22
sugriaus,22
Balboa,22
lėkščių,22
mžsł,22
rink,22
kerėtoja,22
bepročių,22
nigga,22
esančios,22
koldūnus,22
Džyn,22
tamsai,22
laipsniu,22
nenormali,22
lūkesčių,22
baletą,22
Benuti,22
kolegomis,22
pasidalinsime,22
pasidalyti,22
nešvarūs,22
nežaidžia,22
stiprioji,22
bandėte,22
Maksimas,22
apvogti,22
kilmė,22
apylinkes,22
rėmėjų,22
moteri,22
atsikėlė,22
terūpi,22
patvirtinkit,22
patvirtintų,22
mėlynu,22
kontorą,22
bandysite,22
tūkstančiais,22
kvepėjo,22
nužudydamas,22
atsiųstų,22
tanas,22
nenudės,22
YUAN,22
Antonijau,22
čionais,22
sudegint,22
atkeliavau,22
sudraskė,22
mėgstame,22
potencialo,22
pižamą,22
damoms,22
atsimerkti,22
aiškaus,22
nuobodybė,22
nunuodyti,22
Gasas,22
Vatson,22
sudaužysiu,22
šunsnukius,22
šuolių,22
pirmąsias,22
Wink'as,22
dalijasi,22
apsunkinti,22
balkone,22
sugadina,22
balionus,22
Aiša,22
pamiršusi,22
išlėks,22
nesuteikia,22
didžiajam,22
Romili,22
įtraukei,22
įtikinau,22
mylėjausi,22
emo,22
išliktų,22
Mozambike,22
rytojų,22
sudaryta,22
tvirtos,22
suaugusių,22
duotą,22
ROMAN,22
ketvirtis,22
stotys,22
šonkaulius,22
paplokite,22
emocijoms,22
Majamis,22
botago,22
čiki,22
nenumaniau,22
prabudau,22
Aladynas,22
skrisim,22
meilužį,22
belstis,22
Brazilija,22
išbandymą,22
atsitraukia,22
tapk,22
tariau,22
teorijų,22
tarnauju,22
laimingiausia,22
Roy,22
ponio,22
poniute,22
poreikių,22
flotilė,22
tarkai,22
pirmų,22
daržinės,22
daržinę,22
vandenyse,22
kiaušinienę,22
imtynių,22
Ronaldas,22
subrendusi,22
populiacija,22
kandidatą,22
Zedai,22
patiekalus,22
patikek,22
vargeli,22
Amandą,22
Vardžakas,22
vargšę,22
Ron,22
nesutrukdžiau,22
Maikl,22
Korele,22
fantazijų,22
Žydrūnai,22
ordos,22
plonas,22
hard,22
atsisakyk,22
branduolinė,22
judesiai,22
Fane,22
valgys,22
akademijoje,22
banda,22
išjungs,22
kibirkšties,22
Otomo,22
darydami,22
Čarliui,22
Danielė,22
Polu,22
planuojame,22
ištremtas,22
nulūžo,22
plėstis,22
plytą,22
Zuike,22
Zulu,22
Zukas,22
Laikykimės,22
tarptautiniu,22
25-erių,22
Hills,22
susimovėm,22
nusileidai,22
grūdų,22
automatą,22
nedingsiu,22
peiliais,22
nesakėt,22
susirinkote,22
jaučio,22
draugėm,22
uždirbai,22
spausdinimo,22
pasiuntinukas,22
pasitreniruoti,22
mirtini,22
pojūtis,22
nepaliksim,22
žąsine,22
nepakenčiu,22
plepalai,22
plika,22
plikis,22
nepaleidžia,22
kūryba,22
old,22
Haruna,22
od,22
meldžiamės,22
bendrovę,22
pokštus,22
pobūdžio,22
žvalgybą,21
kā,21
objektus,21
nepakenčiama,21
plepys,21
om,21
plaukite,21
ąžuolo,21
Čakas,21
Zodiaką,21
Polis,21
Danita,21
Džėjų,21
išprievartauti,21
žudžiau,21
Oui,21
2012-ųjų,21
tarpininkas,21
užsidenk,21
užsakyt,21
skraidantys,21
čekiai,21
plastiko,21
nepabėgo,21
pomidorai,21
antrankiai,21
plaktuku,21
dalykėlius,21
skalbykloje,21
skalbinių,21
nežinodamas,21
beprasmiškai,21
nežudyti,21
pasiimčiau,21
nenuvertink,21
populiaciją,21
antrininkas,21
nepadaryčiau,21
kanalu,21
nepadaro,21
darytumėte,21
darėt,21
Roso,21
aptarnauti,21
nesutikti,21
didžiuliu,21
amato,21
patiekalo,21
nesustoja,21
įvaikintas,21
bamba,21
tėtušį,21
dieviškas,21
magistro,21
subrendęs,21
kiaušių,21
gazo,21
kiaušais,21
Mahone,21
numest,21
tyras,21
Murnau,21
Štaufenbergas,21
bananai,21
straipsniui,21
majų,21
branduolys,21
rožinė,21
rožinės,21
panaudosime,21
panašią,21
magiškas,21
šunim,21
nulį,21
Rom,21
ina,21
imunitetą,21
vartoju,21
tvarkosi,21
Kosmo,21
duosit,21
sudiev,21
Makmerfis,21
gražuolį,21
stovyklas,21
rūkyk,21
valdysime,21
apsupta,21
rodžiau,21
myžnius,21
apvalus,21
Muai,21
both,21
dulkinaisi,21
dukrelę,21
tėtušio,21
akcijomis,21
šoninės,21
didžiuosis,21
didžią,21
įtarti,21
brangius,21
subingalviai,21
magnetinis,21
magišką,21
valias,21
įstrigusi,21
nesumokėjo,21
patrauksiu,21
Brianai,21
rizikuot,21
nesuprantam,21
įtaisė,21
mėlynai,21
koordinačių,21
kontaktus,21
stori,21
atitekti,21
Makojus,21
kontoroje,21
patraukt,21
nesulaukė,21
ištikro,21
balkono,21
tvarkaisi,21
tvarkausi,21
varlę,21
pastoti,21
rėkiu,21
imate,21
mėgėjai,21
garų,21
apskaičiuoti,21
Švedijos,21
nuodingi,21
aistringai,21
aistringas,21
šutvė,21
ištiesų,21
turtingiausių,21
sugrius,21
ląstelė,21
įspūdžio,21
restoranui,21
hobitsai,21
lygą,21
Malkolmai,21
Brodis,21
kepurės,21
nacius,21
deža,21
šventei,21
pamaloninti,21
dvejetas,21
atkurt,21
pametėme,21
pamesti,21
iškeitė,21
josime,21
sa,21
paranojikas,21
bangomis,21
važinėtis,21
Bretai,21
mįslę,21
Indiją,21
Mūzai,21
lėle,21
sugebate,21
pamirštų,21
patyrusi,21
patyrusių,21
patyrinėti,21
Ammi,21
pavaduotoju,21
Narnija,21
brėžinius,21
dešimtas,21
lyderė,21
šventi,21
lyderį,21
baisiausią,21
veikėte,21
dešiniąja,21
nespėsime,21
pavakarieniaut,21
valandėlę,21
kilt,21
pastatykit,21
Mordoras,21
udyti,21
gražink,21
grasinti,21
pasodinsiu,21
lygų,21
kovotoją,21
sugrįžt,21
riksmų,21
ve,21
važiuoklę,21
naftą,21
kilpos,21
reklamas,21
krano,21
sukursiu,21
grindimis,21
bailiu,21
atliksim,21
game,21
naudosime,21
Fabijus,21
BMW,21
Sanios,21
Pavarykim,21
paveikia,21
įsivėlei,21
pavardžių,21
reklamai,21
valandom,21
išvedė,21
nugalėtojai,21
bara,21
statistiką,21
manevrą,21
nufotografuosiu,21
Jokūbą,21
apsimetinėt,21
dviračių,21
elnio,21
švenčiam,21
paliudyti,21
paslydo,21
Kingai,21
vakarykštį,21
neskaitei,21
pavogs,21
išgirsite,21
jurisdikcijos,21
reikalingą,21
Fe,21
paverčiau,21
galvon,21
staigmenos,21
griuvėsius,21
suleisti,21
sulauksiu,21
sulaukt,21
kraujavimo,21
trūkumo,21
sulaužytas,21
apžiūrėk,21
dinamitą,21
drąsiausias,21
nueitum,21
pardavinėji,21
many,21
upelio,21
Graimai,21
naudojamos,21
veną,21
naudokitės,21
dvynys,21
dvokė,21
šventovę,21
Dykai,21
išmatas,21
elgsies,21
Loreina,21
švirkštą,21
Louis,21
įsipainiojęs,21
išgelbėtume,21
nBoo,21
nupiešei,21
kelnėm,21
refleksai,21
buliaus,21
recepto,21
išspausti,21
išspręsiu,21
šypsausi,21
Šykštuolis,21
fabriko,21
paslaptingą,21
uogų,21
uolas,21
Mario,21
elgsimės,21
regiono,21
galėjusi,21
Kendi,21
vemsiu,21
Kenedi,21
vaistinėlę,21
mokiniams,21
santuokai,21
Kirk,21
mokslinė,21
Aidanai,21
ašigalį,21
dėkingumą,21
Kreigai,21
sunaikinkit,21
sunkiausią,21
Jûsu,21
Išgraužk,21
blogiukus,21
drąsusis,21
šmaikštuolis,21
Grahamai,21
marmūzę,21
spurgas,21
burnas,21
vestuvinį,21
droną,21
Šlaunini,21
diplomo,21
paskraidyti,21
dirbtinio,21
paskiau,21
genialus,21
alkoholikų,21
palankus,21
palapines,21
agresijos,21
sumokėsime,21
grobiu,21
sumažės,21
badauja,21
sumažino,21
Ramzi,21
grotas,21
suolo,21
atnešu,21
pašėlusi,21
jūmis,21
ramybe,21
neatėjai,21
arbatpinigiai,21
paskubam,21
saulėgrąžų,21
savanoriškai,21
įsimink,21
rando,21
ramų,21
apsieisiu,21
nesirūpina,21
rašytojų,21
bulvytės,21
neužtaisytas,21
neužsiveda,21
sausainio,21
direktoriui,21
Extreme,21
triukšminga,21
nuplėšė,21
buteliai,21
neatims,21
vertybė,21
galutinė,21
instruktorius,21
keletui,21
surasit,21
avies,21
atpažinau,21
nebebūsiu,21
nebedirba,21
bučkis,21
Rafai,21
pūva,21
parsivežti,21
Alisą,21
bylai,21
viduramžių,21
apsauginius,21
nebaigei,21
keisis,21
keisk,21
pasižiūrėjo,21
Paskal,21
barščių,21
USR,21
komunistų,21
užbaigtas,21
Marčio,21
Novos,21
žadą,21
Supermeną,21
liuks,21
liudytojas,21
mobiliuosius,21
savigarbos,21
vaikštom,21
nevadina,21
atpildas,21
atplauks,21
Highlanders,21
liokajus,21
linkę,21
surizikuoti,21
Galbüt,21
aprangą,21
Ferisai,21
keblumų,21
nusikalstamumo,21
again,21
nusiimkit,21
surengiau,21
surimtėk,21
traškučius,21
Blackwell,21
spirti,21
išvykstate,21
gracias,21
Gošos,21
pažadinai,21
pūga,21
pyragai,21
Race,21
nesikarščiuok,21
raitas,21
neatvažiavo,21
Rajaną,21
galioje,21
pasiuto,21
schemos,21
Andi,21
Andrejevna,21
kadilakas,21
būgnais,21
pupytės,21
pažiūrėtum,21
punktų,21
Gajos,21
sekunde,21
bičo,21
sektų,21
įrengė,21
pažvelgęs,21
įrankiai,21
įrankį,21
Andersas,21
uždavė,21
Bizūne,21
pasitenkinimo,21
Jegorui,21
vaidinsiu,21
sekate,21
seilės,21
klajoja,21
nebuvimas,21
nebūtu,21
nebūtumėte,21
purvinų,21
žaidęs,21
pakelkime,21
line,21
grąžintų,21
išgalvoti,21
įpročiai,21
nedrįstu,21
provincijos,21
pulsiu,21
vieši,21
krosnis,21
protingiausia,21
specialisto,21
Jeff,21
šauksmas,21
aliejus,21
žaliasis,21
ligonine,21
susirinksiu,21
susirinkite,21
bičiulio,21
pasitinka,21
paruoši,21
paruoštų,21
šlapimu,21
Škotija,21
drebėjimą,21
matata,21
put,21
būtumei,21
nedirbo,21
Pegasus,21
nesakys,21
trapi,21
susinervinęs,21
vagystes,21
deklaracijos,21
procedūras,21
Žaneta,21
Adamsas,21
pajėgsiu,21
išmoksti,21
susiskambinsim,21
pensija,21
užeisi,21
matoma,21
sotus,21
kometos,21
komitetui,21
kruviną,21
demonstracija,21
Vinterfelą,21
Aliaska,21
Seme,21
Minė,21
minėjote,21
geriems,21
Klarise,21
Semionyčius,21
kompiuterinius,21
Gagarinai,21
nerūpėtų,21
pakeisčiau,21
susirūpinę,21
pakankamas,21
Semu,21
pasislink,21
pasislėpiau,21
Toniui,21
PENSILVANIJA,21
Pensilvanijos,21
paguos,21
pagrindų,21
gulėdamas,21
atsaką,21
atrodyk,21
miltai,21
Gibonsas,21
milžiniškus,21
klausos,21
paimam,21
Džefris,21
susitrenkė,21
susivienyti,21
liemenės,21
Ijanas,21
gerumas,21
senamadiška,21
nevertina,21
pasitik,21
ieškotų,21
šaukt,21
kaimiečiai,21
negirdėjote,21
penkioms,21
atrodysiu,21
krūmuose,21
herojumi,21
aus,21
gulkitės,21
įkąsti,21
kaimų,21
neima,21
tipu,21
visokio,21
neišmesk,21
nustebusi,21
nustoja,21
aukciono,21
lenktynininkai,21
neramumai,21
perkelia,21
pritapti,21
nereikalingos,21
perduota,21
privataus,21
matydavau,21
norėjusi,21
bebaimiai,21
sojų,21
Everestą,21
Gustavas,21
Tobio,21
tlk,21
negrįšime,21
negrįžau,21
ministeriją,21
Eps,21
parūpino,21
parūpint,21
šitu,21
paršelis,21
lektuvas,21
leisis,21
sutvarkytas,21
kulnų,21
Titai,21
pageidauja,21
bedugnės,21
šeimyninis,21
Goko,21
neprisėdus,21
Perry,21
prisidenk,21
primušė,21
karštu,21
pripažinkim,21
Chuck,21
nevėkšla,21
beždžiones,21
Bear,21
bebras,21
smūgiais,21
godus,21
smurfe,21
mažens,21
Evingai,21
pasislėpk,21
Milerį,21
pasirūpintų,21
pasisamdyti,21
Everesto,21
jautei,21
šaunusis,21
audinio,21
Kumaras,21
atsibusi,21
suvedė,21
filmuojame,21
nepriimu,21
nepriklausomas,21
apgaudinėju,21
apgintų,21
pertraukti,21
išsigąsti,21
nustot,21
nuteis,21
paeik,21
džiaugiatės,21
tinkat,21
serverį,21
artilerija,21
užčiauptą,21
klausėsi,21
klausysi,21
Alenai,21
eterio,21
pasirašei,21
pasirodėt,21
neįleisk,21
beverčiai,21
jaustumeis,21
iškrenta,21
šeimomis,21
seserie,21
serumo,21
lede,21
Henriko,21
suvokt,21
Vonas,21
pridėt,21
prieglobstis,21
Petro,21
pietinės,21
įjungs,21
priemone,21
prietaiso,21
isterijos,21
vorų,21
priemiestyje,21
tikėsis,21
tikėtasi,21
globoti,21
mažylę,21
klimato,21
deginti,21
peržengia,21
Nepraleiskit,21
įjungtos,21
įjos,21
kalbėsim,21
isitikines,21
pasirūpina,21
noretum,21
dramblių,21
aktyvi,21
smogia,21
smuiko,21
atvykt,21
Hensonai,21
Lavrovas,21
piešt,21
debesį,21
finansinę,21
įeinu,21
vyksite,21
slibiną,21
priartėjo,21
karietos,21
premjera,21
piki,21
atviro,21
Džiude,21
lazdomis,21
gilų,21
mielų,21
artimos,21
užtvaros,21
neįveikiama,21
Sid,21
užkulisiuose,21
medalis,21
Abagnale,21
Aaronai,21
leave,21
išsigandus,21
Aaroną,21
sužlugdė,21
neprašei,21
neprastai,21
gyvenkit,21
gyvenančių,21
finansavimą,21
prarastos,21
nelįskit,21
dabartį,21
kareivio,21
eilutės,21
Simpsonas,21
meškų,21
praustis,21
pravesti,21
vyresniųjų,21
nepatikėsiu,21
prasiveržė,21
atvers,21
jaunime,21
jaunimui,21
miegojom,21
miegojote,21
miegam,21
miegant,21
artistas,21
metrą,21
prašys,21
Nele,21
karininke,21
Karibų,21
nepraeisi,21
slepiate,21
medalionas,21
jaunikį,21
sąžiningumas,21
kursu,21
sąžine,21
vėjais,21
vyšnių,21
pramiegojau,21
Forestas,21
pranašesnis,21
Beikeris,21
nepatikėjau,21
nepatikėjo,21
Čolo,21
ėmeisi,21
fortas,21
žlugimas,21
Larsonas,21
pasimatymui,21
doką,21
Erni,21
pasekti,21
ertmę,21
pasaugoti,21
akumuliatorius,21
slaugė,21
gyvenęs,21
gyviems,21
gyvulius,21
Silveri,21
gimimas,21
Miao,21
silpnoji,21
silpnos,21
atskridai,21
pabego,21
kvailioja,21
Daily,21
nematomą,21
Wall,21
anūku,21
kapsulės,21
skundžiasi,21
skustis,21
skustuvas,21
laižyti,21
išbandėme,21
vėluojat,21
nušokti,21
taikai,21
išsaugotų,21
šernas,21
nešvarių,21
Siogūno,21
Glinda,21
Bekas,21
kolektyvas,21
skundų,21
nemiegok,21
langais,21
langu,21
sėklidžių,21
sėdėtum,21
atstumtas,21
pacientais,21
išsaugot,21
pirštinės,21
daržovė,21
Pičtri,21
žudomi,21
Tamsusis,21
Tamsiojo,21
atsiliepia,21
gėrėme,21
Merilin,21
skaitote,21
Willow,21
dalinamės,21
pradėtum,21
dalinio,21
pradedama,21
nenorėjom,21
Džordžu,21
belaisviai,21
siurprizų,21
siurbia,21
siužeto,21
gindamas,21
mergytę,21
skaitęs,21
kapralas,21
prakaitą,21
atsiliekame,21
tevu,21
takelio,21
takelį,21
Džordži,21
Džordžijoje,21
Halifax,21
tarnautojas,21
tarnauji,21
tarnaitę,21
tapom,21
tapatybes,21
Tarkas,21
pirminis,21
kvietimo,21
teritorijoj,21
laimėčiau,21
kvepalų,21
nykštuk,21
nužudėm,21
paaukštintas,21
Hagridai,21
šilti,21
Meis,21
skrodimą,21
Meinvoringai,21
Merfio,21
požeminis,21
yta,21
tanko,21
talentus,21
užsirišk,21
identifikuoti,21
ideja,21
pasikeitimus,21
Ester,21
Nikki,21
iškvietimą,21
egzistavimas,21
Eframas,21
efektyvus,21
išorinio,21
žvelk,21
žvirblis,21
Hariui,21
polinkį,21
Dou,21
niek,21
šikniaus,21
Alachas,21
pasiekimus,21
pasielgtų,21
kūrimo,21
Optimusas,21
nepamena,21
užsidėkite,21
Skineris,21
užsidirbai,21
Mercedes,21
užsikrėsti,21
mentų,21
skatinti,21
Pochrząkiwanie,21
tempu,21
temsta,21
laikos,21
atsisėst,21
laikydamas,21
laikraščiui,21
nepamiršim,21
studento,21
panorėsite,21
Emos,21
papasakotum,21
nukrypo,21
ryklius,21
fanatikas,21
mygtukų,21
teisintis,21
išjungia,21
įvertinimas,21
dieva,21
dievais,21
pasveikinkime,21
Baltimorės,21
stulbinantis,21
atsirastų,21
Oli,21
Lafleimas,21
atsistoja,21
techninių,21
ofiso,21
atsisakysi,21
Orchidėją,21
kamuoliukai,21
Zukerbergas,21
Flešas,21
skirtumų,21
ginčų,21
meluojat,21
skirt,21
skirk,21
Tenesio,20
20-ies,20
nepaleiskit,20
žudymą,20
nepagarba,20
žūtų,20
Onyl,20
16-a,20
Oksi,20
Operatoriau,20
kampanijai,20
ohoho,20
Egiptą,20
Edvardo,20
reikes,20
pasigailės,20
nepakartojamai,20
galėtumei,20
kodčl,20
švieži,20
Benediktai,20
menkiausia,20
žvelgia,20
taurių,20
skirtingose,20
girią,20
girl,20
pasiekimų,20
reikalavimai,20
gaminame,20
Hanos,20
originalą,20
išplėšti,20
plaukams,20
lošti,20
Harli,20
sulaikymo,20
plaukas,20
skirtinga,20
sulaikytų,20
oficialų,20
Fišerį,20
Tarą,20
atsistosi,20
HBO,20
teigiamą,20
išpjauti,20
teateinie,20
rekomendacijos,20
pasiimkim,20
Doors,20
ese,20
beprasmė,20
užsirakino,20
juostas,20
išpešti,20
išpirką,20
bendradarbiavimas,20
Iaiko,20
pavarė,20
neskubu,20
užpuolikas,20
12-o,20
skoloj,20
Skofildo,20
Skofildą,20
asmeniniam,20
kojai,20
skradžiai,20
švino,20
išspjauk,20
švęsime,20
Ashley,20
oligarchai,20
teisėjui,20
inkvizicija,20
telepatas,20
telieka,20
trūkinėja,20
Užsisek,20
griovį,20
ni,20
tavąjį,20
nuovada,20
siurblį,20
klyksmas,20
klubuose,20
Eleną,20
dovanojau,20
Harietos,20
šeštoji,20
pasikliaut,20
siūti,20
laido,20
užsiregistruoti,20
Ben,20
plovimas,20
Echo,20
įsivaizdavai,20
Jamaikos,20
šilto,20
pasidalinsiu,20
Nikersonai,20
žygiuok,20
Benny,20
žygiuoti,20
olimpines,20
Užsiknisk,20
Meksikoj,20
paviršius,20
neskambini,20
plečiasi,20
pakenktų,20
metrikaciją,20
reikalaujame,20
reikalauji,20
Sumažink,20
troškai,20
nešėjas,20
skurde,20
kreditine,20
Global,20
atne,20
Trujillo,20
troškulio,20
trumpikėm,20
medvilnės,20
pasikalbėkite,20
sumautu,20
jaudinti,20
jaukas,20
šeštasis,20
užpulta,20
nuotykio,20
skubėjo,20
klyną,20
sumaištis,20
bukagalvi,20
naujoką,20
pavojui,20
metalinis,20
Messiah,20
nežinotų,20
nešiu,20
nesistengiu,20
pavyzdžiai,20
užtaisyk,20
galvojam,20
reaguoji,20
įsipareigoti,20
klouno,20
išspardyti,20
erzino,20
pasenau,20
agresyviai,20
palatos,20
Erso,20
palankumą,20
mechanizmą,20
slapyvardis,20
groaning,20
sumušta,20
mediko,20
Beikeri,20
palaikytų,20
išskyrė,20
širdelė,20
rašymas,20
rašytojai,20
buna,20
Dono,20
pasikėsinimas,20
pasilaikyti,20
pasiliktum,20
vertiname,20
dokas,20
pasirengus,20
raudonieji,20
raundo,20
Rayau,20
Sid'ai,20
užtruksi,20
užtruksim,20
burito,20
mediena,20
neapgauna,20
beginklis,20
užkopti,20
kolonijoje,20
nurodyti,20
užkurti,20
pasimatuot,20
pasilinksminkim,20
suo,20
jaunuolių,20
superherojų,20
neatsiliepei,20
medalio,20
užmiega,20
rankinės,20
triumfas,20
sienomis,20
miegodamas,20
atnešėme,20
triuši,20
butai,20
berniūkštį,20
pakvietėt,20
Palace,20
nuramins,20
iškviest,20
iniciatyvą,20
neatleistina,20
neatėjau,20
galintį,20
Ralfi,20
bučiuot,20
pašalink,20
derlių,20
Mikailianas,20
Mikas,20
set,20
beth,20
ūsuotas,20
AEY,20
nusibodai,20
elektroniniu,20
iššūkio,20
išlaikysi,20
dizainas,20
pasiryžusi,20
mieliausias,20
elektroninius,20
Liuteris,20
buve,20
įsilaužiau,20
Smeagolas,20
smalsus,20
smegenim,20
trinasi,20
krepšiai,20
vidurdienio,20
šaunaus,20
šaunų,20
apsauginių,20
nebando,20
interesus,20
galinis,20
Godriko,20
mašinėlė,20
Lita,20
surastume,20
surašyta,20
Gibarianas,20
serialo,20
Neįmanai,20
ragą,20
trečiadieniais,20
gnomai,20
užkariavo,20
trijuose,20
Golaitle,20
glėbyje,20
liudininkais,20
Beverli,20
supuvęs,20
Mikį,20
suradote,20
supykins,20
supyksiu,20
Feliksai,20
armėniškas,20
vadinai,20
septinta,20
pašauti,20
nesiliovė,20
Keitai,20
šauksmą,20
paklus,20
nusidėjau,20
seniausiai,20
pažiūriu,20
kačiuką,20
bikinio,20
senuką,20
bėgai,20
Krise,20
Afganistanas,20
išsivesti,20
žaidimu,20
nusikaltimu,20
normas,20
pasakojimų,20
paklausėte,20
paklodes,20
pasisiūlė,20
nebebijau,20
pasisekti,20
Trentas,20
milicijos,20
Liošką,20
Max,20
Solara,20
surijo,20
pažadinkit,20
nesileisiu,20
Semionyčiau,20
Keil,20
Seli,20
geriečiai,20
nebegalioja,20
Sox,20
Bynas,20
baudžiamas,20
radio,20
py,20
pažeidžia,20
kabini,20
vagimi,20
įsakinėti,20
drauga,20
įrodyčiau,20
SOS,20
Hiksai,20
kaątu,20
putų,20
užeiga,20
Evan,20
nebetiki,20
vadovybės,20
gers,20
mintimi,20
kabelinę,20
nusigausim,20
vadinau,20
treniravausi,20
seksualinio,20
susidomėjimas,20
geriame,20
geriate,20
susidūręs,20
pyragų,20
pasiėmęs,20
Pyč,20
pėstininkus,20
nevažiuosime,20
ikrai,20
keep,20
vagono,20
seksim,20
vieneri,20
škotiško,20
Anatolijau,20
šlaito,20
Kazanova,20
nosiai,20
nebuvot,20
entuziazmo,20
paruošęs,20
Bėkim,20
nebijojau,20
puseje,20
specialistą,20
susikrauk,20
drebėjo,20
drebėti,20
nusipelnęs,20
dūmą,20
išsisukai,20
nusilenkti,20
pažemintas,20
Dentai,20
pasius,20
Ešai,20
nesijausk,20
Paris,20
nesijaudina,20
susikaupt,20
apmoka,20
Pulai,20
gaisrininkas,20
pulsim,20
grįždamas,20
šaudmenis,20
pasitikt,20
grįžimą,20
spektaklyje,20
transliuojame,20
uždarymo,20
maršrutu,20
parengė,20
susiras,20
Pedro,20
kadrus,20
feną,20
misjio,20
pažymiai,20
diskus,20
kritikas,20
automato,20
mobili,20
punkte,20
galeriją,20
pažvelgsi,20
savininku,20
pakeitimo,20
išsiskyrimo,20
Marselyje,20
nusiplauti,20
Martinu,20
barža,20
ekspertė,20
pasižiūrėkim,20
Psichopato,20
vaikščiosi,20
bateliais,20
įprotį,20
Viešpatėliau,20
atgaus,20
atgaut,20
Hotorn,20
neerzina,20
Gotamui,20
pasivaikščiokim,20
Jim'ai,20
neduodi,20
išsirikiuokit,20
Catherine,20
Cassidy,20
parnešti,20
Novis,20
šnekam,20
negimė,20
nudėsim,20
susitaręs,20
susitaikė,20
modulį,20
mokama,20
Džefri,20
protingesni,20
Marki,20
fermeris,20
išvyk,20
išviriau,20
progresą,20
Vilo,20
inžinerijos,20
prižiūrėtų,20
procentu,20
neužsiminė,20
uè,20
sprogmenimis,20
sprogdintojas,20
Maroke,20
Marlis,20
penkiuose,20
arijų,20
išeinat,20
Vaili,20
kirvis,20
vairavimas,20
išeisit,20
dirbtuvėse,20
liepsnas,20
aukštuomenės,20
pakabino,20
paskutinysis,20
paskutinėje,20
prognozės,20
dingimą,20
Andrejyčių,20
kondicionierių,20
atgyja,20
pelnyti,20
Marius,20
viršutiniame,20
srautas,20
Cerebro,20
pereisime,20
neturėtumėte,20
pareigose,20
pergudrauti,20
nerašo,20
chano,20
viršila,20
Nusiųskit,20
Markus,20
paieškot,20
žavėtis,20
paskambintum,20
paskatinti,20
paskirtį,20
neturėjote,20
žavėjausi,20
neu,20
blynus,20
nusivylusi,20
Genesys,20
mokymosi,20
jokime,20
šaka,20
pajamas,20
įmonei,20
pardavinėju,20
susitiktume,20
nueikime,20
nueikit,20
vakariniame,20
ekspediciją,20
Lenonas,20
sutaisiau,20
Stalinas,20
stalų,20
stambi,20
išvengt,20
išvengtume,20
ženklelis,20
Džeksoną,20
atsakingu,20
atsakiklis,20
Blumkvistas,20
sustabdo,20
suskambo,20
susprogdinai,20
Saturno,20
Sartorijus,20
staigių,20
įžeist,20
aukoms,20
Ksiuša,20
susižavėjimo,20
susižeidžiau,20
susižadėjusi,20
tolimą,20
netilps,20
parašėte,20
krūvelė,20
pereinam,20
pereiname,20
Chick,20
moliūgų,20
samdinys,20
Jones,20
stebint,20
Neitai,20
negyvu,20
pritraukti,20
akciją,20
išleistas,20
išvažiuosi,20
charakteris,20
kasryt,20
atidavęs,20
universalus,20
visišku,20
statinių,20
statymai,20
statulą,20
Neil'ai,20
paguldyk,20
paguldysiu,20
PaIauk,20
Boldvudai,20
džentelmenu,20
Salam,20
monitorių,20
apibūdinimas,20
apibūdinimą,20
neišlaikys,20
kukli,20
malti,20
stenkitės,20
atsarginę,20
netekę,20
lenkis,20
auklėjimo,20
stebėsi,20
Ula,20
lengvesnis,20
konors,20
uniformų,20
suteneris,20
Mambo,20
netikėto,20
kaka,20
angelu,20
nerasit,20
perkelta,20
nugabensime,20
pristatome,20
barbarai,20
pristatysime,20
žvejot,20
kajutę,20
leitenantė,20
netikėliai,20
viščiukų,20
princui,20
priprast,20
pririšk,20
nukaltas,20
Paramount,20
įkelti,20
Dube,20
kal,20
morkos,20
kakta,20
auglį,20
gražuoliai,20
sutiksime,20
papukus,20
šokoladinių,20
audrų,20
sutramdyti,20
išvalyt,20
augalą,20
salose,20
tipus,20
malone,20
Herkai,20
still,20
stiklinė,20
Baniras,20
lemtį,20
Lendonai,20
Lengdonai,20
rūgštis,20
rėžk,20
neišleis,20
neišlaikysiu,20
visokios,20
kasdienės,20
pastovėsiu,20
visuomenes,20
cheminis,20
priklausomybės,20
apylinkėse,20
prilipo,20
valgykla,20
žiemai,20
nustūmė,20
Stoikai,20
perspektyvus,20
Bandu,20
perspektyvų,20
konvojus,20
tęsinio,20
Jorke,20
Jop,20
priežastimi,20
prieštarauti,20
heroiną,20
Dikis,20
Dikio,20
drįso,20
herojai,20
atsibusti,20
jubiliejus,20
suvalgysi,20
alyvą,20
alu,20
permiegojo,20
persekioji,20
heroinas,20
ms,20
atsidursime,20
muitinės,20
prielaidą,20
ryškus,20
priepuoliai,20
išduot,20
stovyklavietę,20
majonezu,20
akademiją,20
leidimus,20
nukreips,20
lego,20
paprastam,20
gydymui,20
boom,20
sušiktu,20
kilmę,20
sušvelninti,20
įkalbėt,20
Deilas,20
Gregoris,20
makiažas,20
rupūžė,20
tiltų,20
valsą,20
valyt,20
valytis,20
neprarado,20
boulingą,20
Voli,20
Volstryto,20
Volstrito,20
priešinga,20
pietumis,20
pataisyt,20
nesužinosim,20
patalpinti,20
patalpų,20
Majė,20
pieši,20
Greisonai,20
piešinių,20
maišu,20
šortai,20
karma,20
Cooper,20
dieviška,20
fakultete,20
paduokit,20
nutilkite,20
homoseksualas,20
hon,20
filosofijos,20
lašelio,20
vandeniui,20
aptikom,20
Rumynskis,20
ruošies,20
ABC,20
padovanos,20
Branai,20
įkaitas,20
sužinojusi,20
studijuoji,20
brangenybės,20
Atėnų,20
lce,20
kibiro,20
nepavydžiu,20
apgailėtinos,20
streikuoja,20
kalbėdami,20
kopūstus,20
Hong,20
maitino,20
žinomu,20
žirafa,20
mainus,20
žinute,20
Ryrdon,20
valgėm,20
panting,20
žirgais,20
žirgu,20
papildomi,20
band,20
įvairiais,20
judinamės,20
judesio,20
tikslūs,20
nesuvokia,20
atvyksime,20
svarbiausios,20
gausiai,20
priedas,20
rožinis,20
brangakmenį,20
prieinama,20
Volvo,20
didžėjus,20
die,20
padėjėjo,20
kurdamas,20
prasidėtų,20
prastokai,20
Džimiui,20
Lavrovai,20
help,20
emes,20
nuliūdinti,20
Hendriksas,20
istorinis,20
nelauks,20
išjungiu,20
Judinkites,20
pasėdėsiu,20
Tyrell,20
Italijoj,20
įeiname,20
įdėt,20
brangiausia,20
brangiausią,20
mylėjęs,20
mylėsi,20
įtars,20
išdidumo,20
subtilus,20
balno,20
balsuoju,20
Madona,20
madinga,20
Elsa,20
Padingtonas,20
išdaviku,20
kalbėkis,20
apsėsti,20
nepradėjus,20
iui,20
apdovanojimus,20
dabartinę,20
dabita,20
subtilu,20
DAEJUNG,20
mylimos,20
nuvarė,20
Vangeris,20
Vania,20
Vang,20
Vangas,20
padarytu,20
padaže,20
džinsų,20
imčiau,20
incidentą,20
atvažiuojam,20
išsekusi,20
Rodrigai,20
naujajam,20
žiūrėdama,20
ma'am,20
žiūronus,20
suduš,20
turėtumėme,20
Tutsių,20
nesupratot,20
eilėraštį,20
nelemtą,20
Emilija,20
fotografuoju,20
pratimų,20
pravarde,20
Madison,20
nelegalus,20
gyvensit,20
ėjęs,20
pimpalus,20
EIizabeth,20
pabūsime,20
patekčiau,20
romantišką,20
nuvežiau,20
šunyti,20
last,20
patikra,20
sėdint,20
nesupyksi,20
finale,20
rizikuojate,20
didesniu,20
DC,20
vasarai,20
Vats,20
Debe,20
dažyti,20
Bredą,20
kuti,20
praleiskime,20
formoje,20
grietinėle,20
sugalvojom,20
Vyver,20
išlošiau,20
sėkmingos,20
langa,20
lankai,20
indą,20
karališka,20
apsukti,20
kvadratinių,20
lšprotėjai,20
balik,20
tiesioginiame,20
tiekėją,20
sėklų,20
kerus,20
atstumia,20
pinigines,20
pingvinas,20
piniginėje,20
pingvinus,20
nepaskambinau,20
Ritą,20
lėmė,20
bala,20
balansas,20
lėktuvui,20
pacientę,20
sugebėsime,20
turtingiausias,20
dainelę,20
nuneš,20
numirsi,20
Čizolmai,20
kaltinamasis,20
Hodžai,20
Fiodorai,20
sugausim,20
30-ties,20
išgyvensime,20
įstojo,20
Džordanai,20
nemirtingieji,20
amerikietiško,20
dainavimą,20
Patriko,20
pralaužti,20
Apsisukit,20
atskyrė,20
riešo,20
išnešiu,20
Gario,20
žmogiškų,20
Riką,20
pamanėme,20
išreiškė,20
išnešė,20
nematomi,20
dešreles,20
Helenos,20
išgydys,20
rezervas,20
apsistosime,20
lakstė,20
prakaitu,20
dainuos,20
prakeikimą,20
anūkai,20
atskiras,20
Talbotai,20
Airijoje,20
Vašingtonai,20
taipat,20
kvailiuk,20
apsisukite,20
testamentą,20
teva,20
Davickiui,20
David,20
Davido,20
Davidu,20
žudote,20
paaugliams,20
įstatymu,20
nužudysite,20
dešrą,20
Daltono,20
Izabelė,20
išraiškos,20
išradimų,20
žolių,20
Brown,20
reporterė,20
laisvalaikio,20
naktinė,20
hobi,20
gūžtą,20
lygmenyje,20
lygintuvą,20
lygtinio,20
suimt,20
tamsiosios,20
Hagridas,20
dvasinė,20
dvarą,20
Grifinas,20
Watson'ai,20
kapitonai,20
prabilo,20
nenueik,20
atliekama,20
pradedate,20
išbandyt,20
pirmininko,20
atsivežei,20
federacija,20
Kvinas,20
Kentai,20
Kenijos,20
povandeninių,20
Pots,20
Tanaka,20
griovyje,20
heh,20
pradinė,20
daliai,20
pradėtume,20
rengiuosi,20
praeit,20
garantuotas,20
Kapitolijaus,20
antklodė,20
antibiotikų,20
kept,20
anties,20
nesmagiai,20
darytume,20
plana,20
dalyvavai,20
Inesa,20
nenusiteikęs,20
kenčiu,20
dalyvavimas,20
dalykui,20
Venecijos,20
naudodami,20
neparduosiu,20
darytis,20
Česvikai,20
Kvyne,20
budi,20
atsitiktinė,20
Hauzeri,20
darykim,20
sukrėsta,20
sukrėtė,20
krantus,20
kramtyti,20
krantas,20
nepamiršta,20
nepamirškime,20
išradau,20
žuvelę,20
atlikote,20
žurnalistams,20
Džuliana,20
P-laivyno,20
kentėk,20
Han-gi,20
Danilova,20
Lailas,20
our,20
amerikietį,20
Edgar,20
egzekucijos,20
Skineri,19
Тu,19
teisingu,19
opera,19
Olande,19
kūjis,19
dot,19
skirtų,19
skambintų,19
bendros,19
šika,19
pasiektume,19
eržilas,19
Teilorai,19
teiraujasi,19
teis,19
teisininku,19
atsiriboti,19
išnuomoti,19
Ohajuje,19
organizmo,19
Odino,19
L.A.P.D,19
atsisakymas,19
meksikiečiai,19
šifras,19
skaičiuoji,19
bendradarbiai,19
skraidau,19
asteroidas,19
užrakinai,19
meistrą,19
melavote,19
meldiesi,19
skiriamas,19
užsidirbo,19
meluok,19
meluočiau,19
melskimės,19
BENDROSIOS,19
skoniui,19
skaitydavo,19
jauciuosi,19
jaudinatės,19
pasidaryk,19
esantiems,19
knygoj,19
užpakalines,19
pasibjaurėtina,19
Jan,19
skaičiuosiu,19
Ginny,19
skambinote,19
gitaros,19
Belos,19
glaudėm,19
Sinclair,19
situacijai,19
situacijoj,19
Beri,19
Beretta,19
belaisvis,19
Bekeris,19
užmirštas,19
užmiršai,19
užmiršta,19
jaukus,19
skrybėlių,19
klystat,19
užsivesk,19
užsivedęs,19
Siuzan,19
jausiuos,19
Klodai,19
bernas,19
ieties,19
užsuka,19
paseno,19
Dragas,19
pasibaigia,19
Ernis,19
slaptavietę,19
Sleiteri,19
iždo,19
akvariumas,19
neūžaugos,19
iškrypėlių,19
šerti,19
slaptųjų,19
Doilis,19
neįtikėtino,19
Miglapūty,19
Kolesnikovas,19
slidėmis,19
užkulisius,19
jaunuoliui,19
šepetėlį,19
etikos,19
Simonai,19
simptomus,19
miegantį,19
signala,19
Sietlą,19
jausmams,19
išklausyt,19
jausies,19
pasipiršau,19
pasireikšti,19
užversti,19
klausys,19
užtvaras,19
ieškant,19
Kleptonas,19
užvaldys,19
mažutė,19
mažyliui,19
smulkmeną,19
aktyviai,19
mielosios,19
užtikrins,19
ieškantys,19
miegočiau,19
Milerio,19
Milane,19
milijardą,19
algoritmas,19
Nexus,19
neįeina,19
smūgiuoti,19
beatsitiktų,19
užkandžius,19
mašinon,19
pasalų,19
mažiems,19
Komediantas,19
vabzdys,19
bevertė,19
sesijos,19
šefą,19
pasirodėte,19
neįsivaizduojat,19
Milsai,19
Getsbiui,19
šauliai,19
Everdyn,19
senių,19
seniausių,19
geruti,19
ieškotis,19
klaust,19
bazių,19
Sonny,19
išėmiau,19
aktyvumas,19
klausiat,19
Arktoras,19
pasisekimo,19
nevyks,19
socialinių,19
klasei,19
klasikinė,19
klajoti,19
seminaras,19
Alikai,19
Goldman,19
Bay,19
matematiką,19
sparčiau,19
kompensaciją,19
pasakiška,19
aktorės,19
komiksus,19
užges,19
užeis,19
pasitempiau,19
Biliui,19
Bill,19
seksualinį,19
sekt,19
biržoje,19
biurui,19
draugužį,19
nevažiuos,19
vagyste,19
bičiulių,19
išvys,19
Nosferatu,19
Entoni,19
Jean,19
jautriai,19
atejai,19
specialią,19
išvykus,19
Bjukenenai,19
Scofield,19
scenoj,19
mito,19
gerbiama,19
diržai,19
Park,19
Drilbitas,19
nubaudė,19
nubėgau,19
Arizona,19
gerbiau,19
blaivas,19
nevažiuoju,19
kompleksas,19
seima,19
vaidinimo,19
vaidink,19
misijų,19
diskutuoti,19
Jegorą,19
sausumą,19
savarankiškas,19
Georgai,19
saviškį,19
savininkė,19
mišias,19
Marsą,19
neužmušiau,19
areštą,19
batelių,19
uždanga,19
Splinteri,19
Jevgenijau,19
dirbtinė,19
pasivažinėjimas,19
parodykime,19
Entai,19
nudėsime,19
saugiklį,19
dirbkite,19
spyris,19
Bartonas,19
šmaikštus,19
akiu,19
akivaizdoj,19
iškeliauja,19
Alo,19
savižudis,19
Georgia,19
mobilus,19
konjakėlio,19
Konge,19
kongresmenas,19
paslaptingasis,19
vaivorykštė,19
urano,19
Marigold,19
Mardžeri,19
uolą,19
pareikalaus,19
druską,19
drugeliai,19
šlapimas,19
Markui,19
šaliką,19
paskambinkim,19
pasklis,19
Gemdži,19
šachtą,19
šakų,19
pardavėjai,19
apžiūrą,19
vakarinės,19
blyn,19
išvengtų,19
aklavietę,19
šnipinėti,19
Aratorno,19
blusų,19
sargu,19
Arabijos,19
Jonuk,19
įžvalgus,19
įžūlumas,19
netikėtumų,19
pasmaugti,19
netikėtą,19
vakarykščio,19
iliuzionistas,19
vakarėly,19
bobų,19
Barauzai,19
grasinimų,19
nugyvenau,19
parašytų,19
Drė,19
Manhetene,19
Mandi,19
valdose,19
geležis,19
gelia,19
saldainio,19
Monixai,19
bankrotas,19
malonų,19
Banks,19
ude,19
netelpa,19
stebėjome,19
Ulongas,19
malūnsparnį,19
pasodinau,19
pasodink,19
nugalėtoją,19
nugabens,19
stebuklingi,19
sagų,19
morfino,19
Saint,19
netikėli,19
Dimą,19
paspaust,19
pasprink,19
par,19
nukalė,19
Valentinai,19
sagos,19
Stiopa,19
gražuolių,19
šokoladuką,19
šokėjai,19
saldi,19
Konstantinas,19
stiebo,19
rėmė,19
moto,19
motinas,19
Gelbėkitės,19
rūpestingas,19
Bomburai,19
tėvynė,19
pastoriaus,19
pastos,19
nesėkmingai,19
apylinkėje,19
stiprybę,19
stojam,19
bandos,19
Stone,19
Jordanijos,19
įėjote,19
pastatys,19
įvestas,19
įvilioti,19
alyvos,19
alui,19
neteisingi,19
nukirpti,19
muilu,19
motyvas,19
ryžtas,19
neteksime,19
Akašio,19
dukteriai,19
dugnas,19
imitacija,19
valgant,19
atilsį,19
storio,19
valstijoms,19
boulingo,19
Mustangas,19
aiškinasi,19
nuleistas,19
panoro,19
PapaIe,19
stovėkite,19
bambos,19
ištuštinti,19
štiš,19
neteisk,19
nukirs,19
koplyčia,19
tėveliu,19
ruonių,19
musų,19
rusiška,19
baltąją,19
Rubė,19
vamzdyje,19
vamzdžio,19
aptarnavimo,19
kopėčiomis,19
studentą,19
greitesnė,19
Mulen,19
nukritimo,19
papildomus,19
Juliana,19
Muši-Ši,19
vargšo,19
nuliūdusi,19
gavę,19
patarimai,19
patalynę,19
tyrinėjau,19
greitesni,19
Styvi,19
mai,19
baltai,19
suauk,19
nesėdėk,19
pasveikau,19
netapsiu,19
atkaklus,19
išlįs,19
ištrauksim,19
įtartinas,19
durims,19
durna,19
aptarkim,19
suaugusiu,19
tvirtovės,19
tvirtinti,19
tyko,19
Sucre,19
Ronda,19
mylimąją,19
KIausyk,19
Robui,19
ketvirtame,19
varžovą,19
Rodrikas,19
lūžta,19
M-KLOS,19
nesuprastų,19
švaisto,19
Emilis,19
numirei,19
Gretchen,19
sudeginta,19
Sudeginkit,19
įtemptas,19
nesutiksi,19
pateksiu,19
didžiajame,19
šunsnukių,19
patikinu,19
didvyrius,19
patiktu,19
patogus,19
garą,19
garsūs,19
mėgstamų,19
mėginti,19
įtakingas,19
aisti,19
švarių,19
aiškiaregys,19
apskaičiavau,19
Incredible,19
varnos,19
Balinas,19
grietinėlė,19
sugalvoja,19
apsistojai,19
vedasi,19
N.S.P,19
gardu,19
Britanijoje,19
garsiausių,19
lėks,19
kovodamas,19
numirusių,19
pamiršome,19
Koul,19
lėlę,19
įstrigai,19
išgyvenusiųjų,19
patrankų,19
numylėtinis,19
riebi,19
Brodvėjuje,19
Rika,19
švelnumo,19
Airtono,19
Paula,19
paukščiais,19
Lėjus,19
lytinių,19
sugrįžimą,19
nuolatinį,19
palūkanas,19
pamainoje,19
palūkanos,19
Indianos,19
apsisuks,19
River,19
Bretonai,19
Briansko,19
sugrįšim,19
retą,19
nesulauksiu,19
patylėt,19
juokaut,19
paukštytė,19
pavadėlio,19
Hobitanijos,19
infarktas,19
infekcijos,19
repeticijos,19
respublika,19
atliekas,19
suinteresuotas,19
kovotų,19
grietinės,19
griežti,19
sugrįžtų,19
kovosim,19
nuorodos,19
dviračiais,19
Elmo,19
neskiesk,19
rekordus,19
turistams,19
sukam,19
baisoka,19
sukeitė,19
sukimo,19
išteku,19
šventėje,19
garantuota,19
Renė,19
veidrodžių,19
veidmainis,19
krabas,19
pavairuoti,19
pavaldus,19
pavaišint,19
kepimo,19
veikėt,19
tuokiamės,19
natų,19
bu,19
reind,19
budelis,19
bailė,19
grimas,19
Luizianos,19
nuolaidos,19
sukilimo,19
krabų,19
turejai,19
atlikėjas,19
baiminuosi,19
bailus,19
vejuosi,19
nariò,19
Rendelas,19
juokingiausia,19
amerikiečiu,19
pavadina,19
keltų,19
Kelvin,19
venkite,19
galįs,19
buhalteriją,19
reikiamu,19
sulauksi,19
gaminau,19
budėti,19
Buenos,19
naudojai,19
sukūrėte,19
nuotraukomis,19
šviesūs,19
ištariau,19
švilpt,19
Natašai,19
juostelės,19
neskrenda,19
dešimtmetis,19
Verneri,19
inkstą,19
Redhead,19
galybė,19
loteriją,19
nuoširdi,19
paleistų,19
dvynė,19
budėjimą,19
juokitės,19
pavirsiu,19
neskambina,19
atmintimi,19
Puškino,19
Gustav'ai,19
liūtis,19
išdūriau,19
nuotėkis,19
Kristen,19
Ang,19
nerangus,19
buteliu,19
perkelsiu,19
Gryn,19
vertybinių,19
prisėst,19
gryšiu,19
pritarimo,19
nerašyk,19
vertybės,19
kaklaraiščio,19
logiškas,19
pakėliau,19
krautuvėlę,19
sumažins,19
Veronas,19
išgelbėsime,19
pačiupo,19
kabelinės,19
pačioj,19
bėgsim,19
sutraiškyti,19
apsieiti,19
Rasai,19
pusmečio,19
sutraiškysiu,19
lemiamas,19
būdavai,19
chemija,19
ekipažas,19
pagirtina,19
Vernai,19
bėglys,19
nusilpo,19
myžniau,19
nusikaltėliams,19
elektrinis,19
nebūsite,19
prisipažinimas,19
neatleido,19
investicijos,19
kazkur,19
neišduosiu,19
galutinį,19
Ispaniją,19
vodkos,19
prijungti,19
priklausomi,19
nejausti,19
cigarete,19
Lima,19
įsimylėjus,19
sumas,19
įsitempę,19
pagaIbos,19
žaislais,19
nusilengvinti,19
pertraukiau,19
nesiuntė,19
reikalavimas,19
pašalina,19
bada,19
derybininkas,19
kumštį,19
nesijaudini,19
suvaldyt,19
absoliuti,19
Abraomo,19
susijungė,19
perkėlimą,19
pernakvot,19
deive,19
nepritaria,19
grąžinsime,19
persigalvojo,19
Agrado,19
Vikos,19
istorijoj,19
priekaištų,19
nupasakoti,19
priekinių,19
priekinė,19
nedirbs,19
žadėjot,19
sušauk,19
palaipsniui,19
pultą,19
puma,19
leidome,19
nusamdė,19
nusi,19
Hendris,19
prigavo,19
grįžimo,19
sumažint,19
Džeraldas,19
verksi,19
sučiupome,19
Leiko,19
suįžūlėjai,19
kritiška,19
trinti,19
Trip,19
Demi,19
apgaule,19
Ašbern,19
nekalbėsi,19
nekalbėt,19
vertingo,19
away,19
Pakistano,19
susimauna,19
vulkanas,19
com,19
suprasit,19
nekvėpuok,19
padorūs,19
liksit,19
pakraštyje,19
džiaugsme,19
kažkokiais,19
Petrovičiaus,19
Pfizer,19
pietryčių,19
kažkokiame,19
atvėsti,19
gyvenamoji,19
nutraukiame,19
išsigimėliai,19
išmuša,19
pakrante,19
puoli,19
išdulkinau,19
išdulkink,19
puodo,19
perėja,19
peršokti,19
būgnininkas,19
grobia,19
išgerčiau,19
įsilaužimą,19
pakeista,19
apgailestauja,19
nelaikys,19
nekęs,19
priaugai,19
karnavalą,19
nusipirksim,19
išmokytas,19
susiruošė,19
peni,19
delfinais,19
nerūkyk,19
Fernando,19
eisena,19
nepavojingi,19
kuprinės,19
susirinkę,19
pakalbėkite,19
išsiskirsim,19
lazdas,19
gyvais,19
padidino,19
pademonstruoti,19
įsileisk,19
prieisim,19
prieiga,19
verks,19
pakartokim,19
Vonai,19
amžiui,19
pakeiskit,19
atsijungęs,19
nepatikimi,19
nelietė,19
publiką,19
iuok,19
vyram,19
Kareno,19
sumoku,19
psichologinį,19
įpilkit,19
atvirų,19
atvyk,19
tikromis,19
loja,19
tikslais,19
įpėdiniu,19
nesidomi,19
praėjome,19
susirgti,19
kavaleriją,19
vidurinėj,19
vilkais,19
psichiatrinė,19
vergu,19
psichiatrė,19
psichiatrinės,19
įgūdžiais,19
dėjosi,19
praėjai,19
praėjau,19
praėjimą,19
karininko,19
nebaigėme,19
nusitaikyt,19
apdovanojo,19
prarastą,19
pajusite,19
prodiuseriai,19
katilą,19
įdomiausias,19
bye,19
nuvažiuosi,19
padarui,19
galvose,19
nuotoliniu,19
džinsais,19
liesa,19
Tifani,19
atvažiavęs,19
rašydamas,19
sąjungai,19
atvažiuosim,19
lipt,19
nuotraukoj,19
nusivilkti,19
pajudint,19
prastų,19
išsirikiavimas,19
išsiruošei,19
fotografuotis,19
negalėjot,19
Cai,19
Prometėjas,19
protingų,19
praradimą,19
pranyko,19
ėjimų,19
Liucijau,19
nepastebėsi,19
Viką,19
pimpalų,19
nepataisomas,19
pabėgelių,19
eigulys,19
krosnį,19
susisiekt,19
raštu,19
nuvežtum,19
nemalonumus,19
daikte,19
raštą,19
sėdime,19
vilkus,19
gyvuosius,19
Lao,19
sėdynėje,19
išsakyti,19
išsaugojo,19
Ann,19
Katiuša,19
troškinys,19
apsidairyti,19
pilnatį,19
Vincento,19
tiesioginį,19
Vilu,19
katedrą,19
dainuodavo,19
virėjų,19
pranašystę,19
pranašumas,19
včl,19
virėju,19
vėjelis,19
atstovauti,19
apsidrausti,19
atstovė,19
lanku,19
sumaniau,19
neapgalvotai,19
nereikalingų,19
reginį,19
atsikraustė,19
naujienomis,19
Atriškite,19
Rauli,19
gąsdinimo,19
auskarų,19
sėklas,19
aukštumų,19
liemenėlė,19
naujuose,19
krūmą,19
herojaus,19
pelningas,19
dažnas,19
reikala,19
nuvyksim,19
pakabinsiu,19
pakalbeti,19
čiužinio,19
kalte,19
Dža,19
kalp,19
nepasitaiko,19
Krydo,19
kruša,19
pabendraut,19
Džonį,19
eiliniai,19
Toris,19
litrus,19
nesaugi,19
nesamonių,19
peleninę,19
žmogiškumo,19
registruotas,19
įniršį,19
žmoguje,19
išreiškia,19
įpatingo,19
verge,19
dailės,19
viršutinę,19
viršutinį,19
atsikrušk,19
atsikratė,19
viršui,19
Lamarka,19
taikyti,19
raštelio,19
Prahoje,19
nemokės,19
nemylėjai,19
negyveno,19
priveda,19
Prakeikiu,19
pričiupk,19
teve,19
taktiką,19
gėjiška,19
gėjumi,19
rašiklio,19
painioji,19
Dalase,19
Praimai,19
keitimo,19
elektroninių,19
helis,19
nereaguoja,19
kvailute,19
kvailiui,19
tetulė,19
dėmes,19
pirks,19
pirkėjai,19
Finčai,19
pakviesta,19
kasykloje,19
dėlionės,19
šūdais,19
išbandė,19
šūdui,19
paaugo,19
vienija,19
išskirtinė,19
išsipildyti,19
dalink,19
Izengardo,19
Paikas,19
nėštumas,19
žodynas,19
žodyne,19
3D,19
nebera,19
nebepasikartos,19
žodžiuose,19
išskiria,19
kvapu,19
talentu,19
Pensilvanijoje,19
perdaviau,19
Libijos,19
tamsaus,19
susituoks,19
laipsniais,19
agentams,19
Letty,19
apacioje,19
nemokamos,19
fondų,19
fone,19
prakeiktame,19
Tesaugo,19
pozicijų,19
verčiasi,19
nenugalimi,19
sustink,19
Lensas,19
raudonplaukė,19
sunaikinkite,19
pirmoj,19
had,19
lentyną,19
Terensai,19
trobelėje,19
nuskęsti,19
potraukį,19
sunaikintos,19
kankins,19
laipsnius,19
tamsų,19
Sung,19
atsivežti,19
Ternerį,19
Hefaistionai,19
pakliuvom,19
tano,19
gulės,19
Leonora,19
nebandysiu,19
auksine,19
izoliuotas,19
gulėjai,19
Willard,19
Džošą,19
kalvą,19
sustabdyta,19
nebedaug,19
aštrų,19
ašmenimis,19
atsakysite,19
kanalui,19
antspaudai,19
tobulėti,19
TodeI,19
atpalaiduoja,19
Kuboje,19
pričiups,19
aukštesnės,19
čempionė,19
ašmenis,19
surinkit,19
atsilikėlis,19
Hauzeris,19
atsiminimų,19
Teodenai,19
flirtuoji,19
Port,19
pornografiją,19
darželyje,19
Halo,19
laimingesnė,19
vergovės,19
Haldirai,19
Haleri,19
tarnaitės,19
verdu,19
Danielio,19
Polmeri,19
neparduoda,19
liūdnos,19
antrankių,19
kambariui,19
atrodome,19
kaimynę,19
išpuolį,19
kaista,19
delegacija,19
perduotas,19
regėjęs,19
nebeegzistuoja,19
vežate,19
nebegalėsi,19
laikėmės,19
neieškok,19
privalėjo,19
privaloma,19
pritvirtinta,19
2012-aisiais,19
Vežkite,19
kaipmat,19
nepabėk,19
popieriniai,19
ponį,19
danguj,19
nenušauk,19
kandidatūrą,19
poreikio,19
nenustos,19
kamščiai,19
zmogauo,19
nepageidaujamas,19
kairioji,19
nepagarbą,19
žygiui,19
kaimyną,19
kęsti,19
kaminą,19
perkrauta,19
plėšia,19
darbelio,19
vežiau,19
plūsta,19
poema,19
pokytis,19
neinam,19
Hankai,19
neigiamai,19
laikiną,19
orkestro,19
detektyvo,19
pykau,19
darausi,19
pavojingų,19
kabint,19
Džeinės,19
pagrobei,19
telydi,19
pagulėsiu,19
tempt,19
dziaugiuosi,19
įsakiau,19
eksperimente,19
išplauk,19
nuplauk,19
nusišypsoti,19
Мes,19
eismą,19
detektyvu,19
sumaišiau,19
kylu,19
Linkas,19
Kasandra,19
tavy,19
karščiuoja,19
prisiliesti,19
laidoti,19
plokštę,19
ploja,19
atnešėt,19
Orleaną,19
Obi,19
oana,19
Ebė,19
vietinio,19
Hjugai,19
pusvalandžiui,19
atominis,19
Omalas,19
žūtbūt,19
suteiksime,19
plitimą,19
Hekai,19
kūriniai,18
teisingo,18
kūrėjai,18
Edmundso,18
skyriai,18
neištvers,18
užmokėti,18
užplūsta,18
priklausomybę,18
Huseinas,18
neišvyko,18
tavosios,18
egzaminai,18
tecio,18
vakarėli,18
Iltie,18
skulptorius,18
vištų,18
prisidėjau,18
pririšti,18
meilutė,18
glamonių,18
irodymu,18
Vokietijoj,18
užpakalinės,18
Glatas,18
Glatai,18
medūza,18
slaptumo,18
globa,18
vokiečiams,18
nekalbėkit,18
priešinsis,18
nekantrauji,18
prie¹,18
koldūnų,18
apgynė,18
priešnuodis,18
Vogelis,18
prisijungsite,18
prisilietimo,18
užpildė,18
užpakalių,18
užpildo,18
neišlaikiau,18
prisiminimą,18
neklausi,18
iseiti,18
Eifelio,18
išnaudoja,18
Žorikai,18
Hantas,18
taviškiai,18
paauglės,18
nužudytos,18
pabaigsi,18
žurnalisto,18
Tedžiu,18
Atsipisk,18
pabaigoj,18
25-eri,18
nėjo,18
žudysiu,18
vokus,18
prietaringas,18
slėpt,18
priekinius,18
priekinės,18
isivaizduoti,18
meditacijos,18
užmigai,18
medalių,18
neketiname,18
Fredu,18
McLaren,18
užkrečiama,18
isteriją,18
kiniečių,18
pabrėžti,18
valdysi,18
Bomonto,18
Motel,18
Džulija,18
Saimonu,18
skristų,18
slepiuosi,18
Prisisekit,18
Gita,18
voverės,18
smakro,18
smegenims,18
nekreipkite,18
Vril,18
voverių,18
Vrataski,18
premjeras,18
smalsi,18
smakrą,18
Begosianas,18
užkeikimas,18
prašysiu,18
italai,18
itališkas,18
vykdoma,18
Vykdykit,18
pabėgioti,18
žmogiškas,18
eigą,18
nušauta,18
žiūrėjome,18
pabūklai,18
pabėgėlių,18
pacia,18
6-Echo,18
žmonomis,18
kąsk,18
kyšo,18
pabaisai,18
Hamersmark,18
Džordana,18
pabando,18
Sneipas,18
snarglius,18
Godfris,18
kariuomenei,18
mažutis,18
kokiose,18
užrakinau,18
kokoso,18
vykt,18
prispausti,18
prisėsiu,18
meldėsi,18
funkcijų,18
pritraukia,18
Hudson,18
užimsi,18
užimsime,18
asmeniniais,18
prasminga,18
prasiveržti,18
prasidedant,18
Beau-line,18
laikytum,18
tarnybų,18
Bordenas,18
valgydamas,18
Boratas,18
Borisyčius,18
taukų,18
Momonai,18
vyriausiojo,18
Goką,18
dabartyje,18
mašinom,18
Mačetė,18
vyresnių,18
užkandinės,18
godūs,18
praneščiau,18
kareiviams,18
Solomonas,18
solidus,18
vyriškumą,18
Snieguolė,18
Gohanai,18
Sonjeras,18
pranašystes,18
pranašumo,18
mauk,18
vystosi,18
Fosteris,18
sankaba,18
sandėly,18
genetikos,18
motorą,18
rėmėjai,18
laikrodžiai,18
he's,18
head,18
kilimėlį,18
Tarsas,18
privačių,18
negyvenu,18
negyvo,18
Cezarį,18
neieškos,18
pritvirtinti,18
pralaužta,18
praleidot,18
praleisim,18
ateitimi,18
uždėkite,18
ateisit,18
West,18
praminė,18
Solai,18
Waterlo,18
Walsh'ai,18
kapstytis,18
fontano,18
užduotimi,18
užduotys,18
terminatoriaus,18
tariama,18
Abigaile,18
tars,18
padaru,18
90-ųjų,18
eima,18
Džiune,18
meluosi,18
skirtinguose,18
pralaimėjęs,18
sostas,18
bendri,18
centriniame,18
uždirbsi,18
kompaso,18
nenaudėli,18
kompiuterinės,18
spaudą,18
spalvotų,18
pradėsite,18
nenorėjome,18
spaust,18
pradžioj,18
praeisi,18
pradeti,18
Santosas,18
Aralo,18
Kirbe,18
ryškūs,18
vaišina,18
teorijas,18
žinosite,18
Einšteino,18
padidės,18
Džimui,18
Havi,18
laikymą,18
požemiuose,18
pozą,18
Wildcats,18
ya,18
pozicijose,18
prabangos,18
uždegė,18
masturbuotis,18
nenorėtumėte,18
dalinsimės,18
Kanzase,18
Gordon,18
Koheigenas,18
užsidirbt,18
užsidirba,18
asilu,18
Meniks,18
nenusiimk,18
batams,18
Martynovai,18
prižiūrėtojo,18
viršelį,18
menkiausios,18
kankintis,18
kankinamas,18
užblokuotas,18
uždarbis,18
pagailo,18
nuteisė,18
padirbėk,18
laimėtojai,18
blondinę,18
žievės,18
Hadas,18
Zaicevai,18
Yuki,18
Spinefix,18
Poterį,18
Graikijoje,18
Kane,18
nenustebčiau,18
nenuspėjamas,18
spontaniškai,18
girdejai,18
girdim,18
negirdėti,18
nenuskriaustų,18
dalyvavimo,18
Poseidono,18
profesionalūs,18
progomis,18
skaniau,18
Skanioji,18
bendruomenėje,18
Daneiris,18
Houpai,18
užbaigsim,18
žentas,18
žetonus,18
išsilavinimo,18
džentelmeno,18
Dženiferė,18
pagalvotų,18
tereik,18
terapiją,18
nustebinsiu,18
nustatėme,18
Džersį,18
kviečiam,18
nustotum,18
ponuli,18
nepabandžius,18
polisą,18
nenužudo,18
Barsūmas,18
nepaimsi,18
išalkusi,18
antru,18
barų,18
spresti,18
konfidencialumo,18
uraganą,18
Zeus,18
Polia,18
kamštis,18
Zodangos,18
bastūnas,18
progų,18
sprogti,18
nuskęs,18
Džeimsu,18
valgysit,18
mokslininkus,18
kietų,18
atsiunčiau,18
much,18
vilktis,18
inžinierių,18
gabaliukai,18
gabaliuką,18
caro,18
Merfė,18
prokurorą,18
marihuaną,18
srity,18
uostai,18
fizinė,18
darbuose,18
plieną,18
kongresmene,18
plovimo,18
ploto,18
nepaklausė,18
KodÓl,18
negaluoja,18
būūūtų,18
Vilhelmo,18
užsikabinti,18
negaIi,18
psichai,18
viliojantis,18
baroniene,18
stabdys,18
stadijos,18
stalelis,18
bžti,18
eksperimentai,18
Tesos,18
nusižiūrėjo,18
pagrobia,18
laiptinę,18
kvailutė,18
tetule,18
tamsių,18
tamsiausią,18
išsilavinęs,18
žengi,18
išsinešti,18
nuspręsim,18
plauksiu,18
išaugai,18
Mardžore,18
granatas,18
kalėti,18
nepalikti,18
need,18
neegzistavo,18
užsimerkiu,18
GaIbūt,18
psichologinis,18
psichinės,18
sargybiniais,18
mokslams,18
vairuotoja,18
sargybinio,18
Rutas,18
vairuosi,18
ilgu,18
mulkiu,18
Bouni,18
atskirtas,18
Terrance'ą,18
kvalifikacijos,18
Mustafa,18
plaktukas,18
Barinovas,18
mankšta,18
konkurentas,18
daryta,18
statusą,18
nepasakėte,18
nepasakęs,18
Dauboje,18
fiziką,18
Čepmenai,18
kalvis,18
Pitą,18
mandarinas,18
Barateonas,18
pirmininką,18
nepasirengusi,18
Starbucks,18
Manhetenas,18
žandikaulis,18
kvailiausia,18
teturiu,18
nusiųs,18
žavesiu,18
taikiniu,18
absurdiškai,18
kaulais,18
Viktorijos,18
idiotą,18
nedingsi,18
puikiais,18
kaukulė,18
nedirbsiu,18
nedirbai,18
horokrusą,18
konkuruoti,18
Čou,18
pirkinių,18
nepasitikėjo,18
stebėtojas,18
Uma,18
malonėk,18
grazus,18
piniguose,18
nepaspruksi,18
davėm,18
Pipai,18
įdeda,18
atsikratyčiau,18
sėsim,18
pajus,18
taikoma,18
taikoje,18
Tailandą,18
čiuožti,18
čiužinį,18
konstitucijos,18
mamuto,18
pikapą,18
Baningas,18
pigų,18
Pija,18
kaliniais,18
kalinio,18
banku,18
finansinės,18
nedideli,18
invalidas,18
skaisti,18
skaitytojų,18
kausiuos,18
tęsė,18
kontrabandą,18
įeisime,18
filmuotą,18
Phillip'ą,18
Stiuart,18
peštynės,18
nepirksiu,18
picas,18
pianinas,18
nepradės,18
degalinės,18
Runaways,18
saugosi,18
muzikai,18
Rumspringa,18
muzikoje,18
valstybinis,18
musę,18
Brajano,18
nusisuko,18
puodelius,18
būname,18
knibždėte,18
Mesudai,18
pupas,18
būgnus,18
nebūsim,18
galerijoje,18
mestų,18
kalbėsimės,18
stiprius,18
įjūsų,18
neprieštarautum,18
perspėk,18
makiažo,18
perukas,18
perteklių,18
makaulė,18
Makbetui,18
bandydama,18
stokos,18
Adžira,18
atspaudas,18
lange,18
pakankama,18
administratorius,18
pakeiskite,18
dėžutes,18
tiekimą,18
purvinos,18
gindami,18
beprotybę,18
Apoc,18
Vietnamą,18
merą,18
pusbroliu,18
investuotojai,18
gražute,18
stovintį,18
tėtukui,18
degtuką,18
homo,18
įkaltis,18
filmuko,18
filmukų,18
perskambins,18
Anglijoj,18
angelus,18
perlų,18
Filadelfija,18
stovinti,18
pernešti,18
neprivalėjai,18
neprivers,18
vampyro,18
rože,18
mylimieji,18
brangakmenis,18
rubliai,18
Gavrilovna,18
sėklides,18
Satan,18
nusileidęs,18
pakelis,18
išsisuko,18
pakelio,18
bėgtum,18
neprotinga,18
neprisiminsiu,18
vienuoli,18
nebutu,18
perkelk,18
kopūstai,18
tò,18
perkrovimas,18
perklausa,18
įklimpęs,18
įkliuvo,18
tyrinėtojų,18
majorui,18
perkrauti,18
Peris,18
dekanė,18
strėlių,18
įkvėpt,18
angarą,18
Greivs,18
Balyje,18
žadat,18
nusigausiu,18
lapelį,18
atsikrausčiau,18
dėstytoją,18
sėdintį,18
Tidis,18
išsiuntėme,18
atsiklausti,18
Angai,18
perkando,18
Deksteri,18
stulpų,18
korporaciją,18
atjoja,18
pereis,18
atjungiau,18
perduosi,18
perdavimą,18
nereikšmingas,18
metodais,18
pyragaičius,18
pūgos,18
pyragus,18
delsi,18
bėgikė,18
Dekertas,18
fermeriai,18
penktoje,18
penkiu,18
kairį,18
nesakysim,18
nesek,18
subinėn,18
Andžeri,18
tvirtovėje,18
nusakyti,18
laukimas,18
Larsas,18
atsuktuvą,18
adresus,18
ūkyje,18
ūsais,18
nusiaubė,18
išsiųskite,18
paklius,18
Andže,18
subjekto,18
Simpson,18
Singer,18
sirena,18
sinjora,18
vienais,18
Keilas,18
vienerius,18
vienatvė,18
Rabitai,18
įrodei,18
feng,18
įpilt,18
pažvelgt,18
pažįstamus,18
suduoti,18
sudraskys,18
tvarkinga,18
Denu,18
sauna,18
sauskelnės,18
sąlygą,18
tigrų,18
Georgas,18
Rotu,18
Roršakai,18
elektronika,18
sąmyšis,18
sąmoningas,18
nesiginčiju,18
balse,18
pažino,18
Sudužusių,18
kostiume,18
Deno,18
pažeminai,18
įrodymais,18
kabinėtis,18
kabliukas,18
užspaudė,18
kliuvo,18
nebegrįši,18
Arturo,18
baliaus,18
nesiklausau,18
balionai,18
turėklų,18
Hofman,18
nesiklausė,18
pašėlo,18
pašalpos,18
deseptikonas,18
atvykdavo,18
išsklaidyti,18
išskrendam,18
dėkot,18
nurausiu,18
nuramina,18
išminčiau,18
palaidinė,18
lėkštutės,18
kabaljere,18
jūsiškis,18
lškart,18
griebė,18
Nesirūpinkite,18
ragavęs,18
raidėmis,18
nebaisus,18
interjero,18
nebaigsi,18
įsipjoviau,18
įsipareigojimas,18
įsipareigojimus,18
keistokas,18
pavydą,18
Holas,18
Šynė,18
švyturio,18
svogūnai,18
Dzonas,18
atvejams,18
palaiminimu,18
Griblas,18
nesišypsok,18
pavojingo,18
sugrąžino,18
Tuttle,18
lyno,18
lynas,18
įsivaikinti,18
įsitikinau,18
neskaityk,18
devintos,18
turtais,18
pavogtų,18
neskraido,18
paviešinti,18
Bernstrom,18
rajonuose,18
įsitikinimus,18
išgirdome,18
neatėjus,18
raketomis,18
sijonu,18
giminaičius,18
Keitas,18
artimiausi,18
ramaus,18
raminamieji,18
sujungia,18
atleisčiau,18
ramią,18
Juozapai,18
dešimtys,18
pavainikis,18
juostelė,18
juokėmės,18
ištaškys,18
gyvates,18
mobiliuoju,18
Blanša,18
brangiu,18
mylėjosi,18
svečiui,18
nuožmus,18
nuožiūra,18
Khano,18
vargšeli,18
kovotojus,18
amziu,18
lygint,18
lydėjo,18
sugrįžtant,18
neskubėti,18
pauostyti,18
turinį,18
Paulius,18
neatsilikti,18
miegui,18
rankenos,18
vežimo,18
miesta,18
randų,18
turima,18
įstatymais,18
įspūdingą,18
atsidėkot,18
palydovė,18
Dvikati,18
nuolaidų,18
palydėkite,18
nuolatiniai,18
šviečiant,18
atsidūrėm,18
svarbesnio,18
Išmeskit,18
išmatų,18
dešrainį,18
pauk,18
atliksi,18
įskaudinai,18
diabetu,18
faro,18
Lulu,18
nesunkiai,18
patylėsiu,18
nesulaukiau,18
patruliams,18
Farkvadas,18
Klinčas,18
įspėk,18
išgryninti,18
juoduosius,18
išgąsdinot,18
vestuvinis,18
vestuvinę,18
artimų,18
rankšluosčius,18
instrukcijos,18
atlyginta,18
tualetų,18
miglą,18
siautėja,18
vartotojams,18
savininkui,18
mėgaujatės,18
elio,18
Rodžersas,18
sausį,18
vaikščiok,18
dvigubo,18
tuojaus,18
ambicijos,18
Amelia,18
Grima,18
baigias,18
nesurado,18
nesuprantama,18
patikrinom,18
lovų,18
atmintinai,18
patikę,18
patiekti,18
lovose,18
įtaisą,18
paminėsi,18
palūkanų,18
švaistyt,18
galonų,18
rankšluosčiai,18
rauda,18
vertybių,18
busite,18
raportuokit,18
užvedė,18
galop,18
sulenk,18
Lorna,18
patarimu,18
Diegas,18
Mikaela,18
pateiks,18
išjungtos,18
sulauks,18
pataikys,18
pataikysi,18
Lorė,18
Hičkoko,18
trukmė,18
nesvarbi,18
trumpikės,18
suleido,18
kraštuose,18
troškinio,18
badauti,18
lopšinę,18
krautuvėlė,18
pasveikink,18
įveikia,18
troškimų,18
kreditų,18
įvertins,18
įvertinimo,18
Ričardui,18
vatos,18
Robertu,18
Robertsonas,18
Robio,18
Bredo,18
sužlugdys,18
lašiša,18
rašto,18
betono,18
bunkeris,18
keliaukim,18
iniciatyvos,18
galvojom,18
Jozefo,18
nesėsiu,18
įvykdysiu,18
neteisiu,18
kreivai,18
atmosferoje,18
faktu,18
jonų,18
pastarojo,18
pastatu,18
įžengei,18
įžeidinėti,18
įšokti,18
gylio,18
ištrūkau,18
ištrinsiu,18
Timūrai,18
šuniukus,18
sužeidimų,18
atsiduri,18
Dvaitai,18
bjaurybių,18
šuolius,18
atneštum,18
paslaugomis,18
įžūlumo,18
triušius,18
netinku,18
netikros,18
Kleitai,18
našlės,18
Vernas,18
suorganizuosiu,18
neturejau,18
dinastijos,18
sunkio,18
Dino,18
neturtingas,18
Krenkai,18
paslaptingo,18
kreko,18
seržantu,18
šaknys,18
šachtos,18
sunkumai,18
Alpertas,18
savu,18
Black,18
atšilimas,18
gydyt,18
sužadėtinę,18
legaliai,18
Duokim,18
redakciją,18
receptų,18
užėjai,18
bukaprotis,18
Reginos,18
naujovių,18
ašaromis,18
suplėšysiu,18
galėję,18
dirbant,18
avį,18
suprantamai,18
alkoholikė,18
šaltai,18
paskirtą,18
dirbantį,18
paskirstymo,18
suprastumėt,18
Azogas,18
trečiąkart,18
neturėdamas,18
dirbdami,18
neužtektų,18
joga,18
Lize,18
papasakosit,18
papasakotų,18
išvadino,18
Panama,18
panašumų,18
suėmimo,18
paneles,18
ištrūksiu,18
klaidingi,18
seilių,18
arkliui,18
pasivys,18
Jevgenyčių,18
jogos,18
dirbtuvės,18
pasivažinėkim,18
Aliošos,18
šampūno,18
nevadinčiau,18
vergovę,18
informuokite,18
geto,18
sergėtojai,18
beširdis,18
milicijai,18
galėdavo,18
regėjimo,18
gaminamas,18
krikščionių,18
Lioškai,18
Armstrongas,18
nukentėtų,18
dukteris,18
dulkinau,18
kumščius,18
nukreiptos,18
dukatų,18
Emą,18
Kuntenai,18
suvenyrų,18
Pankerst,18
Pankoto,18
panorėsiu,18
nevalgė,18
trijose,18
supykdė,18
supykino,18
Aliaską,18
pasislėpt,18
pasislėpę,18
jautieną,18
pasitelkti,18
neveikė,18
neveda,18
surašyti,18
kelto,18
keltas,18
vengia,18
Sentineli,18
apsimest,18
galūnes,18
šaunios,18
avarijų,18
senovinė,18
mūšius,18
Brigsai,18
sekioji,18
ketinat,18
mėšlungis,18
atsibundu,18
kumpį,18
riteriu,18
tinki,18
suvalgysim,18
akcentą,18
pasisiūliau,18
lipsiu,18
Lipman,18
surenka,18
Krison,18
susekiau,18
suseks,18
avarinį,18
Diufreinai,18
Diufreinas,18
treniravosi,18
susidomėjai,18
susidomėjęs,18
Hil,18
surišk,18
neįtaria,18
TREADSTONE,18
susigrąžinsiu,18
šautuvų,18
pasirodymai,18
atpūtė,18
šeimininkus,18
jaust,18
linksmumo,18
lengvą,18
lektuvu,18
leki,18
leistumėte,18
leiskimės,18
Lekteri,18
Lekterio,18
išlipsiu,18
šokoladinio,18
naudojome,18
klauskit,18
klauskite,18
Velykos,18
vemia,18
Venecija,18
venas,18
naudingą,18
Kempbel,18
nešaudo,18
pasirenges,18
pasirinktum,18
neįtikėtinu,18
likučių,18
lindai,18
limonadą,18
pasimokyt,18
Susikaupkit,18
susiklostys,18
Riku,18
garsaus,18
Vebas,18
Kese,18
kerštu,18
sutikit,18
sutraiškys,18
Gurero,18
Šelas,18
jausk,18
kritinė,18
trauką,18
jaunosios,18
jaunu,18
iškrėtė,18
Alesa,18
jaunuolius,18
etery,18
milžinus,18
budrumą,18
milžinų,18
Budos,18
reiškiu,18
senojoje,18
senoli,18
biliardo,18
grėsmingai,18
Biliu,18
šerifė,18
nežaidi,18
pasikarščiavau,18
likutis,18
hercogo,18
Nui,18
Lenos,18
šokite,18
šokinėjo,18
nugaras,18
šnekate,18
seklumos,18
klaną,18
šnekėjau,18
Todo,18
susimausiu,18
susilieja,18
etape,18
Donaldai,18
esančią,18
pasikeisiu,18
pasikalbėkit,18
vadinome,18
Aldo,18
apsimetinėjo,18
relikvijos,18
biografiją,18
vadovėlį,18
vadovų,18
biologija,18
šiaurėn,18
liftus,18
niam,18
susipažįsta,18
susipažinsim,18
Kriugeris,18
jaudinosi,18
japonams,18
Janis,18
pasiekę,18
dosnu,18
pasigaminti,18
šildymo,18
pareikalauti,18
išvirti,18
Šmidtas,18
atsakingai,18
nugalėsi,18
lenktyniauti,18
lenkai,18
sutapo,18
nugalėt,18
suteiki,18
Gandis,18
minty,18
susitaikėm,18
gudrybių,18
kruvinasis,18
Kruz,18
pasidalinsim,18
šiltos,18
Torą,18
pasidomėsiu,18
pasekėjai,18
atrodanti,18
Niro,18
Dragą,18
Janeane,18
pasibaigti,18
nindze,18
Ernestai,18
geroje,18
parodoje,18
naciò,18
vegetaras,18
riešutėlis,18
britė,18
naikinimas,18
kukurūzus,18
liekna,18
Alabamos,18
James,18
akvariumą,18
šipulius,18
Tomas18,18
pasamdei,18
Nojaus,18
liepiama,18
pasamdytas,18
semestro,18
vadovui,18
vadovavau,18
vadovavimas,18
garantuoja,18
rengė,18
Bruce,18
veikiantis,18
kepsnius,18
Liabufas,18
sektųsi,18
mirtim,18
šitoks,18
lie,18
susituoksim,18
išvyką,18
šlapinasi,18
norėt,18
Kuba,18
parinkti,18
partnerius,18
paruošėm,18
energono,18
aukotis,18
šluotos,18
parkui,18
nubaus,18
Drogo,18
erekcijos,18
ereli,18
Ereboro,18
leškok,18
pasakę,18
drambliai,18
Noeli,18
Lestreindž,18
Toretai,18
drasko,18
Levis,18
Nortonai,18
Hidros,18
North,18
aukštesnio,18
Entonis,18
Paryžiuj,18
iššaus,18
repetuot,18
restoranus,18
vagilė,18
keptą,18
broliją,18
Vegas,18
NTSB,18
išleisi,18
akto,18
Kserkso,18
Ksiucha,18
Geležinio,18
bokalus,18
kilometrus,18
atsiprašinėji,18
išperos,18
išpardavimas,18
išorė,18
žvilgtelėti,18
Vladą,18
karves,18
karuose,18
Vladimiro,18
žydams,18
momentų,18
boe,18
sakinio,18
Bolivijos,18
sakinys,18
egoistas,18
operatorių,18
morališkai,18
Oliv,18
Oklahomos,18
oka,17
Taylor,17
Oskaro,17
egzistavo,17
žuvytė,17
Orleanas,17
primityvus,17
viščiukai,17
naktinių,17
sekėme,17
mirtys,17
mirtingumo,17
revolverį,17
Reza,17
kepėjas,17
kepu,17
partnere,17
partizanų,17
Leslis,17
tok,17
atsakytų,17
veI,17
kimba,17
efektą,17
sakiusi,17
apšaudo,17
obuolius,17
skrynios,17
skulptūra,17
skubų,17
apieškok,17
meilėj,17
benamiais,17
cirku,17
medžiais,17
Glasai,17
medų,17
atakų,17
medžios,17
užmiršo,17
prigriebsiu,17
nekainuoja,17
pasakojimus,17
Levas,17
normalių,17
epizodą,17
aukštais,17
susitikot,17
susitiktum,17
šiukšlynas,17
tolimoje,17
draugyste,17
atsakomybe,17
susitvarko,17
entuziazmas,17
parvesk,17
nekeisk,17
Kolesnikovos,17
astronomiją,17
užmigsi,17
atakuosi,17
koldūnai,17
Islandijoje,17
civiliams,17
cholesterolio,17
visokiausių,17
prisiprašė,17
neišprotėjau,17
prisikasti,17
prisijungtų,17
chore,17
žudydamas,17
kasete,17
asmenines,17
norinti,17
Engeli,17
sustabdytume,17
išvesime,17
šliaužti,17
Parkinsono,17
Eomeras,17
erekcija,17
parku,17
nubaust,17
letenos,17
liemene,17
išprotėjus,17
atsipirko,17
atsiradau,17
išnaudojo,17
Claude,17
nekenčiate,17
kėlinys,17
išpylė,17
Kolsonas,17
užkurkit,17
užknisti,17
Volodya,17
Frederikas,17
karsta,17
istorijomis,17
Vore,17
Koltonas,17
torpedas,17
liepe,17
pasauliniu,17
Tolsonai,17
Armani,17
ignoruoji,17
akyje,17
atras,17
vadybininką,17
Bronven,17
broliškai,17
veidrodėli,17
vadovybe,17
išėjot,17
susituokęs,17
susitrenkiau,17
Liana,17
mirksi,17
gelbėtojau,17
nuėmiau,17
Tatija,17
tatuiruote,17
bobutė,17
valdytoją,17
imkitės,17
morką,17
gelbėjo,17
atsistojau,17
Sadamas,17
vakaru,17
vakarykštis,17
Vitakeri,17
skriaudžia,17
medicininių,17
medaliu,17
slibinai,17
TBagas,17
parodos,17
nualpo,17
Jana,17
rien,17
riebalai,17
Nadalai,17
rečiau,17
mirtingųjų,17
Germany,17
kulinarijos,17
kulkosvaidis,17
parduodam,17
Riganai,17
naikintuvai,17
iškvietei,17
šmiki,17
Enterprise,17
bendradarbis,17
cheminių,17
prezervatyvus,17
pribaigė,17
prisistatė,17
girdėjus,17
Skotu,17
Nekreipkit,17
Conners,17
smalsumą,17
gnomų,17
pridengs,17
nekvepia,17
neklydau,17
begalė,17
Vulfas,17
gudročiau,17
susitarei,17
veiksmais,17
veikėjų,17
šimtais,17
pasididžiavimu,17
kruštis,17
niekšų,17
krovininis,17
niujorkiečiai,17
Niobe,17
pasenęs,17
aunu,17
nelaimėjo,17
prekiavo,17
Smito,17
smuklėje,17
smokingą,17
prekystalio,17
CRT,17
prezervatyvai,17
presą,17
beda,17
vykdytojas,17
mažųjų,17
užlaikė,17
premjeros,17
prašysi,17
Franciskai,17
itaip,17
smurta,17
Tokijas,17
Tokiją,17
sustabdysim,17
šliaužk,17
nufotografavau,17
Endersai,17
auklėti,17
išlaukti,17
išlaisvinsime,17
Birmos,17
Ganeri,17
kuilys,17
drąsių,17
drėgmės,17
Napoleono,17
gamybai,17
Remis,17
gersime,17
Džonio,17
eiks,17
mažomis,17
Smit,17
nuzudyti,17
mažesnės,17
karjeroje,17
mažojoje,17
nušvilpė,17
nušluos,17
karininkai,17
ligonio,17
light,17
Guamą,17
pasiduosi,17
transportavimo,17
autografo,17
Alavinis,17
Albertu,17
pasielgs,17
pasiekėte,17
šifrą,17
Janošai,17
šlepetes,17
dosnumą,17
pasiemė,17
šikšnosparniai,17
prašymus,17
prašosi,17
pravardės,17
neleidžiu,17
Vykime,17
neišdrįsi,17
pristabdyti,17
skorpionas,17
neisit,17
charakteriu,17
Taros,17
atsisėsiu,17
iuos,17
užimt,17
dabarties,17
komendantas,17
nežudykite,17
atrakcionų,17
atrankoje,17
atrama,17
jauką,17
jaukiai,17
nežiūrėjo,17
rekomenduoja,17
ministrą,17
Klausas,17
gersite,17
Kentonas,17
relikvija,17
velniškas,17
velai,17
molis,17
laikytų,17
tarpeklio,17
Borisą,17
rūke,17
valgymo,17
pabuvojo,17
pabučiavai,17
Džordžtauno,17
mačas,17
apeigas,17
prasitarsi,17
sustosime,17
susipažinsi,17
nuims,17
nufilmuok,17
lenkų,17
tobulo,17
šnekos,17
šerną,17
kritikos,17
etapo,17
kareiviais,17
vystyklus,17
Bebe,17
socialinį,17
praplėsti,17
bazėj,17
Solomonai,17
matysime,17
godumo,17
užgesinti,17
vystytis,17
vėju,17
pramušti,17
nemažą,17
fotoaparato,17
prane,17
Daglai,17
pranešim,17
užkampyje,17
mokymus,17
rėksiu,17
geltonų,17
imat,17
imigrantai,17
9-ajame,17
išsiaiškinot,17
Tarzanas,17
tart,17
negąsdina,17
gabalais,17
apkvailinti,17
užsidarę,17
bendravimą,17
užraktas,17
kokakolos,17
grąžtas,17
traukiniai,17
kritinės,17
jaunąjį,17
jaunėlį,17
jausi,17
iškvies,17
domėjosi,17
pasilinksminkime,17
pasilenkt,17
donoras,17
nešovė,17
senienų,17
seniausia,17
etiketės,17
reiškinių,17
senmergė,17
reitingai,17
pasimėgauk,17
pasimokiau,17
Liliai,17
bjaurastis,17
misijoje,17
Vebsteris,17
vagonas,17
lemtingą,17
sutikimas,17
sutikom,17
augtų,17
mūvi,17
rimtesnių,17
Nešiok,17
sutepti,17
sutiktumėte,17
gunshots,17
dainavimo,17
viršijo,17
viršutinės,17
viršukalnės,17
vėsoka,17
vėpla,17
dainuosiu,17
Soliario,17
praleistum,17
nemirsime,17
Wham,17
were,17
water,17
Abdi,17
Abdelkaderi,17
laimėję,17
abiejuose,17
Džiulijanas,17
atsisėsi,17
Hamiltonas,17
atsiunte,17
kvėpavo,17
kvitus,17
atsimenat,17
Džiulianai,17
padarius,17
bendram,17
negrįžus,17
ginčą,17
nutrenkė,17
aušinimo,17
Rein,17
reindžeris,17
velu,17
Kendis,17
Kembelas,17
pasipriešint,17
pasipūtėlis,17
Link'ai,17
avansas,17
pasirašau,17
doing,17
nešasi,17
grąžinsim,17
Lincoln,17
limonadas,17
neš,17
Pasirenkite,17
Leningo,17
lengvabūdiškai,17
suteiksi,17
vabzdžius,17
vabzdžių,17
sutrukdyt,17
lemiamą,17
augalo,17
leitenantės,17
bjaurius,17
šokčiau,17
papą,17
papuošalų,17
buhalterija,17
Gamelas,17
Kembridže,17
negyvensiu,17
skirtumus,17
mates,17
pričiupom,17
privilegija,17
Gotamas,17
nemokša,17
atgailaujantis,17
nemėtyk,17
batusajus,17
Batleris,17
spenelių,17
masažas,17
Matomumas,17
spalį,17
spardo,17
Europoj,17
lipi,17
surinkimo,17
neėmė,17
neįdomi,17
neįsijausk,17
dizaino,17
pasirode,17
susidūrę,17
šeimininkams,17
šefu,17
šašlykų,17
Dmitrijevna,17
Treadwello,17
dalina,17
dalinai,17
daliniai,17
antspaudų,17
motyvo,17
ryžiai,17
ryžiais,17
kioską,17
ryšiui,17
rytu,17
ryžtą,17
kapeikas,17
spartiečių,17
išsigalvoja,17
nenukrito,17
nenumirsi,17
spindulius,17
ateiviams,17
užsidėt,17
Yankees,17
nenueis,17
dalinti,17
virė,17
uždarei,17
menininkai,17
mėtė,17
brigados,17
rinkosi,17
pasirūpinčiau,17
Sensei,17
indistinct,17
keteros,17
mėšlui,17
Auda,17
tinklus,17
šonkaulių,17
sutvarkykit,17
riterio,17
nevykėlė,17
nevyksiu,17
teroristus,17
teroristams,17
eisis,17
kankinimo,17
nutildyti,17
padėklą,17
laimingais,17
nutekėjimas,17
padorų,17
Eimę,17
blondinės,17
laimėtume,17
paeme,17
žibintą,17
Porterio,17
komplikacijų,17
Geitsą,17
pasistengt,17
Kristinos,17
pasiskolino,17
Discovery,17
suprastumėte,17
neverčia,17
pasisuka,17
nevisada,17
Nevilis,17
šaukštas,17
ventiliatorių,17
bibliotekoj,17
trenksmu,17
senovėje,17
vengi,17
porąkart,17
Nenusišnekėk,17
spoksojo,17
spragėsių,17
poreikiai,17
Vinstonas,17
Memfio,17
procedūrų,17
dalyvius,17
negausim,17
negausite,17
profilį,17
procese,17
komunikacijų,17
Zina,17
koeficientas,17
skaniausias,17
Benet,17
Hermanai,17
neverti,17
Jeilio,17
šarvuotas,17
Šarlotės,17
auditoriją,17
Timis,17
Encom,17
kunigus,17
aiškini,17
nulemta,17
Jensai,17
Šaudykite,17
pasitiko,17
nuleis,17
pagalvojote,17
išsilavinimas,17
terasoje,17
ekranas,17
testu,17
nepadarai,17
dangui,17
Džeredai,17
Džeremio,17
nustumti,17
Tanyu,17
kandidatus,17
zaisti,17
popierizmo,17
nenuėjo,17
nenušaukit,17
Liusės,17
Šarlotę,17
Alisija,17
pasiūlysi,17
Serioga,17
vergovė,17
milijonams,17
milijonieriumi,17
šaltojo,17
vadinamasis,17
budėjimas,17
reikalingus,17
Millwall,17
trenksi,17
gaminimo,17
Armėnijoj,17
armėniška,17
neoficialiai,17
Markosai,17
nepagaus,17
Zoloft,17
Danila,17
populiariausias,17
politiniai,17
politinis,17
DANSAENG,17
spėjama,17
atidarymą,17
uragano,17
sprendžiame,17
Kancleri,17
daraisi,17
flangą,17
zinojau,17
dulkinosi,17
paplepėt,17
jogą,17
jodinėti,17
grosiu,17
pasižymi,17
neužmiršiu,17
panašias,17
nuliūdęs,17
Atšaukite,17
šuneli,17
šudas,17
ištversime,17
Gvinet,17
audiniai,17
duobėje,17
Šrėderis,17
aviacijos,17
avilio,17
Jess,17
važiavęs,17
Sebastijanai,17
versk,17
Veros,17
užvertė,17
Arsenjevičius,17
šalininkas,17
supjaustyti,17
Liuisas,17
naujojoje,17
kelkimės,17
Keller,17
kriauklės,17
paskolino,17
aš...aš,17
supažindink,17
dirbot,17
pasiūlyčiau,17
neužsiimu,17
suprastume,17
Džeimsui,17
aplinkybėms,17
užbaigė,17
apvertė,17
išsikraustyt,17
išsikrauti,17
Mugatu,17
Kijeve,17
kietuoli,17
came,17
katu,17
ioje,17
kaubojai,17
atsiėmė,17
pagalvojot,17
atominę,17
Jokit,17
ritualus,17
mėsainio,17
rizikavau,17
Brian'as,17
arkliukas,17
vaika,17
vaidentis,17
bjaurią,17
Mičas,17
Rivendelo,17
užėmiau,17
Emilę,17
sušiktam,17
protelis,17
Vincas,17
gramo,17
Gran,17
kampelis,17
Flečeris,17
nepakartojamą,17
spėtume,17
Spūnai,17
poelgiai,17
plėšiko,17
pojūčiai,17
plunksnas,17
kodinis,17
negalvokite,17
plyšys,17
išbalęs,17
išbando,17
Viljamą,17
Viliui,17
taisyklėmis,17
stalelį,17
Viljamsai,17
Viljamso,17
kelinta,17
keliom,17
Reaktyvinis,17
reali,17
Fabijau,17
paskutiniuosius,17
paslaptimi,17
sunau,17
dinozaurus,17
jokias,17
jojo,17
Johnas,17
live,17
trisdešimties,17
tamsiame,17
tamsiąją,17
EKG,17
nuspausk,17
pagimdžiau,17
plaukuotas,17
darykime,17
grandine,17
Kameronas,17
paslaugus,17
įžymybė,17
iškasė,17
paspaudi,17
Dimočka,17
trofėjus,17
galvojot,17
Mikiui,17
betvarkę,17
Betę,17
reaguos,17
užtvertas,17
kambariokė,17
horizontą,17
Darelai,17
Barkeris,17
upelį,17
skambinate,17
psichologiją,17
beprotnamio,17
Ginkite,17
merginu,17
plaukikas,17
skaičiavimai,17
idioto,17
užsimerkęs,17
psichiatrinę,17
mergiotę,17
sargų,17
firmoje,17
Fira,17
Murray,17
sargyboje,17
kiekvienąkart,17
kvepalais,17
Teschen,17
rutinos,17
mokslinį,17
manosios,17
tingus,17
pastarosios,17
Diko,17
troliai,17
paspauskite,17
sužalojimų,17
Leik,17
ištrint,17
šunyčiai,17
atsiduoda,17
pamišėlių,17
pamirščiau,17
netrukdyti,17
durniai,17
nepapasakojai,17
plane,17
stalus,17
neparduodu,17
nepasibaigs,17
mandagūs,17
stebima,17
pjaustyti,17
pirmūnas,17
nepasirodo,17
daužai,17
čigone,17
vertingiausias,17
apsilankymo,17
rašytojo,17
neaiškus,17
sumokėjome,17
keliausite,17
apsikirpti,17
pasukau,17
pastovėti,17
faksu,17
neteisybė,17
pastebėtų,17
įėjęs,17
netenki,17
Troja,17
kreipsis,17
T.J,17
mango,17
išsireiškimas,17
Tesą,17
Takeris,17
Adamą,17
kvailiot,17
žemėlapiai,17
žeminti,17
žemo,17
Paikai,17
žavesį,17
žarnų,17
neduosi,17
nusivešiu,17
žemėlapių,17
žemyne,17
Ričardu,17
apsivilkęs,17
savybę,17
Blackwood'as,17
gaudynes,17
Robino,17
pamatėte,17
sužeistųjų,17
Brego,17
neapgaudinėk,17
raumuo,17
neateisiu,17
nedingsta,17
nedirbsi,17
kauliukus,17
Koba,17
nedirbam,17
pulko,17
Manfredai,17
piratus,17
pirksiu,17
ultragarso,17
atidaryčiau,17
undinės,17
stebuklingų,17
Malori,17
pimpaliuką,17
graužti,17
pintą,17
pinigėlių,17
Pak,17
taikausi,17
atsikračiau,17
pakabinau,17
pajuokauti,17
taikiausi,17
Tailando,17
laižo,17
Lambo,17
Lamarai,17
sumautam,17
pasėdėkim,17
įtartinai,17
nesužinosiu,17
pataria,17
patalynės,17
Lolesas,17
lotoso,17
griuvo,17
įveiksime,17
įveiksiu,17
įveikei,17
davėme,17
anoniminių,17
debatų,17
konstrukcija,17
atiduotum,17
ČŽV,17
anomalija,17
anomaliją,17
finalas,17
stebėtinai,17
nepatikimas,17
mielesnis,17
užtvanką,17
apsigalvojai,17
vaidybos,17
vaikigaliai,17
aistringa,17
inspekcijos,17
veterinarą,17
raskime,17
Lorencai,17
giedro,17
judat,17
patarėjai,17
didžiulių,17
pateikiau,17
įvaizdis,17
piktų,17
nepažįstamieji,17
Malfoy,17
maldų,17
stengsis,17
dedam,17
piktžolė,17
piliečius,17
inventorių,17
investavo,17
mergše,17
ginkluotės,17
mergom,17
knygelė,17
knygelės,17
vietovių,17
pametęs,17
įtakoje,17
Jungtiniu,17
didžiule,17
kupros,17
nuneša,17
pamirštam,17
nuodingos,17
emblema,17
Elza,17
Henrį,17
atšaukiama,17
pamaiva,17
Eliziejaus,17
elkimės,17
nuogų,17
udo,17
uch,17
kontrabandininkas,17
siųstuvo,17
įeinant,17
Petra,17
Baneris,17
Anita,17
pietinį,17
stipresnės,17
piemuo,17
pečiai,17
saugojimo,17
Artūro,17
galaktiką,17
neperka,17
ruošiuos,17
Runway,17
ruo,17
blogiausių,17
imperatoriui,17
gebėjimus,17
siųstas,17
atsikratėm,17
Heizele,17
Jungtinėms,17
LSD,17
sukčiai,17
Luceta,17
lunatikas,17
sukrušta,17
didybė,17
patikėta,17
patiksi,17
didingą,17
įtariau,17
įtarimas,17
patikęs,17
patirtų,17
nesuprasiu,17
nesuprantame,17
patikrinimui,17
amerikietišką,17
trūkumus,17
didžiają,17
nedarom,17
pupų,17
būklėje,17
atidėtas,17
pervedė,17
purvu,17
Makvyno,17
peržengti,17
peržiūrėk,17
neprasideda,17
peržengei,17
stotelę,17
neprieštaraujat,17
perspektyva,17
ketvertas,17
vartojimas,17
palikuonių,17
nuostabai,17
Brauno,17
Rodykit,17
palmių,17
didesnius,17
kraterio,17
kramtyk,17
mess,17
anketos,17
bandot,17
Maksui,17
nusileistų,17
pakeltų,17
Adomas,17
atspindį,17
lankas,17
nusimato,17
ekspertų,17
dģl,17
Faren,17
sukrėtimo,17
išgyti,17
užtikau,17
patrauksi,17
instrumentas,17
instrumentus,17
buveinė,17
neatsakyk,17
vestuvinė,17
Sido,17
Ari,17
Sibire,17
Migelis,17
užtrauk,17
Apple,17
purvinus,17
užsisakyt,17
siunčiami,17
klystame,17
tąnakt,17
atitempei,17
persikų,17
įkalinimo,17
Greenpeace,17
maištininkai,17
filmukus,17
angelėli,17
branduolį,17
perpjausiu,17
įkrėsiu,17
vamzdžiu,17
brangenybių,17
sėdėsime,17
apžvalga,17
vaistinėlė,17
siuvėjas,17
puslapy,17
bėgioju,17
nepripažins,17
nusiperki,17
Ellen,17
turimą,17
įstaigų,17
nuostabos,17
paliksit,17
Heloviną,17
kuriom,17
tikslios,17
palengvėjimą,17
palėpę,17
turguj,17
atvykstame,17
šventovė,17
šviesią,17
išstūmė,17
sujungs,17
nesugebėjai,17
Pauersas,17
atliksite,17
pusvalandis,17
pyks,17
pusryčiaut,17
Klėjus,17
tyros,17
atkeliavai,17
pykstamės,17
pykt,17
into,17
vienuolikta,17
stovėtų,17
Stovėkit,17
Majorovu,17
kakutis,17
įklimpo,17
Majorovui,17
pavadinkime,17
neskubėkim,17
Gilioji,17
pavadžio,17
suimsiu,17
Kowalski,17
Neatsilikit,17
buvusia,17
įstatymams,17
sukilėlius,17
Sidni,17
sieks,17
siejo,17
Maikui,17
kvailelis,17
lapkritį,17
lapais,17
sėdėdavo,17
išmintingai,17
sąrėmiai,17
dėstytojų,17
kaklaraiščiu,17
kakle,17
Filis,17
Kevinui,17
gentys,17
blaškytis,17
ištekliais,17
mylėjome,17
Romanov,17
kiaulieną,17
varles,17
dešimčiai,17
dykynė,17
vargai,17
romantiškai,17
kiauras,17
sujungta,17
lygius,17
Hjustone,17
pereik,17
Deksas,17
tyrime,17
pergales,17
deivę,17
nereikšminga,17
nereikalingą,17
nereali,17
nerk,17
neribotą,17
gimnastikos,17
sitas,17
sirgti,17
pyragėli,17
pyragaitį,17
galingų,17
metimo,17
pylimo,17
paversiu,17
paversk,17
įsižiūrėk,17
pavarą,17
dešimtam,17
berniūkšti,17
Silai,17
Jurgis,17
paverst,17
paverstų,17
keksiukų,17
artimiausia,17
galinių,17
Ralej,17
sujudėjo,17
turistų,17
neryškus,17
delfino,17
vielos,17
Keile,17
Keinai,17
įmantrus,17
įkėliau,17
dekoju,17
festivalį,17
Holovėjus,17
Holmsas,17
Dekeris,17
įkūriau,17
Kairo,17
pele,17
kaimelis,17
pedike,17
peiliuką,17
sugalvota,17
atleidimą,17
Nesišaipyk,17
agurkų,17
Bak,17
sugrąžint,17
lytį,17
išgirstum,17
Grifo,17
anais,17
nurimt,17
pakvieskim,17
Tigai,17
nusikaltimais,17
nusiimsiu,17
pakliuvęs,17
laukinę,17
Styvui,17
paklausęs,17
kefyro,17
Simo,17
užsukite,17
užsuko,17
užsukote,17
užsuks,17
pavydėt,17
turtingo,17
kovinių,17
sugedę,17
Hemingvėjus,17
išspausdinti,17
švyturį,17
paleidimui,17
nuošaliau,17
atvejo,17
Atverkit,17
tikrinai,17
elgčiausi,17
nuotaikų,17
elgsiesi,17
atviru,17
tikima,17
palaikymas,17
išskrendi,17
lauku,17
pūti,17
Raccoon,17
galingesnė,17
vienatvę,17
pūslė,17
įprastu,17
greičiausia,17
pažiūrėtų,17
kadete,17
kabėjo,17
vienerių,17
sudeginkite,17
korėjiečiai,17
atkeršysime,17
tvenkinio,17
pažymėjo,17
pažiūrim,17
kosminį,17
jŌ,17
sugebėsim,17
įsilaužimo,17
jėgeris,17
griaustinio,17
vidurinį,17
išgelbėjimas,17
jūreivį,17
įsikūrė,17
pašalinau,17
apsauginio,17
vidurys,17
bylose,17
nebebūsi,17
vežioja,17
raitelius,17
vidinę,17
išgelbėjome,17
nesigėdyk,17
mylimojo,17
Blenac,17
ilgesio,17
vaikėzas,17
tiesia,17
laukdama,17
atvažiuotų,17
archyvas,17
M.C,17
balsavimas,17
Sveik,17
laužai,17
pašonėje,17
šūdai,17
šįsyk,17
išskalbiau,17
svogūnas,17
svogūno,17
palaikei,17
šūviui,17
Ūkanotųjų,17
lėkštė,17
lėktuvėlius,17
lėkt,17
palaidojau,17
pažeminimas,17
turįs,17
Sudėkite,17
radija,17
nebejuokinga,17
įsakinėja,17
Bük,17
Byč,17
radinys,17
bütent,17
užstato,17
bütų,17
Bert,17
nebegrįžo,17
nebeilgai,17
nesilaiko,17
tuščiu,17
sudėtingos,17
pažaisime,17
sugadinsiu,17
pažadėt,17
pašalinta,17
Sugauk,17
Atlantic,17
pašiūrę,17
fejerverkas,17
federalinių,17
pašalinsiu,17
žvejų,17
Ohh,17
Ofelija,17
11-osios,17
teisėsaugos,17
Skvorcovą,17
pripažins,17
žvejybą,17
nejudink,17
Bekė,17
pririšo,17
asociacija,17
belaisvius,17
neišėjau,17
užmuša,17
prikišo,17
žvėrimi,17
žygių,17
omarą,17
žvelgti,17
moliūgėli,17
Morisonai,17
megino,17
Vladimirovičius,17
orai,17
Monsanto,17
valdytis,17
sajanu,17
bombonešiai,17
olas,17
operatoriui,17
žydą,16
13-os,16
Edžiui,16
olų,16
only,16
Oklendo,16
oralinio,16
Mordore,16
monstro,16
Monikos,16
bombardavimo,16
Boltonas,16
Morgano,16
medžiotojus,16
olimpinės,16
olose,16
išorinis,16
išparduoti,16
vizitą,16
Vizli,16
atsakyčiau,16
vedėja,16
mirtume,16
nakty,16
resursus,16
naktinės,16
Garden,16
klases,16
skubėjau,16
apibrėžti,16
prisiekusiuosius,16
prisidės,16
girtuokliai,16
valdos,16
Salivanai,16
obuolio,16
medikas,16
vokieciu,16
ispanas,16
Meino,16
prisidirbo,16
karūnai,16
vizitines,16
Viva,16
draugauju,16
erife,16
paršeli,16
Epsai,16
nekalbam,16
medžiojo,16
medikus,16
Slavos,16
nupirktų,16
pakvietėte,16
išmintį,16
išskirtinio,16
Swissair,16
Ahmet,16
atvežtų,16
sveikus,16
kostiumui,16
balai,16
sugebėjimai,16
federalinės,16
pašoksi,16
palaidos,16
Nurhachi,16
nupjaus,16
klostysis,16
įrodymu,16
Denveryje,16
Deniui,16
kotletų,16
pažeminimo,16
įrodinėti,16
Ma-Ma,16
tvarkai,16
tvarkaraščio,16
Bernį,16
nebekalbėk,16
užstatas,16
klozetą,16
radarą,16
Silvija,16
Viagra,16
raitelių,16
vice,16
apsaugininkas,16
silpnybių,16
silpnų,16
nebedarysiu,16
instrumentų,16
varianto,16
vargšės,16
vargą,16
sauną,16
sausainiais,16
sausi,16
miegat,16
miegodama,16
Kuzma,16
atveda,16
moderni,16
Roperi,16
mylimosios,16
iliuzijos,16
kitokiu,16
kitokius,16
svetimos,16
svetimšaliai,16
tuzino,16
pažeidimai,16
M.S,16
lūpą,16
lūšna,16
balsuoja,16
tikruosius,16
nuotolinis,16
gyvenantį,16
Kovalskis,16
turtingus,16
kovojant,16
miegojome,16
meškiną,16
pūsti,16
Sintijos,16
Simonsai,16
Ščerbakovas,16
tikrini,16
palaikysime,16
sviesa,16
tikimybę,16
kosminę,16
atkreipė,16
sudegintas,16
išgamos,16
išgalvojau,16
pažymius,16
įrengti,16
fenas,16
sugadintų,16
nesirodyk,16
paėmimo,16
įsilaužta,16
lėta,16
pažiūros,16
Denetoras,16
kosminės,16
Jutos,16
bakterijų,16
Baksteri,16
įsimylėjėlių,16
sugrįšk,16
griežtą,16
sugrąžins,16
Bakalėja,16
paveldėjai,16
Hobbs,16
lygtis,16
lygios,16
neskriaus,16
pavaro,16
pavara,16
pavojingesnis,16
laukias,16
svogūnus,16
atversti,16
dėmėsio,16
elektroninio,16
dėkit,16
pakvaišėlis,16
nurodys,16
metęs,16
Pelene,16
Pakratyk,16
Ekvadore,16
nusigausi,16
lasto,16
Larkinas,16
nurodytas,16
košmarų,16
Kr,16
institucijos,16
Rama,16
apsaugotum,16
Rali,16
rajonų,16
išgirdote,16
pelkėje,16
penketas,16
Pyters,16
pėsčiom,16
atvyksti,16
amžiai,16
įsiverš,16
pavalgysi,16
nesergi,16
korupcija,16
Holmesas,16
TX,16
kairįjį,16
nerodė,16
penktąją,16
delsti,16
Detroitas,16
Nesistok,16
atlaisvint,16
sugriautas,16
nesityčiok,16
agresyvi,16
Pelagėja,16
kaimelyje,16
dešinio,16
įsivaizduojamą,16
kečupas,16
mylėjom,16
indeksas,16
varlių,16
Savako,16
savijauta,16
stulbinanti,16
atjungt,16
nestabili,16
lyderių,16
sukaupti,16
sukanka,16
kovojate,16
atlete,16
nebeprireiks,16
Kedavra,16
metalinė,16
siuntei,16
nerimta,16
Figaro,16
įleis,16
perdeda,16
jurisdikcija,16
juočkį,16
neskriauskite,16
paveikslu,16
pyragėlių,16
galingu,16
nebeskambink,16
nebereiks,16
siekdami,16
Sidą,16
buvusiu,16
neatsirado,16
miegaliau,16
ramybeje,16
vežt,16
Neatsilikite,16
išmetimo,16
atvažiuotum,16
paklodės,16
Ūsoriau,16
įkvėps,16
baltòjò,16
studijavai,16
suklaidinti,16
kvailais,16
išsiveržia,16
atvarysiu,16
kvadratas,16
kvadratą,16
kvailesnio,16
išsiųsta,16
žadintuvą,16
savitarpio,16
ištaškyti,16
nerandi,16
anekdotas,16
išsivaduoti,16
Adri,16
Afrikoj,16
sąskaitininkas,16
kaži,16
vienuoliktosios,16
išgyveni,16
paukštelį,16
išgyvenote,16
krabo,16
dvoko,16
elgeta,16
Balį,16
išeidavo,16
nerasti,16
streiką,16
Kora,16
viesmeti,16
galiai,16
nebijot,16
įskrido,16
įslaptinta,16
įkvėpei,16
tyčiojies,16
studentams,16
greiciu,16
maitėdos,16
greitų,16
artimiausios,16
miegosime,16
miegotų,16
Bertonai,16
turinčių,16
pauzę,16
pavadinsime,16
pavadink,16
Filipo,16
Fili,16
Greisi,16
Greisonas,16
straikas,16
įkvepianti,16
kalbantį,16
Tėja,16
aptikta,16
aptiks,16
imperatorienė,16
brangias,16
vampyru,16
valytojas,16
perrašyti,16
perrėžė,16
persekioju,16
nusinešti,16
išsisukau,16
gėdingas,16
apžiūrėtų,16
apžvalgą,16
genijų,16
vamzdelį,16
švieskamuolių,16
palenkti,16
nuolatinės,16
lašišos,16
lašus,16
palydą,16
dvikovoje,16
persigrupuoti,16
patvirtint,16
luitus,16
Luizianoje,16
suksi,16
Lukterkit,16
Farelai,16
beprotybės,16
gėdijasi,16
artimus,16
rankšluosčiu,16
užtikrina,16
Klintai,16
Klinčai,16
klijai,16
įspėja,16
Pauersą,16
pusdienį,16
pusbroliui,16
investicijas,16
ginate,16
beprotį,16
rodytų,16
Argo,16
užtraukė,16
Makenzi,16
Maje,16
tėtuką,16
užsitarnavai,16
siuo,16
siuntos,16
Apolonas,16
merui,16
sukt,16
sukta,16
paliktume,16
palikę,16
nuomones,16
paltu,16
svarių,16
šventųjų,16
įjungia,16
išduodi,16
grindyse,16
didenybę,16
atlikęs,16
tunu,16
atmerk,16
baigę,16
nusimano,16
pakenks,16
pakeitėme,16
adu,16
išsisukt,16
žaisdavom,16
nusileidus,16
ankstesnių,16
Pakardai,16
nusipirksime,16
pakeitimų,16
pakeistum,16
pakalbėkit,16
atspausdinti,16
pakelius,16
nusilenk,16
purto,16
galai,16
nesustabdė,16
fanų,16
farais,16
atminimas,16
kraujavo,16
truputėlis,16
Konė,16
kontroliuojamas,16
kontroliuojame,16
atidėt,16
perversmas,16
nebūt,16
galerijos,16
būrimo,16
bandito,16
bandoma,16
perspėja,16
storulį,16
įgysi,16
išdavyste,16
peržiūrėjo,16
neprašyčiau,16
braškės,16
MNŽO,16
mėgindamas,16
Brawndo,16
ketvirtadieniais,16
vartot,16
vartotojų,16
vartojimą,16
viešnamį,16
nepažįstamųjų,16
banka,16
Petrovičium,16
peticiją,16
Petras,16
maksimalų,16
bandomąjį,16
kiekvienoj,16
ruošos,16
valstiečių,16
Apversk,16
blogiukų,16
mokantis,16
Genos,16
Arčer,16
būryje,16
sūrus,16
atsikratysi,16
ruožtu,16
rupi,16
impulsus,16
Valstiju,16
valstietis,16
tualetai,16
patirtim,16
didėjo,16
patikino,16
didvyriais,16
sukčių,16
galaktika,16
puoliau,16
numirėlių,16
junginys,16
įtari,16
įtariamoji,16
didžiavosi,16
identifikuotas,16
invazijos,16
kausiesi,16
Palūkėkite,16
ištempti,16
ištekėjai,16
ištekėt,16
svajotojas,16
Henriui,16
Heraklio,16
Heraklį,16
kontrakto,16
kontoros,16
Malefisentė,16
siūlą,16
idealų,16
aiškiaregė,16
ledinis,16
pamatus,16
išdulkint,16
įeisiu,16
kalei,16
kaleime,16
kalbėtume,16
Sternai,16
malonių,16
Įeikit,16
keliaudamas,16
Rardi,16
burtininkai,16
sidabrinių,16
dviejose,16
pigių,16
ėst,16
Stef,16
patart,16
bagažinė,16
bagažinės,16
Sesilis,16
Arono,16
Mijos,16
should,16
neatiduos,16
piktasis,16
pildo,16
Debė,16
Stil,16
nepažįstama,16
įteiksiu,16
įvairios,16
patarnautojas,16
viešo,16
viešnagės,16
ginkluotė,16
gaisrininkai,16
Skailarkas,16
skaitysi,16
kalendorius,16
pilkieji,16
Trude,16
grojant,16
Lotto,16
suleisiu,16
griuvėsiais,16
sultingą,16
nesėdi,16
nesužinojo,16
nusirito,16
nusiskundimų,16
įvedė,16
sumaišyti,16
troškimus,16
iširo,16
badą,16
kreditą,16
ud,16
konsulato,16
ugniai,16
ugnikalnis,16
pilkos,16
nepaspruks,16
Kalo,16
kaltinamąjį,16
mamyt,16
nepatektų,16
pilti,16
nepatogią,16
Čonas,16
finansavo,16
pilnus,16
pilotams,16
pinigams,16
pinigėlius,16
Stenas,16
malonėtumėte,16
stačiau,16
Statykit,16
statymą,16
Konoro,16
pakabukas,16
things,16
taikaisi,16
atsikratytų,16
nepasiėmiau,16
nepasižymi,16
pintinę,16
nepastebimas,16
taikus,16
atspari,16
atskridom,16
atskridome,16
dūstu,16
Adamo,16
pajėgus,16
pajudėsim,16
nesvajojai,16
pasėlius,16
Hiustoną,16
įtraukiau,16
išgėrus,16
Julijus,16
Tailande,16
Lake,16
Mėjau,16
mitybos,16
rišti,16
ketinote,16
gerbs,16
neapsunkink,16
būtas,16
paimta,16
pamena,16
sužlugdei,16
robotais,16
robotui,16
Ketlin,16
vasarį,16
vata,16
Vatikaną,16
beprotiški,16
idiotiška,16
Bethoveno,16
Beti,16
Vestonas,16
raudonplaukę,16
paminėjau,16
atvėju,16
horokrusus,16
Uko,16
būsimo,16
būsimoji,16
pulkas,16
puikusis,16
apmokėta,16
kauliukais,16
Logai,16
vertingi,16
neaiškios,16
nealkana,16
neapkenčia,16
Čiltonas,16
pirmenybę,16
Manas,16
trokštate,16
pastūmėjo,16
alyva,16
Įvesk,16
pastebėsite,16
dievinau,16
grobti,16
sumokėsite,16
pajodinėti,16
daugybėje,16
pirmininku,16
Čiao,16
čiaupo,16
Alzheimerio,16
Trojau,16
kreivas,16
nusivežė,16
nusiteikusi,16
Adios,16
išmokino,16
žavūs,16
laivuose,16
adaptavo,16
nusiskusk,16
sužeis,16
atsidavę,16
Elrondas,16
sužaidei,16
Timą,16
gyli,16
ištroškę,16
aiškios,16
manydamas,16
netruko,16
įžeistas,16
pastatytos,16
pamokyk,16
leidot,16
išlyginti,16
pamišėliu,16
Černo,16
Čensai,16
nepasiges,16
pirštinė,16
statybas,16
nepasiekia,16
nepasiduodi,16
planavom,16
išbandymų,16
čigonų,16
mandagu,16
mamų,16
grasinimą,16
Černobylio,16
Čeri,16
pjauna,16
stambių,16
psichiatro,16
skaičiavimą,16
ginčijamės,16
beprotiškų,16
plaukiojimo,16
planuota,16
nepamiršot,16
vaisiais,16
vaistams,16
kirtis,16
blokuok,16
Džeiko,16
uogas,16
uodegas,16
Stanis,16
Stantono,16
barbarų,16
pagulėt,16
atsilieki,16
Ruta,16
Rusteri,16
valymą,16
sargybiniu,16
ištrūkai,16
Facebook'e,16
netiesiogiai,16
neparodžius,16
place,16
pjesės,16
plakti,16
plakimas,16
įžūlumą,16
įžymybes,16
lndijos,16
hipnozė,16
Hooters,16
kalėjimų,16
stabdai,16
plauni,16
serą,16
dinastija,16
b1,16
Krein,16
paslėpsime,16
netinkat,16
Dilonai,16
Jomajo,16
reagavo,16
NBC,16
beviltiški,16
užuodžiau,16
užtvindė,16
Ne-eee,16
Betės,16
seselę,16
plataus,16
platformą,16
darydavom,16
Kamar,16
čekiu,16
Čeimbersas,16
horizonte,16
konkursui,16
lobius,16
neturintys,16
dingimas,16
paskutinieji,16
grotos,16
netrunka,16
dingusius,16
šaldiklyje,16
nuskilo,16
nuskraidinti,16
pagyvenęs,16
neuronų,16
trink,16
lizdo,16
sunaus,16
sunerimę,16
žengsi,16
nuspręsime,16
pagirių,16
pagirti,16
laisvėj,16
kvaišalus,16
kvailius,16
testamente,16
plaunu,16
kamerose,16
á,16
Ąžuolų,16
ą,16
PlayStation,16
plaukę,16
Abyzou,16
Ąžuolskydis,16
plačias,16
dantim,16
poilsį,16
poelgius,16
Flintai,16
darban,16
nepakartojami,16
plyšo,16
kamino,16
išbandymus,16
nepaklusai,16
darbuotoju,16
plepa,16
uoslę,16
Antoša,16
negailestinga,16
aplenksiu,16
protėvius,16
protokolus,16
IP,16
iPad'ą,16
užsiimt,16
nepaklausi,16
LlEPOS,16
Veročka,16
Kelintas,16
serverio,16
serveris,16
pagąsdinti,16
plaukęs,16
būvimo,16
Riversai,16
Vazovski,16
apsisukt,16
aštrių,16
atominės,16
šachta,16
abortą,16
atsiųsta,16
duokime,16
sušaukė,16
atšvęskim,16
sušiktoje,16
Gastonai,16
bjaurių,16
savybė,16
mėnulių,16
protesto,16
skambinsi,16
prokurorui,16
caras,16
Carmen,16
Seržai,16
ištrauktų,16
duosite,16
Flinas,16
poemą,16
sritį,16
ZZZ,16
Mariona,16
Marine,16
sraigtasparnius,16
Spūneri,16
Supermene,16
galvočiau,16
referatą,16
really,16
NAĮT,16
šampūną,16
aviena,16
Liu,16
pasiųst,16
neužmuš,16
pasižiūrėsiu,16
Trigeri,16
paskendo,16
paskelbk,16
paskirs,16
šalmu,16
mokintis,16
Ryk,16
išsilieti,16
nuskrist,16
paglostyti,16
žemėmis,16
užbaigia,16
neužtruk,16
mugė,16
rytinė,16
Bosley,16
apvali,16
Valkirija,16
Mozli,16
Kikuchiyo,16
sargo,16
diske,16
pasitenkinimą,16
miligramų,16
serialas,16
Gevara,16
beždžionėle,16
Getsbiu,16
alone,16
kanalizaciją,16
policininke,16
politinį,16
politikus,16
Zola,16
Popiežiau,16
šarvų,16
atostogoms,16
sprogimai,16
sprogus,16
atidarei,16
spėjom,16
Marlina,16
antruoju,16
Polsonas,16
kanalizacijoje,16
ištuštino,16
Leini,16
Šu,16
nulėkė,16
leidžiamas,16
pamotė,16
Dumbledore,16
grafo,16
paplaukiot,16
Papale,16
nukrisi,16
kunigu,16
panieka,16
auditorija,16
kuna,16
emocinio,16
žiaurių,16
išsilaipino,16
dangau,16
popieriais,16
bastytis,16
Jensas,16
pasitikėjimu,16
pasitraukimą,16
pagalbinis,16
Tanyu-sama,16
atsiveda,16
teptis,16
nustatymo,16
žibintas,16
žiaurumu,16
žiauraus,16
azoto,16
Azraeli,16
pasiūlymai,16
jimas,16
šansu,16
porceliano,16
dangčio,16
ponius,16
inicialai,16
Kelė,16
Gibsonas,16
septyniais,16
septyniose,16
septinto,16
nevertėtų,16
pasitaisys,16
Flipai,16
portalo,16
portretas,16
išanalizuoti,16
vabalus,16
Sentinelis,16
apsimauk,16
naudojatės,16
užsikrėtęs,16
skardinės,16
katinėlis,16
aplankiau,16
procesorius,16
Vinterfele,16
menki,16
girdėdamas,16
dukterėčią,16
dublis,16
nukreipkite,16
emocinis,16
diskusiją,16
šaudei,16
užaugsiu,16
antrus,16
Tioma,16
tinkamoje,16
išvadų,16
kultūrų,16
vaza,16
riterius,16
briedis,16
garsių,16
Džeriu,16
kvepuok,16
Tanosas,16
nustebtum,16
pasisaugoti,16
divizijos,16
šautuvais,16
šausi,16
dalykėliai,16
Geilė,16
žinantis,16
Džesį,16
absolventų,16
žinanti,16
nutempė,16
džiazą,16
pasitaisysiu,16
pasistengsim,16
krisi,16
grunto,16
supykau,16
Marvinas,16
Zakas,16
uždaromas,16
XXI,16
povandeninę,16
without,16
William,16
žinąs,16
Džimbo,16
pades,16
ryškią,16
užsidega,16
idealas,16
dalinį,16
kanors,16
Yasin,16
yourself,16
Prada,16
nenugalės,16
menkiausią,16
skenavimo,16
Iraną,16
katedra,16
užsienietis,16
Aslanai,16
virsuje,16
centimetrą,16
mįslių,16
mūmis,16
šaulių,16
algoritmą,16
neįmanomą,16
antį,16
Povelai,16
uždangą,16
neįleis,16
susidurs,16
pasiruo,16
avi,16
Averi,16
Suribači,16
nenormaliai,16
PRAEJUS,16
neįtars,16
atpažintas,16
Kristiną,16
surinksim,16
surinkta,16
avarinė,16
neįspėjau,16
pasiruošimą,16
Fojus,16
fokusas,16
pradinę,16
pradėsit,16
linksminomės,16
atradai,16
Hilari,16
Hilario,16
Rėjui,16
ryžius,16
kirmgrauža,16
Ryčeris,16
ryšiais,16
kirminas,16
Vajetau,16
motyvus,16
paprotys,16
nugarų,16
dublerį,16
paradines,16
parametrus,16
nukautas,16
limuzinas,16
Lina,16
reikiamų,16
klausinės,16
bjauriausias,16
Išlipkite,16
išlipt,16
atsarginė,16
išvalykite,16
papuolei,16
privilioti,16
Cerberio,16
Pričiupkim,16
skirtus,16
melionas,16
giriasi,16
reikėti,16
buhalterijos,16
nenaudok,16
prakaituoti,16
Matt'ai,16
kompetencija,16
Spaskis,16
uždengti,16
kompiuterinė,16
Skipped,16
išsigelbėjo,16
nemokamo,16
fontaną,16
prakeiktoje,16
anūkus,16
Gotame,16
sparneliai,16
prakalbom,16
padarinys,16
Džinui,16
nuveikė,16
eilučių,16
nuvesime,16
nuvešim,16
Hanibalas,16
žiūrėdavo,16
Linderman,16
Avada,16
natūralios,16
reikėję,16
praktikuotis,16
nemirtingumo,16
soti,16
Džinė,16
pasirinksiu,16
Doctor'e,16
pasirašytas,16
nešanti,16
Aleksis,16
pasinaudokite,16
autoservise,16
Treisė,16
važiuoklė,16
nacionaline,16
dokumentinį,16
susikaupė,16
susijusius,16
Rejeso,16
narvelį,16
minkštą,16
augint,16
Audrūne,16
mūsiškį,16
apsisprendei,16
kerėtojas,16
kerėtojų,16
vagone,16
nacis,16
vėluosiu,16
užfiksavau,16
visagali,16
visagalio,16
viršutinis,16
negėrė,16
nešiojuosi,16
paralyžuotas,16
Westin,16
formulė,16
formulę,16
Ivanovna,16
w,16
nemenkas,16
pralošiau,16
pralaužė,16
blėsta,16
Sanią,16
užsidarome,16
prancūzišką,16
nemanė,16
Dafne,16
karatistas,16
karalyste,16
valgiaraštį,16
imdavo,16
vakarinėje,16
apygardą,16
rėkiau,16
mokysi,16
mokysis,16
motyvai,16
pasiliksim,16
nešneka,16
nešiojau,16
užrašo,16
Skotą,16
kvėpuokite,16
tempo,16
padainuosi,16
minkšti,16
mind,16
Budapest,16
budas,16
arkos,16
Bilal,16
Šer,16
jauniklius,16
Kukluksklano,16
susimovėt,16
susimušiau,16
likdavo,16
automatų,16
Natalie,16
mašinistas,16
mazgą,16
Parchomenka,16
išleistų,16
šnekėjai,16
išleistuvės,16
šokiruotas,16
šokiruoti,16
tipui,16
LENORA,16
grėsme,16
Hilo,16
klanui,16
išvertus,16
išlieti,16
tobulybė,16
Titaniką,16
Endžė,16
dailiai,16
karališką,16
gongas,16
vyrišką,16
item,16
Dagui,16
nemaloniai,16
daiktams,16
Bilui,16
klause,16
pasijuto,16
jaukiau,16
nežinomų,16
Dopinderi,16
pasijustum,16
nežudys,16
laikyčiau,16
tarpeklį,16
Birkenau,16
velionis,16
rektorių,16
apsinešę,16
Veiną,16
Sendinai,16
monai,16
kiniškai,16
apžiūra,16
Boidai,16
Bordenai,16
Bordo,16
mokėtojų,16
Sanders,16
snukius,16
iuoti,16
Golaitlė,16
prasitarė,16
kareivėli,16
žmogelis,16
žiūrėtum,16
atsisveikinau,16
pasiduokit,16
Krueger,16
Austrijos,16
pasiduodame,16
susipykome,16
susiprasti,16
Nibiru,16
trapus,16
vykstant,16
mažiausio,16
vykdžiau,16
BruoIis,16
pasienį,16
šikšnosparnio,16
šikniui,16
pasielgsi,16
Furis,16
visalaik,16
Neitanas,16
pristačiau,16
Pristli,16
iais,16
astma,16
Vykitės,16
šifravimo,16
pasijaučiau,16
trasa,16
prasibrovė,16
Kaslis,16
kaskadininkas,16
apiplėšei,16
neims,16
remontui,16
gamyklas,16
remi,16
gertuve,16
senamadiškai,16
nueitų,16
nufilmavai,16
šnekėtis,16
pabėgsi,16
nuvežkite,16
pabūna,16
pabėgsim,16
pabėgimui,16
Džokeris,16
smirdantis,16
istorinė,16
užklups,16
Snaigė,16
karinius,16
Pablo,16
eigoje,16
išneškit,16
taviškė,16
nužudomas,16
ligomis,16
vadovybę,16
gersit,16
vykęs,16
nelemtas,16
nelenda,16
cukrų,16
užkoduota,16
pasaulinės,16
pasaulinę,16
austrių,16
Krou,16
Tpru,16
šimtmetį,16
pasididžiavimą,16
Torensai,16
Prestonai,16
nelaimėje,16
smuiku,16
mažina,16
nindzė,16
Nino,16
pasenę,16
gudriai,16
atbėgo,16
ateidamas,16
Kolumbijoje,16
Kolumbo,16
globą,16
globėja,16
premjere,16
pretekstas,16
aukcioną,16
lenktis,16
toIiau,16
pareigūnu,16
nudėčiau,16
šlaunis,16
užkastas,16
atbėga,16
liekanas,16
pasibaigęs,16
Alanui,16
šlykščios,16
atsargiam,16
kulkosvaidį,16
riešas,16
mirtininkų,16
bendrabutyje,16
neišeitų,16
neišgirdo,16
prisisegti,16
Gitos,16
skrudintos,16
neišduos,16
nokauto,16
prideda,16
Karlsonas,16
Vulkanų,16
VSI,16
vožtuvus,16
Fransua,16
pri,16
neitiketina,16
susitelk,16
šiltų,16
Alanu,16
veiksmu,16
kentės,16
kentėsi,16
remti,16
pridėjai,16
apsirikau,16
Bronkso,16
minėti,16
Semionas,16
geriausiųjų,16
Toronto,16
liepa,16
J.T,16
apšvietimas,16
apžiūrės,16
Tatia,16
licenziją,16
susituokusi,16
geresnius,16
repetavome,16
veidrodžius,16
žodelį,16
40-ies,16
rūpybos,16
Morgana,16
kilnų,16
rūpintųsi,16
valdysiu,16
Valentainas,16
seksualinių,16
Germaną,16
seksualumo,16
parodyta,16
Niugeitas,16
pasibaigtų,16
melagi,16
meistrų,16
nosinę,16
parengtį,16
parengiau,16
Dreikas,16
Enės,16
norėtu,16
nosim,16
išleidžiu,16
aukštakulniais,16
aukštoji,16
Drakulos,16
Niutai,16
išėjote,16
pasakomis,16
išėjimų,16
Ereborą,16
nykščio,16
ožkų,16
Harisonas,16
Ozas,16
Hanratty,16
nužudę,16
pabaigsim,16
paaiškėja,16
tonos,16
glosto,16
priekabą,16
Karolinoje,16
Užknisot,16
neklaužada,16
mažyčių,16
Co,16
atsakydamas,16
Tolia,16
parveš,16
aukštesnį,16
Hidrai,16
licencijos,16
susitiksite,16
pasai,16
nekeista,16
Kolesnikovą,16
šituose,16
šitus,16
Liabufai,16
Aukštasis,16
Šiugai,16
hidraulika,16
asmenine,16
prisikels,16
bells,16
kokteilius,16
apginkluoti,16
civilizuotai,16
Kolinai,16
priešakyje,16
šlakelį,16
Škotijoje,16
Kserksas,16
leškokite,16
žolelių,16
atsispindi,16
Vitalikai,16
asmenis,16
atsistatydino,16
vištytė,16
cigaretė,16
žąsys,16
žydu,16
Omnicorp,16
Harvardą,16
prikibai,16
orkaitę,16
žvaigždutės,16
kūrėjų,16
Haroldo,16
Haroldą,16
Harperi,16
harmonija,16
labdarą,16
Ovenai,16
egzamino,16
ortografijos,16
žvaigždėm,16
egzistuoji,16
teisingumui,16
teikti,16
orkus,16
Bruklinas,16
šiukšlyną,16
vištas,16
Morganą,16
morge,16
Kingo,16
vakarėliu,16
Osama,16
balioną,16
baliono,16
nesiklausei,16
lūpomis,16
lšveskite,16
įsakyti,16
Anatolijus,16
tvarkingas,16
Felipė,16
pašalinkit,16
nesinaudoja,16
Felicija,16
sugalvojote,16
lšjunkite,16
Felipe,16
nesikalba,16
skundėsi,16
Megės,16
orgazmas,16
Orbas,16
žygdarbį,16
kabelis,16
pašalintų,16
Feit,16
cigarus,16
priklausomybė,16
užmokėsiu,16
prirakintas,16
priprasi,16
pripažįsti,16
chuliganų,16
skusto,16
žydėjime,15
Oil,15
Harvey,15
teisininko,15
žvakučių,15
Edorasą,15
žvalgyboje,15
laikantis,15
teleskopui,15
teisėtą,15
Teit,15
tekėjo,15
tekėsiu,15
Harvardas,15
išprotėt,15
žodelio,15
4-ą,15
išradėjas,15
Džou,15
Džozė,15
nužudau,15
pabaigiau,15
laikeisi,15
Mortonai,15
gelbėjimas,15
Bondo,15
valdytoju,15
valetas,15
Mortai,15
S.H.I.E.L.D,15
Morfėjų,15
nušvis,15
nušluoti,15
pabroliu,15
pabrėžia,15
Tatsi,15
Hamilton,15
apšviesk,15
kinti,15
medžiotoju,15
skyriumi,15
Huveris,15
kolibris,15
nekankink,15
priešininkai,15
citrinų,15
priešingybė,15
benamiu,15
kartotis,15
skęsti,15
begėdis,15
Beilis,15
nekalbėjome,15
citata,15
nekalbėkime,15
skubotai,15
skudurus,15
prisiekusiųjų,15
prisiekia,15
Isaac,15
karščiuoji,15
gladiatorius,15
skruzdės,15
Prim,15
cigarai,15
neišvyksiu,15
primušti,15
priminimas,15
Vladimiras,15
viščiukus,15
meiluže,15
apgaudinėjai,15
mechanizmai,15
užmerkti,15
mechanikai,15
mažąja,15
begalinė,15
užkrito,15
Kolumbas,15
nekilo,15
Clarensai,15
nekenkia,15
prievartauja,15
Fredui,15
Voldemorto,15
Voler,15
prietaras,15
visokiais,15
prisipažinai,15
visokį,15
kasdieną,15
slėpiausi,15
slėpiau,15
nekiltų,15
nekilnojamasis,15
Frodui,15
Frisbee,15
CJ,15
Voila,15
Vogeli,15
kolegas,15
vizas,15
choro,15
pridurt,15
smagios,15
smulki,15
Goat,15
apgailėtino,15
apgailestaujame,15
globėjai,15
atbuline,15
Neitas,15
Skotui,15
bendradarbiauja,15
Fransis,15
Frančeska,15
Frančesko,15
Vožk,15
karnavalo,15
Skriskime,15
Meksiko,15
meistriškumo,15
skrodimo,15
skruostai,15
Vitenka,15
neišgirsi,15
neišgyvensi,15
Kolorade,15
kolonas,15
priekaba,15
Vong,15
slėgį,15
sluoksnių,15
Slinki,15
Skriejanti,15
komedijos,15
užimkit,15
užimsiu,15
praradusi,15
fotografė,15
fotosesiją,15
iuk,15
kariaut,15
ias,15
Koksai,15
pritars,15
pritrenkianti,15
visiškoje,15
bendražygiai,15
bendravau,15
Hoyt,15
Snautas,15
prasčiokų,15
neliepiau,15
neleistina,15
pravirksiu,15
nelegalūs,15
vykome,15
vykčiau,15
komandoms,15
nelauksim,15
pražus,15
istu,15
vykdavo,15
Vykdykite,15
snaiperio,15
maškėbmw,15
dainai,15
Ivanovičiau,15
pralietas,15
nemiegosiu,15
nemiegoti,15
nemigos,15
formuoja,15
prakalbome,15
chaki,15
Champagne,15
katalogą,15
negyveni,15
negyvens,15
Sound,15
dainavimas,15
apatinį,15
Golumo,15
nemaža,15
vyšnios,15
karaokė,15
asmenybių,15
kojytes,15
Fuleris,15
Neilas,15
smurfas,15
užkandinė,15
sodink,15
sociologijos,15
vyriausybių,15
vyskupas,15
sninga,15
snow,15
pragyventi,15
Prahos,15
nemušė,15
baudžiami,15
Baza,15
Bauhaus,15
spausdinti,15
gorila,15
prišnekėjau,15
negro,15
Skipai,15
mene,15
Mateson,15
kompiuterinių,15
kompensacijos,15
uždirbs,15
Skirkitės,15
skirtu,15
skirtingu,15
privertėte,15
prives,15
futbolininkas,15
centu,15
prižiūrėjau,15
kapučino,15
fondus,15
prakeiktais,15
nemokat,15
pralaimėjom,15
SOSTŲ,15
melus,15
skirtingą,15
posėdžio,15
Goto,15
užblokuotos,15
užbėgsiu,15
užblokuota,15
atgavai,15
antspaudas,15
povandenine,15
virpa,15
prižiūrėjo,15
viryklė,15
viryklę,15
virtuve,15
Irene,15
skelbiame,15
posėdyje,15
požemio,15
nenukris,15
prabilti,15
požymiai,15
Koeno,15
Ice,15
asistentės,15
virt,15
batu,15
praeikite,15
pradėtą,15
kapinių,15
Kaparzo,15
spastai,15
komplimentų,15
uždaroma,15
nenušausi,15
popietė,15
nenušovė,15
zebras,15
policininkais,15
išardyti,15
antrąja,15
antrąsyk,15
negirdėjome,15
vinies,15
irklus,15
katinui,15
Benedikto,15
užaugome,15
popierinių,15
dangtelį,15
sporte,15
flirtuoti,15
portfelį,15
poruotis,15
Flintas,15
damas,15
Flinto,15
girdeti,15
dalyvauji,15
ypatingam,15
ypatingus,15
Kangas,15
kanjone,15
kandidatų,15
Martį,15
maru,15
užsieniečiai,15
Maricruz,15
gralį,15
srautą,15
nepakako,15
pobūvį,15
pojūtį,15
konkretus,15
progreso,15
aplodismentai,15
kaubojaus,15
kaubojų,15
prokuroru,15
Capital,15
protai,15
gins,15
pokšto,15
kamštį,15
Zionas,15
Marlou,15
sprogtų,15
skausmui,15
skausmingai,15
negauni,15
Basanijau,15
urvuose,15
konfidencialu,15
atgyvena,15
darantis,15
Flagai,15
Pola,15
pokšt,15
Margareta,15
MARGARETĖS,15
konjaku,15
darydama,15
darsyk,15
kambariokas,15
plastikas,15
plastikinis,15
prožektorius,15
stabilumą,15
maratone,15
manŅs,15
Stalino,15
stakles,15
Darius,15
išauga,15
ginybos,15
Kodiako,15
negalvokit,15
protestą,15
Vilfordas,15
gaIima,15
neetiška,15
psichiatrijos,15
Antoninai,15
Čakis,15
fizinių,15
pliurpt,15
plokštes,15
nepakeliama,15
plyš,15
kampelių,15
Planet,15
stambiu,15
statines,15
manieras,15
statuso,15
nepasiekiama,15
nepasakoti,15
nepasakoja,15
užsimanei,15
česnako,15
uo,15
manipuliavo,15
Manis,15
Bardeno,15
neparašė,15
nepaprastos,15
skalbinius,15
gaidžiai,15
psichinių,15
psichologija,15
nedvejodamas,15
neduodu,15
skaičiavimais,15
užsimauti,15
planšetę,15
nepamir,15
plastikos,15
plauki,15
uošvė,15
beprotišką,15
ginklui,15
mergiotės,15
anteną,15
pirksi,15
pirkom,15
pirkinius,15
gravitaciją,15
Steisio,15
malonėtum,15
nepastebėjot,15
apmokės,15
pudingo,15
būtinybės,15
stebėjimas,15
stebuklingus,15
Hornetas,15
Uh-huh,15
Uhu,15
pirmojoje,15
Star,15
statom,15
užsipuolė,15
užsiminiau,15
būtini,15
vikrus,15
apmokytas,15
Čelsi,15
kalvose,15
Kalvino,15
antgamtinių,15
mandagumas,15
Finnick,15
finansus,15
davikliai,15
siūlų,15
bankininkai,15
konteinerių,15
stipria,15
tņ,15
tš,15
tūzas,15
pietvakarius,15
įdiegtas,15
kaliniams,15
Merlas,15
Merlino,15
skaitiklį,15
gailėjosi,15
pultelis,15
siųs,15
išdaužė,15
mamutai,15
Maldyvus,15
nepažįstam,15
pigūs,15
nepažystu,15
Pikasas,15
pilietinis,15
pinigėliai,15
nepaskambinus,15
nepasiėmei,15
Anseli,15
finansavimo,15
pilotui,15
pimpalai,15
ėjosi,15
perėjai,15
Filu,15
degimo,15
neprarasiu,15
nepraleis,15
kalbėjusi,15
kalbėjimo,15
įgaliotinis,15
Asgardą,15
nedarykime,15
nedalyvaus,15
puotos,15
Siuzė,15
atidūs,15
neprarasti,15
perėją,15
Stiveną,15
filmuosim,15
peštynes,15
Pictures,15
degam,15
bankininku,15
banketą,15
siųstų,15
nepertrauk,15
neperšaunama,15
įdėta,15
piešinio,15
pievelę,15
išdidumą,15
išdrįsai,15
malkas,15
įkarštyje,15
nepriimtinas,15
nepriklausai,15
deimantais,15
balą,15
maištą,15
Greis,15
įkrėsti,15
aprengti,15
siuntėme,15
klydome,15
maišyti,15
kopijuoti,15
Kalahario,15
kalbai,15
kalakutą,15
kalbejau,15
įkaista,15
įkaite,15
įjungei,15
met,15
gimtąja,15
Apolono,15
aprašyti,15
gražiąją,15
stipruolis,15
perspėjimą,15
storina,15
Makino,15
Gregoua,15
ankstesnio,15
išdurt,15
nerastas,15
perkūnėliais,15
atitrauksiu,15
Majorovo,15
greitos,15
studijai,15
Filipsai,15
Anete,15
apribojimų,15
vienišos,15
aprodyk,15
banalu,15
koridorium,15
tyrėjų,15
perkeltų,15
perkels,15
pusrutulis,15
vienuoliktą,15
vienumoje,15
kažkokioj,15
putos,15
nebetoli,15
pyko,15
KDK,15
perlenkiau,15
perprasti,15
perpjauta,15
neprivalote,15
neprivalom,15
persekiojamas,15
Klungeli,15
siuos,15
Delakro,15
deklaracija,15
įkyrėti,15
stulpai,15
tvenkinį,15
subtiliai,15
pedalą,15
Pegase,15
apsaugoje,15
nesakome,15
nerūpiu,15
Penja,15
penktame,15
penkiomis,15
įmest,15
įmanomos,15
neria,15
perimetras,15
perkalbėti,15
aprėkiau,15
metikas,15
aprūpina,15
nebesaugu,15
bėgdamas,15
išdžius,15
kajutėje,15
Anečka,15
strateginis,15
stulpo,15
Honkongo,15
perdozavo,15
figūrų,15
įpročiu,15
įpročius,15
įpročio,15
tvirtesnis,15
įrodytų,15
tvarkykis,15
atkirsti,15
sudraskyti,15
nesiekia,15
įrenginių,15
Fengo,15
feniksas,15
pažymėk,15
pažvelkime,15
kaifo,15
įprastų,15
simptomų,15
Simonsas,15
sir,15
sintezė,15
nebematyčiau,15
sudarėme,15
balsuos,15
įrašymo,15
išgarsėjo,15
Andriu,15
androidas,15
Maho,15
mago,15
baltaodžių,15
festivalyje,15
Keidai,15
tvarkingi,15
tvarkaraštis,15
tuščius,15
Suelen,15
lšėjau,15
pažada,15
pažaisiu,15
pažadėsi,15
MichaeI,15
klostėsi,15
užsuksi,15
racijos,15
Klivlendo,15
kliudė,15
Miamlia,15
įsidarbino,15
lūžį,15
tuzinus,15
pažemino,15
pažeidimą,15
kabliu,15
galingiausia,15
galingiausią,15
Silverio,15
sudomintų,15
pažiūrėjęs,15
nesiginčysiu,15
nesielgiu,15
madingas,15
sudaužyk,15
Mac'as,15
lūžusi,15
sugeria,15
suges,15
kovinė,15
kovinės,15
kovinę,15
Nesistenk,15
baku,15
įsiutusi,15
viduriu,15
bybis,15
vibratorius,15
keistuolė,15
miegodavo,15
miegojot,15
sijonas,15
sugedusi,15
balandžius,15
sugebėti,15
sugebėjimais,15
pavėjui,15
nesipykit,15
įsigyk,15
įsijausti,15
įsikūrusi,15
pažeidėte,15
nesikausiu,15
atlaisvink,15
derybose,15
nesimylėjau,15
pašnekovas,15
įsakysit,15
kabelį,15
ieškinio,15
košmaro,15
atleistum,15
turkas,15
pavaizduota,15
nesprogo,15
įsižeidė,15
amžiais,15
Keisas,15
apsiausto,15
neb,15
ramia,15
bučinių,15
neatsiranda,15
ramiems,15
Keitei,15
atliekant,15
neskiria,15
fedai,15
pavežėti,15
pavešiu,15
Jupiterė,15
išgirstas,15
Michailovičiau,15
sugrąžinai,15
Baker,15
griežtos,15
Bakli,15
pavoge,15
pavojai,15
įsipareigojęs,15
juros,15
išgyvenimas,15
išgydė,15
įskaudintas,15
išgyvenom,15
Farelas,15
nesunaikinamas,15
farmacijos,15
patvarkė,15
Sidu,15
mielus,15
Sidnė,15
įstaigoje,15
sukeltas,15
turbulencija,15
suklastoti,15
dešrelė,15
pavadintų,15
sujaudino,15
hobį,15
Besolo,15
siekiau,15
neatsimena,15
neatsakys,15
rankinėj,15
kovojome,15
baisias,15
Lycanai,15
Lycan,15
Lycan'o,15
ammen,15
amerikiečiui,15
nestovi,15
sukonstruoti,15
grimo,15
lspanas,15
Lucian'o,15
griuvėsių,15
sulaukia,15
sulaikysiu,15
patikimą,15
sukurk,15
atlėkė,15
patirt,15
juodukai,15
įstojai,15
suknistam,15
baisesnis,15
sukruštą,15
užtikrino,15
neatsakinga,15
rankoms,15
keleiviams,15
kekšėmis,15
sukuosi,15
atlyginti,15
tuaregų,15
patrulius,15
nesugrįžo,15
diagnozę,15
išgąsdins,15
amigos,15
patyrusio,15
klimatas,15
Kliftonas,15
įtarus,15
Junco,15
įtikinėti,15
sumani,15
trukti,15
kraustomės,15
sumanėte,15
pasąmonę,15
vertėjo,15
Siamo,15
Bagdade,15
įvairiai,15
įvairias,15
judės,15
įterpti,15
įtikinama,15
Faradėjų,15
patiki,15
Juniper,15
užtvara,15
apsigalvojo,15
apsigalvosi,15
rase,15
burtais,15
didvyri,15
trykšta,15
Trėjus,15
nesutarimus,15
nesustosime,15
nesustosiu,15
Amalija,15
didžiu,15
įvertinimą,15
dieviškai,15
jubiliejų,15
jovalas,15
always,15
pastovi,15
Dievuli,15
pastovėk,15
bulvaras,15
Rašykit,15
apsikabinkime,15
iniciatyva,15
sumovei,15
sumuš,15
lojalumą,15
Loki,15
pasvajoti,15
judintis,15
įvažiuoti,15
įvažiavimas,15
burbonas,15
burnoj,15
burių,15
neabejoja,15
pasų,15
nesvajojau,15
suleisk,15
nesėkmę,15
krautuvėlės,15
sumišęs,15
kreditines,15
pasveiko,15
liūdėt,15
liūdžiu,15
sunkvežimių,15
supanikavau,15
grotelių,15
neturejo,15
face,15
trimitu,15
vertini,15
našlę,15
naštos,15
injekciją,15
realūs,15
inkšti,15
ljanas,15
liūte,15
Falkonės,15
Diksonai,15
hipių,15
netrikdo,15
pasmerkė,15
netinkami,15
Dimasai,15
sumąsčiau,15
netapo,15
Troją,15
alyvų,15
Fahimai,15
netikro,15
Facebook'ą,15
pastabų,15
pastarasis,15
Liusio,15
Liuisai,15
paskambini,15
šalmų,15
dirbančius,15
dirbančių,15
neturėsim,15
paskolinsiu,15
buku,15
Bulio,15
naujovė,15
galėti,15
registratūroje,15
Bull,15
kelmo,15
supernova,15
neturėtumėm,15
paskutinei,15
jokiomis,15
aštriu,15
Sersi,15
klausą,15
užšaldyti,15
galvijus,15
trikampį,15
krepšių,15
krentam,15
triukais,15
triuku,15
paskubėt,15
Paskubek,15
netylėk,15
trenktis,15
diskusijų,15
Jenny,15
nevažiuosim,15
pasiuntiniai,15
kristalų,15
pasislėpkit,15
nevykusiai,15
Jerevano,15
šalčiau,15
Milano,15
Bhai,15
naudojate,15
naudosi,15
senė,15
gido,15
Johanas,15
supistus,15
supratimu,15
surakinti,15
Alisos,15
šampūnas,15
Alisonai,15
šaltu,15
hitas,15
triju,15
trigubą,15
nevadino,15
neužsidaro,15
dirbinių,15
dirbsit,15
dirbdama,15
alfą,15
pasisiūlei,15
lipni,15
avarinių,15
Avenue,15
linksta,15
linkusi,15
susiduriame,15
klausome,15
LIONELIS,15
grybus,15
dizaineris,15
Divinieri,15
divizija,15
šausim,15
šaunią,15
septintąjį,15
Sergejevų,15
naudojimą,15
apsilankė,15
galį,15
galūnių,15
sentimentalus,15
senukui,15
nevykėlio,15
išklausysi,15
aliejų,15
Jašida,15
nevertė,15
pasitarimą,15
atostogauja,15
septintąją,15
pasirašytum,15
evakuacijai,15
pasirinkimai,15
susikalbėti,15
susikirto,15
susikišti,15
susikaupkime,15
jaunųjų,15
vadais,15
vadams,15
Venera,15
reikšmingas,15
Lindos,15
susijungt,15
susijaudinę,15
nešiojai,15
pasirinkot,15
iškrauti,15
iškritai,15
šeimininkę,15
linksminti,15
vadeles,15
Vadia,15
Vadijoje,15
Ev,15
neįsižeidžiau,15
Kristian,15
surinksime,15
treniravo,15
Suriškit,15
Kristo,15
pasirinkome,15
liktume,15
autoritetas,15
autoriai,15
Likavoli,15
likerio,15
susipazinti,15
pasiklysti,15
Donaldo,15
Reič,15
reiškiniai,15
nata,15
Nastenka,15
mintim,15
pasikartotų,15
likusiems,15
gręžti,15
pasiliksite,15
domintų,15
iškviestas,15
Aleną,15
pasimatyt,15
gerąją,15
biliardą,15
gamintojai,15
šeimynėlė,15
išklausysiu,15
Hils,15
kritinis,15
grėsmingas,15
trauks,15
nežaisti,15
pasileidėlė,15
ligoninėn,15
susirinkusiems,15
ligoninėse,15
pasigirti,15
esme,15
pasiilgsi,15
Alba,15
šiaurėj,15
rekordų,15
Rekso,15
Kentukyje,15
velniška,15
vadus,15
pasigailėkit,15
pasigailėkite,15
ligonį,15
esančiu,15
nežinodami,15
pasijustų,15
jaunesnioji,15
pasiklausymo,15
pasikeitimą,15
bilietui,15
vadins,15
šeškas,15
grąžinau,15
krize,15
atradome,15
atradimo,15
nežudė,15
pasiimi,15
pasiimkime,15
gudrūs,15
susitaikysiu,15
liepėte,15
pasidalint,15
pasidarbavo,15
Nikolsas,15
tov,15
gubernatoriumi,15
Rendelai,15
remontuoti,15
narai,15
gamykloj,15
veiksminga,15
renginius,15
Kenšinai,15
indėnus,15
pasidėti,15
šiknium,15
Alacho,15
Dotrakiai,15
sename,15
Bruksai,15
Narnijoj,15
nariui,15
susipykau,15
susipažinę,15
krovininį,15
tramplino,15
tragediją,15
pasiduosiu,15
dovanomis,15
Šiknasultis,15
normalia,15
pasakosi,15
drakonus,15
Noele,15
Letė,15
Lestrade,15
aukštojo,15
šiukšlėse,15
Širle,15
susitarusi,15
minučiu,15
gerklėje,15
veikiančios,15
veikianti,15
vagie,15
normaliais,15
aukštybėse,15
Tomiu,15
Tomiui,15
Toma,15
krėsle,15
pasalos,15
išlaikyčiau,15
šimtinę,15
liepsit,15
ausim,15
pasekiau,15
drabužį,15
Ernestas,15
Alabamoje,15
susitikinėjai,15
Aukščiausiojo,15
šiurpą,15
partnerę,15
norėsime,15
drauguže,15
draugužio,15
parinko,15
Engelis,15
energingas,15
Gantu,15
nakvynės,15
resursų,15
apsistoję,15
kerpa,15
veduosi,15
susprogdink,15
atsakyta,15
susižadėję,15
hi,15
tolima,15
iššaut,15
liausiuosi,15
Klarko,15
klanu,15
nakvojo,15
šiuolaikinė,15
pasakiškas,15
draugavo,15
draugeliais,15
Liberty,15
Toresas,15
too,15
erdvėlaiviai,15
Enter,15
šlamštu,15
šlapi,15
išvykimas,15
Lenkijos,15
sutapimų,15
sutartys,15
šnipinėji,15
riešutą,15
Riestainiukus,15
nahui,15
Briusu,15
Tito,15
atsargumas,15
išvilioti,15
išvydo,15
rezgi,15
vegetarė,15
riboti,15
Richie,15
riaušes,15
naikintojas,15
Naidželas,15
nagas,15
parnešiu,15
parkrito,15
driekiasi,15
drimba,15
Lester,15
lesbietės,15
suspausti,15
seksualinę,15
tirs,15
Audrey,15
paradinės,15
paradoksas,15
nukeliaus,15
drįstate,15
DSM,15
paranku,15
bičiuliais,15
sekos,15
Ila,15
Arkanų,15
apsivilkt,15
Keršytojai,15
apsispręst,15
bjaurastį,15
Herbai,15
kulkšnies,15
išvažiavęs,15
šokiu,15
išlikimą,15
aukai,15
sekioti,15
bičiukai,15
pardavėjo,15
Endė,15
drąsaus,15
nufotografavo,15
susukti,15
tiriame,15
Tirito,15
kultas,15
kumelė,15
suvalgyčiau,15
dukterys,15
dukrų,15
emocinį,15
emocionaliai,15
paprašo,15
lemtimi,15
sekimas,15
gardžiai,15
mūšiuose,15
mūsiškės,15
Brigita,15
rinkai,15
mėtosi,15
ketinam,15
papėdėje,15
papuošalas,15
Išvalyme,15
šokoladuko,15
Lenai,15
sekciją,15
bjauriu,15
geresniais,15
nugriuvo,15
augimo,15
lektuvo,15
sutrikimai,15
sutuoktinių,15
papročius,15
šokome,15
šokolade,15
gyslomis,15
sušių,15
numeriui,15
Šulcai,15
sučiupt,15
sučiuptų,15
sučiupsime,15
sužalota,15
važiavimas,15
vagysčių,15
arklides,15
Vaiduokli,15
Riveryje,15
mėsmalė,15
Rizo,15
savuosius,15
panaikinta,15
pamėginsi,15
nuliui,15
nulipkit,15
nulipo,15
duodavo,15
auditorijos,15
leisdavo,15
tilps,15
tilptų,15
kunigaikščio,15
aiškinkis,15
išvakarės,15
Leikas,15
aiškų,15
numatytas,15
švedų,15
švarius,15
nuobodulio,15
pamatėm,15
numuštas,15
paminėjai,15
pamilai,15
nunešiau,15
mėmė,15
mėlynieji,15
mėginių,15
gynėjai,15
gynei,15
ledkalnio,15
lašelis,15
dvasinį,15
švaistom,15
šutve,15
pamokys,15
durniau,15
Mičelas,15
Scotty,15
SDI,15
gerbi,15
sužalotas,15
tikėtum,15
tikėkite,15
atsiduoti,15
tikėtų,15
išlėkti,15
durim,15
šuniukų,15
eliksyras,15
paliovos,15
dvigubu,15
dvikovą,15
nuosavas,15
lašų,15
atsidūrėt,15
šviesomis,15
rodyklė,15
varė,15
mėgavosi,15
Rodžerį,15
genys,15
mobilieji,15
šventąjį,15
Elisas,15
nuojautos,15
dvare,15
dvaro,15
dvaras,15
pamate,15
Ariel,15
Arija,15
rodomas,15
duru,15
duryse,15
pamirštas,15
kupė,15
švelnų,15
pamaloninta,15
ištekėsi,15
dvejoti,15
paleidžiam,15
išsprendei,15
nuotolis,15
atvirumas,15
Lavrovo,15
tikrinam,15
kurjie,15
išskirtinį,15
dykynės,15
palaimos,15
palaižyk,15
Dytrichas,15
nuovoką,15
palaukėte,15
elgtumeisi,15
Dy,15
apsukt,15
apsunkina,15
Kevinu,15
mylėsimės,15
Romi,15
kiaulėmis,15
vargų,15
gyventume,15
šviesios,15
ištarsi,15
išmeskite,15
Šventenybe,15
išteisintas,15
svarstymas,15
blaškosi,15
Rolling,15
kurą,15
nusiauk,15
laukiniuose,15
laukinius,15
pakliūt,15
pakliūtų,15
paklode,15
paklusi,15
ilgį,15
archyvą,15
architektūra,15
modulis,15
Mocartas,15
laukiamajame,15
tiesmukas,15
kurva,15
pakvėpuoti,15
pakvietimas,15
nupjaut,15
sausainis,15
vaikučių,15
ilgiausia,15
vandenilinę,15
kiaušinienė,15
agurkas,15
sveiksta,15
Sybert,15
gyvenę,15
sò,15
nuryk,15
Agapovkos,15
nuplėšiu,15
gąsdino,15
sėdėsim,15
Lansas,15
nusipelnėt,15
išsispręs,15
paketų,15
gyvūnėlių,15
atstatyta,15
Rudagalvis,15
vamzdžiais,15
aptikai,15
Genočka,15
genijumi,15
tiekti,15
lankytojus,15
gėdingai,15
kvaileli,15
pakilk,15
sąvartyne,15
Rozos,15
branduolinės,15
gavusi,15
gay,15
valė,15
išsivystė,15
ŲemÓs,15
pakentėsiu,15
LAPD,15
sėdyne,15
sėdynes,15
kvailiais,15
kvailiams,15
sūnumis,15
sūnėno,15
sņ,15
lakstau,15
laiškelį,15
pajudėk,15
išsirenka,15
Žalioji,15
Ta-da,15
Tha,15
Hektoro,15
atsikratytum,15
these,15
pajungti,15
sėkmingo,15
sėkmingą,15
nusipirktų,15
ekspertą,15
nusipelnai,15
mokesčiais,15
Mofet,15
blogiukai,15
muš,15
ruletę,15
Lankasterio,15
Džamarkai,15
administratorė,15
žaistum,15
Adolfas,15
pakartosim,15
ekspresas,15
nusiplaut,15
pagydyti,15
nusiūsti,15
taisyklėse,15
Heliusai,15
tevai,15
tampant,15
laisvadienių,15
pagelbės,15
boys,15
Rutuliuk,15
pagrasino,15
gėlelė,15
atsiliko,15
Džeisonui,15
pagulėk,15
pagrobę,15
pailsėkim,15
nusitempti,15
mokinį,15
kirpk,15
Ruso,15
Rusijai,15
valyklos,15
Ruth,15
išsirinksiu,15
išsirinkt,15
Adamu,15
tesėti,15
laivynu,15
paieškosim,15
paieškosime,15
nusivylę,15
džentelmenui,15
pagauni,15
talija,15
terapeutas,15
Kvilas,15
nusukti,15
nustokite,15
ejo,15
rytdienai,15
botanikos,15
atsiųst,15
atsižvelgti,15
Dženingsas,15
pagaminai,15
Nustatykite,15
nustatau,15
mumija,15
valgyklos,15
bortą,15
kiečiau,15
kietasis,15
kietu,15
Mrs,15
Mudai,15
pagimdyti,15
ženkite,15
Džekson,15
Džekė,15
sapnavo,15
blogąją,15
moketi,15
Mumbajaus,15
išmokysi,15
Džinos,15
Džimiu,15
nutraukei,15
abiejose,15
padoraus,15
žinodami,15
abejojau,15
santykis,15
santuokų,15
Santos,15
Kirbi,15
vaizduote,15
Rėjumi,15
padengta,15
žinomų,15
padėkim,15
padėtimi,15
išsijungs,15
abejot,15
eitumėt,15
Abeli,15
Hadsonai,15
motyvą,15
Terminatoriau,15
atsiųsime,15
Taneris,15
laimingam,15
laimikio,15
padėkime,15
padėjėjau,15
džiaugėsi,15
kylanti,15
Tarybų,15
Džoaną,15
nuvyksi,15
Džojus,15
išsiaiškintum,15
išsaugočiau,15
Džokerio,15
apykaklę,15
rėmėjas,15
IMF,15
imas,15
Samueli,15
apžiūrėkim,15
tempi,15
Kyi,15
padedat,15
atsitrenkiau,15
atsiminimus,15
sandėrius,15
santaupų,15
Sani,15
mokyklose,15
mokymas,15
žinomo,15
Tereza,15
taria,15
tarptautinį,15
Hanbėjau,15
ŽIV,15
Eimei,15
eilutę,15
žiūrėjimo,15
nuvilia,15
teleportacijos,15
teleskopo,15
televizoriuje,15
5-ių,15
išniekino,15
4-oji,15
apžiūri,15
apžiūrėjau,15
laikomos,15
atsisveikina,15
atsisėdo,15
nušautų,15
išrinkta,15
žiūrėjot,15
rėmus,15
moteriškų,15
moteru,15
Boriso,15
rūkiau,15
rūkote,15
vakarinio,15
Kinijoj,15
išsiaiškintų,15
išsiaiškinkit,15
Laila,15
moliuskas,15
molekulinės,15
mokytas,15
mokytojui,15
mokytojus,15
monitoriuje,15
Ege,15
operacinė,15
Olandą,15
Eee,15
žymos,15
efai,15
žvalgų,15
tebeturi,15
Ilsa,15
Kings,15
valai,15
valandėlei,15
saitais,15
morfijaus,15
Bolindžeri,15
TEHERANAS,15
atsiskyręs,15
teiginį,15
orlaivis,15
išplis,15
žvakutes,15
žvaigždyne,15
Oba,15
žurnalai,15
paai,15
paaiskinti,15
tavźs,15
tavojo,15
tašku,15
Laboulaye,15
atsispaudimų,15
belgas,15
skrydžiu,15
meilužio,15
meilus,15
skyrėte,15
medžioklėje,15
Huper,15
užnugaris,15
efektyvumo,15
žvirblį,15
karščiau,15
Apgink,15
vodka,15
mega,15
skustuvo,15
skundiesi,15
Saksai,15
Boitano,15
valdote,15
valdomą,15
efektyviai,15
olimpiada,15
Oldrichas,15
žvelgė,15
išpirkt,15
organas,15
Odre,15
orgazmo,15
originalas,15
odai,15
obuoliu,15
harmoniją,15
išoriniu,14
išpardavimą,14
išpažintis,14
efektyvi,14
omegą,14
žvilgtelk,14
išbadėjęs,14
kameromis,14
planuotojas,14
Čarlzą,14
Če,14
Kambodžos,14
Čan,14
maratonas,14
plauksim,14
staigų,14
konkurencijos,14
unitazo,14
Universal,14
Čangas,14
darydavau,14
pjūvį,14
firmai,14
Hopperis,14
geležį,14
išploviau,14
MONARCHAS,14
Moore,14
sakinyje,14
sakalo,14
orgija,14
Ori,14
organizmai,14
organizmų,14
organizatorius,14
Tel,14
Konio,14
Playboy,14
antradieniais,14
Manny,14
uolienos,14
St,14
stabdau,14
konkretų,14
Kongą,14
neparuošta,14
antkaklį,14
Česteris,14
Bareta,14
Barbė,14
Pito,14
nepasakot,14
sagą,14
rūšimi,14
technologijomis,14
rūpinatės,14
rūpinies,14
apvyliau,14
kilogramą,14
Otas,14
Obama,14
tebus,14
egzaminų,14
atsiprašymus,14
žvaigždei,14
O'Koneri,14
Oskarui,14
Ostin,14
statistiškai,14
nepasielgtų,14
nepasieksim,14
Nepasiduokit,14
daržinė,14
plona,14
manijos,14
statistika,14
daugintis,14
pleistrą,14
nepaklusnus,14
nepaklūsta,14
plonai,14
nepakeitė,14
plovimą,14
Davies,14
pirmakursis,14
nepasirašiau,14
Starkui,14
rūką,14
laidais,14
laidotuvėms,14
sambrūzdis,14
Boid,14
imanoma,14
Kinijai,14
apšvietimą,14
išpuolių,14
21-eri,14
tavŅs,14
Samner,14
samonės,14
Iljuša,14
kėsinasi,14
kėsinosi,14
atsiradimo,14
p-p-pump,14
BOG,14
žudydami,14
paaiškinai,14
sandarą,14
valgykime,14
valgių,14
geltonos,14
mokytojais,14
Sandersai,14
nėščias,14
nėjau,14
atsistokit,14
žole,14
žodi,14
35-erių,14
lagaminai,14
labirinto,14
atsistatydinimą,14
paaiškinimų,14
Čing,14
čipsai,14
kamuoliai,14
kampai,14
Marijai,14
plytos,14
plytas,14
zuikio,14
daužė,14
antklodės,14
antklodžių,14
vakarinių,14
telefonui,14
tauškalai,14
televizoriu,14
mokysiuos,14
genetinis,14
santechniko,14
Geili,14
Džošo,14
Hansenas,14
eidami,14
Eifel,14
nužudžius,14
nužudžiusi,14
paaukojai,14
pabaigsime,14
pokalbyje,14
dantims,14
pobūdį,14
baruose,14
barakus,14
sraigtasparnyje,14
plėšiką,14
plėsti,14
darbininkus,14
Markuso,14
nepasitikėti,14
Fiodoras,14
Daunis,14
Konlif,14
Čongas,14
antausį,14
ryžtinga,14
Gem,14
geltoni,14
sandorių,14
nušalintas,14
Mountain,14
žmonėse,14
žmonoms,14
pablogės,14
nušvito,14
eilinio,14
nuėję,14
Džonsono,14
kąsnį,14
išrašysiu,14
Pablas,14
pir,14
čiužinių,14
stebuklais,14
atidarom,14
išaiškino,14
Kanadoje,14
zinojo,14
zmona,14
Pingą,14
konfiskavo,14
nepastovus,14
nepataiko,14
nepasiėmė,14
nepaims,14
Mamajus,14
bankrotą,14
banknotus,14
spręsiu,14
sprogsiu,14
Zodanga,14
spyrė,14
atidarytum,14
įdegis,14
sprogimų,14
spuogas,14
pimpale,14
stebėtina,14
blondinių,14
Santosai,14
kirminai,14
Kirilai,14
muitinė,14
aptinka,14
vaizdelį,14
išsaugosiu,14
išrinks,14
Sandoros,14
sandorius,14
atsisukti,14
taukšti,14
Tatjanos,14
laikotarpiui,14
Tauriele,14
Zerga,14
pilotuoti,14
pilotė,14
nepatikėtų,14
nepatikėčiau,14
Polmeris,14
Kanavaro,14
išalkę,14
barščiai,14
Anna,14
politinio,14
politinių,14
Danny,14
Polui,14
konstrukcijos,14
Anoks,14
nepatyręs,14
MTl,14
padainuot,14
pacienta,14
pacientui,14
sapnu,14
mokino,14
Bos,14
Valiumas,14
Tempkit,14
Temistoklis,14
Temistokli,14
atsitiktinių,14
tarsiu,14
atsitikimų,14
pabėgusi,14
laikrodžių,14
Zhao,14
dangčiu,14
popierinius,14
Uelsai,14
konsultantu,14
kompą,14
uuu,14
Uu,14
Basteri,14
koncentracija,14
Kaliny,14
kaliniui,14
kalibras,14
Stenlio,14
pigios,14
nepaėmei,14
finansinė,14
Kalifornijoj,14
muses,14
rusus,14
rusą,14
generalinį,14
nuvestų,14
nuvertė,14
eilėse,14
valymas,14
vaisiaus,14
tarnus,14
išsiaiškintume,14
Hanas,14
Hamletas,14
tarptautinę,14
eilėmis,14
nuvilioti,14
80-ųjų,14
Džoineri,14
išsiaiškinčiau,14
Sarumanu,14
tarnaujate,14
Tepaluot,14
Teodoras,14
atsimins,14
gedi,14
rusais,14
kirminus,14
nutyla,14
Džinu,14
Brandtai,14
nuvaryti,14
padavėju,14
padavėją,14
nepažįstamaisiais,14
nepažysti,14
nepažįstamais,14
nepažino,14
įgavo,14
grašius,14
populiariausia,14
nenuvils,14
porcijos,14
išdavęs,14
Stentonas,14
pieštuku,14
pietu,14
Floidas,14
Porteris,14
konteinerius,14
stipriausia,14
nepersigalvojau,14
martinis,14
Martenas,14
degalinę,14
kontrabanda,14
konteineriuose,14
rudo,14
geeks,14
gebėjimais,14
mutantams,14
Braisai,14
ruošiame,14
blogietis,14
saugesnė,14
saugia,14
padirbti,14
abejingas,14
išmuš,14
atsiminsiu,14
laikymas,14
išsigalvojo,14
spintelių,14
Pfaiferis,14
Filo,14
filosofiją,14
Stičai,14
peržiūrėsiu,14
Petė,14
Maksimilianai,14
maksimaliai,14
ypatingoji,14
spinduliais,14
kankynė,14
kankiniu,14
kankinimai,14
antspaudo,14
Zakarijau,14
maldaus,14
mala,14
Malaizijos,14
filtro,14
filtrą,14
įgijo,14
išdaviką,14
vampyrą,14
rožinį,14
brangenybė,14
brangesnis,14
muškietininkai,14
mušt,14
einantis,14
padėjėjai,14
padvigubėjo,14
mušiesi,14
Halkas,14
Halsi,14
tariamas,14
padus,14
uždarytą,14
nenumatyta,14
prabus,14
pervažiavo,14
pertvarkyti,14
peržengiau,14
peršoko,14
perėmei,14
uždavinėti,14
tėvystės,14
pervežimo,14
išduosi,14
bandymams,14
konvojų,14
kontroliavo,14
myIiu,14
tereikės,14
teprašau,14
Tepai,14
PagaIiau,14
ilgėtis,14
arbatpinigius,14
Rouzai,14
modernus,14
modeliais,14
Hado,14
Vaildvud,14
padėkokime,14
išsigimėlių,14
padėčiai,14
padėtumėt,14
Abelio,14
banditus,14
filmavimas,14
anketą,14
spausdina,14
Ize,14
kantrūs,14
specialias,14
spazmai,14
matavimo,14
dalinuosi,14
nenudėjo,14
kanopų,14
y'all,14
Xiao,14
perskaitykite,14
persirengęs,14
storu,14
konteinerio,14
perspektyvą,14
MakLaflinas,14
terminus,14
pagalvių,14
pagalvojome,14
mojuoti,14
Roudzai,14
aptarnauja,14
imtynininkas,14
hebrajų,14
Džes,14
mylimus,14
gauta,14
imtuvą,14
Vanilla,14
vandenilis,14
nustotų,14
nustatytos,14
pagalbininkė,14
terminalą,14
pagaliuko,14
Varia,14
tamplierių,14
tampo,14
Tami,14
Tamirai,14
Myrtle,14
sausai,14
saulėtekį,14
nustatykit,14
laisvus,14
pagaliu,14
žibinto,14
žiaurios,14
Dženkai,14
nustato,14
Maskvon,14
pradėjus,14
nepriklausė,14
filmukas,14
Persis,14
įkalė,14
specialius,14
atitiktų,14
persikėliau,14
persikrausčiau,14
persirenkit,14
Izumi,14
kompanijoms,14
spaudė,14
matete,14
koplyčią,14
apsukų,14
apsuko,14
varna,14
Rols,14
Rolfai,14
Blanka,14
gentį,14
Ženia,14
Džeinei,14
Džeisonu,14
Džeims,14
Tamiras,14
laiptelių,14
laiptinėj,14
Wolf'ai,14
Williamai,14
neprilygs,14
persigalvos,14
persekiojimas,14
stovykloj,14
stovyklose,14
stovintis,14
perpratau,14
perplėšiu,14
nepriversi,14
neprivalome,14
perlipti,14
neradote,14
Deindžeri,14
perrėšiu,14
dainuojant,14
nenaudoja,14
Matiaso,14
Homeras,14
įkišau,14
įkiši,14
uždirbtų,14
koridoriais,14
perkėliau,14
perkūnas,14
atitrūkti,14
Rohaną,14
nusišikti,14
mėginai,14
Teseraktas,14
nuskandino,14
taiso,14
varomas,14
kvalifikuotas,14
nuskandinti,14
nusižengimas,14
dainuokit,14
dainuosim,14
tyrėjai,14
tyrinėjimus,14
matomai,14
sparne,14
spardosi,14
bausmes,14
bausmių,14
spalvomis,14
dainuosime,14
strazdo,14
matuoklis,14
anekdotus,14
maištininkų,14
nerangi,14
neraliuotas,14
Ketverte,14
varžovų,14
varškės,14
vartotojo,14
išsipildytų,14
žemesnis,14
Aris,14
kišenė,14
Robį,14
taisyklėm,14
paieškoms,14
gaukit,14
Rokse,14
Heliumo,14
Sonos,14
filmais,14
studenčių,14
maista,14
strėle,14
apakino,14
nemokamų,14
nemiršti,14
strypas,14
tėkmę,14
Dekardai,14
baltymų,14
stuburas,14
vėlyvą,14
figūras,14
pergalei,14
Deizei,14
Džefo,14
nusivilti,14
gėlėm,14
išmoktų,14
išsirikiavimą,14
mėginius,14
Robišo,14
saviškiais,14
savininkų,14
mėgstama,14
Mmmm,14
paisto,14
gėlėmis,14
Tailor,14
Mėjus,14
ekranų,14
nusivylimą,14
Džei-Pi,14
painūs,14
komikas,14
komisaro,14
praleidęs,14
įlindau,14
pereikim,14
nerizikuoja,14
tyrinėjimo,14
tyrimais,14
įkūrėme,14
nerimavo,14
perduočiau,14
formoj,14
pralošti,14
Bazo,14
Somalio,14
matytume,14
Mitčas,14
Roberts,14
SEC,14
lanksti,14
nusirenkite,14
nusiprausiu,14
atsikratysime,14
dūrė,14
pakabuką,14
Žano,14
Žanai,14
žaloti,14
išsirinks,14
Helai,14
vėsu,14
Ivano,14
pralenkė,14
kairys,14
Korneli,14
tyriau,14
praleistas,14
nervinausi,14
Pepsi,14
įleisi,14
fermerių,14
Pentangeli,14
pensijų,14
įniršęs,14
rizikingas,14
Bridžit,14
Brianas,14
Džamp,14
išsiskirs,14
güero,14
Džara,14
Lanisterių,14
landynę,14
žaisliuką,14
varžovai,14
indėlį,14
Ketrina,14
sūnėną,14
sūnums,14
nerūkai,14
Delija,14
išeinate,14
Sonas,14
pramušė,14
nematęs,14
Magikian,14
Magikianas,14
Baltazaras,14
pelninga,14
subjektą,14
Kailą,14
Stupefy,14
stygas,14
pelių,14
Atstokite,14
atstovo,14
atstovą,14
riskis,14
ketinimais,14
pakaušio,14
Pakartokime,14
tiekimas,14
nusiminus,14
pakeiskim,14
lankytoją,14
lankus,14
mėlynėmis,14
mėlynosios,14
išsiskyrimas,14
nusiplausiu,14
Mazel,14
Pekino,14
Andrejyčium,14
Andželai,14
vėliausiai,14
Daglas,14
mašinoms,14
mašinose,14
sudaryk,14
nesensta,14
Pearlis,14
Pegi,14
aparatu,14
vyriškio,14
Beatričė,14
vyruciai,14
apdovanota,14
Twinkie,14
Britani,14
Brigsas,14
Gargamelai,14
garsėja,14
Misūrio,14
Misisipių,14
Misisipė,14
pakelsime,14
žaiskim,14
žaisdavo,14
žaidėte,14
pranoksta,14
Fosteri,14
nemalonų,14
išgalvotas,14
kaikurie,14
Holtai,14
pažysta,14
pažystat,14
pažymėjau,14
išgalvotą,14
praryja,14
praryt,14
prasiblaškyt,14
įrenginiai,14
prarastų,14
užkalbinti,14
užimtų,14
prarasčiau,14
Deniels,14
Dening,14
Andrejičiau,14
įrankiais,14
užgauti,14
Gremai,14
Madlena,14
dengti,14
apdrausti,14
vyriausia,14
mažesnius,14
Gokui,14
smurfus,14
vedantis,14
misijas,14
bičų,14
biški,14
bičui,14
vagonėlį,14
Rimbaueris,14
rimtais,14
rimtu,14
pakilsime,14
žaidimams,14
Atsikratykit,14
atsikratykite,14
pakilimui,14
nusileidome,14
aerouosto,14
neliksi,14
kariavo,14
vyriškiu,14
pažinsi,14
Madrido,14
Grey,14
dengia,14
neliečiu,14
suderint,14
atkreipiau,14
nesijaučia,14
pažinojot,14
pažinočiau,14
įrodžiau,14
Korėją,14
Dentą,14
Gariga,14
sekretorės,14
pakopa,14
nusibos,14
nusidėjėliai,14
Brody,14
seklys,14
mirusią,14
paklodžių,14
pakliuvome,14
paklausysi,14
nai,14
sąskaitoj,14
sėda,14
sąžiningumą,14
paklauskime,14
pakitimų,14
Frankenšteino,14
cukrumi,14
denk,14
smūgiuos,14
prastesnis,14
pažeidimus,14
kosulys,14
Kostka,14
sudėtingai,14
mašinėlę,14
Snautai,14
snargliau,14
pažadins,14
Pažadėkite,14
riebių,14
Naitai,14
riaušių,14
riebalus,14
sąmone,14
laukdami,14
seksualaus,14
bičiuliui,14
mirtinų,14
žadantis,14
Ūsorius,14
pakratys,14
pakomentuoti,14
vyliausi,14
istorikas,14
Vyleris,14
smulkūs,14
balerina,14
sudėtingus,14
praviros,14
pašte,14
feisbuke,14
įsidarbint,14
laukiniais,14
nus,14
gyvuliais,14
Synas,14
vedyboms,14
apsistosiu,14
Svynis,14
svėrė,14
kepuraitę,14
Brokai,14
žadinti,14
dėkite,14
pakvaišę,14
dėsto,14
dėsis,14
dėmių,14
Atlantida,14
Atlantidą,14
Hoglai,14
mažių,14
sugalvokim,14
sugadini,14
nelegalaus,14
premijas,14
jūreivio,14
Jėzumi,14
įsigyt,14
pašalins,14
išgelbėja,14
Goa,14
smulkius,14
Frederika,14
Costco,14
Preskot,14
Press,14
išgeriu,14
amžinojo,14
amžinybės,14
Devi,14
amžini,14
jėgai,14
Detroitą,14
nesitaikstysiu,14
sugebėjimą,14
lėktuvėlį,14
reti,14
atvejus,14
svirtis,14
svogūnais,14
ilgalaikis,14
palaikome,14
Dzeusą,14
laukymę,14
agentūrai,14
nuraus,14
pakvietęs,14
vs,14
detektorius,14
pavydėjo,14
pavoju,14
Smiley,14
Frato,14
prezidentai,14
turėdama,14
turtuoliai,14
kovojam,14
kovodami,14
Baksteris,14
įsiskverbti,14
įsitaisei,14
svetingumu,14
nupiešiu,14
Aida,14
Dyno,14
renki,14
svečio,14
šėlti,14
ignoravo,14
veiduose,14
tikriems,14
išskris,14
palaikytum,14
atvesi,14
mažytės,14
mean,14
neskambinti,14
Devynetas,14
pridariau,14
pridaro,14
Collines,14
lytiškai,14
Grigorjevičiau,14
įsižeidei,14
paveikta,14
paveiktas,14
paveikslėliai,14
veikite,14
Mirandai,14
apsirūkęs,14
nardyti,14
veikėjo,14
Šyjanas,14
lavos,14
išsprendžiau,14
išspirsiu,14
švirkštų,14
lygumas,14
atliekam,14
užkoduotas,14
priekinio,14
neklydo,14
Voorhees,14
Beiną,14
nespėjom,14
turinčio,14
amzius,14
juostų,14
pavadinkim,14
nespėja,14
turinio,14
pavadins,14
sluoksnis,14
sluoksniu,14
Vosenas,14
Votersas,14
baisiu,14
bajeris,14
slepiat,14
Beinai,14
baimintis,14
bailumas,14
atliktum,14
įskaitas,14
nesugebėtum,14
nesugaus,14
nesugebate,14
Rendalas,14
paliekat,14
švietė,14
šviežią,14
minusu,14
gandą,14
Helpmann,14
Dygliuotis,14
švieskamuolius,14
šviesmečių,14
Minės,14
Mirabal,14
kuriate,14
tikrins,14
tikroje,14
tikslumas,14
Karterio,14
kartelio,14
prievartavimo,14
Volkerio,14
apgaulę,14
sukilti,14
Krakozijos,14
turejome,14
turesi,14
juodukų,14
juodąja,14
išgyvenčiau,14
sukišau,14
Grinas,14
Luizą,14
patvarkyti,14
patvarkei,14
apsimoka,14
vadovėlius,14
velniui,14
Veitas,14
vejamės,14
atvyktum,14
reliatyvumo,14
kenti,14
kenkti,14
kengūra,14
tikėdamasi,14
klausima,14
aromatas,14
šviesoj,14
nuostabusis,14
palikdami,14
palietei,14
įstrigome,14
baisesnių,14
juodaodį,14
bailiukas,14
Hyatt,14
užmiestyje,14
nekeliausiu,14
didn't,14
baigtį,14
kranas,14
tuberkuliozės,14
nuoroda,14
palydovu,14
dvigubus,14
nuorodą,14
nuolaužos,14
senatą,14
senatorės,14
rekomenduoti,14
elitas,14
senovinių,14
lazerių,14
svarbesni,14
švies,14
slaugyti,14
slaptu,14
patikėsi,14
patiksiu,14
patikslinti,14
vogtas,14
apgyvendino,14
glaudžių,14
Glasas,14
medus,14
apginsiu,14
apginčiau,14
priešininkų,14
civilizacijų,14
civilizuoti,14
sulauk,14
fantomą,14
Fanucci,14
patikrintum,14
seniena,14
senelei,14
senoje,14
senoliai,14
nuogus,14
Aironhaidai,14
Nati,14
Venerstriomą,14
palūš,14
šveicarų,14
švelnaus,14
pamainas,14
nuolatinio,14
nuolatinių,14
elniai,14
svainis,14
Svan,14
priimsite,14
sulaikiau,14
patikimų,14
įtarimo,14
Nekai,14
prigriebti,14
baigiant,14
lošimą,14
prigulk,14
Beikerio,14
įsėdau,14
patikimo,14
Patience,14
gynėju,14
nuodemes,14
Ven,14
kemša,14
atvykusios,14
sužinokite,14
sužeistą,14
ledais,14
ledinukas,14
ieškojęs,14
senuosius,14
building,14
aislu,14
Švarcas,14
išlydėti,14
ištisai,14
ištirps,14
nejausi,14
Frostą,14
primadona,14
prikabinti,14
užnugario,14
Užmuškite,14
cigaro,14
patektum,14
patektume,14
nesuteikė,14
nesutiksiu,14
nesuteiks,14
patepta,14
didžiavausi,14
trupinių,14
krauja,14
trylikos,14
Gibsonai,14
naudojaisi,14
Sergejevą,14
vengiu,14
vengrų,14
kelėtą,14
keltą,14
sužaista,14
sužadėtinį,14
atsidavimo,14
paminėjote,14
Dvaitas,14
nuobodaus,14
numušė,14
pametėte,14
pamelavo,14
nuodinga,14
skutelius,14
skydu,14
patarėjau,14
patarsiu,14
skustuvu,14
skurdas,14
skurdo,14
Skvorcovo,14
didžių,14
Lorenso,14
Lorieno,14
Sulūžusi,14
Amandos,14
reikalaujama,14
reidą,14
galvom,14
Vadimu,14
leidimų,14
naujausią,14
vergł,14
Serlai,14
išmaldos,14
durnių,14
pamišėlį,14
sušildyti,14
sušiktame,14
atsidursiu,14
Šurenbergas,14
šuolininkas,14
išmaitinti,14
užpuolikai,14
gripo,14
gripu,14
neišsigalvok,14
pripranti,14
pripilk,14
patariau,14
nesveiką,14
sulaužys,14
sulaužyt,14
informuosiu,14
Mildred,14
gyja,14
keliskart,14
seriale,14
Mille,14
ištraukčiau,14
numigti,14
tingiu,14
naudojantis,14
numeryje,14
numes,14
numačiau,14
apgyvendinti,14
prisiglausk,14
meilėje,14
Vitvikis,14
trumpalaikės,14
meiliai,14
skulptūros,14
skulptūrą,14
skuduras,14
dievaitis,14
sumalti,14
netapau,14
trukdys,14
trukdytų,14
išjungimas,14
neišmano,14
prisigert,14
prisijungę,14
Prisijunkit,14
prisijungia,14
užpakaly,14
Meison,14
Užpildykit,14
neišmokė,14
netapsi,14
nesėkmes,14
kreida,14
kraštai,14
sumažėja,14
pasukai,14
lopšinė,14
grojimo,14
panaudotų,14
duodamas,14
užvirei,14
vertei,14
vertiesi,14
V.I.K.I,14
Rebels,14
referato,14
užėjęs,14
klausysiu,14
sučiupsiu,14
pamąsčiau,14
pamuštas,14
AJ,14
Ajajai,14
logiką,14
sumušei,14
fakultetą,14
Loidas,14
pastebiu,14
Diką,14
neišleido,14
Vistleris,14
kasi,14
kasetes,14
skrendantį,14
prisimename,14
visoj,14
prisipažinimą,14
Loksli,14
Falkone,14
Falls,14
realistas,14
inkstai,14
Veronikai,14
dulkink,14
kledarą,14
tiltai,14
nukrypti,14
panorėjus,14
ištvermės,14
ištvert,14
audinius,14
kunigaikštį,14
pastabus,14
pasprukau,14
pasprukt,14
Faifer,14
netenkame,14
pastata,14
chemikalų,14
neišgyvensime,14
meldė,14
bendrabutis,14
bendrabutį,14
netenkina,14
alėjos,14
skruosto,14
neišeini,14
kreipti,14
trop,14
Josefai,14
iškeldinimą,14
suvaidint,14
paprasciausiai,14
keliautojas,14
Mikiu,14
šotus,14
sutvarkėme,14
sutverta,14
tinkamiausia,14
sutvėrimo,14
apsikabinti,14
Bunny,14
seru,14
Dumbldorą,14
išvaizdus,14
ištyriau,14
Akaba,14
Akabą,14
prispaudęs,14
furious,14
Trojus,14
Aston,14
girdėčiau,14
pristatysi,14
pristatysim,14
pristatyta,14
netikėlis,14
Dimasas,14
dimensijos,14
Kreinas,14
ŅŲt,14
netinkamo,14
sutrypė,14
atsarga,14
rašysi,14
rašosi,14
Bumeri,14
rašymą,14
raumeningas,14
Neapolio,14
Burger,14
paprašysim,14
augant,14
lemputės,14
aštunta,14
sunkiasvorių,14
atneščiau,14
hipotetiškai,14
paslėps,14
apkaltinta,14
Kastro,14
apiplėšt,14
himną,14
Charles,14
pritrauk,14
pritrauks,14
neimkit,14
apkabinu,14
liūdinti,14
Raulis,14
raudonus,14
augimas,14
nugaroje,14
Seto,14
Betei,14
Shino,14
sezonui,14
verčiuosi,14
šoktum,14
išvalė,14
šokėją,14
privačiame,14
neigimas,14
užsidaryti,14
Fulerio,14
atominių,14
užsakyta,14
užsakytas,14
I.D,14
Neimanas,14
neigiamą,14
jokiai,14
viršukalnėje,14
bendrovei,14
ginėjų,14
Trintukai,14
šacho,14
Ašai,14
Chandler,14
chalato,14
negyvėlių,14
chalatas,14
viršutinė,14
paskersti,14
paskambinęs,14
Šaltasis,14
liukus,14
neutralus,14
bendrininkai,14
suplanuotas,14
supjaustysiu,14
supistai,14
supisto,14
vertu,14
parašyčiau,14
burnų,14
rasizmas,14
burę,14
burtą,14
burtas,14
burtažodį,14
keliate,14
išvaryt,14
neatimk,14
rastos,14
lengvus,14
parašykit,14
tironijos,14
kulkšnis,14
šnipus,14
parašytą,14
sutarė,14
lenktyniaut,14
suteikiamas,14
nufilmuot,14
klestėjo,14
busim,14
rasei,14
butelyje,14
aklumo,14
Klerbeko,14
ieškantis,14
siaures,14
energijai,14
nugabeno,14
nugabensi,14
lenkti,14
Lenkijoje,14
sklendę,14
privilegijų,14
negrįžai,14
priėjai,14
ašigalio,14
kreivą,14
meldžiau,14
sklandė,14
šalimais,14
šalikas,14
dirbsite,14
Johanesburgo,14
paskaičiavau,14
iškeltas,14
iškentė,14
išvirt,14
klijus,14
miesteliui,14
rankoves,14
buveinę,14
parduotų,14
parduodate,14
parduodame,14
išvirė,14
lentynas,14
drąsų,14
kuklią,14
sustosi,14
kudašių,14
sutaisei,14
lentelės,14
Katerinos,14
prižiūrėtojų,14
virłininke,14
virėjo,14
Meniksai,14
skelbiamas,14
pasiųs,14
neužmirškite,14
neužmušei,14
Nevada,14
Krikai,14
Krikas,14
pasiūti,14
Jeruzalėje,14
šaltyje,14
Kri,14
kriaukle,14
šlykščius,14
nudėjęs,14
išleidi,14
Ranger,14
neatsiliepė,14
ramybei,14
rankinuką,14
vesčiau,14
keleivį,14
sieloje,14
Bessio,14
bestija,14
gilios,14
neatsakyti,14
Kelas,14
buvimu,14
apsieikim,14
EXR,14
Expecto,14
iškelia,14
Vinsentai,14
alkį,14
alkūne,14
Nevados,14
pasišnekėt,14
pasiuntei,14
Liudvikai,14
profesionalu,14
prodiuserių,14
pasitikėjai,14
Pasitikėkit,14
pasitraukia,14
diržų,14
atomų,14
Neverskit,14
jegu,14
vežat,14
keksiukus,14
siekiate,14
artimiausius,14
užtikrint,14
Drilbitai,14
neatspėjai,14
neatskleidė,14
apsieisim,14
RamsIey,14
pareiškimus,14
sustojęs,14
parlamentą,14
nudurti,14
išlaužti,14
sustiprina,14
Katsushiro,14
vilkėjau,14
aplinkinius,14
aplinkoj,14
Krikštamote,14
skanių,14
užsimanys,14
menui,14
gabaliukų,14
Evelyn,14
sureagavo,14
avimis,14
skardines,14
skanią,14
pasistenkim,14
pasistengsi,14
raminkitės,14
ramiam,14
bučiavosi,14
atsakymu,14
suspėjau,14
Michalyčius,14
Michaelas,14
galintys,14
galinčio,14
apsaugotos,14
sustabdei,14
susprogs,14
Bernstromas,14
Siksmitai,14
apsaugotume,14
parodau,14
Gabse,14
gabumus,14
projektus,14
prostitutes,14
ginu,14
javų,14
Alicijos,14
kau,14
negalėsit,14
Kriptono,14
trejybė,14
aliarmo,14
pasislėpsiu,14
pasislinkti,14
Kaufmanai,14
Kaufmano,14
iPodą,14
iprasta,14
apnuodijo,14
surengia,14
vidinė,14
norėtumei,14
norėjosi,14
Nortkatai,14
draugužiu,14
vidurdienis,14
apsidžiaugiau,14
Raiskis,14
raidėm,14
keisčiau,14
keistuoliai,14
išėjimai,14
išvysite,14
apsaugojo,14
apsaugininko,14
vidurkį,14
drebėjimai,14
kubas,14
išleisime,14
šizofrenija,14
draugystei,14
suskį,14
atrodytu,14
parvesti,14
silpnybes,14
intensyviai,14
toleruoti,14
Klodas,14
kliūtys,14
Klivlende,14
užtaisus,14
idėjai,14
partrenkei,14
toksinų,14
hienos,14
krūties,14
protinguoli,14
kaukole,14
surengs,14
Everestas,14
every,14
Protesai,14
šauniausia,14
nevykėlius,14
Alfonsas,14
pasisioti,14
avarinės,14
avanso,14
jautėtės,14
diversija,14
šaulį,14
nebegyvena,14
radiaciją,14
radiatoriaus,14
Radzinski,14
pasakojimai,14
pasakiškai,14
užstrigęs,14
kloune,14
ietimi,14
klonas,14
šiuolaikinis,14
Lewis,14
draugijoje,14
parūpinau,14
Eponina,14
normų,14
normalią,14
iššokau,14
iššoks,14
Let's,14
šiurkštu,14
trenerį,14
gruzinai,14
Suriškite,14
negailestingi,14
gaidžių,14
ginčijosi,14
knisa,14
Kristiano,14
neįkainojama,14
Diui,14
Diukai,14
Diuksas,14
protrūkį,14
vilkiko,14
susiduriu,14
pasiruošei,14
pasiruošia,14
Docente,14
pasiruošta,14
užsiėmimo,14
pasakotojas,14
pasakymas,14
Drakai,14
vienatvėje,14
vienbalsiai,14
keiksmų,14
nebemačiau,14
Pūsk,14
rabi,14
draugam,14
aktoriumi,14
susitikčiau,14
Guldyk,14
norintys,14
Neee,14
nedrįsta,14
psicho,14
skaitėt,14
skaičiavimo,14
skambesys,14
skalbyklą,14
skalikas,14
gaidukas,14
Gagarino,14
šašlyko,14
šedevrą,14
pasirinkęs,14
iškritau,14
susidūrimą,14
susidėjęs,14
atplėšk,14
Higinsas,14
krėslas,14
pasauliai,14
Noisas,14
Tomson,14
akumuliatorių,14
apsaugosim,14
Simpsonai,14
Singapūrą,14
Sinatra,14
aukštybių,14
liemenėlės,14
lieknas,14
pėstininke,14
Pėtra,14
galiniame,14
vidutinė,14
pasakytu,14
drakone,14
noresi,14
Ereboras,14
Nong,14
norais,14
does,14
pasirengimo,14
Linkolnu,14
gryžk,14
traumų,14
susigrąžinsime,14
publikai,14
kaupu,14
būta,14
nešalta,14
neįveiks,14
beprote,14
benzinu,14
užsirašyt,14
Aleksui,14
grąžinta,14
etato,14
pyragėlis,14
nebepatinka,14
Pyto,14
pasiaukojimas,14
pasenti,14
aukščiausių,14
susitepęs,14
niurzga,14
jachtoje,14
trejetą,14
Grynsleid,14
susijaudinai,14
susije,14
puikiausia,14
merry,14
Merlai,14
grąsina,14
pasimelsiu,14
pasimetę,14
etiketo,14
apmokėt,14
Viktoriją,14
nedirbame,14
nešokinėk,14
pasilaikysiu,14
neštuvų,14
jaunių,14
metodika,14
sisiot,14
pykstatės,14
apriboti,14
Alaną,14
šiltus,14
kruva,14
pyragėlį,14
pasidalink,14
pasibelsti,14
nine,14
šilingų,14
Alan,14
Hilton,14
nežaisi,14
grėsė,14
pasikvietei,14
pasikėsinimą,14
donoro,14
pultų,14
siūlės,14
kritikuoti,14
grąžinai,14
gailėsiesi,14
mergšės,14
pultelį,14
jauniklis,14
jaunesniuoju,14
nežada,14
iškrėtei,14
Krosai,14
atrode,14
autentiška,14
Nebraskoje,14
galimybėmis,14
pusryčiais,14
vietiniams,14
esančiais,14
esančiame,14
Dovanok,14
susisiekei,14
susisiekia,14
susiruošėte,14
Niflhaimas,14
niekšui,14
pasibučiuoti,14
Nikolė,14
nešvaru,14
likote,14
iškrušti,14
užsisakyk,14
viešnamis,14
užsisekit,14
nedarote,14
punktus,14
pasikeitę,14
Pasiklausyk,14
pasikeitimo,14
jaunai,14
jaunais,14
Jasemai,14
šiaudelį,14
jaunesni,14
užsispyrimas,14
užsispyrimo,14
siutini,14
užsivedei,14
užsitarnavau,14
puslapiuose,14
ligonių,14
Grūveri,14
GTO,14
užsitrenkė,14
pasielgtum,14
pasiekčiau,14
Dotrakių,14
pasielgčiau,14
Tratmanas,14
puotoje,14
nedalyvavo,14
galetume,14
Siuvardai,14
Dorote,14
nežmoniškai,14
nežiūrės,14
gaivus,14
Būnas,14
traktorius,14
traktorių,14
nežinojote,14
vietom,14
Kazanės,14
Kay-Em,14
atradimų,14
beprotystės,14
Sičio,14
siūlei,14
gimtąjį,14
gimtinę,14
mesje,14
likime,14
Albis,14
Mertle,14
susirinkt,14
NGočei,14
jaudinamės,14
susipažinsime,14
Grįžulo,14
liečiu,14
Harviu,14
teisininkų,14
teisingus,14
valdomi,14
Kimeli,14
oralinį,14
Olandas,14
kūrybingas,14
Egida,14
oji,14
kūnais,14
kūdiki,14
stabdį,14
olimpiadą,14
orakulė,14
platų,14
Sakura-san,14
sales,14
kilų,14
kilometrą,14
Oregono,14
žvengt,14
boksuotis,14
boksą,14
gelbėtoją,14
kūjį,14
Edisonas,14
ordą,14
Išnyk,14
žūna,14
Žydriau,14
17-a,13
žymiausių,13
žūtis,13
14-os,13
Olandui,13
Olego,13
teisma,13
egiptiečių,13
Egai,13
1947-ųjų,13
Edisonai,13
išpildysiu,13
žvakę,13
Monixas,13
gelbėtoju,13
sakės,13
saldūs,13
Kimberli,13
Nepanikuokit,13
nepamirščiau,13
planuose,13
nepaliktų,13
vakcinos,13
sajanas,13
Saire,13
moralinis,13
Boltono,13
Montanoje,13
teigiate,13
Teherane,13
žvelgiant,13
išpjovė,13
organizuota,13
organizacijoje,13
obligacija,13
harmonijos,13
Tedį,13
atsiprašinėt,13
standartus,13
stand,13
Barmene,13
Stabdykite,13
antrai,13
nepalies,13
darbuojasi,13
Bario,13
Pitersai,13
Daubos,13
Das,13
nepasakytum,13
nepasakiusi,13
kalėdinė,13
neparodo,13
uns,13
ligonė,13
grūstis,13
knarkia,13
nebylys,13
Nebuk,13
pasikeisi,13
japoniškas,13
likusiam,13
šildymą,13
Japanese,13
jankis,13
išlaidoms,13
niekuom,13
pasielk,13
susirasime,13
pasigavo,13
būną,13
būrelis,13
pupyčių,13
gimėme,13
austres,13
šiedu,13
šieną,13
pasieksite,13
transliuoti,13
autobotus,13
pasiimam,13
nežinomo,13
pasijusiu,13
Eseksą,13
nežinojot,13
ned,13
vienuoliktos,13
puta,13
tosto,13
tortu,13
šerdį,13
Šerlokas,13
grąžto,13
susimaus,13
Kruvinąją,13
Nikol,13
niekšiška,13
nebijome,13
kažkokiai,13
pusseserės,13
bėgimą,13
vienuolės,13
puodus,13
nedaugiau,13
nešvarų,13
grįždavo,13
Lijana,13
Toreto,13
Toretto,13
krypsta,13
gręžimo,13
susipainiojęs,13
susinaikinimo,13
automobiliais,13
susimokėt,13
užsisakei,13
knygomis,13
vikingas,13
gimtadieni,13
sirenos,13
sistemoj,13
sisioja,13
SIRIJA,13
Sirijoje,13
Dominikas,13
Dominikos,13
Torens,13
pykstasi,13
pykinimo,13
nebeturėsiu,13
KDH,13
intymių,13
viengungio,13
metodu,13
trauksim,13
gręsia,13
pasikviesiu,13
pasibeldė,13
Erniai,13
liesi,13
susitaikys,13
kruvinos,13
nedelsdami,13
gailėti,13
Meriadokai,13
kavalierius,13
nedidele,13
siūlyk,13
vieša,13
viešas,13
pasenai,13
pasiaukojimo,13
bergždžiai,13
beretės,13
Pyp,13
vienodo,13
Berišai,13
pyragėlius,13
šiom,13
širdgėlą,13
akylai,13
gudresnis,13
susitepti,13
ausinės,13
auskaro,13
Ninočka,13
Šelo,13
iškloti,13
susijungimą,13
grynos,13
jachtos,13
susitarėt,13
atrinkti,13
Toro,13
nešoksi,13
nešoku,13
limuzino,13
Lilečka,13
susilauks,13
pudingas,13
Merinai,13
pasimelskime,13
Sindža,13
metò,13
tolumoje,13
aktyvuotos,13
susidėjau,13
susidėk,13
Higinsai,13
atpildą,13
pasirengimas,13
doko,13
iššvaisčiau,13
pasakytume,13
gulintį,13
vielą,13
užsukit,13
Keiblas,13
pasipiršt,13
idiotais,13
užsimerkiau,13
užsimezgė,13
užsiminei,13
užsiminti,13
būtinybė,13
psichologiškai,13
nebereikalingas,13
pėdkelnes,13
bėgikai,13
Dolfas,13
Doll,13
nešdinsimės,13
pasipasakoti,13
doleriais,13
simbolio,13
Simba,13
Draidenai,13
susidomėję,13
neįsivaizduoja,13
Diubua,13
neįgalus,13
negailestingai,13
draugauja,13
draudimu,13
aktyvavo,13
aktorę,13
vienetas,13
nebekartosiu,13
mg,13
ieiti,13
nedrįs,13
Linkoln,13
radioaktyvus,13
büna,13
susitiktų,13
Gul'danas,13
norima,13
leškokit,13
trecia,13
alia,13
pasirodymu,13
jausminga,13
Avery,13
skambinam,13
skambindavo,13
Benignai,13
pasiseke,13
nezino,13
lipsim,13
nevisiškai,13
užsiimat,13
užsiiminėjo,13
Kodis,13
Užsikruškit,13
Byčo,13
radiatorių,13
nebegrįžk,13
neįkando,13
iškeptas,13
iškilti,13
next,13
pasisavino,13
iššoka,13
Aktyvuokite,13
Lexus,13
Levi,13
erdve,13
pasakiai,13
klozeto,13
radiatorius,13
gailestinga,13
užsirašykite,13
užsirašysiu,13
surinkimas,13
treniruokis,13
treneriui,13
surišo,13
surinks,13
partneriui,13
partnerystės,13
galiojimas,13
vibracija,13
Vidmoro,13
partrenkiau,13
norėdavo,13
draugišką,13
ragina,13
atrodytum,13
paruošę,13
draugužė,13
KSI,13
išvyktum,13
išleisim,13
aklą,13
toksinus,13
užtaisykite,13
raganosiai,13
nebedaryk,13
klijais,13
insultas,13
Keisio,13
Keip,13
gabeno,13
Gabriele,13
negalvočiau,13
kaukolių,13
suskaudo,13
susižavėjimas,13
susižavėjimą,13
krūvis,13
viduramžiais,13
bučiuoji,13
raktelis,13
atsakysit,13
mergaitėm,13
pasisukti,13
jautrių,13
pasiteisino,13
parodija,13
novelę,13
Notingemo,13
drausmė,13
parsivesti,13
Michailai,13
Michaelai,13
neatvyksta,13
negamina,13
Gabrielius,13
proteino,13
ginsime,13
Dreiko,13
parkritau,13
parodėt,13
parodysit,13
iol,13
surengėt,13
kristalus,13
pasiskubink,13
Kristianą,13
išklausys,13
Vilui,13
vilna,13
apsigalvoti,13
ramunėlių,13
instinktą,13
nubudo,13
Lioškos,13
atpalaiduok,13
kriminalinio,13
Šarpas,13
sustiprinta,13
sustatyti,13
išvest,13
šluotą,13
šluostė,13
sustojot,13
parepetuoti,13
Ramusis,13
skaudėtų,13
krikštatėvis,13
atostogauju,13
atostogaut,13
atsakingą,13
gumbo,13
gulėsi,13
sustiprino,13
pasiteisinti,13
pasiteisinimo,13
pasiteisinimą,13
ever,13
nevedė,13
Bendžis,13
gabaliukais,13
skausmus,13
pasivadino,13
skenerio,13
skenavimas,13
skelbimas,13
skelbimų,13
menką,13
skerdyklą,13
aplankyk,13
supuvę,13
liudininkus,13
grubi,13
Liuciferis,13
avienos,13
Šapiro,13
Šarla,13
Jevgenyčiaus,13
gabalėliais,13
užsikrėtę,13
Kodži,13
negarbingas,13
profilis,13
Ceini,13
suradęs,13
supūti,13
šaudysime,13
dispečeri,13
pasitraukimo,13
Dirkas,13
pasiuntinį,13
gruodzio,13
virdulį,13
vinį,13
šalutinių,13
šamanas,13
Azamatas,13
liurbiai,13
kriaušė,13
triejų,13
trečiuoju,13
pasižadu,13
miegame,13
buvusiam,13
rankine,13
Enrike,13
parduočiau,13
nudūrė,13
Enterpraiso,13
Nudėkite,13
Jessie,13
neatsargus,13
klipe,13
keleivio,13
migrena,13
vestų,13
besąlygiškai,13
miegančius,13
prodiuserio,13
apleistame,13
Katios,13
aplankysi,13
direktorę,13
šaltinius,13
Allison,13
Jinsun,13
Paskaitykit,13
paskaitysi,13
pasižiūrėt,13
pasižvalgyti,13
šaką,13
Johanai,13
job,13
Joda,13
išves,13
Enokai,13
parduosime,13
šlykščias,13
išvežkit,13
siekiama,13
rankovės,13
neginkluoti,13
Endriusas,13
sustokim,13
nufilmuotas,13
drėgmė,13
Titina,13
kuklų,13
kukurūzais,13
Kukluksklanas,13
pasiųskite,13
pasiūlyta,13
pasiūlytum,13
Neužmik,13
Ida,13
virstų,13
centas,13
pardavėjų,13
tironiją,13
parašiuto,13
išvažiuosime,13
išvažiuojame,13
šokiais,13
Rastis,13
burtininkės,13
keliaudavo,13
klestėjimo,13
busit,13
buta,13
neatleisi,13
sutariau,13
šnekėjome,13
pardavėme,13
tiriu,13
nugalėtoju,13
akivaizdžių,13
nugalėjome,13
tobulėja,13
tobulinti,13
Klerbekas,13
gimdydama,13
artimo,13
iškelta,13
Lizelė,13
Lizzie,13
bendraujame,13
skleidė,13
skirtumu,13
privilegiją,13
centrinį,13
koju,13
užsibūti,13
privalėjome,13
Chateau,13
check,13
privatu,13
privatūs,13
privalės,13
paskubomis,13
paskolintum,13
Kremliaus,13
jokiame,13
Johnny,13
liūtės,13
liūdėti,13
I've,13
Supermenu,13
Liusinda,13
Living,13
superherojumi,13
chamas,13
kasybos,13
melų,13
triračiu,13
keliame,13
seserims,13
very,13
šokiuose,13
nugalėtojo,13
pričiupome,13
užsidirbsi,13
suplanavę,13
tinklu,13
fa,13
liūdint,13
paslaptingai,13
dingstis,13
dingsi,13
dingsti,13
sunerimti,13
Duarvas,13
suteiktos,13
seńor,13
sfera,13
sianakt,13
raumenimis,13
raudonųjų,13
Raudonojoje,13
lendam,13
auginau,13
sutikot,13
nukauti,13
nuimt,13
paragavau,13
dubleris,13
Duarvai,13
privalumus,13
grotuvo,13
liūdesiu,13
suorganizavau,13
dinkti,13
Ajaksas,13
išvalyta,13
Lenglis,13
leistumėt,13
sutriuškino,13
išlipa,13
papukai,13
nukovė,13
nukirpo,13
įžengiau,13
įžengs,13
burbulo,13
neatidaro,13
neateitų,13
neapkvailinsi,13
burbuliukai,13
Rašma,13
bulvytes,13
sutvarkykim,13
Hipokrato,13
netrukdykit,13
Lemo,13
lektuva,13
paprašytų,13
sutrenkimas,13
lemputes,13
lemtinga,13
sunaikinimui,13
paskęsti,13
apipylė,13
apkasus,13
kojinę,13
kojinė,13
hipnozės,13
atodūsis,13
dukterimi,13
Au-Au,13
tinklų,13
paprastumas,13
dulkiniesi,13
papra,13
dukterų,13
kreipsiuosi,13
išvalykit,13
Ajovos,13
sutvarkyčiau,13
apsikeitimo,13
vertingą,13
keliausit,13
Gilda,13
vertingos,13
neitų,13
Neitanai,13
astronomai,13
Pristabdyk,13
neišdrįsiu,13
neišduok,13
pritartų,13
pristojai,13
paslėpsiu,13
įžūli,13
įžymybių,13
netinki,13
netikėtumo,13
paslėpęs,13
Dimai,13
kokiom,13
Kleopatra,13
Kleinai,13
Verneris,13
našlys,13
našlaitė,13
versi,13
inojo,13
sertifikatą,13
tilpti,13
panešiu,13
kuoktelėjęs,13
nulemti,13
nulaužė,13
papasakoja,13
panėšėja,13
užvažiuosiu,13
prisiėmė,13
prisistatykit,13
Facebook'o,13
pass,13
ištrūksi,13
Šrekui,13
audio,13
auditorijoj,13
Kreigas,13
Kreinai,13
paspaudė,13
netesybas,13
įvėlė,13
Bellagio,13
neišgali,13
neišeinu,13
seržantą,13
servetėles,13
refleksas,13
navigaciją,13
Navynai,13
panardinimui,13
šonų,13
dundesys,13
sušalo,13
pamąstyt,13
sušals,13
panaikintas,13
pamėginsime,13
pamėgo,13
numanote,13
numanyti,13
cho,13
prisipažinsi,13
visuma,13
kasetės,13
skrajutes,13
lokiu,13
lokiui,13
sušalai,13
Falkonė,13
diktatūra,13
sumoki,13
sumokėjom,13
grobio,13
Loką,13
prisiminimuose,13
choras,13
trukdymą,13
skubat,13
skubate,13
prisideda,13
prisiartina,13
IRS,13
Vitmor,13
Vitmoras,13
išjudinti,13
išjungimo,13
dienorašti,13
pasveikino,13
įvertino,13
įvedžiau,13
Hičkokas,13
trukus,13
užplaukė,13
užplūdo,13
neišmoksi,13
neišmokau,13
neišmanėlis,13
prisiimsiu,13
prisiimt,13
pasukt,13
Journal,13
neteikia,13
neteisingų,13
pasturgalio,13
Bachai,13
netampa,13
nesėkmingas,13
badaujančių,13
sulaukus,13
Christy,13
pripažinkime,13
prioritetus,13
pripasakojo,13
pripažintų,13
neištvėrė,13
neištekėjusi,13
serijinio,13
suvokiate,13
tinkam,13
krauna,13
pasąmonėje,13
nesužinojau,13
nesužinosime,13
nesužeis,13
ištryniau,13
ištrukti,13
registraciją,13
registratūros,13
infraraudonųjų,13
Miller,13
milijonierių,13
milijardieriaus,13
vadeiva,13
legionus,13
numatęs,13
Numauk,13
ištremti,13
ištrauktas,13
duoklę,13
numiriau,13
baigi,13
patarėja,13
dienelių,13
dienelės,13
Diegą,13
Julien,13
judėtų,13
iškaba,13
atšilimo,13
leidusi,13
leidimai,13
Serleena,13
galvosūkį,13
naudotų,13
naudosis,13
reikalams,13
Grirai,13
naudojausi,13
išlys,13
atsidavimas,13
šuniuku,13
atšauksiu,13
pamokslą,13
pamokoje,13
Chronicle,13
chorą,13
priprask,13
pripildo,13
skrydi,13
užpuolei,13
Neišsidirbinėk,13
Bagwell,13
serganti,13
Sergejyčius,13
įtikti,13
atmeta,13
atmetimo,13
sulauksim,13
Hitleriu,13
Nesuteik,13
pamirštum,13
paminėta,13
paminėt,13
sužeidei,13
pamišusios,13
atsidavimą,13
atsidavusi,13
tikėsi,13
nesuvokiau,13
jungiasi,13
Jungas,13
nuobodūs,13
nuobodžiai,13
Pamesk,13
paminklo,13
pamils,13
judėkim,13
karė,13
karštakošis,13
Karveris,13
princai,13
primityvūs,13
apgavikė,13
skustuvą,13
įtaisyti,13
sukviečiau,13
sukursi,13
bailių,13
įtarinėti,13
išimt,13
sukčiavimas,13
vokiečiais,13
Vencai,13
sužinojus,13
dvasiškai,13
pamatytumėt,13
dvasinis,13
atvėrei,13
nuodingų,13
nuodugniai,13
įtakingų,13
aitvarą,13
aislai,13
išlošti,13
ledynmečiui,13
ieškosi,13
senovinės,13
reikaliuką,13
patekėjo,13
Hutu,13
užmigęs,13
priklausoma,13
nejautė,13
neišėjai,13
išimkite,13
išimsiu,13
budri,13
Elizą,13
nesusitikinėju,13
nesusilaikiau,13
patikrins,13
patikrintų,13
didybę,13
priešė,13
kuprine,13
Herald,13
natūralaus,13
reikšminga,13
Budapešte,13
naudodamasis,13
nau,13
minimas,13
medžioju,13
priimsime,13
patikrina,13
nuolatinė,13
LeBronas,13
kuponą,13
kurdami,13
Kurgane,13
Medisono,13
Nekalbek,13
nekalbėjom,13
cionai,13
priimčiau,13
priimant,13
cisternos,13
Beki,13
palydovės,13
dviračius,13
patine,13
nesupraskit,13
nesuprast,13
kramtomosios,13
užmesiu,13
užlipsiu,13
reklaminių,13
Gamlingai,13
rekonstrukcija,13
nary,13
Billi,13
minti,13
minkštos,13
palydovinį,13
lazeriu,13
svarbia,13
Aikai,13
švenčiu,13
palikusi,13
nuosmukis,13
reitingus,13
milžiną,13
kartoms,13
kartono,13
medumi,13
slenkstį,13
begėdiškai,13
patikėtas,13
patikrą,13
atvykimui,13
vadinamoji,13
senatvę,13
vadovaujant,13
ieškojote,13
Veinu,13
velionio,13
sukonstravo,13
sukrėtimą,13
nuostabioje,13
paliečiu,13
išteki,13
lazeris,13
gyvenamosios,13
gyvavo,13
išteisinti,13
Ijone,13
ambicinga,13
juodomis,13
išgyventum,13
patraukliai,13
patranką,13
sukrėsti,13
sukruštai,13
išmanyti,13
nekaltybės,13
Kolemanai,13
nekaltos,13
nekalto,13
Frodą,13
Ciurichą,13
patobulinti,13
didesnes,13
narkozės,13
brunetė,13
Nanočka,13
Napaleone,13
švilpukas,13
nesudėtinga,13
lyderius,13
sukaktuves,13
palengvinsiu,13
dydžiu,13
Ailendo,13
remdamasis,13
gestapo,13
senatorei,13
Birdi,13
bruožą,13
priesaikas,13
prieplaukoj,13
Volesai,13
Volodia,13
medinės,13
Kuribajaši,13
sveikatoje,13
tiksli,13
patriotai,13
nesumokėsiu,13
įspėkite,13
sukišo,13
sukišti,13
sukiojasi,13
neketinate,13
priepuolių,13
Atari,13
Voreno,13
kovojom,13
Turner,13
Turneri,13
atliekami,13
neskris,13
paleistos,13
sujungimas,13
pavaizduoti,13
turinčius,13
įsivėlę,13
įsivėliau,13
įsivelti,13
neklausysiu,13
prieini,13
nekils,13
Lupo,13
sukapoti,13
pavadinimai,13
pavaduotoją,13
suimami,13
lygy,13
koziris,13
slepiu,13
being,13
Beino,13
slėptuvėje,13
sluoksniai,13
slidinėjimo,13
Gloinai,13
Coffee,13
paveldės,13
fašistinė,13
Jurijaus,13
įsitikintume,13
Amsterdamas,13
baksus,13
griežto,13
lyjant,13
veiklai,13
Semio,13
Veilando,13
ine,13
Semiui,13
neskrisiu,13
paveiksle,13
įsitikintų,13
svarstykles,13
nuotykiams,13
rengi,13
rengiate,13
nardais,13
Kenį,13
kentėtų,13
veiksmams,13
palaužė,13
paleidi,13
švytintis,13
elgėmės,13
elgsitės,13
išsprendžia,13
atvykdamas,13
lavoninę,13
elfo,13
palaiminimas,13
Dzeusu,13
įsitaisykite,13
pavojingiau,13
pavogsiu,13
Hoking,13
turtingesnis,13
veidrodėlį,13
veidais,13
sekundėle,13
laužiasi,13
laukėsi,13
atvežtas,13
atvežėt,13
svetingi,13
atsiguliau,13
atsigulsiu,13
Dėdžiakrušy,13
atsijungia,13
svarą,13
naminis,13
garantuos,13
renkame,13
sugrįšti,13
Cookie,13
glostyti,13
priedo,13
užknisi,13
begemote,13
smagių,13
pavienis,13
Klarisa,13
Ilana,13
klane,13
Garabedianas,13
gangsteriu,13
naktinę,13
reportažus,13
replikantė,13
pakvėpuot,13
pakvietimus,13
palaikus,13
palaidinės,13
gyvenimuose,13
nupirkom,13
nupirkome,13
kurnors,13
istatymas,13
istatymu,13
nesitikėjome,13
nesistengiau,13
nesiskundė,13
šū,13
šūkį,13
nuplukdyti,13
turtuolis,13
smakras,13
Beginsą,13
smerkia,13
priartėsime,13
François,13
Smirdalius,13
isskyrus,13
užklupti,13
užkirto,13
prekeivį,13
pražuvo,13
mažylius,13
mažučiai,13
Koulo,13
atleisite,13
prekeiviai,13
užleisti,13
Pačiupau,13
jūroj,13
jūrose,13
lšeikit,13
komandiruotę,13
komandosas,13
sugebėjimas,13
įsiminiau,13
jėgeriai,13
pavėlavote,13
destrukcijos,13
amžiumi,13
vykdys,13
gnomą,13
respublikonų,13
Ganikas,13
sugauna,13
atlaisvinkite,13
lėles,13
balandžių,13
desimt,13
pavykdavo,13
Feliksas,13
pašlemėkas,13
pašauksiu,13
pašalpą,13
pašoviau,13
pašoko,13
Anatoljevičius,13
anapilin,13
gyventojais,13
gyvulio,13
gyvuliu,13
išskaistinti,13
šėtoną,13
deryboms,13
des,13
nesipainiok,13
retsykiais,13
naktiniame,13
garbinti,13
garbingos,13
kepyklą,13
vedusiu,13
KKK,13
atversiu,13
atleidžiame,13
Derilai,13
Pašalinkite,13
Atlantidos,13
pašaukimą,13
žadėta,13
dėstyti,13
nurodymu,13
ridikas,13
Ridle,13
Garbageman,13
atsikelk,13
atsikelsi,13
elektromagnetinis,13
pažadinsiu,13
Dereko,13
atvažiuokite,13
bičiulius,13
rezonanso,13
broleli,13
bites,13
seksualios,13
režisieriaus,13
režisierių,13
vykite,13
praėjusi,13
bedu,13
elektrošoką,13
ŲemŅ,13
pakratyti,13
lauka,13
išmestų,13
kabelius,13
lštrauk,13
tvanku,13
įsigijai,13
baletas,13
sudūžta,13
praėjusius,13
cypėje,13
Garikas,13
Rikiu,13
Brodski,13
Gariui,13
IKEA,13
sekiojo,13
pakovoti,13
Kabule,13
sąžiningi,13
atsuko,13
pakišau,13
riešutams,13
nagu,13
nagrinėti,13
Nadali,13
NADO,13
prastumti,13
praturtėjo,13
pratimas,13
Frankis,13
cukrum,13
pratęst,13
Denverio,13
kotletai,13
sugadinome,13
pažadėtas,13
nesiliausiu,13
Mac'ai,13
nesikalbu,13
snaiperį,13
mažesni,13
prasčiausias,13
Atsikniskit,13
vagonėlyje,13
Rikui,13
Rimbauer,13
Kerės,13
Bišopas,13
latte,13
vyresnioji,13
nusileidom,13
išsiunčia,13
aerouostą,13
dėtos,13
Agapovkoj,13
Žagsulys,13
sąsaja,13
tikim,13
balsavimą,13
balną,13
Franci,13
kareivį,13
prasiskverbti,13
prasimušti,13
vyriausią,13
Britaniją,13
sudegti,13
sudega,13
kosmetikos,13
Deną,13
Nesijudink,13
pažinai,13
nesielgė,13
demonstruoja,13
korupcijos,13
holo,13
sojos,13
socialiai,13
forte,13
Foster,13
Matėjau,13
vyriškumo,13
Nelsono,13
įpirkti,13
įprast,13
pažįstų,13
pažymių,13
pažvelgus,13
kaifas,13
korumpuotas,13
hu,13
Hovardo,13
prarastum,13
prarają,13
užkalti,13
Nelsonas,13
praris,13
dabartinės,13
mažajai,13
užklupau,13
sudaužys,13
balsavo,13
Balsuokime,13
Grendel,13
Machine,13
įrašinėja,13
subyrėjo,13
nesibaigianti,13
nesiblaškyk,13
nematomu,13
fotografavo,13
Dafis,13
prancūzė,13
demonais,13
mirusiojo,13
Brijana,13
brigada,13
rinkimo,13
Garetas,13
vyriško,13
tylit,13
tvyrojo,13
elegantiškas,13
paketo,13
atsikraustėme,13
sėdynių,13
sekioja,13
sekančias,13
mūšiai,13
mirusiems,13
išsisukinėji,13
žaiskit,13
nusimanai,13
nusileiskite,13
pakelsi,13
pakenkt,13
pakelta,13
lapelių,13
magnetinio,13
magnetinį,13
pelytė,13
pelėdos,13
gone,13
Daikčiuose,13
pramonė,13
karališkasis,13
nusipelnėme,13
atstovu,13
advokata,13
Mags,13
magų,13
Andži,13
baltaodžiai,13
Styvis,13
tiesioginio,13
tiekėjų,13
ritualo,13
vazą,13
segregacijai,13
klaiku,13
sėdėjęs,13
Lanselotai,13
nesamonės,13
Pelenę,13
Kailu,13
bjaurusis,13
savuoju,13
žaliomis,13
žaliu,13
eksperimentų,13
įnešti,13
nerupi,13
Peną,13
įkūrimo,13
perdaryti,13
kaitina,13
korporacijų,13
Kornelis,13
garsenybė,13
mėtai,13
gastroles,13
Rizu,13
savą,13
išeitume,13
įmanomais,13
kaimynams,13
Landsat,13
žaisliukų,13
pakalbam,13
Išsiskirstykite,13
išsiskirstyt,13
administracijai,13
vaik,13
vaidinime,13
ivyks,13
vyzdžiai,13
fermas,13
nerūko,13
varžovus,13
vat,13
sūkuryje,13
Lane,13
vasarnamį,13
bažnyčių,13
maudosi,13
stumi,13
įlaipinimas,13
įleidai,13
perduodama,13
įlindai,13
lankeisi,13
sėkmingi,13
ekstremalus,13
mitai,13
seansus,13
blaivaus,13
Sašulia,13
industrijos,13
Adamsai,13
Heleris,13
There's,13
Thomas,13
pajėgs,13
nusitaikę,13
dūsta,13
lankausi,13
Korleonių,13
praleiskim,13
Walsh,13
neminėjai,13
praleisčiau,13
praliejimo,13
praleisite,13
Džefersonas,13
figūros,13
Deivui,13
Strykeris,13
striuke,13
periodas,13
Whistlerio,13
whole,13
where,13
Robert,13
savižudžių,13
Mišania,13
laišku,13
išmoktum,13
išmokot,13
perimsi,13
perimsim,13
karalienes,13
painus,13
paimsit,13
Džeiku,13
lakūnas,13
taikstytis,13
Lamaro,13
mėgėjų,13
pereisim,13
pereikite,13
kometą,13
uždėkit,13
South,13
užeigos,13
dainininke,13
pralaimėsim,13
įkyri,13
nerašau,13
stropiai,13
Streindžas,13
Streindžai,13
banano,13
Spago,13
Matricoje,13
paiimk,13
kivirčas,13
kišasi,13
varpelis,13
vartotojas,13
imuosi,13
nusišauti,13
anekdoto,13
Hello,13
taisyt,13
taisykle,13
paieškokime,13
taktas,13
Takedos,13
tešla,13
Teveli,13
nemirtingumą,13
nemirei,13
Maikio,13
baltuoju,13
kakavos,13
rojuj,13
vaikščiodavo,13
mąstei,13
Roke,13
Braziliją,13
Rodžers,13
gaujoje,13
atkarpa,13
honorarą,13
įkiš,13
įkiša,13
nusiųst,13
nusišluostyk,13
eksperimentams,13
gaudai,13
mėgavausi,13
mėgdžiotojų,13
mėgaujuosi,13
Rodrigas,13
Kveilai,13
nusižudysiu,13
pagrobsiu,13
pagrobt,13
Pai,13
paguosti,13
paguldžiau,13
nusiųsime,13
Matsumoto,13
matomi,13
nemylės,13
sparnelius,13
Walker,13
dainuotų,13
varpai,13
indelį,13
Grego,13
stovint,13
great,13
dalini,13
dalinius,13
Flynas,13
daktarams,13
praeitas,13
greitajai,13
Greismitai,13
permatoma,13
įkurtas,13
įkurtuvėm,13
perplaukti,13
Deivio,13
neprofesionalu,13
pragyvenimo,13
matomės,13
prakaituoju,13
praita,13
majoru,13
tėveliai,13
įkvepiantis,13
maišelių,13
spaudoje,13
atgaI,13
kompiuterinę,13
Praerį,13
Dalas,13
Xbox,13
praitą,13
Prahą,13
persikelt,13
Anglijai,13
persistengiau,13
angliškas,13
kalbanti,13
specialūs,13
bau,13
Baton,13
Rolandai,13
savimyla,13
blaško,13
kapeikos,13
komitetą,13
Holtas,13
atitempė,13
persikels,13
Dželistouno,13
takų,13
pagreitinti,13
teršalai,13
Terrance'as,13
atskirus,13
atskiri,13
savigynos,13
Dajana,13
ekipažai,13
laipto,13
nuspręsite,13
nuspręsk,13
žengsiu,13
Džeksas,13
ženklais,13
romģnł,13
blogesnio,13
kvepalus,13
kvepiu,13
kvepuoti,13
atskira,13
teroristo,13
Heidrichą,13
sausakimša,13
vaikiškų,13
Aresai,13
tamplieriai,13
nustebo,13
pagalbininku,13
tamsybėse,13
Džersis,13
pagausime,13
tampame,13
romanų,13
brangią,13
mylėtum,13
mylėjote,13
vargšei,13
impulsą,13
pradings,13
pradėję,13
nepriklausau,13
pagaliukai,13
Abraomai,13
Dženkinsas,13
pageidausit,13
pageidautumėte,13
vairavimą,13
gazą,13
Rozana,13
Rozi,13
bandymu,13
Maksvelas,13
Makveidai,13
kontrolinį,13
žingsnyje,13
abejotina,13
Tantai,13
laimėtum,13
saują,13
blogiausios,13
architektūros,13
Rouzi,13
makaule,13
makaulės,13
stotyse,13
ankstesnius,13
kalbom,13
padėkojo,13
padėjėją,13
žibintų,13
pagalvoja,13
perskaitysi,13
perspėt,13
making,13
storulė,13
XX,13
Yohei,13
mastyti,13
rublius,13
Rubenas,13
vamzdžiuose,13
Kida,13
Kidai,13
nutarėme,13
nutapė,13
nepranešęs,13
laimingoji,13
padirbėsiu,13
Hairy,13
mušimės,13
brangakmeniai,13
brangakmenių,13
branduolinę,13
rožes,13
spintelė,13
požeminę,13
nenorėti,13
prabangų,13
požymius,13
ruletės,13
tariasi,13
tari,13
AtIeisk,13
atimi,13
tęsinys,13
tęsinį,13
tęs,13
pervest,13
perėjimas,13
uždavinys,13
nepraeina,13
nepradėsi,13
peštis,13
Petrovičiui,13
filmuos,13
dalyvė,13
nenusipelno,13
grabo,13
spindintis,13
banginiams,13
bandytų,13
bandyčiau,13
Stirling,13
maksimalus,13
stojasi,13
Stivas,13
atgausime,13
kankinimų,13
kankini,13
yr,13
kankinuosi,13
kompiuteriui,13
spindulėlis,13
spiečius,13
Filą,13
pesimistas,13
nepraradai,13
išdavikė,13
išdavikus,13
kalbėdama,13
maldausi,13
Malaizija,13
ruoniai,13
degalinėje,13
nepradėjome,13
nepažįstamu,13
nepažįstamą,13
pietauja,13
stipresniu,13
sportinius,13
nutolęs,13
nutraukia,13
išmušti,13
terminalas,13
žinoję,13
saugesni,13
rudasis,13
muzikinis,13
Padekite,13
žinomus,13
žinosim,13
išmoką,13
žiurkėną,13
žirnių,13
žiniasklaidai,13
nutraukimo,13
Gracey,13
bate,13
dalykėlį,13
kompromisą,13
Martyna,13
Martynovas,13
masalo,13
Phillip'as,13
martinį,13
sportbačiai,13
sportbačius,13
spjovė,13
stikliuką,13
stiklu,13
stiklainį,13
malonumais,13
Sternvudas,13
steroidų,13
Stepfordo,13
Stepanai,13
nenušovei,13
kanjonas,13
Zamperinis,13
Marvin,13
pornografijos,13
U.S,13
pievelėje,13
pievos,13
neperspėjai,13
įdūrė,13
maloningas,13
Sternas,13
antrieji,13
sprendžiate,13
išankstinio,13
antraštes,13
antraštė,13
Post,13
dalyvautų,13
porelę,13
tarno,13
nuveikei,13
eilėraštis,13
džiūsta,13
padariniai,13
Vaisai,13
kirpėjas,13
musulmonai,13
kirminų,13
sargybiniams,13
tarnaudamas,13
tarnautojai,13
laikysim,13
išsiaiškinote,13
tarptautinio,13
tarnavote,13
atsitraukė,13
Haityje,13
nuvalysiu,13
ruošė,13
kiekvienų,13
kiekiu,13
valstybei,13
Valteris,13
piktadarys,13
debilu,13
generaliniu,13
eiliniu,13
padarinius,13
padaugėjo,13
padarytumėt,13
nutuokiate,13
mulkius,13
mokiniais,13
Kijevo,13
valgėte,13
valgęs,13
kvėpuokit,13
pacios,13
konsultaciją,13
žlugusi,13
pabėgtų,13
pabėgčiau,13
laikrodžiu,13
Handai,13
pabūkite,13
sargybini,13
blyksniai,13
udikas,13
stengiatės,13
koncepcija,13
Ponceletas,13
Zibertas,13
ponių,13
Ugarte,13
Džoniu,13
Bradley,13
pigaus,13
piktosios,13
kalendoriaus,13
piliečiu,13
pili,13
pilieti,13
malt,13
Boston,13
vaivorykštę,13
Geitso,13
vaizduotėje,13
Kipai,13
pabėgom,13
Čung,13
Čoi,13
išrinktieji,13
Džoli,13
pabučiuos,13
išsamiau,13
išsaugojimo,13
rytinio,13
ryti,13
bosė,13
nepadarėm,13
antroj,13
basa,13
pilvus,13
ėriukas,13
ėmėm,13
taukai,13
atsisveikinsiu,13
Udėjau,13
ugnelės,13
filė,13
nepavargai,13
pilką,13
pilote,13
Polinočka,13
nepadėsit,13
Konektikutą,13
Kondoras,13
pokylį,13
išaiškėjo,13
sprogdina,13
zodis,13
zinoti,13
nepastebiu,13
nepateko,13
nepateksi,13
nepastovi,13
Pinki,13
pinigo,13
pinigine,13
PIN,13
konfederatų,13
sprukt,13
sprogmuo,13
nepagarbos,13
zmonems,13
polikliniką,13
banknotų,13
mamule,13
nepateisina,13
pimpi,13
pimpiai,13
įdegti,13
stebėsim,13
įdedi,13
Graibštuoli,13
sprogimui,13
Spunai,13
nepasitikėjau,13
Pirkite,13
pirkliai,13
pirklys,13
Flinai,13
zvaigzde,13
maratoną,13
Flikai,13
motociklus,13
motoras,13
sandėlys,13
kaltininkams,13
konservų,13
stebuklu,13
atidarysim,13
piramidė,13
išrink,13
Pabudome,13
pablogėja,13
laikomasi,13
Hanzi,13
ryškiau,13
rytui,13
rėkiat,13
nepasiėmus,13
kalnelio,13
stebuklingu,13
kąsnis,13
nužudymų,13
išrankus,13
išnešt,13
nušoks,13
Antocha,13
daviklis,13
zondas,13
nepaklusi,13
kampų,13
USB,13
urvinis,13
zuikį,13
samurajaus,13
apžiūrėjo,13
kyšius,13
Barbarą,13
Barauzą,13
Davickį,13
finansuoti,13
nepasirodysi,13
laik,13
motušė,13
mokys,13
Geil,13
valgomo,13
apylinkės,13
kilmingas,13
mokėtojai,13
spėjimai,13
Bartas,13
stebinti,13
žr,13
nužudėme,13
pabaigs,13
paaukštinimu,13
Hano,13
ove,13
išprovokuoti,13
nykštuką,13
salsa,13
apžiūrėkit,13
gelbėtoja,13
gelbėtojo,13
kilnaus,13
Bornu,13
rūkei,13
rūksta,13
bortas,13
paaiškinsite,13
vakarinį,13
Bobiui,13
atsiradimas,13
Harkenas,13
Hardkasl,13
Lady,13
Harboro,13
Džėjaus,13
nėjai,13
mokėtės,13
rėžimą,13
sraigtas,13
marino,13
Mariana,13
čiulpiu,13
Čikagoj,13
čigonas,13
nepasilikus,13
pirmais,13
gelbėdamas,13
Morti,13
Mortimeri,13
morka,13
rūpinaisi,13
rūpės,13
rūstybę,13
Iljičiau,13
išplauna,13
žuvelės,13
East,13
Osvaldo,13
nėščią,13
Edardas,13
tek,13
kilogramo,13
ploviau,13
maniakai,13
statybininkai,13
statybininkas,13
statistikos,13
nepasieksime,13
Fitzdžeraldai,13
pistoletus,13
valdytojo,13
team,13
lagaminų,13
pirmininkui,13
barjerą,13
barikadas,13
barikados,13
darbuotojais,13
žygdarbius,13
žygdarbis,13
Omahos,13
olimpinis,13
olimpinėse,13
žymiausias,13
žygius,13
Fišer,13
Čeinio,13
platinti,13
omletą,13
Ong-Bako,13
Ong-Baką,13
efekto,13
išnykimas,13
žyde,13
Manykit,13
Čansai,13
Planktonas,13
uodų,13
kalėjo,13
staigi,13
manų,13
stabdymo,13
Labadiena,13
Orlandas,13
teisingumu,13
teiravosi,13
manojo,13
darže,13
fish,13
manykime,13
beprotybe,13
beprotyste,13
Apollo,13
apokalipsė,13
aprašė,13
aprašymas,13
Kazimas,13
užsispyrę,13
lietui,13
pasiilgome,13
Eskadros,13
jaudinies,13
jaudinomės,13
Albertą,13
šiaurinį,13
Alavini,13
Harvį,13
apšaudymo,13
Kimi,13
pusiaukelėj,13
Bėjau,13
būda,13
galejau,13
nebučiuosiu,13
plaukiau,13
plaukiojo,13
Barnsas,13
uostus,13
okultizmo,13
operuot,13
oranžinį,13
Harlis,13
kūrėju,12
10-ties,12
žymaus,12
teisinės,12
žydais,12
apšaudė,12
kūrimas,12
kūna,12
orderius,12
omarai,12
10-ą,12
teisėsauga,12
omleto,12
valdyboje,12
žydros,12
Olimpo,12
Olando,12
Morelis,12
žydo,12
žūt,12
žymusis,12
¾tai,12
planuojam,12
Čedas,12
Mardžė,12
stale,12
Staedertai,12
èmoniò,12
¾mogus,12
kambariokai,12
kalėjimuose,12
Čarle,12
žvejyba,12
kinais,12
kilometras,12
manysim,12
Čedai,12
Moriso,12
labia,12
Montana,12
kiniečiai,12
Harpere,12
bombai,12
bolidą,12
Bolivija,12
saitas,12
Ock,12
ocktei,12
objektyvą,12
molo,12
body,12
obels,12
O'Koneris,12
egzistenciją,12
atsisakėte,12
odinis,12
Stall,12
darydavai,12
Darsi,12
DARPA,12
planais,12
Stan,12
Stambioji,12
pjūvis,12
Mansurai,12
mantą,12
grasinimus,12
grasinau,12
Margaritą,12
išauklėtas,12
Plageri,12
plaučiuose,12
Antoną,12
firminį,12
barikadų,12
konfliktų,12
nepaliečiau,12
nepaliesi,12
darbotvarkę,12
Plazoje,12
uosta,12
Konklinas,12
konkurentus,12
atidedamas,12
atidengti,12
barmenu,12
Standard,12
standartas,12
Orli,12
žuvusius,12
Osvaltai,12
išplėsti,12
išplauti,12
orus,12
teigiamų,12
žuvusio,12
atsiprašei,12
Orlando,12
orką,12
vakarykštė,12
apžiūrėsime,12
Sailens,12
ožką,12
Morozovai,12
kilogramai,12
tekės,12
atsiradęs,12
tekdavo,12
techninė,12
saga,12
rūstybė,12
Mortimeris,12
imituoti,12
valdžiau,12
teisėjus,12
technikų,12
pirštis,12
nepasake,12
Čentrė,12
statinėje,12
maniako,12
Manfredas,12
nepasakysit,12
Piteriui,12
plote,12
plomba,12
manipuliuoja,12
maniškių,12
Manhatane,12
Bond,12
Gelbėkis,12
apžiūrėkime,12
Harietą,12
Samaros,12
Bofurai,12
Valentainai,12
išpuolio,12
Kioko,12
Samuelis,12
išnaujo,12
Monake,12
Nylai,12
plepalų,12
pleistro,12
plojimų,12
plokšteles,12
pliusų,12
pirmose,12
pirminio,12
pirmiems,12
pliusu,12
plisti,12
darbuotojui,12
barjeras,12
dauginasi,12
Piti,12
nepasirengę,12
nepasikartotų,12
motherfucker,12
moteriška,12
Boratai,12
paauglystėje,12
Žudykit,12
Sanchez,12
Moli,12
mokėtum,12
Boromiro,12
atsistosiu,12
valgote,12
mokėjimą,12
blynas,12
sandelį,12
mokėsite,12
išradimą,12
Zong,12
zombius,12
marionete,12
kampelį,12
Dauni,12
graudu,12
zonas,12
išbandytas,12
nepaleisti,12
nepaliaujamai,12
nepakvietei,12
fine,12
nepasiruošusį,12
pirkčiau,12
kilimai,12
apykaklė,12
tautoms,12
valgoma,12
valgomajame,12
valgi,12
nykštuko,12
nužudytumėt,12
genetinį,12
pabrolio,12
egzorcizmo,12
egzotiškas,12
eidama,12
Džošu,12
Džozete,12
poelgį,12
mana,12
manais,12
barasi,12
stebite,12
spūstis,12
spėja,12
pirkit,12
nepasiseka,12
nepasisektų,12
nepajėgė,12
Ursa,12
statys,12
statysime,12
pirkinys,12
žmonelė,12
nušalinti,12
nuėjusi,12
eikvoti,12
pabaigė,12
pabaigėm,12
pabaikim,12
egzotišką,12
nušviečia,12
pabandyčiau,12
kąsnelis,12
6-eri,12
pabegti,12
atsisės,12
Atsisveikinkit,12
nužudomi,12
nužudai,12
atsineša,12
und,12
Konorsas,12
Uh-oh,12
ui,12
Fioną,12
kaltinimais,12
atidarytų,12
unikalų,12
dažais,12
stebėdamas,12
Upgrayeddas,12
Blūdas,12
geltono,12
nušlavė,12
taurėje,12
ryžtingas,12
taupo,12
sankryža,12
sandėliuką,12
vaizduoti,12
laikotes,12
Tatalja,12
rėkauja,12
rėkei,12
Résistance,12
žlugtų,12
žlugdo,12
Kirką,12
Ryvsas,12
ATIDAROMA,12
atgimusi,12
nepaskambinsi,12
zmogaue,12
nepataisomai,12
nepastebėtiems,12
Polardai,12
policijoj,12
Flečer,12
nepajutau,12
banknotai,12
Stella,12
Konektikute,12
Koneli,12
koncertų,12
antakiai,12
malūnas,12
blondinas,12
geismas,12
pabėgėlis,12
Valkiriją,12
valiuta,12
valkatą,12
kirmine,12
Kipas,12
Džonatano,12
Pabuskite,12
Džordžtauną,12
Mudas,12
valgyčiau,12
Mozės,12
žiūrėsite,12
išrinkt,12
malūno,12
Stefano,12
policininkui,12
stebėtojai,12
Kalmare,12
išdavikams,12
Zodangas,12
Spurs,12
sprogimus,12
sprogdinimą,12
stebėčiau,12
Ziro,12
kamuolius,12
Kalipsą,12
išdaiga,12
įamžinti,12
Kyganas,12
Havieras,12
kietąjį,12
sapiens,12
blyksnio,12
Rydas,12
pabūklus,12
sargybai,12
blogybių,12
Džokas,12
Tarpslėnio,12
išsiblaškiusi,12
Džiuliją,12
eilėraščius,12
padalinį,12
padalintas,12
Džodi,12
Hamletą,12
tarpsnis,12
tarpkojį,12
tenkinti,12
tempė,12
temų,12
Išsiaiškinkite,12
išseks,12
išsekę,12
nuveda,12
nuvedei,12
nuvažiuosime,12
džiūgauja,12
Džofrio,12
atsilikę,12
nepagalvojo,12
nepadoriai,12
Dante,12
basas,12
pilnoji,12
dead,12
dažytis,12
anonimas,12
nepagavo,12
nepagarbiai,12
finansavimas,12
nepavadinsi,12
mokslininko,12
padarytos,12
Bozlovskis,12
Murėjau,12
džiūgaus,12
BluRay,12
džiūsna,12
Džiulse,12
vairuos,12
Murakawa,12
Bougo,12
valytoju,12
nepabudo,12
atiduosime,12
ugniagesių,12
kontaktai,12
komą,12
uvi,12
dangoraižį,12
nepadarysime,12
nepadaryk,12
bankuose,12
antrų,12
kanclerio,12
Uta,12
UCLA,12
rusiškas,12
kvitų,12
kirpti,12
branduolinius,12
mokotės,12
valstybinės,12
Džiokerio,12
padedantis,12
rusišką,12
ruoštųsi,12
išmušiu,12
žinioje,12
nuvalyk,12
Debra,12
debesie,12
kalejimo,12
pilietinį,12
stilingas,12
Debora,12
sportinį,12
Spooneri,12
Stingas,12
konsulatą,12
popierinį,12
malonią,12
abejinga,12
išsigelbėjimo,12
Padi,12
Džinks,12
nutraukiama,12
Eindžel,12
Havajai,12
Hatebergas,12
kvitas,12
žiobarai,12
Žinu,12
tapot,12
laikydavo,12
tarnaut,12
Teodenui,12
populiarumas,12
nenušoviau,12
Gotemo,12
įdės,12
įdėsi,12
UAC,12
tūkstantmečio,12
tūkstančiu,12
įeini,12
Kaldlou,12
Pilafas,12
nepavėlavau,12
nepaėmiau,12
piešė,12
neperlenk,12
mušasi,12
muziejui,12
muzikantu,12
atsitraukiame,12
tarnaite,12
laimėjimą,12
saugotojai,12
mutantą,12
Brajeri,12
rugsėjį,12
Teresė,12
rudą,12
Rubliovka,12
vandentiekis,12
nutaikęs,12
Arabijoje,12
Aragorn,12
genocidas,12
terminai,12
Zeibelą,12
tęsčiau,12
pietryčius,12
antraštės,12
antri,12
antrininką,12
dediesi,12
Dedpulai,12
graikus,12
Marvi,12
kanibalas,12
kandžiojasi,12
degančią,12
degančio,12
išsiimti,12
padėtas,12
Džet,12
padėjėjų,12
padėjusi,12
vaistinės,12
Kidmanai,12
laimingesni,12
brangesnė,12
brangenybėmis,12
gavus,12
mylimai,12
Rouzės,12
padėdamas,12
paduoda,12
nenusipirksi,12
neplanuoju,12
nepirkau,12
nenurimsiu,12
potencialus,12
Masačiusetso,12
nenusiima,12
nenurims,12
Porter,12
nenutuokė,12
dalyvavęs,12
peštynių,12
iliuziją,12
Arborą,12
Heimičai,12
Tepas,12
atsiverskite,12
žinduoliai,12
žinantys,12
Vailksai,12
Rotai,12
mylimu,12
mylimuoju,12
gautumėt,12
laimėsite,12
eitu,12
eitumėte,12
Romulanų,12
nustebčiau,12
nustatytų,12
gautumėte,12
gautus,12
Ronino,12
kviečiami,12
kviečiasi,12
Heiganą,12
kitokiais,12
vaikučius,12
terminale,12
nuspėjo,12
ekonominės,12
Pafu-pafu,12
nustosiu,12
eistas,12
Yvai,12
ypatingomis,12
anything,12
kankinimas,12
angų,12
Maksimali,12
kompromisų,12
kompu,12
kompromisas,12
peržvelgiau,12
kanjono,12
uždarai,12
Horton,12
stipruoli,12
įjo,12
kalbėsite,12
žiba,12
išsilaikys,12
džentelmenų,12
pagalvotum,12
Abrasaksas,12
aborto,12
Rou,12
Rosą,12
aptarinėt,12
išsikrušk,12
areštuos,12
Heidrichas,12
Hedestade,12
nenumanė,12
nenuleiskit,12
peržiūrą,12
degtine,12
ateivė,12
nenumačiau,12
nenumirė,12
degino,12
peršauta,12
pozityviai,12
spintelėj,12
bandą,12
uždarymą,12
vargšui,12
varginantis,12
haiku,12
areštinėje,12
branginti,12
laisvam,12
Blek,12
Blekai,12
Sauronai,12
atskleistos,12
pageidauji,12
pagaut,12
Khan,12
Džemini,12
nusnausti,12
nusnūsti,12
gęsta,12
Taljanai,12
kontrolinio,12
stojau,12
Bandykit,12
perėjimo,12
perėjimą,12
nepražiopsok,12
peruku,12
kontrolei,12
Makbetas,12
stotelės,12
bande,12
įjų,12
nepraleidau,12
nepraleisiu,12
Persėjas,12
filmavimui,12
nuskris,12
atskleidei,12
atskiro,12
laivams,12
Accio,12
Achilo,12
absurdišką,12
nuslydo,12
nuskusti,12
išsinešimui,12
atsiliepsi,12
atsiliept,12
pagimdei,12
pagimdysiu,12
prabėgs,12
nenugalėsi,12
Gordoną,12
masčiau,12
Storm,12
Yassin,12
yda,12
XIX,12
Daltoną,12
persona,12
nenueisi,12
nenorėsiu,12
įją,12
Storagalvi,12
storasis,12
storesnis,12
mylėkit,12
mylinčią,12
Varno,12
pagundai,12
Kvan,12
Kvalda,12
atsilaisvino,12
mylėjotės,12
atskleist,12
rolę,12
myžti,12
Blake,12
genus,12
savanorio,12
pradinį,12
pradingsta,12
pradininkas,12
you'll,12
nenorėsite,12
nenormalūs,12
Folsomo,12
Foksas,12
anglu,12
išdrįstų,12
Daltonas,12
antys,12
Izabelę,12
Izaokas,12
kanopos,12
masinės,12
baudas,12
specialios,12
takais,12
savanaudiška,12
žavėjosi,12
Adlerio,12
myži,12
gaujomis,12
Rokio,12
Roisas,12
kvailės,12
Taironai,12
pagyvent,12
vaikščiojanti,12
gauną,12
myžalų,12
vartotojai,12
brankt,12
spaudžiam,12
Angle,12
Persike,12
neprisiskambinu,12
kopijavimo,12
spastus,12
Spartą,12
mathon,12
won't,12
įkarštis,12
pradėdami,12
Pradu,12
nenorėjote,12
dalinių,12
Fogelis,12
rodoma,12
pailsėsi,12
Džeikobą,12
vartojote,12
ketvirtoje,12
rodmenys,12
išmokos,12
išsipildymas,12
vaikinam,12
vaikinuko,12
ml,12
mišinį,12
mėgink,12
perprato,12
pernešt,12
permirkęs,12
stovėjimą,12
permažai,12
Deinielsas,12
Deinielso,12
straipsniai,12
Filipa,12
ner,12
įkvėpimą,12
įkritau,12
maišuose,12
maišelyje,12
Bredlis,12
Break,12
Argentinos,12
vaifajaus,12
gaudynių,12
mėginio,12
Bredli,12
Džastino,12
painioti,12
paimtume,12
mėlynių,12
pajūrio,12
nusivest,12
taiki,12
tabaką,12
T-1000,12
žandą,12
žaliųjų,12
nusiteikimas,12
nusitaikei,12
Džedakas,12
lako,12
Lajonelis,12
lakas,12
Three-One-Third,12
Hektorą,12
Taffey,12
pakalbėjom,12
dūžta,12
nusirengt,12
išsirinkot,12
Wonderful,12
Woody,12
work,12
stovėjome,12
nemušu,12
įkopti,12
įkrauti,12
įklimpau,12
nemėgti,12
Praeris,12
perkeltine,12
neprisimenat,12
išdžiūvo,12
sūnėnui,12
Ketutas,12
ketinom,12
Apsižvalgykite,12
Ričį,12
Ričardsonas,12
lankaisi,12
atspaudą,12
sūnelį,12
seanso,12
schemas,12
Ketnė,12
ekspertizės,12
pakastas,12
mitu,12
nemąstai,12
spardytis,12
spardė,12
tyčiojosi,12
tà,12
tyrė,12
strategiškai,12
banaliai,12
Daisonai,12
Sparaza,12
baudžiama,12
Goldbergas,12
prakaituoji,12
nenaudojau,12
nenaudoju,12
angaro,12
mėlynus,12
rizikuotų,12
dėžutėj,12
dūdą,12
pakeisim,12
žaliosios,12
vaidinat,12
arklidėse,12
garsiausias,12
mėsmalę,12
Kiškutis,12
seimos,12
seifus,12
ritualą,12
bičus,12
neminėti,12
pralaimėję,12
studijoj,12
Balzajau,12
soties,12
Forbai,12
Whistlerį,12
Whitmore,12
Fomos,12
fondiu,12
nemirtinga,12
maitinimą,12
dekanės,12
nemirštu,12
atkeliaus,12
honoraro,12
Weasley,12
važinėjau,12
važinėjo,12
Klaivas,12
klajojantis,12
vatą,12
Ritos,12
segtukas,12
segtuką,12
nusimyžt,12
važiavimo,12
važiavimą,12
ketinimą,12
pakentėt,12
pakenčiama,12
mįslės,12
gėdijiesi,12
gėdingo,12
praleisdavo,12
dekanate,12
iurekit,12
iurekite,12
pereinu,12
praleidžiame,12
Sorry,12
Hukilau,12
uždės,12
uždus,12
žaidėja,12
lapelis,12
pakibo,12
išsisprendė,12
dūmas,12
dūmo,12
nusimesk,12
lankyt,12
advokatais,12
išsisuks,12
pakiltų,12
nusikaltėliui,12
atstovauji,12
sėklidės,12
formalumus,12
stumdyti,12
stumiam,12
ivakar,12
korporacijoje,12
korikas,12
matėsi,12
perimsime,12
nemeluočiau,12
nemesiu,12
vėsus,12
rinkčiausi,12
rinkėjai,12
rinkt,12
išsiverš,12
gerdamas,12
Mist,12
kvailesnis,12
Garsija,12
garsius,12
Gerera,12
Gerda,12
sąvoką,12
sąrašai,12
mirštančio,12
kvailam,12
kva,12
apsiverksiu,12
rimtesnio,12
sąžiningą,12
Latika,12
Lapėms,12
vagišius,12
Aga,12
Agamemnonas,12
nacijos,12
ikta,12
bičiukas,12
vagonai,12
Kuveitas,12
žaidimais,12
peraugęs,12
tylėsi,12
stulpas,12
kaItas,12
įmetei,12
įmanomą,12
įkūrėjas,12
Fernandas,12
delnai,12
Pentagonu,12
pensininkas,12
įminti,12
įmones,12
kaiminystėje,12
penktadieniais,12
Garona,12
Rikio,12
rifo,12
Briuselyje,12
ūmoniø,12
pakopos,12
elektroninė,12
sekretoriaus,12
sekme,12
mirštam,12
mirštanti,12
Lapadit,12
atstūmiau,12
sėdam,12
sėdau,12
nago,12
paklusnumo,12
tiesioginių,12
riebaus,12
naikino,12
nusikalstamumą,12
pakišt,12
pramonę,12
pranaÕas,12
delfinas,12
vėlavimą,12
Songokai,12
daiktui,12
daikčiukai,12
daikčiuko,12
nesakiai,12
nerūpestingas,12
pelkių,12
matydavo,12
matymas,12
golfas,12
įkėlė,12
Pendlo,12
suartina,12
Styvu,12
Mahoni,12
magnetinės,12
magiškų,12
magnatas,12
kailinius,12
suabejoti,12
suardyti,12
Pekine,12
peiliuku,12
demokratų,12
Andželos,12
karališkas,12
ivykio,12
Andriuša,12
Vegą,12
Germano,12
Kuzuri,12
kutenimo,12
Kurtu,12
tiesi,12
atvažiuosime,12
riboja,12
režisieriumi,12
išmeti,12
žadanti,12
seksualiniai,12
bičiuliams,12
vedžioja,12
žado,12
Nemariąsias,12
mazas,12
aparatus,12
vėliavai,12
vėlavau,12
nematyt,12
nematomos,12
baltaodžius,12
demesi,12
demaskavo,12
revolveris,12
naktiniu,12
Kju,12
vedžioti,12
atsiimt,12
apsistojusi,12
apsistos,12
žadintuvas,12
atsijungti,12
Palaikykite,12
palaidosiu,12
pakėlęs,12
nurimo,12
elektroniką,12
agentais,12
agentę,12
išskirtiniai,12
gyvenkite,12
nupirkta,12
nupirkčiau,12
nupirkęs,12
nuramino,12
mirtino,12
kišo,12
kišt,12
išskirtinai,12
Agda,12
aid,12
dėklą,12
tikrajam,12
atversk,12
snuki,12
Beach,12
pažįstamai,12
pažįstamo,12
pranyks,12
pranoko,12
two,12
bebuvo,12
bebūtume,12
vyrutis,12
kareivines,12
mazgai,12
socialinę,12
reporterių,12
repetuoju,12
palaikyčiau,12
Dėjom,12
klasiokas,12
klasiokė,12
ilgais,12
retenybė,12
Resas,12
tikina,12
Svinton,12
infarkto,12
vagiui,12
vagiant,12
vadybininkė,12
nesidžiaugiu,12
įrengta,12
D.C,12
dabarjis,12
Holovėjau,12
tvenkinyje,12
Nelson,12
nelipsi,12
praradot,12
Ferari,12
Fenio,12
nesidžiaugia,12
įrenginius,12
Andreika,12
prasidėt,12
įrašau,12
įpyliau,12
sudainuoti,12
užgis,12
iešmo,12
apsirengsiu,12
Klaudijau,12
agurkai,12
paleidžiame,12
nuošaliai,12
Šyras,12
Ščenkov,12
išslydo,12
sudarysime,12
magai,12
mafijai,12
įrašinėji,12
pažvejoti,12
Denielio,12
apeigos,12
kariaujame,12
gretimam,12
madmuazele,12
sudarys,12
Four,12
dabartinio,12
Madride,12
mažesnio,12
mažiai,12
prasmegčiau,12
kaIba,12
iuoja,12
elgesi,12
išsprogdinti,12
švilpia,12
paleiskim,12
Svetka,12
svetimšalis,12
laužyt,12
Lauros,12
palauktų,12
dykynę,12
geriat,12
svečiu,12
svetingumas,12
Helovyno,12
kurji,12
sveri,12
atkreiptų,12
atkirtį,12
kosminiai,12
balos,12
nesigirdi,12
nesigaus,12
demonstraciją,12
tvarkytoja,12
suderinta,12
išgelbėjęs,12
Denui,12
kabinėjosi,12
įrodysi,12
kosminio,12
atkeršijo,12
atkeršyk,12
Denelsas,12
sudeginai,12
Gremas,12
kablį,12
bio-eterinės,12
Semiu,12
seminarą,12
Selis,12
Dygolai,12
veiksmingas,12
rengiausi,12
gamyklų,12
kuriant,12
klastingi,12
šypsotės,12
išspręstų,12
Veilandas,12
Napster'i,12
atvirumą,12
atvirukus,12
neleist,12
prastėja,12
prasukti,12
snaiperiu,12
koti,12
fotografiją,12
nesikandžioju,12
mašinėle,12
snapą,12
nesigėdiju,12
tuzinai,12
sudėjo,12
birža,12
elgsenos,12
paliekant,12
gerovė,12
gerovę,12
biologiją,12
bruožus,12
narkotikams,12
palengvins,12
dykumas,12
gersim,12
geromis,12
atvykit,12
lazerį,12
šviesiaplaukė,12
Mažink,12
mažiausią,12
pažadėjote,12
nesiliauji,12
apgalvotas,12
užkandos,12
užkandžiai,12
Bedžio,12
praėjimas,12
balionu,12
prašęs,12
kosulio,12
nelegalius,12
Frankenšteiną,12
pravertė,12
karine,12
kariniais,12
praėjusio,12
rekordo,12
svarbias,12
svarbiausiu,12
svarbiausius,12
tikėjimui,12
ištaškė,12
Veirdichtas,12
apsipirkinėti,12
apsimetėlė,12
dvokti,12
dvoką,12
elgetos,12
vadinamu,12
narvus,12
narsos,12
išmesi,12
išmesim,12
pašoksiu,12
sueina,12
lūpdažis,12
deseptikonams,12
nesinaudojau,12
Anatoljevičiau,12
sugalvojome,12
mažylės,12
pašoka,12
Turėkit,12
reiški,12
Gestapas,12
gamins,12
reklamų,12
rekomendaciją,12
svarstei,12
svarbiais,12
svarbiam,12
reitingas,12
senovei,12
Palinksėk,12
pamainomis,12
palėpėj,12
svajojome,12
svajonėmis,12
svajodavau,12
palūžęs,12
pamaciau,12
nuolankus,12
dvikovos,12
atsidėkoji,12
nuomonei,12
dvigubos,12
atėjimas,12
LB,12
pamaitint,12
nuomotis,12
nelaisvės,12
mažuosius,12
sugalvokit,12
lšeinu,12
nelegali,12
Įsikalk,12
jūreivių,12
įsidarbinsiu,12
įsibrovei,12
išgers,12
įsikūrę,12
įsikūręs,12
naudingiau,12
gerąsias,12
Ainura,12
švelnių,12
Reinsas,12
naudingų,12
reikšt,12
šventikas,12
preteksto,12
jūk,12
pašalinis,12
paėmėt,12
globoja,12
Destruktyvioji,12
Freda,12
prekeivio,12
pražudei,12
velniūkštis,12
Velsas,12
Velse,12
gynėsi,12
ledynmetis,12
reikaliukai,12
ištikrujų,12
švaistau,12
senstu,12
gynėją,12
sužadėtuves,12
paminklas,12
paminklą,12
nuneškite,12
kupolu,12
sužeidimai,12
atvykėlius,12
pamišėle,12
Kempiniukas,12
Kembis,12
veluoju,12
Emai,12
pamesiu,12
nuodija,12
išlysti,12
duria,12
sužinosit,12
atšals,12
sugausime,12
Tuvalu,12
detalėmis,12
pavyduliaut,12
sugebėjęs,12
lėlėmis,12
griebia,12
nesiunčiau,12
nesistengia,12
nesirūpinti,12
nesiruošė,12
nesirodo,12
nesipūsk,12
pavojuj,12
verandos,12
apsimesim,12
apsimeskim,12
šuoliai,12
šunsnukiui,12
Venerstriomo,12
sergat,12
miniai,12
Verdene,12
apsimeskime,12
venose,12
kelėtos,12
Gyri,12
gyrėsi,12
gysla,12
septintos,12
milžiniškų,12
Smaragdo,12
smarkus,12
Globo,12
turčiai,12
kovoj,12
smeik,12
smerkti,12
smegenu,12
globalinį,12
kovinius,12
Hola,12
sugenda,12
naudotas,12
gaminami,12
sužadėtine,12
regėti,12
reguliuoti,12
regėjai,12
sušildys,12
senutę,12
atšauktos,12
emm,12
budu,12
budėjimo,12
reika,12
naujienu,12
Vermonte,12
Serlina,12
prieangyje,12
Cooganas,12
nekviesti,12
įsimylėsiu,12
neskaudėtų,12
pridarei,12
priedangai,12
bako,12
colį,12
Comedy,12
pribaigt,12
pretenzijas,12
Vulfai,12
Grifinai,12
Baklis,12
informuota,12
informatorių,12
leidžiami,12
Gylys,12
tingūs,12
regionas,12
regioną,12
Getline,12
ištroškusi,12
ištrauką,12
Kelkite,12
naująja,12
naujoko,12
ištrinsi,12
verslininkai,12
panašesnė,12
panaudokite,12
panaikino,12
užvirs,12
užčiaupt,12
Redžinaldo,12
redakcijos,12
Seržas,12
Vaako,12
nuleidi,12
nuleidęs,12
nuleidžia,12
Panemo,12
Emeris,12
pamylėti,12
sušalti,12
fazės,12
Amsterdamo,12
įsiuto,12
įsivaikino,12
federaliniai,12
pavargsta,12
pavariau,12
lygybės,12
devinta,12
paveldėtoja,12
pavergė,12
hobitams,12
kovotoju,12
kovosite,12
sugrįžčiau,12
lygties,12
ištrūks,12
ŠT.Seržante,12
štabu,12
šturmuoti,12
kuno,12
panašiu,12
Gvidai,12
ištvėriau,12
panelių,12
priekiniai,12
prieinu,12
nekovoja,12
medicininis,12
vorui,12
vorus,12
karstus,12
istorijose,12
priekin,12
įsiveržia,12
nekovok,12
Koltonai,12
išgirdus,12
servisą,12
išlindau,12
neabejinga,12
našlių,12
galvodama,12
dulkinu,12
užverti,12
užveskit,12
Paozo,12
panorau,12
versdavo,12
inojai,12
Sesilija,12
beviltiškoje,12
Ievai,12
Ieyasu,12
papasakojote,12
suimtų,12
pavalgykim,12
dešinįjį,12
dešimtį,12
nestabdyk,12
diagnostiką,12
sujungimo,12
sujaukta,12
Lycanų,12
luomo,12
luošys,12
neskęsta,12
nespėsite,12
Vordui,12
Karrie,12
Karsonai,12
sukeldamas,12
vertinimas,12
vertingiausią,12
užuolaidą,12
užtvėrė,12
tinklapio,12
atsibunda,12
seserimis,12
reabilitacija,12
sutvarkykite,12
sutvarko,12
išlikęs,12
keliautojai,12
apsikrėtimo,12
vertinate,12
raštelius,12
rašalu,12
atsibundi,12
kumščio,12
Vortekso,12
Gloino,12
slidu,12
colio,12
lygina,12
baisiausių,12
sukaktuvių,12
Frenkui,12
Vosai,12
pavalgei,12
Turkijoj,12
turn,12
sujungt,12
įsmeigti,12
burbulai,12
Raus,12
bunda,12
Bungleri,12
neapgaudinėja,12
paprašytum,12
dukrytė,12
duetas,12
dugnu,12
neapsaugos,12
Raze,12
burn,12
sutriuškinti,12
sutrikimo,12
lempučių,12
nukeliausime,12
paradui,12
paprastais,12
nukreipimas,12
papjovė,12
apgaulingas,12
Volstryte,12
išgyvename,12
Kartmenai,12
priespaudos,12
mechanizmo,12
Kramer,12
krabą,12
apgaubia,12
voliotis,12
kartojimas,12
priepuolio,12
sutikimu,12
auginu,12
Dubajuje,12
paranoikas,12
paralyžių,12
išlips,12
paradinių,12
audringa,12
audringą,12
sutikę,12
leitenantą,12
sutrikę,12
Titanikas,12
suteikėt,12
papulti,12
nukirsta,12
turbüt,12
sukimąsi,12
patvarkysiu,12
patruliuoti,12
amonio,12
Amm,12
patyrėte,12
nesunaikino,12
suktinę,12
Dianos,12
nesuderinami,12
sukliudyti,12
Farkvado,12
veršiena,12
vertėja,12
betkur,12
Kullen,12
tipelis,12
giesmininko,12
giesmė,12
raudonuoti,12
veržtis,12
verčiate,12
suteiksit,12
parašau,12
išleista,12
Aronu,12
Arsenal,12
lengvų,12
įstengsiu,12
išgyventume,12
juodaodė,12
Lukasai,12
luitų,12
sukonstravau,12
patogios,12
patirsi,12
Frilas,12
juodaodžio,12
didenybei,12
atmerktos,12
Krasui,12
keliantis,12
ratui,12
burtininku,12
Endžiui,12
šokinėt,12
išvažiuotum,12
išvažiavimas,12
vertėsi,12
inos,12
parašiutus,12
galiuką,12
Raspelas,12
neatnešė,12
šnipo,12
parašykite,12
užtvankos,12
užtrauktukas,12
buteliukus,12
rasistai,12
neatneš,12
aklos,12
rankšluosčio,12
sidabriniu,12
nugalėtų,12
nugarai,12
energetikos,12
nugalėtoja,12
siauras,12
Leniu,12
išvirs,12
išleisčiau,12
išlepintas,12
hyn,12
astronomija,12
užmetė,12
civilinio,12
civilinė,12
priešiniesi,12
tualetus,12
baigus,12
suktą,12
nesupyks,12
nekaltumo,12
patinkate,12
krateris,12
įsėdo,12
Faulis,12
patiri,12
patirs,12
Vogue,12
didijį,12
patikėsite,12
patiktum,12
Beilio,12
medum,12
skėriai,12
ispanai,12
sulaukiu,12
sulaikyta,12
sukčiavimu,12
nekaltina,12
patikčiau,12
nesusipratimo,12
nesusipratimą,12
Nekartok,12
nekaltųjų,12
nekaltu,12
įtarimą,12
Leonardo,12
Lenoksai,12
nufotografavai,12
siekis,12
sidabrą,12
šlykštynę,12
šlykštų,12
pardavinėdamas,12
nugabentas,12
atsargomis,12
suteikiame,12
sutaupiau,12
sutaria,12
nufotografuot,12
nufilmavau,12
drąsios,12
pardavėt,12
butus,12
Randalai,12
šnipinėja,12
nekalbame,12
sukčiavimą,12
priimtum,12
priimate,12
citatos,12
citatą,12
patikimose,12
nesustodamas,12
nesustojam,12
voke,12
vokie,12
medinis,12
slaptumas,12
glaudes,12
sukurtume,12
rampos,12
vežime,12
neatrodau,12
neatpažins,12
migla,12
Keler,12
instrumentai,12
neatsilaikys,12
buvusiai,12
Ramzį,12
užtemimas,12
Klitc,12
sieloms,12
migracijos,12
sustabdytum,12
auksiniu,12
auksinius,12
artimais,12
nejautei,12
FUBAR,12
priklausome,12
Faramirui,12
kolektyvą,12
humoru,12
kolekcionierius,12
cilindrą,12
ciklo,12
patenki,12
patelės,12
patekusi,12
nesutikai,12
prikimštas,12
Hurdal,12
medžiotoja,12
užmokės,12
didžiules,12
patenkins,12
patempimas,12
Leonidą,12
tofu,12
sustiprins,12
drugelius,12
pareig,12
auksines,12
Leoni,12
šlykštaus,12
išleidom,12
šlaunies,12
nubausta,12
giliausią,12
Enterpraisą,12
akivaizdi,12
atminčiai,12
atmintim,12
loši,12
nesutarimai,12
nesustosi,12
įteiks,12
didžiuojatės,12
nesuvokiama,12
lošia,12
Įtikink,12
patentų,12
Fromas,12
Didžiuokis,12
pateisina,12
pateikit,12
Vežam,12
veš,12
institucija,12
nubloškė,12
miegosite,12
artimaisiais,12
užtikrintų,12
vežimu,12
keitimą,12
keitėsi,12
ramstis,12
suspėt,12
bučiavau,12
Ramijus,12
nudegimų,12
Megumi,12
nesutinkate,12
Patas,12
judini,12
priminiau,12
Belatriks,12
Lorai,12
Baginsai,12
Vladislavai,12
karštesnė,12
įtraukia,12
Hiustono,12
įvairovės,12
įvairaus,12
Amane,12
giminaitį,12
bernvakario,12
Ksandariją,12
atsakysime,12
sustabdysi,12
raktais,12
Michailas,12
parsinešti,12
Silas,12
interjerą,12
Lerojus,12
Gunaras,12
nosinaitė,12
draugėms,12
neištrūksi,12
Chu,12
Chrisai,12
sulenkti,12
loti,12
fanatikai,12
nesužeista,12
Pataisymas,12
pataisysim,12
priprasiu,12
pripranta,12
pripažinta,12
Fani,12
pasąmonė,12
sumažinkit,12
sumautoje,12
Glenvju,12
patalpoj,12
bejausmis,12
nesvarbūs,12
Raisa,12
sijono,12
International,12
Victoria,12
NPJA,12
NS-5s,12
atsakytum,12
bybį,12
nebaigti,12
vidurių,12
raganosis,12
nebedomina,12
išvysi,12
Kasablanką,12
prisidėk,12
trumpikių,12
trumpomis,12
trumpesnį,12
krauti,12
girtą,12
girtų,12
give,12
įvelti,12
neištarsiu,12
skubinti,12
koledžui,12
Hičas,12
trukmę,12
sumanymo,12
kliūtį,12
keistenybes,12
toksikozė,12
aukštesnę,12
užtaisai,12
artėjantį,12
ieda,12
paruošia,12
norėtumėm,12
epizoda,12
Kliukinai,12
Levinas,12
letenų,12
erdvėlaiviu,12
drauguzi,12
vizijų,12
judint,12
judrus,12
skruzdžių,12
Meisas,12
chirurgijos,12
prisiklausiau,12
prisijungtum,12
prisigėręs,12
grojai,12
pasukam,12
Pasukit,12
Kolai,12
kraustaisi,12
krauk,12
Kraukis,12
troškimo,12
susivienijo,12
susitvarkytų,12
susitvarkė,12
Normandijoje,12
šiuolaikiniai,12
aktyvumo,12
aukštesni,12
aukštakulniai,12
parvežiau,12
suskilo,12
atrodydavo,12
Li'l,12
šiukšlyno,12
šitomis,12
susituokėm,12
iššaudė,12
pastojau,12
netektį,12
netekot,12
įvykiu,12
judantis,12
jubiliejaus,12
sumoviau,12
sumuša,12
sumokėsit,12
pastebėjome,12
pastebimas,12
Trudė,12
Midas,12
radus,12
normalias,12
Erikui,12
noriai,12
užstrigę,12
silpnumą,12
silpnuosius,12
Lidočka,12
Ereto,12
bûti,12
büdu,12
Byče,12
Bernadet,12
klounu,12
klosis,12
neišleiskit,12
neiškart,12
neišgąsdinsi,12
skridai,12
Skrepai,12
grižti,12
Lokslis,12
Diksono,12
vista,12
pastabos,12
prisiminkime,12
neteisėtų,12
pastaraisiais,12
Radagastas,12
nebemato,12
pūtė,12
Keila,12
sirgaliai,12
sintezę,12
Michael'as,12
pasakosiu,12
draudžiamas,12
Vienaragio,12
Simona,12
širdi,12
pėstininku,12
Tomatas,12
sindromu,12
aukštuose,12
keikiasi,12
kedrų,12
Njau,12
pasakėčia,12
dramblius,12
galingumą,12
drabu,12
drabužiams,12
liekat,12
niūri,12
skruostus,12
skraidanti,12
įėjome,12
įėjimus,12
neišgyvensim,12
neišgelbėsi,12
neišeisime,12
paspaudimo,12
meksikietį,12
visuotinis,12
Vistromas,12
įėjimų,12
alėją,12
Josefas,12
liepsnoja,12
liepi,12
pasi,12
nitrato,12
niokoja,12
erzinantis,12
išlaisvina,12
auskaras,12
ausims,12
krūmas,12
kryželį,12
akvariume,12
jakudzos,12
Heron,12
Prispausk,12
neisite,12
užpūsk,12
paspausi,12
Troro,12
Troleris,12
Fundisva,12
prisėskime,12
Dimos,12
netikrų,12
astronautai,12
asteroidų,12
cheminė,12
Babelio,12
aštuonkojis,12
pyragaitis,12
Aladyno,12
siuntinio,12
Bermanai,12
metimą,12
metalinius,12
pasibels,12
bėgat,12
pasiaiškinimą,12
pasiaiškink,12
pasiaukojimą,12
nigerius,12
krušti,12
Siti,12
Sitos,12
įžengęs,12
fainas,12
Faisalas,12
atodūsio,12
įžūlu,12
įžymybe,12
įžymybės,12
sunkiais,12
užraktą,12
paslėpkite,12
Ešliui,12
netriukšmauk,12
kreipiesi,12
neimti,12
triumfo,12
hiper,12
hip,12
keblią,12
Niksonas,12
Nikolajaus,12
nigeriui,12
pyderai,12
nebeturės,12
nebeturėsi,12
kruvino,12
SISS,12
metrikacijos,12
kažkurią,12
pypkių,12
pypkę,12
nebesusitiksim,12
putytė,12
putytės,12
Tora,12
susitarima,12
lietei,12
visalaika,12
užrakto,12
skolose,12
apipjaustytas,12
paslaptingi,12
kast,12
apkabintum,12
apkaba,12
liūdini,12
grotelės,12
lll,12
netinkamoje,12
dingtum,12
vienuolių,12
Interpolo,12
kačiukai,12
susirūpinti,12
nebevaldau,12
galimos,12
pasidomėk,12
bėglių,12
neblogų,12
pasigausiu,12
susiruošti,12
niekšo,12
skoniu,12
užsidegimas,12
supainiojot,12
Suomijos,12
Suomiją,12
šaknies,12
šakute,12
pritvirtintos,12
Chavjerai,12
neigiamų,12
Dinkstam,12
dingus,12
triukui,12
kokainu,12
liūtobotai,12
atominį,12
apiplėšiau,12
apkaltins,12
alternatyvų,12
Jokūbai,12
dingčiau,12
pasiekimais,12
autobusiuką,12
autobusus,12
šiknaskylės,12
pasieke,12
dosnumas,12
pasielgėte,12
ES-Du,12
Toši,12
kruopštus,12
tortus,12
šildo,12
šiknė,12
jankius,12
pasiilgsti,12
pasigrožėti,12
pasigavau,12
Austrijoje,12
melskitės,12
trio,12
apklausai,12
neieškojo,12
skiriuosi,12
meluojate,12
meluosiu,12
Azuma,12
neturėdami,12
privačiu,12
Cezariui,12
Bėja,12
jardu,12
grūdai,12
klykia,12
susirgsi,12
Ngek,12
nežus,12
trap,12
atrakina,12
užsitarnavo,12
knarki,12
transportuoti,12
transakcijos,12
Dorina,12
door,12
pasijausti,12
Esekso,12
vietovėse,12
Vietnamas,12
vietnamiečių,12
kroketų,12
krokodilo,12
bepročius,12
šiaurinę,12
jaudinkis,12
pusbrolių,12
jaudulys,12
pasikalbėtume,12
pasikalbėčiau,12
apokalipsės,12
vietines,12
skirias,12
bendražygių,12
neturėk,12
neužbaigtas,12
privilegijas,12
suplėšiau,12
supisti,12
ašarą,12
grosi,12
lizdus,12
negrąžinsiu,12
skirtingo,12
skirto,12
privilegijos,12
priverčiu,12
privesti,12
futbolu,12
prižiūrėčiau,12
jogurtas,12
Jo-Jo,12
IBM,12
asistente,12
irjis,12
Iranas,12
diplomas,12
paskendęs,12
šaltakraujis,12
užsiimame,12
Aslaną,12
Kohen,12
KOHIRIS,12
Siuzaną,12
nebūni,12
galesiu,12
Aleksandrovna,12
jaunavedžiai,12
jaudulį,12
būriais,12
siūles,12
doros,12
pupytes,12
nedavus,12
nedarytum,12
asfaltą,12
Asgardo,12
grąžinčiau,12
puoduko,12
puode,12
idealūs,12
Vikingų,12
likusia,12
likusiu,12
aršiai,12
nederamai,12
nedega,12
susinervinusi,12
susinervinau,12
autoriaus,12
susimušė,12
suprasim,12
neužrakintos,12
neužsakiau,12
pasižadi,12
Jerevane,12
Jericho,12
Šaltąjį,12
Trig,12
kriauklė,12
krevetę,12
eyes,12
Katiai,12
azotas,12
Liusia,12
dirbdavo,12
iškels,12
iškelsiu,12
pasiūlo,12
ginkluotos,12
investavau,12
būstas,12
šešioms,12
šešetas,12
šešiems,12
Šervudas,12
mergvakaris,12
mergvakarį,12
jauniems,12
neūžaugą,12
pasiklydote,12
skaitymą,12
grės,12
jaunuolio,12
jauniklių,12
Šervudo,12
Šermaną,12
skeptras,12
skeptrą,12
vingį,12
pasivijo,12
Šarlyn,12
Memfis,12
skiesti,12
GRS,12
Liuba,12
Skenuoju,12
nevadinu,12
pasižiūriu,12
pasiūlytų,12
šantažuoti,12
pasilenkti,12
Alesos,12
nežaidžiau,12
nežadi,12
traukuliai,12
nešvarios,12
nešvarius,12
Donovanas,12
Donovan,12
puikioji,12
nedoras,12
trauksi,12
traukinius,12
kritikai,12
gabalėliai,12
casa,12
profesinė,12
supykdyti,12
prodiuserė,12
produkciją,12
violetinė,12
negeriau,12
liudijimo,12
pasiuvo,12
nevalgei,12
prodiuseriui,12
Vindsoro,12
procesorių,12
negirdėčiau,12
vinys,12
apmoviau,12
apmokėjo,12
Mersedes,12
Mersedesas,12
Skainetą,12
Liliana,12
nedirbate,12
būtybei,12
etikečių,12
pasilinksminsime,12
apmokymų,12
apmauti,12
linijomis,12
linkes,12
susikūrė,12
susikrimtęs,12
dirty,12
Jelo,12
Jeitsas,12
pasitrauki,12
lipnia,12
lioveisi,12
trečdaliai,12
atpažint,12
šaudys,12
šarvas,12
šelmis,12
Šelbis,12
jausiuosi,12
susijungimo,12
auu,12
nešios,12
Lindą,12
skaitiklis,12
jausiu,12
jaunąją,12
psichu,12
psichopatą,12
grąžinimo,12
grąžinimą,12
skausma,12
bene,12
krioklio,12
kriminalinės,12
atomą,12
trenkčiau,12
užsikrėtusi,12
skautai,12
neveltui,12
neverkiu,12
neverksiu,12
neveikti,12
pasitrauksi,12
surasta,12
idiotus,12
VIII,12
pasipriešino,12
pasipirš,12
Neduokdie,12
užsipuolei,12
Šeli,12
Benži,12
pasirašėte,12
pasirašysime,12
iškrenti,12
pasinaudojęs,12
Tredstounui,12
susigrąžinčiau,12
linksminatės,12
šeimininkei,12
šefės,12
jaustum,12
pasirenki,12
Doilas,12
pasirodau,12
kauliukų,12
neįstengiau,12
susidoros,12
susidorosim,12
Nešam,12
skambinot,12
nevažiuoti,12
nevedžiau,12
Evandželina,12
prosenelio,12
Vilson,12
pasismaginti,12
Merei,12
javus,12
propagandos,12
Katią,12
programuotojas,12
programavimo,12
Vilsonui,12
vilnos,12
šaukštu,12
psichologinė,12
pasiruoši,12
grynuosius,12
neegzistuoju,12
nedėviu,12
skaičiavau,12
neduoti,12
Nedu,12
linksminuosi,12
linksmuolis,12
užsirašei,12
provincija,12
susibūrimas,12
suremontuoti,12
protų,12
pasiskundė,12
Kristijanas,12
kodël,12
skambinta,12
nevogė,12
protingus,12
iaugiuosi,12
Kodzue,12
pasistojo,12
Benzini,12
gailestingumas,12
būvau,12
skalbykla,12
skaičiuojam,12
neįkainojamas,12
provincijoje,12
provokacija,12
C-2,12
neįspėjai,12
neįspėjo,12
pasiruose,12
aplenks,12
vilkikas,12
pasirūpinome,12
pasiruošimui,12
Eureka,12
šaunių,12
pasiskolinai,12
Alfredo,12
Šautinė,12
treniruoja,12
jautėmės,12
neįprastos,12
neįprastą,12
kristalo,12
Grutai,12
surinksi,12
operavo,12
valdybą,12
apšvarino,12
atgimti,12
uostyk,12
teisingos,12
oranžinė,12
Optimas,12
plastinę,12
Planktonė,12
žydra,12
Orbitas,12
žymūs,12
Fjuša,12
platintojas,12
sakosi,12
Sakramento,12
ohem,12
žvengiat,12
bokštų,12
bokštu,12
kilpas,12
kilpoje,12
Sakuma,12
žvejai,12
saldžios,12
Salander,12
išore,12
išorines,12
Oooo,12
efektyvumą,12
Montgomeri,12
žvalus,12
kūriniais,11
Montgomeris,11
Žvanguti,11
žvalgytis,11
žvalgausi,11
2-Delta,11
sakę,11
bokštus,11
Boldvudas,11
sakysit,11
Apči,11
Saksas,11
Saldųjį,11
Edvardsai,11
Orenai,11
orbita,11
Eframai,11
momentais,11
Monė,11
Moody,11
išplatino,11
manąja,11
Manykite,11
kambarėlį,11
darinys,11
atsisakęs,11
organizuotas,11
vakciną,11
ilsiuosi,11
Ilties,11
L'Americain,11
Saitai,11
momentai,11
stalui,11
stalčius,11
stalkeris,11
Stallion,11
Darvinas,11
konkurentų,11
egzistencijos,11
tegaliu,11
plakatas,11
plakato,11
pjūklu,11
Pjeras,11
first,11
nepaprastoji,11
nepapasakojus,11
stambiai,11
skambinėja,11
Lipkime,11
nevyksi,11
protokole,11
kodėlgi,11
užsikabino,11
užsiiminėja,11
Treisi,11
gaIim,11
skalpelį,11
skalbt,11
pasisvečiuoti,11
pasisuks,11
pasistenkime,11
užsiiminėji,11
užsiiminėti,11
pasiruoše,11
vilkams,11
vilkiką,11
Viliu,11
Viljams,11
treniravau,11
Negailėk,11
negalejau,11
everyone,11
pasisekimas,11
pasisaugokit,11
neėda,11
Nevė,11
nevėluoja,11
pasirupinti,11
Pasiruoškime,11
pasirodysime,11
susidursi,11
projekcija,11
katėms,11
aliejumi,11
išklausykit,11
iškirpti,11
Canaris,11
psichiatrinėj,11
neegzistuoji,11
Benignas,11
skambinat,11
nedrįsau,11
nedrįso,11
nedraugiškai,11
psichologinių,11
Knoks,11
skalpą,11
suserga,11
susib,11
avariniam,11
avariniu,11
psichologe,11
psichika,11
surinkime,11
surinkome,11
surengtas,11
Surenk,11
proveržis,11
nevykėliais,11
kristalai,11
Knightley,11
treileris,11
atpažįstat,11
Linkolnui,11
jausmingas,11
iškrapštyti,11
šašlykus,11
dizainą,11
nešiesi,11
pasirašėme,11
kaulu,11
linksmiausias,11
neįtikėtinos,11
neįtikėtinus,11
neįstengė,11
pasirinkimu,11
pasirodant,11
prostatos,11
nevedę,11
susidomėjimo,11
skaičiavai,11
doin,11
Nešai,11
Neįžeidinėk,11
dogų,11
car,11
propaganda,11
gabumais,11
vin,11
Merfį,11
Ginko-san,11
Protesas,11
prostitučių,11
skardinė,11
skanius,11
užsimanysi,11
trenki,11
treniruotei,11
programinės,11
programinę,11
negerbi,11
pasiturintis,11
pasitvirtins,11
pasitraukimas,11
sure,11
surašiau,11
avine,11
menčių,11
mentu,11
neduot,11
užsimoja,11
Kobas,11
kobrą,11
kodais,11
kaukėmis,11
būtybe,11
būtinos,11
pasinerti,11
pasinaudodamas,11
Doloresa,11
Aleksu,11
grąžintas,11
pasirašysi,11
pasipuošti,11
pasipriešinimą,11
Disneilendą,11
diskoteką,11
neverkšlenk,11
šaudžiau,11
šaukei,11
šaudant,11
Jeilį,11
jega,11
autoritetu,11
autorių,11
susijungs,11
susijaudino,11
supratusi,11
negauti,11
profesorė,11
profsąjungos,11
skaitmeniniu,11
jaus,11
pasimokė,11
nešiotojas,11
nešiotų,11
nešiosi,11
Lindhagenas,11
Lindi,11
skausme,11
bendrus,11
pu,11
psichopatė,11
lim,11
Lila,11
skaitmenų,11
skaitot,11
apmokėsiu,11
Meribete,11
negirdės,11
aplenkia,11
apleidau,11
liudijime,11
grup,11
produktais,11
apmokėtas,11
apmokamas,11
Lilijanos,11
susilaikyt,11
susikrovė,11
puikiame,11
Būto,11
Vikė,11
ezero,11
pasiuntėte,11
Auč,11
linijose,11
susikibę,11
susikerta,11
etiketė,11
etiketę,11
pasitraukiau,11
nevartojau,11
nevalgyt,11
Pasitikėkite,11
pasitikėsi,11
pasitiksiu,11
Disnėjaus,11
nevairuoja,11
pasilinksminai,11
šepetėlio,11
alergijos,11
jaunuoliu,11
pasiųsime,11
neužsičiaupsi,11
Alisteri,11
Jevgenijus,11
viešbučiai,11
pasikėsinimo,11
Donos,11
nežadėjau,11
nešvankiai,11
nešnekėti,11
nešoka,11
Dominikai,11
supykti,11
supratinga,11
Pulas,11
nedraudžia,11
trauksiu,11
Krisu,11
Hilse,11
Berdas,11
profai,11
prodiuseriu,11
prodiuserį,11
profesionalą,11
gabenamas,11
negerbs,11
profesionalo,11
Lisk,11
skaitytojams,11
skaitykite,11
intymus,11
vietoves,11
šalimi,11
dirbinius,11
pasižymėjo,11
iškeliausiu,11
iškrypėlė,11
iškrėst,11
Šerevino,11
susiliejo,11
šešiolikos,11
būsimasis,11
mergiūkštę,11
ginkluotus,11
skersgatvį,11
skerdynes,11
skerdykla,11
aplankys,11
aplankysim,11
aplankysime,11
domitės,11
Pasilinksminkite,11
Jevgenyčiui,11
pasivaikščiojimui,11
Litl,11
menkniekio,11
Expelliarmus,11
nevagia,11
pasičiupo,11
negirdime,11
Ash,11
pasiklydę,11
puodelių,11
nedarėm,11
gaišt,11
gaivaus,11
nedainuosiu,11
būrelio,11
užsirašė,11
užsirašęs,11
knieti,11
siūlymą,11
gala,11
Viešpačiu,11
viešpatauja,11
viešpatavimas,11
Azizai,11
neužmigsiu,11
nederama,11
gaisre,11
susimovėme,11
šiauriečiai,11
Artūru,11
Arvena,11
dirbusi,11
irklu,11
Azkabano,11
Liusilė,11
šalutinį,11
Krešai,11
gruodį,11
suprasime,11
menkai,11
Menis,11
menininke,11
problemom,11
virùenyb,11
virėjai,11
lizunas,11
jogurtą,11
neužpildys,11
virvėmis,11
kategorijoje,11
Katenka,11
Celtics,11
prižiūrima,11
užsiimam,11
pasižymėti,11
būrių,11
ginekologas,11
gimėte,11
ginamasis,11
ginasi,11
Aleksandrą,11
neužauga,11
asilų,11
puolei,11
Dorothy,11
Dorotė,11
purvais,11
Pupule,11
būdelės,11
būdelė,11
būrelį,11
krokodilai,11
Kriuksi,11
siunčiama,11
Užsivilk,11
užsitraukė,11
klubu,11
susirašinėjimo,11
galaktinį,11
investuot,11
bepročio,11
jaudinaus,11
siunčiamas,11
bėgyje,11
bėgčiau,11
investuotojas,11
atrakinsiu,11
prizų,11
supjaustys,11
Ashli,11
meluodamas,11
Memfį,11
paskolinsi,11
paskirsiu,11
pasikalbės,11
krep,11
skirtingomis,11
melsiuosi,11
prišnekėjai,11
negrįžt,11
priėmėt,11
centrų,11
privilios,11
visatai,11
viršvalandžių,11
viršūnėj,11
apkvailinai,11
katalogo,11
apklausiau,11
Skirstykitės,11
melsk,11
privažiuok,11
privačioje,11
privalumą,11
negyvėlis,11
Hirsai,11
Lizaras,11
superherojai,11
supažindinau,11
grįžtumėte,11
liftų,11
liežuvių,11
galantiškas,11
galaktinis,11
jauciu,11
jaudinaisi,11
pasiimsite,11
nebučiau,11
nebučiuok,11
nebuciau,11
siuvo,11
siuva,11
siurbliu,11
užsičiaupt,11
susirūpinimas,11
šaknimis,11
Šailokai,11
pritvirtintas,11
užsegti,11
užsakymo,11
ll,11
pasigailėsiu,11
Dosonai,11
pasiektum,11
susiranda,11
susirasim,11
apimti,11
visatoj,11
Alpha,11
dinkis,11
sunkumais,11
tradicinė,11
kroviniu,11
Jangas,11
pasidėjo,11
pasidulkint,11
dosnumo,11
niekeno,11
niekingi,11
negyvenau,11
priverstum,11
triukšmauja,11
Tripas,11
Trish,11
pasiilgs,11
dovanom,11
trajektoriją,11
netrūktų,11
neturetu,11
Neinkšk,11
neimsi,11
lobiu,11
suniokojo,11
sunaikinsim,11
paslapti,11
torpedų,11
atrišti,11
netikėtų,11
pasmaugsiu,11
paslėpt,11
dingimu,11
paskyrimas,11
dinozaurų,11
nebijotų,11
Galilėjus,11
galimo,11
putytę,11
vietiniais,11
vietelės,11
vienutę,11
Interpolas,11
Dosonas,11
Niflhaimo,11
niekšu,11
esančiam,11
esančias,11
dovanai,11
pusrutulyje,11
nebijoti,11
netriukšmauti,11
atnešęs,11
atodūsį,11
įžvelgė,11
įžiebimo,11
įžiebti,11
Paslėpkit,11
Pasodinkit,11
kažkuriuo,11
Nikį,11
kreipėtės,11
kreipsimės,11
hipotezė,11
ašigalyje,11
užrašyt,11
Eštono,11
Gui,11
gudruti,11
austrės,11
vienišus,11
sitaristas,11
Sisse,11
aprėkė,11
Kedrikai,11
apkabino,11
apkabina,11
apkabinai,11
chaose,11
sklypą,11
nebeteks,11
susitarkit,11
gudrybės,11
Faisalo,11
koksa,11
iame,11
skrendant,11
skraistę,11
Skraidink,11
triušiukas,11
pritarė,11
Alano,11
Janessa,11
Chickai,11
cheminį,11
chemoterapijos,11
aštuoniais,11
aštuoniolikos,11
netikėjai,11
vienodais,11
vienodus,11
bėgate,11
bėgantį,11
pyragėliai,11
nebeskauda,11
nebepriklauso,11
šimtaprocentinis,11
pasodintas,11
pasidalino,11
kryziaus,11
sito,11
situacijas,11
pasibaigiant,11
nebepamenu,11
vienišų,11
Jorkas,11
iškeldint,11
Paspirtuką,11
meistrui,11
skrisdamas,11
skriaust,11
įžeidžia,11
įvėliau,11
šioji,11
gubernatoriui,11
lieptų,11
Guantanamo,11
susitarta,11
skrandyje,11
užpylė,11
Jordan,11
Nju,11
krėsti,11
Tompsonai,11
atrasta,11
širdgėlos,11
šiokį,11
J.A.V,11
išlaisvinkit,11
pritari,11
užpuolimų,11
atmuša,11
pasidairyti,11
pasibjaurėjimą,11
pasibaisėtina,11
pasamdęs,11
pasaloje,11
meškiuk,11
metui,11
simpatija,11
simpatiją,11
iššūkių,11
aktyvinti,11
aktoriais,11
draudžiamos,11
liemens,11
gultas,11
viela,11
Viduržemį,11
vidus,11
pūslę,11
pūgą,11
Sindės,11
susitikima,11
gulti,11
Nobukado,11
niūrią,11
pėstininką,11
pėsčiųjų,11
nebepamatys,11
aukščiausiu,11
neišgyvensiu,11
apibūdinai,11
Vitali,11
Bellick,11
melavot,11
Neitiri,11
prisitaiko,11
susitikinėjame,11
grižo,11
Loko,11
visumos,11
Viskonsino,11
viskuom,11
Neišjunk,11
skridom,11
skridome,11
diktatorius,11
pastatysi,11
pastatais,11
pasta,11
failai,11
netik,11
sumokėjęs,11
griūtis,11
racionaliai,11
nominuotas,11
išžudysiu,11
išlaikyk,11
iššvaistė,11
neteisėtą,11
neteisingus,11
dievini,11
draudžiami,11
pūtę,11
pūslės,11
vienetai,11
iššūkius,11
gimdyme,11
gimdysiu,11
Mi-young,11
Dilanu,11
Dilaną,11
netekčių,11
netekus,11
įvykdyt,11
Jua,11
įvykdei,11
įvykdys,11
pasveikinimo,11
pasuksiu,11
Trudi,11
lokius,11
lojalus,11
Logano,11
aštuntąją,11
sumokėtum,11
nebegalėsime,11
radaru,11
radarų,11
susituoksi,11
Guido,11
Microsoft,11
büt,11
norių,11
užsnūdo,11
užsiėmė,11
simbolių,11
klonai,11
licenzijos,11
Lida,11
eri,11
radikalų,11
nesėdėsiu,11
kolegai,11
užpildyt,11
užpakalinio,11
skruzdėlė,11
benamiui,11
prisigeria,11
vizualiai,11
aukštakulnius,11
susitvarkyčiau,11
draugeliui,11
erdves,11
Meisono,11
kreditinių,11
krautuvėn,11
Sumesk,11
paryt,11
parėjo,11
atrodom,11
Liaukites,11
šitose,11
iššaukti,11
iššauna,11
Lete,11
įvertintas,11
pastoja,11
dievybės,11
fakultetas,11
liaudį,11
leškojau,11
leškome,11
Normanu,11
sumaišties,11
lot,11
įvardinti,11
prisiartinsi,11
pririšta,11
skubią,11
skrynioje,11
Meine,11
klojosi,11
tolimus,11
Keiptaune,11
ragu,11
Skrybėliau,11
užpuola,11
neišsisuks,11
sumaniai,11
kliūtimis,11
krūvio,11
krūvoje,11
krūtį,11
NorÓŃiau,11
užtarti,11
iedas,11
Ieisk,11
vizų,11
įvarčio,11
Išjungiam,11
šiukšliadėžę,11
aukštosios,11
norėdavau,11
party,11
EPA,11
skylutė,11
skylutės,11
nesąmonėms,11
nesąžiningas,11
nesveiko,11
pripa,11
didžki,11
pripažįstate,11
vibruoja,11
Viačeslavas,11
Rajanu,11
Railė,11
epidemijos,11
signalinės,11
Sigizmundyčiau,11
bejėgė,11
drebulys,11
drebėjimo,11
apsidraudęs,11
Enę,11
partnerystę,11
partizanai,11
šlaistosi,11
keistenybės,11
Viviana,11
apieškojome,11
Kasablankos,11
kasame,11
ragų,11
silpnybės,11
išvyktų,11
šiurpus,11
Amara,11
lordų,11
Vodianova,11
Karščiausios,11
viščiuk,11
judate,11
išjuokti,11
beldžiasi,11
galinio,11
Rajenas,11
Michelin,11
giminėj,11
suspėsim,11
sulaukėm,11
trąšų,11
ambasadorių,11
Drogas,11
silpnesnis,11
Silečka,11
sikt,11
lesbiečių,11
Leslė,11
les,11
Leple,11
Chrisas,11
griuvėsiai,11
grius,11
miegančių,11
miegate,11
keistuolį,11
parodėm,11
Drive,11
prilygti,11
pateikta,11
nesuvokiu,11
nesuvalgė,11
nesutikčiau,11
lovģ,11
Grizzlies,11
įtartiną,11
neatsisuk,11
neatsisveikinęs,11
neatsisakysi,11
vežimus,11
nubėk,11
nudažyti,11
nublanksta,11
neišėjus,11
parkavimo,11
Parkeriu,11
parekomenduoti,11
pareiti,11
šlubas,11
sustojimų,11
apsiginklavę,11
neatspėsi,11
skverbiasi,11
Meibel,11
megstu,11
medžiotoją,11
apgavystės,11
skyrium,11
bučiavomės,11
bučiniai,11
Sustiprinkit,11
sustabdžiau,11
medžioji,11
gliseriu,11
prikabink,11
užnuodijo,11
užmuškime,11
kolektyvu,11
išvykimui,11
pareiškiu,11
drožk,11
guminius,11
leopardo,11
Leonido,11
šliuzą,11
sustiprėjo,11
driežų,11
gilintis,11
pareigomis,11
Enrique,11
šnabždi,11
šmėklas,11
šmeižtas,11
išvykote,11
didžiuliame,11
Hitleriui,11
kraujospūdį,11
kratą,11
tryse,11
atmintuką,11
nesustoti,11
įvaikinta,11
išimties,11
nesustabdoma,11
vokiečiu,11
baigsite,11
baigtum,11
baigiamoji,11
lstorija,11
nejuokingas,11
miegančioji,11
sieros,11
mielojo,11
mieląjį,11
slaptoje,11
Medžiabarzdis,11
sukvietė,11
jungti,11
instrumentu,11
rankraščius,11
klipo,11
klipas,11
sielomis,11
giliu,11
veteranų,11
rampa,11
prima,11
nejaučiate,11
priklausantys,11
nesustabdysime,11
Fara,11
patiekalai,11
sustingęs,11
instrumentais,11
nesusitvarko,11
nesusitikome,11
kartosi,11
vogtų,11
vokai,11
prieštaravo,11
Grimai,11
suknia,11
lenktyninis,11
nekeliu,11
patiklus,11
patikiu,11
patikimai,11
sulaikėme,11
didvyriškumo,11
nesusituokę,11
suteike,11
suteikiama,11
auklėjimas,11
pardavinėjau,11
nugalėta,11
sutaisė,11
susėsim,11
Lenute,11
cinamono,11
priimami,11
sukčiauja,11
sukčiauti,11
sukčiavai,11
rangą,11
buvusiuoju,11
šnekų,11
gimdau,11
artimiausių,11
ieškojimo,11
lenktynininkų,11
Galvatronas,11
Raselo,11
raportas,11
šokančią,11
nugabensim,11
nugalėtum,11
siaurą,11
siautėjo,11
Tobinai,11
išvengė,11
išlikimas,11
veterinaro,11
Volterį,11
Ata,11
Kolesnikovai,11
Huverio,11
Ciuriche,11
išvydę,11
parduotuve,11
drėgnas,11
suklydot,11
patiriu,11
patildyti,11
didingiausias,11
didingo,11
užlipt,11
Krasai,11
tualetinis,11
patirsite,11
tuneliuose,11
įsėsti,11
amerikieciu,11
Ambrosas,11
ambicijas,11
išgyvenusių,11
Luidži,11
Amon,11
Tumnus,11
atlėksiu,11
Nekaltinkit,11
nekaltoji,11
nekalbėtum,11
patogūs,11
didelėm,11
inspektoriai,11
inot,11
burys,11
pardavimai,11
pardavimus,11
įspūdingus,11
juokdario,11
išgyvenę,11
akiratį,11
parašytum,11
parašu,11
Tirza,11
galiukų,11
neatiduosi,11
rasto,11
išvarysiu,11
diagnozės,11
diagrama,11
Patvirtink,11
patvarkiau,11
Dickai,11
nesulaukęs,11
nesukėlė,11
nesulaikysi,11
patėvį,11
turimas,11
Patriką,11
nesumokės,11
nesumokėsi,11
Luizos,11
Luka,11
nesukels,11
Sever,11
sexy,11
Mike'ai,11
Miją,11
vestibiulį,11
Siangą,11
kulkšnys,11
augini,11
vertėją,11
sestercijł,11
gurkšnelį,11
gurkšnį,11
Gusai,11
nugvelbti,11
Shirley,11
Sheetz,11
nekenčiame,11
priemiesčio,11
atlikdamas,11
atlikime,11
Volstritas,11
prietranka,11
prieskonius,11
mechanizmus,11
guolio,11
Gupta,11
paralyžiaus,11
Coco,11
prielaidų,11
priekis,11
nekiškit,11
nekentei,11
leistume,11
bulvė,11
Guobų,11
gundyti,11
atsarginius,11
šokęs,11
išlipu,11
išvalys,11
nesugrąžins,11
tures,11
sukilėliams,11
Sutelk,11
neapsirengus,11
Raulandai,11
šokoladinį,11
Leksai,11
juokiausi,11
juokies,11
slepiatės,11
slibinais,11
beisbole,11
Beits,11
baisia,11
voverę,11
raumens,11
raundus,11
neabejojo,11
Kozetė,11
baisiame,11
įskaudins,11
įskaudinta,11
juokelį,11
parado,11
emocija,11
Audi,11
tinklui,11
Kleinas,11
užuolaida,11
neatgausiu,11
neapsidžiaugs,11
medaliono,11
medituoti,11
Medivai,11
Volstrytas,11
paukštyte,11
nesugalvosi,11
nesugalvojai,11
nuimu,11
Nestovėkit,11
nestatyk,11
pauzių,11
pauostyt,11
kovotum,11
kovėtės,11
suinteresuoti,11
suimu,11
keliautų,11
užtvindytas,11
Sesili,11
Vordo,11
įsodinsiu,11
įsodinti,11
sukeli,11
sukeisti,11
sutvertas,11
Šonui,11
rašytoją,11
bunkerio,11
tinklapyje,11
vertino,11
vertingų,11
keliavai,11
Vorteksas,11
Slytherino,11
sukaktuvės,11
sukaktį,11
sukalbėk,11
rašinį,11
rašinėja,11
kumščiai,11
įsižiebė,11
amziaus,11
Juozapas,11
nekontroliuojamas,11
neklausysi,11
Kolonelis,11
užkrėtei,11
užkrėtimo,11
papjausiu,11
išgirdusi,11
Juronas,11
juočkio,11
sugrūsiu,11
sugulti,11
sugyventi,11
sugrįžtum,11
realaus,11
užvalgyti,11
arterija,11
arteriją,11
serverių,11
serumą,11
išlindai,11
papildomu,11
neslėpsiu,11
pavakarieniausim,11
bevertį,11
mikroschemą,11
iečių,11
pančių,11
pantera,11
inkstas,11
Panisai,11
Panisas,11
pankas,11
Begalybe,11
begalybę,11
smagumo,11
lygtais,11
atliekate,11
Šreku,11
aiškinamės,11
kuolo,11
kunas,11
tilpo,11
Tiltelis,11
suviliojo,11
panorėjusi,11
Šri,11
šoviniais,11
duodam,11
panašėja,11
PaneIe,11
panašumas,11
leisdamas,11
ištvirkėlis,11
užkrato,11
apgaus,11
prieisime,11
lygiuotis,11
nukritote,11
nukrisiu,11
emocionalus,11
Emės,11
Verskit,11
bukagalviai,11
reginio,11
nazg,11
navigacija,11
tinginį,11
ištrins,11
ištrintas,11
užėmei,11
klausysis,11
pamėgti,11
EmiIai,11
referatas,11
Redas,11
reanimaciją,11
verte,11
nesklandumai,11
neskoninga,11
sugrioviau,11
pamušė,11
suėsiu,11
suėmimas,11
suėmimą,11
suėda,11
atletas,11
kovosit,11
paveldima,11
Dezi,11
Neskubink,11
neskrisi,11
įsitikinsiu,11
fašistų,11
priedangoje,11
prieangio,11
Nekvaršink,11
neskaitai,11
neskaitys,11
tinginy,11
Mila,11
beždžionei,11
Grim,11
sugriebė,11
nekris,11
coming,11
Vygler,11
vykdai,11
vulkaną,11
priedą,11
milijonieriais,11
kels,11
kelmas,11
suvokiat,11
priaugau,11
nekėlė,11
ISS,11
lytinį,11
ištrauktum,11
Kellerman,11
registruota,11
registruoti,11
registratorė,11
Buli,11
serialus,11
serijas,11
globalinio,11
turčjo,11
smirdančią,11
smarvę,11
Begvelai,11
Sugriebk,11
sugniuždytas,11
vožtuvas,11
detonuos,11
suglumęs,11
pavojingus,11
justi,11
išgirstu,11
išgirsčiau,11
Beginso,11
globėju,11
Armėnijos,11
naudojat,11
sužadėtinės,11
legendų,11
legionai,11
desine,11
pavyzdžio,11
pavykt,11
Bezaaz,11
verksiu,11
leidausi,11
leid,11
bufete,11
reidas,11
gyti,11
senutės,11
detektoriai,11
detektoriaus,11
detektorių,11
pavydėjau,11
sugebėjote,11
griebtu,11
Sugaukite,11
įsimintina,11
Pavok,11
pavyduliauji,11
nesiūlau,11
nesiųsk,11
nesivarginkit,11
sugriausiu,11
nesitarėme,11
nesistengi,11
Kelės,11
naudojam,11
sergate,11
atsidursite,11
senovinį,11
venų,11
pamokai,11
švaistome,11
priblokšti,11
gyrė,11
sergantys,11
sergantį,11
Milė,11
Gideonai,11
senųjų,11
Tikėkimes,11
aistrų,11
pamatas,11
senuku,11
sentimentali,11
atėmimo,11
sužeist,11
buhalterė,11
Bugle,11
sužeidimus,11
sužeidimas,11
sužalojo,11
pamišusiu,11
tikėčiau,11
išlipęs,11
ištisa,11
Ištirpk,11
dvasinę,11
dvasiomis,11
svaigti,11
pamišai,11
numirėlis,11
Dučai,11
nuneštas,11
Henriką,11
Amžinasis,11
jėgerio,11
durklas,11
atsiduriu,11
svaigulys,11
sužinotume,11
Veneciją,11
Elvį,11
prezentacija,11
prekybai,11
Crystal,11
nelaimi,11
pašalinsim,11
reikmenis,11
reikiamo,11
reiketu,11
Karin,11
apgailestaujų,11
vykdymą,11
bedarytumėt,11
smulkmenom,11
smuklę,11
nesirinkčiau,11
globoje,11
smulkias,11
smugis,11
Smitą,11
Smogas,11
smogei,11
mažyliu,11
įsimint,11
nelaikė,11
gaminai,11
Vadikai,11
klausote,11
klausinėjau,11
Sentinelį,11
Velykas,11
prekeivių,11
pražiopsojai,11
įsikibęs,11
jū,11
užkasta,11
Komarovas,11
atbulomis,11
užkariautojų,11
sugalvokime,11
Grierai,11
bijosi,11
Eliziejus,11
nuolaidas,11
nuogo,11
dvejomis,11
lšmesk,11
sudėtingesnė,11
sugalvoji,11
National,11
natrio,11
Gesinkit,11
gesinti,11
ministrai,11
ministrui,11
minint,11
bijom,11
buhalteriu,11
Airlines,11
Airways,11
ištiesta,11
ištesėti,11
Budis,11
reindžeriu,11
natūralią,11
svaigulį,11
švelnumą,11
švelnesnis,11
tiktais,11
atsigausi,11
šviesaus,11
svarstymo,11
svarstymą,11
palmės,11
atėjei,11
palūkanomis,11
palydėsi,11
Ellis,11
kupranugaris,11
atsigabenti,11
svajonėse,11
karinėje,11
pamaitinsiu,11
Bilalai,11
bikini,11
nuosava,11
nuosavo,11
nuomonių,11
Palm,11
nelaukti,11
nelaukiamas,11
nelaukit,11
užkasė,11
užkeikimo,11
užkasiau,11
kariškis,11
Karl,11
pašerti,11
pašaudyti,11
desantininkų,11
atlaikytų,11
įsibrovimas,11
kaba,11
išgelbėjimo,11
Pašą,11
pašėlę,11
departamentu,11
Hogvartse,11
Kovaksai,11
atkrintamąsias,11
turėdavau,11
mažvaikiai,11
pašnekėsim,11
reklamuoja,11
Rejesą,11
gamtai,11
gamtinės,11
Billas,11
rekomenduočiau,11
nesileidžia,11
Dereką,11
svarmenis,11
svaro,11
minias,11
nuostaba,11
nuoskaudą,11
eliksyro,11
paliktą,11
reklamose,11
vykusi,11
apgailėtinų,11
apgalvota,11
istorinio,11
užkandžiais,11
mažinti,11
gobšus,11
pažangi,11
Reksui,11
Arkties,11
atvykstate,11
karininkus,11
neleidžiate,11
balionėlį,11
prašydamas,11
praėjom,11
elgias,11
vadinsi,11
vadintum,11
Ijonė,11
armėnė,11
lazerio,11
Kenetai,11
religinga,11
Nesimaivyk,11
Nesimaišyk,11
lšsirink,11
lšleiskite,11
narvuose,11
narsa,11
Šventenybės,11
dvynukai,11
pažeidžiau,11
pažadėtum,11
godžiai,11
mašinytė,11
kostiumėlių,11
kostiumėlį,11
pratusi,11
fotografuoji,11
nuostabą,11
šviestuvo,11
demonu,11
Denahi,11
pažinčiau,11
Kostianai,11
sudužusio,11
lūšną,11
minutele,11
gerovei,11
vadybininke,11
bruožais,11
narkotiką,11
narkomane,11
senajai,11
minusų,11
pažadėjęs,11
atvyksim,11
vadybininko,11
šviestų,11
aikštėj,11
Ailende,11
palengvina,11
dykumoj,11
Įsakykite,11
kabliuką,11
kablio,11
kabinai,11
atkeliavote,11
analizatorių,11
pažinojome,11
pažiba,11
Napoleoną,11
atsijungiau,11
Semvaisas,11
nuotraukom,11
sveikam,11
tikrūjų,11
sudegina,11
analinis,11
bręsta,11
nuotykiui,11
elgsiuos,11
išspręstas,11
išsprogdinsiu,11
rengt,11
indėno,11
Kenu,11
fotografuot,11
neleistum,11
pažeminta,11
Denisė,11
tušinuką,11
kotletą,11
Napster,11
remtis,11
FoxRiver,11
Smurfete,11
kariavau,11
Karenui,11
greičiui,11
Grečiau,11
pažiūrėsit,11
elementą,11
elfe,11
paleidžiama,11
išgalvojo,11
įprastus,11
pažymi,11
dabartinį,11
neliestų,11
fotografų,11
geriausioje,11
apsirengiau,11
gyventumėt,11
gyvenusi,11
Dzeri,11
palatoj,11
palanki,11
nuperka,11
sudoroti,11
Atkreipkit,11
Helsingai,11
kurià,11
laukęs,11
sveiksti,11
sekčiau,11
Mirkit,11
užgęsinti,11
užgožia,11
užgaidos,11
Andersono,11
prasiblaškyti,11
nelyja,11
Nelė,11
prarasto,11
vadovybei,11
armada,11
klaupiasi,11
veikiantį,11
apsireiškė,11
kepsiu,11
subrendę,11
komentatorius,11
agurką,11
agurkėlių,11
šėlsta,11
Šėtone,11
garantas,11
garantiją,11
vadovėlių,11
vadove,11
nuoširdumą,11
šėtonui,11
Išspardyk,11
išspardyt,11
išskėstomis,11
išskleisti,11
klasėse,11
sveikint,11
sociologiją,11
sodai,11
socialine,11
korumpuoti,11
vystyklų,11
praplaukė,11
pranešęs,11
Dagu,11
repą,11
Replikantai,11
nuplaukti,11
atsigult,11
mazdaug,11
mazgas,11
mazgu,11
formuojasi,11
Sviftas,11
Selfą,11
klanų,11
Ikaras,11
klanai,11
Klarą,11
retos,11
respublikonai,11
nesielgiama,11
Holmvud,11
subtili,11
repetavau,11
Rentgenas,11
naminės,11
Sela,11
kurlink,11
pakuotė,11
nusiauti,11
elektrinės,11
nusekė,11
Garcia,11
laukiantis,11
atsiimsiu,11
nurodymais,11
gyviesiems,11
Systems,11
nuramint,11
pakvietėme,11
šūdžiui,11
agentūroj,11
nurašytas,11
dėstau,11
atsigriebti,11
kursai,11
svoriu,11
atvertas,11
laukinėje,11
mirtingieji,11
dėkosi,11
nurungti,11
tylėjau,11
tvirtų,11
tvirtinu,11
korumpuota,11
snukiai,11
pedalas,11
įrašais,11
atsigulė,11
fotografavau,11
fotiką,11
prancūziško,11
nesava,11
snukio,11
mačą,11
vedėją,11
apsistot,11
pedikų,11
prancūzais,11
dailininkų,11
dailios,11
aparatai,11
nesant,11
pranešame,11
prancūzą,11
subinytė,11
baltame,11
baltaodi,11
demokratai,11
pedu,11
nesidairyk,11
pederaste,11
pedikai,11
nurodymams,11
nurodymo,11
kerinti,11
broken,11
Rezendesai,11
nakt,11
kišuosi,11
Arkanzase,11
Kaimanų,11
kaimelį,11
kailių,11
baltaodį,11
baltaisiais,11
Styvą,11
peliukas,11
kairiąja,11
karantine,11
išgaruoja,11
Įnirši,11
Pelenės,11
demone,11
Andželina,11
Kaimanovai,11
Kaimanovą,11
tiesioginiam,11
atvažiuoji,11
Riddickai,11
režimu,11
seksualią,11
seksualinė,11
atsikels,11
karaokę,11
apsisuka,11
gyvulių,11
gyvuojate,11
žadintuvo,11
išmintimi,11
ųjų,11
bičiulė,11
gerbtų,11
nusigaut,11
įleisiu,11
įlankoj,11
stygius,11
Stumkite,11
kaimui,11
įlįst,11
nerūkyti,11
paklausysiu,11
paklausia,11
britu,11
Nagijevo,11
paklodę,11
pakliūsiu,11
paklausėt,11
Paklausykime,11
Sonoje,11
BBC,11
dailidės,11
daikčiukų,11
nemažiau,11
delfinų,11
penių,11
riedučiai,11
kairiąją,11
įkūrėjai,11
someljė,11
Sonare,11
Penelopė,11
fi,11
sonmi,11
Sonnys,11
kerštui,11
važiuotume,11
apsivilkau,11
sąvokos,11
sąsiuvinio,11
kvadrate,11
Tiamat,11
ThreeBees,11
nacistai,11
Arkanzaso,11
vagonėlis,11
vagonėly,11
Vagneris,11
bjauresnis,11
bjauria,11
rimtumą,11
Pentagono,11
stulbinamai,11
Il,11
ikart,11
atsiknisti,11
išsiveržti,11
išsivežti,11
rimas,11
nerūkė,11
įmanomus,11
kaimynui,11
įkąs,11
dekoracijos,11
peralkęs,11
peraugo,11
nervinies,11
atjungtas,11
atjos,11
Holi,11
Hollow,11
Bazuka,11
Nerisa,11
nerimaut,11
fiksuoja,11
vėmiau,11
Maxie,11
matytųsi,11
nemažėja,11
pralėkė,11
pralošt,11
pralieti,11
stuobry,11
brigadą,11
išsiversti,11
pakilęs,11
pakilt,11
deka,11
perimetre,11
pergulėt,11
praleistą,11
sėdynėj,11
lapelius,11
gyvūnu,11
mūza,11
gerbėjams,11
sekimą,11
misteriui,11
mįsles,11
užduoda,11
Peregrine,11
dainavome,11
dainius,11
dainavai,11
Soyuz,11
užeinu,11
ateitim,11
žaidžiantį,11
nusikalęs,11
elektrikas,11
Sony,11
matymą,11
pralaimėtojas,11
užduot,11
uždraustą,11
žaidėjais,11
išsisuksi,11
pakeitę,11
pakeltomis,11
nusimauti,11
nusileidžiant,11
Pakelkim,11
pakeli,11
neribotam,11
pakilusi,11
pakilimas,11
nusipirkome,11
nusiperka,11
sėdėtų,11
sėja,11
lankysiu,11
wanna,11
apakau,11
Stryto,11
Grei,11
maitinu,11
maitinau,11
tėkmės,11
praktiška,11
ritmu,11
riteri,11
sedi,11
sedėjo,11
Sebastianą,11
apsitvarkyti,11
klajojo,11
klajoklis,11
nerašė,11
paketai,11
pakenkė,11
Mūras,11
gąsdint,11
Gėbelsas,11
nusimins,11
individas,11
komitete,11
pergyventi,11
karaliavimas,11
vėluos,11
vėluot,11
apatinės,11
nereikš,11
nerašei,11
prajuokinti,11
neramumus,11
angelais,11
angare,11
anekdotų,11
Anetė,11
Filipsas,11
perkate,11
Riveraną,11
Rivendelą,11
pakankamą,11
žaisčiau,11
išsiskyrus,11
Miuncheno,11
Gatorade,11
pakeiskime,11
seifų,11
vaidinsi,11
išsisklaidys,11
Išsiskirkit,11
rizikuočiau,11
rizikavome,11
mėsainis,11
Brenemanas,11
praktikai,11
nemoko,11
apakintas,11
fondai,11
pralaimėjimų,11
pralaimėjote,11
sotūs,11
klaidu,11
Džaredas,11
persekiotojas,11
persekiojimo,11
Deivianas,11
išeidama,11
išeiginė,11
perlai,11
Perkinsas,11
apskritimas,11
Apsižvalgykit,11
varžtų,11
atspėt,11
Vatling,11
išsiskirsime,11
žaismas,11
pakalbėsi,11
eksperto,11
pakartotinai,11
mėnesis,11
Mitrilas,11
Misūryje,11
Miuncas,11
lankininkų,11
Ketrin,11
Matthew,11
Honorina,11
kopūstais,11
prakeikia,11
nemąsto,11
nemylėti,11
Spartako,11
tyrą,11
ekstazi,11
pakaitalas,11
pakaitalą,11
pajunti,11
Nusitaikiau,11
Lan,11
Lam,11
nusivalyti,11
Heivudai,11
nusitaikykit,11
nusisuks,11
Adams,11
Taho,11
atsikratymo,11
nusipraust,11
ekspreso,11
XVI,11
wouldn't,11
stovėsim,11
Mak,11
Džanglo,11
išmoksite,11
nusistatymas,11
pajaučiau,11
perkirsti,11
perkeliu,11
Užduok,11
atejote,11
atgabenk,11
tėtės,11
išeikime,11
nenatūralu,11
perleido,11
neprivalot,11
nepritarė,11
perpildytas,11
tėkmė,11
stoveti,11
gražusis,11
mėgstamiausio,11
persikelsiu,11
maišosi,11
Greisės,11
Straikeri,11
Filipinuose,11
Filadelfiją,11
nepykite,11
perlais,11
Bredšo,11
Bredui,11
Robiną,11
argumentus,11
savotiška,11
persistengė,11
persimesti,11
persikėlėm,11
paimsite,11
mėlynais,11
mėlyname,11
mėlynes,11
Robertui,11
Taileriui,11
atsparius,11
atskleistų,11
Williams,11
Izraelyje,11
Izolda,11
izoliacija,11
kopimo,11
tėtuku,11
tėtušiu,11
kompiuteriais,11
Džeiką,11
Džeidės,11
wiedersehen,11
praeitim,11
nenorejo,11
nenoriai,11
dalims,11
dalinasi,11
Arizoną,11
vaikeliui,11
arijò,11
Arikas,11
varpelį,11
Rodni,11
rodome,11
Rodionai,11
kišenėmis,11
kišeninį,11
Kitė,11
pailseti,11
žemyno,11
žemą,11
Rodionas,11
vaikigalis,11
Yorko,11
Spieris,11
Spencer,11
masinos,11
pradinių,11
deimantu,11
nepriklausomus,11
nepriimti,11
sausuma,11
žavios,11
žarnyno,11
ypa,11
batonas,11
speaking,11
Kalahanas,11
pradingai,11
mėgiamiausia,11
rodot,11
eksperimentu,11
vaikščiotų,11
Tfu,11
teturime,11
Teterboro,11
sausų,11
Kalai,11
kalakutienos,11
įkalbinėti,11
ekranus,11
nusičiurkšti,11
Paiko,11
Brauną,11
Rodžerio,11
perskaityčiau,11
perskaitytum,11
Makleišas,11
Makgarikal,11
Gregoras,11
storų,11
storo,11
prabuvo,11
pagulėti,11
pagrobėte,11
atsiliepimų,11
pervažiavau,11
pervažiuoti,11
tėčiai,11
perspėjai,11
personažą,11
atskleisk,11
ketvirčius,11
apsunkini,11
mąstantis,11
blefuoja,11
blauzdos,11
ble,11
varpo,11
persiuntė,11
pailsinti,11
paiimti,11
paieškai,11
težino,11
savarankiška,11
Savana,11
talentingi,11
filmavau,11
bandantys,11
įjus,11
kalbek,11
pertvaros,11
pertraukiu,11
pertraukų,11
pertraukas,11
nuslopinti,11
nuskriausi,11
Žengte,11
išsinešė,11
Gėgeno,11
Filui,11
degindami,11
perstatyti,11
pageidavo,11
pagelbėt,11
laiptinėje,11
žengs,11
Ženevoje,11
Ženečka,11
acto,11
nuslinko,11
prabėga,11
gorilos,11
spaudžiau,11
Kventinas,11
kvapai,11
abėcėlė,11
abėcėlės,11
ekipažo,11
komplikuotas,11
komplimentus,11
komplikacija,11
požemyje,11
kompaktinių,11
Uždekite,11
uždengtas,11
uždaręs,11
varginti,11
tamsiais,11
tampyti,11
Stivensonas,11
Baneri,11
stiprumo,11
uždarų,11
kompozicija,11
pageidausi,11
vargsta,11
imsite,11
Romanyčiau,11
mylėtojas,11
tampama,11
Saunu,11
Varianai,11
kopas,11
kontroliuoji,11
kontraktus,11
stoji,11
neprasidėjus,11
pagonių,11
gėręs,11
gėrybes,11
džentelmeną,11
Philippe,11
pH,11
atgaivina,11
užbaigtų,11
Makvyną,11
išdaviko,11
kalbėdavo,11
teroristu,11
teroras,11
pagamint,11
pagalvočiau,11
abonementą,11
išsilaipinti,11
pagautų,11
pagamintų,11
blizgantis,11
Heiganas,11
Hedare,11
Hedlis,11
išsikėlė,11
žiauriausias,11
žetonų,11
atsiuntėt,11
prabangiai,11
prabangių,11
nenumatytų,11
nenuleidžia,11
peržiūra,11
nepraleistų,11
areštuokite,11
arena,11
Abigeil,11
abipusis,11
žiemų,11
Vainius,11
saujelė,11
sauk,11
blogiausiam,11
tapdamas,11
Rona,11
vaikyti,11
vaikėzai,11
ilgimės,11
Vanko,11
Vano,11
vandentiekį,11
vandenynai,11
Stiva,11
nuspėjama,11
pagamina,11
pagalbininkų,11
kviestis,11
Tancredi,11
nustebę,11
Dženės,11
įgijau,11
potvynį,11
Komptono,11
komplekso,11
uždarome,11
spinduliuoja,11
poveikių,11
anglį,11
dalykėlio,11
nenusiplauna,11
nenusispjaut,11
neplanavome,11
Phillipsas,11
Gazza,11
Row,11
padvėsė,11
Anios,11
nenusileido,11
nenupirksi,11
Nenurodinėk,11
postai,11
užbaigčiau,11
Grace,11
Bataisko,11
tepalas,11
nenutuokiate,11
flirtuoja,11
postams,11
nenusižudė,11
filmuotos,11
filmuosime,11
nepradėsiu,11
Hadson,11
Rourke,11
archyvai,11
archyvo,11
archyvų,11
archeologas,11
kis,11
Heimdalai,11
nepažįstamuoju,11
por,11
zemes,11
Zeibelas,11
martiniu,11
atimtas,11
Poseidonas,11
portretus,11
degančių,11
nepradedi,11
nepradėjai,11
Marsė,11
Marselis,11
marsiečiai,11
stipresnį,11
stipriais,11
Kid'as,11
kibirkštį,11
kibiras,11
vamzdi,11
Ruanas,11
išsigąs,11
Martos,11
pietavau,11
nutekėjo,11
padugnių,11
padorių,11
laimikį,11
mušėsi,11
brandą,11
džiaugčiausi,11
Vanai,11
Zartos,11
nenužudysiu,11
nenužudytų,11
spontaniška,11
spjūvis,11
gotas,11
Halką,11
Taquito,11
tęstųsi,11
popiežiui,11
stereo,11
išdidi,11
Įdėkite,11
kandus,11
Zed'ai,11
Zarthos,11
saugom,11
blogiečiai,11
teritorijų,11
muzikantus,11
haliucinacijų,11
nepavogiau,11
pievoje,11
Nepertraukinėk,11
nuteisiamas,11
blogiausią,11
Satinai,11
teritorijas,11
teritorijose,11
Kvinse,11
blizgesio,11
blizgančio,11
gražuoliu,11
stimulas,11
stimulo,11
stikline,11
finansinius,11
pikniką,11
debilų,11
nepažins,11
dangtis,11
stiklinių,11
malonumus,11
maloniausias,11
sportinių,11
sportininkų,11
įgavau,11
Maldyvuose,11
nutilti,11
žiurkėno,11
žirklių,11
žirklėmis,11
žirnelių,11
išsidirbinėti,11
išsigandusį,11
Popins,11
tapsit,11
atsilošt,11
Hatavėjus,11
išmokęs,11
išsidirbinėji,11
padidinta,11
padegiau,11
Džiudė,11
Udėjaus,11
stengies,11
stengsimės,11
įdomumo,11
įdomesnių,11
užbaigiau,11
užbaigsi,11
užaugom,11
Valyk,11
valstybinį,11
kiekvienus,11
impotentas,11
tarnaus,11
Kirskidurki,11
sprendimui,11
Kanas,11
nutrauktų,11
padedamas,11
Rupertas,11
Brando,11
gedimo,11
atsitrenkia,11
Haleris,11
moksliniai,11
įgaus,11
įdomumas,11
kaline,11
žinioms,11
padirbėjom,11
Haičio,11
nuvalyt,11
nuvalė,11
mokslininku,11
padarytumėte,11
eilute,11
eilutes,11
policininkė,11
nepaiso,11
DEA,11
nepavaldus,11
mulkini,11
mulkiui,11
rusė,11
musulmonas,11
blyksnius,11
blusos,11
blužnis,11
mokslinę,11
Sari,11
blokus,11
blokavo,11
Murėjus,11
vairuotojus,11
kirtau,11
vakarienes,11
Mulle,11
užaugtų,11
Houvardai,11
Houvelas,11
Popas,11
nepabėgau,11
zinome,11
Zidleris,11
atiduota,11
tarnyboj,11
laikėme,11
žiūrintį,11
laikrodi,11
Hamos,11
atsipalaiduoja,11
nuvilt,11
nuvežtų,11
Džoelas,11
padainuokime,11
Tenesyje,11
išsiaiškinsite,11
išsiaiškina,11
padaliniams,11
Džoisė,11
atsitempė,11
nepaaiškina,11
pomėgis,11
pomidorus,11
nepadėtų,11
nepadarėt,11
nepatyriau,11
bastosi,11
Spring,11
pilku,11
Stepanas,11
atidus,11
politikais,11
Dani,11
polinkio,11
nepatenka,11
nepatikau,11
Steelers,11
Zoilai,11
Markez,11
Spręskite,11
Sprukit,11
grafystėje,11
Maroko,11
policininkams,11
išaiškins,11
kamuoliukus,11
ėmėte,11
ėrienos,11
Čurda,11
pilvuką,11
pilotus,11
marmuro,11
Močai,11
Ružo,11
Ruzvelt,11
Mumbajų,11
mokinio,11
mokinti,11
mokiny,11
hear,11
nuvežčiau,11
Nuvežkit,11
pabūklą,11
pabėgėlius,11
mokina,11
sargus,11
sapnais,11
tempiau,11
Pinjata,11
pinigÖ,11
nepastebėjote,11
nepajudėjo,11
Konfederacijos,11
Sprogdink,11
zmogaus,11
žmogiško,11
pipirai,11
antena,11
antenos,11
malonybe,11
gražiausi,11
gražiausių,11
Bankoke,11
Mamajevos,11
Valiumo,11
kiosko,11
vaizdingai,11
vaizdais,11
gelbeti,11
pabūkit,11
žmogienos,11
žmogiški,11
valiau,11
MTV,11
išryškinti,11
išrinksiu,11
Džon,11
Boudi,11
Bosnijoje,11
Mpudi,11
antakių,11
kaltininkas,11
kaltinate,11
kalt,11
kaltinama,11
unikalūs,11
atidarysime,11
piramides,11
Anoro,11
Čo,11
čiumpam,11
pipirais,11
Dawn,11
davo,11
davus,11
stebėjimą,11
Tatjaną,11
sandėlius,11
motyvacija,11
taupymo,11
taureles,11
stebimi,11
mandingo,11
spės,11
Mount,11
motyvuoti,11
vaišių,11
tasai,11
Rėjum,11
ryžosi,11
ryškios,11
ryškumo,11
srauto,11
sriubai,11
grazu,11
spėjame,11
barus,11
markės,11
markių,11
poelgio,11
Marieta,11
usi,11
Urukai,11
graužė,11
Finčo,11
nepajėgsiu,11
Flino,11
plyšio,11
7-tą,11
pabandei,11
pabandys,11
nušviesti,11
4-as,11
7-ą,11
7-osios,11
nušalino,11
piramidę,11
piratais,11
atsisveikinu,11
atsisveikino,11
nužudant,11
teliks,11
telkia,11
kėdėj,11
kalvoje,11
išbandys,11
Davickio,11
daužyt,11
zvčris,11
zuvu,11
išbandymo,11
zonų,11
kyšis,11
taviškių,11
nepalaiko,11
pirkėjams,11
pirkėjo,11
Barauzo,11
nepaklausiau,11
Antonijaus,11
genetika,11
Santinas,11
tauškia,11
laikmatis,11
apylinkių,11
imantis,11
rėmėjams,11
Kytas,11
plėšė,11
pabudimo,11
Džozefina,11
nužūdyti,11
paaukosiu,11
rėmėjus,11
rėksi,11
motorolerio,11
nepasiimsi,11
pirmagimis,11
Davidui,11
Čipai,11
čigonė,11
stasius,11
pirmajį,11
pliką,11
motinėlę,11
moteriškės,11
paaugai,11
paaiškinsit,11
Čenai,11
pjaustyt,11
Piuteri,11
nepasiliks,11
išnaudojama,11
išradingas,11
paaiškintum,11
Džėjumi,11
Hareri,11
sanderis,11
rėžimas,11
rėžimo,11
zombiu,11
čigonai,11
marionetė,11
Marinka,11
mokėsit,11
genas,11
Samsonas,11
mokėsime,11
nepaliksite,11
Manhatano,11
nepakenkė,11
nepakeičia,11
plokštelių,11
plokštelės,11
pirštelį,11
statulų,11
Valentaino,11
valdytojui,11
rūpesčiu,11
motais,11
atsistato,11
taškeliai,11
laidose,11
fizinius,11
žurnaliste,11
25-erius,11
išpuoliai,11
išpuolius,11
vakarine,11
samdinių,11
taviškį,11
nykščiu,11
pliku,11
plepėt,11
PleinvÓjus,11
Pliuše,11
žudant,11
rūgštimi,11
žurnalistą,11
žudytų,11
20-ojo,11
atsipirks,11
atsiplėšti,11
tekt,11
orko,11
Oriono,11
teiginys,11
teiks,11
O'Conneri,11
rūšiai,11
gelbėjame,11
apvogei,11
kind,11
salono,11
išprievartaus,11
žudytis,11
kalėdinę,11
Kalėdomis,11
imigrantus,11
imigrantų,11
kilnumas,11
techninės,11
techniniai,11
egzaminui,11
statome,11
statoma,11
mania,11
nepasenai,11
nepasakoji,11
nepasigailėsi,11
nepasigedo,11
nepasiektų,11
barmeno,11
antrajame,11
Antonu,11
fire,11
mankštintis,11
Margaretė,11
išaugau,11
plaktuko,11
stambūs,11
uogienės,11
uogos,11
uodas,11
uostyti,11
uostų,11
uomina,11
uoliai,11
os,11
žvaigždutę,11
žuvytės,11
Ebi,11
Eddie,11
Oskorpo,11
atidavėm,11
stabdis,11
teigi,11
žuvim,11
žuvimis,11
išprašyti,11
išplėšei,11
orui,11
egzistuotų,11
Osgiliatas,11
atsisakytų,11
18-os,11
Edisono,11
Edinburgą,11
žydi,11
Harle,11
Žygiuokit,11
dare,11
žygiai,11
omaro,11
žygdarbiai,11
žygiavo,11
13-ą,11
žąsinas,11
teisybei,11
teismus,11
¹i,11
plauktume,11
Čeinį,11
Monsinjore,11
moralinį,11
bombarduoti,11
omarų,11
išnuomot,11
nepamatysit,11
nepamatysite,11
nepamenat,11
stalai,11
maratono,11
ùalininkò,11
ùiandien,11
Zūlanderis,11
neįrodyta,11
neįkąs,11
neįleidžia,11
Alfridai,11
šautuvai,11
iškeps,11
iškept,11
jautrumas,11
tremtį,11
surogatų,11
surinktų,11
surinktos,11
treniruotėms,11
treniravaisi,11
dizainerė,11
neįrodo,11
opą,11
optimistas,11
okti,11
operuosim,11
valdinga,11
išpažinti,11
krisiu,11
Trejybės,11
plaukiant,11
nepamirštama,11
planuojat,11
operatoriai,11
operacijoms,11
stabilizatorius,11
Barnsai,11
upelis,11
Edžiu,10
žąsų,10
Edvinas,10
11-os,10
operatoriaus,10
Edvardą,10
žuvie,10
žuvytę,10
žvalgybai,10
Harisono,10
žvejoja,10
smarki,10
smilkinio,10
smirdėti,10
Perkins,10
valstijai,10
Smirdžių,10
susimaut,10
ryžtis,10
susimaunu,10
impulso,10
imperijai,10
atsistos,10
Glover,10
glumina,10
25d,10
Edna,10
Galina,10
galingesni,10
slėpeisi,10
smuklės,10
Smitis,10
tebeturiu,10
Geilenas,10
susikrimto,10
motininį,10
Lilya,10
grąžina,10
motorinę,10
smogiau,10
valkiojaisi,10
perpratai,10
kilimus,10
rąstgalys,10
galingieji,10
quake,10
quo,10
mažylei,10
atsisėdai,10
Haroldu,10
nebeplaukiosiu,10
pykčiu,10
atsisuks,10
R.A.S,10
Ra's,10
Ladenas,10
pypsi,10
atsisveikinant,10
atsisveikinimui,10
nebereikalingi,10
techninis,10
1990-ųjų,10
laidoja,10
kilmingieji,10
nepuls,10
nerandame,10
impulsai,10
Kilikijos,10
kilimu,10
Deivei,10
ryšis,10
kime,10
valdovų,10
neprisimenate,10
nepriimsiu,10
persigalvosite,10
persigandęs,10
valdytų,10
vampyre,10
valyklą,10
Edorase,10
oficialaus,10
oficialiu,10
mažiuką,10
Edikas,10
Edinburge,10
bedieviai,10
žuvau,10
okupacijos,10
Oklahoma,10
mažiausios,10
racionalus,10
teatruose,10
Ladeno,10
nebenorės,10
radare,10
beginkliai,10
kilniai,10
valdų,10
valgytų,10
apšaudomas,10
neramumų,10
nerandam,10
valstybinius,10
limuzinu,10
susijaudinus,10
perlenki,10
kietesni,10
grąžintum,10
rūkysiu,10
perimt,10
limitas,10
valtim,10
radikalus,10
nebeturėsime,10
4-os,10
22-eji,10
ora,10
odis,10
oralinis,10
valiutos,10
Boremontai,10
Borisovai,10
motinystės,10
motociklais,10
limpa,10
susikirtimo,10
Valžanas,10
Limos,10
moteriški,10
perskaitytų,10
močkrušių,10
muchentuchen,10
perdėti,10
grėstų,10
liktumėte,10
perskambinsime,10
neprisipažino,10
nepritari,10
Perkinsai,10
perkirto,10
apsvaigino,10
perduotum,10
valdantis,10
perduodami,10
neriasi,10
neriba,10
pergalingas,10
vandenynų,10
rafinuota,10
rafinuoto,10
bėgiojau,10
bėgioji,10
smėliu,10
been,10
before,10
O2,10
atsitikt,10
nebegrįžti,10
ordiną,10
Haroldui,10
kūrėme,10
nebrangu,10
Tedžio,10
tegali,10
teigiami,10
nebetikiu,10
kiborgas,10
pergalvoti,10
Filipą,10
nerizikuos,10
perkame,10
aptemo,10
Kibertroną,10
perdėtas,10
perduosime,10
periodą,10
perskaitęs,10
autorizuotas,10
orkaitėje,10
originalią,10
žmonom,10
Oskarą,10
Odesa,10
Išneškite,10
Žmogus-voras,10
Žorą,10
žudymai,10
orkestre,10
Byčą,10
büsiu,10
taryboj,10
žolytės,10
perskaitai,10
deguonimi,10
kilus,10
apsvaigus,10
Kingą,10
persvarstyti,10
nepriekaištingas,10
rykštė,10
apyvokos,10
liguistas,10
Deimonas,10
nepriklausomybę,10
bütum,10
kūdikiams,10
kūdikėlis,10
teisiu,10
medinį,10
mažesnę,10
glėby,10
galejai,10
slidi,10
slidinėti,10
slidus,10
Slavikas,10
snaiperius,10
medicininio,10
žodyje,10
mechanikos,10
Oahu,10
Obamos,10
autorinių,10
bombonešių,10
mostu,10
gelbėtis,10
ligota,10
linijai,10
Kevendišai,10
penkiese,10
Penės,10
impulsyvus,10
Sachs,10
vargšais,10
Vargšeliai,10
varikIis,10
Delai,10
delegacijos,10
dekoracijas,10
Kiaulpienė,10
apsups,10
Bradai,10
Braenai,10
rutiną,10
imsit,10
autografų,10
automatai,10
eBay,10
išniro,10
žmogžudžio,10
5-tą,10
objektyviai,10
Harlanas,10
žlugę,10
teisingiausia,10
kūrinio,10
Galcevai,10
odiniais,10
apšviečia,10
likimai,10
perspėtas,10
nepridėjau,10
Mukhtarai,10
neprieštarautų,10
susietas,10
susietos,10
rūpinamasi,10
Brainas,10
Brad,10
vairuotų,10
filmavai,10
vakarieniausime,10
vakarieniavom,10
Vajos,10
vaizdžiai,10
KIPŠAS,10
vartytis,10
God,10
slapstėsi,10
slaugytoja,10
glaudžiai,10
Ozava,10
teisėsaugai,10
mašinėlės,10
gniaužtų,10
smurtauti,10
Sleiter,10
snaudžia,10
smūgiams,10
egzistuoju,10
Orlandą,10
Aa-aaa,10
išsibarstę,10
medinių,10
vaizdajuostės,10
nervinatės,10
Khaleen,10
films,10
ketvirtadalį,10
deliuzija,10
delikatesas,10
Kiranas,10
Rutai,10
susiraukęs,10
Vaito,10
Khalidas,10
vaistinė,10
Rusty,10
tarnybas,10
nebijojai,10
nebijojo,10
nÓra,10
išsenka,10
Rafa,10
žinosit,10
Džulijanas,10
tarptautinių,10
Hamiltono,10
Saimonui,10
rūsius,10
pelėdą,10
susidorot,10
pelnytai,10
nesakytų,10
Penderis,10
festivalio,10
Ketutai,10
Boltonai,10
apskaitą,10
pelekas,10
Bolivijoje,10
varžosi,10
vartais,10
vartojai,10
vatų,10
vaziuoti,10
kirpt,10
kirti,10
nesapnavau,10
vaškas,10
Puppy,10
gaištam,10
atsipeikėjo,10
nedaroma,10
Mačete,10
Snoop,10
Tejau,10
nebuvimą,10
Oudžėjus,10
egzempliorių,10
galerija,10
teismai,10
ragauti,10
ragavai,10
Oudžėjau,10
snargliai,10
kirpyklą,10
kirpėja,10
bout,10
Bovi,10
Murdokas,10
arbūzą,10
susidaryti,10
Morganui,10
kirčiu,10
nepranešei,10
Morin,10
linksminsimės,10
apsiversti,10
pažymėjai,10
Moriją,10
galiniu,10
išmokytų,10
nužudytą,10
Aarono,10
laikysies,10
gailitės,10
P.S.O,10
tekėtų,10
NyIai,10
Teitai,10
8-tą,10
Peidžė,10
Pelitas,10
fenomeną,10
moralinę,10
pažvelgia,10
dengė,10
nesigailėsi,10
vaikštome,10
Pelitą,10
peliuką,10
vaikščiojai,10
vaikščiojantis,10
nepraleidžia,10
vaikštinėju,10
Keršytojų,10
Kėjų,10
atsinešėte,10
atsimokėti,10
žiebtuvėlis,10
pabaigčiau,10
Džulę,10
iliuminatai,10
vairavai,10
ilgumo,10
arbatėlė,10
Arboro,10
bolido,10
vaikštinėti,10
grybukų,10
Gryffindor,10
Linusą,10
ferarį,10
pažinsiu,10
ilgėsimės,10
ilgalaikę,10
vaikutis,10
susirgsiu,10
peržvelgti,10
pažintum,10
gruzinas,10
Fengai,10
dengi,10
Indonezijoje,10
nesigavo,10
Murisas,10
gebėjimo,10
grįžtat,10
važiuodavo,10
važiavot,10
lietęs,10
susirinkimai,10
susirinkimų,10
Beketo,10
Beketą,10
Bekingemo,10
mazgus,10
Džuli,10
nušvinta,10
snukiu,10
Mašido,10
Bebaimių,10
skyriuose,10
skyrėsi,10
išsidirbinėju,10
mačiausi,10
puodeliai,10
puodeliu,10
Būnai,10
sakinius,10
moon,10
sakantis,10
Lio,10
moraliai,10
ilgesnės,10
ilgesnį,10
piceriją,10
Phillip'u,10
Argentina,10
Sakale,10
vaikeliu,10
apsispresti,10
pažintų,10
Kitę,10
tariu,10
tarme,10
kylant,10
Kytonas,10
žiede,10
Abrakadabra,10
nuėjus,10
žibintuvėlio,10
laime,10
Džounsui,10
Džozės,10
išsigimėlė,10
išsigelbėjau,10
Džudė,10
pulką,10
Žingsniuok,10
išnaikino,10
išsikapstys,10
vedamas,10
Felzneris,10
apsisprendimas,10
ruošiaus,10
apsistosi,10
pažinęs,10
kepurių,10
keptuvės,10
pažangumo,10
pažangus,10
apsistosite,10
nesiima,10
pažadėta,10
Kerolain,10
nesikalbėjo,10
nesikalbėjome,10
pabundi,10
pabūtų,10
pabuvo,10
pabučiuočiau,10
išsikraustys,10
Ženkit,10
ženklelius,10
Džordžtaunas,10
išsikapstysime,10
neatvežė,10
Rajenai,10
raištis,10
išsilaipinimo,10
ralio,10
žiedui,10
nušokau,10
boksininkai,10
pažastis,10
pažeidimo,10
lips,10
pianistas,10
Arielė,10
surinkom,10
monsieur,10
Arkamo,10
lipnus,10
Arkada,10
pie,10
nepradeda,10
matytu,10
glitimo,10
skyriu,10
nedomino,10
Sofia,10
skylėta,10
Džonsoną,10
išsilaipins,10
išsilaižyti,10
išsilakstė,10
skysčiu,10
pabėgusio,10
žibintuvėlis,10
žiaurius,10
neperku,10
Denisą,10
nesijautė,10
veidelio,10
veidrody,10
argumentai,10
rugsėjis,10
Rumunijos,10
susitaikysit,10
susisiekėme,10
pažeis,10
nesikalbėtume,10
Brandas,10
Braitone,10
klaikus,10
liestis,10
tapdavo,10
tapetų,10
psichologų,10
žavėjo,10
žaviesi,10
nušauna,10
gailestingumą,10
pudingą,10
Nedrįskit,10
Nedrįskite,10
pudra,10
Atsilošk,10
temstant,10
Puf,10
galinčios,10
Templ,10
ženkliukas,10
pabusiu,10
Dentu,10
surastumėt,10
susisuko,10
gebėjimai,10
Saliamono,10
Nesiliauk,10
grubu,10
ikrus,10
degantis,10
pašoktum,10
kentė,10
feisbuko,10
avigalvi,10
suradę,10
Saliamonas,10
nesimokiau,10
nesimoko,10
Nesimuistyk,10
pašovei,10
saldu,10
pašoksime,10
Heinai,10
Hein'ai,10
Kvinso,10
Meibri,10
medžioklei,10
bažnyčias,10
atsiminsi,10
tenorėjo,10
išsimiegot,10
laimėjimo,10
laimėjus,10
kvitai,10
Hall,10
laimėje,10
psichopatai,10
sodus,10
apsirengsi,10
apsirengė,10
geležinkelį,10
kenčiantis,10
kepiau,10
kentaurai,10
vejas,10
velk,10
Velniam,10
nepaveiks,10
nepavogė,10
ikt,10
Nee,10
provokuoti,10
padainuočiau,10
terliotis,10
išsiskyrėte,10
Adoni,10
Nedą,10
Džoanos,10
Džoineris,10
nedorą,10
psichinis,10
psichologai,10
Ženevos,10
piešinyje,10
piešk,10
pieštukas,10
pieštukus,10
pigiais,10
saldžioji,10
aviganis,10
surandi,10
klasikinę,10
klasiokai,10
piliečiams,10
piliečio,10
Pilara,10
pikapas,10
gele,10
pigius,10
deramą,10
skurdžius,10
megztinio,10
megztiniu,10
megztinius,10
Sona,10
padalinti,10
song,10
Goldstein,10
Megane,10
pacientės,10
išmokas,10
išmokinti,10
išsiplėtę,10
HeIena,10
Ternai,10
psichiatrine,10
nedvokia,10
Solomono,10
Bazilis,10
pažaboti,10
nesimatė,10
velniūkšti,10
ilgalaikių,10
debiliškas,10
desantininkas,10
Kemą,10
paūmėjimas,10
Venk,10
Kelvino,10
pašalinį,10
pašaliniai,10
pašalinimas,10
pačiuose,10
liudija,10
samdomi,10
atsilieku,10
kvaištelėjęs,10
žaidėt,10
išsitraukia,10
Laineli,10
Džiokerį,10
išsiskirstė,10
padavėjos,10
padebesiais,10
atsiliekam,10
nuveikt,10
išsirinksi,10
Džojis,10
Adam,10
nuvertėjo,10
Vendeli,10
Ingrida,10
pašauks,10
grupelę,10
pačiulptų,10
Salivanas,10
mon,10
vadovus,10
derinti,10
muzikantą,10
pašaukti,10
gubernatorių,10
liepsite,10
susitarsim,10
rudų,10
Rufai,10
Kembelai,10
terorizmu,10
terorizmą,10
atsiliepimą,10
atsilikau,10
žaislo,10
Teseraktą,10
gailestingi,10
Tesk,10
atsiliepimus,10
žaidusi,10
negalimas,10
Džiulė,10
kvalifikaciją,10
laimėtoja,10
Terė,10
BBB,10
armij,10
vadovautų,10
Deckardai,10
gedėti,10
liudijo,10
runos,10
klaustrofobija,10
klaustukas,10
armėnišką,10
Deckardas,10
piko,10
ieškojot,10
vadinsis,10
Arklou,10
vadovaujama,10
detonuoti,10
Detroit,10
išsiuntėt,10
aerouoste,10
girto,10
nutrauksime,10
padedant,10
spagečių,10
Spaivi,10
girtuokli,10
spagečiai,10
skulptūras,10
išsisklaidė,10
Išsiskirkim,10
išsiskirsiu,10
Terrance'u,10
atsikėlęs,10
atsilaikys,10
atsilaisvins,10
padedam,10
nesirūpinu,10
pačiomis,10
Destroyer,10
apsimauti,10
apsimesi,10
Verciau,10
monems,10
detalėms,10
susitikimuose,10
gazelė,10
liekanos,10
armėno,10
Piligrimas,10
prostitutėm,10
kvailyste,10
Carlos'as,10
protestas,10
nutrauksi,10
Džilės,10
nutils,10
protestuoti,10
padejo,10
išsiveržė,10
išsisuka,10
išsisukom,10
kvailiems,10
nutukimo,10
žaidėjams,10
Bogsas,10
azijietis,10
Boga,10
Nesistumdyk,10
pilki,10
Mokėkit,10
Aziją,10
vergo,10
Nesiteisink,10
grumiasi,10
klausomės,10
nepatogi,10
Rubis,10
rubrikos,10
klaviatūra,10
klaustų,10
bausmei,10
materijos,10
Gorvi,10
padirbėjome,10
aferistas,10
išmintingi,10
spalvotas,10
Matildos,10
Matiasas,10
pilnomis,10
liukso,10
avėti,10
verkšlena,10
Vermeil,10
vergiją,10
neskaitė,10
neskaitau,10
neskaito,10
vertinama,10
verdi,10
vertinau,10
versliuką,10
detonatoriaus,10
injekcija,10
keliautume,10
pavyzdingas,10
pavojingiausių,10
vertinamas,10
pavogėme,10
pavogėte,10
verslininkų,10
pavys,10
nesitraukia,10
brangakmenius,10
Gauryla,10
aukščiausiame,10
vertingesnis,10
nutikimo,10
nutildyk,10
džiaugsmingai,10
prokuratūros,10
Heivort,10
ūgį,10
Belų,10
agentūrų,10
negandų,10
išspardys,10
išsiųsime,10
padidins,10
ūkininkauti,10
padidina,10
nutirpo,10
nepastebėta,10
nepastebėtam,10
injekcijų,10
susitraukė,10
Rožyte,10
Inn,10
keliaujat,10
keliavom,10
supistų,10
fašistus,10
kekšei,10
pavogtus,10
vestibiulio,10
paveldo,10
sandalus,10
skruzdėlių,10
šykštus,10
skrybėles,10
spaudimu,10
They're,10
Paduokite,10
Ahem,10
agresija,10
išminčiai,10
Gitana,10
negaletu,10
tetulės,10
einanti,10
tampate,10
tamsioje,10
verstis,10
pavidalo,10
superžvaigždė,10
keliaujant,10
vertint,10
suplėšė,10
mokytų,10
verst,10
myliesi,10
Dezai,10
užtrukt,10
užtvanka,10
Muškit,10
mylimiausios,10
vestuviu,10
profilio,10
prognozes,10
išspręstume,10
išspirtas,10
šviną,10
švyst,10
Tibetas,10
negandos,10
protingesniu,10
protingiau,10
projektorių,10
projekcijos,10
TheFacebook,10
masę,10
džiaugtųsi,10
džiaugsiuos,10
mušeisi,10
piniginių,10
nepastatys,10
liautumeisi,10
blyneliai,10
sandelio,10
molekulių,10
Mycroftai,10
geltonu,10
ađ,10
Liušai,10
pinigą,10
liūdniausia,10
vežimėliu,10
Ievą,10
šviesiaplaukis,10
ejimas,10
padėklo,10
džiaugsies,10
nuteisiu,10
išsprendė,10
neatrodytų,10
CCTV,10
profesorium,10
atsikratys,10
tiesas,10
Tichuanoje,10
Thule,10
Tia,10
tieisog,10
Tichuanos,10
kušetės,10
keliaujantis,10
dešimto,10
keičiau,10
vežimėlių,10
ieškinys,10
piratu,10
užtraukt,10
vesdavosi,10
paveiksliukai,10
užtrukot,10
užtrukote,10
Klintonas,10
skridę,10
Mel,10
Gitą,10
Mein,10
nutaisyk,10
nuspręstum,10
išskridau,10
šviestuvas,10
nutarti,10
nuteikė,10
dawg,10
dažau,10
Klemensai,10
Pipino,10
užtrauktuką,10
nepasitenkinimas,10
nepasitikėjimo,10
Finčas,10
nepastebėjome,10
pinkles,10
suomiai,10
suorganizavai,10
pavaldinių,10
suole,10
mokslininkams,10
mokslininkė,10
instinktyviai,10
Neskio,10
dešrainius,10
pavalgysim,10
pavalgysime,10
dešimtmečių,10
pavainiki,10
užtikrinsiu,10
pirkot,10
pirksim,10
pirktų,10
integruota,10
Rose,10
Interhamwe,10
susivaldyti,10
susižavėjęs,10
inteligentiškas,10
intensyvios,10
galutinius,10
talpa,10
gėrėt,10
atsikratei,10
gabename,10
profesionalaus,10
talentingų,10
švelnu,10
rančos,10
neatpažino,10
rankytes,10
butuką,10
ranku,10
gabeni,10
neatsakiau,10
finansinį,10
pirkėja,10
ropoja,10
nepasimatysime,10
nepasidavė,10
užsuksim,10
santaupos,10
idėjomis,10
daugel,10
Užtaisykit,10
nepasiliksiu,10
ištinka,10
mase,10
spikeri,10
pagalves,10
pagalvodavau,10
baudų,10
specialistu,10
specialiu,10
Mason,10
masinis,10
gonorėja,10
Speigo,10
gėrėte,10
rančoje,10
pirkėjui,10
Vidmorui,10
apsi,10
pirmaja,10
nesubrendęs,10
dešiniąją,10
pavaišink,10
užtaisytą,10
blužnies,10
nesmerkiu,10
moksle,10
blogyn,10
sunkias,10
neskuba,10
paukšti,10
ke,10
blondines,10
Sančesas,10
Hendersonai,10
atsiklaust,10
Hendersonas,10
tikimybės,10
nusprendi,10
švarią,10
centrai,10
Centrine,10
ištekėjusią,10
pagalvosim,10
šunsnukio,10
šunsnukiu,10
Šventenybė,10
nustebus,10
liūtus,10
LKC,10
blokų,10
sunkinančiomis,10
Paulą,10
pautus,10
santrauką,10
Vienišąjį,10
Sarafina,10
patyrus,10
patyrėt,10
užstoja,10
gausybė,10
nesueina,10
skraidantį,10
šuniuk,10
maršalą,10
spintas,10
skrandžiu,10
skrendate,10
skraidančių,10
maršalu,10
nuspręsit,10
ekonominio,10
pagalį,10
pagamink,10
produkcijos,10
benamė,10
kus,10
kurtizanė,10
Kurto,10
procesai,10
ištekėjusios,10
Roninas,10
Rono,10
mylimąjį,10
pavagia,10
pavadinote,10
Keiblai,10
Apsaugokite,10
suskaičiuotos,10
pirštelius,10
užsiėmiau,10
užsiėmimai,10
užsitęsė,10
užsivers,10
užsitraukia,10
pirminė,10
Rouzas,10
pirty,10
Ienktynes,10
pistacijų,10
nepasakosi,10
taktą,10
prižiūrimas,10
ištvėrei,10
gėle,10
aiškinkitės,10
pagimdys,10
taktiškumas,10
Aizengardą,10
ištraukos,10
ištraukėt,10
ištraukėte,10
Aizekai,10
Aizekas,10
Dženis,10
ištirt,10
švarkelį,10
vienišam,10
pjaut,10
vienetą,10
keiksmažodžių,10
Nestumk,10
Ienktynių,10
užstoji,10
Patronum,10
patruliuoja,10
patrulį,10
patrumpinti,10
kažkos,10
Kedro,10
patvirtintos,10
sapnuot,10
vienoda,10
vienodų,10
atsigaivinti,10
negreitai,10
kupranugarį,10
kuratorius,10
Skofild,10
tikroviškai,10
tikruoju,10
Hemptone,10
Tija,10
atsidūrę,10
Talboto,10
taktinę,10
nusprende,10
ekonomikoje,10
vienutės,10
vienybę,10
vienuolį,10
Apolo,10
Patriku,10
Dastinas,10
užsivilkti,10
sunaikintum,10
patrauklia,10
Applebee's,10
Farhadas,10
užsisegti,10
gaudyt,10
Lestatas,10
gaudytojas,10
Gundars'as,10
patrauklaus,10
ištraukėm,10
ištraukėme,10
pagrindiniam,10
nuskraidins,10
SKOLENAS,10
pagąsdint,10
ištrėmė,10
išlėkt,10
šuneliai,10
pagrobs,10
priėjęs,10
kupranugarių,10
atsiimsi,10
tikroviška,10
Šulcas,10
Fitzdžerald,10
gun,10
aprūpinimo,10
romantiką,10
romantiški,10
Kazlauskaitė,10
brangučiai,10
investuoja,10
kavalierių,10
nesuprasite,10
kautynes,10
aprašyta,10
vietinę,10
saskaita,10
didesniam,10
neatidarė,10
Laitingas,10
taksistui,10
Takemaru,10
šokoladinius,10
išvardinti,10
rasių,10
ištuštėjo,10
bendravom,10
Masardžio,10
paguldytas,10
nesulaukia,10
dialogas,10
nesuprastum,10
sumu,10
griūtį,10
lojalumas,10
nesulaužyk,10
nesukūrė,10
saugiklius,10
blogosios,10
patiną,10
ašį,10
neparduos,10
pižamos,10
Badis,10
pagrobėjo,10
Marvui,10
išvalytas,10
Martinui,10
Marselį,10
spragų,10
basomis,10
Springfildą,10
pagrobėjai,10
pagrobiau,10
Šrėderi,10
bendru,10
kupranugario,10
laivł,10
laiškais,10
nusižudyt,10
nusižengimų,10
nepasakėt,10
klykė,10
kavinėse,10
Kazachstanas,10
viešbučius,10
invazijai,10
inventorius,10
pižamas,10
roll,10
Rokį,10
užsispyrė,10
klubais,10
aukojimo,10
Lesai,10
firmų,10
šokiravo,10
šokiruoja,10
nusivylimo,10
ištyrinėti,10
bendrasis,10
šnipinėjai,10
nusiėmė,10
Gotfrydas,10
girios,10
išvariau,10
šoksit,10
plakatų,10
mylėjusi,10
Badi,10
Lokusto,10
fitneso,10
Vilaną,10
apmąstyti,10
Viktoru,10
baga,10
grojate,10
kaulams,10
fantomo,10
didvyriška,10
VieÕpats,10
viešbučiui,10
viešų,10
favor,10
Longstraidas,10
kausies,10
patiriate,10
nesusimąsčiau,10
viežbučio,10
viešinti,10
kaukimės,10
aplinkinių,10
aplinkai,10
sustainability,10
mėgai,10
sumals,10
Henko,10
Henrik'ai,10
kupolo,10
tikslumu,10
nusiuntėme,10
Džarvis,10
išlenkti,10
negyvensi,10
melioną,10
Akaboje,10
šnektelėt,10
išvengta,10
pagydys,10
pagyrimu,10
planavimo,10
aukseli,10
Roketas,10
užsirakinti,10
nepapasakojau,10
Vilfordo,10
didžia,10
nepalikčiau,10
Kodoro,10
plastikinį,10
vilkiu,10
nesusitvarkysi,10
skirs,10
išvers,10
pailsėjęs,10
pailsėsime,10
nusitempt,10
ratukais,10
ratukų,10
sprogimu,10
šniukštinėti,10
Paieškokim,10
išveda,10
negrįšim,10
priėmėm,10
tikėkit,10
išvažiavusi,10
išvažiuojant,10
knygyne,10
sumautame,10
sumažina,10
Longshanksas,10
Darsis,10
Babsai,10
Bachas,10
patikimu,10
Nepanikuokite,10
nesutemo,10
Vincentą,10
rogės,10
rodėsi,10
sumanumo,10
losjoną,10
lentoje,10
Roget,10
pajusiu,10
nusisukt,10
Lakiu,10
pajudėsime,10
Džefrio,10
pajausi,10
šluosčių,10
pakabinai,10
painioja,10
šokantis,10
painiava,10
akimirkom,10
šlubuoja,10
Džeikobsonas,10
menesiu,10
skiltį,10
išvirk,10
šnapso,10
iavo,10
Viljamsą,10
lentynoj,10
lentų,10
far,10
didžiausius,10
nesurasiu,10
platuma,10
platūs,10
Darijus,10
kaukia,10
Rodžerso,10
užsidėjusi,10
užsidėjęs,10
Asia,10
privalumai,10
privalėsi,10
Chelsea,10
tilteli,10
skils,10
skiaute,10
pakalnę,10
taisiau,10
Lakis,10
Takahashi,10
fėją,10
Fulkanelis,10
neateisit,10
kunus,10
kuolą,10
Cha-cha,10
cenzūros,10
blogesnį,10
blizgučių,10
Block,10
didžiuotumeisi,10
saugyklų,10
blogam,10
Modė,10
pateisinama,10
dienelę,10
saugote,10
mojuoji,10
viloje,10
vilos,10
pateikite,10
patarnauti,10
nusiraminkim,10
graibymo,10
pakakojo,10
pakabos,10
šliaužia,10
šlapią,10
pajuda,10
atsidurtum,10
ekstazio,10
Kupas,10
šmėklą,10
katilas,10
Katinuk,10
Patausok,10
Vinsentas,10
vinių,10
užsidirbsiu,10
nesuvokiate,10
nesustabdysim,10
katei,10
darbovietė,10
patekimo,10
užrištomis,10
Iabiau,10
užribį,10
nepamatyti,10
memuarus,10
Markusą,10
tinklelį,10
atspardysiu,10
Memfyje,10
išlaisvinu,10
išvyksite,10
skersmens,10
spyrio,10
spygliais,10
meluos,10
bendrininką,10
skiri,10
Barsumas,10
išvietės,10
bendrininkų,10
išlaisvint,10
šlepetės,10
plazma,10
užsiauginti,10
idealaus,10
užrišti,10
nepamatysime,10
didžiajai,10
didžiam,10
didžiausiam,10
asmenims,10
užregistruoti,10
užraktus,10
idealistas,10
Rodrigo,10
gatveje,10
lenkiu,10
nusimanau,10
kulniukais,10
eksperte,10
nusipirkčiau,10
išėjimu,10
nusipirkę,10
gėlytę,10
taikomės,10
šiurpas,10
atsparumą,10
taikomos,10
Herlis,10
skelbimo,10
sutaisyk,10
susėsti,10
Rodnis,10
Lorel,10
Bleiko,10
Modibo,10
sumai,10
suluošino,10
Fangorno,10
Augusto,10
kasytes,10
kasė,10
Fantina,10
pasėdėkit,10
sulėtino,10
Loreta,10
Virdžiniją,10
kasyklų,10
taikiklyje,10
taikinyje,10
Lambas,10
raumenį,10
Titovas,10
Kukas,10
prispaus,10
rausvas,10
Hermioną,10
tingi,10
Lamborghini,10
atsargą,10
pritaikytas,10
neigi,10
neigiamos,10
BaIdabju,10
sultonas,10
sultingas,10
pataikysiu,10
nesąžiningai,10
pasėlių,10
aplankei,10
pasveikinimą,10
mėgintų,10
mėgstami,10
aukojasi,10
Lovelo,10
Hypnocil,10
virėjui,10
irji,10
Diege,10
patamsyje,10
nepakels,10
nepakilo,10
koksą,10
pataikauti,10
astronautų,10
koksu,10
užrakintą,10
pastūmiau,10
nepaleido,10
širdimis,10
akvariumo,10
Barty,10
pakeliauti,10
pakeitėte,10
Skerdikas,10
Aknotai,10
AKR,10
nusipelnėm,10
atskristi,10
atslinko,10
taikikliu,10
rausvai,10
Rochas,10
Rocky,10
nesužeidė,10
pataisei,10
Astrida,10
sausumoje,10
sulaikęs,10
grizti,10
faktorius,10
katalogus,10
Diesel,10
atsargesnė,10
Marcus,10
Marcusai,10
menininkė,10
Iššaukit,10
dėžute,10
dūdelę,10
nusiminė,10
Marilyn,10
nesąmoningai,10
fantastišką,10
kasmetinis,10
nesėkme,10
apiplėšim,10
pasuks,10
Pastuzai,10
viršutinio,10
nesveikų,10
fakso,10
pastogės,10
pasu,10
pasuka,10
Užpilk,10
pliūpsnį,10
neteisūs,10
pliušinį,10
iam,10
Ian,10
asteroidą,10
plunksną,10
apiplėšinėja,10
nepajėgus,10
genuose,10
dienotvarkės,10
nepajėgsi,10
pliušinis,10
lengviausias,10
lengvos,10
pluoštas,10
kolege,10
Pakistane,10
Jackai,10
pakilimą,10
išlaisvinsi,10
skaudančia,10
skaudi,10
paklausim,10
Elei,10
PakIausyk,10
Hercogiene,10
Herkas,10
visdėlto,10
Kastelari,10
sutartŌ,10
nesėsi,10
nesėdžiu,10
apiplėštas,10
neteisybės,10
apieškot,10
isierius,10
Isildurai,10
Vitakeris,10
apibrėžia,10
apimtis,10
apibūdinau,10
savavališkai,10
saviems,10
Dilanui,10
netikrais,10
šildytuvą,10
Janą,10
cheminės,10
pakiša,10
aktyvų,10
aktų,10
Al-Salemo,10
spūsčių,10
paketus,10
pakeltas,10
pakeltum,10
srityse,10
grakščiai,10
baigusi,10
baigčiau,10
mižnius,10
Kasijų,10
neteka,10
dilema,10
ltalijos,10
vitriną,10
Mišelei,10
pokalbiams,10
užmyniau,10
plyšius,10
atakas,10
irštvą,10
apibūdintumėte,10
rašomasis,10
atsakomybėn,10
Todą,10
stabiliai,10
rausvą,10
Rauze,10
neaplanko,10
Tagi,10
neišgyvena,10
neišgyventų,10
išlaisvinai,10
razinų,10
robote,10
plėšrūnas,10
pok,10
Diku,10
pastatyčiau,10
paspruks,10
užnuodyta,10
užpakalinių,10
Gary,10
mėnesinių,10
Ričmondas,10
mėginsi,10
gaudavau,10
humoristas,10
užmirš,10
nepakartojamos,10
neišleidžia,10
neišleisiu,10
sūrių,10
hibridas,10
rašomojo,10
pakorė,10
albumu,10
albumus,10
pakovot,10
T.D,10
prisilietimas,10
Alainas,10
Alamo,10
prisivalgiau,10
prisipažinimo,10
prisipažins,10
prisipažįsta,10
prisiminsime,10
nusikalstama,10
nusikalstamą,10
netikru,10
Vitviki,10
Fakovai,10
pastatytą,10
Vitolis,10
irzlus,10
darbelių,10
Lumos,10
savomis,10
paslepia,10
netobula,10
mišinio,10
savitvardos,10
saviškio,10
suknistiems,10
Manzo,10
manźs,10
stabilizuoti,10
elektroninę,10
šiaurinio,10
menus,10
menėje,10
Mer,10
tolokai,10
Chorchė,10
nuryti,10
pakliūna,10
Taaaip,10
stabilūs,10
neapsaugoti,10
skaudus,10
Jaguaras,10
Sukrė,10
karštakoši,10
pasmerktų,10
suknią,10
netobulas,10
karà,10
ro,10
suteiktume,10
suteikčiau,10
užlipsi,10
pokštauja,10
Kolimas,10
užmiesčio,10
Staino,10
dėsim,10
Albina,10
jaudinančio,10
skandalų,10
iškylų,10
paspaudus,10
paspaus,10
netikės,10
poilsiui,10
Miunchene,10
miuziklas,10
poetiška,10
kartėlį,10
vokietė,10
vokiškų,10
din,10
netrukdai,10
paslaptingų,10
Volesas,10
suklydome,10
vogtą,10
netinkam,10
apgultis,10
apgaviku,10
karščiui,10
failų,10
Ešlį,10
netinkamų,10
suklydote,10
mitą,10
mitus,10
paskolomis,10
apgyvendinimo,10
kartosis,10
gasdinti,10
sutemstant,10
suteiktum,10
Mitzi,10
neišsiaiškinau,10
gąsdinantis,10
Toporkovą,10
tono,10
Tony,10
prisijungsit,10
Šermano,10
sūnėnu,10
told,10
tolerancijos,10
Cholinai,10
prisikėlimas,10
toloka,10
toptelėjo,10
kruvini,10
atrodč,10
sūraus,10
Lanisterio,10
toliausiai,10
Gunnaras,10
dantisto,10
Sutelkite,10
Užlaikyk,10
paskubėtų,10
rizikuosi,10
užlipęs,10
lendu,10
apgautas,10
nepadėkojau,10
nepagalvoji,10
Užmesk,10
užmiegu,10
nepagarbus,10
pokylis,10
užkrėtė,10
paskubėčiau,10
dingtume,10
Stanley,10
stalčiaus,10
staliukus,10
stambius,10
stambų,10
Mereno,10
ale,10
pakuotis,10
elektromagnetinį,10
neapdairiai,10
neapgalvotas,10
standartą,10
Rašykite,10
rašyseną,10
Landa,10
užkliuvau,10
užkasiu,10
užkast,10
se,10
Mičelai,10
Bjukenen,10
užkrauti,10
Dantė,10
baiminasi,10
diplomatijos,10
blaivi,10
suklaidino,10
netvarkingas,10
Vortonas,10
Vordeną,10
neuždarys,10
Seamus,10
Seiferio,10
palankumo,10
Šeldonas,10
Šemai,10
šerdies,10
Šerevinas,10
šepetėlis,10
jaunuosius,10
Alenui,10
palaidine,10
iškrova,10
dėkingumas,10
Nurija,10
Dzeusui,10
Šengas,10
Aleksa,10
iškrėsti,10
iskaitant,10
apgaulinga,10
kartojam,10
neutralizuot,10
sukišai,10
karoliai,10
Karoliną,10
dirbanti,10
Misisipėje,10
issiaiskinti,10
dingsties,10
Brentai,10
Bresanas,10
sukelsiu,10
Toshio,10
nuoširdumo,10
lankotės,10
nuplaut,10
Barbosą,10
Bardai,10
išklausytų,10
kryžiai,10
tona,10
herojė,10
Manolo,10
prisiekęs,10
brendis,10
Danka,10
Guns,10
guolį,10
Isus,10
vykdant,10
baisesni,10
baisesnio,10
baisesnė,10
karinei,10
paskaičiau,10
Vudsboro,10
užkasėt,10
nepailsėjus,10
vykdymo,10
kariuomenes,10
neužrakinta,10
krosnies,10
totaliai,10
šašlyką,10
algoritmai,10
nuožmūs,10
Dydsas,10
elgsiuosi,10
nuotekų,10
kruta,10
jaunesniu,10
našlaičio,10
Read,10
algoritmus,10
rašėm,10
prisiartins,10
alergiški,10
Alesija,10
vykdomi,10
paskersiu,10
vošiu,10
gerbiamo,10
voratinklį,10
lydeka,10
sukils,10
mirštantį,10
vykdėme,10
apgalvojai,10
nepadėjus,10
lankytojo,10
transliuoja,10
pripildyta,10
Chulijau,10
jausitės,10
skaitmeninio,10
Prisi,10
neišskiriami,10
neišspręstų,10
prisidėjęs,10
tradicinės,10
skaitydamas,10
skaitytojai,10
tragiškas,10
tradicinių,10
komandomis,10
atbraila,10
Danlevi,10
politiku,10
kombinacijos,10
Danbaras,10
ponų,10
Vronskis,10
Vudai,10
Karlosą,10
politiškai,10
nepadarėte,10
lemiama,10
Rivendeilą,10
ataugs,10
mėnuliu,10
dirbtinę,10
iškilus,10
paleiskime,10
paleistum,10
Elfais,10
maniera,10
paleidžiamas,10
Šauniausio,10
paleisit,10
jautęs,10
iškiltų,10
šeimininkių,10
šeimose,10
jaustumėtės,10
šauksi,10
neabejingas,10
Records,10
atstovus,10
Ne-a,10
šašlykas,10
šeimyninį,10
Poloko,10
užkandis,10
biču,10
lelijos,10
griovy,10
sekiklį,10
sukaupė,10
iuosi,10
Express,10
kariauna,10
kariauną,10
Bjankai,10
Exploreri,10
explosions,10
gerbėjos,10
Nazareto,10
redaktorė,10
skaitant,10
trankytis,10
statymo,10
ginkluose,10
status,10
ginčijasi,10
ginčo,10
manieji,10
Dyna,10
Dypraxa,10
šaukiant,10
šaukimas,10
skaitome,10
karininkui,10
vyresniojo,10
pasišalino,10
lydinio,10
pasiūlysite,10
sekančius,10
sekcija,10
suiro,10
pasivaikščiojimo,10
diskai,10
lyginti,10
užeisit,10
nepabėgtų,10
Hovardą,10
HR,10
šarlatanas,10
dykaduoniai,10
paleisčiau,10
neištikimybė,10
Chrizantemų,10
krokodilų,10
šaukimą,10
elgiaus,10
tramvajų,10
šaudoma,10
Navahų,10
našlaite,10
užgrius,10
užgrobta,10
nepadarytum,10
nenušaus,10
Karenu,10
nepadarysim,10
nenužudyti,10
mėtyt,10
nenuvylė,10
popiežių,10
Riversaido,10
rinkodaros,10
Ezra,10
popieriuose,10
sekretorę,10
sekretorei,10
neužsisakiau,10
rinkėjų,10
Užgavėnių,10
sekretorių,10
seksualų,10
seksualiau,10
seksualinius,10
užfiksuos,10
komisinius,10
ateinančių,10
Floridoj,10
kompas,10
lygumą,10
lygybe,10
komisarui,10
uždraustos,10
Aliošą,10
palinksminti,10
primušei,10
šansa,10
nuostabiais,10
Priminkit,10
kriterijus,10
statomas,10
JD,10
statei,10
alkoholikai,10
nuotrupas,10
Šarpai,10
alkis,10
Dvorfai,10
statinio,10
Station,10
kritinę,10
naujokus,10
šaltų,10
nuosavus,10
atradę,10
Trapų,10
primo,10
primuš,10
pripažinimo,10
atrakintos,10
atrankines,10
Trapas,10
Pripetę,10
apeina,10
pasiutlige,10
pasiutę,10
pasivadinti,10
vyresnius,10
Ezekielis,10
populiacijos,10
apelsino,10
Porto,10
sutrukdys,10
vyresnę,10
Portlendo,10
porininkas,10
pasivažinėjimą,10
pasiulyma,10
pasiuntinius,10
apdovanojimai,10
sugundyti,10
vyriškį,10
kompetencijos,10
kompiuterinis,10
porelės,10
pasiunčia,10
sektume,10
Mirksiau,10
lytis,10
vyriškus,10
vėlgi,10
sugrįžot,10
sugrįžote,10
seksualinės,10
geresnėje,10
siūlais,10
grass,10
Barbaros,10
palydėjai,10
elnius,10
jeis,10
dvyliktą,10
JFK,10
traškus,10
traukiuosi,10
elitinių,10
eliksyrą,10
pasitikėsiu,10
Grigsas,10
leitenantu,10
leitenantui,10
sutvarkytum,10
sutrikau,10
leisiuos,10
bakterijos,10
sugrįžom,10
Ivanovičius,10
Karak,10
karaliauja,10
karaliu,10
pasitiksim,10
sutrumpinimas,10
dalyvautum,10
kompo,10
vėloka,10
Tre,10
jodo,10
atstūmei,10
Allcom,10
šalikelėje,10
šakutė,10
šakutę,10
priklausote,10
Bančini,10
gimtojo,10
gimtąją,10
iškelt,10
Manchester,10
nuorodas,10
stažuotės,10
beprotystę,10
sutuoktinis,10
sutuoktuvių,10
Vyveris,10
karalystei,10
Komodore,10
rimsta,10
suvalgėm,10
rinkimas,10
nenusileis,10
nenupirko,10
vėrinio,10
tremtis,10
Jing,10
Jingwu,10
Hill,10
atplaišą,10
ginantis,10
jokią,10
Joko,10
krisdamas,10
Kriso,10
buką,10
galvutes,10
galvutė,10
bukmekeris,10
galvijas,10
Tredstouną,10
rega,10
gyvybinės,10
karate,10
suvaryk,10
distrikto,10
pasiteisinimai,10
pasitaisė,10
pasitarime,10
iuri,10
Biukenenai,10
sugriauna,10
sugriaut,10
Wesley,10
diskvalifikuotas,10
diskoteka,10
apartamentų,10
apatinę,10
aparatui,10
vėliavų,10
sugebėjome,10
Pamegink,10
šachmatai,10
jojame,10
šaldiklį,10
pamanęs,10
pamedžioti,10
alkoholizmo,10
atpažintų,10
frontas,10
higienos,10
nevertėjo,10
nevesk,10
pasisupti,10
neveiki,10
pasitarnavo,10
vėžlius,10
pozos,10
užblokuos,10
užbėgti,10
walk,10
povandeninės,10
anūkės,10
Kristianu,10
treniruotėje,10
cilindro,10
Prilaikykit,10
pamerges,10
dusina,10
prijungta,10
Mamajų,10
mamas,10
stebūklas,10
Mersi,10
beprotnamyje,10
treniruojamės,10
dvejonių,10
Jogis,10
Johanna,10
nuobodžios,10
Horvatas,10
užblokavau,10
sekundėlės,10
mirktelėti,10
lėlėje,10
dalykuose,10
gvardija,10
Gargamelas,10
neverkia,10
sugriauta,10
nenumatytas,10
Wayne,10
įžvalgumas,10
įžengsi,10
Dveinas,10
Jona,10
altorius,10
įžeidi,10
cigaras,10
treniravomės,10
Kriliną,10
kriminalinis,10
krikštynas,10
šakalas,10
neįdomūs,10
even,10
neėmei,10
Webas,10
Watchit,10
XXX,10
Yabe,10
Worthington,10
write,10
Wydell'is,10
Watson,10
minėjot,10
mirdavo,10
Williamas,10
Xanderi,10
semestras,10
Lėkit,10
dalinu,10
prabudai,10
lėksiu,10
DOCHOONG,10
pasirodysim,10
suverst,10
Brodvėjus,10
riestainių,10
riešutas,10
nagrinėjo,10
gydomas,10
gydosi,10
Izengardą,10
ciniškas,10
Kridi,10
Frenkį,10
Reichą,10
laughing,10
metamfetamino,10
nejuokavau,10
siuntimo,10
gražiame,10
stendo,10
metaforiškai,10
alėjoje,10
Jordanijoje,10
alternatyvą,10
nuodais,10
gink,10
prabusti,10
užaugusi,10
Evlin,10
Briuselio,10
pasirupinsiu,10
pasiruošiu,10
pasiruoškim,10
apakina,10
everything,10
nenešioja,10
nenešioji,10
nenešiosiu,10
atidarai,10
Whistleris,10
dalino,10
Uzi,10
utėlės,10
komunistas,10
Houpui,10
riešuto,10
sąrašu,10
sąrašų,10
sąsiuvinis,10
priežiūroje,10
sąmoninga,10
prikalbėjau,10
Steve,10
Sityje,10
sirupą,10
Sise,10
atve,10
galvosūkis,10
pameta,10
naujom,10
sąmyšį,10
Lara,10
cisternas,10
mintyje,10
biologinis,10
sugautų,10
Houvardas,10
Etsuo,10
europiečiai,10
gete,10
nenorėdamas,10
Fokstrotas,10
Minuse,10
biologiškai,10
Evai,10
Sugaukit,10
gerosios,10
Dojis,10
doke,10
Zeberdė,10
ymas,10
bakus,10
pamiršim,10
judant,10
Jovi,10
Jozefą,10
pamokslų,10
dusyk,10
numirčiau,10
Elrondai,10
Durdenas,10
iškeitei,10
Stenliu,10
Malį,10
nuneši,10
malūne,10
prikalbėjo,10
atpažinimas,10
siuntinėja,10
Krenikai,10
priešiški,10
priešiškumo,10
priglaudžiau,10
Hipwel,10
prieštaravimų,10
triguba,10
sireną,10
malonia,10
nekaltai,10
Metiolkinai,10
metrikacijoj,10
įžadą,10
įvykt,10
stichija,10
meteorite,10
Izaoko,10
DlENOMS,10
evakuoja,10
pasirinkta,10
neįtiko,10
Birmoje,10
ydų,10
Nešas,10
sugaišau,10
riedučius,10
naciu,10
Koni,10
Uralo,10
atgydavo,10
pradinės,10
sučiupot,10
lęšius,10
griaut,10
pradek,10
Fojau,10
pradžiugint,10
Foksi,10
Bird,10
atgims,10
kondicionierius,10
Konklino,10
pasirašymo,10
pamąstysiu,10
Jubabos,10
jubiliejum,10
gimtajame,10
gimtasis,10
giminėms,10
gimnastika,10
įveikėm,10
įvertinau,10
EmiIas,10
numušta,10
else,10
priglausti,10
Fresno,10
Fricas,10
ančių,10
kankint,10
DlENOS,10
ypatingiems,10
Uno,10
konkrečią,10
bilietu,10
Bill'is,10
Anuška,10
ministerijoje,10
geručiai,10
Konkliną,10
pasipainiojo,10
Zelda,10
kamuoliukų,10
kamščių,10
Zithromax,10
senatoriumi,10
antrojoje,10
neįvertino,10
nekeli,10
Nekelkit,10
Julenka,10
Išjok,10
judesiais,10
Judėkime,10
pamokslauti,10
įvykiams,10
malonesnis,10
Julijau,10
pamokysi,10
įvertinta,10
Dodžai,10
senius,10
kanalais,10
pasipiršai,10
išankstinį,10
neįvyktų,10
doesn't,10
lūpom,10
kampa,10
sušalęs,10
Zi,10
naiviai,10
naikintojai,10
naikintuvus,10
sudėsiu,10
simuliacijos,10
simuliatorius,10
Stiksai,10
išjojo,10
stiklainis,10
paneigė,10
sindromą,10
bufetas,10
sąjungininkais,10
gaminam,10
reikalavimo,10
gyvsidabrio,10
laukais,10
gaminimas,10
suėmėm,10
Dakota,10
suėstų,10
sušaudė,10
zemyn,10
zefyrų,10
Zeibelo,10
pasipuošęs,10
Sučiupkit,10
horokrusas,10
sučiuptas,10
suėmiau,10
ugnim,10
unikalaus,10
undinė,10
kamuoli,10
dominuoti,10
civilinės,10
priešingos,10
triukšmingas,10
Kremlių,10
prietaisu,10
išgėrusi,10
įtikinsi,10
išgėrėte,10
triumfuos,10
Judo,10
panaudojai,10
panaudojimo,10
duodat,10
Judinkimės,10
įtrauksiu,10
įtvarą,10
įvaizdžio,10
pragara,10
unikalią,10
suformavo,10
bijojome,10
bijok,10
balkonas,10
ultimatumą,10
Richter,10
režisieriai,10
nemirsim,10
atšoko,10
ribotą,10
rezidenciją,10
leidom,10
sudėjęs,10
maldavai,10
Singapūro,10
gražuolio,10
Stingo,10
įvaikinti,10
nuleidai,10
panikuoja,10
reikiamos,10
Malikai,10
priešiškas,10
triuk,10
Triukšmadarys,10
trint,10
priešnuodžių,10
priešpiečiams,10
Himlerio,10
Dunkanas,10
paneigia,10
nemokėjai,10
išbandymai,10
pasimylėjau,10
pasimylėjo,10
reziumė,10
reškia,10
etiką,10
Etiopijos,10
Legolas,10
nežais,10
Espen,10
konstitucinę,10
nemėginkit,10
pasimylėjom,10
Ugh,10
konsultantė,10
NeŲinau,10
nežadėjo,10
atvert,10
amerikietišku,10
papildyti,10
dulkint,10
naudojimui,10
papjaut,10
nuleistos,10
nuleidžiam,10
duobėtas,10
nuliūdinau,10
nukąsiu,10
nuleisi,10
Alžyro,10
metukai,10
Simpsoną,10
įtrauks,10
Ąsiliuk,10
nešoki,10
išaušus,10
food,10
išaugino,10
sudėjimas,10
ùį,10
retro,10
pralaimim,10
konsultacija,10
praktikantas,10
Gyuri,10
close,10
Troras,10
CO2,10
Bermudų,10
nekelsiu,10
Silvestrovičiau,10
Makvynui,10
Silvestrovičius,10
giminaitė,10
kreditinė,10
buhalterio,10
Switch,10
natūralų,10
sykius,10
Gambizio,10
senoviniu,10
Mimjo,10
sudėtas,10
senolis,10
espreso,10
Čaki,10
senovinio,10
čempionės,10
Pasiklausykime,10
bijotų,10
pasikartoti,10
ąsotį,10
Čapeli,10
trukdot,10
troškulį,10
stipresne,10
prieinami,10
nekorektiška,10
įspirti,10
prieisi,10
Junkite,10
Triwizard,10
prieù,10
emyn,10
sudoros,10
senukai,10
septintame,10
Sensti,10
Čarlzui,10
esybę,10
Miltonas,10
bicas,10
Revazovičiau,10
senti,10
sudomintas,10
pasikalbėjome,10
pasijusčiau,10
tūkstantmečius,10
kontrabandos,10
Čedvėjus,10
atimtų,10
kontrabandininkai,10
česnakų,10
mešką,10
bandytum,10
stipriųjų,10
Beronas,10
juodaodžius,10
gražiosios,10
Bernetas,10
nukraujuoti,10
MI6,10
meškiuko,10
stiprias,10
nukristų,10
neketinai,10
naktiniam,10
naktinėje,10
rezervatas,10
Kamehameha,10
Donelis,10
Čerli,10
done,10
nemesi,10
nežudai,10
išblyškusi,10
nežiūrėsi,10
Čečėnija,10
Gretel,10
išbraukt,10
pasikaIbeti,10
trumpus,10
trupiniai,10
dukrelės,10
laukta,10
įsižeis,10
papo,10
paprastesnis,10
įspėjimu,10
įspėtas,10
Juodajį,10
Ambrozijau,10
įstengsi,10
įstojęs,10
išgyvenu,10
Sudeginkim,10
sudegsi,10
maciusi,10
sudaryt,10
išbuvai,10
sudarytos,10
Doroti,10
sudegęs,10
čiupti,10
čiuptuvai,10
pasikabinti,10
Tünde,10
koplyčios,10
atitinkama,10
pasigirt,10
kopiame,10
konteineriai,10
čiuožykla,10
tūkstančiams,10
tėvukas,10
Millennium,10
pasigedau,10
ganytojas,10
reprezentuoja,10
Respublikoje,10
brokolių,10
reputacijai,10
nuklydo,10
įsivaizduojamas,10
nukankintas,10
juokdarį,10
įsižiūrėjai,10
paprieštarauti,10
įsivėlusi,10
emocinių,10
natūralūs,10
lauktum,10
budrumo,10
sviedinys,10
paplušėti,10
restoranan,10
kontroliuojami,10
kontroliuos,10
sužadėtiniu,10
atitinkamą,10
pasigirsta,10
čiuptuvais,10
pasiilgti,10
sušlapti,10
Korleonė,10
fotoaparatu,10
fotografai,10
tyrinėjo,10
sušlapo,10
pranašai,10
pranašauja,10
tyruose,10
niekalas,10
Čonai,10
įsitraukęs,10
įsius,10
Dubajų,10
juokingų,10
Michaelis,10
Midai,10
giminaičiais,10
įsivaizdavome,10
stoglangį,10
prieglaudai,10
kraujais,10
amišų,10
amnestija,10
paprasčiausios,10
Įsivaizduokime,10
emocinę,10
Maersai,10
Serafina,10
dailininku,10
Kornelijus,10
Magdalena,10
tyrinėjimų,10
pranykti,10
ledukais,10
atjojo,10
atjungia,10
Holgeito,10
nekreipė,10
nekrenta,10
Laurai,10
nukraujavo,10
tuliką,10
Makfersonas,10
gyventoją,10
trukmės,10
krautis,10
pridek,10
Cooperio,10
Cooze,10
Cora,10
laureatas,10
nekyla,10
neklydai,10
anonimiškai,10
čiužiniu,10
pasigailėjo,10
Dosh,10
Atėnai,10
ėmėtės,10
ėriuko,10
kalendoriuje,10
Kalibanas,10
dovanėlių,10
pasiimame,10
pasielgėt,10
milijonierium,10
niežulys,10
Nigerijoje,10
Duarvų,10
juvelyrinę,10
Jurijų,10
nugrius,10
paragausi,10
Makolas,10
papuoliau,10
papuolėm,10
papuošta,10
JVC,10
BTT-TEAM,10
reindžerius,10
nekontroliuojama,10
banginiu,10
subyrės,10
Sergejevičiau,10
sudarei,10
erą,10
niekini,10
antakį,10
Nicole,10
magiškai,10
kortelėj,10
atkreipia,10
pasidarytų,10
Nikę,10
nemalonią,10
nemalonumu,10
niekinga,10
tvartą,10
Tvenas,10
pasiekimai,10
pasigailėjau,10
prancūzus,10
tylėjo,10
kalinė,10
Kalbėtojau,10
niekšeliai,10
Dous,10
Dovanokite,10
įdėja,10
pasibučiavom,10
Reiveli,10
gaminys,10
Stoukas,10
stotelėj,10
laukčiau,10
Gregu,10
Nukelk,10
paragavęs,10
stomatologą,10
sublogt,10
Milbernai,10
kalmaras,10
išdidūs,10
pasidalijo,10
Magiškasis,10
magiškos,10
subinei,10
serijinį,10
Ghoul,10
Gibarianą,10
Serrano,10
pasiaiškinimų,10
pasibaigę,10
atšaukia,10
mikroschema,10
Miką,10
Tuna,10
tuneliais,10
Nugalėtasis,10
priartėja,10
pardavimui,10
Endži,10
nekęstų,10
Miegokim,10
MakLafliną,10
Laurent,10
įsitikinsi,10
įsitikinsime,10
nameli,10
sužibėti,10
Daglasas,10
ankštoka,10
anomalijas,10
Rentonas,10
Francas,10
tuščiais,10
Atėnus,10
Atėnė,10
prarasite,10
kosminius,10
tvarkymas,10
Crypie,10
Krakaueris,10
reklamoj,10
nelaimėsim,10
pareigoms,10
įsikibk,10
Kraglo,10
įsipareigoję,10
Įsipilk,10
parapijos,10
Pribaikit,10
priartėjai,10
prezervatyvas,10
stotelėje,10
kos,10
kosmetika,10
magistralės,10
suaugsi,10
suaugusio,10
tuščiom,10
Serlis,10
MILF,10
mikrofonu,10
Kostiai,10
Korėjoj,10
pasensime,10
beždžionėmis,10
baltaodèiò,10
paseks,10
pasauliniame,10
kalbejo,10
baltaodžio,10
stovyklų,10
stovą,10
pardavėju,10
Sietlas,10
Majai,10
stovis,10
išgraviruoti,10
sieloj,10
Giltinė,10
Makdonaldas,10
prekyboje,10
gražutė,10
gražųjį,10
atmerktomis,10
Krakozija,10
drąsuolis,10
jutikliai,10
pasenusi,10
Nikolajevičiau,10
nigeriu,10
Mikaelis,10
Nitti,10
Drago,10
Dragui,10
garažų,10
naminio,10
sužlugo,10
rengėsi,10
niršti,10
rengiamės,10
renginiui,10
Bruinai,10
Brukliną,10
garantavo,10
hobitą,10
analizuoja,10
narsi,10
Paremk,10
pareigūnais,10
Nudėkime,10
Nugabenkite,10
nugalabyti,10
nugalėsime,10
Anabelė,10
įsakei,10
įsilieti,10
įsimenu,10
įsiminei,10
nugalėjom,10
nugalėjęs,10
dabartiniai,10
dabartinėje,10
renkam,10
rengiam,10
suartėti,10
greitasis,10
repetavom,10
pasakydamas,10
Sevidžai,10
Mikki,10
Mikos,10
Non,10
nony,10
Norbury,10
Angmaro,10
įgyvendint,10
Styvensas,10
kabinėjasi,10
ananaso,10
įsibroviau,10
įsidėjau,10
dručki,10
atlikot,10
įrengtas,10
Andrejevičiau,10
rekomendacija,10
reiškinius,10
sveikintis,10
atvirutę,10
Country,10
sienose,10
stovintys,10
dramatiškai,10
dramatiškas,10
drambliu,10
pasakytas,10
Drakulą,10
išduotų,10
pasaloj,10
kaladę,10
įkasti,10
anglus,10
įkišęs,10
įjungtų,10
praverčia,10
pravardes,10
prasimanymas,10
įkurta,10
įkurtuves,10
Sidnėjaus,10
anatomiją,10
Bamm-Bamm,10
miegučio,10
stočiai,10
stočių,10
Makalisteris,10
energinga,10
side,10
jūsiškius,10
jūsiškių,10
įsijautei,10
įsidarbinti,10
siekiai,10
Pari,10
parklupdyti,10
kablius,10
išgelbėtojas,10
įsidėmėkite,10
praslysti,10
Atlantik,10
prasitarti,10
Atlaisvinkit,10
Beverlė,10
bevertės,10
tuštybė,10
Pratinkis,10
neleisite,10
naminukas,10
naminį,10
Tutti,10
tuzinu,10
atlaiko,10
atlaikė,10
pasakant,10
prašoma,10
prašot,10
maišeliai,10
Strazdu,10
nelaime,10
siejasi,10
kovotojos,10
gaminsiu,10
relikvijas,10
sidabrinė,10
Lavinija,10
svaru,10
prasmėmis,10
fotografu,10
fotografą,10
Hodorai,10
įkrės,10
kaklus,10
kakoja,10
prasčiokai,10
Betai,10
Betina,10
shouting,10
nokautų,10
Noksvilį,10
giesmę,10
išeiginę,10
Betmenu,10
Betmenui,10
įpusėjo,10
įrašu,10
įrašuose,10
sidabrinės,10
kabės,10
kadjūs,10
nosytę,10
prašvis,10
prašymai,10
parnešė,10
nudvėsė,10
pražanga,10
pražiopsojau,10
prekiauji,10
Sibiro,10
įpratę,10
frazes,10
nelanko,10
stulbinančiai,10
stulpu,10
parše,10
greitkelių,10
epocha,10
išdykęs,10
baltymai,10
turėjimas,10
baltumo,10
stulpus,10
Narakotai,10
Renfildai,10
kovinį,10
lažinasi,10
paruošėme,10
norėsim,10
Nantaketo,10
įmanydamas,10
išgabens,10
įnašas,10
įprastos,10
gyvenanti,10
nare,10
Parnešiau,10
sieksiu,10
įmeta,10
įrankiu,10
dribsniai,10
Prat,10
eris,10
išdėstė,10
gyvenamųjų,10
Napos,10
Betjei,10
įkvėpimu,10
normaliam,10
kaimieti,10
miestely,10
migdolų,10
Kaja,10
epizodus,10
maitink,10
Eomerai,10
partijai,10
NTST,10
streikuoti,10
įlipa,10
turnė,10
atliekamas,10
turte,10
turtingais,10
įpainiojai,10
Cube'as,10
Cubs,10
cukriuk,10
atleisit,10
svarstoma,10
svarstyklių,10
remdamiesi,10
prašymui,10
Enterprises,10
entuziazmu,10
entuziazmą,10
kairiarankis,10
Įkyrėle,10
siaubingu,10
Norton,10
paruoštą,10
gimda,10
gimdymas,10
nosinaitę,10
parsiųsti,10
išgabensiu,10
įkyrūs,10
kairiuoju,10
PraÕau,10
Hokinsas,10
Hol,10
prašmatni,10
Andromeda,10
Andžerio,10
opiumo,10
operacijose,10
oni,10
Žuvyte,10
operuos,10
2-jų,10
žvakė,10
Opra,10
eglutės,10
išorinė,10
Olimpą,10
Oliverį,10
Olimpas,10
olimpiadoje,10
žydui,10
MC,10
14-a,10
kilimų,10
perpjaus,10
Valiantas,10
perpjaut,10
Filds,10
valgydavau,10
pernakt,10
perpildyta,10
motyvais,10
apvėmė,10
Olbrait,10
perpjovė,10
tautas,10
laikanti,10
nebenorėjau,10
pėstininkams,10
Omara,9
Tauzend,9
Hantai,9
Hanteriui,9
nebepamatysim,9
Slėpkit,9
slėptuvių,9
Smitty,9
atsistojai,9
smuko,9
ryšulį,9
valdymui,9
susimetėm,9
taukais,9
Hameris,9
racijas,9
permatau,9
nepuolu,9
perleisti,9
rėkauti,9
globėją,9
pyragaičio,9
nebereikėjo,9
taškelis,9
atsistatys,9
bėdomis,9
bėganti,9
pypkė,9
Tauerį,9
rąstas,9
susimaišė,9
Mou,9
kilimėlio,9
neprošal,9
susilažinom,9
pūna,9
atsistatydina,9
maitins,9
įleidžia,9
Norman,9
išejo,9
miglos,9
studentui,9
Greidis,9
įkvėpia,9
praviras,9
turtingųjų,9
Franklinu,9
prašmatniai,9
prašmatnų,9
Frankliną,9
nelegalų,9
kaimelio,9
praėjusios,9
praėjęs,9
prašymų,9
narkomano,9
narkomanu,9
hmongų,9
svarbumą,9
Frankio,9
erdvėlaivius,9
erdvėlaivių,9
draugiškos,9
parvežt,9
maitinimas,9
atvykite,9
gyvenant,9
Remai,9
atvykimu,9
naras,9
nanotechnologijų,9
paruošim,9
išeinančius,9
kovojantis,9
prašauti,9
atleidot,9
kaimynu,9
kaimynystės,9
įmokas,9
gamyklai,9
įmontuota,9
drebėjimų,9
išgamas,9
lašelinę,9
partnerės,9
įrankio,9
dribsnius,9
maišeliu,9
siekius,9
sieksnių,9
Andersoną,9
įmesiu,9
pratęsim,9
pratęsė,9
prausiasi,9
išdykusi,9
Anei,9
Dreikai,9
Andriucha,9
įnešė,9
Severus,9
giedras,9
Giesmininku,9
Siago,9
siaubia,9
siaubingais,9
pasakojot,9
draugijoj,9
prekinis,9
noutbuką,9
Nožkinas,9
atletai,9
įrašei,9
įpykęs,9
įrašinėti,9
might,9
Miho,9
Craigslist,9
precedentas,9
Francisco,9
Francį,9
nudobti,9
nudvėsti,9
Gilijamas,9
Eras,9
išdykėlis,9
draugeliu,9
draugelių,9
Mailsą,9
stumt,9
Baltimorėje,9
Migs,9
bananu,9
nelaimingos,9
neliesi,9
turėklus,9
draugaujame,9
atkūrimo,9
Hogvartso,9
neleisim,9
sidabrinio,9
Sieg,9
maištauti,9
maištininkus,9
bamperį,9
greitają,9
nelaukiu,9
nelaimėsiu,9
atviram,9
Narnijai,9
preparatus,9
turintį,9
Hobitanijoje,9
religiniai,9
lavinti,9
lavonais,9
angelėlis,9
neleista,9
prasmingas,9
kalavijus,9
kalb,9
Hodžas,9
Turkanai,9
košmaru,9
pravažiavom,9
prasiskverbia,9
kaladės,9
įklimpai,9
įjungi,9
įjungęs,9
įkaito,9
ankstesnė,9
Straikeris,9
siekianti,9
parodęs,9
miestais,9
Greismitas,9
Laving,9
naršo,9
prasto,9
kakučių,9
kaklu,9
įsidėjo,9
nudirsiu,9
parinkau,9
įsidėmėti,9
įsibrovimo,9
stovėtum,9
Koulvudo,9
Magnum,9
Magorijumo,9
bevardžiame,9
kotletus,9
nelinkęs,9
Daddy,9
svaigalus,9
style,9
magnetus,9
noretu,9
Shenzhou,9
Sherlockui,9
mikrobai,9
gigantiškas,9
gilaus,9
aname,9
parengties,9
parengtų,9
kabinetu,9
kabinetuose,9
parepetuot,9
pareiškimai,9
Nome,9
County,9
stovinčio,9
įsikūrei,9
parduodamos,9
nueisit,9
KAB,9
kabelinė,9
pargriovė,9
įkalbinėt,9
pasamdyta,9
įkaitę,9
Niši,9
kalbančių,9
įkalčiais,9
atvirus,9
Atvežkit,9
įkalbėsiu,9
renginių,9
renginyje,9
kalbėjimas,9
niuansų,9
Gilbert,9
kalbėsit,9
įgimtas,9
sveikinimus,9
sveikinti,9
atlikčiau,9
Hobsas,9
Cranston,9
Rejau,9
Nan,9
renkatės,9
Endriusai,9
dronų,9
įsileido,9
įsakinėju,9
įsijautęs,9
nudėtas,9
jūrininkas,9
sveikinasi,9
suauga,9
repetavo,9
dabartiniu,9
atkeršys,9
fotošopu,9
baltam,9
jėgerį,9
nufilmuosim,9
suaugs,9
pasekėjų,9
pasensi,9
pasensiu,9
esamą,9
Bianka,9
magistralėje,9
mikrobų,9
Bertono,9
stovėdavo,9
stovinčią,9
dryžiais,9
pasauIyje,9
Nilo,9
baltaodžiu,9
baltiesiems,9
Kraglas,9
įsinešti,9
miegale,9
sienelės,9
sienoj,9
stovyklai,9
stovyklauti,9
stovyklavietė,9
drabužis,9
Erskinas,9
išdavikų,9
Nikolsai,9
giedoti,9
Atmeni,9
atmerkti,9
Kralas,9
tvarkymą,9
fragmentas,9
Francai,9
tvarkiausi,9
tuščiame,9
kortelėmis,9
anoje,9
ankstesnę,9
nelaikiau,9
atlikdavo,9
Crossas,9
nelaimėsime,9
Neliūdėkit,9
nelįsti,9
tvarstis,9
kosmonautai,9
atlygins,9
ture,9
turesime,9
turesite,9
pareigunas,9
Įsikišk,9
įsikalė,9
Crutch,9
suaugusius,9
Tvardykis,9
Nekutenk,9
nekviestų,9
prezervatyvais,9
Siksto,9
Silestras,9
įsipareigojimą,9
tuokiatės,9
Enei,9
Priartink,9
rentgeną,9
atkirstas,9
Korvinas,9
korėjietis,9
gymio,9
parašėt,9
Jėgeri,9
įsimylės,9
pardave,9
drąsiam,9
drąsius,9
Nelabojo,9
Tupakas,9
trūkčioja,9
gamtinių,9
naršyti,9
sveriantis,9
Jupiteris,9
miegmaišį,9
įsitikinimu,9
Įsitikinkit,9
nanotechnologijos,9
sužlugdyta,9
gynyboje,9
gynėjau,9
sužinome,9
įgautų,9
įgaliojimai,9
tualetuose,9
Sigalas,9
miegamųjų,9
gamintojas,9
Nastasja,9
priblokšta,9
pribaigtų,9
narsūs,9
trūkti,9
Stones,9
bandyt,9
stoka,9
stosiu,9
Bandis,9
banditais,9
Stouksai,9
Makartnis,9
sergėk,9
magnetinių,9
nukalti,9
stomatologas,9
nuimtas,9
papūsti,9
stosime,9
miegantis,9
beždžionėlė,9
Nima,9
Ernesto,9
Milaną,9
Serijiniai,9
subjaurojo,9
subjektų,9
Mileriai,9
tvirtinate,9
Holms,9
such,9
subrendo,9
subtilybių,9
išbėrimas,9
išdaigos,9
sergančių,9
Nieke,9
Forster,9
tverti,9
atkreipsiu,9
atkreipčiau,9
ankstyvą,9
Magneto,9
subinytę,9
kaleimą,9
niekšams,9
Dovydus,9
pasiekusi,9
Dotsleris,9
niekniekis,9
Tylioji,9
tvirtus,9
pridirbau,9
išdrįsau,9
serijinių,9
įdomesnis,9
įdomesnė,9
esama,9
pasieki,9
įdrėskė,9
įbrėžimą,9
Sergejevus,9
Sergėjau,9
milimetrai,9
pasiduotų,9
išdaužti,9
Kalise,9
ėmėme,9
paragaus,9
amuletą,9
juokingiausias,9
paralyžiuota,9
įsipilti,9
nujautė,9
nujojo,9
įdavė,9
stojai,9
Stiveno,9
bandomųjų,9
išgelbėtą,9
paralyžiavo,9
Jurjevna,9
dubens,9
paranojos,9
serbų,9
Sergejevui,9
subūrė,9
įdomesnio,9
įdarbinti,9
budavo,9
svetainių,9
laužtis,9
prancūziška,9
tyrinėjimas,9
Holis,9
Bruklyne,9
Kortezą,9
pranyksta,9
reportažo,9
sužeidžiau,9
tulike,9
Stokholme,9
makleris,9
svečiam,9
nekviečia,9
nektaras,9
nekuria,9
papročių,9
Corvinus,9
Connor'ai,9
hitu,9
priedų,9
trumpalaikis,9
trumpalaikė,9
Tsutei,9
tualetan,9
ėdė,9
dorybė,9
nie,9
tyrimuose,9
kaltinimą,9
dosjė,9
ČlA,9
sužeistieji,9
Bandykite,9
kraujui,9
amoralu,9
kraustykis,9
Kraufordai,9
tyn,9
tylią,9
Honkongas,9
juostelių,9
nukraujuosi,9
įsprausti,9
emocionali,9
amerikiečiais,9
įskundė,9
juoksies,9
bernužėli,9
tyrus,9
Atjunk,9
Atjunkit,9
atkakli,9
Korane,9
juokiamės,9
emocinė,9
nukeliavome,9
sužeisi,9
bifšteksas,9
Maersas,9
Maersk,9
mafiją,9
gretimo,9
gretimos,9
biciuli,9
nuklydau,9
nukenčia,9
juosia,9
įslaptinti,9
įslaptintą,9
repuoja,9
pasigerti,9
eskizus,9
naudingesnis,9
reikštis,9
paprašėte,9
įskaudinsi,9
išgyvenimui,9
įskaitoj,9
įskaitų,9
įsižeist,9
esminė,9
reto,9
svečiuojasi,9
reikėdavo,9
buchlavašą,9
įspūdingi,9
laukiančių,9
naudingai,9
Đtai,9
tylėjimu,9
legendinės,9
Atitraukit,9
kalėjiman,9
sužadėtinio,9
kontrataką,9
kontroliuojam,9
pasijuoksim,9
greičių,9
made,9
Madoną,9
sudas,9
sudaužo,9
senučiuk,9
sudetinga,9
čiulpikai,9
homoseksuali,9
koplyčioje,9
Nemesis,9
čiupo,9
pasijust,9
pasijausi,9
pasijunti,9
pralošiu,9
kalėdinių,9
dainuojam,9
dainuojama,9
praleidžiate,9
kopia,9
Kopenhagoj,9
Fordo,9
balsa,9
pasigailėsit,9
pasigailėsite,9
kaltinimo,9
tęsi,9
tęsim,9
Kopernikas,9
pramogą,9
nežudau,9
išblyškęs,9
nežiūrit,9
kambarinės,9
Etaną,9
Donerio,9
pasikliauju,9
kambarioke,9
trumpinys,9
Trumpulis,9
pridėsi,9
lauksite,9
Čiarli,9
kaltų,9
Čestnatas,9
Četi,9
įspėjai,9
paprastiems,9
paprasčiausi,9
įskaitai,9
dulkinimosi,9
įspraustas,9
Svin,9
Krausai,9
sudavė,9
išbandysime,9
americano,9
įspūdingu,9
dukte,9
Dumbledoras,9
papasakosite,9
Duloką,9
tūrio,9
nemečiau,9
nemiegat,9
nemiegojom,9
pasikalbÓt,9
atimu,9
pralaimėsite,9
Čarlė,9
Berta,9
nukreipt,9
dukrytę,9
gražiomis,9
Bernio,9
įspaudu,9
silpnus,9
Ambrouzas,9
nekesti,9
prieinamą,9
giminaitę,9
stipresnių,9
bankams,9
banketo,9
makštis,9
Jungtinė,9
tūba,9
broliuko,9
broliuku,9
atimsi,9
konteksto,9
priekabiavimo,9
kreiva,9
trok,9
priekaboje,9
papasakojęs,9
antplūdį,9
antpuolio,9
Čadas,9
Čai,9
Čanas,9
Čaitanja,9
priekinis,9
true,9
atnaujinta,9
juokdariai,9
prieitum,9
Frenke,9
nekovos,9
nekovosiu,9
neklausinėti,9
kreditas,9
enciklopedija,9
įtartini,9
įtarė,9
įteigti,9
priemonėm,9
priekabos,9
nežemiškos,9
gyslą,9
sudorosiu,9
Čarlstono,9
Čarlzu,9
nekeisiu,9
prievartautojai,9
Neklausykite,9
stiprieji,9
simfonija,9
Clear,9
kraštais,9
silpnųjų,9
kreipėmės,9
Force,9
nemokate,9
bufetą,9
buhalterį,9
Frimanas,9
Froidas,9
gyventojo,9
Atverkite,9
Silveriu,9
Silverį,9
Mindi,9
sudraskyta,9
senomis,9
legendas,9
sušiko,9
reikiamoje,9
syki,9
svyla,9
pasikeitimai,9
pasikelti,9
Čekijos,9
m'kei,9
M-16,9
pasilenkė,9
lūšnoje,9
pasikvies,9
amatą,9
nuleisime,9
nuleista,9
papjauti,9
nuleistume,9
nekenčiam,9
prieskoniai,9
nekels,9
Õtai,9
prakeiksmu,9
Mexico,9
Simone,9
įtariamuoju,9
Nulipkite,9
nulėkt,9
įvairiomis,9
pasilinksminau,9
Dolė,9
pasiliekam,9
sudužusį,9
sudėję,9
išbadėję,9
Zuikė,9
Domingo,9
konsultacijos,9
konsultantai,9
legalus,9
sušikai,9
gydytojos,9
praktiškas,9
prakišai,9
etiketes,9
duodama,9
Singai,9
nukritęs,9
Malefisente,9
gražuoles,9
Amazonės,9
atšilimą,9
gydytojais,9
atomines,9
atominio,9
paneigimas,9
priešiška,9
Tripolio,9
stingsta,9
stipendijas,9
nulaužiau,9
Etienai,9
Zohanas,9
kampelyje,9
pasimatymai,9
pasimatyman,9
riaumojimas,9
Konorsai,9
sušalsi,9
įtakojo,9
Gamai,9
ugniagesys,9
ugnelyte,9
dairytis,9
išbadėjusi,9
daineles,9
nemąsčiau,9
išgėrėme,9
panom,9
atomo,9
prievartautojų,9
priespauda,9
prietarai,9
nenaudojamas,9
atidi,9
pamėtėti,9
Sinbadas,9
išjungtų,9
panasus,9
panaudojimą,9
įveiksi,9
duodame,9
duodate,9
sudėtingesnis,9
lšlaisvink,9
sudėlioti,9
Praerio,9
suformuoja,9
Praimo,9
atidėliojau,9
panasaus,9
kamikadze,9
Rich,9
Udūno,9
Uf,9
seniokas,9
sudėtos,9
lšvertė,9
baliuje,9
panašumus,9
panaudotos,9
stiklinis,9
meškine,9
meškino,9
stilinga,9
panaudojome,9
UnderVerse,9
reikiama,9
naujajai,9
Prigriebk,9
priimamajame,9
Stifleris,9
stiklai,9
stiklainyje,9
stinga,9
Suzu,9
naikini,9
pradžiugins,9
suėst,9
sušaukti,9
reikmėms,9
Reiko,9
Reiksas,9
nenaudoji,9
¹eimininke,9
etika,9
Konrojus,9
horokrusų,9
Praha,9
Zelandijos,9
etapus,9
Juanis,9
paneigs,9
panašiomis,9
įvažiavimo,9
judesiu,9
gyveną,9
priešininku,9
nekeisčiau,9
numeta,9
Įvesiu,9
įviliojo,9
įvertina,9
gražesnio,9
Numerobi,9
judančią,9
gražiam,9
pasirašytų,9
išankstinių,9
neįveikiamas,9
Kang,9
neįveiksi,9
pasirašęs,9
pasireikš,9
išaiškinta,9
Ricky,9
sušalusi,9
sudėta,9
pasimelskim,9
Doltonai,9
sušaudyti,9
pasipraktikuoti,9
kancleriui,9
Elvi,9
duotos,9
gimtadieny,9
naujagimis,9
duotumėt,9
įveiktas,9
numaniau,9
įvažiavo,9
nekalbėsim,9
nekalbėtų,9
Kriksai,9
iškeldina,9
Joną,9
Joo,9
stereotipas,9
įvykdytų,9
nešei,9
nešaus,9
pasinaudotų,9
mintims,9
bilijardo,9
konkreti,9
Yst,9
Yzi,9
reikmenys,9
panaudotum,9
reikalavimą,9
budės,9
antrinių,9
Zero-One,9
iđ,9
kandžioja,9
nešantis,9
gerčiau,9
gerųjų,9
Kanzas,9
ypatingais,9
Pasirinkite,9
pasirinkčiau,9
gestą,9
Suvok,9
riedučiais,9
Briusą,9
Broadway,9
riebios,9
leidėjas,9
leidę,9
zefyras,9
dalim,9
griauni,9
griausmas,9
griaustinį,9
Lėtink,9
suvokei,9
Uruk-hajų,9
suvoktum,9
duoklė,9
Kong,9
uostinėti,9
konfliktus,9
pasipūtę,9
Praeik,9
daliniams,9
dalijamės,9
prikabino,9
prikabint,9
Stenglų,9
stengdamasis,9
nuneštų,9
pamokoj,9
elnių,9
Elo,9
nekalbėčiau,9
maloninga,9
malonius,9
Sirakūzus,9
tribunolą,9
priglaudė,9
atpažinsi,9
Reichas,9
įėjot,9
Sisi,9
Sirijų,9
Sirius,9
sirupas,9
pamiršite,9
Trilbi,9
trikdyti,9
Kanriu,9
Izabela,9
kankinami,9
pasirodymams,9
pasirodyme,9
evakuojami,9
pamirštame,9
meteoras,9
pamestų,9
buldogas,9
Bulgarijos,9
Latifas,9
metodiką,9
sit,9
Sitis,9
sąsiuvinius,9
sugauta,9
Houpą,9
Larį,9
Laseter,9
Lario,9
Larisa,9
nuodyti,9
Pamelą,9
Zaicevą,9
Pasirinkit,9
ministrų,9
biografija,9
gertuvę,9
Semė,9
fokusininkas,9
Mintonai,9
pamišėli,9
duotumėte,9
numirusiųjų,9
paminėtas,9
Eminemas,9
nešaudys,9
kanopas,9
lėtą,9
metalų,9
cinikas,9
krevetė,9
kriaušių,9
Alzhaimerio,9
riešutėlių,9
pasiruoses,9
neįsitikinę,9
malonėtumėt,9
bankomato,9
siuntimas,9
Berklio,9
Jorką,9
bergždžia,9
bergždžias,9
metalinį,9
nenugalima,9
užauginai,9
užaugę,9
pasisekę,9
Britney,9
nuobodžią,9
nuodijo,9
mestum,9
siuntinių,9
senamadišką,9
Yoshioka,9
anuliuoti,9
konferencijoj,9
diviziono,9
neįleist,9
suversti,9
pasistengiau,9
Wes,9
evakuotas,9
nevilki,9
Nevinsai,9
gydau,9
nenukritau,9
Ciao,9
gerietis,9
pasistengtum,9
neįjungtas,9
kapsules,9
kapu,9
kapoti,9
kapoto,9
pasisekimą,9
miražas,9
sugavęs,9
seminare,9
neįprastų,9
gertum,9
X-ray,9
words,9
lėkštėje,9
Docentas,9
neypatingi,9
pasirūpintum,9
pasisakyt,9
nevykę,9
pradejau,9
dalinyje,9
lėksi,9
požemį,9
gydoma,9
Rikichi,9
MŽ,9
atžvilgiais,9
biuru,9
sekundėm,9
bitę,9
Emanuele,9
įžanga,9
dvasininko,9
atgaivins,9
atgaline,9
atgalinį,9
ways,9
prabundi,9
pami,9
šachtas,9
Alpertai,9
Elės,9
pamest,9
įžeidimų,9
pamilsi,9
Elžbietos,9
šaipėsi,9
altorių,9
dvideginio,9
pamanytų,9
krioklius,9
cilindras,9
įžeidimą,9
pametėti,9
dalyvausite,9
pozicijoj,9
horoskopą,9
anūkėli,9
Kapitolijuje,9
potraukis,9
uždangos,9
Pasisveikinkite,9
gražins,9
Citadelės,9
Kristijanai,9
treningais,9
regos,9
galėdavau,9
Nenukrypk,9
povandeniniu,9
alta,9
stebėjimui,9
Mamajevą,9
gimėt,9
treniruojiesi,9
giminėm,9
durti,9
paminėk,9
atgaminti,9
Selina,9
sekėjų,9
sekėte,9
sekęs,9
Selai,9
Užblokuokit,9
nuogai,9
Dvalinai,9
dvasiai,9
pamatėt,9
pamatot,9
Pamatyk,9
Johnson,9
malūną,9
dvejojo,9
palėpės,9
Palydėkit,9
alkūnes,9
alkūnė,9
jojimo,9
Eliziejų,9
šakelę,9
pamatytas,9
pasislėpusi,9
nevyko,9
Hikamai,9
nejudėjo,9
nejaus,9
JJ,9
Iškeliaujame,9
Alkos,9
Wang,9
nevažiuotų,9
pasitarnaus,9
vėrie,9
vėžliu,9
neves,9
Nevelk,9
Pasisveikinkit,9
Trendas,9
Trendo,9
treningus,9
cigaru,9
suvaidino,9
sutvėrimą,9
nenusimanau,9
posėdžių,9
prikėliau,9
prilaiko,9
Elijasai,9
dviračiai,9
buksyrą,9
kriptą,9
šaipotės,9
krist,9
potencialas,9
Damaske,9
komplekto,9
diskriminacija,9
karatų,9
sutvirtinti,9
sąžiningumo,9
refleksus,9
sugedusį,9
aparate,9
sugebėsit,9
sugebėtum,9
sugebėtume,9
pasitarimų,9
Brigso,9
komplekse,9
šaldo,9
palįsti,9
šaldytų,9
Lančė,9
Kristoferio,9
priklijavo,9
Hilas,9
Prikąsk,9
Houmi,9
Staunai,9
Stebuklingoji,9
barad,9
Barakas,9
stebisi,9
Stearns,9
stebeti,9
Vyton,9
pasiuntinuku,9
Uždekit,9
kompaktų,9
sutuoktiniai,9
Lekteriu,9
uždarysime,9
uždarbį,9
Ivanui,9
suvalgęs,9
rinkiminės,9
Ringermana,9
uždarytų,9
uždavei,9
Germanu,9
geroj,9
Jeruzalę,9
siūlys,9
elgėtės,9
elgęsis,9
bepročiais,9
sivakar,9
siūbuoja,9
stebuklingos,9
Trautvigas,9
Travis,9
neišvyksi,9
Elin,9
Eliotą,9
dvynes,9
Prime,9
Stebukle,9
sutraukė,9
Grifitai,9
nevažiuojame,9
pasitikslinti,9
baklažanų,9
pasitikėtum,9
vėjui,9
traumuota,9
sąžiningo,9
komplikuoti,9
uždarymas,9
posmas,9
nenuspėjama,9
aparatūrą,9
Iva,9
uždarbio,9
užduotyje,9
portugalų,9
apdrausta,9
Ešlin,9
nevaisingumo,9
kareivinėse,9
italiūkšti,9
apdairiai,9
Portlande,9
dirvą,9
dirželį,9
nevažiuot,9
leistuvu,9
sutrikimus,9
užduodi,9
užduodu,9
sugroti,9
mirusia,9
apdirbti,9
pasitraukiam,9
pasiustų,9
pasiuntinio,9
vystymasis,9
Uždenkite,9
siųsdamas,9
grašio,9
Mandangas,9
vėjuota,9
sugrūsti,9
karalystėse,9
geriause,9
geriausieji,9
paliekami,9
paliepimu,9
manikiūrą,9
Šanchajus,9
Šanel,9
Šangrila,9
Jezaus,9
paliktumėte,9
traukiat,9
Atta,9
galybės,9
naujokams,9
Atrakinau,9
neištrūksime,9
nuotraukai,9
dydžiui,9
trapūs,9
principais,9
principu,9
gimtų,9
Iškelkite,9
nuorodų,9
principą,9
traukiniui,9
apeliaciją,9
nenustojo,9
nenustosi,9
Frydrichas,9
atradimus,9
traukiame,9
Kriugeri,9
krokodilas,9
mėtų,9
mįslėmis,9
Mūro,9
ripino,9
nenuėjau,9
vyravo,9
vyresniam,9
vyresniais,9
pasiėmėm,9
neužsimink,9
Riverio,9
ritės,9
Ešford,9
garsios,9
garstyčios,9
rinkinio,9
uždėjai,9
uždirbsim,9
uždirbtus,9
komiksai,9
komisariatas,9
sekretoriumi,9
sujudimas,9
popierium,9
palikuonį,9
palikus,9
Aliošenka,9
paliudys,9
Frydrichai,9
poreikiams,9
populiarumo,9
populiarūs,9
šaudyklos,9
uždėt,9
Hudinis,9
suima,9
suimsime,9
Discount,9
pasivadinęs,9
seksualūs,9
šaudyklą,9
Jela,9
kritiškas,9
krokodilą,9
šaudęs,9
šaukdavo,9
nuostabiausi,9
Merio,9
Redmondas,9
jaučiai,9
jaučias,9
šaulio,9
jautrios,9
Navidai,9
priri,9
Tranksai,9
komediją,9
komercinis,9
nepabėgsit,9
Mūn,9
nepadaryti,9
transformaciją,9
redaktoriaus,9
galvijai,9
Navynas,9
atvaizdu,9
trankyti,9
Nevadoje,9
Evą,9
ex,9
neužmigo,9
neužmigti,9
statybvietėj,9
statydamas,9
ginkluotę,9
statulėlę,9
statyba,9
gąsdinate,9
sėdėdami,9
navigacijos,9
sekami,9
lygini,9
palaužtas,9
Dyną,9
Starku,9
maniake,9
maniaką,9
Stapleton,9
lygintuvas,9
baisiausiai,9
lydėsiu,9
lygiais,9
lygias,9
sekcijoje,9
karininku,9
sujungtos,9
audras,9
Auf,9
sutitravo,9
Ponaitis,9
mėsytės,9
dirbtume,9
Leman,9
lempute,9
nuovargis,9
šauks,9
alimentus,9
alimentų,9
išklausei,9
paleidome,9
iškirsti,9
palauktum,9
poltergeistas,9
nepaaiškinama,9
nepaaiškino,9
mėnuliui,9
atstums,9
atstovams,9
palaižyti,9
nuožmi,9
apdraustas,9
kariaunos,9
griovio,9
lupa,9
griovimo,9
sekam,9
pompa,9
nepagalvojote,9
užkanda,9
užkabino,9
užkabins,9
kombinatą,9
nepadėjau,9
pasižadėjimą,9
pasiūlytas,9
pasiūlėte,9
šauktis,9
šaukštelio,9
šaukštus,9
neišvengiami,9
atstovaujate,9
sėkmei,9
lankėtės,9
jausdavausi,9
atrinko,9
Toyota,9
tradicinis,9
Aleksejyčiau,9
palaimino,9
atrodančio,9
skaitmeninis,9
jautrumo,9
lele,9
ritka,9
atauga,9
Kolumbiją,9
Kolumbą,9
Karmako,9
atbulinį,9
tragišką,9
Krovi,9
šedevro,9
Trafalgaro,9
prireiktu,9
apgailestauji,9
kariuomene,9
neužmušti,9
Vudas,9
gyvūnėlį,9
palaimina,9
našlaičius,9
reabilituotas,9
algų,9
dvynę,9
Dwight,9
krust,9
paskelbt,9
paskelbsime,9
sukeltus,9
Sebastjanai,9
vykdytoja,9
lankstus,9
sėstum,9
Bumbuli,9
istorine,9
apgalvot,9
užimsim,9
Sebastjanas,9
geraširdis,9
sukele,9
sukilėliais,9
misionierių,9
prisidegti,9
prisegti,9
prisidėjai,9
elementais,9
barelių,9
granito,9
rašytų,9
sutiksit,9
pakvietimų,9
tomogramą,9
kryžiažodžius,9
Torettai,9
krūmų,9
mergvakario,9
maniškę,9
išklausyčiau,9
mėnuliai,9
brendį,9
guodžia,9
prisigėrei,9
prisiekiamės,9
prisikele,9
prisijungsime,9
prisiglausti,9
vykdom,9
Karimova,9
neužmiršau,9
Karlailas,9
užklumpa,9
užklupt,9
suklupti,9
mėnesiu,9
nurimtų,9
pakviestų,9
Iškrušk,9
jauniausiu,9
Dylaną,9
Dylą,9
palankūs,9
krūptelti,9
Isildurą,9
aleikum,9
jaudintumeisi,9
alchemijos,9
grasinai,9
merdėti,9
Šeril,9
nurimsta,9
dingot,9
Volteriui,9
Voltu,9
Schwinn,9
diplomatija,9
paskyrimą,9
apgamą,9
paskirstyti,9
sutiktu,9
mėsai,9
Bretas,9
sukimosi,9
Lus,9
Misjo,9
Sukertam,9
paskatint,9
dėlionę,9
šerne,9
skalbia,9
skalbyklos,9
stambaus,9
Ginkitės,9
nupūtė,9
Alechandro,9
sū,9
sūkurį,9
šeštame,9
šeštoje,9
pakuotę,9
sūpynių,9
ginkIą,9
ginsi,9
Blackwood'o,9
bjaurybę,9
užkoduoti,9
kolona,9
kolonijose,9
scenaristė,9
Schindleris,9
sūrainį,9
Tomlinson,9
netvarkingi,9
bailį,9
sukirsti,9
Votsonas,9
Vou,9
Schneider,9
BK,9
krėslą,9
neaiškaus,9
bulvare,9
Bridžeri,9
Bridžporto,9
sutemo,9
apgaubta,9
MIT,9
prisilies,9
toksiškas,9
choleros,9
toniku,9
nupirktum,9
Neišsenkantis,9
Prisijungimas,9
Kruzas,9
paskutiniajam,9
neturint,9
neturtingi,9
Gunnarai,9
rizikuos,9
nepaisė,9
neaiškių,9
Tolimųjų,9
Kolosai,9
Nepadėkite,9
užkratą,9
apgauna,9
nepadėsite,9
užkibs,9
užmiestį,9
užmaskuoti,9
dantuką,9
Point,9
albumų,9
nusekiau,9
paklustų,9
Bensonas,9
Aleksandrijos,9
Jasonas,9
grimzta,9
grindinio,9
savotiškas,9
grimasa,9
Grimholdas,9
Garį,9
flangas,9
nepajus,9
apgynei,9
paslėpėt,9
Ešlės,9
netrukdykite,9
lunch,9
vokiškas,9
kartelis,9
Kartaginos,9
ežiuku,9
paskubėsi,9
netoleruosiu,9
paskyti,9
paskęs,9
ismokti,9
Islamo,9
netrukdyt,9
Polardas,9
užlietas,9
užlips,9
pogrindį,9
pobūvyje,9
Kolinsu,9
dinamitu,9
karštoka,9
staigios,9
skanavimo,9
atrodysime,9
atrodytume,9
poelgių,9
koli,9
Hymanas,9
paslaptimis,9
pakrypsta,9
stadiją,9
stadionas,9
Tolikas,9
tolimesnių,9
stadijoje,9
skambesį,9
Granvilis,9
dėsi,9
Albanijos,9
Jankovskis,9
Jano,9
Staineri,9
Japonijoj,9
dėsniai,9
dėsnių,9
luitai,9
Lumiere,9
Grimholdą,9
paslapty,9
Vitruvijau,9
Vitu,9
Dinas,9
humorą,9
nusigavau,9
Meraja,9
nurodytos,9
Mao,9
manąsias,9
mentam,9
Lunos,9
Luisu,9
taburetę,9
atstatysime,9
neapsigalvojau,9
T-virusas,9
Jah,9
pakliūsi,9
paklojau,9
paklausą,9
karštus,9
rišt,9
MKA,9
Lujis,9
dimensiją,9
netoks,9
Netildyk,9
rašikliu,9
Ričmondo,9
kasdienybė,9
kasetėje,9
isejo,9
fakultetui,9
pastarasias,9
Gaudykite,9
Bredį,9
Ksanadu,9
toksinai,9
rašome,9
kolektyve,9
suteikėme,9
suteikėte,9
garvežys,9
mėnesienos,9
prisipažinau,9
Alasteri,9
paklausinėsiu,9
Prisitrauk,9
prisiminimo,9
šiauriečių,9
pakol,9
albumai,9
Hunterwasser,9
netikslumas,9
vizijose,9
visuotinį,9
kasečių,9
mėlyne,9
garsųjį,9
prisiskambint,9
užnešė,9
MNA,9
mišrainę,9
Mišelės,9
pastarosiomis,9
neteksim,9
netekt,9
netekėsiu,9
prisiminsite,9
prisiminęs,9
atsakytumėt,9
atsakėte,9
skanėstą,9
prisiversti,9
prisisapnavo,9
atakavo,9
Lamarui,9
skardine,9
mentais,9
skanesnis,9
Bendžaminą,9
skanumynų,9
baronienė,9
barnių,9
Robinsono,9
užmušėme,9
pojūčius,9
Tagai,9
Tagartai,9
neišgirsti,9
Lamos,9
Neapolis,9
paklaustumėte,9
šikniams,9
Ravena,9
blakes,9
Savianas,9
netikrins,9
apibūdint,9
Kasandrai,9
šikniumi,9
šiknoje,9
nusifilmuoti,9
pakišot,9
Šimizu,9
Kubla,9
šikynę,9
šildytuvus,9
iššvaistyti,9
išžagino,9
pakete,9
akvalangu,9
Alahmedas,9
spėtum,9
Square,9
pakIausti,9
Falonas,9
netekimo,9
diktatorių,9
sutartyje,9
suksis,9
Luktelėkit,9
bailiams,9
Kasijaus,9
dėvėjau,9
dėstė,9
pakilsi,9
pakilsiu,9
pakelėje,9
Išlaikykite,9
sutarę,9
Užpildykite,9
Aktyvuok,9
atsargai,9
atsargesni,9
išlaisvinau,9
nusikirpti,9
išžudėme,9
dėvintis,9
Jamčį,9
plovyklą,9
Titanai,9
futbolininkai,9
kuklumo,9
tobulybės,9
šiukšlę,9
šiuolaikinio,9
iššaukė,9
apiplėšime,9
apiplėšimus,9
netaktiškas,9
kolegom,9
apkarpyti,9
Kastoras,9
dieviškos,9
apimties,9
pasuki,9
kasmetinę,9
apkabos,9
pastumt,9
apkurtai,9
kaspinu,9
baigiamosios,9
dėžučių,9
plokščių,9
užpildžiau,9
nepajėgia,9
neteisybę,9
visoks,9
dilemą,9
pastiprinimu,9
pastebėtum,9
suteikiantis,9
aspektas,9
užprogramuoti,9
užpuoliau,9
genčiai,9
Savanos,9
plunksnų,9
kokteiliu,9
užpildyta,9
Plunksneles,9
plunksnomis,9
Robinsoną,9
Robinu,9
lengvesnį,9
rodiklių,9
Rodin,9
Digoris,9
apkvailino,9
dietinės,9
dienoraščiai,9
savanaudžiai,9
sulaikymas,9
faktorių,9
dieviškajame,9
prisitaikyt,9
neapgavo,9
Neapkenčiu,9
pristojo,9
prispaustas,9
Tobinas,9
viskiu,9
apieškos,9
atsakymais,9
tobulumo,9
grandininę,9
sriubytės,9
sričių,9
pristatyme,9
tobulų,9
prisistato,9
bartis,9
šiurpuliukai,9
Mariaus,9
menininko,9
skautu,9
Bartolomėjus,9
Bartonai,9
prispyrė,9
išvykčiau,9
nusipelnau,9
širdgėla,9
širduk,9
šiuolaikiškas,9
spėjote,9
nepalaukus,9
plikį,9
nusimyžti,9
šiurkštūs,9
pakeitęs,9
pakeitėm,9
šiukšlėmis,9
iššokai,9
Iššauk,9
išvyktume,9
Brende,9
sausą,9
nepaklusnumo,9
burbulus,9
Tiritas,9
pakarta,9
pakartočiau,9
nusipirks,9
savininkams,9
pataisys,9
sauso,9
Lozoriaus,9
sausros,9
sulaikysime,9
sutarsim,9
rodmenis,9
loterijoj,9
sultinga,9
suleista,9
viršeliui,9
sulindo,9
modernaus,9
baidykle,9
sulaukusi,9
sutarsime,9
sutartimi,9
sutariat,9
kojotas,9
pliauški,9
lošimus,9
lovon,9
Brendas,9
auklėtoja,9
lenkiuosi,9
kojelės,9
kojoje,9
PleinvÓjau,9
irdies,9
sutariate,9
lenktyniauja,9
asmenybe,9
nepakėlė,9
nepaklausus,9
nepaklus,9
Pataikyk,9
dien,9
patalą,9
pliaže,9
katalikė,9
Virgo,9
virveles,9
fantazijas,9
pasėjo,9
Rodykite,9
nepaliesta,9
nepaliestas,9
rausvais,9
neatidarys,9
taikiklį,9
Lambertai,9
neatidarysi,9
apklaustas,9
apklausė,9
katakombose,9
Hermionai,9
kultūroje,9
neimsim,9
funkcionuoja,9
furgonu,9
Prison,9
neišdavė,9
neišdegė,9
grisiu,9
griuveną,9
pasveiktų,9
apklaust,9
pritarimas,9
Prisėskim,9
Charger,9
išvykstat,9
Lenkitės,9
sulaužęs,9
mėgdžioja,9
užregistruotas,9
asmenybes,9
užrašei,9
nepalaikai,9
Darkness,9
kulkšnių,9
kulminacija,9
Šiva,9
nusileisite,9
akmeninė,9
pritariate,9
mėgausimės,9
mėgausiuosi,9
neapsisprendžiau,9
Taikykit,9
taikūs,9
šiurpina,9
škotų,9
pakaušyje,9
Herbertas,9
kulku,9
nepalietė,9
sulysai,9
rodomi,9
burnon,9
tipais,9
PAKAITA,9
raudonplaukės,9
raudonuoju,9
Vintrop,9
kategoriją,9
užsidegimą,9
užsidirbi,9
užsiauginai,9
pateka,9
Kati,9
Irkluokit,9
skelbt,9
menadė,9
Markusu,9
marketingo,9
Markis,9
užsakymai,9
pledą,9
Bleit,9
pajėgūs,9
spręs,9
spynų,9
meluotų,9
išlaisvinta,9
Barry,9
išvykas,9
išvykos,9
patenkino,9
pateksite,9
plaustas,9
plausto,9
plazminį,9
plaukuota,9
plazmą,9
pajustum,9
ekspertu,9
nusipirkęs,9
spurga,9
nesutariam,9
didžiuliais,9
nesutrukdė,9
apleistos,9
apleidai,9
nusiramins,9
ekstazės,9
ekstremalių,9
ekstremalų,9
pakabuko,9
išlaisvintas,9
išlaisvintų,9
šlaunų,9
pritrūks,9
pritrūksta,9
Atsek,9
šnabžda,9
šlykščių,9
atsidurtume,9
atsidurčiau,9
negyvenamoje,9
Ibrahimas,9
nesustojau,9
Faranos,9
katinu,9
katerio,9
saugykloj,9
privačia,9
privačius,9
raukšlės,9
neapsimetinėju,9
Tim,9
užsiimsime,9
Brančai,9
Rodžeriu,9
užsidirbu,9
plaukelio,9
Taitį,9
neimi,9
girdziu,9
girdėdama,9
sprogsi,9
Timočio,9
Timu,9
privalu,9
mogaus,9
saugotum,9
Aslano,9
užsiimsi,9
neateik,9
Cha-cha-cha,9
neatgaus,9
galui,9
nesuvaldysi,9
patarlė,9
saugočiau,9
moduliu,9
modžinai,9
saugotoja,9
sumaišei,9
sumaišo,9
šlovingą,9
privatumas,9
brazilų,9
lenktynėms,9
sustotų,9
lentas,9
inžinieriaus,9
nesutarėme,9
Džeikui,9
šluostės,9
Džefersono,9
šnekame,9
šmikiai,9
nusisuksiu,9
išvešiu,9
Šlovingosios,9
iaus,9
iausia,9
iausiai,9
kaukazietis,9
šlykštyne,9
marmūzės,9
šnekant,9
paini,9
užsiiminėt,9
fizruku,9
patiekta,9
patikrinčiau,9
vilkintis,9
Vilkisas,9
Ibanes,9
platformas,9
bendrove,9
plastiku,9
plantacijoje,9
knygyną,9
idiotui,9
myžt,9
patikli,9
Katy,9
nusivaręs,9
nusivelka,9
nusivesi,9
taisymo,9
skiriami,9
skiriatės,9
menes,9
skirstytis,9
knygutės,9
negrus,9
tikus,9
tikusios,9
šoke,9
nusiųstas,9
Atsigauk,9
išversiu,9
Vingeitai,9
patekę,9
sumanūs,9
aplinkiniais,9
aplinkiniams,9
užsikrušti,9
nepamirštum,9
sumanysi,9
paistot,9
išleistuvėse,9
priversčiau,9
privertusi,9
priverstinai,9
Henku,9
tikėjais,9
gaujas,9
ekskursijų,9
išvaliau,9
Graikijoj,9
ištyrė,9
šoktų,9
atsidursim,9
painiojasi,9
išvengsite,9
planams,9
nepaprastų,9
nepanikuoti,9
Plastic-Girls,9
Rokai,9
Pagyvensim,9
pagyvenusi,9
aklasis,9
planuojama,9
darydavome,9
knygelėje,9
užsimušti,9
Vilhelmas,9
didėti,9
plakta,9
plakė,9
Badai,9
badavo,9
Loku,9
Fitzai,9
Artūrą,9
pjeses,9
sumenkinti,9
genitalijas,9
mokaus,9
viešpatavimo,9
Kauls,9
apmąsčiau,9
apmokamą,9
apmokymai,9
genocidą,9
sumedžiosiu,9
didingai,9
nesuprasdavau,9
brangiaussiojo,9
užsimoti,9
viešnamyje,9
viešnią,9
apmokymus,9
babkes,9
sustojote,9
Leopoldas,9
gultą,9
sustingo,9
sumanėt,9
kaukoles,9
myžu,9
didingos,9
leoparda,9
leopardai,9
Kobaltas,9
brangiaussiąjį,9
mylitės,9
Rolls,9
gulėsiu,9
gulėtų,9
šnipinėjimo,9
šnipu,9
šokiruota,9
nusičiurkšt,9
šnibžda,9
šokėjus,9
pagyvens,9
susprogdinsime,9
bendraujam,9
girls,9
eks,9
Džefui,9
Džefą,9
šokinėji,9
baseinu,9
ekspedicijai,9
genitalijų,9
leopardu,9
skolon,9
Spoonai,9
spjaut,9
sklerozė,9
išvalo,9
skliautas,9
Pjaukit,9
Pitsburge,9
idijotas,9
patinai,9
didvyre,9
identiški,9
nepaprašysi,9
lokiukas,9
Melvinas,9
pagrobėjas,9
spoksojai,9
Marvo,9
baržą,9
bendrovių,9
Melinda,9
artėjimą,9
tiksla,9
celibato,9
laivelis,9
pagrindus,9
pagrobe,9
Šrederis,9
Džeimiui,9
bendrovėje,9
Patrakėle,9
klyksmus,9
nepasakyti,9
places,9
plakatai,9
klykti,9
nepardaviau,9
asas,9
neatidavei,9
Gėgenas,9
taktikos,9
Džeisi,9
buteliukų,9
Sati,9
nesupratom,9
dideliems,9
bendravai,9
spjaudo,9
taksą,9
takte,9
tikėjima,9
fėjas,9
išvarei,9
rastu,9
Džeimio,9
Pagogo,9
pagonys,9
Baterfield,9
Martą,9
šriftu,9
ištveri,9
spirito,9
patrauklumą,9
sumokėjot,9
grobimas,9
nesukelia,9
Patria,9
sumušimai,9
Blokui,9
genijai,9
ištvirkėlė,9
ištrūkęs,9
Dželistounas,9
džemo,9
išlikusieji,9
išlikę,9
spjaudytis,9
lervos,9
pagerėtų,9
Šumerų,9
tikrąja,9
Tikrink,9
nusišypsos,9
eksperimentinių,9
ŠpiIrain,9
išlikt,9
vietine,9
vietinei,9
susprogdina,9
pistoletų,9
Piteriu,9
Gunarai,9
Helsingas,9
tikrinamas,9
investiciją,9
vietove,9
patogiu,9
aprūpinimą,9
aprūpins,9
internetinį,9
interpretuoti,9
vietelių,9
kure,9
skolinti,9
Hensonas,9
