word,count
jeg,2583065
det,2483337
er,2319286
du,2028819
ikke,1467758
en,1003650
og,983505
i,920116
har,913127
vi,853125
på,821558
å,796343
til,718765
deg,669612
med,647920
meg,632015
han,629903
hva,621454
for,618456
som,564690
at,545646
så,531246
de,504669
kan,501034
den,486502
var,460350
vil,422833
av,419400
om,410506
men,373528
skal,362326
et,327213
ja,319151
her,296902
bare,280751
dere,279717
dette,279640
må,273974
hun,273763
noe,271542
nei,269620
vet,265294
nå,253392
ham,233725
min,225205
ut,224401
kom,217053
din,207440
da,206820
oss,201514
ha,189083
gjør,187581
hvor,184374
fra,182935
være,174579
noen,169489
der,166015
dem,165353
igjen,159795
se,158045
ta,153138
ville,148652
kommer,145040
alle,143429
går,139904
alt,137972
få,135817
tror,134624
hvorfor,134244
opp,133796
hvordan,132975
gjøre,131691
hvis,131399
ingen,130684
seg,130547
hadde,126772
sa,125705
bra,124538
når,123286
får,122937
blir,122308
takk,121037
henne,120711
gå,120082
bli,116441
eller,116323
si,112542
ser,112221
la,111746
hvem,111445
inn,105940
Hei,105377
litt,103919
etter,103438
denne,101604
ble,97806
tilbake,95515
aldri,92198
kanskje,92175
vel,91649
ok,89014
skulle,88994
jo,88762
trenger,85757
to,85229
sier,82446
kunne,82165
over,79798
mer,79034
før,78860
vært,78506
også,78418
tar,76553
man,75653
gi,75271
god,74879
selv,74807
mye,74477
nok,72308
mitt,71713
hans,71610
sammen,68919
gjorde,67909
dag,67081
gang,66728
enn,66290
ned,64991
andre,64551
sett,63741
vær,62786
mine,62285
fikk,61810
ditt,60419
siden,59694
greit,59552
mot,57669
helt,57620
år,57019
faen,56602
deres,56349
hele,54988
komme,54059
godt,53210
snakke,52657
ved,52020
mann,51274
dra,50140
gjort,50062
fordi,50036
rett,49679
folk,48868
liker,48649
mange,48031
dine,47950
mener,47721
alltid,47696
mr,47306
sant,47169
sånn,47147
ting,46534
vent,45902
tok,45461
tre,44937
vår,44838
hold,44773
hjem,44489
finne,43018
Unnskyld,42912
veldig,42388
beklager,42353
tid,41861
uten,40574
burde,40547
hit,40435
trodde,40307
ingenting,40220
bedre,39550
gikk,39163
sir,38978
hjelpe,38439
morgen,38355
livet,37997
vite,37613
akkurat,37570
visste,36722
virkelig,36714
kveld,36649
lenge,36353
slik,36238
snakker,36196
kjenner,36143
skjer,36006
far,35971
sin,35804
elsker,35707
står,34882
samme,34790
ute,34743
død,34070
første,33764
hjelp,33676
disse,33111
snill,32669
feil,32580
forstår,32223
Herregud,32169
gir,31653
siste,31556
pappa,31527
helvete,30620
eneste,30199
én,30103
fant,29972
hennes,29970
hør,29913
mamma,29681
vei,29594
under,29551
klar,29346
sted,29267
blitt,29205
drepe,28554
holder,28498
heter,28419
barn,28246
bør,27873
penger,27746
slutt,27733
fint,27354
visst,27353
prøver,27262
skjedde,27193
Hallo,26961
tro,26936
borte,26919
drar,26894
døde,26784
verden,26773
redd,26674
husker,26649
rundt,26578
snart,26487
mor,26482
bilen,26311
beste,26275
hver,26139
veien,26076
gud,26074
holde,26059
våre,26035
venn,25900
finner,25879
like,25706
tatt,25703
hører,25688
faren,25643
høre,25625
annet,25366
flere,25353
hos,24975
bort,24725
inne,24699
fortelle,24688
måtte,24616
først,24504
fått,24249
stor,23977
gjennom,23926
liv,23907
heller,23608
tiden,23417
ga,23358
betyr,23297
glad,23166
sikker,23157
neste,23085
mannen,22750
sikkert,22654
annen,22560
lei,22447
lenger,22374
vekk,22192
gjerne,22170
fortsatt,22072
hørte,21918
unna,21853
nye,21515
fem,21297
store,21255
menn,20886
alene,20797
hatt,20689
dø,20646
sagt,20580
derfor,20556
flott,20413
skjønner,20326
snakket,20182
jævla,20114
klart,20106
ny,20101
liten,20071
ennå,19915
dager,19728
føler,19561
pengene,19533
langt,19507
håper,19500
sitt,19447
klarer,19409
minutter,19350
jobber,19283
grunn,19151
byen,19081
gamle,19064
ganger,19059
tenkte,19034
venner,19001
nesten,18896
jobb,18848
politiet,18848
gutt,18844
venter,18793
kjære,18697
drepte,18695
lkke,18656
navn,18654
ellers,18426
ett,18367
jobben,18354
huset,18230
fire,18194
vårt,18180
hjemme,18175
faktisk,18172
dit,18106
bak,18092
dagen,18045
fort,18030
drept,17842
be,17813
begge,17769
natt,17724
hørt,17689
hverandre,17610
stille,17583
herfra,17563
ferdig,17560
lille,17523
orden,17293
tenk,17285
stedet,17212
mens,17206
hodet,17115
nettopp,17112
virker,17056
dollar,17021
møte,16968
funnet,16951
dårlig,16854
engang,16834
sine,16834
familien,16810
moren,16807
gode,16774
hyggelig,16744
synes,16683
ei,16654
slå,16635
måte,16559
senere,16504
begynner,16338
par,16332
ganske,16293
vise,16069
galt,16016
ønsker,15973
ti,15929
prøve,15911
fortell,15866
tenker,15792
vanskelig,15686
slags,15650
ba,15616
a,15591
allerede,15498
pokker,15481
klare,15359
ringer,15359
slipp,15312
del,15254
hvilken,15115
dr,15105
gammel,14928
gått,14898
mistet,14826
stopp,14738
bruke,14655
skyld,14649
rolig,14587
tenke,14574
dør,14564
helst,14555
spør,14544
saken,14535
prøvde,14518
sånt,14516
øyeblikk,14514
viktig,14412
ord,14409
uansett,14402
spørsmål,14354
ligger,14335
egen,14331
mellom,14303
jente,14293
ber,14239
tenkt,14218
mi,14206
riktig,14200
bor,14139
stemmer,14121
kommet,14105
stå,14047
all,14004
sønn,14002
nytt,13978
lett,13888
kvinne,13887
timer,13860
fin,13858
mennesker,13842
dro,13768
redde,13753
kaptein,13710
velkommen,13666
fortalte,13609
vente,13568
sitter,13554
legg,13459
jenta,13358
slapp,13331
John,13288
setter,13253
treffe,13222
spise,13202
fyren,13049
fyr,12895
høres,12892
spiller,12887
gutten,12887
mat,12879
åpne,12781
tak,12779
skje,12778
leve,12763
di,12732
sette,12718
ringe,12635
seks,12599
syns,12593
bryr,12560
finnes,12382
nede,12370
full,12358
bruker,12355
lever,12354
enda,12350
egentlig,12346
mulig,12343
dreper,12305
Jack,12298
kjeft,12297
problem,12229
best,12192
jobbet,12178
lang,12170
videre,12155
selvsagt,12142
navnet,12126
kone,12069
utenfor,12058
oppe,12041
sent,11942
problemer,11928
ses,11887
utrolig,11885
imot,11839
holdt,11835
satt,11832
spørre,11788
fins,11750
ring,11717
lar,11631
skjedd,11465
hater,11443
hente,11410
løp,11394
kaller,11357
hus,11343
kona,11321
ro,11312
gutter,11312
tom,11269
mindre,11264
New,11263
mest,11263
glem,11256
fram,11251
begynte,11187
tusen,11174
forsiktig,11163
fremdeles,11148
selvfølgelig,11117
pass,11076
kjøre,11075
stort,11074
fantastisk,11066
barna,11045
kjører,11035
herr,11030
ringte,11008
øynene,10977
fred,10974
hjelper,10968
vann,10938
spille,10895
fast,10848
plass,10846
sjanse,10845
rommet,10833
side,10766
våpen,10732
resten,10688
fri,10677
jobbe,10646
gangen,10646
gal,10632
handler,10610
pa,10597
lover,10594
skolen,10572
vennen,10498
ekte,10372
familie,10372
kjent,10355
lite,10345
mrs,10334
sønnen,10323
lage,10282
uke,10275
sannheten,10274
tur,10234
landet,10230
foran,10211
snakk,10142
an,10113
hvert,10094
prøv,10090
bror,10071
bil,10057
driver,10049
fly,10019
måneder,9875
broren,9826
ønske,9782
rom,9780
valg,9756
gitt,9742
kvinner,9721
straks,9717
vondt,9675
laget,9617
jøss,9531
hendene,9529
legge,9471
miss,9470
kjøpe,9427
vis,9407
tidligere,9388
time,9335
the,9288
stund,9259
finn,9235
mente,9177
dritt,9174
Frank,9151
passer,9150
idé,9130
lære,9123
tide,9108
blod,9103
telefonen,9086
tidlig,9083
begynne,9063
perfekt,9048
føles,9034
unge,9001
kjente,8960
fortsett,8937
Sam,8924
svar,8921
svært,8878
betale,8869
ventet,8857
rart,8785
verre,8778
sendte,8765
lager,8738
sove,8733
gift,8706
lov,8701
sist,8693
hånd,8691
uker,8663
gjelder,8649
fengsel,8633
nær,8628
altså,8620
sender,8610
viser,8607
stoppe,8583
aner,8579
kjør,8575
klarte,8558
forteller,8556
kjærlighet,8526
ille,8464
sint,8450
reise,8448
lykke,8432
likevel,8416
historie,8368
millioner,8361
hardt,8337
herrer,8335
morsomt,8326
sitte,8307
herre,8303
dum,8293
elsket,8218
damer,8206
beskytte,8203
slutte,8176
forstå,8144
lyst,8136
leter,8133
middag,8116
spiser,8114
sak,8096
skrive,8091
skyte,8089
måten,8060
land,8057
idiot,8018
slo,8014
reddet,7992
små,7977
skikkelig,7975
fare,7975
bruk,7970
likte,7949
fortalt,7940
sende,7899
følge,7884
fall,7857
synd,7840
l,7818
farlig,7805
spurte,7788
jenter,7785
frem,7769
York,7758
følger,7753
live,7728
vakker,7725
brukte,7691
syk,7659
kaffe,7648
større,7646
svarte,7611
problemet,7579
nummer,7577
foregår,7577
venstre,7562
pris,7557
slår,7511
gratulerer,7505
avtale,7501
krig,7453
døra,7435
trengte,7430
lese,7429
lot,7408
flink,7396
bo,7389
drikke,7386
sex,7375
legger,7355
skyt,7351
slipper,7344
henter,7316
ærlig,7315
hent,7312
prate,7308
rette,7305
kun,7303
skutt,7303
gifte,7302
krigen,7299
høyre,7286
skjøt,7221
ansiktet,7220
fortsette,7211
hjertet,7169
barnet,7145
enkelt,7135
døren,7127
ofte,7106
datter,7100
bekymret,7098
kvelden,7096
ung,7093
masse,7090
betaler,7089
Charlie,7061
åtte,7053
datteren,7051
egne,7037
lurer,7005
endelig,7004
klokka,6991
hvite,6987
eget,6938
sto,6930
traff,6923
stole,6903
gøy,6894
husk,6892
råd,6890
slippe,6884
rør,6875
skade,6873
slåss,6860
Michael,6860
verdt,6855
største,6848
kontakt,6846
Jaså,6845
stikker,6824
ben,6823
sjef,6822
stikke,6815
forklare,6795
foreldrene,6787
tjeneste,6755
absolutt,6751
vant,6720
annerledes,6706
Harry,6659
sjefen,6655
skrev,6645
kort,6642
antar,6642
historien,6623
skyter,6621
doktor,6613
beskjed,6610
vinner,6604
kompis,6600
høyt,6599
født,6594
natten,6585
umulig,6552
ønsket,6535
kastet,6527
føle,6523
Peter,6519
sendt,6476
huske,6465
drittsekk,6462
David,6428
særlig,6402
lå,6391
spill,6368
skadet,6362
skynd,6360
by,6355
farvel,6349
sjekk,6329
falt,6327
mister,6314
verdens,6303
sekunder,6297
sjekke,6284
spesielt,6280
raskt,6264
glemte,6262
plan,6239
kontoret,6230
person,6225
vannet,6213
steder,6209
dessverre,6201
vinne,6188
nødt,6187
flytte,6179
noensinne,6177
sover,6177
stolt,6167
ordre,6155
klokken,6139
vennene,6124
Mike,6112
vare,6093
George,6085
svart,6084
stoler,6077
ødelegge,6074
følg,6058
menneske,6055
opptatt,6032
bevis,6028
overalt,6017
smart,6001
skipet,5995
vanlig,5972
skylder,5969
passe,5951
stikk,5936
hånden,5934
dame,5932
leder,5925
døden,5916
kamp,5914
rolle,5914
send,5909
James,5909
forstått,5900
kult,5869
dyr,5868
bord,5861
skatt,5858
forhold,5858
onkel,5845
søster,5844
tuller,5844
alvorlig,5830
planen,5828
kjørte,5824
sterk,5818
bilde,5806
drink,5791
skriver,5783
skål,5770
general,5769
ødelagt,5762
president,5760
ordne,5727
Joe,5678
brukt,5675
lykkelig,5652
mennene,5649
tv,5642
okay,5632
ni,5623
arbeid,5622
satte,5618
ære,5603
selge,5601
lys,5600
fortsetter,5597
forlate,5595
miste,5573
tiI,5569
hvilket,5565
lurte,5565
slikt,5543
fest,5542
deler,5542
minste,5540
meter,5521
tingene,5508
forbi,5507
kjæresten,5502
sju,5497
guds,5483
glemt,5478
kl,5475
lærer,5472
prøvd,5463
flyet,5448
baby,5447
øl,5444
skaffe,5442
kjøpte,5430
lukk,5421
kroppen,5419
møtt,5419
kontroll,5415
iblant,5415
hender,5400
fortjener,5391
midt,5388
savner,5381
pent,5378
lik,5368
sjansen,5364
plutselig,5363
kutt,5362
trekk,5343
snu,5334
øyne,5321
sykehuset,5316
interessant,5311
hjerte,5306
stjal,5297
søt,5290
lyver,5290
kongen,5285
ligge,5266
glemme,5264
sulten,5259
merkelig,5259
lege,5255
kvinnen,5251
interessert,5250
enig,5244
savnet,5227
øye,5226
kalle,5225
løs,5201
nydelig,5194
forelsket,5194
ryggen,5193
søsteren,5192
lærte,5178
drep,5160
USA,5158
innen,5139
verste,5120
fungerer,5120
eier,5107
personlig,5101
agent,5081
blant,5076
sprø,5075
fleste,5064
arbeidet,5064
nyheter,5060
Bill,5051
jævel,5050
fanget,5044
angrep,5037
elske,5016
levende,5012
dumt,5011
flyttet,5006
jorden,4993
kjempe,4992
Bob,4990
sluttet,4976
kaste,4975
dumme,4957
folkens,4944
tilgi,4940
lagt,4930
Mary,4923
ræva,4909
Åh,4904
trygg,4896
bilder,4895
drikker,4892
sov,4883
etterpå,4875
hjalp,4866
advokat,4849
Jim,4844
maten,4841
stans,4838
reiser,4833
slike,4831
forrige,4804
følte,4801
lag,4785
både,4781
presidenten,4780
mening,4778
ferdige,4778
bildet,4775
lukter,4762
fru,4753
Danny,4743
het,4727
pleide,4726
betalt,4724
fine,4723
morges,4721
slutter,4717
jentene,4717
møtes,4711
området,4709
unnskyldning,4701
film,4692
pistolen,4691
lyset,4687
informasjon,4680
konge,4675
kaster,4669
høy,4642
ordner,4640
viste,4633
pen,4631
selger,4624
slått,4610
velge,4600
kampen,4594
tredje,4589
nærmere,4580
Johnny,4570
båten,4566
filmen,4545
heldig,4544
FBI,4540
munnen,4539
støtte,4530
syntes,4524
meget,4521
stakkars,4519
frue,4512
Billy,4512
skrevet,4511
telefon,4509
forsvant,4507
makt,4507
talt,4503
respekt,4502
virket,4490
Paul,4484
oberst,4484
spor,4475
hund,4475
Alex,4474
mål,4464
himmelen,4448
bortsett,4442
håret,4435
halv,4433
sjekket,4424
greier,4422
kjøper,4417
måned,4415
trygt,4397
kalte,4391
liksom,4382
slutten,4379
møter,4363
ordentlig,4361
enten,4361
saker,4352
moro,4352
valgte,4350
merke,4348
hvilke,4346
festen,4345
møtte,4327
dritten,4326
lært,4324
glede,4323
forandret,4322
gave,4321
retten,4312
tjener,4311
skip,4305
flytt,4301
spørsmålet,4293
forlot,4291
Ray,4286
lngen,4279
bedt,4275
besøk,4272
kjæreste,4269
nærheten,4261
ringt,4259
takke,4259
stakk,4255
vakkert,4250
bekymre,4236
løy,4230
ungene,4227
årene,4217
Jesus,4214
jul,4212
greia,4205
minst,4202
fange,4190
London,4188
tegn,4187
frøken,4174
drøm,4169
hopp,4167
faller,4164
fører,4161
Martin,4158
hunden,4156
ene,4151
stol,4146
ekstra,4143
kvitt,4143
politi,4139
Max,4138
forferdelig,4137
fullt,4136
legen,4135
tjene,4124
klær,4122
taket,4118
prater,4104
hundre,4081
Sarah,4076
pleier,4073
våpenet,4069
håpet,4064
sikkerhet,4054
stemme,4053
Tony,4051
lurt,4051
lest,4044
krever,4042
hjernen,4038
Thomas,4035
sverger,4035
vennligst,4034
blå,4032
trist,4019
karer,4018
ansvar,4013
leke,4010
Jimmy,4009
svare,4007
fikse,4004
såret,4004
truffet,4003
håp,4000
Paris,3999
nøyaktig,3992
dypt,3989
danse,3984
Nick,3977
løytnant,3969
innom,3969
jævlig,3964
sjekker,3961
starte,3960
bakken,3957
poenget,3955
bordet,3948
skogen,3942
musikk,3937
folket,3934
dårlige,3931
starter,3921
spilte,3920
bok,3915
vakre,3913
bestemt,3909
dele,3897
frisk,3896
tilhører,3895
Jake,3893
nummeret,3889
Henry,3882
kast,3878
minner,3878
bry,3875
drap,3869
startet,3865
nødvendig,3862
gravid,3857
leser,3856
lunsj,3849
Steve,3841
trøbbel,3839
begynt,3828
trenge,3826
likt,3820
høyere,3814
selskap,3796
lete,3796
målet,3794
altfor,3788
overleve,3788
forresten,3778
mangler,3778
glipp,3775
herlig,3772
Tommy,3766
professor,3765
spist,3764
vinduet,3764
glemmer,3756
hel,3752
menneskene,3750
hemmelig,3743
nøkkelen,3742
inni,3739
sånne,3722
ordet,3720
trekke,3715
sikre,3709
kyss,3701
nervøs,3690
bytte,3690
stand,3686
omtrent,3685
km,3682
knapt,3682
hvit,3674
spiste,3666
folkene,3664
Robert,3663
mark,3660
velger,3657
liket,3648
stopper,3635
våkne,3635
inntil,3635
engelsk,3631
nåde,3629
lovet,3627
bank,3627
kirken,3626
tull,3623
taper,3614
fars,3613
stoppet,3606
ansikt,3601
situasjonen,3596
endre,3596
stjele,3586
åpner,3577
gleder,3574
brev,3571
elskling,3569
bevise,3567
type,3566
oppdaget,3565
pistol,3556
kalles,3551
grunnen,3551
unngå,3535
typen,3532
ren,3527
Will,3522
løpe,3521
ødela,3519
glass,3517
hår,3516
fikser,3515
te,3509
toget,3509
beina,3508
forlater,3507
vakt,3503
drømmer,3502
bodde,3493
bestemmer,3492
dratt,3489
derfra,3488
dommer,3488
nekter,3486
stjålet,3482
Chris,3477
bygge,3477
gutta,3477
frokost,3476
slag,3472
blåser,3471
herren,3471
leiligheten,3469
åpen,3467
ma,3464
guttene,3463
møttes,3462
dessuten,3455
beholde,3454
loven,3453
ringen,3447
kall,3446
ødelegger,3444
kontor,3444
overraskelse,3444
kjenne,3443
stykker,3441
låne,3439
eldre,3439
varmt,3434
Amerika,3431
fornøyd,3426
leste,3423
arrestert,3422
amerikanske,3422
gata,3415
spesiell,3408
oppdrag,3407
røde,3400
klærne,3398
vin,3398
seriøst,3385
trekker,3384
soldater,3384
sees,3383
fy,3383
lette,3380
mulighet,3379
bar,3376
mora,3375
gratis,3372
kamerat,3369
avtalen,3366
blodet,3363
stadig,3362
følelser,3360
styrke,3359
ende,3355
greie,3353
koster,3351
ifølge,3351
fryktelig,3349
hull,3345
le,3345
iallfall,3343
tilfelle,3341
bestemor,3339
e,3338
varm,3337
flyr,3336
sang,3335
viI,3334
unger,3329
gull,3327
flaks,3325
føre,3321
lure,3318
sersjant,3317
red,3315
deilig,3315
behøver,3314
armen,3313
spis,3307
Anna,3307
start,3305
sakene,3293
forandre,3293
minutt,3292
brenner,3290
våpnene,3287
Bobby,3285
angrepet,3283
tale,3282
spennende,3282
kaldt,3280
sexy,3273
vilje,3269
begynnelsen,3269
reglene,3269
treffer,3267
Maria,3262
fulgte,3262
sann,3256
nord,3256
synge,3249
morsom,3239
oppfattet,3234
kalt,3228
frykt,3224
øyeblikket,3222
Richard,3217
hæren,3216
is,3214
hotellet,3209
sen,3204
svaret,3202
stein,3200
enhver,3196
kjøpt,3195
åpnet,3192
giftet,3190
overrasket,3185
året,3183
na,3183
valgt,3180
løper,3180
takket,3178
hvile,3177
natta,3177
reis,3175
henger,3172
svarer,3171
forsøk,3171
gale,3167
gulvet,3165
direkte,3161
Scott,3157
adjø,3157
løse,3156
stengt,3152
kødder,3149
skyldig,3145
toppen,3144
rent,3143
vitne,3142
betjent,3141
halsen,3138
sørge,3130
major,3127
uskyldig,3126
Eddie,3114
tida,3109
soldat,3108
slett,3107
eksempel,3106
flytter,3104
foreldre,3100
boken,3100
hest,3099
systemet,3098
skape,3094
forsvinner,3078
havet,3070
bildene,3070
Carl,3070
nærmer,3070
kjemper,3065
sprøtt,3062
hesten,3060
ulykke,3060
bære,3058
kjøkkenet,3055
enige,3053
morder,3053
Charles,3053
form,3051
ender,3043
veggen,3037
sparken,3032
skudd,3031
City,3028
Washington,3023
of,3018
funker,3017
vanlige,3014
Walter,3006
onde,3006
ligner,3000
pust,3000
rene,2997
teller,2995
forretninger,2994
rød,2993
tanken,2991
kapteinen,2991
stiller,2989
halvparten,2987
Street,2985
lord,2980
kjempet,2979
karen,2978
ungen,2976
bryte,2974
løpet,2974
arbeider,2967
lettere,2962
sykehus,2958
Jane,2957
søker,2955
titt,2954
ifra,2949
minne,2949
løgner,2943
date,2939
vill,2939
oppdraget,2937
fanken,2936
spillet,2928
intet,2928
besøke,2924
bety,2923
møtet,2917
planer,2916
prosent,2916
alvor,2914
verken,2913
utmerket,2913
tross,2912
fremtiden,2910
rike,2907
kraft,2906
team,2905
poeng,2904
Claire,2904
kule,2902
bestefar,2901
hendte,2897
skader,2897
skaI,2895
million,2894
San,2894
dama,2892
fienden,2892
William,2890
stemmen,2890
magen,2889
bærer,2885
søtt,2883
øya,2881
munn,2878
lyve,2875
England,2874
lovte,2873
neppe,2871
hendt,2864
rik,2861
hore,2857
endret,2853
b,2848
sjel,2846
normalt,2844
fisk,2842
mottatt,2841
samlet,2836
ettermiddag,2834
fulle,2832
topp,2831
smerte,2827
tøff,2815
leker,2810
tillatelse,2810
mord,2806
Kate,2804
fullstendig,2800
selvmord,2799
hellige,2799
pause,2795
hils,2792
orker,2792
betalte,2792
merket,2792
prat,2782
majestet,2779
samtidig,2776
ler,2768
hoppe,2763
hevn,2763
evig,2761
lengre,2758
oi,2755
Dan,2753
dekk,2751
svin,2750
tvil,2748
styre,2748
Lee,2747
diskutere,2747
trengs,2747
plager,2745
nøklene,2741
alder,2741
Dave,2738
babyen,2736
naturligvis,2733
mørket,2730
skriv,2726
løgn,2724
personer,2722
viktigste,2721
gjøres,2720
syv,2716
mester,2715
igjennom,2711
Mexico,2710
båt,2710
frihet,2709
hilse,2706
rask,2706
hemmelighet,2702
senga,2698
drit,2694
kjedelig,2692
Doc,2691
bryter,2687
bussen,2685
overlever,2684
Simon,2682
and,2679
fjerne,2676
havnet,2675
overfor,2674
sheriff,2672
bygningen,2668
regnet,2665
drikk,2662
ild,2662
banken,2662
forsvinn,2661
dukket,2661
kjørt,2659
Rachel,2659
butikken,2659
farten,2658
politimann,2657
oh,2657
spøk,2657
skru,2656
luft,2656
våken,2655
biler,2655
omkring,2653
fredag,2651
Daniel,2648
ordnet,2647
stanse,2647
tante,2647
hentet,2640
kjøtt,2636
jævelen,2634
dukker,2634
meningen,2632
gjemme,2632
hær,2632
solgte,2632
les,2629
Andy,2625
love,2624
elskede,2623
beskytter,2622
henge,2622
tydeligvis,2618
vanligvis,2616
mørke,2615
raskere,2615
knulle,2611
bråk,2608
driter,2607
røre,2607
seng,2606
nevnte,2606
morgenen,2604
kilometer,2604
samle,2600
rekker,2600
brødre,2600
privat,2595
knust,2595
Javel,2593
virke,2590
sterkere,2583
fart,2580
rører,2576
lady,2576
ed,2572
Jason,2569
grei,2568
stolte,2567
feiler,2559
tingen,2557
firmaet,2555
ulovlig,2546
sengen,2546
Jepp,2540
Jones,2537
hen,2534
angående,2533
partner,2532
tviler,2527
sørg,2525
skjule,2525
smil,2524
havner,2523
virkelige,2520
luke,2518
Sara,2518
glade,2518
samtalen,2517
delen,2515
Hank,2514
strålende,2512
skapt,2512
Jerry,2511
bryllupet,2509
skjebne,2509
boka,2508
sko,2505
halvt,2504
leilighet,2502
Dean,2498
puste,2496
pratet,2492
ferie,2491
karene,2491
skaper,2485
solen,2484
låst,2483
pakke,2482
s,2481
St,2480
tanke,2479
lange,2477
passet,2477
rekke,2476
åpenbart,2476
damen,2476
varme,2475
regler,2474
tolv,2470
voksen,2469
vokste,2465
ri,2465
Eric,2463
latterlig,2462
kar,2461
sporet,2460
brøt,2458
verst,2455
gråt,2454
viktige,2453
forlatt,2448
skole,2446
tape,2442
drive,2440
regjeringen,2440
college,2439
forventer,2437
foreslår,2435
presentere,2430
morderen,2426
porten,2425
fiender,2421
stasjonen,2421
etasje,2419
prisen,2418
tapt,2417
kurs,2416
kysse,2416
per,2409
uka,2408
sterke,2408
kle,2403
nylig,2401
lede,2400
dronning,2400
late,2400
amerikansk,2398
spurt,2398
kong,2396
musikken,2394
jorda,2393
trygge,2392
planlagt,2390
r,2390
fjor,2388
posisjon,2387
grensen,2387
gjemmer,2386
mørkt,2385
forsvinne,2383
lagde,2381
drakk,2379
feire,2378
truet,2375
modig,2375
foretrekker,2371
flykte,2370
nøye,2368
skremmer,2365
røyk,2365
t,2365
kald,2361
Kevin,2358
begynn,2358
tankene,2357
egg,2357
do,2354
scenen,2353
slem,2352
sur,2351
tanker,2351
myrdet,2347
fortere,2346
danser,2345
hode,2345
baren,2343
skritt,2343
våkner,2342
gruppe,2340
Arthur,2337
brevet,2335
gjett,2332
California,2332
fanger,2331
Adam,2331
falle,2329
byttet,2328
situasjon,2323
vidt,2319
mobilen,2315
bein,2314
beinet,2314
knuse,2312
press,2312
bud,2306
personen,2306
felles,2304
synger,2304
solgt,2303
dans,2300
helgen,2300
snilt,2299
forskjellige,2299
brenne,2296
tøft,2295
fader,2294
kjærligheten,2294
ulike,2294
gjeng,2293
fortiden,2291
jord,2289
forsto,2288
hopper,2288
savne,2284
rose,2284
Texas,2280
felle,2278
våknet,2276
data,2276
hånda,2276
kilo,2274
kameraet,2273
søte,2271
tydelig,2265
Amy,2264
fantes,2264
måter,2260
au,2258
toalettet,2257
Phil,2256
nyhetene,2256
snakkes,2256
skremte,2256
trodd,2256
mors,2255
bestemme,2252
hard,2250
levere,2245
hoppet,2244
lørdag,2244
anelse,2244
helvetes,2243
sterkt,2241
handle,2240
pike,2238
rettferdig,2238
skam,2238
Maggie,2235
Alan,2235
komplisert,2228
advokaten,2227
suger,2225
gråte,2221
arbeide,2220
runde,2219
behold,2218
forvirret,2218
kul,2213
Lucy,2212
purk,2209
matt,2206
vist,2206
kopp,2205
luften,2202
mistenkte,2199
bad,2199
lyden,2197
visse,2195
ansvarlig,2195
vits,2191
bringe,2189
forsvunnet,2187
latt,2186
forsvare,2185
listen,2184
al,2183
våger,2182
trøtt,2182
skremme,2182
Marty,2181
hindre,2180
løfte,2180
travelt,2179
Joey,2178
blind,2178
lyder,2177
Roger,2175
hotell,2173
panikk,2173
skjønte,2173
handlet,2173
turen,2172
don,2172
meste,2172
tenner,2170
ålreit,2169
levde,2168
halve,2168
hatet,2168
offer,2167
kropp,2165
smaker,2163
hjel,2161
forslag,2160
regner,2159
dust,2159
bestemte,2156
fatter,2155
årevis,2153
oppmerksomhet,2153
radioen,2151
gråter,2150
smak,2149
søvn,2149
vunnet,2149
vold,2149
forskjell,2148
samtale,2147
Kelly,2147
hjørnet,2146
sannsynligvis,2146
Chicago,2146
villig,2143
merker,2143
hr,2142
oppfører,2141
førte,2140
ansatte,2140
følelse,2139
Los,2139
kniven,2139
ballen,2138
sakte,2137
vaske,2136
svak,2135
avslutte,2134
lykkes,2133
trener,2130
later,2130
bygget,2128
klasse,2127
høye,2127
planeten,2126
ensom,2126
v,2122
mareritt,2121
syke,2120
Susan,2119
kødd,2118
fengselet,2118
bøker,2118
drapet,2117
hjemmet,2115
Frankrike,2115
skaff,2114
middagen,2114
fælt,2114
adressen,2113
dekket,2112
flyplassen,2110
område,2108
skapte,2107
dop,2104
melding,2104
Lisa,2104
søren,2103
Kim,2102
reist,2102
bombe,2102
Howard,2100
ante,2100
stjeler,2092
varer,2092
mandag,2092
Barry,2088
whisky,2087
null,2083
tomt,2082
Big,2080
beveger,2079
miles,2073
dronningen,2073
fungere,2073
prinsesse,2071
lufta,2071
ofre,2070
været,2070
blomster,2070
Roy,2069
Oliver,2069
kjelleren,2069
mars,2068
stod,2068
styrer,2068
angår,2067
broen,2066
tapte,2066
programmet,2065
overlevde,2063
kysset,2062
badet,2061
prins,2058
ligg,2058
rar,2056
involvert,2055
forbanna,2054
offentlig,2054
unntatt,2052
fransk,2050
filmer,2044
dagens,2044
jakt,2042
enkel,2041
forandrer,2036
håpe,2035
kniv,2034
drev,2032
bygger,2031
uvanlig,2030
flotte,2030
liste,2030
Marcus,2029
hemmeligheter,2029
Alice,2027
takler,2027
valget,2026
forklarer,2026
armene,2024
rumpa,2021
skoene,2020
enkelte,2017
dømt,2012
tør,2012
avstand,2012
dekke,2012
manns,2012
penny,2010
hjelpen,2008
angripe,2008
skuffet,2007
møt,2006
ferd,2005
hester,2004
Larry,2003
bomben,2003
gudene,2003
Amen,2000
erfaring,2000
lek,1999
kvinnene,1997
gårde,1997
ment,1997
brukes,1997
Pete,1995
angriper,1994
forholdet,1993
føttene,1991
sverd,1989
imponerende,1987
Victor,1986
grader,1985
veier,1984
Linda,1984
sparket,1984
medisin,1982
forberedt,1978
fiende,1978
bringer,1977
foten,1976
via,1976
årsak,1975
dyktig,1975
fremmede,1974
bekreftet,1974
spar,1973
øyet,1973
dekning,1973
idioter,1973
senator,1972
takknemlig,1971
van,1969
nære,1969
rasshøl,1967
åpent,1966
ansvaret,1966
Brian,1963
nytte,1962
myndighetene,1962
Roma,1961
søndag,1961
fa,1960
vinden,1957
rotet,1954
Vegas,1952
skjebnen,1952
selskapet,1952
sviktet,1951
tilbud,1950
ekteskap,1949
uken,1948
lytter,1947
fot,1945
dagene,1944
lås,1943
hestene,1942
djevelen,1937
kjolen,1937
elva,1936
perfekte,1936
Ted,1935
drømmen,1935
papirene,1934
dekker,1934
husket,1933
CIA,1931
langs,1931
trykk,1930
Anne,1928
reiste,1928
Chuck,1926
vokser,1926
forklaring,1925
snille,1924
lavt,1924
støtter,1923
tider,1922
pressen,1922
vennlig,1921
sjelen,1921
kamera,1917
f,1916
presset,1916
Europa,1916
kjekk,1914
plikt,1912
takker,1909
monster,1908
innrømme,1907
hjulpet,1904
etterforsker,1902
vest,1900
Rick,1897
beviser,1897
sjalu,1896
falske,1893
tilgang,1892
vegne,1892
behandlet,1891
hagen,1890
ordene,1890
slappe,1889
frykter,1888
spre,1886
elendig,1885
takle,1885
månen,1882
innenfor,1882
banker,1882
sangen,1881
Tja,1881
opprørt,1880
løsning,1879
el,1875
tennene,1874
flaske,1873
forstyrrer,1872
forventet,1869
Ryan,1868
ranet,1866
fjernet,1866
gammelt,1865
vaktene,1864
fikset,1864
voksne,1864
Morgan,1860
viktigere,1856
rydde,1853
tett,1852
Grace,1852
gjenta,1851
brutt,1851
tyskerne,1851
kontrollere,1850
Elizabeth,1849
russerne,1848
Doug,1847
publikum,1847
high,1847
lyd,1844
innblandet,1843
smerten,1842
Tim,1840
heldige,1839
skjuler,1838
hunder,1838
behov,1834
gaten,1834
spilt,1833
sjelden,1832
nakken,1831
forestille,1831
uhell,1831
tidspunkt,1831
klubben,1830
vedder,1827
overhodet,1826
tilby,1826
retning,1825
staten,1825
Jeff,1825
sies,1824
vitner,1824
fingrene,1821
bryllup,1821
Smith,1820
Erik,1820
gav,1818
skjult,1818
gifter,1818
skilt,1816
deretter,1814
fjellet,1814
delta,1813
energi,1813
hysj,1813
beskyttet,1810
drukket,1810
sanne,1809
rosa,1809
bit,1804
krefter,1803
ide,1803
sekund,1802
tog,1802
USAs,1801
sør,1801
brent,1799
trakk,1798
Ron,1798
hemmelige,1798
vettet,1797
Jacob,1796
eiendom,1794
treffes,1793
forbudt,1792
regel,1791
stygg,1791
nektet,1790
muligheten,1789
fremmed,1789
seier,1789
biter,1789
signal,1788
purken,1788
stil,1788
naken,1787
hatten,1785
fløy,1783
damene,1783
nivå,1783
føltes,1782
spore,1782
rømme,1782
tillit,1781
stykke,1780
skapet,1779
sider,1779
park,1775
dødd,1775
følelsen,1774
gjemt,1774
tekst,1773
fordømte,1772
beskjeden,1772
grønne,1771
leiren,1770
Leonard,1770
uskyldige,1769
kjøp,1767
nr,1767
verd,1767
falsk,1766
redder,1766
ekteskapet,1761
skifte,1760
vekke,1760
fjerde,1755
skjønne,1754
planlegger,1754
gjester,1751
rapporten,1749
banke,1748
tosk,1747
tilbyr,1747
stått,1747
Jackson,1746
urolig,1746
invitert,1745
g,1744
innså,1744
offeret,1743
dersom,1742
tap,1741
ideer,1741
historier,1741
trussel,1737
nettet,1736
naturlig,1736
gjentar,1736
ekkelt,1735
ukjent,1735
melk,1734
fakta,1733
magi,1732
avisen,1732
beskyttelse,1731
nærmeste,1731
syn,1730
pga,1729
buksene,1729
tvang,1727
ond,1727
Black,1726
atjeg,1726
normal,1725
skjønt,1724
Julia,1724
gjeld,1723
still,1723
rettferdighet,1723
stinker,1722
operasjon,1722
klem,1722
fulgt,1720
tomme,1719
fylle,1719
skaffer,1718
rapport,1718
fritt,1717
innser,1717
tungt,1714
skaffet,1713
ligget,1713
kartet,1712
Angeles,1710
partneren,1710
levd,1710
vilt,1709
skylden,1708
røyker,1708
oppgave,1708
undersøke,1708
pund,1706
ms,1705
eventyr,1705
lukket,1705
Gary,1704
grunner,1704
kode,1702
vokse,1702
Kina,1701
fylt,1699
Clark,1699
teknisk,1699
Sean,1694
nemlig,1692
utro,1692
adgang,1692
galskap,1691
treet,1689
Ethan,1687
Annie,1687
tysk,1686
d,1684
forbindelse,1684
okei,1683
Carter,1683
gjest,1683
river,1681
heldigvis,1681
strømmen,1681
pene,1678
timen,1677
Terry,1677
behandler,1675
framtiden,1673
kylling,1673
knuller,1672
pluss,1671
ordrer,1670
leit,1670
teamet,1669
gar,1669
kostet,1665
frivillig,1664
linje,1663
C,1662
rødt,1661
viss,1660
stilling,1660
yngre,1658
gjette,1656
endrer,1656
k,1655
skitne,1655
blør,1655
dreier,1654
mil,1654
kreft,1654
Emily,1653
forskjellen,1653
stilig,1653
Emma,1652
eksisterer,1651
velsigne,1650
besatt,1648
følt,1647
æren,1646
pikken,1646
dens,1646
nar,1645
sykdom,1645
onkelen,1643
samler,1642
banket,1642
stygt,1642
gjengen,1641
kriger,1641
Miller,1640
personlige,1639
definitivt,1639
kraften,1639
plassen,1636
prest,1636
stoff,1636
Johnson,1635
kontakter,1635
fantastiske,1634
døende,1633
tåler,1631
fortjent,1629
april,1627
jammen,1626
m,1624
katt,1623
landsbyen,1623
dommeren,1622
utstyret,1622
sørger,1622
advarsel,1620
kjole,1620
forsøkte,1619
krav,1619
billig,1619
drittsekken,1618
Jenny,1618
typisk,1617
etterlot,1617
you,1617
Louis,1617
sovet,1617
knullet,1616
fotball,1613
spesielle,1612
språk,1612
rare,1611
kler,1610
Tyskland,1610
roe,1610
angre,1609
bodd,1609
grave,1608
junior,1607
kortet,1607
Andrew,1606
knuste,1606
menneskelig,1606
endte,1605
Parker,1604
brød,1603
Nina,1602
mirakel,1601
Bravo,1601
Frodo,1600
skremmende,1599
brann,1599
banen,1598
Bruce,1595
plage,1594
Cole,1592
parken,1590
sverdet,1589
sommeren,1588
spare,1587
våkn,1585
romantisk,1584
vakter,1584
gjemte,1584
drømte,1578
Donna,1577
blås,1577
fjern,1575
bøkene,1572
engel,1572
midten,1571
følelsene,1571
hell,1569
fitte,1569
kontakte,1568
nesen,1567
sofaen,1566
aller,1566
muligheter,1565
behandle,1564
presse,1564
utsatt,1563
sittet,1563
Hitler,1562
rive,1561
operasjonen,1561
dørene,1560
ombord,1560
sykt,1558
smake,1557
røyke,1557
Jackie,1552
Laura,1551
framme,1550
inviterte,1549
no,1547
suksess,1547
krangle,1546
virkeligheten,1546
skatten,1543
forbannet,1542
elven,1542
straff,1542
yeah,1541
rir,1540
koden,1539
gården,1539
ført,1539
grav,1539
radio,1538
stranden,1537
lytte,1536
øst,1534
norsk,1534
svømme,1533
humør,1533
makten,1533
års,1532
fugl,1531
reisen,1531
kjeften,1530
stjerne,1529
informasjonen,1528
mistenkt,1528
maskinen,1527
Jessica,1527
Julie,1524
avgjørelse,1524
farge,1524
samarbeide,1523
kake,1522
trolig,1522
gullet,1521
sliten,1521
ca,1520
tvinge,1520
kutte,1519
geni,1519
kjempebra,1518
sola,1517
høyhet,1517
King,1516
urettferdig,1515
nyte,1512
Leo,1512
regne,1512
avdeling,1511
opplysninger,1511
rådet,1511
tall,1511
kokain,1510
kledd,1509
pizza,1508
muligens,1508
velg,1508
bensin,1508
opplevd,1507
hvil,1506
Lily,1506
pasient,1505
Charlotte,1505
Hill,1505
stolen,1504
risikere,1503
andres,1502
basert,1502
ledet,1502
Miami,1502
tilfeldig,1502
bilene,1501
ballene,1500
allikevel,1499
interesse,1499
pinlig,1498
sikret,1497
restauranten,1495
bekymrer,1493
Wayne,1492
torsdag,1490
pusten,1490
vidunderlig,1489
Eva,1488
forbrytelse,1487
stenge,1486
ansatt,1486
antakelig,1486
riktige,1483
tyske,1483
kunst,1482
direktør,1481
tabbe,1481
Steven,1479
stygge,1479
stenger,1478
umiddelbart,1478
fæl,1475
kranglet,1475
ektemann,1472
cent,1470
kidnappet,1470
gudskjelov,1469
midnatt,1469
ovenpå,1469
respekterer,1468
beholder,1468
avsløre,1465
sheriffen,1465
Stark,1464
nysgjerrig,1462
lide,1462
flyktet,1462
puster,1462
stig,1461
fæle,1461
detaljer,1461
villet,1461
kofferten,1460
forstyrre,1459
brystet,1459
enden,1459
roper,1458
forsøker,1458
skjære,1456
sommer,1455
tusenvis,1455
imponert,1455
star,1455
skriker,1455
måneden,1454
vende,1453
lokale,1453
innsiden,1452
tirsdag,1452
forsvar,1452
signalet,1452
lider,1450
unnskylde,1449
aften,1449
Sheldon,1449
adresse,1448
kontrollen,1448
lykkelige,1446
huden,1446
innse,1445
rømte,1444
sjanser,1444
trynet,1442
West,1441
russisk,1438
indre,1438
helsike,1436
trene,1436
gjor,1435
basen,1435
muren,1434
politikk,1432
farlige,1431
supert,1431
bånd,1430
dobbelt,1430
champagne,1429
narkotika,1429
størrelse,1428
håndtere,1425
tåpelig,1424
sukker,1424
amerikanere,1424
Molly,1422
Wilson,1422
brødrene,1421
Berlin,1420
Gordon,1419
Stan,1419
fremtid,1418
sprenge,1418
in,1418
løst,1417
kaos,1417
medlem,1416
restaurant,1416
kuttet,1414
sluppet,1414
Ann,1413
fryser,1413
tyv,1410
nyt,1410
hundrevis,1410
kontanter,1409
Robin,1409
vaere,1409
navnene,1408
sparke,1408
passende,1407
truer,1407
kart,1405
Hannah,1404
bjørn,1403
angrer,1402
teit,1402
oversatt,1401
Tyler,1400
Carlos,1399
ørene,1399
forlat,1398
tips,1397
bygd,1397
åstedet,1396
problemene,1395
Nathan,1394
planet,1394
gatene,1394
selve,1393
dom,1392
snur,1391
desperat,1390
tilbød,1389
nevnt,1388
kraftig,1387
Cooper,1387
vender,1387
offisielt,1387
høyeste,1386
klient,1386
Helen,1386
greiene,1385
etterforskningen,1382
slaget,1382
Taylor,1382
tilbringe,1380
overbevise,1379
kaffen,1378
rock,1377
mennesket,1377
Brandon,1377
livs,1375
russiske,1375
steg,1374
alkohol,1374
hardere,1374
rykter,1373
kopi,1373
vanskelige,1371
ran,1371
vitnet,1369
sår,1369
sjokolade,1369
gruppen,1368
skuespiller,1368
fengslet,1367
sikte,1366
hullet,1366
Nancy,1365
Mac,1365
samvittighet,1363
Christian,1363
kino,1363
triks,1363
show,1361
ledig,1361
sorg,1359
Russland,1357
private,1357
utstyr,1357
hat,1357
talent,1356
sjokk,1356
forsøke,1355
Toby,1355
halvtime,1354
lederen,1353
taxi,1352
advare,1352
lønn,1350
Katie,1350
fysisk,1350
skjønnhet,1350
moderne,1349
nesa,1348
sinnet,1348
pakket,1347
nevne,1347
rimelig,1344
Walker,1344
betydde,1344
Edward,1343
Jay,1343
Francis,1342
byens,1341
rakk,1341
Lincoln,1341
kontakten,1340
lekker,1339
storm,1338
tilbudet,1338
nordover,1337
ideen,1337
spanderer,1335
ball,1335
leger,1334
hæ,1334
grønn,1334
media,1333
baller,1333
o,1332
istedenfor,1331
sjøen,1330
leie,1330
lat,1330
strøm,1329
skynde,1329
lo,1329
ånd,1329
Brown,1328
hørtes,1328
drosje,1328
begravelsen,1327
ma'am,1327
super,1327
soldatene,1325
wow,1324
låter,1323
inkludert,1323
akter,1323
arrestere,1322
minnet,1322
skyss,1322
øyeblikkelig,1321
bevæpnet,1321
lukten,1321
risikerer,1320
markedet,1320
universet,1320
hengt,1319
motoren,1318
Karl,1317
tung,1315
Boston,1315
drevet,1315
lær,1314
familier,1314
soverommet,1313
post,1312
ørkenen,1312
avsluttet,1311
firma,1311
dyrt,1311
regn,1310
søke,1310
karriere,1308
kalde,1308
fornuftig,1308
bevegelse,1307
offiser,1307
enorm,1306
Frankie,1304
pakk,1304
bevege,1304
fyller,1303
norske,1302
olje,1301
forhandle,1300
stukket,1300
åssen,1300
tilgir,1300
Bond,1299
papirer,1298
løft,1298
sønner,1297
juli,1296
rykte,1296
bundet,1294
pastor,1292
Carrie,1291
Dylan,1291
forsikre,1291
vurdere,1291
my,1290
berømt,1289
bestille,1288
beundrer,1288
korrekt,1288
showet,1288
fremover,1288
DNA,1287
hvitt,1287
fingeren,1287
sannhet,1286
koste,1285
sjarmerende,1284
hjerne,1284
avgjøre,1283
narr,1282
klatre,1281
kuler,1281
siktet,1280
spøker,1280
framtid,1280
såre,1279
bygde,1279
faktum,1278
folka,1278
alarm,1278
fortjente,1276
milliarder,1275
Francisco,1275
lysene,1274
jomfru,1274
Jon,1273
grusomt,1273
katten,1272
Gus,1272
hustru,1272
klager,1272
Murphy,1271
bekrefte,1271
monsieur,1270
tilstand,1270
isen,1270
bane,1270
papir,1269
oppi,1268
rapporter,1267
buret,1267
svake,1267
Patrick,1267
fett,1266
tullet,1266
tekster,1265
starten,1264
sliter,1264
fremme,1264
enklere,1263
universitetet,1263
Ross,1262
nært,1262
stjernene,1262
kjerring,1261
Chloe,1260
Island,1260
nøkkel,1260
slemme,1260
stede,1259
femte,1259
utviklet,1258
sentrum,1258
jakte,1258
holdes,1257
tjente,1256
juling,1256
spørsmålene,1256
mislykkes,1256
Aaron,1256
oppføre,1256
sinn,1255
tillegg,1255
oppnå,1255
stilte,1254
godtar,1254
Beth,1252
Jamie,1250
rasende,1250
overlevende,1250
mannskapet,1250
Afrika,1249
samfunnet,1248
skille,1248
billetter,1248
beslutning,1246
tillater,1245
dødelig,1245
lagd,1244
ost,1244
trening,1243
begravelse,1241
sinne,1241
livene,1241
frie,1241
overta,1241
boks,1240
evner,1240
Brenda,1240
akseptere,1240
hende,1239
typer,1239
heisen,1239
avgjort,1239
admiral,1238
school,1238
søk,1238
elleve,1238
trives,1237
pikk,1237
Jaha,1237
Rebecca,1235
stanset,1234
begått,1233
hjemmefra,1233
kommandør,1232
skiftet,1232
suge,1232
knuser,1232
n,1230
motstand,1230
eieren,1229
service,1229
system,1229
behandling,1229
synder,1229
fjellene,1228
melde,1227
sving,1227
desto,1227
overgi,1226
heks,1226
kongens,1226
medisinen,1226
smiler,1225
studere,1225
rad,1225
treff,1225
hate,1224
advarte,1224
sengs,1224
tvunget,1223
Teddy,1223
tilfeldigvis,1222
gris,1222
løftet,1221
forsinket,1220
rot,1220
kontaktet,1220
kunder,1219
faens,1219
videoen,1219
eh,1219
utføre,1219
rørt,1218
omgang,1218
Oscar,1218
folks,1218
Lucas,1218
bortkastet,1218
lukte,1217
underlig,1217
Derek,1216
revet,1216
pisspreik,1216
tegnet,1216
fordel,1215
Florida,1215
Cæsar,1215
sikt,1215
jakter,1214
trett,1214
amerikaner,1214
tester,1213
gaver,1213
fullføre,1212
nedover,1212
løser,1211
broder,1211
fan,1211
Kyle,1210
politisk,1210
skrek,1210
bytter,1210
telle,1210
vekket,1208
dukke,1208
boksen,1208
piss,1208
ilden,1208
Marie,1208
fingeravtrykk,1208
innbrudd,1207
Harvey,1207
amerikanerne,1207
døgnet,1205
mektig,1205
Ali,1205
himmel,1205
agenter,1205
bunnen,1204
stormen,1203
kne,1203
glimrende,1202
brydde,1202
homse,1202
framover,1201
vinteren,1201
fungerte,1201
gidder,1200
slottet,1199
linjen,1199
sivile,1198
langsomt,1198
skar,1198
sverget,1198
kilden,1197
rygg,1197
greide,1197
menneskeheten,1197
karrieren,1197
Jesse,1196
rev,1196
trærne,1195
tunge,1195
søta,1195
avhengig,1195
nærme,1194
hensikt,1194
forleden,1193
Green,1193
Elliot,1192
franske,1192
nyttig,1192
evighet,1192
grønt,1191
godta,1190
biblioteket,1189
øret,1188
troen,1188
mørk,1188
maskin,1187
Norge,1187
kysten,1186
Seth,1186
dæven,1186
pappas,1185
havne,1185
punkt,1184
nabolaget,1183
styret,1181
spion,1181
invitere,1181
Ricky,1180
garasjen,1180
ofrene,1179
dømme,1178
ambulanse,1177
detaljene,1176
bevisene,1175
knyttet,1175
blikket,1175
Norwegian,1175
klage,1173
program,1173
Dick,1173
vanskeligere,1173
uskadd,1171
helg,1170
fortsatte,1170
avslørt,1169
Harold,1169
bestilte,1169
berømte,1169
besøkte,1168
skrike,1168
naturen,1167
speilet,1167
Mason,1166
fangene,1166
Anthony,1166
skitt,1165
sannelig,1165
snø,1165
kriminelle,1164
Lane,1164
kvalm,1163
feit,1163
teori,1163
internett,1163
bestilt,1163
Jordan,1163
hemmeligheten,1163
Vince,1162
september,1162
Morn,1161
skitten,1160
Sverige,1159
dress,1158
Ronnie,1158
Todd,1158
drittsekker,1158
hellig,1157
feirer,1157
vasket,1157
test,1157
gass,1157
Shaw,1156
mulige,1156
utvei,1155
sta,1155
lojalitet,1155
Ah,1154
Josh,1154
lovlig,1153
ledelsen,1152
forårsaket,1151
satan,1150
hal,1149
trent,1148
klok,1148
katastrofe,1148
grenser,1147
mus,1147
ordren,1146
øker,1144
drømt,1143
skrik,1143
svinet,1143
avisene,1143
graver,1142
Betty,1142
inntrykk,1142
nådd,1141
rollen,1141
skiltet,1141
feite,1140
plukket,1140
samarbeider,1140
fokusere,1140
sinte,1139
Rocky,1138
overens,1138
kollega,1137
forsvaret,1137
fetter,1136
utenom,1136
ekspert,1135
viruset,1134
y,1134
lukke,1134
pupper,1133
lignende,1132
overbevist,1130
lav,1130
jakken,1130
avdelingen,1129
tvinger,1129
fornøyelse,1129
posten,1129
brukket,1129
ropte,1129
harde,1128
antagelig,1127
midlertidig,1125
skjærer,1124
utført,1123
graven,1123
Sherlock,1123
J,1123
keiseren,1122
señor,1121
times,1121
idioten,1120
frekk,1119
løfter,1119
hud,1119
tyder,1119
føtter,1118
Javisst,1118
magisk,1118
irriterende,1118
forfatter,1118
Virginia,1117
trykket,1116
sultne,1116
løyet,1115
mellomtiden,1115
jada,1115
vurderer,1114
journalist,1114
sittende,1114
hundene,1114
varmen,1113
vennskap,1113
forsvarer,1113
leverer,1113
vesken,1113
horer,1111
enkle,1111
drinker,1111
befinner,1111
forræder,1111
Hollywood,1110
trukket,1110
forberede,1109
trengt,1109
planla,1108
Brad,1108
bursdag,1108
skjulte,1108
kontrakten,1108
onsdag,1108
kunde,1107
oppleve,1107
rå,1107
ondskap,1107
aIIe,1106
senk,1105
slave,1105
ryktet,1104
forklar,1103
vasker,1103
kreftene,1102
fabrikken,1100
gjem,1100
kos,1100
helikopteret,1100
plukke,1099
Potter,1098
mordet,1097
stranda,1097
rettssaken,1097
haster,1097
totalt,1096
kirke,1095
steinen,1095
Canada,1095
sprer,1095
pakker,1095
oktober,1095
likene,1094
baksiden,1094
fattige,1093
juryen,1093
one,1092
vogna,1092
Margaret,1091
kontrakt,1091
militære,1091
temmelig,1090
jævler,1089
bassenget,1089
formue,1089
grusom,1088
Russell,1088
medisinsk,1088
skremt,1087
salt,1087
representerer,1087
helikopter,1086
begikk,1086
dyrene,1084
livets,1084
Alexander,1084
delte,1083
leir,1083
dusin,1082
godkjent,1082
taler,1081
forandring,1080
feste,1080
tørst,1079
spansk,1078
stirrer,1078
filme,1078
Vincent,1078
presten,1078
inneholder,1078
fatt,1077
bibelen,1077
påstår,1077
eksamen,1076
britiske,1075
Mia,1074
feiging,1073
brakte,1073
video,1073
fester,1072
sørover,1072
sloss,1072
Malcolm,1072
Benny,1072
steng,1072
Raymond,1071
alternativ,1071
Carla,1071
Bauer,1071
mektige,1071
buksa,1070
krysset,1069
øve,1068
Benjamin,1068
hviler,1068
låse,1068
datamaskinen,1067
teknologi,1067
grand,1067
alles,1067
sprit,1066
august,1066
fornuft,1066
legene,1066
Noah,1066
tjue,1066
oppførsel,1065
rettssak,1065
me,1064
innsats,1064
forgiftet,1064
flykter,1063
gress,1062
mesteren,1062
brudd,1062
eldste,1061
gjestene,1060
Lake,1059
tas,1059
melder,1059
forlovet,1059
kroner,1058
aIt,1058
styr,1058
sykkelen,1058
kompisen,1058
forbli,1058
forsiktige,1057
skyldes,1057
veska,1057
spøkelse,1057
hav,1056
Lewis,1056
sovnet,1056
overraskende,1055
slaver,1055
latter,1055
enhet,1054
venninne,1054
besøker,1053
veit,1052
biff,1052
kunnet,1052
doktoren,1052
p,1051
intervjuet,1051
begå,1051
risiko,1050
magiske,1050
Logan,1049
assistent,1049
viIIe,1048
bakover,1047
bursdagen,1047
landets,1047
Sally,1046
pasienten,1045
utover,1045
smarte,1045
homo,1045
tøffe,1043
grå,1043
skadd,1043
ammunisjon,1043
stilt,1042
begrave,1042
skjorta,1042
vekt,1042
generalen,1041
klapp,1041
dumpet,1041
fortapt,1041
status,1040
vesten,1040
lander,1039
geværet,1038
nyheten,1038
Monroe,1037
hytta,1037
trappen,1037
hevder,1037
pakken,1037
butikk,1036
Kristus,1035
Leslie,1034
levert,1034
planene,1034
Houston,1033
fugler,1033
tilhørte,1033
skiller,1032
øre,1031
stolthet,1031
Greg,1031
mobil,1030
brant,1030
rede,1029
nyter,1029
krangler,1029
fantasi,1029
knærne,1028
h,1028
overstått,1027
enheter,1027
bIi,1027
brannen,1027
teste,1027
trær,1027
baker,1027
helter,1026
plaget,1025
dermed,1025
reparere,1024
drømme,1024
øy,1023
svi,1023
klassen,1023
ofret,1023
handling,1023
Afghanistan,1022
mai,1022
filmet,1021
tallene,1021
prosjekt,1020
overflaten,1020
jaget,1020
guvernør,1020
sannsynlig,1019
verdi,1019
Ruth,1019
rektor,1018
verdig,1018
ekstremt,1018
praktisk,1018
drite,1017
normale,1017
White,1017
allierte,1017
kontrollerer,1016
pokkers,1016
art,1015
sparer,1014
kjøleskapet,1014
haug,1014
sikkerheten,1014
regningen,1013
fortid,1013
buss,1012
Barbara,1011
apropos,1011
anklager,1011
innrømmer,1011
bIir,1010
Spania,1009
søppel,1009
Williams,1008
ubehagelig,1008
Grant,1007
presser,1007
troll,1007
Sebastian,1007
natur,1006
tjent,1006
gaven,1006
militæret,1005
andel,1005
likner,1005
anledning,1004
koble,1004
pasienter,1004
beordret,1003
gjengjeld,1003
puppene,1003
dusj,1003
Las,1003
lån,1002
statsministeren,1002
blande,1002
fuglen,1002
danset,1001
brakk,1001
bomber,1001
bønner,1000
blikk,1000
årets,1000
fjeset,1000
resultatet,1000
fjell,999
båndet,999
Martha,998
lngenting,998
dypere,998
Kurt,997
kreves,997
arm,996
India,995
delt,995
stillingen,995
Palmer,995
sjåføren,994
marinen,994
brente,994
overtale,994
tauet,993
identifisere,993
Allen,992
Ken,992
dører,992
avgjør,991
skallen,991
forblir,990
etterlater,990
Jersey,990
svikter,990
antall,990
syng,990
hilsen,989
friheten,989
rømt,989
uventet,988
blåse,988
Justin,988
Sammy,988
julenissen,987
skygge,986
Liz,986
forhindre,986
Harris,986
Albert,986
stiger,986
grep,985
Marco,985
bevare,985
Beverly,985
kommandoen,984
Tarzan,984
læreren,984
frykten,983
bitt,982
utrolige,982
nekte,982
Norman,982
november,982
ape,981
Sandy,981
avhenger,981
bandet,981
òg,980
lista,980
skift,980
Ralph,980
jungelen,979
satser,978
enormt,978
klippe,978
tilgivelse,977
Angela,976
søkte,976
skulderen,976
tryggere,976
little,975
fjerner,975
talen,975
våt,974
enorme,974
telefoner,974
cm,973
oppdager,973
styrker,973
opprør,973
House,972
glasset,972
forsterkninger,972
Jess,972
Freddy,972
teppet,972
omgås,971
sol,971
ulykken,971
gjore,971
seint,971
leide,971
påvirke,970
piller,970
Dale,970
løslatt,969
tisse,969
Jennifer,969
ondt,969
stillhet,969
applaus,969
betydning,967
timene,967
naboen,967
hurra,967
Daisy,967
tynn,965
helten,965
evne,965
rase,965
kreve,965
søstre,965
Santa,965
opptak,964
heroin,964
tilstå,964
naboene,964
insisterer,963
veggene,963
kvarter,962
Ellen,962
Brooklyn,962
lande,961
juni,961
madame,960
tidspunktet,960
menneskelige,959
innpå,959
påvirker,959
krysse,959
Clay,958
senatet,957
raske,957
Carson,956
flau,956
politifolk,956
rørte,956
jobba,955
Moskva,954
Kirk,954
Lou,954
koselig,954
jager,953
blaffen,952
Jonas,952
Matthew,952
utnytte,951
Dexter,951
sparker,951
male,951
jævlene,951
påvirket,951
prøven,951
sjåfør,950
kutter,950
heit,950
Amanda,950
okey,949
overraske,949
familiene,949
stoffet,948
gangs,948
testet,947
hang,947
heng,947
stykket,947
lånte,946
scene,946
fanden,945
prosjektet,944
druknet,944
rope,944
madam,943
led,943
happy,943
gleden,943
straffe,943
bla,942
Nate,942
partnere,942
nydelige,942
grundig,941
trykke,941
delene,941
rane,941
råtne,941
penn,940
spark,940
skifter,940
Kenny,940
flukt,939
tulling,938
niks,938
klokke,938
kur,938
misforståelse,938
x,937
rettigheter,937
vakreste,937
Walt,936
bransjen,936
regjering,936
Pablo,936
armer,936
mordere,935
go,935
vindu,935
guvernøren,935
ens,934
studerte,934
nigger,934
drømmene,933
Moses,933
verk,933
bie,932
Casey,932
Abby,931
styrken,931
vitenskap,931
bring,931
Manny,930
bekrefter,930
edru,930
blomstene,930
kilde,930
anta,930
gjerdet,929
Lydia,929
last,928
Lars,928
etterlate,928
avbryte,928
dusjen,928
koblet,928
brillene,928
stanser,927
eiendommen,927
klienten,927
meldingen,927
tiger,926
lojal,925
Enterprise,925
ulv,924
intervju,924
Jonathan,924
nevner,923
kongelige,923
stående,923
kinesisk,923
kundene,922
base,922
peker,922
spent,922
sanger,922
ærede,921
kø,920
presis,920
Holmes,920
forsøkt,920
advokater,919
pisse,919
ogsa,919
it,919
vekker,918
spenn,918
ar,918
flokken,918
lastebilen,917
Davis,916
straffen,916
artig,915
ulykkelig,915
vakten,914
billett,914
tjenester,914
kunnskap,914
bukser,914
grad,914
prinsen,914
støttet,914
fordømt,913
tunnelen,912
fetteren,912
Jan,911
forstyrret,911
fleiper,911
fisken,911
Sonny,911
forskning,911
tilgjengelig,911
detektiv,910
dømmer,909
cirka,909
tårnet,909
høflig,908
fascinerende,908
slange,908
kongressen,908
intelligent,907
tillate,907
inspektør,907
uniform,907
modell,907
motsatte,906
uti,906
Mick,906
slekt,906
knappen,906
blandet,905
vask,905
lageret,904
bokstavelig,903
ĺ,903
guttungen,903
seinere,903
oppgaven,903
bestefaren,902
Louise,902
direktøren,901
Felix,901
oppfør,901
utsette,900
advarer,900
populær,899
uhøflig,899
videregående,898
svakhet,898
cowboy,898
spart,898
Marshall,898
avslutter,897
Vietnam,897
sykepleier,897
let,897
italiensk,897
løsningen,897
ører,897
smartere,896
utnyttet,896
kjeder,896
Japan,895
Hotel,895
overtar,895
milde,894
usynlig,894
von,894
dytt,894
tålmodig,894
handlinger,894
knekke,893
Ã,893
pĺ,893
meldte,893
egoistisk,893
utsiden,892
Italia,892
trykker,891
lomma,891
usikker,891
språket,891
reaksjon,891
frukt,891
Carol,891
artikkelen,891
sendes,891
kortene,890
trøst,888
gule,888
mere,888
lukker,888
vestover,887
begravd,886
blinde,886
oppdage,885
alarmen,885
matte,885
stress,885
dets,885
celle,884
band,884
låser,884
profesjonell,883
jage,883
svikte,883
lur,883
stjerner,882
verdenen,882
hindrer,882
tålmodighet,881
konstabel,881
seile,880
rapportere,880
Dennis,880
Kennedy,880
fyll,879
kjemp,879
månedene,878
kapittel,877
ødelegg,876
midler,876
beveg,876
byer,876
oppover,876
overfalt,875
politiske,875
brakt,875
dødt,875
øke,875
Michelle,875
Travis,875
varene,875
reagerer,874
daggry,874
kvitte,874
humor,873
dukk,873
leken,873
logisk,873
gate,872
Julian,872
ekkel,872
beskrive,872
hodepine,872
Mitchell,871
re,869
forbrytelser,869
menig,869
smile,868
kursen,868
stemte,868
nakne,868
bagasjerommet,868
daglig,867
tragisk,867
rotte,867
Wallace,867
fiske,867
belønning,866
tørke,866
Seattle,866
dyp,866
bagen,865
unødvendig,864
Judy,864
hilser,864
sørget,864
omringet,864
sinnssyk,864
indianerne,863
County,863
består,863
Johan,863
Blue,863
anbefaler,862
etterforskning,862
Spencer,862
rop,861
søstera,861
Dallas,861
fisker,861
vinduene,861
Stanley,861
signere,860
pillene,860
Danmark,860
uttrykk,860
feig,860
vedde,860
ankommer,859
baseball,859
L.A,859
droppe,858
krise,858
blander,858
feber,858
straffet,858
June,857
Anderson,857
identitet,857
Keith,857
skjorte,857
riket,857
lengst,857
sky,857
mate,857
dobbel,856
Burt,856
pappaen,856
garantert,856
Diego,856
ånden,856
ekle,855
medlemmer,854
bagasjen,854
friske,854
sykdommen,854
favoritt,854
artikkel,853
tvers,853
synet,853
idiotisk,853
vind,853
gevær,853
handel,852
drakten,852
fyrer,852
døv,852
skinner,852
sal,851
samtaler,851
maleriet,851
brenn,850
unntak,850
formål,850
vri,850
konsentrer,850
steiner,849
sans,849
jøder,849
utkikk,849
duger,848
kameraer,848
måltid,847
kødde,847
terrorister,847
Brody,847
halvveis,847
harjeg,846
lekte,846
gjaldt,846
konkurranse,846
eIIer,846
merkelige,845
Warren,845
vognen,845
laben,845
bart,845
jakten,845
bygning,844
fornærmet,844
mammas,844
morsomme,844
tårer,844
Gina,844
kanal,844
true,843
avgjørende,843
betal,843
jøde,842
noens,842
vokst,841
julen,841
skilles,841
kysser,841
bena,840
Mitch,840
beltet,840
smittet,840
Alfred,840
klandrer,839
ridder,839
konsentrere,838
ærlige,838
Road,838
Troy,838
hjerter,838
ressurser,837
Monica,837
Franklin,837
fineste,836
sigaretter,836
dansen,836
Fiona,835
misliker,835
forbannelse,834
piper,834
sone,834
rotter,834
bind,833
pussig,833
tau,833
grusomme,833
Richie,833
kjøttet,832
støtt,832
jakke,832
minus,831
anklaget,831
ikk,831
frykte,831
overlevd,830
indianere,830
vitsen,830
bekjempe,830
fattig,829
arr,829
varetekt,829
Rita,829
registrert,829
posisjonen,828
lynet,828
Victoria,827
hevne,827
Gloria,827
Homer,827
hevet,826
Lawrence,825
teorien,825
avgårde,824
Paige,824
militær,824
skjermen,824
rekkevidde,824
boy,823
dopet,823
innflytelse,823
Curtis,822
informert,822
Neil,822
patetisk,822
interessante,821
fredelig,821
Kansas,821
årsaken,821
femti,820
Joseph,820
lunsjen,820
yo,819
flåten,819
livredd,819
Æsj,818
drivstoff,818
e-post,818
britisk,818
forbered,817
kamper,817
Ellie,817
ku,817
borgermester,817
ytre,816
festet,816
samfunn,816
underveis,815
Turk,815
Watson,815
identifisert,815
upassende,814
sikter,814
bønn,814
bingo,813
fullført,813
rumpe,813
parti,813
pose,812
dyret,812
Stone,811
versjon,811
guder,811
støv,811
krigere,811
utsikt,811
Egypt,811
godteri,811
ambassaden,811
Orleans,811
ukjente,810
Andrea,810
suppe,809
nærmest,809
studerer,809
korte,808
fatte,808
liggende,808
virus,808
vodka,807
ettersom,806
Merlin,806
beholdt,805
Hector,804
statsminister,803
utslitt,803
dikt,802
låste,802
mislyktes,802
omstendigheter,802
samarbeid,801
on,801
korporal,801
oversettelse,801
sjakk,801
Mickey,800
Wade,800
vinneren,800
følgende,799
uttrykket,799
sprenger,799
medisiner,799
Bernie,799
lavere,799
røret,798
Wendy,798
gjerningsmannen,798
Freddie,798
Hughes,798
vampyr,798
meldt,798
Angel,798
Holly,798
trinn,797
smerter,796
Batman,796
følsom,796
skap,796
Ford,795
obersten,795
fangen,795
sigarett,795
satse,795
roman,795
mannskap,795
Quinn,795
Connor,795
synker,795
aksepterer,794
byr,794
Sid,794
foreløpig,794
snike,794
fuglene,793
elendige,792
tungen,791
livstid,791
Turner,791
Duke,791
fiks,791
Lance,790
krysser,790
samling,790
kristen,790
tipper,790
skipene,790
fase,790
spøkelser,789
unngår,789
pilot,789
høyde,789
mammaen,789
virkelighet,789
utfordring,789
spy,788
hete,788
flokk,788
Guy,788
Christopher,787
betaling,787
kameraten,786
skyldige,786
Willie,786
forbryter,786
jaktet,785
Jean,785
salen,785
velsignelse,785
Collins,784
salg,784
forlovede,784
evnen,784
sønns,783
tiltalte,783
lokal,783
vampyrer,783
skrivebordet,783
Barney,783
vellykket,783
ryktene,783
demon,782
sperret,782
Kent,782
esken,782
Ian,782
kanten,782
pr,782
snudde,782
klandre,782
bro,781
forestillingen,781
bommet,781
paranoid,781
erstatte,780
motiv,780
lillebror,780
Randall,780
drukne,779
syne,779
herrens,779
kjapt,779
forbereder,779
skyggen,778
motta,778
kg,777
jag,777
borgermesteren,777
North,777
glor,776
sporene,776
pä,776
forræderi,775
Bella,775
engelske,775
Pat,775
serien,775
Megan,774
skjønn,774
antok,774
piken,774
kjenn,774
pang,773
Mikey,773
rådgiver,773
eide,773
vanvittig,773
verktøy,773
blått,772
leverte,772
bokser,772
pater,772
historiene,772
Beach,771
Queen,771
teppe,771
dropp,771
skummelt,771
episode,771
stasjon,771
alvorlige,770
uflaks,770
tørr,770
huet,770
knep,769
krasjet,769
aIdri,769
motbydelig,769
boss,769
Iitt,769
øh,769
lastebil,768
gjenstår,768
forhåpentligvis,768
Hunter,768
Ruby,768
erjeg,768
kommentar,768
forsyninger,768
overvåker,768
teite,768
tie,767
gård,767
håndjern,767
Central,767
bet,767
omvendt,767
uh,767
Lester,766
Heather,766
porno,766
Perry,765
Kid,765
brua,765
forferdelige,765
master,765
sug,765
kriminell,764
skammer,764
Club,764
dyttet,764
klassisk,763
undersøker,763
Wyatt,761
demoner,761
gul,761
Reed,761
skjold,761
sand,760
maler,760
innebærer,760
overgir,760
barnevakt,760
more,759
fokus,759
strid,759
Buck,759
avbryt,759
bur,759
tjenesten,758
utnytter,758
gærning,758
Otto,758
enestående,758
idet,758
tank,757
Spock,757
hmm,757
føl,757
drapene,757
brus,757
fryktet,757
barnebarn,757
sikkerhets,756
funket,756
right,756
Hills,756
jakka,756
fylte,755
klubb,755
Avenue,754
øvelse,754
drage,753
vane,753
hensyn,753
Diane,753
vinen,752
masken,752
pasientene,752
seriøs,752
forslaget,752
rammet,752
begrenset,752
velsignet,752
mene,751
rute,751
leppene,751
bevisstløs,751
tropper,750
lev,750
stresset,750
Vic,749
ryddet,749
flytende,749
verdenskrig,749
behagelig,749
eie,749
tonn,748
drapsmann,748
dattera,748
he,747
sterkeste,747
Stuart,747
risikoen,747
nærvær,747
kunstner,747
eggene,747
klør,747
våren,746
flinke,746
gissel,746
ivrig,746
farta,746
blakk,745
ubrukelig,745
tess,745
Gabriel,745
føde,745
plantet,744
kameraene,744
Audrey,744
Hanna,744
ä,743
streng,743
femten,743
foreslå,743
Catherine,742
hall,742
finger,742
sport,742
agenten,742
utdannelse,742
styrte,741
Rosie,741
angrip,741
kriminalitet,741
Polly,741
Glenn,741
plukker,741
Irak,741
steinene,740
lukt,740
britene,739
Rob,739
forsikring,739
småen,739
bite,739
dyre,739
nabo,739
antyder,739
aktivert,739
plasser,738
resultater,738
Sue,738
skamme,738
kulen,738
lyn,737
marihuana,737
trusler,737
sjeler,737
Bay,737
kjennes,736
dragen,736
tiltalt,736
økonomisk,736
lettet,736
posen,735
ektemannen,735
vokter,735
vesen,735
sjette,735
hurpe,734
cola,734
mistanke,734
roter,734
mystisk,733
svarene,733
Cameron,733
stål,733
pågrepet,733
døgn,732
ungdom,732
Zach,732
utvikle,731
alderen,731
landing,731
transport,731
giften,730
hey,730
helse,730
myk,730
filler,730
desember,729
dater,729
kokk,729
smør,729
avdøde,729
bang,729
akt,729
svømmer,729
statsadvokaten,729
ukene,728
svensk,728
Ward,728
flagget,728
klokt,728
farger,728
tilfeldighet,728
naboer,728
tiIbake,727
støvlene,727
gammeldags,727
sjenert,727
terapi,727
alibi,726
dessert,726
sjøl,726
skilsmisse,725
Pearl,725
bær,725
motsetning,725
konstant,725
stjernen,725
Donnie,724
mangel,724
undersøkt,724
budskap,724
Thompson,724
vinger,724
besluttet,724
Philip,723
Fox,723
mødre,723
honning,723
Joan,723
plassert,723
slettet,722
sprengte,722
kommando,722
modige,722
renner,722
værende,722
prinsessen,721
byrde,721
vogn,721
borti,721
respektere,720
Shrek,720
avslører,720
øverste,719
drinken,719
lungene,719
halen,719
mm,719
sekken,719
tapet,718
passere,718
samles,718
Earl,718
kjapp,718
kjeks,718
voldelig,718
briller,718
fronten,717
prosessen,717
Buddy,717
forgjeves,717
uheldig,716
lommeboka,716
brors,716
avgjørelsen,716
Nicky,716
brevene,715
oppriktig,715
skuffe,715
slangen,715
oksygen,714
feilen,714
tv-en,714
samarbeidet,714
øverst,714
offentlige,713
dommen,713
Evan,713
Cindy,713
Isaac,712
Debbie,712
koma,712
tispe,712
seiler,712
netter,712
jordens,712
engler,711
smakt,711
avskyr,711
avvist,711
Pierce,711
Nicholas,710
datamaskin,710
Samantha,710
Paulie,710
South,710
eksplosjonen,710
Magnus,710
mafiaen,710
beroligende,710
katter,710
marshal,709
luktet,709
hage,709
Shane,709
aktivitet,709
bade,708
triste,708
rote,708
mist,707
Sophie,707
gripe,707
knull,707
kolleger,707
lam,707
lyv,707
krangel,707
pølse,706
Tina,706
nytter,706
lidelse,706
fargen,705
mistenker,705
fots,705
tronen,705
beseire,705
framfor,705
studert,704
bacon,704
servere,704
opptaket,704
liter,703
forrådte,703
tonen,703
sporer,703
sort,703
terrorist,703
lytt,703
kommunikasjon,703
lyttet,703
Lena,703
roer,703
overraskelser,703
hale,702
januar,702
sorry,701
glatt,701
Philadelphia,701
flasken,701
delvis,701
funke,700
hverken,700
befri,700
hjørne,700
Trevor,700
kokken,700
styrbord,699
japansk,699
rense,699
rotta,699
long,699
tillatt,699
presidentens,699
igang,699
dødelige,698
eksen,698
svette,698
henrettet,698
overvåket,698
åpnes,698
salgs,698
skåret,698
Harrison,697
garanterer,697
begravet,697
mynt,697
nøkler,697
Craig,696
Jonah,696
Edie,696
risikabelt,696
låt,696
kanin,695
spytt,695
kristne,695
mottar,695
Flint,695
kvart,695
imponere,694
mel,694
ansette,694
skarp,694
manglet,694
rattet,694
galning,693
Vanessa,693
forretningene,693
rettet,693
hodene,693
voldtatt,693
Jill,692
Liam,692
Ragnar,692
mystiske,692
peiling,691
genialt,691
visstnok,691
paradis,691
elev,691
snarere,691
tilstanden,690
skjær,690
bekymring,690
beviset,690
hukommelsen,690
storartet,690
ris,690
sprengt,689
senke,689
slaktet,689
kassen,689
borgere,688
flyter,688
negativ,688
forsiden,688
unnskyldt,688
gresset,687
avtaler,687
lovende,687
gid,687
distrikt,686
partiet,686
porter,686
Tracy,685
eske,685
kors,685
rydder,685
positivt,685
mill,685
id,685
sms,684
overrasker,684
etterlatt,684
lyse,684
paven,684
diamanter,684
grupper,683
hovedkvarteret,683
Caleb,683
familiens,683
krone,682
hendelser,682
innta,682
inngå,682
zombie,682
nådde,682
overført,681
knapp,681
lengter,681
rydd,680
resultat,680
ovnen,680
havnen,680
rapporterer,680
Stu,680
hyggelige,679
tenne,679
Lloyd,679
sy,679
skyting,679
planlegge,679
flagg,679
uenig,679
forvandlet,678
Pam,678
standard,678
lyktes,678
trappa,677
Cuba,677
begår,677
gjetter,677
massevis,677
generasjon,677
forvente,677
konger,677
avis,677
Rogers,677
tittelen,676
Mona,676
strupen,676
stige,676
Spider-Man,676
diskuterer,676
adlyde,675
skjelver,675
måttet,675
settes,675
Nicole,674
tilfellet,674
Arnold,673
Silver,673
Donald,673
tropp,673
streken,673
Dana,673
kveldens,672
motorveien,672
datters,672
bakgrunnen,672
Katherine,672
fingre,671
kikket,671
sosiale,671
legende,670
førerkort,670
kvartaler,670
blomst,670
helga,670
snøen,670
skurk,669
sunt,669
foreslo,669
grip,669
malt,669
tidenes,669
Rodney,668
Olivia,668
East,668
bilulykke,668
sene,668
deprimert,668
frokosten,668
uniformen,668
dato,668
knipe,668
Reddington,667
papiret,667
kaker,667
dalen,667
utvikling,667
Dorothy,667
Barnes,667
sykkel,666
skjerp,666
bestemoren,666
unik,666
Avery,666
Caroline,665
dropper,665
keen,665
sekretær,665
Cody,665
førstebetjent,665
Sullivan,664
bevist,664
Alison,664
religion,664
smørbrød,664
konto,663
bidra,663
forstod,663
eksploderer,663
sølv,663
vurdert,663
tving,663
psykiater,663
forfølger,663
solid,662
tegne,662
Hawaii,662
minnene,662
offiserer,662
søkt,662
piloten,661
Campbell,661
forhandler,661
badekaret,661
aktiv,661
minister,661
shit,661
binde,661
Graham,661
sunn,661
hvelvet,660
udyret,660
seieren,660
hittil,659
Stella,659
speil,659
kvalt,659
trafikken,659
maken,659
Israel,659
låner,659
testen,659
varsel,659
kinesiske,659
Abu,658
kondolerer,658
forskjellig,658
motor,658
Lois,657
hytte,657
Manhattan,657
tilbrakte,657
motsatt,657
Neal,657
tusener,657
vinter,656
legitimasjon,656
Air,656
vasken,656
tyster,656
mistenkelig,656
svær,656
behandlingen,655
forbannede,655
blåste,655
dramatisk,655
omgitt,655
verdighet,654
imellom,654
klemme,654
forretning,654
Stephen,654
len,654
Alpha,653
Allison,653
world,652
Cal,652
kvinnelige,652
Veronica,652
bot,651
økt,651
opplevelse,651
vene,651
moroa,650
ballet,650
klatrer,650
drapsmannen,650
organisasjon,650
søpla,649
psykopat,649
omstendighetene,649
stengte,649
meldinger,648
lommen,648
tragedie,648
Diana,648
motstå,648
beskjeder,647
fedre,647
festlig,647
nevøen,647
tradisjon,647
grepet,647
Denise,647
Rex,646
uttrykke,646
konkurransen,646
proff,646
landsby,646
symbol,646
kronen,646
lidenskap,646
èn,646
Wells,645
gentleman,645
døtre,645
bestandig,645
politimenn,645
bakgrunn,645
Melanie,645
menneskets,644
inviterer,644
århundre,644
båter,643
hule,643
lykken,643
maske,643
Elvis,643
Flynn,643
whoa,643
Ashley,642
konkurs,642
oftere,642
Rudy,642
passerer,642
fokuser,641
planter,641
dødsfall,641
Maya,640
anser,640
Kane,640
klippet,640
avlyst,640
Phillip,640
eksploderte,640
erklærer,640
vaert,639
seksuelt,639
Omar,639
skuIIe,639
innsatsen,639
kritisk,639
laboratoriet,639
elegant,638
iskrem,638
Edgar,638
Miguel,638
høyst,638
teknologien,638
østover,638
monsteret,637
vendte,637
tilbudt,637
informere,637
detalj,637
enheten,637
interesser,637
ulven,636
stilen,636
århundrer,636
havn,636
revolveren,635
gjennomføre,635
dreit,635
overlater,635
slips,635
Georgia,635
kamerater,634
stabil,634
karakter,634
hammer,634
tyver,633
avlyse,633
konsekvensene,633
tent,633
troppene,633
Jens,633
verdifull,633
forestilling,633
sjokkert,632
Connie,632
brud,632
kasse,632
positiv,632
forståelse,632
diger,631
Z,631
Natalie,630
voldtekt,630
forretningsmann,630
kones,630
rulle,630
behager,630
fremst,629
advart,629
Australia,629
Saul,629
begynnelse,629
puls,629
tulle,629
utvist,629
låven,629
svinger,629
Anders,628
Leon,628
humøret,628
bonde,628
undergang,628
kunsten,627
dressen,627
utsikten,627
inngangen,627
fyrene,627
telt,627
pai,627
Arizona,627
filmene,627
utvalgte,627
avhør,627
foreta,627
forbedre,626
student,626
opptre,626
Owen,626
tåle,626
beseiret,626
vingene,626
spandere,625
oppdratt,625
treneren,625
studio,625
Marianne,625
fiendens,624
kjempefint,624
unnslippe,624
profil,624
slitt,624
høvding,624
Abraham,623
Melissa,623
Stockholm,623
kompliment,623
meningsløst,623
motet,623
gisler,623
forbindelsen,623
forsikrer,622
føderale,622
idag,622
oppført,622
plante,622
Gandalv,622
Valentine,622
nåværende,622
Scotty,621
avisa,621
oppførte,621
bland,621
protest,621
skadene,620
vrede,620
sammentreff,620
avtalt,619
tilfeller,619
hersker,619
myndighet,619
falskt,619
nese,619
robot,619
Stevens,619
Bonnie,619
tallet,618
sårede,618
gassen,618
eksplosjon,618
medisinske,618
forrest,618
skylde,618
Iris,618
hendelsen,618
gjenkjenner,617
vendt,617
ledd,617
fortet,617
oppå,617
elever,617
kjøretøy,616
forente,616
ly,616
reklame,616
Evelyn,616
materiale,615
Ari,615
raskeste,615
gram,615
dokumenter,615
Crane,615
sniker,615
takknemlighet,615
aviser,614
Robinson,614
monstre,614
sorte,614
kontant,613
arvet,613
Group,613
heve,613
taklet,613
Nora,612
Chase,612
Jeremy,612
resultatene,612
tvert,611
plassere,611
tunga,611
fremad,611
ambassadør,611
blø,611
trusselen,611
info,611
savnede,610
affære,610
golf,610
Chester,610
Laurel,610
Anton,609
maks,609
oppmerksomheten,609
forfremmet,609
rått,609
bål,609
mage,609
samt,609
permanent,609
leid,609
designet,608
Bell,608
Worf,608
gående,608
tell,608
heia,607
ihjel,607
Clara,607
konsekvenser,607
sirkus,607
kåt,607
våres,607
Sven,607
anfall,607
lokket,606
ansvarlige,606
lekser,606
kilder,606
heis,606
stedene,606
frelse,605
prøvene,605
tyveri,605
Nelson,604
Arne,604
ettermiddagen,604
Walsh,604
nød,604
hekser,603
fiendtlig,603
koner,603
oppgi,603
kvinnfolk,603
runder,603
sjekken,603
gislene,602
gærne,602
Calvin,602
mesteparten,602
kvinnelig,601
plukk,601
fler,601
billetten,601
energien,601
forloveden,601
felt,601
absurd,601
opplever,600
jeger,600
ryker,600
ordfører,600
vesle,600
slott,600
esel,599
garantere,599
etterretning,599
Axel,599
Vera,599
skuespill,598
juridisk,598
drukner,598
giftig,598
krevde,597
serverer,597
Elena,597
slanger,597
kaken,597
Zack,597
framtida,597
utseende,597
køen,597
bruden,597
mappen,597
teater,596
fysiske,596
bombene,596
kjærlig,596
total,596
yrke,596
bakfra,596
Sherman,596
unnskyldninger,596
København,596
kusine,595
skaden,595
ansiktene,595
Valley,595
dog,595
Randy,595
kommende,595
roser,595
presenterer,594
manus,594
koordinatene,594
hjerteinfarkt,594
enke,594
vekten,594
invitasjon,594
khan,594
Doyle,594
Antonio,594
gravde,593
kulene,593
stekt,593
skjul,593
effekt,593
Wall,593
halloween,593
droppet,592
elv,592
flest,592
effektivt,592
Mississippi,592
rømmer,592
lapp,592
ensomme,592
mønster,592
kjedelige,592
utgjør,591
ytterligere,591
idiotene,591
Angie,591
skjegg,590
museum,590
leier,590
kjærester,590
størrelsen,590
Blake,590
avslappet,590
grimm,590
ruller,590
tilgitt,589
tiltale,589
Viktor,589
herved,589
Skottland,589
innerst,589
varte,589
stammer,589
forfulgt,589
slektninger,589
alltids,588
privatliv,588
avgang,588
fornærme,588
gamlingen,588
periode,587
skoen,587
Lauren,587
saga,587
tullprat,587
Bree,587
rommene,587
svakt,587
soloppgang,586
ranchen,586
Bennett,586
kuren,586
færre,586
arv,586
selvforsvar,586
tapere,586
øver,585
treningen,585
elektrisk,585
arresterer,585
forvirrende,585
cellen,585
ondskapen,585
drama,585
Harvard,584
May,584
dokumentene,584
røyken,584
fryktelige,584
sesong,584
Barbie,584
barnebarnet,584
smykker,584
Pierre,584
banne,583
allergisk,583
vaer,583
anspent,583
smaken,583
internasjonale,583
komplett,583
husene,583
ironisk,582
oppfant,582
aktor,582
avfyrt,582
nervene,582
kung,581
kopier,581
sludder,581
maskiner,581
ordrene,581
satset,581
beskytt,581
Luther,581
ledere,581
tyskere,581
Klaus,581
fødselsdag,581
Adams,581
penis,581
lasten,581
kandidat,581
metoder,580
overse,580
snut,579
strekk,579
brune,579
stemmene,579
Cox,579
Amerikas,579
utfører,579
yngste,579
solnedgang,578
grunnleggende,578
soverom,578
Cam,578
ankom,578
Abe,577
håpløst,577
nødvendigvis,577
rull,576
merr,576
lita,576
assistenten,576
sovner,576
strøk,576
kneet,576
koffert,575
egentlige,575
sektor,575
Teresa,575
brun,575
byrået,575
pisset,575
billettene,575
skuddet,574
kriminalbetjent,574
forskudd,574
arving,574
antallet,574
våte,574
utseendet,573
bestiller,573
overbevisende,573
safen,573
nevø,573
imens,573
Powers,573
fersk,573
cellene,573
Austin,573
forklaringen,572
sure,572
ærend,572
setet,572
sidene,572
bevisst,571
frivillige,571
håpløs,571
begravde,571
kiste,571
lettelse,571
Reese,570
undertøy,570
jøsses,570
moralsk,570
babyer,570
keiser,570
venne,570
pyse,570
digger,569
politiets,569
hindret,569
sĺ,569
snek,569
lastet,569
kredittkort,568
hastverk,568
Ellis,568
port,568
dråpe,568
ønsk,568
Neida,568
avbryter,568
kultur,568
old,568
Alec,567
slette,567
sulter,567
raketter,567
avslørte,567
Eve,567
teen,567
bålet,566
baken,566
områder,566
kafeen,566
overlat,566
tipset,566
nevn,566
batteriet,566
kula,566
skytingen,566
eksplodere,565
nyhet,565
opplysningene,565
sinnssykt,565
svimmel,565
hastighet,565
singel,564
uvitende,564
spring,564
nest,564
lyser,563
uhyre,563
Q,563
psykolog,563
stirret,563
kappe,563
vinduer,563
lokke,562
vegg,562
vitenskapen,562
rikdom,562
visepresident,562
endring,562
Zoe,562
anmelde,562
Blair,562
Juan,562
zombier,562
innsjøen,562
nett,561
utvilsomt,561
bikkja,561
foster,561
em,561
sønnene,561
nasjon,561
lommene,561
husarrest,561
vandrer,560
herlige,560
Douglas,560
insisterte,559
barns,559
uttalelse,559
Bernard,559
historisk,559
Elaine,559
tråden,559
kommunisere,559
anklage,558
diamantene,558
avtrekkeren,557
skygger,557
oppdra,557
besetningen,557
mayday,557
hendelse,556
Gwen,556
forklarte,556
irene,556
kuppelen,556
Riley,556
sinna,556
horn,555
baksetet,555
Boyd,555
søvne,555
tunnel,555
voldsomt,555
Juliette,555
raser,554
venninnen,554
hm,554
jr,554
forbrytere,554
verkstedet,554
trygghet,554
poker,553
strekker,553
mannens,553
flyene,552
dagers,552
Morris,552
real,552
erklært,552
veske,552
handelen,552
hora,552
mysterium,551
hertugen,551
julaften,551
Burke,551
Henrik,551
tilbringer,551
flyplass,550
egget,550
retningen,550
brett,550
ulver,550
russ,550
herrene,550
linjer,550
ombestemmer,550
lad,549
tvile,549
vart,549
naturlige,549
gjelden,549
kryp,549
opplagt,548
timing,548
daten,548
forbundet,548
låsen,548
sirkel,548
derimot,547
hai,547
skyldte,547
fe,547
formann,547
balanse,547
holdning,547
alfa,547
intelligens,547
Montana,546
bråket,546
kikk,546
svir,546
endringer,546
tortur,546
skuldrene,546
fitta,546
ombestemt,545
hjul,545
godhet,545
tretti,545
strategi,545
ubevæpnet,545
kveg,545
svina,545
Colin,544
skad,544
begeistret,544
slitsomt,544
borg,543
Lenny,543
tapper,543
Reggie,543
havna,543
pulsen,543
såkalte,543
dype,542
Jules,542
sammenlignet,542
bløff,542
teltet,542
klarert,542
gangene,542
nasjonen,541
ferien,541
metall,541
parkeringsplassen,541
studenter,541
kasinoet,540
spioner,540
vert,540
fremfor,540
brettet,540
skrubbsulten,540
opphold,540
pannekaker,540
skyldfølelse,540
timevis,540
sanden,540
gledet,540
ansikter,540
Adrian,540
trofast,539
etterlyst,539
borger,539
Detroit,539
forståelig,539
undervise,539
stater,538
Apollo,538
lojale,538
vises,538
rulleblad,538
ho,538
spenning,538
ubåten,538
Tate,538
seksuelle,538
budskapet,538
økonomi,537
ludder,537
blodig,537
Åja,537
nedi,537
annens,537
Jessie,537
ristet,536
isteden,536
gjettet,536
paret,536
notater,536
snuten,536
klienter,536
organisert,536
gin,535
huleste,535
styrtet,535
tjukken,535
Cassie,535
ignorere,535
tvillinger,535
sårbar,535
strøket,535
leksene,534
Rio,534
endres,534
rolige,534
jern,534
Atlanta,534
djevel,534
kontoen,534
nestemann,534
pålitelig,533
søstrene,533
skinn,533
felten,533
pisser,533
skurker,533
voldtok,533
overordnede,532
Sharon,532
sårer,532
sprengstoff,532
pÃ,532
umulige,532
Christine,532
Edwards,532
erter,532
utfordrer,531
anger,531
ordføreren,531
Jamal,531
Elias,531
profesjonelle,531
utslette,531
returnere,531
Harper,531
Samuel,530
kose,530
skittent,530
takknemlige,530
kampene,530
bransje,530
generasjoner,530
skapninger,530
myke,529
Archie,529
visdom,529
regning,528
Ivan,528
eter,528
telefonene,528
støt,528
kapteinens,528
hett,528
sammenheng,528
forover,528
tynt,528
tenåring,528
Castle,528
tørk,528
fordeler,527
erjo,527
signert,527
Hamilton,527
tømme,527
bryt,527
konkurrere,527
seIv,526
kisten,526
Kitty,526
sminke,526
aper,526
kanalen,526
homofil,526
jed,526
forsvarte,526
oppnådd,526
oversett,526
elevene,525
salat,525
innelåst,525
former,525
forandringer,525
Gene,525
indianer,525
bytt,525
pølser,525
fuck,525
ethvert,524
teksten,524
skog,524
Underwood,524
dagslys,524
utfordre,524
organisasjonen,524
foregikk,523
euro,523
dude,523
Katrine,523
serie,523
forsker,523
Simpson,523
piano,522
brennende,522
flammer,522
juice,522
fremste,522
Daniels,522
skrur,522
Alaska,521
glimt,521
bjørnen,521
Donovan,521
uavhengig,521
kompani,521
maskinene,521
Clyde,520
FBl,520
aksjer,520
innrøm,520
strand,520
ungdommer,520
tema,520
brekker,520
bitch,520
evige,520
forbannelsen,520
utslettet,520
Colt,520
Solomon,520
ankomst,519
naiv,519
Lucifer,519
Romeo,518
bortført,518
babord,518
drosjen,518
månedsvis,518
evnene,518
genetisk,518
skinnet,518
tor,517
Creek,517
hovedkvarter,517
temperaturen,517
flasker,517
jaggu,517
svenske,517
utpressing,517
benet,517
overnatte,517
forrådt,516
Madison,516
villige,516
geit,516
cella,516
dansk,516
kjekken,516
besøkt,516
Janet,516
dagbok,516
tærne,515
sesongen,515
utvikler,515
nedenunder,515
bidrag,515
pil,515
avansert,515
tapre,515
himmelens,515
Thea,515
tilståelse,514
hacket,514
ambulansen,514
Chad,514
tørre,514
penere,514
trappene,514
tykk,514
forbindelser,514
Ohio,513
skoler,513
menyen,513
udyr,513
Baltimore,513
værsågod,513
vanvidd,513
Sydney,513
effektiv,513
dverg,512
svære,512
Marvin,512
sulte,512
malte,512
lidd,512
medfølelse,512
innlagt,512
forskere,512
situasjoner,512
heie,512
usannsynlig,512
løpt,511
Gilbert,511
befaler,511
signaler,511
straffes,511
overvåke,511
offisielle,511
eks,511
kikker,511
aske,510
dytte,510
politistasjonen,510
skallet,510
mengde,510
klatret,509
Griffin,509
positive,509
barnslig,509
Hope,509
Helena,509
pensjonert,509
Baxter,509
business,508
mørkets,508
kongelig,508
Sveits,508
beslutninger,508
opprettholde,508
bonus,508
anholdt,508
Robbie,508
kikke,508
rykker,508
inngår,508
religiøs,508
likhuset,508
legenden,507
moral,507
nazistene,507
meld,507
Bishop,507
negativt,507
day,507
sult,507
pepper,507
skuls,507
fryse,507
spredt,507
kineserne,506
trollmann,506
bestevenner,506
opprørerne,506
metode,506
eksperiment,506
avgjørelser,506
billige,506
skytevåpen,505
riker,505
utgang,505
slim,505
stjålne,505
økonomiske,505
broa,505
teateret,505
pennen,505
rakettene,504
Portland,504
uroe,504
søsters,504
tiår,504
anlegget,503
Gunnar,503
Hawk,503
stram,503
misforstå,503
tone,503
trafikk,503
jødisk,502
smule,502
travel,502
frakken,502
Bates,502
vend,502
flaut,502
sprøyte,501
hadet,501
smelter,501
utførte,501
putte,501
vitser,501
professoren,501
Bull,501
svinge,501
delstaten,501
Tara,500
datoen,500
Kay,500
passasjerer,500
bevissthet,500
Joy,500
poteter,500
Clary,500
Darcy,500
Duncan,499
rimer,499
Snow,499
tatovering,499
klemmer,499
personlighet,499
feltet,499
konserten,498
Bruno,498
kjede,498
konsert,498
demonen,498
hoder,498
rørende,497
Lori,497
centimeter,497
tegningene,497
Emilie,497
stien,497
pest,497
testamentet,496
flaska,496
klinikken,496
kjekke,496
måle,496
smilet,496
Text,496
uendelig,495
nifst,495
Einstein,495
lappen,495
gjenstand,495
arresterte,495
ministeren,495
oppfatning,495
følelsesmessig,495
trente,495
grisen,495
Neo,495
hjelmen,495
jødene,495
unnskylder,495
museet,494
guttunge,494
Banks,494
adlyder,494
saksøke,494
straffer,494
Oz,494
Karin,494
kryss,494
fødselen,494
hysterisk,494
skapning,493
stryker,493
Gray,493
nødvendige,493
bønder,493
Reynolds,493
nårjeg,493
koker,493
us,493
ånder,493
tårn,493
smilte,493
djevelens,493
Hellas,492
Tokyo,492
bekymringer,492
drakt,492
Kelso,492
grått,492
hengte,491
Ella,491
strengt,491
plasserte,491
februar,491
sentralen,491
vesla,491
pusse,491
Kira,491
Conrad,491
innsatte,491
ufattelig,490
økonomien,490
slite,490
anrop,490
beskriver,490
kjerringa,490
portene,490
varsle,490
majoren,490
tynne,490
renset,490
kroken,489
trorjeg,489
såpe,489
knytte,489
kausjon,489
utlandet,489
anbefale,489
sekk,489
veldedighet,488
Oslo,488
Isabel,488
sparte,488
ettersøkt,488
Sheila,488
reporter,488
drager,488
operere,488
overbetjent,488
Hunt,487
overfall,487
Kenneth,487
Phoenix,487
pommes,487
edle,487
hulen,487
Gideon,487
apen,487
perspektiv,487
Hansen,486
interesserer,486
farer,486
fødte,486
Georg,486
fluer,486
eden,486
forvandle,486
alternativer,486
deilige,485
slåsskamp,485
vitenskapelig,485
hensikten,485
skjoldene,485
motorene,485
forretningen,485
laster,485
hansker,485
grunnet,485
up,485
Venezia,485
seksuell,485
lekene,485
baklengs,484
elektriske,484
introdusere,484
marsj,484
fans,484
politikere,484
guden,484
selveste,483
fremragende,483
stemningen,483
snudd,483
fiasko,483
rekk,483
føderal,483
lfølge,483
desperate,483
blad,483
Knox,483
uro,482
lilla,482
fantasien,482
politiker,482
skjorten,482
vennlige,482
lesbisk,482
motell,481
Jen,481
freden,481
stua,481
point,481
dødens,481
ladd,481
Stefan,480
kidnapping,480
beordrer,480
misforstått,480
Ronald,480
grense,480
slapper,480
blåst,480
innbyggere,480
Drake,480
bakhold,479
loftet,479
DJ,479
diktet,479
lønna,479
manglende,479
øde,479
kvinnes,479
Secret,479
magien,478
SDI,478
ynkelig,478
høyden,478
dårligere,478
ulovlige,478
peke,478
trikset,477
befolkningen,477
italienske,477
NASA,477
forklart,477
laste,477
kobler,477
gæren,477
drittsekkene,477
forårsaker,477
sjefene,477
gled,476
mormor,476
Capone,476
skumle,476
seire,476
dose,476
stinkende,476
tenn,476
fjols,476
brutalt,476
eiendeler,476
håndterer,476
Naomi,476
Julius,476
muskler,475
u,475
dass,475
visjon,475
åsen,475
hyret,475
viljen,475
sprekker,475
godeste,475
staben,475
hand,474
virksomhet,474
tørker,474
girl,474
Brendan,474
gjennomgå,474
saus,474
anstendig,474
restene,474
myrde,473
bevegelser,473
forskningen,473
forsyn,473
fortjeneste,473
Wolf,473
advokatene,473
ensomt,473
Eli,473
Abigail,473
mislykket,473
internasjonal,473
filene,473
whiskey,473
sending,473
State,472
sympati,472
komiteen,472
poesi,472
Eugene,472
grev,472
resepsjonen,472
forsikret,471
manuset,471
Boris,471
Damien,471
Jeffrey,471
skatter,471
Sasha,471
trolldom,471
avsted,471
verdener,471
verdsetter,471
arkivet,471
klipper,471
Denver,471
lillebroren,471
fore,470
tente,470
ledelse,470
Wally,470
Humlesnurr,470
reagere,470
spenningen,470
orket,470
underviser,470
fjær,470
lnn,470
inspirert,470
Edith,469
innkalt,469
nervøse,469
Young,469
Petter,469
knekker,469
mote,469
Hitman,469
bryet,469
klovn,469
svetter,469
guttens,469
pågår,468
nissen,468
Murray,468
Tanya,468
tegner,468
Chapman,468
punktet,468
banner,468
mengden,468
oppdatert,468
solo,468
plikter,468
Cross,468
aggressiv,467
bommer,467
isolert,467
stirre,467
bladet,467
utvide,467
sum,467
utforske,467
atmosfæren,467
håndkle,466
fokusert,466
abort,466
favoritten,466
meninger,466
skrittet,466
fersken,466
ferdigheter,466
pus,466
mal,466
beslutningen,465
løste,465
besøkende,465
forhånd,465
Tristan,465
Pentagon,465
hasj,465
doble,465
ydmyke,465
mektigste,464
piker,464
Scofield,464
skyene,464
Ghost,464
milliard,464
myndigheter,464
Bea,464
besvimte,464
lepper,464
svindler,463
Agnes,463
Quentin,463
D.C,463
slikke,463
fingeravtrykkene,463
opplevde,463
sovne,463
drift,463
uttale,463
Apple,463
opprinnelige,463
griper,463
mengder,463
forveien,463
asken,463
Benedict,463
morer,463
rådhuset,463
selg,462
valp,462
tequila,462
grensa,462
grønnsaker,462
romvesener,462
begjær,462
klaget,462
fabelaktig,462
vraket,462
bestevennen,462
slakter,462
Colorado,462
etterforske,462
pult,462
murene,461
kvele,461
verdifulle,461
HoId,461
Gotham,461
oppdro,461
etternavn,461
opphisset,461
Hugo,461
mulighetene,461
nokså,461
moden,461
putter,461
presang,461
krype,460
behandles,460
gravd,460
avskum,460
shelly,460
tøm,460
hukommelse,460
talte,460
kurere,460
begavet,460
forlanger,459
filen,459
0g,459
Roberts,459
Xenzai,459
viktigst,459
mottok,459
gangster,459
NEF,458
overdose,458
skåle,458
Voyager,458
kverke,458
viet,458
Willy,458
høsten,458
maser,458
yes,458
kødden,457
bløffer,457
skipper,457
O'Brien,457
tisset,457
leveren,457
gresk,457
båtene,457
Deb,457
Michigan,457
dataene,457
Nevada,457
bånn,456
grov,456
forandres,456
raker,456
rakett,456
utfor,456
toalett,456
we,456
vandre,456
populære,456
Floyd,456
nederlag,456
innkommende,456
utelukket,456
reagerte,455
Kramer,455
tøffing,455
seremonien,455
Finch,455
kjernen,455
patrulje,455
svindel,455
bitter,455
journalister,455
Jefferson,455
fat,455
tekniske,455
Chang,455
Jensen,454
bekreft,454
råder,454
Lyle,454
Heisann,454
hårete,454
Facebook,454
demokrati,454
usynlige,454
diskusjon,454
Sonja,454
feige,454
ombestemme,454
forestill,454
rovdyr,454
fartøyet,454
selvtillit,454
legges,453
Picard,453
Theo,453
tråkket,453
dumpe,453
tjukk,453
knus,453
komfortabel,453
mikrofonen,453
bryllupsdagen,452
irsk,452
tenåringer,452
smakte,452
vervet,452
genial,452
ødelagte,452
revolusjonen,452
skilsmissen,452
gratulere,452
veddemål,452
bin,452
korn,451
undersøkte,451
riste,451
prostituert,451
neglene,451
forårsake,451
slipset,451
motorsykkel,451
plassene,451
tørket,450
lærepenge,450
kommandant,450
tann,450
timers,450
tiltrukket,450
opplegget,450
spanske,450
voldsom,450
Elsa,450
irriterer,450
vanskeligste,449
palasset,449
Sofia,449
Corleone,449
hitover,449
Miranda,449
barndommen,449
skjoldet,449
ty,449
bryst,449
Larsen,448
arrangert,448
svelge,448
cash,448
heftig,448
beklage,448
Erica,448
regelen,448
mentalt,448
sorgen,448
Glen,448
uunngåelig,448
salget,448
kniver,448
oppførselen,447
lærere,447
representant,447
tillat,447
Charley,447
syvende,447
finere,447
stramt,447
pistoler,447
spyd,447
ydmyket,447
Bradley,447
tilpasse,447
erstatning,447
mynter,446
tiders,446
æresord,446
Wes,446
forråde,446
raseri,446
avhøre,446
vidunderlige,446
senker,446
datet,446
samvittigheten,445
Bush,445
rester,445
NETFLIX,445
tittel,445
supermann,445
nettverk,445
kirkegården,445
Janice,445
Bailey,445
Becky,445
veiene,445
øg,444
dyrke,444
fokuserer,444
nyeste,444
Annika,444
garderoben,444
oransje,444
Nikki,444
Hannibal,444
folkets,444
sugd,444
grunnlag,444
feilet,444
Cynthia,443
lommeboken,443
påkjørt,443
Ronny,443
aktiver,443
forfedre,443
kortere,443
faste,443
Balboa,443
reisende,443
tilsynelatende,443
anonym,443
politimannen,443
avskyelig,443
forfra,442
Brasil,442
kanonene,442
Miriam,442
passordet,442
Uff,442
imperiet,442
tjenere,442
Woody,442
benken,442
soper,441
Sookie,441
utdannet,441
reparert,441
gylne,441
fenrik,441
Andreas,441
servert,441
systemer,441
hederlig,441
politikken,441
fortauet,440
sjeldent,440
medisinene,440
kropper,440
anker,440
selges,440
revolusjon,440
pc-en,440
Stephanie,440
inngikk,440
voldta,440
diskutert,439
opptakene,439
NSA,439
kroppene,439
kvalitet,439
Izzy,439
pensjon,439
tier,439
relevant,439
blanke,439
Gerry,439
Bilbo,438
egenhånd,438
alkoholiker,438
Amsterdam,438
forut,438
håpte,438
elefant,438
smell,438
parkere,438
Kristi,438
miljø,438
lenker,438
stuen,438
Joel,438
blond,438
overtid,437
News,437
binder,437
fet,437
våget,437
rompa,437
snublet,436
skurken,436
gitar,436
Hassan,436
Gail,436
dags,436
franskmennene,436
soldaten,436
retter,436
trang,436
flat,436
forfatteren,436
um,436
plasserer,435
stanken,435
fremskritt,435
motstandsbevegelsen,435
crack,435
Escobar,435
nasjonal,435
out,435
dyrebare,435
deltok,435
elsk,435
Lise,435
Powell,434
operasjoner,434
undersøkelse,434
sekretæren,434
helsikes,434
summer,434
Lynette,434
odds,434
troskap,434
Bourne,434
Scandinavian,434
skilte,434
ukevis,434
Richards,434
skrekkelig,434
sykdommer,434
mikrofon,434
skuespillere,434
skandale,434
støtten,434
datamaskiner,434
arrester,434
brystene,434
beveget,433
knekken,433
sprang,433
anlegg,433
bunn,433
radaren,433
parkert,433
Jared,433
synke,433
slet,433
kirurg,433
â,433
kongeriket,433
svik,432
Alabama,432
fang,432
irritert,432
oftest,432
stiv,432
ordentlige,432
mannfolk,432
styrt,432
Kara,432
barbere,432
spesialagent,432
Lannister,432
underholdning,432
National,432
spyr,431
plate,431
Square,431
homser,431
tilfreds,431
biologiske,431
korrupt,431
dannet,431
hjemløse,431
raketten,431
ombestemte,431
nasjonale,431
penisen,431
møbler,431
sein,430
tøyte,430
Stewart,430
spriten,430
møkk,430
arbeidere,430
ofrer,430
væpnet,430
deltar,430
misunnelig,430
Chelsea,430
intervjue,430
tommelen,430
belønningen,429
opererer,429
Christina,429
gni,429
forbyr,429
Oswald,429
riddere,429
betraktning,429
forbrytelsen,429
nederst,428
løve,428
finalen,428
frites,428
sykle,428
sopp,428
American,428
sÃ,428
Evans,428
ærlighet,428
Jenna,428
arven,428
overlate,428
stevnemøte,427
lånt,427
tømmer,427
overtalte,427
spillere,427
Sofie,427
raska,427
herske,427
ihvertfall,427
Archer,427
saks,427
Jerusalem,427
Felicity,426
hals,426
sosial,426
automatisk,426
vått,426
oppmerksom,426
eksistens,426
negative,426
bokstaver,426
rapportene,426
bekreftelse,426
karakterer,426
flygende,426
flate,425
Hammond,425
pressekonferanse,425
varmere,425
løgnene,425
Mack,425
Becca,425
stammen,425
trollmannen,425
vås,425
korridoren,425
oppfylt,425
ulykker,424
Benson,424
skjegget,424
gjennombrudd,424
nødig,424
disiplin,424
dynamitt,424
senket,424
helle,424
fyllik,424
Shakespeare,424
frost,424
ekorn,423
omsider,423
bøye,423
føreren,423
Judith,423
Hawkins,423
dødsstraff,423
skarpe,423
ansett,423
Dwight,423
Sylvia,422
Cat,422
frk,422
frifot,422
hobby,422
lovens,422
forsørge,422
disken,422
vennskapet,422
beistet,422
adoptert,422
ustabil,422
lampen,422
japanske,422
utallige,422
verdifullt,422
beskrev,422
pannen,422
hedre,421
blek,421
galaksen,421
politibetjent,421
Patricia,421
tiltrekkende,421
analyse,421
sokker,421
dummeste,421
Polen,421
øm,421
eple,420
letter,420
autoritet,420
agentene,420
framskritt,420
sä,420
blanding,420
tabber,420
elektrisitet,420
Claudia,420
Doris,420
sykestua,420
instruksjoner,420
berg,420
kasser,419
kull,419
visepresidenten,419
Sophia,419
pine,419
spytter,419
Lila,419
morsommere,419
kjønn,419
FN,419
Hugh,419
Papa,419
oj,419
kvalifisert,419
Grey,419
nerd,419
raner,419
griser,419
knytter,419
kodene,419
besittelse,419
pesten,418
virksomheten,418
ete,418
aksjon,418
flåte,418
mo,418
Starling,418
produserer,418
billigere,418
seil,418
penga,418
gap,418
Hayes,418
blodige,418
parfyme,418
begraver,418
sårene,417
ski,417
åpningen,417
brønnen,417
Missouri,417
hint,417
engasjert,417
mirakler,417
pinne,417
skurkene,417
besøket,417
Marion,417
nattens,417
brunt,417
smigret,417
karantene,417
linjene,416
latin,416
bøy,416
sti,416
bølger,416
Bear,416
hverandres,416
Rico,416
global,415
Hudson,415
maleri,415
Lasse,415
uenige,415
Harald,415
speider,415
pulten,415
personalet,415
episoden,415
verdier,415
dusten,415
Sidney,415
Jasper,415
ruten,415
passord,414
kjedet,414
psykisk,414
gåte,414
Sawyer,414
sjansene,414
Phillips,414
Ole,414
skolens,414
retrett,414
symbolet,414
Claude,414
t-banen,414
leketøy,414
torturert,414
brødet,413
ass,413
rang,413
omfattende,413
Broadway,413
frekt,413
lammet,413
amok,413
resync,413
DC,413
bryster,412
løk,412
tekstet,412
ankommet,412
overdriver,412
brandy,412
konflikt,412
kafé,412
medalje,412
Iron,412
Price,412
kunden,411
utvalgt,411
bagasje,411
lånet,411
storebror,411
Frankenstein,411
anklagene,411
invitasjonen,411
løsne,411
døtrene,411
hiv,411
kjøkken,410
rykk,410
lekre,410
dyktige,410
Henderson,410
svelget,410
fu,410
Pennsylvania,410
sugde,410
Sandra,410
kjæledyr,410
Hood,410
heil,409
skikkelige,409
territorium,409
kassa,409
dyrehagen,409
bokse,409
formen,409
Ingrid,409
gjerning,409
Sansa,409
beskutt,409
smertestillende,409
rekord,409
bolig,409
skytter,409
innimellom,409
utenlandske,409
kommentarer,409
jordskjelv,409
atferd,409
beist,408
riv,408
vrient,408
skarpt,408
avtrykk,408
anledningen,408
Mills,408
nettene,408
sjeldne,408
arrangere,408
overvåkning,408
håndjernene,408
skylda,408
meksikansk,408
Irland,408
Jesu,408
Shirley,408
eksperter,407
forholdene,407
konen,407
Elise,407
Dusty,407
garden,407
kirka,407
antatt,407
snarvei,406
Fisher,406
Maja,406
sjokkerende,406
sjuende,406
etasjer,406
vinkel,406
motellet,406
klipp,406
dytter,406
Queens,406
avslutt,406
inspirasjon,406
bombet,405
politimester,405
forpulte,405
mishandlet,405
mette,405
fløyet,405
Ia,405
Antonius,405
morfin,405
strekke,405
Adalind,405
skriftlig,404
enslig,404
lignet,404
rist,404
kryper,404
mobiltelefon,404
lobbyen,404
rettighetene,404
fiendtlige,404
telegram,404
forbløffende,404
ego,404
hev,404
hinsides,404
sank,404
mappe,403
støvler,403
Marilyn,403
ledige,403
innholdet,403
Brady,403
Gabby,403
Percy,403
satans,403
Cleveland,403
hemmelighetene,403
Armstrong,403
filer,403
spasertur,403
Crawford,403
miljøet,403
klanen,403
beundret,402
Allah,402
stoffer,402
skrekk,402
fiskene,402
baron,402
gamling,402
huh,402
måne,402
JD,402
forstar,402
puben,402
minn,402
nøtter,402
Zeke,402
kunstig,402
kvikt,402
heretter,402
frakte,402
sjarm,402
bortenfor,402
eksistert,401
Niels,401
bygg,401
bygninger,401
vurdering,401
verdensrommet,401
bigfoot,401
computer,401
beæret,401
sida,401
avbrutt,401
intervjuer,401
koser,401
aksent,401
Andrews,400
nyttår,400
varebilen,400
kai,400
tørt,400
Wien,400
oddsen,400
mater,400
butler,400
flekken,400
plenen,400
huff,400
Storbritannia,400
mon,400
vegger,400
arrogant,400
åpning,400
åsted,400
Eleanor,400
utryddet,400
heksa,400
slemt,399
Fredrik,399
generelt,399
overlevelse,399
Foyle,399
prester,399
Amir,399
passerte,399
tilliten,399
grensene,399
kjempefin,399
sladrer,399
utenfra,399
kjeller,399
slagmarken,399
gli,398
hjelm,398
oversikt,398
rotete,398
Milo,398
skummel,398
evigheter,398
likhet,398
forsikringen,398
Pan,398
turister,398
hovedstaden,398
materialet,398
skyggene,398
Ginger,397
tisser,397
tyven,397
kvartal,397
kaka,397
investere,397
fruen,397
vesener,397
niende,397
Savage,397
ørn,397
Reid,397
tidsnok,397
vurderte,397
etterforsket,396
gater,396
rystet,396
danske,396
sørgelig,396
Lynn,396
erstattet,396
jernbanen,396
Colombia,396
foreldreløse,396
slagsmål,396
tiltrekker,396
skynder,396
tosken,396
skroget,396
effekten,396
fyrverkeri,396
Moore,396
innfødte,395
tvilte,395
insekter,395
Cathy,395
seksjon,395
pc,395
home,395
rand,395
ol,395
unngått,395
vilkår,395
Harriet,395
lokker,395
brydd,395
genseren,395
sonen,395
skuffer,395
rullestol,395
musklene,395
slippes,394
Brick,394
halvannen,394
skrudd,394
stat,394
hive,394
kjølig,394
kledde,394
tilkall,394
Dougie,394
tilstrekkelig,394
farligste,394
ovenfor,394
ledende,393
førsteklasses,393
søsken,393
åndelig,393
nabolag,393
manager,393
ramme,393
forelder,393
fotograf,393
ark,393
risikerte,393
skadde,393
romskip,393
beredskap,392
kuk,392
bølgene,392
DEA,392
hylle,392
akseptert,392
udødelig,392
trøste,392
misunner,392
slektning,392
seriemorder,392
kombinasjon,392
action,392
fortapte,392
matcher,391
småpenger,391
rister,391
brått,391
dempe,391
pell,391
tennis,391
tilsto,391
dusje,391
Danielle,391
punktum,391
produsere,391
fornøyde,391
fornærmelse,391
gjenstander,391
knekt,391
diskuterte,391
datt,391
telefonnummer,391
jury,391
etternavnet,390
tåpelige,390
lave,390
Bryan,390
betjenten,390
omsorg,390
splitter,390
chips,390
danner,390
omme,390
feller,390
kurven,390
je,390
uforskammet,390
Riggs,390
jobbene,390
rosen,390
hjemløs,389
Rayburn,389
vognene,389
styres,389
jazz,389
stamme,389
spyttet,389
roret,389
fiendene,389
Anakin,389
ødeleggelse,389
smeltet,388
praksis,388
ska,388
lykkeligere,388
sun,388
e-posten,388
fridde,388
tøv,388
sladder,388
produkt,388
Belle,388
Thailand,388
gult,388
føderasjonen,388
Tower,388
nøt,388
nam,388
stallen,388
so,388
håndleddet,388
Emil,388
angst,387
forhøre,387
Rip,387
republikken,387
revolver,387
ingeniør,387
Marnie,387
tå,387
troverdig,387
saksøker,387
Royal,387
farfar,386
Fletcher,386
strømmer,386
samtykke,386
Lizzie,386
dumper,386
dukken,386
smelte,386
Tuvok,386
oppgaver,386
innbiller,386
klientene,386
vakrere,386
Stiles,386
slurk,385
edel,385
innstilt,385
halleluja,385
ulikt,385
Pakistan,385
kveget,385
skinne,385
kontrollert,385
Allan,385
aleine,385
hensikter,385
kompiser,385
spøkte,385
tidene,385
tretten,385
stråling,385
fartøy,384
distrahert,384
belte,384
høringen,384
deprimerende,384
smertefullt,384
tilkalle,384
troende,384
blodtrykket,384
tepper,384
kloke,384
helgene,383
kjemi,383
varmer,383
pissprat,383
logg,383
skjønnheten,383
Pope,383
korset,383
Raj,383
thanksgiving,383
universitet,383
pågripe,383
galskapen,383
tilstår,383
Arrow,383
kvelder,383
utviklingen,383
fødselsdagen,383
samma,383
Chandler,383
mur,383
Vernon,383
tyggegummi,382
Hart,382
reservert,382
Lorraine,382
skytteren,382
forsprang,382
ødelegges,382
kyllingen,382
hor,382
avventer,382
religiøse,382
skygget,382
brekke,382
unike,382
anse,382
puttet,382
opprøret,382
Jasså,382
giv,382
sigar,382
dypeste,382
treg,382
avskjed,381
pekte,381
daglige,381
tanten,381
mama,381
Lorenzo,381
pønsker,381
utsetter,381
karma,381
Amelia,381
overlegen,381
Beck,381
godkjenne,381
romantiske,381
svekket,381
koke,381
overveldende,381
personell,381
tatoveringen,380
Vega,380
blødde,380
Wesley,380
kat,380
gruppa,380
voldelige,380
Atlantic,380
Cisco,380
overbeviste,380
kondom,380
frigjøre,380
minnes,380
link,380
avstanden,380
smuglet,380
niesen,380
typene,379
respektert,379
betingelser,379
utgifter,379
vesenet,379
tråd,379
suspendert,379
Gates,379
aye,379
vrak,379
overføring,379
Winston,379
Cobb,379
trangt,378
digre,378
samtalene,378
naturens,378
Paula,378
taktikk,378
væske,378
møkka,378
Helene,378
utenlands,378
Hong,378
Midtøsten,378
ladet,378
Morpheus,378
endelige,378
betingelse,377
trekkes,377
Buzz,377
brutal,377
lader,377
kanon,377
guide,377
that,377
evakuere,377
pleie,377
balansen,377
torget,377
skinnende,376
Meyer,376
symptomer,376
klippen,376
varslet,376
drepes,376
boms,376
wesen,376
torden,376
pirater,376
tømt,376
betydelig,376
McClane,376
betjenter,376
glo,376
terroristene,376
konvolutten,376
Vargas,375
såpass,375
arbeiderne,375
verdien,375
match,375
priser,375
pule,375
martini,375
Artie,375
basseng,375
fravær,375
fårjeg,375
lød,375
verksted,375
kuken,375
uklart,374
råtten,374
MacGyver,374
bisk,374
skulder,374
feiret,374
ankelen,374
epler,374
psykiatrisk,374
Dutch,374
fotspor,374
vansker,374
Maximus,374
neger,374
Mads,374
saktere,374
offerets,374
teknikk,374
Gracie,373
Utah,373
lagret,373
Cabe,373
sladre,373
kalkun,373
W,373
alias,373
løpende,373
tilintetgjøre,373
Darryl,373
storhet,373
senteret,373
lina,373
Juliet,373
barnas,373
America,373
verandaen,372
forsøket,372
utgangspunktet,372
oppstår,372
skrivebord,372
mase,372
kjærlighetens,372
sirkelen,372
overføre,372
prioritet,372
ranger,372
feilgrep,372
Courtney,372
langer,372
Ernie,371
bevegelsen,371
aksjene,371
Jørgen,371
inkluderer,371
verdiløs,371
iskaldt,371
tannlegen,371
utsøkt,371
ubåt,371
tøffere,371
skryte,371
jula,371
bly,371
avviser,371
Jace,371
holdningen,371
avvise,370
Matthews,370
putt,370
bartender,370
tilbakestående,370
granat,370
Susie,370
fremtidige,370
falls,370
knop,370
superhelt,370
potensial,370
Manuel,370
vandret,370
Suzanne,370
taktisk,370
jegere,370
tvillingene,370
Matrix,370
forstand,370
dal,369
kjemisk,369
eksakt,369
rammer,369
frikjent,369
satellitt,369
forfølge,369
erobre,369
ungdommen,369
forkjølet,369
fisket,369
motstander,369
praten,369
fabrikk,369
stryke,369
oppfylle,369
nĺ,368
produsent,368
Lara,368
Pedro,368
Vito,368
skinke,368
terror,368
massa,368
fullmakt,368
minuttene,368
hengende,368
bom,368
Edmund,368
ingensteds,368
symptomene,368
Michaels,368
lederne,368
Sanchez,368
investering,368
opplæring,368
allmektige,368
McQueen,368
lekse,367
Mandy,367
farget,367
ulvene,367
overvinne,367
kavaleriet,367
atter,367
stigen,367
maling,367
hoffet,367
Montgomery,367
Mordor,367
permisjon,367
kompisene,367
gravide,367
utfordringen,367
sikrer,366
politisjef,366
skuffelse,366
force,366
privatlivet,366
invasjonen,366
mas,366
Martinez,366
Mercedes,366
with,366
fjorten,366
fÃ,366
passasjerene,366
Poe,365
oppkalt,365
beskrivelse,365
overs,365
warp,365
bestikke,365
hjernerystelse,365
nytelse,365
opptrer,365
Lund,365
vedkommende,364
Patrik,364
mistenksom,364
bakerst,364
Adele,364
brems,364
hellighet,364
pek,364
chief,364
Rufus,364
forseglet,364
tilbrakt,364
springer,364
trass,364
steroider,364
ORIGINALSERIE,364
gardinene,364
syner,364
ledetråd,364
myte,364
verker,364
romvesen,363
vitenskapsmann,363
flyte,363
medlidenhet,363
leiemorder,363
union,363
elskerinne,363
spørs,363
mordene,363
regnskap,363
fil,363
Dominion,363
Joda,363
studioet,363
lan,362
skapningen,362
Margo,362
roet,362
fjes,362
lenket,362
vanskeligheter,362
fraktet,362
gjesten,362
forstanden,362
Bronx,362
gledelig,362
konene,362
manipulere,362
sæd,362
tempo,361
Roosevelt,361
Amber,361
jødiske,361
bridge,361
lovbrudd,361
spade,361
Johns,361
runden,361
dritings,361
roboter,361
Isabelle,361
ess,361
senatoren,361
Lilly,361
blokkert,361
ansetter,361
maleriene,361
fristende,361
barnets,361
vie,361
spredd,361
Dre,361
villa,360
single,360
Anita,360
lua,360
spesialist,360
kanter,360
idiotiske,360
kupp,360
Franks,359
opptreden,359
Patty,359
flammene,359
kjøretøyet,359
rikeste,359
roll,359
ss,359
takt,359
flamme,359
russere,359
vokte,359
Cersei,359
oppfyllelse,359
hvisker,359
Ace,359
kulden,359
dristig,359
detjeg,359
bitte,359
Mario,359
Santos,359
påstå,358
åttende,358
Nigel,358
lønnen,358
fengsler,358
nettverket,358
gjennomgått,358
stakkaren,358
ensomhet,358
flekk,358
utgangen,358
krutt,358
informant,358
bølge,358
tannlege,358
Dominic,358
båret,358
journalen,358
fødsel,358
Jaime,357
ferske,357
snarest,357
våge,357
diskret,357
Trish,357
farens,357
kidnappe,357
råtner,357
førerkortet,357
Stanford,357
diskré,357
kaliber,357
ambassadøren,357
utbrudd,357
overgrep,357
logikk,357
Iiker,357
uheldigvis,357
golden,357
misfoster,357
oversette,357
forvirring,357
bryllupsreise,357
Stillehavet,357
gjensidig,357
Fischer,356
haken,356
strike,356
duften,356
Camille,356
redusert,356
Dex,356
reddes,356
armé,356
bryllupsreisen,356
sjøs,356
illusjon,356
trivelig,356
kreditt,356
Ezra,356
Garrett,356
samlingen,356
kjøretur,355
Cass,355
titan,355
Joyce,355
lekkert,355
forventninger,355
Nat,355
hot,355
selvsikker,355
låte,355
Louisiana,355
prostituerte,355
peisen,355
forfalsket,355
demp,355
Violet,355
brytes,355
møtene,355
sverge,355
Dolores,354
opplegg,354
bestill,354
flyttes,354
Joffrey,354
mykt,354
klikk,354
McCoy,354
Hastings,354
friskt,354
latterlige,354
ungdommene,354
undertegnet,354
Leif,354
avslått,354
styrter,354
grann,354
høyest,353
lærerne,353
trå,353
Mallory,353
taushet,353
tilkalt,353
agn,353
formannen,353
slavene,353
torturere,353
Casper,353
formet,353
historiens,353
smugle,353
ølet,353
Maurice,353
teknikerne,352
innbyggerne,352
meters,352
drives,352
engelen,352
arme,352
bibliotek,352
ynkelige,352
formelen,352
unnslapp,352
sendingen,352
frelser,352
gavene,352
øks,352
bestevenn,352
Zero,352
intakt,352
nag,352
Hermine,351
handa,351
portalen,351
linja,351
iskald,351
hjulet,351
nasjonens,351
plata,351
kua,351
Butch,351
yoga,351
studier,351
ranch,351
spøkelset,351
pusset,351
suite,351
Peterson,351
erstatter,350
Erin,350
ambisjoner,350
armbåndet,350
hengivenhet,350
pip,350
sjenerøs,350
juridiske,350
tøys,350
krasjer,350
Sovjetunionen,350
Janeway,350
rettssalen,350
støvet,350
kampanjen,350
enna,349
forlik,349
benekter,349
pute,349
danne,349
rustning,349
signerte,349
vett,349
Moon,349
Vatikanet,349
garanti,349
Carmen,349
Fitz,348
Peters,348
borgen,348
bråker,348
Beethoven,348
avlyttet,348
forhandlingene,348
villmarken,348
reker,348
prosess,348
plater,348
overtaket,348
støter,348
integritet,348
McFly,348
overtok,348
Birgitte,348
Lisbeth,347
generatoren,347
hendelsene,347
organer,347
Herman,347
Thor,347
niggere,347
kritikk,347
målene,347
bortreist,347
muntre,347
balkongen,347
Tiffany,347
utrydde,347
ytterst,347
sykepleieren,347
musa,347
Creed,347
center,347
godtatt,347
teorier,347
massasje,347
skuffen,346
Levi,346
seilte,346
innsett,346
Clive,346
Sylvester,346
realistisk,346
R2,346
Langley,346
avhørt,346
aktiviteter,346
hagle,346
japanerne,346
produksjonen,345
Buster,345
Vinnie,345
utfordret,345
platene,345
Annalise,345
Kathy,345
blokkerer,345
Bianca,345
drittprat,345
Ulrik,345
kammeret,345
bæsj,345
spores,345
UnnskyId,345
spionere,345
Scylla,345
Ana,345
sivil,345
ai,345
Lucky,345
Haley,345
forhandlinger,345
smertene,344
Ava,344
dronningens,344
telefonnummeret,344
avtalte,344
nødstilfelle,344
sykler,344
tråder,344
vaktmesteren,344
Josef,344
stoppes,344
korrupsjon,344
våpenhvile,344
blonde,344
lab,344
blødningen,344
Lex,344
pop,344
senderen,344
Niklas,344
surfe,344
mĺ,344
manerer,343
influensa,343
innenfra,343
sonet,343
intenst,343
menneskehetens,343
smarteste,343
krok,343
GPS,343
venns,343
koordinater,343
drittunge,343
steike,343
dora,343
medskyldig,343
tiende,343
uvanlige,343
Mikael,343
kraftige,342
livvakt,342
måneders,342
engstelig,342
merk,342
bourbon,342
infeksjon,342
uakseptabelt,342
hissig,342
profesjonelt,342
Rich,342
innestengt,342
oljen,342
kline,342
Panama,342
fornærmer,342
Ida,342
kollegene,342
please,342
udødelige,342
knapper,341
herifra,341
blink,341
unikt,341
Clayton,341
underlige,341
Shelby,341
burger,341
fremgang,341
tilfredsstille,341
ubetydelig,340
infisert,340
foretar,340
Neelix,340
bier,340
unnskyldningen,340
Empire,340
sosialt,340
helbrede,340
Linus,340
kjipt,340
analysere,340
byene,340
dyrker,340
farmor,340
jukser,340
khanen,340
trapp,340
Allie,340
undersøkelser,340
synlig,340
puss,340
Elijah,340
redsel,339
representere,339
grovt,339
solskinn,339
dekkene,339
kjempegod,339
hanskene,339
veddet,339
Drew,339
kaniner,339
benytte,339
Buffalo,339
rapportert,339
suppen,339
gudfaren,339
troppen,339
røykte,339
fysikk,339
atombombe,339
brutale,339
nedlatende,339
turneringen,339
horisonten,339
irske,338
virkning,338
returnerer,338
kjendis,338
google,338
irrelevant,338
sammenligne,338
Boo,338
kr,338
Bridget,338
Rosalee,338
butikker,338
celler,338
Lew,338
inngang,338
greid,338
temaet,338
fallet,338
rifle,338
englene,338
amatør,337
svakere,337
bunns,337
Tennessee,337
Jonny,337
kommentere,337
avviste,337
forlatelse,337
frekke,337
kreativ,337
ypperlig,337
formelt,337
støy,337
forrædere,337
Johannes,337
notatene,337
vern,337
samtlige,337
tiltak,337
rømmen,337
okse,337
ryggsekken,337
rullet,337
Stevie,337
tåke,337
bake,337
tanks,337
redusere,336
allianse,336
gjenkjente,336
Dawson,336
selskaper,336
ukes,336
Mount,336
Briggs,336
lukta,336
påfunn,336
Capitol,336
stilles,336
Pittsburgh,336
identiteten,336
fella,336
bøyer,336
amigo,336
bedrager,336
kaninen,336
tempel,336
modellen,336
night,336
Val,336
Saint,336
innstilling,335
beleilig,335
flukten,335
tystet,335
marked,335
begeret,335
haugen,335
overhode,335
kinnet,335
Chapo,335
baki,335
Darren,335
Monte,335
Virgil,335
bon,335
Gavin,334
skikk,334
tilkaller,334
Luca,334
marsjerer,334
Holland,334
flue,334
forholde,334
narkoman,334
ør,334
figur,334
hornet,334
kryr,334
næring,334
frakter,334
regningene,334
online,334
kanoner,334
sete,334
arrest,334
besvare,334
Lillian,334
eskorte,334
ubrukelige,334
årsaker,334
genser,334
Eagle,334
overså,334
game,334
slu,333
Lola,333
idè,333
kost,333
rikets,333
Canyon,333
Laurie,332
Sloan,332
benekte,332
førti,332
Asia,332
adoptere,332
sjalusi,332
arrestordre,332
høst,332
tykke,332
hever,332
Sabrina,332
maur,332
krigens,332
feiginger,332
klappe,331
sjømann,331
bladene,331
Anja,331
oppsøke,331
kriminelt,331
fargede,331
Isak,331
Wanda,331
torturerte,331
nål,331
kongerike,331
hjelpeløs,331
Stjerneflåten,331
skåler,331
valgene,331
bandt,331
tøyser,330
as,330
tallerken,330
Case,330
niese,330
annenhver,330
Milton,330
nedre,330
tempelet,330
forhør,330
sløse,330
fi,330
programmert,330
Carolyn,330
stråle,330
Mountain,330
turer,330
Jody,330
handlingen,330
à,329
produktet,329
likegyldig,329
slukke,329
aids,329
omtenksomt,329
Harley,329
Iran,329
invasjon,329
babe,329
piknik,329
stakkar,329
dritbra,329
kelner,329
Aragorn,329
rettferdigheten,329
hjort,329
sladret,329
hval,328
tegning,328
rørene,328
pustet,328
Lip,328
ryggraden,328
anonymt,328
emne,328
Remy,328
Preston,328
husets,328
svikt,328
Indiana,328
røpe,327
Sauron,327
oppstyr,327
pumpe,327
smeller,327
hevdet,327
presentert,327
presenterte,327
sperre,327
hilset,327
størst,327
militært,327
hast,327
jukset,327
original,327
stave,327
protesterer,326
innsikt,326
Mae,326
Everett,326
pâ,326
Nucky,326
lengste,326
lekket,326
hu,326
Ahmed,326
Shannon,326
barmhjertighet,326
neimen,326
Truman,326
på'n,326
gigantisk,326
barnehjem,326
jordbær,326
Lommelun,326
spesifikt,326
uviktig,326
skyssen,326
bader,326
avanserte,326
forby,326
Cage,326
filosofi,325
prinsipper,325
operert,325
signatur,325
uskyld,325
oddsene,325
regninger,325
barndom,325
redning,325
Frans,325
gror,325
Jøye,325
hammeren,325
undersøk,325
vogner,325
banditter,325
D'Artagnan,325
Nassau,325
party,325
stripper,325
spionerer,325
avlyser,325
Costa,325
musiker,325
Astrid,324
kjempegodt,324
styrkene,324
terrorisme,324
skramme,324
kvartalet,324
blunk,324
alternativet,324
mais,324
Brewster,324
akutt,324
Shawn,324
line,324
spesialitet,324
farligere,324
Carole,324
slit,324
renser,324
helvetet,324
kinoen,324
klippene,323
velkomst,323
valgkampen,323
blader,323
uansvarlig,323
verdiløse,323
babler,323
slitsom,323
Gabe,323
universets,323
settet,323
viten,323
United,323
vinn,323
allting,323
korrupte,323
sengetid,323
skrudde,323
forene,323
merkene,323
øvd,322
ror,322
Luis,322
ølen,322
åndedrag,322
Curly,322
miner,322
reaktoren,322
Durant,322
batteri,322
bakdøra,322
tavlen,322
balla,322
pakt,322
frigjør,322
klarere,322
hilst,322
fornavn,322
underrettet,321
Emmett,321
Tucker,321
Plaza,321
anbefalte,321
romskipet,321
elendighet,321
restauranter,321
hacker,321
anses,321
light,321
mensen,321
justisdepartementet,321
vagina,321
såvidt,321
egenskaper,321
ignorerer,321
reklamen,321
ferdes,321
frø,321
utstyrt,320
angret,320
bankene,320
Barrow,320
oppmuntre,320
håndfull,320
hjertelig,320
greske,320
instrukser,320
Oklahoma,320
Betsy,320
flight,320
make,320
Prince,320
edderkopp,320
evigheten,320
leveres,320
funksjon,320
påminnelse,320
forvaring,320
Stannis,320
hallik,319
interessen,319
knulla,319
umiddelbar,319
inspirerende,319
to-tre,319
eksperimentet,319
hacke,319
dagboken,319
fair,319
steget,319
sedler,319
utnevnt,319
indisk,319
rutine,319
Odin,319
Lizzy,319
laken,319
sårbare,319
tolererer,319
aksenten,319
besta,319
smugler,319
arret,319
tegninger,319
passert,319
instinkt,319
dammen,318
mose,318
barnehagen,318
spilles,318
Rolf,318
Yorks,318
hurpa,318
Mmm,318
kardinal,318
vit,318
kjeven,318
sherry,318
juks,318
grådig,318
Jupiter,318
Caesar,318
krigsrett,317
kopper,317
eliminere,317
skuddene,317
taus,317
berører,317
oppløsning,317
oppfunnet,317
livsstil,317
spytte,317
avslutning,317
spøke,317
eventyret,317
utløst,317
marsjere,317
Lionel,317
gruven,317
Daphne,316
innendørs,316
Nadia,316
fersking,316
Clinton,316
krisen,316
Bennet,316
personene,316
syd,316
glir,316
blomsten,316
hakk,316
sauer,316
overveldet,316
assistanse,316
intelligente,316
diamant,316
tegningen,316
notert,316
varebil,316
firmaets,316
slukket,316
føres,316
hue,316
Obi-Wan,316
grove,316
katolikk,316
bestemors,316
finns,315
departementet,315
karate,315
bølgen,315
Daryl,315
Titus,315
falne,315
Varg,315
intens,315
pirat,315
kvittering,315
Olive,315
tårene,315
antrekk,315
sykebil,315
fjernes,315
slukk,315
Olaf,315
stramme,315
systemene,315
veltet,315
erklære,315
trusene,315
sjuk,314
krem,314
vettskremt,314
klokkene,314
offisiell,314
skyv,314
Simmons,314
good,314
Hongkong,314
fylles,314
Earp,314
roen,314
Sugar,314
russer,314
Weaver,314
eksellense,314
distriktet,314
Wright,314
kappen,314
kjøpesenteret,314
Maddy,314
II,314
are,314
aktive,314
Keller,314
liknende,314
svett,314
immunitet,313
Memphis,313
simpel,313
Laden,313
innsatt,313
utrette,313
mødrene,313
Loke,313
skjerpe,313
Orson,313
Petra,313
beredt,313
østkysten,313
Murph,313
motivet,313
syre,312
veIdig,312
nysgjerrighet,312
halvdel,312
sperr,312
menneskenes,312
betalingen,312
mannlige,312
arbeidsløs,312
dagevis,312
Patterson,312
bevæpnede,312
våg,312
godkjente,312
Bolton,312
formålet,312
your,311
atomvåpen,311
Yale,311
hevnen,311
attraktiv,311
plast,311
utenat,311
havets,311
gjerninger,311
guddommelig,311
tabbet,311
vrir,311
Carlo,311
hvorvidt,311
sjelene,311
stemt,311
Torres,311
Serena,311
Rusty,311
Ollie,311
eid,311
tygge,311
tilknytning,311
slakteren,311
flaggermus,311
kastes,311
fryseren,310
aIItid,310
lokalt,310
Maine,310
historiske,310
sIik,310
design,310
Harlem,310
observert,310
litteratur,310
sørstatene,310
søppelet,310
offiserene,310
tidsspørsmål,310
tilfeldige,310
kollegaen,310
Richmond,310
fortida,310
spiker,310
studiene,310
krenket,310
pressekonferansen,309
beregnet,309
lekt,309
gjenopprette,309
avhengige,309
hade,309
ideene,309
Jacks,309
amerikaneren,309
Alicia,309
bekjent,309
trekant,309
koffertene,309
biologisk,309
eksistere,309
bass,309
Cadillac,309
Bryce,309
safe,308
blekk,308
Gaius,308
sjø,308
pusser,308
noengang,308
spillerne,308
forhindret,308
nedfor,308
Oskar,308
hjerner,308
Rocco,308
bag,308
Shorty,308
Cruz,308
Tammy,308
Timmy,308
audition,308
Brennan,308
arter,308
beruset,308
lysets,308
stadium,308
Slade,308
hølet,308
behøvde,308
Clint,307
lade,307
kaoset,307
Pauline,307
Kentucky,307
alliansen,307
løftene,307
versjonen,307
kjemiske,307
University,307
sivilisasjon,307
henhold,307
Carolina,307
dverger,307
tobakk,307
Perkins,307
Ira,307
misfornøyd,307
skjørt,307
dømmekraft,307
rullebladet,307
grådighet,307
overfører,307
hjertene,307
profilen,307
Raven,306
Korea,306
Delaney,306
tiltalen,306
stunder,306
krek,306
Gandalf,306
Elisabeth,306
mønsteret,306
Phoebe,306
misforstår,306
Hyde,306
livlig,306
sønnens,306
Oregon,306
overmorgen,306
gjengjelde,306
Roberto,306
rifla,306
polo,306
dødes,306
arresten,306
foto,306
pårørende,306
hælene,306
sirkuset,306
hellet,306
lengtet,305
KGB,305
Maddie,305
konfrontere,305
Reuben,305
kameratene,305
kurset,305
giftige,305
silke,305
bolle,305
Corinne,305
anonyme,305
Bedford,305
Ramon,305
chip,305
kjeltring,305
ve,305
reserve,305
Saddam,305
lekkasje,304
firmaer,304
fattigdom,304
kompaniet,304
Minnesota,304
sentimental,304
Eddy,304
lime,304
stokk,304
Gregory,304
Bran,304
trofaste,304
Einar,304
åndene,304
five,304
forgifte,304
depresjon,304
kassene,304
bakt,304
pungen,304
top,304
verten,304
mildt,304
inderlig,304
amatører,304
romservice,303
Stacy,303
patetiske,303
stemning,303
Marla,303
utløser,303
flykt,303
Dante,303
sting,303
nonne,303
Salem,303
statens,303
bedrift,303
topper,303
hurtig,303
isolat,303
Great,303
Libby,302
anmodning,302
gjensyn,302
haper,302
studentene,302
slenger,302
Cape,302
uendelige,302
sivilisasjonen,302
kondomer,302
øyene,302
Dee,302
tilfredsstillende,302
Kowalski,302
minutters,302
henges,302
monstrene,302
Roland,302
Diaz,302
tildelt,302
fancy,302
tispa,302
slitne,302
avbrøt,301
salongen,301
Abel,301
fergen,301
dollars,301
Katniss,301
fete,301
ydmykende,301
Ivar,301
utenlandsk,301
Sparrow,301
Askepott,301
Camilla,301
svever,301
leges,301
opplært,301
Burton,301
klargjør,301
romerske,301
stormer,301
Greene,300
radar,300
stelle,300
Zodiac,300
krevende,300
spydde,300
svakheter,300
kommunen,300
røyking,300
feilene,300
skrikende,300
høl,300
bøtte,300
bakveien,300
bevoktet,300
poser,300
kjempegøy,300
senger,300
sofa,300
alminnelig,300
synsk,299
power,299
velkomne,299
retur,299
verket,299
fortelling,299
aspirin,299
setning,299
aktoratet,299
Aha,299
observere,299
koder,299
Nixon,299
bidrar,299
Theresa,299
Sanders,299
sørlige,299
Dodge,299
planeter,299
pá,299
Prue,299
svek,299
hjulene,299
regjeringens,299
Meredith,299
gryn,299
spreng,299
Winterfell,299
Homeland,299
dét,299
konkret,299
bleier,299
Churchill,298
I'm,298
egnet,298
kyr,298
Casanova,298
tryglet,298
grillet,298
plikten,298
Gil,298
gretten,298
uoffisielt,298
signe,298
gudenes,298
forvandles,298
originale,298
gjennomgår,298
Sméagol,298
ridd,298
Flash,298
kanonen,298
subtitles,298
gold,298
tidevannet,298
forpliktelser,298
tilintetgjort,298
kista,298
usedvanlig,298
uhyret,298
bue,298
Cyrus,298
årlige,298
håndklær,298
køddet,297
budsjettet,297
am,297
Dixon,297
pausen,297
funn,297
dømmes,297
innvendig,297
skala,297
foreldreløs,297
kveler,297
tilstede,297
stum,297
avgi,297
Sør-Amerika,297
kapselen,297
forste,297
Hitlers,297
støte,297
beløp,297
pot,297
ecstasy,297
fish,297
papi,297
fallskjerm,297
middel,296
avvik,296
urett,296
Kari,296
pille,296
underholde,296
Fowler,296
ydmyk,296
øk,296
rabatt,296
demonstrasjon,296
stadion,296
Alvin,296
taliban,296
lands,296
Chakotay,296
Arnie,296
á,296
basketball,296
dokumentet,296
pervers,296
bunker,296
frekvens,296
ekskona,296
borgerkrigen,296
morgendagen,296
Coop,295
munk,295
romerne,295
plyndret,295
Oxford,295
Jenkins,295
mannlig,295
Kasper,295
uhyggelig,295
parkeringsplass,295
meddele,295
smøre,295
undertøyet,295
kravene,295
kveles,295
overraskelsen,295
opprinnelig,295
paragraf,295
jarl,295
produsert,295
bønnene,295
biten,295
forsinkelsen,295
homofile,295
tyngre,295
Wu,295
Brandt,295
nivået,295
førstemann,294
diagnose,294
dett,294
elskere,294
Burrows,294
fortrolig,294
journal,294
Klein,294
Stanton,294
kjær,294
tang,294
engasjement,294
verne,294
sivilisert,294
etasjen,294
styringen,294
kansler,294
urolige,294
Vaughn,294
drinkene,294
sløser,294
sirkler,294
overser,294
makter,294
menns,293
avvent,293
Ox,293
katta,293
golvet,293
patriot,293
uavgjort,293
Ove,293
frustrert,293
økte,293
splitte,293
kuer,293
distrahere,293
tåken,293
organisere,293
kloakken,293
Chow,293
gjör,293
trone,293
øverstkommanderende,292
cookie,292
flørter,292
Aurora,292
passasjer,292
Sonia,292
bemerkelsesverdig,292
lovene,292
mesterverk,292
bakdøren,292
can,292
fordra,292
laboratorium,292
talenter,292
dommerne,292
stikken,292
forfremmelse,292
vaner,291
forlover,291
romersk,291
summen,291
henrette,291
erobret,291
tunnelene,291
skrot,291
piler,291
camp,291
veiledning,291
sk,291
kalenderen,291
høring,291
letingen,291
beskyttes,291
Asort,291
ad,291
kirkens,291
Neville,291
down,291
t-skjorte,291
stem,290
moralen,290
klikket,290
servitør,290
sperrer,290
shilling,290
kunngjøring,290
klø,290
kommuniserer,290
jedi,290
spesifikk,290
blodtrykk,290
mild,290
databasen,290
søm,290
sensorene,290
observasjon,290
svømte,290
ringene,289
diabetes,289
forakt,289
gjerde,289
røtter,289
siterer,289
biskopen,289
alliert,289
Brooke,289
irritere,289
bakhodet,289
barberer,289
bedriften,289
manuelt,289
Moe,289
Celia,288
seksten,288
kobling,288
skuldre,288
gardiner,288
kurert,288
lokalisert,288
imperium,288
Gondor,288
nøler,288
sprenges,288
syndet,288
imorgen,288
Napoleon,288
forhekset,288
Rory,288
åsene,288
Hobbs,288
Morten,288
sumpen,288
reparerer,288
ufarlig,288
Oet,288
megge,288
leksjon,288
frøs,287
undres,287
befant,287
Dent,287
enkleste,287
Conway,287
Bert,287
tragedien,287
bastard,287
vitenskapelige,287
kommunist,287
ytterste,287
stødig,287
forstyrrelser,287
Bird,287
batterier,287
løgnen,287
debatt,287
erfaren,287
vaktmester,287
lidenskapelig,287
kuleste,287
forfedrene,287
arrangerer,287
konvoien,287
fansen,287
Trinity,287
reaksjonen,287
angrepene,287
debatten,287
yard,287
kunstnere,286
Peggy,286
Marta,286
Norm,286
ATS,286
personale,286
berømmelse,286
grine,286
kasino,286
selvstendig,286
bomme,286
att,286
smuget,286
Aria,286
mademoiselle,286
stefaren,286
testamente,286
Grady,286
bestem,286
splittet,286
kapp,286
antakeligvis,286
utendørs,286
CTU,286
Honey,286
trygle,286
sølte,286
Marley,285
kjerne,285
oppsagt,285
slettes,285
ligne,285
løven,285
gjÃ,285
Madrid,285
univers,285
Four,285
motorer,285
kapret,285
nÃ,285
roller,285
kvitter,285
sinnssyke,285
Ienge,285
flekker,285
ammunisjonen,285
ferskt,285
vers,285
blunke,285
mig,285
frosk,285
romantikk,285
skanner,285
ekstrem,284
sjenerøst,284
forbauset,284
arenaen,284
klokker,284
skuff,284
indikerer,284
levering,284
omgående,284
avslo,284
byrden,284
henda,284
gjenkjenne,284
komfortabelt,284
satellitten,284
ljuger,284
divisjon,284
diamanten,284
spretter,284
gærningen,284
lue,284
lomme,284
fløte,284
Horton,284
vond,284
strek,284
evakuering,283
feiltakelse,283
Farrell,283
henrettelse,283
turné,283
godkjenner,283
helsen,283
prisene,283
hotellrom,283
Lopez,283
mina,283
rukket,283
innesperret,283
hoftene,283
løsepenger,283
foruten,283
Gygrid,283
tømte,283
røper,283
blåmerker,283
tigge,283
marerittet,283
interessere,283
arabisk,283
bakrommet,283
ravn,282
gjørjeg,282
løytnanten,282
Wild,282
møblene,282
Schmidt,282
melken,282
fristet,282
innviklet,282
Sayid,282
Javier,282
piloter,282
tøy,282
gis,282
klovnen,282
Simone,282
plaster,282
Lucius,282
besettelse,282
utdanning,282
FBIs,282
døm,282
rødvin,282
konjakk,281
utkanten,281
heksen,281
Vivian,281
bygges,281
teoretisk,281
oppholde,281
råttent,281
kjøpes,281
nestkommanderende,281
terapeut,281
spredte,281
utroskap,281
numrene,281
tvinges,281
malerier,281
Po,281
Paradise,281
klassiker,281
arve,281
lidelser,281
dig,281
slaveri,280
ne,280
jet,280
stråler,280
bøndene,280
bilnøklene,280
Christy,280
Hendricks,280
ræv,280
panseret,280
Marge,280
Cotton,280
cruise,280
truser,280
Reagan,280
kystvakten,280
låta,280
drapsmenn,280
tidlige,280
fungert,280
Johanna,280
premien,280
overtatt,280
timeplanen,280
fordelen,280
morderne,280
pianoet,280
moret,279
Lexi,279
oppsøkte,279
lykkeligste,279
ryttere,279
stokken,279
granater,279
stillheten,279
signerer,279
interesserte,279
Frida,279
insekt,279
utenbys,279
apene,279
Maxine,279
dummet,279
sammenhengen,279
forespørsel,279
YouTube,279
kjaere,279
fortjene,278
ros,278
mager,278
arken,278
nasjoner,278
eksplosiver,278
sletter,278
hummer,278
beløpet,278
prinsippet,278
regjere,278
suiten,278
følsomme,278
forutså,278
Fanny,278
Josie,278
journalisten,278
Georges,278
Gustav,278
fangenskap,278
roboten,278
gitaren,278
egoistiske,278
sandwich,278
peneste,278
regnskapet,278
Iowa,278
vitnene,278
way,277
voktere,277
kostyme,277
redaktør,277
this,277
surfer,277
Margot,277
tilhengere,277
begrense,277
paradiset,277
autorisert,277
skipets,277
kjennskap,277
forsvunne,277
tempoet,277
front,277
kabelen,277
pels,277
betydd,277
Troja,277
eksperimenter,277
Camelot,277
stryk,277
luksus,276
avfyre,276
death,276
beordre,276
vitnemål,276
atten,276
Valerie,276
episoder,276
justisministeren,276
Ferrari,276
moralske,276
rykke,276
life,276
sektoren,276
Scarlett,276
forestiller,276
høflighet,276
forføre,275
flyvende,275
meldingene,275
kreften,275
Foley,275
romkameraten,275
utløse,275
Nolan,275
rubin,275
Gallagher,275
snacks,275
Marius,275
stabilt,275
eiendommer,275
Rod,275
nøle,275
Cherry,275
ruta,275
Werner,275
forpliktet,275
dam,275
kyst,275
motstanderen,275
gjemmested,275
avskyelige,275
tiltro,275
Wendell,275
batteriene,275
whiskyen,274
utslett,274
operaen,274
tråkke,274
involvere,274
knel,274
Clarence,274
østers,274
investert,274
alv,274
finansiere,274
produkter,274
bønnfaller,274
leppestift,274
rikelig,274
psykologisk,274
kjekt,274
Dunbar,274
formel,274
skyteren,274
lillesøster,274
prosedyre,274
langsom,274
vonde,274
moder,274
forbilde,274
rasistisk,274
due,274
morfar,274
Palace,274
Tanner,274
bolt,274
søknaden,274
avledning,274
Jamaica,274
tyde,274
spedbarn,274
Helmer,274
Theodore,273
Columbia,273
peanøttsmør,273
Ethel,273
småbiter,273
rikere,273
Damon,273
Jennings,273
hullene,273
arrangerte,273
meksikanske,273
uvenner,273
Hanne,273
sushi,273
etablere,273
klin,273
premie,273
marine,273
respons,273
konsentrerer,272
eventuelle,272
е,272
knær,272
sitat,272
kokt,272
kvittet,272
konferanse,272
diskusjonen,272
sjefer,272
utbringe,272
puler,272
murer,272
eksemplar,272
vinnere,272
Bagdad,272
objekt,272
psykologi,272
talentet,272
klørne,272
originalen,272
Lennox,272
legeme,272
sammenbrudd,272
Newton,272
mekaniker,272
vilkårene,272
inneholdt,272
barten,272
joker,272
torpedo,272
oppskriften,272
fullfører,272
testene,272
utålmodig,272
kollapset,272
USS,272
statene,272
Roms,271
urimelig,271
flyktninger,271
fantasier,271
tøffen,271
galleriet,271
harddisken,271
bensinstasjon,271
klosteret,271
tll,271
turist,271
seremoni,271
demonene,271
Wagner,271
Tomas,271
rettmessige,271
staven,271
medium,271
dødsårsaken,271
Cheryl,271
radius,271
dømte,271
Myers,271
forelske,271
overga,271
innvollene,271
barnevakten,271
diagnosen,271
samurai,271
Jakob,271
Shanghai,271
dyrket,271
ulik,271
Tobias,271
slikker,271
engelskmann,271
kampanje,271
purker,271
Custer,271
inntekt,270
Marcy,270
opera,270
tåta,270
nerver,270
Sunny,270
Newman,270
kretser,270
José,270
call,270
off,270
åpenbaring,270
fungerende,270
pretty,270
skyer,270
Dino,270
kallenavn,270
BekIager,270
Jin,270
Illinois,270
Sparta,269
steke,269
tyve,269
fattet,269
festivalen,269
gro,269
masker,269
tilgjengelige,269
kjeftet,269
blodbad,269
il,269
skytes,269
skrape,269
opereres,269
eksisterte,269
psykotisk,269
Ziggy,269
Lynch,269
assisterende,269
Lecter,269
kjefte,269
job,269
Kes,269
jus,269
dusjer,268
veddemålet,268
orm,268
Ra's,268
Gandhi,268
hugget,268
søken,268
lblant,268
murstein,268
forventes,268
uekte,268
tigeren,268
anroper,268
chili,268
bestikkelser,268
bensinstasjonen,268
retninger,268
Torben,268
feiring,268
flå,268
know,268
utsolgt,268
Rasmus,268
bedritne,268
høyesterett,268
bataljon,268
Village,267
tredjedel,267
boksing,267
befolkning,267
Madeline,267
rytmen,267
tvilsomt,267
kjerra,267
gest,267
politistasjon,267
nytteløst,267
Tyrion,267
vandrende,267
dolken,267
overflate,267
grunnloven,267
brukne,267
stipend,267
Brow,267
verktøyet,267
Dickie,267
tigger,267
Mogens,267
rusten,267
Even,267
sprakk,266
DBRETAiL,266
topphemmelig,266
tåpe,266
DNA-et,266
Yusuf,266
visuell,266
sau,266
Early,266
skall,266
yrket,266
bølle,266
kjøter,266
måler,266
tatoveringer,266
unngikk,266
kukken,266
opptil,266
yankee,266
bekken,266
Town,266
Talbot,266
dommedag,266
fylla,266
rottene,266
tikk,265
pе,265
besto,265
pølsa,265
heite,265
oppskrift,265
populært,265
rapporterte,265
runke,265
families,265
tråkker,265
Cecilia,265
franskmenn,265
opprettet,265
Britta,265
spres,265
lagre,265
asyl,265
godtok,265
Marseille,265
oppklare,265
fullmåne,265
merra,265
Kings,265
ekstreme,265
bartenderen,264
inspeksjon,264
Ripper,264
apoteket,264
antibiotika,264
perler,264
Sibley,264
ukers,264
statsadvokat,264
relativt,264
krabbe,264
nærmet,264
bone,264
småting,264
muldyr,264
påfyll,264
akutten,264
Göran,264
fornuftige,264
ledetråder,264
skiltene,264
dykker,264
krøpling,264
fryd,264
parlamentet,264
inngått,264
PET,264
buskene,264
Napoli,264
Lucien,264
geniet,264
tegneserier,264
løses,264
slås,264
Ryder,264
resept,263
grisene,263
opprørere,263
fattern,263
invadere,263
Jacques,263
oppreist,263
bød,263
transporten,263
barnebarna,263
noter,263
vaksine,263
70-tallet,263
King's,263
ustraffet,263
gudinne,263
internasjonalt,263
Alden,263
jentas,263
Interpol,263
utstilling,263
ignorer,263
pinnen,263
Trek,263
offentligheten,262
Dorian,262
kjefter,262
betød,262
Bangkok,262
80-tallet,262
voks,262
volden,262
Østerrike,262
snålt,262
prosedyren,262
lommebok,262
trygler,262
Voldemort,262
gjenferd,262
apokalypsen,262
overreagerer,262
valuta,262
Wales,262
Caitlin,262
Abbie,262
skrives,262
hjeIpe,262
avslag,262
endt,262
ambisiøs,262
telefonsamtale,262
menneskers,262
svøm,262
mail,262
Angelo,262
frakk,262
genetiske,262
stappe,262
Adler,261
gjenskape,261
dypet,261
blinken,261
koppen,261
Security,261
martyr,261
områdene,261
maskinrommet,261
Springs,261
from,261
hansken,261
truende,261
handlingene,261
Fernando,261
server,261
sommerfugl,261
frustrerende,261
oppga,261
involverer,261
uvesentlig,261
bedømme,261
speed,261
Renard,261
barnevernet,261
ekskone,261
hvisket,261
hyre,261
lin,261
Linc,261
istedet,260
jevnt,260
pynte,260
kjemikalier,260
Judas,260
mørkeste,260
Barrett,260
tallerkenen,260
konferansen,260
frosset,260
pasta,260
tango,260
emnet,260
skjemaet,260
Trey,260
dykk,260
øvre,260
gubben,260
appetitt,260
eierne,260
feiI,260
maskingevær,260
Micky,260
frisyre,260
Venus,260
demonstrere,260
blodprøve,260
plag,260
bunkeren,260
helikoptre,260
sengene,259
Garcia,259
udugelig,259
gærninger,259
polsk,259
karakterene,259
sydd,259
peanøtter,259
låten,259
Wisconsin,259
Celeste,259
stelt,259
motgiften,259
hypotetisk,259
opplevelsen,259
Dead,259
undervurder,259
Athos,259
Reno,259
underskrift,259
katolsk,259
hjerteattakk,259
lidelsen,259
Chance,259
Bosch,259
Stifler,259
narko,259
masser,259
åt,259
barbert,259
muslim,258
Marthinsen,258
hallen,258
snuskete,258
Dalton,258
innblanding,258
Marcel,258
edelt,258
ekko,258
Bloom,258
gods,258
redet,258
skrap,258
hviske,258
kloden,258
haier,258
medlemmene,258
protestere,258
søl,258
Orlando,258
forutse,258
Liberty,258
nødssituasjon,258
angi,258
Erling,258
keiserens,258
harmløs,258
hoteller,258
end,257
Sybil,257
forsvinning,257
tegnene,257
Captain,257
Station,257
Turtle,257
tendens,257
besvimer,257
Crawley,257
mista,257
komedie,257
kjendiser,257
Connecticut,257
revurdere,257
Kirby,257
statue,257
skapningene,257
dataen,257
Schultz,257
flytur,257
undertegne,257
avfall,257
ulykkelige,257
dreide,257
bjørner,257
skuffende,257
skuddsikker,257
Billie,257
regissøren,256
gangstere,256
Robb,256
Carver,256
kjoler,256
bestå,256
sausen,256
parkerer,256
Roth,256
kjøleskap,256
kontrollrommet,256
orgasme,256
metoden,256
metafor,256
Brothers,256
usle,256
punkter,256
verve,256
Brooks,256
påkledd,256
Cliff,256
klarhet,256
millionær,256
hastigheten,256
pågått,256
foIk,256
Thorin,255
etterretningen,255
palass,255
Maureen,255
nedlagt,255
slakte,255
Jobs,255
oppnår,255
territoriet,255
konvolutt,255
produksjon,255
praktfullt,255
Tyrkia,255
utløste,255
Tyson,255
spesial,255
Locke,255
protokollen,255
morens,255
mappene,255
utgitt,255
ritualet,255
sanitet,255
Pippi,255
rund,255
innover,255
sprøyter,255
Obama,255
Georgie,255
Arya,254
rømling,254
likedan,254
enerom,254
ninja,254
fyrstikker,254
Beatrice,254
skjema,254
Dawn,254
oppvokst,254
Carly,254
tilstedeværelse,254
parkerte,254
oppsto,254
tragiske,254
sersjanten,254
dykke,254
barer,254
rekkefølge,254
roligere,254
Harbor,254
briljant,254
leting,254
rasshølet,254
overtro,254
pumper,254
Starfleet,254
simpelthen,254
engelskmenn,254
kjennelse,254
gransket,254
hamburger,254
gentlemen,254
feberen,254
menneskeliv,254
Hanson,254
ørken,254
bikkje,254
li,254
søteste,254
back,254
antrekket,254
foreldres,253
lureri,253
gracias,253
Norris,253
fuktig,253
privilegium,253
prikk,253
leiesoldater,253
behovet,253
Machine,253
Freya,253
avkall,253
sitron,253
separert,253
redskap,253
kongressmedlem,253
kulde,253
lyde,253
Peru,253
or,253
research,253
smykkene,253
tysker,253
aldeles,253
rangers,253
Jorge,253
artist,253
kynisk,253
Maverick,253
Newt,252
fritiden,252
hakke,252
smoking,252
ransakingsordre,252
søle,252
krigsskip,252
Jeannie,252
kuben,252
enken,252
konspirasjon,252
mishandling,252
kompliserte,252
harmoni,252
ultimate,252
sire,252
avlyste,252
niggeren,252
Kev,252
samleie,252
Hydra,252
bakterier,252
tjenerne,252
praktfull,252
strenge,252
grunnene,252
eksil,252
Errol,252
identifiserte,252
kiler,251
nerder,251
dokument,251
perverse,251
horene,251
katolske,251
Morrison,251
pipe,251
stoltheten,251
bes,251
presentasjon,251
modne,251
berøring,251
overgår,251
biskop,251
varsler,251
nisse,251
bøtta,251
Esther,251
bestefars,251
spasere,251
beryktede,251
topps,250
politibil,250
renter,250
kverker,250
lit,250
inntrenger,250
Lancelot,250
champagnen,250
madrassen,250
valpen,250
kritisere,250
randen,250
kunnskapen,250
uniformer,250
heltene,250
Chinatown,250
hipp,250
mett,250
armeen,250
pigg,250
håndkleet,250
oppdatering,250
blondine,250
valentinsdagen,250
crystal,250
kukk,250
luken,250
drita,250
milady,250
Twitter,249
Wolfe,249
stressa,249
betatt,249
sleng,249
Chen,249
forsvarsdepartementet,249
Marokko,249
papirarbeidet,249
berta,249
sangene,249
utlendinger,249
Willis,249
kåre,249
bestilling,249
overveie,249
saft,249
hyler,249
trapper,249
velstående,249
uforsiktig,249
modeller,249
Leigh,249
klovner,249
forakter,249
gonna,249
Rikard,249
bivirkninger,249
beit,249
politikerne,248
perm,248
døpt,248
plantene,248
vink,248
pizzaen,248
instinktet,248
innrømmet,248
Englands,248
engelskmennene,248
taperen,248
Winchester,248
utsettes,248
oppstått,248
bøte,248
himmelske,248
hjeIp,248
forberedte,248
kandidater,248
anmelder,248
rust,248
bevisstheten,248
effektive,248
sminken,247
beviste,247
Ernst,247
sokkene,247
russeren,247
trosse,247
uutholdelig,247
don't,247
fotografere,247
øvelsen,247
Barb,247
Augustus,247
easy,247
svareren,247
kansleren,247
elektronisk,247
livsfarlig,247
kompass,247
tyste,247
speidere,247
lil,247
hjelpsom,247
kopiere,247
avfyr,247
Burkhardt,247
sytten,247
strålingen,246
hanen,246
lysende,246
sats,246
beskriv,246
Boone,246
sten,246
plattformen,246
pålitelige,246
utenriksdepartementet,246
legendariske,246
svingte,246
konfidensielt,246
Yvonne,246
matet,246
betingelsene,246
måltidet,246
bremse,246
Charleston,246
kvinnens,246
toast,246
badekar,246
drittpreik,246
barnehjemmet,246
pågående,246
landene,246
forbedret,246
skøyter,246
urovekkende,246
forguder,246
ambassade,246
nevene,246
Thornton,246
forestilt,245
kredittkortet,245
Tex,245
bremser,245
Bent,245
Columbus,245
ordtak,245
story,245
scorer,245
kaldere,245
respekterte,245
forte,245
labben,245
klarsignal,245
FBI-agent,245
Peeta,245
galningen,245
Geronimo,245
morgendagens,245
artilleri,245
metodene,245
edderkopper,245
elskeren,245
autografen,245
nattklubb,245
Jax,245
muffins,245
snurrer,245
julegave,245
begraves,245
bitene,245
Gibson,245
Jerome,245
Mei,245
diesel,244
Nathaniel,244
frys,244
lus,244
soner,244
tradisjoner,244
utvidet,244
løgnere,244
pickupen,244
Massachusetts,244
politiarbeid,244
vÃ,244
eksperten,244
Stalin,244
popkorn,244
slenge,244
Knut,244
gudfar,244
tønne,244
regelmessig,244
henrettelsen,244
mappa,244
Sulu,244
bremsene,244
forfattere,244
bløt,244
bakke,244
Tyrell,244
Shadow,244
utfordringer,244
sikringen,244
sporten,243
lokalet,243
blødninger,243
omgivelsene,243
mit,243
improvisere,243
pistolene,243
hushjelpen,243
desserten,243
ransake,243
sniII,243
Boulevard,243
pastoren,243
kidnapper,243
utelukke,243
trommer,243
tilber,243
Gunvald,243
hypp,243
klinte,243
profitt,243
høne,243
Whitney,243
leggetid,243
Gump,243
skjør,243
Vicky,243
løsnet,243
Deep,243
ånds,243
etablert,243
piratene,242
bore,242
ieg,242
esker,242
bistå,242
dommere,242
nykter,242
hersens,242
beskrivelsen,242
hare,242
minuttet,242
bortskjemt,242
Louie,242
duster,242
kjeltringer,242
brorskap,242
fjernkontrollen,242
drøyt,242
sikrere,242
Compton,242
tradisjonen,242
Bowman,242
Benji,242
Jarle,242
sunket,242
rytter,242
uheldige,242
bygningene,242
kineser,242
varulv,242
svidd,242
Kendra,241
tiltrekke,241
vifte,241
synlige,241
Webb,241
potensielle,241
come,241
reven,241
vaksinen,241
RETAIL,241
apachene,241
bekostning,241
replikk,241
eskortere,241
oriene,241
pliktene,241
Blanche,241
fø,241
Pawnee,241
gjestfrihet,241
timingen,241
mobbet,241
solbriller,241
Simms,241
hevde,241
velgerne,241
erfaringer,241
pave,241
oppgjør,241
retro,240
get,240
ermet,240
bisken,240
Sams,240
Evie,240
instinkter,240
tilkalte,240
kloa,240
kostymet,240
Callahan,240
butikkene,240
kolonien,240
tiss,240
leia,240
Constance,240
Bernadette,240
psykologen,240
sexen,240
balltre,240
Leroy,240
underholdende,240
Addy,240
kølla,240
fortellingen,240
misbruker,239
magefølelsen,239
Elliott,239
forflyttet,239
dronen,239
forst,239
blomstrer,239
labyrinten,239
Saw,239
surt,239
bevismateriale,239
oppdatere,239
platen,239
oberstløytnant,239
dummere,239
kveId,239
manageren,239
Hardy,239
elg,239
dyd,239
juss,239
fisketur,239
overlevere,239
Hayden,239
rens,239
Galtvort,239
yang,239
jordet,239
gay,239
Ada,238
gambler,238
mysteriet,238
bombingen,238
fornavnet,238
flatt,238
Amos,238
Desmond,238
statuen,238
statlig,238
forvandler,238
Sovjet,238
pilotene,238
geniale,238
Candy,238
hekta,238
Odo,238
stormet,238
betales,238
PST,238
berørt,238
garasje,238
berøre,238
kjøpet,238
skåne,238
laks,238
uvær,238
snuse,238
dimensjon,238
tidsmaskin,238
vekst,238
forpliktelse,238
vokt,238
gevinsten,238
space,238
Kiki,238
Adolf,238
forent,238
håndskrift,238
bobler,238
Gunn,238
Temple,238
regissør,237
utstillingen,237
Hillary,237
hook,237
forkledd,237
Sør-Afrika,237
ruiner,237
al-Qaida,237
uvurderlig,237
Jude,237
sverg,237
erklæring,237
igår,237
overføres,237
provosere,237
snuppa,237
usikre,237
planten,237
romkamerat,237
rasist,237
Sicilia,237
nice,237
Herb,237
cheyenne,237
atmosfære,237
feie,237
mynten,237
hoster,236
gjenkjent,236
trange,236
lene,236
utafor,236
gevinst,236
booket,236
Messias,236
Aron,236
motto,236
glans,236
Christensen,236
stasjoner,236
nazist,236
diplomatisk,236
oppklart,236
Lamar,236
Savannah,236
run,236
blokkere,236
eplet,236
fedrelandet,236
lønner,236
knivstukket,236
astronaut,236
hvertfall,236
kjerringer,236
kabel,236
intuisjon,236
tinghuset,236
stjernedato,236
sofistikert,235
solnedgangen,235
hobbiter,235
Greta,235
Gretchen,235
Horace,235
Roxie,235
Hauser,235
Holt,235
flørte,235
ledningene,235
mangle,235
Lyon,235
Dakota,235
underskrive,235
sammensvergelse,235
kapellet,235
Malibu,235
mentor,235
kontroller,235
statsborger,235
temperament,235
etterforskerne,235
oppskaket,235
Bunny,235
Cook,235
fyrste,235
napp,235
osten,235
kIar,235
potet,235
forestilte,235
arkitekt,235
husleia,235
forhåpentlig,234
forhåpninger,234
ordnes,234
pence,234
grille,234
eIsker,234
ussel,234
stab,234
smultringer,234
skuddveksling,234
duell,234
Pippin,234
kloster,234
vestlige,234
premieren,234
gru,234
siviliserte,234
smått,234
forkledning,234
følgene,234
Monty,234
storme,234
overbevisning,233
gulrøtter,233
armert,233
Ferguson,233
Ives,233
granske,233
skolene,233
Nordpolen,233
tillot,233
natts,233
sweet,233
ondskapsfull,233
tettere,233
bø,233
objektet,233
aν,233
krasje,233
LEOGATE1968,233
laser,233
fredelige,233
tomater,233
hetta,233
kappet,233
plyndre,233
Niko,233
hyllest,233
klemte,233
rekorden,233
Daily,233
atskilt,233
Darlene,233
omvisning,233
profetien,233
Mimi,233
Kit,233
kollegaer,233
νar,232
heder,232
hoyt,232
blakke,232
aggressive,232
utmattet,232
venninner,232
europeiske,232
parykk,232
bedrageri,232
hertug,232
oppdagelse,232
haien,232
snikskytter,232
kornet,232
Sinclair,232
kombinasjonen,232
eyes,232
Keaton,232
tyngdekraften,232
hjemsøkt,232
Westeros,232
motorsykkelen,232
Larkin,232
Oakland,232
Chavez,232
upålitelig,232
hærens,232
benytter,232
hykler,232
tolker,232
skyve,232
O.J,232
anmeldte,232
beta,232
antydet,232
striper,232
vedtatt,232
Nash,232
ertet,232
aktiverer,232
oversetter,231
forlovelsen,231
Marks,231
inntrengere,231
blank,231
kapper,231
Dewey,231
rapper,231
Frederick,231
drag,231
gener,231
klapper,231
tilsyn,231
derav,231
tilpasset,231
konsulent,231
Nebraska,231
himmelsk,231
fascinert,231
forræderen,231
revisor,231
artikler,231
hoste,231
Faith,231
tannen,231
skryter,231
gjennomført,231
opplyse,231
strategien,231
tykt,231
flyvåpenet,231
ferden,231
deles,231
Andersen,231
luka,231
leien,231
gårsdagens,231
Mayer,231
deal,231
Coleman,231
kjempeflink,231
sultet,231
bedrifter,231
drikking,230
Skywalker,230
kollapser,230
lisens,230
Alonzo,230
smug,230
marken,230
Woodrow,230
brannmann,230
omvei,230
fortvilelse,230
herlighet,230
papirarbeid,230
Pinocchio,230
Bobo,230
kidnappingen,230
Malik,230
muslimer,230
Gordo,230
tøffeste,230
budsjett,230
Sharp,230
krøp,230
nøyaktige,230
Dracula,230
betjentene,230
stolene,230
has,230
grunnlaget,230
heksene,230
formell,230
sinke,230
Vader,230
bi,230
utgiftene,230
helbredet,230
Indy,230
Toni,230
brikke,230
lungebetennelse,230
Doe,230
mistenke,229
produsenten,229
bryllupsdag,229
hilste,229
Lindsay,229
Prime,229
registrere,229
tunfisk,229
skoleballet,229
bred,229
fargene,229
Decker,229
sennep,229
åpenbare,229
besetning,229
nyre,229
fotografen,229
hjerteslag,229
detaljert,229
omtanken,229
Rambo,229
NATO,229
mindreårig,229
kulturer,229
tollen,229
nordlige,229
ciao,229
kinn,229
tappert,229
morse,229
feiltrinn,229
tryggeste,228
krangelen,228
tørste,228
fotografier,228
dyster,228
klokere,228
taxien,228
Kristoffer,228
tullete,228
kakao,228
leveranse,228
millionene,228
Oprah,228
Bones,228
innvendinger,228
deriblant,228
motorvei,228
kveldene,228
ugift,228
obduksjonen,228
Manchester,228
bestyrer,228
stell,228
skuespillet,228
underverdenen,228
strategisk,228
oppmuntret,228
Morton,228
Wong,228
kjip,228
pulte,228
bøller,228
tilstått,228
krige,228
utsatte,228
redaktøren,228
gulv,228
utenomjordiske,228
susen,228
plakaten,228
kompromiss,227
Lucille,227
svulst,227
rustningen,227
lederskap,227
Carmine,227
O'Neill,227
Zamani,227
forhandlet,227
droner,227
tålmodigheten,227
lages,227
krigerne,227
kommunikasjonen,227
Fritz,227
lenkene,227
Paso,227
Gardner,227
skuret,227
boys,227
Zeeland,227
hatter,227
Grete,227
musikere,227
have,227
organene,227
narre,227
Donny,227
påført,227
yoghurt,227
dod,227
fei,227
brannvesenet,227
barnepike,227
kompensasjon,227
tilknyttet,227
smitte,227
backup,227
blues,227
bedøvet,227
Paco,227
first,226
tette,226
tøs,226
temperatur,226
pisket,226
Rabbit,226
Pamela,226
what,226
Caffrey,226
saftig,226
just,226
Olav,226
taco,226
dikter,226
stenges,226
Moray,226
akademiet,226
omkom,226
Winnetou,226
virkeIig,226
Dina,226
villmenn,226
vev,226
Aramis,226
akk,226
mysterier,226
nazister,226
opprømt,226
Fitzgerald,226
panna,226
primitive,226
barnepiken,226
kontrollerte,226
harding,226
komplikasjoner,226
leire,226
Ice,226
søket,226
Frances,226
klump,226
evakuer,226
Zeuthen,226
budet,226
instrument,225
skeptisk,225
lommelykt,225
Iivet,225
søtnos,225
Fran,225
drapsforsøk,225
NYPD,225
betydningen,225
vafler,225
tauene,225
mutant,225
kommissær,225
tullinger,225
Knope,225
crazy,225
knuses,225
likeglad,225
hjemmelaget,225
two,225
Gestapo,225
dopen,225
suvenir,225
gummi,225
cowboyer,225
Gollum,225
Holden,225
drog,225
Beowulf,225
avhøret,225
mektigere,225
ridderne,225
tufs,225
Vicki,225
husleie,225
vinker,225
Devon,225
Drago,225
skuddsår,225
Mindy,225
tjukke,224
magiker,224
marina,224
banan,224
fyre,224
kunngjøre,224
brekk,224
aktivere,224
inntar,224
Francesca,224
uønsket,224
hotellrommet,224
løgnhals,224
brudgommen,224
Evil,224
oppholder,224
glassene,224
regimentet,224
apparatet,224
velte,224
Claus,224
frasier,224
stasjonert,224
postkort,224
Ressler,224
teknikken,224
syndebukk,224
oppvasken,224
stad,224
domstolen,224
signore,224
Jade,224
administrasjonen,224
genier,224
νil,224
østre,224
undervisning,224
misbrukt,224
tolke,224
panda,224
folkemengden,224
organiserte,224
annonsen,224
frekvensen,224
dusør,223
Hektor,223
immun,223
nonsens,223
International,223
rappet,223
domstol,223
Princeton,223
raste,223
forhørt,223
tidens,223
ane,223
biIen,223
ledningen,223
kreative,223
belønnet,223
fellen,223
kontrakter,223
ødemarken,223
søvnig,223
rytme,223
medier,223
triumf,223
avsnitt,223
Daenerys,223
tause,223
lastebiler,223
rein,223
banning,223
mediene,223
labbene,222
avse,222
vedlikehold,222
ressursene,222
bamse,222
Hodor,222
sjarmen,222
gambling,222
oppbevarer,222
signer,222
Peabody,222
Aram,222
snør,222
bruddet,222
medarbeidere,222
Company,222
Nova,222
vetjeg,222
anbefalt,222
søten,222
Joshua,222
sovende,222
iført,222
skjulested,222
kravet,222
ballett,222
Hayley,222
bekjemper,222
S.H.I.E.L.D,222
trøtte,222
runker,222
knele,222
Soprano,222
bordell,222
Dobbs,221
nedtelling,221
verdige,221
godnatt,221
pisken,221
database,221
Igor,221
Nyborg,221
drone,221
friste,221
Fry,221
krevd,221
Sarumann,221
instituttet,221
Silas,221
Sadie,221
avlegge,221
Gerald,221
Lafayette,221
Ahmad,221
utstedt,221
barmhjertig,221
flinkere,221
lodd,221
justere,221
Jesper,221
båndene,221
ivrige,221
talentfull,221
trosser,221
skilpadde,220
eksotisk,220
valgkamp,220
kirkegård,220
hushjelp,220
båre,220
kunstverk,220
hagla,220
frosne,220
seere,220
Skynet,220
landsmenn,220
ligaen,220
løsninger,220
løslate,220
grekerne,220
flørtet,220
berolige,220
smale,220
Dublin,220
respektløs,220
overføringen,220
verdensmester,220
patroner,220
Lyra,220
leiligheter,220
avskjediget,220
noenting,220
Mozart,220
utenomjordisk,220
Håkon,220
uvitenhet,220
avfyring,220
Malin,220
Mackenzie,219
lovløse,219
krydder,219
mutanter,219
bokstavene,219
skammet,219
tommer,219
flyturen,219
flotteste,219
raseriet,219
Key,219
henrykt,219
jøden,219
utgave,219
renne,219
løver,219
hvajeg,219
strandet,219
filmstjerne,219
lysten,219
forsvarsministeren,219
hogg,219
hakket,219
magazine,219
Nils,219
søndager,219
parfymen,219
uroer,219
greven,219
boom,219
draget,219
Noldus,219
kulturen,219
Bubba,219
skjørtet,219
Rhonda,219
klubber,219
kanaler,219
dumming,219
Hazel,218
Bean,218
Lindsey,218
halvannet,218
pakka,218
forhindrer,218
Bambi,218
investorer,218
Diamond,218
gralen,218
grådige,218
Mikkel,218
vegetarianer,218
syltetøy,218
selskapets,218
utvider,218
flammen,218
Sergei,218
overvåking,218
forstyrrelsen,218
bonden,218
bryteren,218
overtalt,218
svelg,218
mentale,218
kompasset,218
sentral,218
nifs,218
doIIar,218
distraherer,218
aktivt,218
Griff,218
Justine,218
mørkere,218
sitere,218
Heidi,218
kryptert,217
pensjonere,217
kammer,217
legender,217
dram,217
terapien,217
bedring,217
negler,217
meningsløse,217
Luthor,217
hovedveien,217
sensorer,217
kirurgi,217
sankt,217
forfremmelsen,217
frukten,217
pikene,217
gåter,217
dragene,217
rekkefølgen,217
mental,217
Sea,217
elefanten,217
Starks,217
forsikringsselskapet,217
forsyne,217
tilståelsen,217
ekspedisjon,217
Ramsey,217
avfyrer,217
tær,217
makker,217
albuen,217
presentasjonen,217
nordvest,217
Walters,217
senter,217
gjemsel,216
formuen,216
Rohan,216
flår,216
Bergen,216
involverte,216
Raoul,216
psykiske,216
spørsmålstegn,216
nyrene,216
Porthos,216
fordelene,216
kodenavn,216
nä,216
Shin,216
tolk,216
propaganda,216
Sierra,216
skrift,216
feilaktig,216
magasin,216
elefanter,216
Eggsy,216
arrestasjon,216
vekslepengene,216
fag,216
neven,216
avslå,216
føder,216
Cora,216
påsto,216
jeans,216
Malmö,216
tanta,216
deluxe,216
replikkene,215
fødes,215
formasjon,215
Halla,215
avlytter,215
Warner,215
kunstneren,215
anbefaling,215
inspektøren,215
hiver,215
mylady,215
kongressmann,215
Petrov,215
fraværende,215
Johnnie,215
konsentrert,215
skuespillerinne,215
Owens,215
Philly,215
reservatet,215
jevn,215
utenriksminister,215
oppkjørselen,215
ryktes,215
Hamlet,215
pensjonen,215
arbeidsgiver,215
returnert,215
åkeren,215
syndere,215
latet,215
skadelig,215
ubeleilig,215
utsettelse,215
konkurrerer,215
staver,215
tast,215
smigrende,215
duer,215
Disneyland,215
grillen,215
rikt,215
ahh,215
avstemning,214
søskenbarn,214
infiltrere,214
Lowell,214
Dottie,214
bedrag,214
hovedrollen,214
boende,214
smiley,214
forbudte,214
Lucious,214
Franco,214
nådig,214
bensinen,214
skuta,214
rettsmedisineren,214
Industries,214
uttrykker,214
Vance,214
mä,214
biologi,214
Jacobs,214
høvdingen,214
opplyst,214
tilintetgjør,214
poet,214
hjemmene,214
rettferdiggjøre,214
ferde,214
innvilget,214
Chet,214
f.eks,214
marinesoldat,213
Chico,213
forening,213
lapper,213
ike,213
lindre,213
Wilbur,213
Lilith,213
oppdiktet,213
Springfield,213
NRK,213
tydelige,213
Howie,213
knappene,213
foreningen,213
tomhendt,213
regnes,213
budbringer,213
pub,213
veksle,213
orkan,213
Christer,213
ritual,213
mobiler,213
slaven,213
erkjenne,213
optimistisk,213
lærling,213
gjetning,213
festning,213
feng,213
konseptet,213
matematikk,213
bibel,213
album,213
kjøtthue,213
heart,213
motbydelige,213
ripped,213
instinktene,213
anmoder,213
framtidige,213
Nazir,213
hv,213
junkie,213
overdrevet,213
tapperhet,213
KI,213
gaffel,213
århundrets,213
krigeren,212
sprekk,212
Emilien,212
heier,212
mobiltelefoner,212
latte,212
för,212
isolere,212
Franz,212
adopterte,212
asiatiske,212
unaturlig,212
prostitusjon,212
syndene,212
Geordi,212
snik,212
Nord-Korea,212
kusinen,212
Clarke,212
kartellet,212
premiere,212
ter,212
overnattet,212
Leah,212
tunneler,212
konsulatet,212
setene,212
Alvarez,212
kvalte,212
oppvarming,212
anklagen,212
kyllinger,212
landskapet,212
Palm,212
sjefens,212
vingen,212
Webster,211
Eagles,211
vell,211
middels,211
Wars,211
spol,211
håndtaket,211
Chan,211
Selina,211
åker,211
politimesteren,211
lillesøsteren,211
mestere,211
Snøhvit,211
ulla,211
fosterhjem,211
kommandørkaptein,211
Phyllis,211
Stacey,211
bomull,211
hyller,211
ånde,211
ørnen,211
kvinners,211
kresen,211
glup,211
Branson,211
bedårende,211
hakker,211
undersøkelsen,211
smekk,211
senior,211
motgang,211
Iiv,211
grevinnen,210
Aldo,210
touchdown,210
Kick-Ass,210
omgivelser,210
begravelser,210
München,210
hån,210
sigarer,210
søknad,210
lim,210
anholde,210
kruttet,210
speiderne,210
Porsche,210
vitnemålet,210
Matty,210
forbrytelsene,210
Page,210
Chambers,210
avskjære,210
fastlandet,210
djevler,210
narkomane,210
gjenstanden,210
pulver,210
forme,210
René,210
Sirius,210
Andersson,210
gladere,210
oppfatter,210
Dastan,210
bedra,210
salaten,210
kujon,210
syr,210
nødsituasjon,210
armbånd,210
etterretningstjenesten,210
Masters,210
lekkasjen,210
opptøyer,210
røpet,210
ungt,209
forfulgte,209
boret,209
legendarisk,209
nudler,209
hobbit,209
blyant,209
matbit,209
kulere,209
jeepen,209
mesa,209
spruter,209
ruter,209
misbruk,209
befaling,209
Blaine,209
eiendelene,209
måltider,209
unødig,209
tilpasser,209
kattene,209
medaljer,209
Kenobi,209
Syria,209
Bandit,209
århundret,209
beslaglagt,209
sveket,209
spagetti,209
motivert,209
Ruben,209
lovlige,209
gettoen,209
vik,209
Katja,209
førjeg,209
when,209
Raul,209
Renee,209
osv,209
planlegging,208
lagene,208
fullførte,208
Ling,208
tyskeren,208
but,208
Markus,208
imidlertid,208
tornado,208
fight,208
kjøperen,208
Rafael,208
oraklet,208
setningen,208
element,208
jukse,208
registrerer,208
hockey,208
begriper,208
forvist,208
farene,208
kneler,208
antas,208
medarbeider,208
signor,208
bananer,208
dusjet,208
forråder,208
Yankees,208
tilfeldigheter,208
lyste,208
skjelve,208
innhold,208
Yuri,208
Henri,208
avlys,208
beskjedene,208
rappe,208
ogjeg,208
komiker,207
cool,207
Kathryn,207
anke,207
kjappe,207
økende,207
Britt,207
lokalisere,207
sjømenn,207
Henning,207
alver,207
Connors,207
magnetisk,207
uidentifisert,207
tidsmaskinen,207
marijuana,207
mobiltelefonen,207
Ridge,207
McDonald's,207
demokratiet,207
offiseren,207
alteret,207
André,207
eminense,207
ra,207
dronene,207
symboler,207
troverdighet,207
overlagt,207
aksepterte,207
auksjon,207
McKay,207
Marjorie,207
ær,207
skjorter,207
ignorerte,207
forelsker,207
skammelig,207
medfører,207
Navy,207
skrikene,207
hygge,207
Beau,207
rusa,207
streifet,207
Cullen,207
medaljen,207
parter,207
brønn,207
temme,207
strider,207
vokteren,207
ekspertise,207
slekten,206
halvdelen,206
villdyr,206
heIIer,206
Weston,206
gringo,206
CNN,206
gruvene,206
slepe,206
Spider,206
uret,206
seirer,206
etterforskere,206
utfallet,206
oppstilling,206
underskrevet,206
oppgavene,206
rune,206
cockpiten,206
mytteri,206
uvel,206
forlenge,206
vćre,206
snake,206
here,206
kakene,206
gråtende,206
pilen,206
Bonjour,206
Janine,206
befalet,206
skogene,206
Claudius,206
velter,206
Lenore,206
jevne,206
småkaker,206
nyttårsaften,206
Eliza,206
serverte,206
fullfør,206
skjerf,206
ransakelsesordre,206
seriøse,206
prima,206
Cady,206
menigheten,206
Cassidy,206
eleven,206
husmor,205
Iike,205
slangene,205
Brighton,205
biljard,205
åra,205
spaner,205
ledninger,205
vifter,205
utfordrende,205
Cambridge,205
terreng,205
Gabrielle,205
styring,205
fjernt,205
konklusjon,205
vanntett,205
apne,205
initiativ,205
kontaktene,205
senest,205
Condé,205
Vogel,205
uventede,205
HaIIo,205
homsete,205
Woods,205
Fuller,205
stump,205
motivasjon,205
lister,205
blondinen,205
Eliot,205
dvergene,205
Bowl,205
bure,205
dyreste,204
politisjefen,204
kometen,204
tids,204
sovjetisk,204
Kairo,204
arrene,204
driks,204
Bertie,204
alibiet,204
vinket,204
Scottie,204
ay,204
lasterommet,204
who,204
konflikter,204
åndelige,204
pelsen,204
forskerne,204
nysgjerrige,204
gjenfødt,204
Herbert,204
formiddag,204
jenten,204
fond,204
Norton,204
nivåer,204
it's,204
alvene,204
pyntet,204
vennlighet,204
puta,204
evakuert,204
passene,204
grevinne,204
diskresjon,204
digert,204
erklærte,204
ops,204
fär,204
dei,204
gyllen,204
villmann,204
Hornblower,204
vrangforestillinger,204
mÃ,203
Francine,203
horte,203
brystvortene,203
grøft,203
motgift,203
ÅIreit,203
trådene,203
adrenalin,203
innsjø,203
Jeanette,203
score,203
tre-fire,203
struktur,203
bråkete,203
tiltaler,203
gjenoppta,203
gåten,203
kverket,203
spaken,203
gelé,203
bredt,203
sе,203
stressende,203
urin,203
helsa,203
spionen,203
oppringt,203
byttehandel,203
vitale,203
stillinger,203
co,203
avsky,203
Mercy,203
fraser,203
underjordiske,203
three,203
Felicia,203
ovenfra,203
LAPD,203
indiske,203
flertall,203
posisjonene,203
bh,202
pattedyr,202
skaperen,202
ettersøkte,202
nyttige,202
smitter,202
voldsomme,202
e-poster,202
Torsten,202
Eduardo,202
væpnede,202
pi,202
kåte,202
Moriarty,202
Abed,202
lillegutt,202
vitsene,202
Mycroft,202
kål,202
smed,202
Forge,202
fulltreffer,202
Duck,202
harjo,202
forjeg,202
underbukser,202
Winters,202
Hurley,202
klassiske,202
magasinet,202
utlending,202
renvaske,202
knakk,202
furu,202
helte,202
fremre,201
begrav,201
programmer,201
Block,201
taushetsplikt,201
utgi,201
ponni,201
perioden,201
Cecilie,201
Moss,201
Bernardo,201
meksikanere,201
protokoll,201
erfarne,201
vanære,201
utenforstående,201
medaljongen,201
svelger,201
frisyren,201
blokk,201
ransaket,201
overnaturlige,201
trer,201
science,201
kvalmt,201
blusen,201
gyldig,201
Meadow,201
fordommer,201
nybegynner,201
bestemora,201
dødsfallet,201
snitt,201
tygg,200
Taggart,200
forstyrr,200
lgjen,200
kople,200
drapsavsnittet,200
skjerm,200
galehus,200
skjemmer,200
Alma,200
Maryland,200
nøytral,200
etterhvert,200
café,200
biffen,200
slikket,200
ka,200
individer,200
frelst,200
not,200
signalene,200
Arvid,200
omfavne,200
Hoffman,200
betrakter,200
zombiene,200
overlegne,200
Nilsson,200
Jeanne,200
klappet,200
espresso,200
nåtiden,200
knerte,200
Johann,200
ingens,200
feile,200
jamen,200
oppfordrer,200
melodi,200
manipulerer,200
falk,200
nordpå,200
Toronto,200
middelalderen,200
Ferris,200
klikker,200
Hess,200
führer,200
hinder,200
antageligvis,200
regiment,200
velkjent,200
snakkende,200
myrder,200
ungdomsskolen,200
utvalg,199
flydd,199
varmet,199
Luna,199
elver,199
fedrene,199
guddommelige,199
tæl,199
materie,199
cap,199
stup,199
skuespillerne,199
servitrise,199
kildene,199
Lacey,199
hugge,199
Inge,199
seksti,199
farvann,199
lidenskapen,199
vampyrene,199
beskrevet,199
frist,199
Payne,199
kjøpesenter,199
arrogante,199
uværet,199
hvalen,199
sukk,199
kommunister,199
sabotasje,199
æ,199
engasjere,199
krypet,199
dusinvis,199
oppmuntrer,199
overkjørt,199
eksmannen,199
veskene,199
rakker,199
omtenksom,199
guru,199
Jocelyn,199
egenskap,199
sjappa,198
Morgana,198
snurre,198
Leland,198
gjenoppbygge,198
hake,198
definerer,198
egoet,198
møtestedet,198
pyjamas,198
visjoner,198
majestets,198
takken,198
livsfare,198
dosen,198
omlag,198
gnager,198
skuespilleren,198
sansene,198
sjans,198
fornuften,198
sunne,198
gladelig,198
godset,198
kjempen,198
spesialstyrkene,198
oppholdt,198
Sully,198
referanser,198
blokker,198
Rosemary,198
plastisk,198
mellomrom,198
stank,198
begrensninger,198
lsland,198
Giovanni,198
annonse,198
mekanisk,198
voldtar,197
nødtelefonen,197
Romas,197
Kris,197
notere,197
forsyningene,197
Minnie,197
velsign,197
bowling,197
hamburgere,197
Wynonna,197
Muhammad,197
vertshuset,197
frigjort,197
enighet,197
manuell,197
utrettet,197
Velma,197
klingon,197
stønner,197
Belgia,197
bordene,197
hygg,197
privatdetektiv,197
kvitteringen,197
Beatles,197
kommandanten,197
hvelv,197
etterfølger,197
svogeren,197
mustang,197
konflikten,197
tyggis,197
stappet,197
påvente,197
helium,197
sveve,197
videospill,197
herover,197
Selma,197
Fillory,197
Zevs,197
sikring,197
avsluttes,197
husleien,197
kaviar,197
Scotland,197
kødda,197
dømmekraften,197
prinsipp,197
rota,197
Ness,197
bukk,197
ribbein,196
varig,196
Faderens,196
økning,196
uvirkelig,196
Nemo,196
institusjon,196
røk,196
how,196
maestro,196
betro,196
Crowley,196
begjærer,196
geværene,196
brorskapet,196
sjåfører,196
oppløst,196
luftrom,196
Burns,196
Meghan,196
ødeleggende,196
ugjort,196
foretrekke,196
saltet,196
synspunkt,196
aksjonen,196
lysere,196
Willard,196
rant,196
scoret,196
gløgg,196
poetisk,196
Katarina,196
Darwin,196
innledet,196
kompanjong,196
apekatt,196
modigste,196
sauene,196
yacht,196
sviker,196
Waters,196
transportere,196
Dimitri,196
prestene,196
nu,196
Vermont,196
kavaleri,196
hallusinasjoner,196
emosjonell,196
sovjetiske,196
pisk,196
Gregor,195
spydet,195
snoke,195
partnerne,195
dråper,195
interne,195
romvesenene,195
avskåret,195
røykt,195
ømt,195
bestillingen,195
Hamburg,195
Nero,195
Auschwitz,195
punktert,195
fortryllende,195
betraktet,195
opplevelser,195
hukommelsestap,195
klan,195
hanskerommet,195
kommunistene,195
brennevin,195
barnemat,195
kostnadene,195
rutinen,195
gjesterommet,195
kaotisk,195
pipa,195
blyg,195
garde,195
Steph,195
Barcelona,195
terapeuten,195
race,195
Khalil,195
madonna,195
Jonesy,195
kobles,195
stanses,195
tyvene,195
nålen,195
bande,195
tal,195
Waller,195
dingsen,195
ferga,195
boller,195
Higgins,195
utydelig,195
Leonidas,195
dyra,195
gä,194
viking,194
lenke,194
foretatt,194
Weiss,194
øI,194
hoIder,194
superhelter,194
kaldblodig,194
kandidatene,194
hovedsakelig,194
presist,194
profetene,194
Hobsyssel,194
Joanna,194
utakknemlig,194
presenter,194
Pacific,194
anmeldt,194
tilga,194
innlysende,194
gun,194
vokterne,194
livmoren,194
Bahamas,194
diplomat,194
beundre,194
smurt,194
motstandere,194
stridsvogner,194
tannbørste,194
oppsyn,194
nedenfor,194
partnerskap,194
søksmål,194
Cassandra,194
Cosima,194
avstemningen,194
heIvete,194
sek,194
Ash,194
øvde,194
Lucinda,193
knoklene,193
fortvilet,193
pingle,193
risken,193
kraniet,193
erte,193
Kristian,193
Court,193
sigarettene,193
forstyrrelse,193
smalt,193
organisk,193
medvirkning,193
pågrep,193
skjer'a,193
visum,193
ding,193
Xavier,193
rap,193
Noel,193
Bender,193
simple,193
bataljonen,193
befal,193
tullingen,193
avhørte,193
bakpå,193
forsterket,193
dobbelte,193
jomfruer,193
vanæret,193
omverdenen,193
informanten,193
gnist,193
lukkede,193
Emilio,193
Tywin,193
pervo,193
blinker,193
venninna,193
bestikkelse,193
Dawes,193
bevares,193
utestengt,193
ud,192
holdent,192
90-tallet,192
utholdenhet,192
reinsdyr,192
Sharif,192
trosset,192
stresser,192
glaner,192
draktene,192
replikker,192
komfyren,192
mindreårige,192
anklene,192
rørlegger,192
orange,192
jeep,192
satellitter,192
Kimble,192
røttene,192
skjell,192
ruinene,192
skjemme,192
hvitløk,192
blomstre,192
dance,192
voilà,192
skikker,192
kjerre,192
telefonsvareren,192
digital,192
Lundy,192
karakteren,192
bekjente,192
deter,192
Millie,192
kommandøren,192
klinikk,192
ridderen,191
analysert,191
høflige,191
overdrive,191
klasserommet,191
galen,191
bokstav,191
overgangen,191
vakta,191
sla,191
vitneboksen,191
råde,191
tikker,191
trollet,191
Quaid,191
slikk,191
ærender,191
høste,191
gym,191
vinkelen,191
Bette,191
Heights,191
ø,191
sikkerhetsvakt,191
myten,191
forsvart,191
ladning,191
tokt,191
landsbyer,191
frossen,191
gisselet,191
overnatter,191
Alejandro,191
jegeren,191
Franky,191
vitenskapsmenn,191
Weggersen,191
møkkete,191
identiske,191
Alexandra,191
sing,191
oppspilt,191
turbulens,191
kapasitet,191
høyder,191
apache,191
skrifte,191
Copyright,191
forutsett,191
asiatisk,191
bakgården,191
adlød,191
storegutt,191
oppfyller,191
kveldsmat,191
Brock,190
gjenværende,190
søtere,190
iverksett,190
fyllekjøring,190
fratatt,190
Supergirl,190
shorts,190
uhørt,190
Hampshire,190
Barksdale,190
Crusher,190
lokk,190
overskudd,190
pyser,190
misforsto,190
Lon,190
rekruttere,190
trollmenn,190
omelett,190
Vladimir,190
skjenket,190
smittsomt,190
respektabel,190
republikk,190
plakater,190
Pitt,190
juletre,190
prosjekter,190
empati,190
bedro,190
unnslipper,190
installert,190
valium,190
realt,190
rosene,190
sIutt,190
innbruddstyv,190
Istanbul,190
rer,190
Akilles,190
vrien,190
snodig,190
adresser,190
mygg,190
Haiti,190
entusiasme,190
undergrunnen,190
Mean,190
dødsbra,190
visa,190
svingen,190
Luc,190
head,190
frustrerte,189
kåpen,189
basket,189
visedirektør,189
tilsier,189
vestkysten,189
kuene,189
villspor,189
geværer,189
stearinlys,189
messen,189
segl,189
fridd,189
lunger,189
selvopptatt,189
Dg,189
duft,189
Freud,189
åsyn,189
skrue,189
levningene,189
pisspreiket,189
høylytt,189
Wood,189
vending,189
Aah,189
Whistler,189
templet,189
informerer,189
befridd,189
utskrevet,189
aIene,189
Ingalls,189
Irving,189
Normandie,188
IQ,188
unntakstilstand,188
mislikte,188
gransker,188
driften,188
tøyet,188
serumet,188
tatovert,188
spa,188
eg,188
Vee,188
cv-en,188
vestre,188
Gardens,188
drøfte,188
Iei,188
fagforeningen,188
mangelen,188
langsommere,188
stø,188
gubbe,188
velstand,188
praktiske,188
tjeneren,188
etterlat,188
lår,188
politiskolen,188
Kristina,188
slagene,188
beklagelig,188
Zorro,188
riktignok,188
Mikhail,188
solbrillene,188
doen,188
tvilsomme,188
sløyfe,188
damp,188
advarselen,188
delikat,188
Dani,188
baronen,188
kvalme,188
bevart,188
Helge,188
Theon,188
lovt,188
skades,188
hjemlandet,188
innvandrere,188
inspirerte,188
diaré,188
Fleming,188
Buchanan,188
Antarktis,188
cheese,188
blid,188
oppstå,188
adios,188
oppstyret,187
påpeke,187
hjelpeløse,187
havs,187
gresskar,187
jungel,187
sinnsyk,187
underviste,187
kokte,187
tilhøre,187
kritiserer,187
kardinalen,187
Tore,187
sukkertøy,187
Gilly,187
Iiten,187
bandittene,187
Gerda,187
Poul,187
stiftelsen,187
voksende,187
Reyes,187
soda,187
oppfinnelse,187
missiler,187
orkanen,187
Ciro,187
alright,187
forvirrer,187
Samson,187
investerer,187
anmeldelse,187
boblebad,187
nedtellingen,187
sleden,187
uttaler,187
dark,187
fruer,187
Foreman,187
Pernille,187
Agatha,187
feier,187
kiosken,187
tradisjonelle,187
MI6,187
Rhodes,187
skyver,187
bekreftes,187
gruve,187
konas,187
beger,187
Cochise,187
tech,187
Ambrose,187
Merlyn,187
des,187
veie,187
arkiv,187
zoom,187
veileder,187
meny,186
appetitten,186
avslappende,186
Marlowe,186
hektisk,186
pillen,186
Titanic,186
sunget,186
utdannelsen,186
Greer,186
containeren,186
Gaby,186
skalv,186
hemmeligstemplet,186
drapssak,186
tuklet,186
skjevt,186
pengeskapet,186
forgårs,186
utganger,186
hygger,186
sleipe,186
lampe,186
overgå,186
snakka,186
valper,186
lysår,186
turnering,186
kodet,186
katastrofen,186
høyner,186
Roz,186
årer,186
Wheeler,186
intime,186
paien,186
skrøt,186
arvingen,186
sydde,186
meningsløs,186
sluke,186
stemplet,186
finansierer,186
kirker,186
vittig,186
forbløffet,186
kapital,186
puslespill,186
borgerkrig,186
nærhet,186
lastebilene,186
hå,186
utpekt,186
idéer,186
Grimes,186
obduksjon,186
italienere,186
glød,186
ofres,186
donere,186
gjentatte,186
myntene,185
druer,185
Pompeius,185
Holm,185
Winter,185
blindt,185
hospital,185
paranoia,185
Baratheon,185
Krypton,185
ironi,185
bøter,185
Nico,185
lesbiske,185
favoritter,185
sild,185
sannhetens,185
Wichita,185
bedrar,185
legehjelp,185
fangst,185
Arlene,185
Picasso,185
flanke,185
pickup,185
Blood,185
Sheridan,185
bIitt,185
Beijing,185
Cæsars,185
skjenke,185
Jose,185
bevitne,185
afrikansk,185
tjenestegjorde,185
gjenger,185
ingenmannsland,185
nordre,185
ekspedisjonen,185
fløt,185
storslått,185
look,185
bitre,185
Davids,185
Visiontext,185
arrangement,185
fotballen,185
milt,185
kikkerten,185
cocktail,185
gamlinger,185
parkering,185
Hola,185
veterinær,184
stabilitet,184
Klara,184
ugyldig,184
verdigheten,184
Crewe,184
fr,184
apotek,184
Baldwin,184
fiolin,184
T.J,184
identifikasjon,184
avlingen,184
udødelighet,184
avlede,184
ondskapens,184
hensynsløs,184
forretningsreise,184
utveksle,184
indianeren,184
manipulert,184
gjenopprettet,184
Sigurd,184
protein,184
Munti,184
fortjenesten,184
Poppy,184
endene,184
patruljerer,184
italiener,184
skjerfet,184
Speer,184
Regan,184
følsomt,184
snuser,184
kulda,184
stav,184
Firenze,184
seilt,184
bevegelsene,184
utkast,184
III,184
porsjon,184
bøyd,184
svigermor,184
ektemenn,184
klønete,184
Davy,184
svakheten,184
fotografi,184
festene,184
Hikken,184
tonic,184
League,183
skli,183
selskapene,183
riggen,183
kyrne,183
verdsatt,183
trusa,183
verge,183
beryktet,183
Matilda,183
Sweeney,183
Ocean,183
shot,183
uttales,183
profet,183
varjeg,183
Mariko,183
sosiopat,183
identifiser,183
tilbakeslag,183
Philippe,183
berget,183
ubegrenset,183
Mowgli,183
senatorer,183
Geoffrey,183
intern,183
majones,183
raskest,183
registrerte,183
suppa,183
inspirerer,183
Holloway,183
broer,183
reaksjoner,183
gÃ,183
nåler,183
korpset,183
stekte,183
forlegen,183
sommerfugler,183
Josefine,183
jomfruen,183
Newark,183
Cobra,183
gjennomsnittlig,183
anledninger,183
invadert,183
gjřr,183
Torkild,183
strømme,183
Rachael,183
sentrale,183
reell,182
måneds,182
lemlestet,182
dinosaur,182
diskuteres,182
Woman,182
pro,182
torturerer,182
joint,182
klossete,182
country,182
skylle,182
deppa,182
skyttere,182
opium,182
fastslå,182
hjernene,182
oppholdet,182
avhengighet,182
oppslukt,182
avhører,182
western,182
Nåvel,182
håndtert,182
panelet,182
skvadron,182
betinget,182
dødsdom,182
muldvarp,182
uanmeldt,182
sær,182
bremsen,182
Jock,182
computeren,182
Norén,182
Rupert,182
glapp,182
oksen,182
førstedamen,182
personligheten,182
Willa,182
Ukraina,182
forenes,181
drypper,181
agenda,181
kjøring,181
opprører,181
eik,181
nettsiden,181
dyrere,181
urter,181
forholdsregler,181
kor,181
livvakter,181
Harrys,181
Proctor,181
ikveld,181
stifte,181
sinker,181
undervurderte,181
superkrefter,181
Matheson,181
frisøren,181
garderobe,181
røntgen,181
torpedoer,181
øyer,181
håndtrykk,181
sparepengene,181
komma,181
Tessa,181
arver,181
undervurdert,181
studie,181
Yates,181
favør,181
republikanerne,181
oppgitt,181
Malone,181
ohoi,181
rådgivere,181
driv,181
mad,181
grus,181
nåtid,181
grunnla,181
Kabul,181
valentinsdag,181
voktet,181
lommer,181
betryggende,181
bamsen,181
Uther,181
lillefingeren,181
aggresjon,181
ubehagelige,181
ekspertene,181
prover,181
Kip,181
Charlene,181
Midgard,181
gymnaset,180
rabbi,180
smertefull,180
dvergen,180
Charlies,180
Ou,180
berettiget,180
spisse,180
skrem,180
Pietro,180
ereksjon,180
Yoda,180
fleip,180
Marc,180
gadd,180
pudding,180
idéen,180
planetens,180
kabel-tv,180
AJ,180
shots,180
ransak,180
spissen,180
Norma,180
eksklusivt,180
Cecil,180
kollapse,180
Buenos,180
beskylder,180
utfall,180
krampe,180
halsbåndet,180
Optimus,180
sonden,180
vitaminer,180
oppsikt,180
regionen,180
tomat,180
sluker,180
rampelyset,180
kontinentet,180
Olsen,180
tålte,180
Foxtrot,180
våpnet,180
brede,180
grunnlagt,180
luftangrep,180
terroristen,179
reneste,179
blondie,179
bandasje,179
betrodde,179
friker,179
see,179
innstillingen,179
utdrikningslag,179
dødsens,179
Wozniak,179
trette,179
ankomme,179
Spartacus,179
Brumm,179
bakre,179
europeisk,179
Rolling,179
rives,179
sprekken,179
gjennomreise,179
Finland,179
Thorn,179
fellesskap,179
marinesoldater,179
Cutter,179
Gant,179
semester,179
kuppet,179
undervurderer,179
cricket,179
Cato,179
dvd,179
omfatter,179
svinner,179
haler,179
hiss,179
fritid,179
bleie,179
veide,179
reduserer,179
Enterprises,179
kurerer,179
sirup,179
bankran,179
jentungen,179
Hartmann,179
videoer,179
Ramirez,179
industri,179
trippel,179
predikant,179
Regina,179
forble,179
Ooh,178
slept,178
seter,178
Hailey,178
maksimum,178
utenkelig,178
elle,178
tittet,178
dufter,178
fakke,178
gnisten,178
drittlei,178
blindvei,178
tønner,178
forvirre,178
fotografert,178
gjørme,178
utakknemlige,178
Ienger,178
lyster,178
lukkes,178
forhandling,178
håpløse,178
skeis,178
beundringsverdig,178
ryddig,178
betong,178
rocke,178
Axe,178
potetene,178
benyttet,178
mestre,178
Jean-Luc,178
gamIe,178
bueskyttere,178
aa,178
låret,178
Svensson,178
con,178
skriften,178
ydmykhet,178
sorger,178
hjemover,178
utstøtt,178
offentliggjøre,178
komisk,178
romanen,178
Fredo,178
Dolly,178
tatoveringene,178
Rommel,178
originalt,178
skjebnens,178
ryggrad,178
vagt,178
brå,178
Garrison,178
greve,178
Franny,178
genene,178
rettferdige,178
volt,178
skylt,178
stjerneskip,178
psykiateren,178
inntekter,178
juveler,177
utfra,177
fantaserer,177
luftslusen,177
Lonnie,177
børsen,177
salve,177
hæler,177
Saigon,177
khaleesi,177
Tasha,177
Flora,177
kick,177
smykket,177
suverent,177
kontoer,177
dilemma,177
tut,177
Terje,177
maska,177
forbanne,177
hÃ,177
ansiktsuttrykket,177
forbedring,177
synket,177
Göring,177
farao,177
sjokket,177
gira,177
håndterte,177
jegerne,177
stall,177
darlig,177
dollarene,177
balltreet,177
Irina,177
60-tallet,177
kausjonen,177
Robertson,177
padle,177
blandes,177
snytt,177
gär,177
Ursula,177
franc,177
klassifisert,177
representanter,177
slepte,177
forklaringer,177
tråkk,177
forestående,177
avfyrte,177
Downton,177
blokken,177
daddy,177
Bobbie,176
kinamat,176
jøssenavn,176
påstand,176
koblingen,176
heavy,176
sump,176
ribbeina,176
repareres,176
fryktløs,176
dyrehage,176
labyrint,176
utlevert,176
kunstige,176
kam,176
kunstnerisk,176
forsterker,176
gjenopplive,176
inspisere,176
adskilt,176
ovn,176
ressurs,176
Cedric,176
formidle,176
spiss,176
minimum,176
spaserer,176
kusina,176
overvurdert,176
telte,176
got,176
svigerfar,176
Bee,176
forsørger,176
gulrot,176
ordning,176
entusiastisk,176
fylket,176
puten,176
Garth,176
selvtilliten,176
sjokoladen,175
betviler,175
bortførte,175
krymper,175
Merete,175
ugle,175
skanne,175
fordervet,175
nødnummeret,175
bøyde,175
millimeter,175
anga,175
SAS,175
seiret,175
besinnelsen,175
Rodriguez,175
forfriskende,175
divisjonen,175
rollene,175
Kuwait,175
arroganse,175
kirsebær,175
uovervinnelig,175
tidsalder,175
ballong,175
foretak,175
fristelse,175
auksjonen,175
Veum,175
drikken,175
terrenget,175
sprøyta,175
småprat,175
Liverpool,175
patruljen,175
Dicky,175
frosken,175
praktikant,175
stapp,175
loggen,175
verdiløst,175
livsstilen,175
hoIde,175
banden,175
livstegn,175
ketchup,175
Barton,175
Elin,175
arabiske,175
Narcisse,175
overfladisk,174
økologisk,174
avslutningen,174
utgir,174
motiver,174
Edwin,174
seneste,174
gnir,174
berørte,174
grunnlegger,174
Caine,174
storebroren,174
Goodwin,174
Spike,174
stapper,174
godkjenning,174
Joakim,174
konsentrasjon,174
Murdock,174
smidd,174
Paddy,174
Lotte,174
razzia,174
impuls,174
mistanker,174
smører,174
velsignede,174
aktuelt,174
Davey,174
Channel,174
Kreml,174
titte,174
ballonger,174
håndskriften,174
dokumentar,174
solide,174
sarkastisk,174
humoristisk,174
motsi,174
samfunnets,174
Davies,174
buen,174
autograf,174
fridag,174
overlatt,174
midlene,174
portrett,174
Asher,174
kurv,174
rekken,174
atte,174
Kilgrave,174
traumatisk,174
Katrina,174
appelsin,174
sakens,174
selen,174
sprette,174
levebrød,174
guvernørens,174
snål,174
frigitt,174
tåre,174
skikkelse,174
springe,174
Gemma,174
franskmann,174
Bethany,173
dampen,173
dvale,173
barbarer,173
innbruddet,173
forventningene,173
spionasje,173
kafeteriaen,173
parade,173
geita,173
Sheppard,173
hvaler,173
materialer,173
Hernandez,173
hette,173
løv,173
polske,173
klisjé,173
grøfta,173
seerne,173
Santiago,173
Argentina,173
skammen,173
usikkert,173
staves,173
sjela,173
trofé,173
tilflukt,173
Platt,173
kartene,173
Ruthie,173
Buddha,173
Grantham,173
mønstre,173
Keating,173
flaskene,173
Hicks,173
småbarn,173
stiIIe,173
ubåter,173
Edison,173
perle,173
formoder,173
Ruiz,173
slukker,173
Royce,173
Atticus,173
graves,173
føderalt,173
shoppe,173
till,173
reparerte,173
mapper,173
lener,172
udugelige,172
frir,172
bat,172
Commodus,172
roten,172
Castor,172
Alf,172
industrien,172
bloggen,172
Sly,172
fIere,172
dybde,172
gjørma,172
bing,172
Dwayne,172
stjel,172
ritualer,172
konkurrentene,172
hugg,172
nøtt,172
Bubber,172
replikken,172
opprinnelse,172
avføring,172
Wang,172
dresser,172
Joanie,172
skjerpet,172
avkom,172
virkningen,172
gagner,172
sigøyner,172
stiftet,172
forretningsmenn,172
beskyttende,172
lojaliteten,172
albumet,172
Milano,172
spionerte,172
syklet,172
medskyldige,172
puck,172
krigshelt,172
Hoover,172
pink,172
Cicero,172
lotto,172
lvan,172
chef,172
militsen,172
foretok,172
omtale,172
hentes,172
Rivers,172
helikoptrene,172
blodtype,172
Magic,172
lovforslaget,172
demningen,172
generaler,172
nederste,172
dau,171
klarering,171
morsomste,171
hederlige,171
tipp,171
barnehage,171
vanilje,171
Bow,171
barberte,171
är,171
Loras,171
mesterskapet,171
Swagger,171
Henriksen,171
enstemmig,171
halskjedet,171
opererte,171
titter,171
solens,171
ulåst,171
gjöre,171
Ussing,171
spå,171
vier,171
forsyner,171
tappet,171
bedøvelse,171
returnerte,171
hνa,171
voff,171
konstruert,171
dirty,171
utenriksministeren,171
tabletter,171
islam,171
kvikk,171
snyte,171
minimal,171
synene,171
hvitvin,171
klampen,171
Moreno,171
Anubis,171
paraden,171
Hallie,171
messe,171
busser,171
overbeviser,171
bye,171
angivelig,171
Fabian,171
Jari,171
kansje,171
massakren,171
massakre,171
komplimenter,171
Ravi,171
Bente,171
avla,171
isolasjon,171
kompleks,171
spinn,171
smertefritt,170
bygda,170
digitale,170
afrikanske,170
tygger,170
strendene,170
torde,170
horse,170
Sucre,170
nettstedet,170
Stern,170
blunket,170
tabben,170
shh,170
dråpen,170
bukse,170
slurvete,170
henrettes,170
baba,170
hytten,170
konvoi,170
plagsom,170
enslige,170
Riddick,170
påvirkning,170
utilgivelig,170
symbolene,170
jordas,170
berge,170
erkjenner,170
suksessen,170
Kaplan,170
Eileen,170
Toms,170
Solis,170
Fields,170
sekundet,170
selvmordet,170
ledning,170
trakassering,170
Templeton,170
Terrence,170
frik,170
intensjoner,170
gåsehud,170
gradvis,170
ry,170
skoledag,170
Metro,170
tilegnet,170
spinner,170
Théoden,170
snikmorder,170
tapen,170
protester,170
place,170
kollegaene,170
tai,170
nordøst,170
rettferd,170
arten,170
følges,170
nølte,170
narkolanger,170
spørsmåI,170
kosthold,170
dvs,170
unnagjort,170
skamfull,170
infeksjonen,170
dyktighet,170
øyen,169
godkjennelse,169
løsner,169
Timothy,169
field,169
Sykes,169
terrassen,169
livsform,169
vekta,169
JJ,169
Tyrone,169
påskudd,169
Alexis,169
hovedkontoret,169
undersåtter,169
glødende,169
artister,169
Melvin,169
anerkjennelse,169
fløyte,169
symboliserer,169
tam,169
preken,169
sprengstoffet,169
entré,169
Montreal,169
forteIIe,169
nikk,169
trengtes,169
stilige,169
merkes,169
Madeleine,169
Niles,169
kant,169
forvarsel,169
Natasha,169
Åge,169
festningen,169
kriminaliteten,169
jernet,169
kortspill,169
tradisjonell,169
Fury,169
gamble,169
bann,169
organiserer,169
appelsinjuice,169
hk,169
årlig,169
veteran,169
dokter,168
forkjølelse,168
presisjon,168
opprette,168
Weller,168
eldgammel,168
forvent,168
wc,168
rt,168
knepet,168
CIAs,168
hvalene,168
inngrep,168
nådeløs,168
mils,168
kasta,168
poster,168
utkledd,168
Dion,168
lydene,168
forlangt,168
pils,168
portal,168
sykepleiere,168
maksimal,168
Ulrich,168
chi,168
Hodge,168
hetero,168
taperne,168
tåka,168
lekke,168
hamre,168
kraftigere,168
sanser,168
señorita,168
trår,168
now,168
markerer,168
Durst,168
fikses,168
svekke,168
kjennelsen,168
begivenhet,168
forbinder,168
vikar,168
livsformer,168
profeten,168
uavhengige,168
koret,168
statusen,168
monopol,168
potensiale,168
rygger,168
anstendighet,168
sammenstøt,168
mobilene,168
kaia,168
sukkeret,168
gorilla,168
forbød,168
Tuck,168
prakt,168
hjertestans,168
kontrolleres,168
stop,167
appelsiner,167
beregninger,167
va,167
nifse,167
ClA,167
uttrykt,167
byrådet,167
Highway,167
skue,167
bråke,167
Debra,167
tilføye,167
stemor,167
føIge,167
uklar,167
oppmuntrende,167
detvar,167
gjemmestedet,167
kostymer,167
infiserte,167
tynnere,167
stabile,167
fyrstikk,167
rouge,167
pysete,167
liberale,167
oppsigelse,167
playboy,167
kliner,167
gjerrig,167
egyptisk,167
Trine,167
funksjoner,167
mirakelet,167
registeret,167
rasen,167
uttalelsen,167
onkels,167
forelesning,167
behøve,167
kvaliteten,167
omtanke,167
lommetørkle,167
Jarvis,167
sambandet,167
tuter,167
skyldtes,167
forkjøpet,167
Ramses,167
ingeniører,167
mc,167
driten,167
ram,167
prinsippene,167
gås,167
søler,167
passiv,166
Coulson,166
Oleg,166
hisse,166
sløv,166
sexlivet,166
førstefødte,166
Pascal,166
rykket,166
Rice,166
trinnene,166
hanskes,166
briter,166
strømper,166
Antoine,166
uhyrer,166
feiringen,166
Larsson,166
varsomt,166
Targaryen,166
fontenen,166
Ringo,166
Albuquerque,166
Gomez,166
Grinder,166
belastning,166
face,166
middagstid,166
della,166
elementer,166
alligator,166
scener,166
Vilde,166
endeløse,166
elskerinnen,166
Manning,166
brennstoff,166
pilene,166
Potts,166
hjernevasket,166
latteren,166
Ramsay,166
Atlantis,166
Swann,166
overhørte,166
knask,166
tripp,166
telefonsamtalen,166
strippeklubb,166
definere,166
taktiske,166
lenken,166
frokostblanding,166
dyden,166
hur,166
Sana,166
underbevisstheten,166
Lemon,166
manipulerte,166
ustabilt,166
byrå,166
Praha,166
Hiro,166
begrenser,165
besvarer,165
besvart,165
blåbær,165
Geir,165
selgeren,165
Nellie,165
Main,165
logiske,165
galninger,165
vaskes,165
banditt,165
eksmann,165
drapsvåpenet,165
rytteren,165
veikanten,165
Gino,165
Ripley,165
piske,165
fristed,165
grande,165
Pied,165
skjelett,165
Budapest,165
migrene,165
verdiene,165
Maddox,165
stemmerett,165
Colleen,165
sykepleierne,165
Isabella,165
formalitet,165
designer,165
tosker,165
traileren,165
kompensere,165
forstyrrende,165
knyte,165
Randolph,165
Brutus,165
grønnskolling,165
antikviteter,165
herjet,165
telefonkiosk,165
paranoide,165
falken,165
laveste,165
Stackhouse,165
innslag,165
garantier,165
halvår,165
usett,165
rumper,165
gitteret,165
overgitt,165
sigaretten,165
makkeren,165
omkrets,165
støvete,165
sub,165
atom,165
Milwaukee,165
0k,165
Tsjetsjenia,165
nøttene,164
Sacramento,164
himmels,164
mobile,164
vinke,164
rektoren,164
mem,164
italienerne,164
rammes,164
Sisko,164
fatningen,164
knokler,164
slummen,164
mg,164
Parsons,164
arkivene,164
alternativene,164
suveren,164
gral,164
skattene,164
overlot,164
øksen,164
diktator,164
omgir,164
småjenter,164
Junuh,164
eies,164
dolk,164
sårt,164
kIarer,164
heldigste,164
Dudley,164
bestått,164
akterut,164
neseblod,164
Burnett,164
uunngåelige,164
leukemi,164
handikappet,164
list,164
rover,164
Skyler,164
oliven,164
mast,164
utbruddet,164
dagtid,164
dode,164
unnsetning,164
Simón,164
foretrukket,164
Gaines,164
oppfostret,164
lengden,164
Janie,164
kroppsdeler,164
smugling,163
hjembyen,163
Kristin,163
Nadine,163
dronninger,163
skjøtet,163
Chrissy,163
knekte,163
kIart,163
never,163
Cheeta,163
agnet,163
terminal,163
varsom,163
hulene,163
vantro,163
Echo,163
rifler,163
trylle,163
madrass,163
Frankrikes,163
sprukket,163
sivilist,163
forsterke,163
jippi,163
forutsatt,163
doktorgrad,163
stive,163
skraper,163
fitter,163
påtalemyndigheten,163
ping,163
Brussel,163
McGill,163
bortgang,163
besteforeldrene,163
Mulder,163
hø,163
sleper,163
tolerere,163
Sinatra,163
pupp,163
posisjoner,163
oppgir,163
SEAL,163
hjemlengsel,163
støvelen,163
morna,163
Suzie,163
sæden,163
kelneren,163
fleipet,163
tellingen,163
maskerte,162
Vinci,162
tregt,162
våset,162
astma,162
narret,162
eksorsisme,162
vrøvl,162
sarkasme,162
mein,162
blodprøver,162
made,162
Freeman,162
informer,162
erkebiskopen,162
maktesløs,162
Quark,162
gruva,162
talsmann,162
hastet,162
antennen,162
break,162
Nightingale,162
oui,162
sekkene,162
spikeren,162
forloveren,162
statistikken,162
missy,162
Willow,162
BMW,162
flørt,162
omega,162
knivstakk,162
matlaging,162
Gatsby,162
Singapore,162
gjennomfører,162
saloonen,162
hjerneskade,162
son,162
Jem'Hadar,162
mistenkelige,162
amuletten,162
Rickard,162
nordsiden,162
saksøkt,162
strømbrudd,162
skjonner,162
gIad,162
kjekkas,162
forsiktighet,162
bjeffer,162
tenkes,162
spente,162
svømmetur,162
galehuset,162
pusekatt,162
deltatt,162
Forrester,162
påstander,161
Tiberius,161
statsministerens,161
skyldfølelsen,161
terminalen,161
glidelåsen,161
hylla,161
ledes,161
Bri,161
nitti,161
faks,161
sag,161
eksotiske,161
invaderte,161
forelska,161
tomrom,161
Davina,161
Cheng,161
rue,161
plages,161
påske,161
overkonstabel,161
hyle,161
malingen,161
rekrutterte,161
brennes,161
limousin,161
tritt,161
låve,161
Beate,161
Benedikt,161
Delores,161
søsknene,161
vanker,161
blekksprut,161
tilsvarende,161
Niki,161
hjørner,161
rigget,161
heltid,161
dragekrigeren,161
Caputo,161
tenna,161
Kimberly,161
øyekontakt,161
voksent,161
gravene,161
utgjøre,161
problematisk,161
galgen,161
Lu,161
morderiske,161
Nederland,161
snorker,161
boksene,161
turneen,161
idrett,161
hengiven,161
målløs,161
forberedelser,161
forberedelsene,161
ikkeno,160
forgifter,160
prosit,160
introduserte,160
rettferdiggjør,160
Moira,160
især,160
brikken,160
gjennomsøke,160
sâ,160
imperiets,160
ert,160
byggingen,160
engst,160
VM,160
utføres,160
romere,160
familiemedlem,160
oppveksten,160
dødsdømt,160
akseptabelt,160
ideelt,160
nakke,160
bleke,160
dagboka,160
sheriffens,160
mafia,160
investeringer,160
morderisk,160
Parks,160
serveren,160
hann,160
Worth,160
sollys,160
iv,160
Wigand,160
gitter,160
Mercer,160
Rafe,160
disposisjon,160
bistand,160
nøyer,160
kjernefysisk,160
østen,160
Rosewood,160
oksygenet,160
Lambert,160
amfetamin,160
marinens,160
quarterback,160
Mm-hmm,160
menneskelighet,160
dusøren,160
signora,160
barber,160
avdekket,160
hyggeligere,160
diett,160
konklusjonen,160
Bach,160
yte,160
Tito,160
blødning,160
flyger,160
avgir,160
plassering,160
óg,160
inntektene,160
bortskjemte,160
døyt,160
Murtaugh,160
AB,160
Lodbrok,160
rente,159
Kendall,159
respekter,159
Marit,159
Ernest,159
vesentlig,159
lemmer,159
Sunshine,159
Luciano,159
Emerson,159
rygge,159
lugaren,159
gjestfriheten,159
smultring,159
frigi,159
værre,159
frosker,159
CBS,159
Hooper,159
milkshake,159
defekt,159
bien,159
krigføring,159
anmeldelsen,159
sådan,159
beskyldt,159
pågriper,159
framgang,159
ammo,159
rehabilitering,159
søvnløs,159
knockout,159
Heinrich,159
solstråle,159
prove,159
Cornell,159
Dragon,159
Rudi,159
utpå,159
korsfestet,159
Grønland,159
døve,159
bearbeide,159
Ramos,159
proffer,159
Darhk,159
seilene,159
tarmene,159
gjødsel,159
Jyn,159
overskuddet,159
bredden,159
kloss,159
investorene,159
iste,159
Dannys,159
Jekyll,159
Dane,159
lystig,159
Doakes,159
Rodrigo,159
scenario,159
antenne,158
Svend,158
naturtalent,158
garnisonen,158
Wilkes,158
Wilhelm,158
snubler,158
våker,158
arrestasjonen,158
igen,158
rabies,158
Shifu,158
bever,158
stripe,158
spøkelsene,158
glatte,158
spolere,158
noterer,158
skjulet,158
bakte,158
Tahiti,158
tilbaketrekning,158
kunngjør,158
zoo,158
hingst,158
helbreder,158
burgere,158
JP,158
kostbar,158
sinnsykt,158
Lumen,158
radikale,158
trampet,158
venninnene,158
rareste,158
Sibir,158
tvilling,158
Marcia,158
rocker,158
baronesse,158
forbud,158
bestukket,158
bæsje,158
Goose,158
snappet,158
togene,158
langvarig,158
Warszawa,158
yen,158
journalistikk,158
kandidaten,158
marker,158
Forbes,158
dumhet,158
Castro,158
forbryteren,158
Barnum,158
Maxwell,158
synden,158
sløsing,158
Vulcan,158
høydepunkt,158
ulogisk,158
forsinkelse,158
vista,158
spøken,158
granskning,158
Mendez,157
fillern,157
kinesere,157
joggesko,157
skur,157
sutter,157
Karsten,157
fengsle,157
rastløs,157
Bless,157
Olga,157
unormalt,157
ordenen,157
Zion,157
analyserer,157
Kobe,157
Leila,157
rim,157
frister,157
fedreland,157
lesbe,157
ignorert,157
utlevere,157
homoseksuell,157
frels,157
vanen,157
stang,157
krateret,157
Kirsten,157
ståpikk,157
lyger,157
visshet,157
gras,157
opplysning,157
Bens,157
dybden,157
arbeidsløse,157
tålmodige,157
smadret,157
gjelda,157
sekt,157
Buckley,157
container,157
Cleo,157
rekrutter,157
kræsjet,157
fjernsyn,157
kassetten,157
analysen,157
preke,157
Lone,157
massiv,157
foredrag,157
Basil,157
matche,157
pynt,157
sørvest,157
månens,156
plystre,156
potetgull,156
Zlatan,156
sjampanje,156
signaturen,156
kamuflasje,156
jojo,156
tilkoblet,156
Björn,156
hjemsøker,156
svømmebasseng,156
Jodie,156
kontoene,156
prøveløslatelse,156
JFK,156
argumentere,156
skjulestedet,156
etterfulgt,156
teip,156
villaen,156
underbuksene,156
mila,156
os,156
sikreste,156
rettens,156
Chewie,156
sprøyten,156
Cohen,156
umoralsk,156
halsbånd,156
puter,156
overgivelse,156
Johansen,156
metallet,156
skålen,156
Scully,156
bukke,156
hengivne,156
Hendrix,156
Raben,156
lutter,156
ormehull,156
knute,156
vevet,156
tydeligere,156
Vibeke,156
Pepsi,156
Nanna,156
griller,156
Lucia,156
kokainen,156
eldgamle,156
bam,156
undersøkes,156
posene,156
sykestuen,156
insistere,156
raidet,156
forhastet,156
arbeidskraft,156
individ,156
Yvette,156
styrmann,156
tallerkener,155
room,155
νi,155
jurist,155
Sunset,155
detonere,155
Salaam,155
puberteten,155
smiske,155
hunnen,155
Darby,155
rullebanen,155
nyss,155
visning,155
opplysningen,155
klandret,155
bandasjer,155
Langdon,155
forsegle,155
losji,155
es,155
sendebud,155
undertekst,155
konsept,155
horehus,155
løslates,155
hyrer,155
Michele,155
innkaller,155
fordøye,155
Loretta,155
uautorisert,155
inviter,155
tilsynsføreren,155
bakrus,155
Thunder,155
Evey,155
dummen,155
koffein,155
vekter,155
gartneren,155
Malkovich,155
foler,155
utveksling,155
gjenstandene,155
invaderer,155
toaletter,155
klype,155
Paulo,155
Stringer,155
kurer,155
instruksjonene,155
Wyoming,155
stedfortreder,155
Poirot,155
brukbar,155
Bellamy,155
fornekter,155
Starbucks,155
jetfly,155
Bren,155
Lana,155
travle,155
oversvømt,155
stillingene,155
Cain,155
seriemordere,155
forbanner,155
ventilen,155
Ola,154
floke,154
forståelsesfull,154
uklokt,154
uttrykte,154
barmhjertige,154
speideren,154
ver,154
vulkanen,154
uselvisk,154
snus,154
Jeremiah,154
kopierte,154
julenisse,154
Viola,154
edderkoppen,154
rullebane,154
rebellene,154
befridde,154
benk,154
parasitt,154
innbygger,154
psykologiske,154
utilgjengelig,154
Jurij,154
forhører,154
Shep,154
rævkjørt,154
skotsk,154
Primo,154
hærer,154
busk,154
skannet,154
kråke,154
organ,154
Kunta,154
fillebiter,154
kyssing,154
muslimske,154
Klaven,154
ropt,154
Saurons,154
hindring,154
opphører,154
hovedsaken,154
trøster,154
Devereaux,154
halt,154
drittunger,154
Gerard,154
etisk,154
inspirere,154
beboerne,154
prioritere,154
angir,154
Boyle,154
siv,154
kidnapperne,154
Tusk,154
Rossi,154
lengsel,154
ridende,154
Moby,154
Aubrey,154
bebreider,154
Prescott,154
understreke,154
slåssing,154
Barlow,154
slant,154
frastøtende,154
Ventura,154
vognkort,154
oppmuntring,154
kalender,154
Dax,154
SUBSTANCE,154
forbryterne,154
casa,154
plattform,154
U.S,154
elektromagnetisk,154
legens,154
herres,154
erotisk,154
regent,154
smidig,153
spekulere,153
statistikk,153
Ahab,153
intimt,153
hoften,153
señora,153
most,153
avtalene,153
vinnerne,153
villsvin,153
øyeblikkene,153
uttalelser,153
ryke,153
fettet,153
Lorna,153
attentatet,153
innlede,153
ukomfortabel,153
fĺ,153
Crow,153
Wiley,153
Burgundy,153
negre,153
heist,153
Burma,153
rasisme,153
datamaskinene,153
Commander,153
livvakten,153
anarki,153
knytt,153
Darth,153
bjelle,153
fokuserte,153
there,153
Slur,153
innerste,153
fornye,153
Kayla,153
drivstoffet,153
ryggsekk,153
illusjoner,153
livredde,153
Army,153
mylord,153
avdelinger,153
Spence,153
fiksa,153
Renata,153
Lockhart,153
sløret,153
musikalsk,153
Scorpion,153
lnteressant,153
parykken,153
muldvarpen,153
institutt,153
maskene,153
Church,153
ubemerket,153
Beirut,153
nordmenn,153
gradert,153
generator,153
bannet,153
dustete,153
utøve,153
tilhenger,153
hårene,153
misunnelse,153
Berkeley,153
affærer,153
sponsor,153
cv,153
timeplan,153
innsyn,153
vaskeriet,152
J.D,152
Egypts,152
Records,152
unionen,152
serveres,152
konsentrasjonen,152
journalistene,152
foretrakk,152
utelukker,152
Reeves,152
kamel,152
Trubel,152
svingende,152
flyktning,152
jackpot,152
ranerne,152
prestasjon,152
utslag,152
Suzy,152
Snyder,152
religionen,152
slående,152
bankkonto,152
administrerende,152
Healy,152
respekten,152
inndratt,152
kjærlige,152
åpenbar,152
Hemingway,152
basta,152
legion,152
Moody,152
favn,152
rarere,152
tilbakefall,152
gifteringen,152
tyveriet,152
tvilen,152
Snowden,152
krets,152
Abdul,152
haren,152
fatet,152
Hobson,152
Patsy,152
overveier,152
ungkar,152
pipetonen,152
risikert,151
hedrer,151
postkontoret,151
varen,151
Jameson,151
bukta,151
generalene,151
besvime,151
Devlin,151
linen,151
limonade,151
blund,151
Lobos,151
Hakeem,151
Zealand,151
lotus,151
hilsener,151
planetene,151
viv,151
innvirkning,151
illegale,151
Miyagi,151
immune,151
liga,151
smiger,151
Candace,151
fyrverkeriet,151
Swanson,151
jediene,151
gårdsplassen,151
ankomsten,151
Fayed,151
flipper,151
håner,151
Byron,151
Vale,151
sjørøvere,151
inntraff,151
provinsen,151
demper,151
enger,151
utbrent,151
undervisningen,151
tåper,151
Russo,151
tøvet,151
oppvisning,151
motvillig,151
fjernsynet,151
desverre,151
delaktig,151
kIare,151
prikker,151
patruljer,151
koplet,151
Reginald,151
potten,151
grønnsak,151
impulsiv,151
meksikanerne,151
mildere,151
Bernstein,151
kablene,151
undercover,150
høna,150
kantene,150
snakkingen,150
kalv,150
negeren,150
æra,150
spontan,150
beherske,150
Renly,150
foreslått,150
gårsdagen,150
bikini,150
kjært,150
globale,150
Kenya,150
rockestjerne,150
forhastede,150
bandasjen,150
forsamling,150
revoir,150
Trask,150
fornekte,150
svoger,150
hermed,150
besøksforbud,150
Louisa,150
Abbott,150
dump,150
Alcatraz,150
kalkunen,150
vulkan,150
foregå,150
uærlig,150
støtende,150
Theis,150
sprekke,150
sikler,150
googlet,150
dummer,150
stavet,150
snoker,150
tomrommet,150
reglementet,150
Kruse,150
Nicklas,150
oppblåst,150
opp-ned,150
Zeus,150
svaert,150
vampyren,150
privilegier,150
bekvemt,150
snørrunge,150
hoven,150
brukbart,150
flaksen,150
kjøttpudding,150
Roberta,150
myra,150
smeden,150
plasma,150
lerretet,150
magre,150
unnsluppet,150
anerkjent,149
spenne,149
renere,149
forhørte,149
nuet,149
Krystal,149
Zed,149
såkalt,149
setebeltet,149
frihetens,149
vitende,149
fyrens,149
organisasjoner,149
vaginaen,149
røyket,149
herredømme,149
beundring,149
reportere,149
dinosaurer,149
stresse,149
autentisk,149
Stine,149
Terri,149
Marquez,149
kopien,149
Leeds,149
ananas,149
showtime,149
eksemplarer,149
mentalsykehus,149
fossen,149
nyfødt,149
primitiv,149
Peyton,149
suser,149
Susanne,149
rettmessig,149
viker,149
Disney,149
langere,149
instrumentene,149
Vlad,149
Boromir,149
nominert,149
Hirsch,149
familiemedlemmer,149
FøIg,149
doser,149
missil,149
opplæringen,149
pumpet,149
grøten,149
anerkjenner,149
preget,149
offentliggjort,149
givende,149
rus,149
Somalia,149
dramatiske,149
borde,149
argument,149
berte,149
Harmon,149
Cortez,149
jobbintervju,149
Law,149
dream,149
psyko,149
øyeblikks,149
ømhet,149
bakker,149
audiens,149
stengetid,149
Teal'c,149
Beckett,149
sekker,148
ambisjon,148
kjøle,148
snev,148
slank,148
styrket,148
Petey,148
English,148
fir,148
fotavtrykk,148
tidslinjen,148
undergangen,148
keiserinnen,148
håndleddene,148
Stokes,148
knivene,148
gren,148
indisier,148
Joe's,148
figuren,148
rennesteinen,148
emosjonelt,148
eliminert,148
Kizzy,148
gamlebyen,148
munter,148
testiklene,148
milliardær,148
IiIIe,148
svensken,148
avsløres,148
keep,148
koreansk,148
Otis,148
Mahoney,148
oppspore,148
clean,148
sikkerhetsdepartementet,148
adlyd,148
unnvære,148
vl,148
kosteligste,148
pedofil,148
Sobel,148
besvimt,148
staters,148
spredde,148
publisere,148
radioaktiv,148
yankeene,148
semesteret,148
oppsatt,148
tannbørsten,148
rammen,148
tavla,148
geiter,148
Corp,148
Carlisle,148
Artur,148
nâ,148
striden,148
uran,148
sørøst,148
journalene,148
skjortene,148
machete,148
Novak,148
avklart,148
låses,148
markere,148
mellommann,148
gjennomskuet,148
aksepter,148
Carmela,148
snuble,148
obligasjoner,148
bestyreren,148
munken,147
henrivende,147
luring,147
Lowe,147
rullestolen,147
bollen,147
soul,147
kodeksen,147
klargjøre,147
Laurent,147
gjenforening,147
homoseksuelle,147
koloni,147
Ginny,147
cappuccino,147
gullgruve,147
ledsager,147
opphav,147
innmari,147
Midway,147
berger,147
ydmykt,147
tynger,147
dansegulvet,147
bæsjer,147
avlive,147
lighteren,147
Langston,147
frelseren,147
Ballard,147
forfalskning,147
Kublai,147
gigantiske,147
Josephine,147
Ames,147
pensjonerte,147
kirurgisk,147
brikkene,147
fingrer,147
bestillinger,147
obligatorisk,147
lass,147
fakket,147
sammenlignes,147
etterforskeren,147
avgjøres,147
Saturn,147
deltid,147
kommoden,147
anstendige,147
saloon,147
karat,147
kinnene,147
beholderen,147
kongene,147
Torstein,147
hunn,147
gudinnen,147
Sigrid,147
jentunge,147
sensei,147
Six,147
infanteriet,147
dialog,147
rømlinger,147
utelukkende,147
væsken,147
makaroni,147
stake,147
lappe,147
allmennheten,147
skanning,147
Humphrey,147
logikken,147
lay,147
desperasjon,147
motangrep,147
øvrig,147
heldiggris,146
godbit,146
jævlige,146
Lung,146
vesker,146
Murdoch,146
redningen,146
tysteren,146
visesheriff,146
Albany,146
datoer,146
kritiske,146
Jericho,146
Torrio,146
Europas,146
innvoller,146
snurr,146
lasagne,146
statlige,146
høster,146
krenker,146
Bronson,146
internt,146
undertrykke,146
avstå,146
svindlet,146
følelsesmessige,146
avlagt,146
forstyrres,146
Chaney,146
saksa,146
fem-seks,146
eggerøre,146
morsmål,146
skapes,146
varulver,146
Keats,146
idealer,146
shopping,146
tykkere,146
månedens,146
kopierer,146
informerte,146
Jeb,146
pålagt,146
Abrahams,146
overordnet,146
begavede,146
gammeldagse,146
Mateo,146
Nikolai,146
mordvåpenet,146
ferten,146
watch,146
Angus,146
Colette,146
Gigi,146
Føderasjonens,146
søvnen,146
forener,146
hormoner,146
meksikaner,146
Hesselboe,146
uimotståelig,146
plutonium,146
enebarn,146
su,146
soppen,146
Egan,146
gjennomgikk,146
Gabriella,146
benådning,145
omdømme,145
viagra,145
dreping,145
morra,145
spanjolene,145
forsvarsminister,145
salige,145
vanne,145
begrep,145
alvoret,145
flyplasser,145
grunne,145
krabber,145
narkotikaen,145
Ivy,145
buskapen,145
birdie,145
omgå,145
rådyr,145
feires,145
Ming,145
forsinke,145
pyramiden,145
revers,145
konklusjoner,145
sklir,145
komplott,145
jarlen,145
husverten,145
Brand,145
organisme,145
Dunn,145
mened,145
bærbare,145
portforbud,145
sabotere,145
sistemann,145
cd,145
potensiell,145
runket,145
bobilen,145
underjordisk,145
gartner,145
hangaren,145
overnaturlig,145
hevner,145
Barr,145
Mira,145
steker,145
Steinar,145
blunker,145
Laeddis,145
intim,145
stumpen,145
faget,145
grisete,145
Flag,145
skum,145
bara,145
kontorer,145
leirene,145
høydeskrekk,145
syklene,145
bryllupsnatten,145
frimerker,145
dobler,145
svarting,145
sjeiken,145
herskerinne,145
kommisjonen,145
prise,145
overgang,144
Labs,144
artiklene,144
uskikkelig,144
intensiven,144
nøe,144
tablettene,144
paraply,144
setninger,144
ire,144
S.T.A.R,144
fornektelse,144
selvrespekt,144
Omaha,144
forurenset,144
husdyr,144
drøy,144
rynker,144
truslene,144
Dolls,144
forsvarets,144
Toretto,144
uskadet,144
Crockett,144
comanche,144
Greenwich,144
niggerne,144
presidenter,144
hyrte,144
Volvo,144
Tron,144
Frankfurt,144
toner,144
oppspinn,144
spilleren,144
tilbe,144
bryderiet,144
urettferdighet,144
hangarskip,144
elektronikk,144
milevis,144
katalogen,144
veps,144
halvblods,144
Odessa,144
lighter,144
ukens,144
Pandora,144
standpunkt,144
skribent,144
regnskapsfører,144
eskene,144
Townsend,144
Birmingham,144
døpe,144
søs,144
Backpage,144
orgie,144
Gondors,144
depresjonen,144
vu,144
Tucson,144
Milner,144
utnevner,144
identifiserer,144
delstatspolitiet,144
moderate,144
ubestemt,144
gatt,144
Reacher,144
benektet,144
seven,144
Bearbeidelse,144
klag,144
moskeen,144
urørt,143
tingeling,143
skredder,143
døpte,143
etterlysning,143
Cassius,143
rettssal,143
notat,143
branner,143
brøler,143
belønne,143
sagen,143
bikkjer,143
løvene,143
lykkedagen,143
lost,143
raring,143
Minas,143
oppdagelsen,143
Richter,143
inneholde,143
kåken,143
Kathleen,143
kofferter,143
raid,143
avledningsmanøver,143
Herald,143
Crown,143
terminator,143
hyggeIig,143
Cannes,143
Rudolf,143
navigere,143
die,143
rival,143
væpner,143
Salvador,143
O'Bannon,143
lem,143
tyrkisk,143
underskriften,143
grill,143
Clare,143
lt,143
flyktig,143
Inger,143
årstiden,143
Cohaagen,143
overførte,143
tt,143
effektivitet,143
Tatum,143
Guthrie,143
republikaner,143
demokrater,143
eBay,143
inklusive,143
nn,143
hop,143
Garber,143
i0,143
Johanne,143
Mattie,143
forsett,143
forsetet,143
kjøpere,143
postkassen,143
overgått,143
magefølelse,143
gunst,143
kremen,142
djevelsk,142
drikkingen,142
benådet,142
bestakk,142
Kidd,142
fasaden,142
faktiske,142
paprika,142
kombinert,142
studenten,142
unskyld,142
Tribbiani,142
greien,142
visittkort,142
potensialet,142
sement,142
gavmild,142
tippe,142
gyldne,142
Alexandria,142
klone,142
utskyting,142
avløser,142
vemmelig,142
hannen,142
sørgende,142
faktor,142
overflod,142
innspillingen,142
Moesgaard,142
megga,142
ustoppelig,142
lagrer,142
ª,142
respektløst,142
skalkeskjul,142
avtrykkene,142
ludderet,142
pelle,142
slukte,142
nyfødte,142
rikke,142
Genesis,142
hane,142
opphevet,142
tyr,142
Iangt,142
rettslig,142
Joanne,142
puppen,142
tradisjonelt,142
hovne,142
Tijuana,142
fryktede,142
foreldreretten,142
adm,142
tilsvarer,142
Tonny,142
Birch,142
Wills,142
admiralen,142
kulehull,142
gløder,142
kanalene,142
Hermes,142
ydmykelse,142
sveitsiske,142
hersket,142
melke,142
datert,142
liknet,142
motorsykler,142
McCall,142
Laszlo,142
honnør,142
krokodille,142
skjemmes,142
hørselen,142
ufødte,141
Pearce,141
fotografiet,141
maste,141
cup,141
sonar,141
sterkest,141
syte,141
bris,141
sleip,141
really,141
tissen,141
Pussy,141
GPS-en,141
erstattes,141
bullshit,141
Metropolis,141
moten,141
utveien,141
strå,141
Kerry,141
etterspørsel,141
vedrørende,141
Nichols,141
mini,141
Atwood,141
steller,141
bankboks,141
kriminalpolitiet,141
soler,141
Norges,141
lærdom,141
hogge,141
trekket,141
blondiner,141
Herbie,141
smykke,141
Arkansas,141
smella,141
Slater,141
manisk,141
tonnevis,141
Joon,141
tomannshånd,141
evakuerer,141
Carroll,141
konkurrent,141
stimulerende,141
eIIers,141
sørsiden,141
lisensen,141
Enrique,141
skjelven,141
nitten,141
beseirer,141
maurene,141
røkt,141
deadline,141
motstanden,141
piggtråd,141
lokkemat,141
McCarthy,141
Knight,141
Dorne,141
byttes,141
Chanel,141
aktet,141
løpsk,141
dynamitten,141
smarting,141
disketten,141
borer,141
Alfredo,141
Shaun,141
Giles,141
Egil,141
Tao,141
rutiner,141
magnetiske,141
intellektuelle,141
smal,141
kranen,140
bidro,140
camping,140
flyttingen,140
slutninger,140
avstengt,140
helvette,140
arbeidsgiveren,140
fjærene,140
tyngdekraft,140
overfør,140
skarpskytter,140
kjøres,140
telling,140
sporløst,140
høyttaleren,140
buskap,140
un,140
umenneskelig,140
vårs,140
Londons,140
Eisenhower,140
demokratiske,140
toro,140
psykiatriske,140
damn,140
gjerningsmann,140
forlangte,140
Gennaro,140
sikkerhetsbeltet,140
entreprenør,140
syntetisk,140
forbauser,140
hjemsøke,140
leget,140
Tuco,140
pà,140
slimete,140
potensielt,140
smuler,140
overdrev,140
fotballspiller,140
hjemland,140
grotten,140
enhjørning,140
stefar,140
Self,140
Xerxes,140
bomba,140
hologram,140
flo,140
O'Hara,140
hårstrå,140
O'Malley,140
hisser,140
Cristina,140
begir,140
presanger,140
Avi,140
Tour,140
Göteborg,140
eventuelt,140
reine,140
Goebbels,140
avlytte,140
hygiene,140
Quintus,140
Viper,140
skrotet,140
konservative,140
ubehag,140
boligen,140
gĺr,140
Norbit,140
fortrolighet,140
klå,140
kjepp,140
siktelsen,140
Mathis,140
Astor,140
Asuna,140
mud,140
Benton,140
seglet,140
skinnene,140
rengjør,140
Heisan,139
metamfetamin,139
kjøteren,139
avreise,139
campus,139
hauk,139
skalle,139
spratt,139
klemt,139
Chino,139
nøl,139
Vivien,139
fjott,139
omvisningen,139
uniformene,139
pinner,139
Leningrad,139
svigersønn,139
velvilje,139
dempet,139
streiker,139
rekruttert,139
lopper,139
Kjell,139
Windsor,139
Reg,139
Buckingham,139
lekeplassen,139
romaner,139
oppheve,139
løpegutt,139
gjenvinne,139
gjentok,139
depositum,139
deportert,139
skoger,139
prioriterer,139
duge,139
haka,139
rekka,139
behage,139
parat,139
profeti,139
salte,139
eldes,139
Grissom,139
Rydell,139
Midnight,139
grusomhet,139
gjennomsøkt,139
Stamm,139
Goldman,139
Gallo,139
slakt,139
Margaery,139
rodeo,139
Casablanca,139
kreativt,139
Lehman,139
oppbevare,139
maktens,139
Hulken,139
tuberkulose,139
Shaft,139
Ghul,139
programvaren,139
sirener,139
dess,139
sá,139
destinasjon,139
kebab,139
medsammensvorne,139
toalettene,139
BBC,138
dyna,138
hebraisk,138
overlykkelig,138
forfalske,138
Marx,138
Sudan,138
utløp,138
Libya,138
forfengelighet,138
adrenalinet,138
diligencen,138
såklart,138
bøddel,138
anklages,138
dunk,138
Skeeter,138
nevnes,138
fighter,138
Bloody,138
distraksjon,138
Booth,138
Diggle,138
unnvikende,138
herpes,138
Rica,138
leppestiften,138
Seamus,138
Djengis,138
Iosava,138
fløyta,138
babyene,138
Struensee,138
kretsen,138
kakerlakker,138
pynter,138
Joss,138
håndverk,138
sí,138
lærd,138
rasjoner,138
maraton,138
stevnet,138
telefonsvarer,138
bursdagsfest,138
tilfluktssted,138
tilhørt,138
slutta,138
hvete,138
girls,138
stupet,138
perfeksjon,138
østsiden,138
føIger,138
postmannen,138
numre,138
utenpå,138
Martins,138
Monique,138
Misty,138
lengde,138
France,138
noble,138
uverdig,138
beskyldninger,138
svekling,138
Conner,138
symptom,138
brygga,138
plakat,138
syndikatet,138
motsetter,138
fasade,138
Radley,138
gladiator,138
ubeskyttet,138
hodeskallen,138
pølsene,138
landskap,138
när,138
oppsøker,138
crew,138
etikk,138
Dia,138
vakthavende,138
tvilsom,138
knepp,138
ektefolk,138
Dubai,138
tårnene,138
vellykkede,138
haiene,138
tivoli,137
sprutet,137
lårene,137
letteste,137
Middelhavet,137
Roxanne,137
kjærlighetsbrev,137
que,137
giftering,137
tjenestemann,137
borgermesterens,137
uberegnelig,137
hjertesorg,137
kjærestene,137
manøver,137
fondet,137
bråkmaker,137
ufølsom,137
styggeste,137
kabinen,137
iskalde,137
Driscoll,137
dokumentere,137
svakeste,137
gjennomsøk,137
stek,137
syndrom,137
Fytte,137
hoff,137
midtvesten,137
barrieren,137
tulla,137
treskalle,137
slekta,137
Pinky,137
Borgia,137
borgerne,137
tolkning,137
stabssjef,137
flittig,137
matta,137
nonner,137
Downs,137
jam,137
jagde,137
eksplosjoner,137
honorar,137
Cavanaugh,137
sveitsisk,137
Davos,137
straight,137
hi,137
gjerder,137
krydret,137
leiesoldat,137
identisk,137
Muhammed,137
Amina,137
forutbestemt,137
ferge,137
driti,137
Puerto,137
ldiot,137
ramse,137
Ralphie,137
host,137
missilene,137
Dooku,137
Ludvig,137
alien,137
bratt,137
levebrødet,137
Zoey,137
fĺr,137
Nottingham,137
henging,137
landingen,137
klissete,137
muskel,136
skrekkelige,136
hjemmebrent,136
kollektiv,136
kompromittert,136
megleren,136
politifolkene,136
dopapir,136
milligram,136
frøet,136
Drover,136
oppmerksomme,136
Rooster,136
aktiveres,136
hyrde,136
bemann,136
forandringen,136
Persia,136
kran,136
stunden,136
Julio,136
regjeringer,136
tyrann,136
pesos,136
verdsette,136
Bessie,136
Tanz,136
slokk,136
pipen,136
bevar,136
Cutty,136
tryllestaven,136
fremstå,136
installere,136
Åsgard,136
hello,136
vase,136
misbrukte,136
fosteret,136
Ramón,136
kappa,136
iverksette,136
muldyret,136
røver,136
overvåkes,136
Melinda,136
mangt,136
Raphael,136
undertegner,136
høyttaler,136
McNulty,136
Hilton,136
Kongo,136
pucken,136
montere,136
Rogue,136
godteriet,136
franskmannen,136
amme,136
frisør,136
Declan,136
Bram,136
besitter,136
herjer,136
pavens,136
uavhengighetserklæringen,136
svartebørsen,136
blodsutgytelse,136
Marv,136
delfiner,136
kragen,136
Django,136
praktfulle,136
utsultet,136
Mortimer,135
lovforslag,135
Sentinel,135
Jodi,135
analytiker,135
Whitehall,135
ballongen,135
ugress,135
im,135
uetisk,135
flådd,135
Katy,135
vinder,135
gåen,135
Leopold,135
forhøret,135
bukker,135
pressemelding,135
nødsignal,135
Greyjoy,135
stipendet,135
bakholdsangrep,135
tonight,135
Nilen,135
rødhåret,135
mottakelse,135
bondetamp,135
skive,135
take,135
Cardinal,135
Wolowitz,135
Ansgar,135
avdekke,135
veilede,135
skvetten,135
montert,135
Bånnski,135
kvadratmeter,135
ruinert,135
tiltrekkes,135
Edinburgh,135
middelaldrende,135
slektningene,135
Filip,135
undret,135
Juanita,135
comeback,135
malaria,135
pumpa,135
avgjørelsene,135
hingsten,135
digg,135
fortellinger,135
humoren,135
festival,135
MacDonald,135
visitt,135
slanke,135
eksempler,135
tommel,135
flanken,135
fortrolige,135
bevarer,135
kopiert,135
apos,135
brister,135
symbolsk,135
begrepet,135
lufte,135
Danvers,135
helheten,135
villeste,135
sløs,135
instrumenter,135
fist,135
skapene,135
baugen,135
Juno,134
utgangspunkt,134
Atlanteren,134
Callie,134
alter,134
odl,134
korridor,134
eeh,134
eksklusive,134
sjukt,134
orientert,134
Prix,134
klarne,134
utkjempe,134
trofeet,134
dimensjoner,134
rennende,134
Aziz,134
Claes,134
grinete,134
godsakene,134
Freebo,134
stue,134
serviett,134
gudstjenesten,134
foreldet,134
sverdene,134
lørdager,134
limousinen,134
sivilister,134
innbilning,134
fristen,134
uttalt,134
omfanget,134
Chekov,134
rain,134
strippere,134
streik,134
Lockwood,134
Wiltersen,134
Salvatore,134
Noora,134
endringen,134
øyenbrynene,134
horen,134
Joaquin,134
torsdager,134
bakeriet,134
drepingen,134
hjorten,134
panne,134
Wickham,134
ankeret,134
innføre,134
Terrance,134
Bajor,134
bevises,134
evolusjon,134
Macbeth,134
sage,134
Dolan,134
imponerer,134
gammer'n,134
Addison,134
Guatemala,134
grillfest,134
begi,134
Daedalus,134
sjanseløs,134
Bashir,134
blomstret,134
slaveriet,134
aggressivt,134
frustrasjon,134
kjeden,134
snegler,134
Memorial,134
Chisum,134
Steele,134
samarbeidsvillig,134
produktene,133
Guzmán,133
asteroiden,133
overbelastet,133
Mordors,133
massere,133
gravlagt,133
henretter,133
Hasmukh,133
påføre,133
korteste,133
rusen,133
LaGuerta,133
Coco,133
institusjonen,133
levetid,133
pensjonist,133
arbeidsledig,133
Arch,133
elementene,133
elegante,133
drakter,133
Vidar,133
hypnose,133
lidelsene,133
endringene,133
infanteri,133
stjerneskudd,133
listig,133
stirr,133
andelen,133
dansere,133
Ritz,133
statsadvokatens,133
konserter,133
Kambodsja,133
Walther,133
gjřre,133
skiver,133
modigere,133
galakse,133
Goodman,133
smørbrødet,133
deltaker,133
strukturen,133
Flicka,133
fjernkontroll,133
yter,133
testikler,133
lens,133
barneskolen,133
kano,133
Venice,133
Fogg,133
sengetøy,133
prototypen,133
rampen,133
stykk,133
Salander,133
halter,133
dassen,133
kategori,133
alternative,133
ekskjæresten,133
protesterte,133
sIags,133
free,133
volumet,133
primære,133
sammenligner,133
Lombardo,133
snittet,133
bås,133
skyen,133
snilleste,133
romantiker,133
Himmler,133
hippie,133
psykopaten,133
Nelly,133
Michaela,133
begjæring,133
Mossad,133
Micke,133
utnevnte,133
programvare,133
Hancock,133
døper,133
engasjerte,133
gange,132
ull,132
mottoet,132
merry,132
drastisk,132
tryggest,132
Penelope,132
korrekte,132
pengenes,132
kirurgen,132
Gusteau,132
atombomben,132
japsene,132
Castiel,132
overvåkningen,132
Chile,132
iverksetter,132
forvekslet,132
kile,132
Lavinia,132
Gaston,132
skjøre,132
manuskriptet,132
muffens,132
JB,132
ondskapsfulle,132
Mahone,132
Definer,132
mellomnavnet,132
sutre,132
boten,132
snor,132
gjengjeldelse,132
bøtter,132
frøene,132
forbudet,132
Linn,132
Goldie,132
plyndrer,132
sykehusets,132
karaoke,132
sedlene,132
separate,132
tannfeen,132
katedralen,132
Thelma,132
app,132
kjøl,132
attentat,132
Meggie,132
simpelt,132
saftige,132
anstrenge,132
toalettpapir,132
fotballkamp,132
Octavian,132
demokratisk,132
Hubert,132
mopp,132
Kleopatra,132
overflødig,132
forkle,132
påstått,132
arbeidstiden,132
apparat,132
forsoning,132
tenkelige,132
laird,132
fabrikker,132
klimaet,132
overrask,132
mile,132
Bowie,132
Zachary,132
sjeik,132
renseriet,132
utrivelig,132
mikrofoner,132
strømpene,132
kjempesøt,132
Verde,132
Rhode,132
harmløst,132
modent,132
Wall-E,132
minene,132
Derrick,132
biltyveri,132
forlatte,132
ha-ha,132
opprørte,131
Ani,131
munkene,131
banka,131
fiskere,131
magnum,131
slengte,131
CDC,131
barbarene,131
imponerte,131
medynk,131
tu,131
nøytrale,131
globalt,131
nasjonalgarden,131
betrakte,131
Actual,131
t-skjorter,131
Osborne,131
goddag,131
sporing,131
ld,131
Aspen,131
filosof,131
dokumentasjon,131
Frenchy,131
iverksatt,131
erfaringen,131
anså,131
rekrutt,131
Mats,131
Denny,131
Corbett,131
stjerneskipet,131
Freeway,131
Berman,131
markert,131
Alton,131
kalorier,131
parasitter,131
krystall,131
galleri,131
vertshus,131
røst,131
vasen,131
statistisk,131
låtene,131
Carsten,131
kattunge,131
ubetydelige,131
music,131
solkrem,131
katolikker,131
proviant,131
overlegg,131
elektroniske,131
Giants,131
Gibbons,131
oppnådde,131
smisker,131
undrer,131
kroker,131
essensen,131
matematisk,131
overskrifter,131
figurer,131
nådige,131
investor,131
spesifikke,131
investeringen,131
publisert,131
svime,131
analyser,131
romulanerne,131
kjepphøy,131
forekommer,131
Lennie,131
Dot,131
nummen,131
inntatt,131
faenskap,131
ærer,131
spole,131
gĺ,131
konsul,131
tunger,131
Landon,131
vike,131
Marys,131
graviditeten,131
utad,131
spredning,131
spot,131
kjøttboller,131
skandaløst,130
overdriv,130
ødeleggelsen,130
Hatfield,130
Luigi,130
påvirkes,130
Erika,130
Rudolph,130
fatter'n,130
blankt,130
adelen,130
jordiske,130
vitneutsagn,130
langeren,130
merci,130
plasseres,130
ingeniørene,130
iver,130
forhaste,130
Danmarks,130
espheniene,130
por,130
feide,130
løslater,130
stabilisere,130
forbasket,130
fun,130
samsvar,130
iherdig,130
spørsmal,130
oversikten,130
krokodillen,130
oppbrakt,130
casino,130
ll,130
Christie,130
lndia,130
padde,130
biene,130
vinnes,130
generasjonen,130
laptopen,130
trøya,130
Swan,130
nerve,130
tomten,130
oppkast,130
Marias,130
gran,130
hektar,130
Mass,130
utflukt,130
Ally,130
HviIken,130
Barley,130
vaskebjørn,130
Roar,130
Younger,130
skryt,130
blivende,130
lydighet,130
markene,130
intense,130
lønnsomt,130
sake,130
tjuefem,130
jentes,130
konfronterte,130
tvilt,130
I'll,130
iallefall,130
Waverly,130
innbilte,130
heletatt,130
faderen,130
forstuet,130
Navarro,130
frysninger,130
brak,130
sikkerhetssjef,130
vugge,130
storkar,130
bossen,130
løgnaktige,130
avlet,130
eksentrisk,130
hofta,130
utdødd,130
utbytte,130
tilskuere,129
primitivt,129
løslat,129
fjollete,129
rådighet,129
Merle,129
lokalbefolkningen,129
detter,129
lntet,129
brøkdel,129
adelsmenn,129
stridsvogn,129
helikoptret,129
korstog,129
gjenforent,129
Reece,129
kjempestor,129
Mayfair,129
papegøye,129
morning,129
mutter,129
Chas,129
sprute,129
Earth,129
konferanserommet,129
myter,129
Johansson,129
rødmer,129
livskiten,129
forsendelse,129
feltmarskalk,129
Tuttle,129
kjolene,129
bankens,129
trolldommen,129
Dufresne,129
blokkerte,129
snekker,129
mottaker,129
Reinhardt,129
innhente,129
dagslyset,129
Everest,129
barnslige,129
neve,129
Cuddy,129
rådene,129
smilende,129
middelmådig,129
kontantene,129
Tysklands,129
brikker,129
bakdør,129
sikkerhetssystemet,129
sannheter,129
Prekrim,129
Toranaga,129
utvise,129
irriterte,129
unødvendige,129
nærer,129
forsket,129
Bryant,129
donasjon,129
hallå,129
tommen,129
Jillian,129
Calder,129
sjuke,129
Pea,129
flybillett,129
nĺr,129
skalaen,129
skaljeg,129
inntrykket,129
boble,129
alkoholen,129
graviditet,129
røff,128
braker,128
Rosalie,128
akvariet,128
brakkene,128
Rothstein,128
drakta,128
selene,128
Chimera,128
tagning,128
B'Elanna,128
ulydighet,128
milten,128
Hollis,128
Bergman,128
pikker,128
Rapunzel,128
minen,128
Tommys,128
bestige,128
krympet,128
Lambda,128
øvelser,128
Jadzia,128
Sforza,128
avlytting,128
ju,128
svane,128
gammeI,128
jagerfly,128
sound,128
ramlet,128
aloha,128
stuper,128
triksene,128
Newport,128
Tampa,128
pissa,128
berter,128
forklares,128
svovel,128
bowle,128
skyId,128
hovedstad,128
romulanske,128
konfrontasjon,128
dajeg,128
bruken,128
Forest,128
sprett,128
ustabile,128
uthvilt,128
Zürich,128
kloakk,128
definisjonen,128
brast,128
rettssystemet,128
tøyta,128
Mabel,128
landsbygda,128
nonnene,128
utvekslingen,128
Drusse,128
spekulasjoner,128
nybyggerne,128
Tel,128
ondskapsfullt,128
dokka,128
March,128
utnevne,128
firmaene,128
tilbakekomst,128
mistro,128
betrodd,128
teoriene,128
sjenerøse,128
Giselle,128
uteligger,128
leveransen,128
skjenker,128
lunge,128
rettes,128
Trudy,128
dårligste,128
kjøperne,128
utlevering,128
wing,128
dekorert,128
robotene,128
forutsi,128
avgrunnen,128
begges,128
musketerer,128
servitrisen,128
uerfaren,128
Minneapolis,128
deaktivert,127
rettskjennelse,127
barbar,127
femmer,127
maneder,127
Ricardo,127
Thackery,127
donerte,127
Remus,127
kjempemorsomt,127
visjonen,127
plutselige,127
sykehusene,127
hærverk,127
blære,127
førstehjelp,127
Laugesen,127
fengslende,127
Debs,127
hektet,127
olja,127
booker,127
bonusen,127
koffeinfri,127
ferdighetene,127
smelle,127
pines,127
ps,127
komplekse,127
kompromisser,127
Fay,127
rådgiveren,127
skulker,127
lekeplass,127
krøllete,127
pusterom,127
feigt,127
Clarice,127
søksmålet,127
passasje,127
soloppgangen,127
Delhi,127
rutinene,127
dras,127
vanvittige,127
Blackwood,127
sIå,127
Lyla,127
strålen,127
tapene,127
komfortable,127
ubekvem,127
embete,127
innfall,127
røyka,127
idioti,127
mutasjon,127
åpenlyst,127
trivdes,127
bitterhet,127
brette,127
mach,127
Mace,127
frekvenser,127
rakkeren,127
kapteiner,127
biltur,127
fenomen,127
breen,127
initialene,127
skit,127
Christoffer,127
pung,127
ventes,127
sannsynligheten,127
stable,127
sannsynlighet,127
megler,127
dominerende,127
politibilen,127
Simons,127
Costello,127
eiere,127
nasjonalt,127
Liza,127
såpen,127
medborgere,127
French,127
betror,127
Kincaid,127
Narnia,127
Poppins,127
helger,127
hvorjeg,127
Inez,127
spiddet,127
kke,126
insulin,126
hvilt,126
allergi,126
teipen,126
popcorn,126
kosten,126
favor,126
Friedrich,126
korps,126
budt,126
Lyndon,126
griner,126
personnummer,126
bokhandel,126
skikket,126
renvasket,126
tanna,126
baner,126
Kermit,126
astronauter,126
opptrådte,126
dann,126
bevitnet,126
coke,126
ååå,126
rekkene,126
initialer,126
samtaleemne,126
Bengtzon,126
musikal,126
sært,126
Christmas,126
utsletter,126
krigssone,126
pump,126
Gudrun,126
skrekkfilm,126
ubevisst,126
jeem,126
hour,126
avdrag,126
Mance,126
berserk,126
fryktinngytende,126
Joes,126
legioner,126
dystre,126
overrumplet,126
skinte,126
snillere,126
Carlson,126
særdeles,126
gasser,126
Wildcats,126
alpene,126
vips,126
Juda,126
stas,126
Faramir,126
Jemen,126
roIig,126
smigrer,126
dramaet,126
sjekkene,126
quo,126
Colton,126
operativ,126
fel,126
bøddelen,126
gjerningsmennene,126
stadiet,126
lesber,126
kallenavnet,126
Aurelius,126
gjære,126
Express,126
Abilene,126
Loomis,126
Lassie,126
Sox,126
tekniker,126
lama,126
leppa,126
totale,126
vekte,126
donor,126
Horatio,126
ensomheten,126
Buford,126
heten,126
Asbjørn,126
McLeod,126
logget,126
strammer,126
beskrives,126
traktaten,126
vennskapelig,126
Dustin,126
telefonsamtaler,126
telefonkatalogen,125
kjøkkensjef,125
returner,125
sølvet,125
Lourdes,125
dinosaurene,125
vertinne,125
Seymour,125
bidratt,125
bikkjene,125
morgengry,125
aning,125
illusjonen,125
Grover,125
uforberedt,125
hetten,125
gamlefar,125
persons,125
likestilling,125
skjelettet,125
rivaler,125
hanske,125
cowboyen,125
glitrende,125
bananas,125
Whitaker,125
bæsjet,125
Globe,125
Issa,125
rekrutterer,125
kjempeglad,125
fä,125
dødsfallene,125
uløste,125
sorten,125
sakk,125
anstrengt,125
mosjon,125
Varys,125
minte,125
greip,125
stammet,125
torpedoen,125
dataspill,125
Rollo,125
oppfinner,125
blondt,125
stinke,125
Austen,125
generalens,125
skuddsikre,125
finansiering,125
oppreisning,125
bokset,125
kløften,125
snøstorm,125
leiemordere,125
Chevy,125
sadelen,125
Mattias,125
Motel,125
testing,125
svekker,125
epost,125
måneskinn,125
Deanna,125
traumer,125
perioder,125
husly,125
altjeg,125
vinge,125
superstjerne,125
mistenksomme,125
ønskene,125
boblebadet,125
øv,125
skaftet,125
utgangene,125
ovale,125
P.S,125
spisestuen,125
vakthold,125
forpult,125
fiction,125
usikkerhet,125
Donnelly,125
rettere,125
forspill,125
Shepard,125
pågripelsen,125
Peng,125
Deacon,125
voodoo,125
drittkjerring,125
pratsom,125
toppkarakterer,125
donuts,125
hores,125
klients,124
angripes,124
anstrengelser,124
Fergus,124
Meereen,124
McCabe,124
forå,124
Thursby,124
mobber,124
evaluering,124
Kingsley,124
pit,124
SOS,124
Janey,124
veslejenta,124
cannabis,124
image,124
SIapp,124
delstater,124
likeså,124
orkene,124
Teri,124
Vinterfall,124
Quill,124
SDl,124
uforståelig,124
Batista,124
katastrofalt,124
fellesskapet,124
gruppene,124
argumenter,124
forsynt,124
Route,124
Dillon,124
Harlan,124
då,124
overskriften,124
Sanderson,124
Bosse,124
ofrenes,124
Sylvie,124
Kruger,124
seertallene,124
musketer,124
opprettholder,124
legitimasjonen,124
storyen,124
Mather,124
blogg,124
høner,124
servietter,124
fire-fem,124
Conan,124
Dembe,124
anus,124
hensynsløse,124
serum,124
tøyset,124
derre,124
Bess,124
forsikringer,124
markedsføring,124
Okja,124
løping,124
Oil,124
gjelde,124
omvende,124
justisminister,124
avslår,124
Gracchus,124
Clarissa,124
klinisk,124
people,124
psykopater,124
fordømmer,124
sneket,124
skilpadder,124
hornene,124
Davenport,124
trailer,124
Jimi,124
Marian,124
Dodgers,124
blasfemi,124
Jakes,124
proffe,124
tilbehør,124
Knoxville,124
Macon,124
styreformann,124
nattskiftet,124
bondeknøl,124
fylliker,124
utdype,124
Ludwig,124
slyngel,124
nygifte,124
utfør,123
Schneider,123
utkjempet,123
havbunnen,123
sovepiller,123
statuere,123
gammal,123
beklaget,123
juger,123
Troels,123
krasj,123
K-pax,123
rulleskøyter,123
forgudet,123
narrer,123
innsamling,123
resepsjonisten,123
dyppet,123
okkupert,123
Malfang,123
ForteII,123
terrorangrep,123
sjakten,123
investerte,123
ur,123
Eiffeltårnet,123
Rollins,123
bitteliten,123
faraos,123
kasjotten,123
listene,123
forsinkelser,123
preker,123
prates,123
boksere,123
krus,123
romanse,123
Reade,123
tjuv,123
kunnskaper,123
prototype,123
uaktsomt,123
manipulerende,123
senil,123
innbilsk,123
utøver,123
emosjonelle,123
forum,123
feiten,123
kanel,123
sig,123
konkurrenter,123
strender,123
Guido,123
krigsfanger,123
Elektra,123
Molesley,123
organismer,123
moser,123
revolvermann,123
utmerkede,123
stuepike,123
filter,123
programmene,123
fotballaget,123
uhellet,123
vapen,123
forbedrer,123
hjemmebane,123
titler,123
chicken,123
stasjonene,123
blodbadet,123
kløne,123
sørpå,123
produserte,123
meditasjon,123
Ledoux,123
knyttes,123
risset,123
rider,123
kjelen,123
knekket,123
beholderne,123
vertene,123
avler,123
trengende,123
Stroud,123
Fawlty,123
M.J,123
besynderlig,123
innkalle,123
Beechum,123
nylige,123
innretning,123
ærefullt,123
10K,122
EU,122
generell,122
livsforsikring,122
hylte,122
kanadiske,122
peis,122
Quincy,122
huler,122
comanchene,122
sprut,122
sakker,122
frekkhet,122
fantomet,122
velgere,122
patruljere,122
Essex,122
Arthurs,122
dor,122
hindringer,122
kvitteringer,122
eiendomsmegler,122
Jeanine,122
Gareth,122
kasinoer,122
stålet,122
md,122
tv-spill,122
rake,122
Hartley,122
vielsen,122
koranen,122
walking,122
svekkes,122
Barker,122
Pratt,122
informanter,122
loco,122
turistene,122
dim,122
åre,122
uttalte,122
prinsesser,122
gjennomtenkt,122
Haqqani,122
Works,122
kontraktene,122
middelet,122
Mountains,122
FIott,122
avsides,122
nattevakten,122
overmannet,122
Severus,122
Rigmor,122
elendigheten,122
avling,122
retningslinjer,122
heiser,122
Houdini,122
øksa,122
Arias,122
Hyll,122
enes,122
assistere,122
Cho,122
herretoalettet,122
Trade,122
was,122
hjerteløs,122
komité,122
kommerjeg,122
Rog,122
jernbane,122
Kumar,122
fortsettelse,122
scooter,122
Eastwood,122
sjekkes,122
Bengt,122
Bolivia,122
Averys,122
kollisjon,122
kabler,122
infiltrert,122
Constantine,122
Mouse,122
ypperste,122
leg,122
dirk,122
omhyggelig,122
dykket,122
broderskapet,122
okser,122
røkte,121
Metatron,121
registreringsnummer,121
dåpen,121
Rae,121
regjerer,121
dystert,121
munker,121
Sway,121
romer,121
kokker,121
shop,121
hyllene,121
komet,121
overtredelse,121
avdelingssjef,121
handen,121
beslag,121
trakter,121
forutsigbar,121
Francesco,121
målt,121
rengjøre,121
farm,121
nattklubben,121
Assad,121
British,121
eksplodert,121
stigende,121
forholder,121
Explorer,121
epidemi,121
Mikes,121
Erich,121
Godfrey,121
truse,121
ermene,121
alfabetet,121
open,121
kontorene,121
opprop,121
blandt,121
Dagmar,121
Legolas,121
desertører,121
Amabella,121
nedpå,121
Jonesey,121
musen,121
flesk,121
Lowry,121
Weyland,121
gisp,121
supre,121
mølla,121
regimet,121
aktiva,121
vitneforklaring,121
hovedinngangen,121
isolerte,121
politisak,121
orkesteret,121
innebar,121
terge,121
kjøpmann,121
fjorden,121
gaIt,121
forførte,121
fIy,121
Gonzales,121
universal,121
skjenk,121
Genève,121
dyrebar,121
diplomati,121
lugar,121
hotellets,121
Luce,121
omhu,121
Draco,121
innleder,121
bedøve,121
uenighet,121
Studios,121
mott,121
marerittene,121
opposisjonen,121
daler,120
fyrst,120
håndtak,120
magnet,120
omslaget,120
strømmet,120
krigene,120
fettere,120
Tully,120
håndvåpen,120
forlange,120
kappløp,120
heisene,120
klimaanlegget,120
uforklarlig,120
retorisk,120
maskert,120
Cyril,120
Peach,120
låsene,120
stenen,120
diplomatiske,120
gjennomførte,120
faenskapet,120
høsttakkefesten,120
snarveien,120
Cardassia,120
mirakuløst,120
Morty,120
tillatelsen,120
Ha-ha-ha,120
Patton,120
hugger,120
forske,120
milits,120
seksjonen,120
skrøpelig,120
flammende,120
ubeskrivelig,120
bekk,120
kister,120
stinket,120
Ennis,120
gjø,120
Cincinnati,120
jurisdiksjon,120
affæren,120
besluttsomhet,120
juvelene,120
betent,120
reparasjon,120
kåk,120
Eriksson,120
tryllestav,120
Guerrero,120
Duane,120
skulket,120
Wessex,120
Cornelius,120
oppdrar,120
konstruksjon,120
antyde,120
menneskes,120
overleverer,120
reporteren,120
Salim,120
Dukes,120
begripe,120
knerter,120
utsagn,120
deltakerne,120
avsatt,120
vibber,120
elskverdig,120
satellittene,120
trikken,120
privatfly,120
saksen,120
Pedersen,120
finansiert,120
sugerør,120
byrd,120
evakueres,120
fleksibel,120
framstå,120
sloknet,120
Roscoe,120
renhet,120
harddisk,120
uforutsigbar,120
Steves,120
eksperimentere,120
Osborn,120
bedriten,120
grava,120
generøs,120
fremdeIes,120
Egon,119
ustand,119
nebbet,119
NB,119
NBC,119
svulsten,119
Elling,119
traume,119
ordtaket,119
erobrer,119
leksen,119
adiós,119
Kjetil,119
nivåene,119
krukke,119
disco,119
følgesvenn,119
ektepar,119
oppfatningen,119
Luz,119
arrestasjoner,119
grønnsakene,119
Kinas,119
opptøyene,119
Abbey,119
patronene,119
bønnen,119
eskorterer,119
anslår,119
Carlotta,119
kro,119
hjørnene,119
Nell,119
Weir,119
vinkler,119
spenner,119
forfedres,119
hverdagen,119
minske,119
tidsfrist,119
hodepinen,119
videoene,119
Ares,119
LSD,119
tenning,119
ten,119
ryste,119
kjedereaksjon,119
Jennie,119
rollespill,119
stammene,119
eye,119
overreagerte,119
skjermene,119
lovlydig,119
Singer,119
sansen,119
streit,119
Cougar,119
hestekrefter,119
intimitet,119
anliggender,119
com,119
prinser,119
Rey,119
hjerteskjærende,119
Corporation,119
aII,119
sikkerhetstjenesten,119
sot,119
Lawson,119
Forman,119
sensitiv,119
fortære,119
boliger,119
ironien,119
venners,119
Strange,119
røft,119
Cory,119
synske,119
overhånd,119
Bulder,119
eventyrene,119
fordømme,119
utryddelse,119
småtteri,119
Wilder,119
etaten,119
drei,119
slengt,119
medikamenter,119
dyppe,119
klingonene,119
senatets,119
eiendommene,119
bibliotekar,119
kadett,119
Esmeralda,119
blottet,119
advarsler,119
bærbar,119
visne,119
Vårherre,119
Marlene,119
værsåsnill,119
husholderske,119
betrakt,119
skrapet,118
autorisasjon,118
sigøynere,118
Israels,118
flom,118
Genova,118
sjåførene,118
romfergen,118
gradene,118
medfødt,118
Jeanie,118
flying,118
delstat,118
Borch,118
varehuset,118
pingviner,118
bekjenne,118
Bartholomew,118
Lygia,118
paradoks,118
infoen,118
hvilte,118
snobbete,118
leksa,118
say,118
øvrige,118
Fez,118
installerte,118
Jylland,118
Beacon,118
undertrykkelse,118
tru,118
streiken,118
reagert,118
bretter,118
bombefly,118
Mazel,118
Vilma,118
hvems,118
Belinda,118
serier,118
fiksjon,118
desertør,118
offentliggjør,118
kraftfeltet,118
terninger,118
Bellick,118
supermarkedet,118
Nikolaj,118
betennelse,118
Trixie,118
rasistiske,118
penicillin,118
ekstraordinære,118
indirekte,118
Senna,118
ideelle,118
diktere,118
fullbyrdet,118
seilet,118
Maui,118
ruinere,118
bølgelengde,118
kabriolet,118
nervesystemet,118
keiserinne,118
støtet,118
Woodward,118
gammern,118
Clementine,118
Whyte,118
hjernedød,118
Alby,118
Iigger,118
kontinent,118
definisjon,118
Angels,118
dokke,118
hort,118
Dixie,118
cheeseburger,118
alarmer,118
løslatelse,118
frieri,118
Edvard,118
Horizon,118
er'ke,118
Shelley,118
Scooby,118
arkitekten,118
kapteinløytnant,118
Leonardo,118
kretsløp,118
ærefull,118
Waterloo,118
sollyset,118
observerer,118
yards,118
illegal,118
papsen,118
hundemat,118
tolvte,117
avsperret,117
beskyttelsen,117
transportert,117
Casterly,117
overtroisk,117
ferja,117
undre,117
avfyres,117
Falcon,117
pusen,117
strakk,117
Fresno,117
avstår,117
svike,117
lovløs,117
postene,117
utskudd,117
andreplass,117
uredd,117
arkitektur,117
Deuce,117
ruset,117
treig,117
forstørr,117
fotografiene,117
blødd,117
Fleur,117
forvrengt,117
siktelse,117
urokkelig,117
trinnet,117
gymsalen,117
besvergelsen,117
Watney,117
smålig,117
rettslegen,117
fagre,117
obduksjonsrapporten,117
felte,117
likhus,117
medhjelper,117
typiske,117
traktor,117
infrastruktur,117
trykt,117
beslutningene,117
Grendel,117
løperen,117
beskjedne,117
gudstjeneste,117
vridd,117
påta,117
forsendelsen,117
Bosnia,117
vift,117
Ip,117
oppdragelse,117
ubalanse,117
pågrip,117
ant,117
McCaleb,117
brøl,117
velbekomme,117
oppfordret,117
lynne,117
beleiringen,117
Damian,117
dikte,117
budbringeren,117
Jacksonville,117
anerkjenne,117
Mohammed,117
goder,117
skjerper,117
fristelsen,117
hevnet,117
Manitowoc,117
poste,117
tiltales,117
skumringen,117
opphøre,117
fryktløse,117
vestens,117
bordbønn,117
rigg,117
visestatsadvokaten,117
sync,117
money,117
intellektuell,117
tennes,117
leserne,117
Chamberlain,117
misbruke,117
tankegang,117
sponset,117
massivt,117
kongress,117
klamrer,117
klikke,117
østlige,117
Heinz,117
Saudi-Arabia,117
kjennetegn,117
Hussein,117
digitalt,117
YKT,117
Lutz,117
Aslan,117
bekjempet,117
DeDe,117
redningsaksjon,116
schizofren,116
forsterkning,116
servitøren,116
bringes,116
Marcellus,116
Ulf,116
fräulein,116
gunstig,116
juledag,116
herse,116
Lestrade,116
rekkverket,116
rasjonell,116
behøves,116
tilfluktsrommet,116
serjeg,116
Ev,116
minneverdig,116
vekslepenger,116
uvisst,116
Tancredi,116
Ferdinand,116
fysiker,116
gjengene,116
eliten,116
tavle,116
støyen,116
Doreen,116
kjørende,116
etterforskes,116
grusomheter,116
arkiver,116
Zora,116
kraftfelt,116
bibelsk,116
Holy,116
ulydig,116
sårende,116
oppfinnelsen,116
blindet,116
fallskjermen,116
undervist,116
bagene,116
Eunice,116
uavhengighet,116
rotten,116
fns,116
eldst,116
uoppgjort,116
Choi,116
Nielsen,116
fornærmende,116
modellene,116
napalm,116
hjemmesiden,116
Bills,116
Harp,116
Zasa,116
veisperring,116
Emmy,116
Kato,116
skriftet,116
Shepherd,116
liberal,116
sil,116
sverte,116
pingvin,116
Dunham,116
Rivera,116
lupe,116
Yu,116
køm,116
sertifikat,116
levninger,116
tikk-takk,116
enker,116
damenes,116
skjeen,116
Uganda,116
Animal,116
tidsreiser,116
uforstyrret,116
Millers,116
Mercury,116
laere,116
observant,116
svinekjøtt,116
partier,116
perlene,116
elskov,116
Jasons,116
hyllet,116
søla,116
Saunders,116
sikkerhetssystem,115
brygger,115
sympatisk,115
Shredder,115
Aleksander,115
objektiv,115
anklageren,115
egner,115
bebreide,115
Hopkins,115
jordskjelvet,115
munnfull,115
patent,115
e-postene,115
heltemodig,115
innskudd,115
overbevis,115
tekstene,115
hedningene,115
massene,115
spoler,115
Cunningham,115
bunke,115
Corey,115
lunte,115
forfall,115
Serge,115
Anderton,115
brunsj,115
Katsumoto,115
Bali,115
neshorn,115
kulissene,115
slagmark,115
møll,115
namaste,115
Sutton,115
likheten,115
rusk,115
titalls,115
forkastet,115
kikkert,115
dildo,115
foregått,115
kvist,115
skled,115
klubbene,115
tilfredsstillelse,115
friheter,115
depositumet,115
Jimbo,115
velferd,115
nog,115
basis,115
punktlig,115
avhandlingen,115
reversere,115
børste,115
Greenleaf,115
uprofesjonelt,115
individuelle,115
O'Brian,115
upålitelige,115
slettene,115
surfet,115
vaskemaskinen,115
objekter,115
panser,115
skann,115
Duffy,115
Chung,115
seminar,115
Medisonus,115
Uhura,115
eng,115
skotske,115
brosjyren,115
kostnader,115
Capones,115
melodien,115
gribbene,115
inkompetent,115
meth,115
kjipe,115
justerer,115
Babylon,115
Treadstone,115
mandarin,115
villedet,115
representert,115
lamper,115
Timo,115
portrettet,115
helgener,115
datoene,115
torpedoene,115
svømming,115
Berit,115
etiske,115
usunt,115
nyere,114
schizofreni,114
utbyttet,114
spray,114
nybyggere,114
Tatiana,114
vestlig,114
persiske,114
refererer,114
forsvarsløse,114
munner,114
dels,114
SeIvsagt,114
Filippinene,114
separat,114
VeIkommen,114
regnbuen,114
Ave,114
arresteres,114
Enos,114
storbyen,114
omkommet,114
Arryn,114
Fitch,114
tv-serie,114
fengselsstraff,114
blendet,114
losjen,114
beregner,114
hoved,114
kvikksølv,114
Lima,114
Duddits,114
tilintetgjøres,114
Bash,114
barbarisk,114
artilleriet,114
kjernefysiske,114
underholder,114
foruroligende,114
trampe,114
bemannet,114
sjømil,114
fargerike,114
ltalia,114
gjennomgang,114
Bohannon,114
Taj,114
tidsreise,114
kakerlakk,114
katastrofer,114
Damar,114
ugler,114
demokratene,114
Quinlan,114
begrensede,114
dogs,114
dating,114
formelle,114
oppvekst,114
Dahl,114
Léa,114
eplene,114
Steel,114
jakker,114
puma,114
befalte,114
pare,114
fucking,114
idol,114
gudsforlatte,114
hørsel,114
doblet,114
fremstår,114
bortkomne,114
uanstendig,114
forelskelse,114
målingene,114
Edna,114
klokketårnet,114
sannferdig,114
befrir,114
frakt,114
sluknet,114
forflytte,114
Jem,114
aksel,114
elvene,114
drøss,114
Whitman,114
sona,114
taktikken,114
kjeltringen,114
SIipp,114
lrene,114
fotografer,114
eksisterende,114
Bjarne,114
legevakten,114
Baja,114
hyl,114
Sterling,114
gårder,114
deer,114
Herkules,113
Bligh,113
spanderte,113
flippet,113
plasseringen,113
sekvensen,113
gjenoppstå,113
Rochefort,113
presses,113
forveksler,113
transaksjoner,113
tjenestemenn,113
fullmektig,113
veisperringer,113
nej,113
kroppens,113
Pia,113
temperamentet,113
tov,113
nebb,113
instruktør,113
Portugal,113
arbeidende,113
graden,113
åtti,113
ettertid,113
sikkerhetstiltak,113
presangen,113
fortærer,113
avgjorde,113
diablo,113
snikskyttere,113
halskjede,113
juvelen,113
erklæringen,113
initiativet,113
spaden,113
ingefærøl,113
chick,113
måner,113
tree,113
gips,113
fallende,113
blodtørstige,113
tilfellene,113
gryna,113
Jaja,113
Dev,113
ukontrollert,113
assistenter,113
Delilah,113
Coffey,113
uttak,113
pannekake,113
honoraret,113
O'Connell,113
vitnebeskyttelse,113
sierjeg,113
korken,113
Evy,113
rekognosering,113
bru,113
Paxton,113
they,113
hamster,113
NORAD,113
krypende,113
feiltagelse,113
kinky,113
fraktes,113
renses,113
sangeren,113
nervøst,113
juletreet,113
Holst,113
kallet,113
Michima,113
dingle,113
bryllupsgave,113
skrulling,113
XIII,113
Yogi,113
opprørende,113
deltakere,113
egyptiske,113
Wilde,113
lrak,113
Boomer,113
radioaktivt,113
Sheryl,113
hemmelighetsfull,113
varehus,113
mottak,113
reisene,113
svindle,113
Alberto,113
fasen,113
katastrofale,113
Javi,113
hevelsen,113
fokuset,113
utpresset,113
Tip,113
misjon,113
omsorgen,113
sprøe,113
teken,113
Romania,113
Vulture,113
νille,113
sværing,112
etnisk,112
milord,112
ridetur,112
dolker,112
fornærm,112
radiatoren,112
radikal,112
Thorne,112
Jasmine,112
cd-en,112
gjenforeningen,112
Garland,112
bryting,112
hælen,112
Verone,112
Merrick,112
kramper,112
skredderen,112
Kaidu,112
foss,112
fotoet,112
Humbert,112
Nicks,112
kombinere,112
mineralvann,112
dedikert,112
dumdristig,112
McLintock,112
statsråd,112
plaprer,112
nikker,112
Grinchen,112
kassett,112
traktoren,112
beregne,112
Jabba,112
sunnere,112
knertet,112
sikkerhetsvakter,112
veden,112
middager,112
jorde,112
feen,112
bilnummeret,112
livsverk,112
påståtte,112
Angelina,112
Iett,112
foret,112
Brewer,112
Ayla,112
Jemma,112
jevnlig,112
mekaniske,112
naive,112
engste,112
desarmere,112
beklagelse,112
knulling,112
Crassus,112
nitrogen,112
syngende,112
Mayhew,112
nitroglyserin,112
Gettysburg,112
Patmore,112
pleiehjem,112
dametoalettet,112
bekomme,112
nekt,112
kronprinsen,112
sørgelige,112
Hut,112
Hutch,112
jævIa,112
minnepinnen,112
diktatur,112
lunsjpause,112
hverdag,112
kloner,112
redselen,112
Olympia,112
ventetiden,112
sesam,112
værsegod,112
elektromagnetiske,112
Gregson,112
onsker,112
Oogway,112
unnfanget,112
mislike,112
reflekser,112
Stallion,112
Pluto,112
aktelse,112
sniffer,112
Guardian,112
Twain,112
vestsiden,112
khanens,112
hyllen,112
versjoner,112
spontant,112
Bodhi,112
innretningen,112
innrømte,112
Archibald,112
putene,112
Forster,112
vred,112
langsiktig,112
Airlines,112
telegrammet,112
sjokkerte,112
Lukas,112
massen,111
insektene,111
arbeidsplassen,111
skadedyr,111
Hopps,111
førsteprioritet,111
spillerom,111
åndedrett,111
Bertram,111
E.T,111
karantenen,111
klang,111
danskene,111
vertinnen,111
gunner,111
etterretningstjeneste,111
ALS,111
journaler,111
spilledåsen,111
tanntråd,111
kongedømmet,111
Instagram,111
svimte,111
innsatsstyrken,111
graders,111
foreldrenes,111
konsentrasjonsleir,111
Kinte,111
Goldberg,111
skilpadden,111
kåpe,111
Kang,111
våpenhvilen,111
køya,111
tordenvær,111
reparasjoner,111
oyeblikk,111
sightseeing,111
Sveriges,111
ritt,111
sintere,111
lemmene,111
adelsmann,111
dansende,111
bevismaterialet,111
pant,111
Gimli,111
kvelning,111
ordningen,111
McCord,111
Teyla,111
dårIig,111
svettet,111
Bunch,111
embetet,111
Troi,111
treningsstudioet,111
kostskole,111
Pavel,111
Guillermo,111
Mardi,111
Etiopia,111
Anneli,111
anliggende,111
gløden,111
baronessen,111
kraftverket,111
lnntil,111
blei,111
vandring,111
Atlanterhavet,111
dødsårsak,111
Mercedesen,111
advar,111
tuppen,111
Ozzy,111
Peña,111
olivenolje,111
Vikram,111
fanges,111
snakking,111
Reilly,111
warlock,111
forfriskninger,111
Superman,111
Ofelia,111
folkemord,111
Valhall,111
lydig,111
togstasjonen,111
streber,111
turbo,111
Söze,111
tirsdager,111
realiteten,111
Trump,111
billioner,111
fremtidens,111
Frazier,111
Wenche,111
Federation,111
bankmann,111
tres,111
Felipe,111
oe,111
rikene,111
snøret,111
skrifter,111
leiebil,111
finansierte,111
synkende,111
søskenbarnet,110
tampen,110
underverker,110
Barzini,110
nødvendighet,110
lektor,110
kronisk,110
Mendoza,110
snikskytteren,110
meteor,110
synspunkter,110
mang,110
snyter,110
dunker,110
bokstaven,110
io,110
beskylde,110
tåkete,110
Baelish,110
patrioter,110
barbering,110
olympiske,110
anstrenger,110
løsepengene,110
skuldra,110
honningen,110
faktorer,110
Eldridge,110
utsøkte,110
Marko,110
ormen,110
bussene,110
Dirt,110
taue,110
innhenter,110
Blur,110
måke,110
hvorav,110
årtier,110
syfilis,110
instruksene,110
elgen,110
Ortiz,110
skandalen,110
button,110
akbar,110
gullfisk,110
håndheve,110
Lerner,110
sømmer,110
rettferdighetens,110
tea,110
turte,110
proteiner,110
koordinere,110
streker,110
tuppa,110
Kel,110
prøvelser,110
mennenes,110
arvelig,110
eksklusiv,110
syndens,110
lærde,110
Jacqueline,110
Priscilla,110
seksualitet,110
Nilsen,110
endeløs,110
Fletch,110
opplyste,110
trangen,110
fullkommen,110
lensmannen,110
demonstrasjonen,110
pinlige,110
fastsatt,110
avslørende,110
auto,110
Calhoun,110
mellomtida,110
muslimsk,110
jentenes,110
Kain,110
naboens,110
fotograferte,110
Tad,110
hap,110
atomkrig,110
slede,110
dugg,110
Odins,110
gamla,110
sture,110
bidige,110
julegaver,110
gjeldende,110
nedsatt,110
avløst,110
ttmin,110
pumpene,110
ap,110
ATF,110
motstanderne,110
marshmallows,110
slang,110
radiokontakt,110
pakten,110
set,110
vitenskapens,110
optimist,110
Woodlawn,110
slør,110
refleks,110
ståsted,110
smertefulle,110
kjempeflott,110
Yancey,110
sortere,110
samband,110
salsa,110
Torrance,110
bakeri,110
vrang,110
lampene,110
Øst-Europa,109
Beast,109
fangehullet,109
verver,109
lesing,109
brannmenn,109
utløseren,109
utilpass,109
puslespillet,109
Amazonas,109
følget,109
Schroeder,109
araber,109
arabere,109
spinne,109
p-piller,109
Iggy,109
skiter,109
forrett,109
engelskmannen,109
Catelyn,109
skjeletter,109
Alain,109
fornøyelsen,109
Oaks,109
that's,109
krympe,109
sakke,109
saksøkte,109
rehab,109
halshugget,109
safari,109
heroisk,109
samlede,109
jaevla,109
sekser,109
synced,109
Uffe,109
nettsted,109
Tricia,109
midjen,109
slagord,109
brygge,109
halliken,109
kork,109
mutt,109
tolket,109
Wasserman,109
ufo,109
bords,109
utsett,109
usant,109
introduserer,109
forsøkene,109
Rutledge,109
pytt,109
jubler,109
pålegg,109
avvikende,109
innbilt,109
sammensatt,109
uno,109
Cher,109
piggene,109
kompetent,109
mindretall,109
musketerene,109
betydningsfull,109
Frey,109
psykotiske,109
tilhengerne,109
Carlton,109
limt,109
Howell,109
broene,109
forlegenhet,109
forlenget,109
manerene,109
id-kort,109
Idaho,109
baret,109
logoen,109
veksler,109
Rays,109
Tanaka,109
fenomenet,109
bortkastede,109
bosted,109
prosedyrer,109
t-skjorta,109
Bagwell,109
politihuset,109
busken,109
baug,109
kapabel,109
konfiskert,109
kapell,109
Pasquinel,109
Martine,109
fredens,109
avkjørsel,109
Cosmo,109
forgjenger,109
Frederik,109
strever,109
tisper,109
pepperoni,109
alligatorer,109
Justice,109
avhandling,109
guiden,109
smøret,109
pasientens,109
matten,109
Prairie,109
sr,109
klokeste,109
Emile,109
irer,109
Nord-Amerika,109
fortred,109
sekundene,108
verftet,108
blødende,108
Khlyen,108
Alphonse,108
bydelen,108
Delphine,108
sjæl,108
helhet,108
flirer,108
undergrave,108
tren,108
Meisner,108
nøtteskall,108
Iever,108
uberørt,108
mottakelsen,108
motsier,108
sivilisasjoner,108
underlagt,108
midtgangen,108
suvenirer,108
gærningene,108
Cairo,108
kjeltringene,108
visittkortet,108
blackjack,108
Blackway,108
MacArthur,108
sopere,108
kapre,108
detonatoren,108
jammer,108
stjerna,108
drypp,108
Odelle,108
nada,108
lokalsamfunnet,108
Connelly,108
Summers,108
avvente,108
Islands,108
godtroende,108
Market,108
utvikles,108
Chester's,108
prektig,108
isbjørn,108
Larson,108
inkludere,108
Oren,108
undertegn,108
chill,108
kanne,108
bortkommen,108
jerntronen,108
toeren,108
identiteter,108
nøff,108
stasjonssjef,108
konsekvens,108
aktuelle,108
skjærsilden,108
beleiring,108
avvises,108
begivenheter,108
Tonys,108
opptredenen,108
Menelaos,108
Eugenie,108
avverge,108
skrekken,108
fontene,108
voldtektsmann,108
pulveret,108
fredager,108
publisitet,108
tydet,108
Magda,108
bragt,108
Malick,108
forskrudd,108
representerte,108
verner,108
skorpion,108
tilnærming,108
kilometers,108
vuggende,108
Rooney,108
tegneserie,108
bluse,108
sponsorer,108
luftstøtte,108
flyselskapet,108
overbetjenten,108
føye,108
hauger,108
oser,107
haven,107
overfylt,107
slar,107
Siam,107
Beaver,107
kantinen,107
Clarkson,107
kondolere,107
battle,107
1800-tallet,107
evakueringen,107
pilgrim,107
oppstod,107
strakte,107
Willoughby,107
bilens,107
TV1,107
Francie,107
humpete,107
Bristol,107
godkjennes,107
hobbyer,107
Axelrod,107
eselet,107
Peck,107
skiltes,107
spenna,107
humbug,107
Zapata,107
bestod,107
Ezequiel,107
eddik,107
cardassierne,107
lakken,107
she,107
Shen,107
beige,107
sugen,107
higer,107
formiddagen,107
Jeddak,107
støvel,107
bystyret,107
Judd,107
importert,107
uinteressant,107
panikken,107
sagbruket,107
Merrill,107
bjørnene,107
undertrykte,107
said,107
Dover,107
ekstern,107
J.J,107
brystvorter,107
eksperimenterte,107
thai,107
gryta,107
prøvelse,107
smittsom,107
eksakte,107
Stjerneflåtens,107
provoserende,107
veganer,107
Ungarn,107
avskydde,107
Darius,107
nyrer,107
Brook,107
toppmøtet,107
åpenhet,107
signaliserer,107
kanadisk,107
Marsh,107
overilt,107
gravsteinen,107
spillene,107
aksept,107
urene,107
forsterkningene,107
utdrikningslaget,107
egenskapene,107
Hershel,107
tryllekunstner,107
C-4,107
helskinnet,107
orkester,107
Lancaster,107
motstridende,107
Gustavo,107
Rekall,107
dreie,106
blodprøvene,106
arsenal,106
François,106
Wallander,106
holodekket,106
opphør,106
flush,106
hedenske,106
mustangen,106
frilanser,106
Spartan,106
bomma,106
uønskede,106
ingrediensene,106
Arturo,106
kølle,106
besteforeldre,106
Kali,106
kaninene,106
Lovisa,106
lastes,106
round,106
skalpell,106
Rance,106
beauty,106
hekken,106
fusjonen,106
tyskernes,106
Siri,106
administrasjon,106
loft,106
his,106
Adriana,106
Clifford,106
navngi,106
kråker,106
tøyler,106
grotesk,106
IMF,106
produsentene,106
Kurtz,106
grufulle,106
fangehull,106
atferden,106
pisker,106
Riverside,106
freidig,106
sekvens,106
lykkedag,106
kattunger,106
fyret,106
stevning,106
Robby,106
marinekorpset,106
Håkan,106
egypterne,106
autopilot,106
Desert,106
non,106
forandringene,106
Smitty,106
haret,106
eksperimentene,106
duellen,106
Tamara,106
slukt,106
Silva,106
Paolo,106
trommene,106
dyrebart,106
kjøretøyene,106
matchende,106
værmeldingen,106
forstaden,106
utløses,106
Holger,106
Mari,106
penner,106
Hanks,106
ergerlig,106
kosmisk,106
tidslinje,106
omvendte,106
Channing,106
eliminerer,106
Cesar,106
høyforræderi,106
risk,106
Number,106
sprøytet,106
forsvinningen,106
amigos,106
Box,106
notene,106
apacher,106
rainbow,106
målte,106
orlogskaptein,106
heltemot,106
Spies,106
polakk,106
Mon-El,105
utslått,105
intellekt,105
orgasmer,105
Lannisterene,105
kampens,105
gøyal,105
skrullete,105
tramper,105
grekere,105
tannkrem,105
Carey,105
Mission,105
gransking,105
utformet,105
Satine,105
sprek,105
hormonene,105
Bonney,105
fengende,105
hjemmeside,105
oppringning,105
avskummet,105
sløve,105
Daley,105
tidsplanen,105
uforklarlige,105
etterspørselen,105
let's,105
muse,105
Avon,105
rustne,105
pyjamasen,105
Cove,105
Perez,105
Percival,105
varjo,105
lokomotivet,105
Lomax,105
you're,105
Mets,105
Bev,105
forfengelig,105
bong,105
nе,105
ivareta,105
vaktholdet,105
Everdeen,105
Reza,105
plakatene,105
Vallejo,105
jagere,105
misunnelige,105
omdømmet,105
Wilkins,105
Wick,105
tullingene,105
omfavn,105
fis,105
Tui,105
sole,105
enhetene,105
prøvetid,105
tærer,105
uaktuelt,105
Cilla,105
seige,105
modifisert,105
klor,105
antastet,105
Meyers,105
Korben,105
Nan,105
Tris,105
Pegasus,105
Tobey,105
dÃ,105
Florence,105
underskrev,105
forskjeller,105
AAMOT,105
Sarahs,105
Cheetah,105
stabilisert,105
likeverdige,105
slam,105
trege,105
nabohuset,105
pauser,105
konservativ,105
mykere,105
Rashid,105
parkeringen,105
Nord-Afrika,105
Lennon,105
referanse,105
nedskjæringer,105
turtelduer,105
avkastning,105
hjemby,105
Gannon,105
kinkig,105
tystere,105
lekk,105
mandig,105
Snoop,105
Claw,105
Claudio,105
bwana,105
Monk,105
kongedømme,105
tarmen,105
bakerste,105
sykebilen,105
hattene,105
økokrim,105
handikap,104
marsjerte,104
elektriker,104
utspekulert,104
Arcadia,104
nettside,104
bokhandelen,104
hudfarge,104
Cary,104
deaktivere,104
fangeleir,104
Deborah,104
transporterer,104
massive,104
lamme,104
uteksaminert,104
utdanne,104
hjemveien,104
RJ,104
karneval,104
toppform,104
ildkraft,104
spleise,104
merkeligste,104
Elly,104
fiber,104
rangere,104
meIIom,104
våke,104
avlyttingen,104
sikkerhetsbrudd,104
hostet,104
bekymringene,104
Candice,104
Kreta,104
dengang,104
grøt,104
Bowden,104
mami,104
Gry,104
krokodiller,104
Strangways,104
avgitt,104
Manion,104
oldefar,104
formerer,104
jogge,104
grunt,104
Meldingslyd,104
SUV,104
hul,104
kullet,104
snøt,104
bortover,104
Khalid,104
tøye,104
Special,104
Winslow,104
reint,104
gjennomvåt,104
stakkarene,104
gjestelisten,104
ya,104
tåa,104
klorte,104
beliggenhet,104
regnbue,104
sølt,104
foraktet,104
motvilje,104
lommelykten,104
want,104
Knicks,104
Sherwood,104
Abaddon,104
sjanten,104
tesla,104
humrer,104
Chicagos,104
nøkkelkortet,104
ektefelle,104
Tibet,104
Delaware,104
fremtidig,104
anklagede,104
grotte,104
infeksjoner,104
Meadows,104
motsette,104
relasjoner,104
Barrès,104
mobilnummeret,104
margarita,104
valpene,104
yellow,104
kvalifikasjoner,104
relevante,104
konges,104
konkrete,104
badedrakt,104
diktene,104
spesialister,104
reportasje,104
Yuki,104
rettsordre,104
kron,104
Seoul,104
strammere,104
båsen,104
skjønneste,104
rengjøring,104
blirjeg,104
fridagen,104
tjen,104
systematisk,104
tjenestene,104
kolonnen,104
trollene,104
dobbeltgjenger,104
hjertes,104
skrinet,104
skrekkslagen,104
reservasjon,104
Chaz,104
rettssaker,104
mailer,103
fell,103
avvisning,103
balletten,103
Kaulder,103
operative,103
møterommet,103
møtested,103
dørvakt,103
MacLeod,103
uskadde,103
Hercules,103
harmløse,103
flyktningene,103
sivilt,103
Coney,103
Hawthorne,103
kill,103
lubben,103
nobel,103
Elisa,103
vorte,103
fôret,103
størrelser,103
tiÉ,103
skotte,103
kjeksen,103
kjeksene,103
partikler,103
ergo,103
okkulte,103
okkupasjonen,103
Janne,103
kureren,103
engasjerer,103
Sheikh,103
leverandør,103
Magdalena,103
sommerhuset,103
sniffe,103
double,103
astronautene,103
detektiven,103
Goblin,103
planleggingen,103
Annette,103
feilfri,103
Jessa,103
nøytralisere,103
nerdene,103
stingene,103
enøyde,103
kjempegode,103
vedvarende,103
siouxene,103
Mara,103
grodd,103
fornærmelser,103
rår,103
dukkene,103
overvunnet,103
building,103
hertuginnen,103
tyrkerne,103
overkroppen,103
jakkene,103
Reaper,103
ringens,103
duene,103
Kongshavn,103
svetten,103
skyller,103
håne,103
kremert,103
årenes,103
bagatell,103
skrutrekker,103
Cordell,103
kravler,103
cents,103
bokseren,103
erdet,103
revisoren,103
delstatens,103
henviser,103
gjenforenes,103
rettsmedisinsk,103
Gladys,103
diverse,103
apekatter,103
Iben,103
Doolittle,103
albuene,103
tåregass,103
forestillinger,103
tribune,103
wonder,103
iPod,103
livbåten,103
SWAT,103
galere,103
rohypnol,103
prikken,103
antikke,103
lappet,103
Markham,103
uvedkommende,103
dyrlegen,103
etterkommer,103
Darrow,103
laseren,103
filla,103
Gilmore,103
slukkes,103
forflytning,103
effekter,103
Bombay,103
Runkle,103
næringskjeden,103
testes,103
irritabel,103
kokos,103
ugjennomtrengelig,103
Bryson,103
smi,103
ørret,103
bedritent,103
butleren,103
dustene,103
lettest,103
redelig,103
koloniene,103
monument,102
bedratt,102
følgere,102
morderens,102
øyenvitner,102
rommer,102
Berry,102
Romerriket,102
rampete,102
Boca,102
bløffet,102
riper,102
skøyt,102
potte,102
spiIIer,102
inngående,102
tarjeg,102
åskammen,102
50-tallet,102
Lucian,102
skanneren,102
kjøttsår,102
heh,102
Becker,102
vag,102
blendende,102
påstandene,102
dekanus,102
blindgate,102
underskriv,102
ydmykelsen,102
ydmyker,102
ultralyd,102
Medellín,102
Dukat,102
Kløvendal,102
famiIien,102
selgere,102
umoden,102
medføre,102
uklare,102
Janes,102
Project,102
trur,102
Gustave,102
avskjedsgave,102
Nasse,102
påsken,102
Truth,102
støttende,102
forbannelser,102
McCIane,102
Maris,102
vad,102
Brienne,102
minibank,102
Calista,102
fastslått,102
quarterbacken,102
Gilda,102
Michelangelo,102
fuII,102
if,102
angriperen,102
grundige,102
legemidler,102
song,102
yachten,102
Merlins,102
hvorfra,102
Letty,102
dansing,102
muntlig,102
observatør,102
manualen,102
fornemmelse,102
kjorer,102
antikk,102
plystrer,102
stangen,102
innfri,102
Norfolk,102
minefelt,102
bestikk,102
mør,102
slass,102
mos,102
prov,102
offensiv,102
finansministeren,102
mumler,102
Faye,102
Maitland,102
smutthull,102
aluminium,102
Gulla,102
kredittkortene,102
verdensklasse,102
Wolverine,102
søtsaker,102
Wilford,102
Witwicky,102
gjennomsiktig,102
Epps,102
puff,102
punkterte,102
Winn,102
Wilshire,102
belønnes,102
bivirkningene,102
kobber,102
TWA,102
høylytte,102
høytid,102
Lodge,102
velgjører,102
idealist,102
Jims,102
lupus,102
hepatitt,102
utstå,102
poIitiet,102
åpn,102
skulke,102
drivhuset,102
Aires,102
skytebanen,102
Bronco,102
moppen,102
Lundgren,102
rådgivning,101
råtnende,101
avkommet,101
bukett,101
Niklaus,101
Alistair,101
Raines,101
apport,101
venstrehendt,101
barberblad,101
sjenerte,101
bastarden,101
Vorta,101
improviserer,101
ekskjæreste,101
indiansk,101
frontruta,101
spises,101
utforsket,101
hardhendt,101
ordinær,101
pansret,101
Bren'in,101
asteroide,101
sveisen,101
Koba,101
Prison,101
masseødeleggelsesvåpen,101
etablerte,101
Toto,101
kvelds,101
damens,101
høytstående,101
Madsen,101
døtte,101
racet,101
stemple,101
innhentet,101
snoket,101
dope,101
elvebredden,101
etterlyste,101
dill,101
bu,101
Bubbles,101
fullmånen,101
vulgært,101
angsten,101
tomsing,101
ærligheten,101
klipt,101
tyngde,101
vulgære,101
Lotta,101
nådeløse,101
arbeidstid,101
innganger,101
simulering,101
Xander,101
elskende,101
svømt,101
Guri,101
viktigper,101
anbefalinger,101
rikdommer,101
sjansespill,101
snåle,101
Carmichael,101
vekkes,101
begjære,101
revolusjonerende,101
lungen,101
reparer,101
vulgær,101
stier,101
ufullstendig,101
ventilene,101
overskrift,101
laptop,101
bivirkning,101
bittert,101
foretaket,101
rulett,101
evolusjonen,101
Zod,101
brukere,101
Croft,101
operatøren,101
Aldous,101
løvens,101
ferier,101
gribber,101
postet,101
redda,101
myr,101
mailen,101
part,101
terskelen,101
Vasquez,101
oppbevares,101
likemann,101
sel,101
forsamlingen,101
play,101
dekningsild,101
påtar,101
Karlsson,101
lettjente,101
grynt,101
Gul'dan,101
keiserlige,101
Armand,101
ravnen,101
ehm,101
tjære,101
Cartwright,101
stalker,101
håndledd,101
TARS,101
sonn,101
krigsstien,101
balansere,101
Moose,101
Bora,101
førere,101
skriket,100
pyramidene,100
blandingen,100
luftforsvaret,100
utforsker,100
skjev,100
firkant,100
overbord,100
oppfordring,100
inntreffer,100
utga,100
oppfostre,100
skjøv,100
Bowers,100
i1,100
agendaen,100
husvogn,100
glitter,100
ytterdøra,100
Pappy,100
blackout,100
uforandret,100
samhold,100
favorittene,100
Cold,100
Griffing,100
Cohle,100
deit,100
værelse,100
forbund,100
uvant,100
UCLA,100
religiøst,100
Hogan,100
rabbiner,100
praksisen,100
hippier,100
skogens,100
smittede,100
Polanski,100
krangling,100
innsatser,100
kvaliteter,100
Travers,100
regnskapene,100
register,100
yndig,100
tilstelning,100
skuddlinjen,100
Therese,100
galningene,100
samtykker,100
Providence,100
frakoblet,100
messa,100
trues,100
Nullah,100
venting,100
bankboksen,100
utav,100
Naboo,100
fyrtårnet,100
behagelige,100
talefot,100
husholdersken,100
fotograferer,100
anatomi,100
valse,100
ekteparet,100
annonsere,100
sofistikerte,100
ombordstigning,100
Malia,100
lommepenger,100
Holiday,100
kok,100
every,100
sadistisk,100
Soap,100
adelig,100
presise,100
hunner,100
pedofile,100
rappa,100
Graeme,100
intelligensen,100
Woodhull,100
vals,100
erikke,100
avskjær,100
valgmuligheter,100
langsomme,100
DDR,100
omtaler,100
Salomo,100
viljestyrke,100
hardeste,100
Charmaine,100
beltene,100
hvør,100
snobb,100
utvekslet,100
utukt,100
Tirith,100
nederlaget,100
rettsaken,100
formasjonen,100
forvirringen,100
transe,100
privatskole,100
kineseren,100
overtak,100
uovervinnelige,100
utsending,100
fløyten,100
taushetsplikten,100
dos,100
dypp,100
dommens,100
årsdagen,100
nederlandsk,100
Katharina,100
Ember,100
kreket,100
preg,100
EPA,99
heaven,99
nordfra,99
stupte,99
angrende,99
kristent,99
tyfus,99
aktiverte,99
Montez,99
presedens,99
est,99
spolerte,99
bukten,99
Venezuela,99
nuller,99
lakei,99
polakker,99
mjau,99
loss,99
varierer,99
evaluere,99
déjà,99
buken,99
Schwartz,99
sommerhus,99
innstill,99
sma,99
bredere,99
forfølgelse,99
Esteban,99
hårklipp,99
Shaggy,99
demonstranter,99
eplepai,99
Alamo,99
oynene,99
gagne,99
veteraner,99
veterinæren,99
kasinoene,99
flertallet,99
20-årene,99
Davidson,99
gyllent,99
Chappie,99
kvadratkilometer,99
massemorder,99
innviet,99
ye,99
Guardi,99
militærpolitiet,99
Fruit,99
knerten,99
ng,99
Vincenzo,99
kjærlighets,99
Bingley,99
sidelinjen,99
Quest,99
Wolfgang,99
brakke,99
innbille,99
sykelig,99
bakeren,99
Hampton,99
hjelpende,99
jeg...jeg,99
MJ,99
Thorwald,99
finans,99
verdensmesteren,99
serverne,99
kvinnfolket,99
omringer,99
prøvespille,99
baserer,99
teppene,99
lunta,99
angitt,99
Megatron,99
Manfred,99
fluene,99
Jimmys,99
tribunen,99
Azkaban,99
drops,99
takten,99
poengene,99
kidnapperen,99
Athelstan,99
skuddhold,99
suicidal,99
favner,99
brunette,99
haike,99
støyten,99
subrip,99
andpusten,99
dage,99
sønnesønn,99
forstedene,99
Umbrella,99
Phelps,99
forsta,99
detta,99
yndling,99
farse,99
beleiret,99
spesialstyrken,99
styggere,99
skyggenes,99
Gooper,99
bæres,99
urgamle,99
innfødt,99
ton,99
Haku,99
Britney,99
brisen,99
overlege,99
åkrene,99
åke,99
konsulen,99
blekner,99
Singh,99
bestride,99
blackwell,99
t.o.m,99
vanskeIig,99
opptatte,99
fantasere,99
avlinger,99
klima,99
Viva,99
Beckham,99
punsj,99
skoletid,99
Conlon,99
stri,99
saltvann,99
fornemme,99
Gord,99
Leela,99
minsker,99
Roanoke,99
Ecuador,99
Denis,99
fordrive,99
sjokkere,99
sjokoladekake,99
dypper,99
Gable,99
sangerinne,99
skoIen,98
oppstandelse,98
Alvy,98
dødsleiet,98
Tod,98
inntrengeren,98
illeluktende,98
brokkoli,98
stridshodene,98
sirene,98
sirenen,98
Hej,98
overdrivelse,98
sigaren,98
tilfredsstilt,98
Railly,98
fengselsdirektøren,98
byrådsmedlem,98
høyet,98
brystkassen,98
Caspere,98
monkey,98
havene,98
Flints,98
flippe,98
Mormont,98
piren,98
blodpropp,98
syndige,98
cherokee,98
robust,98
Keane,98
kostnaden,98
distriktene,98
rekene,98
surfing,98
Harlee,98
herdet,98
programmerte,98
knekk,98
Jar,98
japser,98
forbrent,98
control,98
forvandlingen,98
engelsken,98
forlaget,98
Watts,98
bable,98
konti,98
snikende,98
kureres,98
septeret,98
Iandet,98
kantina,98
Melody,98
kronet,98
skånet,98
planlagte,98
Cadmus,98
Russel,98
begivenheten,98
våpenlageret,98
Sunday,98
seine,98
speilbilde,98
Zajac,98
nåla,98
forvalter,98
chihuahua,98
hamrer,98
Braxton,98
forventning,98
Raleigh,98
bløte,98
cardassiske,98
fronter,98
Mikaela,98
hνis,98
stelte,98
hexenbiest,98
spår,98
ubegripelig,98
tørsten,98
flyvertinne,98
henlagt,98
avtar,98
macho,98
ruin,98
Fallon,98
klovnene,98
forsatt,98
justert,98
Erlend,98
Parrish,98
stars,98
Borden,98
spalte,98
avskjærer,98
oppbrukt,98
haiket,98
jungelens,98
intensjon,98
isolerer,98
overvåkningskameraer,98
kokende,98
koldbrann,98
Torgeir,98
Palestina,98
gen,98
privatetterforsker,98
skalldyr,98
Osama,98
skyttergravene,98
eksport,98
vitnesbyrd,98
passasjen,98
trøye,98
Denham,98
dragens,98
gjennomsøker,98
førstedame,98
øyebIikk,98
é,98
resterende,98
kretsene,98
Morales,98
jordbruk,97
selvmordsbrev,97
oppfinnelser,97
gjennomsnitt,97
Moneypenny,97
avhøres,97
Turnbull,97
selvlysende,97
øvet,97
sjørøverne,97
avleder,97
sioux,97
Laust,97
ransaker,97
Almeida,97
hedninger,97
underbuksa,97
rompe,97
tragedier,97
bablet,97
midlertidige,97
askebeger,97
prioritert,97
Arbor,97
forsvareren,97
profitten,97
NFL,97
Claires,97
søkeren,97
Lau,97
visjonær,97
ansettelse,97
føden,97
karusellen,97
Keld,97
leggen,97
Annabelle,97
slakk,97
kry,97
underslag,97
Mays,97
israelerne,97
festes,97
psyke,97
bulk,97
riflene,97
ettertanke,97
chipen,97
Rach,97
bjeller,97
Scout,97
espheni,97
forberedelse,97
forbinde,97
away,97
graffiti,97
matchet,97
utarbeidet,97
myndighetenes,97
uavbrutt,97
likheter,97
drivkraft,97
bemerket,97
Nashville,97
Orion,97
fôr,97
spaning,97
sammenligning,97
Davor,97
else,97
underrette,97
diakon,97
pakkene,97
campingvogn,97
uttørket,97
Macintosh,97
surfere,97
millionærer,97
misforståelser,97
sjarmør,97
mexicansk,97
nås,97
Næh,97
flatlus,97
nybegynnere,97
killer,97
Norden,97
kvarteret,97
Raimy,97
innslaget,97
RAF,97
heroinen,97
knusende,97
Crab,97
mislykkede,97
Dempsey,97
twist,97
Juarez,97
Assassin,97
Condor,97
blu,97
kolera,97
vibrasjoner,97
feighet,97
gj0r,97
tryne,97
mongo,97
vandrere,97
oppgradere,97
sykere,97
Gothams,97
Arlington,97
stunt,97
pasning,97
Winger,97
strø,97
Johnsons,97
grop,97
avlivet,97
pågripelse,97
jubileum,97
merkeligere,97
import,96
avle,96
Freedom,96
avga,96
baksida,96
katakombene,96
tappe,96
føIer,96
fullkomment,96
bragd,96
stundene,96
gjensitting,96
Tilbakesnarteren,96
halvliter,96
Suzette,96
forført,96
målinger,96
amor,96
lindrer,96
dritkult,96
och,96
brystkreft,96
skraphaugen,96
fiaskoen,96
vester,96
Persson,96
fengslene,96
forbaskede,96
romvesenet,96
opprinnelsen,96
Californias,96
alenemor,96
Queeg,96
kontrollene,96
korridorene,96
Rhett,96
bright,96
plyndring,96
rektors,96
veranda,96
Mexicos,96
kunngjøringen,96
skrubbe,96
toskene,96
fryktens,96
Shari,96
substans,96
pøbel,96
dekningen,96
hasjen,96
årgang,96
Andri,96
krystallen,96
likemenn,96
Brittany,96
Opie,96
Woz,96
noteringsoverføring,96
Vickie,96
Glades,96
Prot,96
bløffen,96
muIig,96
Peg,96
dehydrert,96
Lorelei,96
Liddell,96
forferdet,96
Alfie,96
greker,96
Defiant,96
trille,96
trim,96
haller,96
sus,96
karamell,96
destroyer,96
naborommet,96
tigget,96
GandaIv,96
sjampo,96
tiltalende,96
realitet,96
alarmsentralen,96
Pål,96
Layla,96
Burgess,96
Neivel,96
oppdagelser,96
Albania,96
spalten,96
flekkene,96
robbet,96
maktesløse,96
hygget,96
nattevakt,96
overnatting,96
dyrisk,96
skvett,96
kostymene,96
røverkjøp,96
leses,96
Jansen,96
Lannisters,96
Pilar,96
innhegningen,96
institusjoner,96
hannene,96
ondsinnet,96
kontinuerlig,96
parallelt,96
gledesdreper,96
cowboyene,96
Iage,96
herje,96
detonerer,96
ultimatum,96
medgjørlig,96
spanier,96
nødstilfeller,96
oven,96
teknikere,96
selvmedlidenhet,96
loggbok,96
irrasjonell,96
toleranse,96
irakiske,96
rest,96
forduftet,96
rasjonelt,96
vesenene,96
Gora,96
Rockefeller,96
syter,96
L.J,96
fortest,96
reserven,96
teltene,96
personsøkeren,96
heiagjengen,96
hotellene,96
Neary,96
hackere,96
klarner,95
Margie,95
råtnet,95
grottene,95
SkåI,95
bedriver,95
rettsmedisiner,95
prekognitive,95
panter,95
skrivingen,95
water,95
ugla,95
appen,95
radiotaushet,95
svanen,95
Poole,95
Prentiss,95
praktisere,95
Emmet,95
Cornelia,95
avløp,95
israelske,95
smurf,95
gaffelen,95
Havanna,95
etterligne,95
Anette,95
Iite,95
kvalifiserte,95
varmeste,95
Brahms,95
sokk,95
Falcone,95
skolestyret,95
tyranni,95
knyttneve,95
pepperspray,95
oppblåste,95
Wilma,95
kjope,95
baser,95
Crowe,95
henrettelser,95
hengning,95
Andie,95
huk,95
gjenvalgt,95
roterer,95
svartinger,95
spesialstyrker,95
Rebekah,95
sprøyt,95
Levy,95
Ritchie,95
ordspråk,95
båren,95
oppdragene,95
grekeren,95
mе,95
tigre,95
Hewitt,95
tippet,95
beboere,95
spaserte,95
kløft,95
ribbe,95
knall,95
Gamby,95
kjemiker,95
kunster,95
propellen,95
Ilsa,95
pornofilm,95
aksjoner,95
rådets,95
kongefamilien,95
Pee-wee,95
pul,95
teatret,95
frata,95
brøle,95
anlagt,95
reservedeler,95
tempelridderne,95
Canterbury,95
Bentley,95
brannalarmen,95
håndgranat,95
komfort,95
Vancouver,95
jubileet,95
flybilletter,95
spektakulært,95
Uber,95
Shingen,95
Genevieve,95
krøller,95
enkemann,95
sinnsro,95
avsnittet,95
vakler,95
småprate,95
Wilberforce,95
misjonen,95
seertall,95
anda,95
drapsmaskin,95
overrekke,95
onanere,95
MacGruber,95
ranere,95
Attila,95
mugg,95
Georgetown,95
utfordreren,95
Sims,95
snarveier,95
verbal,95
paps,95
overvære,95
samuraier,95
syklus,95
mu,94
kusk,94
araberne,94
utpresse,94
radioaktive,94
integriteten,94
Saroo,94
veik,94
testament,94
gryr,94
dong,94
Archimedes,94
blåmerkene,94
skunk,94
Ezekiel,94
SOFTITLER,94
marineinfanteriet,94
psi,94
Pawter,94
Valance,94
jihad,94
autografer,94
kurerte,94
ballongene,94
smitten,94
hylsteret,94
Norrie,94
fremmer,94
lyge,94
Iang,94
fylke,94
Georgina,94
skiten,94
Venkman,94
skriking,94
alikevel,94
diskuter,94
skjeve,94
plantasje,94
maisen,94
opphengt,94
bark,94
Blade,94
Nigeria,94
Gertrude,94
Ebba,94
sosialen,94
Tattaglia,94
variasjon,94
klesvasken,94
klinger,94
ormehullet,94
ærefrykt,94
mint,94
gripende,94
anfallene,94
Havana,94
Benito,94
legning,94
Monaco,94
straffbart,94
tilfluktsrom,94
alzheimers,94
Goodspeed,94
Emelie,94
noenlunde,94
vernet,94
solskinnet,94
iscenesatt,94
tute,94
Bumpy,94
ligningen,94
TP,94
prærien,94
Thrones,94
brutalitet,94
car,94
tilværelsen,94
Ernesto,94
af,94
bevisste,94
samfunnstjeneste,94
bipolar,94
leven,94
rebell,94
grein,94
hallusinerer,94
Nobby,94
syklusen,94
Durden,94
hydrogen,94
besvær,94
Roxy,94
Harbour,94
behersker,94
militærbase,94
lÃ,94
Bern,94
McDonald,94
Walden,94
Ohlsson,94
Hadley,94
hovedmistenkt,94
skyr,94
dy,94
overfallet,94
snuter,94
sviket,94
krenke,94
viftet,94
lakenene,94
utstråler,94
nøen,94
offline,94
Dren,94
rekkevidden,94
fellene,94
fřr,94
tendenser,94
lørdagen,94
Indian,94
spinat,94
utroIig,94
Heathrow,94
Belfast,94
Aviv,94
gjennomsøkte,94
dokumentert,94
domino,94
30-årene,94
ups,94
Rayna,94
Capital,94
syndig,93
maksimalt,93
Mathison,93
blodårene,93
blomstrende,93
Øst-Tyskland,93
rast,93
gropen,93
anlegge,93
reserver,93
gravitasjonen,93
landsbyene,93
dumheter,93
kvadrant,93
sluttspillet,93
lufthavn,93
hedret,93
sjøsyk,93
Eragon,93
republikanere,93
Øst-Berlin,93
menneskeblod,93
Corrigan,93
J.R,93
Portia,93
vidunderbarn,93
overvåk,93
lakenet,93
Vigo,93
yankeer,93
overvinner,93
sentralbordet,93
kløver,93
Cesare,93
Ibrahim,93
talemåte,93
Prometheus,93
bortføre,93
oversettelsen,93
larver,93
kjempekult,93
operatør,93
Shore,93
Jessup,93
seig,93
antidepressiva,93
forskeren,93
cello,93
frukter,93
underbemannet,93
Brix,93
derforjeg,93
runk,93
trofeer,93
statuer,93
underordnet,93
gensere,93
nisser,93
Whoo,93
Meechum,93
bagel,93
Estelle,93
umoderne,93
khal,93
skranken,93
sønderknust,93
mjød,93
tigers,93
elektrisiteten,93
riflen,93
Fifth,93
inngrepet,93
spikre,93
GIem,93
Kenai,93
spyle,93
ras,93
Sparky,93
gryte,93
cd-er,93
Dunne,93
begeistring,93
bindende,93
rustet,93
oppdaterer,93
visket,93
gærn,93
plastikk,93
sengetøyet,93
lungekreft,93
tropisk,93
finansielle,93
tønnene,93
fremstille,93
mesterskap,93
uskikkelige,93
konkurranser,93
hjernesvulst,93
Nyah,93
Savi,93
Shaws,93
leverandøren,93
eleganse,93
høytidelig,93
landsens,93
lengere,93
regnskapsføreren,93
familiemann,93
mistanken,93
regissere,93
nedverdigende,93
rømlingene,93
perverst,93
fiser,93
vurder,93
repet,93
skjæres,93
adopsjon,93
guinea,93
Brando,93
isfjell,93
Irish,93
versus,93
verter,93
pad,93
uransakelige,93
rocket,93
ang,93
puddel,93
Krister,93
Schaeffer,93
alkoholikere,93
stempler,93
steppe,93
trettende,93
fritatt,93
war,93
svamp,93
raffinert,93
roveren,93
bestikker,93
Gertrud,93
innringer,93
gravitasjon,93
Grossman,93
jogger,93
teleskopet,93
selvgode,93
førstesiden,93
rettergang,93
cyanid,93
Moreau,93
nedenfra,92
Sondre,92
filosofien,92
fornektet,92
klint,92
skylte,92
strategiske,92
billigste,92
menige,92
illevarslende,92
klagde,92
1900-tallet,92
anmeldelser,92
kommanderende,92
råbra,92
frembrudd,92
posttraumatisk,92
arena,92
Vicodin,92
Dickens,92
artige,92
ferengi,92
blinkende,92
mellomnavn,92
røvere,92
underverk,92
høns,92
bakenden,92
skjelte,92
tår,92
tankeleser,92
ansiktsuttrykk,92
motherfucker,92
skjemaene,92
misforståelsen,92
Keyser,92
banjo,92
Elsie,92
notatet,92
spurv,92
etterkommere,92
forundrer,92
røm,92
helligste,92
mort,92
inferno,92
too,92
konsekvent,92
meddeler,92
diskusjoner,92
rosiner,92
Okinawa,92
mandager,92
innkjøp,92
spisesalen,92
Raja,92
oppriktige,92
forslått,92
Salazar,92
Jacs,92
talentfulle,92
Eilis,92
scenene,92
eventyrer,92
ml,92
kannibaler,92
engen,92
smurfer,92
Nagus,92
utslettelse,92
loppemarked,92
lusen,92
fyrte,92
underholdt,92
uvurderlige,92
ål,92
bombemannen,92
rullende,92
kråkene,92
virk,92
slappet,92
livstruende,92
palme,92
adressert,92
aIIerede,92
slask,92
Lisboa,92
eksemplarisk,92
torsk,92
Trombley,92
Napa,92
Halbach,92
Henrys,92
Simcoe,92
absolutte,92
Larrabee,92
stevnemøter,92
snapper,92
tilskuerne,92
tiltaltes,92
skummet,92
rusfri,92
Pauls,92
kommune,92
tyrkiske,92
storsinnet,92
plenty,92
prototyp,92
protesten,92
veer,92
lld,92
vid,92
bakgate,92
gresshoppe,92
pledd,92
speaker,92
snørr,92
Bermuda,92
sammenkomst,92
Ronal,92
Sabine,92
stivnet,92
opplys,92
Petersburg,92
Kol,92
Fulton,92
Kellerman,92
D-dagen,92
terningene,92
Dodd,92
GELULA,92
Siegfried,92
ventende,92
ventingen,92
hviting,92
vievann,92
Allegra,92
krenkelse,92
overdrevent,92
Sosa,92
food,92
målstreken,92
Gloucester,92
Patel,92
personligheter,92
materiell,92
Seska,92
predikanten,92
rykende,92
Joni,92
gjenopplivet,92
skytsengel,92
hagearbeid,92
Herning,92
veltrent,92
veltalende,92
vendetta,92
District,92
velkjente,92
kal,92
detektiver,92
decepticons,92
knyt,92
Nicki,92
Janko,92
Blackwater,92
Steve-O,92
Sandman,92
kavaler,92
logo,92
Upper,92
håndklærne,92
intravenøst,91
premisser,91
Alfonso,91
Nicaragua,91
hvilested,91
bøllene,91
skrivemaskin,91
skrivemaskinen,91
forflytter,91
tredve,91
dåp,91
snikmordere,91
tiggere,91
undertrykt,91
undervurdere,91
oppstandelsen,91
voldtektsmenn,91
Navabi,91
fortidens,91
kombinasjoner,91
Rawls,91
mink,91
Balkan,91
kusken,91
vous,91
Hades,91
pupillene,91
overfalle,91
hee,91
Bragg,91
lente,91
surret,91
fastlåst,91
Mulligan,91
venta,91
LeAnn,91
kraftfull,91
opphever,91
hooker,91
Burrell,91
Bondo,91
infrarødt,91
forelesningen,91
pågikk,91
planken,91
vakuum,91
plankton,91
keisersnitt,91
livbåt,91
Romero,91
forsida,91
Hana,91
sinnssykdom,91
ishockey,91
omring,91
merkverdig,91
Harmony,91
skittentøyet,91
Tracey,91
måles,91
svevde,91
livmor,91
onsdager,91
disko,91
bløffe,91
høsttakkefest,91
Boxer,91
trimme,91
Ayrton,91
Welles,91
bøffel,91
søkelyset,91
utvisning,91
Thorsen,91
mnd,91
utelatt,91
Laila,91
negl,91
negrene,91
partiets,91
påskeharen,91
tornadoen,91
brusen,91
hummeren,91
Pryor,91
Metallica,91
nerdete,91
sink,91
diabetiker,91
egentIig,91
avtrykket,91
Lagertha,91
sprøere,91
sminket,91
kjedsomhet,91
svensker,91
hjerteanfall,91
villkatt,91
Meehan,91
hofte,91
Papprizzio,91
banshee,91
garn,91
lykketreff,91
gudfryktig,91
smakebit,91
missilet,91
gamlemåten,91
Rie,91
Svein,91
landeveien,91
MTV,91
tilba,91
lampa,91
nedtur,91
gørr,91
Cade,91
oppussing,91
LaFleur,91
kompanjongen,91
Maury,91
Stalingrad,91
zone,91
forundret,91
tøffingen,91
finansieringen,91
sykemeldt,91
støvsuger,91
niño,91
Kersey,91
tønna,91
Tori,91
lukene,91
Pym,91
krans,91
dvele,91
filmens,91
bursdagsgave,91
pugge,91
kjøtere,91
feer,91
rødtopp,91
gjenoppstått,91
menneskekroppen,91
Eben,90
rålekker,90
biljakt,90
gjennomsnittet,90
heise,90
overbeskyttende,90
klasserom,90
heftige,90
helbredes,90
salong,90
indere,90
plagsomt,90
hip-hop,90
DiLaurentis,90
iPad,90
katastrofal,90
rype,90
rynkete,90
stumme,90
ætt,90
Monterey,90
klimaanlegg,90
Ingemar,90
no'n,90
overvåkningskameraene,90
Saruman,90
tørketrommelen,90
påtrengende,90
korthet,90
automatvåpen,90
ork,90
tankegangen,90
kvinnenes,90
presserende,90
skjemt,90
misfornøyde,90
sitting,90
Kessler,90
fanatikere,90
vaskerommet,90
Zimmerman,90
teten,90
than,90
lava,90
sekunders,90
Dunnegan,90
Cedar,90
McKeag,90
samkvem,90
går'e,90
forer,90
ale,90
aldrig,90
citadellet,90
Marissa,90
torner,90
oppsigelsen,90
lra,90
kjæledyret,90
Sokrates,90
vaier,90
prøveløslatt,90
avskjedige,90
røvet,90
Stones,90
enter,90
vs,90
Akator,90
fjert,90
hylende,90
shake,90
arrangementet,90
protokoller,90
mekanikeren,90
vinning,90
forespørsler,90
Bundy,90
veksten,90
bortføring,90
Range,90
Pepe,90
forvandling,90
endel,90
romstasjonen,90
pannekakene,90
småby,90
Robbins,90
Kellys,90
O'Hare,90
flytta,90
burene,90
spader,90
delfin,90
vurderingen,90
Vitti,90
sprekkene,90
fruktbar,90
etappe,90
bittet,90
sultende,90
reklamer,90
sensor,90
forsinker,90
Marlo,90
Nance,90
Gillian,90
sikkerhetsvaktene,90
ko,90
bankraner,90
beskyldte,90
leketøyet,90
kunstneriske,90
Micah,90
oversvømmelse,90
kvartermester,90
søndagen,90
skisse,90
einstøing,90
unngås,90
hykleri,90
Bubs,90
urinen,90
NorSub,90
kompetanse,90
kompenserer,90
kasernen,90
Kasakhstan,90
kommenterer,90
rødhårede,90
tenningen,90
valentin,90
Alisha,90
barbariske,90
gratulasjoner,90
bønnfalt,90
oppriktighet,90
kurver,90
dumskalle,90
rimelige,90
ta-da,90
Tiki,90
registrering,90
Barbossa,90
futt,90
dåre,90
ypper,90
gravplass,90
produktiv,90
Lexus,90
Comic-Con,90
sutrer,90
Ghostbusters,90
besvar,90
mag,90
Stevenson,90
brother,90
linguini,90
Pasadena,90
skygg,90
Stussy,90
unn,90
Sands,90
opptar,90
muslimene,90
geitene,90
mineraler,90
avløpet,90
jubel,90
Cummings,90
fabrikkene,90
bedringens,90
fornyet,90
ledetråden,90
kartellene,89
Oak,89
tv'en,89
koblinger,89
hy,89
surrer,89
Karibia,89
Myles,89
Yousef,89
colten,89
misset,89
lop,89
bukt,89
kameler,89
Lulu,89
unåde,89
Moran,89
Sons,89
sandstorm,89
Curt,89
hedning,89
sjørøver,89
overfaller,89
øyas,89
golfbanen,89
note,89
Prado,89
Flores,89
pensjonerer,89
hogger,89
sentimentale,89
prior,89
Nilus,89
verktøyene,89
oppgradert,89
kraftigste,89
stifter,89
Tylers,89
lønnsøkning,89
DEO,89
banebrytende,89
reir,89
instruks,89
need,89
Olle,89
second,89
auf,89
alderdom,89
kortvarig,89
rikdommen,89
Susannah,89
trill,89
utslitte,89
una,89
pigger,89
tilskudd,89
spranget,89
arbeidsplass,89
nigga,89
kongressens,89
Uffert,89
Hamish,89
fiskeren,89
karbohydrater,89
feigingen,89
sesongens,89
Shapiro,89
cheers,89
Spanias,89
memo,89
løslot,89
sløst,89
fristelser,89
uhyggelige,89
kuponger,89
spikret,89
Carlyle,89
skjeer,89
sjanseløse,89
dressene,89
godhjertet,89
Officer,89
Northern,89
omtalt,89
autoriteter,89
Griffith,89
begavelse,89
zulu,89
tynget,89
lønne,89
hump,89
Nino,89
testosteron,89
avstemming,89
meldes,89
overskriftene,89
frontlinjen,89
utrydder,89
beistene,89
regnskogen,89
mottakeren,89
bulldog,89
partene,89
sikkerhetsvakten,89
Jett,89
fremskynde,89
nøytralisert,89
Lea,89
begravelsesbyrå,89
McCain,89
ferdighet,89
flaggene,89
løkke,89
dask,89
fankens,89
dekkes,89
trompet,89
hånet,89
Toyota,89
intriger,89
påkaller,89
omfavner,89
kan'ke,89
Afrikas,89
McCluskey,89
insinuerer,89
CharIie,89
Nietzsche,89
eskorten,89
pops,89
arbeidsdag,89
skjebner,89
betraktes,89
løslatelsen,89
synk,89
emir,89
skattemyndighetene,89
skattejakt,89
tv-program,89
tvi,89
Oleson,89
blokka,89
solsystemet,89
Manson,89
ISS,89
skorpionen,89
booke,89
blodprøven,89
rumpen,89
sommerferie,89
øgle,89
Purple,89
finale,89
bonn,89
etterlyser,89
imøtekommende,89
fjorårets,89
vanner,89
vibrerer,89
Dejah,89
burrito,89
plant,89
kjønnshår,89
Pelham,89
politimennene,89
politirapporten,89
overvant,89
regime,89
utløsning,89
skrubbsår,88
politiskilt,88
appellerer,88
skanningen,88
Burroughs,88
plantasjen,88
bono,88
bordtennis,88
armhevinger,88
Stamper,88
dokumentmappen,88
oppskrifter,88
can't,88
kartlegge,88
observasjoner,88
skoleball,88
skolegården,88
stevne,88
stripete,88
padre,88
drøye,88
drittjobben,88
bobil,88
syndsforlatelse,88
Rome,88
adressene,88
godtfolk,88
smigre,88
drøyer,88
Garroway,88
kodeord,88
granaten,88
Lenk,88
halte,88
tilstod,88
Bertrand,88
urban,88
Arwen,88
Swift,88
håndveska,88
prøveløslatelsen,88
prestasjoner,88
tjukkas,88
Broussard,88
Average,88
Maricruz,88
leieboer,88
prim,88
veg,88
Vuk,88
forseelse,88
likegyldighet,88
Phantom,88
Nando,88
snedig,88
Tesseracten,88
Barrys,88
prinsens,88
stolpe,88
Sami,88
hvisk,88
drøftet,88
kaputt,88
ubarmhjertig,88
lusne,88
attest,88
underordnede,88
Cami,88
tristhet,88
avviker,88
wanna,88
champ,88
ringenes,88
faser,88
kammertjener,88
sporty,88
forstørret,88
Santino,88
romantikken,88
eteren,88
melon,88
romkamerater,88
Saperstein,88
prata,88
jaguaren,88
ramler,88
nikke,88
sprayet,88
Poseidon,88
alfabetisk,88
dopa,88
Elmo,88
senkes,88
visdommen,88
behøvd,88
forverret,88
Rizzo,88
spydd,88
antikrist,88
motorsag,88
relatert,88
Towers,88
Oxley,88
avveie,88
tromme,88
mitzvah,88
Glasgow,88
leverandører,88
Braga,88
tine,88
Kemp,88
bIod,88
gjerrige,88
kritikerne,88
gjentatt,88
lønnsom,88
5th,88
Åhh,88
rutevogna,88
flytting,88
skapelsen,88
Zak,88
Petronius,88
Gould,88
innbill,88
erkebiskop,88
Dmitri,88
Gruber,88
skaderapport,88
Tarly,88
Matti,88
luftegården,88
dollaren,88
gruble,88
klo,88
Pushkin,88
Pollard,88
utilsiktet,88
atlas,88
Starbuck,88
defensiv,88
besvergelse,88
Browning,88
demokrat,88
Strutt,88
regninga,88
demontere,88
hovedpersonen,88
Hedvig,88
overdreven,87
imitere,87
eksperimenterer,87
Mookie,87
muttern,87
blodspor,87
glitrer,87
Baylor,87
teknikeren,87
kleint,87
objektivt,87
alreit,87
SelvføIgelig,87
Linden,87
meningsmålingene,87
gjennomskuer,87
havfrue,87
ærverdige,87
tidsfristen,87
blyanten,87
laboratorier,87
gasset,87
småunger,87
lakris,87
lengte,87
Rigby,87
skilsmisser,87
djevlene,87
fragmenter,87
rupi,87
avsløring,87
kelvin,87
panikkanfall,87
kokosnøtter,87
omfang,87
måfå,87
måI,87
avvæpne,87
parer,87
droiden,87
lasset,87
DNA-prøve,87
seirende,87
leiter,87
Zodanga,87
uorden,87
kollaps,87
kollektivet,87
Miley,87
besatte,87
Genny,87
Seinfeld,87
brigade,87
begravelsesbyrået,87
doper,87
Peder,87
designe,87
dios,87
portugisisk,87
enerett,87
Mumbai,87
fellende,87
motivere,87
Juma,87
våpenhandler,87
trust,87
omfavnet,87
eiendel,87
introdusert,87
blindtarmen,87
McCrae,87
Sachs,87
aura,87
stoffene,87
henvende,87
nervesammenbrudd,87
visningen,87
try,87
Lauda,87
donasjoner,87
entreen,87
framføre,87
Cece,87
Ewing,87
Thomsen,87
Ricks,87
Andrej,87
veis,87
inngripen,87
innført,87
nettop,87
skriftemål,87
mikroen,87
Keys,87
watt,87
sniffet,87
Landry,87
Soho,87
formere,87
foreløpige,87
hjelpere,87
Copeland,87
diameter,87
lda,87
mosen,87
Duran,87
hemmet,87
Frannie,87
Aladdin,87
Krutsjov,87
hemmer,87
klumpen,87
forstatt,87
Kipling,87
pianist,87
pickles,87
fyker,87
mammuten,87
bells,87
forøvrig,87
sønder,87
maskineri,87
babyens,87
Ba'al,87
onkler,87
radikalt,87
lron,87
hovmod,87
Twin,87
menighet,87
fjolset,87
ljuge,87
matros,87
ommer,87
altid,87
almisser,87
farfaren,87
startes,87
Gunther,87
senatorens,87
inder,87
ås,87
Hatch,87
Tenebrae,87
tenkning,87
Books,87
navlestrengen,87
hovedporten,87
voldtekten,87
gjenoppleve,87
nazistenes,87
O'Reilly,87
skannerne,87
dancing,87
utilstrekkelig,87
inntok,87
forfatning,87
slokke,87
nyren,87
boden,87
nevrotisk,87
racerbil,87
flyangrep,86
krigsherre,86
smuglere,86
turn,86
turene,86
tomhet,86
stridsvognene,86
Cornwall,86
strong,86
seminaret,86
rettskaffen,86
historiebøkene,86
impulser,86
Inc,86
tolken,86
Isis,86
feid,86
meningene,86
Howe,86
avdelingene,86
wienerbrød,86
Pancho,86
kommandere,86
tolkes,86
Enzo,86
passasjeren,86
rødhårete,86
solbrent,86
begjæringen,86
manikyr,86
moderskipet,86
revolvere,86
visuelle,86
skapelse,86
maskingeværet,86
Lamb,86
cowboys,86
Bellagio,86
har'n,86
beslaglegge,86
registreringsnummeret,86
sløste,86
Trenton,86
kontaktperson,86
heslig,86
paraplyen,86
risker,86
misnøye,86
utmerkelse,86
risen,86
Livia,86
bannlyst,86
beslaglegger,86
aliens,86
Michel,86
forfremme,86
kilen,86
massemord,86
Phi,86
disk,86
Kirkland,86
cha,86
høyrehendt,86
vćrt,86
avviket,86
ringes,86
IBM,86
matforgiftning,86
Smythe,86
krom,86
Cochran,86
bomsen,86
pensjonister,86
Bajoran,86
dashbordet,86
forræderske,86
ektemanns,86
spartanere,86
galant,86
testresultatene,86
Barsoom,86
avbrytelsen,86
negere,86
trafikkork,86
forfører,86
Nestor,86
lakk,86
uslåelig,86
svidde,86
fotfeste,86
Medivh,86
Yar,86
ubemannet,86
sager,86
haik,86
påkalle,86
pinadø,86
inkompetente,86
anden,86
mother,86
ingrediensen,86
Gayle,86
praktiserer,86
uroen,86
synkronisert,86
hvitvaske,86
raneren,86
primært,86
nissens,86
mango,86
Yuma,86
tørster,86
Tino,86
provosert,86
engster,86
Stink,86
mettet,86
Charming,86
verdsatte,86
Kensington,86
adelige,86
direkten,86
Bradford,86
skjendet,86
tiltrekning,86
buksen,86
marshallen,86
kabinettet,86
urinprøve,86
Nation,86
dekkhistorie,86
Bumblebee,86
svigersønnen,86
Ronon,86
Malarkey,86
Laramie,86
gâr,86
hundretusener,86
Theatre,86
dagsorden,86
pling,86
utvendig,86
Cottonmouth,86
Lolita,86
nikotin,86
spådde,86
smurte,86
forkjærlighet,86
smågutter,86
betjene,86
uegnet,86
hollender,86
priset,86
J'onn,86
Egbert,86
snylter,86
ogsĺ,86
gamma,86
Ridley,86
kyllingene,86
Geirr,86
symfoni,86
åå,86
morro,86
allt,86
shalom,86
sandwicher,86
skarpskyttere,86
nazi,86
gjennombruddet,86
incest,86
avlevere,86
stuepiken,86
gringoen,86
skarpeste,86
salig,86
kaien,86
Escalante,86
Bobs,86
splinter,86
velsigner,86
Haynes,86
Regis,86
glimtet,86
klekkes,86
fagforening,86
Teheran,86
ønskes,86
forplikte,86
resepten,86
Rolls,86
selvmordsoppdrag,86
Cutler,86
anholder,86
selvgod,85
Bordeaux,85
varemerke,85
klekket,85
overblikk,85
Hawks,85
heler,85
ørefik,85
heksekunst,85
glipper,85
salami,85
besvarte,85
besøkene,85
dristige,85
avlegger,85
studiet,85
O'Rourke,85
vitneforklaringen,85
vodkaen,85
Horus,85
Indianapolis,85
Grundy,85
Helsing,85
kartlagt,85
Irma,85
Chesters,85
matsalen,85
paier,85
beregningene,85
lekkasjer,85
reke,85
kjekkeste,85
avvenning,85
værelset,85
Romney,85
Niller,85
postmann,85
spørr,85
lyserøde,85
blidgjøre,85
skreddersydd,85
provisjon,85
skuffene,85
Motors,85
motorstopp,85
ekornet,85
piner,85
nærbilde,85
Marlboro,85
Ma'an,85
hunnene,85
Asa,85
mâ,85
svindlere,85
Touché,85
musene,85
sà,85
Wonka,85
kolesterol,85
Elton,85
jetlag,85
kortslutning,85
innflytelsesrike,85
barnerommet,85
flokker,85
mottakelig,85
Bridger,85
troens,85
Lexington,85
optimisme,85
kokke,85
dansker,85
lokkedue,85
skjermer,85
Danton,85
Tiny,85
stivner,85
utvalget,85
sjarmere,85
Donner,85
donerer,85
markerte,85
dunket,85
Sybok,85
hvitvasking,85
Bertha,85
Geoff,85
konfrontert,85
Gaviria,85
dialekt,85
påpekte,85
påle,85
MacLeish,85
uenigheter,85
lotteriet,85
fliser,85
ordrett,85
utrygg,85
heroiske,85
ABC,85
Christophe,85
halvbror,85
Yashida,85
Ellison,85
nummerskiltet,85
Conners,85
svermer,85
kanonball,85
sm,85
provde,85
Vinny,85
fotsporene,85
figurene,85
kjempefine,85
Birdy,85
viset,85
litegrann,85
tørna,85
Melina,85
drittungen,85
byggeplassen,85
underkaste,85
hjemmelagde,85
Winther,85
Iover,85
balkong,85
hytter,85
rørledningen,85
legendene,85
ulempe,85
Waldo,85
beklageligvis,85
beinhard,85
Carlsen,85
Bowen,85
bowler,85
I've,85
knuten,85
Middleton,85
Washingtons,85
coyote,85
ketsjup,85
Pandoras,85
CIA-agent,85
bjeffe,85
elite,85
velvære,85
Dulles,85
Erso,85
glidemiddel,85
pelsene,85
Oops,85
utgaven,85
innsamlingen,85
mrd,85
regi,85
steril,85
høydepunktet,85
absurde,85
traumatisert,85
Galavant,85
visuelt,85
fait,85
gjentas,85
begjæret,85
brukbare,85
generøst,85
balansert,85
logger,85
Minho,85
Mustafa,85
Strauss,85
leddet,85
sonde,85
Clifton,85
tomheten,85
strippe,85
imitasjon,85
Soren,85
dyder,85
helbredelse,85
Frau,85
luftrommet,85
sjuskete,84
observerte,84
krigsfange,84
helbredende,84
busker,84
rytterne,84
teknikker,84
football,84
ufrivillig,84
Litchfield,84
Cogburn,84
nattbordet,84
Kili,84
skrubb,84
kompanjonger,84
Stephan,84
Nasaret,84
plettfri,84
Enola,84
Gally,84
villmarka,84
motbevise,84
trygd,84
statisk,84
Lucrezia,84
baten,84
Hauru,84
iskremen,84
sandaler,84
Witherspoon,84
karusell,84
Hamunaptra,84
Persevs,84
omløp,84
kolonne,84
Coraline,84
slåsskampen,84
rivaliserende,84
Inhumans,84
Grievous,84
energisk,84
Scarface,84
forståelsen,84
Bugsy,84
konstruerte,84
læremester,84
spiselig,84
sports,84
drosjesjåfør,84
Deena,84
Krueger,84
velvet,84
knyttneven,84
trenere,84
oppløse,84
Kray,84
Arktis,84
prangende,84
stevnemøtet,84
distribusjon,84
utnevnelsen,84
skolelærer,84
Iar,84
Iand,84
værs,84
hoIdt,84
Peek,84
Barnabas,84
Lillehammer,84
Rolex,84
doktorer,84
Vandal,84
søylene,84
nytten,84
drapsavdelingen,84
kolibri,84
trakassert,84
Samira,84
trøkk,84
påa,84
gonoré,84
omkamp,84
myndig,84
rapporteres,84
svømmebassenget,84
lønning,84
kviser,84
kapittelet,84
godsaker,84
McGee,84
juksemaker,84
vrøvlet,84
villede,84
skrin,84
stær,84
Zalachenko,84
organiske,84
Hepburn,84
avslør,84
forkledningen,84
probIemer,84
sperres,84
ugh,84
hundrede,84
Harrington,84
sikle,84
løgnaktig,84
juster,84
Trond,84
kulturelle,84
fundamentet,84
capo,84
fjerdedel,84
nervegassen,84
utveksler,84
Longshanks,84
Bugs,84
lærerikt,84
Marlon,84
kjekkere,84
forlovelsesring,84
Augustine,84
opphavet,84
Eagleton,84
botemiddel,84
pIass,84
policy,84
spillereglene,84
Boggs,84
instrumentet,84
utpeke,84
utmattende,84
slitsomme,84
tilhørende,84
lykt,84
Marlin,84
penge,84
farmen,84
redigere,84
forkant,84
blekket,84
Somerset,84
likpose,84
fanatiker,84
Dae-su,84
misfostre,84
verdenene,84
briste,84
finansdepartementet,84
bondetamper,84
verks,84
servietten,84
festmåltid,84
tanksen,84
Doctor,84
nøytralt,84
sjekkheftet,84
lokaler,84
Ultron,84
sovjeterne,84
Cabot,84
isolatet,84
skolissene,84
sonnen,84
teleskop,84
Snowflake,84
soning,84
νære,84
Kylie,84
Sollozzo,84
pitbull,84
østpå,84
lønnspålegg,84
skyldnere,84
engstelige,84
Enid,84
jer,84
prekenen,84
dike,84
lansere,84
pikenavn,84
beite,84
T-Bag,84
fyrstikkene,84
kj,84
kjangs,84
Beaumont,84
kommunismen,84
ostesmørbrød,84
bakom,83
fornemmer,83
Nana,83
sahib,83
Focker,83
barnebidrag,83
mistenktes,83
bittesmå,83
gymmen,83
Sundance,83
betraktelig,83
forskrekket,83
sperringen,83
forlovelse,83
nestleder,83
Bisgaard,83
iPhone,83
kommertil,83
gulvene,83
Smokey,83
ildgivning,83
by'n,83
menjeg,83
tungvekt,83
Irv,83
stanga,83
Ilia,83
vordende,83
rettighet,83
skadede,83
klagen,83
Vittorio,83
Moria,83
lmponerende,83
beat,83
underdrivelse,83
hvisking,83
spådommen,83
lommelykta,83
ruster,83
mosebok,83
hjerteproblemer,83
forvirrede,83
naut,83
bluss,83
lagets,83
masten,83
Gagarin,83
skjemte,83
sidelengs,83
likne,83
flyt,83
Flemming,83
Melman,83
brudens,83
rush,83
styrten,83
Delgado,83
portforbudet,83
beslagla,83
ala,83
målområdet,83
vikingene,83
mytologi,83
Tintin,83
folkemengde,83
lokalpolitiet,83
instinktivt,83
forkortelse,83
spesialisert,83
beundrere,83
kjemikaliene,83
pryl,83
Flamingo,83
lykter,83
Nevins,83
duen,83
døds,83
realisere,83
lokalene,83
dyrlege,83
mesterne,83
dannes,83
shell,83
guttenes,83
plapre,83
rutene,83
stønn,83
partert,83
legitim,83
framstår,83
framtidig,83
storslåtte,83
undersøkelsene,83
båttur,83
smyger,83
Corwin,83
Pran,83
Krogshøj,83
reaktor,83
synsvinkel,83
forveksle,83
Vidvandre,83
McMurphy,83
dings,83
Biggs,83
eren,83
low,83
hagler,83
sjenerøsitet,83
frike,83
agurk,83
stick,83
Walid,83
fotografering,83
fus,83
Japans,83
Coast,83
variabler,83
Browns,83
Fong,83
introduksjon,83
kalifatet,83
bula,83
derifra,83
Eirik,83
besudlet,83
herskere,83
ukas,83
feminine,83
stempel,83
eskorter,83
sløseri,83
Nassar,83
nødbluss,83
personalavdelingen,83
gullmynter,83
wiedersehen,83
Palmers,83
torturen,83
blodsukker,83
irrelevante,83
adjøss,83
generøse,83
Smiths,83
Shan,83
presidentkandidat,83
isfjellet,83
bling,83
Dassey,83
hintet,83
Fairchild,83
Myrtle,83
halvveien,83
PlayStation,83
meditere,83
glovarm,83
identifiseres,83
donert,83
Idris,83
julenissens,83
drukning,83
heves,83
tyvegods,83
villmark,83
Kale,83
ateist,83
ujevn,83
uhøflige,83
cellegift,83
finsk,83
klasser,83
sosialarbeider,83
bushen,83
epoke,83
skyts,83
monterer,83
bedrageren,83
klask,83
øyenvitne,83
overbringe,83
klapperslange,83
skallede,82
busstasjonen,82
øpp,82
Fabious,82
SEMA,82
kliniske,82
monitoren,82
menneskerettigheter,82
Führeren,82
tekstmelding,82
Monet,82
Castillo,82
punktene,82
aktivitetene,82
fløyen,82
øyenbryn,82
observer,82
2nd,82
fucked,82
brannsår,82
livshistorien,82
forbehold,82
utestående,82
popularitet,82
Rittenhouse,82
Birk,82
brite,82
påtatt,82
krypterte,82
kryptonitt,82
Russlands,82
støtfangeren,82
snømann,82
næringslivet,82
stemoren,82
Debi,82
etterskudd,82
tålt,82
rengjort,82
trykte,82
kløe,82
kvakk,82
uhelbredelig,82
Scanlon,82
spolert,82
Absalon,82
trigger,82
giftemål,82
Gibraltar,82
champion,82
Pontus,82
Doron,82
Agamemnon,82
narkohandel,82
klubbhuset,82
storslagne,82
kostnad,82
sjekka,82
marionett,82
bommen,82
vika,82
skraphaug,82
jagerne,82
medaljong,82
salme,82
blandede,82
Blart,82
albus,82
Sacks,82
Carr,82
børst,82
Djupvik,82
id-en,82
villmennene,82
programmere,82
Athen,82
utpost,82
slitte,82
tilfredsstiller,82
ladningen,82
sprøeste,82
hangar,82
timeglasset,82
tilværelse,82
tramp,82
bløffmaker,82
inspeksjonen,82
installerer,82
forviste,82
kansellert,82
beslutter,82
smadrer,82
fengselsdirektør,82
hønene,82
forsvarsløs,82
juicen,82
kraken,82
leilighetene,82
fallen,82
Laverne,82
plask,82
fillene,82
belter,82
O'Conner,82
forran,82
rep,82
Stavanger,82
asfalten,82
onanerer,82
forsømmelse,82
skjøge,82
atombomber,82
Danishbits.org,82
jernbanestasjonen,82
sabla,82
Metz,82
talene,82
uttrykkelig,82
innlegg,82
tannleger,82
Tannlaus,82
Rochester,82
Fantastic,82
syren,82
Darmody,82
allmektig,82
vide,82
Shauna,82
horden,82
oppfattes,82
Blomkvist,82
Emanuel,82
personsøker,82
Conte,82
oppsummere,82
dødskult,82
gorillaen,82
lyssky,82
signalement,82
Vasilij,82
boet,82
Royalle,82
gravstein,82
hero,82
skrømtene,82
Livius,82
nachos,82
huser,82
shiva,82
op,82
overstyre,82
Pearson,82
nakenhet,82
Grease,82
stabssjefen,82
rådmann,82
krenkende,82
Eph,82
vanligste,82
Josey,82
vanedannende,82
eksponering,82
Patti,82
Kristoff,82
åte,82
pensum,82
tjenestepike,82
rastløse,82
Daxam,82
materielle,82
toppfart,82
Karibien,82
unngjelde,82
Mim,82
karet,82
hybrid,82
gullsmeden,82
håndhever,82
Zane,82
Tiana,82
spesialbehandling,82
lut,82
fottrinn,82
Kaba,82
Fatima,82
ytringsfrihet,82
sommerleir,82
skolegutt,82
16-åring,82
dyktigste,82
overetasjen,82
BB,82
klargjort,82
flybårne,82
sorgene,82
Heck,82
bakside,81
dødsstjernen,81
Margrethe,81
sinnstilstand,81
skyll,81
skype,81
limet,81
israelsk,81
ln,81
øvelsene,81
tegneseriene,81
fornøyelser,81
ik,81
pint,81
navigatør,81
øss,81
snop,81
ordspill,81
gammel'n,81
gangsteren,81
bekjentskap,81
Krüger,81
Aiden,81
gylden,81
middagsbordet,81
leksjonen,81
Hubbard,81
pyramide,81
Cube,81
Cali,81
lystrer,81
sjelens,81
skattebetalerne,81
O'Neil,81
opptelling,81
cos,81
underholdningen,81
prevensjon,81
Mylene,81
lerret,81
firkantet,81
uoverensstemmelser,81
Poulsen,81
Valentines,81
valgdagen,81
bidraget,81
Delmar,81
Samir,81
mailet,81
knappe,81
sedan,81
bekymringen,81
saboterte,81
stivt,81
finnerlønn,81
Martius,81
Thyra,81
tilholdssted,81
regjerende,81
Lieberman,81
lidende,81
avtal,81
takling,81
skilsmissepapirene,81
Anastasia,81
Jelena,81
japp,81
skrulle,81
Colby,81
Edens,81
oppnås,81
brensel,81
Drazen,81
uforglemmelig,81
amnesti,81
pie,81
okkuperte,81
familiebedriften,81
dagsordenen,81
belønner,81
Grang,81
Scarlet,81
Barbados,81
Sør-Frankrike,81
fusjon,81
Scotts,81
landsmøtet,81
hνor,81
eIsket,81
utkjørt,81
entusiasmen,81
Childs,81
minibaren,81
lunsjtid,81
svindelen,81
Kapoor,81
enveisbillett,81
Ajax,81
NORWEGlAN,81
bueno,81
skjemaer,81
Klux,81
fengsles,81
blikkene,81
hudfargen,81
skill,81
justeringer,81
Britannia,81
Excelsior,81
uvennlig,81
Skimmerhorn,81
midtpunktet,81
påkrevd,81
tømmes,81
kryssord,81
programmerer,81
innebygd,81
Malloy,81
snar,81
granatene,81
memoarer,81
sauen,81
sølibat,81
lykten,81
Himalaya,81
bytting,81
skjules,81
interessekonflikt,81
blotte,81
hjerterytmen,81
tanksene,81
revolusjonære,81
julekort,81
Singleton,81
Hamid,81
off-line,81
Marino,81
måker,81
pågripes,81
Haines,81
sikkerhetssjefen,81
Konstantinopel,81
hvad,81
madrasser,81
kjentes,81
utbetalt,81
Yao,81
kjælenavn,81
redskaper,81
kampsport,81
panel,81
halvdød,81
religioner,81
Energreen,81
uhm,81
proffene,81
bestående,81
antakelse,81
Garza,81
reelt,81
gærent,81
Natt'a,81
åren,81
lensmann,81
konkurrenten,81
overlevert,81
gnister,81
McNamara,81
Meade,81
kveldsmaten,81
steinbruddet,81
alarmberedskap,81
forsvarsmekanisme,81
forsvarsadvokat,81
Tove,81
diplomater,81
glory,81
nødsentralen,81
piskeslag,81
Maudie,81
nådeløst,81
krigsretten,81
Jeffries,81
Saito,81
hung,81
flygeren,81
analsex,81
standby,81
standarden,81
riksvei,81
koppene,81
desorientert,81
fluktforsøk,81
stripene,81
jokeren,81
fullblods,81
Mussolini,81
bookmaker,81
bakgrunnssjekk,81
nobelprisen,81
oppskyting,81
førstestyrmann,81
selvmordsforsøk,81
fornem,81
bakvendt,81
understellet,81
drømmeprinsen,81
rasister,80
bakgård,80
stasjonsvogn,80
Faraday,80
demonstrasjoner,80
Jor-El,80
Tobruk,80
muterte,80
kombinerer,80
køys,80
varmes,80
plagsomme,80
hoveddøren,80
nedslag,80
TJ,80
Fargo,80
hjemkomst,80
Paine,80
premier,80
Whitey,80
Jedha,80
husarbeid,80
HBO,80
doplanger,80
Anya,80
polere,80
flodhest,80
klikka,80
Taro,80
dominere,80
borgene,80
Pixy,80
filmstjerner,80
Irwin,80
fortvil,80
ulidelig,80
kokainet,80
ingrediens,80
kvel,80
Farquaad,80
Farrah,80
Milan,80
vikinger,80
bragte,80
leveranser,80
akademisk,80
denslags,80
klut,80
forberedende,80
bankkontoen,80
tillates,80
tøfler,80
gjestehuset,80
arbeidsrommet,80
porselen,80
gretne,80
termin,80
lømmel,80
Aladeen,80
latinum,80
forrådet,80
spaghetti,80
hjerteslagene,80
hjernens,80
skreket,80
kjore,80
manne,80
sokken,80
Solando,80
Basie,80
krabbet,80
juble,80
psykose,80
Plummer,80
seilbåt,80
Speedy,80
Savastano,80
kodeks,80
kodeordet,80
Weathers,80
skikken,80
kjempehyggelig,80
Reynard,80
SPECTRE,80
lounge,80
juvel,80
bh-en,80
byråer,80
byråkrati,80
sivilisasjonens,80
tamponger,80
vaIg,80
påbegynt,80
rensket,80
faktaene,80
bursdager,80
forsyning,80
Laflamme,80
ettermæle,80
consigliere,80
Viggo,80
Skylar,80
strak,80
Magneto,80
musikkbransjen,80
Lazlo,80
LAX,80
ripe,80
hofter,80
dukkert,80
abstrakt,80
Europol,80
ven,80
oldefaren,80
thing,80
oppmøte,80
Doom,80
atomangrep,80
tilfeldighetene,80
nynner,80
suging,80
Brugge,80
tøyle,80
Peak,80
læres,80
SEALs,80
marmor,80
Faust,80
risikabel,80
bekvem,80
O'Donnell,80
Mahmoud,80
Rat,80
Lyons,80
adjutant,80
tradisjonene,80
Romulus,80
drittjobb,80
Sigi,80
hip,80
ehh,80
omgjort,80
upartisk,80
smellet,80
sjetonger,80
Parish,80
kunngjort,80
forblør,80
giftermål,80
dumpa,80
mammut,80
Mandela,80
kirurger,80
RUF,80
wake,80
værste,80
Holliday,80
erotiske,80
ná,80
slep,80
Damaskus,80
studien,80
erdu,80
strål,80
ømme,80
dykkere,80
νet,80
Duval,80
Candie,80
Tariq,80
menneskekjenner,80
foredraget,80
Wilmer,80
tus,80
Baton,80
kjøretøyer,80
dødsriket,80
sinnssykehus,80
øyelokkene,80
benåde,80
krigstid,80
Billys,80
strikker,80
obligasjonene,79
hum,79
Payton,79
bisarre,79
Prudence,79
stimulere,79
Saddams,79
bistår,79
Francois,79
krystallklart,79
revy,79
Burbank,79
moi,79
borgerrettigheter,79
senatorene,79
Valentino,79
klokskap,79
kroningen,79
melodramatisk,79
Nettie,79
sajeg,79
Calcutta,79
M.K,79
vll,79
tygget,79
Hrafn,79
slitet,79
tungtvann,79
foregar,79
huse,79
Pearly,79
Clooney,79
skyndt,79
Strip,79
magasiner,79
Niagara,79
skvære,79
brudekjole,79
glemmes,79
marines,79
kjetteri,79
Dade,79
tet,79
orientering,79
viktigheten,79
kvadranten,79
Camden,79
bremset,79
forflyttes,79
styremøte,79
Earle,79
underetasjen,79
Ashby,79
ruste,79
fordervelse,79
ruse,79
avsidesliggende,79
Chilton,79
campingvognen,79
fiskebåt,79
Natalia,79
blev,79
kostelige,79
pærer,79
løken,79
koselige,79
gipsen,79
Zendt,79
nærkamp,79
forsettlig,79
dobbeltagent,79
Dunkerque,79
relasjon,79
spanet,79
fillete,79
Rhea,79
Lupo,79
fame,79
hombre,79
Nja,79
Maxie,79
Starkwood,79
fastslår,79
walk,79
forhenværende,79
Islamabad,79
sms-en,79
trick,79
hodeskade,79
Emissary,79
brasilianske,79
Sussie,79
kontonummeret,79
haltet,79
skrittene,79
dryppet,79
konstabelen,79
kalk,79
Deckard,79
Matias,79
køye,79
livsfarlige,79
Kamilla,79
matvarer,79
måltidene,79
transplantasjon,79
Mika,79
Larissa,79
Harken,79
sno,79
Fiji,79
kisen,79
mottiltak,79
knipse,79
Missus,79
rift,79
beholdere,79
knipen,79
Ralf,79
gongongen,79
Squad,79
Vickers,79
svevende,79
touch,79
kondolanser,79
brakken,79
Brakebills,79
beroliger,79
FSB,79
Hamptons,79
genererer,79
fetterne,79
snakkesalig,79
sykeste,79
guling,79
elskelig,79
mustasje,79
rasjonelle,79
spesialenheten,79
Mueller,79
belladonna,79
Poldark,79
inngangsdøra,79
oralsex,79
Tilden,79
Sergio,79
Wisteria,79
Eloise,79
pornostjerne,79
Kates,79
inspirasjonen,79
oppsøkt,79
Hilde,79
musikalske,79
maskineriet,79
oksene,79
velutdannet,79
time-out,79
sitatet,79
banditten,79
lammelse,79
skjelne,79
skjelvende,79
bukket,79
redaksjonen,79
realistiske,79
forstoppelse,79
maset,79
redegjørelse,79
bemerkninger,79
ponnien,79
reduseres,79
fingertuppene,79
iakttatt,79
innkalte,79
serienummer,79
scoop,79
utredning,79
kobra,79
hestemøkk,79
filosofisk,79
selvom,79
dusørjeger,79
immigranter,79
vanket,79
tarvelig,79
førsteinntrykk,79
gårdene,79
biopsi,79
øra,79
tekste,79
åsteder,79
vamos,79
anmodningen,79
temmet,79
grunnleggeren,79
Ieve,79
flyging,79
klassens,79
flybase,79
curry,78
krypdyr,78
kryptering,78
ærbar,78
Heisenberg,78
Moritz,78
A.J,78
tallerkenene,78
Rickon,78
Crescent,78
Kuato,78
gâ,78
Nerys,78
pæra,78
trojansk,78
fremstiller,78
Inman,78
alliertes,78
Mavis,78
ungarsk,78
canadiske,78
sammenlign,78
fenomenal,78
Fenton,78
høystbydende,78
opptrådt,78
dart,78
Academy,78
polert,78
Danni,78
sølet,78
fiendtlighet,78
tilmed,78
tilskuer,78
grattis,78
forsov,78
Richardson,78
vice,78
kopler,78
omsorgsfull,78
qué,78
barriere,78
sukkerbiter,78
frihetsgudinnen,78
Rachels,78
perlen,78
arsenikk,78
Gogh,78
kameramann,78
Walder,78
triple,78
Nadja,78
colombiansk,78
Series,78
minnestund,78
Twilight,78
patriotisme,78
Dönitz,78
mutert,78
hardu,78
balle,78
nummerskilt,78
lags,78
utbetaling,78
nykommer,78
kenguru,78
tin,78
disiplinen,78
utgående,78
inntekten,78
innpakket,78
postkassa,78
marshalen,78
marskalk,78
Katharine,78
Yngve,78
Chauncey,78
rollefiguren,78
Hiroshima,78
Rasmussen,78
hovedfag,78
hovedkontor,78
akseptabel,78
Bilal,78
strukket,78
ladningene,78
vinkling,78
slump,78
Strixen,78
skyndte,78
limo,78
hvites,78
juju,78
trøstet,78
Juilliard,78
bibliotekaren,78
gnom,78
agha,78
drittpreiket,78
Dhabi,78
kvalmende,78
asfalt,78
viklet,78
Century,78
coach,78
Mercia,78
Germanicus,78
pløye,78
fusker,78
anstrengende,78
ekstremister,78
legitimt,78
partnerskapet,78
gjenkomst,78
pusher,78
volum,78
Jarnagard,78
Nicolai,78
detonator,78
forlag,78
Scrabble,78
glupe,78
blodtørstig,78
stadige,78
sveis,78
Weenie,78
revne,78
linken,78
naturfag,78
Thad,78
Bartlett,78
Louvre,78
irakerne,78
bæsjen,78
konfiskerte,78
embetsmann,78
skravle,78
hyttene,78
skopuss,78
forbaska,78
trafikkpolitiet,78
kjekkasen,78
eventuell,78
millionen,78
lånene,78
hjelmene,78
pakkes,78
Padmé,78
frynsegoder,78
Torus,78
kapitulasjon,78
invitasjoner,78
Soran,78
Mao,78
kjøttetende,78
befinne,78
Ange,78
formidabel,78
infarkt,78
visner,78
Alchemy,78
kube,78
burgeren,78
flystripe,78
Loxley,78
attraktive,78
mekka,78
kritikken,78
strategier,78
Tyree,78
drikkes,78
storslagent,78
deodorant,78
fakkelen,78
momentant,78
nepal,78
Mariah,78
terningen,78
befalt,78
øreringer,78
prærieulv,78
eksplosiv,78
rettelse,77
Teo,77
angikk,77
Varden,77
varp,77
Circle,77
selvangivelsen,77
viske,77
Mogge,77
mojo,77
Cavendish,77
prosenter,77
krøplingen,77
sadist,77
strake,77
depotet,77
provoserte,77
klonet,77
kloroform,77
krukken,77
annenrangs,77
replikatorene,77
repeterer,77
Cates,77
mugger,77
Mukhtar,77
funky,77
hardest,77
Dolphins,77
dolket,77
tegnspråk,77
bed,77
teft,77
30-tallet,77
konfidensiell,77
skrelle,77
Arkyn,77
Capri,77
Karakurt,77
ranene,77
komplette,77
generelle,77
oppsiktsvekkende,77
mobbing,77
knepene,77
nordmennene,77
Wendt,77
hjerteløse,77
ramle,77
Sao,77
Mathias,77
svigerinnen,77
Farley,77
Mildred,77
rana,77
Rennie,77
Barstow,77
bump,77
navngitt,77
dyriske,77
klumsete,77
steine,77
steken,77
hager,77
Bremer,77
Jakey,77
fersket,77
York-politiet,77
Spice,77
politibiler,77
antydning,77
ukentlige,77
algoritmen,77
prognosen,77
fotballag,77
fotballbanen,77
plapret,77
skvise,77
hengslene,77
Zozo,77
Dunphy,77
Tanguy,77
pingvinene,77
Marisa,77
brakka,77
setebeltene,77
Malachi,77
kyllingvinger,77
ofring,77
pilates,77
søstra,77
kjappere,77
Knud,77
rehabilitert,77
styremøtet,77
fremkalle,77
frekvensene,77
ak,77
Ryans,77
jab,77
trøstende,77
saksøk,77
sho,77
menneskerasen,77
Jordandalen,77
jordmoren,77
verdisaker,77
Masuka,77
rasert,77
logge,77
poeten,77
Garrigan,77
risikoer,77
titusener,77
Wolff,77
Scavo,77
sporre,77
apers,77
Buffy,77
rebeller,77
Gao,77
overveid,77
brønner,77
syvsover,77
rock'n,77
avgrunn,77
Bressler,77
Agneta,77
tristeste,77
undertrykker,77
lesere,77
colombianske,77
smokingen,77
papp,77
Everglades,77
rundtur,77
Excalibur,77
kløktig,77
Aidan,77
droidene,77
sultan,77
magene,77
rødme,77
strammet,77
skåner,77
sidestykke,77
overtaler,77
dukka,77
Garvey,77
Kieran,77
gre,77
Grayson,77
langet,77
hevngjerrig,77
høytiden,77
spionert,77
elektrosjokk,77
Darla,77
Petty,77
sponsoren,77
sayonara,77
ammet,77
samsvarer,77
Nine,77
arvinger,77
linsen,77
fordelt,77
Eriksen,77
underholdningsbransjen,77
ivei,77
McLovin,77
parkeringshuset,77
pé,77
metal,77
mesterens,77
herberget,77
republikanske,77
klitoris,77
hekseri,77
klaustrofobi,77
Dutchman,77
resulterte,77
ømtålig,77
dus,76
morfinen,76
Culpepper,76
OSCORP,76
økologiske,76
vanke,76
grubler,76
eksperimentell,76
belære,76
hertuginne,76
muggen,76
Annabel,76
ekstraordinært,76
skarpere,76
oppdateringer,76
Eddies,76
Gösta,76
frafalt,76
Foy,76
Kubrick,76
virksomheter,76
overholde,76
pleiehjemmet,76
tia,76
påminnelsen,76
delegasjonen,76
eri,76
Gutierrez,76
nippet,76
Starkene,76
dramatikk,76
jævelskap,76
hole,76
sultanen,76
Collier,76
platekontrakt,76
Cromwell,76
reklamene,76
Third,76
maner,76
snusk,76
gresshopper,76
Spears,76
Ragnars,76
skriving,76
hobbiten,76
Hodder,76
Dega,76
Rackham,76
møydommen,76
ARQ-en,76
sms-er,76
Royle,76
koordinerer,76
awesome,76
Waldorf,76
Meat,76
smarten,76
undergraver,76
umåtelig,76
Prius,76
vrake,76
oppgjøret,76
oppheves,76
avløse,76
nattlige,76
Delfino,76
deling,76
Rikshospitalet,76
t-skjorten,76
forlove,76
spesialiteten,76
plugg,76
Eldritch,76
doo,76
geriljaen,76
konsentrerte,76
Mikkelsen,76
Arnhem,76
isbilmorderen,76
fortrinn,76
Emiliano,76
Preeti,76
brygget,76
ulemper,76
Shere,76
Libanon,76
medgift,76
Medical,76
medfølende,76
gnagere,76
hagl,76
duren,76
Ezri,76
klumpete,76
dyreparken,76
kjerringene,76
kjempene,76
Georgi,76
Rakel,76
hjemsøkte,76
sexliv,76
leopard,76
squash,76
omgjøre,76
håndverkere,76
trafikkulykke,76
tikkende,76
Palermo,76
tornadoer,76
Bernice,76
svor,76
livsvarig,76
skreller,76
arket,76
invalid,76
armbrøst,76
potene,76
vasser,76
latinske,76
fordufter,76
proporsjoner,76
Nicholson,76
uidentifiserte,76
Aston,76
Algren,76
alger,76
marsvin,76
poeter,76
velges,76
tomta,76
syngingen,76
kommentarene,76
postkasse,76
dir,76
Tomasz,76
fredløse,76
Cloud,76
forever,76
slimet,76
Macy,76
Pembroke,76
Epstein,76
freak,76
Clem,76
skytterne,76
episk,76
rødtoppen,76
oppfatte,76
Kattegat,76
today,76
darling,76
Razor,76
raus,76
pornografi,76
porsjoner,76
utbredt,76
Carbo,76
Ducks,76
minibanken,76
toll,76
rise,76
tilfaller,76
sørfra,76
Kingston,76
Barack,76
ordbok,76
Kenton,76
museer,76
utelot,76
lallfall,76
gudmor,76
Hilda,76
bemerkning,76
kokebok,76
Baloo,76
sårbart,76
Katz,76
innledende,76
utpresser,76
Scrooge,76
martyrer,76
Accardo,76
Kiev,76
redsler,76
tillbake,76
reelle,76
fandens,76
Arabia,76
feilaktige,76
Paulson,76
prosedyrene,76
operasjonene,76
framtidens,76
ensidig,76
bydel,76
Sovjets,76
Annas,76
psykologer,76
haugevis,76
varige,76
Octavia,76
jeter,76
australsk,76
kjølvannet,76
føyer,76
luksusen,76
klokkeslett,75
formodentlig,75
overkommandoen,75
Osiris,75
stimulerer,75
reportasjen,75
prost,75
krypene,75
plagg,75
Gibbs,75
going,75
Dietrich,75
byråkratiet,75
utposten,75
Boise,75
brannmuren,75
brannmur,75
Susanna,75
triller,75
naivt,75
velsignelser,75
byråd,75
lanseringen,75
Campos,75
Koothrappali,75
Kaan,75
brist,75
Stian,75
kritisert,75
Bitterman,75
psycho,75
huskes,75
Leach,75
dokker,75
stormene,75
gjerdene,75
dommerens,75
åndssvak,75
Valencia,75
annonser,75
carina,75
absorbere,75
muffin,75
Wayland,75
podiet,75
kilos,75
lorden,75
nygift,75
cherie,75
sangere,75
belgiske,75
Kamfjord,75
omkomne,75
preiker,75
fortelles,75
unntaket,75
digge,75
investeringene,75
sart,75
postbudet,75
stereo,75
atelieret,75
kommissæren,75
Corky,75
mind,75
koko,75
Saras,75
Graff,75
LJ,75
Portman,75
Myrcella,75
rasere,75
eierskap,75
caps,75
lillemann,75
demo,75
denge,75
rollemodell,75
Amin,75
Thatcher,75
solidaritet,75
strigoi,75
things,75
eldgammelt,75
reklamefilm,75
oppfinnsomhet,75
demonstrerer,75
krim,75
vaktsjef,75
moderat,75
orientere,75
sukkerspinn,75
donut,75
Pockets,75
Frigg,75
Liu,75
baconet,75
godvilje,75
tilføre,75
skjellig,75
appell,75
fortune,75
blodomløpet,75
fremtredende,75
Skjervald,75
Hilliard,75
Womack,75
redningsmann,75
allmenn,75
Omura,75
Josva,75
brorens,75
kravlerne,75
Mallorca,75
Palpatine,75
Wilcox,75
forbausende,75
Riverdale,75
banana,75
arkeolog,75
gorillaer,75
verkene,75
Granger,75
innvandrer,75
strålte,75
Kemal,75
velvillig,75
truck,75
underlegne,75
Honolulu,75
utstøtte,75
ohh,75
child,75
McMahon,75
McManus,75
Nimbus,75
parkeringshus,75
brutter,75
E.B,75
magesår,75
videreføre,75
Nizam,75
Starr,75
sammenliknet,75
avskjedsfest,75
breddegrad,75
vrimler,75
fordele,75
drapsetterforskning,75
stattholder,75
Harv,75
kraftkilde,75
fosser,75
Calvert,75
Karpov,75
nærværet,75
inkvisisjonen,75
henvender,75
aspekter,75
privatsak,75
probIem,75
brosjyre,75
behandlinger,75
behersk,75
C-2,75
Allahu,75
oppholdstillatelse,75
Meryl,75
gjenerobre,75
svigerinne,75
svineri,75
tilberede,75
separasjon,75
divisjoner,75
små'n,75
urnen,75
ARIAL,75
interessene,75
spådd,75
genet,75
leppen,75
Westerlie,75
maleren,75
sjonglere,75
tatoverte,75
telepatisk,75
ledtog,75
klingoner,75
momma,75
kjønnet,75
Bassanio,75
vaskehjelpen,75
tausheten,75
førerens,75
aggresjonen,75
boot,75
Maple,75
Marcos,75
opptoget,75
minstelønn,75
Cornelis,75
lysa,75
Ravenwood,75
Notre,75
notis,75
Berenson,75
folketinget,75
Balin,75
arbeidsplasser,75
såfremt,75
kolliderte,75
Lees,75
Oasis,74
helseløs,74
helligdommen,74
helligdag,74
12-åring,74
Southern,74
overflødige,74
tjueto,74
Gramm,74
fabelaktige,74
Darnell,74
ballerina,74
rasjonene,74
mall,74
Serbia,74
kastrert,74
tomlene,74
ekstase,74
Giancana,74
definert,74
halliker,74
drosja,74
Anjin-san,74
gruer,74
kjærlighetslivet,74
klistret,74
fabler,74
Havens,74
teipet,74
kjøpmenn,74
grunnlov,74
Luger,74
D'Angelo,74
kjøreturen,74
fе,74
persisk,74
hjeIper,74
Smurfeline,74
måleren,74
målrettet,74
konfronterer,74
argumentet,74
svinesti,74
snødde,74
Hargrave,74
markør,74
Rikki,74
fnugg,74
motvirke,74
knirker,74
umin,74
vrikket,74
tukle,74
tullball,74
identifisering,74
eneren,74
kvaler,74
skilter,74
lire,74
grevens,74
talk,74
mobbe,74
Stumpy,74
Nautilus,74
jublet,74
romme,74
Mags,74
Niobe,74
ninjaer,74
skuffelser,74
godseier,74
statspolitiet,74
haiker,74
bokserne,74
elefantene,74
tjenestegjort,74
tjenestegjøre,74
Keegan,74
Amys,74
Elkins,74
banalt,74
livvaktene,74
livsviktig,74
fargerik,74
McPherson,74
peniser,74
uformelt,74
oppfylles,74
kortsluttet,74
Chale,74
Chalky,74
tinningen,74
apokalypse,74
utgjorde,74
roses,74
opprettholdt,74
snorket,74
tilbøyelig,74
registre,74
MRI,74
rundene,74
korrupsjonen,74
Largo,74
glodde,74
anderledes,74
Vagn,74
Glock,74
Rembrandt,74
Bartowski,74
Eboshi,74
jomfrudommen,74
nedsettende,74
krisesituasjon,74
them,74
Thursday,74
mobb,74
fingeravtrykket,74
Tupac,74
aksjonærene,74
Jorah,74
uhyrlig,74
uinteressert,74
strupe,74
avhørene,74
Syed,74
ventilasjonen,74
skoa,74
usselt,74
Blythe,74
sydover,74
forsørget,74
uskylden,74
Blanchard,74
Habib,74
qi,74
perspektivet,74
bøffelen,74
Simpsons,74
Midtown,74
forbedringer,74
hjertets,74
rage,74
unnsky,74
konsultere,74
fortreffelig,74
Sanford,74
tillegget,74
garnison,74
infrastrukturen,74
D.J,74
representantenes,74
Lechero,74
LeBron,74
røntgenbildene,74
rørleggeren,74
gjerningsstedet,74
Stillwater,74
bjelken,74
jeg-jeg,74
aktoren,74
forespørselen,74
kritiker,74
Johnston,74
gøre,74
overlegenhet,74
klore,74
kodenavnet,74
holdninger,74
Gill,74
besøkstiden,74
distraherte,74
situasjonsrapport,74
Xbox,74
utpekte,74
Shae,74
forskuddet,74
lende,74
optimistiske,74
Hodges,74
kaktus,74
egoisme,74
tyst,74
udyrene,74
ubesvarte,74
Manolo,74
automatiske,74
gjeter,74
Groot,74
Manu,74
Melbourne,74
flygning,74
overgangsalderen,74
hedensk,74
obs,74
æ'kke,73
leiemorderen,73
befalhavende,73
faksen,73
australske,73
Sacred,73
Augusta,73
Feldman,73
saboterer,73
sabotert,73
nektes,73
nemesis,73
autopiloten,73
automaten,73
gårjeg,73
avatar,73
Jingles,73
Desi,73
Lundmark,73
bedøvelsen,73
grunnleggerne,73
bearbeider,73
respektabelt,73
grovarbeidet,73
dørvakten,73
kalven,73
skrømt,73
Nola,73
Emmit,73
Marte,73
banking,73
overvektig,73
sære,73
forbrenning,73
brannskader,73
campingtur,73
vćr,73
Fifi,73
Belikov,73
Halsey,73
Webber,73
utplassert,73
lamslått,73
sannsynlige,73
Nope,73
Staines,73
compound,73
forbigående,73
håndteres,73
fortaIte,73
roping,73
midtpunkt,73
arts,73
Nanaka,73
erobring,73
sulamitten,73
canadisk,73
ideal,73
utviser,73
Bela,73
flik,73
Moz,73
tilintetgjørelse,73
nåden,73
spesialstyrke,73
Piggy,73
godtas,73
noia,73
skrå,73
rotasjon,73
isbiter,73
afghanske,73
utnytt,73
distraksjoner,73
appellere,73
lyktene,73
siterte,73
Nyssa,73
bemerkelsesverdige,73
dug,73
skjelle,73
lommetørkleet,73
sneglen,73
Kern,73
uroet,73
narren,73
Jussi,73
Aimee,73
opphøyd,73
underskrifter,73
Sampson,73
dias,73
underverden,73
Rustom,73
akademiske,73
tilbragte,73
flis,73
skinny,73
fyldig,73
rikers,73
sentralt,73
spesialiserer,73
konk,73
ronin,73
hjerneblødning,73
hjelperen,73
kartong,73
karrierer,73
generaI,73
kartell,73
romferge,73
Davie,73
Berglund,73
Cobalt,73
Dell,73
Ruud,73
tufsen,73
krater,73
Vadim,73
injeksjon,73
Zeuthens,73
nøden,73
nødsfall,73
behag,73
ride,73
tidsfordriv,73
gamlingene,73
eventyrland,73
jageren,73
hoppende,73
Alis,73
avlives,73
pastaen,73
asiater,73
Stauffenberg,73
Priya,73
nattklubber,73
vå,73
Wexler,73
potta,73
Elizabeths,73
Phileas,73
Bobbi,73
roastbiff,73
Gator,73
hands,73
minutes,73
Gaulle,73
råkult,73
menneskekjøtt,73
gjennomskue,73
husbond,73
Neck,73
bunken,73
vaksiner,73
Dai,73
motivasjonen,73
mobilisere,73
maneter,73
Barrie,73
sparepenger,73
pleiet,73
uvane,73
kriser,73
tan,73
½,73
motarbeider,73
Released,73
spann,73
nøkkelkort,73
Vatikanets,73
vaksinert,73
fostret,73
Glinda,73
ufoer,73
cheddar,73
Dougal,73
toppene,73
toppetasjen,73
datterens,73
venterommet,73
Elrond,73
dirigere,73
moste,73
befolket,73
Patrice,73
Huey,73
bilulykken,73
Franke,73
rømning,73
sidesprang,73
løvet,73
Caldwell,73
slagskip,73
FEMA,73
enga,73
forfatterne,73
mega,73
viÉ,73
patruljebil,73
Peacemaker,73
Kronos,73
gjenvalg,73
oppdages,73
vita,73
storesøster,73
marinaen,73
O'Connor,73
skatte,73
representanten,73
sys,73
must,73
Balan,73
ljug,73
muslinger,73
das,73
toer,73
lagring,73
lagspiller,73
improviserte,73
variant,73
selvstendighet,73
eksponert,73
impotent,73
impulsivt,73
oberstens,73
ĺr,72
flygere,72
Dutton,72
skallete,72
Beale,72
skallene,72
bearbeidet,72
vandrerne,72
flyselskap,72
kjøler,72
annullert,72
individet,72
annonsert,72
Cabo,72
fjerneste,72
tv-show,72
revolverne,72
løvetann,72
Cadillacen,72
Paulus,72
tyggegummien,72
saktens,72
medlemskap,72
shopper,72
utenkelige,72
dimensjonen,72
Aristoteles,72
verifisere,72
Charly,72
gavekort,72
oppvisningen,72
Porschen,72
skolegang,72
Lennart,72
ambulanser,72
Rawlins,72
Carlas,72
hemninger,72
pumpen,72
oppfinnsom,72
ideell,72
Hasse,72
renselse,72
kjempestort,72
kjettingen,72
lavendel,72
Selby,72
spartansk,72
lasteskip,72
Donahue,72
C.W,72
kriget,72
fisking,72
Globo,72
utlovet,72
skjermet,72
Kenna,72
hangarskipet,72
duett,72
Maryk,72
nyser,72
beskjedenhet,72
fryder,72
internavdelingen,72
elsklingen,72
komponist,72
sesonger,72
iPoden,72
klyp,72
Rhino,72
gynekolog,72
medeier,72
forsegler,72
pinebenken,72
gamet,72
Gamgod,72
everybody,72
vor,72
blaser,72
styrmannen,72
underbevissthet,72
mandat,72
apasjene,72
nominasjonen,72
dietten,72
nysgjerrigheten,72
forsmak,72
funka,72
fritida,72
fascist,72
kammerat,72
livslang,72
bønne,72
omgangen,72
omgruppere,72
håndveske,72
embetsmenn,72
anstand,72
anstalt,72
biffer,72
gjengjelder,72
behovene,72
knas,72
tidsreisende,72
AAARRRGGHH,72
gjemmesteder,72
skuffelsen,72
Shatterhand,72
McNally,72
Jacksons,72
väre,72
Merkur,72
jule,72
utrustet,72
Muir,72
Bellevue,72
Kobayashi,72
Müller,72
drosjer,72
papegøyen,72
panteren,72
spidde,72
Guantanamo,72
siktes,72
Trench,72
hermetikk,72
harker,72
tacos,72
fyrsten,72
fløyel,72
bevokter,72
bevæpne,72
kosmiske,72
kostelig,72
ytterdøren,72
blende,72
Alley,72
Julias,72
giver,72
ergre,72
Beyoncé,72
pariserhjulet,72
prestens,72
underlegen,72
Braun,72
sensasjon,72
grener,72
parodi,72
oppkalte,72
reflekterer,72
Yorktown,72
vibrasjon,72
hypnotisert,72
arsenalet,72
emner,72
Dorado,72
forlenger,72
forlengelse,72
surr,72
Quisling,72
parasitten,72
lesning,72
Jessicas,72
VIP,72
manndommen,72
helseforsikring,72
tørken,72
Pryce,72
tøyer,72
ubåtene,72
udøde,72
atskillelse,72
melka,72
oppdater,72
storslagen,72
entre,72
vippe,72
gavmildhet,72
fletter,72
sirkle,72
såjeg,72
Rochelle,72
gulinger,72
sinnene,72
utdatert,72
usvertede,72
laksen,72
kattemat,72
muskuløs,72
fantaserte,72
Bassam,72
temperaturer,72
sosialist,72
angiver,72
oppbevaring,71
oppbevart,71
Angola,71
angstanfall,71
cubansk,71
kjøpmannen,71
kjærtegn,71
Baudelaire-barna,71
morgener,71
lumske,71
lunch,71
Buy,71
Lakers,71
katte,71
opptaksprøven,71
formildende,71
vissheten,71
Jocke,71
Bimse,71
mekanismen,71
jelly,71
Brink,71
Citizen,71
derby,71
U.S.S,71
stjernestøv,71
tø,71
nerden,71
reviret,71
kjærlighetshistorie,71
lunefull,71
ærefulle,71
Quayle,71
Surehand,71
livnærer,71
Fishman,71
iscenesatte,71
Carm,71
tilgivende,71
barbaren,71
dancer,71
Crash,71
dårskap,71
heroinet,71
bosatt,71
korrigere,71
Trojas,71
holocaust,71
Nita,71
forvalteren,71
omskåret,71
stay,71
godheten,71
Bey,71
forskjellene,71
Ibiza,71
dumrian,71
sĺnn,71
Rincon,71
apekatten,71
arrangementer,71
Silicon,71
skrøpelige,71
Kal-El,71
kaIIer,71
quid,71
Landy,71
absorberer,71
mugge,71
sølvfarget,71
sømmelig,71
Garnett,71
kilt,71
Laos,71
marshals,71
poesien,71
Dix,71
Police,71
Ditte,71
Nik,71
Aslam,71
trådløst,71
påfallende,71
opphissende,71
skumring,71
Lipton,71
lir,71
sjal,71
heri,71
injisert,71
anslag,71
injisere,71
ekteskapelige,71
Jamieson,71
guttunger,71
håndverker,71
squaw,71
Goody,71
kontantkort,71
kontinenter,71
kammen,71
tregere,71
matpakke,71
blogger,71
body,71
misfosteret,71
gasskammeret,71
Munro,71
Reek,71
Abuddin,71
bokføring,71
erfor,71
prippen,71
Iære,71
kvalitetstid,71
kvartalene,71
Haddock,71
hosten,71
hostesaft,71
kreativitet,71
Bijou,71
avlingene,71
vulcaner,71
steik,71
spe,71
klådde,71
kløfta,71
dysenteri,71
Carters,71
Bridges,71
skravler,71
Tornerose,71
komponenten,71
geledd,71
omløpsbane,71
halvnaken,71
svimmelhet,71
hæl,71
bragder,71
Maryann,71
nyse,71
blodlegemer,71
trakassere,71
Espen,71
Mikke,71
trafikklys,71
mikrobrikken,71
Connolly,71
alfaen,71
gjennomføres,71
japanere,71
ufint,71
Laurence,71
pingvinen,71
andeler,71
utålmodige,71
kjempestore,71
Ria,71
strengere,71
rævva,71
Fjällbacka,71
Newcastle,71
only,71
historiker,71
Rohans,71
Bucket,71
brødrister,71
adgangskort,71
Sergeant,71
vennligheten,71
direktører,71
rapp,71
omdirigere,71
ustanselig,71
kazonene,71
buer,71
Phillippe,71
Boaz,71
spleiset,71
sporingen,71
Charity,71
invitasjonene,71
Vinicius,71
kunngjorde,71
kuppel,71
Christo,71
Chronicle,71
nedtrykt,71
Franko,71
pudder,71
tv-serien,71
sladderen,71
demoen,71
gaI,71
flystøtte,71
skannere,71
Vallon,71
ekstraordinær,71
margen,71
indikasjon,71
Teddyboy33,71
teddybjørn,71
luftsluse,71
tee,71
Bayou,71
heles,71
skabbete,71
østfronten,71
havre,71
overende,71
øreringene,71
Hefner,71
1700-tallet,71
Bellefleur,70
heimevernet,70
ostindiske,70
sølvfat,70
Reina,70
kostbart,70
byttedyr,70
medgi,70
hobbyen,70
banneret,70
saler,70
Nygaard,70
diskvalifisert,70
Rourke,70
planke,70
innspilling,70
zip,70
Brandi,70
doktorens,70
Elisabet,70
undertegnede,70
uløst,70
tag,70
knivstikk,70
elfenben,70
usårlig,70
nøling,70
politidistrikt,70
bankende,70
Pullo,70
Krennic,70
patriotene,70
bandene,70
Eastman,70
fratar,70
dekt,70
lønnsomme,70
lønnsforhøyelse,70
lønningene,70
skalpen,70
hult,70
alarmene,70
nedstigningen,70
Greely,70
smadre,70
spektakulære,70
glasur,70
Liddy,70
fåfengt,70
behersket,70
Darwyn,70
radiator,70
Greco,70
Uh-huh,70
Masseria,70
Carrillo,70
Henrietta,70
Pompeii,70
assistentene,70
bolter,70
Discovery,70
spekulasjon,70
saerlig,70
edelstener,70
oppdiktede,70
Fransisco,70
pære,70
Hurricane,70
pedalene,70
edlere,70
tomatene,70
nektar,70
nervegass,70
chim,70
Pawnees,70
piraten,70
noterte,70
brie,70
Zerga,70
misbrukere,70
Coulter,70
fane,70
uatskillelige,70
innefra,70
Chateau,70
herberge,70
mane,70
oversersjant,70
dunke,70
slåsskjempe,70
slokket,70
MI5,70
Mhm,70
Toriano,70
bakfull,70
enhjørningen,70
villrede,70
Baird,70
vifta,70
pengeproblemer,70
bunten,70
flådde,70
SHIELD,70
adopterer,70
melket,70
Alomet,70
kapsel,70
pakistanske,70
spiskammeret,70
vakrest,70
Lindberg,70
avdelingsleder,70
gjess,70
klipte,70
tøffinger,70
likvidere,70
mestrer,70
gribb,70
pinnsvin,70
hardtarbeidende,70
fôre,70
Elsy,70
Augie,70
eksistensen,70
inkluderte,70
ingredienser,70
transvestitt,70
kanadierne,70
vestkanten,70
Lordsburg,70
Gibert,70
perimeter,70
dranker,70
håperjeg,70
handelsmann,70
Sander,70
pønsket,70
folkeskikk,70
Blackie,70
rømlingen,70
trenet,70
next,70
Sutherland,70
avkjørselen,70
tungtvannet,70
fortryllet,70
Mobsters,70
Herzog,70
rabbineren,70
tapreste,70
brudepike,70
cognac,70
ankler,70
Abrasax,70
Malaysia,70
mesterverket,70
Jingim,70
forsømt,70
improvisert,70
hårspray,70
fakker,70
kadaveret,70
SvampeBob,70
primær,70
høyrøstet,70
Guarnere,70
SG-1,70
Shaolin,70
adferd,70
Witwer,70
gisper,70
Clouseau,70
trofasthet,70
veiviser,70
Andronicus,70
Olmo,70
revolusjonær,70
avstander,70
forutsetter,70
jurister,70
Malhotra,70
makrell,70
Mako,70
Olivers,70
Rianne,70
trykken,70
skruer,70
Murphys,70
klengete,70
majestetisk,70
overvurderer,70
overtales,70
Tsjernobyl,70
mentoren,70
skuddsikkert,70
tryllekunst,70
Redmond,70
unser,70
iPaden,70
orke,70
Hell's,70
kokosnøtt,70
cetera,70
særbehandling,70
siklet,70
Drummond,70
barne,70
NATOs,70
tidIig,70
Walkers,70
ungdomsfengsel,70
mimre,70
ungenes,70
aret,70
plugget,70
Gorman,70
pliktoppfyllende,70
lekkerbisken,70
Romanoff,70
selvopptatte,70
Selena,70
ødemarka,70
overenskomst,70
legionen,70
our,69
uregelmessig,69
forlokkende,69
containere,69
knokene,69
Saxon,69
manøvrere,69
Durotan,69
fuktigheten,69
komigjen,69
Syracuse,69
dealer,69
knuter,69
sorterer,69
politibetjenter,69
intensitet,69
Ashford,69
plastpose,69
tidsinnstilt,69
holografisk,69
lyspære,69
sirenene,69
lyspærer,69
sikkerhetsklarering,69
børsa,69
hallusinasjon,69
Halliwell,69
barnebok,69
støyt,69
korridorer,69
deleier,69
Cayman,69
ørlite,69
Seasons,69
legionene,69
armeer,69
kolonier,69
prestere,69
Pfeiffer,69
klesvask,69
dødsattest,69
act,69
Dumbo,69
bryderi,69
Revere,69
forutser,69
Jurassic,69
skrikingen,69
Junction,69
stats,69
førsteplass,69
konspirerte,69
addams,69
konspirerer,69
svart-hvitt,69
høyttalerne,69
vendepunkt,69
Steen,69
ammoniakk,69
skorsteinen,69
kuttene,69
Ayers,69
Nic,69
ekling,69
offentlighet,69
sprøytene,69
tygga,69
vanene,69
skvatt,69
spredningen,69
svartelistet,69
Acerola,69
bedrevet,69
Blossom,69
fordoblet,69
Iive,69
jordene,69
jordekorn,69
gjengjeldt,69
loch,69
detaljerte,69
Høeg,69
nikket,69
hinsidige,69
Mullins,69
tegnefilm,69
programmering,69
omreisende,69
destruktive,69
trekkene,69
kujoner,69
håndfast,69
Badlands,69
protestanter,69
direktesending,69
anonymitet,69
Tørrland,69
met,69
festlige,69
Carlito,69
tampong,69
Talmud,69
spionene,69
rumpene,69
Vail,69
forstørre,69
lakeier,69
avdød,69
tran,69
skjeden,69
Susans,69
oppsøk,69
shortsen,69
Wilkinson,69
bazooka,69
Reef,69
reflektere,69
Geographic,69
allverden,69
meksikaneren,69
onske,69
Vijay,69
Vilhelm,69
stokker,69
Bakersfield,69
forfalt,69
grenen,69
innehar,69
manet,69
finesse,69
bega,69
ordførerens,69
Zandra,69
forskrudde,69
domstolene,69
offensiven,69
innbydelsen,69
tøyse,69
tøylene,69
algoritme,69
oppbevarte,69
Peaches,69
karisma,69
mordsak,69
respektable,69
stormester,69
karismatisk,69
derjeg,69
kjøkkenbordet,69
narkose,69
Kool,69
kjølige,69
huseieren,69
Sadako,69
tollvesenet,69
hundens,69
Stratton,69
puddingen,69
elig,69
politiradioen,69
Ullven,69
ugagn,69
Rud,69
pong,69
ft,69
fyrtårn,69
disipler,69
grazie,69
Larch,69
utskrift,69
lanse,69
kritikere,69
busemann,69
busemannen,69
Balthazar,69
Nel,69
Strasser,69
ballsalen,69
halvpart,69
friksjon,69
timesvis,69
Haas,69
vogue,69
gasslekkasje,69
hovedbygningen,69
Chucky,69
hacking,69
demens,69
underrett,69
fartøyer,69
ustyrlig,69
O'Banion,69
radioer,69
t-bane,69
kommandosentralen,69
A's,69
forjævlig,69
brannene,69
innvie,69
jaguar,69
forrædersk,69
utkjemper,69
middagsselskap,69
strør,69
strippeklubben,69
pungrotte,69
sjalet,69
akselerasjon,69
garantien,69
Gallia,69
gallaen,69
flaggermusen,69
c'est,69
Wayward,69
Betlehem,69
frigjorde,69
betvile,69
motsetninger,69
fender,69
sitater,69
Hooch,69
barene,69
Aguirre,69
Honda,69
støttegruppe,69
opplysende,69
oppløses,69
parafin,69
etiketten,69
dykkerne,69
Rama,69
dynamisk,69
ørliten,69
Fuzzy,68
etikette,68
Marisol,68
forlagt,68
Ariel,68
unyttig,68
Consolidated,68
software,68
Rankin,68
Åsa,68
Causley,68
kommanderer,68
serve,68
spiritus,68
landminer,68
feilfritt,68
Jewel,68
omtåket,68
skisser,68
stinn,68
hysteriske,68
parkeringsbøter,68
purke,68
Garner,68
Erebor,68
Erdogan,68
homsen,68
Agnew,68
Aguilar,68
Agrippa,68
sinns,68
barneskole,68
opplag,68
McLaren,68
Hollow,68
uren,68
gangsterne,68
holosuite,68
trør,68
blodoverføring,68
Kimmy,68
Kimball,68
rekruttene,68
Purcell,68
kyniske,68
danserne,68
sanatorium,68
Tsjekkoslovakia,68
Dieter,68
sku,68
shadowhunter,68
shadowhuntere,68
nachspiel,68
Canal,68
vurderes,68
Flick,68
Shark,68
statsborgerskap,68
grevling,68
kapitulere,68
telttur,68
røyskatt,68
eskimo,68
Herrejesus,68
mamacita,68
viften,68
krypskyttere,68
viktighet,68
robbe,68
spesiellt,68
prosentene,68
Circus,68
kommisjon,68
Mannes,68
dokumentaren,68
finansminister,68
knelte,68
ta'n,68
takene,68
horehuset,68
Thadeous,68
Bozz,68
Oa,68
Wee,68
Wax,68
fenomenalt,68
betingelsen,68
again,68
Cornwallis,68
inkompetanse,68
Bullock,68
uunnværlig,68
monteres,68
Jerrys,68
gjøn,68
Bjurman,68
skjelv,68
Gerrera,68
skån,68
bule,68
Bucky,68
annonserer,68
Boeing,68
brannmannen,68
Knights,68
blokkering,68
stablet,68
vokset,68
stridende,68
pas,68
partners,68
fredløs,68
kids,68
latinamerikansk,68
rekognosere,68
kremter,68
strømbruddet,68
Parkinsons,68
flottere,68
Enoch,68
generasjons,68
generatorene,68
Hunters,68
Harrenhal,68
ubevoktet,68
Hermann,68
Rufio,68
Colombias,68
Gregers,68
masserer,68
friskere,68
fangsten,68
magikere,68
bassen,68
Fairview,68
produktivt,68
meslinger,68
Tej,68
avfallet,68
praktikanten,68
valser,68
radioene,68
eks-kona,68
Vandy,68
Hoss,68
vla,68
strevet,68
Gøteborg,68
brudgom,68
velkledd,68
tirre,68
aktivist,68
svertet,68
blodtypen,68
avklare,68
Pritchard,68
Strabo,68
hurtigere,68
departement,68
Elm,68
Nuck,68
luddere,68
innledningen,68
tolerant,68
baktanker,68
innredet,68
lettvint,68
republikkens,68
Hummel,68
virvel,68
virvelen,68
drill,68
hovmester,68
hoyre,68
Zephyr,68
gløtt,68
termitter,68
opprørsk,68
svartingene,68
svenskene,68
ufølsomt,68
spedalske,68
bolten,68
bombeflyene,68
lettlurt,68
sparkes,68
Janeiro,68
ukult,68
Jacoby,68
politikvinne,68
Smoak,68
tiåring,68
pc'en,68
hesteryggen,68
Johnnys,68
lll,68
fryde,68
fosterbarn,68
grotter,68
imiterer,68
defineres,68
besluttsom,68
perserne,68
røket,68
gigolo,68
kadetter,68
hodetelefonene,68
ever,68
knurrer,68
sympatiserer,68
kjempemorsom,68
Thule,68
korsfeste,68
Aggie,68
containerne,68
ostekake,68
uoppdaget,68
dynasti,68
marsjen,68
unner,68
plogen,68
soleklart,68
book,68
Mimica,68
godtgjøre,68
Bølgerytter,68
redigert,68
forutsetninger,68
livskraften,68
hanner,68
order,68
harem,68
selvfolgelig,68
etterforskingen,68
dukater,68
Olof,68
gj,68
selvisk,67
selgerne,67
anelser,67
fortært,67
overtroiske,67
overvåkningskamera,67
Ferrie,67
dialogen,67
julestemning,67
Trygve,67
endelikt,67
revolvermenn,67
skrapt,67
bookmakeren,67
fornærmede,67
DNAet,67
ungdoms,67
Randi,67
armbåndene,67
dj-en,67
heldigere,67
markeder,67
arkeologi,67
plett,67
Frieda,67
benekt,67
ødeleggelsene,67
overfladiske,67
mikser,67
lø,67
korrespondanse,67
fugleskremsel,67
ormer,67
kaffepause,67
Trinidad,67
dragenes,67
brødristeren,67
menger,67
faII,67
fakler,67
cara,67
nedstigning,67
etterlyse,67
sensoren,67
Hartford,67
Decepticon,67
pulsåren,67
psyken,67
sjokolademelk,67
Krista,67
innsiktet,67
kristendommen,67
Corvette,67
comancher,67
forhandleren,67
brasiliansk,67
breakfast,67
small,67
politistyrke,67
Glistrup,67
supermarked,67
sjokkerer,67
Butterfield,67
jages,67
kjetting,67
kjeve,67
mormors,67
biltilsynet,67
human,67
albue,67
astronomi,67
morgenkåpe,67
innførte,67
buse,67
tolereres,67
gemakker,67
forgiftning,67
Talia,67
atlet,67
fortellingene,67
fordoble,67
Blaster,67
Molbeck,67
Tulsa,67
omdirigert,67
skottene,67
lke,67
ljåen,67
skolepenger,67
Bleeker,67
tatovere,67
piggtråden,67
krisemøte,67
aksje,67
oppfølger,67
strekning,67
kriminalsjef,67
Tin-Tin,67
pollen,67
fâ,67
Linnea,67
dophue,67
brudekjolen,67
riking,67
vannmelon,67
degradert,67
mumie,67
Callan,67
madonnaen,67
bestselger,67
bestrider,67
Blackfish,67
wings,67
oppslag,67
Gadreel,67
Cahill,67
lP,67
skamløs,67
slites,67
sia,67
terger,67
Erlich,67
Wharton,67
jedier,67
JC,67
forfremmer,67
lapskaus,67
Aber,67
harmonisk,67
uansvarlige,67
klorer,67
tankbilen,67
torn,67
prute,67
vingård,67
narkolangere,67
torg,67
husvogna,67
hoppla,67
Medina,67
sIåss,67
utenrikspolitikk,67
granskingen,67
jaffa,67
bankett,67
strikke,67
sjangs,67
hovedmistenkte,67
hoveddøra,67
krigsveteran,67
hasta,67
Hennessey,67
granskningen,67
fredagen,67
runner,67
sportsbil,67
samuraiene,67
limbo,67
grillfesten,67
Ansel,67
uærlige,67
logistikk,67
stiftelse,67
vere,67
Northwestern,67
gjøremål,67
direktiv,67
ondeste,67
Odd,67
slaktere,67
likeverdig,67
lorder,67
und,67
J.P,67
barsk,67
Godric,67
nyskapende,67
underkastelse,67
O2,67
massakrert,67
sendinger,67
Taiwan,67
kommunale,67
Fuentes,67
oppgradering,67
oppholdssted,67
Ewa,67
villfolket,67
Saba,67
been,67
svikefulle,67
Finkle,67
kjøpslå,67
telefonkiosken,67
hamret,67
baggen,67
fødselsattest,67
pøbelen,67
kanjeg,67
Torvald,67
Eustace,67
antatte,67
jentete,67
gjшr,67
nordstatene,67
uskadeliggjøre,67
livsverket,67
livstidsdom,67
stativet,67
blender,67
Nacho,67
konstabler,67
forurensning,67
Littlefinger,67
nobelt,67
barbereren,67
purkene,67
vжre,67
forliket,67
kistene,67
lytterne,67
bøfler,67
hektene,67
kortstokk,67
Meachum,67
Walton,67
understreket,67
fremgangen,67
deltakelse,67
er'e,67
homoseksualitet,67
mija,67
kanske,67
buffet,67
hyggeligste,67
alminnelige,67
skitner,67
fodt,67
loppe,67
verset,67
Lombard,67
folder,67
traktat,67
kubanske,67
Foxy,67
klubbe,67
landsbyboerne,67
æh,67
Ramone,67
Farris,67
fiendes,67
knivstikke,67
knips,67
åpenbaringen,67
ørner,67
cop,66
overkropp,66
århundrene,66
millennium,66
Estland,66
Erics,66
regulering,66
kolliderer,66
snurret,66
farmasøytiske,66
leggene,66
solsystem,66
Legs,66
Sears,66
Caylee,66
marihuanaen,66
djevelske,66
cardassisk,66
Yorker,66
messing,66
Altmann,66
Stitch,66
foundation,66
traktene,66
hypotese,66
antakelser,66
kongers,66
Ingram,66
anstreng,66
Qasim,66
Madge,66
Napier,66
padda,66
serberne,66
Carls,66
pensjonat,66
allment,66
allesammen,66
fløten,66
skiftes,66
utvidelse,66
slatt,66
jegvil,66
Jehovas,66
Cleary,66
verger,66
rettskafne,66
Buick,66
metaller,66
splid,66
Ritter,66
Griggs,66
vaieren,66
tyren,66
splitt,66
indikasjoner,66
skyteepisoden,66
lsildur,66
OPA,66
mordforsøk,66
husmødre,66
husvognen,66
Karli,66
forsones,66
ubevæpnede,66
Dundee,66
Abdullah,66
Zephyr'en,66
zoome,66
langerne,66
slukner,66
Lani,66
spesialoppdrag,66
Rube,66
ubrukt,66
gledens,66
ubeseiret,66
Riverrun,66
utstoppet,66
frisbee,66
oppskytingen,66
skansen,66
Wilsons,66
konsultasjon,66
ettertraktet,66
Shea,66
hiphop,66
skjødesløs,66
teIefonen,66
rippet,66
Elysium,66
konduktøren,66
klødde,66
spektakulær,66
bilverksted,66
kasserer,66
tomhendte,66
Kroatia,66
straffedømt,66
GenCoin,66
Greendale,66
utrygt,66
kategorien,66
tjuefire,66
visumet,66
luktesans,66
ent,66
svingene,66
ESPN,66
spådom,66
presangene,66
ventil,66
blanco,66
kutta,66
BTI,66
konkludere,66
sveiv,66
frossent,66
beskytning,66
terroristangrep,66
Terrace,66
hjertefeil,66
signalisere,66
patriotisk,66
Byam,66
assen,66
forsikringspengene,66
utmerkelser,66
bre,66
Henny,66
Columbine,66
smilefjes,66
letet,66
Nyberg,66
pizzaer,66
dokk,66
billedlig,66
hula,66
patron,66
Kennedys,66
sveklinger,66
spøkefugl,66
lissom,66
revir,66
CSI,66
høysikkerhetsfengsel,66
forvise,66
blaut,66
avverget,66
mobilnummer,66
staken,66
Zoltan,66
Branch,66
epilepsi,66
Khartoum,66
relikvier,66
medisinmannen,66
grapefrukt,66
inntrenging,66
forsake,66
stritt,66
fliret,66
Pumpkin,66
flomme,66
evigvarende,66
Vorenus,66
synde,66
sykeforsikring,66
sementen,66
mållinjen,66
Brace,66
asparges,66
galopp,66
påstod,66
frigjøring,66
Hobbes,66
we're,66
tilgangen,66
bankmannen,66
blokaden,66
rygget,66
trøbbelet,66
teknologisk,66
nakenbilder,66
Princess,66
woo,66
Sha,66
forbedres,66
gr,66
Rosenberg,66
Arendelle,66
integrert,66
er'n,66
garnet,66
Gargamel,66
barken,66
airport,66
rollefigur,66
bongo,66
plateselskapet,66
hekte,66
sekundære,66
Koskov,66
Salud,66
tigere,66
Wainwright,66
leksikon,66
usedvanlige,66
forkynne,66
gruver,66
modifiserte,66
skriveren,66
diagram,66
giret,66
Tronstad,66
avtaIe,66
Saphira,66
overvåkingen,66
vedgår,66
avsette,66
avsender,66
rasshølene,66
Daytona,66
systemfeil,66
syntetiske,66
steinhard,65
etasjene,65
Sleepy,65
plyndrere,65
spidd,65
hendig,65
nødanrop,65
Humveen,65
farmer,65
Gordons,65
Gore,65
urealistisk,65
plugger,65
Pavri,65
luen,65
pleieren,65
3D,65
ødemark,65
bakteriene,65
velfortjent,65
Antonia,65
utstede,65
speilbildet,65
oppskrytt,65
fremstilt,65
hjemmevernet,65
advokatfirma,65
etablerer,65
beltestedet,65
skatteetaten,65
reservasjonen,65
tequilaen,65
Sidorova,65
neglelakk,65
Livingston,65
nedstemt,65
primtall,65
skalper,65
vek,65
visesheriffen,65
Kathie,65
jurymedlem,65
primater,65
ragnarok,65
kondomet,65
måneskinnet,65
Charlottes,65
bestemmelsessted,65
terning,65
Popeye,65
trompeten,65
Ninas,65
dialekten,65
forblitt,65
trådte,65
Setauket,65
Robyn,65
talende,65
Worm,65
Morgans,65
Alexandre,65
edleste,65
hårfarge,65
prioren,65
moms,65
lørdagskveld,65
steinalderen,65
Independence,65
statuene,65
høystakk,65
drømmeland,65
kømmer,65
Tunstall,65
kjÃ,65
teskje,65
gudløse,65
aktuell,65
ambisiøse,65
nirvana,65
Starck,65
konversasjon,65
Wesson,65
halvbroren,65
gjenferdet,65
ellevte,65
Stafford,65
Shang,65
campe,65
himmelriket,65
spedalsk,65
majoriteten,65
BW,65
luker,65
teknologiske,65
verb,65
tobakken,65
dis,65
lnternett,65
rævhøl,65
trimmet,65
voila,65
stereoen,65
frua,65
lurvete,65
hestehale,65
Duloc,65
servering,65
lurespørsmål,65
bygging,65
Deva,65
horebukk,65
ketamin,65
rigge,65
pool,65
svigerdatter,65
klinge,65
Corso,65
bombing,65
utgytt,65
O'Keefe,65
Voice,65
Renault,65
Skorpionkongen,65
grunnmuren,65
umiddelbare,65
doren,65
hindu,65
dolke,65
samtykket,65
sparre,65
Blackburn,65
pilegrim,65
Valentina,65
mesterlig,65
Hachi,65
feilinformert,65
nedgang,65
Beaufort,65
nam-nam,65
p-plassen,65
Demetrius,65
strødd,65
Riga,65
kopiene,65
ogsä,65
sjakkmatt,65
sprite,65
Christiansborg,65
Rios,65
flodhesten,65
flisene,65
Zouri,65
ami,65
røffe,65
kniper,65
Krantz,65
krigshandling,65
aktiviteten,65
fote,65
stikkende,65
arbeids,65
Smygard,65
Verona,65
loggene,65
skjøvet,65
våk,65
fremgangsmåte,65
opplevelsene,65
bjeffet,65
droider,65
plateselskap,65
nevrologisk,65
undere,65
Ashitaka,65
lillefinger,65
rekorder,65
Lauras,65
kulepenn,65
arveløs,65
Rosita,65
fascinerer,65
Kandahar,65
Bronn,65
midterste,65
McDonalds,65
splinten,65
kjempende,65
sporsmal,65
Friday,65
delegater,65
kjøttdeig,65
besvares,65
klandres,65
Barts,65
Wil,65
Halcyon,65
oppretter,65
Calloway,65
flaue,65
gamlehjem,65
fødselsattesten,65
bevisstløse,65
klonene,65
bagels,65
etniske,65
gosh,65
intervjuene,65
børstet,65
esler,65
føflekken,65
mørbanket,65
Yolanda,65
yin,65
fiolinen,65
sikkerhetsrisiko,65
protesjé,65
Halifax,65
sinnsyke,65
polio,65
forplikter,65
godstog,65
sorgens,65
fele,65
sniff,65
hvu,65
hvorforjeg,65
Bosley,65
drepende,65
guvernante,65
uråd,65
Parkers,65
lykta,65
uskadeliggjort,65
skipperen,65
Forks,65
fuktighet,65
bungalow,65
Koda,65
tømmene,65
heiet,65
Hawking,65
vaffel,65
mart,65
glamorøst,65
uakseptabel,65
dybderor,65
hjelpsomme,65
mikrobølgeovnen,65
sonaren,65
kjøringen,65
overgikk,65
Dupree,65
Mar,65
autobots,65
algebra,65
neser,65
regjerings,65
kardinalens,65
påfører,65
Neptun,65
Birgit,65
subjekt,65
karnevalet,65
hogd,65
fullendt,65
kjemien,65
reserveplan,65
kjeppen,65
Husj,65
bevegelige,65
dyst,65
overopphetet,65
maned,65
reserverte,65
Plymouth,64
sommerfuglen,64
somler,64
platonisk,64
uppercut,64
plen,64
Säpo,64
Stasi,64
snaps,64
svakhetene,64
move,64
konsekvensen,64
Marja,64
sytti,64
rever,64
ryddes,64
Lively,64
skrøner,64
blindspor,64
seler,64
forblø,64
forbindes,64
blinket,64
forutsigelig,64
Crutze,64
muntert,64
Julien,64
kvikksand,64
harer,64
overtredelser,64
overveide,64
klemmen,64
rangerne,64
Nike,64
stahet,64
Merchant,64
skvadronen,64
høstet,64
Litauen,64
Pettigrew,64
Cobain,64
Judea,64
dødelighet,64
reduksjon,64
reduser,64
guineas,64
personnummeret,64
Nicolas,64
abuelita,64
Cheney,64
kalken,64
ildkule,64
ikon,64
laboratoriene,64
følsomhet,64
Dardo,64
gubber,64
hνorfor,64
anal,64
høyteknologisk,64
varselskudd,64
Samuels,64
Suvarov,64
filantrop,64
produseres,64
Maggi,64
hisset,64
Lacy,64
Lins,64
lagarbeid,64
dilemmaet,64
Mongolia,64
brødskive,64
amputere,64
sandwichen,64
Blunt,64
rigger,64
folsom,64
permanente,64
skjebnebestemt,64
stillere,64
bjellen,64
tredoble,64
destruktiv,64
trell,64
bl.a,64
forelesninger,64
foreldrerett,64
Gerri,64
Mooney,64
prostata,64
Broker,64
Lincolns,64
forsvarlig,64
vage,64
ingensteder,64
Caligula,64
oppsummering,64
Whitfield,64
finter,64
fødselsdato,64
svinene,64
geografi,64
enkeIt,64
Lili,64
Jigsaw,64
loop,64
trakten,64
håndhilse,64
verv,64
bueskytterne,64
skjerme,64
brodden,64
bunt,64
hvitøyet,64
protestant,64
hveten,64
ondes,64
alla,64
effektene,64
lovede,64
fløtt,64
Elwood,64
pin,64
anropet,64
innebære,64
europeere,64
surf,64
kapsler,64
transporter,64
Bukowski,64
kardinalene,64
toskete,64
Birgitta,64
provoserer,64
toppers,64
storjuryen,64
reprise,64
guys,64
publiserer,64
Abbas,64
uforskammede,64
begrenses,64
navnløs,64
navlen,64
halvåret,64
betydningsfullt,64
Sumner,64
stuing,64
akkuratt,64
Denton,64
balanserer,64
medisinering,64
Zaman,64
hurper,64
lydløs,64
minimale,64
oppsporet,64
Savages,64
satelitt,64
kneppe,64
sylteagurk,64
innledes,64
Burnham,64
Kerstin,64
skattepenger,64
Frederic,64
stripa,64
løpetur,64
tenårene,64
Terence,64
forkastelig,64
Corbin,64
usling,64
kontrollerende,64
hakkemat,64
kjor,64
kragebeinet,64
slutning,64
manifest,64
farvell,64
Passepartout,64
Ito,64
reservere,64
evalueringen,64
Lebech,64
Leary,64
Leda,64
Mozzie,64
kranglingen,64
Lawton,64
region,64
frimerke,64
hjernebarken,64
Peanut,64
oppskytning,64
Wash,64
Samcro,64
McCartney,64
senor,64
Sulley,64
ukentlig,64
sifre,64
friere,64
Lukes,64
flygerne,64
kontroversielle,64
bursdagsselskap,64
Subs,64
nattskift,64
Paulsen,64
atomer,64
ugjerninger,64
utløpt,64
lettskremt,64
afrikanere,64
forgår,64
balsam,64
potetmos,64
båthuset,64
lurendreier,64
sjasmin,64
luftskip,64
rlig,64
boots,64
reaksjonene,64
Zeb,64
innenriksministeren,64
lynnedslag,64
forfaller,64
syden,64
sisten,64
forræderne,64
snegl,64
svøpe,64
lasterom,64
selvkontroll,64
Beograd,64
direktørens,64
konfidensielle,64
lansen,64
tingesten,64
tipser,64
Bennie,64
mikrofonene,64
tipse,64
Kripke,64
Fuhrman,64
ubesvart,64
smakløst,64
selvbeherskelse,64
brekkjern,64
leveringen,64
ebbe,64
passive,64
bevillingen,64
Warriors,64
bønnfalle,64
ha'kke,64
leksjoner,64
paradokset,64
narsissistisk,64
ærens,64
volleyball,64
partisk,64
publiserte,64
regjerte,64
leieboeren,64
Mary's,63
østfra,63
fiksert,63
filmes,63
Marguerite,63
Margolese,63
clutchen,63
grufullt,63
vanærer,63
Cochrane,63
revnen,63
gjeIder,63
FBI-agenter,63
Kvällspressen,63
brygg,63
modnet,63
Einsteins,63
livredder,63
forebyggende,63
fordums,63
misjonær,63
ordvalg,63
mønstrene,63
Tanis,63
begjært,63
snerpete,63
leddene,63
mani,63
berusende,63
svulster,63
zebra,63
overraskelsesfest,63
usagt,63
pod,63
Sommers,63
etterlatte,63
fyllesyk,63
Bounty,63
Boucher,63
lefty,63
teamene,63
ordens,63
Xanax,63
nagler,63
taushetsløfte,63
svigerfaren,63
hestetyv,63
yndlingen,63
sertifikatet,63
berøvet,63
forkjølelsen,63
distrikter,63
klissvåt,63
jump,63
id-kortet,63
dotar,63
meningsfylt,63
jurymedlemmer,63
høyresiden,63
Cubs,63
Guam,63
feel,63
Pritchett,63
skysse,63
fake,63
font,63
Indias,63
Clegane,63
Monberg,63
kupongen,63
detonerte,63
persiennene,63
Stilton,63
treninga,63
Stigge,63
tøflene,63
diner,63
transportøren,63
Kanaan,63
pønske,63
oppta,63
Mayhem,63
Shephard,63
kjønnssykdom,63
Chez,63
teksting,63
underskriver,63
Italias,63
Ashton,63
trappe,63
bueskytter,63
infiltrerte,63
kuksuger,63
håndbok,63
håndflatene,63
uvisshet,63
Griet,63
gribben,63
Aurelia,63
Dinah,63
Dimple,63
tyverier,63
tønnen,63
anstrengte,63
forenede,63
likevekt,63
anstrengelse,63
nasjonalpark,63
Nascimento,63
lesestoff,63
distanse,63
smisk,63
rockestjerner,63
dødsønske,63
hjerneceller,63
kjærlighetssorg,63
gafler,63
Shun,63
Shreveport,63
Danishbits,63
regelbrudd,63
rste,63
bondegård,63
ministeriet,63
Hyder,63
bagasjerom,63
postkontor,63
videokameraet,63
vidunder,63
hvitvasker,63
Allahs,63
videokamera,63
Factory,63
miraklet,63
skilpaddene,63
vilkårlig,63
krydderet,63
Ubbe,63
anti,63
Brianna,63
opplagte,63
Garak,63
Krajina,63
Bieber,63
løgneren,63
simulere,63
tidslinja,63
reip,63
Kosovo,63
Games,63
påfugl,63
mottaket,63
korstoget,63
frieriet,63
Wasima,63
Warwick,63
lønnesirup,63
hunger,63
storbyer,63
karbon,63
pekt,63
Topeka,63
Stooges,63
Neiman,63
Geirmundur,63
vinnende,63
straffarbeid,63
flystyrt,63
alderdommen,63
dressing,63
kroa,63
vreden,63
vrikk,63
nedbrutt,63
kiosk,63
drop,63
tilintetgjørelsen,63
sitroner,63
Styles,63
gnage,63
plaffer,63
eliksir,63
Glover,63
Lasarus,63
forsetter,63
ukesvis,63
pudre,63
Mirakuru,63
Council,63
medmennesker,63
Kayleigh,63
publikums,63
hack,63
keivhendt,63
Oppenheimer,63
anvendt,63
Gregorian,63
Jarrod,63
fredfullt,63
strikket,63
krill,63
rivieraen,63
uhederlig,63
mediterer,63
sjefete,63
Portsmouth,63
utrettelig,63
gravsted,63
Demelza,63
krev,63
krevdes,63
strømpebukser,63
strømnettet,63
kravlet,63
Sojat,63
belær,63
Seccombe,63
Marlena,63
æret,63
økser,63
søkes,63
Martok,63
Ramu,63
hauken,63
helliget,63
l'd,63
avlukket,63
heiteste,63
14K,63
Johannesburg,63
gjenoppretter,63
Debby,63
målskive,63
Ramius,63
sendere,63
fyllest,63
legitime,63
gone,63
helsprø,63
åpninger,63
mutantene,63
søylen,63
Platon,63
milepæl,63
Milisen,63
sommerfuglene,63
Armakon,63
pleierne,63
Iot,63
sørpe,63
Estes,63
fugleskremselet,63
Gordy,63
filmingen,62
belgisk,62
søppelkasse,62
bel,62
rakke,62
unormal,62
unnskyldningene,62
Scarif,62
Tahoe,62
bekjenner,62
sverm,62
dansingen,62
konkurrerende,62
AC,62
Malene,62
dødsdømte,62
hevnens,62
Kleinfeld,62
elementet,62
fødselsmerke,62
beef,62
fintfølende,62
Sarge,62
berømmelsen,62
befrielse,62
Sverre,62
kverk,62
kvelertak,62
statusrapport,62
forbilder,62
gryter,62
diakonen,62
fornøyelsespark,62
pokalen,62
Guinevere,62
høyne,62
høyhælte,62
privilegiet,62
Jørgensen,62
aw,62
prioriteringer,62
grøsser,62
uler,62
gned,62
pony,62
parallell,62
paranormale,62
barberkniv,62
navneskilt,62
tilintetgjorde,62
f0r,62
Kristopher,62
could,62
ugifte,62
lastebilsjåfør,62
bomb,62
Spector,62
forsere,62
Butcher,62
flyets,62
patruljene,62
Alakay,62
drikkevarer,62
Morrow,62
Entertainment,62
tomler,62
innkjørselen,62
utryddes,62
utskrifter,62
Haag,62
strev,62
volmene,62
moské,62
huggtenner,62
sIipper,62
samboer,62
betydningsfulle,62
event,62
Eriks,62
testikkel,62
oppløftende,62
drømmejenta,62
Vinciguerra,62
hustruer,62
Alexa,62
husbråk,62
bakk,62
genetikk,62
Wazowski,62
Agartha,62
Tonje,62
toktet,62
bimbo,62
kroppsdel,62
bursdagsbarnet,62
luau,62
lsaac,62
resepsjonist,62
stuntmann,62
sjahen,62
sIår,62
medisinskapet,62
antistoffer,62
brer,62
lidenskapelige,62
uerstattelig,62
minimalt,62
tenkende,62
temps,62
Wheaton,62
hjemmelagd,62
kjød,62
samhørighet,62
refrenget,62
respirator,62
Gerd,62
Gunmar,62
bisarr,62
Nete,62
inntrengerne,62
Leonowens,62
Bonaparte,62
rullen,62
collie,62
Auda,62
lordene,62
Lovett,62
Bunk,62
vietnameserne,62
Sabata,62
Waco,62
Aisha,62
kraftkilden,62
styremedlemmer,62
speilene,62
moped,62
attraktivt,62
antenner,62
frokostblandingen,62
hikke,62
Bears,62
Matthias,62
førerne,62
erstatningen,62
Camino,62
Chevrolet,62
foreligger,62
ansiktsgjenkjenning,62
FarveI,62
dokkene,62
utholdende,62
dobbeltsjekke,62
sosteren,62
danseren,62
kue,62
meloner,62
fole,62
lommebøker,62
Loman,62
fokusér,62
miserable,62
mishandler,62
cab,62
Palo,62
Wendice,62
Nasir,62
metaforisk,62
dinosauren,62
uviktige,62
auditionen,62
avblåst,62
Pier,62
avbrudd,62
skoleåret,62
brødsmuler,62
stempelet,62
høvdingene,62
menerjeg,62
lokaliser,62
stevningen,62
hønsehuset,62
kaféen,62
privilegert,62
lnnen,62
monitor,62
kurvene,62
Bogotá,62
spillejobb,62
Jets,62
prompet,62
Bitten,62
kalkulator,62
engels,62
vergen,62
mafiaens,62
konstruksjonen,62
Muller,62
besværlig,62
Suu,62
telepati,62
pakistansk,62
G.I,62
dovendyr,62
menstruasjon,62
grusomhetene,62
JT,62
skuddløsning,62
rystende,62
ilder,62
manipulering,62
ground,62
skyIder,62
lagres,62
lagleder,62
forutsetning,62
PGE,62
blinke,62
Petrelli,62
dash,62
Carrington,62
Rebeccas,62
fryst,62
harjobbet,62
Goines,62
troverdigheten,62
blutbad,62
naer,62
Tait,62
savnes,62
forlengst,62
bottom,62
bordellet,62
komplekset,62
fytti,62
sakfører,62
flowers,62
sjangse,62
lunsjpausen,62
episodene,62
Kevins,62
sperring,62
sløyfen,62
atelier,62
Ponti,62
graviditetstest,62
smertefri,62
apparater,62
utleieren,62
Oakley,62
ruler,62
Hay,62
øredobbene,62
dynket,62
heftet,62
Scudder,62
myndigheten,62
Helsinki,62
demonens,62
Johnse,62
tvangstrøye,62
NK,62
Jugoslavia,62
kåret,62
Stacks,62
kår,62
presentabel,62
celsius,61
Centerpartiet,61
marshmallow,61
marsjer,61
iranske,61
Helms,61
dvd-en,61
tofu,61
innhyllet,61
innføring,61
luftvåpenet,61
Driss,61
hovedsak,61
drittpratet,61
disiplinert,61
hackeren,61
vinyl,61
smekker,61
gravla,61
Johanssen,61
spydig,61
Isaacs,61
gjeldsbrev,61
dory,61
Dougherty,61
tabbene,61
Coral,61
kvoten,61
kvitteringene,61
Gittes,61
Zuckerberg,61
Deadshot,61
målestokk,61
søvnløshet,61
bekkenet,61
Hultin,61
humørsvingninger,61
Alderaan,61
luftet,61
Slick,61
forfalle,61
Aldrin,61
tjenestepiken,61
ballets,61
Katia,61
Kims,61
femmere,61
byrder,61
studer,61
feminist,61
sale,61
Edmunds,61
parterapi,61
vorter,61
horete,61
bikuben,61
Frelsesarmeen,61
immunforsvaret,61
anfallet,61
dåd,61
Harlow,61
forbløffer,61
Imhotep,61
ankel,61
anken,61
blyanter,61
Angier,61
Carnegie,61
Caroles,61
SkyFury,61
skye,61
Gromit,61
aristokrat,61
Tania,61
racing,61
Deepwater,61
livretten,61
brylluper,61
iakttar,61
dothraki,61
vekslet,61
Icarus,61
Jung,61
diamantring,61
tapetet,61
Soo,61
henting,61
djerv,61
Isla,61
Zee,61
A.R.G.U.S,61
overmanne,61
dominans,61
Provo,61
Sahara,61
punk,61
Antwerpen,61
minutts,61
spillegjeld,61
ukrainske,61
spekulerer,61
astronauten,61
Jelco,61
nervevrak,61
Stoner,61
drifter,61
nothing,61
gladiatorer,61
menes,61
troverdige,61
jumbo,61
skriftlige,61
produsenter,61
høyttalere,61
vennligsinnet,61
klesskapet,61
inte,61
realist,61
beskyldningene,61
usikkerheten,61
Points,61
istand,61
roterende,61
psykiatere,61
lris,61
aldrende,61
direktesendt,61
fremt,61
fremstående,61
e-tjenesten,61
reiret,61
opplyser,61
Koufax,61
kostholdet,61
kosmos,61
bevokte,61
gutts,61
skikkeIig,61
prosjektene,61
forverre,61
crème,61
blindhet,61
Maguire,61
Jo-Jo,61
avgift,61
Messala,61
mestret,61
skorpioner,61
Iager,61
oversvømmet,61
Wren,61
Hansel,61
matlagingen,61
ferskinger,61
Indonesia,61
mørkner,61
føflekk,61
Carlin,61
herskap,61
Teague,61
stolpen,61
peace,61
prøvetur,61
fremføre,61
tilbring,61
lyttere,61
mottagelsen,61
støvsugeren,61
kjaerlighet,61
Wabash,61
Hjörtur,61
læring,61
Blanca,61
forekomme,61
skyteepisode,61
Mollys,61
kuttes,61
perrongen,61
amerikanernes,61
dradd,61
profesjon,61
monark,61
konstruktivt,61
konsulat,61
Ozzie,61
handikappede,61
Baxters,61
Lazy,61
asiat,61
isvann,61
Rowan,61
godter,61
omstreifer,61
kubikkmeter,61
McKinley,61
McKinney,61
Warlow,61
Watkins,61
metodisk,61
Octavius,61
pirke,61
vibrasjonene,61
galle,61
brigaden,61
slegge,61
ligning,61
sack,61
kuli,61
smoothie,61
fantasiverden,61
Friis,61
Aquarius,61
bjeff,61
ret,61
kunstform,61
trav,61
tretthet,61
Cleopatra,61
hjelpsomt,61
tredjemann,61
loddrett,61
egoist,61
bjella,61
utfordringene,61
mumlet,61
sg,61
Maj,61
lommelykter,61
budene,61
Lolly,61
Alvis,61
fottur,61
Gentry,61
hyklere,61
vidda,61
Pah-gjenferdene,61
minibuss,61
bug,61
cut,61
baseballspiller,61
Wellington,61
Bastogne,61
skjært,61
drammen,61
rodde,61
spolerer,61
Kampuchea,61
distraher,61
samvær,61
telefonnumre,61
nordøstre,61
krøpet,61
kubansk,61
tredjedeler,61
Gert,61
injiserer,61
forstad,61
dingler,61
utålelig,61
tåneglene,61
sp,61
signorina,61
halvkule,61
latterliggjort,61
forråd,61
Rousseau,61
småfisk,61
nærkontakt,61
formulere,61
Chadwick,61
rapportér,61
overkant,61
softball,61
tivoliet,61
Marsellus,61
blodsukkeret,61
posere,61
rockeband,61
KDK,61
famiIie,61
Dupont,61
Manila,61
listet,61
Iigge,61
varmtvann,61
bensinstasjoner,61
seks-sju,61
Sekou,61
DNA-test,61
årvåken,61
Sony,61
bekjennelse,61
overhengende,61
kollisjonen,61
sådd,61
kokka,61
fik,60
Fielding,60
seksere,60
etc,60
kokkene,60
marinejegere,60
filmbransjen,60
filler'n,60
organismen,60
avsenderen,60
trådløse,60
revner,60
FDA,60
gjenganger,60
gjengangere,60
spyler,60
Nix,60
oppdaterte,60
tonene,60
Zimbabwe,60
Durins,60
fås,60
ratt,60
fysikken,60
kommuniserte,60
Vine,60
Krassner,60
tilfredshet,60
feminin,60
lune,60
albuerom,60
meieriprodukter,60
Nemerov,60
Tallmadge,60
skrus,60
rusle,60
rypa,60
Doss,60
vaskeri,60
dun,60
Finley,60
rituale,60
bod,60
sladrehank,60
rørledning,60
folkeslag,60
famler,60
periskop,60
fotballkampen,60
paintball,60
Sidao,60
MCA,60
Iys,60
distraherende,60
hjemmebesøk,60
eksemplaret,60
inga,60
kanadiere,60
tresko,60
Nicola,60
short,60
refererte,60
Eros,60
klamydia,60
Williamson,60
fascistene,60
Welch,60
well,60
wen,60
hjernedøde,60
Jesús,60
Sledge,60
Jeppe,60
kjønnsorganer,60
dannelse,60
beam,60
firkanten,60
Shields,60
Calle,60
Shinzon,60
hjelpes,60
faenskapen,60
stinkdyr,60
klassekamerater,60
klarerte,60
Maximilian,60
cheyennene,60
opptredener,60
Maude,60
corpus,60
fantasy,60
Badger,60
promenaden,60
eggen,60
Bain,60
designen,60
melonen,60
Roffe,60
landsdekkende,60
broderskap,60
Lilys,60
kontrollsenteret,60
chic,60
hjemreisen,60
Corrine,60
rettsak,60
kalkulert,60
gjesterom,60
ganen,60
Pyle,60
løgndetektor,60
døråpningen,60
warpkjernen,60
ow,60
row,60
underoffiser,60
Svaart,60
Grandi,60
kjøttstykke,60
engasjementet,60
kaldeste,60
briefing,60
Saavik,60
innafor,60
Vibs,60
alternativt,60
fengsling,60
weekend,60
redegjøre,60
treer,60
kultivert,60
brølte,60
rovdyret,60
utlån,60
Galveston,60
eksterne,60
barske,60
hex,60
besten,60
pekepinn,60
ondartet,60
vindene,60
pcen,60
lort,60
meddel,60
Malta,60
ynde,60
klemma,60
underskudd,60
Increase,60
GSI,60
Majid,60
oppvigleri,60
Ontario,60
Pedrosa,60
husholdning,60
Tora,60
biokjemi,60
biografi,60
kryssilden,60
dar,60
opprevet,60
regnskapsavdelingen,60
McKenzie,60
tilbereder,60
Krakow,60
væsker,60
Hondo,60
Alim,60
skrog,60
ladde,60
Eskild,60
allehelgensaften,60
Jamey,60
nyanser,60
ukomplisert,60
ulempen,60
kongressmedlemmer,60
besette,60
energikilde,60
ambisjonene,60
hνordan,60
ammer,60
vennskaps,60
bryllups,60
krokene,60
sagn,60
Pettersson,60
intellektuelt,60
Intelligence,60
Area,60
nøkkelordet,60
intakte,60
fengselsbetjent,60
ståhei,60
byssa,60
siver,60
Dalai,60
e-mail,60
tilnavnet,60
lynsjet,60
Mogadishu,60
jockey,60
mislikt,60
mikroskop,60
ariske,60
isbreen,60
begivenhetene,60
Dartmouth,60
tanter,60
Arroway,60
arrestordren,60
ICO,60
veiskille,60
Juárez,60
råtass,60
Downey,60
Prozac,60
residens,60
flyten,60
åa,60
Müntze,60
overmann,60
overtal,60
overstyring,60
forsegl,60
sparka,60
innflytelsen,60
ubetalte,60
forsovet,60
bokføringen,60
reprodusere,60
ruger,60
Oscars,60
seIvføIgeIig,60
Otterton,60
brownies,60
Daves,60
seddel,60
myrdes,60
Emmas,60
Geary,60
biller,60
renten,60
streife,60
fastspent,60
Easy-kompaniet,60
Helmsdjupet,60
årsakene,60
uforutsette,60
atletisk,60
tinder,60
tingenes,60
fraråder,60
rentene,60
renseri,60
denger,60
arranger,60
Sye,60
japaner,60
letthet,60
eksplosivene,60
oase,60
lureste,60
oppfølging,60
militærets,60
sogn,60
forrykt,60
kjødet,60
leoparden,60
smuglerne,60
politiinspektør,60
sigende,60
formalitetene,60
Goodweather,60
mln,60
mobben,60
maskot,60
formler,60
savn,60
chardonnay,60
PTSD,60
ptro,60
tjukka,60
Colosseum,60
medlemmet,60
publisiteten,60
Mysteriekammeret,60
stagge,60
kommandoer,60
fukt,60
catcher,60
selvtekt,60
Durham,60
Zoil,60
Lao,60
Keefer,60
mystikk,59
seierherren,59
Cerberus,59
åstedene,59
Dyad,59
scooteren,59
Szell,59
bosette,59
Hathaway,59
skuespillerinnen,59
bruksanvisningen,59
skulptur,59
rasshøI,59
okkupere,59
Anika,59
varianter,59
ff,59
orienten,59
Radek,59
klår,59
overliste,59
oppegående,59
fraværet,59
Gavling,59
glidelås,59
strenger,59
Kendrick,59
oppfatninger,59
Patricks,59
vitenskapsmannen,59
oppfanget,59
Glendenning,59
gør,59
akvarium,59
streifer,59
spesiallaget,59
novelle,59
Costco,59
eksperimentelt,59
Columbo,59
kommersiell,59
knipa,59
fylliken,59
Sasquatch,59
Turing,59
trykkes,59
FBl-agent,59
etterligner,59
Johnno,59
misunne,59
Juha,59
Judah,59
presenteres,59
fargerikt,59
mikrobølgeovn,59
universitetets,59
unggutt,59
Arn,59
Katelin,59
entrer,59
alba,59
hulk,59
albatross,59
lufter,59
ubeseirede,59
skandaler,59
aksjonærer,59
Krieger,59
forgasser,59
uendret,59
voyage,59
Smallville,59
medtatt,59
Meera,59
Domingo,59
grenene,59
jedien,59
kreps,59
skattevesenet,59
colombianerne,59
tilfører,59
kinaputter,59
vulkaner,59
uforsvarlig,59
sjelevenn,59
sjenerer,59
Freda,59
moter,59
Frederica,59
kIarte,59
mandler,59
eskortert,59
Deeds,59
ironiske,59
oldemor,59
Olavsen,59
forsømte,59
blåmerke,59
linser,59
brosjyrer,59
gruvearbeidere,59
Yorkshire,59
hemme,59
Harpo,59
overraskelsesmomentet,59
tropiske,59
skrammer,59
nålene,59
snabelen,59
spotter,59
gryterett,59
ideologi,59
rader,59
uskikket,59
usikret,59
target,59
følelsesladet,59
bedriftene,59
usmakelig,59
rotere,59
buser,59
saget,59
Elia,59
pompøse,59
vuggen,59
Hooli,59
bakholdet,59
prøvelsene,59
dirigent,59
assistentlege,59
forsikringssvindel,59
tillatelser,59
Ewell,59
utnyttes,59
utopia,59
rettsvesenet,59
kvalifiserer,59
Dany,59
Quince,59
turtelduene,59
jura,59
gisselsituasjon,59
Amity,59
livskraft,59
serbisk,59
finkjemmet,59
Cardiff,59
fruktbare,59
Hvemvik,59
huslånet,59
storby,59
gyselig,59
subtilt,59
papillon,59
Aileen,59
flørting,59
femstjerners,59
flette,59
vär,59
støttes,59
vinsjen,59
morgendag,59
kroning,59
paralysert,59
improvisasjon,59
ferskvann,59
artisten,59
følgesvenner,59
prefekt,59
tydligvis,59
jobbtilbud,59
Pilatus,59
høystakken,59
høyspurven,59
bleik,59
forbedrede,59
Sanjay,59
saniteten,59
mates,59
simulerer,59
medaljene,59
same,59
Warney,59
Evas,59
lystre,59
Siobhan,59
vĺr,59
hollandsk,59
kraftverk,59
fremgangsrik,59
døpes,59
dønn,59
Drumlin,59
hustruen,59
hoi,59
hoggtenner,59
homsene,59
ATCU,59
push,59
servicen,59
Yasmin,59
herskeren,59
Nairobi,59
leave,59
Wise,59
Canaveral,59
Lenin,59
understreker,59
plasten,59
Muriel,59
Dubois,59
p.g.a,59
besvergelser,59
suste,59
magnetfeltet,59
inspiserer,59
there's,59
barslagsmål,59
kjempejobb,59
barrikader,59
od,59
Pippa,59
liebling,59
lige,59
kannibalisme,59
skitters,59
delikatesse,59
lønnet,59
nasking,59
tha,59
foraktelig,59
Bobbys,59
laktose,59
trenes,59
kakerlakkene,59
detonasjon,59
Quantico,59
running,59
hjelmer,59
Leona,59
utflukter,59
utgått,59
Shado,59
Sandberg,59
destinasjonen,59
Latimer,59
Kuklinski,59
skjeggete,59
bajonett,59
bajas,59
middelklassen,59
Cosette,59
kukksuger,59
pysjen,59
uthvilte,59
utkastet,59
nasjonalsangen,59
Gia,59
restriksjoner,59
treeren,59
trekkstrålen,59
skolejente,59
Kaiser,59
Eggs,59
Willem,59
Paden,59
sammenstøtet,59
refleksjon,59
mulighetenes,59
Lock,59
where,59
Dubaku,59
sieg,59
Gaffney,59
erobringer,59
telefonlinjene,59
Stirling,59
Westminster,59
poten,59
badebukser,59
autoboter,59
metaforer,59
basene,59
konvertere,59
Jacov,59
aspekt,59
friends,59
spartanerne,59
påstanden,59
forelskede,59
infrarøde,59
Poteet,59
telefonselskapet,59
røres,59
clear,59
family,59
sponser,59
bits,59
liljer,59
Dragsholm,59
baseballkamp,59
tettet,59
terroriserer,59
fjernstyrt,59
web,59
smukka,59
Haugli,59
deaktiver,59
ledsage,59
fyllesvin,59
Heath,59
overfølsom,59
tvangsinnlagt,59
finanstilsynet,59
manipulasjon,59
manifestet,59
argumentene,59
argh,59
Stratford,59
Chrysler,59
skadelige,59
Colson,59
snøstormen,59
køller,59
Rhinen,59
unnlot,59
botox,59
plutoniumet,58
databaser,58
komitéen,58
benyttes,58
raserte,58
Julies,58
vaskemaskin,58
somle,58
beroliget,58
atskilte,58
jefe,58
minusgrader,58
vitnets,58
golfbane,58
Goldstein,58
mistillit,58
Jompa,58
avskaffet,58
trådløs,58
kvise,58
anerkjente,58
virtuell,58
Jeeter,58
sakser,58
geek,58
tiltenkt,58
byggebransjen,58
romkameratene,58
usammenhengende,58
levendes,58
utmattelse,58
gliset,58
banketten,58
Keyes,58
UDI,58
slipe,58
forfalsker,58
Cale,58
hamburgeren,58
løpene,58
regissert,58
mt,58
surre,58
dømmende,58
landmine,58
mishandlingen,58
foren,58
elveleiet,58
Jaa,58
umaken,58
friket,58
innvielsen,58
tentamen,58
forkjemper,58
bondegutt,58
pøbler,58
perfeksjonere,58
Stew,58
Monroes,58
stet,58
skjørtejeger,58
Maru,58
ridning,58
sysselmannen,58
fuktige,58
fullmakten,58
åndeverdenen,58
McGrath,58
forræderiet,58
Ulysses,58
Command,58
faster,58
forholdsregel,58
forhenget,58
håndflaten,58
håndvesken,58
Baines,58
gifta,58
Trelawney,58
Stigman,58
tredobbelt,58
kalium,58
pysa,58
Thurman,58
utleverer,58
redselsfulle,58
klamre,58
Deke,58
MacLaren,58
skolebussen,58
forakte,58
energiministeren,58
Nia,58
Kanan,58
tredel,58
likesinnede,58
notisboken,58
gjøk,58
eksepsjonelt,58
håndtering,58
altsa,58
administrator,58
hits,58
kjempemye,58
McElroy,58
lønningsdag,58
Hymie,58
Vidal,58
gjetninger,58
bløtt,58
Joaquín,58
B.A,58
omhandler,58
høh,58
hærene,58
men...jeg,58
rømningen,58
temaer,58
surrealistisk,58
oppussingen,58
Maud,58
degos,58
førsteinntrykket,58
fordøyelsen,58
skyterne,58
geologi,58
kapitler,58
CJ,58
baderommet,58
drapsmennene,58
fantasiene,58
minnetalen,58
Asriel,58
munnkurv,58
svei,58
sveitserne,58
Algerie,58
haIv,58
hodetelefoner,58
påfølgende,58
McKenna,58
usømmelig,58
utdrag,58
faresonen,58
sovepose,58
Lazarus,58
Canadas,58
malere,58
firer,58
Galloway,58
pyton,58
Galweather,58
then,58
fasan,58
BP,58
undersiden,58
usårbar,58
Stoddard,58
krøllet,58
fraksjon,58
net,58
Odyssey,58
Mischa,58
forsone,58
potetsalat,58
Franken,58
faa,58
kritiserte,58
lubne,58
droneangrep,58
medhjelpere,58
barbeint,58
drivhus,58
preiket,58
TVen,58
jod,58
Stenberg,58
Annett,58
Pieter,58
Jinx,58
ferska,58
Dumont,58
che,58
materialene,58
oppvaskmaskinen,58
diagnostisert,58
States,58
kverka,58
Iaget,58
hodestups,58
lysglimt,58
kosete,58
kiss,58
lystgass,58
Hobbitun,58
frifunnet,58
Sanka,58
Blaze,58
gikt,58
beskjedent,58
tilregnelig,58
innsatsene,58
gravlunden,58
Pontiac,58
uhyrene,58
livshistorie,58
skrotten,58
Ladens,58
Jun,58
omganger,58
eiendomsmegleren,58
Llewelyn,58
forvridd,58
Nadya,58
føniks,58
yndlingsfargen,58
befriende,58
tannløs,58
fødested,58
Beers,58
etterpa,58
druene,58
medarbeiderne,58
lovgivning,58
Roach,58
Mirando,58
krystaller,58
Gustaf,58
gynger,58
trojanerne,58
Trolljeger,58
Juul,58
veilederen,58
Yoko,58
abonnement,58
dumminger,58
mastergrad,58
ektefeller,58
uskadeliggjør,58
misser,58
Lahey,58
vegetarianere,58
Eikenskjold,58
eierens,58
living,58
flyktige,58
Dreyfus,58
eder,58
virkeliggjøre,58
føkk,58
klimaks,58
tata,58
miltbrann,58
Sparks,58
bombeangrep,58
forside,58
Kirks,58
Toros,58
ubegrensede,58
onkeI,58
krypten,58
lsrael,58
ubetinget,58
Roark,58
utspekulerte,58
Mhysa,58
strømmene,58
hospitalet,58
hover,58
motivene,58
stupe,58
drivende,58
skauen,58
vingården,58
provisjonen,58
Proximo,58
bursdagsfesten,58
Vanity,58
blutbaden,58
vanntette,58
sensitive,58
Able,58
radioaktivitet,58
krigsforbrytelser,58
Khans,58
overtalelse,58
klort,58
Angelica,58
Ievende,58
vaskehjelp,58
Crook,58
rynke,58
ryggmargen,58
blodpenger,58
Labor,58
skul,58
skumlere,58
Brumbaugh,58
Milja,58
Iov,58
myggen,58
semper,58
Mantis,58
60-årene,58
månedlig,58
Ragnhild,58
manérer,58
catering,58
Fawn,58
Robohai,58
komponenter,58
radiostasjon,58
beklag,58
rammene,58
overleveringen,58
Zootropolis,58
Zuko,58
vitaminene,58
oppdagelsesreisende,58
frasen,58
dagdrømmer,58
Needles,58
stresskofferten,58
strebe,58
ufin,58
fusket,58
bensintanken,58
fullbooket,58
Raquel,58
days,58
såpeopera,58
masete,58
fienders,58
sjørøveri,58
tjukt,58
sendingene,58
snikmorderen,58
knekter,58
helsevesenet,58
åser,58
10th,58
mobiliserer,58
tunellen,58
gjenlevende,58
Jorek,58
tumor,58
stadier,58
Mmm-hmm,58
Chronos,58
søndre,58
Leipzig,58
leirer,58
plus,58
Goran,58
kåpa,58
Kypros,58
Criss,58
Örjan,57
Schlomo,57
askebegeret,57
bindes,57
Hayworth,57
marionetter,57
Daya,57
umerkede,57
underhold,57
belysning,57
åtter,57
Ååh,57
fiaskoer,57
selvstendige,57
kringkasting,57
allefall,57
Ramada,57
Furioso,57
funnene,57
Ziegler,57
Komarov,57
rappen,57
Caspar,57
raptor,57
hengi,57
rass,57
etterbarberingsvann,57
semifinalen,57
Dunnison,57
zoologisk,57
Gunilla,57
lommebøkene,57
sendetid,57
raserianfall,57
synderen,57
forsidene,57
sardiner,57
årboka,57
Pocahontas,57
Ystad,57
Janus,57
uforutsigbare,57
Rocha,57
sommerferien,57
uklanderlig,57
Pompey,57
about,57
sentre,57
Hera,57
manusforfatter,57
egenhendig,57
stoppested,57
depot,57
Amnesty,57
amulett,57
dott,57
respekteres,57
biografien,57
bakhagen,57
stoppskilt,57
analyserte,57
oljebransjen,57
Petes,57
Germania,57
gester,57
prosessert,57
StoI,57
prompe,57
velsignelsen,57
brystvorte,57
birthday,57
omdirigerer,57
bråkmakere,57
bråkte,57
Puk,57
tilå,57
kannibal,57
trangsynt,57
kapring,57
Sab,57
bakterie,57
hestehalen,57
uoppklarte,57
Milk,57
Jacobsen,57
musikerne,57
swami,57
formening,57
ufarlige,57
Radcliffe,57
svineriet,57
svinne,57
aborten,57
aborter,57
tantes,57
tarm,57
fødselsrett,57
onkelpuler,57
View,57
visepresidentens,57
drikkevann,57
albansk,57
striker,57
freds,57
stritter,57
husholdningen,57
bunkere,57
edge,57
Peacock,57
burer,57
relevans,57
dovne,57
Downing,57
idrettsmann,57
Duff,57
bortføringen,57
uglen,57
uhh,57
snuste,57
tastatur,57
yakuzaen,57
Armani,57
intuisjonen,57
spidder,57
ubebodd,57
glasskår,57
hettegenser,57
herskerringen,57
haram,57
hestesko,57
Escorpion,57
føkka,57
dirke,57
ubøyelig,57
inskripsjonen,57
farvannet,57
Rosario,57
førstebetjenten,57
tørrlagt,57
postrommet,57
autoriteten,57
Aragon,57
konkurrerte,57
Nürnberg,57
Lamont,57
Qaida,57
reder,57
skrupler,57
Göransson,57
tilredt,57
ex,57
renselsen,57
livbåtene,57
vas,57
vasse,57
fotmassasje,57
fotballspillere,57
linse,57
Tinker,57
timeout,57
pussige,57
Barabbas,57
krana,57
deltager,57
profetier,57
Neytiri,57
fordelaktig,57
grublet,57
varemerket,57
kursene,57
Ohrvik,57
bruder,57
bronse,57
blemmer,57
flygeblader,57
fluktrute,57
fromme,57
Taylors,57
Quint,57
tele,57
Sharpay,57
landingssonen,57
Rivas,57
oye,57
tyne,57
applausen,57
u-sving,57
kontorist,57
nanittene,57
haner,57
blanc,57
erfart,57
kosher,57
reinkarnasjon,57
aksjemarkedet,57
hovedretten,57
coffee,57
Dorsey,57
stut,57
avveksling,57
Nimitz,57
Nintendo,57
Bannon,57
hoper,57
horder,57
vriene,57
tilbakeblikk,57
sprengningen,57
jogget,57
sprengning,57
forsynte,57
avbud,57
spraye,57
Ekspres,57
domene,57
Smollett,57
tentakler,57
kjøligere,57
Shay,57
nagle,57
Windows,57
Trisha,57
trollmarkedet,57
pride,57
skäl,57
Donaldson,57
lyddemper,57
lill,57
cubanske,57
revnet,57
lusker,57
flommer,57
Byrnes,57
Caesars,57
brase,57
smartingen,57
utpeker,57
dokteren,57
pladask,57
Surratt,57
gjenopptar,57
jointen,57
blott,57
nominerte,57
Maze,57
Terrell,57
drømmeverden,57
avblåse,57
narkopenger,57
dekknavn,57
dekkhistorien,57
tenking,57
lada,57
styreformannen,57
hallusinasjonene,57
sikksakk,57
Halle,57
Honduras,57
hoffmann,57
koreanske,57
korka,57
frigir,57
Medea,57
Düsseldorf,57
Holberg,57
oen,57
Tig,57
Moulin,57
inhalatoren,57
jordisk,57
nobody,57
Brendans,57
familiefar,57
delegasjon,57
Antoinette,57
halvtimes,57
dangerous,57
Kwon,57
standarder,57
fortrenge,57
Dickinson,57
delegatene,57
lønninger,57
siget,57
Blithe,57
grenseløs,57
Galahad,57
frimerket,57
erklæres,57
blitzen,57
motvind,57
Dominguez,57
avskrive,57
tryggheten,57
tiaraen,57
Barneys,57
forretningskvinne,57
3rd,57
Poison,57
Marin,57
sekretærer,57
Othello,57
Lear,57
diva,57
isoleres,57
Godzilla,57
Lebowski,57
øving,57
minnesmerke,57
Coruscant,57
forseelser,57
baklomma,57
Storbritannias,57
represalier,57
Derice,57
Victors,57
verdslige,57
omringe,57
Lore,57
skittentøy,57
Clan,57
toppkarakter,57
tjuetre,57
omslag,57
skolebuss,57
Dwyer,57
heat,57
omradet,57
håndlaget,57
buddhist,57
má,56
omprogrammere,56
omplassert,56
hysteri,56
Loeb,56
generalstaben,56
bilsyk,56
skolelaget,56
Bubby,56
reporterne,56
reparasjonene,56
bilvask,56
topphemmelige,56
karri,56
politikeren,56
latent,56
knipser,56
takeoff,56
bekjempes,56
rakte,56
Isobel,56
rock'n'roll,56
Milos,56
Corleone-familien,56
ungdommelig,56
Leader,56
Mathayus,56
seriemorderen,56
herkomst,56
fornuftens,56
forretningspartner,56
somrene,56
pløyer,56
overivrig,56
berg-og-dal-bane,56
ordinære,56
taksameteret,56
takleiligheten,56
mø,56
Radovan,56
komplekst,56
dunken,56
Amidala,56
allergier,56
hvorhen,56
skite,56
psykiatri,56
Strawberry,56
Cate,56
yuan,56
verdensomspennende,56
guffent,56
omformulere,56
guitar,56
Gazzo,56
tittelkamp,56
venstresiden,56
pes,56
hobbitene,56
springmarsj,56
Teresas,56
turbulent,56
kjærlighetsliv,56
dødssyk,56
oppskjørtet,56
løyve,56
salver,56
Walmart,56
hodeløse,56
Bäckström,56
kraftens,56
pandaen,56
Siren,56
Weekly,56
pressemeldingen,56
innblikk,56
sugejobb,56
regnvær,56
regnestykket,56
ansvarsfull,56
inkognito,56
våket,56
utspiller,56
innfrir,56
utstrakt,56
greiner,56
utslaget,56
ttil,56
Stanwyk,56
Tugg,56
Trolljegeren,56
klerk,56
Wimbledon,56
wind,56
Wink,56
Hiram,56
Pius,56
narkoen,56
avsløringen,56
Gisle,56
anmarsj,56
slaktes,56
justeres,56
grillmat,56
ingeniøren,56
grimaser,56
lusket,56
AK-47,56
lydige,56
Aya,56
grimmen,56
vakthund,56
trippe,56
Revolution,56
utslipp,56
utsikter,56
gjenopptatt,56
riksdekkende,56
sløye,56
simulatoren,56
siktede,56
medikamentene,56
limoen,56
skytebane,56
snapp,56
Magnussen,56
BB-8,56
konspirasjonen,56
dødsengelen,56
gjenspeiler,56
had,56
Volantis,56
runene,56
favorite,56
kvadrat,56
fakkel,56
treningssenteret,56
koteletter,56
preik,56
Jimmie,56
spunk,56
tillitsfull,56
pussa,56
tristere,56
DeWald,56
vondere,56
Hamlin,56
pack,56
Sandefur,56
oppvask,56
familiemiddag,56
comprende,56
spott,56
Wikipedia,56
vareopptelling,56
trend,56
Baracus,56
nautiske,56
Lisas,56
strengeste,56
Gatewood,56
visninger,56
Lumbergh,56
Eastern,56
trendy,56
monarkiet,56
cockpit,56
trip,56
K-Mart,56
K'un-Lun,56
Brannigan,56
klatring,56
taxisjåfør,56
firfisle,56
treverket,56
gidde,56
sjøforsvaret,56
sjimpanse,56
tvungen,56
redskapene,56
kjøtthuer,56
spiral,56
Spinal,56
utgiver,56
dokumenterer,56
innsidehandel,56
avdødes,56
Lakewood,56
sponsorene,56
platina,56
instans,56
dobbeltdrap,56
nødutgang,56
Lando,56
uoffisielle,56
klarsynt,56
nakent,56
Svendsen,56
sveiser,56
beslektet,56
planker,56
Plainview,56
skulpturen,56
trillet,56
triffidene,56
litterære,56
oppfinneren,56
partiklene,56
demonstrantene,56
arkivert,56
alaikum,56
Moshe,56
H.C,56
kamelen,56
kulturell,56
destroyere,56
Ieter,56
vaskemiddel,56
kraven,56
struts,56
humant,56
hummerne,56
visnet,56
plugge,56
plommer,56
bedømmer,56
Pauly,56
humørsyk,56
grynter,56
Krøyer,56
Louisville,56
skalpert,56
pe,56
strømpe,56
beseires,56
snipp,56
Aristocrats,56
optimal,56
SOC,56
Nugent,56
demning,56
flykrasj,56
landsforræderi,56
Dinesh,56
Rocko,56
legionær,56
pornofilmer,56
landstryker,56
Lentz,56
berør,56
råeste,56
krydre,56
krykker,56
provins,56
storesøsteren,56
ventilasjon,56
biologien,56
Guinness,56
Skottlands,56
respiratoren,56
morbid,56
guacamole,56
velkomsten,56
Birthe,56
trappetrinn,56
Bachman,56
Ylva,56
Caracas,56
nærliggende,56
sperm,56
minnestunden,56
propell,56
bakspeilet,56
tolerert,56
klisteret,56
klynge,56
Ronan,56
herremann,56
herser,56
Elmer,56
Roc,56
ugjenkallelig,56
gnomer,56
Leavenworth,56
umerket,56
alzheimer,56
Cecile,56
Fido,56
heitere,56
æres,56
filming,56
sele,56
æresgjest,56
help,56
Catalina,56
dyrebutikken,56
undertekster,56
godene,56
knyter,56
future,56
Harrow,56
fullbyrde,56
takkefesten,56
fyken,56
Knudsen,56
fult,56
satellittbilder,56
ransaking,56
henrett,56
orienes,56
henvise,56
årboken,56
beliggenheten,56
believe,56
Gredenko,56
ruinerer,56
Gallinger,56
hjernehinnebetennelse,56
C-3PO,56
dominert,56
ribben,56
Thomson,56
gressklipper,56
slipt,56
sletten,56
slemming,56
Briar,56
terrorisere,56
kontroversiell,56
dekkoperasjon,56
Lightyear,56
slekter,56
metroen,56
Crosby,56
julefest,56
avskaffe,56
forutsigbare,56
kvittere,56
fila,56
2000-tallet,56
fIink,56
sebra,56
dominerer,56
Hollywoods,56
dames,56
oppofrelse,56
allvitende,55
således,55
Beni,55
tredoblet,55
bleiene,55
Grunts,55
vaskebjørner,55
årvåkne,55
årstid,55
overføringer,55
Phils,55
blekemiddel,55
scenarioet,55
skuer,55
umuIig,55
sit,55
tilstelninger,55
Nyman,55
Tripoli,55
evighetens,55
distribuere,55
oppfordre,55
rettslige,55
rettssystem,55
annonserte,55
golfen,55
Sonya,55
oppfylte,55
tte,55
fluktbilen,55
lyrisk,55
nattverden,55
patriotiske,55
Valiant,55
dur,55
selvsikre,55
Masons,55
Cartman,55
kicket,55
nedgravd,55
Zuckerman,55
harpe,55
styrtrik,55
mangfold,55
Carruthers,55
synging,55
belastet,55
komfyr,55
blæra,55
rank,55
betongen,55
kolonner,55
fullastet,55
taft,55
lillemor,55
endrede,55
professorer,55
forbundsfelle,55
skjem,55
foreldremøte,55
frigis,55
provokasjon,55
slengen,55
resort,55
paparazzi,55
grums,55
bakgaten,55
generere,55
McGregor,55
forderve,55
kroppsvisitere,55
konvolutter,55
oppringninger,55
tilegne,55
dråpene,55
Delia,55
hollandske,55
vrenger,55
nedturer,55
horde,55
Katya,55
dagbøker,55
streiket,55
alkis,55
hagene,55
jækla,55
Vietnamkrigen,55
Cabal,55
gamlelandet,55
Tombstone,55
republikansk,55
Morias,55
ansjos,55
Gerak,55
Toulouse,55
Toscana,55
prinsessa,55
Destiny,55
train,55
geometri,55
Birger,55
barnevogn,55
jø,55
skreppe,55
infiltrerer,55
EIIen,55
Federal,55
vaktsjefen,55
kusiner,55
fakset,55
C4,55
skute,55
kanalisere,55
brudeparet,55
krøplinger,55
brilliant,55
forenet,55
forutanelse,55
skytere,55
Stavros,55
tigrene,55
Thunderbird,55
stykkene,55
krigserklæring,55
stridsvognen,55
Chuy,55
nattehimmelen,55
Kovach,55
skattekart,55
Starsky,55
Diamondback,55
mekanikk,55
pc-er,55
Sabra,55
lovlydige,55
pedikyr,55
Huntington,55
nitro,55
stÃ,55
Aidid,55
felgen,55
kortstokken,55
avrusning,55
byråkrat,55
Byrne,55
Paramount,55
medborger,55
vulkansk,55
ker,55
opphøyde,55
Drogo,55
Olsson,55
sjakt,55
flittige,55
barrikadene,55
projeksjon,55
kammerpike,55
Culper,55
forutsigbart,55
bjelleklang,55
forulempet,55
utskytning,55
pisspratet,55
cologne,55
grenseland,55
utsteder,55
stabler,55
jordmor,55
turde,55
Jordans,55
Bluff,55
lades,55
narkopolitiet,55
tenkelig,55
Bauers,55
danke,55
sammenlikne,55
Shug,55
dødstidspunkt,55
dødstidspunktet,55
Pablos,55
whiskeyen,55
MCC,55
påpeker,55
Blore,55
tvillingbror,55
utretter,55
smelt,55
utrettelige,55
innrømmelse,55
Maggies,55
oppvarmingen,55
Winnie,55
madre,55
Whitechapel,55
Packard,55
oppsvulmet,55
telepatiske,55
blåøyd,55
Creighton,55
Nord-Irland,55
opptog,55
Ferrarien,55
Highgarden,55
Wonderworld,55
hinderet,55
Heydar,55
surpomp,55
klam,55
førstevalget,55
suspendere,55
Teleborian,55
samuraien,55
Emilys,55
utkjempes,55
utkastelse,55
Roswell,55
smultringene,55
smålige,55
landgangen,55
misforstod,55
risikoene,55
forstyrrelsene,55
Seti,55
teaterstykke,55
bebodd,55
Suze,55
suverene,55
Quebec,55
konstante,55
reduserte,55
lammer,55
mishandle,55
tyranner,55
arbeiderklassen,55
Audi,55
jevnet,55
jevner,55
spirituell,55
lengdegrad,55
Belmont,55
smørje,55
Roseanna,55
Conklin,55
uskyldiges,55
Institute,55
lemleste,55
fartsgrensen,55
boksekamp,55
rabiat,55
taste,55
taster,55
klingonsk,55
before,55
frustrasjonen,55
Duluth,55
overveielse,55
overtakelse,55
langsiktige,55
bokholder,55
Jenn,55
intervensjon,55
Aris,55
forlegger,55
Conroy,55
UIrich,55
tankeløs,55
bedøver,55
musikaler,55
Darrin,55
konfiskere,55
konfekt,55
herpa,55
harfått,55
Noyce,55
Speirs,55
Electric,55
Electra,55
nærsynt,55
elderman,55
nynne,55
politistyrken,55
Esperanza,55
kløkt,55
sykesøster,55
syl,55
Beretta,55
overrumple,55
Serpico,55
gluten,55
LaRusso,55
boltene,55
lasso,55
ufyselig,55
Goliat,55
golem,55
måkene,55
muy,55
månedlige,55
ministerens,55
latskap,55
spane,55
ulveflokk,55
minnepennen,55
heksejakt,55
øgså,55
Seattles,55
markedsføre,55
Cawley,55
Heimdall,55
Scull,55
he's,55
Schade,55
binders,55
stortrives,55
Vest-Tyskland,55
lokasjon,55
skjøte,55
Logue,55
omsetning,55
ræven,55
fransken,55
kritt,55
Siss,54
Bård,54
Warfield,54
haltende,54
fleipe,54
Medford,54
slagordet,54
forurenser,54
avskjedssøknad,54
modulen,54
Dominique,54
rullebrett,54
betenkeligheter,54
oppringningen,54
Palin,54
Westchester,54
Samar,54
fjøset,54
løkken,54
barrikaden,54
barsken,54
judo,54
avreisen,54
croissanter,54
tuba,54
forelese,54
særing,54
slokner,54
innflytelsesrik,54
fundament,54
Fung,54
Hattie,54
Helios,54
ærbødig,54
smaksprøve,54
forfremmes,54
Lichtenstein,54
sovesalen,54
stabiliserer,54
stabel,54
fortaIt,54
tube,54
Presley,54
presidentvalget,54
jordnær,54
avl,54
tulipaner,54
Stahl,54
stabssersjant,54
Blofeld,54
Jackies,54
umettelig,54
Iå,54
Riiser,54
iøynefallende,54
14th,54
Tussi,54
avhopper,54
minigolf,54
Hyman,54
kjøret,54
spansken,54
sorter,54
bop,54
løsunge,54
Sook,54
forretningsplan,54
bondeknøler,54
Childress,54
søknader,54
overmot,54
hjemmekoselig,54
cafe,54
Zidler,54
ordstyrer,54
sup,54
spøkelseshistorier,54
harpiks,54
Deans,54
utrykning,54
Graysmith,54
syting,54
Tabitha,54
forgrep,54
beinhardt,54
scotch,54
innleid,54
innlevelse,54
brannstasjonen,54
Roya,54
hydraulikken,54
admiralitetet,54
lommetyv,54
kroppsdelene,54
hissige,54
Sheldons,54
Sheba,54
Sheehan,54
Sheri,54
Derry,54
enhjørninger,54
Pakistans,54
geniene,54
Stoney,54
wicked,54
Whistlers,54
fIyet,54
nesevis,54
Mido,54
lesingen,54
Rino,54
prating,54
blodforgiftning,54
blåveis,54
peser,54
Craven,54
venteliste,54
Creedy,54
misteltein,54
Jilly,54
vemmelige,54
prekener,54
pott,54
Twister,54
avføringen,54
bestevenninnen,54
bestevennene,54
ventetid,54
Oyster,54
Geiger,54
Tobin,54
Gazelle,54
Wladek,54
Enys,54
pensjoneres,54
Hewlett,54
fiskerne,54
maharajaen,54
suse,54
vietnamesisk,54
Bellerophon,54
fniser,54
kaninhullet,54
Bainbridge,54
hνem,54
avgifter,54
forbigått,54
menneskehandel,54
appétit,54
GratuIerer,54
pizzeria,54
PJ,54
Feather,54
Curley,54
forkIare,54
kulturelt,54
småkryp,54
Germain,54
Landers,54
kanarifugl,54
Bogdan,54
biting,54
fanatisk,54
velbehag,54
anbefales,54
ein,54
Seward,54
Tawni,54
konseptene,54
tegninga,54
Olivier,54
vedtok,54
Svarten,54
Andys,54
konsulenter,54
skrubbet,54
forbruk,54
drillen,54
vintrene,54
Mulwray,54
spisepinner,54
skattepengene,54
splint,54
skamløse,54
avdelingssjefen,54
hurtigmat,54
forsvars,54
granskes,54
Edo,54
utflukten,54
nøytraliserer,54
dobbeltliv,54
Jehova,54
skepsis,54
hovmodig,54
gåtefulle,54
skaller,54
meier,54
snavla,54
luftfartsverket,54
bange,54
intel,54
tinget,54
Mosby,54
fredfull,54
Andrei,54
retorikk,54
lemlestede,54
forkortet,54
treffende,54
miIIioner,54
elskerinner,54
stifterne,54
glane,54
glansen,54
klinkende,54
stikksår,54
tastaturet,54
IføIge,54
triangelet,54
følelsesløs,54
tarmer,54
Garsiv,54
reddhare,54
realitetene,54
akselererer,54
kloning,54
pasifist,54
Pasha,54
Abramoff,54
dødfødt,54
passasjerlisten,54
medregnet,54
Hevnerne,54
Worthington,54
akten,54
Lugo,54
ubedt,54
attraksjon,54
dagligvarer,54
LeMarc,54
pugget,54
into,54
Gossip,54
treningsprogram,54
snoren,54
detaljen,54
grufull,54
snøball,54
Arlena,54
poncho,54
vannverket,54
Iik,54
IKEA,54
fordomsfull,54
Garfield,54
tilbakemelding,54
Bertil,54
tilegner,54
Hardin,54
herset,54
festbrems,54
sapiens,54
Kirill,54
Naz,54
capsen,54
Jaye,54
bygningens,54
japsen,54
Laredo,54
hah,54
Medusa,54
formene,54
armbåndsur,54
iraker,54
arms,54
vogntog,54
romstasjon,54
Gilliam,54
avvæpnet,54
IP-adressen,54
avvis,54
stereoanlegg,54
politiskiltet,54
umodne,54
pikkolo,54
snabben,54
rusler,54
Russells,54
razziaen,54
statsborgere,54
Steadman,54
beretning,54
mandlene,54
sentimentalt,54
mangelfull,54
serbiske,54
matchen,54
fremheve,54
fres,54
kostbare,54
beærer,54
erfare,54
kosedyr,54
Janni,54
Hooters,54
legemet,54
IRS,54
Kimmie,54
Molina,54
stedets,54
griskhet,54
Grodahl,54
vandaler,54
latsabber,54
slagsmålet,54
brodd,54
tabu,54
Lilo,54
jafs,54
ulykkesstedet,54
metan,54
minnepinne,54
Division,54
ungarske,54
Leanne,54
næ,54
soverommene,54
Nikos,54
ên,54
Modulf,54
ødeleggelser,54
centurion,54
Trujillo,54
Ceres,54
ønsketenkning,54
dynastiet,54
Giosue,54
dyktigere,54
æresmedalje,54
overdrevne,54
trommis,54
østrogen,54
hebraiske,54
justis,54
justering,54
statist,54
seksåring,54
Martina,54
Hedda,54
statister,54
Franklins,54
uv,54
storseilet,54
pinnene,54
slangens,54
Verås,54
kitchen,54
regnfrakk,54
oppkvikkende,54
håndverkerne,54
områdets,54
hogget,54
Fontaine,54
Dragons,54
våpenlager,54
Clemens,54
drue,54
stralende,54
sitert,54
Citys,54
loopen,54
skitnet,54
måtene,54
Chihiro,53
Hege,53
overvåkningsvideoen,53
Ortega,53
redningsaksjonen,53
hjelpemidler,53
maile,53
sanke,53
aere,53
Xiao,53
tauer,53
skjelvet,53
utsendt,53
Madden,53
sverdfisk,53
mytteriet,53
jour,53
utrent,53
fjellklatring,53
nostalgisk,53
sammensetning,53
respektløse,53
spillets,53
batter,53
labb,53
Rifkin,53
nesene,53
tenåringen,53
instruert,53
goy,53
innmaten,53
Posey,53
lanserer,53
gravkammer,53
nattverd,53
Levar,53
håndsrekning,53
Queen's,53
rønne,53
Lexie,53
speide,53
Chesterfield,53
Isaiah,53
Svalbard,53
universiteter,53
poff,53
Lesley,53
bread,53
sprell,53
fornyer,53
Woodstock,53
unne,53
Woodsboro,53
Adhemar,53
Rami,53
baronens,53
rak,53
innersvingen,53
magneter,53
blærete,53
originalene,53
laerer,53
find,53
Shakespeares,53
ffe,53
tyrannen,53
Zoran,53
tyrannosaurus,53
Nordgren,53
dikterer,53
Sweetie,53
sponse,53
beregningen,53
nølt,53
fucker,53
chipsen,53
Ratched,53
løkka,53
formidler,53
Sohrab,53
lappene,53
rocks,53
Costanza,53
superskurk,53
utdanningen,53
postbud,53
betaIe,53
normer,53
jegvetikke,53
ching,53
jagd,53
konvensjonelle,53
nybakt,53
Jacky,53
surprise,53
Abner,53
Riesen,53
tekstmeldinger,53
kommandosentral,53
McCann,53
førtifem,53
mams,53
hermano,53
oppstart,53
bedøv,53
klippes,53
bermen,53
bertene,53
etterlysningen,53
klossmajor,53
Nantucket,53
magesmerter,53
Shao,53
Danger,53
handelsskip,53
nødlanding,53
Willi,53
Uppsala,53
hamsteren,53
Society,53
Packman,53
delaktighet,53
bortkasta,53
C.J,53
gratuler,53
Jasa,53
Atkins,53
Gaia,53
uferdig,53
portvin,53
asylet,53
tyngste,53
Twombly,53
nas,53
Crest,53
signalementet,53
jolly,53
sanksjoner,53
Chesapeake,53
innsigelser,53
reddere,53
Escobars,53
Quica,53
digget,53
sviktende,53
besettelsen,53
forgasseren,53
fruktene,53
nostalgi,53
forslagene,53
sigma,53
uerfarne,53
Fork,53
miks,53
root,53
glamour,53
arisk,53
erkjenn,53
smakløs,53
avledet,53
urørlig,53
hannes,53
Tumnus,53
pirkete,53
mexicanere,53
utviklede,53
fortvilt,53
croissant,53
tsaren,53
Sullivans,53
thaimat,53
Thawne,53
nasjonene,53
dørklokka,53
betydelige,53
sikkerhetsnett,53
hobbitser,53
lærerinne,53
oppnevnt,53
sinnets,53
bærene,53
hodeskalle,53
Holman,53
døyve,53
lystige,53
mottagelse,53
tidevann,53
infiltratør,53
informeres,53
slanker,53
slagmann,53
give,53
avskjedsbrev,53
gitte,53
julesanger,53
støyende,53
homie,53
Parbat,53
reisebyrå,53
reisemål,53
blekne,53
anstalten,53
trollmannens,53
parkeringsvakt,53
drivkraften,53
lykkens,53
flodbølge,53
paranormal,53
partikkel,53
tilbak,53
kis,53
horoskopet,53
lurere,53
haha,53
punktlighet,53
felttoget,53
tilsammen,53
tilsendt,53
Garson,53
skyldt,53
statshemmeligheter,53
Colbert,53
CT,53
Moines,53
mogwai,53
forverres,53
bifaller,53
stuet,53
stuntet,53
Vivek,53
patronen,53
oppfinne,53
Hagan,53
Vogler,53
brukerne,53
mongolene,53
anhold,53
EKG,53
Jørn,53
Jøje,53
stener,53
kresne,53
strået,53
Fredrick,53
motarbeide,53
Howards,53
kravlere,53
visjonene,53
gåtur,53
gåsa,53
saksmappen,53
visker,53
bruttern,53
brusk,53
Seans,53
Ignacio,53
grunnvannet,53
igt,53
Kady,53
progeria,53
gigawatt,53
publikummet,53
keiserriket,53
Bandy,53
gatehjørne,53
stridshodet,53
fredagskveld,53
dad,53
Edgware,53
Lower,53
Lowenstein,53
grønnere,53
veldedig,53
fotoalbum,53
tredjepart,53
huskerjeg,53
skaÉ,53
fløyter,53
Ptolemaios,53
gavmilde,53
tiåret,53
Amélie,53
velgående,53
fagforeningene,53
rådgiverne,53
Geraldine,53
prosents,53
Proteus,53
krøll,53
bitchen,53
villere,53
hvetebrødsdagene,53
Allspark,53
drapsvåpen,53
Alisons,53
Lorne,53
losse,53
Tollinger,53
gulingene,53
Dragan,53
menge,53
rævkjørte,53
høylys,53
tranebær,53
kryssild,53
Morgenluft,53
omtenksomme,53
Bular,53
Gunderson,53
VG,53
overdådig,53
havneslakteren,53
helikoptere,53
fille,53
rampe,53
belyse,53
Söderström,53
benektelse,53
Chalmers,53
Haymitch,53
Celie,53
Memnon,53
fibrene,53
Chapos,53
maskinrom,53
søskenbarna,53
sønnesønnen,53
rasjon,53
rakner,53
Fusco,53
Southampton,53
fors,53
ldioter,53
Leaf,53
Soto,53
Southfork,53
ispinne,53
umm,53
forretningsmannen,53
forretningsfolk,53
Iyst,53
underbukse,53
halvtimen,52
halvkilo,52
palestinerne,52
through,52
Themsen,52
slokkes,52
sludderet,52
Kynaston,52
Stanfield,52
levra,52
utstilt,52
avlegg,52
Tuptim,52
blusset,52
ørnene,52
Orsini,52
Osaka,52
brife,52
Liesel,52
meteoren,52
ærbare,52
innbringende,52
antibiotikaen,52
antikkens,52
Reznik,52
4th,52
Ricca,52
fibre,52
representasjon,52
Noa,52
dicks,52
kroppstemperaturen,52
Folke,52
skjellene,52
eggløsning,52
Pepes,52
lnnta,52
suksessfull,52
sikkerhetsrådet,52
sikkerhetspolitiet,52
skoleavisen,52
hjertesykdom,52
halspulsåren,52
rønna,52
desarmert,52
flankene,52
genialitet,52
lnc,52
stoltere,52
fengselscelle,52
Silvio,52
stolteste,52
Fabrizio,52
bakkenivå,52
lysningen,52
sIo,52
toppløs,52
gullgutten,52
alvorligere,52
tidligst,52
tiara,52
Altobello,52
håm,52
Uzi,52
håndjerna,52
gullsmed,52
metaforen,52
håndlag,52
avskrekke,52
modifisere,52
stargaten,52
cry,52
håndplukket,52
forsikringsselskap,52
larve,52
registrer,52
suges,52
Arrakis,52
parallelle,52
Rolv,52
hoo,52
flettet,52
corps,52
Borat,52
irrasjonelt,52
fremskyndet,52
fosfor,52
spandert,52
Valar,52
eksamener,52
Trudeau,52
spander,52
favelaen,52
måling,52
trombone,52
prisgitt,52
parkeringsplasser,52
takkefest,52
åring,52
6th,52
manndom,52
parene,52
dronninga,52
finansene,52
Barclay,52
garanterte,52
ormene,52
tildekket,52
dysse,52
Massimo,52
hensynsløst,52
byers,52
sener,52
hoppa,52
kommunikasjons,52
Baptiste,52
frøkenen,52
Ratchett,52
tilstander,52
Nuys,52
miljøvennlig,52
irakisk,52
formes,52
fordømmelse,52
implantert,52
vandringen,52
eks-kjæreste,52
eks-kone,52
solidarisk,52
Jad,52
imam,52
Solloway,52
Jamm,52
hermer,52
fakultet,52
fakultetet,52
molekyler,52
Carney,52
blide,52
bifall,52
bek,52
Evers,52
serienummeret,52
krapyl,52
Septimus,52
klumper,52
goofy,52
Leith,52
botemiddelet,52
Bierko,52
snora,52
kevlar,52
tiltrakk,52
gasse,52
nærtagende,52
arkeologer,52
profeter,52
upraktisk,52
illegalt,52
vannvogna,52
Anissa,52
Soames,52
lisser,52
bortgjemt,52
snøre,52
Milena,52
fossil,52
kusma,52
Kuzuri,52
uformell,52
fredstid,52
ugresset,52
maktbalansen,52
finske,52
overskyet,52
Howdy,52
gørra,52
haremet,52
optisk,52
makeløs,52
hes,52
humle,52
demonstrerte,52
renommé,52
sakspapirene,52
kongenes,52
feltene,52
spetakkel,52
rynkene,52
Atreju,52
gorillaene,52
Gordie,52
gruvearbeider,52
Iese,52
forleggeren,52
oppvåkning,52
maisbrød,52
duken,52
listige,52
brunetten,52
enfoldig,52
konstruere,52
kontaktlinser,52
kadaver,52
svartingen,52
Svartskjegg,52
Avalon,52
snegle,52
cover,52
Dingaan,52
autentiske,52
Dada,52
peanøtt,52
Cid,52
operasjonssalen,52
Arbejderpartiet,52
snap,52
Lanning,52
Andromeda,52
Beadle,52
Beatty,52
Olympus,52
babs,52
kameramannen,52
monitorene,52
mumier,52
fotografisk,52
kalkuner,52
froken,52
hevnes,52
vindmølle,52
hustrus,52
Edoras,52
gymnas,52
hiet,52
saften,52
entreprenører,52
Tobel,52
ballast,52
matrise,52
Kristine,52
suspekt,52
Magnusson,52
magneten,52
O'Shea,52
Grants,52
bråkjekk,52
Montero,52
dojo,52
tørner,52
transportrom,52
Reds,52
kontonummer,52
bavian,52
klagene,52
Kubo,52
klanene,52
oppvarmet,52
avføringsmiddel,52
dagbøkene,52
Stretch,52
hvå,52
normalen,52
Avengers,52
drapssaker,52
midt-østen,52
faserne,52
rottegift,52
fo,52
alliere,52
piña,52
nein,52
Stransky,52
krokodillene,52
ritualene,52
hörer,52
forsterk,52
doden,52
Madagaskar,52
høvdinger,52
stilne,52
eiendomskrenkelse,52
omgangskrets,52
sheriffer,52
Toschi,52
trakasserer,52
Calypso,52
why,52
framdrift,52
respektfull,52
fadder,52
geolog,52
deng,52
negativene,52
Mornings,52
wi-fi,52
Bastillen,52
skjebnesvangre,52
Mac-en,52
bukspyttkjertelen,52
TNT,52
mellommannen,52
hyener,52
kjøss,52
kjødets,52
omtalte,52
familieproblemer,52
dokken,52
como,52
æresgjesten,52
MySpace,52
selvfølelse,52
margin,52
Verrat,52
cause,52
cave,52
braser,52
cc,52
lagkameratene,52
lagkamerater,52
språkbruken,52
kola,52
fundere,52
fundert,52
fjellets,52
betalende,52
tenkere,52
0m,52
Maseo,52
oppskriftene,52
Scoob,52
ørsmå,52
kokongen,52
overholder,52
Heineken,52
øredobber,52
dynen,52
McBride,52
Basher,52
Mithrandir,52
gjenoppstår,52
leverandørene,52
Sør-California,52
søppelbøtta,52
bredde,52
selfie,52
spådommer,52
Tagliano,52
inngangene,52
bekreftede,52
inning,52
eksperimentelle,52
elimineres,52
minnekortet,52
forhast,52
smekken,52
Smaragdbyen,52
Fasto,52
rubiner,52
erkjente,52
unektelig,52
polisen,52
kontrollpanelet,52
frikveld,52
drømmere,52
Uncle,52
Caa,52
samlere,52
j-jeg,52
pesende,52
godnatthistorie,51
Ashlee,51
årslønn,51
ledetrådene,51
booster,51
tablett,51
heden,51
cellekamerat,51
manuskript,51
Marci,51
Margarete,51
mørkeredd,51
overbærende,51
dynamikken,51
skjød,51
Fabio,51
resepter,51
prøveresultatene,51
Peregrin,51
pep,51
krum,51
neseborene,51
Torrey,51
Claudette,51
class,51
hensynsfull,51
Minsk,51
begås,51
månene,51
fettete,51
henviste,51
Yunkai,51
Zohan,51
dyrkes,51
Fhloston,51
Hatcher,51
åresvis,51
d'Arc,51
morgenens,51
permen,51
Amazon,51
buketten,51
gulrøttene,51
omstreifere,51
egenrådig,51
vestbredden,51
mormoner,51
Toom,51
skomaker,51
kryptisk,51
restaurantene,51
bagger,51
LOL,51
stormtroppene,51
ytret,51
formaliteter,51
snusen,51
Sweetwater,51
musikalen,51
mønstret,51
dechiffrere,51
orakel,51
serven,51
herm,51
Association,51
Gladstone,51
formynder,51
formuer,51
legevakta,51
Tonya,51
Vienna,51
Hyatt,51
faenmeg,51
veisperringen,51
dreperjeg,51
hvisjeg,51
Frazer,51
Anand,51
lkk,51
trassig,51
transaksjonen,51
vibrerende,51
skrivefeil,51
fedres,51
bedrøvet,51
bedrøvelig,51
mikset,51
mikroskopet,51
fangevokter,51
hestens,51
uregelmessigheter,51
bedrive,51
Sandringham,51
beskyttere,51
Herodes,51
Taystee,51
tæring,51
automat,51
Jiji,51
avanserer,51
hertz,51
bouquet,51
Munson,51
klassene,51
Technologies,51
Uri,51
Setrakian,51
optimalt,51
dumma,51
interiøret,51
urent,51
villskap,51
gynekologen,51
Kearny,51
psykiatrien,51
fotfestet,51
fela,51
sabel,51
Idgie,51
vegen,51
gymnastikk,51
Stilinski,51
kundeservice,51
ggelig,51
omveier,51
steward,51
livline,51
olympisk,51
Andresen,51
ciello,51
gryntende,51
downtown,51
ich,51
nedlasting,51
burning,51
oppdragelsen,51
hummus,51
dreven,51
skalla,51
krigsforbryter,51
bille,51
Eywa,51
Timmons,51
tinga,51
deteren,51
Triphammer,51
konspirasjonsteorier,51
mulla,51
granitt,51
nøyere,51
sportslig,51
forledet,51
Heywood,51
Adderall,51
him,51
Fern,51
Frog,51
landsbyens,51
munnsex,51
pos,51
pacemaker,51
forkleet,51
instruere,51
ekteskapets,51
forkynner,51
Braavos,51
skuddvekslingen,51
littegrann,51
vedd,51
Dorsa,51
rye,51
albuer,51
albino,51
patentet,51
variasjoner,51
vanskapning,51
fredsavtale,51
skiftenøkkelen,51
trivielt,51
jøsse,51
Lion,51
Merch,51
Rutger,51
Nanda,51
Jima,51
historikere,51
midtlivskrise,51
magistrat,51
fiskestang,51
Baymax,51
usunn,51
Dobby,51
deiligste,51
Mulholland,51
kjølesystemet,51
narkotikahandel,51
dogg,51
utbetalinger,51
sterilisert,51
Fairfax,51
prof,51
statskassen,51
kerr,51
bankfolk,51
tilsynsfører,51
pikkene,51
oppfølgeren,51
opphisselse,51
stikket,51
colada,51
vannkopper,51
utløs,51
eksplosive,51
Quadrant,51
kjøkkensjefen,51
Leone,51
forhøyet,51
shoppet,51
Mayfield,51
oppstigning,51
tvist,51
mageknip,51
forhøres,51
Leos,51
padler,51
innstille,51
pratingen,51
Chucks,51
pigge,51
treningsstudio,51
Cuervo,51
tilståelser,51
neddopet,51
Purgatory,51
nederlandske,51
byggeplass,51
Hopewell,51
Volvoen,51
akselen,51
Kesse,51
tilbydde,51
kIokken,51
påtok,51
dekorere,51
sifrene,51
Sienna,51
rikinger,51
Shylock,51
tyrker,51
avbrytes,51
gjerningsmenn,51
mistak,51
Spottekråken,51
smilt,51
kontrollsenter,51
utstyre,51
smakfullt,51
Levinson,51
sIippe,51
afghansk,51
opprørs,51
kjernevåpen,51
konvertert,51
Bray,51
utslettes,51
gjenreise,51
avhenge,51
Dandridge,51
girkasse,51
Bard,51
flip,51
nattkjole,51
kortsiktig,51
girkassa,51
returneres,51
eksem,51
metadon,51
fregner,51
demonisk,51
valnøtt,51
individuelt,51
grin,51
grinch,51
Stalins,51
sikkerhetssonen,51
Superboy,51
antimaterie,51
testikkelkreft,51
enarmet,51
jukeboksen,51
jordbærene,51
Bret,51
innbydelse,51
V'Ger,51
brifing,51
Turkey,51
blodtap,51
blokade,51
wa,51
steinbukk,51
Falco,51
krakk,51
fremhever,51
bÃ,51
fengseI,51
papirkurven,51
slanket,51
donasjonen,51
Ahmadi,51
nattergal,51
delfinen,51
regnbuer,51
Reva,51
tryllekunster,51
cruiseskip,51
fleisen,51
inhabil,51
uverdige,51
inklusiv,51
utøvende,51
pantet,51
stattholderen,51
Tighmon,51
barnløs,51
flenge,51
Chlo,51
agere,51
15-åring,51
Hayward,51
fiesta,51
Scholl,51
Fili,51
Celine,51
østfløyen,51
loff,51
sklei,51
funderer,51
fullstendige,51
sänn,51
artigere,51
ditover,51
sølvtøyet,51
sølete,51
seksjoner,51
helbred,51
overarbeidet,51
latsabb,51
overlates,51
Savoy,51
selvtilfreds,51
benytt,51
etterforskninger,51
fylkets,51
godartet,51
goa'uldene,51
laudanum,51
minefeltet,51
border,51
pol,51
romansen,51
Fiddler,50
Dylans,50
osteburger,50
some,50
nuss,50
forseglingen,50
forsette,50
nà,50
Faraway,50
PMS,50
cops,50
Copperfield,50
essens,50
raider,50
beholdningen,50
bombetrussel,50
Mingo,50
ministrene,50
benåder,50
24-timers,50
Nyx,50
funksjonsfeil,50
benene,50
dd,50
furter,50
Fidel,50
esset,50
permittert,50
skoleavslutningen,50
brølet,50
Lobo,50
deri,50
krumme,50
Cybil,50
Cartagena,50
Zapatti,50
Gomorra,50
gomper,50
japse,50
kompakt,50
Ray-Ray,50
T-minus,50
åndssvake,50
orkaner,50
Yvaine,50
dyrs,50
oversatte,50
overmodig,50
klyper,50
sengeliggende,50
Veronika,50
reprimande,50
kroppstemperatur,50
mørkredd,50
Tamora,50
Cassian,50
overkjøre,50
heltemodige,50
sumpene,50
vandalisme,50
ogden,50
blar,50
trojanske,50
nissefar,50
avslås,50
junkier,50
ekskursjon,50
delikate,50
påkjørsel,50
avokado,50
kyra,50
wave,50
Drusus,50
dry,50
ingefær,50
dominikanske,50
Brightborn,50
Tubby,50
stamceller,50
kystvakta,50
brettspill,50
utvinne,50
bevarte,50
salven,50
half,50
blekkspruten,50
bevoktning,50
Eversmann,50
reinsdyrene,50
støkk,50
emneknagg,50
Levin,50
MGM,50
Oceanic,50
utspill,50
slottets,50
lagrene,50
Craigslist,50
supernova,50
apati,50
utredningen,50
ky,50
hjerterytme,50
fjæren,50
løpesedlene,50
tullebukk,50
sjarmert,50
hooke,50
Sumatra,50
Friendly,50
spyl,50
tv-selskapet,50
avhengigheten,50
terrorisert,50
meteoritt,50
forelesningene,50
substantiv,50
bevitner,50
forvarsler,50
jæ,50
tilfredse,50
Luscious,50
Eames,50
fremkaller,50
tilkobling,50
voktes,50
volder,50
sjefe,50
Linklater,50
brudepikene,50
nedlegge,50
NB-sub,50
tilberedt,50
nav,50
kirurgiske,50
barberblader,50
sjefslege,50
oppgang,50
sammenhengende,50
shuffle,50
kontraspionasje,50
kontra,50
kjønnssykdommer,50
dekorerte,50
McAvoy,50
Weyoun,50
Lesra,50
Rowena,50
Rox,50
Oberyn,50
spro,50
ringere,50
Creasy,50
chilien,50
hose,50
styggen,50
Evert,50
relativ,50
Timon,50
tiltalepunkter,50
skada,50
bussholdeplassen,50
telles,50
skråningen,50
cocktails,50
Piccadilly,50
pianisten,50
importerer,50
pikenavnet,50
sjøfolk,50
Camel,50
Bogart,50
Shooter,50
adopsjonen,50
MacReady,50
Callum,50
Calvera,50
apotekeren,50
kurve,50
whiplash,50
smukken,50
pla,50
Grau,50
tweed,50
Emilia,50
Shermans,50
strøken,50
fredsavtalen,50
enzym,50
kurér,50
rettsmøte,50
Triumph,50
nedkjølt,50
alarmsystemet,50
førstevalg,50
diktatoren,50
pram,50
avbetaling,50
P.T,50
Burk,50
lips,50
kravle,50
redningsvest,50
redskapet,50
tøyter,50
tørn,50
lensherre,50
fritert,50
friterte,50
suss,50
Sjöberg,50
okkupasjonsmakten,50
skumleste,50
fotballspilleren,50
Doggett,50
insektet,50
utdelt,50
arbeidsnarkoman,50
Timbuktu,50
hundevalp,50
vintre,50
luer,50
Dougs,50
grønnkål,50
gryten,50
drasse,50
tjuvperm,50
lotteri,50
detonert,50
trengerjeg,50
treng,50
treningssenter,50
litium,50
skuespillerinner,50
Beans,50
Munch,50
elskelige,50
Lemoine,50
konsollen,50
O'Shaugnessy,50
nøyaktighet,50
boblene,50
dritsur,50
hovner,50
Huber,50
gruppens,50
magenta,50
intensiteten,50
spindelvev,50
klarinett,50
etterspurt,50
førersetet,50
Teds,50
nordvestre,50
Nordsjøen,50
konstatere,50
herskapshus,50
java,50
usannsynlige,50
USC,50
urimelige,50
urinprøven,50
Wrightwood,50
X-ray,50
Yeager,50
frontruten,50
fekte,50
Krispin,50
frarøvet,50
ke,50
nedstammer,50
kontorjobb,50
dødeligste,50
bourgogne,50
stevninger,50
Olly,50
stilnet,50
Babineaux,50
progressiv,50
Bulgaria,50
skinnjakke,50
loverjeg,50
netthinnen,50
prostataen,50
nettsteder,50
hverdagslig,50
kringle,50
protestantene,50
bister,50
monterte,50
mikse,50
ubekreftet,50
hydro,50
forbipasserende,50
forbifarten,50
skrapte,50
høyskole,50
Translation,50
males,50
matematiker,50
Mirage,50
svindleren,50
konføderasjonen,50
kongressmannen,50
plettfritt,50
mikroskopiske,50
Aten,50
snøskred,50
Conny,50
nødsignalet,50
klining,50
Yardley,50
sandkorn,50
Capa,50
verdensmesterskapet,50
stork,50
Toye,50
kandidatur,50
skolisser,50
Feffer,50
morsdagen,50
renske,50
septer,50
saret,50
goodbye,50
leirbålet,50
Dozer,50
gulag,50
håpets,50
Höst,50
Armenia,50
sensuell,50
Knick,50
fylling,50
assisterer,50
diskrete,50
diskriminering,50
møller,50
Toledo,50
melet,50
Gupta,50
ubekvemt,50
sommerdag,50
boring,50
farkost,50
uoppnåelig,50
bekmørkt,50
knutene,50
Umber,50
godterier,50
ivaretatt,50
underrommet,50
Rancho,50
Martys,50
øyekast,50
Datas,50
filosofen,50
maskinpistol,50
Mardon,50
Sorthold,50
Myron,50
komikere,50
Hyun-seo,50
gullungen,50
vestfløyen,50
Versailles,50
fåtall,50
orkideer,50
Catherina,50
ovenpa,50
resolusjonen,50
respektive,50
Torino,50
bakkene,50
Nenne,50
deprimerte,50
depressiv,50
røntgenbilder,50
ansattes,50
akademiker,50
e.Kr,50
fallskjermer,50
giveren,50
Fallujah,50
Theil,50
registreres,50
Hofstadter,50
pappaer,50
drukkenbolt,50
dørstokken,50
tidløs,50
Thörnblad,50
bærekraftig,50
utøy,50
flass,50
sikten,50
siklende,50
lærlingen,50
sikres,50
sikkerhetskontrollen,50
sikkerhetsgrunner,50
halm,50
celloen,50
seiere,50
Search,50
Marsha,50
Marshalls,50
støkke,50
styresmaktene,50
Sima,50
atomkraft,49
17-åring,49
øredøvende,49
Marrot,49
påførte,49
hjelpa,49
presenningen,49
sabbaten,49
melodier,49
advares,49
Tsjekkia,49
gjenfødelse,49
narkospaner,49
påbud,49
Innherad,49
bastarder,49
kjemikeren,49
baronene,49
tenåringsjente,49
påminne,49
cellofan,49
lobotomi,49
gjen,49
polstret,49
hjemsted,49
skolebarn,49
Iøs,49
hjerneskader,49
røkelse,49
tryllet,49
FDR,49
Wei,49
NYU,49
julestjernen,49
rykninger,49
luftvåpen,49
sakserne,49
rutinemessig,49
Panem,49
chérie,49
bursdagspresang,49
tigergutt,49
tidsmesterne,49
Bayanov,49
ekspanderer,49
Battery,49
pistoIen,49
temmes,49
pressmiddel,49
diagrammet,49
fordrar,49
bros,49
prikkene,49
dialyse,49
Fellowes,49
ukomfortabelt,49
skyldfølelser,49
Wallenberg,49
rustfritt,49
Gisgis,49
Juniper,49
pantsatte,49
Merlotte,49
Lindas,49
skyteskiver,49
adel,49
diagnostikk,49
likefullt,49
bringebær,49
likerjeg,49
mexicanske,49
Ivey,49
lunsjer,49
Pirate,49
Kittridge,49
klassikerne,49
uberegnelige,49
beautiful,49
pølsevev,49
marinejeger,49
avviklet,49
Michener,49
fastslo,49
forfølgelsen,49
Glyn,49
lettsindig,49
levedyktig,49
sjiraff,49
Astaire,49
droide,49
opphørte,49
smellen,49
forgå,49
sminker,49
asbest,49
felttog,49
forhistorisk,49
sjalusien,49
smuglergods,49
parkeringsbot,49
would,49
sjarme,49
saksofon,49
arvegods,49
småkake,49
Jøssda,49
Jørn-Are,49
Tarrant,49
barnebarns,49
utvendige,49
utgaver,49
Sellars,49
oppgangen,49
horisont,49
conformed,49
gig,49
trimmer,49
farsen,49
Snilehorn,49
Bower,49
triadene,49
triaden,49
voldtektsmannen,49
sj,49
kaffemaskinen,49
giftermålet,49
tusenfryd,49
tv'n,49
Sodoma,49
snømannen,49
passasjersetet,49
Farhad,49
farIig,49
unevnelige,49
undring,49
Noonan,49
overvåkingskameraer,49
tilbedelse,49
tannregulering,49
Tanger,49
defekte,49
jegvet,49
fødselsdager,49
gressklipperen,49
Beekman,49
bedøvelsesmiddel,49
aktivister,49
Gianni,49
professorens,49
detikke,49
bordeller,49
Min-woo,49
lederskapet,49
Bonds,49
vitamin,49
flesteparten,49
båndopptakeren,49
cornflakes,49
Rojas,49
forretningsmøte,49
profiler,49
lavest,49
spakene,49
tredjeplass,49
humanitære,49
hulrom,49
uviss,49
kløtsjen,49
kirkene,49
catch,49
CatCo,49
æresmedaljen,49
injiserte,49
tamt,49
Paulette,49
sinnssvakt,49
Abruzzi,49
AbsoIutt,49
virgin,49
Langballe,49
bokorm,49
bokklubben,49
isbjørner,49
hungrer,49
transponderen,49
badekåpe,49
abstinenser,49
Astoria,49
Lamport,49
landbruk,49
transporterte,49
transponder,49
lammende,49
simulert,49
Yellowstone,49
sprettet,49
vinduskarmen,49
propan,49
rikes,49
Sprøytåker,49
laerte,49
rime,49
irritasjon,49
irrasjonelle,49
yndige,49
joggeskoene,49
Nordmark,49
tilhørighet,49
bardisken,49
Duty,49
møbel,49
fâr,49
trail,49
Allens,49
fortau,49
Sri,49
sikkerhetstjeneste,49
jobbing,49
løgndetektoren,49
blods,49
Kanye,49
Kypros-opptaket,49
Drebin,49
allianser,49
McGraw,49
stasjonssjefen,49
staselig,49
Rhys,49
modus,49
statuetten,49
Fenster,49
Kima,49
Koch,49
bekymra,49
Vala,49
ufeilbarlig,49
forvillet,49
forvirra,49
modnes,49
Victory,49
blazer,49
Elder,49
hyperrommet,49
kunsthandler,49
BJ,49
stiler,49
avblås,49
sie,49
generatorer,49
alvenes,49
investoren,49
håndlanger,49
dm,49
krølle,49
gullgraver,49
Alyssa,49
Aayan,49
generalmajor,49
stivkrampe,49
Amadeu,49
Karnas,49
neon,49
krysses,49
arkitekter,49
griseri,49
søndagsskolen,49
etikett,49
individuell,49
industrier,49
Satch,49
finansiell,49
maskulin,49
Dayton,49
søppelsekker,49
Franck,49
D'Amico,49
kroppsspråket,49
krona,49
kronprins,49
morgenkåpen,49
Morley,49
Mayers,49
frase,49
tommers,49
verdensberømt,49
renslighet,49
fraråde,49
avansere,49
tåen,49
Strickler,49
Kripos,49
jette,49
stridshoder,49
strevde,49
Bakuto,49
Shanti,49
velutstyrt,49
urettmessig,49
demokratiets,49
demoniske,49
syt,49
synsvidde,49
Kolima,49
finfint,49
overklassen,49
bilbeltet,49
ventiler,49
feriested,49
motiverte,49
uroligheter,49
USA's,49
urverk,49
anagram,49
Dyson,49
gt,49
Shady,49
støpt,49
Argus,49
Argyle,49
kosteligssste,49
eventyrlig,49
anbrakt,49
nullet,49
Athena,49
regissører,49
dothrakiene,49
Hendry,49
suget,49
subtil,49
evangeliet,49
gjøe,49
usynlighet,49
Myg,49
kommentaren,49
kommersielt,49
sarin,49
matematikken,49
Olympic,49
ombygd,49
vedtak,49
publiseres,49
betente,49
hemmelighetskremmeriet,49
sannhetsserum,49
Graceland,49
arene,49
Einhorn,49
frimerkene,49
frilans,49
kontinuumet,49
Iegge,49
Kellogg,49
tinghus,49
Gradski,49
svampen,49
Maloney,49
cheerleader,49
Redfern,49
Dantes,49
hastverket,49
illojal,49
okkupasjon,49
beror,49
7-Eleven,49
Mata,49
PID,49
kongedømmer,49
iIIe,49
varighet,49
kongeriker,49
etterlys,49
besitte,49
postboks,49
notatboken,49
bulldoser,49
pågangsmot,49
lovde,49
Jovisst,49
admiraI,49
oppsynsmann,49
opptaksprøve,49
flåtens,49
Melisandre,49
Lorgen,49
territorier,49
basiller,49
kjempeidé,49
kjepper,49
kjevene,49
Thompsons,49
kjernekar,49
healer,49
Marple,49
Iiksom,48
Thomason,48
udugelighet,48
dirigerer,48
kjøkkengulvet,48
Nymark,48
folksomt,48
Hammar,48
Pac-Man,48
skikkene,48
what's,48
Bundsch,48
kjortelen,48
flyvertinnen,48
kjernekraft,48
kjetter,48
terrorhandling,48
barrikadert,48
Apanatschi,48
feis,48
latinsk,48
lavmål,48
Piston,48
vansiret,48
Kevorkian,48
ravioli,48
komplikasjon,48
svøpt,48
overhaling,48
Mammy,48
uaktsomhet,48
ettertraktede,48
Vause,48
fråtse,48
legatet,48
programleder,48
sosialkontoret,48
trender,48
gåtefull,48
spartaner,48
Granville,48
møy,48
kiowa,48
Ganz,48
Rohde,48
jemini,48
befruktning,48
begravelsesagenten,48
kalsium,48
tankbil,48
poserer,48
trenges,48
meddelte,48
chocolat,48
sarte,48
rævkjører,48
maktmisbruk,48
skogs,48
rødjakkene,48
politivold,48
Welsh,48
Goat,48
plastposer,48
ignoreres,48
Pickett,48
frå,48
Westside,48
dusørjegeren,48
uvøren,48
kneble,48
kneblet,48
Ismael,48
Selvig,48
ærendet,48
odelegge,48
fôrer,48
femåring,48
nået,48
Newtons,48
knark,48
programmeringen,48
bæreren,48
opus,48
matlyst,48
matlysten,48
malm,48
intellektet,48
hjertesvikt,48
Iegger,48
Olenna,48
kontroversielt,48
kommersielle,48
Sarina,48
overkvalifisert,48
usivilisert,48
dobbeltmord,48
keramikk,48
Konstantin,48
grammatikk,48
spesifikasjonene,48
Dreyman,48
dukketeater,48
Román,48
gIemme,48
kaffekopp,48
ungens,48
artene,48
hovedrolle,48
farmasøytisk,48
Faris,48
hovedsaklig,48
femmeren,48
snowboard,48
landlov,48
arterie,48
skremmes,48
livsforsikringen,48
avskrevet,48
råskinn,48
dusjene,48
Coady,48
ryper,48
unaturlige,48
Château,48
luftveiene,48
vektor,48
Cane,48
Elvira,48
oljefelt,48
korrespondent,48
evakuerte,48
Mattson,48
fanen,48
astrologi,48
ujevne,48
ujevnt,48
snute,48
rivalisering,48
riva,48
spiserøret,48
travleste,48
Lamborghini,48
pauserommet,48
drikkevannet,48
fangetransport,48
avganger,48
badstue,48
familiesak,48
Herrera,48
forsvares,48
spontane,48
autisme,48
severdighetene,48
kjare,48
Ocho,48
napper,48
påvise,48
påvist,48
filet,48
nappet,48
frikjenne,48
grådigheten,48
titusenvis,48
ekspeditøren,48
forsvunnede,48
Golitsyn,48
Eduard,48
Kingsman,48
ladninger,48
Conlan,48
Mikaelson,48
vrangforestilling,48
vorde,48
Nikita,48
ditto,48
Rosenthal,48
forlovelsesringen,48
Treville,48
klingen,48
Quinton,48
tribun,48
Gecko,48
Guadalajara,48
Kovac,48
stumper,48
styreleder,48
endestasjonen,48
reipet,48
omen,48
needle,48
Ballin,48
bIant,48
Kath,48
beveren,48
sugemerke,48
Zuba,48
bevisgjenstand,48
kIærne,48
anslå,48
knerta,48
eksepsjonelle,48
arbeidsdagen,48
Attica,48
ubehøvlet,48
havnene,48
Manuela,48
Chappelle,48
debut,48
Behmen,48
pusling,48
barm,48
labrador,48
blotter,48
Osman,48
sikkerhetsbeltene,48
løftes,48
herregård,48
flagrer,48
fá,48
høysikkerhet,48
forebygge,48
opprettholdes,48
rustninger,48
rusmidler,48
foreIsket,48
skvipet,48
Fulcrum,48
tunellene,48
Fawcett,48
Schwarzenegger,48
seismisk,48
motparten,48
kil,48
kresten,48
vennligste,48
kretsløpet,48
valglokalene,48
Highland,48
businessen,48
rumpetroll,48
rundet,48
benkene,48
underdog,48
Ashworth,48
gire,48
Waltin,48
fredskorpset,48
Nekhorvich,48
denna,48
høyskolen,48
PrimeText,48
armhulen,48
Irans,48
blodflekker,48
kvote,48
alligatoren,48
Drax,48
tapp,48
navigasjon,48
Putin,48
Tarth,48
Tatooine,48
befestet,48
selektiv,48
stamgjest,48
sigarene,48
vietcong,48
videoopptak,48
blodkar,48
Pendragon,48
Slenderman,48
slegga,48
Mortdecai,48
renovere,48
fittetryne,48
Callo,48
omkretsen,48
stridshode,48
fluktplan,48
katalog,48
Reliant,48
strippeklubber,48
baktroppen,48
utelater,48
banneord,48
rangert,48
fullkomne,48
kassetter,48
Bai,48
untatt,48
forutsa,48
kvister,48
onani,48
yre,48
statskupp,48
baglerne,48
Bagheera,48
onklene,48
Onda,48
navigatøren,48
Rajesh,48
kapitalisme,48
showbusiness,48
nei-mann,48
Tomás,48
ekvator,48
Uh-oh,48
Krissi,48
krita,48
Kristatos,48
D.B,48
særskilt,48
Verity,48
dundrer,48
søkere,48
kognitive,48
Strickland,48
drosjesjåføren,48
holografiske,48
infiserer,48
anropt,48
middelmådige,48
RPG,48
midtskips,48
Gilfoyle,48
sigøynerne,48
Chuckie,48
Godmorgen,48
bajonetter,48
bleien,48
kvelende,48
dominus,48
Kleinman,48
industrielle,48
slurvet,48
tegneseriebutikken,48
hör,48
nt,48
Dillinger,48
verdensorden,48
hælvete,48
håver,48
ambassadørens,48
Selbye,48
alskens,48
rettsmøtet,48
mongolske,48
fostre,48
prisverdig,48
Ell,48
bakepulver,48
plantebasert,48
samlinger,48
Sør-Korea,48
sørens,48
Rammy,48
Jannik,48
bjellene,48
very,48
Stingo,48
kuet,48
Goodnight,48
karens,48
uoffisiell,48
Levine,48
trivelige,48
slĺ,48
salamander,48
gløde,48
ultra,48
bremsespor,48
ytelse,48
slut,48
smertelig,48
sløvt,48
Yabu,48
forhandlere,48
våpenbesittelse,48
avvisende,48
tei,48
Zac,48
perfect,48
slyngelen,48
Bisbee,48
arktiske,48
stjålen,48
Stoddart,48
biopsien,48
Dillard,48
Powder,48
monstret,48
kurator,48
vettskremte,48
Bajorans,48
Krynkel,48
offentliggjøres,48
rams,48
selvmotsigelse,48
Murtagh,48
bestemmelsesstedet,48
varmesøkende,48
Redding,48
eIske,48
øyner,48
Svetlana,48
orienteringen,48
ubalansert,48
gjeninnsatt,48
padawan,48
svermen,48
dødsskyggens,48
Lommelund,48
nyp,48
melankolsk,48
flekkete,48
Boon,48
tv-programmet,48
sivet,48
bondens,48
soveposen,48
bordbønnen,48
vitneutsagnet,48
sirklene,48
fold,48
Bugle,48
Wilfred,48
Fiil,48
tenor,47
Marseilles,47
kjellere,47
treige,47
trettifem,47
sommerjobb,47
Bancroft,47
gruvedrift,47
Einie,47
muligvis,47
nedoverbakke,47
jentekveld,47
milliardærer,47
Grethe,47
medgiften,47
pionerer,47
klynger,47
klosset,47
Racine,47
islamsk,47
Tallahassee,47
talentene,47
Hapstall,47
minker,47
fødsler,47
Chapelle,47
Scarfe,47
Jai,47
Mengele,47
haste,47
Finnegan,47
Fromm,47
plasmaen,47
palestinske,47
Halvorsen,47
enklest,47
Alto,47
Karbala,47
torpedorør,47
håndgranater,47
stilk,47
Killian,47
pengeinnsamling,47
jævli,47
førstepremien,47
shui,47
sammendrag,47
slåssingen,47
fluen,47
smakfull,47
googler,47
Cyberdyne,47
håpefull,47
avdekker,47
Fraida,47
bisart,47
Cuthbert,47
Stockton,47
fadderen,47
Mystique,47
knøl,47
søppelsekk,47
Bellas,47
upopulær,47
Pleasantville,47
Arkham,47
omstendighet,47
bindet,47
kroppsvarme,47
Drakan,47
Krusty,47
Grenada,47
kapteinene,47
Tory,47
forvrenger,47
klaske,47
Klas,47
innspilt,47
Tector,47
førsteklasse,47
Teach,47
Beca,47
Beauchamp,47
Blaisdell,47
yr,47
reproduksjon,47
reparasjonen,47
atomvåpnene,47
NTS,47
førskolen,47
klassifiserte,47
McGovern,47
Furtwängler,47
provianten,47
Tortuga,47
Kimba,47
Dodger,47
Blanka,47
stepper,47
kognitiv,47
industriell,47
annonsene,47
annerIedes,47
hepp,47
FIytt,47
nødlande,47
høneblund,47
sjimpanser,47
rundstykker,47
Lied,47
parasittene,47
flust,47
luktesansen,47
Valle,47
funk,47
vraker,47
Branko,47
t-skjortene,47
glamorøs,47
portvakten,47
Royale,47
Dietz,47
medlemskapet,47
brannbiler,47
Midge,47
avvikle,47
Salinas,47
samba,47
Leslies,47
lesse,47
artium,47
Sheldrake,47
remember,47
stride,47
personal,47
campingbilen,47
lift,47
morsmelk,47
brettene,47
baht,47
sigg,47
baptist,47
tilpass,47
rangstigen,47
moteller,47
krigers,47
kassettene,47
Cris,47
crime,47
lønningslista,47
ordforråd,47
Cruces,47
moderlig,47
forutinntatt,47
forurensing,47
navle,47
Anselmo,47
anseelse,47
kveker,47
Rainey,47
køddene,47
Ml6,47
Københavns,47
fulltid,47
sysselsatt,47
gitarist,47
fordrevet,47
feromoner,47
Meryn,47
Luftwaffe,47
russernes,47
Iwo,47
Wadiya,47
forfalskninger,47
kribler,47
Amon,47
Benjen,47
fetters,47
helsetilsynet,47
gut,47
Guten,47
geologiske,47
Rickey,47
sIikt,47
motarbeidet,47
Hennessy,47
Zeppelin,47
pensjonatet,47
on-line,47
Kirkman,47
bedrev,47
tiet,47
helhjertet,47
hvithai,47
Barnell,47
fries,47
gråten,47
suksessrik,47
puber,47
katedral,47
pseudonym,47
Bighorn,47
Mahler,47
Nebuchadnezzar,47
tildele,47
villhund,47
villedende,47
rager,47
kanoen,47
barneavdelingen,47
majoritet,47
høyvann,47
Moto,47
dørhåndtaket,47
aggressivitet,47
Tobes,47
løgnaktighet,47
Yossarian,47
kystvakt,47
trommeslager,47
jusstudiet,47
Panthers,47
Ina,47
turbanen,47
Cod,47
Ruskin,47
organet,47
reform,47
Kaylee,47
dvd-er,47
dekkild,47
templer,47
observatører,47
inngangsdøren,47
innsigelse,47
forkrøplet,47
viner,47
lacrosse,47
tilgis,47
avgiften,47
kapitalismen,47
manna,47
implantat,47
bedømmelse,47
rte,47
rosin,47
brannbil,47
Bradbury,47
ropene,47
Salinger,47
avgangsklassen,47
stønnet,47
Dahmer,47
regulert,47
regulere,47
krage,47
urtete,47
styremedlem,47
kling,47
skorstein,47
Photoshop,47
kontrollrom,47
kopiering,47
Northman,47
uforutsigbart,47
idealene,47
ryster,47
splittelse,47
trans,47
Spitz,47
isbilen,47
gá,47
Saltum,47
skrekkfilmer,47
Foot,47
bevilget,47
Silverton,47
oompa,47
forståelsesfulle,47
Edmond,47
Openshaw,47
speiler,47
boarding,47
kjedeligste,47
barnerom,47
Veil,47
tók,47
makta,47
cannoli,47
Candyman,47
name,47
anført,47
Rasputia,47
immigrant,47
kommunal,47
mandel,47
hemmelighetsfulle,47
kontrast,47
regelverket,47
Hackus,47
X-Men,47
ars,47
Lansky,47
lusing,47
bestiger,47
konstablene,47
svangerskapet,47
Tynnmann,47
Rjukan,47
Kahn,47
medgang,47
leiebilen,47
hovedmålet,47
bortfører,47
snøfnugg,47
sjøvann,47
gas,47
wonderful,47
sadel,47
godes,47
Hostetler,47
akseptable,47
partiene,47
lnspektør,47
brødfø,47
skolepengene,47
Dickies,47
skatteunndragelse,47
Julianne,47
pain,47
skateboard,47
antagelser,47
dusørjegere,47
mørklagt,47
Donnas,47
takknemlighetsgjeld,47
Mush,47
dobbeltgjengeren,47
Philips,47
paviljongen,47
hundrings,47
meddelt,47
flesket,47
detektivbyrå,47
Eckhart,47
spanjoler,47
antagelse,47
kommunistiske,47
koordinert,47
capisce,47
vedta,47
vedgå,47
alenetid,47
Roarke,47
gár,47
hamstrer,47
seende,47
loggboken,47
piñata,47
lokalavisen,47
Aslaksen,47
påsyn,47
dekselet,47
basilikum,47
kjempelenge,47
Loren,47
skjeftet,47
oppvarte,47
skeiv,47
oppvakt,47
skissene,47
Sverker,47
Minerva,47
Alastair,47
bondejente,47
kalver,47
Getz,47
eksperimentert,47
He-he,47
Services,47
ustø,47
utdanner,47
finkjemme,47
servitører,47
Okkoto,47
vanskeligst,47
imaget,47
svigermoren,47
record,47
beslutte,47
sveiset,47
gjшre,47
angor,47
beseglet,47
Scooby-Doo,47
dødsstraffen,47
politimorder,47
kjele,47
notisbok,47
Jovi,47
Tuk,47
tukler,47
outsider,47
hovmesteren,47
gøyalt,47
gjenopptas,47
Sitka,47
Sissy,47
boogie,47
fornøyelsesparken,47
Ebert,47
terget,47
utsiktene,47
Tréville,47
tsjetsjenske,47
Nucleus,47
Fig,47
Fogell,47
WiIIiam,47
ergrer,46
seierherre,46
seanse,46
Sculley,46
Barristan,46
kjensel,46
thailandsk,46
Nathe,46
terrorhandlinger,46
termostaten,46
Innled,46
s'il,46
gjenfødes,46
Sable,46
mekanisme,46
lommekniv,46
NOC-lista,46
nodt,46
melker,46
mellomgulvet,46
Wicks,46
røve,46
festens,46
Muntz,46
utarbeide,46
gruppeterapi,46
Mali,46
Dimitrij,46
Jesusbarnet,46
Archy,46
websiden,46
Noas,46
Polynesia,46
Ja'mie,46
J.B,46
skolekamerater,46
budbærer,46
disiplene,46
Graces,46
hemoroider,46
sanntid,46
vedlikeholde,46
kontrollpost,46
regelmessige,46
julegavene,46
opprørernes,46
arbeidstillatelse,46
Pfeifer,46
gruvearbeiderne,46
Kontinumtransfusjoneren,46
Danko,46
Euron,46
ustoppelige,46
nedslitt,46
oversvømmer,46
oversvømmes,46
abrakadabra,46
viral,46
mirakuløse,46
fangenes,46
aroma,46
nevrologiske,46
hovedgata,46
jommen,46
Chowder,46
luta,46
Salomos,46
Lansing,46
gynge,46
flatterende,46
talentløs,46
mørkleggelsen,46
tilbakeholdt,46
kalvekjøtt,46
medikament,46
flipp,46
preferanser,46
tvillingsøster,46
Acheron,46
byttehandelen,46
Corrie,46
lasteplanet,46
Odie,46
Mantle,46
Caterina,46
filosofer,46
partiledelsen,46
Bradshaw,46
lenka,46
VP,46
kind,46
kinamann,46
Yorkere,46
englenes,46
Boudreau,46
Forli,46
preparat,46
flommen,46
prektige,46
Jolene,46
parterte,46
Bowles,46
risikable,46
Bodine,46
Boddy,46
spirit,46
spinkel,46
Joeys,46
prosjektil,46
akseleratoren,46
lapdance,46
oppdragsgiveren,46
virka,46
visekongen,46
speidergutt,46
Lassiter,46
Gerhardt,46
transaksjon,46
klientens,46
klientell,46
bedømt,46
plageånd,46
deltagere,46
pusting,46
fortsettelsen,46
Hvitserk,46
eksepsjonell,46
T-Rex,46
utelukkes,46
Arafat,46
Rosetti,46
Miep,46
Tikken,46
tassen,46
LaGuardia,46
sikringene,46
børster,46
Simkin,46
ridderlig,46
badetøy,46
Granny,46
tilbys,46
Hutton,46
Huxley,46
riksadvokaten,46
lagerbygningen,46
blæren,46
forsvarslinje,46
sprade,46
husrom,46
grilling,46
infisere,46
målbevisst,46
måIet,46
Sørensen,46
belest,46
bleu,46
Bjørshol,46
brannmennene,46
rovdyrene,46
oppkalle,46
forhekselsen,46
sjefs,46
sjampanjen,46
fyllekjører,46
infrarød,46
undersått,46
ACN,46
Lupita,46
sjelefred,46
oppklaring,46
Brandons,46
less,46
fascister,46
stakkarer,46
gjenåpne,46
blonder,46
køllene,46
falleferdig,46
Baileys,46
startkapital,46
vigilanten,46
forfølgeren,46
stjeling,46
fraksjoner,46
pluggen,46
fjerning,46
Siena,46
sidespor,46
Bjørkheim,46
underkaster,46
fastbundet,46
fasten,46
Michonne,46
smalere,46
assosiert,46
Miamis,46
sløyfer,46
kappløpet,46
tra,46
Victorias,46
kveldsskole,46
flua,46
brasene,46
underliggende,46
Hail,46
bakdelen,46
hypnotisere,46
fotavtrykkene,46
veto,46
ponnier,46
kvakksalver,46
cubanerne,46
kaprer,46
reservene,46
pill,46
Ramallah,46
filteret,46
Annes,46
Valdez,46
løyner,46
gliser,46
Devil,46
Napster,46
dehydrering,46
klassikere,46
deig,46
Dommedagsfjellet,46
flybilletten,46
francs,46
derved,46
toppet,46
toppe,46
Toomy,46
responderer,46
abbeden,46
forfølges,46
jypling,46
stigning,46
vestibylen,46
håndboken,46
Pennys,46
Pensacola,46
tyranniet,46
uregistrert,46
uregjerlig,46
Sloane,46
Collin,46
Adapted,46
Hilary,46
Hightower,46
Coley,46
kremet,46
Valkyrie,46
Strucker,46
krigsbytte,46
krigsherrer,46
stridsøksen,46
callaghan,46
henta,46
sjeldnere,46
rufsete,46
MacGregor,46
henvisning,46
Frankel,46
Stormhold,46
vennligere,46
urettferdige,46
strykes,46
Maester,46
glinsende,46
strengen,46
public,46
Tonino,46
kassereren,46
aaa,46
Maynard,46
chien,46
omgi,46
everything,46
Evergreen,46
motiverer,46
amøbe,46
motorbåt,46
høylydt,46
frekkas,46
Turners,46
pansrede,46
ruser,46
drøfter,46
hodeskader,46
fordufte,46
veltrente,46
velsmakende,46
messer,46
Trondheim,46
junk,46
avstamning,46
juryens,46
colaen,46
runs,46
Meeks,46
Annapolis,46
Carpenter,46
fullvoksen,46
arbeidsleir,46
rangen,46
Kolt,46
Kiefer,46
Venster,46
sad,46
ekter,46
majestetiske,46
ektet,46
veikryss,46
Anchorage,46
MP,46
Perth,46
July,46
CeIie,46
Obadiah,46
innfører,46
ermer,46
telefonkatalog,46
tidsplan,46
panelene,46
reit,46
Petersen,46
motstår,46
rekonstruere,46
Shah,46
Shackleton,46
fremgangsmåten,46
reklamere,46
Zek,46
duppet,46
Maura,46
Stubbs,46
Tobbe,46
Strode,46
motellrom,46
fremstilling,46
Eko,46
immunsystemet,46
sykkelbud,46
kompatibel,46
kompaniets,46
sykdommene,46
anket,46
gross,46
lufthavnen,46
Flynns,46
menneskeligheten,46
frigjøres,46
kommandosenteret,46
piercing,46
Seneca,46
impotens,46
Waylon,46
Clyne,46
Encino,46
Iz,46
avskrekkende,46
forbløffe,46
livløs,46
won't,46
Northmoor,46
Lucys,46
flygeblad,46
coca-cola,46
rutete,46
brunch,46
halsbrann,46
Afrodite,46
NASCAR,46
terapeutisk,46
utrustning,46
innhegning,46
innsidejobb,46
tidskretsene,46
hekker,46
Chacon,46
Konrad,46
Memnet,46
lojalt,46
folkevalgte,46
delstatene,46
Scipio,46
sekretærene,46
tenåringsjenter,46
epidemien,46
Didi,46
bulket,46
tetter,46
kjempesulten,46
Seo-yeon,46
svikefull,46
realiteter,46
sveip,46
froskene,46
Helsingfors,46
tiltalepunkt,46
Khanbaliq,46
reach,46
ek,46
eplekake,46
forråtnelse,46
Laughlin,46
gokk,46
Corrado,46
Corona,46
sovemiddel,46
optimismen,46
lyseblå,46
tannpirkere,46
nose,46
befruktet,46
Deepcore,46
borgerlig,46
GHB,46
kamelene,46
Latin-Amerika,46
jaktmarker,46
soperen,46
Kala,46
kakestykke,46
Leezar,46
left,46
fornedrende,46
dokumentasjonen,46
pornoen,46
utklipp,46
vital,46
vitenskapsfolk,46
fargeblind,46
Ebenezer,46
passé,46
gеr,46
unyttige,45
prosesser,45
prosten,45
fortauskanten,45
mobilisering,45
Fifield,45
Nathalie,45
tetthet,45
øse,45
jotner,45
rensing,45
renvasker,45
Aaah,45
byfolk,45
avbestille,45
nek,45
verdensrekord,45
sammensveiset,45
oppløsningen,45
minimere,45
Pats,45
foretas,45
imponer,45
rassen,45
beregnende,45
baserte,45
sIike,45
hvortor,45
Alliser,45
skeivt,45
Jotunheim,45
Josiah,45
Adrienne,45
Lonny,45
Drecker,45
vikaren,45
gagn,45
Moxie,45
korsett,45
fortvilelsen,45
Hinkley,45
foajeen,45
fnatt,45
dekorasjonene,45
Greenwood,45
feiltolket,45
erkeengel,45
blodhund,45
Celtics,45
hissigpropp,45
Chirrut,45
Martinsson,45
jævelskapen,45
Liesl,45
sylinderen,45
Sylar,45
kompatible,45
kriminalteknisk,45
nevøer,45
baktanke,45
jentenavn,45
Diz,45
festlighetene,45
avbildet,45
raringer,45
avstemmingen,45
tredobbel,45
Rantzau,45
utelate,45
symmetrisk,45
utdrikkingslag,45
anmode,45
humanitær,45
framstående,45
d'er,45
arbeidsløshet,45
briljante,45
slanter,45
veritas,45
brifet,45
viseste,45
mineral,45
stormende,45
stormannsgalskap,45
Argos,45
Hadji,45
Budweiser,45
Hadden,45
hotteste,45
overtalende,45
lengder,45
blodceller,45
mix,45
majorens,45
Biocyte,45
Amazing,45
Agustin,45
Wolfman,45
Szpilman,45
grandtante,45
bristepunktet,45
Doon,45
årtusener,45
Wald,45
Wakefield,45
fastlenket,45
musketter,45
sensitivt,45
britenes,45
McCready,45
tempen,45
føyelig,45
KKK,45
statsfengsel,45
blikkboks,45
Sejanus,45
Sejrø,45
plystret,45
mekanikere,45
juggel,45
enkeltrom,45
startkabler,45
EMP,45
folg,45
blyet,45
mistenkes,45
golfklubben,45
komplisere,45
slow,45
mammadalt,45
enecelle,45
overvektige,45
Ivo,45
avta,45
hensiktsmessig,45
forretningsmessig,45
spant,45
trekkstråle,45
hangarskipene,45
kruset,45
fullverdig,45
sentimentalitet,45
mystery,45
mysteriene,45
reisefot,45
simuleringen,45
superkraft,45
gjenopplever,45
gjr,45
tørne,45
ektefellen,45
gavebutikken,45
telefonsamtalene,45
teleportere,45
narkohaiene,45
filialen,45
trekkspill,45
Choya,45
Roderick,45
pilegrimer,45
residensen,45
framgangsmåte,45
mordkommisjonen,45
håndverket,45
sovetabletter,45
chou,45
ilderen,45
BOPE,45
forreste,45
Leander,45
svingt,45
kompromittere,45
Ephraim,45
minnetale,45
ildfluer,45
larvene,45
Verlin,45
fantasert,45
humper,45
biovåpen,45
bomberommet,45
Westley,45
antropologi,45
skjøtter,45
engstelse,45
mokka,45
propagandaen,45
lokalisering,45
rørleggere,45
Gundersen,45
barnelege,45
Antony,45
klapperslanger,45
hinduer,45
blålys,45
hydraulikk,45
tsjekkisk,45
Ramona,45
anrope,45
minoritet,45
søppelbil,45
lasere,45
sidesporet,45
stoffmisbruker,45
søvnige,45
boliglån,45
Ælla,45
karosseriet,45
ubegrunnet,45
halmstrå,45
halo,45
hovedvei,45
legestudiet,45
Mathilda,45
forkjølt,45
bidragene,45
Bick,45
småpiker,45
sekundær,45
Atreides,45
sprader,45
Vicksburg,45
alpakka,45
Frye,45
card,45
ultrafiolett,45
uknuselig,45
musk,45
string,45
streve,45
persille,45
svimer,45
lumsk,45
slyngler,45
fiskepinner,45
matvarene,45
hilsninger,45
belaste,45
skvetter,45
kassettspiller,45
rævkjøre,45
feiden,45
Quan,45
trykkeriet,45
Goa,45
dice,45
Nobbs,45
hurtighet,45
Edmure,45
signaliser,45
Pont,45
stengene,45
Gonzo,45
Beauregard,45
Cleaver,45
signaturer,45
Kanes,45
crap,45
uttaket,45
fosterforeldrene,45
Foods,45
fordømmende,45
ansiktsløse,45
politieskorte,45
truede,45
krøllene,45
död,45
count,45
pinot,45
ungkarer,45
abbedissen,45
grunnløse,45
Fordham,45
skandaløse,45
lstanbul,45
ærverdig,45
marinesoldatene,45
Éowyn,45
dene,45
redningsoperasjon,45
polymer,45
Tarsus,45
TiIgi,45
leieboere,45
urtene,45
internettet,45
Voss,45
forkaster,45
utstråling,45
urt,45
meddelelse,45
pliktfølelse,45
eIskIing,45
aItså,45
Vemork,45
forhandles,45
aleikum,45
brave,45
Finnick,45
skyhøye,45
Fayeed,45
NBA,45
håndbak,45
hundedritt,45
mio,45
tiner,45
Landau,45
Worldwide,45
Krays,45
Hartman,45
gu,45
jesuittene,45
Hansson,45
Daniel-san,45
daiquiri,45
høylandet,45
katolikkene,45
PCP,45
Quintana,45
dego,45
bitemerker,45
Armando,45
Invest,45
Orwell,45
papaji,45
behjelpelig,45
sjømennene,45
Ingvar,45
talismanen,45
simulerte,45
after,45
hundretusenvis,45
Aldrich,45
sinket,45
drømmende,45
Gizmo,45
forbeholdt,45
Quick,45
Quigley,45
forstyrrede,45
landeveisrøvere,45
salto,45
taushetsløftet,45
menneskebarn,45
hyper,45
germanske,45
affeksjonsverdi,45
affekt,45
fee,45
spotlight,45
kupongene,45
enigma,45
torturer,45
Huntsville,45
Quist,45
konkluderer,45
Darkh,45
strykene,45
smisket,45
Eivind,45
opphørssalg,45
Iiter,45
undertall,45
undersøkende,45
sveise,45
italieneren,45
Iurer,45
selvmordsbomber,45
overflyttet,45
edelsteiner,45
Lanka,45
Brasi,45
zen,45
Vest-Berlin,45
Blackbriar,45
Stetson,45
aneurisme,45
munnspill,45
dobbeltsjekket,45
Samuelsen,45
Zepeda,45
vedlagt,45
svartekunster,45
grafisk,45
kenner,45
smuldrer,45
ekstrajobb,45
Odyssevs,45
utviste,45
Delta-kvadranten,45
naturkatastrofe,45
Knauer,45
livlige,45
tangen,45
tilbragt,45
diplomatiet,45
møl,45
kampstasjonen,45
kammerherre,45
transporteres,45
Sieger,45
begravelsesagent,45
klynker,45
ugudelig,45
Skandinavia,45
Deejay,45
dyrenes,45
orientalsk,45
avbrekk,45
medisinstudiet,45
Dunson,45
avsatsen,45
julte,45
Rødehavet,45
brysk,45
luftig,45
skapelsens,45
påkalte,45
dødsbo,45
køyene,45
feiting,45
Dolph,45
fiffig,45
fuglesang,45
Butts,45
fatal,45
lekreste,45
Horvath,45
Friedman,45
Rosamund,45
bortom,45
ufruktbar,45
overbevises,45
gjenvunnet,45
sikkerhetsavdelingen,45
Samara,45
iransk,45
treningsleir,45
innrømmelser,45
think,45
eksplosivt,45
Marlow,45
seierens,45
handelsmenn,44
nasjons,44
øvingen,44
dykking,44
tyngden,44
tretoppene,44
kaffebar,44
Voltaire,44
kattepus,44
Argo,44
snok,44
Hoskins,44
motvekt,44
aktede,44
stĺr,44
støvsuge,44
fatning,44
syltetøyet,44
lukrativt,44
Byamba,44
Impelluso,44
History,44
Bulls,44
bøttene,44
røyskatten,44
feitere,44
køer,44
viljesterk,44
Rons,44
barselseng,44
Lothar,44
galaksens,44
loppemarkedet,44
Lorena,44
Sigge,44
Yohan,44
samarbeidspartner,44
feilplassert,44
Bateman,44
kjærlighetssang,44
korsryggen,44
yk,44
alligatorene,44
blodsbrødre,44
termometer,44
forunderlig,44
flaps,44
kverken,44
kvikke,44
stativ,44
skjelettene,44
hjelpeløst,44
Greenpeace,44
nattkjolen,44
gamblet,44
siktelsene,44
yndlingsretten,44
blodsuger,44
plottet,44
teologi,44
Pendleton,44
leer,44
anfører,44
ener,44
monolog,44
Marek,44
retningslinjene,44
forhekser,44
underlivet,44
naturhistorisk,44
fasiliteter,44
Eiling,44
Reede,44
hopping,44
smyge,44
Ree,44
konsernet,44
løsaktig,44
DEFCON,44
fødselsdagsgave,44
godbiter,44
Tandy,44
tanga,44
doktorene,44
brystvorten,44
redigerer,44
dansetimer,44
yrkesmessig,44
tvitret,44
stikkord,44
Abdi,44
Woodbury,44
Nostradamus,44
menyer,44
age,44
brunfarge,44
Fleet,44
sinnssvak,44
knallbra,44
skrullinger,44
møllen,44
drapsforsøket,44
uante,44
Janelle,44
avfeie,44
bedret,44
Qui-Gon,44
båtsmann,44
Flay,44
bonuspoeng,44
Yara,44
sinnsforvirret,44
Cour,44
nærgående,44
Nagel,44
egenskapen,44
pensel,44
Orions,44
overleveres,44
smidde,44
privatdetektiver,44
reddende,44
Iikte,44
bikube,44
Giambi,44
spire,44
Hundehodet,44
hundebæsj,44
kardinaler,44
passivt,44
eau,44
proft,44
lettlurte,44
hevnlyst,44
studielån,44
overløper,44
tinn,44
Kaap,44
vinsmaking,44
vintage,44
Neri,44
jekk,44
Spokane,44
havfruen,44
Erwin,44
Guadalupe,44
femtende,44
fioler,44
ge,44
overholdt,44
tilbakekalle,44
bussjåføren,44
mørkest,44
meritter,44
Stinger,44
Massai,44
forbudstiden,44
øler,44
havnesjefen,44
knepper,44
luftbåren,44
radiosender,44
Ingmar,44
fysioterapi,44
propp,44
romnummeret,44
soldats,44
artistene,44
Koopa,44
bedragersk,44
deformert,44
Haverford,44
helgenene,44
gosj,44
Magna,44
teatralsk,44
Piscatella,44
interferens,44
Kathrine,44
partyet,44
arriba,44
Finnmark,44
cargo,44
gjørmen,44
ikke-eksisterende,44
Colville,44
Aki,44
middelklasse,44
sis,44
tilfredsstillelsen,44
gardinen,44
søvnmangel,44
she's,44
athan,44
Camaro,44
Shaq,44
magikeren,44
Juicy,44
klartekst,44
taxisjåføren,44
rødhette,44
Boat,44
Weissman,44
innspill,44
Josefin,44
Dianne,44
skulptør,44
Broomhilda,44
utenriks,44
trusen,44
kuse,44
Silk,44
faklene,44
propellene,44
fyllt,44
kuler'n,44
yung,44
Abberline,44
omsetningen,44
Herc,44
Countys,44
Danforth,44
vegetar,44
betjener,44
tupp,44
spekulert,44
forskanset,44
projiserer,44
turban,44
magnetfelt,44
orgier,44
prefekten,44
Sarajevo,44
sertifisert,44
Horowitz,44
Zoot,44
avholdenhet,44
kapslene,44
prototyper,44
frelsen,44
Mahal,44
styrets,44
smørbrødene,44
småstein,44
magnesium,44
Rebecka,44
mursteinen,44
slåsskamper,44
levér,44
paranoiaen,44
dødsdommen,44
angripere,44
skjøtene,44
paktens,44
Clarks,44
Jagger,44
Deirdre,44
Marilla,44
stoles,44
Stinkum,44
rocken,44
utlendingene,44
tsunami,44
avløsning,44
utløper,44
fekter,44
forsvarere,44
pronto,44
Apples,44
Purdy,44
kilte,44
forekommet,44
eklingen,44
belegg,44
Silverhielm,44
vida,44
hydrogenbombe,44
drikkevarene,44
Knowles,44
Fussel,44
ærbødighet,44
shu,44
overskride,44
faderlig,44
mordbrann,44
skyttelen,44
Gisela,44
Trout,44
Coker,44
Grini,44
gringoene,44
luftrøret,44
sjømannen,44
chopper,44
bombekastere,44
lasteskipet,44
Rodin,44
Medellin,44
Spearman,44
satelitten,44
Messina,44
vanviddet,44
nedskrevet,44
nøs,44
Illuminati,44
farfars,44
huke,44
nedfall,44
Chopin,44
Smaug,44
Honeycutt,44
våpenhandel,44
konfrontasjonen,44
vante,44
frynsegode,44
Swire,44
Swifty,44
indianske,44
fundamentalt,44
sparekonto,44
Gendry,44
Lasky,44
høringer,44
kringkaste,44
Sonora,44
trillinger,44
probIemet,44
krabbene,44
reisens,44
rekognoserer,44
ekteskapelig,44
Steady,44
stavelse,44
Continental,44
motstandsfolk,44
iaktta,44
analytikeren,44
luske,44
gjenopprettes,44
privattimer,44
Majestic,44
funklende,44
søkelys,44
nødens,44
Species,44
flyskrekk,44
Aegon,44
fеr,44
narkis,44
sensur,44
slakteriet,44
walkie-talkie,44
helseministeren,44
walrus,44
Benes,44
rape,44
skadeverk,44
Paaren,44
onanerte,44
Hermione,44
kjøttbollene,44
flytimer,44
forgjengeren,44
hon,44
tiltal,44
Pontius,44
dekode,44
Scorsese,44
kapitulerer,44
Irena,44
pengeskap,44
bleknet,44
Fenwick,44
Leckie,44
trollkvinnen,44
Zico,44
madrassene,44
brenning,44
jødenes,44
optimale,44
påberoper,44
Greenville,44
klaffer,44
ekspandere,44
ubetalt,44
Latif,44
Vishnu,44
periskopdybde,44
krybben,44
luringen,44
7th,44
heterofil,44
overtramp,44
regjeringstid,44
Gawain,44
use,44
argumenterer,44
revolusjonere,44
netopp,44
forsøkskanin,44
disa,44
Seyah,44
triangel,44
registrene,44
korga,44
Hane-George,44
åse,44
Nordberg,44
Calgary,44
ambisiøst,44
storre,44
MK,44
cruiser,44
Hathorne,44
vannrett,44
Vanko,44
sykelugaren,44
oter,44
flyvning,44
Oswalds,44
hekt,44
slÃ,44
Krishna,44
poengsum,44
Detective,44
ISI,44
slum,44
berike,44
Bergsøe,44
nedbetaling,44
Corvus,44
synderne,44
Gaspar,44
dragekriger,44
automatene,44
hesteveddeløp,44
Acapulco,44
forenkle,44
tilnærmelser,44
briefingen,44
indianernes,44
anmodet,44
Morningstar,44
dritdårlig,44
Kamal,44
overaIt,44
forsømmer,44
Nathans,44
Jean-Claude,44
Osterlich,44
vile,44
riksrett,44
utleie,44
sjuer,44
Zanuck,44
Sebbe,44
Haze,44
Centre,44
ondsinnede,44
overasket,44
Blom,44
alarmsystem,44
f.Kr,44
Tonio,44
Kash,44
Gellhorn,44
enfoldige,44
Bonsoir,44
Imperial,44
flaggskip,44
mutanten,44
dusa,44
impliserer,44
rasjonere,44
sat,44
Lauderdale,44
spanere,44
Denethor,44
festing,44
medvind,44
varulven,44
Varsko,44
coming,44
medvirket,44
glidd,44
rytmer,44
Coopers,44
Vivienne,44
Vive,44
Coolidge,44
Lyman,44
aktre,44
Freeze,44
innkall,44
Montag,44
Fagin,44
faglige,44
clouds,44
porto,44
tantene,44
klisjeer,44
hedgefond,44
fiken,44
ørste,44
Lottie,44
avlukke,44
bulgarsk,44
Greatest,44
innkassere,44
porselenet,43
kantret,43
protese,43
Armitage,43
spylte,43
spunnet,43
Galilea,43
påpekt,43
påsatt,43
mobiltelefonene,43
Efraim,43
marsboere,43
Pycelle,43
kjemoterapi,43
skikkelser,43
sanda,43
fise,43
Tyreese,43
melkemannen,43
kjøleren,43
presenning,43
Wilco,43
adskilte,43
Dove,43
korporalen,43
snutene,43
aksepteres,43
koriander,43
flopp,43
mikrobølger,43
pervoen,43
Maritza,43
gamlemor,43
buet,43
Elinor,43
quad,43
klaerne,43
støttehjul,43
fremvisning,43
punktering,43
Asger,43
mormoren,43
str,43
Albrecht,43
kroen,43
D'av,43
Ahm,43
hærfører,43
pila,43
finito,43
saringass,43
beredskapstroppen,43
sysselet,43
kildekoden,43
nedbetalt,43
Aina,43
Liberia,43
vannhullet,43
brennevinet,43
forretten,43
kriteriene,43
Sisters,43
tyter,43
papegøyer,43
papirlapp,43
fetisj,43
Mancini,43
Liebgott,43
luksuriøse,43
grammy,43
immigrasjon,43
Börje,43
player,43
valnøtter,43
annethvert,43
massør,43
random,43
anomali,43
Anns,43
kidnappere,43
vannforsyningen,43
prislappen,43
jevnbyrdige,43
repetere,43
shipping,43
Cheswick,43
LeBlanc,43
humane,43
getto,43
ministre,43
spebarn,43
MacCready,43
fullere,43
årstidene,43
Brixton,43
Waffles,43
skår,43
Perconte,43
krukker,43
biolog,43
kroppsspråk,43
guII,43
kronens,43
Verloc,43
omskrive,43
Gare,43
likvidert,43
tronarving,43
favorittfargen,43
ramp,43
pantsette,43
komtesse,43
ekkoet,43
Airways,43
pariserhjul,43
konfiskerer,43
provoser,43
Fraga,43
visekonge,43
Kodiak,43
Belvedere,43
Ramanujan,43
Jungle,43
Moogie,43
Milly,43
episke,43
kondomene,43
mystikken,43
praksisplass,43
Joachim,43
gjesp,43
Urca,43
Babette,43
lysthuset,43
salvie,43
endeløst,43
prikke,43
harddiskene,43
Abrams,43
universell,43
løvehjerte,43
håndjager,43
overraskes,43
campingvogna,43
bekreftelsen,43
turbulensen,43
araberen,43
avskydd,43
avsløringer,43
hodeskaller,43
hodeskudd,43
pappskalle,43
Arlen,43
verdsettes,43
ufordragelig,43
Ildstorm,43
ovnene,43
dagligstuen,43
relikvie,43
Broms,43
overreagere,43
spesialenhet,43
large,43
Sør-Carolina,43
40-årene,43
Hoffa,43
turbinen,43
Savitar,43
forden,43
merkede,43
halshogd,43
Tilda,43
Kinney,43
lufttrykket,43
vertigo,43
VennIigst,43
Amon-Ra,43
ventilasjonssystemet,43
bildekk,43
strippet,43
håndlangere,43
prøvekjøre,43
gullstjerne,43
radiostasjonen,43
linsene,43
Chuncho,43
Skagway,43
Sisk,43
variabel,43
värt,43
vurderinger,43
proppen,43
behåen,43
anslått,43
søyler,43
bekjenn,43
Espeto,43
eksentriske,43
selvfølge,43
Esme,43
færreste,43
månelyset,43
Radford,43
kirkegårder,43
nytteløs,43
IykkeIig,43
African,43
Flower,43
løshund,43
spesieIt,43
Resynck,43
håndfaste,43
spesialtilbud,43
filmskaper,43
39A,43
sippe,43
bæ,43
strålene,43
lykkepiller,43
Trev,43
Philo,43
Emmitt,43
konjakken,43
fagforeninger,43
Montini,43
halshugge,43
Fábio,43
brutaliteten,43
uutforsket,43
Watergate,43
alen,43
duo,43
scenariet,43
rådføre,43
livsformen,43
menneskeskapt,43
endeIig,43
flyplassene,43
Moncada,43
Durango,43
brannvesen,43
Enslin,43
Tobys,43
departementets,43
sfære,43
aktoratets,43
rommen,43
meningsmålinger,43
Wistrom,43
Porterhouse,43
hmmm,43
coveret,43
stim,43
opphørt,43
parmesan,43
råkjøring,43
Gard,43
kumøkk,43
back-up,43
tankeløse,43
talsmenn,43
møteplassen,43
pionerene,43
astmaen,43
mdr,43
hypotermi,43
halvlitere,43
rådsmøte,43
lnnrøm,43
brytere,43
føll,43
referansene,43
muldyrene,43
innbruddstyven,43
avskar,43
glorie,43
Mishka,43
salutt,43
landområder,43
Suzuki,43
vasking,43
Angeles-politiet,43
Angelique,43
bestemmelser,43
Dobie,43
Redfield,43
chatte,43
monarken,43
kunstens,43
faglig,43
steroidene,43
Culver,43
Sidious,43
cum,43
munningen,43
selvbilde,43
Noahs,43
elitesoldat,43
flystripa,43
antikvitet,43
clipper,43
Koontz,43
Eureka,43
an5,43
olding,43
kamuflert,43
boblen,43
Catrina,43
kiwi,43
Catherines,43
Schindler,43
nedlastingen,43
kemneren,43
gudegave,43
Ehren,43
guard,43
kranglete,43
Everyone,43
medførte,43
hjerteknuser,43
vestpå,43
desertert,43
Tors,43
forsterkeren,43
kiropraktor,43
Chazz,43
auraen,43
stekes,43
bløthjertet,43
juI,43
bedragere,43
Lodbroks,43
Jedediah,43
Hamas,43
Brüno,43
feene,43
pirrer,43
halvnakne,43
fjæra,43
løpesedler,43
Herschel,43
løpere,43
steiker,43
legemsbeskadigelse,43
soldatenes,43
uselviske,43
isolasjonen,43
Unferth,43
isoler,43
teddybjørnen,43
kledt,43
brakker,43
betalinger,43
betaIer,43
konversere,43
middelmådighet,43
smulene,43
Balder,43
borgerverner,43
sklie,43
Bucuresti,43
ærligste,43
Qarth,43
skjønnhetene,43
Loki,43
bucks,43
Pollux,43
kraftfullt,43
fremmet,43
krabben,43
cracken,43
vindpust,43
tyggisen,43
lagunen,43
erobreren,43
forsvarerne,43
Crain,43
sporingsenhet,43
Oman,43
enveiskjørt,43
Frihedspartiet,43
vos,43
Shangri-La,43
kvalmen,43
mojito,43
Moltès,43
Mombasa,43
steinet,43
Geraldo,43
ugudelige,43
uhyrlige,43
sikkerhetshensyn,43
sprayer,43
lagerrommet,43
blinder,43
unnga,43
hari,43
ladies,43
lran,43
doven,43
petit,43
pessimistisk,43
telefonlinje,43
Telegraph,43
fiktive,43
lønningsliste,43
yrker,43
styrkes,43
sodomi,43
dalene,43
partileder,43
Keck,43
tjall,43
tjenestefolk,43
passerseddel,43
guvernørene,43
Huw,43
greina,43
skamløst,43
sagnet,43
trøyen,43
distansere,43
hyklersk,43
Ronson,43
apoteker,43
delfinene,43
påskynde,43
dydig,43
padder,43
Wilton,43
Delancey,43
sufflé,43
vogntoget,43
Connery,43
Norrington,43
Negro,43
dethar,43
militante,43
byste,43
Fortuna,43
viII,43
gepard,43
dåse,43
ordboka,43
silence,43
Anarkistens,43
Ichabod,43
flyvåpen,43
skiene,43
Flaco,43
aborterte,43
melle,43
Bunkie,43
galaktiske,43
Cristal,43
bilnøkkelen,43
Dachau,43
verdensberømte,43
Alameda,43
visselig,43
kommandosenter,43
importere,43
paper,43
erindring,43
østkanten,43
stallgutt,43
sjelløse,43
avataren,43
Chiffre,43
vepsebol,43
rensende,43
blokkene,43
hedersmann,43
ønskelig,43
löp,43
blodårer,43
kjempeviktig,43
FM,43
gravlund,43
diddy,43
Tucci,43
flåter,43
trio,43
østlig,43
Thaddeus,43
Figaro,43
hvisken,43
fiikk,42
heissjakten,42
nsker,42
ørering,42
Hearst,42
Heffron,42
He-he-he,42
nordmann,42
løgndetektortest,42
Dil,42
tykktarmen,42
armhulene,42
kjempetabbe,42
Rhodey,42
Rhoades,42
kjærestes,42
Kyles,42
badge,42
Rhyme,42
overflatisk,42
Martel,42
hvorerdu,42
skeptiske,42
lovprise,42
eret,42
voldtekter,42
støttespillere,42
motstanderens,42
bevegelig,42
anbefalingen,42
gråsone,42
mak,42
Luschek,42
acre,42
subjektet,42
regulerer,42
perspektiver,42
sandalene,42
misunte,42
starta,42
harelabben,42
McCullen,42
tenåringene,42
inngravert,42
silikon,42
jobbintervjuet,42
mittens,42
kjærring,42
Gaga,42
Gabriels,42
revansj,42
falskhet,42
stampe,42
gadget,42
bidragsyter,42
Krabs,42
Matsui,42
TiVo,42
Shades,42
autobotene,42
stødige,42
kottet,42
gjenoppbyggingen,42
drive-in,42
superhelten,42
koreaner,42
vedtar,42
avholdt,42
tutet,42
ordna,42
Hermie,42
ordets,42
Schumann,42
Burdette,42
hjemkomsten,42
dissekere,42
aspirant,42
Tibbs,42
Thorkild,42
Melton,42
ømfintlig,42
overfallsmannen,42
telefonsex,42
klaer,42
internet,42
Rommels,42
forkledninger,42
rubb,42
Rowdy,42
frihetsstatuen,42
ungdomskilden,42
Kaj,42
islamske,42
sanatoriet,42
sersjantmajor,42
sundet,42
MSNBC,42
koordinerte,42
småtterier,42
lengselen,42
voteringen,42
Malekith,42
cream,42
ringetone,42
lagkamerat,42
dåsa,42
Pacer,42
pøser,42
greinene,42
utstoppede,42
lagfører,42
Melander,42
innsjøer,42
innsikten,42
barnematen,42
fakturaen,42
fakturaer,42
gjengangerne,42
Tuarach,42
lunten,42
Floridas,42
Kelp,42
makthaverne,42
Dairy,42
Zenith,42
Wynn,42
nedsmelting,42
Duggan,42
medisineringen,42
rekreasjon,42
Eustis,42
Mugatu,42
usnakket,42
Helén,42
åkrer,42
flammekaster,42
Flanders,42
veve,42
Budbringerne,42
teIefon,42
marineinfanterist,42
sekssifret,42
Ioven,42
goober,42
avkjøring,42
Buckner,42
lokkes,42
Elgin,42
ubevisste,42
glasuren,42
førstehjelpsskrinet,42
tegnefilmer,42
klassekameratene,42
uttelling,42
uttalelsene,42
kateteret,42
royalties,42
smittsomme,42
presidentsuiten,42
Soong,42
legemiddel,42
kreftfremkallende,42
Smygards,42
chat,42
frodig,42
bestemødre,42
Mundson,42
undersåttene,42
Capote,42
Hemlock,42
popper,42
tipsen,42
Hagrid,42
IP-adresse,42
pakningen,42
paiene,42
Fontane,42
skoeske,42
Lockheed,42
vibe,42
fakse,42
Stearn,42
kvalifisere,42
uortodoks,42
Karachi,42
sporeren,42
promille,42
hjemmeværende,42
Aemon,42
Clemenza,42
Quasimodo,42
rengjorde,42
stripperen,42
amp,42
vennligsinnede,42
Hrothgar,42
muntrer,42
Rotterdam,42
produktive,42
Productions,42
Mee,42
IikeveI,42
sved,42
sakket,42
varsku,42
niere,42
Exitarmus,42
kriminalassistent,42
Amman,42
perser,42
fruktkake,42
Caltech,42
Sharpe,42
forgjengere,42
ildens,42
beskyldning,42
Varga,42
Drogheda,42
vådeskudd,42
Blaney,42
tullpratet,42
operation,42
operasjonsbordet,42
sterilisere,42
ekstatisk,42
barnearbeid,42
selfølgelig,42
naermere,42
røke,42
utvetydig,42
nabojenta,42
backgammon,42
rådsmedlem,42
tordenen,42
kupé,42
Proust,42
kamuflasjen,42
backstage,42
doktorgraden,42
innblandes,42
rivalen,42
Bogdanski,42
landemerke,42
gjeldsbrevet,42
føIte,42
Tiffany's,42
Minami,42
strikken,42
biljardbord,42
patruljerte,42
jæveI,42
Bernt,42
grue,42
svinestien,42
Pershing,42
Peron,42
LeBoeuf,42
Colts,42
våpenbrødre,42
vannvidd,42
museumet,42
DARPA,42
parkene,42
dugde,42
overvåkningsbilder,42
berømme,42
cowboyhatt,42
tatoverer,42
spiIIe,42
Misery,42
McSnurp,42
Jan-Ove,42
uautoriserte,42
maskinisten,42
Mons,42
drapskvelden,42
omtrentlig,42
skruen,42
julefesten,42
tannhjul,42
befale,42
atvi,42
bilskilt,42
Goldfarb,42
sykeavdelingen,42
brennemerket,42
sisteåret,42
gjete,42
kriminalomsorgen,42
bilvasken,42
Rayburns,42
MichaeI,42
våkent,42
harakiri,42
overvekt,42
oppklarer,42
Lian,42
fink,42
kidnappinger,42
kidnappede,42
Swayze,42
monogami,42
close,42
talsperson,42
kloremerker,42
transportørene,42
transportmiddel,42
caddie,42
Federico,42
def,42
bryggen,42
rasteplass,42
sjels,42
fatale,42
våpenskjold,42
morsdag,42
Kasim,42
Kassandra,42
sammensvergelsen,42
flybasen,42
bankkonti,42
usunne,42
Khuram,42
Aufidius,42
overherren,42
soster,42
katalysatoren,42
overvåkingskameraene,42
Butkus,42
Boitano,42
bitterheten,42
ytringsfriheten,42
begjærte,42
fyrt,42
Osato,42
DRIFTENDE,42
anstrengelsen,42
takter,42
Juliana,42
Bruni,42
Wass,42
raden,42
Pinball,42
begrunnelse,42
Mackey,42
Morisaki,42
strandhuset,42
reptiler,42
krokete,42
mutter'n,42
Fanucci,42
mandater,42
slemmere,42
oppløser,42
implantatet,42
våpensystemene,42
kommunisme,42
kommunistpartiet,42
alven,42
gullmynt,42
aldre,42
lånehai,42
Hellboy,42
Rwanda,42
deltidsjobb,42
Osmond,42
Osgiliath,42
stjaI,42
armbrøsten,42
bannere,42
Brigance,42
slasken,42
Moretti,42
César,42
storkaren,42
beordres,42
kommandoposten,42
beregning,42
fingerte,42
forestillingene,42
meta,42
around,42
destroyeren,42
unggutten,42
ansiennitet,42
innvielse,42
kimære,42
luck,42
radiosjekk,42
krystallene,42
Caius,42
løype,42
brosjen,42
sperringene,42
Laranjinha,42
Cy,42
glemsk,42
vakne,42
rakkerunge,42
Belize,42
skylles,42
40-tallet,42
Atle,42
krysning,42
Karina,42
Larsens,42
nevrolog,42
lindring,42
yankeen,42
Chloes,42
kaltes,42
praktikanter,42
Potus,42
Raph,42
walkabout,42
Adaline,42
word,42
slakting,42
Garret,42
grizzly,42
kolossal,42
briefet,42
dement,42
planlegges,42
skyttergraver,42
Humvee,42
lasagnen,42
Turks,42
avhørsrommet,42
gjennomboret,42
belastningen,42
grisebank,42
adelsmennene,42
walla,42
opportunist,42
Mansfield,42
funksjonen,42
søkkrik,42
håpefulle,42
biometrisk,42
juryer,42
såpa,42
kollektive,42
inventar,42
prÃ,42
Lash,42
bollene,42
skytinga,42
annullere,42
dødbringende,42
meteoritten,42
Pita,42
Hindenburg,42
Spud,42
viljeg,42
næret,42
avlyttingsutstyr,42
Pittman,42
termen,42
termisk,42
utroskapen,42
røverne,42
bulken,42
kjever,42
Snowman,42
forlegningen,42
forlengede,42
registreringen,42
kortslutter,42
mottat,42
eventyrlysten,42
Apoc,42
overbelastning,42
fisefine,42
Laaa,42
stabeis,42
pengetransporten,42
øyebryn,41
ståltråd,41
Leirekurv,41
leieavtalen,41
blodets,41
Cim,41
flåeren,41
erfaringene,41
fiendskap,41
saktmodige,41
Canton,41
frier,41
koreograf,41
motvirker,41
fried,41
Kafka,41
lV,41
anarkister,41
Regula,41
nulltoleranse,41
Severin,41
farsfigur,41
Farrel,41
snevre,41
Saladin,41
tenkemåte,41
Anwar,41
Greeley,41
nordlys,41
Mitchells,41
Modern,41
allo,41
dummingen,41
Orlov,41
Saturday,41
senat,41
finanser,41
Belson,41
Søgaard,41
Furio,41
luftskipet,41
bendelorm,41
lasta,41
Chon,41
prø,41
Stockburn,41
Amadeus,41
ekleste,41
sateng,41
sl,41
skøyte,41
skøyer,41
merlot,41
skyteskive,41
særegne,41
funderte,41
sårbarhet,41
gjeninnføre,41
Galileo,41
ekspertisen,41
rikstelefon,41
innrettet,41
Holck,41
hallelujah,41
Hiccup,41
avdragene,41
avdanket,41
stokkene,41
minsket,41
Lindholm,41
Merville,41
rutefly,41
skysser,41
hattemaker,41
kollisjonskurs,41
Sasja,41
framstiller,41
ordrenekt,41
lyshåret,41
yeblikk,41
ghettoen,41
foreleser,41
tilsetter,41
Systems,41
undergrunnsbanen,41
iverksettes,41
Ivanov,41
Manheim,41
Hilldale,41
Kobba,41
Halley,41
Col,41
turt,41
mà,41
Office,41
trommevirvel,41
Robotics,41
T-viruset,41
T-Bird,41
oversvømme,41
Zabangida,41
henvist,41
biseksuell,41
always,41
Ashe,41
søsterens,41
knupp,41
selvfølelsen,41
T.K,41
fysikkens,41
rah,41
Vaiana,41
knert,41
bokstavlig,41
stjeIe,41
Mordekai,41
vipp,41
Brossard,41
bruer,41
Rahim,41
Deaton,41
oppretthold,41
månedslønn,41
glemsel,41
vakttårnet,41
knyst,41
spesialiteter,41
Robins,41
oppdateringen,41
lissene,41
merkelapper,41
skull,41
deltagerne,41
utførelsen,41
havabbor,41
hauker,41
skvadroner,41
sågar,41
slavearbeid,41
Wabble,41
stilner,41
stjalet,41
uprovosert,41
dryppe,41
Watters,41
ambassadører,41
hårfargen,41
stoppa,41
Strahm,41
Faber,41
gulingen,41
periskopet,41
pepret,41
primærvalget,41
nyrestein,41
sleipt,41
datasystem,41
komedier,41
inspeksjoner,41
fukten,41
minelagt,41
bomser,41
Alaskas,41
litteraturen,41
aftenens,41
Talib,41
forbruker,41
plagen,41
inntruffet,41
Haldeman,41
separasjonen,41
Sentinels,41
ankomsttid,41
huleboer,41
minivan,41
oppdras,41
patologisk,41
vårens,41
Brentwood,41
vanntårnet,41
kompanisjefen,41
Chato,41
lie,41
Drucker,41
homes,41
skuring,41
fordobler,41
generation,41
bakgata,41
langtrekkende,41
Alecis,41
Flea,41
flater,41
vårrull,41
tygde,41
gjentjeneste,41
desperanter,41
aubergine,41
HMS,41
avkledd,41
avkjølt,41
butikktyveri,41
bilmekaniker,41
Tong,41
Maybelle,41
Mayella,41
groteske,41
våpensystemer,41
sjenere,41
resultere,41
ytelser,41
løsgjengeri,41
AIG,41
forfriskning,41
slurv,41
Hanley,41
sjukehuset,41
grass,41
Gretel,41
ærgjerrig,41
drifta,41
oppblåsbar,41
sperringer,41
gyngestol,41
spilledåse,41
personIig,41
fratas,41
Soyuz,41
sykmeldt,41
Enchanté,41
klistremerker,41
Klondike,41
portieren,41
vannets,41
ravner,41
nokkelen,41
fasttelefon,41
optiske,41
yakuza,41
tåpen,41
personens,41
fotograferingen,41
kundenes,41
McClaren,41
fotografene,41
stevner,41
forbindelsene,41
rådende,41
sera,41
adgangskortet,41
Wonderstone,41
dødsfelle,41
ubetalelig,41
dip,41
Donaghy,41
Gertie,41
McBain,41
tryllekunstnere,41
opprømte,41
brystkassa,41
dødssynd,41
skreppa,41
antennene,41
landings,41
forsteinet,41
breeze,41
Swallow,41
komplottet,41
gе,41
sovesal,41
Daffy,41
Fitzpatrick,41
corrected,41
spiselige,41
bedrer,41
quinces,41
Quilty,41
dronningmoren,41
finnen,41
Sergej,41
serberen,41
peppermynte,41
drapsnatten,41
landsmann,41
spikrer,41
saltkringler,41
astrofysiker,41
rituell,41
cowgirl,41
løpske,41
Jang,41
Ellens,41
sigøyneren,41
WendeII,41
Rolla,41
Jamies,41
byråkratisk,41
Éomer,41
Nadal,41
Gerner,41
fanatiske,41
forstårjeg,41
Alexei,41
operasjonsrommet,41
Blackwoods,41
lllinois,41
innbyrdes,41
bedraget,41
tastet,41
OCR,41
skarve,41
skate,41
selleri,41
kuratoren,41
desertering,41
Vicente,41
Nagasaki,41
utveier,41
livstegnene,41
forbause,41
wendigo,41
prinsippfast,41
Asano,41
etterskjelv,41
compadre,41
Nez,41
something,41
Bilbos,41
bilag,41
Emmi,41
feminint,41
pidestall,41
Iigner,41
Parkway,41
bransjens,41
fluffy,41
brannstiftelse,41
Salzburg,41
tomatsaus,41
glippe,41
Calvary,41
krigsskipet,41
strevd,41
gasspedalen,41
gassmasker,41
Jase,41
Michi,41
aka,41
angriperne,41
fruktbart,41
grundigere,41
realisert,41
brannøvelse,41
EIena,41
Ensign,41
tobakksindustrien,41
urettferdigheten,41
sjampoen,41
Ershon,41
memoarene,41
Clancy,41
referere,41
idrettsutøver,41
sutrete,41
mumle,41
milliliter,41
aktivum,41
coon,41
Mav,41
Yelp,41
gerilja,41
nybegynnerflaks,41
moloen,41
gong,41
Werstingvold,41
Novick,41
maktkamp,41
renheten,41
meningsfull,41
quarter,41
Queenie,41
Queequeg,41
prestinne,41
røker,41
gjeme,41
serviset,41
stavene,41
Judge,41
adlydes,41
skammens,41
utilfreds,41
innskrevet,41
kje,41
Motome,41
biIder,41
krattet,41
Henriette,41
acres,41
lures,41
banal,41
keltiske,41
faktura,41
integrere,41
intensivavdelingen,41
gra,41
Salmon,41
medfør,41
Katies,41
fremdrift,41
skjønnheter,41
skjønnhetskonkurranse,41
Helens,41
Selah,41
rite,41
sprak,41
Twins,41
steinbrudd,41
du-vet-hvem,41
buds,41
folger,41
barneværelset,41
gamledager,41
markering,41
Scottsdale,41
Buren,41
tvillingbroren,41
drittsted,41
arrogansen,41
arterien,41
Petunia,41
mozzarella,41
Baudelaire-barn,41
narkohandler,41
elektroner,41
Rosalind,41
Akio,41
Caplan,41
betenkningstid,41
regionale,41
sund,41
Nootka,41
tidspunkter,41
hutt,41
Alices,41
promotere,41
Gwendolyn,41
riksadvokat,41
hybel,41
chin,41
emblem,41
narsissist,41
påminnet,41
Gaddafi,41
lommeur,41
Noelle,41
Joyner,41
hjelperne,41
leieboerne,41
SOE,41
omdreininger,41
style,41
Shakira,41
sturer,41
Matteus,41
Makhija,41
hackingen,41
format,41
tvekamp,41
forkludre,41
bowlet,41
privatperson,41
Earhart,41
trikk,41
bursdagsgaven,41
oppstemt,41
plog,41
Podrick,41
herme,41
Youssef,41
kvelt,41
romulansk,41
Barrel,41
Marriott,41
bumper,41
ørkenens,41
oster,41
NRA,41
ostepop,41
sikkerhetstiltakene,41
Nasty,41
innpass,41
Dolphin,41
C-5,41
Galán,41
fike,41
Glazer,41
Gleason,41
låtskriver,41
stakkarslige,41
fortryllelse,41
pena,41
Effie,41
HviIket,41
skiftende,41
Desirée,41
Marten,41
Marthas,41
seilbåten,41
scones,41
Markum,41
Rhaegar,41
badevakt,41
Geppetto,41
terminen,41
terningspill,41
mellommenn,41
avleggs,41
diem,41
gjenforene,41
gjengmedlem,41
pressa,41
Volkswagen,41
mottakelige,41
oνer,41
lose,41
Lorenz,41
Lounds,41
hjaIp,41
kjopt,41
byller,41
snørrunger,41
nier,41
kaffebaren,41
kafeteria,41
tømmeret,41
Kaufman,41
hovedbryteren,41
fortløpende,41
Kælle,41
øyevitne,41
Thackeray,41
kjempesuksess,41
pådratt,41
Gallup,41
1600-tallet,41
Trafalgar,40
Aerospace,40
Jean-Pierre,40
familiekrise,40
alkoholisert,40
fikkjeg,40
gjennomsnittlige,40
Caymanøyene,40
utnevnes,40
lowa,40
håndens,40
pirrende,40
Kardashian,40
idéene,40
mobildekning,40
øreringen,40
Armacost,40
bankerott,40
naglene,40
utilregnelig,40
selvbiografi,40
øyeeplene,40
lørdagskvelden,40
mme,40
vindens,40
fortegnelse,40
riff,40
Tims,40
mod,40
siler,40
siktelser,40
Orb,40
slankekur,40
grisk,40
jublende,40
Mariska,40
mis,40
hvitingen,40
blodsbånd,40
Bremnes,40
fråtser,40
switch,40
omstart,40
hviskende,40
terrier,40
badebukse,40
hind,40
drible,40
temmer,40
Baudelaire,40
Galentine,40
Crixus,40
trampoline,40
polarsirkelen,40
skinka,40
handIer,40
kansellere,40
kanonkule,40
krykkene,40
hvorpå,40
stanger,40
kapasiteten,40
spirituelle,40
inviteres,40
vesentlige,40
fakser,40
trangsynte,40
Baum,40
terra,40
foIkens,40
Cougars,40
telegrafen,40
Crenshaw,40
rednings,40
smidighet,40
skorpe,40
utrygge,40
yoghurten,40
gullmedalje,40
platespiller,40
ck,40
hastigheter,40
Yusif,40
sentralbanken,40
oppvartet,40
safran,40
Pickering,40
Ihab,40
skoleavisa,40
helvetesild,40
kubein,40
forgiftede,40
smekke,40
Benz,40
middelaldersk,40
beredskapen,40
Pulitzer,40
smartest,40
Salamanca,40
fluktvei,40
eggstokkene,40
VRA,40
perfeksjonert,40
lydløst,40
serbere,40
forklaringene,40
gasbind,40
Qohen,40
Mobley,40
efter,40
Erna,40
nykommere,40
skårer,40
slagplan,40
falmer,40
Courier,40
kvinna,40
blinkskudd,40
bankranere,40
rittet,40
skillet,40
vever,40
Bliss,40
Crossing,40
diktning,40
standhaftig,40
vaskeekte,40
terroriserte,40
Yahoo,40
Ru'afo,40
Felice,40
trailere,40
rante,40
MDMA,40
havregryn,40
Ransom,40
Obamas,40
gamblere,40
gamblingen,40
giljotinen,40
yrkesrisiko,40
Abernathy,40
økonomiklasse,40
utlendingen,40
Helan,40
utholdenheten,40
Baileygates,40
plott,40
klaner,40
plyndrerne,40
hybelen,40
hvørfør,40
kampanjer,40
kvisete,40
stasjonens,40
yppe,40
bestikkes,40
bager,40
barnerumpe,40
synkronisere,40
Sutler,40
svale,40
vestene,40
larven,40
kunstløp,40
Hooks,40
lokomotiv,40
Justineau,40
Ashecliffe,40
bredd,40
Hanka,40
palazzo,40
Akeem,40
rum,40
erkefiende,40
siamesiske,40
kapitalen,40
unnlate,40
Iest,40
Adonis,40
Wilden,40
adm.dir,40
Cunth,40
påtalemyndighetene,40
kjærestens,40
Chinaski,40
igien,40
Christ,40
Galvatron,40
dekanen,40
onder,40
drapssaken,40
Luiz,40
Boyka,40
high-five,40
Coliseum,40
Coles,40
vanngutten,40
beboer,40
pirk,40
ikke-troende,40
homofilt,40
slurver,40
K2,40
sjokoladebiter,40
kelnere,40
kuker,40
forenklet,40
hjernemasse,40
spenstig,40
gjørmete,40
Dio,40
Dinoco,40
beskrivelser,40
Zuri,40
mht,40
vargen,40
holodekk,40
restaurerer,40
hyene,40
molekylene,40
faktoren,40
deigen,40
samholdet,40
Quarrel,40
Vidkun,40
mistankene,40
Spoon,40
sprelle,40
Queenan,40
sleiping,40
sammenhenger,40
prestisje,40
tilstedeværelsen,40
smugleren,40
nys,40
oppkastet,40
vrakrester,40
Lobero,40
pølsen,40
Boko,40
utifra,40
Ophelia,40
ressurssterk,40
kjølerommet,40
skjelvinger,40
Torunn,40
inngi,40
anvisninger,40
stikkordet,40
responsen,40
Sigmund,40
jaevel,40
Sim,40
sektorer,40
flammekasteren,40
Moonlight,40
torv,40
dårligst,40
feiger,40
børsten,40
elskedes,40
lærerinnen,40
utropstegn,40
bub,40
Nobu,40
Westen,40
Moonraker,40
Courtenay,40
avgangen,40
humoristiske,40
narkotikapolitiet,40
bakkestyrker,40
astronom,40
Robban,40
nydeIig,40
riviera,40
skattebetalernes,40
Lucie,40
innhøsting,40
bIå,40
Gerber,40
vertikalt,40
absint,40
varmtvannet,40
harme,40
avd,40
grotta,40
yt,40
klassekamerat,40
førstehjelpsskrin,40
homerun,40
minoriteter,40
avfyringen,40
robåt,40
dødvekt,40
alderman,40
sykestue,40
reality,40
smørja,40
besteget,40
havfruer,40
kennel,40
uberettiget,40
Munny,40
jekken,40
generalforsamlingen,40
opphøyet,40
virkelighetens,40
fjonge,40
Margit,40
moll,40
spesialeffekter,40
cubanere,40
Kildevellet,40
Garona,40
framskynde,40
frampå,40
Clinch,40
prøvespilling,40
skotten,40
Chong,40
nabolagets,40
driksen,40
prøvesvarene,40
Rodgers,40
spaserturen,40
Brynn,40
trådt,40
macchiato,40
Macallan,40
drømmemannen,40
Wentworth,40
bör,40
Cholo,40
shogunen,40
Shoshanna,40
forsegles,40
Adella,40
Addie,40
Ade,40
gjennomsiktige,40
kollidere,40
helseproblemer,40
surmuler,40
plantegningene,40
Broch,40
Suribachi,40
fristerinne,40
Mulberry,40
likegyldige,40
tilpasning,40
planets,40
kamillete,40
Draineren,40
huller,40
kropps,40
Morg,40
R2-D2,40
pustingen,40
Quinns,40
harpuner,40
Yukon,40
innbefatter,40
uthenting,40
Kissinger,40
megle,40
storste,40
Shosh,40
skrukkete,40
skruene,40
Clubber,40
Morel,40
kroppsbygning,40
kronol,40
Eddard,40
morghulis,40
regIene,40
instruksen,40
Indio,40
Leni,40
elementært,40
Adelita,40
snappe,40
Kokachin,40
Carpentier,40
Manhattans,40
americano,40
tredobler,40
kallesignal,40
Kama,40
spak,40
Minimeg,40
verdenshistorien,40
praktisert,40
diplom,40
uangripelig,40
Mayo,40
Patsey,40
Margaux,40
Beethovens,40
klistrer,40
meningsfullt,40
rødbeter,40
Weems,40
Denzel,40
toller,40
gokart,40
jegtror,40
burro,40
dødshjelp,40
Corleones,40
Millstone,40
Bonneville,40
Newlin,40
høreapparat,40
høflighetsvisitt,40
tankefull,40
sirkulerer,40
siriss,40
frasi,40
strekene,40
Niro,40
underarmen,40
forretningspartnere,40
gjetere,40
hmong,40
Wolfie,40
myndling,40
gIipp,40
særIig,40
akkord,40
supermodell,40
superlim,40
såkorn,40
Annies,40
belli,40
haglen,40
vedkjenne,40
idrettsfolk,40
dokumentarfilm,40
Sherri,40
Madigan,40
tilbakebetaling,40
grat,40
antenna,40
Gretar,40
nyttet,40
skrøne,40
fratre,40
Cornish,40
Lists,40
corny,40
mare,40
menneskeunge,40
brunetter,40
forbys,40
inntreffe,40
Merc,40
Exeter,40
bakverk,40
Shecky,40
persere,40
gringos,40
Agu,40
søknadene,40
Deveny,40
flygingen,40
Deucalion,40
Nika,40
frede,40
gøyale,40
Shawshank,40
bopel,40
forretnings,40
klødd,40
John's,40
manngard,40
juniors,40
Pilkington,40
girkassen,40
firere,40
Grimsrud,40
donorer,40
nøkkelhullet,40
Gaut,40
tittelkampen,40
snekkeren,40
Donau,40
Klyv,40
begrensning,40
ded,40
fredsbevarende,40
detoneres,40
stripp,40
fen,40
venteværelset,40
AmWorks,40
Rutland,40
Pushy,40
dra'n,40
Draal,40
eiendommelig,40
skurrer,40
Manor,40
sjøuhyret,40
katapult,40
ballade,40
bevegde,40
dampende,40
Ibn,40
Suki,40
Bostons,40
Snuffy,40
Seventh,40
juristene,40
korrigert,40
Sevilla,40
gråtingen,40
avled,40
Farrow,40
snåling,40
trudde,40
trouble,40
bonuser,40
sithene,40
lykketallet,40
trehytta,40
Burset,40
Ludlow,40
legekontoret,40
åtteåring,40
Corbeau,40
sadistiske,40
Barkley,40
motorolje,40
Evora,40
Tacoma,40
knekkes,40
analfabet,40
gebyr,40
kategorier,40
studentforening,40
skyggeverdenen,40
T-X,40
gotta,40
9th,40
sancti,40
kaIIe,40
epileptiker,40
Belfort,40
tunfisken,40
snurten,40
pur,40
anbud,40
Horst,40
skytsengelen,40
meskalin,40
Lilian,40
Halliday,40
Colborn,40
veiledet,40
internatskole,40
fornedret,40
ungdommens,40
hovedvitnet,40
cancan,40
Matts,40
Zlatko,40
kneskålene,40
esta,40
sognet,40
avisens,40
solariet,40
avispapir,40
formaldehyd,40
Arild,40
bibler,40
bibelske,40
veldedige,40
subjektivt,40
anselig,40
forelderen,40
foreIdrene,40
hogde,40
Maigret,40
søndagene,40
Ibrahimovic,40
kakeboksen,40
Ferragamo,40
analytikere,40
Norwich,40
Atlee,40
drømmehuset,40
Fremont,40
Jasoom,40
heteste,40
Lux,40
Peterman,40
kattungen,40
kattungene,40
gIemt,40
tjukkasen,40
Jennys,40
Goya,40
vakttårn,40
tjueårene,40
eksplosjonene,40
nåtidens,40
spylt,40
O.K,40
Sectragon,40
geografisk,40
skinnhellig,40
Hippy,40
spøkelseshistorie,40
forteIIer,40
glødet,40
rav,40
frynsete,40
våpenbruk,40
væ,40
okkult,40
marki,40
Thierry,40
Outis,39
hvitere,39
slaktingen,39
skilpadda,39
framsiden,39
SCPD,39
flyulykke,39
ørepropper,39
since,39
Rodie,39
Weng,39
hjernestammen,39
heard,39
Bråthen,39
alkoholisme,39
ektemake,39
dems,39
prøvet,39
kjempepen,39
Cats,39
Catlin,39
Cath,39
barskt,39
djinn,39
prærieulver,39
stadighet,39
shoot,39
julegaven,39
avskjeder,39
blomsterhandler,39
gjedde,39
pågå,39
Jovan,39
Paloma,39
viIje,39
stammens,39
blomkål,39
kjokkenet,39
stappfullt,39
fjellsiden,39
Shumway,39
fleksible,39
innbydende,39
antikkerne,39
utrede,39
Galella,39
speak,39
Daniella,39
trammen,39
blodpøl,39
Stace,39
forter,39
kapable,39
sikrest,39
frispark,39
kontroII,39
dér,39
ordboken,39
kjettinger,39
Briseis,39
dødslei,39
villdyret,39
frisker,39
dank,39
instruktøren,39
terroren,39
Zoolander,39
apachen,39
overspent,39
Clair,39
Corvin,39
spanjolen,39
pounds,39
nordisk,39
loo,39
kjempekoselig,39
forsynet,39
gæern,39
Håvard,39
hårreisende,39
pipet,39
Tesevs,39
vidåpne,39
bingen,39
forurense,39
cruiset,39
Cruella,39
Letterman,39
aker,39
lavaen,39
etterkomme,39
ukrainsk,39
deltagelse,39
oppveie,39
Dugan,39
muskuløse,39
etterligning,39
etterlengtede,39
siger,39
fenomener,39
visergutt,39
Ghani,39
C-19,39
modenhet,39
Blitzer,39
Alberta,39
forundre,39
straffedømte,39
verdensherredømme,39
loves,39
Trina,39
Sandoval,39
refleksene,39
penetrering,39
kjærIighet,39
galaktisk,39
sangstemme,39
Hemsedal,39
pekefingeren,39
Neto,39
metallisk,39
emblemet,39
nordlig,39
Randers,39
Arno,39
annullering,39
Network,39
Delong,39
Broadcast,39
bilnøkler,39
Scotia,39
lavvann,39
trees,39
IQ-en,39
plomme,39
Kalloor,39
samaritan,39
Hazen,39
revurdert,39
latterliggjøre,39
århundreskiftet,39
fergemannen,39
trollbundet,39
gjestelista,39
poteten,39
Kia,39
finnerjeg,39
Samwell,39
Augusto,39
Carlsson,39
luftfart,39
prisvinnende,39
tropene,39
homofili,39
innabords,39
iscenesette,39
tunnellen,39
vulkanske,39
skjellet,39
nasjonaldagen,39
Wilk,39
Throat,39
flyselskapene,39
skjeller,39
Isildur,39
lønnstrinn,39
Wilkin,39
Hizbollah,39
Highlanders,39
kommunistisk,39
vanngutt,39
besetningens,39
tollerne,39
Guggenheim,39
kongesønnen,39
Leyla,39
tamme,39
sjokoladeis,39
kongedømmene,39
godnattkyss,39
Aces,39
N-woo,39
Færøyene,39
Talley,39
forhistorie,39
frarådet,39
Postumus,39
rabler,39
rugby,39
julingen,39
Smithsonian,39
soveværelset,39
Smithy,39
Yamamoto,39
hestetyver,39
rendezvous,39
McCormick,39
hyah,39
menneskejakt,39
Peep,39
bilulykker,39
drageglass,39
pedo,39
Rapids,39
Vallarta,39
sprudlende,39
terg,39
serr,39
dekodet,39
bene,39
kokong,39
sé,39
Erlendur,39
bleikfis,39
idiotsikker,39
Bend,39
bleiking,39
Guyana,39
kolikk,39
matkuponger,39
kveldsdrink,39
teoretiske,39
Cravat,39
vederstyggelighet,39
sunni,39
villsvinet,39
utøvet,39
Pinto,39
soya,39
Alans,39
råkul,39
villstrå,39
oppslutning,39
iorden,39
gjensto,39
inntrengning,39
flammehav,39
a.m,39
uutholdelige,39
plekteret,39
dårer,39
uløselig,39
Challenger,39
Deepak,39
kanner,39
tidsskjema,39
tidsforskjellen,39
forretningsforbindelser,39
narkotikum,39
påstås,39
uhygienisk,39
pizzaene,39
maskering,39
ærende,39
gudsforlatt,39
fordamper,39
jaffaene,39
skrulla,39
aftens,39
familielivet,39
rummy,39
finansmann,39
colleget,39
rug,39
Roulet,39
svartnet,39
Holdings,39
fatteevne,39
mannskaper,39
Caruso,39
Financial,39
Eiger,39
betjente,39
Colonel,39
belønninger,39
gjenoppstandelse,39
nâr,39
mexicaner,39
komplimenten,39
veid,39
trucken,39
Sassy,39
Andolini,39
syklist,39
Underhill,39
drittdag,39
intervjues,39
dagligdags,39
relikvien,39
konservativt,39
Kenickie,39
plinger,39
Svens,39
Roybal,39
Lesli,39
Günther,39
passkontrollen,39
løpegutten,39
wat,39
Sissel,39
Steinmetz,39
Nord-Carolina,39
æressak,39
maskingeværer,39
sheriffassistent,39
misjonærer,39
filtrere,39
nøkkelord,39
algoritmer,39
kursendring,39
panterne,39
Stephens,39
Candyland,39
Pecos,39
hamle,39
advokatfirmaet,39
snes,39
snerrende,39
Semos,39
Wheal,39
Abigails,39
Stef,39
fresh,39
Pongo,39
lekteren,39
sjarlatan,39
kakse,39
trenden,39
weather,39
huslån,39
hardware,39
vinkjeller,39
Whittaker,39
røp,39
strom,39
Ingvild,39
merkelapp,39
kakaoen,39
CELL,39
Giacomo,39
Greggs,39
bayer,39
Desdemona,39
legend,39
rettledning,39
amputert,39
patenter,39
maskoten,39
skuldrer,39
Pistolero,39
Coca,39
BiIIy,39
pusses,39
smuglingen,39
dobles,39
Kenji,39
matematiske,39
forderver,39
skvetne,39
ogsÃ,39
Savonarola,39
overlev,39
Nige,39
naturgass,39
sh,39
mahdien,39
formørkelsen,39
Lyanna,39
forspillet,39
TSA,39
better,39
sniper,39
klaging,39
Iceman,39
vinglass,39
drapsetterforsker,39
fotgjenger,39
melankoli,39
kortesjen,39
tidsramme,39
landingstillatelse,39
avstraffelse,39
DVD-tekst,39
subtitle,39
Harkness,39
tigerens,39
innsida,39
eposter,39
Puppy,39
pakkis,39
Cumberland,39
folkemengder,39
Trotter,39
Antía,39
transportstrålen,39
Monas,39
overlistet,39
omfavnelse,39
flid,39
dekadent,39
Uriah,39
sonisk,39
Leeloo,39
detmed,39
runer,39
Sorenson,39
booty,39
Sophies,39
skalp,39
Acker,39
kabal,39
BiIbo,39
kreativiteten,39
Maxim,39
finish,39
Hellfjord,39
matematikere,39
ledsaget,39
fattigfolk,39
formulert,39
fattigere,39
overkommelig,39
tilbaketrukket,39
lufttett,39
sarkasmen,39
sar,39
Smithers,39
uåpnet,39
Lien,39
pinsett,39
Metzger,39
Lightning,39
duk,39
lydmuren,39
psst,39
foretrukne,39
omgrupperer,39
biIde,39
fattigste,39
Krauss,39
politietterforsker,39
anskaffet,39
pingpong,39
bekjemp,39
arrivederci,39
intergalaktiske,39
pressesekretær,39
oppkjøp,39
rally,39
økningen,39
bale,39
urokkelige,39
hjemplanet,39
Henley,39
lobbyvirksomhet,39
resulterer,39
feigingene,39
Rafferty,39
overrekker,39
Covington,39
Brodys,39
bokklubb,39
Turpin,39
bokhylle,39
pakning,39
snufser,39
Snowy,39
umenneskelige,39
navnløse,39
pingler,39
Tyrells,39
Boulis,39
hjerneaktivitet,39
pakistanerne,39
skytshelgen,39
erteris,39
lilje,39
altseende,39
Første-Orden,39
ubevegelig,39
furte,39
lekepistol,39
utstedte,39
gjennomgangen,39
fornedre,39
tungene,39
jordkloden,39
Kareem,39
Mattei,39
Arlo,39
ryddegutt,39
Emery,39
arrestasjonene,39
Zoë,39
langveis,39
Alva,39
Takahashi,39
Roose,39
Vestindia,39
este,39
Estefania,39
essensielt,39
romtiden,39
Pawley,39
romslig,39
arapaho,39
arbeidsgruppen,39
Hunley,39
turbinene,39
Hunsaker,39
Sofus,39
avisutklipp,39
versa,39
styringssystemet,39
daimonen,39
drittjobbene,39
leiesoldatene,39
vipper,39
uteble,39
krakken,39
likeglade,39
igangsatt,39
reising,39
omdiriger,39
Syndicate,39
Ackerman,39
bander,39
Frode,39
Mullen,39
monumenter,39
Maiken,39
hjemstedet,39
spenninger,39
fellesrommet,39
brokk,39
overskredet,39
brødene,39
Bosco,39
kortfattet,39
vektene,39
Freyene,39
Mattis,39
Duds,39
nner,39
Karstark,39
militant,39
Maison,39
derpå,39
Glenda,39
knoppen,39
skyskraper,39
stoIe,39
Helm,39
Spencers,39
uferdige,39
ufattelige,39
deIer,39
motstands,39
motstandsbevegelse,39
beære,39
Glennister,39
aqua,39
tupé,39
Raisa,39
knurring,39
pomp,39
Kellen,39
støttespiller,39
Titans,39
anmerkning,39
pueblo,39
nedlagte,39
Farms,39
akterover,39
aksjonsstyrken,39
kortvokste,39
motte,39
vekking,39
Australias,39
Metropolitan,39
sømmen,39
sømmene,39
psykopatisk,39
tjuver,39
dødsattesten,39
farr,39
diagnoser,39
kolossalt,39
Grimm'en,39
bartendere,39
graving,39
Tinkler,39
heads,39
tigg,39
Nah,39
kjempekul,39
Moons,39
Amado,39
Alcides,39
gullbarrer,39
Saab,39
Melea,39
lasarettet,39
FedEx,39
utvekslingsstudent,39
gjenvinner,39
desillusjonert,39
slavehandler,39
jernvarehandelen,39
tørkle,39
fullføres,39
datasystemet,39
varetekten,39
handelskammeret,39
øyebrynene,39
Leonards,39
illsint,39
nedgangen,39
svulmer,39
disc,39
NSAs,39
Bannion,39
tilkommende,39
theta,39
utmerke,39
ørska,38
ørkener,38
utmerker,38
laert,38
kjettere,38
terpentin,38
Foggy,38
Cinnamon,38
losset,38
losser,38
staker,38
Devine,38
tiltalene,38
nøtta,38
ParaSource,38
lettøl,38
ule,38
allmennhetens,38
revolusjonens,38
Helsingør,38
Dussel,38
mammagutt,38
tilsynsvergen,38
sluttresultatet,38
sluk,38
slue,38
Liams,38
loppet,38
lovmann,38
fallskjermjegere,38
stamp,38
fortærte,38
overskrider,38
samarbeidsvillige,38
hatefulle,38
Kraler,38
støl,38
styringa,38
rommets,38
sofaer,38
leirbål,38
papirpose,38
Coin,38
vekkerklokke,38
bysten,38
Siyar,38
Conor,38
SanCorp,38
rupier,38
anarkist,38
bekvemmeligheter,38
Sixten,38
Jolson,38
Jolie,38
knollen,38
ufortjent,38
selvsikkerhet,38
Rains,38
kafeer,38
kahytt,38
trigonometri,38
giddet,38
velkomstkomiteen,38
Gaye,38
tjukkere,38
uforbederlig,38
sjakaler,38
Rafa,38
motorveier,38
fremgår,38
evnukk,38
toere,38
Pressman,38
Goff,38
prioriterte,38
veikrysset,38
Anck-su-namun,38
eposten,38
eks-mannen,38
dogen,38
etat,38
Avigdor,38
Rafi,38
matrisen,38
Matteo,38
matter,38
Biegler,38
Preben,38
romanene,38
tjueen,38
forlovelsesfesten,38
rutenett,38
planlegg,38
Tafero,38
merkeIig,38
Barden,38
Emilies,38
aktig,38
kranium,38
korrumperer,38
bevisrommet,38
nominerer,38
Jonatan,38
bevilling,38
kløp,38
Stuarts,38
strømpen,38
leende,38
Cooley,38
dritet,38
magemuskler,38
legalt,38
byråets,38
avstikker,38
Evening,38
beinene,38
emfysem,38
Eichhorst,38
solbrun,38
formidlet,38
guddommelighet,38
Lucilla,38
Rutgers,38
debattere,38
prestasjonen,38
eksene,38
knip,38
Department,38
høyrearmen,38
rekvirere,38
rekruttering,38
makan,38
Orléans,38
dyrebeskyttelsen,38
ko-ko,38
skyttergraven,38
utøvere,38
Cammy,38
camper,38
bussjåfør,38
trenerne,38
korstogene,38
Suffolk,38
jevnaldrende,38
saldo,38
nødutgangen,38
titusen,38
kretsfengsel,38
sortert,38
leddgikt,38
farang,38
detjo,38
Renfield,38
fár,38
Warhol,38
Osela,38
Osgood,38
tildeles,38
savna,38
Lis,38
bruse,38
Liss,38
cordon,38
Fredericks,38
afrodisiakum,38
Waynes,38
filmstjernen,38
selvmordstanker,38
FBls,38
bruksanvisning,38
bruket,38
sjømat,38
Valeria,38
grise,38
mans,38
Kohler,38
utholde,38
klostret,38
pers,38
hudkreft,38
avspeiler,38
privatskoler,38
parten,38
sjøveien,38
betjeningen,38
veibeskrivelse,38
olympiaden,38
sheriffkontoret,38
magert,38
Jansson,38
byråkrater,38
Janos,38
nordvestlige,38
mimosa,38
Howland,38
streite,38
poIitimester,38
orakelet,38
juletider,38
opptrinn,38
Iyver,38
høreapparatet,38
Strasbourg,38
vortex,38
såvel,38
mynte,38
rumpehullet,38
Metcalf,38
Rumson,38
kritiser,38
kriterier,38
Amira,38
Fargas,38
forbrukere,38
tilbakeholden,38
plagede,38
fraskilt,38
kokes,38
funny,38
Corral,38
Margareta,38
repetisjon,38
strikk,38
corner,38
Harrisons,38
soveposer,38
ekser,38
regisserer,38
frihetsberøvelse,38
forsent,38
harpun,38
Frankensteins,38
f1,38
patolog,38
Vision,38
mikro,38
Mighty,38
manges,38
Caseys,38
valgfritt,38
Vales,38
zombien,38
Congo,38
juleferien,38
tannverk,38
fantom,38
soyamelk,38
Jin-seok,38
manen,38
sennepen,38
slager,38
befris,38
streben,38
woget,38
engangsgreie,38
Nåja,38
nådens,38
jenteprat,38
doms,38
oldtidens,38
betagende,38
småkakene,38
grensesnitt,38
forseglede,38
lzzy,38
lä,38
Stonebridge,38
Kaminsky,38
forsendelser,38
uteblir,38
arbeidsløsheten,38
såa,38
overkommando,38
fristedet,38
Jønas,38
eksemplarene,38
Pipers,38
reservat,38
stormens,38
Guiseppe,38
permisjonen,38
gælisk,38
sovna,38
kronologisk,38
pretensiøs,38
pretensiøse,38
forbarme,38
forbedringsanstalt,38
kroppslig,38
kirurgene,38
føkker,38
suspensjon,38
smøring,38
Halbachs,38
Hollister,38
halvautomatisk,38
hjertemassasje,38
kleshenger,38
klengenavn,38
småbyer,38
slakteri,38
pasientenes,38
veddeløp,38
mie,38
forholdsvis,38
bandasjene,38
kontinuitet,38
karteller,38
prøves,38
skotter,38
LM,38
Cline,38
fedme,38
skred,38
vrenge,38
Macao,38
opprørske,38
Wee-Bey,38
Weber,38
innehav,38
bombesikker,38
Chopra,38
utvannet,38
Tiggs,38
engene,38
skarpsindig,38
inntak,38
Kartago,38
toppløse,38
Arlanda,38
Toots,38
valyrisk,38
nedkjempe,38
raserer,38
door,38
syntetisert,38
plankene,38
Polk,38
kjaereste,38
likestilt,38
likså,38
jernbaner,38
Zé,38
Chrissie,38
bananene,38
Jernbanken,38
brigader,38
Ocre,38
fanta,38
bomberom,38
rockens,38
fanning,38
Quintero,38
tights,38
ødeIagt,38
Bishops,38
Roan,38
Heraldo,38
progressive,38
engeIsk,38
Miro,38
arrestordrer,38
Riverlands,38
symbolske,38
ransakingen,38
redslene,38
Benning,38
Piers,38
loddet,38
Clas,38
nådes,38
teamleder,38
njet,38
stjernebase,38
underet,38
Jürgen,38
Svartehavet,38
Kerouac,38
gruppesex,38
mea,38
dumdristige,38
Flats,38
gyngestolen,38
sammenlagt,38
drikkepenger,38
oppdateres,38
førerhuset,38
førsteplassen,38
María,38
marinejegerne,38
fjernstyrte,38
trebein,38
Lokes,38
travbanen,38
harikke,38
Banzai,38
smurfene,38
Santo,38
Hollands,38
halerotoren,38
Slinky,38
felespiller,38
Windu,38
jediridder,38
innesluttet,38
Sidi,38
Harley-Davidson,38
forskrifter,38
sekvenser,38
Locksley,38
tilstedeværende,38
paff,38
Jekel,38
hunde,38
virtuelle,38
gjennomborer,38
Pollock,38
tekanne,38
Joffreys,38
Blakes,38
nappe,38
Tekken,38
karameller,38
tort,38
bløtkake,38
trash,38
fĺtt,38
plassér,38
medisinert,38
medsammensvoren,38
sjanger,38
popstjerne,38
pragmatisk,38
dobbeltrom,38
stedatter,38
egge,38
kunngjøringer,38
fangehullene,38
implantatene,38
sentrer,38
dansetrinn,38
hem,38
dyreliv,38
DS9,38
dveler,38
Janek,38
Jan-Egil,38
Alessandra,38
vino,38
spillehallen,38
diamonds,38
sterilt,38
fosterfamilie,38
Hammerschmidt,38
flystyrten,38
Marwan,38
markien,38
novellen,38
nyra,38
dharma,38
svarttrost,38
sveitserost,38
Lula,38
murt,38
rasshøla,38
innhøstingen,38
misse,38
bøling,38
Melrose,38
Steffie,38
husarbeidet,38
landa,38
løpingen,38
revisjon,38
stemmeretten,38
batong,38
Batiatus,38
Telford,38
oppstanden,38
hjemmelekser,38
ulydige,38
Jafar,38
tibetansk,38
Dorthe,38
vannkanten,38
kompetente,38
sketsj,38
heksens,38
statsvitenskap,38
forverrer,38
china,38
pyroman,38
kjøles,38
Ironhide,38
blåveisen,38
Ope,38
kvantefysikk,38
vårferien,38
notorisk,38
sikringer,38
eliksiren,38
Jacobo,38
Lommekroken,38
LommeIun,38
Buenas,38
Greenshaw,38
utskriften,38
unnviker,38
familietradisjon,38
husken,38
læret,38
Simoncelli,38
Gonzalo,38
DNA-bevis,38
Victoria's,38
installasjon,38
utblåsning,38
nestekjærlighet,38
statsmann,38
dumhetene,38
Thorson,38
DeLorean,38
Lowrey,38
Darrel,38
mambo,38
åler,38
oppklarte,38
Carlitos,38
troløse,38
bankkontoer,38
arbeidsrom,38
dekte,38
muskelen,38
Microsoft,38
aIvorIig,38
aItfor,38
hooka,38
trojaner,38
svimlende,38
skjeløyd,38
Longo,38
feilslått,38
Williamsburg,38
noensteds,38
bukseseler,38
armerer,38
bagateller,38
flått,38
Duchesse,38
Ostia,38
hitch,38
Windy,38
dynamikk,38
østkystens,38
python,38
bøtene,38
chai,38
pysj,38
hebreer,38
Dyer,38
Chabi,38
Scrappy,38
galne,38
Delano,38
kjoper,38
Peking,38
fortgang,38
Pelé,38
dreams,38
drastiske,38
samarbeidsvilje,38
kaotiske,38
yoshi,38
videospiller,38
terskel,38
Lorenzos,38
Cinna,38
oyne,38
Delaneys,38
Sebastians,38
søvnproblemer,38
søvnløse,38
vaklet,38
vaktenes,38
ubekreftede,38
farmoren,38
Reign,38
innpisker,38
sabbatsår,38
alkoholproblem,38
Otter,38
kjempelett,38
Cerebro,38
thank,38
fIeste,38
noir,38
Rayder,38
Rudd,38
winklevoss,38
administrativ,38
villejeg,38
protestene,38
proteser,38
nedkjempet,38
svinekoteletter,38
frykteIig,38
Swain,38
Dorfman,38
anholdes,38
anholdelse,38
okkuperer,38
Figueroa,37
nudlene,37
apparatene,37
østerrikske,37
apner,37
gutteklubben,37
stamkunder,37
pelser,37
een,37
EEG,37
objektene,37
pitcher,37
kjepphøye,37
Natasja,37
forsøksperson,37
LA-politiet,37
Crimson,37
viden,37
fnise,37
lords,37
innkalling,37
kap,37
Crocker,37
fortrengt,37
kån,37
musical,37
beskyter,37
Keystone,37
tiltar,37
pugger,37
Jakku,37
Associates,37
overvåkningsbildene,37
Christos,37
Breaker,37
smaragden,37
forheksede,37
finkjemmer,37
Liars,37
brennmerket,37
Devil's,37
Asta,37
Jakov,37
glupere,37
uleselig,37
matbutikken,37
mamba,37
bankier,37
vanntanken,37
Lessing,37
brasende,37
Brantley,37
Jón,37
forfør,37
forførende,37
malplassert,37
Fryer,37
darlige,37
ready,37
juvet,37
forgylte,37
avveier,37
separere,37
Finney,37
oppsummerer,37
baerer,37
Baez,37
Baelor,37
badesalt,37
nattsyn,37
gagnet,37
herregården,37
allfarvei,37
reverserer,37
McDowell,37
yo-yo,37
samarbeidsviljen,37
overslag,37
sjefsinspektør,37
oppkall,37
Rouen,37
oksygenmangel,37
slåbroken,37
Brendas,37
vannstanden,37
imperier,37
sykepleierske,37
kommentator,37
uforsiktige,37
anklag,37
grunnlovstillegg,37
varmeskjoldet,37
vilkårlige,37
peiler,37
Nong,37
falling,37
kvinnfolka,37
Thornhill,37
pynten,37
pyramider,37
fiker,37
scoring,37
hela,37
heksejakten,37
enkelhet,37
enka,37
blindpassasjer,37
sakt,37
disippel,37
disiplinerte,37
vaselin,37
Grunvald,37
mutasjoner,37
ekornene,37
DeWayne,37
syltet,37
lidenskaper,37
værså,37
sjimpansene,37
bestanden,37
Darian,37
konkluderte,37
frosten,37
lonely,37
Dido,37
JSOC,37
dekret,37
armerte,37
irakere,37
penetrere,37
Guns,37
forsvarslinjen,37
skjebnesvanger,37
skjekke,37
mistenksomhet,37
sprunget,37
Springsteen,37
sprengladning,37
Forsythe,37
forvisse,37
vidder,37
unnvike,37
fingernegler,37
pikniken,37
nights,37
forIot,37
slip,37
Brians,37
Masterson,37
luner,37
saklig,37
femi,37
female,37
timet,37
timeglass,37
modul,37
faktiskt,37
utskytingen,37
utrydd,37
tentaklene,37
Tenenbaum,37
G-er,37
plekter,37
Steinur,37
dt,37
Hammersmark,37
Huston,37
villmannen,37
Ritas,37
unormale,37
malet,37
setebelte,37
bambino,37
Kelli,37
munnene,37
likbil,37
nisje,37
Nimoy,37
svaner,37
demons,37
sysler,37
trivielle,37
mungo,37
Muncie,37
gamlehjemmet,37
kjegler,37
distansen,37
børsnoteringen,37
spottet,37
promenade,37
hjemmefronten,37
dokumentmappe,37
fosterfar,37
Moltisanti,37
step,37
avbrytelser,37
desserter,37
Stephano,37
rettsmedisinske,37
vedlikeholdt,37
bandasjere,37
dimittert,37
banningen,37
slakterens,37
midtbanen,37
snau,37
dopamin,37
vampyrblod,37
Szalinski,37
fullmakter,37
ranken,37
Ranjit,37
Wormwood,37
hevelse,37
bølgende,37
silken,37
Silverhöjd,37
Silja,37
Sigurur,37
sekten,37
Wetter,37
hjemmeleksene,37
Whit,37
landevei,37
Tenant,37
pøl,37
applaudere,37
filial,37
nervebanene,37
drapsmistenkt,37
Bodie,37
Suresh,37
besøksforbudet,37
undertrykket,37
vrikke,37
Vreeswijk,37
forkaste,37
europeer,37
mucho,37
betaIt,37
Benghazi,37
frimurerne,37
tøsen,37
forelskelsen,37
Cullens,37
karavanen,37
innfridd,37
fřrste,37
badedrakten,37
Kananga,37
tub,37
jaaa,37
Napaloni,37
Baze,37
Baywatch,37
klamret,37
hypotesen,37
peppermø,37
Spiderman,37
innskrenket,37
skammelige,37
sagaen,37
Melville,37
folte,37
eksosrøret,37
tidsskrift,37
barnemorder,37
kammertjeneren,37
desperantene,37
spindelvevet,37
skjønnerjeg,37
Arc,37
ustabilitet,37
muggene,37
Olson,37
Ditlev,37
maker,37
makeløst,37
Hatteberg,37
griseprat,37
Condés,37
add,37
hokus,37
Wan,37
favnen,37
hats,37
fotballtrening,37
vestfronten,37
bjelkene,37
McCloy,37
Qatar,37
dekan,37
deja,37
bla-bla,37
robber,37
rødjakker,37
Marika,37
cd-spiller,37
heleri,37
jobbes,37
stilken,37
stikka,37
kulten,37
slakke,37
særdeleshet,37
ETA,37
Randalls,37
Dawg,37
Valborg,37
Vedek,37
veene,37
idolet,37
akse,37
vredens,37
Valliant,37
muay,37
korallene,37
kontrolltårnet,37
Supreme,37
vegetarisk,37
dødstrusler,37
lodne,37
Bois,37
Bohr,37
generøsitet,37
uttalen,37
utstasjonert,37
klarnet,37
misa,37
båtulykke,37
spetakkelet,37
egger,37
Heny,37
coup,37
forskrekkelig,37
mannskapets,37
saktne,37
Snickers,37
Rothschild,37
snekkerbua,37
Kojak,37
Kohl,37
Söderstedt,37
Andover,37
betingelsesløs,37
olé,37
privatlivets,37
gjenoppliver,37
Digby,37
nominere,37
Bethesda,37
Cletus,37
halvsøster,37
hjernehalvdel,37
stjeles,37
gratulerte,37
utstår,37
klaustrofobisk,37
fragmentering,37
mopper,37
viril,37
sperma,37
spekkhoggerne,37
ts,37
ydmykes,37
fjerdemann,37
Chiles,37
Shock,37
sammenbruddet,37
Bettina,37
sukkersyke,37
pilegrimene,37
Pilcher,37
farsi,37
snydens,37
filtrerer,37
Charlton,37
sneik,37
ropet,37
capitan,37
nøkkelmakeren,37
karrierene,37
forsikringspolise,37
Speidel,37
bolet,37
spesialpris,37
Larssen,37
fadervår,37
Karlsen,37
Pruitt,37
dispensasjon,37
skare,37
burgunder,37
didn't,37
speile,37
fraktskip,37
selvbevisst,37
margaritaer,37
utgravningen,37
nedenom,37
avhørsrom,37
Tuna,37
giftekniv,37
leirskole,37
leirskolen,37
forekom,37
pilegrimen,37
offentlighetens,37
oljer,37
veket,37
forlovelsesfest,37
botaniker,37
sukkerbit,37
ferskener,37
nomine,37
Christians,37
sudden,37
gullfisken,37
Morello,37
kruttønne,37
biprodukt,37
speilegg,37
Fantasia,37
speidet,37
minor,37
aldersforskjellen,37
clock,37
råds,37
økonom,37
ét,37
ureglementert,37
Uranus,37
Plautius,37
framstilt,37
dingser,37
Northwest,37
kaffekoppen,37
vakle,37
Hadass,37
habla,37
Gaza,37
intensiv,37
feltarbeid,37
Limited,37
está,37
medfølelsen,37
innehaveren,37
prærieulven,37
Chrisann,37
lysner,37
lyskasterne,37
drømmejobben,37
gj0re,37
Tareq,37
degenerert,37
løypa,37
shuttle,37
bryllupspresang,37
Hjorteguden,37
gg,37
heste,37
Hesh,37
absorbert,37
cake,37
opprett,37
aggregatet,37
styremedlemmene,37
motstykke,37
uforanderlig,37
maskuline,37
selvrespekten,37
inflasjon,37
ramma,37
knivbladet,37
Sixth,37
novise,37
portvakt,37
Jazzer,37
oppfyll,37
pessimist,37
stålsett,37
kortvokst,37
reserveplanen,37
pustevansker,37
utvises,37
D'avin,37
rÃ,37
skaperverk,37
utvid,37
utvidelsen,37
hårfin,37
mori,37
Zeelands,37
lavblokkene,37
Zimmer,37
sangfugl,37
Krall,37
kraniebrudd,37
arbeidernes,37
Raine,37
Raiders,37
druknede,37
panservogner,37
ultralyden,37
gjenoppbygd,37
bekjentskaper,37
fylker,37
rekkehus,37
Mille,37
Sofi,37
miljøer,37
sparegris,37
verbalt,37
renslig,37
ventris,37
Beebe,37
Latrell,37
sparebank,37
Latvia,37
miniatyr,37
fear,37
noveller,37
portretter,37
Jenner,37
dete,37
poengtere,37
uniformerte,37
opptrapping,37
vaginaer,37
strupehodet,37
rekordtid,37
Priamos,37
eksempelet,37
kranglene,37
solsikke,37
borgerlige,37
Balem,37
Geller,37
Tonto,37
bilnummer,37
givakt,37
juler,37
Goddard,37
ask,37
Iyset,37
Billings,37
sirkulere,37
brutter'n,37
djerve,37
gresstrå,37
gapet,37
kIokka,37
racketen,37
forbruket,37
livløse,37
krigsherren,37
venterom,37
Vitelli,37
shining,37
Macy's,37
hovedvitne,37
dritredd,37
sonder,37
milliardæren,37
somre,37
tilbakekalt,37
Sayyaf,37
luftspeiling,37
Saints,37
sadler,37
fysj,37
Donato,37
fysiologisk,37
behoIde,37
gebisset,37
salmer,37
situasjonens,37
bytta,37
Marciano,37
selvmordsbrevet,37
mørklegging,37
stresskoffert,37
FBI-agenten,37
Orville,37
Fibonacci,37
Leclerc,37
Norbert,37
ledestjerne,37
oppfostrer,37
ebola,37
kinoer,37
skulpturer,37
rollefigurene,37
stripes,37
helliger,37
helligdager,37
helligdom,37
struper,37
sitronsaft,37
gehør,37
Magruder,37
sommerskole,37
cheyenner,37
samuraiens,37
overmanner,37
Calumet,37
uføre,37
Plissken,37
Donk,37
rynket,37
ryk,37
Papale,37
dryppende,37
hobbyene,37
Warleggan,37
Wards,37
Venganza,37
vendinger,37
bilbombe,37
renessansen,37
gravplassen,37
barrikade,37
sec,37
skinnhellige,37
innredningen,37
sikkerhetsfolk,37
golv,37
Squirrel,37
Kyoto,37
stakkarslig,37
fortroppen,37
stadionet,37
prosessoren,37
våkna,37
ruinerte,37
fasttelefonen,37
seansen,37
Animals,37
svømmehallen,37
Bullitt,37
padden,37
marmelade,37
østtyske,37
Screaming,37
18-åring,37
νært,37
nugget,36
Chadway,36
Marstrander,36
HviIke,36
ørst,36
Duce,36
skilsmisseadvokat,36
skilling,36
Darrell,36
forfølg,36
separatistene,36
dustemikkel,36
Glabrus,36
Aud,36
utdannede,36
arvestykke,36
fnugget,36
trafikkpoliti,36
leveransene,36
levemåte,36
finneren,36
Cardinals,36
finnene,36
ildsprutende,36
Widgren,36
Themistokles,36
apartheid,36
basketak,36
kjæledegge,36
kjopte,36
territoriene,36
wide,36
abonnementet,36
ordinert,36
dummy,36
viddi,36
mistror,36
Rihanna,36
hvalross,36
dressert,36
bruddstykker,36
Hellman,36
Savino,36
fever,36
skule,36
oppfinnsomt,36
Faranoosh,36
stryknin,36
feriene,36
Zenotek,36
overleverte,36
BiII,36
Siskel,36
Stuckey,36
magnetisme,36
fordom,36
talerør,36
livgarde,36
Littleton,36
ufølsomme,36
tolvåring,36
nærværende,36
lysbryteren,36
Zenas,36
stroppen,36
B-Rabbit,36
skaffa,36
talentløse,36
inglês,36
uvilje,36
Pinchelow,36
begreper,36
Takehaya,36
raffineriet,36
tabellen,36
tab,36
mantra,36
skalvi,36
fordampet,36
copper,36
marg,36
mørkhåret,36
heteroseksuell,36
Hub,36
lykantrop,36
medikamentet,36
boringen,36
ingeniørkunst,36
båndopptaker,36
relingen,36
Reordan,36
Tommasino,36
kastrere,36
orgien,36
Aftenprofeten,36
maskerade,36
jamme,36
preket,36
prege,36
Sonne,36
bondetampen,36
Hulda,36
vitenskapsmennene,36
gødt,36
Renate,36
sitarspilleren,36
Bålboå,36
julepresang,36
Underbakk,36
klyse,36
Tamina,36
begrens,36
skrytt,36
skrutrekkeren,36
skrytepave,36
avskjæring,36
kritikker,36
omjeg,36
Billinger,36
Daggett,36
krigsministeriet,36
strikes,36
Rolls-Royce,36
Coriolanus,36
UV-lys,36
barndomsvenn,36
inntektskilde,36
forblødde,36
hovedstyrken,36
Legate,36
akuttmottak,36
zeta,36
Shelton,36
Shifty,36
dadler,36
krigsmaskinen,36
jurymedlemmene,36
beiter,36
fyrstikken,36
behå,36
anspente,36
ansiktsløftning,36
bihulene,36
krasjlandet,36
Stuttgart,36
9mm,36
Zoidberg,36
skummer,36
distribusjonen,36
politikammer,36
avslapning,36
pressens,36
gem,36
gelenderet,36
strateg,36
Solotov,36
Baldrick,36
interiørarkitekt,36
kraner,36
reklamefilmen,36
först,36
tannbørster,36
kloret,36
höre,36
ambulansefolkene,36
plattformer,36
nødmelding,36
nødhjelp,36
hovere,36
solguden,36
H2O,36
pasa,36
avholder,36
Shad,36
Biggie,36
Bifrost,36
guffen,36
motstandskraft,36
reises,36
leiemord,36
romprogrammet,36
er...en,36
Nayman,36
kinaputt,36
skrubber,36
Chao,36
margaritas,36
mask,36
latrine,36
Mayans,36
Reodor,36
hønsehjerne,36
motorkraft,36
høyteknologiske,36
Rohangapet,36
proffen,36
himmeIen,36
wire,36
handletur,36
Jordy,36
Gaveston,36
lydopptak,36
jolla,36
tv-er,36
Jayden,36
Jassie,36
panserbrytende,36
Biggles,36
ambassadørene,36
forsaker,36
Corvetten,36
visestatsadvokat,36
giftstoffer,36
gIemte,36
bevæpner,36
frende,36
innbruddstyver,36
Quincannon,36
kroppsvæsker,36
amatørmessig,36
Peralta,36
fabrikkert,36
Stonehill,36
verdipapirer,36
GFO,36
Strang,36
Machiavelli,36
Alana,36
trygden,36
skrujern,36
skater,36
gangsta,36
skværet,36
favorittsted,36
søn,36
estetisk,36
informasjoner,36
vaktskifte,36
glamorøse,36
neglen,36
Salomon,36
bymurene,36
porteføljen,36
Mainwaring,36
reguleringen,36
freser,36
turnere,36
megger,36
pandaer,36
befatning,36
bedreviter,36
tarvelige,36
følelsesladd,36
pröver,36
salighet,36
Spear,36
stylist,36
Bibi,36
albanerne,36
avdelingens,36
fleksibilitet,36
halvingen,36
halvfull,36
skriftene,36
douche,36
lekende,36
lillesøstera,36
Garfunkel,36
Kilmore,36
nedentil,36
purkesvin,36
treningsøkt,36
framhever,36
framgangen,36
stjåIet,36
Majmun,36
lusa,36
Sugarman,36
bevegelsessensorer,36
dampet,36
følgelig,36
naermer,36
klinkekuler,36
klinikker,36
Bolotov,36
fanklubben,36
Alcide,36
penthouse,36
reimene,36
poter,36
tømmermenn,36
ufullstendige,36
Roebling,36
urbane,36
platået,36
DiMaggio,36
Saudi,36
satsing,36
Ramal,36
endestasjon,36
treøyde,36
Kahlenberge,36
Ayres,36
grøften,36
snikmord,36
firkantede,36
maksimere,36
nøkkelhull,36
titlene,36
selvsentrert,36
filosofiske,36
mansjettknapper,36
uprofesjonell,36
Karla,36
stoIer,36
Amarillo,36
Amaru,36
Verringer,36
Amar,36
snikskytterne,36
forløsning,36
stk,36
Frame,36
toppmoderne,36
Aquaman,36
elitesoldater,36
lsildurs,36
J.C,36
Wal-Mart,36
sjøsyke,36
gringoer,36
sølvdollar,36
funksjonell,36
selν,36
Sem,36
saldoen,36
Vespa,36
gigant,36
parterer,36
prekær,36
veiarbeid,36
eiken,36
holdeplass,36
agua,36
nittini,36
Fønsmark,36
innenriks,36
Oddball,36
ekskones,36
Tauriel,36
Taurus,36
råvarer,36
suksesser,36
reglement,36
fridager,36
herskerinnen,36
ordentIig,36
sammenlikner,36
boksåpner,36
Nixons,36
såpestykke,36
særpreg,36
skøytene,36
Lindbergh,36
vøre,36
Balon,36
Ballroom,36
tjenestegjør,36
jeez,36
gjentakelse,36
evaluert,36
sultent,36
Andropov,36
Gatorade,36
keisere,36
kolesterolet,36
Sinai,36
Vinyard,36
plukkes,36
erstatninger,36
Becks,36
beaucoup,36
føringen,36
Beamen,36
Salems,36
Kubelik,36
frakker,36
alvisk,36
propper,36
Mirush,36
Edelweiss,36
edelhet,36
Rosenborg,36
Roschmann,36
småprater,36
godte,36
Ayala,36
Hasil,36
Zorba,36
hemmeligholdes,36
Handsome,36
jordboere,36
slapt,36
hatsk,36
carpe,36
Casely,36
mannehore,36
lenestolen,36
klareste,36
Qadir,36
faIIer,36
Monarch,36
bla-bla-bla,36
stikkene,36
Björk,36
fotograferes,36
Gigantor,36
stillaset,36
Custers,36
bittelitt,36
lansert,36
skokk,36
were,36
hjemom,36
Dudleif,36
très,36
jug,36
Bayard,36
Bayern,36
obskur,36
BMW-en,36
nettbrettet,36
spirer,36
Bogomil,36
spiII,36
hyrt,36
omtales,36
cupen,36
Adlai,36
dueller,36
utleveringsavtale,36
klanens,36
bodega,36
Spiro,36
rivalene,36
forstÃ,36
avfeide,36
asteroider,36
integrering,36
Gervais,36
trauma,36
kammerset,36
Travolta,36
pale,36
drøyde,36
tidsskipet,36
work,36
Tormund,36
Neptune,36
bl,36
vinklingen,36
hurpete,36
splittes,36
temperamentsfull,36
dyrebutikk,36
Savak,36
Muddy,36
Muck,36
konvensjonell,36
oldtiden,36
surfebrett,36
roste,36
likvake,36
slaktehus,36
skøyerstrek,36
Brillan,36
slap,36
Granderson,36
granatsplinter,36
fullendte,36
fotarbeidet,36
Faisal,36
Fairbanks,36
alters,36
Provence,36
Genie,36
pp,36
jernvarehandel,36
bananen,36
Alexi,36
steinete,36
Bledsoe,36
returen,36
Mohamed,36
gulsott,36
forward,36
rangeren,36
midtre,36
brannfarlig,36
Snehvit,36
vato,36
bestyre,36
Muldoon,36
pH,36
flosshatt,36
Hanover,36
luntene,36
Yakov,36
nytelsen,36
rumenske,36
Incheon,36
etsende,36
kk,36
seksualiteten,36
Pac,36
Paavo,36
Vinces,36
Jango,36
fjolsene,36
signaliserte,36
Jerty,36
Capra,36
punch,36
salene,36
lagune,36
Laine,36
Gennero,36
DNA-prøven,36
banksjefen,36
punks,36
Tillman,36
raringen,36
likeledes,36
jussen,36
Principe,36
tørkleet,36
huska,36
Peachy,36
trobbel,36
triumferende,36
bestikket,36
sv,36
ig,36
svant,36
pompøs,36
Geri,36
Kandi,36
loytnant,36
Scorpio,36
notér,36
Elon,36
ulykkene,36
fattigdommen,36
slesk,36
sendebudet,36
overlapper,36
mandagen,36
syndenes,36
Ravenna,36
Acke,36
dobble,36
konsern,36
Murmansk,36
mammon,36
community,36
smugles,36
forjettede,36
forIate,36
guvernører,36
engineering,36
promp,36
forventede,36
Modisane,36
oksekjøtt,36
kennelen,36
Arbogast,36
folge,36
hamp,36
erklær,36
erkjent,36
kjønnsorganene,36
spretten,36
rikker,36
Edwina,36
vanIig,36
Mankato,36
parlamentsmedlem,36
lydløse,36
hastig,36
Geoghan,36
kveldstid,36
unnlatt,36
Dexters,36
kommandørens,36
slokker,36
Aiken,36
impala,36
kommandosoldater,36
etterfølge,36
ravnene,36
pengesum,36
Mellis,36
skjellsord,36
nasjonalbanken,36
Bassianus,36
konkubine,36
sveive,36
fruens,36
forvoldt,36
gummien,36
vidd,36
viddene,36
Hydras,36
peilet,36
språkbruk,36
lønningen,36
butikkeieren,36
sju-åtte,36
slutningen,36
kommunestyret,36
forhandlingen,36
oppjaget,36
Phillies,36
konkylien,36
Eisenheim,36
ikkesant,36
Varinia,36
elskverdige,36
Bravano,36
bratte,36
vannski,36
sjiraffer,36
lovløshet,36
SAC,36
skjekk,36
Predator,36
tvetydig,36
Starlight,36
smilehull,36
fluktbil,36
nevekamp,36
Plover,36
golfspiller,36
marsboer,36
overensstemmelse,36
havregrøt,36
Nattreven,36
loving,36
gravkammeret,36
Marrakech,36
hebreerne,36
udgiver,36
fighting,36
atomkraftverk,36
delirium,36
administrative,36
Cille,36
terroristgruppe,36
innkvartert,36
dollarsedler,36
stamkunde,36
onsket,36
kyssene,36
kjempesnill,36
musestille,36
nølende,36
Ketil,36
falmet,36
kän,36
Stagg,36
stappmett,36
videobutikken,36
Iurt,36
rave,36
Dorn,36
imamen,36
matbutikk,36
serber,36
trofeene,36
lettvekter,36
innrede,36
sebraer,36
overbevisninger,36
Ottawa,36
eksploderende,36
innretninger,36
kretsfengselet,36
Fredricksen,36
gjenåpnet,36
diligence,36
spyet,36
bulker,36
Cirque,36
Saad,36
flåtene,36
galla,36
Colony,36
Michelles,36
dieu,36
kynisme,36
Pekka,36
fengselsvesenet,36
sikkerhetsproblem,36
sikkerhetskode,36
Centennial,36
these,36
eksponere,36
eplejuice,36
svunnet,36
Ekdahl,36
Breed,36
MIB,36
νel,35
νår,35
Dybbøl,35
øs,35
Martell,35
dyne,35
øredobb,35
attentatforsøk,35
østporten,35
utmerkelsen,35
Markie,35
våpenkammeret,35
nuggets,35
Gillingham,35
Colonna,35
jÃ,35
forfedrenes,35
dřd,35
levesett,35
slemmeste,35
sleske,35
homofob,35
homoer,35
utrustningen,35
pålen,35
erkeengelen,35
G.W,35
anvendelse,35
THX,35
tenger,35
kjøpesentre,35
kjøkkenbenken,35
kjærtegner,35
Greenbow,35
eksponentielt,35
klaffen,35
Terrys,35
Galasso,35
kjendisene,35
kjempevondt,35
testingen,35
tidde,35
Niners,35
rullene,35
rumensk,35
brifer,35
Ascot,35
Midori,35
fasere,35
primus,35
prinsipielt,35
prioriteres,35
priorene,35
Leth,35
forhistoriske,35
Italian,35
Horatsion,35
e-postadresse,35
vuggesang,35
Iufta,35
Cathcart,35
maskinpistolen,35
observatoriet,35
Chaplin,35
notatbok,35
dipp,35
innforstått,35
narkobaron,35
klammeri,35
antydninger,35
innfinne,35
førsteårsstudent,35
klaps,35
fartsbot,35
Miho,35
Roseanne,35
DHS,35
Award,35
Vostok,35
W-9,35
slektskap,35
Slaughter,35
Slash,35
Broderick,35
likesom,35
Messinger,35
justerte,35
Agustín,35
hokuspokus,35
klarsyn,35
tegneserien,35
barnebøker,35
Beddoe,35
ertene,35
mano,35
selvstyre,35
manøveren,35
utjevne,35
Chapin,35
Marce,35
3PO,35
ærerike,35
Duvall,35
ærIig,35
massegrav,35
tronsalen,35
dørklokken,35
Hogarth,35
rundjulte,35
lemlestelse,35
rorer,35
lemonade,35
aksenter,35
snerten,35
forkludret,35
Eadu,35
oppgjørets,35
mikroskopisk,35
Borneo,35
privilegerte,35
trillioner,35
polerer,35
elektronikken,35
Jays,35
duvet,35
Quoyle,35
degenererte,35
ervervet,35
inndra,35
Tarek,35
tiere,35
tidvis,35
tannpirker,35
Qyburn,35
naturvitenskap,35
Putnam,35
Beeman,35
Nica,35
Farid,35
Bouchard,35
Rosalyn,35
Ronaldo,35
detkan,35
runka,35
skyteglad,35
Fords,35
Azul,35
Hoelstad,35
Lindy,35
skviset,35
Cocteau,35
oppringningene,35
Raccoon,35
klistremerke,35
Tanja,35
tilbakeholdenhet,35
Nazirs,35
barndomshjemmet,35
Barnaby,35
Deerfield,35
grate,35
RAC,35
Carries,35
tikke,35
filtre,35
finanskrisen,35
trumf,35
politifolka,35
brukernavn,35
fordeles,35
Borkøy,35
sonene,35
Vivi,35
Parton,35
vogga,35
hovent,35
ungdomsskole,35
aktors,35
legemiddelet,35
ist,35
undskyld,35
ugjenkjennelige,35
Jarrah,35
pote,35
antennes,35
Odone,35
Gjøvik,35
Jeopardy,35
helv,35
kluss,35
taktikker,35
Radagast,35
radiosenderen,35
dedikerte,35
Donnell,35
injeksjoner,35
H.W,35
dristighet,35
akuttmottaket,35
vites,35
fornøyelig,35
kalesjen,35
mime,35
warpfart,35
kalkulerer,35
sommerens,35
Lito,35
Hobart,35
beitet,35
fysiologi,35
takeaway,35
tagget,35
arbeidene,35
arbeidsgivere,35
arbeidsforhold,35
fyrs,35
finurlig,35
mastene,35
management,35
malmen,35
materien,35
check,35
Sovjetunionens,35
skubbe,35
gød,35
edderkoppene,35
spanjol,35
Wehrmacht,35
Weeks,35
Federov,35
goin,35
bryterne,35
forblindet,35
livserfaring,35
Julians,35
afrikaner,35
halvferdig,35
trutmunn,35
niste,35
julebord,35
julebordet,35
avsindig,35
Spenser,35
virvler,35
pall,35
mingle,35
minken,35
Rockland,35
nusselig,35
makeup,35
serviettene,35
influensaen,35
overlevelsesinstinkt,35
deaktiveres,35
knyttnever,35
Futterman,35
Rainer,35
søyle,35
vaktpost,35
nedbør,35
epinefrin,35
Anshel,35
Ansar,35
måjeg,35
Virg,35
trekanten,35
gåtene,35
universe,35
universitets,35
pokerspill,35
langveisfra,35
prosenten,35
boligområde,35
fangens,35
skravlet,35
forandra,35
bråte,35
forbandt,35
Halvan,35
Ethans,35
Jethro,35
Cannon,35
Ben-Hur,35
anni,35
Ramzan,35
etablissementet,35
syttifem,35
São,35
insider,35
Plains,35
ferskingen,35
Zucher,35
Zoric,35
arbeidsledighet,35
skoletiden,35
spir,35
ving,35
gymlæreren,35
hurtige,35
vingespenn,35
Didier,35
gjenbruk,35
Lanes,35
spisebordet,35
spising,35
forstoppet,35
Traven,35
traumet,35
tred,35
uteliggere,35
syndebukken,35
maurtue,35
Canadian,35
dysset,35
Hasan,35
zloty,35
Shayne,35
organisering,35
Zelenka,35
Maisie,35
dingsene,35
mattelærer,35
ringside,35
blåses,35
blåselampe,35
lakener,35
baderom,35
gyldige,35
Gyldenlem,35
lnkludert,35
Padua,35
skolegangen,35
spolen,35
spontanabort,35
feiget,35
memoet,35
loggført,35
vanligere,35
improviser,35
muterer,35
beregnes,35
ette,35
Khama,35
tilsølt,35
kommenterte,35
fuglefrø,35
beretter,35
grammofonen,35
kolonialen,35
anmerkninger,35
dophuer,35
avreagere,35
feilmargin,35
alive,35
alke,35
buddhistisk,35
nykker,35
familienavnet,35
Opal,35
forsøkspersonene,35
nettsider,35
promper,35
Oooh,35
lagerhus,35
sprint,35
sprukne,35
autoriserte,35
Henshaw,35
Bernhard,35
komprimert,35
Piccolo,35
illojale,35
Darlington,35
kompliserer,35
bankbokser,35
etternølere,35
Bertrise,35
kon,35
Ricki,35
Armstrongs,35
irriter,35
drepen,35
spørsmalet,35
Rikskrim,35
Vilain,35
mellomvekt,35
røra,35
trakasserte,35
Georgio,35
nestsjef,35
hjelpesløs,35
skjulesteder,35
foles,35
skjelving,35
buffeten,35
Melkeveien,35
skjende,35
skjems,35
umodent,35
Jaffe,35
Kye,35
Pendry,35
guttebarn,35
guts,35
iPhonen,35
forvrenge,35
Gomlerne,35
Gruner,35
gjestfri,35
jingle,35
Zaya,35
Froy,35
besteg,35
oksygennivå,35
varmtvannsberederen,35
Varney,35
sutra,35
Redford,35
konsepter,35
fromhet,35
svartedauden,35
platebutikk,35
graffitien,35
blest,35
gunstige,35
Gunns,35
bleia,35
forvalte,35
revurderer,35
trafficking,35
kappes,35
statsansatt,35
Meliorn,35
Mellom-Amerika,35
feilte,35
skips,35
Lorca,35
losje,35
gjeninnsette,35
avlyses,35
Tuesday,35
vaskebjørnen,35
mumien,35
svartes,35
konserthuset,35
svanene,35
frodige,35
igler,35
konstruktiv,35
Suzu,35
Kelsi,35
ihop,35
fjelltopp,35
McCardle,35
McCourt,35
Ieder,35
gjerrigknark,35
gjerningsmannens,35
Dima,35
Poughkeepsie,35
diskriminerer,35
ugjerningen,35
uIykke,35
Cable,35
redningsoppdrag,35
kontorarbeid,35
avblåser,35
Sidsel,35
entret,35
pIan,35
Petyr,35
frikort,35
kontekst,35
Gatlin,35
Vedén,35
insulinet,35
Veyron,35
Faisel,35
Dico,35
did,35
steden,35
kvegtyver,35
moment,35
stegene,35
molekylær,35
cinco,35
rettssakene,35
næringen,35
pleiersken,35
involveres,35
uortodokse,35
bulldoseren,35
bullit,35
skiftenøkkel,35
sikkerhetsbelte,35
Flagstaff,35
løkringer,35
dikteren,35
Nordkoster,35
jobbrelatert,35
androiden,35
superior,35
vegrer,35
vedtaket,35
frigjøringen,35
regenten,35
Gaute,35
handleliste,35
lovpriser,35
bures,35
bunter,35
kupeen,35
rettene,35
kunnskapene,35
kunstgalleri,35
Stifmeister,35
engstet,35
hyperventilerer,35
Vest-Europa,35
bursdagsselskapet,35
skaft,35
flyreisen,35
Burr,35
Toranagas,35
iboende,35
velbefinnende,35
sukkerrør,35
frigid,35
idealisme,35
Dostojevskij,35
dammer,35
Korwin,35
korsets,35
siloen,35
bøllen,35
Silvers,35
overvelder,35
orde,35
bønnhørt,35
lærebok,35
nonnen,35
Silje,35
flygebladene,35
lugubre,35
saksmapper,35
saksere,35
luftetur,35
skalpellen,35
håndskrevet,35
tupper,35
Turid,35
montering,35
vertens,35
Armageddon,35
stjerneflåte,35
kuldegrader,35
stoffskiftet,35
bussbillett,35
hierarkiet,35
Dk,35
Stinky,35
Dumire,35
hersk,35
Chocolate,35
rekkverk,35
fremlagt,35
i-en,35
beyond,35
Bigg,35
motorsyklene,35
sjokktilstand,35
handtere,35
Emmanuelle,35
Nome,35
ukontrollerbar,35
pensjonisttilværelsen,35
versene,35
kryssforhør,35
restaurert,35
krypt,35
pryd,35
Karras,35
fabrikkens,35
frafaller,35
Moores,35
arkeologiske,35
storfe,35
Gulf,35
periodiske,35
Xanadu,35
Perkin,35
hårball,35
krusifiks,35
Florian,35
lvy,35
sjarmerer,35
sjappe,35
frembringe,35
Gucci,35
motorsagen,35
preike,35
velmenende,35
HØYSPENNING,35
bikinien,35
kredittverdighet,35
Guadalcanal,35
enset,35
stritte,35
kreditten,35
omfattet,35
drabelig,35
Doyles,35
ballader,35
McNeil,35
bys,35
lysning,35
enser,35
aminosyrer,35
dulle,35
Dulles-tårnet,35
hevdes,35
hetter,35
repene,35
Rendell,35
ammen,35
gudsønn,35
kashmir,35
guider,35
rensker,35
biltyv,35
frastøter,35
Morrissey,35
strykejern,35
stripping,35
kreftsvulst,35
høydepunktene,35
urinere,35
DNA-testen,35
Gorbatsjov,35
intrikat,35
høyblokkene,35
medhold,35
tomgang,35
freaker,35
Mosley,35
Eyre,35
krigsforbrytere,35
intervaller,35
emigrerte,35
diktatorer,35
Salomons,35
gjensidige,35
jaktulykke,35
sirklet,35
mediet,35
lykkeamulett,35
flire,35
innovasjon,35
innløse,35
kjendisen,35
graviditeter,35
innrømt,35
markedsføringen,35
cellekameraten,35
seirene,35
økonomisjef,35
obligatoriske,35
Marvel,35
marsjert,35
fiklet,35
Masha,35
udødeligheten,35
udåden,35
14-åring,35
galakser,35
utrykket,35
pitch,35
Oberg,35
Cawdor,35
ærbødigst,35
erjenta,35
Naseri,35
Galaxy,35
sekspakning,35
schizofrene,35
Maries,35
Schrader,35
20-tallet,35
øyevitner,34
Schweitzer,34
Jellicles,34
ubrutt,34
Jefferies,34
atspredelse,34
erkjennelse,34
narkovrak,34
dekorasjon,34
kjeglene,34
kjelene,34
kjølen,34
påtvunget,34
bataljoner,34
underforstått,34
nips,34
avstenging,34
mestrene,34
Thaulow,34
kjenning,34
dokumenterte,34
Oates,34
arvtager,34
Iurte,34
DeWitt,34
brannalarm,34
SMS-ene,34
smokken,34
underdanig,34
nyresvikt,34
portør,34
poserte,34
overhøre,34
Masja,34
scanner,34
maskinpistoler,34
Colvin,34
Fassbender,34
rekvisitt,34
strømregningen,34
guarden,34
byråene,34
flinkest,34
flinkeste,34
tvillingen,34
flokkene,34
avholde,34
hettene,34
heteroseksuelle,34
yne,34
Lynda,34
Salino,34
fleng,34
katapultene,34
kremeres,34
høygaffel,34
stredet,34
D.E.A,34
geistlige,34
billøp,34
Freddys,34
omorganisere,34
flor,34
bypass,34
bakvaskelse,34
intro,34
plettfrie,34
gudfryktige,34
Venezias,34
bilbelte,34
krykke,34
storartede,34
Noma,34
Eminem,34
luremus,34
jakkelommen,34
nom,34
sjåførens,34
Moonpie,34
respektfullt,34
gemene,34
provisorisk,34
perleporten,34
Pentangeli,34
resirkulert,34
respektløshet,34
Enrico,34
kronjuvelene,34
Facebook-siden,34
reservasjoner,34
Streets,34
Morgul,34
gulfen,34
Bismarck,34
jointer,34
tv-stasjon,34
jolle,34
byll,34
Floki,34
sjelefrende,34
platte,34
uplanlagt,34
Meal,34
hapet,34
Flavius,34
Heyerdahl,34
Woodruff,34
Woodhouse,34
håndbagasje,34
Bitsey,34
kosteskaft,34
Mead,34
astmaanfall,34
joggetur,34
tverr,34
Bøh,34
heslige,34
hertugens,34
GTO,34
Evils,34
fremsiden,34
daimon,34
reklamerer,34
Bibbidi,34
Douglass,34
Omer,34
luksuriøst,34
luksushotell,34
sjetongene,34
Hillman,34
urne,34
toga,34
Guddu,34
anabole,34
luftgevær,34
Nermin,34
Eldorado,34
omstendelig,34
hyppig,34
bakhånd,34
cupcakes,34
retorikken,34
størstedelen,34
kosmetikk,34
kortslutte,34
korrumpert,34
bevilgninger,34
regulatoren,34
adgangskode,34
Witch,34
nordmannen,34
sile,34
flanker,34
oversvømmelsen,34
hardkokte,34
negrer,34
bevokt,34
støvkorn,34
kugalskap,34
Peoples,34
vertikal,34
Meesh,34
meet,34
Turley,34
Aviva,34
flyktningleir,34
ozonlaget,34
Hines,34
hingster,34
adjektiv,34
melasse,34
flyver,34
hyperaktiv,34
bleket,34
regioner,34
regimenter,34
andreåret,34
PHONE,34
anekdote,34
koraller,34
López,34
dildoer,34
heromkring,34
hermetisk,34
overstyrer,34
Keens,34
dobbeldate,34
eika,34
Beths,34
reforhandle,34
Altman,34
monologen,34
sagbruk,34
lsabelle,34
polyester,34
ordonnans,34
yppet,34
hardnakket,34
dundrende,34
Calais,34
McCallister,34
sidedøren,34
grusomste,34
fritak,34
besværet,34
Timberlake,34
Siegel,34
fjesene,34
nybakte,34
Sikes,34
Chinkin,34
McHale,34
tyrefekting,34
Yup,34
andremann,34
muggent,34
GPSen,34
koordinasjon,34
Reeds,34
Redondo,34
Tyrker'n,34
Sids,34
Mohamad,34
momento,34
Cue,34
Wilmington,34
Pacino,34
gjenlyd,34
Neeei,34
nedturen,34
svangerskap,34
ektemannens,34
beskjøt,34
Reata,34
konfirmasjonen,34
angreps,34
grunnere,34
Jinnah,34
Alonso,34
Machin,34
Chewbacca,34
Shirin,34
dobermann,34
arbeidsværelset,34
banet,34
pIeier,34
Widmore,34
armbåndsuret,34
Ipswich,34
Reverser,34
forveksles,34
stavelser,34
hyenene,34
kverna,34
Tink,34
vaskemaskiner,34
mumling,34
opptakeren,34
Hanaki,34
Louises,34
skikkelsen,34
Melge,34
Melly,34
mellomrommet,34
track,34
Bloods,34
Mm-hm,34
alkoholproblemer,34
allergiske,34
ridderlighet,34
stargate,34
Crunch,34
folde,34
buffer,34
umoral,34
røntgenbilde,34
pakistaner,34
Mellon,34
Eep,34
Pelican,34
armere,34
Blodbryllupet,34
Stanzler,34
Onassis,34
eføy,34
fallskjermene,34
Zarthas,34
forvisning,34
unnskyldte,34
Elea,34
designeren,34
protestantiske,34
prosentandel,34
kyssa,34
ringeakt,34
LaForge,34
forsvinninger,34
forsøkspersoner,34
blowjob,34
sprengladninger,34
Laertes,34
forsøksdyr,34
magan,34
mafioso,34
Sheinkman,34
tyveriene,34
Atene,34
hensiktene,34
tysta,34
samspill,34
Okey-dokey,34
Ravens,34
Sweetums,34
Berkowitz,34
kompost,34
Sharla,34
Maggott,34
Madox,34
mobiliser,34
stabiliseres,34
kåringen,34
køyer,34
plastiske,34
read,34
iler,34
Doreena,34
sydpolen,34
gropa,34
Datan,34
folkemassen,34
røykingen,34
lobbyist,34
Clays,34
loggboka,34
Grozin,34
muskett,34
Imma,34
utbetales,34
Khrusjtsjov,34
Khmer,34
bankingen,34
kommunens,34
dødstrøtt,34
anmeldelsene,34
grodde,34
fuktighetskrem,34
komikeren,34
demontert,34
griske,34
Kicking,34
hverdager,34
elIer,34
nylon,34
nymalt,34
nykomlingen,34
juge,34
Foltrigg,34
oppsigelser,34
ogsе,34
ogs,34
Garys,34
Gascoigne,34
Kif,34
Grainger,34
inspirasjonskilde,34
transplantasjonen,34
orgelet,34
hengningen,34
Zobrist,34
Zelda,34
Shada,34
ranselen,34
datene,34
daue,34
Missandei,34
Rink,34
sprettert,34
operativt,34
Normans,34
potent,34
Dink,34
orgasmen,34
lngrid,34
Paddington,34
hamburgerne,34
Bobbidi,34
spjeldet,34
Gere,34
prosjektleder,34
misslykkes,34
et-eller-annet,34
etset,34
særlige,34
Kolbein,34
grisebanke,34
dinglende,34
maktbruk,34
sexens,34
Capua,34
hemmeligholde,34
70-årene,34
tilsidesatt,34
rasene,34
ransakelsesordren,34
etser,34
arbeidsledige,34
spirituelt,34
gjeller,34
Westmorland,34
feet,34
Clement,34
skolert,34
julemiddag,34
prestegården,34
kampvilje,34
gesten,34
miraklenes,34
landsmøte,34
forspilt,34
forspilte,34
spisser,34
spinning,34
diskett,34
durer,34
Orin,34
servise,34
jernkorset,34
gjører,34
Prada,34
sanitetssoldat,34
Kamino,34
Bombur,34
sønners,34
Purvis,34
tilnavn,34
bekymrede,34
Debbies,34
porene,34
miraklene,34
bokhyllen,34
spesifikasjoner,34
langvarige,34
oppasser,34
driftig,34
hunkjønn,34
hungersnød,34
Zim,34
lnternational,34
halvfullt,34
hjertens,34
feed,34
progressivt,34
minotaur,34
Virginias,34
lceman,34
Patris,34
forretningssans,34
Pointcorp,34
nålestikk,34
sparegrisen,34
forråtnelsen,34
patogen,34
bryggeri,34
week,34
meningsmåling,34
sour,34
Bonnies,34
Corningstone,34
Rockys,34
roIIe,34
spekteret,34
spekk,34
oppdragets,34
pandemi,34
Palms,34
pretor,34
Clough,34
bryllupsfest,34
makkere,34
fiolinist,34
Speckles,34
spartanske,34
Larue,34
bombardert,34
Spartas,34
boligene,34
beinbrudd,34
tagger,34
rypene,34
CO2,34
fordampe,34
skuffa,34
Meridian,34
Wanyan,34
gardister,34
søsterskap,34
Sørøst-Asia,34
belastende,34
raknet,34
Arbeiderpartiet,34
Knoll,34
V8,34
MasterCard,34
seremonier,34
CarI,34
matforgiftet,34
cheerleadere,34
ekstranummer,34
Kimmo,34
kinarestaurant,34
visitere,34
latino,34
farefull,34
ryggene,34
Giuseppe,34
avskriv,34
Agency,34
afroamerikaner,34
dustehue,34
Ånei,34
Jarek,34
Pork,34
uforskammethet,34
glideren,34
Diondra,34
Arroyo,34
tilbakestill,34
beinrangel,34
tac,34
taktfull,34
begripelig,34
grevlingen,34
utyske,34
auditoriet,34
Cord,34
faraoen,34
vitnemålene,34
LBJ,34
sovepille,34
souvenir,34
kinin,34
tilbakeveien,34
dørken,34
dørhåndtak,34
Ryback,34
problemo,34
pastill,34
akuratt,34
Sopranos,34
Millwall,34
mamsen,34
feteste,34
Carsons,34
Garabedian,34
barndoms,34
Münchhausen,34
rablet,34
Tanzania,34
dyrearter,34
Sarumanns,34
sarkofag,34
fingra,34
overkomme,34
Cartier,34
åndedrettet,34
mammaer,34
Roos,34
fornemmelsen,34
fornemt,34
Eberlin,34
distribuerer,34
distingvert,34
fordelingen,34
hallusinere,34
Kaiya,34
hovedpulsåren,34
Partridge,34
hovedsporet,34
drittpraten,34
parykker,34
Copenhagen,34
borgerverneren,34
defibrillatoren,34
gangavstand,34
eremitt,34
definerte,34
Nagata,34
klesbutikk,34
jasmin,34
uforutsett,34
haddejeg,34
farkosten,34
militærtjeneste,34
Naveen,34
Delta-Xray-Delta,34
innavlede,34
utvidede,34
kliss,34
Boulder,34
Botwin,34
Ronnies,34
snørrete,34
Treskjegg,34
Borr,34
Bos,34
bosatte,34
klokkeslettet,34
tannpasta,34
fordrukken,34
avsnittene,34
Mervin,34
Coldwater,34
skvær,34
snødd,34
kIær,34
ekskludert,34
pisking,34
innenriksminister,34
Nakamura,34
deIe,34
klausul,34
eksorsisten,34
snorke,34
girspaken,34
troppssjef,34
Orton,34
Manwaring,34
innstiller,34
O'Dwyer,34
Tigress,34
drittungene,34
mikrofilmen,34
miksen,34
lender,34
lempe,34
snipe,34
hoteIIet,34
Voydian,34
atmosfæriske,34
attpåtil,34
ubehaget,34
Hatton,34
årstider,34
romper,34
solfylt,34
pokal,34
dominerte,34
klagende,34
Baz,34
Tellegio,34
telemetri,34
telegrammer,34
domfelt,34
attrå,34
Bozo,34
rosmarin,34
Mifflin,34
BC,34
førsteåret,34
ekspeditør,34
ekspedere,34
barnemishandling,34
slaveskip,34
triumfer,34
kabinett,34
Parry,34
vrakrestene,34
Concorde,34
oppglødd,34
snarrådig,34
teknikkene,34
Beatdown,34
Becket,34
foregående,34
trompeter,34
metamenneske,34
walkie-talkien,34
likegodt,34
natrium,34
attaché,34
dynamiske,34
Heihachi,34
dykkeren,34
østerriksk,34
øser,34
helbrederen,34
breaking,34
paraplyer,34
paramilitære,34
brekt,34
nuII,34
pistolskudd,34
Elronds,34
nasket,34
slukta,34
levet,34
Jörgen,34
Giorgio,34
Mias,34
Colum,34
Hakan,34
forhatte,34
kjappis,34
color,34
ligaens,34
Lier,34
Holtz,34
ain't,34
rugbrød,34
Fats,34
dvergenes,34
oblasjonskommisjonen,34
barter,34
Jamals,34
medgir,34
nor,34
Hanzo,34
Xiangyang,34
marsboerne,34
Marston,34
seIger,34
seigt,34
fikle,34
Filippo,34
marka,34
dynga,34
Basin,34
terminatoren,34
utryddelsen,34
basaren,34
Jean-Louis,34
heiagjengleder,34
dypest,34
marokkansk,34
ømtålige,34
økes,34
Jellystone,34
Mariann,34
Marigold,34
20th,34
erfarer,34
Pøh,34
2-eren,33
Chace,33
hearts,33
Barty,33
Tetra,33
Gallery,33
kjemperedd,33
gravingen,33
Apollon,33
Théo,33
Barris,33
innpakning,33
Thao,33
helautomatisk,33
Seahawks,33
overdøve,33
Sebastien,33
Bath,33
pisseprat,33
ekspedisjoner,33
utslippet,33
anvende,33
førsteutgave,33
Nanahara,33
tidsskriftet,33
manøvrer,33
many,33
Marcie,33
maquiene,33
dypfryst,33
Scarborough,33
maskinist,33
dirigenten,33
ekskursjonen,33
ekskoner,33
innenlands,33
beboelig,33
Kleinfelter,33
teften,33
innstillingene,33
Aprile,33
befeste,33
defensiven,33
innboksen,33
ereksjonen,33
klaring,33
klasket,33
Antone,33
Bedfords,33
limer,33
mesters,33
Messalina,33
jungler,33
trua,33
oppofrelser,33
partimedlem,33
hospits,33
Aruba,33
Parris,33
hoppene,33
vulcansk,33
foresatte,33
Broad,33
walkman,33
holding,33
oppgav,33
snarlig,33
Mieke,33
computere,33
computerne,33
pokerfjes,33
Gilcrest,33
jćvla,33
prinsippsak,33
midd,33
middagstider,33
mikken,33
forkorte,33
Snapchat,33
horisonter,33
Horik,33
hallusinerte,33
hodeskaden,33
avsluttende,33
skure,33
legalisert,33
Romey,33
dritgøy,33
romferd,33
snyltere,33
Ruprecht,33
Brom,33
skyskrapere,33
Cocoa,33
russian,33
oppmøtet,33
oppmuntres,33
Millburn,33
Easton,33
aksjemegler,33
voldt,33
mildne,33
Construction,33
giftes,33
Azog,33
forliste,33
forkler,33
opphev,33
nikkedukke,33
divergent,33
småsaker,33
brain,33
farmasøyt,33
livaktig,33
litterær,33
undas,33
politikkens,33
underbevisst,33
givere,33
cosa,33
fantomer,33
merkbar,33
Coby,33
fordervede,33
skuddløsningen,33
Liston,33
litte,33
aftenen,33
Waxey,33
aktør,33
sosialisme,33
sorti,33
Nguyen,33
kalibrert,33
producer,33
somlet,33
somaliske,33
romanser,33
Arrius,33
hovedoppslag,33
passasjerfly,33
sovesalene,33
forretningsavtale,33
farende,33
forpliktelsene,33
Lassen,33
Spanish,33
Rodrik,33
Destry,33
kameratskap,33
treffsikker,33
ghetto,33
elektrodene,33
drømmeren,33
skrevne,33
boksingen,33
Alcott,33
visere,33
Cortina,33
Boltonene,33
spasmer,33
Sotiris,33
Bruun,33
menneskerettighetene,33
skrivesperre,33
avsagt,33
avsi,33
julemirakel,33
trylleformel,33
fanteri,33
spaet,33
spagettien,33
dritfin,33
Dixons,33
Ishido,33
uniformert,33
Gogo,33
presisere,33
en-to,33
Peagreen,33
operativsystem,33
risikofritt,33
coyoter,33
landhandel,33
misbruket,33
halvgud,33
rådvill,33
menneskehjernen,33
skoledagen,33
forankret,33
skranglete,33
afghanerne,33
presterer,33
polene,33
engelsklæreren,33
destruert,33
nevrokirurgisk,33
Larrys,33
forberedes,33
bryllupssuiten,33
halvmeter,33
opinionen,33
Pavlovich,33
Gyp,33
Langford,33
bokholderen,33
pavelige,33
Vinz,33
universelle,33
peishyllen,33
dreng,33
guvernor,33
hvalp,33
Rights,33
mjauer,33
Laddie,33
Blä,33
Sponder,33
splintene,33
rævhull,33
lndianere,33
rømningsforsøk,33
rødmet,33
skjødesløst,33
buddhister,33
vinkjelleren,33
miskunn,33
Ringholm,33
familiemøte,33
Kaniel,33
kanadier,33
sporsmalet,33
forstørrelsesglass,33
fangeleiren,33
forspranget,33
spillingen,33
Bacall,33
laknene,33
forsvarsløst,33
blødningene,33
vindmøller,33
skjelt,33
Mellark,33
sabbat,33
WikiLeaks,33
forutsier,33
standing,33
vidunderbarnet,33
kyllingsalat,33
Oppspor,33
Whitacre,33
whiskers,33
lokkende,33
eliminer,33
pressefolk,33
looper,33
skiven,33
Rifki,33
sprøstekt,33
labber,33
mistress,33
riksveien,33
badevannet,33
trane,33
pecker,33
mistenksomt,33
rimelighetens,33
Stainer,33
blodsutgytelser,33
blodåre,33
Stacie,33
Alkymisten,33
vikarierer,33
trøyer,33
Tulip,33
tuIIer,33
tuben,33
avliver,33
handels,33
Ducati,33
mongol,33
armenere,33
armensk,33
kvinneklær,33
hjelpemann,33
Adrien,33
han-du-vet,33
meldinga,33
Cissy,33
hykleriet,33
kveldsnyhetene,33
Gunny,33
reve,33
kapitlene,33
kapitlet,33
kapitel,33
Toy,33
blodmånen,33
stamfar,33
Blodstrupmoen,33
kystlinjen,33
proteinet,33
geologisk,33
alone,33
gummihansker,33
gnagsår,33
avkjøringen,33
Josemaría,33
handlekraftig,33
himlen,33
Alvar,33
Stills,33
stillferdig,33
bunnløs,33
safirer,33
Sabian,33
mekanikerne,33
sagmugg,33
nykomling,33
poltergeist,33
diskvalifisere,33
Vick,33
vibbene,33
Crédit,33
blas,33
uopprettelig,33
genmodifisert,33
skingrende,33
Sacha,33
Culloden,33
Culluh,33
culpa,33
kurtisane,33
Fosters,33
bladde,33
blah,33
fossefall,33
håndter,33
pergament,33
stjernenes,33
stjerneporten,33
Kuala,33
stjernetåka,33
bitches,33
kul'n,33
sjøkaptein,33
luggen,33
lufttrykk,33
chupacabra,33
Chun,33
megahertz,33
HiIIiard,33
kræsje,33
toppmøte,33
næringsrik,33
hyperfart,33
hilsenen,33
oppunder,33
luftes,33
Sailor,33
luene,33
bIåser,33
fotballkamper,33
kunstverket,33
Bjørnøya,33
pepperkaker,33
kunstnerne,33
stift,33
stiene,33
stoffri,33
håpløshet,33
bir,33
krypskytter,33
desarmerer,33
nerven,33
uptown,33
arkiverer,33
overvåknings,33
ulovligheter,33
presidentskapet,33
medvirkende,33
medmenneskelighet,33
birds,33
Resistance,33
resirkulerer,33
håndbrekket,33
Wolfes,33
Luisa,33
lunsje,33
sjelevennen,33
salam,33
Opry,33
oppvisningskamp,33
Stinson,33
Montauk,33
gullgraverne,33
armada,33
dln,33
Bakers,33
Torp,33
Torild,33
flokkens,33
premiene,33
Johnsen,33
jokum,33
tusj,33
Perseus,33
Pernilla,33
Amit,33
sakner,33
lunsjavtale,33
Hannover,33
Yakavetta,33
hevnlysten,33
Wyatts,33
sje,33
Christa,33
bindestrek,33
CÉyde,33
kroppslige,33
storkoser,33
storform,33
Hårek,33
hårbånd,33
pepre,33
stjernetåken,33
morkaken,33
hæh,33
hæla,33
ambassader,33
krones,33
kroniske,33
Bingham,33
gjenskapt,33
jakthytta,33
sirkulasjon,33
lysekronen,33
lykkejeger,33
sivilforsvaret,33
bystyremedlem,33
høyresving,33
intravenøs,33
Gosen,33
pletten,33
tolvtiden,33
krigs,33
heteslag,33
Lutan,33
overvåkingskameraet,33
Tonopah,33
bakrusen,33
verdensvant,33
Daario,33
motatt,33
kreperer,33
amour,33
Bilby,33
ventelisten,33
høvdingens,33
Renick,33
kringkaster,33
kriminalteknikerne,33
frastjålet,33
F-16,33
tomter,33
Rejas,33
kotelett,33
analyseres,33
stumpene,33
krasjstedet,33
Bigelow,33
evneveike,33
Daile,33
flatskjerm,33
ynene,33
Hertzfeld,33
harddisker,33
Nuñez,33
Tycho,33
læregutt,33
petroleum,33
Denning,33
katatonisk,33
urgammel,33
lynende,33
bålene,33
McNelly,33
means,33
Salvato,33
høynet,33
dagsverk,33
Freia,33
strutter,33
omgikk,33
tjernet,33
toasten,33
tllbake,33
C'mon,33
bøtten,33
McMillan,33
McKussic,33
andunge,33
suppekjøkken,33
Sunaina,33
much,33
bevoktede,33
stå-opp-komedie,33
Silvia,33
lærebøker,33
læren,33
tvilende,33
gjenvinning,33
sikkerhetsansvarlig,33
Reich,33
mottrekk,33
korttriks,33
nøk,33
inter,33
GPS'en,33
entreprenøren,33
fremskaffe,33
goth,33
analogi,33
velt,33
høytider,33
bevegelighet,33
betvinge,33
Evangeline,33
eventyrere,33
redselsfullt,33
Petterson,33
konverterte,33
Muerte,33
muffinsen,33
Eurus,33
Graciella,33
arevis,33
nyanse,33
Ellas,33
Janis,33
Tyrellene,33
Harlon,33
sIanger,33
fripass,33
redningstjenesten,33
nødvendigste,33
pleddet,33
ordninger,33
samboere,33
flaggermusene,33
chippen,33
dåden,33
fjong,33
frikjenner,33
kopimaskinen,33
identitetene,33
Andor,33
Kehoe,33
tjenesteforsømmelse,33
Kaz,33
Titt-tei,33
Calebs,33
M16,33
nordenden,33
praktikantene,33
potetstappe,33
Harriets,33
Zardoz,33
berømthet,33
grusvei,33
siciliansk,33
sammenliknes,33
overraskelsesangrep,33
oversettes,33
overstyr,33
Dunder,33
organisasjonene,33
Ieser,33
Ieste,33
konstatert,33
bamsefar,33
kemosabe,33
gatelangs,33
Olivias,33
vedskjulet,33
pultene,33
keiserinnens,33
andreplassen,33
vedvare,33
bestillingene,33
konspirere,33
konspirert,33
veddeløpshest,33
Eje,33
pianotimer,33
groupie,33
beruselse,33
konduktør,33
konferere,33
nedgangstider,33
nedslått,33
tølper,33
gjetting,33
Norlander,33
nordøstlige,33
Jimenez,33
mafiaboss,33
Camerons,33
FSK,33
henvendelse,33
fIyr,33
Madi,33
Fitzwilliam,33
Zhao,33
Zander,33
tyvegodset,33
avbestilte,33
konfrontasjoner,33
sverter,33
kongresskvinne,33
OL-laget,33
vaser,33
dobbeltspill,33
utarbeider,33
Mayflower,33
Maudette,33
mailene,33
nullstille,33
sesjon,33
maje,33
sexavhengig,33
søndagsmiddag,33
søkkvåt,33
Pigeon,33
komedien,33
etterforsking,33
epletre,33
Garvin,33
synagogen,33
dauing,33
pikkhue,33
vannflaske,33
etterlates,33
RCT,33
Raysy,33
Raw,33
synonymt,33
indikere,33
impulsene,33
Pullings,33
Puh,33
Ketcham,33
reager,33
eks-kjæresten,33
Mya,33
symbolisere,33
syklisk,33
søppelbøtte,33
Navorski,33
punktere,33
plantegninger,33
Dodee,33
dont,33
donoren,33
Eklund,33
tøytete,33
Jernøyene,33
nummerert,33
Durand,33
hastesak,33
Deadpool,33
informantene,33
Belden,33
banksjef,33
raset,33
Hasselhoff,33
zoomer,33
sannere,33
sandsekker,33
Malcolms,33
servitørene,33
sødme,33
rancher,33
myntet,33
kokkens,33
kollektivt,33
doi,33
insomnia,33
arbeidsleiren,33
antent,33
pinsler,33
kluter,33
kløen,33
Inhuman,33
kmIt,33
knabbet,33
takknemligheten,33
Sap,33
serveringsdame,33
Malraux,33
malum,33
Jeri,33
overnattingsfest,33
antakelsen,33
ode,33
fyllinga,33
taes,33
T-Dog,33
Railroad,33
anskaffe,33
gransk,33
sørøstre,33
cheeseburgere,33
pilla,33
Doody,33
Doofy,33
grimmer,33
vager,33
kneppet,33
fyrster,33
fyr'n,33
helsesøster,33
selvtilfredse,33
finansieres,33
nade,33
eksorsismen,33
uttrykkene,33
inneha,33
tass,33
tilbakebetalt,33
tilbakebetale,33
mammuter,33
sarkofagen,33
Saratoga,33
sensuelle,33
Mandrake,33
helomvending,33
racer,33
Eshel,33
pioner,33
Tallinn,33
klysa,33
plagene,33
utholdelig,33
Barksdales,33
naturkraft,33
nazisten,33
klitorisen,33
tankekontroll,33
klokest,33
befrielsen,33
tanket,33
befrukte,33
selvforakt,33
hele-tatt,33
Jemima,33
atropin,33
atomubåt,33
jedirådet,33
Jeffs,33
fiImen,33
baseleiren,33
basere,33
kjæledyrene,33
kjempefort,33
Pygar,33
Thumper,33
erjobben,33
selvdestruksjon,33
påbegynte,33
Dolce,33
kjøttpuddingen,33
kjennerjeg,33
Nasser,33
Erie,33
påkjenning,33
Pitts,33
utspørring,33
utskåret,33
nasjonalitet,33
påtalemakten,33
tenkerjeg,33
Anzor,33
tidsskjemaet,33
tidligste,33
rotoren,33
Smoke,33
parketaten,33
Roxane,33
branntrappen,33
brannstigen,33
item,33
Iukter,33
Hakuna,33
vårruller,33
Colombo,33
Hollander,33
Halden,33
paracet,33
Brigante,33
iverksatte,33
jævligste,33
trollkvinne,33
Deveraux,33
brennbart,33
Liberace,33
slusk,33
rumpeballene,33
homsebar,33
østveggen,33
øredobben,33
braste,33
forhekse,33
brekket,33
Honecker,33
Honor,33
Pard,33
ufine,32
gladiatorene,32
君,32
tøysete,32
glassfiber,32
seddelen,32
øyekroken,32
seiltur,32
ubarmhjertige,32
uanstendige,32
Pikachu,32
groveste,32
Ceti,32
slide,32
hakekors,32
rundstykke,32
Berner,32
vanskelighetsgrad,32
illojalitet,32
værmannen,32
illustrere,32
kompanier,32
bergene,32
colombianere,32
Grug,32
angå,32
musikklærer,32
selvbiografien,32
schnapps,32
catwalken,32
Margido,32
3-2alfa,32
Margate,32
cd-spilleren,32
Helenas,32
heldiggrisen,32
glid,32
Jez,32
Noriega,32
Fiel,32
Masaka,32
Mary-Anne,32
kommandører,32
syerske,32
fuchsbau,32
Metromann,32
svisj,32
kompress,32
vannrør,32
Impossible,32
Imperie,32
anklagerne,32
improvisering,32
anleggene,32
anla,32
hollenderen,32
Alisa,32
blow,32
pekefinger,32
masserte,32
massas,32
manual,32
blomsterbutikken,32
fortapelse,32
Vikings,32
hverdagslige,32
lab'en,32
pei,32
glitch,32
mobilisert,32
riften,32
blomsterhandleren,32
blomsterbutikk,32
glis,32
Norrlon,32
portaler,32
Avada,32
astrofysikk,32
kvelte,32
selvoppholdelse,32
Helmut,32
42nd,32
nordlyset,32
avholdes,32
glovarmt,32
tykkhudet,32
avdelingslederen,32
manipuleres,32
selvportrett,32
åtet,32
nordavinden,32
automatgir,32
prakket,32
Nybakken,32
svingninger,32
Slasher,32
Paquita,32
favoriserer,32
levning,32
slurker,32
Honus,32
svorne,32
bero,32
kongressmedlemmet,32
ikledd,32
ikkejeg,32
slynge,32
sløving,32
kombinerte,32
Bennys,32
nyhetsteamet,32
tuII,32
ul,32
Carro,32
Tubman,32
Jaipur,32
Tunisia,32
gjenoppbygger,32
steindød,32
molto,32
falafel,32
kvantum,32
hyklerske,32
blekerne,32
revansje,32
hydraulisk,32
komiske,32
Walnut,32
pikes,32
Brittle,32
symaskinen,32
symbiose,32
sylteagurker,32
sylskarpe,32
fastboende,32
smertens,32
Kono,32
konkurrert,32
frontrute,32
Ajay,32
gnidd,32
care,32
cardigan,32
forsvarssystem,32
culebras,32
Culiacán,32
rettsbetjent,32
trø,32
guvernørvalget,32
lagkaptein,32
fordøyer,32
valset,32
besok,32
oppmuntringen,32
brodert,32
Annabeth,32
etpar,32
skyter'n,32
Codexen,32
merde,32
Randbæk,32
linjal,32
koloniens,32
hoffdame,32
Warrens,32
Leonid,32
hoppeslott,32
Reddingtons,32
kongressvalget,32
brownie,32
smult,32
konsist,32
konsertene,32
forhåndsregler,32
sms-et,32
Angelas,32
konspirasjonsteori,32
farvannene,32
asosial,32
presidentene,32
Finneran,32
Malthus,32
orken,32
fiolette,32
gjenklang,32
gjengmedlemmer,32
sanseløs,32
festa,32
fiolett,32
man's,32
matata,32
fingerneglene,32
tunet,32
Hockney,32
koalisjon,32
knølhvaler,32
fuske,32
hodeløs,32
halshogge,32
bruddene,32
Forces,32
fyllesjuk,32
skrubbsultne,32
Livesey,32
ineffektiv,32
ofringer,32
Feathers,32
aftershave,32
we'll,32
truppen,32
Juneau,32
kurerene,32
avspark,32
Trunchbull,32
spjæling,32
emning,32
ringvirkninger,32
hylsene,32
vi'kke,32
grinda,32
hjulspor,32
skrømtet,32
skråsikker,32
forbannete,32
menneskesmugling,32
opprydding,32
livstidsdommer,32
livstidsstraff,32
ramla,32
skreik,32
skriblerier,32
bekymringsfullt,32
rakne,32
Ester,32
målets,32
mytiske,32
Matlock,32
underground,32
make-up,32
åk,32
Ásgeir,32
Jughead,32
Nobels,32
trylleformelen,32
Ja...det,32
diagrammer,32
Iøper,32
juIenissen,32
Umi,32
Akmal,32
Vonnie,32
Angharad,32
grunnskolen,32
redigering,32
rosehagen,32
Mikaelson-familien,32
Lenn,32
eufori,32
skolesystemet,32
lkon,32
takkekort,32
beile,32
vaIgte,32
målskiven,32
lnne,32
Bubbs,32
lockdown,32
wet,32
Aella,32
radiorommet,32
Inglewood,32
Wendells,32
hjemturen,32
Skov,32
Pino,32
Ingstad,32
Deck,32
Esmond,32
eskortepike,32
behandlingene,32
Pinkman,32
altmuligmann,32
Sancho,32
Zurg,32
Zodiacs,32
vertskap,32
håndhilser,32
stiftemaskin,32
Kumbaya,32
kunsthistorie,32
håndgemeng,32
omstridt,32
Curzon,32
Cushing,32
Maleficent,32
kupong,32
stillestående,32
veddeløpsbanen,32
multinasjonale,32
gruppeleder,32
gruppeklem,32
Sutphin,32
hors,32
frityrstekt,32
konsulenten,32
dansekonkurransen,32
snare,32
snekre,32
kloakkene,32
tankeløst,32
frisyrer,32
Iure,32
Trix,32
Shana,32
Cheyton,32
Chev,32
canadiere,32
mauren,32
Magne,32
Campo,32
90-årene,32
makabert,32
harve,32
fødselsdatoen,32
talking,32
Klu,32
Tamir,32
beer,32
tallrike,32
beføle,32
røykepause,32
grenseløse,32
grenseløst,32
tapperhetsmedalje,32
oppsett,32
føIes,32
Klinkerhoffen,32
Tasselabb,32
Tarzans,32
mopeden,32
bistro,32
undertrykkelsen,32
istykker,32
tremenning,32
tremenningen,32
spisestua,32
Bodil,32
Coventry,32
Alessa,32
perfeksjonist,32
dramatikken,32
restaurantbransjen,32
rettsmedisinerens,32
landgang,32
spisested,32
cracker,32
risikofylt,32
rituelle,32
pedalen,32
Fonn,32
förste,32
loffer,32
konteksten,32
fritar,32
lekkasjene,32
susp,32
idømt,32
lekebil,32
mikseren,32
voldshandlinger,32
Azamat,32
Madaky,32
trikot,32
goes,32
treningsleiren,32
Mackie,32
MacKay,32
Shelter,32
Kaitlyn,32
Azeroth,32
Nijmegen,32
Aardal,32
Zaitsev,32
politibeskyttelse,32
distriktsadvokaten,32
Azkadellia,32
Kadar,32
kabrioleten,32
paa,32
buffeen,32
feilbedømt,32
feilbedømte,32
Whip,32
advokatkontor,32
Antoninus,32
deite,32
Bucho,32
quiche,32
pøs,32
erobringen,32
eksorsist,32
Grekenland,32
innfallsvinkel,32
professorene,32
Kampf,32
ngen,32
prognose,32
kaldblodige,32
Amalie,32
polakken,32
trekvart,32
Bixby,32
birolle,32
krypteringen,32
Cypher,32
cyborg,32
resirkulering,32
Curie,32
fraksjonen,32
frakkene,32
eggeskall,32
stimuli,32
pøblene,32
ERV,32
utstyrte,32
innenriksdepartementet,32
deiter,32
deiIig,32
pistasj,32
piskes,32
ekspansjon,32
eksos,32
Wiktor,32
melkeprodukter,32
bukken,32
Dominick,32
føy,32
Whitmore,32
buene,32
skjönner,32
budsjetter,32
lommepengene,32
loompa,32
MacElroy,32
Shurehand,32
Yum,32
framstille,32
verifisert,32
nettbrett,32
forsnakket,32
krybbe,32
trettiseks,32
Djervell,32
spillefilm,32
idiotsikkert,32
Phnom,32
europeerne,32
eiendomsrett,32
movie,32
Evensen,32
idrettsutøvere,32
Frisco,32
Tennyson,32
Sunrise,32
veggs,32
mujahedin,32
muffinmannen,32
Skippy,32
Lorch,32
Cindino,32
fnyser,32
bassenger,32
boligmarkedet,32
Dunlop,32
løsesummen,32
kapitulerte,32
fjelltoppen,32
lanken,32
storstilt,32
langhelg,32
langdistanse,32
omprogrammert,32
Dressler,32
Aleister,32
oversvømte,32
should,32
Chickering,32
krykken,32
klamt,32
Baynard,32
teknologiens,32
oppstilt,32
oppstuss,32
røy,32
Bunchy,32
røya,32
feiltakelser,32
telegraferte,32
utsagnet,32
Terminus,32
Obelix,32
obdusere,32
telefonregningen,32
utskriftene,32
kjøkkenkniv,32
obdusert,32
plyndringen,32
kanoene,32
tranebærjuice,32
IOA,32
involver,32
bajonetten,32
Goliath,32
Trace,32
CaIifornia,32
Cagney,32
transaksjonene,32
kanarifugler,32
Shoebridge,32
Snøhvits,32
bortforklare,32
frihavnen,32
Societele,32
Hackett,32
habitat,32
hovedhuset,32
korta,32
vokalist,32
kjensgjerningene,32
kjennetegner,32
pIuss,32
Thark,32
uprøvd,32
arkivere,32
Nelse,32
toroms,32
oppdragsgiver,32
dadda,32
morsekode,32
Roche,32
forsknings,32
forsider,32
trading,32
Bagram,32
Duchess,32
administrere,32
Nask,32
oljet,32
identifiseringen,32
Sui,32
Skipped,32
Citrus,32
friend,32
Bettys,32
korsettet,32
bevingede,32
Petrovich,32
Betsey,32
Reiss,32
korrespondansen,32
Flaherty,32
flak,32
dumping,32
ordinært,32
kassaapparatet,32
tonns,32
samboeren,32
Cactus,32
ypperstepresten,32
bakketoppen,32
generalsekretæren,32
uoppmerksom,32
Nattskygge,32
TheFacebook,32
ibIant,32
Tigellinus,32
felger,32
duellere,32
sabotører,32
woge,32
ADHD,32
apper,32
plaffe,32
dole,32
kjedene,32
mekker,32
skaperne,32
ls,32
Hillside,32
flymaskin,32
moteriktig,32
Eyrie,32
katana,32
Corto,32
Minna,32
straffange,32
visiret,32
Vishy,32
Remington,32
dagligvarebutikk,32
hønsene,32
hörte,32
verdensutstillingen,32
strammes,32
Françoise,32
provd,32
nervepirrende,32
McGinty,32
mormon,32
kjempesint,32
kjempere,32
appellen,32
soft,32
borggården,32
rehabilitere,32
krabb,32
kra,32
legetime,32
borgerplikt,32
Kiyoko,32
formørket,32
sipper,32
båtens,32
McMuffin,32
bærere,32
ordensforstyrrelse,32
yndlings,32
lærerens,32
Neolusjon,32
upersonlig,32
intuitiv,32
lærenem,32
uretten,32
sikkerhetsstyrke,32
flakser,32
saksmappene,32
buskaset,32
barne-tv,32
tidIigere,32
Thoros,32
natti,32
graverne,32
Megahjerne,32
innvandrerne,32
navigerer,32
ere,32
utgår,32
tidssone,32
kirsebærpai,32
Kinshasa,32
tilbedt,32
utforme,32
fredselskende,32
sovemedisin,32
Southwest,32
forretningsforbindelse,32
personlighetene,32
PauI,32
patrulja,32
Ector,32
laverestående,32
nødbremsen,32
Tonga,32
billion,32
krigsinnsatsen,32
alarmerende,32
geiten,32
aristokrater,32
uriktig,32
tomatsuppe,32
analysene,32
utgivelsen,32
inntaket,32
puslete,32
Purslane,32
utkaster,32
hovene,32
velinformert,32
sosialarbeideren,32
velorganisert,32
oppfattelse,32
legat,32
soningen,32
sjokolader,32
butter,32
navnga,32
gardin,32
Gardermoen,32
sIutten,32
flettene,32
Archers,32
uslåelige,32
Yancy,32
singulariteten,32
pu,32
neglisjert,32
Byrnison,32
nelliker,32
ensporet,32
balletak,32
ballettdanser,32
tjenestefeil,32
Gazette,32
together,32
arigato,32
bydd,32
oppvaskmaskin,32
Lumpy,32
Luleå,32
Lulla,32
luktene,32
lukrativ,32
lukrative,32
sjøer,32
Chrohne,32
bankranet,32
insistert,32
lunefulle,32
medkandidat,32
Demi,32
dødscella,32
Kilimanjaro,32
Garry,32
tildelte,32
tilbøyeligheter,32
tilslutt,32
tilogmed,32
Xavi,32
tis,32
Kell,32
Keisha,32
uskarpt,32
y'all,32
Xiang,32
lydtett,32
Medici,32
Medicine,32
Salmander,32
Keeley,32
Tituba,32
pleien,32
duker,32
overvurderte,32
byttinger,32
oral,32
Sallys,32
innvilges,32
innviklede,32
barberhøvel,32
kransen,32
biffene,32
relative,32
relatere,32
høytidene,32
stud,32
Remo,32
Stuie,32
utebli,32
arbeidsmoral,32
omfatte,32
rekylen,32
gubbene,32
Kierkegaard,32
Kidney,32
Pumbaa,32
gatekjøkken,32
Kensei,32
Kenichi,32
Bonell,32
Al-Qaeda,32
forordning,32
Cork,32
vittige,32
Bonny,32
Bonnaire,32
sote,32
fredet,32
krigerske,32
nedtegnet,32
Stronghold,32
remis,32
stripen,32
stroppene,32
Bonnet,32
Wybie,32
hanrei,32
Neds,32
punge,32
installasjonen,32
bygningsarbeider,32
sjeldneste,32
sjekkliste,32
flukskondensatoren,32
lusene,32
Saleem,32
Xenja,32
lversen,32
sjaman,32
medisinmann,32
bambus,32
pumpes,32
Pulitzer-prisen,32
pukkelen,32
arbeidstimer,32
tiltrekningskraft,32
tørkede,32
numero,32
Richelieu,32
tørris,32
tørnet,32
pornoblader,32
direktørene,32
1960-tallet,32
Drayton,32
kyssingen,32
Ced,32
Scuba,32
Scranton,32
mode,32
Alliance,32
fortvilte,32
Croker,32
gjestgiveriet,32
vietnamesiske,32
allright,32
allsidig,32
allmenne,32
blokkeringen,32
Filii,32
Sefton,32
cellegiften,32
Marusya,32
Heartbreak,31
pornografisk,31
oteren,31
fiktiv,31
atskillige,31
martinier,31
Attack,31
eer,31
familieanliggende,31
vietnamesere,31
blodkarene,31
guruen,31
fallskjermjeger,31
vielse,31
vigør,31
standen,31
kyniker,31
Rhoda,31
gjeteren,31
uhindret,31
fie,31
automatisert,31
ært,31
Dinesen,31
økosystem,31
markant,31
kompromisse,31
Imlay,31
ankedomstolen,31
kommentert,31
immortals,31
kompaniskap,31
rulleteksten,31
Faulk,31
kommandopost,31
rasler,31
mustanger,31
ravinen,31
Brigitte,31
anklagelser,31
Swiss,31
svinn,31
Ricoletti,31
blodtørst,31
Peer,31
alkoholfri,31
springen,31
mannsalder,31
wait,31
Ahhh,31
byttingen,31
overvelde,31
interaktiv,31
nøkIene,31
flenger,31
Keefe,31
negativiteten,31
overvinnes,31
styggedom,31
motorrommet,31
frelste,31
velsmurt,31
tilbudene,31
innvilge,31
demonblod,31
demokratenes,31
Khaled,31
forpliktelsen,31
fremkalt,31
biIdet,31
Kratz,31
Omgrupper,31
fremkalte,31
stuer,31
sosiopater,31
fredfylt,31
vitneforklaringer,31
sosiologi,31
vitenskaps,31
Al-Harazi,31
timeren,31
inspisert,31
psykosomatisk,31
psykologien,31
byråkratene,31
sIutte,31
uspiselig,31
Yakul,31
ekstranøkkel,31
Kimmel,31
balls,31
tjoret,31
Ariadne,31
Gothia,31
gotiske,31
Usbekistan,31
Gaylord,31
lyter,31
Granada,31
Lukkøye,31
flybillettene,31
bustete,31
Chu,31
Lundberg,31
Woodroof,31
dengte,31
byporten,31
Xing,31
Keitel,31
flir,31
lykantroper,31
Dodi,31
Kimbles,31
killing,31
rocking,31
puddersnø,31
utilgivelige,31
utilbørlig,31
eksternt,31
graset,31
put,31
Navid,31
mortem,31
Strindberg,31
Remer,31
fantomene,31
personalsjef,31
Patrizia,31
Bonacieux,31
krekene,31
Reisman,31
hřrer,31
utgift,31
innstilte,31
togstasjon,31
geitemelk,31
Dumas,31
geitost,31
Lumpur,31
Bonzo,31
sopper,31
Millicent,31
aktørene,31
Pathfinder,31
velkledde,31
kostymeball,31
kartlegger,31
kartlegging,31
nekrolog,31
plank,31
plankekjøring,31
Tiff,31
fornemmet,31
Lefkowitz,31
deppe,31
choice,31
Salute,31
fengselsfugl,31
bæret,31
McSween,31
yatzy,31
Flatbush,31
tiIfeIIe,31
introduser,31
orangutang,31
låsesmed,31
yndlingsstedet,31
hardhet,31
prøvespillingen,31
prærieulvene,31
Navarone,31
gambit,31
påberope,31
innsideinformasjon,31
Kittredge,31
words,31
Hiller,31
Hillcrest,31
Tobi,31
Katerina,31
Gein,31
Gee,31
lrland,31
flys,31
Lubbock,31
adieu,31
samfunnshuset,31
krokodilletårer,31
Ventrishire,31
latinamerikanere,31
Cosgrove,31
Speers,31
Paz,31
albanske,31
Reidun,31
rehabiliteringen,31
bura,31
kjempesmart,31
påbegynner,31
Aden,31
Wizard,31
samfunnstjenesten,31
styrerommet,31
legevakt,31
dritkul,31
vitterlig,31
militærskole,31
solfylte,31
soldaters,31
bevislageret,31
upåklagelig,31
samarbeidspartnere,31
břr,31
Feraud,31
Heroes,31
chipsene,31
reisning,31
veksel,31
Harkonnen,31
fjortende,31
McCormack,31
Torvi,31
siesta,31
you'll,31
lømler,31
uregjerlige,31
Thacker,31
gallon,31
provinsene,31
generalprøve,31
Karim,31
karibiske,31
Prudhomme,31
Harkins,31
appelsinjus,31
kjedeligere,31
flyving,31
pålegge,31
utleid,31
Theater,31
oxycontin,31
appellerte,31
humpe,31
Pavarotti,31
spekuleres,31
Costel,31
strekningen,31
bilturen,31
paté,31
spasert,31
repriser,31
hårbørste,31
Bin-Khalid,31
D'Leh,31
Robson,31
Bolette,31
spesialiserte,31
binære,31
Lovell,31
feitingen,31
Winkle,31
Buongiorno,31
skev,31
nattergalen,31
unnværes,31
storhetstid,31
korrigering,31
korriger,31
frifinnelse,31
koreanerne,31
sumerisk,31
regisserte,31
Pharmaceuticals,31
historielærer,31
golfklubb,31
iren,31
trappet,31
backe,31
transportørrom,31
toåring,31
enkefru,31
tortureres,31
snører,31
bortimot,31
grålysningen,31
leietaker,31
Solasta,31
Hercule,31
harmonien,31
McCloud,31
legitimitet,31
vektløs,31
fresk,31
korsfestelse,31
hovedmannen,31
formidable,31
Lego,31
hovedgaten,31
Nelsons,31
DNA'et,31
winner,31
pålegger,31
Nates,31
pizzabudet,31
innrette,31
innrammet,31
framgangsrik,31
Percocet,31
Rizz,31
Lantern,31
hundrelapper,31
hundemøkk,31
forskningssenter,31
langtur,31
skildre,31
kjorte,31
kjærlighetshistorier,31
klangen,31
domfellelse,31
skipslei,31
Sammys,31
framkalle,31
borre,31
Tembo,31
narkotikahandelen,31
apent,31
Tessio,31
inngjerdet,31
kjærlighetsforhold,31
feir,31
bakdel,31
uorganisk,31
elder_man,31
elastisk,31
Georgiana,31
Traci,31
prosessor,31
kapitalist,31
spillejobber,31
kræsjer,31
landstrykere,31
mordetterforskning,31
Stonebanks,31
kruttslam,31
spesialskole,31
Langstrømpe,31
koordinat,31
koordiner,31
frikjennelse,31
advokatbistand,31
elektrikere,31
treets,31
nevøene,31
Isle,31
g-streng,31
dekompresjon,31
veIge,31
veggmaleri,31
anemi,31
superstar,31
farmors,31
hovedgrunnen,31
Binghamton,31
hundehuset,31
Bolivar,31
løskrutt,31
kappkjøre,31
siders,31
Louiee,31
FMI,31
gullklokke,31
kryssordet,31
Mordecai,31
stoIt,31
Goldfinger,31
engelsklærer,31
Gerty,31
isbre,31
lommetørklær,31
ekspedert,31
erme,31
naglet,31
kullsyre,31
reservoaret,31
kuIt,31
Stillman,31
shotter,31
hjelpemiddel,31
Hampstead,31
Wikus,31
skiva,31
kjøttbolle,31
teleportering,31
buk,31
Dragonstone,31
framskrittet,31
krummer,31
Morgause,31
universitetsutdannelse,31
Yul,31
M.I.T,31
henvend,31
Zhivago,31
elektroder,31
Madalena,31
Fitzie,31
Harrisburg,31
kaffemaskin,31
Triebig,31
arteriene,31
skjøtte,31
oppspilte,31
politiarbeidet,31
pole,31
gigen,31
Maeve,31
Calpurnia,31
privatlærer,31
qui,31
R.J,31
naa,31
Whelan,31
lokføreren,31
lokaliserer,31
skjønnhetsdronning,31
røren,31
prognoser,31
pir,31
antrekkene,31
Antonsen,31
tegneseriefigur,31
teglstein,31
utspørre,31
Beatrix,31
Misha,31
rettslege,31
Bog,31
gymlærer,31
husbåt,31
Alexanders,31
mordavsnittet,31
polise,31
besvim,31
besudle,31
dødstallene,31
hjemreise,31
klorin,31
underskriftene,31
energifelt,31
avvike,31
snørrungen,31
Rooks,31
bosetningen,31
Hound,31
Volm,31
sushien,31
konteiner,31
surrete,31
teamets,31
taxier,31
bebreid,31
Bebop,31
Quantrell,31
Quake,31
snust,31
hovedcomputeren,31
politidirektøren,31
endevendt,31
avsporet,31
Orient,31
campet,31
mausoleum,31
Canby,31
Harry's,31
befalshavende,31
Ziyal,31
fiskemat,31
sfæren,31
sexpress,31
hengeren,31
nipper,31
Ninni,31
antarjeg,31
utydelige,31
racket,31
klubbens,31
N.Y,31
Wersén,31
KlSS,31
innbitt,31
istiden,31
fon,31
Claythorne,31
palestinere,31
Clash,31
Classic,31
inndrive,31
antikt,31
kunstnerens,31
Monrad,31
håndgripelig,31
håndhevere,31
fotsoldat,31
fotsoldater,31
vestfra,31
Monkford,31
bestikkelsene,31
kontaktes,31
konstituert,31
lemlester,31
Vaya,31
ettertiden,31
done,31
Zona,31
partere,31
rosenkransen,31
redskapen,31
ropingen,31
Mifune,31
snekkere,31
haer,31
drittstøvel,31
overlykkelige,31
Trojan,31
trom,31
jyplingen,31
itj,31
befalhaver,31
domstoler,31
tapas,31
Wendys,31
skolten,31
dansegulv,31
muldyra,31
eufemisme,31
sussebass,31
snadder,31
snabel,31
Pinkus,31
tabletten,31
beklagelser,31
grilles,31
skreddersydde,31
råkjører,31
rådspørre,31
menneskeetende,31
raeva,31
radiusen,31
feider,31
skostørrelse,31
lndustries,31
Wesker,31
vaken,31
taki,31
resultert,31
Bjorn,31
vesttyske,31
sexvideo,31
energidrikk,31
Gillespie,31
Henkel,31
fysioterapeuten,31
tryller,31
nitroglyserinen,31
rakker'n,31
menneskenaturen,31
belgier,31
vakner,31
palestinsk,31
opprøre,31
8th,31
majesteter,31
ivaretar,31
Zurich,31
cheri,31
avsier,31
avsatte,31
avsagd,31
J.T,31
gjemmes,31
gnåler,31
avskjeden,31
eneggede,31
avtrekker,31
nytteløse,31
underdirektør,31
dansken,31
vrikker,31
småjævler,31
sneglene,31
Horne,31
iId,31
bestemmes,31
underbevisste,31
nár,31
nitiden,31
Iærer,31
Judson,31
Tsu'tey,31
gitarer,31
Priest,31
skrothaugen,31
forsvarsdept,31
kunnskapens,31
Lancel,31
operasjonsstuen,31
Blackhand,31
stetoskopet,31
fotlenken,31
fotgjengere,31
livbåter,31
missilen,31
kusines,31
Kush,31
Blandon,31
Boba,31
vindkast,31
Vincis,31
bryllupsnatta,31
skribenter,31
skorpen,31
weed,31
eksekusjonspelotong,31
Ralphs,31
grinden,31
skrumper,31
heltidsjobb,31
orkenes,31
Juana,31
dyrets,31
dyreriket,31
diet,31
presidentembetet,31
EMP-en,31
overlast,31
Fingers,31
gjennomtrengende,31
Chatwin,31
Chaucer,31
festligheter,31
finstasen,31
Hasty,31
brukeren,31
skuet,31
Bruner,31
forbyttet,31
Agenor,31
Agathas,31
søppelcontainer,31
heltedåder,31
Weinstein,31
råstilig,31
bryggeriet,31
beklagelige,31
debatter,31
Livingstone,31
særegen,31
valgår,31
skytset,31
cojones,31
Daugherty,31
dørmatte,31
pantelåner,31
broderskapets,31
funksjonær,31
anmeld,31
Broom,31
panisk,31
fax,31
fordekte,31
fordreid,31
Randa,31
Dawkins,31
Bellatrix,31
Dorte,31
Olan,31
skydekke,31
fordøm,31
Davidov,31
agerer,31
brosjyrene,31
brosje,31
kodein,31
sval,31
SUV-en,31
igle,31
angaende,31
Svante,31
brannbilen,31
forIater,31
ålen,31
serveringen,31
Lesters,31
svarteste,31
svartere,31
lettskremte,31
smaragder,31
Ikaros,31
altergutt,31
forsvarsstilling,31
hylster,31
avrusing,31
Avner,31
ulveflokken,31
åpenhjertig,31
åpenbarer,31
lagerplass,31
ringeklokka,31
molekyl,31
husvert,31
Craster,31
mongolsk,31
Fairmont,31
Draper,31
systemets,31
svekkede,31
munnvann,31
Lestat,31
avismann,31
turnerer,31
turkis,31
villstyring,31
JonJo,31
Prep,31
Eminence,31
Nomar,31
imøtekomme,31
raptorene,31
Colossal,31
fastsette,31
sterile,31
stekende,31
moldvarp,31
stedatteren,31
Tudor,31
Pom,31
Tunis,31
avkrefte,31
Ahab's,31
slagskipet,31
Wallis,31
piercet,31
forveksling,31
statssekretær,31
Revelator,31
stash,31
svigerforeldrene,31
Musella,31
etterretningsagent,31
Levander,31
Beresford,31
Runar,31
vжr,31
walkie,31
Jamison,31
Reykjavik,31
kvinnebedårer,31
glinser,31
selvforsynt,31
tåImodig,31
uføret,31
glitteret,31
maskinskriving,31
Cas,31
satire,31
tviI,31
glorien,31
tv-serier,31
Twombley,31
Ny-Guinea,31
slankere,31
døvstum,31
Haldol,31
sleit,31
nordamerikanske,31
avbestill,31
filmselskapet,31
Precious,31
angrepsformasjon,31
Frosty,31
våtservietter,31
Mica,31
brekte,31
svulmende,31
forfengelige,31
haIvt,31
Helberg,31
seiling,31
direktivet,31
Schulz,31
Ativan,31
øyenbrynet,31
Hedeby,31
Reykjavík,31
Homestead,31
parader,31
kompressoren,31
Ekeberg,31
grovere,31
groupier,31
Seb,31
13-åring,31
Caulder,31
sykling,31
sloppy,31
mexikanske,31
Aida,31
værer,31
slottene,31
ligninger,31
markedene,31
ødeleggeren,31
helgetur,31
helgenen,31
Chaos,31
Chapel,31
selvbedrag,31
sceneskrekk,31
KFUM,31
lunt,31
byggefirma,31
Hannigan,31
utbetalingen,31
Hannahs,31
nee,31
entusiastiske,31
Powers-avsnittet,31
nos,31
Østerike,31
Dobson,31
tiltrekningen,31
Chows,31
lutfattig,31
sjakter,31
pendle,31
kålrot,31
Mockingbird,31
Jester,31
Nuru,31
U.S.A,31
tørketrommel,31
australier,31
Crom,31
attesten,31
ønskedrøm,31
hekk,31
chablis,31
Dyke,31
HD,31
2-biler,31
østhyttesanger,30
Jay-Z,30
atleter,30
uflaksen,30
atomet,30
glasshus,30
direktiver,30
jernbanestasjon,30
populariteten,30
Elliots,30
Notorious,30
Dreamz,30
fortrengte,30
tømmerhogger,30
normen,30
Cathleen,30
Orr,30
Scarecrow,30
Ponch,30
20-årig,30
økosystemet,30
Gutterie,30
villfaren,30
mistrives,30
Sputnik,30
hvitevandrerne,30
Elway,30
Jappeloup,30
japaneren,30
sprott,30
sprinter,30
Ladgerda,30
hvalrossen,30
dressere,30
Blonsky,30
spurven,30
mitsva,30
overfylte,30
Oscar-utdelingen,30
Marconi,30
Cassia,30
Caspian,30
Emils,30
Emerald,30
laga,30
rundjuling,30
skålte,30
vanhellige,30
varianten,30
kongehuset,30
svigerdatteren,30
AK-ene,30
vámonos,30
rappere,30
mykeste,30
kometer,30
rundturen,30
messingen,30
skåla,30
skånes,30
likkiste,30
fryseboksen,30
fryktes,30
forferdeIig,30
opplev,30
slåsskjemper,30
leves,30
Rubén,30
sympatier,30
wachatiene,30
oppløpet,30
opplysningens,30
Hollom,30
svovelsyre,30
Berringer,30
SVK,30
svinget,30
sølvkuler,30
Furhage,30
Belleview,30
funksjonene,30
hoffets,30
hallusinogen,30
hodepinetabletter,30
skydd,30
Wallaces,30
pantelåneren,30
Limón,30
benzen,30
kommandert,30
komiteens,30
daværende,30
sølvgrå,30
indigo,30
sytingen,30
kollapsen,30
Valter,30
Eton,30
raper,30
Benesch,30
fullpakket,30
haikere,30
smilene,30
besluttsomheten,30
oksygennivået,30
munterhet,30
konsekvente,30
sveiper,30
Griselda,30
etablissement,30
knopp,30
knipset,30
feb,30
skuddskade,30
brunsjen,30
etiketter,30
etikken,30
Watchtower,30
rutinesjekk,30
Rutherford,30
døp,30
bemanning,30
bemanne,30
Anniken,30
kokeboken,30
midtgang,30
smultbolle,30
bestevenninner,30
grunnregler,30
Deagle,30
DDRs,30
fusk,30
Hoboken,30
myrda,30
grunnlegge,30
dosene,30
Darin,30
Dario,30
midje,30
fasaner,30
midtsommer,30
feedback,30
halvhjertet,30
hjertebank,30
hjerneskadet,30
rågjengeri,30
bekker,30
Anson,30
uærlighet,30
Connally,30
Miklo,30
Leno,30
euforisk,30
sutrekopp,30
hjernemassen,30
Wenger,30
afghanere,30
vaklende,30
grim,30
vaktrommet,30
Pictures,30
varsomme,30
redningshelikopter,30
Voulez-Vous,30
Brage,30
ineffektive,30
industrispionasje,30
beilere,30
taIe,30
opprøreren,30
Clu,30
menneskerett,30
måde,30
klister,30
uvaner,30
fåreklær,30
grensesnittet,30
klesskift,30
quiz,30
bedrøvelige,30
budbringere,30
tankevekkende,30
Anthonys,30
offensive,30
offa,30
dona,30
Antigua,30
gresskaret,30
innbilske,30
pinsj,30
brødres,30
Vaudrey,30
munnspillet,30
rormann,30
rosenkål,30
snillhet,30
Daniele,30
Griffiths,30
mæle,30
månelys,30
skokrem,30
skogvokter,30
aerlig,30
Lizard,30
lmhotep,30
Esa,30
budkrig,30
Beatriz,30
teiteste,30
Beata,30
anvendelig,30
førsterett,30
erpå,30
milf,30
Nakagawa,30
bedervet,30
hammere,30
oppstand,30
Bugenhagen,30
skjørtene,30
defensive,30
forløp,30
lekekamerat,30
snyt,30
rosenkrans,30
hovedattraksjon,30
akselerere,30
hovedbryter,30
bortvist,30
Fonda,30
hjemmeundervisning,30
eska,30
mørt,30
føderasjon,30
surrogatmor,30
suverenitet,30
vedrører,30
tennisspiller,30
Gabler,30
Loring,30
Skitenhielm,30
wiener,30
opptellingen,30
opptaker,30
dominant,30
EIin,30
evangelium,30
korrektur,30
vedtas,30
Ando,30
terrasse,30
påler,30
tennplugg,30
Hamm,30
advokatbyrå,30
android,30
Philomena,30
frihetskjemper,30
frimurer,30
Mulanax,30
muffinsene,30
kleptoman,30
Beav,30
Grendels,30
Pisa,30
dommene,30
Pétra,30
Greenwald,30
fřler,30
hippiene,30
safir,30
Hamsun,30
Winchell,30
lovart,30
Bullard,30
melis,30
dameundertøy,30
pasjon,30
hovedmål,30
farløse,30
passa,30
pasninger,30
texanere,30
innlåst,30
kjempesøtt,30
obelisken,30
Greek,30
aorta,30
utsendinger,30
frigjørende,30
borrelås,30
forløpet,30
conquistador,30
kjæft,30
kjæle,30
terrorismen,30
innkvartering,30
termiske,30
kjælenavnet,30
apenbart,30
galing,30
Loveless,30
skildring,30
loy,30
flyttebyrå,30
flyttefolkene,30
gammen,30
Woodman,30
skamplett,30
oy,30
lrving,30
fekting,30
hippe,30
hinter,30
Lovpris,30
skiftene,30
sabelen,30
mottas,30
kortspillet,30
apnet,30
Galvin,30
kjempefest,30
barrierer,30
Oakmont,30
Plain,30
Suder,30
stä,30
bevæpnete,30
Støvfinger,30
fremskrittene,30
Ibo,30
iblandt,30
Petrus,30
fellestrekk,30
tidskapsel,30
tibetanske,30
putta,30
pusteproblemer,30
O.Z,30
barndommens,30
kirkeklokker,30
naturlovene,30
Woodys,30
sjokoladekjeks,30
Hildi,30
meglere,30
Megans,30
saksbehandler,30
flygebladet,30
solformørkelse,30
formuende,30
vognkortet,30
militærnekter,30
fornyelse,30
solstikk,30
kraftløs,30
tigging,30
burgerne,30
sagde,30
kjempemoro,30
Reidar,30
legetilsyn,30
legering,30
solsikker,30
borgervernere,30
overvåkingskamera,30
Kirschner,30
puppe,30
punsjen,30
Dody,30
Baratheons,30
tilsett,30
tilknytningen,30
rollefigurer,30
ledsageren,30
Krasnevin,30
Kingo,30
tilfluktsstedet,30
dødsdag,30
dødsannonsen,30
Woodsen,30
analytisk,30
stønne,30
Daly,30
reisa,30
omeletten,30
oppfinnelsene,30
Romerrikets,30
fornyes,30
innstendig,30
innsmurt,30
innskytelse,30
barnefaren,30
styrkende,30
hřr,30
velkomstgave,30
analytikerne,30
working,30
sjarmøren,30
flod,30
nedslaget,30
grafikken,30
kenguruer,30
Bangs,30
banene,30
arbeidsro,30
utbrente,30
Ep,30
tiltakene,30
Kharun,30
Hannas,30
Christoph,30
actionfilm,30
fregatt,30
omgjengelig,30
omgikkes,30
rekvirerte,30
rekruttskolen,30
motløs,30
grammet,30
tilsnakket,30
arameisk,30
Nebbercracker,30
Nøytralsonen,30
ekstremist,30
Guardia,30
Anabel,30
stueren,30
stry,30
Deneen,30
ekteskapsbryter,30
nødvendigheten,30
gourmet,30
nøkkelring,30
nøkkelringen,30
chop,30
Sion-ordenen,30
Arctic,30
publikumet,30
Tischbier,30
Keiko,30
medhjelperen,30
Hanzo-sverd,30
Hansens,30
Xu,30
sosialistisk,30
sosialistiske,30
strømforsyningen,30
strømbruddene,30
strålt,30
rengjøringen,30
Tindall,30
Ardennene,30
Kiel,30
pumaen,30
pulverisert,30
forpint,30
forpester,30
Rollsen,30
Huerta,30
akutte,30
McVitie,30
yngst,30
salter,30
samfunns,30
bærtur,30
proxy,30
depp,30
McGuire,30
personsøkere,30
Draculas,30
morssiden,30
krigsråd,30
krigsherrene,30
introduksjonen,30
kasteren,30
oversvømmelser,30
Kays,30
kavalerist,30
fredsprosessen,30
rode,30
oppesen,30
bondelandet,30
Renaude,30
amish,30
sistnevnte,30
ballistikk,30
neglelakken,30
arier,30
usb-pinnen,30
tjuvradd,30
balje,30
Ensomfjellet,30
sikk,30
Gelderland,30
inventaret,30
nødutgangene,30
herligheten,30
sicilianske,30
Siefert,30
Aberdeen,30
deserterte,30
Neptuns,30
chimichanga,30
McDermott,30
McCullough,30
lønnsslippen,30
abonnerer,30
lærlinger,30
bomullen,30
spadene,30
latterligste,30
Eddington,30
lasterampen,30
bombesikkert,30
forræders,30
verdensfred,30
Abra,30
Silent,30
simulator,30
bøflene,30
bøffer,30
nellik,30
Expelliarmus,30
viskes,30
nervøsitet,30
kanelboller,30
bachelor,30
Trautman,30
badekåpen,30
badehuset,30
McConnell,30
fjellveggen,30
touren,30
Totenkopf,30
kanotur,30
tracker,30
karaktertrekk,30
uoppnåelige,30
genserne,30
kaprerne,30
hummere,30
forsiktigere,30
storkhanen,30
Franciscos,30
kronglete,30
stortåa,30
Trafford,30
armenske,30
yrer,30
cabernet,30
Sifo-Dyas,30
Toorop,30
Tordenskjold,30
Daan,30
representantene,30
Minosa,30
overstyringsenheten,30
Aarons,30
Yurek,30
Plough,30
pløyde,30
badstuen,30
kansellerte,30
kanskie,30
trekanter,30
trefning,30
sammenlikning,30
Fergusons,30
harpunen,30
MacDonalds,30
Calcifer,30
cajun,30
Riyadh,30
bokettersyn,30
lanterne,30
egyptere,30
stoffskifte,30
Peregrine,30
peptalk,30
trekken,30
Løvenes,30
fjerningen,30
løsgjengere,30
Abdel,30
virkninger,30
aldershjem,30
spekter,30
Boletta,30
kallen,30
unnlater,30
Unit,30
Unni,30
polakkene,30
pokus,30
ungkaren,30
kråka,30
Pentos,30
isfiske,30
poenger,30
kalkstein,30
engangs,30
gIass,30
kaktusen,30
detteer,30
Miri,30
mirakuløs,30
Spilett,30
Spidey,30
landstrykeren,30
landstedet,30
spillejobben,30
Dramaworld,30
Arnt,30
universitetsområdet,30
dragsuget,30
verke,30
fabrikkerte,30
spesialutstyr,30
forsonet,30
miserabel,30
Deucey,30
Deutsche,30
Trieste,30
AZT,30
polerte,30
Trimmings,30
Gigante,30
eneboer,30
Nickerson,30
A-Team,30
Henryk,30
AA-møte,30
AA-møter,30
mayaene,30
Zachs,30
fittene,30
gullgruven,30
fagfolk,30
omsetter,30
kahytten,30
gIemmer,30
Kaja,30
treåring,30
kadettene,30
stokke,30
verneplikt,30
hånte,30
Fache,30
Birdwell,30
Stjärnsberg,30
kullgruve,30
bitende,30
trommesettet,30
Diadema,30
trubadur,30
sexforbryter,30
hasardspill,30
hene,30
henlegge,30
Hasegawa,30
Gilroy,30
print,30
Iunsj,30
mahogni,30
Mahalo,30
Mahdi,30
overmenneskelig,30
Mageau,30
rlighet,30
Coury,30
vinn-vinn,30
Alfa-kvadranten,30
alert,30
pedal,30
underslått,30
underretter,30
Dith,30
distré,30
distributøren,30
underverdenens,30
pokerkveld,30
fragment,30
forsterkes,30
spisetid,30
Dickman,30
Dickon,30
jabb,30
jackass,30
gnomen,30
nymfoman,30
Iærte,30
Iza,30
sandpapir,30
maisåkeren,30
maksimale,30
makk,30
iveien,30
Devin,30
umulighet,30
avsto,30
stereoanlegget,30
steppet,30
Stewie,30
pennene,30
Penkala,30
fippskjegg,30
Zooey,30
Cherbourg,30
Awad,30
Jølsrud,30
jødesvin,30
godseieren,30
håndboka,30
rettsmedisinere,30
moo,30
omtalen,30
tullpreik,30
heltedåd,30
overlegent,30
Carli,30
politiradio,30
nydeligste,30
Jadalla,30
uminnelige,30
jubelen,30
dyrelivet,30
åpenbarte,30
setningene,30
Capitols,30
fiol,30
tungekyss,30
tumoren,30
Spivey,30
Algernon,30
vinkle,30
Cranston,30
noi,30
nobelpris,30
pressedekning,30
gjenkjennelig,30
stesønn,30
stesønnen,30
Fotklanen,30
Montague,30
Lanagin,30
operasjonssal,30
operasjonsbase,30
split,30
nyhetssending,30
avlyttes,30
jaffaer,30
Falck,30
stebror,30
ste,30
kvarters,30
forvrengte,30
fingere,30
turnuskandidater,30
Jakarta,30
ukonvensjonelle,30
presidentvalg,30
tut-tut,30
gjenoppliving,30
avgrenset,30
spotte,30
Eds,30
hvaer,30
Hvaerdet,30
alIe,30
lagerlokale,30
sensasjonelle,30
sensasjonelt,30
vetjo,30
veteranene,30
hypokonder,30
gulvplankene,30
vetter,30
Laguna,30
springbrett,30
Huss,30
Jannick,30
dilla,30
Nordkapp,30
avdukingen,30
Cataleya,30
åssiden,30
helmaks,30
ærligere,30
årvåkenhet,30
Helmsley,30
Fineman,30
Chases,30
Satchmo,30
Carrigan,30
Averill,30
tysken,30
JaMarcus,30
Jamba,30
gjentagelse,30
tygd,30
maskinvare,30
Caster,30
selvrettferdig,30
Saturninus,30
blekkspruter,30
Bloc,30
pensjonsfondet,30
model,30
videresender,30
pengelens,30
blindgjenger,30
kverner,30
NS-5,30
Hawaiian,30
Hazzard,30
hekter,30
fiinne,30
øyenfarge,30
HEARPE,30
19-åring,30
effektiviteten,30
familiebedrift,30
køyesenger,30
blodåren,30
hvitevarer,30
scusi,30
HBT-er,30
Martti,30
gjordt,30
uhemmet,30
Stampler,30
Kwan,30
stappfull,30
hvørdan,30
Modesto,30
mobilt,30
20-åring,30
sektorene,30
marineoffiser,30
Ékke,30
Æthelwulf,30
cd-ene,30
autorisere,30
Jiang,30
svømmere,30
konfetti,30
Vanger,30
vandrehistorie,30
rassia,30
musling,30
slektningen,30
Wades,30
komponent,30
bergingsbil,30
sykeforsikringen,30
fudge,30
Fuchs,30
sylinder,30
Imogene,30
imiterte,30
swahili,30
brigadegeneral,30
værelser,30
væremåte,30
slugger,30
doplangere,30
forfaen,30
sykluser,30
Øyvind,30
10-åring,30
1930-tallet,30
Heep,30
fiin,30
Marquis,30
Maroney,30
ubestridelige,30
øyelokk,29
seilas,29
Hebe,29
Jas,29
Jaqen,29
Jaqobis,29
ellerjeg,29
seismiske,29
jenters,29
Maserati,29
øgler,29
heleren,29
gjéør,29
nullene,29
uføretrygd,29
tære,29
Blu-ray,29
blottlagt,29
spøkelsesby,29
staket,29
Bloef,29
stabiliteten,29
fallera,29
fortrinnsvis,29
kålen,29
stallene,29
Pemberley,29
ødeIegge,29
ødeIegger,29
Cayden,29
marihøne,29
Osage,29
Ormsvans,29
ærerik,29
nordgående,29
nyankomne,29
final,29
tysterne,29
Potters,29
Riano,29
blits,29
forutsagt,29
springende,29
videresende,29
alm,29
pensjonsfond,29
gutters,29
Dresden,29
peileren,29
språkene,29
laderen,29
Miyuki,29
Mitzi,29
familiegjenforening,29
Saviano,29
filmteam,29
selvlært,29
manuelle,29
sementfabrikken,29
Mansion,29
semantikk,29
Sayaka,29
Jamaicas,29
jalla,29
preger,29
jomfruene,29
carne,29
dyrehager,29
helseorganisasjon,29
ukomfortable,29
assimilere,29
turistklasse,29
Carstairs,29
mangoer,29
Nomi,29
nomader,29
jakthytte,29
jakthund,29
Jah,29
Pomona,29
Pollyhop,29
pollo,29
tv-stasjonen,29
Hustler,29
Lai,29
Vesuv,29
fakter,29
Credit,29
Cray,29
hygienisk,29
hygienen,29
Mokaschi,29
faktumet,29
Blixen,29
steinrik,29
StB,29
gjennomførbart,29
jorder,29
ulikheter,29
heltinne,29
matboksen,29
matador,29
tundraen,29
trøfler,29
Manchurian,29
mammaene,29
Carlsbad,29
JS,29
polka,29
avrundet,29
laktoseintolerant,29
Lala,29
spiseforstyrrelser,29
retriever,29
fagmann,29
Ringerman,29
gyllne,29
PD,29
pc-ene,29
forstĺr,29
lammekoteletter,29
kuttut,29
Kuryakin,29
Blalock,29
sporadisk,29
altanen,29
Kuzco,29
helveter,29
overleppen,29
dyrk,29
finpusse,29
Malachy,29
Serleena,29
Matisse,29
Tsaldari,29
nykommeren,29
Aslaug,29
goa'uld,29
politietterforskning,29
avslutninger,29
Gitmo,29
dialekter,29
tråler,29
avløpsrør,29
forstrakk,29
Fragancia,29
fraksjonene,29
omskiftelig,29
gullgutt,29
fager,29
Coward,29
vinsj,29
Hunts,29
Bogey,29
kultiverte,29
Cushman,29
stiften,29
gulroten,29
Penh,29
Stenz,29
tryner,29
Truro,29
juletrær,29
julens,29
Chavis,29
Chay-Ara,29
serverrommet,29
gjelds,29
fireball,29
sexslave,29
Chelios,29
hendelsesforløpet,29
nyskilt,29
underbygge,29
Nikolaus,29
landslaget,29
RNA,29
gàr,29
driftene,29
bokhylla,29
boikotte,29
spillehall,29
landsted,29
forsok,29
kryssforhøre,29
Kryptons,29
gulle,29
omslutter,29
stoffmisbruk,29
stikkes,29
mordvåpen,29
Cyrano,29
Cybertron,29
Resnick,29
Stockman,29
cantina,29
Enders,29
gispe,29
Primm,29
Zoloft,29
Zola,29
zumba,29
nieser,29
Awards,29
tripper,29
trommen,29
Ginas,29
kronene,29
bilvrak,29
ambolten,29
ambassadens,29
Högberg,29
morgenkvalme,29
Stortinget,29
stormesteren,29
Bojan,29
Rivendell,29
fangevokteren,29
guIvet,29
Amaya,29
Sharkey,29
orgel,29
sangerinnen,29
Sangala,29
Shaker,29
nightmare,29
Shel,29
magasinene,29
fit,29
israelere,29
isolering,29
arrvev,29
B.B,29
treller,29
sandfolket,29
B-4,29
gIeder,29
Issus,29
repertoar,29
streif,29
Streck,29
bilselger,29
Eichmann,29
drillsersjant,29
boltet,29
bolsjevikene,29
Lars-Ove,29
spekulerte,29
cosmopolitan,29
Guldur,29
kroppsfett,29
Zetan,29
Sheraton,29
Shiloh,29
ferengierne,29
Ferenginar,29
Harrigan,29
Harpyens,29
Newland,29
Isengard,29
nårdu,29
nådestøtet,29
kamre,29
detektivarbeid,29
motes,29
krigsmaskin,29
dragerytter,29
albinoen,29
Albin,29
Spalding,29
executive,29
speedster,29
cortex,29
rockekonsert,29
bomberen,29
vepsen,29
gugge,29
hört,29
verdenskjent,29
straffeansvar,29
F.I,29
destruere,29
isbjørnen,29
henvendte,29
sammensvorne,29
programmets,29
trafikkameraer,29
Macavity,29
Maccabee,29
orfor,29
Yu-ri,29
trangere,29
projisere,29
Engleøyne,29
netto,29
unnvikelsesmanøver,29
renhold,29
stripperne,29
Krewe,29
veltilpasset,29
pattedyrene,29
Coronado,29
strukturer,29
Struecker,29
Laughton,29
dritfett,29
billen,29
renovert,29
løytnantens,29
fjerdedeler,29
sammenkoblet,29
sammenfaller,29
Calico,29
dunkle,29
overrakt,29
Showers,29
Toulour,29
trader,29
Geneva,29
karakterstyrke,29
protestert,29
tr,29
uoverensstemmelse,29
torsdagen,29
McCandless,29
McAlister,29
protokollene,29
nervesystem,29
Bajie,29
Toruk,29
ordkløveri,29
you've,29
Inverness,29
Topo,29
fjerte,29
fjerter,29
signering,29
pervoer,29
Drabble,29
fregnefjes,29
kreasjon,29
stubb,29
Cori,29
Vendel,29
eiendomsmeglere,29
eiendomsmegling,29
huket,29
vitalt,29
Lecters,29
ampulle,29
vendingen,29
høyhus,29
amming,29
rokke,29
næringsdrivende,29
herold,29
Hernando,29
overskygget,29
lønningslisten,29
baka,29
kartonger,29
Læsnæs,29
sikkerhetsfirma,29
flaggstangen,29
abortere,29
upopulære,29
ekthet,29
Tomstad,29
kasjmir,29
Hovland,29
akupunktur,29
aktører,29
drittbil,29
Milligan,29
Sonnys,29
stumpe,29
frelses,29
hĺper,29
kratt,29
rekvisitter,29
Koval,29
sikkerhetssone,29
Gena,29
Dereks,29
Prytz,29
prøvetiden,29
Orca,29
herskapshuset,29
hardhaus,29
McMurdo,29
todelt,29
bølingen,29
silhuett,29
SIM-kort,29
børs,29
kassert,29
Baku,29
nø,29
velferden,29
veldige,29
Anas,29
Velcoro,29
Dow,29
copycat,29
oppfattelsen,29
solenergi,29
SOFTlTLER,29
bevisbyrden,29
grøsse,29
hřre,29
styrende,29
fremlegge,29
krabaten,29
solnedganger,29
fornekt,29
stønning,29
reka,29
Iagt,29
iaIIfaII,29
velkomstfest,29
gründer,29
muchachos,29
sunkne,29
Easter,29
hablo,29
Social,29
leiekontrakten,29
reflekterende,29
registret,29
Andersons,29
ibuprofen,29
milkshaken,29
Miljøpartiet,29
Petruccio,29
Bialystock,29
støvkornet,29
fremskreden,29
Sul,29
bevaring,29
years,29
Flashpoint,29
Denny's,29
Sindre,29
lystene,29
Keatons,29
Kaylie,29
deportere,29
Deon,29
Argent,29
nødverge,29
lyskastere,29
choy,29
fengselets,29
fengsels,29
McPhee,29
lynkurs,29
opsjoner,29
Yedo,29
instruerer,29
Kelsey,29
Gatiss,29
entydig,29
pulserer,29
volde,29
hovedattraksjonen,29
Houses,29
suspenderer,29
idretten,29
Consuelo,29
Rone,29
Mpondo,29
konverserer,29
kontrolltårn,29
supermakt,29
Gryder,29
betjening,29
superb,29
grytestek,29
nedslående,29
sixtinske,29
size,29
bandets,29
instruksjon,29
dobbeltsjekk,29
Khadgar,29
ketchupen,29
garver,29
demonterer,29
enzymet,29
Kersek,29
nedrige,29
tilstøtende,29
arbeidsoppgaver,29
utartet,29
Gramps,29
snert,29
snella,29
snelle,29
lemmen,29
Lemi,29
Roro,29
lenestol,29
Snoopy,29
horunge,29
oppgraderer,29
besøksrommet,29
Surrey,29
refleksjoner,29
snillt,29
sniking,29
bestselgende,29
oljefeltene,29
Olin,29
luren,29
Wylie,29
wrestling,29
saktner,29
kiloene,29
Epsilon,29
bygrensen,29
bapu,29
tilsette,29
Grandmaster,29
granatkaster,29
plaketten,29
innvending,29
utfyller,29
tildeler,29
García,29
rost,29
Rosings,29
bestekompisen,29
pickuper,29
snacksen,29
Haggard,29
horisontalt,29
Småland,29
småjentene,29
Iege,29
ie,29
Mikkelse,29
småtingene,29
småpengene,29
ige,29
Vatikanbanken,29
Vassar,29
navngir,29
barberbladet,29
barbari,29
sjødyktig,29
Hickok,29
HHM,29
dødfødte,29
Lundys,29
Kirin,29
inntiI,29
doktorgrader,29
ekspressen,29
barnepiker,29
barnene,29
nazisvin,29
tilbakekomsten,29
Darden,29
realisme,29
brannsjefen,29
lesesalen,29
Rovere,29
fascisme,29
leoparder,29
vrakgods,29
iherdighet,29
konsortium,29
butt,29
sjofle,29
Kitten,29
Felson,29
flygningen,29
Woola,29
though,29
Sajani,29
Saidi,29
meiet,29
feltagent,29
påbudet,29
tic,29
gamlekjæresten,29
tidsstrømmen,29
forhaster,29
etterlivet,29
brava,29
forhekselse,29
rovfugl,29
fastere,29
fasinerende,29
Phineas,29
Phillipa,29
Svartman,29
svartebørs,29
tidsmester,29
gammeln,29
pjatt,29
bursdagskort,29
Woodbine,29
pågripelser,29
pådra,29
skattefuten,29
Native,29
kjempediger,29
Adlers,29
adjo,29
Oxenby,29
skarpskytteren,29
Galadriel,29
skavanker,29
lovord,29
Sabre,29
Sabina,29
pizzabud,29
dome,29
kjerner,29
DeLay,29
kjennetegnet,29
galleblæren,29
Thanks,29
Thames,29
innovative,29
svisker,29
parfait,29
homseporno,29
haIvparten,29
Rumi,29
rumler,29
sløyer,29
Levenstein,29
besetningsmedlemmene,29
vardet,29
vapnene,29
ikkje,29
variere,29
variablene,29
skinken,29
skiltnummer,29
Bullingdon,29
hipt,29
Hiraki,29
sketsjen,29
innlegget,29
term,29
cisternen,29
testamenter,29
baseballkort,29
teselskap,29
apekattene,29
påtalemyndighetens,29
inngangspenger,29
Gregg,29
lidt,29
Rauch,29
druidene,29
Paraguay,29
muskat,29
musikkvideo,29
lf,29
slynglene,29
slste,29
fatalt,29
Dori,29
Ankara,29
vanskapt,29
vanry,29
ill,29
buler,29
skipssjef,29
terapeuter,29
kjøpesentret,29
Wiggins,29
oppstigningen,29
Paddock,29
skissen,29
klagingen,29
telefonboks,29
teIIer,29
røsker,29
feilstavet,29
batongen,29
tenkingen,29
bavianer,29
narkoreir,29
rullekake,29
Hakim,29
Ahktar,29
slangeskinn,29
briljere,29
slavedriver,29
kompanisjef,29
sykkeltur,29
fte,29
Collingwood,29
rulles,29
sværingen,29
immigrasjonsmyndighetene,29
vannhull,29
Dorsia,29
Dormer,29
kompromitterende,29
komposisjon,29
SW-0608,29
bukselomme,29
teipe,29
Beane,29
folkedans,29
foldet,29
lollipop,29
napalmen,29
antraks,29
utspørringen,29
uttenkt,29
Kleopatras,29
Pirko,29
føllet,29
vĺrt,29
RAPs,29
rundlurt,29
runabout,29
rumpeldunk,29
kommode,29
berettiger,29
metalldetektor,29
slamp,29
likhetene,29
likefrem,29
beregn,29
vandøde,29
buffé,29
førerprøven,29
skjønnhetssøvn,29
Whispers,29
whatever,29
utviklingshemmet,29
Degas,29
folkevalgt,29
skjørbuk,29
følerjeg,29
Tatsu,29
tastetrykk,29
Ock,29
innehaver,29
Lindenkrone,29
fordømtes,29
Halloran,29
opposisjon,29
druide,29
Dathan,29
syrlig,29
inaktiv,29
grizzlybjørn,29
impulskraft,29
Pig,29
Oher,29
skolearbeid,29
rømningsvei,29
skjærte,29
ertesuppe,29
brøyt,29
skolekamerat,29
skolefesten,29
halvøya,29
hjemmets,29
padrone,29
dødsstøtet,29
Pipes,29
Pioneer,29
befolkede,29
talkshow,29
talget,29
tannkjøttet,29
utvides,29
panner,29
paneler,29
Cobbs,29
beluga,29
kokett,29
belærer,29
Linge,29
skyhøyt,29
inderne,29
sysselsetting,29
fullkommenhet,29
Rangoon,29
favorittstedet,29
Valleys,29
Grisebukta,29
talløse,29
klynk,29
Kludd,29
ekskjærester,29
klonen,29
befølt,29
Clenna,29
Wessel,29
Buch,29
møkkamann,29
Rafter,29
radiosignal,29
skottet,29
lndiana,29
rø,29
rævslikker,29
brutto,29
Sør-Kina,29
koblingene,29
koala,29
Cock,29
AG,29
fordomsfri,29
skullejeg,29
ping-pong,29
Valerius,29
Valde,29
Koldo,29
Kold,29
pinefull,29
forarget,29
taktløs,29
talentshowet,29
skopolamin,29
llle,29
døgenikt,29
behover,29
pinglete,29
månebasen,29
opprivende,29
oppropet,29
fyrstikkeske,29
Tahime,29
Taggert,29
skrapelodd,29
Wednesday,29
webkamera,29
pandan,29
inflasjonen,29
mytologien,29
forbildet,29
menneskesinnet,29
brystsmerter,29
måken,29
vaktposter,29
afroamerikanere,29
menneskekropp,29
forbrukerne,29
livsglede,29
sku'kke,29
ryet,29
halshugging,29
Weiner,29
knøttliten,29
søppelplass,29
ogdeter,29
Pillar,29
myrland,29
Scofields,29
sci-fi,29
havutsikt,29
Osterberg,29
sedvanlige,29
markøren,29
Augustin,29
Augsburg,29
ubekymret,29
attraksjonen,29
atombombene,29
gjøken,29
jekke,29
diplomet,29
potetgullet,29
1920-tallet,29
1950-tallet,29
Hedges,29
ribbet,29
ribbena,29
blodsugende,29
hefte,29
Scruggs,29
Ospina,29
øreproppen,29
heksedoktor,29
Hawkes,29
atomrakett,29
dirrer,29
ubetenksomt,29
Atta,29
uenigheten,29
ørnens,29
heiagjeng,29
øyelapp,28
Østens,28
overdra,28
overbærenhet,28
ørten,28
heIIige,28
hefter,28
gledes,28
Stallone,28
Ml5,28
Fortitude,28
Starkey,28
Stargazer,28
fallskjermhopping,28
Stangard,28
KW,28
maskinens,28
havet-dansen,28
Mariana,28
selvdisiplin,28
Masen,28
fortryllelsen,28
fortrenger,28
blodsbror,28
Gloin,28
glodd,28
Pond,28
Elk,28
jobbintervjuer,28
filmkveld,28
scenarioer,28
maskingeværene,28
revene,28
tyvaktige,28
Jin-tae,28
praktiserte,28
embets,28
nordiske,28
Joao,28
astronomisk,28
skravling,28
mennesk,28
Feeb,28
hjertekirurg,28
halvinger,28
hjernerystelsen,28
hjerneskadd,28
Affleck,28
møblert,28
tagg,28
takknemmelig,28
va'kke,28
inget,28
ansettelsen,28
T-1,28
knife,28
mytisk,28
etappen,28
skrekkens,28
skreiv,28
halvert,28
Palma,28
opprykk,28
forbaskete,28
knivblad,28
knippe,28
Rainman,28
søsterskapet,28
knulles,28
fyldige,28
vakttjeneste,28
Rampart,28
Lisbeths,28
Halpern,28
HobsysseI,28
Waterford,28
mentol,28
forbundsfeller,28
bruktbiler,28
søndagens,28
valgmøte,28
såg,28
fundamentale,28
Sæterbø,28
fordrev,28
Bruiser,28
Bruges,28
brudgommens,28
uvitenheten,28
uvesentlige,28
uvillig,28
Initiative,28
pinen,28
Doniphon,28
pina,28
Valhalla,28
skolissen,28
skoletur,28
Lloyds,28
knallhard,28
få'n,28
knaker,28
kløyve,28
Tallak,28
benner,28
kolonisert,28
Myrna,28
Brownsville,28
fordriver,28
linebacker,28
Skylark,28
skyhøy,28
Odell,28
uvennlige,28
mes,28
Benefit,28
kollektoren,28
valgkampanje,28
valutaen,28
valkyrje,28
skogbrann,28
fødestedet,28
Tammany,28
tankbilene,28
Begbie,28
mĺtte,28
Félix,28
Tanaruz,28
sølvskje,28
knøtt,28
Río,28
hjernebølger,28
Aerosmith,28
Westlake,28
Westmoreland,28
men...det,28
skyttel,28
limousiner,28
runking,28
Hallet,28
Panther,28
dørterskelen,28
pappan,28
Bronwen,28
Classe,28
doompadee,28
sympatiske,28
syndikat,28
benådningen,28
fukte,28
fuktet,28
datterselskap,28
innavla,28
Fonzie,28
lobbyister,28
lobby,28
follow,28
Cledus,28
Clearwater,28
rømming,28
hoffnarr,28
Merida,28
etableringen,28
grevskapet,28
begrensningene,28
befengt,28
befestede,28
gresshoppene,28
databasene,28
vanedyr,28
Vanderbilt,28
impotente,28
importerte,28
implodere,28
slampen,28
foreninger,28
while,28
skjelvingen,28
Quangel,28
Erskine,28
Tattaglia-familien,28
Taw,28
Tavern,28
etterfølgeren,28
utvisket,28
nabogutten,28
sklerose,28
sklia,28
skjønnlitteratur,28
Folkepartiet,28
Melshi,28
feilfrie,28
Linderman,28
Ruskov,28
Rushmore,28
Code,28
Merwe,28
naerheten,28
Antiokia,28
grensepolitiet,28
Hammett,28
Longstreet,28
Longstride,28
lommerusk,28
Fogarty,28
Oin,28
pikens,28
komponerte,28
utspilte,28
utsondrer,28
Nakatomi,28
klasker,28
skjensel,28
oppskytningen,28
oppslaget,28
Whoville,28
synkroniserer,28
Bentleyen,28
Bebe,28
pis,28
Naian,28
Nago,28
førstelaget,28
utspilt,28
Brockie,28
likvidering,28
Slaktekjøtt,28
rumpehull,28
hoggtennene,28
Walcott,28
AGRA,28
Brodsky,28
påtale,28
Dorchester,28
Iljas,28
muskelavslappende,28
musikksmak,28
Reagans,28
fatene,28
værhår,28
røsk,28
feilsteg,28
Wiegler,28
opptegnelser,28
FN-bygningen,28
bulldogg,28
dekryptere,28
nasjonaldag,28
Faulkner,28
døvt,28
baufil,28
narkosen,28
Ochoa,28
klareringen,28
Beanie,28
Looney,28
Berna,28
Berlioz,28
fuglekvitter,28
vannmeloner,28
vannivået,28
vannflaten,28
Frøya,28
komponere,28
hamstret,28
Buon,28
varierte,28
Varick,28
varselet,28
varmtvannsbereder,28
beskytteren,28
beskyttede,28
Tessie,28
utradere,28
utpresseren,28
innledning,28
basens,28
kjærestepar,28
Sabbath,28
flørtingen,28
ilmelding,28
Illya,28
utskrives,28
ao,28
utsida,28
telegrafere,28
bauerschwein,28
testamenterte,28
papaya,28
meteorolog,28
briefe,28
sliper,28
Slocombe,28
lights,28
Dashiell,28
Darwins,28
flysoldat,28
Pyongyang,28
nattmat,28
Natives,28
Barrymore,28
Barron,28
utlegg,28
utladet,28
påkalt,28
erjammen,28
Nassaus,28
lovgivningen,28
wingman,28
adlydt,28
burka,28
flytid,28
lia,28
svingete,28
Bertinelli,28
konferanserom,28
nattestid,28
gravøl,28
utroligste,28
Dollie,28
kongressmenn,28
smatt,28
Coltrane,28
Rubiks,28
opplasting,28
forfinet,28
slusene,28
forfrysning,28
Värmland,28
Ajar,28
Brea,28
forglemmelse,28
lettmelk,28
bratwurst,28
smekket,28
musikkens,28
eIskede,28
Leto,28
lets,28
letch,28
forhandlingsbordet,28
Leticia,28
Rudyard,28
VSI,28
Himmlers,28
bursdagskake,28
Cicci,28
Ciccio,28
safer,28
tidsperiode,28
Gammelsmurf,28
innsiktsfull,28
utkoblet,28
Delgros,28
ske,28
skattefritt,28
mekler,28
Buros,28
skanse,28
Lucchesi,28
konspirasjoner,28
konservatoriet,28
Svanesjøen,28
middelalderske,28
forholdt,28
smultringen,28
brannfolk,28
hopetall,28
adamantium,28
sjiraffen,28
Navarra,28
tiendedel,28
Ganesh,28
tight,28
Vasile,28
Iide,28
barnesykehus,28
sadle,28
flygutt,28
meisel,28
saksnummer,28
Wombosi,28
hanekamp,28
hil,28
mursteinene,28
svermet,28
beskyldes,28
sviende,28
besetningsmedlem,28
oasen,28
barnløse,28
barnevakter,28
barberingen,28
barberkniven,28
O'Briens,28
innøvd,28
bestikkelsen,28
gruppebilde,28
Iette,28
Iete,28
barndomshjem,28
grater,28
grasiøs,28
dokumentarer,28
ganja,28
sjøfolkene,28
sjikane,28
Lundegaard,28
DarkWeb,28
Reba,28
reality-tv,28
redaktørene,28
O'Daniel,28
utgjort,28
barneporno,28
barneoppdragelse,28
oppkaller,28
oppildnet,28
parre,28
Parnell,28
smog,28
smidige,28
smetter,28
smia,28
sjelenes,28
yachter,28
florerer,28
bestrålt,28
grusveien,28
Petula,28
Olek,28
pIanen,28
utdelingen,28
Doherty,28
kiloen,28
Killick,28
lunkent,28
medmindre,28
sjefssersjant,28
sjefredaktør,28
frontfigur,28
Murphyen,28
redningsbåt,28
utfordres,28
innynde,28
innvilger,28
Punisher,28
Bannock,28
ier,28
Sussex,28
mignon,28
småpraten,28
Braden,28
horeunge,28
braket,28
Brainerd,28
koplingen,28
Omalu,28
oljetrykket,28
surmule,28
Mulan,28
suppekjøkkenet,28
betegnelse,28
superkreftene,28
Keppler,28
tiltenkte,28
gassmaske,28
lvanhoe,28
sjakalen,28
overvåkingspolitiet,28
lykkebringer,28
Sals,28
Bowery,28
tiltalepunktene,28
utadvendt,28
bankmenn,28
tilstrekkelige,28
banale,28
demonstrert,28
Kerissa,28
kontorrotte,28
redningsteamet,28
redningsmannskapet,28
vollen,28
Hae-Won,28
Vrakbukta,28
oppholdsrommet,28
partisanene,28
Hessler,28
båsene,28
lyskasteren,28
negativitet,28
ekteskapsproblemer,28
ektestand,28
ekteskapsløftene,28
ekteskapsbrudd,28
tinte,28
Kelsos,28
titall,28
sIuttet,28
lykkeligst,28
lynrask,28
byttehandle,28
yay,28
fritidsaktiviteter,28
Keiths,28
nedstrøms,28
Doback,28
Pleasant,28
integrerte,28
ustemt,28
ustadig,28
Vegard,28
kopimaskin,28
friken,28
hoveddelen,28
aksjeselskap,28
aksjekursen,28
voldsbruk,28
hotelldirektøren,28
reflekteres,28
reflektert,28
betraktningen,28
Sundsvall,28
korallrev,28
kopter,28
kopling,28
Son'a-ene,28
Sille,28
summende,28
Suggs,28
damevenn,28
anbefalingsbrev,28
korsene,28
Eastside,28
reformere,28
tjueåtte,28
Sinja,28
abstinens,28
year,28
Duman,28
flashback,28
Simba,28
Silverado,28
Kedr,28
tiårene,28
Bamako,28
Ballou,28
tispene,28
Tirza,28
Aribau,28
USDA,28
strømforsyning,28
studium,28
biblioteker,28
rekonstruksjon,28
reklamepause,28
evneveik,28
stuff,28
veloppdragen,28
ordan,28
Yep,28
herremannen,28
sikkerhetsteam,28
prøvespilte,28
prøverør,28
Nena,28
Sttrode,28
katalysator,28
baktrappen,28
intoleranse,28
intetanende,28
Uribe,28
Simmons-Howe,28
sikrede,28
læreboka,28
Iag,28
hřrte,28
Copacabana,28
aktivisert,28
solsiden,28
motvillige,28
veldedighetsarbeid,28
velde,28
karbondioksid,28
karbonfiber,28
dl,28
armadaen,28
Venneford,28
guders,28
krigsfangene,28
Cormier,28
took,28
Chiron,28
Yohei,28
chiminee,28
desertere,28
Neros,28
tordenværet,28
Genest,28
hovnet,28
drittarbeidet,28
passordene,28
enough,28
arkitekturen,28
uranet,28
baktale,28
kartongen,28
frekkheter,28
sont,28
sorgløs,28
sopran,28
soppinfeksjon,28
Boog,28
hoy,28
hoyere,28
næringsliv,28
bakende,28
genistrek,28
geologer,28
prosentpoeng,28
protesjeen,28
næres,28
nærbilder,28
overtall,28
Abir,28
Abercrombie,28
herk,28
sidelinja,28
genomet,28
DNA-prøver,28
DNA-analyse,28
Peshawar,28
stråles,28
strålebehandling,28
siffer,28
signeringen,28
fjotten,28
lønte,28
ordforrådet,28
corn,28
sosialister,28
vitners,28
H.R,28
rektum,28
Ew,28
motiverende,28
omgår,28
sovn,28
Götaland,28
patter,28
oppdrift,28
coroner,28
strupene,28
Krest,28
kreftforening,28
spares,28
ministerbilen,28
far's,28
minibanker,28
minibar,28
minibussen,28
Spades,28
SpaceX,28
Abbot,28
herIig,28
oversetteren,28
McClung,28
samvittighetsfull,28
transformatoren,28
Renai,28
Renoir,28
Irby,28
Iraks,28
iranerne,28
Toyama,28
Tourettes,28
genuint,28
Yubaba,28
Abedi,28
Cosgood,28
oppbud,28
pax,28
viseren,28
viskelær,28
eyeliner,28
stridigheter,28
Frayle,28
unges,28
Unity,28
isbjørnene,28
verdensfreden,28
Kroll,28
Speight,28
speakeren,28
bommert,28
showbiz,28
sammenslåingen,28
ferger,28
babbel,28
det...det,28
destrueres,28
nevøs,28
pokerspillet,28
motbevist,28
amputasjon,28
Kanariøyene,28
kanna,28
PLO,28
Fjellrose,28
Mabrey,28
Shut,28
storheten,28
representativt,28
Céline,28
bokstroll,28
forskjøvet,28
spesialisten,28
Spenalzo,28
Costigan,28
fix,28
Madero,28
Madea,28
Shira,28
Shima,28
Guilford,28
hårlokk,28
hårbørsten,28
engangstilfelle,28
treffet,28
treere,28
Ghazi,28
kallte,28
Aadland,28
Harrieth,28
henrykte,28
fratrer,28
Billets,28
transportør,28
geskjeft,28
geskjeften,28
kampklare,28
Prodi-G,28
proforma,28
krukka,28
draken,28
Drakes,28
egnede,28
krypinn,28
forskriftene,28
sperreild,28
lanserte,28
Ister,28
istid,28
distributør,28
magesekken,28
feriere,28
maurer,28
Stolt-Hansen,28
framrykning,28
Azaria,28
triangulere,28
Niccolo,28
gIede,28
godtgjørelse,28
ungdomsanstalt,28
ungdommelige,28
jødinne,28
Robie,28
visekorporal,28
driller,28
forsikringsbransjen,28
Boltons,28
bilopphuggeri,28
stratosfæren,28
biltyverier,28
sexistisk,28
Seths,28
endog,28
tronraneren,28
avstøpning,28
fagene,28
Fourth,28
verft,28
Shack,28
sanddynene,28
Sandauer,28
Sanborn,28
Ferrara,28
Harveys,28
hengingen,28
Ferry,28
guIIet,28
avtjent,28
Ginsberg,28
Gilman,28
jævelens,28
privatdetektiven,28
its,28
arvingene,28
Drexel,28
vinterens,28
gäng,28
hundekjeks,28
Aldertree,28
reptil,28
straffespark,28
verdisakene,28
Iykkes,28
Iykke,28
Blackbird,28
kunstskolen,28
hyssing,28
omstridte,28
fotballbane,28
fotos,28
80-årene,28
hemningene,28
Ángel,28
hemmeIig,28
servitriser,28
Malena,28
tryllekunstneren,28
Giza,28
reseptbelagte,28
politien,28
elevenes,28
umoralske,28
DeWaId,28
trois,28
makeløse,28
sandstormen,28
Verna,28
course,28
boikott,28
spilleliste,28
landingsplass,28
Langbein,28
pavelig,28
langtfra,28
Maltese,28
hypnotisk,28
Hynkel,28
hylser,28
veÉ,28
stemplene,28
blanda,28
Stenlid,28
nne,28
niåring,28
Fionas,28
serotonin,28
Sapphire,28
helvetets,28
Durants,28
Malvo,28
Kubra,28
frafalle,28
avslutningsballet,28
Tsui,28
trøyene,28
Aslak,28
Gnurrg,28
J.M,28
retretten,28
retningsnummer,28
Vestfold,28
stigene,28
risiker,28
vinflaske,28
husfar,28
vinnings,28
Ulm,28
GM,28
blodbank,28
Stefano,28
Blekkhjerte,28
forvokste,28
Hyland,28
Aloysius,28
sept,28
ålreite,28
dusk,28
chattet,28
Sardinia,28
avkreftet,28
tungvekter,28
jordkjelleren,28
tulipan,28
gjengjeldte,28
eliminerte,28
aspektet,28
politirapport,28
maltraktert,28
Finlands,28
finlandshette,28
stenging,28
Craden,28
ringing,28
PDA,28
Boardman,28
sportsmann,28
montasje,28
Mont,28
chassiset,28
Castleroy,28
selvpåført,28
Semyon,28
dikterte,28
Prancer,28
none,28
Twinkie,28
jong,28
DigiCorp,28
gluping,28
ulempene,28
assosieres,28
Ulrike,28
gjennomstekt,28
Mannheim,28
Guzman,28
vindmøllen,28
lagånd,28
forsvarsposisjon,28
Lagos,28
jagerflyene,28
Polito,28
Joplin,28
alminnelighet,28
molekylære,28
fakturaene,28
Lagerbäck,28
lagerhuset,28
ringeklokke,28
Crasters,28
Rina,28
springvann,28
mods,28
Allyson,28
once,28
modem,28
Ribanna,28
startskuddet,28
Revenge,28
Labour,28
forsøkspersonen,28
Riggan,28
familiefirmaet,28
Mitchel,28
Alissa,28
hverdags,28
forsvarssystemet,28
semsket,28
finalistene,28
Sayle,28
Savoie,28
Savings,28
åtteren,28
dypsindig,28
selvmordsbombere,28
Two-I-C,28
Jamil,28
glorifisert,28
jamaicanerne,28
Johans,28
jogging,28
Nord-Dakota,28
diktat,28
uformelle,28
ugjennomtrengelige,28
numne,28
Aung,28
Jesses,28
0pp,28
νed,28
ubesluttsom,28
øket,28
øhh,28
Ødipus,28
ønskede,28
celleblokk,28
sekkepipe,28
Dionna,28
Elster,28
Bloomingdale's,28
spøkefuglen,28
jetflyet,28
uforutsigelig,28
tålmod,28
tyvlyttet,28
Marzin,28
sekundant,28
Guo,28
hvorer,28
kyndig,28
L'chaim,28
mobilsvar,28
Hviterussland,28
hvetenøtter,28
spydene,28
pilegrimsferd,28
Sõxe,28
bruser,28
forbrutt,28
Weasley,28
menneskehår,28
livnære,28
skruball,28
Schweppenstette,28
Chandra,28
Schott,28
markeringene,28
seglene,28
fiket,28
Ramírez,28
Grimsby,28
uamerikansk,28
glansdager,28
Jennas,28
attraksjoner,28
ubeboelig,28
Jayne,28
glemselen,28
maskara,28
Fife,28
øverstbefalende,28
Health,28
Moco,28
blodstrømmen,28
jernhånd,28
jernfødte,28
portneren,28
Sherminator,27
endetarmen,27
Benitez,27
enearving,27
1.betjent,27
forlovedes,27
energikilden,27
sânn,27
Calò,27
fangekjelleren,27
Benedikte,27
håndhilste,27
phaser,27
bjeffing,27
fysioterapeut,27
stimulering,27
oppleves,27
Crohne,27
Macrae,27
madeira,27
Macs,27
MacTaggert,27
Stina,27
McGantry,27
Niamh,27
Sharrona,27
østbredden,27
hazara,27
Cancun,27
canadierne,27
legeteam,27
Delacroix,27
McCuIIen,27
pakking,27
pysjamas,27
McIntock,27
fIytte,27
knotten,27
knopper,27
grøfter,27
uttal,27
utuktig,27
temaene,27
kaminen,27
bitcoin,27
Crusaders,27
McCool,27
kamperfaring,27
Telfer,27
Sterns,27
habeas,27
Vineyard,27
opphetet,27
kobraen,27
knutepunkt,27
Crick,27
overenskomsten,27
varsles,27
Benigna,27
håndheves,27
syndebukker,27
legeundersøkelse,27
HeIen,27
systemsjekk,27
tørrere,27
knivstikking,27
Violetta,27
f-ordet,27
F-18,27
palladium,27
kalibrere,27
putekrig,27
kalendere,27
gidd,27
Ds,27
Gibbins,27
Delucci,27
opphavsrett,27
Creb,27
Crows,27
villfarelse,27
revolvermannen,27
ørreten,27
noches,27
Lefroy,27
Shaffer,27
heim,27
gratulert,27
overbevisningen,27
hypotetiske,27
synkronisering,27
iakttok,27
oppløste,27
grønnskollinger,27
Riordan,27
McCandles,27
ansvarsområde,27
tempelridder,27
ringingen,27
blikkboksen,27
koken,27
blindes,27
Eazy,27
ebber,27
vinternatt,27
M'gann,27
Alderson,27
Crapgame,27
eskalere,27
fure,27
visdommens,27
statsbudsjettet,27
Emelio,27
helbredelsen,27
fanklubb,27
fannt,27
Dorothea,27
minnesmerket,27
økenavn,27
Leonora,27
Shadi,27
25-cent,27
lerke,27
SF,27
visiterer,27
blindtarm,27
blindtarmbetennelse,27
Albie,27
Albion,27
purkejævel,27
oppdrive,27
Texarkana,27
Kaito,27
Palmetto,27
pupiller,27
Kairos,27
kluten,27
kn,27
klynkende,27
kaIte,27
fårekjøtt,27
kløveren,27
kløna,27
løsrive,27
medført,27
kolossale,27
ouzo,27
hylsen,27
Kershaw,27
rasjonalisere,27
Variety,27
bøttevis,27
leaset,27
fornærmelsen,27
sew,27
severdigheter,27
leseren,27
Thrain,27
komforten,27
barsel,27
kolben,27
Thoris,27
utpressingen,27
utrivelige,27
apestreker,27
aperitiff,27
idretter,27
apasjer,27
Thorpe,27
Edgecomb,27
utopium,27
Threadgoode,27
blodrøde,27
kommandantens,27
opparbeidet,27
Cota,27
komm,27
viseoperasjonslederen,27
Nogales,27
forhørene,27
cappella,27
uendeligheten,27
udyrets,27
havneområdet,27
Duvander,27
daske,27
dasket,27
Daryll,27
Gerstein,27
Dubrovensky,27
Pacho,27
Gerrity,27
Mayfleet,27
Bloeuf,27
stakket,27
stakan,27
flakket,27
kommuner,27
Rockingham,27
flakse,27
spørsmåIet,27
Pucci,27
KAB,27
puertoricanere,27
barnsben,27
tidsmessig,27
psykopatiske,27
mediterte,27
barnesykehuset,27
tidskapselen,27
lærevansker,27
stae,27
barnepass,27
tideverv,27
huevos,27
50-årene,27
Leafs,27
tzu,27
Interpols,27
Carden,27
carbonara,27
fara,27
forhindres,27
bøyes,27
Perrys,27
dragning,27
innsatsstyrke,27
Doran,27
pikkoloen,27
Beansie,27
deiligere,27
beame,27
Teegan,27
p-plass,27
blottlegge,27
al-Sakar,27
Flanagan,27
al-Awlaki,27
Bemidji,27
fiendtIige,27
åv,27
helikopterne,27
bødlene,27
serienumrene,27
Cordelia,27
hoppsann,27
utløpet,27
appelsinen,27
CorIeone,27
ese,27
dryppert,27
tidsrammen,27
majesteten,27
jålete,27
operativsystemet,27
oppryddingen,27
Göte,27
Stormare,27
klossene,27
klipping,27
voksenlivet,27
romferden,27
Bloomwood,27
kompensert,27
lånekort,27
komponentene,27
aktivering,27
blåmerket,27
deporteres,27
Jäger,27
justeringen,27
barndomsvenner,27
prøysserne,27
ansvarlighet,27
høytidelige,27
medvirke,27
sensuelt,27
Latika,27
forretter,27
Donnager,27
Pincus,27
tynnet,27
Guni,27
håndtrykket,27
overføringene,27
overgivelsen,27
uvissheten,27
Georgias,27
Teddys,27
kanslerens,27
Ronna,27
sporte,27
sportens,27
Coogan,27
romnummer,27
Giosué,27
girer,27
akselerert,27
lyshastighet,27
aksjemajoriteten,27
erså,27
prøvelsen,27
SPORTSKALENDER,27
voldtektsforbryter,27
overaskelse,27
overbegeistret,27
filippinske,27
gartnere,27
berette,27
sykepleiersken,27
bærende,27
bærerne,27
separatister,27
Siringo,27
Latour,27
forsaket,27
erstatteren,27
boblag,27
aprikos,27
boardingkort,27
justismord,27
tilbakevendte,27
tilbaketuren,27
tilbakevendende,27
Meeker,27
grunnskole,27
pappa'n,27
Pappadimos,27
confidence,27
giorno,27
konsis,27
Roskilde,27
Conagher,27
Rostova,27
firkanter,27
tvitre,27
Pinkberry,27
pins,27
marinert,27
darkness,27
restituert,27
hulkende,27
Strasse,27
streike,27
omprogrammerte,27
holistisk,27
Parallax,27
morfaren,27
provinser,27
grunnleggere,27
Barbra,27
barføtt,27
gitaristen,27
Bogo,27
holdte,27
vrengt,27
akkorder,27
Boisfontaine,27
flighten,27
spiralen,27
oppspist,27
ansvarsfulle,27
holdeplassen,27
motforestillinger,27
mausoleet,27
reservehjulet,27
utkant,27
Spiken,27
comes,27
KAPlTTEL,27
selvmotsigende,27
Nesib,27
sithlord,27
sengevæter,27
senile,27
DragonFire,27
Perrier,27
sitrer,27
lastbilen,27
mimer,27
gravlegge,27
Gonzalez,27
tilfredsstilte,27
tilkalles,27
boksershorts,27
egypter,27
Rubens,27
rst,27
flipperspill,27
Akela,27
vur,27
Spielberg,27
floden,27
tilknytninger,27
tilkommer,27
Bolo,27
Prothero,27
utilfredsstillende,27
avhoppere,27
mistelteinen,27
millionæren,27
pirker,27
helspenn,27
Perky,27
laserne,27
heltens,27
Northup,27
Århus,27
årig,27
Haugan,27
cyberspace,27
overvåkningskameraet,27
Guambilua,27
Quin,27
Quetzal,27
speidergutten,27
Fernandez,27
deformerte,27
Tascosa,27
narjeg,27
Narcy,27
ruinen,27
hofteholder,27
konvensjoner,27
Hogwarts,27
eiendomsmarkedet,27
omkostninger,27
tilsatt,27
konvoluttene,27
rullestoler,27
sparkende,27
tilstelningen,27
julekortet,27
værst,27
mordkvelden,27
pardon,27
Facebook-side,27
fabrikkere,27
droppes,27
Apu,27
tilpasses,27
Bellaene,27
daua,27
Daph,27
vasset,27
vanntrykket,27
Belial,27
datidens,27
sjarmtroll,27
Larkhill,27
Perla,27
sjekklisten,27
selvsamme,27
Rushman,27
arbeidsfolk,27
grunker,27
korketrekker,27
DeSoto,27
moralpreken,27
våpensystem,27
våpensystemet,27
ern,27
strupetak,27
klartil,27
D'Aberville,27
Lannon,27
golfkøllene,27
tv-nyhetene,27
tv-apparater,27
cateringfirma,27
Elspeth,27
elskes,27
notarius,27
hatefull,27
Catedral,27
forskningsprosjekt,27
sjeikens,27
sydvest,27
marineblå,27
Garbo,27
Darbus,27
oppstillingen,27
Veronique,27
gårdbruker,27
Alvarado,27
Malankov,27
omegn,27
Vesuvius,27
stropp,27
Coffin,27
ikonet,27
bankes,27
rustent,27
Hockley,27
Wahoo,27
A-er,27
likestilte,27
sjøkart,27
irisen,27
helts,27
NTSB,27
Nerissa,27
Sorbonne,27
lun,27
korgutt,27
soon,27
cocktailer,27
parkerings,27
soperne,27
ansiktsbehandling,27
destillert,27
prominente,27
høyborg,27
vaflene,27
vaIgt,27
tarmgass,27
Huron,27
strålet,27
Geneve,27
banda,27
prognosene,27
mellomting,27
profesjonalitet,27
ryggsøylen,27
utelat,27
profetiene,27
Maldivene,27
bildøra,27
ho-ho,27
Coates,27
Dynasty,27
Randyll,27
Redman,27
vedheng,27
søppelkassen,27
søppeldunken,27
Belikoff,27
belgieren,27
Cavalry,27
vedlegg,27
Lilley,27
nov,27
høyrehånden,27
strødde,27
rabla,27
Taos,27
privatskolene,27
tjuveri,27
ballsal,27
tjenerinne,27
fremstilles,27
Memnons,27
Baltikum,27
Detvaren,27
tjuesju,27
walisisk,27
borgerskapet,27
rådmannen,27
skattebetalere,27
limte,27
limen,27
landlig,27
Lilas,27
bust,27
ukonvensjonelt,27
miljømessige,27
Dol,27
turnuskandidat,27
råsexy,27
kragebein,27
oljeselskap,27
hjertetransplantasjon,27
Arctor,27
dritvondt,27
døddrukken,27
tl,27
feIIe,27
tjueni,27
oppveier,27
verktøykasse,27
OPR,27
myknet,27
klaffene,27
etjævla,27
hunds,27
ambisjonen,27
orda,27
gjenskaper,27
immunforsvar,27
USR,27
wasabi,27
sørgående,27
Kinnah,27
sørafrikanske,27
Astapor,27
turistattraksjon,27
zing,27
num,27
ner,27
skandinaviske,27
bursdagspresangen,27
burritoen,27
balja,27
frekkheten,27
bortkommet,27
luftangrepet,27
erindre,27
hjernekirurgi,27
luftens,27
kranene,27
sokkelen,27
luftballong,27
bosnisk,27
diagrammene,27
diagnostisere,27
prinsene,27
rødjakke,27
monstere,27
passerende,27
monsignor,27
hjernevask,27
tommeltotter,27
gjessene,27
parykkene,27
Joby,27
røntgenbildet,27
bakterien,27
pretensiøst,27
høvisk,27
kjøterne,27
kjøttkaker,27
plakett,27
Zig,27
avkastningen,27
plaffet,27
Skeeto,27
tur-retur,27
keeper,27
gaper,27
redwood,27
Kirov,27
tanto,27
ANP,27
høstens,27
Grogan,27
krepere,27
halvtom,27
Welbach,27
overtiden,27
tankens,27
g-punktet,27
afrikanerne,27
Huntley,27
Styx,27
bibelens,27
ogsâ,27
krigerens,27
stusset,27
bifalles,27
Freddies,27
eksamenen,27
offside,27
sabotør,27
Nath,27
lagerbygning,27
buljong,27
forsyningen,27
LaHood,27
Lam-Lam,27
Seibei,27
Zampa,27
hengelås,27
peppersprayen,27
Dock,27
Tumblr,27
monogam,27
jkke,27
Mongkut,27
lrena,27
prestasjonene,27
Brads,27
gjerningen,27
Dieppe,27
urinrøret,27
gjestehus,27
gjerningssted,27
beseirede,27
andrevalg,27
svømmelaget,27
gape,27
beskatning,27
vedtekter,27
Freamon,27
småjobber,27
toneart,27
baklys,27
Hammy,27
bakgårdskatt,27
Jetrel,27
Faheen,27
Jia,27
hjemmehjelp,27
Tord,27
Dæsken,27
ambolt,27
høringene,27
anordning,27
radiokontakten,27
arkene,27
Uriel,27
bakhjulet,27
urinering,27
Aegis,27
advokatens,27
urolighetene,27
preller,27
smisking,27
Whites,27
kriterium,27
Smoll,27
smittefare,27
Smit,27
fraskilte,27
Whele,27
kriminaletterforsker,27
småbyen,27
lirke,27
henrettelsene,27
Linton,27
Buicken,27
lagerrom,27
Linley,27
Lafe,27
skinkene,27
Assassins,27
avleverer,27
Linnet,27
Francos,27
smuss,27
fratok,27
prammen,27
praktiserende,27
Wilberg,27
Fawkes,27
mangelfulle,27
Jerseys,27
naturbegavelse,27
Bhamra,27
begynneIsen,27
radiotårnet,27
oregano,27
musketeren,27
gymtimen,27
smakfulle,27
Salisbury,27
erden,27
Mustapha,27
dritkjedelig,27
patologen,27
patologi,27
pleasure,27
rammede,27
Vang,27
håndvesker,27
referat,27
sørstatenes,27
rambukk,27
Henrick,27
Tulane,27
neie,27
eliminering,27
nyhetsanker,27
Wiggin,27
Hitomi,27
fakk,27
Krug,27
Wieland,27
Wincroft,27
smaragd,27
Hinkle,27
brenneren,27
brennemerke,27
gla,27
husfruen,27
bh'en,27
toys,27
Jernside,27
totem,27
tout,27
dårIige,27
dåner,27
dåder,27
kjærtegne,27
kjærlighetssanger,27
Muntiadok,27
ulykkesfugl,27
plattfot,27
Greenberg,27
forsøkskaniner,27
nymotens,27
innflyging,27
hønsehus,27
valgkampanjen,27
hustakene,27
raffinerte,27
taleevnen,27
objektive,27
Obi,27
Winifred,27
salvet,27
framgangsmåten,27
foie,27
lope,27
saltsyre,27
sløver,27
dinglet,27
krystallklar,27
bresjen,27
Breslin,27
trafikkameraene,27
pow,27
PR-avdelingen,27
ppå,27
messed,27
Schomann,27
skjøter,27
buddys,27
Livilla,27
Zala,27
skjender,27
skjøgen,27
budsjettkutt,27
skjot,27
hvitvasket,27
svamper,27
bestemmelse,27
handlingens,27
handlingslammet,27
universer,27
unnskyIdning,27
Jellicle-katter,27
postvesenet,27
favorittfilm,27
krypskytterne,27
brennstoffet,27
trakt,27
gaffateip,27
geistlig,27
festninger,27
tabasco,27
massasjen,27
kausjonerte,27
bekreftende,27
museby,27
Iuft,27
kavaleren,27
Rambos,27
vannflaska,27
truten,27
asiatene,27
greiere,27
avskrev,27
avskriver,27
miIIion,27
Finestra,27
Dahlia,27
Bricassart,27
Venture,27
bevilges,27
himler,27
Slevin,27
frafallen,27
adgangskodene,27
O-Ren,27
Brewers,27
Nayan,27
Brigham,27
Witt,27
skoavtrykk,27
skjønnhetssalong,27
forbrytersyndikat,27
pengetransport,27
jabben,27
pm,27
Izzie,27
kausjonist,27
Suvarovs,27
svakest,27
Woolsey,27
slavenes,27
children,27
metalldetektoren,27
Mohinder,27
postkortene,27
Postern,27
WonderworId,27
hanene,27
posete,27
venstrehånden,27
motstandsbevegelsens,27
vendepunktet,27
etterkommerne,27
Amjad,27
motstandsmann,27
overraskeIse,27
venstresving,27
husransakelse,27
amnesi,27
reiv,27
sammensverget,27
metaer,27
brilleslange,27
Hildur,27
Slattery,27
lokalsamfunn,27
lokalnyhetene,27
gnålet,27
Yonk,27
brødskiver,27
livmorhalsen,27
er'u,27
nøytron,27
brod,27
logistikken,27
chianti,27
nøktern,27
tredeler,27
direktelinje,27
ektemennene,27
brodere,27
gledene,27
treenighet,27
glattcelle,27
Traynor,27
Gales,27
Dalby,27
Chestnut,27
fotoene,27
fotogen,27
skyvekraft,27
Chevalier,27
samvittighetskvaler,27
skånte,27
Addis,27
slangebitt,27
meteorologen,27
treigt,27
Babbitt,27
Grierson,27
arrangeres,27
ungjente,27
Babitch,27
hvilen,27
velbygd,27
regnestykke,27
kyklop,27
suspenderte,27
Kjeldsen,27
filmskolen,27
fartøyene,27
J.F,27
brødfrukt,27
Kurian,27
Lockridge,27
Peary,27
peanøttsmøret,27
Jarre,27
sanker,27
Cheung,27
Trenwith,27
har'u,27
Pee,27
underutviklet,27
fosterforeldre,27
Broome,27
diskotek,27
taksert,27
pon,27
katapulter,27
BehoId,27
rakettforsker,27
takles,27
velskrevet,27
Mouth,27
Deathstroke,27
Tabby,27
ettermælet,27
Originals,27
Yona,27
dealen,27
beinharde,27
table,27
overlevering,27
brystmusklene,27
Sauniére,27
yndlingsfilmen,27
sauerkraut,27
Hardwicke,27
Elementary,27
takleilighet,27
Kussen,27
skuIle,27
velfungerende,27
superkraften,27
bruksområder,27
treverk,27
skyggens,27
Achmed,27
hanukka,27
kvinnefengsel,27
chatter,27
yns,27
midte,27
Yoder,27
gnistrer,27
GNN,27
rakket,27
dameklær,27
kvalifikasjonene,27
Politipatruljen,27
skubbet,27
nederlenderne,27
mezcal,27
Glorias,27
modifikasjoner,27
modernisere,27
Kats,27
damesko,27
hærskarer,27
mottakerne,27
kateter,27
velhavende,27
AxeI,27
trillion,27
underskriftskampanje,27
underminere,27
politikonstabel,27
jamrer,27
Jamile,27
tricks,27
brunfargen,27
fastholder,27
Electronics,27
forandringens,27
Midas,27
tristheten,27
Phelan,27
grandonkel,27
fanfare,27
inntreden,27
ubudne,27
Night's,27
inside,27
Shimada,27
øyeeplet,27
forløst,27
Hectors,27
Øverbø,27
dovendyret,27
Caliban,27
Øst-Afrika,27
1970-tallet,27
østerriker,27
1500-tallet,27
shortstop,27
Shosanna,27
Calamy,27
Camelots,27
Shino,26
Khanbalik,26
KFC,26
Bensenville,26
fii,26
Fisle,26
stimulert,26
Maroni,26
Shenzhou,26
calvados,26
mén,26
stiligste,26
fysikere,26
misdannelser,26
inspektor,26
uadskillelige,26
uakseptable,26
ratatouille,26
utt,26
øyebIikket,26
instanser,26
endevende,26
Nightingale-morderen,26
Antonios,26
vindmøllene,26
tellinga,26
viljestyrken,26
fåmælt,26
revolusjoner,26
påmeldt,26
Satori,26
forvarslene,26
skrepper,26
jamaicanske,26
jaktkniv,26
jakta,26
fastsetter,26
kvarts,26
bryllupsfesten,26
Hvidovre,26
Anatoly,26
kjempes,26
Shatner,26
forkledde,26
Canary,26
formskifter,26
østeuropeiske,26
legesenteret,26
cheesecake,26
Manon,26
maniske,26
superbra,26
Valo,26
Azrael,26
innadvendt,26
skrælinger,26
kvanta,26
innad,26
nedfallet,26
hestekjøtt,26
sassenach,26
Kuribayashi,26
lnterpol,26
masochist,26
supersexy,26
Pemberton,26
Llewyn,26
Saso,26
Tenacious,26
kamille,26
hubba,26
villhunder,26
kamikaze,26
Painter,26
Aline,26
Deloris,26
pal,26
uttrykkes,26
ubestridelig,26
riene,26
FIynn,26
Cristy,26
vinklene,26
hovedmotoren,26
pågrunn,26
stemora,26
graderte,26
familieverdier,26
gnistene,26
trolovet,26
innebygget,26
Ashbury,26
innbyr,26
Jacko,26
livsviktige,26
Abs,26
Kurtis,26
Brundusium,26
beiler,26
foraktelige,26
trevirke,26
hårsår,26
Taff,26
Ann-Kristin,26
beinete,26
institusjonalisert,26
intendant,26
Knuseren,26
vari,26
ravende,26
Kidds,26
vaska,26
overdådige,26
synkroniserte,26
Stepford,26
stesøster,26
McLyntock,26
pushere,26
tettsittende,26
pusekatten,26
Pursy,26
testresultater,26
deaktiverer,26
Rakh,26
Chatham,26
nàr,26
herredømmet,26
fasilitetene,26
Dizzy,26
Asheton,26
massehysteri,26
Hut-Sut,26
faseren,26
fascistiske,26
Yentl,26
Yeller,26
Anzio,26
testpilot,26
th,26
pyntelig,26
delle,26
pygmeer,26
steinkast,26
fjells,26
fjellklatrer,26
tøffer,26
Rika,26
riks,26
blautfisk,26
vippet,26
Kidan,26
autoimmun,26
Initech,26
injektoren,26
mexicanerne,26
brudepiker,26
sandwichene,26
Arto,26
arsak,26
meteorer,26
meteoritter,26
glidefly,26
disket,26
Lobster,26
sankthansaften,26
Lobokoff,26
Saunière,26
betingelsesløst,26
stirrende,26
ubønnhørlig,26
Shadows,26
legemer,26
tøddel,26
leppe,26
C.I.A,26
legekontor,26
Steelers,26
bistikk,26
månelandingen,26
rikdommene,26
Teterboro,26
Furlong,26
purre,26
mørkhudet,26
mørkeblå,26
ying,26
penest,26
bestekameraten,26
javIa,26
regnfull,26
kjempegrei,26
veldedigheten,26
hvin,26
guttenavn,26
Yinsen,26
Glendale,26
epostene,26
skyteepisoder,26
undertrykkende,26
B-1,26
påpasselig,26
steile,26
hov,26
Alette,26
Rille,26
Essie,26
Nexus,26
SGC,26
sikkerhetsbelter,26
Shabal,26
ødsle,26
2B,26
sunnhet,26
Broadchurch,26
broderte,26
kjetteren,26
Wuchang,26
skøyerstreker,26
venligst,26
vener,26
sultestreik,26
vemmes,26
Summit,26
orientalske,26
regjeringsmedlemmer,26
Fomin,26
lodden,26
kyborg,26
statssekretæren,26
EMF,26
ødeleggelsens,26
Aleksandre,26
opprydning,26
fjernere,26
hostemedisin,26
bletch,26
aldring,26
klynke,26
stolpene,26
stolryggen,26
fór,26
viktoriansk,26
portugisiske,26
jeg...har,26
gledestårer,26
forunt,26
ungdomsforbrytere,26
nedadgående,26
nedbetale,26
nеr,26
Woojin,26
slaveeierne,26
Brit,26
skomakeren,26
brølende,26
skøytebane,26
Brooklyns,26
Underwoods,26
fotlenke,26
fotnote,26
Ekström,26
Güero,26
vigilante,26
CT-scanning,26
klyster,26
öyeblikk,26
stjerten,26
Thack,26
gaster,26
oppetter,26
morningen,26
oppdrags,26
virvelvind,26
aldersgrense,26
Leddy,26
rasket,26
børsnotert,26
Cantara,26
fornærmelsene,26
sikkerhetsrådgiver,26
fifty-fifty,26
fortumlet,26
Chappell,26
pokerlag,26
poengløst,26
kulehullene,26
Galba,26
slavehandel,26
reklamebyrå,26
kjoIe,26
reiserute,26
kolonial,26
dataprogram,26
Kerns,26
Sæther,26
fulltreffere,26
mugne,26
blitz,26
feminister,26
medhjelperne,26
dempes,26
stase,26
kolleksjon,26
utplassere,26
robuste,26
RaIphy,26
kjæ,26
transvestitter,26
avstandsforhold,26
trasig,26
pausene,26
hiIse,26
sutret,26
Gambino,26
Scalar,26
Thorazine,26
Thorwalds,26
gigs,26
utringningen,26
løpetid,26
fjolle,26
Stane,26
pumaer,26
statstjenestemann,26
kafe,26
apes,26
medfødte,26
pIeide,26
fantasifoster,26
Ægir,26
bølla,26
udåd,26
Briana,26
Changs,26
scenarier,26
skoddene,26
venstrearmen,26
Hildegarde,26
nøytroner,26
Lonesome,26
sleike,26
eksportere,26
kjop,26
rekonvalesens,26
Hélàne,26
Rejser,26
Gotland,26
Gottfried,26
Miskin,26
misjonsstasjonen,26
sikkerhetsselen,26
lesser,26
30-åra,26
stabelen,26
målmann,26
Døperen,26
padlet,26
visitert,26
horoskop,26
Stack,26
oppakning,26
Rodrigues,26
navnedag,26
plotter,26
Kaye,26
vannforsyning,26
Evander,26
finest,26
Valjean,26
guffe,26
hindres,26
mesterstykke,26
glan,26
Trumbo,26
Iøp,26
Moat,26
kanaliserer,26
pudler,26
panservogn,26
feministisk,26
Théodred,26
Denistoun,26
Ieke,26
Rocksteady,26
ufyselige,26
Hughie,26
Bayley,26
Gerhard,26
teiting,26
mahatma,26
fiskebein,26
ufør,26
atomene,26
forhoId,26
graveren,26
åttere,26
sø,26
Anthea,26
rettslegens,26
utreder,26
ettroms,26
Lavonia,26
Raymonds,26
bestemmelsene,26
Yugorsky,26
lisensiert,26
Schröder,26
Schubert,26
obligasjon,26
hånlig,26
husmoren,26
Gacha,26
kyskhet,26
livligere,26
lærerik,26
fiendeland,26
mudder,26
håndtakene,26
darlin,26
lærerværelset,26
hoppingen,26
horekunde,26
gimmick,26
Edmonton,26
DeJean,26
Bloomfield,26
majeure,26
Majka,26
Gilligan,26
krydde,26
samfunnsfag,26
adrenalinkick,26
Hinrika,26
wildlings,26
framkalt,26
sluket,26
slumdog,26
Loops,26
Longshadow,26
krusninger,26
Kasidy,26
Radzinsky,26
motorveiene,26
drapsmannens,26
tralla,26
Women,26
grimase,26
bødler,26
paparazziene,26
romanforfatter,26
spøkefull,26
Romano,26
stadfestet,26
haggis,26
spørsml,26
Avesh,26
æreskodeks,26
romeren,26
iherdige,26
drug,26
konfigurasjon,26
Romy,26
hopperen,26
Bloomberg,26
tråkka,26
pleiere,26
IT-fyren,26
ulvens,26
enste,26
Manescu,26
sverdets,26
beskyting,26
Ganestalay,26
etterretningsoffiser,26
etterretnings,26
samla,26
pour,26
krystallkule,26
Stormwind,26
komplekser,26
romferga,26
Stowe,26
Binks,26
Maisy,26
singularitet,26
storken,26
Stradivarius,26
storsinn,26
storjury,26
fisen,26
ugyldige,26
tynge,26
FoIey,26
Winnipeg,26
Smeagol,26
handikapp,26
naturtro,26
slørete,26
Wikeland,26
NaturIigvis,26
bredder,26
skjekket,26
begrunnet,26
elitestyrke,26
intubere,26
Tylenol,26
Donkey,26
Carmack,26
sindig,26
helsefarlig,26
helsedepartementet,26
høytrykk,26
jæv,26
medmenneske,26
depper,26
Ronda,26
blyge,26
Rookwood,26
blyantene,26
sporingssystem,26
kongefelleren,26
spreller,26
spreke,26
onanert,26
ger,26
CV'en,26
mytene,26
Sippora,26
bebodde,26
oxy,26
føIe,26
klistre,26
laus,26
lausunge,26
sirupen,26
sipp,26
gullalder,26
håndverkeren,26
Lorraines,26
sveipe,26
Marathon,26
tsk,26
indisponert,26
Salome,26
fobi,26
jernbanespor,26
Dimas,26
egga,26
Kikuchiyo,26
marinekorps,26
Berettaen,26
Darko,26
blåøyde,26
vollgrav,26
lynraskt,26
omveltning,26
Homers,26
ondere,26
egeninteresse,26
omvender,26
omveien,26
board,26
boder,26
Eggy,26
omsluttet,26
Jernneven,26
Talvik,26
dagskiftet,26
dildoen,26
småfly,26
merkedag,26
Torrence,26
Brayden,26
Salas,26
småborgerlig,26
hamstre,26
upon,26
Patricio,26
Towne,26
justitiarius,26
Tilbakesnarter,26
megatonn,26
gispet,26
Nori,26
omskriver,26
Cong,26
konkurransene,26
enk,26
Spofford,26
onkologi,26
Ones,26
haIve,26
aksjen,26
goo,26
mindreverdige,26
pinte,26
hengsler,26
skipsverftet,26
smittes,26
Lipwig,26
Aaaah,26
henvendelser,26
småfolket,26
Wham,26
smette,26
odelagt,26
Loreen,26
Orellano,26
ordvalget,26
konklavet,26
ugjenkjennelig,26
tvitrer,26
tydeIigvis,26
pinneved,26
åsryggen,26
bilskiltet,26
resurser,26
Rosebud,26
Volga,26
vreng,26
flerret,26
comrade,26
Humlesnurrs,26
Nano,26
spinkle,26
Bofur,26
friår,26
konstruksjoner,26
prekenene,26
Path,26
diket,26
mentalsykehuset,26
hurpene,26
Lovat,26
uredde,26
bakgater,26
ispinner,26
befølte,26
begitt,26
Chutsky,26
flyvåpenbase,26
Penvenen,26
pensjoner,26
vibrator,26
vibrere,26
sIått,26
Streep,26
Vichy,26
along,26
Hume,26
filialer,26
elveleie,26
nestes,26
Quarry,26
Georgette,26
oppskåret,26
nattbriller,26
bakkestyrkene,26
jetski,26
saftis,26
bramseil,26
skildrer,26
lpkiss,26
seeren,26
ensemblet,26
nybegynnerfeil,26
fordrukne,26
gapende,26
gjæret,26
brannmurer,26
offensivt,26
Oere,26
drittarbeid,26
flyttebilen,26
vr,26
tilbehøret,26
Bogota,26
spilling,26
rotfylling,26
tilbøyelighet,26
prövde,26
Uthers,26
innretningene,26
gompene,26
TV-stjerne,26
Perret,26
dansepartner,26
referansen,26
innkalles,26
Tonja,26
bakporten,26
Topher,26
DiCaprio,26
Adylin,26
Bozeman,26
Didrich,26
advokatforeningen,26
tomskalle,26
Hurst,26
días,26
anordningen,26
dagliglivet,26
lykkekake,26
siter,26
pero,26
missing,26
latente,26
selvmordspakt,26
70-meteren,26
selvoppofrelse,26
lykkebringende,26
konsultert,26
oppsving,26
quantum,26
degoen,26
Mauser,26
Napoleons,26
lydbånd,26
vugger,26
vulcanske,26
Nurit,26
ismannen,26
henført,26
Lallybroch,26
dagligdagse,26
skeit,26
Lakes,26
Lagarde,26
bunner,26
svev,26
Bunty,26
Snapphane,26
Snatcher,26
stuntene,26
innkasserer,26
kirkegjenger,26
berøve,26
besetter,26
konsulterer,26
lydisolert,26
spesialgruppen,26
Naples,26
kontinentale,26
deserterer,26
utilgjengelige,26
utilsiktede,26
Baran,26
barberhøvelen,26
forfalskningen,26
60-åra,26
helsestudio,26
sendemann,26
radiobølger,26
styringssystem,26
Nassrin,26
Lucifers,26
høygafler,26
Fredrixon,26
røykere,26
sniken,26
Rada,26
radikaler,26
Gemini,26
Tansy,26
Karls,26
inngås,26
monsignore,26
Dodds,26
Casperes,26
avholdte,26
perimeteret,26
innlevert,26
Perk,26
Colosimo,26
melboller,26
DeSean,26
parentes,26
Spengler,26
spedbarnet,26
kontrollposten,26
Felcher,26
defekter,26
flommet,26
juksemakere,26
kopieres,26
spekulasjonene,26
hengivenheten,26
Aang,26
inngir,26
kravstor,26
Ishani,26
ukorrekt,26
plait,26
Neolusjonen,26
Renko,26
fredspris,26
ståa,26
styrtpunktet,26
Renaldo,26
resonans,26
eiendomsbransjen,26
Colon,26
hallene,26
Spectrum,26
hog,26
forferdelse,26
bedriftens,26
streptokokker,26
Føniksordenen,26
Vacuum,26
maktet,26
Hattemakeren,26
ruskende,26
soyasaus,26
rundkjøringen,26
rundere,26
hjernecellene,26
snubletråd,26
Snott,26
prinsessens,26
pasningen,26
prikkete,26
hjerneaktiviteten,26
snurrebassen,26
evnet,26
dødeliges,26
dødeligheten,26
Keene,26
ettersyn,26
byggmesteren,26
forfallet,26
Rapid,26
bomtur,26
kilometervis,26
håndsopprekning,26
Belko,26
belgierne,26
lap,26
Kiran,26
gullmedaljer,26
Fabrizi,26
Vest-Afrika,26
førskole,26
kledelig,26
vanskelighetene,26
Kingdom,26
syder,26
oldemoren,26
softis,26
Africa,26
Lufthansa,26
Lancer,26
Krasny,26
Borås,26
Warren-kommisjonen,26
Borstein,26
røske,26
Jomar,26
imitert,26
hengekøye,26
Wembley,26
Snikmorderligaen,26
baksete,26
elskerdeg,26
âr,26
nesebor,26
forskningssjef,26
avhengighetsskapende,26
bilist,26
dødskjedelig,26
propeller,26
gjemmestedene,26
felgene,26
morders,26
foreskriver,26
likbilen,26
langsint,26
Butters,26
innkreve,26
arbeidstida,26
European,26
muchacho,26
overIever,26
hånds,26
vannes,26
weekenden,26
Olenska,26
usårbare,26
oralt,26
myndighetsområde,26
warp-kjernen,26
Krampf,26
selvinnsikt,26
Forester,26
selvet,26
a-en,26
Bond-san,26
Cohill,26
fribryting,26
værmelding,26
Ildopphør,26
Soso,26
Fluenes,26
vestporten,26
Myrkskog,26
Dødslekene,26
ansikts,26
grumsete,26
partikkelakseleratoren,26
FeIix,26
feiet,26
prislapp,26
jomfruens,26
rævpuler,26
partisaner,26
fremfører,26
redigerte,26
somjeg,26
erlik,26
Bernies,26
Marie-Jeanne,26
Danson,26
turneringer,26
burritos,26
kinnskjegget,26
hyllesten,26
danseskolen,26
bondage,26
utedo,26
Isa,26
parkeringsvakten,26
Friberg,26
koreografi,26
hodeskallene,26
pistoI,26
tissetrengt,26
rytmisk,26
Baltus,26
destruksjon,26
bang-bang,26
Mitchum,26
skattede,26
harvært,26
Halvblodsprinsen,26
kott,26
solarium,26
Eight,26
clown,26
ballistiske,26
soIdat,26
studenthjemmet,26
tjuende,26
Jonny-boy,26
Bonne,26
sosieteten,26
beduinene,26
grow,26
Timmi,26
sonett,26
Cobains,26
Amager,26
Amal,26
Exchange,26
Fick,26
likere,26
forelsk,26
sjøsette,26
ns,26
selters,26
Aneela,26
Josette,26
Redskins,26
titanium,26
ildvann,26
profetens,26
privatsekretær,26
halveis,26
fremstilte,26
frempå,26
wannabe,26
Groves,26
klarerer,26
racerkjører,26
Deets,26
generalsekretær,26
Beerntsen,26
Rabbits,26
R4,26
førstehjelpsutstyr,26
tarmkreft,26
definisjoner,26
førsteklassinger,26
Zhang,26
turne,26
Milky,26
golfballer,26
Pitka,26
øyemed,26
Camilles,26
jaevelen,26
innvirkningen,26
Mirbat,26
innstillinger,26
Audreys,26
tøylet,26
Cronut,26
avvikere,26
absorberte,26
fasthet,26
polet,26
kalvene,26
delikatesser,26
GQ,26
Sharks,26
nittende,26
nissene,26
Nicoles,26
tørka,26
fangeutveksling,26
grab,26
Delincuentos,26
leiet,26
16-årig,26
Hecate,25
Shuko,25
CaIvin,25
leietakere,25
leies,25
heIdig,25
Caldlow,25
Aurelio,25
automater,25
gråtekone,25
påfugler,25
vindstyrke,25
alfabet,25
Crisp,25
grafikk,25
australiere,25
Nha,25
mir,25
tømmerstokk,25
skvip,25
betaIte,25
mannskapene,25
inkriminere,25
næringsrike,25
Janina,25
paella,25
ønskeliste,25
gettin,25
pålitelighet,25
Trin,25
underjorden,25
nedrig,25
hardhendte,25
pendler,25
skyet,25
fjeIIet,25
instruerte,25
Philby,25
Cristo,25
uttrekning,25
antistoffene,25
kameleon,25
Kaludis,25
Super-Shock,25
Axiom,25
kurtisere,25
Hanssen,25
hetere,25
jacuzzi,25
fiIm,25
knivstikker,25
nerveskader,25
selvangivelse,25
fremviseren,25
strømmende,25
motorikk,25
overtrukket,25
arbeidskraften,25
ildstøtte,25
Coatl,25
landsforræder,25
søppeldunk,25
gummistøvler,25
vannseng,25
søppelmann,25
sekvensene,25
cd'en,25
bama,25
Illustrated,25
Oso,25
kinnskjegg,25
kiowaene,25
Repair,25
reparatøren,25
bildøren,25
agurker,25
Ryland,25
sommerleiren,25
sommertid,25
flydekket,25
Sonic,25
detektivene,25
profilert,25
Limerick,25
skanninger,25
tiramisu,25
arbeidsmiljø,25
drivstofftanken,25
korsfarer,25
Ángela,25
misvisende,25
Jonathans,25
Erlandsson,25
NASAs,25
soldatens,25
Solara,25
oljete,25
mithril,25
likvide,25
Karine,25
matpakken,25
Parra,25
tjueseks,25
rådgivende,25
lugarene,25
borgerrettighetsbevegelsen,25
soloen,25
Cobblepot,25
frender,25
bonner,25
tint,25
ildprøve,25
timeplaner,25
Bangladesh,25
d00ziiE,25
Devils,25
Dew,25
arbeidsmarkedet,25
vaktmestere,25
dødsleie,25
Melfi,25
bonsai,25
fribillett,25
kinnbein,25
Dantana,25
turnerte,25
rævhølet,25
borgmesteren,25
Soledad,25
Narrows,25
hjertestopp,25
feilvurderte,25
faderlige,25
utdøende,25
Sophus,25
soppene,25
evaluerer,25
skammekroken,25
skamfert,25
familiegreie,25
golfkølle,25
innlandet,25
uhøflighet,25
Sora,25
aIle,25
vårrengjøring,25
feilvurdering,25
Agee,25
Webbs,25
overIeve,25
Muad'Dib,25
overlevelsen,25
fargestifter,25
innkrever,25
sjonglerer,25
Amblève,25
Renton,25
Stubbins,25
Amandas,25
strømførende,25
togets,25
togføreren,25
printeren,25
Caulfield,25
Bushwick,25
snøring,25
snutt,25
Warne,25
hjerteklapp,25
sodavann,25
fremdriften,25
lunsjpenger,25
republikanergarden,25
alvorligste,25
hemmeligholdt,25
halsbetennelse,25
Coggins,25
Hobie,25
landingsbane,25
gjensittingen,25
imitator,25
kranbil,25
hjernekirurg,25
Weil,25
Caswell,25
garasjer,25
Fillmore,25
Preussen,25
Snodgrass,25
jokke,25
gjenoppsto,25
forstørrelse,25
Lilli,25
Tobago,25
hjerteinfarktet,25
Cæsarion,25
noyaktig,25
NPR,25
foreskrevet,25
langfingeren,25
rødere,25
menneskelandsbyen,25
pressevisningen,25
butte,25
frihetskjempere,25
rulletrappen,25
Bannerman,25
parforhold,25
sjeI,25
oppsynsmannen,25
klassefest,25
bosetning,25
kreditorene,25
snitte,25
snitter,25
meningsfulle,25
rødhud,25
sølvtøy,25
lunken,25
Ushi-Tøra,25
drittstedet,25
nasjonalskatt,25
Clariss,25
Clarisse,25
snoppen,25
primadonna,25
primat,25
forfalskede,25
masala,25
isete,25
vegetasjon,25
Gurgel,25
sviske,25
ishockeyspiller,25
Oka,25
tillitvekkende,25
gjedda,25
juleglede,25
vat,25
vanskapte,25
berme,25
forfatterens,25
forfalne,25
Ullman,25
Nemos,25
nullpunktet,25
planta,25
Zera,25
doll,25
tunnelbanen,25
islandsk,25
bibliotekarer,25
finlandshetter,25
Tumbleweed,25
stuss,25
kjøttetere,25
malle,25
renoverer,25
jockeyen,25
Rescue,25
Mattsson,25
guddom,25
omkomme,25
Lycus,25
Myer,25
mamma'n,25
Mamby,25
rushet,25
Spaceballs,25
åpna,25
strides,25
maksfart,25
sjakta,25
Northumbria,25
Feron,25
drittjobber,25
overtakelsen,25
Ferren,25
afro,25
oksykodon,25
Wegener,25
Semtex,25
Helserådet,25
urørte,25
dritstygg,25
avlesninger,25
plasker,25
tannkremen,25
vakuumet,25
erher,25
hjemmenummeret,25
følgerne,25
mekke,25
prototypene,25
utfordrere,25
irettesette,25
piruett,25
menneskeskapte,25
monolitten,25
drom,25
AIice,25
aIder,25
flodhester,25
tilrådelig,25
Colter,25
Fring,25
strevsom,25
buktaler,25
Zanetakos,25
militærleir,25
plasket,25
ismaskinen,25
henga,25
Colossus,25
Rudabaugh,25
reformer,25
Gunmars,25
ettersøkning,25
kjaeresten,25
nur,25
impulsfart,25
Amelie,25
segregering,25
ommøblere,25
Naritsugu,25
spesialfelt,25
given,25
tilførsel,25
Rubicon,25
Boles,25
Rubber,25
Åkesson,25
åpenbaringer,25
lid,25
utilstrekkelige,25
utilstrekkelighet,25
Comfort,25
proton,25
meIk,25
margarin,25
films,25
filmselskap,25
maren,25
forfatningen,25
pipelyd,25
tv-reklame,25
tvangstanker,25
dèt,25
menneskevenn,25
Jiggetts,25
Wesenrein,25
menneskemengden,25
prestasjonsfremmende,25
krigsskade,25
krigsmaling,25
Neski,25
spesialrådgiver,25
sitatene,25
lhvertfall,25
presidente,25
mutasjonen,25
kjøpslår,25
Muttaqi,25
konvensjonelt,25
akilleshæl,25
kontaktpersonen,25
klebrig,25
klebrige,25
Quawntay,25
bedrageriet,25
Neshov,25
seer,25
Orchard,25
mentalitet,25
Og...jeg,25
ofringen,25
Torch,25
rottehullet,25
ansvarsfølelse,25
Whitley,25
bras,25
bullet,25
vegan,25
kirkeklokkene,25
flyvningen,25
freaks,25
lovtillegg,25
lynets,25
mehe,25
humanitært,25
kapitalister,25
Vossler,25
Hollys,25
Vries,25
Lyndsey,25
Ely,25
megling,25
tilbaketrekking,25
fellow,25
Mordred,25
mordsaker,25
lykketall,25
nanitter,25
Gudriksdal,25
deco,25
gjre,25
upåvirket,25
smuldre,25
bakgrunner,25
Mathews,25
urinprøver,25
Humla,25
Seagate,25
lovbruddet,25
avmarsj,25
Pentagons,25
vaktselskapet,25
TAMI,25
vaktselskap,25
klesskap,25
bilsetet,25
maritime,25
Redbeard,25
VHS,25
ressursen,25
Strasmore,25
følelsesløse,25
exit,25
kapitulert,25
Humboldt,25
outsidere,25
sykehjem,25
Reb,25
reale,25
stred,25
fordrer,25
hartatt,25
Zahir,25
Zartan,25
fordommene,25
nyansert,25
skinkesmørbrød,25
Searle,25
Gabriela,25
støtkraft,25
ambrosia,25
Muviro,25
småguttene,25
Natteνakten,25
nattflyet,25
brannstifter,25
Frollo,25
innringeren,25
cutting,25
videobånd,25
fireåring,25
avgangselev,25
donasjonene,25
Gables,25
prek,25
Menzies,25
konstaterer,25
omskjæring,25
Konstans,25
konkludert,25
konklusjonene,25
lynsje,25
Louche,25
lotion,25
Breck,25
Lous,25
torpedorom,25
gjørdu,25
Touie,25
kjølvann,25
tilbakemeldinger,25
Gaunt,25
smidigere,25
Upham,25
Henriks,25
Zant,25
merkevare,25
Louisianas,25
normaI,25
omsorgsfulle,25
vrangstrupen,25
Iider,25
Spitfire,25
spisset,25
jur,25
utkikken,25
Linwood,25
skinnjakken,25
Carmilla,25
lgor,25
LHL,25
forsikringspenger,25
domo,25
Sprague,25
dritgod,25
Molloy,25
armagnac,25
gammeIt,25
anklagde,25
belagt,25
Marczewski,25
beskyte,25
garnene,25
Tott,25
unødige,25
Indominus,25
dinarer,25
gjørt,25
slusen,25
abdisere,25
spritbutikken,25
hyenen,25
omsvøp,25
akrobat,25
lysken,25
bereter,25
reaktivere,25
Kiley,25
Tally,25
tallmessig,25
Wicklow,25
lynsjing,25
Akron,25
nakkesleng,25
Rosies,25
Hoob,25
BNP,25
kongekrabbe,25
frukthagen,25
Tieran,25
Ginn,25
prřver,25
barmhjertighetsdrap,25
senorita,25
respondere,25
teams,25
Kantos,25
akterenden,25
kongerikene,25
sportslige,25
spritbutikk,25
vokabular,25
sennepsgass,25
latterliggjør,25
Qualen,25
ferje,25
QTY,25
duftende,25
duftlys,25
Teale,25
gammastråling,25
Elins,25
Rancor,25
rambukken,25
Davinier,25
Gautam,25
kimono,25
Carols,25
foIkene,25
Hinds,25
Lazaro,25
hyklerne,25
ugreit,25
avfeid,25
invester,25
tyn,25
eksistensiell,25
Hineman,25
WiIde,25
loppene,25
administrasjonens,25
uoppklart,25
slynger,25
Salvy,25
nyinnflyttet,25
innflygingen,25
itt,25
trøbbeI,25
historieforteller,25
breker,25
kroppsvisiter,25
uorganisert,25
sensurert,25
latinamerikanske,25
deputy,25
draftet,25
Sinaloa-kartellet,25
simpatico,25
bevoktes,25
hustak,25
andalene,25
Osbourne,25
veIger,25
bestevenninne,25
forsyningsskip,25
skjekker,25
lystne,25
åtte-ni,25
brennheit,25
fraktur,25
vektklasse,25
vektskålen,25
motsagt,25
kjødelige,25
kjærtegnet,25
Murder,25
hair,25
kondor,25
frynsegodene,25
Copernicus,25
Wilf,25
lommekniven,25
samlebåndet,25
lommelyktene,25
storkjefta,25
Vidrine,25
klode,25
flaskevann,25
Romilly,25
klirrer,25
Volante,25
hagleskudd,25
Wladislaw,25
sløvet,25
Wilee,25
klokhet,25
Maiko,25
tidsskip,25
ignorant,25
blondina,25
regeI,25
vekterne,25
gele,25
Dumbledore,25
overstiger,25
geleen,25
navigasjonen,25
Longfellow,25
barnelegen,25
Frédéric,25
utlært,25
utløpsdato,25
læremesteren,25
Jehan,25
Oahu,25
armhevninger,25
nord-nordvest,25
Caretaker,25
avdekkes,25
helgens,25
lavmælt,25
spÃ,25
stadiene,25
ldioten,25
fordervelsen,25
fortelleren,25
L.A.P.D,25
bekvemme,25
søtpoteter,25
vekkerklokka,25
gusten,25
guttas,25
fortegnelsen,25
skodd,25
jentunger,25
dimensjonene,25
Pattons,25
Arnesen,25
potpurri,25
skjønnhetssalongen,25
blottstilt,25
overgriper,25
sølen,25
Kents,25
kystlinje,25
djevelskap,25
nyåret,25
nytelser,25
rokker,25
squashen,25
høytaler,25
maybe,25
Pabst,25
Alabamas,25
akvedukten,25
vitneprov,25
rettsvesen,25
rettspsykiater,25
kamrene,25
telefonavlytting,25
telefonautomat,25
rasismen,25
hyppige,25
stadfeste,25
Serafin,25
Laurens,25
Pietari,25
UFO-er,25
gravert,25
lettpåvirkelig,25
Mazda,25
fiskekaker,25
rettshjelp,25
rettsalen,25
jøssenam,25
Lettie,25
æresbevisning,25
bøndenes,25
Carcetti,25
Carmel,25
skjÃ,25
gategutt,25
Marky,25
Angka,25
Angies,25
Kensai,25
bÉi,25
hugges,25
tidkrevende,25
barnepasser,25
psykopatene,25
Gilles,25
tidigere,25
vies,25
essay,25
rivaliseringen,25
hindi,25
Arnolds,25
dyreforsøk,25
Godaften,25
Ivor,25
mikrofilm,25
ivrer,25
plukka,25
pløyd,25
innføres,25
Penguin,25
pengevasking,25
navigator,25
brennmerker,25
Dineen,25
Wingate,25
Ieker,25
Cosby,25
kommertilbake,25
Pérignon,25
FAB,25
Thurston,25
skjønnhetens,25
Iøytnant,25
livgivende,25
Skjønner'u,25
innskuddet,25
markisen,25
Havelock,25
Pico,25
visiter,25
idyllisk,25
manglene,25
Maniac,25
rekvirert,25
gaffeltruck,25
slippet,25
Slims,25
grensekontrollen,25
trygda,25
transportfly,25
Höxenhaven,25
Reiter,25
Bets,25
Geitemannen,25
Hélène,25
hærskare,25
huskene,25
Drac,25
tekstmeldingen,25
kamuflere,25
magnetene,25
magiens,25
Interceptor,25
intergalaktisk,25
atomreaktor,25
metalldetektorer,25
Woltz,25
sammenslåing,25
overskred,25
beherskelsen,25
dyrking,25
postei,25
Albright,25
Skoga,25
sammenligningen,25
murvegg,25
Danica,25
kjempedårlig,25
post-traumatisk,25
slibrig,25
traske,25
Kachinsky,25
Midland,25
kvisene,25
elektrikeren,25
nyvasket,25
forbrenner,25
skolebenken,25
skoledansen,25
utsalg,25
børsmegler,25
kabelmannen,25
blodigste,25
femtiden,25
grusomheten,25
grynte,25
Staska,25
O'Doul,25
samordne,25
slavisk,25
HiIs,25
Höss,25
Fashion,25
avslappede,25
poetiske,25
såvisst,25
Dreyer,25
kjort,25
sukkerklump,25
suiter,25
reisingen,25
Chika,25
chicks,25
Figgs,25
rasjoneringskort,25
gumbo,25
medfart,25
fjernstyring,25
Så...hva,25
Kettleman,25
Benedicts,25
Alberts,25
RLS,25
kommandosoldat,25
blodpengene,25
møterom,25
stasen,25
løsmunnet,25
fullmektigen,25
skogstroll,25
chica,25
ekstremistene,25
Kubik,25
suicidale,25
jegvar,25
Bachmann,25
treenigheten,25
biskopens,25
revisorer,25
Revie,25
Greystoke,25
X-en,25
skytende,25
forurensningen,25
fortropp,25
sex-trafficking,25
risotto,25
stjernetegnet,25
demilitariserte,25
kaiene,25
moroklumpen,25
Mornay,25
løssluppen,25
DivX,25
Slate,25
Abi,25
ypperlige,25
yours,25
midtveis,25
farvelkyss,25
Cant,25
amore,25
veltalenhet,25
muskatnøtt,25
brohode,25
Logans,25
sandstrender,25
bristet,25
samveldet,25
forpurre,25
sikkerhetsforanstaltning,25
Lockerbie,25
fotballtrener,25
kyllinglår,25
mobberen,25
pengesekken,25
velstanden,25
Eccu,25
oppfordres,25
statsrådet,25
sikkerhetsklareringen,25
pickle,25
pick,25
heksekunster,25
letemannskap,25
Stoneheart,25
Viktors,25
stjeIer,25
hotte,25
blidt,25
lшytnant,25
visedirektøren,25
Ecbert,25
kunstskole,25
inkonsekvent,25
fatteren,25
nedrustning,25
Treholt,25
Ingeborg,25
dirker,25
Javert,25
ripet,25
telefonlinjen,25
påskjønnelse,25
M4,25
Crawfords,25
hoveddirektivet,25
hesteskoen,25
diskre,25
kampklar,25
Synchronizer,25
varsomhet,25
Mulgarath,25
løyvet,25
ripa,25
Ripon,25
funne,25
folkelig,25
kundens,25
C-1,25
leppepomade,25
sexvideoen,25
grøss,25
telefonnumrene,25
månedsskiftet,25
rei,25
gedigen,25
Taipe,25
tail,25
gebyret,25
dreptes,25
ponniene,25
undertegnes,25
teleks,25
CRS,25
villhester,25
pesto,25
Gower,25
Gowron,25
reinsdyret,25
kjempetrøbbel,25
Medal,25
oppfinnere,25
mørgen,25
rikest,25
rikfolk,25
rikingen,25
ID-papirer,25
legekunst,25
dammene,25
Dan4Jem,25
Hermanos,25
damper,25
regnskog,25
regnskaper,25
regndråper,25
demme,25
hespetre,25
bryllupsplanene,25
maskulint,25
take-off,25
analogien,25
geigerteller,25
takst,25
eventyrlige,25
anyone,25
Antro,25
kalkulerte,25
TGS,25
terroristmål,25
putevar,25
forutseende,25
yet,25
Autodefensas,25
autobot,25
Minton,25
intensjonene,25
stemmes,25
stemmebåndene,25
Blackbeard,25
BlackBerry,25
Xibalba,25
hevneren,25
Brodeur,25
Polybius,25
gressplenen,25
nødplan,25
noctis,25
hytt,25
rakkern,25
vandreren,25
mottes,25
Heston,25
forvridde,25
sanskrit,25
skuddskader,25
nødsituasjoner,25
kikkertsikte,25
synnes,25
ubestridte,25
Siebert,25
Lenora,25
Haywood,25
Mulcahy,25
disseksjon,25
Houseman,25
Palmdale,25
gråhåret,25
Synkroniser,25
Synchronization,25
macheten,25
Stephenson,25
futuristisk,25
kvinnehater,25
ynes,25
elektrolytter,25
gavmildt,25
massakrerte,25
satsen,25
Yosemite,25
yngel,25
Petersons,25
Petersplassen,25
1980-tallet,25
sides,25
Camila,25
fiksering,25
synges,25
campingplass,25
misbrukes,25
calzone,25
Rasul,25
stimer,25
fyrrommet,25
stilene,25
bjelke,25
peyote,25
enzymer,25
Sarris,25
kvartermesteren,25
falme,25
tempelriddere,25
νerden,25
leketøyene,25
enere,25
Energon,25
hvetebrød,25
velgjørere,25
Vanderbeke,25
politimanns,25
Pellit,25
drektig,25
distraheres,25
tapes,25
racerbanen,25
Rabin,25
tar'n,25
gjenom,25
utall,25
jordboer,25
parrer,25
Nishi,25
Nissan,25
ubehageligheter,25
Milla,25
Goldwater,25
Farik,25
ukeblad,25
rabalder,25
Mickeys,25
Michèle,25
pelsvegg,25
insinuasjoner,25
audio,25
variert,25
shoes,25
Niger,25
Shyne,25
Hef,25
varierende,25
rid,25
oppkomling,25
Espinosa,25
dř,25
dřde,25
14-årig,24
Sherrington,24
forlenges,24
mummyji,24
Dasseys,24
Energy,24
ENCOM,24
Sic,24
fangenskapet,24
misforstås,24
misfostrene,24
Mishima,24
tøff-tøff,24
Piazza,24
minneverdige,24
hysteriet,24
synkehull,24
Benthic,24
angav,24
fornoyd,24
SFO,24
LeBeau,24
sikkerhetsstyrken,24
nod,24
cabrón,24
Økse-gjengen,24
pIager,24
sestertser,24
Noodle,24
Newell,24
Newfoundland,24
ølene,24
sextrakassering,24
Cantor,24
Cantwell,24
televerket,24
REWARD,24
vindusplass,24
e-postadressen,24
Vindobona,24
Blades,24
Stepan,24
Macklin,24
alkoholfritt,24
villedning,24
gevir,24
antiterror,24
tennisball,24
pålegget,24
kampanjeleder,24
McClure,24
riding,24
utstående,24
pysjamasen,24
termometeret,24
Baskin-Robbins,24
Baskerville,24
antiviruset,24
utstrekning,24
Ibsen,24
bastion,24
tenårings,24
Fenway,24
Kamerun,24
tenåringsgutter,24
Moström,24
fIyttet,24
telefonmøte,24
telefonlinjer,24
telefonloggen,24
uunnværlige,24
påstigning,24
påskuddet,24
løytnanter,24
ringerjeg,24
MD1,24
McQuaid,24
Blakely,24
knøttet,24
stenene,24
utvelgelsen,24
telepat,24
påskeegg,24
pustende,24
kaldsvette,24
fengslingen,24
terrorangrepet,24
moromann,24
Pams,24
texaner,24
pushe,24
Stiflers,24
Alfrid,24
Algie,24
Bjørnejøden,24
fyllefest,24
stellet,24
Rileys,24
creepy,24
døgns,24
Cucuy,24
Hubble,24
fullsatt,24
fullstappet,24
bllr,24
Barret,24
Kage,24
Bartolomeo,24
gryteretten,24
kakerlakken,24
stjernetegn,24
knabbe,24
fätt,24
stivne,24
estetiske,24
Bletchley,24
hotellbransjen,24
Statoil,24
oppdelt,24
løsskudd,24
anvist,24
their,24
fenger,24
funnstedet,24
stealth,24
M-1,24
rimene,24
kodede,24
Kodmani,24
Stearns,24
oppfanger,24
Duckie,24
German,24
Bayside,24
kanarifuglen,24
tekstur,24
Mayweather,24
påvirkninger,24
løgndetektortesten,24
kommandosentret,24
Flaca,24
cottage,24
visjonære,24
kombineres,24
Vigdis,24
utviklingsavdelingen,24
Packer,24
gryende,24
apatisk,24
apens,24
Idun,24
hormonell,24
Al-Jahwar,24
komiteer,24
oppbevar,24
blodfortynnende,24
Standish,24
fjærer,24
utreisevisum,24
Thulsa,24
Iede,24
utregninger,24
those,24
Gergich,24
deitet,24
uvirksomme,24
ferengiene,24
Edies,24
Haifa,24
Léo,24
escape,24
oppbakking,24
stafettpinnen,24
Hufan,24
huggtennene,24
huki,24
klunk,24
stoppskiltet,24
Beasley,24
kommunisert,24
Corliss,24
Gilpin,24
barneselskap,24
K-2,24
tidl,24
Jшss,24
oppbevaringsboks,24
utnevnelse,24
apokalypsens,24
pantsatt,24
Denisov,24
Puddle,24
barnevogna,24
Rohr,24
Rodolfo,24
fødselsdagsfest,24
coq,24
romfartøy,24
aktorer,24
edsvoren,24
Hongkongs,24
Cooter,24
Honeychurch,24
Fischer's,24
klokketårn,24
rettferdiggjort,24
klinten,24
strafferett,24
Huma,24
bingofest,24
Retailrippet,24
kompressor,24
kondemnert,24
Ignazio,24
barnelek,24
applauderer,24
psykoen,24
morgenstund,24
paparazzier,24
vitnebeskyttelsen,24
flammehavet,24
Rolfe,24
vitse,24
akustisk,24
Flannery,24
vitnesbyrdet,24
horisontal,24
Frou,24
sportsbilen,24
roomservice,24
Constantino,24
Contention,24
konferanser,24
vokabularet,24
lyvende,24
høytflyvende,24
Antares,24
Qin,24
Georgy,24
teatralske,24
bebreidet,24
oya,24
etater,24
Blåhornet,24
utkårede,24
morgensolen,24
igjenom,24
justisministerens,24
feltmarskalken,24
EDTA,24
føderasjonsskip,24
voldelighet,24
Voldemorts,24
Hopes,24
spåkone,24
komponerer,24
cookies,24
sprinkleranlegget,24
konføderasjonens,24
vettug,24
klienters,24
Spinella,24
Boffano,24
spillte,24
omrade,24
Omoro,24
dernest,24
sporfinner,24
erstatt,24
making,24
restaurering,24
restaurerte,24
klingonske,24
allverdens,24
streifskudd,24
hologrammer,24
vors,24
frontalangrep,24
Bodø,24
Halbo,24
Con-nichon-a,24
spisestue,24
Rosato-brødrene,24
Cooke,24
Derheiden,24
homofobisk,24
Egeerhavet,24
sporenstreks,24
eggelikør,24
konkubiner,24
konkursen,24
spesifisere,24
ikkenoe,24
Giz,24
MeIvin,24
tilhengeren,24
utgis,24
tilførselen,24
Julianna,24
geografien,24
kleber,24
Myshkin,24
bokhandler,24
bokens,24
Rowland,24
lykkekaker,24
lykkehjulet,24
Lynde,24
rotorbladene,24
Holmström,24
oppsetningen,24
Mauro,24
taverna,24
Bedlam,24
Genoa,24
pryle,24
Tilde,24
Conley,24
grunnkurs,24
gitarene,24
nanoteknologien,24
nanomeder,24
Boghosian,24
våpenkontroll,24
Hog's,24
våpenskjoldet,24
aircondition,24
spaserturer,24
Ruijven,24
væpna,24
væpne,24
strengene,24
cyloner,24
taushetserklæring,24
mattilsynet,24
Quell,24
Tattoo,24
Mattiece,24
Speedman,24
prosjektiler,24
utfolde,24
julepynt,24
designere,24
desinfisere,24
Banquo,24
klekke,24
klemming,24
egoer,24
våpenbror,24
omplassere,24
egosentrisk,24
Akan,24
kontaineren,24
kontrollører,24
gjeldfri,24
bilkortesjen,24
oppsynet,24
strimler,24
versjonene,24
reren,24
strukturelle,24
myren,24
Juhu,24
arbeidsgruppe,24
omgis,24
bombemann,24
friidrett,24
klasserommene,24
klasses,24
bilister,24
malacrux,24
paring,24
utgraving,24
dronnings,24
våpenskapet,24
sovetablett,24
boner,24
Friendship,24
Kornejev,24
væpneren,24
bolla,24
vågale,24
våpenhandlere,24
omkommer,24
Bombers,24
spankulerer,24
flokket,24
stråmann,24
klarinetten,24
førsteretten,24
bilbatteri,24
luksuriøs,24
Coal,24
Frenchie,24
utdaterte,24
opptaksutstyr,24
myrdede,24
høygravid,24
Tasmania,24
ansiktsløs,24
høykonge,24
overveielser,24
vaktel,24
rutinekontroll,24
Coetzee,24
Mellberg,24
gjengrelatert,24
bankboksene,24
proporsjonene,24
promoterer,24
utenrikspolitisk,24
bankranerne,24
soussjef,24
korrumpere,24
W6N,24
vĺre,24
våtere,24
Cofell,24
sosialismen,24
solstrålen,24
Montillac,24
tjuvkoble,24
tjern,24
dette...er,24
walisiske,24
WaIker,24
Waingro,24
narkotikaavdelingen,24
klassetur,24
Tarp,24
vaksinere,24
Defense,24
matteprøven,24
Karianne,24
generalfeltmarskalk,24
Kosmetolog-fiasko,24
Balu,24
Jorgensen,24
utefra,24
ahem,24
hjørnesteinen,24
ryddige,24
Bootstrap,24
bandasjert,24
tippoldefar,24
destruktivt,24
det...er,24
tingretten,24
korsfestes,24
flyforbud,24
kosta,24
Wedding,24
Immobillare,24
toff,24
toddy,24
Ilyn,24
Jonsson,24
narrespill,24
nasjonalhelt,24
klagesang,24
studentforeningen,24
bihulebetennelse,24
verktøykassa,24
reper'n,24
dødseter,24
Ambien,24
gymsal,24
Soleil,24
Solace,24
Krang,24
Arby's,24
TlDLlGERE,24
myldrer,24
mykne,24
Veridian,24
hjertesorgen,24
halvblind,24
warlocker,24
lugg,24
krabat,24
solformørkelsen,24
rådyret,24
borgmester,24
renslige,24
generals,24
tanntråden,24
flyplassens,24
Halvtoppen,24
Weird,24
Wentz,24
bowlinghall,24
Parvati,24
Jocko,24
Prez,24
naske,24
Malkovichs,24
renneløkke,24
Bigalow,24
dødscelle,24
usette,24
groggy,24
gjentjenester,24
rødhuder,24
rørleggerne,24
hjernevaske,24
gjesper,24
febrilsk,24
hjerteformet,24
eIven,24
Nasiriyah,24
SOFTLY,24
hjerteløst,24
Aftenposten,24
halvsøsteren,24
Clanton,24
Cissi,24
flystripen,24
LSU,24
eks-mann,24
impulskontroll,24
passes,24
menneskeoffer,24
mongoler,24
fшrste,24
verdensbanken,24
amfibier,24
Veracruz,24
America's,24
hurt,24
S.Mouse,24
Nathanson,24
snerrer,24
oktav,24
begeistrede,24
dagmamma,24
Remmick,24
g-krefter,24
bidragsytere,24
Renato,24
bowlinghallen,24
røykpirater,24
flyselskaper,24
Snell,24
kretskortet,24
fredsommelig,24
Erichs,24
hjemmeleksa,24
annonsering,24
Valdes,24
Mathilde,24
Radiohead,24
anonymiteten,24
Churchills,24
Faxborg,24
gjær,24
toraen,24
toppsuiten,24
Uruguay,24
ergret,24
husarresten,24
hurven,24
mutasjonene,24
döde,24
Jinxy,24
bakrom,24
hjemlige,24
whole,24
flyvertinner,24
småpratet,24
Patou,24
Diggs,24
eksamenene,24
eklere,24
hjemmevideoer,24
Braddock,24
Lowrys,24
Dicken,24
tonefallet,24
Jinxers,24
amma,24
adspredelse,24
obsidian,24
Foix,24
Unwin,24
monarker,24
individene,24
upartiske,24
fingert,24
mandinka,24
mandige,24
mandighet,24
Verdiant,24
verdensomseiling,24
kjøling,24
musserende,24
gjørdet,24
Pree,24
Jesusild,24
Jesminder,24
Odette,24
beføler,24
Støvlestropp,24
bevisstløshet,24
bakholdsangrepet,24
Aethelwulf,24
ae,24
Wigands,24
nattetid,24
Loudon,24
merkbart,24
prakteksemplar,24
dören,24
motpartens,24
kastanjer,24
talaron,24
taljene,24
Slugworth,24
kryptonitten,24
sløyd,24
armenerne,24
Armus,24
industriområde,24
armslag,24
traffjeg,24
gl,24
Jeremia,24
kjærlighetssyk,24
Oculus,24
smekre,24
salgsprisen,24
Chord,24
Smalls,24
krymperen,24
Bremen,24
adlet,24
uovervinnelighet,24
naturressurser,24
naturkatastrofer,24
slä,24
Breece,24
Wiglaf,24
Krosigk,24
Adolfo,24
Manger,24
mangelvare,24
Gael,24
Orfeus,24
ordspråket,24
Beverlys,24
slibrige,24
slikjeg,24
krysantemum,24
slitasje,24
begynnelser,24
raidene,24
Kassie,24
mangfoldige,24
hustle,24
subjektive,24
Potethode,24
badminton,24
PR-stunt,24
Jeremys,24
Grimaud,24
Grima,24
Ding-dong,24
Jena,24
saltvannet,24
salut,24
saltkringle,24
slåbrok,24
frakteskip,24
Lommeluner,24
favorittdelen,24
potteplante,24
annullerer,24
fettberg,24
masta,24
kjernereaksjon,24
kubusen,24
Kuipers,24
Kujan,24
sammensatte,24
hieroglyfene,24
Mohr,24
posjerte,24
transittpapirene,24
transportskip,24
subtile,24
Amors,24
Amherst,24
slimål,24
slengkyss,24
slepebåt,24
slepp,24
Brigman,24
Slaver's,24
adelsmannens,24
Woodrugh,24
Himuro,24
sammendraget,24
slemmingene,24
krøtter,24
Adalstein,24
Witter,24
Wisconsins,24
Brewsters,24
Neb,24
nøste,24
skyves,24
kunnskapsrik,24
bronkitt,24
brodern,24
folkelige,24
kuling,24
Galactica,24
Manley,24
velociraptor,24
velskapt,24
dyremishandling,24
aMvEL,24
Hidalgo,24
Wuertz,24
jeansen,24
jedis,24
jedienes,24
trappeoppgangen,24
glattbarbert,24
rekebåt,24
galante,24
sukket,24
kukker,24
kullsvart,24
Higitus,24
lokkemiddel,24
neandertaler,24
Peaks,24
ungdomsforbryter,24
tredemøllen,24
nødtelefon,24
Takagi,24
takkebrev,24
overpris,24
betegnelsen,24
velfortjente,24
betegner,24
Jappe,24
poolen,24
popkornet,24
mexikansk,24
disputt,24
B-29,24
B-17,24
fattes,24
epletreet,24
Grigory,24
portefølje,24
dirket,24
Wulff,24
Hanneman,24
Ingvald,24
une,24
Ba'ku-folket,24
slaktehuset,24
Slades,24
AD.MMXI.IX,24
XE'en,24
sandslott,24
Brookmire,24
Broncoen,24
trehytte,24
hårsbredd,24
anatomisk,24
kjemperne,24
surferen,24
næringsstoffer,24
kvegdrift,24
bryllupsgaven,24
herskaper,24
Jana,24
politirapporter,24
Janiro,24
glitre,24
Reiben,24
sung,24
annekset,24
Anneks,24
Yanni,24
lnman,24
kvantitet,24
kvartdollar,24
Brute,24
understell,24
dissosiativ,24
tribunene,24
skumme,24
eplebransjen,24
kustus,24
Kut,24
for'n,24
Yahn,24
Brubaker,24
Kusenov,24
dear,24
Deakin,24
Taha,24
beinmarg,24
Masry,24
dealeren,24
Overlord,24
pokerbordet,24
avstigning,24
Hardcastle,24
galoppbanen,24
Galvez,24
hviIe,24
regnværsdag,24
originalitet,24
Anagress,24
middagsplaner,24
Polin,24
trojanere,24
skrenten,24
forventa,24
innbrakt,24
Tropicana,24
trommisen,24
dreisen,24
jaktsesongen,24
fastsatte,24
Michaelson,24
llsa,24
satellittelefon,24
enveis,24
herrenes,24
Hermansen,24
brønnene,24
brûlée,24
fortøyningen,24
mobbere,24
fascinasjon,24
Gregs,24
greinen,24
filtrene,24
Regnmakeren,24
Damgård,24
filt,24
DanieI,24
filmteamet,24
Brézé,24
Kwenthrith,24
Chastity,24
T.S,24
T-Bone,24
velbegrunnet,24
regjert,24
besudler,24
kjempeidiot,24
mantel,24
harfunnet,24
kvinnenavn,24
herreklær,24
charter,24
sauna,24
nåa,24
Charon,24
nedslakting,24
orkidé,24
sutringen,24
fettsuging,24
rakt,24
Kazumi,24
Kaya,24
DEA-agent,24
Plum,24
Iøpe,24
migrenen,24
Podacter,24
Iært,24
manøvrerer,24
bestjålet,24
veldedighetsgalla,24
Murron,24
Sauvage,24
kvitrer,24
kvisten,24
brødrenes,24
drarjeg,24
familia,24
Miggs,24
familieanliggender,24
Jacinto,24
Midnite,24
Hargrove,24
HarIand,24
Charger,24
Herlitz,24
herer,24
Kyber,24
vekkerklokken,24
Andesfjellene,24
regenerering,24
reggae,24
vekster,24
Hvofor,24
etterretninger,24
labresultatene,24
elevrådet,24
Eleonora,24
Buckland,24
skjødesløse,24
køyeseng,24
budrunden,24
skjoldmur,24
veiver,24
BSAA,24
Kyung-hwan,24
Scholz,24
Schumacher,24
BueIIer,24
Buffett,24
forderv,24
schön,24
avskjedskyss,24
Iyve,24
trylledrikk,24
tryllekunsten,24
godhjertede,24
Neely,24
negerne,24
ytelsen,24
harnisk,24
Yunes,24
Yuzu,24
Zacharias,24
Chain,24
labene,24
Scimitar,24
Schütz,24
sørpolen,24
sørvestlige,24
dusinet,24
Durza,24
tufser,24
Tudeski,24
Buksegutta,24
Harrah,24
bueskytteren,24
Marburg,24
Marcato,24
kjei,24
gammle,24
sveit,24
Vanilla,24
Keatings,24
laboratoriumet,24
Umberto,24
umake,24
tsunamien,24
Tuddy,24
ulvehiet,24
godseierne,24
Abbys,24
sedelighet,24
Buona,24
seen,24
bunkers,24
Aardvark,24
Nella,24
Zhida,24
Lagana,24
svulme,24
androide,24
svint,24
Sebulba,24
neksus,24
Nyborgs,24
linjalen,24
Ceylon,24
dobbeltseng,24
israelittene,24
besetningsmedlemmer,24
Dannevirke,24
Danning,24
reflekterte,24
ganget,24
andrepiloten,24
hentydninger,24
Lagerman,24
Mitya,24
pensjonering,24
avleser,24
avlevert,24
milene,24
platebransjen,24
overhuset,24
kink,24
Redfoot,24
Zinberg,24
Ziggys,24
ZFT,24
Hashem,24
Zhen,24
avklaring,24
tungsinn,24
tungvektsmester,24
Zekes,24
kirketårnet,24
kee,24
Mozarts,24
overhørt,24
Dobrynski,24
Docs,24
nuke,24
neper,24
Elroy,24
Turin,24
ukonvensjonell,24
placebo,24
skipbrudden,24
Skeeterkyss,24
liner,24
Hendersons,24
draps,24
Pepito,24
tumorer,24
Doffen,24
vedkjenner,24
landområdet,24
Cay,24
Cathrine,24
selvbildet,24
forenkler,24
elsjokk,24
Busan,24
Kinsey,24
Osip,24
filmfestivalen,24
danserinne,24
rangerte,24
søppelkasser,24
vanntortur,24
anekdoter,24
bussterminalen,24
forstandig,24
landloven,24
ukelønn,24
ukepengene,24
pIutseIig,24
ulage,24
asså,24
Seinen,24
skarpskytterne,24
lammelsen,24
Lamia,24
skadedyrene,24
likvaken,24
landingsplassen,24
skabb,24
selvrettferdige,24
larm,24
Perikles,24
pergamentet,24
golovan,24
Tuvix,24
tutti,24
farge-tv,24
nette,24
elskerne,24
sjøens,24
sjuåring,24
sykebiler,24
Kiras,24
kenguruen,24
Lidia,24
astrolog,24
Golfkrigen,24
Avignon,24
millimeteren,24
Mitcham,24
ulastelig,24
Graziani,24
sjokkbølgen,24
liljene,24
likposer,24
hemmende,24
likør,24
Sjusjøen,24
foreslåtte,24
Notebook,24
bydeler,24
Kimura,24
Mumford,24
gummibjørner,24
Darlenes,24
helling,24
årsdag,24
latiner,24
Sion,24
uforsonlig,24
sjakal,24
nestsjefen,24
Hattori,24
Liana,24
vasketøyet,24
Beric,24
kimchi,24
gravsteiner,24
perlekjede,24
Iovet,24
Pipeline,24
avhang,24
Embers,24
forførerisk,24
goodwill,24
Iovte,24
åndens,24
senderne,24
haugene,24
sive,24
sengeteppet,24
Byttebyen,24
gravstedet,24
Gateau,24
Rawlson,24
markører,24
ætten,24
Lavender,24
Nordfjellet,24
nordboerne,24
bøllete,24
Ugarte,24
kildevann,24
gullskatt,24
datavirus,24
Kenyon,24
belysningen,24
sönnen,24
Bemis,24
doningen,24
tyngst,24
Gorge,24
Gooz,24
tykktarm,24
innreder,24
ugunstig,24
Atia,24
bæretillatelse,24
århundres,24
Norrland,24
57th,24
sisteplass,24
level,24
forretningsmulighet,24
doning,24
Vargic,24
lesset,24
forplante,24
forplantning,24
sikkerhetskameraene,24
Seville,24
forhuden,24
Severak,24
avbitertang,24
fantasifull,24
ærbart,24
fiint,24
rayon,24
raza,24
beredskapsstyrken,24
Sætre,24
doping,24
tyrkeren,24
avbestiller,24
heksenes,24
interiør,24
interaksjon,24
pese,24
tånegler,24
Lawless,24
Hellfish,24
åvære,24
sinnstilstanden,24
bæsja,24
Helgeland,24
Silberman,24
pikenes,24
keyboard,24
Benn,24
rasteplassen,24
Kheros,24
syttende,24
Eneas,24
innvandring,24
nikkel,24
Camrose,24
Campbells,24
syriske,24
figitus,24
Raviga,24
Anij,24
här,24
anholdelsen,24
ønsketenking,24
Lennys,24
Lenihan,24
petite,24
misdannet,24
Showalter,24
Caliphate,24
forlang,24
Gracia,24
øremerket,24
forkullet,24
formiddagsmat,24
Shy,24
østeuropeisk,24
legestudent,24
legesenter,24
Magarri,24
e'kke,24
oppkvikker,24
kniplinger,24
knirkefritt,24
hovedrett,24
rideturen,24
gråting,24
Madrigal,24
oppkjøpet,24
Richmonds,24
oppkjørsel,24
Rhod,24
knaske,24
fisketuren,24
maga,24
atskillig,24
nippe,24
niesa,24
leirens,24
formannens,24
Shireen,24
tenkepause,24
Bitiah,24
Endurance,24
auditions,24
Grafton,24
Grahams,24
attester,24
Pew,24
Attius,24
fangede,24
hear,23
øyeepler,23
Camaroen,23
lekmann,23
niggas,23
Hedström,23
øyeblikkelige,23
U2,23
u-land,23
UAC,23
pho,23
Miriams,23
