word,count
de,29471490
nu,27530873
să,24592380
o,14538119
e,13853050
în,13817388
ce,13740471
şi,12918395
că,12867841
la,12261285
a,11174703
pe,10409510
cu,10262247
am,9732869
un,9462655
mai,8844892
asta,8159479
pentru,7046505
te,6558588
sunt,6557537
ai,6496818
da,6176841
este,6166916
bine,6099374
ca,5796120
dar,5508839
se,5283631
din,5154569
care,4928031
mă,4810977
fost,4777341
fi,4650466
aici,4507543
eu,4385080
dacă,3891531
sa,3826367
trebuie,3701699
si,3394335
va,3349774
cum,3307821
tu,3209465
acum,3193161
aşa,2996519
eşti,2874853
ceva,2832371
ne,2700358
ar,2699085
lui,2698046
când,2683864
el,2628383
doar,2564961
mine,2495416
tine,2494988
ei,2371430
îmi,2342440
pot,2334802
poate,2321066
voi,2271676
face,2265294
cred,2258616
au,2171832
unde,2138996
mea,2096714
ştiu,2088456
spus,2026944
vă,2002739
meu,1932226
s-a,1898101
vreau,1874089
vrei,1838858
mult,1815491
acolo,1740647
tot,1738511
despre,1722149
pare,1706583
ea,1691718
foarte,1681987
sau,1678231
noi,1656022
bună,1643088
chiar,1633213
faci,1614193
ta,1604463
in,1576809
era,1564458
nimic,1555250
făcut,1540865
cine,1527988
are,1526959
nici,1469736
ştii,1459139
fac,1397852
putea,1387981
fie,1348614
nevoie,1347403
rău,1346995
trebui,1295038
tău,1266679
rog,1248757
îţi,1246517
avem,1207224
atunci,1194000
timp,1191489
poţi,1187690
nu-i,1174011
spun,1157491
îl,1142440
al,1127089
după,1121091
le,1118234
spune,1118045
prea,1105746
mulţumesc,1095398
vom,1086355
să-l,1076860
cineva,1063570
suntem,1046259
haide,1029886
vor,1027218
vei,1026215
îi,1018408
toate,1014388
ani,1014385
bun,1008019
cel,1001995
sigur,984460
ăsta,984121
până,978951
deci,973618
cât,967780
vrea,962339
acest,959544
iar,957289
crezi,955018
stai,947582
mare,934342
Hei,915277
încă,910864
să-ţi,909948
totul,887711
venit,883657
spui,872562
văzut,866277
avea,862184
să-i,854165
atât,844328
putem,836377
n-am,832705
m-am,831565
Oh,820839
să-mi,815165
avut,812444
regulă,809606
domnule,809468
fără,809331
asa,796384
fel,794510
decât,774891
esti,768157
hai,761204
aş,759361
place,755845
naiba,754204
niciodată,753773
mergem,747611
ceea,745045
s-o,743961
lucru,737842
văd,730989
mama,721260
ma,713677
și,713402
mi-a,711149
prin,701580
nimeni,696760
puţin,692560
înainte,684881
fii,683483
vezi,683136
loc,681128
unul,679829
uite,670917
toată,667930
oameni,662753
facem,656360
l-am,651321
dat,646456
dle,642454
toţi,641223
întâmplat,640741
ia,635459
jos,631203
lumea,622455
apoi,616987
aia,614397
nou,606745
nu-mi,605150
acasă,604850
zi,602798
două,596758
multe,592426
oamenii,582340
astea,581610
timpul,575815
doi,569332
auzit,566100
orice,563183
înapoi,561906
nişte,550685
daca,546722
aţi,545627
fiecare,544361
fiu,543622
peste,540889
om,538657
luat,535011
într-o,534357
trei,533722
numele,532149
cei,528910
lor,516484
stiu,513640
cea,512172
dintre,505289
vrut,503627
această,503595
Doamne,497344
găsit,494489
gata,491926
merge,487044
du-te,486967
te-ai,485512
viaţa,480290
duc,476292
mele,470622
vino,470481
parte,463697
serios,463632
dată,456784
deja,456721
n-o,452846
i-am,451897
ziua,442416
vedem,441540
câteva,441008
numai,440823
dau,439672
aproape,439218
grijă,438596
bani,436212
tatăl,434525
afară,432739
înseamnă,432291
vorbesc,432112
repede,431958
noastră,429498
vin,428848
una,425114
întâmplă,424387
există,424261
te-am,424096
zis,422179
locul,422129
adevărat,422009
destul,421625
eram,420335
m-a,419615
nostru,419523
într-un,415640
ok,415630
scuze,413243
vine,412885
singur,406298
cam,405832
tale,402711
spre,402242
omule,401631
sunteţi,399909
ori,397216
i,397206
ştie,397022
exact,396042
ajuns,391336
l-a,385920
prima,383952
casa,381669
dreptate,381324
aceasta,379270
lucruri,378572
probabil,378131
partea,377966
tocmai,376402
fapt,375188
ţi-am,374032
imediat,373963
putut,373728
ăla,372587
iau,370990
dracu,370668
facă,370412
terminat,369498
acesta,368089
trecut,367825
adică,367589
stii,367142
zile,366394
simt,365687
noapte,365249
n-ai,363971
trebuia,362610
m-ai,361250
unui,360243
târziu,360189
mereu,357060
lucrurile,356318
fata,355935
tată,352045
împreună,351776
pierdut,350983
cele,350527
seara,349575
iubesc,349385
măcar,349128
azi,347734
sub,346179
drumul,343643
treaba,343534
ne-am,343484
viaţă,342136
banii,341789
departe,340147
plecat,338886
mei,338798
început,338360
minute,336933
crezut,334165
n-a,334096
mi,333345
mi-am,333129
l-ai,332041
tata,329284
copii,329041
sus,328291
frumos,326464
mi-ai,326256
mamă,325474
plec,325440
tipul,324970
dvs,323979
dai,323152
mâine,322829
nu-ţi,322139
mie,319310
vorba,316189
Dumnezeu,315754
Dumnezeule,315554
murit,313588
aşteaptă,313395
s-ar,312704
aveţi,312229
d-le,310484
înţeleg,308384
poti,306353
tare,302177
înţeles,301683
greu,300802
ajuta,300598
aceste,296299
idee,295855
multumesc,295452
Păi,294251
vreo,293947
ce-i,293872
spune-mi,293402
ultima,292884
mort,291900
i-a,290535
vedea,289737
desigur,288666
trebuit,288467
sper,287266
s-au,286997
ale,285421
pus,284981
Poftim,284478
Ba,283330
ajutor,283147
noastre,283016
seama,282751
data,282719
nu-l,281310
aceea,281128
primul,280596
erau,280389
duci,279630
bune,278261
ajunge,278082
gândit,276355
problema,275825
tip,275636
imi,275400
femeie,275306
dus,274869
vorbeşti,274295
griji,271271
copil,271136
merg,271129
urmă,270395
făcut-o,269661
camera,268529
îşi,268272
ore,267602
moment,266685
dă-mi,266300
între,265671
uită-te,265575
cauza,265277
problemă,263621
lua,262623
ucis,261291
pune,260865
întotdeauna,260516
vorbim,260293
vreodată,260191
credeam,259663
fiul,258825
simţi,258244
încercat,256706
cale,256382
duce,256272
vii,256214
minunat,256057
faţă,255316
cer,253742
adus,253705
lasă-mă,253645
familia,253082
noaptea,252832
ales,252624
probleme,252569
unei,252401
cap,252120
băieţi,251565
dr,251478
ascultă,249557
ciudat,249084
buna,248921
pic,248765
corect,248104
încredere,247604
rahat,247279
ele,246024
cand,245395
nicio,245217
cunosc,245021
te-a,244877
dl,244500
iei,243147
altă,242716
lume,242437
faţa,242221
ochii,242146
luni,242130
siguranţă,241286
bucur,241098
mulţi,240403
mergi,240360
casă,239370
crede,239238
vorbit,237991
cinci,236342
prins,235833
salut,233822
singură,232472
patru,231280
uitat,230501
lângă,230464
altceva,230206
omul,229217
maşina,228963
fată,227555
fratele,226735
mâna,225404
lăsat,225176
câte,225149
cazul,225109
veni,224965
oricum,224820
ţi-a,224649
telefon,223738
joc,223225
maşină,223212
i-ai,222741
faceţi,222396
uşor,222335
odată,222028
grozav,221670
acord,220719
pleacă,220568
asta-i,220208
zici,220064
Jack,218761
prieten,217541
primit,217204
acel,217061
puteţi,216368
caz,215376
facut,214374
dolari,214326
ne-a,213624
John,213538
găsi,213289
simplu,213074
pasă,213048
important,212159
as,211292
pleci,210441
pun,209499
ştim,209300
şi-a,207985
drum,206316
asemenea,206127
plecăm,205677
chestia,205434
prieteni,204826
către,204446
vina,203812
doamnă,203600
n-ar,203380
curând,201781
dragă,201777
treabă,200952
stau,200791
tăi,200055
întors,200037
Alo,199746
vorbi,199182
taci,199049
capul,198927
nouă,198584
rau,198526
auzi,197745
arată,197585
ora,197042
mi-e,196096
trimis,195804
spate,195458
singurul,194918
rămâne,194233
naibii,193809
încearcă,193733
mic,193556
singura,193318
frumoasă,192879
întoarce,192808
sunat,192059
veţi,191898
aveam,191699
apă,191555
alte,191371
las,191130
frate,190658
lăsa,190077
noroc,189882
legătură,189859
de-a,189633
nume,189629
oraş,189298
mersi,188657
începe,188517
acea,188114
mod,187794
înţelegi,187581
viata,187367
pace,187190
niciun,187124
adevărul,186921
prietenul,186904
încerc,186737
soţia,186244
spatele,186081
tau,185748
contează,185433
doua,185282
ştiţi,184844
inima,184595
împotriva,184464
posibil,184237
să-şi,183288
întorc,182985
ajut,182599
parcă,182596
bărbat,182546
alt,182185
fă,182057
ştiam,181379
ţine,181010
pui,180020
întâmpla,179446
vreme,179300
copiii,179159
minte,179013
mâinile,178835
ieşi,178592
pleca,177807
copilul,176784
arma,176546
le-am,176188
domnul,175703
iti,175384
deloc,174945
astăzi,174553
erai,174457
astfel,174209
plac,174103
perfect,173848
putin,173845
rămas,173837
amândoi,173310
familie,172925
buni,171921
mari,170440
oră,170252
gând,170004
uita,169901
ţi-ai,168740
vreţi,168733
întreb,168485
an,167579
fiica,167298
său,166441
spune-i,165532
motiv,165373
numărul,165275
toti,164951
gândesc,164110
sta,163895
intrat,163890
amintesc,163883
mică,163800
moarte,163209
găsesc,163029
zic,162939
aud,162765
sânge,162649
dimineaţa,162233
vină,162200
nebun,161948
aduc,161915
jumătate,161502
mers,160903
cunoscut,160215
restul,159536
acelaşi,159463
urma,159411
foc,159222
sună,159064
sun,159020
sigură,158938
cumva,158673
luăm,158039
prost,157241
devreme,156964
Sam,156871
dupa,156832
fim,156743
undeva,156619
vreun,156553
care-i,156398
înăuntru,156236
ce-ai,155198
îti,154920
reuşit,154886
fericit,154754
asupra,154709
deschide,154527
revedere,154436
uşa,153685
pământ,153658
persoană,153172
fiindcă,152694
acela,152537
amice,152111
drept,151953
sora,151907
New,151530
jur,151414
ţi,150903
echipa,150803
ăştia,150788
haideţi,150368
ultimul,149847
vrem,149239
aduce,148376
vadă,148275
momentul,148053
dă,147517
poliţia,147418
pa,147396
întâi,147208
război,146888
altfel,146339
ati,146256
drăguţ,145927
mi-ar,145324
il,145258
cerut,145231
lasă,144552
muncă,144380
moartea,144215
uh,143616
alea,143556
aflat,143331
muri,142442
abia,142315
domnilor,141959
ştiut,141226
liber,141147
frică,141137
trece,141088
genul,140551
milioane,140376
găsim,140037
cheamă,139484
vorbeşte,139032
stat,138937
tuturor,138697
prietenii,138463
schimbat,138080
fugi,138051
sa-l,138048
niste,138021
intră,137867
voastră,137525
sfârşit,137338
faptul,137112
multă,136640
voiam,136430
afara,136424
dea,136355
zice,136272
trage,136031
v-am,135498
omorât,135314
arăţi,135280
ci,134754
scris,134628
ii,134482
uneori,134311
the,134024
gura,134006
altcineva,133885
cameră,133556
dimineaţă,133053
devenit,132929
băiat,132741
clar,132740
plăcere,132591
normal,132506
uit,132452
l-au,132373
totuşi,132230
direct,131937
săptămâni,131597
aibă,131511
pur,131432
rămâi,131391
unu,131170
doamna,130731
afla,130727
ucide,130623
dă-i,129773
ești,129741
greşit,129386
ochi,129137
şansă,129001
regula,128909
Frank,128822
Charlie,128380
amuzant,128288
luptă,127931
toţii,126871
sa-ti,126518
laşi,126460
femei,126329
arăt,126298
ideea,126250
sex,126178
şase,125919
plăcut,125798
căpitane,125577
știu,125055
treci,124990
dispărut,124199
oricine,124198
dori,124048
închisoare,124041
acestea,123942
sale,123835
întâlnit,123741
ieri,123371
dracului,123170
spună,123045
biroul,123038
ţie,122796
Ah,122771
încât,122191
suficient,122154
trecută,121497
opri,121442
vazut,121441
plus,121435
doctor,121411
felul,121208
ajung,121030
folosit,120815
zece,120582
unii,120367
ieşit,120331
special,120317
draga,120239
pat,119898
soţul,119875
Michael,119870
lovit,119795
aer,119467
telefonul,119466
prietene,119072
aminteşti,119030
povestea,118995
sã,118591
spital,118286
petrecere,118274
puternic,118180
dăm,117954
agent,117477
exista,117455
scrie,117371
ajutorul,117305
aştept,116901
mor,116839
sincer,116466
atâta,116400
unele,116119
staţi,116012
încerca,115951
plăcea,115926
pregătit,115635
însă,115508
Traducerea,115345
voie,115307
dumneavoastră,115149
mâncare,114924
ceilalţi,114823
şcoală,114674
viitoare,114515
Scuză-mă,114490
promit,114482
întâlnire,114467
complet,114428
întrebare,114282
dreapta,114034
picioare,113483
lupta,113287
schimb,113119
fara,113077
intra,113012
lucrez,112877
obicei,112604
puterea,112355
şti,112301
furat,112292
afaceri,112160
anume,112101
așa,111952
mână,111864
bineînţeles,111458
gândeam,111168
niciodata,111125
iubito,110781
celor,110329
munca,110238
salvat,109891
York,109853
Mike,109717
caut,109711
omor,109513
anul,109424
cunoşti,109163
minut,108488
omoare,108249
George,108058
vechi,107936
David,107325
poveste,107313
dragoste,107302
mi-au,106999
doctore,106575
apa,106526
pana,106232
jurul,105983
sunteti,105811
întrebări,105759
vad,105715
oamenilor,105655
opreşte-te,105646
mesaj,105376
întrebat,105312
învăţat,105183
băiatul,105111
plece,105011
super,104979
ascultă-mă,104978
Tom,104835
ordine,104812
caută,104729
arme,104688
planul,104584
Joe,104466
sa-i,104427
clipă,104189
plan,103962
personal,103860
cafea,103730
domnului,103652
într-adevăr,103507
vedere,103505
ce-a,103497
cui,103362
seară,103109
armă,103023
uiţi,102992
ţin,102756
lucrat,102685
mamei,102646
dreptul,102472
gândeşti,102442
ajute,102342
cauţi,102173
fiule,102160
ţii,101940
stie,101919
încerci,101885
sa-mi,101758
termină,101564
inca,101480
săptămână,101339
știi,101235
cat,101059
stă,100809
secunde,100730
femeia,100678
toata,100647
vostru,100593
continuă,100503
află,100394
le-a,100213
noştri,100049
trimite,99816
aceeaşi,99525
oraşul,99489
m-au,99392
masina,99273
atent,98891
absolut,98603
dor,98409
nava,98403
mii,98374
s,98354
film,98179
regele,97992
spunem,97850
urăsc,97783
zona,97747
prietena,97608
secret,97524
stare,97370
gură,97242
schimba,96889
veniţi,96736
birou,96576
alături,96537
închis,96402
ocup,96249
pierde,96241
adaptarea,96213
deoarece,96181
băiete,96134
părinţii,96062
meargă,95873
scumpo,95632
accident,95492
folosi,95362
foame,95355
rapid,95225
că-i,95095
fete,94798
echipă,94709
citit,94453
speriat,94397
cartea,94388
răspunde,94322
noua,94155
priveşte,94124
aduci,94057
ti-am,94057
nebunie,94048
rost,93926
Bravo,93845
teamă,93830
Peter,93404
oară,93270
fiţi,93263
las-o,93104
mici,92949
să-ti,92914
începem,92888
lucrează,92853
doresc,92798
întreaga,92679
putere,92603
carte,92602
presupun,92567
simte,92431
masă,92361
rând,92153
tatălui,92085
n-are,92051
oprit,91963
văzut-o,91777
evident,91688
precum,91667
lumina,91305
potrivit,91095
tati,90919
cealaltă,90832
acele,90756
aminte,90598
unde-i,90559
vedeţi,90005
simţit,90001
alta,89995
fundul,89974
uită,89897
cere,89842
băut,89771
James,89572
ies,89466
ajungem,89443
şeful,89440
puteam,89293
Ben,89233
intre,89110
suna,89098
mintea,89024
mori,88948
fiind,88877
vremea,88771
Iisuse,88769
petrece,88756
control,88753
pericol,88706
scăpat,88645
găseşti,88587
tem,88187
situaţia,88061
atenţie,88059
luat-o,87794
dormi,87652
n-au,87564
femeile,87520
doamnelor,87332
bea,87058
calea,87054
întorci,86999
ocupat,86853
cuvânt,86771
Harry,86691
ajuţi,86552
fetele,86464
răspuns,86454
persoane,86378
Scuzaţi-mă,86110
asculta,86070
c,86052
scoate,85952
atac,85698
deschis,85647
droguri,85444
credeţi,85307
celălalt,85182
luaţi,85140
spuneţi,85129
rănit,85103
câştigat,85072
crimă,85010
ăia,85008
dragostea,84958
dnă,84862
baie,84797
imposibil,84542
legătura,84522
dv,84461
căzut,84404
dintr-o,84328
stea,84253
plin,84179
poliţie,84076
avion,83977
slujba,83936
masa,83638
ţi-e,83557
lună,83529
aceşti,83473
conduce,83417
crescut,83353
săptămâna,83315
încep,83312
moară,83301
plecaţi,83256
periculos,83225
v-aţi,83099
acasa,83095
distrus,83066
lucrezi,82997
aveti,82760
Max,82729
grija,82429
spunea,82228
promis,82145
tras,82139
Crăciun,82085
greşeală,82084
interesant,82076
vede,82070
n-aş,82049
chestii,81950
prinde,81750
noul,81491
sistemul,81399
voastre,81392
totdeauna,81359
nenorocit,81302
corpul,81248
primi,81192
altul,81170
acestui,81159
ne-au,80975
rămân,80925
vieţii,80899
continua,80801
poliţist,80790
negru,80772
printre,80700
doare,80697
câţiva,80656
informaţii,80496
cina,80125
ajutat,80053
Henry,80016
Alex,80013
fericită,79988
privire,79807
m,79733
nord,79630
fugit,79603
dna,79575
acestei,79399
iubit,79293
morţi,79212
general,79181
vorbească,79177
omori,79085
Paul,78989
ajungi,78985
care-l,78985
atat,78934
baza,78921
merită,78900
încet,78864
termina,78794
luna,78753
punct,78704
fă-o,78700
câţi,78560
serviciu,78557
sângele,78430
împuşcat,78419
opt,78379
armele,78274
lumii,78237
aflu,78235
întoarcem,78150
nu-ti,78019
i-au,77795
scos,77695
ce-ar,77629
stăm,77507
v-a,77386
permite,77383
viitor,77370
picioarele,77353
stânga,77253
băieţii,76840
închide,76603
întâmple,76552
le-ai,76465
cuvinte,76440
aseară,76407
intru,76228
America,76137
folosesc,76084
proastă,76080
întoarce-te,76069
cină,75915
sens,75908
diferit,75832
trec,75801
ajută-mă,75625
inainte,75539
micul,75092
aur,75092
linişte,75062
câine,75042
supărat,75040
par,75034
născut,75019
apărut,74941
cuvântul,74861
drăguţă,74827
incredibil,74772
ultimele,74748
voia,74743
rece,74490
pierd,74467
indiferent,74244
moartă,74201
felicitări,74185
atinge,74055
plătit,73956
succes,73888
fund,73754
ce-am,73528
hotel,73366
doctorul,73234
petrecut,73154
Mary,72806
funcţionează,72783
arăta,72570
mişcă,72450
decis,72428
vroiam,72343
deasupra,72317
căpitanul,72296
ştia,72271
trăiesc,72174
Jimmy,72019
ascuns,71927
slujbă,71882
înţelege,71684
dorit,71555
mâncat,71503
scot,71384
încoace,71349
ne-ai,71253
numit,71183
familiei,71163
avocat,71103
tai,71018
hey,70943
sud,70908
salva,70882
punem,70867
vorbesti,70776
unchiul,70660
mergeţi,70653
deveni,70511
aruncat,70462
crede-mă,70456
secundă,70404
părea,70397
decat,70378
păcat,70346
real,70248
poartă,70200
minţi,69963
metri,69945
aştepta,69928
Jake,69926
rege,69914
propria,69890
şapte,69827
lăsăm,69744
arata,69739
întâlnim,69677
jocul,69601
sfârşitul,69378
sufletul,69352
trimit,69326
plină,69290
diseară,69248
trag,69086
rea,68933
muzica,68922
Bob,68851
nicăieri,68652
Nick,68547
simti,68478
semn,68411
Tony,68382
armata,68295
persoana,68247
viitorul,68208
trezit,68111
încetează,68022
Jim,67997
devine,67899
l,67855
ştiai,67783
joci,67686
Bill,67523
bate,67501
modul,67446
uşă,67392
bere,67357
misiune,67299
lista,67134
Danny,67008
doilea,66935
nimănui,66883
pas,66802
apropo,66672
alb,66669
afacere,66619
companie,66583
minunată,66503
capăt,66476
conduc,66457
pari,66439
locuri,66437
Sarah,66379
piciorul,66371
ce-ţi,66275
ducem,66188
încercăm,66169
dimineata,65961
cine-i,65913
petrecerea,65901
tânăr,65889
adevărată,65772
final,65737
cumpărat,65667
Ray,65615
singuri,65560
oferit,65461
motivul,65443
ia-o,65440
următorul,65437
securitate,65299
ajută,65298
glumeşti,65265
deranjează,65178
adevarat,65159
Aşadar,65111
sînt,64980
oriunde,64936
descoperit,64782
grămadă,64732
vis,64617
diferite,64583
Billy,64523
deşi,64467
port,64467
întrebi,64453
calmează-te,64383
mişca,64377
inapoi,64353
fir-ar,64230
regina,64193
aşteptaţi,64183
alţii,64147
depinde,64015
credem,63999
legat,63923
interesează,63885
observat,63732
lungă,63727
numesc,63666
pierzi,63602
războiul,63574
urmează,63568
pai,63473
gasit,63468
doreşti,63375
e-n,63308
cheia,63296
trăi,63257
sala,63136
Mda,63101
grea,63074
oare,63040
cuiva,62927
strada,62912
ti,62907
respect,62874
opreşte,62795
tatal,62779
aştepţi,62745
bolnav,62737
onoare,62713
will,62695
ţară,62653
ajungă,62652
trecem,62584
chestie,62565
iubeşti,62511
distruge,62439
vorbă,62392
exemplu,62272
idiot,62183
sosit,62172
alege,62165
multi,62138
lucra,62137
aveai,62044
compania,62039
de-al,61802
zilele,61799
căutat,61792
număr,61737
cã,61650
ţara,61619
cadou,61538
n,61516
părul,61400
suni,61326
mami,61305
sergent,61304
km,61109
majoritatea,61019
lasa,61017
joacă,60940
apropie,60923
bătut,60812
lasă-l,60792
dă-te,60613
navă,60524
intampla,60478
verificat,60438
primesc,60363
intri,60302
Jane,60218
aşteptăm,60216
usor,60197
Johnny,60031
ce-mi,59995
habar,59992
chemat,59962
soldat,59954
recunosc,59855
arestat,59791
punctul,59746
asigur,59656
you,59642
ridică-te,59614
prostii,59600
iubire,59574
gândeşte-te,59487
intr-o,59449
puteti,59411
aşa-i,59348
daţi,59333
noastra,59318
american,59267
intamplat,59255
plătesc,59251
veşti,59235
faceti,59231
părere,59226
importantă,59214
bar,59176
Tommy,59108
ţi-o,59097
preşedinte,59041
controlul,59023
părăsit,58971
zbor,58893
urât,58877
fetelor,58823
ni,58821
ascunde,58814
porţi,58695
puternică,58628
mijlocul,58601
Paris,58572
continuare,58535
FBI,58493
usa,58353
celelalte,58297
magazin,58277
glumă,58246
iese,58200
stradă,58183
mulţime,58145
lăsaţi,57996
hainele,57830
placă,57716
surpriză,57671
rupt,57570
minţit,57475
Bobby,57474
scuzaţi,57430
Richard,57424
misiunea,57356
pământul,57324
pariu,57314
grup,57305
adresa,57292
întârziat,57266
rândul,57183
curat,57001
m-aş,56900
părinte,56837
câteodată,56725
frumoase,56681
mulţumim,56539
mişto,56519
apartamentul,56517
ţinut,56497
avionul,56434
aşteptat,56408
focul,56288
grăbeşte-te,56284
afacerea,56264
of,56237
mănâncă,56161
Charles,56131
beau,56041
bărbaţi,55994
mutat,55954
angajat,55905
căutăm,55728
marea,55706
descurc,55671
prietenă,55635
Londra,55599
ducă,55470
iată,55408
oferi,55377
criminal,55344
uitaţi,55341
des,55338
ambele,55246
dintr-un,55202
afli,55142
ala,55133
ti-a,55125
zonă,55098
Walter,55085
mulțumesc,55076
opresc,55072
linia,54993
aflăm,54992
cont,54964
cal,54923
făcea,54854
nebună,54810
centrul,54790
de-aici,54788
jucat,54759
următoarea,54476
domnişoară,54468
purta,54413
dura,54382
discutăm,54381
dincolo,54273
energie,54267
numeşte,54157
excelent,54127
lumină,54079
urmărit,54074
baltă,54057
apare,53978
devin,53933
bătrân,53932
ne-ar,53906
carne,53796
okay,53788
detectiv,53755
um,53739
ceai,53697
spune-le,53691
veche,53631
dorm,53603
scurt,53570
mişcare,53496
acces,53453
iubeşte,53448
sute,53385
nenorocitule,53365
d,53339
durere,53318
propriul,53113
poarta,53070
marele,53020
schimbă,52957
întâlnesc,52904
clasa,52892
Eddie,52770
asteapta,52752
club,52705
prostie,52695
ratat,52692
te-au,52666
găsească,52634
răspunsul,52629
inimă,52618
scape,52554
filmul,52481
Steve,52448
oprim,52437
sistem,52322
legea,52258
m-ar,52238
vocea,52146
distractiv,52126
săturat,52110
formă,52065
tipii,52057
termin,52037
radio,52003
teren,51990
vârsta,51940
datoria,51904
gândi,51840
verde,51767
convins,51724
puţină,51680
date,51680
tragi,51644
ceasul,51612
cheile,51610
moare,51566
cutie,51472
limba,51434
ha,51357
Lee,51271
faca,51229
aveau,51215
necesar,51194
ieşim,51189
juca,51184
dulce,51109
bază,51101
veti,50987
armată,50969
est,50962
pună,50962
creat,50957
perfectă,50931
mâncarea,50908
câinele,50764
groaznic,50745
dovezi,50729
dră,50718
or,50507
mândru,50495
regulile,50469
căsătorit,50419
mi-aş,50369
Robert,50352
soţie,50326
morţii,50276
tipi,50170
mănânci,50162
dificil,50147
gol,50133
c-o,50130
omorî,50105
iasă,50095
ruşine,50093
prezint,50086
explic,50046
b,49990
preşedintele,49959
uimitor,49912
stim,49753
iad,49746
mâini,49745
lung,49703
spectacol,49681
haine,49673
Mark,49670
arătat,49635
aşteptam,49624
urgenţă,49622
iesi,49583
dejun,49582
norocos,49535
obosit,49533
ăsta-i,49496
Kate,49486
vi,49439
ascult,49437
viu,49380
vinovat,49351
public,49246
milion,49225
condus,49216
asculţi,49188
secrete,49126
rugăm,49106
Daniel,49074
ofiţer,49041
întrebarea,49026
pauză,48989
băgat,48926
comanda,48912
invitat,48901
frica,48900
plăti,48869
adica,48858
i-ar,48826
episodul,48789
casei,48765
atacat,48706
că-mi,48654
dra,48639
rugat,48581
programul,48562
pregătiţi,48554
începi,48528
Chris,48493
bunica,48412
ordin,48400
treacă,48397
unor,48337
rămână,48330
neagră,48329
apreciez,48326
problemele,48324
vorbind,48312
superi,48307
doriţi,48302
mi-o,48177
si-a,48139
total,48137
favoare,48010
Martin,47989
călătorie,47974
apel,47954
intrăm,47919
liberă,47914
bei,47895
câştiga,47885
sezonul,47808
agentul,47790
miroase,47789
erou,47775
oras,47723
motive,47712
ceri,47689
înţelegere,47675
lase,47672
trăieşte,47639
nu-s,47586
cunoaşte,47576
trăit,47560
aruncă,47524
dragul,47524
scriu,47520
a-l,47409
găsit-o,47383
bănuiesc,47362
sotia,47318
cald,47316
baieti,47286
ridicol,47251
verific,47166
şcoala,47150
atâtea,47122
dans,47103
bord,47103
sir,47102
prind,47102
plăcută,47094
implicat,47076
păcate,46985
durerea,46981
n-avem,46966
scăpa,46882
dormit,46876
creierul,46787
somn,46786
plimbare,46782
ce-o,46725
părut,46676
cuvintele,46632
vest,46609
oricare,46571
stiti,46540
planeta,46533
scrisoare,46446
mica,46402
datorită,46392
acei,46329
profesor,46260
trăieşti,46240
macar,46219
listă,46180
rezolva,46149
nunta,46106
extrem,45999
grozavă,45996
contact,45975
chestiile,45934
Kevin,45917
că-l,45881
întuneric,45868
roşu,45856
poată,45828
animale,45817
având,45779
apartament,45752
foloseşte,45751
don,45742
ucid,45718
uita-te,45705
Claire,45699
căuta,45682
stop,45599
păr,45570
l-aţi,45566
lucrul,45533
corp,45525
to,45472
pete,45456
luptat,45446
lovitură,45423
and,45422
că-ţi,45367
Jerry,45357
ucidă,45344
cărţi,45314
inseamna,45279
mesajul,45274
iubitule,45261
frumoasa,45198
Ryan,45177
pierdem,45168
Thomas,45161
proces,45153
descurci,45148
trăiască,45112
vândut,45049
pregătită,45028
permis,45001
afle,44987
şef,44963
intr-un,44955
păţit,44944
nivelul,44942
linie,44930
ocazia,44854
bătaie,44792
soarele,44778
revenit,44754
stricat,44680
guvernul,44669
privinţa,44624
ridicat,44564
mânca,44554
şefu,44509
înaintea,44457
pahar,44437
albă,44415
iartă-mă,44398
te-ar,44369
ţi-ar,44340
hotărât,44329
regret,44263
frig,44252
blocat,44182
neregulă,44139
San,44099
regelui,44076
şansa,44044
nu-şi,43969
vizită,43959
puteai,43953
Rachel,43926
vorbiţi,43922
atins,43916
clipa,43911
nenorocitul,43887
decizia,43862
picior,43849
oraşului,43737
situaţie,43733
pădure,43731
Unite,43691
distanţă,43670
ascultaţi,43612
muzică,43558
rele,43521
îndrăgostit,43496
Scott,43488
bărbaţii,43487
făcută,43459
bunicul,43436
încântat,43373
siguranta,43353
praf,43314
arate,43275
vinde,43253
dragule,43212
istoria,43211
citesc,43207
maşini,43191
Adam,43134
stiam,43116
conform,43056
dur,43056
foloseşti,42958
suflet,42943
conduci,42856
interior,42847
fierbinte,42806
dat-o,42769
cunoştinţă,42743
rahatul,42742
semnalul,42735
perioadă,42670
speram,42545
ocupa,42453
Maria,42449
Dan,42444
tăiat,42418
vreti,42402
obţine,42386
vorbeam,42382
copiilor,42356
spuneam,42339
animal,42294
Dave,42290
băutură,42287
ofer,42254
Washington,42178
costum,42133
treia,42117
bag,42080
căpitan,42078
Anna,42075
construit,42073
mănânc,42064
oricând,42052
milă,42042
urcă,42020
curent,41962
uităm,41950
alţi,41945
da-mi,41920
durează,41913
poți,41844
proteja,41832
Roma,41808
îngrijorat,41786
degrabă,41755
departamentul,41732
practic,41704
scoatem,41692
aș,41680
d-na,41616
iubirea,41609
trist,41600
tv,41576
întoarcă,41571
întrebam,41492
liceu,41476
William,41462
uşurel,41419
venim,41367
ti-ai,41326
gât,41289
acelasi,41243
taxi,41233
făceam,41230
ultimii,41202
jucăm,41172
sti,41165
lasa-ma,41144
nivel,41121
ia-l,41052
explica,41043
inteligent,41024
ia-ţi,41016
cadavrul,40993
pielea,40966
zilei,40956
nuntă,40955
rezolvat,40930
trenul,40930
continui,40908
program,40906
avocatul,40881
aducă,40875
acestor,40849
te-aş,40742
Amy,40737
ordinele,40731
arunca,40717
tara,40689
cutia,40686
prânz,40685
barca,40675
interesat,40664
interiorul,40634
intraţi,40618
anii,40601
poziţia,40598
nasul,40580
nopţii,40576
decizie,40519
gheaţă,40473
întâlni,40467
cauză,40460
Mr,40449
lipseşte,40390
supărată,40339
adu,40315
Eric,40299
starea,40276
Matt,40256
existat,40175
test,40145
Jason,40118
Andy,40117
codul,40090
bem,40062
curaj,40030
înteles,40019
i-o,40008
poză,39990
culcat,39889
creadă,39820
poze,39795
patul,39794
tren,39771
clădire,39769
cod,39742
raportul,39730
atenţia,39714
unchiule,39709
îndoială,39705
lupte,39671
membru,39634
meci,39614
scapi,39591
insula,39585
li,39582
cateva,39543
şi-au,39529
ridica,39485
liniştit,39469
hmm,39456
gunoi,39454
realizat,39446
vârstă,39394
idiotule,39379
adânc,39368
bat,39299
gâtul,39297
soare,39285
fericire,39284
importante,39263
beat,39255
istorie,39204
Clark,39172
Carl,39168
niciunul,39149
video,39140
Carter,39134
sticlă,39099
comun,39061
surprins,39059
culcare,39038
târfă,39031
reuşi,38982
victima,38967
a-i,38950
crimei,38938
t,38928
Dean,38925
bucată,38904
poliţiei,38889
discutat,38838
bărbatul,38674
salvez,38648
cumpăr,38629
responsabil,38619
partenerul,38618
mint,38601
inelul,38549
fantastic,38511
pară,38416
tânără,38397
plânge,38387
Arthur,38387
restaurant,38381
înteleg,38344
Team,38338
Emily,38231
oficial,38230
bogat,38205
Larry,38204
bucătărie,38159
întreba,38145
întreg,38135
locuiesc,38123
ciudată,38099
inteleg,38061
urmele,38021
chem,38008
închid,38001
bancă,37980
laborator,37951
pasa,37921
găseşte,37918
încolo,37910
reusit,37903
grav,37892
inceput,37856
oprească,37835
spaţiu,37829
specială,37815
sperăm,37809
omoară,37806
martor,37744
l-ar,37742
opreşti,37739
impreuna,37727
ars,37726
scopul,37648
urme,37643
slab,37638
aranjat,37621
trezeşte-te,37597
televizor,37590
aparţine,37560
amândouă,37547
huh,37538
mile,37523
pistolul,37499
vreodata,37499
eliberat,37484
inteles,37483
Brian,37460
nr,37354
maine,37353
Alan,37333
crime,37281
dosarul,37274
lungul,37256
Simon,37175
anumite,37174
creşte,37173
reală,37171
relaţie,37146
banca,37144
planuri,37125
scenă,37112
scumpule,37111
visul,37076
bombă,37039
poza,37037
vorbeste,37026
Kyle,37010
schimbare,37001
realitate,36995
terminăm,36993
descurcat,36982
iubita,36971
respiră,36909
mingea,36890
sexy,36863
Luke,36851
Lucy,36849
lipsit,36835
Rose,36791
ţină,36770
sabia,36746
risc,36699
stiut,36695
dispari,36680
biserică,36673
trecutul,36673
Sean,36666
sută,36661
monstru,36643
accepta,36625
Kim,36580
răspund,36564
seamănă,36548
planetă,36479
primeşti,36375
generalul,36347
gust,36333
uite-l,36316
c-am,36291
fotbal,36222
miezul,36192
clădirea,36183
adio,36182
judecător,36179
wow,36177
bomba,36144
folosim,36133
destule,36090
crima,36081
tarziu,36062
forţa,36057
culoare,36044
facut-o,36007
calm,35998
accept,35967
sine,35948
vineri,35928
viteza,35926
secretul,35916
viată,35905
preţ,35874
încercam,35869
uitaţi-vă,35859
scoala,35858
semnal,35810
scoţi,35798
sune,35791
haideti,35790
fiului,35784
ucizi,35773
valoare,35727
Chicago,35671
centru,35667
ridică,35661
acoperire,35641
principal,35601
cândva,35579
arde,35519
ţi-aş,35511
Alice,35487
acceptat,35456
sansa,35350
soarta,35349
taie,35330
Louis,35290
m-aţi,35251
ascultat,35231
Annie,35230
gresit,35220
deschisă,35203
slavă,35195
lucrăm,35175
politia,35129
doreşte,35099
comandă,35020
însărcinată,35002
relaxează-te,34986
purtat,34978
devii,34965
ocupi,34958
prezent,34920
filme,34899
rămânem,34891
umană,34882
scap,34825
chef,34818
geanta,34806
isi,34806
lord,34806
înveţi,34788
albastru,34763
pornit,34755
vremuri,34746
reprezintă,34721
distracţie,34719
ordinul,34704
părerea,34658
râs,34657
totusi,34652
deoparte,34637
discuta,34618
poliţişti,34606
spuneai,34592
obişnuit,34552
mana,34545
spart,34513
repet,34498
suferit,34496
ţi-l,34493
pricep,34491
deschid,34419
prefer,34410
linişteşte-te,34358
d-nă,34347
nervos,34346
curs,34341
odata,34333
cinste,34302
măsură,34289
înnebunit,34284
pâna,34260
căutarea,34255
ocupă,34253
Jackson,34246
magazinul,34242
puştiule,34239
acţiune,34237
judecată,34225
trageţi,34214
pistol,34214
teme,34187
soţ,34152
Hank,34130
înşelat,34122
director,34106
încercând,34093
lipsa,34086
aducem,34084
flori,34076
Chuck,34061
plajă,34057
camere,34051
întâlnirea,34028
Anglia,34023
începutul,34006
referi,33964
trupul,33888
peşte,33883
nevinovat,33832
naştere,33830
deştept,33828
fa,33813
van,33808
pariez,33801
autobuz,33784
binele,33782
post,33779
refuzat,33770
arunc,33748
creier,33718
Ted,33705
aeroport,33703
transformat,33697
minciună,33692
ţi-au,33653
lapte,33643
bară,33643
locuieşte,33638
vai,33619
îsi,33609
descurca,33604
soră,33583
mâncăm,33568
curtea,33558
legatura,33557
vieţile,33549
costă,33547
Lisa,33544
prefera,33542
rolul,33533
uciderea,33511
verifică,33469
necazuri,33418
locotenente,33360
prindem,33357
aproximativ,33354
timpului,33350
dovadă,33337
colonel,33319
raport,33203
renunţat,33183
ticălos,33164
generale,33132
sună-mă,33130
bagi,33122
îndreaptă,33094
Red,33087
scaun,33080
colonele,33059
îngrozitor,33049
altele,33039
răni,32999
mijloc,32985
întregi,32976
apropiat,32960
tii,32948
Victor,32931
tinere,32919
suport,32919
cînd,32909
puncte,32899
ţinem,32894
directorul,32881
degetul,32851
piele,32850
voce,32829
alegere,32812
pt,32801
bilet,32796
Ed,32778
tie,32758
înţelegeţi,32736
termine,32736
veste,32734
impresia,32733
Jones,32723
cai,32722
salveze,32717
it,32666
pereche,32655
pe-aici,32655
serviciul,32643
ţinta,32630
Los,32626
apucat,32620
alegi,32618
fals,32605
grade,32600
ieşiţi,32572
mişcaţi-vă,32566
întreagă,32548
mi-l,32518
porc,32500
sperie,32484
propriu,32474
excepţia,32458
căutaţi,32457
sărut,32448
Kelly,32429
razna,32395
soldaţi,32391
piept,32365
concediat,32351
rezistă,32351
extraordinar,32335
permisiunea,32318
asteaptă,32308
nas,32295
tineri,32284
facultate,32282
arată-mi,32281
făcute,32276
urmăresc,32254
camion,32229
forma,32210
stăpâne,32208
sint,32166
scrii,32164
credeai,32149
biserica,32146
termini,32141
aude,32135
imagina,32134
profesorul,32114
glumesc,32114
inclusiv,32105
piatră,32098
mirosul,32091
obține,32084
refer,32080
ascunzi,32075
scapă,32050
Phil,32039
speranţă,32003
înalt,31971
sunteți,31925
pleaca,31891
ajutăm,31889
plăteşti,31848
calul,31846
ați,31844
priviţi,31832
serie,31828
locotenent,31825
sentimentele,31803
SUA,31787
copac,31785
întreabă,31782
simplă,31779
complicat,31771
siguri,31756
înca,31738
insulă,31737
rochia,31729
sari,31725
devină,31715
Emma,31699
lady,31662
scena,31619
uman,31607
copilului,31602
stabilit,31597
City,31566
voiai,31531
recepţionat,31516
folos,31504
nebuni,31467
onoarea,31466
luam,31461
fugă,31438
cumperi,31420
plecam,31392
subiect,31352
doarme,31336
făcând,31306
dovedit,31306
model,31305
face-o,31304
alegerea,31298
cumpăra,31267
oferă,31260
Fred,31242
barcă,31241
podea,31227
hârtie,31212
perete,31207
zero,31202
comandantul,31181
lasi,31155
camerele,31148
spus-o,31147
înceapă,31137
experienţă,31128
Jeff,31112
intotdeauna,31066
aleg,31061
chema,31052
libertate,31028
r,31025
fereastră,31021
poporul,31015
cărţile,31012
învăţ,31004
Joey,30999
fraţii,30992
genunchi,30985
etajul,30934
fă-mi,30916
minune,30900
verifica,30867
salvezi,30857
Iisus,30776
Sara,30763
Amin,30738
rezista,30729
Grace,30723
baţi,30717
gratis,30716
pizza,30701
adu-mi,30694
supraveghere,30665
iesit,30658
sotul,30658
omului,30649
sperii,30645
rămâneţi,30608
primele,30602
părăsi,30602
cheie,30593
învăţa,30588
recent,30584
privesc,30569
cinstit,30553
poziţie,30543
ciudate,30507
lasat,30500
arunci,30498
răi,30489
păstra,30477
ucis-o,30459
sărit,30434
capabil,30430
afacerile,30412
lege,30394
norocul,30391
controla,30383
ieşire,30359
miros,30355
schimbi,30311
cursul,30310
săi,30235
momente,30230
lăsaţi-mă,30213
semnat,30186
obţinut,30156
căsătorie,30143
calitate,30133
maestre,30131
puneţi,30117
California,30102
caute,30095
intrare,30082
vând,30069
aiurea,30028
cursă,30027
bătrânul,30023
încercare,30022
schimbe,29996
opriţi,29992
suspect,29985
detalii,29972
CIA,29961
trăim,29957
şefule,29938
cântec,29931
discuţie,29928
gaură,29912
îndoiesc,29887
relaţia,29853
oribil,29851
sfinte,29837
cadavru,29833
spectacolul,29833
câştig,29825
sase,29794
testul,29774
capcană,29765
reguli,29762
sat,29759
astept,29757
recunoscut,29754
Barry,29749
procesul,29741
celui,29690
joace,29647
idei,29646
roşie,29639
credea,29627
Morgan,29616
plăcerea,29607
fratelui,29569
stati,29558
iubitul,29556
pregătesc,29555
puşti,29546
partener,29546
puştiul,29539
uiti,29535
zău,29528
planurile,29518
clubul,29489
pantaloni,29470
scop,29467
ghici,29463
pricepi,29460
acuma,29452
cancer,29432
internet,29421
contra,29416
pantalonii,29414
Elizabeth,29402
dreaptă,29400
preţul,29384
plătească,29380
c-ai,29370
lupt,29276
Jenny,29274
Susan,29265
ceas,29259
respectul,29257
zicem,29242
ura,29232
umane,29231
implor,29220
anunţ,29208
cântă,29180
petrec,29178
apar,29168
cazuri,29163
cariera,29154
lovitura,29153
citi,29147
speciale,29120
treilea,29102
costumul,29101
vara,29099
locurile,29095
Leo,29088
măi,29073
Molly,29061
client,29057
străzi,29055
medicamente,29036
ocazie,29012
curajos,28991
proaste,28991
coboară,28982
amintesti,28979
totii,28977
case,28967
vânătoare,28960
urmat,28943
pilot,28926
ştiri,28902
reveni,28893
murim,28893
gasi,28876
misca,28863
citeşti,28853
stilul,28845
maior,28827
bolnavă,28826
vroia,28815
libertatea,28808
Isuse,28767
potriveşte,28758
unitatea,28732
jocuri,28712
victoria,28712
dlui,28694
curajul,28692
poliţiştii,28666
acelea,28647
modalitate,28638
Europa,28632
energia,28544
însemna,28520
căci,28518
fericiţi,28512
priceput,28506
spitalul,28483
weekend,28473
puterile,28442
spiritul,28442
dispus,28417
Roger,28413
perioada,28395
tin,28387
rupe,28373
Josh,28365
ochiul,28347
oferta,28335
postul,28319
tipule,28293
puțin,28281
Howard,28275
găsiţi,28273
aceştia,28267
fetiţă,28239
salvare,28230
cind,28229
nave,28229
victime,28228
acuzat,28202
ceilalti,28194
fug,28165
răspunzi,28159
americani,28147
ţintă,28100
Marcus,28097
catre,28090
daţi-mi,28048
Gary,28048
transport,28030
schimbul,28029
destinul,28001
l-aş,27995
Maggie,27994
propriile,27961
piatra,27960
gândim,27939
clasă,27901
continuăm,27887
Bruce,27864
imaginea,27862
Angeles,27847
fostul,27842
viteză,27835
Pardon,27817
cunoaştem,27800
scaunul,27796
Smith,27790
datele,27783
Doug,27770
serioasă,27760
apropiere,27756
doc,27748
pod,27743
de-o,27741
închisă,27730
Rick,27727
cuminte,27724
amintit,27702
aceia,27701
memoria,27689
pantofi,27688
apărare,27686
echipei,27683
conducere,27683
fotografie,27678
stele,27677
imagine,27663
domn,27649
uşoară,27645
credit,27641
animalele,27626
ştiinţă,27622
Chloe,27609
câştigă,27582
clientul,27545
asigura,27525
ascund,27514
dovada,27497
China,27490
vestea,27478
Big,27468
vieţi,27444
iubi,27441
fine,27437
vorbea,27424
existe,27399
telefoane,27388
forţă,27384
apropia,27379
dovedi,27373
medic,27365
vacanţă,27351
fotografii,27343
haina,27327
cuplu,27309
ţineţi,27286
minţile,27274
treaz,27271
deranjez,27231
etaj,27229
inventat,27202
aminti,27189
me,27185
nevasta,27172
îți,27165
rochie,27156
dezastru,27139
parc,27115
soluţie,27103
subiectul,27101
stăpânul,27093
supravieţuit,27084
degetele,27072
mi-aţi,27069
sfat,27067
băieti,27064
cânta,27027
Karen,27025
placi,27013
trădat,27001
actele,26998
rock,26992
maiestate,26974
cunosti,26972
dator,26967
merita,26926
supravieţui,26925
faza,26923
visat,26892
revin,26889
grupul,26863
consiliul,26850
Tyler,26811
lovi,26810
toți,26783
întregul,26780
mătuşa,26771
Salutare,26768
Edward,26758
Tim,26747
toaletă,26746
Jesse,26743
câştigi,26731
sport,26677
mincinos,26672
navei,26666
sentiment,26654
Oliver,26654
pantofii,26619
soţiei,26609
Marty,26608
kilometri,26607
pământului,26572
Parker,26571
aceleaşi,26562
barbat,26558
trezesc,26542
bucuros,26530
ador,26519
adevarul,26517
informaţiile,26511
privind,26481
geniu,26453
Harvey,26440
artă,26411
rezultatele,26385
Vegas,26369
mănânce,26361
cartier,26361
viața,26357
ciocolată,26338
chestiune,26326
tragă,26307
prezenta,26299
uitam,26284
atingi,26274
visele,26270
Vincent,26258
curte,26251
probe,26200
plângi,26185
adormit,26173
Laura,26161
luptăm,26160
St,26137
prostiile,26131
scrisoarea,26124
opreste-te,26110
recunoaşte,26089
magie,26086
vechiul,26061
le-au,26050
astazi,26049
legate,26045
atacul,26034
minciuni,26034
duş,26033
secretă,26030
încercaţi,25990
act,25987
cursa,25973
aventură,25958
diferenţa,25958
pisica,25955
decide,25940
plâng,25916
capătul,25914
demult,25914
conteaza,25913
hotelul,25911
brusc,25907
ciuda,25886
normală,25885
aerul,25877
golf,25875
c-a,25873
primii,25865
forţele,25865
dezamăgit,25859
priveste,25820
boala,25817
numeşti,25815
deschizi,25812
dinţi,25803
parca,25785
răpit,25764
sugerez,25754
operaţie,25749
bilete,25744
direcţia,25739
colţ,25721
intelegi,25712
privirea,25706
tribunal,25698
simtă,25697
costa,25681
cauta,25659
câini,25636
Taylor,25633
puternice,25629
vas,25628
scurtă,25614
no,25601
dragut,25583
fix,25574
goală,25572
băga,25568
lucreze,25531
ouă,25529
domnişoara,25519
renunţ,25515
miere,25505
Ethan,25485
strâns,25454
preot,25448
miliarde,25432
dacă-l,25421
natura,25421
încrederea,25415
rezolv,25402
dumneata,25395
protecţie,25385
păstrez,25374
incercat,25341
urgent,25336
medicală,25328
Ross,25326
distrugă,25310
următoare,25307
sâmbătă,25307
treburile,25304
renunţi,25303
prezenţa,25300
personale,25284
c-ar,25274
ho,25274
gandit,25255
puternici,25254
pacient,25245
ocupată,25239
sentimente,25215
rai,25196
speriată,25193
anului,25187
victimă,25172
recunoşti,25168
călătoria,25162
dispară,25160
şi-o,25141
teribil,25129
roman,25122
Nathan,25102
ilegal,25095
urmăreşte,25084
degeaba,25072
Patrick,25046
gândeşte,25046
atentie,25037
semne,25023
curată,25013
protejez,25012
dorinţa,25011
răbdare,25009
prinţul,24997
iertare,24991
fetiţa,24986
veniti,24980
Miss,24977
man,24976
comandant,24962
Africa,24949
sursa,24945
engleză,24935
deranja,24926
duminică,24909
Abby,24895
contract,24887
tabără,24874
mobil,24852
proiectul,24848
seful,24837
ticălosule,24827
râde,24816
autobuzul,24812
străin,24804
poveşti,24800
n-aţi,24796
îndrăzneşti,24787
Julia,24781
căutam,24779
cunoaşteţi,24779
vreunul,24777
următoarele,24764
potrivită,24747
lire,24741
cade,24735
intrarea,24713
şanse,24701
înălţimea,24685
dispoziţie,24682
incredere,24676
râu,24651
deocamdată,24649
ameninţare,24608
marfa,24602
ofertă,24597
încotro,24588
încheiat,24581
orasul,24552
Julie,24535
mandat,24530
proiect,24514
apară,24514
adăpost,24502
vie,24485
lupţi,24485
merci,24481
Roy,24480
cauti,24478
nostri,24469
zgomot,24466
folosească,24442
trimitem,24440
val,24431
liberi,24411
siguranţa,24409
abandonat,24403
războiului,24397
pâine,24395
vedeti,24359
efect,24351
preferat,24340
firma,24329
fantomă,24327
gay,24327
pachet,24312
oricât,24310
simtit,24304
ataca,24296
nemernic,24274
curios,24273
lăsat-o,24265
întelegi,24251
sa-si,24245
detectivul,24226
suporta,24225
astia,24223
fiti,24210
zbura,24206
presupune,24201
primeşte,24197
acoperiş,24192
jaf,24181
a-mi,24178
sticla,24177
ordonat,24172
atentă,24165
aceeasi,24161
munte,24151
v,24150
impresionant,24144
rapidă,24139
păstrat,24137
spirit,24130
teama,24129
criminalul,24122
fermă,24119
gaura,24116
motorul,24109
lemn,24109
negativ,24097
legii,24096
nasol,24079
miracol,24073
gen,24056
Lily,24055
cadă,24039
datorez,24037
scoată,24023
renunţa,24004
urcat,23995
ooh,23985
luminile,23972
vizita,23950
Mexic,23949
explozie,23906
prinzi,23899
Wayne,23890
cerul,23889
meciul,23879
dublu,23871
cartierul,23870
Hitler,23867
furios,23848
bucăţi,23847
tratat,23847
interviu,23838
Franţa,23837
mut,23831
bătrâne,23823
prânzul,23813
obligat,23803
companiei,23798
satul,23797
adevăr,23775
diferită,23770
îndată,23767
grele,23765
norocoasă,23762
de-asta,23757
tratament,23745
harta,23741
presiune,23737
mesaje,23720
Amanda,23720
termen,23717
focuri,23717
gras,23716
Terry,23706
comandante,23675
proprietatea,23670
personală,23668
îmbrăcat,23655
profesore,23653
opriţi-vă,23650
plecare,23649
Park,23643
şi-ar,23641
căruia,23635
pune-l,23616
adevărata,23615
probă,23613
colonelul,23612
nenorocită,23610
vânt,23596
dumneavoastra,23595
cumpere,23592
Helen,23591
însuşi,23587
Katie,23581
zborul,23558
împinge,23557
ridici,23555
audă,23555
sigurantă,23535
Wilson,23526
acesti,23495
fereastra,23488
urmări,23482
parcare,23475
condamnat,23454
culoarea,23437
Miller,23433
ţine-te,23432
Anne,23423
mişcă-te,23422
pierdere,23405
moale,23401
imaginez,23394
cânt,23388
neapărat,23368
sală,23364
spune-ne,23363
fiicei,23347
vântul,23321
zboară,23320
trupele,23299
medical,23299
cuţit,23286
amintiri,23286
legal,23249
deosebit,23248
buzunar,23247
marfă,23245
masină,23210
pus-o,23208
trimită,23201
fosta,23190
vinzi,23188
imagini,23182
echipajul,23170
Derek,23169
atenţi,23164
vrăjitoare,23135
duceţi,23132
transforma,23131
conta,23114
local,23101
glonţ,23088
cafeaua,23085
pierderea,23067
mã,23066
presa,23052
Andrew,23010
India,23004
tre,22973
boală,22961
cate,22957
şi-l,22941
Jackie,22938
suc,22934
aparatul,22931
numarul,22931
tipa,22931
eraţi,22924
pune-ţi,22917
inel,22915
fugiţi,22910
alarma,22891
computer,22889
mm,22886
banda,22863
considerare,22861
ramas,22857
victorie,22843
statul,22841
i-aţi,22835
dacă-i,22825
pasăre,22783
zeii,22775
Texas,22765
confortabil,22762
uau,22759
puteți,22753
primim,22753
my,22738
Gordon,22727
militar,22693
duceţi-vă,22687
yeah,22686
curvă,22669
Greg,22665
aştepte,22658
rezervă,22651
Sally,22641
răzbunare,22640
răspunsuri,22638
bagajele,22629
merit,22627
soldaţii,22614
hol,22613
interesantă,22571
tabăra,22571
printr-o,22562
Johnson,22555
drogat,22541
u,22528
luati,22528
i-aş,22523
serviciile,22508
antrenament,22497
ziar,22489
staţia,22478
d-l,22478
durat,22472
Cole,22455
Teddy,22453
responsabilitatea,22450
Neaţa,22439
depozit,22429
stil,22421
crea,22417
gândurile,22408
caii,22402
a-ţi,22387
să-ți,22385
zid,22382
adevăratul,22368
despărţit,22355
urca,22342
ocupăm,22330
meseria,22325
părăsesc,22312
langa,22295
roz,22289
Jay,22266
nepotul,22253
plâns,22241
muta,22231
trafic,22229
diavolul,22219
brad,22211
privi,22197
Mac,22183
Cooper,22181
apărarea,22178
Charlotte,22175
aduceţi,22175
respira,22172
brânză,22162
privit,22160
înţelegerea,22153
posibilitatea,22152
Elena,22146
pregătiţi-vă,22143
permit,22137
Robin,22135
terminaţi,22122
copie,22121
comandat,22117
arati,22113
King,22112
vise,22098
ghicesc,22086
pedeapsa,22080
jumatate,22078
sare,22075
pietre,22063
p,22060
colegiu,22057
pază,22047
păstrezi,22031
familii,22028
ucigaşul,22026
Beth,22022
degete,22000
aurul,21998
ferma,21987
cadavre,21977
avertizez,21971
mulţumit,21962
şerif,21958
credeti,21946
câinii,21936
scăpăm,21935
îngropat,21917
mândră,21910
nota,21905
meriţi,21899
terenul,21896
orb,21891
prindă,21889
protejeze,21888
gloria,21884
vechea,21866
completă,21864
unitate,21861
sunet,21844
lt,21841
continuaţi,21831
gasesc,21827
g,21825
avertizat,21812
discut,21811
Frankie,21806
Miami,21798
prinţesă,21791
blestemat,21787
Jamie,21771
învinge,21740
incendiu,21735
rezolvăm,21734
traducere,21727
dansezi,21722
ucigaş,21720
securitatea,21719
plăteşte,21711
câmp,21711
retras,21706
corectă,21701
iubim,21699
Stark,21691
ridic,21691
uscat,21689
ce-l,21665
lac,21650
paza,21649
aveți,21648
martori,21643
aminteşte,21642
cunoscut-o,21632
zburat,21609
asteptam,21586
păstrează,21584
sănătos,21582
părţi,21582
arat,21564
fum,21556
greşită,21553
Street,21545
engleza,21543
îngrijorată,21533
sexul,21529
proprietarul,21521
star,21512
Lincoln,21504
scump,21504
ti-e,21493
hartă,21485
pozele,21484
distrat,21476
caseta,21460
iarbă,21441
baiat,21436
păcălit,21436
pune-o,21435
biletul,21433
camionul,21423
jurat,21420
mondial,21414
spuneti,21407
mărturie,21399
viață,21372
Stan,21366
cântecul,21364
produs,21363
muncit,21357
braţe,21355
câtă,21354
Boston,21337
nemaipomenit,21333
senator,21318
dureri,21317
ploaie,21302
gloanţe,21297
piesă,21295
incearca,21290
întâlneşti,21286
categoric,21283
profesionist,21269
Linda,21266
cercetare,21263
aparat,21248
furtună,21226
laboratorul,21224
atâţia,21204
urăşte,21183
dispozitiv,21174
îngheţată,21172
sunetul,21169
știe,21161
vada,21158
ocean,21115
se-ntâmplă,21115
intoarce,21111
urmare,21110
indiciu,21109
răul,21103
alcool,21102
apropii,21095
jurnalul,21091
pacea,21081
Statelor,21072
Germania,21067
trezi,21061
sol,21032
simţiţi,21025
vietii,21020
eveniment,21001
nisip,20998
roşii,20991
by,20982
rol,20976
teatru,20972
kg,20968
bal,20945
regină,20942
on,20935
dezgustător,20930
gândul,20924
natural,20920
cartofi,20909
politică,20906
uşile,20905
apropiaţi,20902
arta,20901
politica,20895
de-abia,20891
sentimentul,20880
auzim,20878
mulţumită,20871
cerem,20864
Isus,20861
salvăm,20857
ministru,20856
primar,20854
Brown,20841
liniste,20840
valorează,20835
eroul,20833
ureche,20827
sfatul,20823
soarelui,20819
hoţ,20818
interzis,20810
făceai,20796
înger,20787
întâmplare,20786
House,20783
transmite,20772
râzi,20771
Carlos,20770
imaginat,20750
fir,20749
intorc,20747
considerat,20743
piesa,20743
teste,20732
numere,20730
incepe,20728
Carol,20713
ucisă,20703
dureze,20701
talent,20680
suferi,20677
braţul,20672
Jacob,20650
gelos,20639
cuţitul,20636
Dick,20625
venind,20619
fraţi,20615
pline,20610
sabie,20608
vară,20600
plictisitor,20595
niciuna,20586
teoria,20572
câmpul,20570
puteri,20559
drepturile,20553
Nate,20544
obosită,20533
x,20528
conversaţie,20524
dacă-mi,20516
impotriva,20515
verificăm,20514
armatei,20512
contractul,20509
rosie,20506
sigura,20484
echipamentul,20473
folosind,20470
intors,20462
arunce,20414
spunând,20412
multime,20408
antrenor,20390
trimiţi,20383
înşeli,20378
false,20362
Marie,20358
cresc,20349
numi,20348
zilnic,20344
reuşesc,20341
razboi,20336
ajuti,20332
învins,20332
romantic,20331
celulă,20325
central,20314
conducerea,20307
presă,20305
adu-l,20298
zicea,20281
suprafaţă,20279
fiică,20268
deschideţi,20261
familiile,20228
ucişi,20218
încântată,20203
fire,20193
podul,20191
rar,20189
semnul,20188
lumi,20183
cumpărături,20183
zahăr,20179
deranjat,20178
jocurile,20176
înţelegem,20174
lordul,20172
murdar,20161
conducă,20152
bucurie,20152
declarat,20149
turnul,20141
furtuna,20140
împrumut,20136
asigurare,20129
liniştită,20128
politie,20128
pisică,20114
anterioare,20110
v-ati,20109
distrug,20107
morti,20105
învaţă,20100
fier,20096
domeniul,20093
magia,20092
punte,20087
maxim,20083
poarte,20070
papa,20067
scuză,20060
situatia,20060
contul,20035
grăbiţi-vă,20028
ADN,20018
incerc,20016
puteau,20016
dosar,20011
accepţi,20009
explici,20006
lipsesc,20005
promite-mi,20000
prostule,19995
spion,19994
acoperi,19986
Dylan,19984
garda,19976
pasul,19967
băutura,19962
dificilă,19956
voştri,19947
obiect,19940
însurat,19930
minunate,19929
explică,19923
locuieşti,19920
dinainte,19911
Catherine,19906
inamicul,19892
plecati,19888
penny,19886
stupid,19884
colegii,19874
numerele,19866
maşinile,19864
Lucas,19855
membrii,19854
ating,19851
detaliile,19851
expert,19850
periculoasă,19842
clienţii,19838
treburi,19837
vampir,19835
povestit,19835
bătrână,19834
vânzare,19830
f,19829
maestrul,19827
Miles,19823
Albert,19823
Majestate,19815
porneşte,19812
braţele,19801
agenţi,19800
Casey,19788
baby,19788
omorâm,19770
finală,19752
pacientul,19747
da-i,19743
intreb,19716
modă,19710
adevărate,19708
copaci,19702
fan,19681
v-ar,19680
Jordan,19673
Aha,19668
auziţi,19663
distrusă,19656
oase,19652
refuz,19627
West,19626
Connor,19620
criză,19605
adunat,19599
articol,19590
scrisori,19583
Ian,19577
amicul,19566
schimbăm,19565
inimii,19561
bucura,19554
înregistrat,19551
tragem,19545
altora,19543
rezultatul,19536
genial,19530
citeşte,19528
mizerie,19525
lasă-i,19519
univers,19518
negre,19517
riscul,19510
arătăm,19499
sac,19492
privat,19481
acoperit,19473
lungi,19448
gaz,19443
repara,19433
Lou,19432
cererea,19432
uite-o,19404
Harold,19398
mişcaţi,19395
Donna,19395
reale,19382
Olivia,19382
coşmar,19381
mediu,19379
studiat,19379
acte,19363
impresionat,19354
uimitoare,19349
sursă,19346
Francisco,19339
goale,19338
cerere,19334
treceţi,19317
whoa,19294
Rusia,19286
relaţii,19276
Vince,19264
drace,19261
credinţa,19258
statele,19256
plată,19252
marginea,19250
Michelle,19250
Black,19249
distrugi,19248
furi,19248
baseball,19236
lunii,19231
fura,19229
h,19222
Aaron,19205
ocupe,19203
muncesc,19200
sos,19199
dosarele,19199
ticălosul,19188
superb,19185
împuşc,19183
femeilor,19177
venea,19170
n-as,19151
scări,19142
rata,19138
seamă,19113
ridice,19111
Shaw,19110
părinţi,19102
soţului,19091
Jessica,19089
provocat,19089
medicale,19082
excursie,19081
asistenta,19080
principală,19074
târfa,19069
vărul,19064
urechile,19053
stătea,19051
piaţa,19037
altcuiva,19026
pescuit,19019
instanţă,19016
dacã,19001
priveşti,18992
puşcărie,18990
descoperi,18986
guvern,18985
de-ai,18981
cheama,18975
Nancy,18964
confirmat,18962
vasul,18953
ierta,18950
baia,18939
elicopter,18936
mila,18929
astepta,18928
motor,18927
placere,18921
prinţesa,18921
Aah,18920
politist,18919
petreci,18908
Walker,18906
speranţa,18877
jucător,18867
importanţă,18852
tari,18851
multa,18849
întârziere,18843
cădea,18830
spălat,18830
şeriful,18830
floare,18820
robot,18815
dispare,18812
amprentele,18811
bagă,18791
han,18782
Angela,18781
cânţi,18771
argint,18767
atrage,18766
Hannah,18765
informaţie,18760
panică,18760
adus-o,18735
militară,18732
tristă,18723
judecătorul,18715
criminali,18713
amintirile,18704
glumeam,18703
interesul,18683
loveşte,18675
minge,18657
dă-mi-l,18652
aruncăm,18643
computerul,18637
profund,18632
Lewis,18628
vârful,18625
sfânt,18621
demon,18619
guvernului,18619
sinucidere,18615
universul,18614
urs,18614
Betty,18609
albi,18607
pistă,18600
albastră,18590
recunoscător,18579
sănătate,18575
credinţă,18560
placut,18551
discurs,18547
fure,18546
domnisoara,18534
Raymond,18531
drogurile,18529
Margaret,18525
logică,18522
magic,18511
urâtă,18510
Nina,18507
victimele,18500
cobor,18492
înregistrare,18488
carnea,18487
şi-ţi,18473
locaţia,18467
grăbim,18466
Eva,18465
tina,18459
părinţilor,18438
omorât-o,18437
reciproc,18428
bunico,18419
doctorii,18395
informatii,18395
rana,18388
teorie,18373
canapea,18367
membri,18365
necesare,18354
Jeremy,18337
explicat,18324
saptamana,18322
Florida,18320
iarăşi,18314
Matthew,18305
le-ar,18303
umple,18297
greşeala,18295
a-şi,18289
ban,18286
excelentă,18280
locului,18277
inutil,18276
suferă,18275
sări,18264
Jess,18262
garaj,18261
elibera,18260
datorezi,18255
amabil,18254
casele,18250
distrezi,18247
sire,18243
greşeli,18242
certat,18240
federal,18237
identificat,18230
aiba,18229
Mickey,18221
yo,18213
datorie,18209
ziarul,18190
consideră,18188
lipsă,18188
du,18179
corpului,18178
sarcina,18171
Logan,18162
începând,18160
bandă,18159
urmăreşti,18156
agenţii,18155
joi,18151
ADN-ul,18150
maximă,18143
dorim,18129
servesc,18129
nenorocita,18126
să-si,18123
confuz,18123
funcţiona,18118
daţi-i,18115
Dennis,18112
că-s,18109
crească,18107
inauntru,18100
atras,18099
bunicule,18089
urechi,18076
coasta,18076
apărea,18072
lovesc,18060
navele,18057
virusul,18054
greseala,18053
deget,18037
prizonier,18035
barul,18034
J,18032
păstrăm,18031
iarba,18030
trecuta,18025
cărui,18025
Travis,18022
retrag,18017
închisoarea,18007
piaţă,18005
plata,17985
căutare,17975
voastra,17974
teritoriul,17970
secretele,17960
promiţi,17959
identitate,17951
căsători,17948
dansez,17946
muntele,17944
memorie,17939
coincidenţă,17938
minti,17938
ghinion,17937
sinucis,17911
Steven,17906
numită,17886
asculte,17883
convinge,17882
metal,17870
predau,17861
sincronizare,17859
limita,17852
temperatura,17847
intenţionat,17846
ceară,17845
lider,17838
fizic,17838
Grant,17824
tehnologia,17819
lar,17819
stând,17817
Sophie,17808
după-amiază,17805
zăpadă,17801
junior,17794
statului,17792
avut-o,17786
naţională,17785
mişcăm,17778
mărimea,17776
dorinţă,17761
fugim,17755
asteptati,17750
dispozitivul,17749
rup,17749
Mmm,17749
benzină,17747
secţie,17746
Francis,17742
proaspăt,17735
ieftin,17734
ţine-ţi,17713
pagina,17701
creaturi,17701
jefuit,17698
destui,17697
realitatea,17685
ultimă,17683
mişti,17680
dormitor,17670
îndeajuns,17668
aparent,17661
urmezi,17656
nevoia,17651
mutăm,17644
diferenţă,17643
niște,17640
tehnologie,17627
cad,17626
bineinteles,17619
Ali,17617
tâmpit,17616
fă-ţi,17612
mergeti,17609
subsol,17599
masca,17595
sărutat,17588
capitane,17586
strica,17585
întâlniri,17567
scuza-ma,17563
Jean,17561
fotografia,17560
pălăria,17558
Rebecca,17557
avere,17555
pregăteşte,17554
căsătoriţi,17551
personalul,17545
castel,17543
urc,17542
fetei,17533
fructe,17526
apropiem,17523
sfârsit,17523
operaţiunea,17504
invers,17495
Carrie,17492
tort,17460
orele,17459
şi-mi,17438
Sammy,17430
urmărire,17417
firmă,17414
gandesc,17408
Davis,17403
urăşti,17397
premiul,17394
suspectul,17392
preajmă,17390
curand,17388
părintele,17382
puţine,17381
declaraţie,17381
oglindă,17372
Enterprise,17362
gânduri,17359
combustibil,17358
asigurat,17343
rănesc,17341
crimele,17339
albe,17338
liderul,17337
întârzii,17324
pretinde,17323
negri,17316
urmărim,17306
onorată,17298
verifici,17297
efectul,17297
publice,17295
iubesti,17289
susţine,17289
supăra,17287
pastile,17283
anterior,17279
mormânt,17276
dulap,17271
bată,17269
gluma,17269
comportamentul,17261
avioane,17254
cunoscută,17249
Joseph,17240
asigură-te,17236
moş,17235
înmormântare,17233
apăra,17224
Zoe,17210
toaleta,17206
trezeşti,17192
one,17190
Todd,17185
acelui,17175
bietul,17160
oxigen,17160
truc,17159
sapte,17150
lansare,17146
vroiai,17145
dumitale,17139
loveşti,17135
Malcolm,17132
servit,17130
paşi,17117
efort,17111
pipi,17108
zeu,17105
revăd,17097
puntea,17093
y,17090
bombe,17083
însumi,17074
parteneri,17063
căţea,17054
Jennifer,17045
momentan,17044
Italia,17040
americanii,17039
piardă,17035
privată,17030
întoarcere,17027
însemne,17026
lecţie,17025
publică,17023
înaltă,17020
întrebările,17017
dacă-ţi,17012
Justin,17012
meritat,17005
maşinii,17001
obişnuită,16989
mia,16988
preia,16972
Caroline,16970
staţie,16967
civil,16965
ºi,16963
asa-i,16957
protejezi,16948
vederea,16948
deşert,16936
tras-o,16915
sistemele,16915
culci,16901
artist,16898
dansează,16895
Jo,16893
astepti,16891
Liz,16877
alarmă,16868
mulțime,16866
lucrurilor,16855
apelul,16852
altii,16850
explicaţie,16847
presiunea,16844
terapie,16833
sărbătorim,16831
râul,16828
prietenilor,16827
FBI-ul,16816
produce,16815
castelul,16812
forţat,16812
deodată,16810
greş,16802
sparge,16800
medicamentele,16795
spuneţi-mi,16790
state,16789
dinţii,16789
tehnic,16784
satelit,16783
proba,16767
stia,16755
aminteşte-ţi,16754
ameninţat,16748
gravidă,16747
sexuală,16742
laş,16736
avertisment,16736
seif,16724
atacă,16718
legată,16717
jucam,16706
funcţionat,16704
căsătoria,16701
profit,16699
bogaţi,16695
păsări,16695
little,16693
cardul,16691
episoadele,16683
sexual,16674
faptele,16674
dă-mi-o,16670
neobişnuit,16659
şampanie,16658
is,16655
discursul,16655
mister,16652
râd,16646
Scuzati-ma,16642
valea,16637
fabrica,16617
auzit-o,16613
repar,16611
tunel,16610
prietenului,16610
vi-l,16599
ochelarii,16595
dovezile,16587
White,16586
florile,16580
spuna,16572
piscină,16567
articolul,16567
menţionat,16566
desi,16562
Russell,16561
începeţi,16559
scuzi,16555
dispărea,16553
Riley,16551
trebuiască,16548
împreuna,16538
interes,16537
caldă,16534
falsă,16529
convine,16525
continuat,16524
mainile,16516
dragon,16515
căpitanului,16515
slabă,16510
risca,16508
construi,16506
opreste,16505
Ron,16504
Toby,16496
limită,16493
Owen,16493
indian,16490
opera,16486
fizică,16480
vorbe,16468
dă-l,16466
Bond,16463
reuşeşti,16459
conving,16457
îngrijora,16446
nepotrivit,16442
coleg,16442
glumesti,16436
dam,16430
şansele,16428
Mason,16427
avans,16426
poporului,16420
întunecată,16419
gasim,16408
Hollywood,16406
Ellen,16406
victimei,16403
whisky,16397
uriaş,16389
ajutaţi-mă,16385
căcat,16384
mina,16381
Oscar,16380
Hill,16378
hal,16368
presedinte,16367
deşteaptă,16361
L.A,16360
coada,16359
eh,16358
centura,16340
Crăciunul,16330
culc,16327
Maiestatea,16322
printr-un,16320
Hong,16320
Americii,16320
filmele,16316
pachetul,16313
eroare,16310
Jonathan,16306
amintiţi,16302
sinceră,16297
stomacul,16294
aflaţi,16286
incident,16274
sfarsit,16273
anunţat,16269
carieră,16269
şi-i,16261
groază,16257
fantome,16256
echipe,16250
încerce,16248
încălcat,16246
ziare,16241
Monica,16239
scoală,16236
actor,16233
cerc,16213
prizonieri,16207
Virginia,16204
Quinn,16201
şoc,16197
încetaţi,16188
ramane,16187
oportunitate,16183
septembrie,16183
câştige,16181
portofelul,16181
virus,16175
vinul,16165
scuzati,16163
fusese,16161
cabina,16159
înveţe,16159
locuit,16159
inamic,16146
şedinţă,16140
lovituri,16130
locotenentul,16129
siguranță,16127
ofiţerul,16122
motivele,16109
motoarele,16103
filmat,16100
iulie,16097
secunda,16090
pornim,16089
comis,16087
cec,16083
do,16075
Mm-hmm,16072
gand,16072
Leonard,16070
fiinţă,16062
baiete,16062
Berlin,16062
mizeria,16054
sete,16048
încetezi,16044
zeci,16042
acţiunile,16042
tipului,16037
Harris,16035
raza,16034
Marte,16034
frumuseţe,16034
lasă-ne,16031
sergentul,16030
avantaj,16026
judecata,16024
Evan,16021
ulei,16021
proprietate,16005
campion,16005
înțeles,16002
obtine,16002
dură,16002
întăriri,15999
ziceţi,15994
iată-l,15990
vârf,15979
coborât,15979
coadă,15969
prinşi,15965
ăstia,15964
terorist,15960
grădină,15957
Gus,15951
dă-o,15946
Megan,15935
Randy,15934
baftă,15925
indică,15921
glume,15918
servi,15918
sprijin,15908
Moscova,15906
ţigară,15901
buzele,15901
misto,15897
dispar,15896
bucata,15893
protejat,15880
k,15875
sar,15870
delicios,15869
fantoma,15865
legi,15865
întins,15855
controlează,15851
costat,15850
stiai,15846
ocupaţi,15836
Audrey,15830
prezentat,15827
băieți,15824
distrăm,15823
palat,15805
refuza,15787
naşpa,15785
iubită,15772
Kong,15771
Murphy,15768
fericirea,15767
nimerit,15763
Japonia,15762
atacaţi,15749
Stephen,15742
acceptă,15730
clienţi,15729
rezultate,15726
aterizare,15722
regatul,15720
creatură,15714
vindeca,15713
Nicky,15710
drumului,15708
cadouri,15706
recepţie,15702
unuia,15697
sectorul,15695
Marshall,15695
Rob,15695
obţin,15693
pula,15691
puţini,15679
apasă,15678
rană,15670
şofer,15669
celula,15666
maestru,15665
realizezi,15658
cumpără,15655
adresă,15652
Seth,15647
student,15640
sânii,15636
sclavi,15634
original,15632
dolar,15617
universitatea,15615
strânge,15610
standard,15603
doresti,15597
antrenat,15594
piese,15591
protecţia,15591
decizii,15585
renunţă,15581
Dale,15579
întâlnească,15579
D-zeu,15573
top,15571
Martha,15571
ochelari,15562
rătăcit,15559
Ricky,15554
vândă,15549
Jersey,15543
medicul,15537
that,15532
e-mail,15528
evadat,15526
Frodo,15525
trecere,15523
cocaină,15515
secţia,15509
Ashley,15509
Wade,15509
procurorul,15507
dati,15504
anumit,15498
du-mă,15492
bunul,15492
Blake,15492
dormitorul,15487
desert,15486
simţeam,15483
ce-ti,15480
joaca,15480
opţiune,15478
concurs,15474
palma,15460
dansul,15445
flota,15443
limpede,15440
precis,15439
demisia,15438
procedura,15435
ştiau,15435
cavaler,15431
batem,15430
lift,15429
primarul,15428
Jill,15419
cutii,15415
gustul,15395
geam,15391
porno,15390
august,15389
închizi,15388
rănită,15382
înţelept,15377
retrage,15365
acordat,15361
ajutoare,15359
consiliului,15355
temi,15348
rază,15345
flăcări,15336
jumate,15332
împuşti,15321
amandoi,15313
străini,15313
dintotdeauna,15309
îndepărtat,15307
tatei,15305
Mulder,15305
spune-o,15304
oasele,15299
iert,15292
Kenny,15289
răniţi,15288
auto,15287
hrană,15284
scăzut,15280
Gabriel,15280
lucram,15271
dragi,15268
capete,15264
cântat,15262
Bonnie,15257
disparut,15257
evreu,15256
Mitch,15254
legile,15250
explodat,15242
informat,15239
ritmul,15236
lup,15230
ajutaţi,15229
prostesc,15228
şerifule,15227
placa,15224
doriti,15223
faptului,15213
Norman,15210
răzgândit,15209
interne,15208
vierme,15208
anulat,15195
oarecare,15193
plănuit,15187
înregistrarea,15186
necunoscut,15186
calculator,15180
publicul,15176
geantă,15174
umbră,15167
curse,15165
echipament,15165
acelei,15160
Manny,15156
prinţ,15155
trădător,15149
stăteam,15144
surpriza,15143
americane,15142
echipaj,15137
Anthony,15135
off,15132
preajma,15128
părăseşti,15124
iubeste,15116
umbra,15113
consider,15110
numim,15109
restaurantul,15101
Elliot,15093
favoarea,15093
particular,15090
Shane,15090
găsită,15083
direcţie,15081
primească,15074
asteptat,15071
Diego,15070
deţine,15064
Dumnezeul,15062
Craciun,15061
prim,15060
semnele,15059
discuţia,15048
careva,15047
plastic,15047
depus,15042
chip,15040
nostim,15039
cânte,15038
baiatul,15036
identitatea,15033
oprire,15025
mirare,15025
americană,15023
măsura,15021
zvonuri,15010
nopţi,15010
pădurea,15000
cowboy,14999
sălbatic,14996
deschidem,14994
evita,14992
simple,14988
vecinii,14974
totală,14974
nevoit,14969
făceau,14969
prins-o,14968
parintii,14968
inspector,14968
seiful,14966
exterior,14961
tăia,14954
apere,14952
jedi,14949
fură,14949
inteligentă,14946
societate,14946
pregătim,14944
înţeleagă,14942
salvarea,14941
libere,14933
Holly,14927
transformă,14922
vot,14915
curva,14912
Wallace,14910
vremurile,14903
comportament,14899
frumoşi,14887
fumat,14884
pamant,14879
porti,14877
şoferul,14862
dureros,14844
spaţiul,14838
cunoască,14837
raportat,14833
concentrează-te,14829
aranja,14826
frigider,14813
Green,14804
amuzantă,14802
rachete,14801
obişnuiam,14800
urasc,14798
surorii,14797
Bauer,14792
reţinut,14782
furie,14781
Williams,14780
opinia,14779
parcul,14773
posibilitate,14773
scriitor,14769
urci,14767
obţii,14762
limbă,14760
depăşit,14759
nemernicule,14751
Houston,14747
so,14740
Barbara,14739
canalul,14739
muşcat,14735
sensibil,14725
Sid,14725
stomac,14723
fapte,14723
Eli,14720
secole,14717
comoara,14717
arătaţi,14716
iarna,14710
drăgut,14704
Sydney,14700
curentul,14697
rezultat,14691
apele,14689
furia,14688
adult,14687
voluntar,14671
promisiune,14661
căldură,14653
aterizat,14652
marţi,14649
afurisit,14648
for,14639
telefoanele,14634
premiu,14632
sange,14629
străzile,14622
drag,14620
puiul,14620
all,14603
Neil,14602
Daisy,14601
eliminat,14597
multumim,14597
grădina,14586
Walt,14584
revine,14579
Clay,14577
garantez,14565
ziceai,14563
descurcă,14562
obiecte,14561
potrivesc,14558
atace,14557
d-ra,14555
altundeva,14550
presedintele,14546
nepoata,14542
ruga,14537
fabrică,14534
maică-ta,14529
obişnuia,14527
presupunem,14522
format,14520
german,14519
ancheta,14518
imaginează-ţi,14512
placea,14491
ne-aţi,14484
Ned,14476
noii,14465
greutate,14458
tânărul,14457
omorat,14453
Spania,14443
bordul,14434
Angel,14433
ascundă,14432
asistentă,14431
grăbi,14428
Jules,14426
pina,14421
pierdută,14420
franceză,14419
butonul,14419
bineînteles,14417
pasiune,14415
Benjamin,14411
alertă,14411
daţi-vă,14411
Paige,14404
Stanley,14403
ascunsă,14402
cadoul,14402
canal,14398
supăraţi,14398
plouă,14397
pagină,14396
mie-mi,14395
amintire,14383
îndrăgostită,14382
celorlalţi,14378
anilor,14377
stâng,14374
vizitat,14374
Ken,14373
Natalie,14371
mearga,14369
invit,14369
deosebire,14368
ou,14364
întunecat,14362
ouăle,14359
Ann,14358
haos,14354
vouă,14351
preşedintelui,14351
idiotul,14350
Earl,14346
odihnă,14345
întoarceţi,14340
deasemenea,14335
experienţa,14332
iadul,14332
scăpare,14318
provocare,14317
larg,14315
pregatit,14314
asistent,14312
scandal,14301
Harper,14301
încercarea,14299
fireşte,14295
plaja,14289
analiza,14289
Hristos,14286
sfaturi,14285
afectat,14284
colegi,14281
miercuri,14281
arăti,14278
stelele,14275
rezolvă,14271
puiule,14267
minunata,14260
testele,14257
Spencer,14255
mergea,14254
vesti,14249
deschise,14240
mărit,14236
galben,14233
pălărie,14232
asasin,14230
proasta,14230
francez,14229
doborât,14229
cămaşa,14228
Hector,14214
chipul,14203
militare,14197
Wendy,14196
mintit,14195
material,14184
activitate,14184
uniforma,14183
destulă,14175
persoanele,14172
tratamentul,14172
guvernator,14171
consilier,14171
bunicii,14170
folosiţi,14169
Damon,14163
unt,14160
împuşca,14159
v-au,14152
hot,14150
curge,14147
oi,14138
micuţa,14137
plătim,14135
bucuri,14131
bisericii,14129
Bailey,14117
strict,14116
s-a-ntâmplat,14115
doream,14108
set,14104
fonduri,14104
apari,14103
frumuseţea,14100
valoarea,14097
Allison,14096
documentele,14094
înseamna,14088
Bishop,14087
documente,14077
hm,14075
conştient,14073
sfârşi,14073
nefericire,14068
considera,14067
înregistrările,14067
Turner,14066
ambulanţă,14065
preluat,14059
asculta-ma,14055
lance,14047
Alicia,14043
supărare,14042
alegeri,14041
importanta,14039
ministrul,14038
ploaia,14035
violent,14031
surorile,14030
feluri,14029
tinut,14023
Cameron,14014
your,14007
singure,14005
Palmer,13996
întrerup,13993
secolul,13990
sunăm,13985
zei,13983
sărbători,13982
poveştile,13979
promisiunea,13976
electric,13973
homosexual,13971
încetat,13966
aruncaţi,13964
apei,13959
într-una,13956
aşteptare,13952
adună,13949
petrecem,13948
oara,13948
ucidem,13945
echipele,13942
mireasa,13942
uitati,13941
zboare,13939
miscare,13937
omorâţi,13936
planetei,13935
marina,13933
sună-l,13933
natură,13928
Sandy,13915
major,13907
reuşim,13907
schimbarea,13905
elicopterul,13902
emisiunea,13893
ştiind,13893
Chase,13884
plăcintă,13881
distrugem,13880
bijuterii,13873
coordonatele,13869
revista,13864
cadavrele,13863
păstreze,13855
înfricoşător,13855
oferim,13850
vindem,13848
propun,13848
ascunse,13842
du-l,13842
evenimente,13841
singurii,13840
i-l,13838
care-mi,13834
ti-o,13833
bătrâni,13826
cenţi,13818
douăzeci,13817
sensul,13815
servici,13812
ușor,13805
murdare,13802
monstrul,13801
azi-noapte,13795
reparat,13795
vraja,13790
Collins,13782
afectează,13780
prezintă,13776
Maya,13775
existenţa,13773
Warren,13770
liceul,13767
Ronnie,13767
Sue,13763
luată,13756
ştirile,13755
bicicleta,13749
consiliu,13747
Diane,13743
poftiţi,13738
presus,13737
gunoiul,13735
verzi,13733
binecuvânteze,13731
operaţiune,13726
câştigăm,13726
spuneau,13725
însemnat,13716
adesea,13715
martorul,13710
frăţioare,13707
apropierea,13704
trebuiau,13703
Mitchell,13701
dovedesc,13697
ţine-o,13697
preferată,13696
cur,13695
obsedat,13694
trai,13692
cauzat,13688
părăsească,13688
divizia,13687
Julian,13685
munţi,13678
scula,13677
surori,13675
căsătoresc,13670
autoritatea,13666
rude,13661
descrie,13660
nervoasă,13660
transfer,13657
folosită,13655
rezolvi,13654
luptător,13652
fort,13639
noile,13633
ceartă,13625
metodă,13619
Ellie,13619
lu,13612
draguta,13611
de-acolo,13610
Willie,13605
aprinde,13604
mute,13603
Lex,13601
imaginezi,13598
transmit,13596
oarecum,13596
doctorului,13592
îngrozitoare,13585
detective,13580
supă,13579
amestec,13579
ridicaţi,13578
vânător,13577
scuzele,13573
trăiţi,13570
sistemului,13568
aprecia,13566
plătiţi,13562
condu,13562
Batman,13551
furt,13547
sediul,13546
forta,13545
apărării,13545
pauza,13545
Tracy,13537
necesară,13536
împăratul,13535
bătălie,13533
rusine,13527
m-as,13525
doamnei,13520
lacrimi,13520
diamante,13517
mergeam,13515
ie,13514
recuperat,13508
prăbuşit,13508
concert,13507
Barney,13504
muţi,13504
împins,13498
ascultaţi-mă,13495
trădare,13494
iunie,13493
întreabă-l,13485
porcărie,13485
campanie,13475
stângă,13463
dimineată,13459
reputaţia,13458
numeste,13458
zori,13449
informaţia,13446
radar,13443
urmez,13442
conţine,13434
intreaga,13425
ţine-l,13425
şarpe,13422
curăţat,13421
scrisorile,13420
lux,13411
cercetări,13407
povesti,13401
speria,13398
poliţistul,13397
automat,13396
închiriat,13394
aranjez,13394
show,13393
fumezi,13390
ia-mă,13388
Blue,13376
refeream,13374
colo,13368
bage,13364
presupus,13361
știm,13358
capetele,13356
Gibbs,13349
amprente,13341
strici,13341
permanent,13339
capturat,13334
copilărie,13333
fotografiile,13331
de-aia,13331
periculoase,13330
Rita,13316
temporar,13315
ți-am,13311
tur,13311
retragerea,13308
bibliotecă,13306
atmosfera,13306
Lois,13304
turn,13301
fraier,13301
viziune,13296
gândesti,13295
dom,13293
go,13293
Dana,13293
sarcină,13289
zâmbet,13285
teafăr,13281
probele,13276
tema,13274
tensiunea,13274
surprinde,13274
util,13272
şcolii,13267
Stone,13264
Samantha,13261
inimile,13256
Santa,13256
comă,13254
altor,13254
războinic,13254
descurcăm,13253
ţării,13246
voiau,13245
provizii,13241
capului,13226
pian,13226
maimuţă,13225
scară,13220
serioase,13218
sparg,13211
următor,13208
produse,13208
petreceri,13207
von,13198
Reed,13197
respiraţia,13196
nepoliticos,13193
greutatea,13177
Lane,13177
jenant,13173
beţi,13170
păpuşă,13169
guvernatorul,13169
Benny,13166
deschidă,13166
camerei,13165
manual,13160
Lawrence,13154
grabă,13150
Ralph,13145
păsa,13140
căsătorim,13138
creierului,13133
contactul,13130
micuţul,13128
pedepsit,13123
pregăteşte-te,13113
ofiter,13112
v-aş,13110
Diana,13104
însuţi,13103
gradul,13101
v-o,13100
umblat,13099
Sonny,13096
condiţii,13087
rezolve,13084
ziarele,13080
continue,13075
cinstea,13069
suma,13067
colegul,13067
titlul,13063
mută,13062
strâng,13062
costume,13062
doctori,13060
anchetă,13059
gândiţi,13054
şefa,13050
Ford,13046
fetiţo,13045
Vic,13041
urmei,13039
imens,13039
pierdut-o,13036
cheltuit,13035
vindecat,13033
baietii,13033
Allen,13032
sansă,13030
adaptare,13028
menţine,13016
bingo,13015
blestem,13015
sumă,13014
Bo,13011
cît,13009
tăcere,13007
contactat,13000
ţigări,13000
verificaţi,12998
isteţ,12994
legături,12992
iesim,12989
vampiri,12985
dă-ne,12984
Keith,12980
ascundem,12979
Canada,12978
agitat,12978
adevarata,12975
puşcă,12972
rus,12969
fuge,12968
ceruri,12966
Cezar,12961
tura,12958
urechea,12953
moara,12952
logic,12952
prietenia,12950
patra,12946
Nicole,12942
bogată,12933
programare,12932
deal,12927
fericita,12926
antrenorul,12925
păcatele,12925
motel,12924
Karl,12916
implicată,12916
călătorit,12909
aleargă,12907
Grey,12904
aprilie,12903
Potter,12902
coastă,12896
emoţii,12884
paradis,12883
egoist,12883
disperat,12882
înălţime,12881
Asadar,12878
pusă,12877
tone,12875
junglă,12868
gasesti,12863
dinspre,12857
urez,12857
proşti,12855
valorii,12855
transferat,12854
studiu,12854
modelul,12846
Duke,12845
trecute,12843
pozitiv,12843
gravă,12830
asculti,12829
lipsi,12828
proprii,12819
creatura,12816
octombrie,12815
predat,12814
invatat,12813
surprinsă,12802
shh,12801
absurd,12800
măsuri,12794
sotie,12793
Pierce,12792
palatul,12791
picat,12784
reacţie,12783
zbori,12782
Castle,12782
observa,12782
stinge,12781
rosu,12776
detaliu,12774
creierii,12773
generos,12771
ă,12761
dansăm,12757
totalitate,12753
visez,12753
Kirk,12753
mormântul,12753
Franklin,12744
alerga,12740
friptură,12739
ordinea,12738
trata,12736
aprins,12729
Dexter,12724
vazut-o,12719
maiorul,12716
tragedie,12715
ia-i,12714
salt,12713
dă-le,12712
capacitatea,12710
uriaşă,12710
scârbos,12707
baut,12706
impact,12705
nobil,12702
înjunghiat,12695
umăr,12694
convingi,12694
trupa,12692
Richie,12684
ranit,12681
Brandon,12680
durut,12677
fața,12674
Ruth,12673
astă,12671
insigna,12668
ceaiul,12667
dansa,12666
ecran,12666
repeta,12664
eliberaţi,12663
scara,12658
celule,12657
d-voastră,12652
noroi,12649
dus-o,12644
rade,12644
naturii,12638
funcţie,12636
tribul,12632
Felix,12629
Curtis,12627
definitiv,12626
cuvine,12625
reginei,12621
inspectore,12620
Christine,12619
boli,12617
nevastă,12615
templu,12611
Kent,12609
imaginile,12607
color,12603
posibilă,12600
sănătatea,12599
Ivan,12599
psihiatru,12598
Majestatea,12597
plângere,12591
n-aveţi,12585
gandesti,12578
bomboane,12578
folosite,12575
altuia,12568
intalnit,12567
recompensă,12565
vinovată,12562
sprijinul,12557
ideile,12557
celei,12553
vale,12551
acoperă,12547
nenorociţi,12545
toast,12544
intai,12543
Hristoase,12540
Anderson,12537
şefului,12536
nevinovaţi,12534
verifice,12530
unic,12527
gri,12523
ochilor,12523
cm,12523
reporter,12522
revină,12521
start,12521
masini,12518
îndrept,12518
disponibil,12516
doarmă,12516
groaznică,12516
fascinant,12515
aripi,12507
faimos,12504
enorm,12497
adu-o,12491
iubit-o,12491
d-lui,12490
pînă,12489
accepte,12487
de-acum,12486
accesul,12484
gândească,12482
atitudinea,12480
sexuale,12478
pasărea,12465
păsările,12461
zâmbeşte,12461
băieţel,12458
plictisit,12457
închise,12455
recompensa,12452
preferi,12452
preda,12446
Noah,12445
continuu,12445
Sebastian,12436
porţile,12417
sperat,12412
zgomotul,12411
dublă,12408
ard,12407
simţim,12395
datorează,12394
darul,12388
Nelson,12387
interesante,12381
uniformă,12379
pastilele,12372
băuturi,12372
răspunde-mi,12370
trimiteţi,12367
alegerile,12365
distanţa,12358
recupera,12357
copile,12354
preface,12345
sfert,12343
cealalta,12341
nucleare,12340
simți,12340
spăl,12338
respins,12335
fato,12333
Booth,12332
responsabilitate,12330
traficul,12328
sincronizarea,12327
zică,12326
mişcarea,12324
asigurăm,12320
depune,12320
onorat,12320
furate,12319
Katherine,12313
Spock,12309
prosti,12301
Freddy,12298
Carson,12297
ţări,12295
Sf,12294
operaţia,12290
tură,12290
tâmpitule,12280
violenţă,12279
îndrepta,12279
cărora,12275
autorităţile,12275
Marco,12273
funcţioneze,12271
locale,12266
mese,12266
cord,12265
distrugerea,12261
închidem,12261
duşmani,12259
liftul,12257
mâncaţi,12256
chiria,12247
sâni,12241
ieşirea,12241
salariul,12241
individ,12241
intrebare,12238
întrebaţi,12235
lucreaza,12232
Brooklyn,12229
loial,12228
tatalui,12227
chirurg,12224
schimbări,12223
întunericul,12220
legenda,12219
pute,12218
rănile,12217
senatorul,12217
depozitul,12217
băi,12216
înot,12215
melodia,12213
caine,12211
pungă,12204
copilă,12204
scapa,12199
şters,12197
veți,12196
bebeluş,12188
decizi,12186
be,12185
raspunde,12176
accidentul,12175
pură,12172
cretin,12169
împărţim,12166
sef,12160
mătuşă,12156
provoca,12155
Janet,12153
sugerează,12153
parul,12150
prada,12147
ziceam,12144
târg,12142
iubea,12136
salariu,12132
zidul,12132
biletele,12131
long,12130
Craig,12125
gest,12123
beton,12118
jumătatea,12113
colega,12112
managerul,12105
Louise,12098
societatea,12096
închideţi,12096
lacul,12096
experiment,12096
penisul,12094
suficiente,12090
fumez,12085
mortii,12084
Harvard,12081
incerca,12081
bolnavi,12081
urmeze,12078
înconjurat,12076
eroi,12067
implică,12067
nemernicul,12067
scoate-l,12064
rogi,12062
repetă,12056
Burke,12055
liniile,12054
nora,12054
câstigat,12053
plictisitoare,12053
supa,12050
judecat,12043
pricepe,12042
vorbeai,12034
bucătăria,12032
parola,12031
stăpân,12028
exagerat,12025
clară,12025
forme,12025
Bell,12024
suficientă,12023
chei,12022
dorea,12019
bestia,12018
evrei,12016
dovedeşte,12014
companii,12009
sefu,12006
protejează,12004
atitudine,12002
copacul,12000
hi,11998
febră,11997
Island,11994
propunere,11993
porni,11993
Lana,11993
deplin,11992
ofere,11992
oceanul,11988
clara,11988
Buddy,11987
întinde,11981
otravă,11976
faceți,11964
blocaţi,11962
interesată,11959
Bud,11958
reţeaua,11953
cool,11953
îndreptăm,11944
găsite,11943
aperi,11939
n-aveam,11937
egal,11935
grăbeşti,11932
graniţa,11930
Heather,11928
intrebat,11928
trimis-o,11927
kilograme,11923
Vietnam,11920
duminica,11916
extraordinară,11916
card,11912
procuror,11907
micuţule,11906
Juan,11905
violet,11899
iepure,11899
Lauren,11894
reamintesc,11894
braţ,11894
tiu,11892
nebunia,11891
celalalt,11890
Donald,11889
urmaţi-mă,11887
omoară-l,11886
misterios,11882
răspundă,11880
porcăria,11878
pedeapsă,11878
Kennedy,11877
norocoşi,11877
iertat,11876
clare,11873
buzunarul,11872
raspuns,11865
fiindca,11862
orez,11861
îngrijorează,11854
pese,11854
încărcat,11853
sufletele,11853
întregii,11851
oţel,11848
pune-i,11846
înarmat,11844
ne-o,11844
dulapul,11840
nenorociţii,11834
oraș,11827
pulsul,11827
cunoaste,11818
căsătoreşti,11816
naţional,11814
umblă,11811
cazut,11807
călcat,11807
love,11806
Superman,11805
bang,11799
Tucker,11799
aşteptând,11793
programat,11793
fur,11789
înțeleg,11786
tinta,11780
insistat,11780
leagă,11777
curăţenie,11775
Pam,11774
Rocky,11774
prinde-l,11772
acelor,11772
inchisoare,11771
respectat,11769
străzii,11767
deseară,11766
fericite,11763
greșit,11763
online,11759
cazului,11756
ură,11753
măritată,11752
termenul,11751
ofiţeri,11745
acuzaţii,11741
Vanessa,11739
eşuat,11738
cimitir,11736
aripa,11736
apeluri,11735
nebuna,11729
mancare,11728
os,11726
întrerupt,11721
conectat,11720
Liam,11709
crud,11707
psihopat,11705
loialitatea,11694
Jon,11684
talentul,11683
avioanele,11682
distrez,11680
aşteaptă-mă,11679
creştere,11674
Terra,11671
Gwen,11667
gramada,11653
peştele,11647
superbă,11646
britanic,11644
implicaţi,11643
nebunul,11637
închipui,11636
imperiul,11632
provoacă,11627
blestemul,11626
sexi,11626
prostia,11624
drăguţi,11621
calculatorul,11616
ras,11615
salutări,11610
înmormântarea,11602
Mikey,11600
murdară,11591
saptamani,11589
incerci,11588
căreia,11588
săraci,11588
organizat,11582
grozave,11581
legendă,11581
împuscat,11579
Cindy,11576
zombi,11575
lucraţi,11570
cadrul,11568
eliberarea,11563
depărtare,11563
homo,11558
declaraţia,11556
w,11555
alfa,11554
mi-as,11554
atata,11553
permiteţi,11552
Merlin,11551
April,11551
încuiat,11550
delta,11547
Blair,11544
muzeu,11542
steaua,11540
normale,11539
călători,11537
piper,11535
temele,11534
Christopher,11532
ce-au,11530
confirma,11528
what,11527
suparat,11526
Reese,11525
car,11522
duşmanul,11519
naşte,11518
Caleb,11518
sosi,11517
incredibilă,11511
senin,11508
berea,11503
aventura,11502
drumuri,11500
plecată,11498
băiatului,11496
preotul,11496
părţile,11485
Angie,11480
separat,11478
englez,11477
Stefan,11476
zeilor,11474
televiziune,11472
permisul,11466
warp,11464
ascultati,11463
grave,11450
traiesc,11449
Tess,11447
chemăm,11446
apăr,11438
poker,11438
ti-ar,11437
circ,11434
citească,11433
sociale,11431
Holmes,11431
d-ră,11431
riscant,11430
Veronica,11429
Meredith,11428
eliberez,11428
glorie,11421
patetic,11421
Fox,11417
activitatea,11417
slabi,11416
Miranda,11410
exploda,11407
Archer,11406
May,11397
glonţul,11394
opţiuni,11393
televizorul,11393
închidă,11393
transmis,11392
Guy,11392
po,11384
căldura,11384
luate,11383
admir,11381
scapat,11375
grăbesc,11371
realiza,11370
Zack,11369
extraterestru,11366
jucaţi,11365
up,11363
jucărie,11362
răneşti,11362
strălucitoare,11358
superior,11358
riscat,11356
refuză,11351
masaj,11347
alaturi,11347
bla,11347
colţul,11343
distra,11337
medicament,11335
Lenny,11333
aeriene,11333
ton,11332
clipe,11332
fă-i,11328
Adrian,11325
logodnica,11323
penis,11323
prinsă,11322
bătălia,11317
incat,11316
resurse,11313
explozia,11308
Amber,11308
practică,11307
numea,11307
ruşii,11306
minciuna,11305
verificare,11304
facultatea,11303
balul,11300
blocată,11297
susţin,11295
lovească,11293
explodeze,11292
Leon,11288
fraţilor,11286
rugam,11285
trăgaci,11278
lunga,11277
nascut,11276
simbol,11275
oaspeţi,11272
praful,11271
binecuvântat,11270
unchiului,11269
pumn,11260
iertaţi-mă,11258
idioţi,11254
di,11252
Fiona,11247
știut,11247
după-amiaza,11245
Hello,11244
concediu,11238
Manhattan,11234
soția,11230
activat,11229
Times,11228
refuzi,11223
noiembrie,11217
care-ţi,11216
politicos,11215
ceaşcă,11214
bazează,11213
social,11213
diavolului,11209
distruse,11208
atingă,11207
we,11205
vorbiti,11204
puterii,11201
urmăriţi,11201
revenim,11200
vorbești,11198
marină,11197
aerian,11196
tăcut,11185
ia-ti,11185
foloseste,11183
prietenele,11181
şterge,11181
întoarcerea,11180
răzbunarea,11178
bucură-te,11177
adjunct,11176
același,11175
înspre,11173
sacrificiu,11173
publicitate,11173
dădea,11173
slăbiciune,11171
situaţii,11168
indicii,11167
clădirii,11161
urmează-mă,11158
ace,11156
alee,11155
uite-i,11154
aparţin,11150
aşteptai,11149
mulţumi,11145
ajuta-ma,11142
chemaţi,11133
radioul,11130
finalul,11129
fază,11126
oricui,11126
lecţii,11125
rezistenţă,11124
situatie,11116
curate,11116
locală,11114
răsărit,11114
vã,11113
gandeam,11112
linistit,11111
Christian,11110
anumită,11103
intalnire,11100
manager,11093
lumini,11082
ascultăm,11077
poziţii,11077
rasa,11076
Becky,11074
unică,11073
apus,11065
răspunsurile,11064
col,11062
condiţiile,11057
mal,11056
nordul,11054
ce-aţi,11051
Lloyd,11048
I'm,11047
trupe,11047
acţiuni,11043
Watson,11043
Hunt,11042
scenariu,11041
cumpărăm,11041
reţea,11038
pacienţii,11038
asigurări,11035
pisici,11033
permiţi,11033
prostituată,11029
sunaţi,11029
buze,11029
rachetă,11025
posibilul,11024
Gina,11023
dorinta,11022
clasic,11014
podeaua,11010
necaz,11010
chemi,11008
gene,11002
semnezi,11000
îmbrăcată,10996
Alexander,10995
fetita,10992
diavol,10983
măritat,10980
Alfred,10978
cobori,10977
iubirii,10975
l-ati,10974
melodie,10973
universului,10973
pereţi,10966
prietenie,10965
întâlnit-o,10964
chit,10963
Homer,10962
Finch,10959
orasului,10957
demoni,10957
vedetă,10955
muncii,10954
mării,10952
vorbeasca,10950
necesită,10948
conflict,10942
acordul,10941
împrumutat,10940
fiinţe,10940
umplut,10937
metoda,10935
pilotul,10933
fu,10933
îngrijoraţi,10932
slăbit,10931
drumu,10930
cazi,10928
vizitez,10926
traficant,10922
odihneşti,10920
încheie,10918
Stuart,10913
urcăm,10911
echipajului,10909
vecini,10908
Graham,10908
socială,10906
predai,10904
Shawn,10904
Seattle,10903
celulele,10902
pagini,10902
poftă,10902
trează,10899
politic,10896
ţineţi-vă,10895
euro,10893
furată,10891
speli,10890
media,10887
evacuare,10885
fasole,10881
emisiune,10877
tinerii,10876
gardian,10870
medicină,10865
despărţim,10864
nefericit,10864
Isaac,10860
diferenta,10859
out,10857
belele,10857
măr,10856
petrol,10853
mască,10847
respir,10841
coroana,10838
celuilalt,10834
banilor,10832
planete,10832
ştiinţa,10829
dragostei,10828
aeroportul,10825
renunţe,10824
intr-adevar,10824
buton,10823
drepturi,10822
Air,10818
odihneşte-te,10817
unităţile,10814
Samuel,10810
Colin,10806
enervat,10800
decembrie,10799
sclav,10798
doară,10797
drăguţe,10793
respectă,10791
urcaţi,10790
întoarceţi-vă,10786
rudă,10785
iarnă,10785
luminii,10778
ierţi,10777
elimina,10775
scria,10774
cursuri,10774
impresie,10773
asum,10773
grabeste-te,10773
marcat,10773
terminată,10770
ca-i,10769
Phoebe,10769
curăţ,10768
pradă,10765
apropiată,10759
activ,10755
lucrarea,10753
this,10751
recomand,10743
dedesubt,10740
Debbie,10739
leşinat,10734
Khan,10733
împiedica,10730
spuse,10730
strigă,10730
necrezut,10729
găuri,10728
cautam,10727
elegant,10727
răspundeţi,10725
tricou,10725
Jonas,10723
înşel,10720
Young,10718
negrii,10717
scumpa,10716
simţ,10714
semnez,10713
luaţi-l,10712
mere,10711
strigat,10708
vorbele,10704
creste,10704
surioară,10701
scuza,10700
versiunea,10696
şobolan,10693
oficială,10690
sugerezi,10686
cit,10686
ajungeţi,10684
adevăraţi,10680
autostrada,10677
stelară,10664
aripile,10661
aprobarea,10659
centrală,10658
astea-s,10653
Kitty,10652
Jenna,10652
mândria,10650
Phoenix,10650
pieptul,10649
colt,10648
sfântul,10647
şah,10644
Cristoase,10643
simpatic,10641
livrare,10640
asistentul,10637
valiza,10632
taxe,10629
universitate,10624
munceşti,10622
cercul,10619
ac,10616
Elaine,10614
martie,10611
soţii,10611
intenţia,10608
casetă,10607
naveta,10603
pâinea,10602
formaţie,10601
Hunter,10599
câtiva,10599
alti,10599
Caesar,10597
Trevor,10596
senzorii,10596
clinică,10595
uite-te,10589
incercam,10585
scoateţi,10585
raportează,10583
liga,10582
belea,10581
sosesc,10580
naturală,10577
capitanul,10576
juriul,10576
prăjituri,10575
turneu,10574
aresta,10572
du-o,10571
imensă,10565
muniţie,10562
italian,10562
Ruby,10559
asemănător,10556
pozitia,10554
inspectorul,10552
dezvoltat,10550
greşeşti,10547
Yang,10545
z,10545
font,10540
nespus,10538
căutând,10538
speriaţi,10538
rapoartele,10535
intrati,10533
pahare,10530
na,10526
câti,10523
stam,10523
semeni,10522
peretele,10519
înscenat,10518
Jen,10512
Duncan,10509
primăvară,10508
strică,10502
înecat,10501
Bella,10501
sugerat,10501
gardă,10499
cretinule,10496
Sisoe,10496
coborâm,10495
vrăjitor,10495
prefac,10495
tatuaj,10494
Alison,10493
abilitatea,10493
functioneaza,10491
bestie,10491
respiri,10490
eliberare,10487
Troy,10486
Mel,10486
groapă,10485
urmărească,10482
alteţă,10477
cedat,10476
distracţia,10475
Mick,10473
Dallas,10473
iubiţi,10468
mașină,10467
prizonierii,10464
cerului,10463
rand,10461
metrou,10461
notă,10459
gătit,10456
studio,10454
deranj,10454
Philip,10453
căsătorită,10453
mândri,10444
trib,10443
autostradă,10441
care-şi,10433
întrebăm,10425
aplauze,10424
confirmă,10424
capcana,10423
bum,10420
tupeu,10417
Alec,10416
vedeam,10415
sufere,10413
sosirea,10413
însăşi,10410
Finn,10410
salvaţi,10410
comunitate,10408
zeul,10404
posibile,10403
mortal,10400
titlu,10399
regală,10397
dobitoc,10397
simţul,10396
scenariul,10395
aniversare,10394
înscris,10391
asigure,10390
prostul,10389
matematică,10389
otrava,10388
tratezi,10388
diferiţi,10385
întârzia,10384
revii,10383
strategie,10383
lăsaţi-l,10383
Randall,10380
Scully,10379
distanta,10378
alegem,10378
nevoile,10374
singurele,10373
aniversarea,10372
Sharon,10371
iute,10370
gaze,10369
afecta,10367
zi-mi,10365
piesele,10364
note,10364
așteaptă,10364
terminat-o,10363
printesa,10362
dificile,10362
nebunesc,10360
divorţ,10360
Harrison,10360
alba,10355
învătat,10354
şi-n,10351
dependent,10347
zone,10343
drumurile,10342
tricoul,10341
Robbie,10341
inchis,10341
rapoarte,10338
arestez,10337
umorului,10335
mină,10332
pista,10332
Bart,10331
căi,10329
binevenit,10328
asigurarea,10328
discutam,10327
Irak,10326
hoţi,10323
distrugere,10319
focului,10319
contele,10317
şedinţa,10315
platit,10314
dos,10313
Halloween,10311
justiţie,10309
aceiaşi,10308
dă-ţi,10307
veci,10306
sîntem,10305
obtinerea,10302
folosesti,10302
relaxezi,10300
dedicat,10299
leu,10299
tipă,10298
moduri,10298
bucătar,10297
jocului,10297
transportul,10297
animalelor,10296
foto,10295
propunerea,10293
locaţie,10292
Ohh,10292
ușa,10290
destept,10290
ţinea,10289
constant,10287
relaţiile,10284
conferinţă,10284
baschet,10283
specii,10278
Wyatt,10277
misiunii,10276
femeii,10275
servicii,10275
capitolul,10274
suferinţa,10271
Nicholas,10271
construiesc,10269
speranta,10263
Meg,10261
felicitari,10261
ieși,10256
săracul,10253
povestesc,10253
preiau,10250
protocolul,10247
ring,10246
Baker,10245
comporţi,10242
spânzurat,10240
vărsat,10238
templul,10234
rezerva,10234
puşca,10230
bicicletă,10228
trezeşte,10227
gheaţa,10225
urce,10224
cinema,10223
n-avea,10218
fa-o,10214
materiale,10212
lansat,10212
codurile,10210
suflete,10205
sudul,10205
temut,10205
inginer,10203
agenţia,10201
Antonio,10201
specie,10200
gândire,10200
decid,10196
trupă,10196
campania,10195
taxiul,10195
ştiaţi,10192
furioasă,10191
Bernie,10186
portbagaj,10182
fă-l,10181
Carmen,10178
Patty,10176
mall,10175
misiuni,10171
sfântă,10171
reduce,10166
magică,10166
boy,10165
miroşi,10164
don't,10164
Joan,10156
punctele,10154
biblia,10149
martorii,10147
steagul,10147
Alpha,10146
prelua,10142
paznic,10141
Percy,10141
întârzie,10140
semnătura,10139
lipseste,10134
castigat,10132
Edgar,10131
executat,10128
dobitocule,10128
scumpă,10126
adoră,10125
mişcat,10120
prizonierul,10119
Sullivan,10118
cablu,10117
Barnes,10117
vacă,10116
Cassie,10116
semnează,10114
copacii,10113
plecarea,10111
ostatici,10110
sănătoasă,10108
regreta,10106
valoros,10102
comunitatea,10101
haină,10100
alăturat,10099
demn,10097
fraiere,10096
em,10095
tronul,10092
striga,10091
atacuri,10090
închişi,10089
salată,10087
înşeală,10086
cumparat,10086
puii,10083
provine,10080
domeniu,10079
zăpada,10078
tonul,10069
cecul,10067
cetăţean,10065
gard,10064
invitaţie,10063
paharul,10062
privinta,10061
Subtitrarea,10060
controlezi,10059
otrăvit,10056
idioată,10055
duşmanii,10054
financiar,10053
fiii,10049
magazine,10047
spatiu,10047
sezon,10046
stric,10046
geamul,10044
pietrele,10044
heroină,10040
salon,10036
le-aţi,10035
măriţi,10034
angajaţi,10031
insist,10030
Kane,10029
logodnicul,10029
amiază,10025
aduna,10024
plante,10024
nori,10023
favorit,10021
bucurăm,10021
Judy,10019
Raj,10018
intelege,10014
Eve,10013
ramai,10011
tratează,10011
geloasă,10008
criza,10007
peşti,10005
disperare,10002
repari,10000
pacienţi,9998
marii,9995
jurământ,9993
Erik,9993
Miguel,9992
tipic,9991
noptii,9990
minciunile,9989
mame,9988
Monroe,9987
doriți,9985
Beach,9984
comunicare,9983
calmaţi-vă,9982
înalte,9982
mesajele,9982
dog,9981
munţii,9980
arestare,9975
identifica,9968
trup,9968
stres,9968
gândiţi-vă,9964
cauciuc,9963
conştiinţa,9962
relatie,9962
intrebari,9959
arestaţi,9955
Zach,9955
Thompson,9949
gărzi,9949
fuga,9948
urmatorul,9946
asasinat,9946
împart,9945
Neal,9943
izolat,9942
băieţilor,9941
deciziile,9937
resursele,9933
Omar,9930
indienii,9929
flotei,9926
linii,9924
întrebe,9923
grasă,9921
respecta,9921
infectat,9919
Orleans,9916
întunecate,9915
aparut,9913
biblie,9912
afurisită,9910
uşi,9908
bărbaţilor,9904
concursul,9902
credeau,9900
greşesc,9900
Australia,9898
doamnele,9896
pornesc,9895
Naomi,9891
privim,9890
Stu,9889
directă,9889
ultim,9888
chinez,9886
Rex,9885
Doyle,9883
cântând,9882
votat,9881
nuclear,9881
frunte,9877
sec,9871
îngheţat,9870
litere,9868
Hall,9867
cafenea,9865
lasam,9863
jurnal,9859
oglinda,9859
kung,9859
moarta,9858
pervers,9857
scade,9852
clădiri,9851
duşman,9851
vitreg,9850
custodie,9848
sal,9843
pacat,9841
biata,9837
consideri,9834
Scotty,9834
mergând,9833
leac,9832
calmă,9830
maro,9829
gătesc,9828
anunţa,9826
Rodney,9825
ghicit,9824
enervant,9823
eficient,9822
coborî,9821
succesul,9821
sfârsitul,9821
indieni,9816
Brody,9816
Connie,9813
Phillip,9813
Melissa,9810
districtul,9810
minus,9809
aseara,9808
box,9807
primă,9806
bazat,9800
Gandalf,9799
Angliei,9798
with,9798
tac,9797
locui,9797
cuşcă,9791
aflam,9791
comisia,9790
jucării,9788
actul,9786
înarmaţi,9786
aleagă,9785
pierdute,9778
reusi,9777
sacru,9773
plina,9772
urgentă,9771
invizibil,9770
Brenda,9770
examenul,9768
iat-o,9768
fut,9766
cazurile,9763
ministerul,9759
ridicăm,9758
mişcă-ţi,9755
arată-i,9751
personaj,9750
absolvit,9748
ud,9744
cercetările,9741
ninja,9741
ceremonie,9737
usurel,9734
gaşcă,9732
Cody,9730
alergat,9729
personalitate,9727
Jeffrey,9727
regal,9726
prăjitură,9722
lent,9721
căsnicia,9720
împotrivă,9720
spaţială,9715
Sheldon,9711
avantajul,9710
Porter,9708
implica,9708
tenis,9704
arzi,9704
secretarul,9701
electrică,9694
nu-si,9694
scuturile,9693
valabil,9693
contacta,9690
tâmpenie,9689
localizat,9685
intereseaza,9683
Saul,9679
he,9678
burta,9678
vehicul,9676
puse,9676
semna,9675
medie,9674
ciocolata,9673
cădere,9672
acuzaţiile,9671
Foster,9671
Romei,9666
te-as,9662
caritate,9661
ducea,9661
beată,9658
Beverly,9656
pericolul,9655
compliment,9654
sunat-o,9654
mi-era,9653
abţine,9653
intimitate,9651
sângelui,9648
marijuana,9647
generalului,9645
picătură,9643
jalnic,9641
vopsea,9637
cert,9633
intorci,9630
caracter,9629
azil,9628
târât,9625
microfon,9623
racheta,9621
Rico,9621
Buck,9620
oau,9619
Georgia,9619
principiu,9615
departamentului,9612
pensie,9611
incepem,9610
Boyd,9609
slujbe,9607
mir,9605
partidă,9605
Facebook,9601
capabilă,9599
favor,9597
infirmerie,9595
atentia,9595
voturi,9594
impuscat,9593
ceremonia,9591
plângă,9588
mizerabil,9583
popular,9581
Jin,9579
arest,9578
apuca,9574
momeala,9569
camioneta,9567
detectat,9567
visezi,9567
neînţelegere,9566
ursul,9564
iata,9564
spaniolă,9560
cară-te,9560
mulți,9558
cortul,9558
înceta,9557
adânci,9554
luaţi-vă,9551
căderea,9551
senzaţia,9550
mulţumeşti,9548
Brooke,9547
Garcia,9545
rasă,9545
revistă,9544
limite,9542
scrisă,9541
expresia,9536
interesa,9534
generală,9532
aşează-te,9530
rezistat,9530
suferinţă,9528
include,9528
ştire,9528
efectele,9523
ambii,9521
momeală,9520
diverse,9518
aaa,9515
adulţi,9515
păcii,9515
elibereze,9512
vasele,9511
convinsă,9511
speranţe,9510
suplimentare,9510
incet,9509
ti-l,9504
singuratic,9503
amic,9502
iubească,9500
somnul,9497
politice,9497
si-au,9494
regat,9493
lasa-l,9491
față,9489
Einstein,9488
amestecat,9488
bănci,9487
urâte,9487
planificat,9487
întelege,9485
părăseşte,9482
apartine,9481
germanii,9480
complex,9477
mamele,9476
absolvire,9473
purtăm,9473
Winston,9472
recunoscătoare,9470
haios,9468
pretutindeni,9468
Flynn,9466
porumb,9463
pică,9462
acu,9456
supăr,9455
civili,9454
multor,9453
atît,9453
barbati,9452
conducător,9451
sară,9449
Romeo,9448
compromis,9448
locuim,9444
prezinte,9443
stabili,9443
luptaţi,9442
salvează,9439
Beckett,9437
hotelului,9437
nastere,9432
atacăm,9432
renuntat,9430
ţipa,9430
defect,9429
rănească,9429
parea,9428
Lester,9427
operă,9426
iadului,9426
surd,9425
mireasă,9424
cabină,9422
Drake,9419
limitele,9418
motocicleta,9416
scările,9411
asiguri,9409
îmbraci,9406
vitale,9404
curajoasă,9404
concentrat,9403
bijuteriile,9403
laptele,9401
coş,9401
firea,9396
juriu,9395
mijlociu,9395
intervenit,9394
Pablo,9394
veştile,9393
remarcabil,9391
puls,9391
spera,9390
tăticul,9389
sticle,9389
industria,9383
tron,9382
Allah,9382
liniştea,9382
alimente,9381
Mexico,9374
Calvin,9374
biblioteca,9371
recunoaştere,9370
râului,9369
partenere,9367
discuţii,9367
Douglas,9366
gheata,9362
roata,9361
investigaţie,9360
lenjerie,9355
fond,9354
actiune,9353
obţinem,9346
rechin,9346
Morris,9346
impuls,9346
it's,9344
bagajul,9344
votul,9342
armate,9340
at,9339
dnei,9337
observ,9336
Kurt,9335
îmbrac,9333
omenirea,9333
vizitatori,9331
antrenamentul,9330
spiritele,9329
Drew,9325
flash,9324
scutul,9323
tabloul,9323
blondă,9322
mândrie,9319
cătuşele,9317
scurgere,9316
pustiule,9315
opresti,9312
credeţi-mă,9312
lichid,9306
accent,9304
fain,9303
cheme,9303
arunc-o,9302
mirosi,9300
vechile,9299
gărzile,9298
vreuna,9297
Artie,9296
invitaţi,9296
asemeni,9294
prioritate,9292
putina,9290
căsătorească,9290
Madison,9288
nucleară,9288
plimb,9287
vase,9285
omenirii,9283
familiar,9282
Adams,9281
amintească,9281
măgar,9278
cuptor,9277
deranjeaza,9276
exceptia,9276
înregistrări,9274
bucuroasă,9269
evenimentele,9263
păstraţi,9261
Sidney,9261
inspirat,9260
Kara,9259
corupt,9258
nerăbdare,9258
apuc,9257
identificare,9256
adormi,9254
rezist,9254
varsta,9254
nedrept,9253
potenţial,9252
adu-i,9251
baga,9249
cămin,9248
riscuri,9247
dormim,9246
şi-am,9245
pomenit,9244
construim,9244
elev,9238
pasiunea,9235
popor,9232
descris,9227
limbajul,9225
coloana,9224
întregime,9224
simbolul,9222
sufletului,9221
măreţ,9221
Darcy,9219
bautura,9218
pop,9215
sângerează,9214
trecerea,9207
porci,9207
rahaturi,9206
Clyde,9203
Wells,9203
genetic,9202
viol,9201
proaspătă,9195
talentat,9189
recuperez,9189
oraşe,9186
enervezi,9186
sigure,9185
Dorothy,9183
murind,9183
Hanna,9182
mărturisit,9181
piscina,9177
vrajă,9177
zâmbetul,9176
get,9176
Coreea,9176
vânează,9176
ține,9175
suprem,9169
oaspete,9169
concentrăm,9169
expus,9168
interviul,9157
umbla,9156
Hawaii,9156
Freddie,9155
tigru,9155
cunoscute,9154
pret,9152
culca,9152
pregătite,9150
băgăm,9147
umărul,9147
călătoresc,9145
comitetul,9145
calci,9144
concentrezi,9141
rezonabil,9140
greşelile,9135
violat,9134
scrisul,9134
structura,9133
întâlneşte,9131
trimisă,9129
datorii,9127
Ana,9126
planului,9123
expirat,9116
Lydia,9116
păsat,9116
tatăI,9114
Klaus,9112
numiţi,9112
diamantele,9111
operaţii,9108
scoate-ţi,9101
capabili,9100
alternativă,9096
custodia,9094
chipeş,9093
time,9092
urgenţe,9091
răpire,9090
unicul,9089
urgenta,9089
cantitate,9088
private,9087
comportă,9085
Poirot,9084
grupuri,9084
tablou,9084
Bay,9082
rişti,9080
micuţ,9079
valuri,9078
trageti,9078
diseara,9076
prefaci,9076
săptămânii,9071
deschide-o,9069
participat,9068
pregăteşti,9068
șansă,9067
taxele,9067
interogatoriu,9063
vizual,9063
obişnuiţi,9062
stins,9062
laser,9062
bebeluşul,9057
conturile,9057
inchide,9054
pariuri,9054
da-te,9053
remarcat,9052
alătura,9051
petreacă,9050
oribilă,9048
magice,9047
obţină,9047
primiţi,9043
aşezat,9041
operaţiuni,9041
progrese,9039
tărâmul,9037
recuperare,9035
just,9033
trezeste-te,9032
destin,9031
averea,9029
săruţi,9028
propus,9026
prezentare,9023
Wraith,9019
figură,9017
îndreptat,9014
generaţie,9014
atmosferă,9013
abilităţile,9011
comoară,9011
ianuarie,9010
record,9010
dansat,9009
instrucţiuni,9006
merite,9005
datoriile,9005
incep,9001
încetişor,9000
disperată,8997
intenţionez,8992
financiare,8991
aspect,8990
lama,8988
mărturisesc,8985
NASA,8984
weekendul,8983
armelor,8982
grătar,8981
decît,8981
Scuzati-mă,8980
torturat,8979
supravieţuire,8976
mit,8974
coborâţi,8974
poezie,8970
ocupă-te,8969
soluţia,8967
certăm,8965
casca,8965
teoretic,8964
instinctul,8963
cash,8962
solid,8959
curul,8958
Bones,8951
Woody,8951
marile,8950
departament,8946
sot,8945
experienta,8945
rotile,8943
descoperire,8942
supravieţuitori,8942
inamici,8940
Carla,8937
Serena,8936
tăiaţi,8935
Avenue,8935
mişc,8934
pirat,8932
încurcat,8930
agenţie,8927
Silver,8927
reci,8927
cifre,8925
suprafaţa,8924
nesfârşit,8917
Lori,8916
greşite,8915
bateria,8913
secretara,8913
surprinzător,8912
secolului,8912
Boris,8910
Subtitrari-noi,8910
fulger,8909
păianjen,8908
intermediul,8906
Marvin,8906
Nikki,8905
pană,8903
doreste,8902
proiectat,8901
sărac,8899
germană,8898
unghiile,8898
gratuit,8895
tunelul,8892
cultura,8891
peşteră,8890
animalul,8889
judeca,8885
Bernard,8883
acoperişul,8874
transforme,8870
campionul,8870
meserie,8868
dispoziţia,8867
margine,8865
alerg,8865
odihnească,8862
găsesti,8862
nunţii,8861
umeri,8859
sacrificat,8857
scoti,8855
anunţă-mă,8854
tăiem,8854
rezervat,8852
site-ul,8852
găsirea,8851
extratereştrii,8851
Amelia,8850
culori,8850
Campbell,8848
Evelyn,8841
localul,8838
furat-o,8831
Arizona,8831
nerăbdător,8829
feţele,8817
referă,8815
reuşeşte,8814
avocaţi,8812
Pierre,8811
primesti,8810
dute,8810
nicaieri,8808
Kansas,8807
decent,8799
alăture,8797
robotul,8796
controlat,8794
muzeul,8794
cativa,8793
hrănesc,8791
mecanic,8786
tortul,8786
portul,8785
renunta,8783
ciao,8783
marca,8781
tehnică,8780
site,8780
stanga,8779
domni,8779
lacrimile,8778
dosare,8771
numar,8770
volan,8770
avocaţii,8769
know,8761
infracţiune,8761
întunericului,8760
pregăti,8758
Donnie,8758
Ward,8756
fiecărui,8756
incidentul,8756
danseze,8755
protejăm,8754
Crane,8747
stâncă,8746
reclamă,8746
East,8742
adorabil,8741
River,8741
Hope,8741
declar,8737
pierderi,8737
apăsat,8735
patrulea,8734
momentele,8734
Brennan,8729
Chad,8724
panica,8722
Teal'c,8717
balta,8716
condiţionat,8714
participa,8713
franceza,8711
secretar,8711
stiinta,8711
distractie,8710
Iris,8706
obisnuit,8706
metode,8701
prietenos,8700
frumoaso,8698
renunţăm,8697
mafia,8695
cpt,8692
lupul,8687
tehnica,8683
blochează,8680
world,8679
condiţie,8678
transferul,8677
surprize,8672
dansatoare,8671
front,8670
dispariţia,8669
Grand,8668
doză,8668
Avery,8666
ţinutul,8665
stabilim,8663
Anton,8663
calmezi,8661
cucerit,8655
crede-ma,8652
ciudaţi,8652
grupului,8651
învăţăm,8651
naturale,8650
acopere,8650
Leslie,8649
comparaţie,8648
noutăţi,8647
exerciţiu,8644
complicată,8641
Detroit,8639
sfoară,8638
gazda,8635
dezvălui,8632
îngerul,8631
influenţa,8628
politiei,8625
Belle,8615
bati,8614
metodele,8612
recunoştinţei,8609
hârtiile,8609
clinica,8607
conversaţia,8607
păsărică,8605
soseşte,8604
proprietar,8599
Zeus,8599
mersul,8598
varianta,8587
Pacific,8586
evadare,8586
voci,8584
concluzia,8582
surprindere,8580
acoperirea,8580
castiga,8579
clanul,8577
m-ati,8577
actriţă,8576
Rory,8576
deschidere,8575
specialist,8572
Columbia,8571
împuşte,8569
străine,8569
avansat,8564
nevastă-mea,8561
groapa,8561
Deb,8560
enervează,8559
emoţional,8558
dulceaţă,8558
poponar,8556
biroului,8548
demonii,8547
febra,8543
cămaşă,8542
infractor,8541
Rudy,8539
electrice,8539
gemeni,8537
comand,8537
soldati,8535
cumpara,8534
tragic,8533
parasit,8532
teatrul,8532
ritm,8531
redus,8530
angaja,8529
solar,8528
Denise,8525
scoate-mă,8523
intoarcem,8521
splendid,8520
runda,8516
acopăr,8516
graniţă,8515
cort,8514
slabe,8512
privelişte,8511
Kid,8508
văzută,8507
alibi,8506
Peggy,8502
bucurat,8498
culcă-te,8497
Austin,8494
servieta,8492
apariţia,8492
medicamentul,8491
scoate-o,8491
obliga,8487
cautat,8484
timid,8483
nevinovată,8481
împiedicat,8481
raul,8481
ti-as,8479
șase,8479
supără,8476
regulat,8474
obiectivul,8473
priviti,8473
platesc,8473
iveală,8472
perimetrul,8471
ambasadorul,8471
Chandler,8471
demonstra,8470
împărat,8469
viziunea,8468
ţi-i,8468
extratereştri,8467
Pan,8464
razboiul,8463
revedea,8463
vapor,8462
controlez,8461
deosebită,8459
Oz,8459
hrănit,8459
Rosa,8457
verii,8456
divorţat,8455
filmare,8454
victimelor,8453
ambasador,8446
cincea,8446
mişcări,8446
legală,8446
căutai,8445
reţine,8440
aa,8438
rachetele,8437
autorizat,8436
discute,8436
Lucifer,8433
umbli,8431
următorii,8430
Fisher,8428
tacă,8425
Perry,8424
efortul,8424
îndeplinit,8421
părintii,8421
monştri,8419
lecţia,8419
sisteme,8415
Reggie,8413
analize,8411
gară,8410
înlocuit,8409
explodează,8408
duceam,8407
predea,8407
mulţimea,8406
ceafă,8405
tăcerea,8403
promite,8400
permitem,8398
Philadelphia,8397
diamant,8396
plătită,8396
fizice,8395
locuia,8393
provin,8392
veneam,8391
luând,8390
lasati,8390
strice,8390
batut,8389
Elvis,8388
dimineața,8387
şobolani,8385
repare,8385
blestemată,8384
ce-şi,8383
rutină,8381
Wally,8377
iată-ne,8376
testat,8375
insa,8375
că-şi,8373
Bennett,8372
raportez,8367
Gray,8366
semneze,8361
Erica,8360
vânzarea,8360
tensiune,8360
eliberează,8358
școală,8358
Hamilton,8357
înceteze,8357
examen,8353
le-o,8348
nu-ți,8348
proprie,8342
micuţă,8339
critică,8339
elevii,8335
Hammond,8335
oceanului,8333
străină,8332
Buzz,8331
explice,8330
milord,8330
June,8328
Andrea,8325
excepţie,8324
Griffin,8321
ambasada,8319
paranoic,8319
ofiţerii,8318
nimanui,8318
Hans,8311
conducătorul,8309
Wall,8309
imperiu,8309
voinţa,8308
deţin,8307
japonez,8307
împlinit,8306
Stevens,8301
mul,8297
căsnicie,8292
creşti,8291
formează,8286
profilul,8286
arestată,8284
vizitezi,8283
curţii,8281
morgă,8279
vânat,8279
turnat,8278
pregătire,8276
rupi,8276
Otto,8276
curcan,8276
scumpe,8273
nega,8273
ilegale,8267
whiskey,8267
parinte,8263
politisti,8262
dre,8258
germani,8257
ostatic,8256
eforturile,8255
profesoară,8254
elefant,8253
Sherman,8250
bursă,8247
Conrad,8246
versiune,8246
mişcările,8245
Solomon,8245
lucrare,8244
modificat,8243
amintirea,8241
organele,8237
bunicului,8236
puternica,8232
miza,8228
suspecţi,8224
opus,8224
vrăjitoarea,8224
decit,8223
îmbolnăvit,8222
eliberezi,8222
căile,8219
legăturile,8217
ceaţă,8217
casatorit,8215
acuza,8215
teribilă,8213
vânzări,8212
iesiti,8212
Chen,8211
cioc,8210
hambar,8208
dac,8207
povară,8205
purtaţi,8203
asalt,8201
demonstrat,8198
have,8197
ridicaţi-vă,8193
Apollo,8193
grad,8193
iţi,8192
ridica-te,8192
locuieste,8190
mişte,8187
înăuntrul,8186
zonele,8182
pumnul,8182
cicatrice,8180
rugăciune,8179
pierdeţi,8178
prietenei,8178
vecinul,8175
pasageri,8174
pisicile,8173
împărţit,8170
cati,8168
posesia,8167
Moore,8165
blând,8165
barbă,8165
Fletcher,8163
amesteca,8162
cântece,8161
fantastică,8158
Lake,8158
anunţi,8158
conte,8154
rupte,8152
loialitate,8151
cancerul,8151
adâncul,8150
cunoştea,8139
aeriană,8138
celebru,8135
veşnic,8134
ritual,8133
federali,8132
obiectul,8132
conştiinţă,8131
Glenn,8130
complice,8128
hârtia,8126
Melanie,8123
dusă,8123
crucea,8122
carbon,8121
urmăm,8118
miscă,8118
intram,8117
muncitori,8115
inch,8113
altădată,8112
cunoştinţe,8112
teafără,8108
trucuri,8107
Road,8107
Jamal,8105
alunecat,8104
ierte,8102
cântăm,8100
petru,8100
Mario,8100
ti-au,8098
folosirea,8098
multiple,8098
hrana,8095
dispusă,8092
iniţial,8091
peştii,8091
vietile,8081
dinaintea,8081
capat,8079
acorda,8078
straniu,8076
compară,8076
alimentare,8075
canapeaua,8075
analiză,8075
consecinţele,8070
copila,8070
coboare,8070
acceptăm,8068
jucători,8067
dispărută,8067
cheltui,8066
ţinând,8066
Milo,8065
sfarsitul,8065
retragi,8064
responsabilă,8064
bastard,8064
bătaia,8062
Ellis,8061
umerii,8060
analizele,8055
album,8051
beri,8050
federală,8050
gândeste-te,8050
răpită,8049
informator,8049
înspăimântător,8047
intervenţie,8047
Spartacus,8046
rudele,8046
minţii,8045
accidente,8043
progres,8043
Pearl,8043
religia,8043
bunã,8042
îndeplini,8042
faptei,8042
câştigător,8041
francezii,8037
viziteze,8036
odihnesc,8036
partenera,8036
discret,8032
cunoşteam,8031
Yuri,8030
concluzie,8026
intoarce-te,8025
gloanţele,8023
specialitatea,8022
periculoşi,8021
ideal,8021
afurisitul,8021
domiciliu,8018
mutare,8017
scufundat,8015
Haley,8013
conducea,8013
anonim,8009
Afganistan,8007
aprobat,8007
ordon,8007
lei,8006
credincios,8005
pont,8005
notat,8004
timpurile,8004
South,8003
duzină,8003
respecţi,8003
întind,8001
bucuria,8001
zâmbeşti,8000
consecinţe,7999
Hills,7999
bunurile,7999
filmului,7999
garanta,7997
asociat,7996
mobilul,7995
monedă,7992
corecte,7991
greseală,7990
Sofia,7990
ser,7989
calmeaza-te,7989
fruntea,7988
soldatul,7983
individul,7982
romantică,7982
bara,7981
centrala,7981
reviste,7979
ajunga,7978
curata,7978
piata,7977
informez,7976
concentra,7975
Viktor,7973
del,7972
Andre,7972
Jessie,7972
dinăuntru,7971
Kira,7969
Erin,7969
ziduri,7966
determinat,7964
Reid,7964
educaţie,7963
Claudia,7962
supravieţuiască,7961
parfum,7959
rezervare,7958
Ernie,7958
parcat,7957
adăugat,7956
materie,7956
dragonul,7955
Hugo,7949
like,7948
plăcute,7946
sălbatice,7946
încetineşte,7945
reziste,7945
libera,7942
preferă,7940
medicina,7940
cercetat,7940
candidat,7940
linisteste-te,7940
devenim,7938
nuci,7933
vesel,7932
cavalerul,7932
asasinul,7931
potrivite,7931
cateodata,7931
spitalului,7930
nasc,7929
fermecător,7928
ți-a,7927
încuiată,7926
sacul,7926
superioară,7926
valori,7926
putinţă,7924
săruta,7922
pariat,7918
evreii,7917
ironic,7916
îmbracă-te,7916
GPS,7915
sărim,7914
pe-acolo,7913
iată-mă,7912
maniere,7911
Sandra,7909
saturat,7906
februarie,7905
duh,7905
enerva,7903
figura,7903
demonul,7900
traieste,7898
urmeaza,7898
Jasper,7897
materialul,7895
neplăcut,7893
fantezie,7889
comisar,7887
lăsând,7887
cercetarea,7885
Cuba,7885
Stella,7885
efecte,7885
exactă,7884
pretind,7883
întîmplat,7882
cutremur,7879
apeşi,7875
jacheta,7875
Cass,7875
mămica,7875
scrise,7874
cuvant,7871
ardă,7870
cristal,7870
profesoara,7868
telefonice,7865
mărite,7861
subtitrare,7860
autoritate,7858
rundă,7857
cardiac,7857
Ahh,7854
organizaţie,7854
băietii,7853
comună,7851
Robinson,7851
creeze,7851
nervi,7849
facturile,7846
adoptat,7846
Joel,7846
mediul,7846
lin,7844
uniţi,7844
Franta,7844
tragere,7844
caporal,7842
puneti,7841
amicii,7841
publicului,7840
Uh-huh,7840
făcuţi,7839
vecie,7839
terorişti,7838
liniştiţi,7838
ruta,7837
paria,7837
infarct,7836
creează,7830
de-ajuns,7830
ia-le,7827
O'Neill,7827
separate,7827
azi-dimineaţă,7826
gândeai,7825
Ohio,7825
invata,7824
tară,7823
bucură,7819
altar,7816
sfânta,7815
turul,7814
cuib,7814
Nolan,7813
cremă,7812
Cyrus,7811
scoate-i,7811
serveşte,7810
personajul,7810
formula,7810
respinge,7808
Ramon,7807
observaţie,7806
tăceţi,7801
vizitator,7797
atrag,7797
concentrez,7793
recuperăm,7793
ajută-ne,7793
pretul,7792
agresiv,7790
invita,7790
pereţii,7790
day,7789
reducere,7788
ţipi,7787
rinichi,7787
Shakespeare,7787
adevărului,7786
pozitie,7786
proaspete,7782
cetăţeni,7782
ferestrele,7781
folositor,7779
nefericită,7776
dlor,7774
insulele,7774
obiectiv,7773
presupunând,7772
realizez,7772
clovn,7772
taxa,7771
cabană,7770
intens,7770
alergi,7768
retragem,7767
unica,7764
scurte,7764
Laurel,7764
subţire,7763
farfurie,7762
sălbatică,7760
ambuscadă,7760
Tokyo,7760
credinta,7758
dezamăgesc,7756
acid,7755
intample,7754
sufăr,7754
Ari,7754
grăbit,7752
tinem,7752
not,7752
incă,7750
cravată,7747
Willy,7742
speri,7740
întrerupe,7739
Bruno,7739
justiţiei,7736
Singh,7736
chi,7736
colierul,7736
instalat,7735
şterg,7734
agenda,7734
buzna,7733
luptători,7729
băga-mi-aş,7729
Rio,7729
Arnold,7728
serviciului,7728
Egipt,7726
folosit-o,7725
mărturia,7725
infecţie,7724
competiţie,7723
raspunsul,7722
de-un,7722
internat,7721
primului,7720
armat,7720
deschişi,7719
Moise,7718
martorilor,7717
cupa,7716
ape,7710
lemne,7708
pa-pa,7707
plini,7706
rezişti,7706
cravata,7704
Valley,7704
apropiate,7704
semnaţi,7703
apelurile,7702
chiloţi,7701
but,7701
ferestre,7700
îndrepţi,7699
zvonurile,7698
scumpete,7698
încheia,7697
stupidă,7696
suspendat,7695
internaţional,7695
sufragerie,7694
corpurile,7688
covor,7685
şuncă,7683
recepţionezi,7682
lega,7682
studii,7681
Atlanta,7680
apărat,7679
modele,7679
trimise,7677
pacoste,7677
Gotham,7675
treizeci,7672
controleze,7671
centimetri,7670
fratii,7668
opriti,7667
elemente,7666
scaune,7666
creaturile,7665
ducele,7665
tequila,7664
vită,7660
sălbatici,7659
canta,7658
pragul,7657
papucii,7656
halul,7655
parere,7655
clubului,7654
cacat,7653
amici,7653
Paulie,7652
Paula,7651
Hudson,7650
pictura,7649
pariul,7648
friptura,7648
responsabili,7647
marinar,7646
moştenirea,7645
conexiune,7645
cheltuielile,7643
lanţ,7642
tortură,7640
dezbrăcat,7639
Gabe,7638
jurământul,7637
supus,7634
cruce,7632
Frost,7631
â,7630
desenat,7630
iluzie,7626
seria,7626
Wesley,7626
albastre,7626
acestia,7624
carti,7624
spuneţi-i,7621
fericiti,7621
submarin,7617
anunţă,7615
internă,7614
scofală,7613
desen,7609
Atlantic,7608
ce-aş,7607
matusa,7605
mostră,7604
salonul,7603
cola,7603
Dawson,7602
jr,7601
rahaturile,7599
perfecta,7597
afurisita,7595
vagabond,7595
nenorociţilor,7593
vizavi,7588
Dixon,7588
happy,7587
fereşte,7586
comunica,7586
undă,7583
Jefferson,7581
convingă,7580
Sherlock,7577
golful,7576
faliment,7572
Luis,7571
electricitate,7569
modernă,7568
sunete,7568
iesire,7567
mexican,7565
opune,7563
eternitate,7563
pătruns,7563
acţionăm,7562
sărbătoare,7560
deschide-l,7559
investigaţia,7557
studiez,7556
durata,7556
normali,7552
Sheila,7552
Saint,7552
Vera,7552
inele,7552
secţiunea,7551
ţinte,7550
forţe,7548
Schmidt,7548
episod,7548
trezească,7548
sindromul,7547
evidenţă,7547
firmei,7547
acuzare,7546
bombele,7546
le-aş,7545
furtul,7545
transformi,7542
atit,7540
simptomele,7539
Scarlett,7538
câstiga,7537
vampirii,7537
Reynolds,7536
vizor,7535
instrucţiunile,7535
imaginaţia,7534
min,7534
zvon,7533
istoriei,7533
picnic,7530
McGee,7530
Simpson,7529
ameţit,7527
încăpăţânat,7524
pustiul,7522
prăjit,7522
prăjită,7522
împuşcaţi,7518
Teresa,7518
Queen,7518
construiască,7515
amprenta,7511
civile,7509
corabia,7508
rară,7507
revoltă,7506
pregătească,7505
Hastings,7505
lupi,7504
adun,7504
Stephanie,7503
delicat,7503
răzgândeşti,7501
soi,7500
du-i,7497
şcoli,7496
apuci,7496
marelui,7496
istoric,7495
duca,7493
stabil,7492
nor,7491
cumpărat-o,7491
critic,7490
tăticule,7489
agăţat,7489
târgul,7488
depăşeşte,7480
citesti,7477
programului,7475
repetat,7474
războinici,7474
alungat,7473
bagaje,7473
dinti,7473
porcul,7470
tâmpenii,7470
juma,7469
plati,7468
profesionişti,7468
depună,7466
experimente,7466
tineti,7462
numărătoarea,7462
Shepherd,7459
paznicul,7457
reuniune,7455
convenabil,7454
întinde-te,7454
supremă,7454
vânători,7454
de-astea,7453
termenii,7453
buzunare,7453
înmatriculare,7452
ruinat,7450
Vicky,7450
escroc,7448
adâncă,7448
îngerii,7448
băgaţi,7448
portocale,7448
nebunii,7446
morală,7445
tortura,7444
opreşte-l,7444
preferata,7443
ţipat,7442
dăruit,7442
elevi,7439
articole,7439
ăă,7439
weekend-ul,7438
circumstanţe,7438
Kay,7438
Kathy,7437
suta,7437
barbatii,7437
transmisie,7437
privească,7437
religie,7436
cerut-o,7435
cereale,7435
accidentului,7434
poştă,7433
Mona,7433
retragă,7431
campus,7428
vota,7427
Cathy,7427
neagra,7426
medalie,7423
repaus,7420
împuşcă-l,7419
Bridget,7418
unchi,7418
Fitz,7417
tipuri,7417
traiesti,7416
lucrând,7416
amiralul,7416
luaţi-o,7415
Maurice,7415
găseşte-l,7415
ferată,7415
calcul,7414
oral,7414
inviţi,7411
suge,7409
glumele,7409
trandafiri,7407
interogat,7405
dentist,7405
relatia,7404
citit-o,7403
primăvara,7403
document,7403
colegiul,7402
băţ,7399
Lucky,7399
arogant,7398
vomit,7396
ateriza,7395
vacanta,7392
vecin,7392
scurge,7391
roagă,7390
Luther,7389
arătos,7389
recunoască,7389
instrument,7388
fãcut,7387
călătorii,7387
Joshua,7385
urat,7385
mincinoasă,7384
răului,7382
importanţi,7381
groaznice,7380
dinte,7379
încântător,7379
plecând,7379
surse,7378
Grayson,7378
rom,7377
discutie,7377
izolare,7375
obişnuite,7374
factura,7373
fumează,7373
dorinţele,7372
confirmarea,7367
obraznic,7367
Wes,7366
ţărm,7364
referitor,7363
Jan,7362
barba,7361
perechi,7360
cutiile,7359
Israel,7358
punga,7357
împrumuta,7356
partenerii,7352
magnific,7352
felicit,7351
unit,7351
dulciuri,7350
ra,7349
facea,7348
directorului,7347
Kramer,7345
limbi,7344
cumsecade,7343
încurcătură,7343
intrebi,7343
fotografiat,7342
potriveste,7340
contrar,7338
gaşca,7338
particule,7335
trait,7332
raman,7331
corabie,7331
Ash,7330
galbenă,7329
cabana,7328
numerar,7326
culorile,7326
sefule,7325
ignora,7321
artificii,7321
vaca,7320
notele,7319
mașina,7318
etaje,7317
Sasha,7317
emoţionat,7317
angajez,7316
folosea,7313
unde-s,7313
marş,7312
Clarke,7307
pernă,7304
obiecţie,7303
învârte,7299
Wu,7298
serioşi,7296
generaţii,7295
replica,7293
urmarit,7290
virgină,7288
ameninţarea,7288
menajera,7287
soartă,7287
înghiţit,7287
împărţi,7286
recente,7283
tradiţie,7282
Ava,7282
inamicii,7281
târfe,7280
delicată,7279
camioane,7276
comunităţii,7274
interesaţi,7271
ficat,7271
Stevie,7270
Hercule,7270
muşchi,7269
potrivi,7269
motoarelor,7269
prosop,7268
intersecţia,7268
was,7267
bucăţică,7266
come,7264
NSA,7261
strategia,7261
lansarea,7261
urmaţi,7259
specific,7258
martini,7257
îngeri,7257
curioasă,7257
vânătoarea,7254
can,7253
binecuvântarea,7251
motocicletă,7246
fugar,7244
metru,7243
maiorule,7243
senzaţie,7242
reprezint,7242
obiceiul,7241
mortală,7239
Abraham,7239
plângând,7239
teritoriu,7238
daune,7237
deschiderea,7237
gumă,7237
lovită,7236
logodit,7234
iubeam,7231
job,7230
functionează,7229
promovat,7227
Bush,7226
masura,7226
totuși,7226
acţionează,7226
principale,7222
până-n,7221
tanar,7219
Gilbert,7218
Chan,7217
samurai,7213
încântătoare,7212
franci,7211
Nadia,7211
vâna,7210
alune,7209
Theo,7208
mobile,7207
oribile,7206
arte,7205
jigodie,7200
irlandez,7197
emoţiile,7195
Isabel,7195
cărei,7193
Daniels,7192
propui,7192
mondială,7190
durea,7188
inspiră,7187
extraterestră,7185
uşii,7185
malul,7184
presei,7183
cada,7182
oricărui,7182
scut,7179
lipit,7178
para,7177
Franţei,7177
lipsea,7176
dramatic,7175
secol,7174
palmă,7173
şefii,7173
criminalii,7172
mărime,7171
good,7170
yoga,7169
gunoaie,7168
d-nule,7168
orbită,7165
camionetă,7164
pasagerii,7163
unde-ai,7162
fumul,7162
Lola,7160
lovim,7159
capitol,7158
muşte,7156
ploua,7155
declanşat,7154
dati-mi,7153
soțul,7153
spionaj,7152
cunostinta,7152
simţea,7150
Asia,7149
rare,7149
ruşi,7149
neregula,7148
mancat,7148
iasa,7148
ficatul,7147
procedură,7146
muntelui,7146
suportat,7145
rupă,7141
clătite,7141
deţinut,7139
plămânii,7138
genunchii,7137
vere,7137
comportat,7136
particip,7136
ruptă,7135
strălucitor,7134
veşnicie,7134
limbaj,7134
determina,7133
capitala,7129
paşaportul,7129
curăţă,7129
bursa,7127
investit,7127
du-ne,7126
minor,7125
sprijini,7125
combinaţie,7117
marin,7115
să-și,7115
pune-le,7112
pusti,7112
lânga,7111
zburăm,7108
japonezii,7108
munci,7107
tub,7106
costumele,7105
matur,7102
a-ti,7101
Baxter,7099
categoria,7098
Stacy,7097
Lionel,7096
înfrunta,7096
firul,7093
gazul,7092
angajaţii,7091
receptionat,7091
dee,7088
însor,7088
susţinut,7088
Gil,7087
perspectivă,7087
Q,7087
împăcat,7086
dorul,7086
ieftine,7086
Abe,7085
disponibilă,7085
miliard,7084
desfăşurare,7083
ş,7081
aglomerat,7080
dulci,7079
usă,7079
oaie,7078
imunitate,7077
drăgută,7072
consilierul,7072
implic,7071
semnale,7070
accidental,7068
Jared,7068
apucă,7067
Burt,7067
adolescent,7065
răzbuna,7064
ridicolă,7063
frunze,7063
compasiune,7062
zadar,7060
origine,7058
forţelor,7058
transporta,7058
distrează-te,7058
benzi,7057
gâtului,7057
Eleanor,7055
ul,7054
urmatoarea,7054
anunt,7052
plimba,7052
Preston,7050
venirea,7049
burtă,7049
cunoştinţele,7049
insecte,7046
expresie,7046
scos-o,7045
musafiri,7044
verificam,7044
stiri,7041
vestul,7039
urmărirea,7038
sperând,7038
Cleveland,7038
Carlo,7036
nenorocite,7036
împachetat,7036
excelenţă,7034
strămoşii,7034
simpla,7033
testament,7032
Judith,7031
carantină,7031
ști,7030
placuta,7027
Joy,7026
epuizat,7025
academia,7024
d-şoară,7022
plimbi,7021
gaseasca,7021
Hughes,7020
depun,7018
violenţa,7018
povesteşte-mi,7016
Baltimore,7015
stresat,7013
comentarii,7013
operatie,7012
cerebral,7012
zilelor,7011
blond,7009
ajunul,7007
Eugene,7007
ascunde-te,7006
zdrobit,7005
sfătuiesc,7002
opinie,7002
Rogers,7001
rămăşiţele,7000
încarcă,6997
nemişcat,6996
oarbă,6995
scotch,6994
spirite,6993
priveşte-mă,6990
povara,6989
Wong,6988
francezi,6984
Scofield,6984
înnebunesc,6983
mobilă,6982
viitorului,6981
graba,6981
exerciţii,6979
Evans,6979
old,6978
tipu,6978
zidurile,6977
mânia,6975
feţe,6974
dimineață,6973
Price,6972
colonie,6971
scris-o,6970
generatorul,6970
mări,6970
crema,6968
studenţi,6968
inimi,6967
Doris,6965
băncii,6964
favorită,6963
lipseşti,6962
încăpere,6960
legume,6959
noului,6958
prăjiţi,6957
Brett,6956
Ip,6955
mananca,6955
monede,6955
Herr,6954
brutal,6953
dinafară,6951
Tarzan,6949
d-lor,6948
balon,6948
uşoare,6948
pitic,6947
Brady,6947
uitasem,6944
strângem,6943
Archie,6943
aratat,6942
îndoieli,6941
populaţia,6941
bătrâna,6939
voluntari,6937
cazier,6936
cunoastem,6936
fermier,6932
întrecut,6932
Woo,6931
chinezesc,6930
aduse,6930
studiile,6929
medici,6928
Abigail,6928
calatorie,6926
Burns,6925
sân,6925
ghid,6921
aceleasi,6921
referit,6920
serii,6919
acţiunea,6918
vânzător,6918
autograf,6917
Clayton,6917
prindeţi-l,6917
Cristina,6917
ignorat,6915
madame,6913
supravegherea,6909
tate,6907
ciocan,6907
pivniţă,6905
trecutului,6905
fani,6904
pictat,6903
moştenitor,6902
logica,6902
demnitate,6902
Thor,6902
practica,6901
evoluat,6901
răbdarea,6900
Moon,6899
rapide,6898
agitată,6898
confuză,6896
desene,6895
oftează,6894
mostre,6892
intalnim,6891
Atenţiune,6889
slava,6889
eventual,6888
Murray,6887
loviţi,6887
visează,6886
obtinut,6885
Nigel,6884
Snow,6884
legale,6883
colecţie,6883
obiectele,6881
ceda,6881
mincinosule,6880
publicat,6880
înlocui,6879
ptr,6879
inconştient,6879
scuteşte-mă,6878
Colorado,6877
Crăciunului,6874
eşec,6874
comandamentul,6870
scorul,6870
armura,6869
recomandat,6868
prezentarea,6866
trăia,6865
provoc,6865
jaful,6865
partid,6864
tovarăşe,6863
ieftină,6863
vroiau,6862
pătură,6861
raiul,6860
spioni,6859
Becca,6858
deştepţi,6857
obişnuieşti,6857
cuvantul,6856
uriaşe,6854
crezând,6851
raze,6851
știam,6851
arestezi,6850
roagă-te,6849
știți,6847
riscăm,6846
sărmanul,6843
bonus,6843
pene,6842
rugăciunile,6841
înscrie,6841
subteran,6840
plasa,6839
Pedro,6838
ratezi,6838
profitat,6837
irosit,6837
implici,6832
perfecte,6831
aplică,6829
simptome,6829
îndrăzni,6828
aresteze,6828
necunoscută,6827
Polly,6827
atingeţi,6826
supravieţuiesc,6826
Keller,6825
galaxie,6824
vieti,6824
construită,6824
nimica,6823
coşmaruri,6822
permite-mi,6821
aibe,6820
forte,6820
apără,6817
arestarea,6816
Orientul,6816
hrăni,6816
Alaska,6815
amintim,6815
Brazilia,6814
colecţia,6813
Vaughn,6813
puna,6812
munceşte,6811
drog,6811
securităţii,6810
directia,6810
ameninţă,6809
conspiraţie,6809
imperiului,6809
D.C,6807
inevitabil,6807
numesti,6806
Valentine,6806
căror,6802
Luca,6802
omucideri,6801
gin,6801
sugestie,6797
adorm,6796
Dwight,6795
saci,6795
săpun,6795
comporta,6792
calmi,6791
domnia,6791
dezamăgi,6791
partidul,6790
meniu,6789
Roberts,6789
Cross,6788
a.m,6787
cablul,6787
unităţi,6785
abandona,6784
audiere,6783
găină,6783
sculă,6782
Stewart,6781
organizaţia,6780
criminală,6778
parcarea,6778
bărci,6776
Nash,6773
reputaţie,6770
transform,6768
Gates,6768
lovit-o,6766
lămâie,6765
Hood,6761
cereţi,6760
ªi,6758
chiloţii,6757
omoară-mă,6756
visa,6754
vite,6754
frânt,6754
dure,6753
Jupiter,6753
poliție,6753
chirie,6752
aștepta,6752
Virgil,6749
uimit,6748
acţionat,6748
procesului,6748
grăsime,6747
fiicele,6747
naţionale,6746
ni-l,6745
desenate,6745
hopa,6744
hoţul,6743
moda,6741
chimice,6740
discul,6740
Goa'uid,6739
Ella,6738
introdus,6735
ajută-l,6733
curiozitate,6730
Denny,6729
intimplat,6729
Hugh,6728
radiaţii,6727
extraterestre,6726
excursia,6726
satelitul,6725
locuitorii,6724
ce-s,6722
gandeste-te,6722
calitatea,6722
amirale,6718
promisiuni,6717
preocupat,6717
tine-te,6713
solutie,6711
Mack,6710
retragere,6708
campionatul,6708
fundurile,6708
aliat,6706
gentleman,6706
inutile,6704
l-as,6702
apara,6700
salata,6699
destinaţie,6699
germane,6698
Pope,6698
influenţă,6698
muşcă,6698
vacanţa,6698
garajul,6697
violente,6696
trezim,6696
spargi,6692
lungime,6692
conferinţa,6691
evitat,6691
asemănătoare,6691
datoare,6690
Bryan,6690
chinui,6690
gardienii,6688
indica,6686
paznici,6685
furăm,6683
perspectiva,6682
citiţi,6682
moderne,6682
Garrett,6680
ţipă,6679
regi,6679
Shrek,6677
floarea,6677
sangele,6676
diversiune,6675
trimite-l,6675
îngrijire,6675
uni,6674
ridicate,6674
pantof,6673
mobila,6670
asteptare,6670
străinătate,6669
republica,6669
Simone,6668
duba,6668
farsă,6666
Gavin,6665
analizat,6665
adunarea,6664
vindecă,6661
funcţia,6660
şir,6659
împăratului,6659
doza,6659
senior,6658
testamentul,6658
luptele,6658
bateţi,6657
clasică,6656
bile,6650
tun,6649
unghi,6649
vorbeşte-mi,6649
pompieri,6647
avionului,6647
ambulanţa,6646
acuzi,6646
evit,6646
săpat,6646
nasoală,6646
Alexandru,6645
atrăgătoare,6645
conceput,6645
amabilă,6643
deprimat,6643
Simmons,6643
amintiţi-vă,6642
într-acolo,6641
Marion,6641
bloc,6640
mi-ati,6638
împiedică,6635
rebelii,6634
boom,6633
muriţi,6633
arahide,6632
râdă,6631
jungla,6631
răzbune,6630
spală,6630
net,6629
aveaţi,6629
mănuşi,6627
numărat,6627
Alvin,6627
eliberăm,6625
service,6625
decedat,6624
Gold,6624
cocaina,6623
academie,6622
ciuperci,6622
libertăţii,6620
solo,6619
matematica,6619
acești,6616
veneau,6616
sfântului,6614
sync,6614
rula,6614
echilibrul,6613
purtând,6613
stricată,6612
DJ,6611
orfelinat,6611
conturi,6609
antice,6609
national,6608
Trish,6607
Liv,6606
profesional,6605
ataşat,6604
recunoscători,6602
drogurilor,6601
atelier,6601
lupii,6601
marinei,6599
Chang,6598
decidă,6598
Hayes,6597
deranjezi,6596
intrând,6595
moral,6594
anula,6591
prefăcut,6591
englezi,6590
ştergem,6588
cureţi,6587
parcurs,6587
Flint,6584
medicii,6584
alianţă,6583
mătase,6582
hârtii,6581
isteaţă,6581
poliția,6580
chin,6580
interzisă,6580
escorta,6580
încărcată,6579
regrete,6577
primit-o,6577
futut,6576
infractori,6576
Donovan,6574
Gail,6571
vântului,6570
vultur,6570
atacată,6568
fă-te,6568
incoace,6568
Napoleon,6566
scăpaţi,6565
permiteţi-mi,6565
iată-te,6563
viermi,6562
comunicaţii,6562
ling,6560
micile,6560
apreciat,6554
pregătirea,6554
plic,6553
legaţi,6553
poşeta,6553
într-adevar,6553
inamicului,6552
de-atât,6552
descurce,6551
vesta,6551
Dante,6551
cizmele,6550
misterul,6549
got,6546
echilibru,6545
regale,6544
detectivi,6542
majoră,6542
distrează,6542
supravietui,6541
surf,6537
resturi,6532
trusa,6529
Spike,6529
clientului,6528
dubla,6528
festivalul,6527
judec,6525
puneţi-vă,6524
treaca,6523
Gideon,6523
riscurile,6521
principala,6521
disc,6519
Denver,6518
îmbrăţişare,6518
renunt,6518
minim,6518
domnisoară,6518
vânătorii,6517
pofta,6517
psiholog,6517
amendă,6515
craniul,6515
statuia,6512
Daphne,6512
întocmai,6510
Jose,6509
sclavii,6509
amândurora,6509
delicioasă,6507
păreţi,6506
indivizi,6506
mărita,6506
Bennet,6506
prezinţi,6505
Lena,6505
boule,6503
Sloan,6503
Bree,6503
dubă,6502
așteptați,6501
Valerie,6500
pix,6499
înşela,6498
zonei,6498
activează,6498
acestuia,6498
renunti,6498
trimişi,6497
pariezi,6497
nervii,6496
secundare,6495
jignit,6494
ameninţări,6494
angajament,6493
concediată,6493
jazz,6490
Point,6490
pacate,6489
autorul,6487
instinct,6486
North,6483
Lorenzo,6482
putea-o,6482
creez,6479
stăpâni,6479
adu-ţi,6477
Mills,6477
inversă,6477
sângerezi,6477
iertarea,6475
condusă,6474
plimbăm,6474
Dominic,6473
glonte,6472
Cliff,6471
inutilă,6470
puzzle,6468
Shelby,6466
recunoaste,6466
profesorii,6466
varză,6464
Grecia,6464
sacrificiul,6463
situaţiei,6461
vindece,6459
lăsaţi-o,6458
frânghie,6458
infinit,6456
ramâne,6456
profil,6455
roade,6453
lanterna,6452
flotă,6450
Jonah,6450
replică,6449
demonstrez,6449
plămâni,6448
benzina,6447
Dawn,6447
şocat,6447
legist,6447
negative,6446
observi,6446
holbezi,6442
terminam,6442
Christina,6441
reclama,6438
bataie,6436
ţine-mă,6436
ocazional,6435
naiv,6434
câştigătorul,6434
stabilă,6434
rãu,6433
genială,6433
moneda,6432
sandviş,6429
unde-mi,6429
hemoragie,6426
eroii,6425
girl,6424
judeci,6424
maimuţa,6424
majore,6423
organism,6422
coaste,6422
mintile,6422
Irene,6421
posturile,6420
sugera,6420
Lindsay,6419
Quentin,6419
traseul,6418
ticăloşi,6418
valul,6415
atacurile,6415
trăda,6414
curăţa,6414
Lizzie,6413
marţiale,6411
monştrii,6410
distreze,6409
roboţi,6409
lăsaţi-ne,6407
right,6405
cocos,6404
crudă,6403
întâmplător,6403
ciudata,6403
muncitor,6402
exagerezi,6400
mi-i,6399
trimite-i,6395
ave,6395
sinceri,6394
Vega,6393
călare,6392
lordului,6391
atacului,6391
amiaza,6390
taur,6389
promovare,6388
bagat,6388
supraveghează,6385
împuţit,6385
asasinarea,6383
instinctele,6381
tribunalul,6381
domniţă,6381
hard,6380
dispărute,6380
supravietuit,6379
cedează,6378
continent,6378
aspectul,6378
Reagan,6375
machiaj,6375
via,6374
ăsteia,6372
norma,6372
Chelsea,6372
Anakin,6371
sentinţa,6370
apelat,6369
bancar,6369
lesbiană,6369
lăsată,6368
posturi,6368
eliminăm,6368
investigaţii,6367
străinii,6366
cadourile,6363
încrezător,6363
lenjeria,6362
broască,6360
operare,6360
opusul,6358
întârziem,6357
împuşcată,6357
muşchii,6356
vizite,6353
pupic,6353
Joyce,6353
plictisesc,6352
războaie,6351
propriei,6349
pierduţi,6348
confuzie,6347
rest,6344
Bates,6344
bowling,6344
deranjeze,6344
oprește-te,6344
porniţi,6343
implorat,6343
caracterul,6339
dezvoltare,6339
nesimţit,6337
astă-seară,6336
creşterea,6336
ca-n,6335
Sonia,6335
vulnerabil,6334
nebune,6332
minuni,6332
încărcătura,6332
buzunarele,6330
fortele,6329
latină,6329
muncim,6328
într-unul,6328
sotiei,6327
Roosevelt,6324
fuma,6322
organe,6322
Helena,6321
formaţia,6318
decurs,6317
termeni,6316
sun-o,6315
adune,6315
cot,6315
verişoara,6315
condamn,6314
mă-ntorc,6313
despart,6313
Shirley,6313
albumul,6312
învăţaţi,6312
talente,6310
timpuri,6308
County,6308
încheiem,6308
atragă,6305
patrula,6305
Donny,6305
Montgomery,6304
suspicios,6304
parter,6304
Forrest,6302
Mae,6302
Cynthia,6302
conducem,6301
bunătatea,6299
hoţii,6296
minunaţi,6296
cavalerii,6296
interesele,6296
rostul,6295
omoara,6295
sai,6294
Monty,6291
bluza,6291
aşez,6290
şterge-o,6288
specia,6288
explicaţii,6287
italiană,6287
chinezii,6287
comori,6286
fin,6285
asigură,6284
japoneză,6283
englezii,6282
invitaţia,6281
vedeta,6281
transmisia,6280
ep,6279
apărăm,6278
chitara,6278
ilegală,6275
portbagajul,6275
ceapă,6274
cadru,6274
şerifului,6273
vocile,6273
fotograf,6273
spiritual,6271
ştiinţific,6271
pată,6271
punea,6269
strecurat,6265
sursele,6264
navetă,6262
prime,6261
cizme,6260
Rich,6260
mesei,6259
supraveghea,6255
garantat,6254
Claude,6254
live,6252
rămase,6252
plănuiesc,6252
schimbaţi,6249
urcă-te,6249
atenti,6249
sinucidă,6247
cenuşă,6246
companiile,6245
dimpotrivă,6244
sărută-mă,6242
tactică,6240
ales-o,6240
profundă,6239
dormeam,6238
aruncă-l,6237
tabara,6236
studia,6235
compus,6235
printul,6234
suspine,6234
ticăloşii,6234
rebeli,6233
traiasca,6233
banuiesc,6232
dragonului,6231
violentă,6229
mo,6229
procurorului,6227
intimpla,6226
imaginaţie,6226
maimuţe,6226
iarta-ma,6224
calmul,6224
de-ale,6223
naţiune,6223
poveştii,6222
întreab-o,6222
politistii,6222
now,6221
disponibile,6220
studiul,6220
absolută,6218
păpuşa,6218
mandatul,6217
nenumărate,6216
Buddha,6215
adâncime,6212
Kat,6210
rufele,6209
aerului,6208
parcursul,6208
vaporul,6207
Wolf,6207
omorâtă,6206
coste,6206
asteptăm,6206
chinuit,6206
pune-ti,6206
zoo,6205
asasini,6205
d-ul,6204
coridor,6202
antrenez,6202
acoperis,6201
acceptaţi,6201
onorabil,6201
sacrificii,6200
ONU,6200
duri,6200
lupti,6199
independent,6198
potrivire,6198
reacţia,6197
evaluare,6196
drei,6195
poata,6195
Montana,6194
gusturi,6193
motoare,6192
asumi,6192
locuinţa,6191
întrebat-o,6191
provoci,6190
lucrările,6189
sandwich,6187
Powell,6186
Glen,6186
curve,6185
su,6185
financiară,6184
completa,6184
lanţul,6183
ajutam,6182
luptei,6181
Parisul,6181
gara,6178
fondul,6177
Bradley,6176
îndrăgostiţi,6176
aria,6174
lateral,6172
distantă,6172
art,6171
uniunea,6169
păsărica,6169
bătăi,6169
strângi,6169
fiecărei,6167
economia,6165
luați,6165
aruncat-o,6163
plăceau,6160
element,6160
tavan,6159
mă-ta,6156
adunare,6156
produsul,6156
Roland,6153
toamna,6153
lasă-te,6151
liniştiţi-vă,6150
institutul,6147
genetică,6146
încearca,6145
prosteşti,6145
global,6142
leg,6142
aduni,6141
Cho,6141
rechini,6141
cari,6140
multumit,6139
condiţia,6139
Henderson,6139
Broadway,6139
reţin,6139
greaţă,6137
Courtney,6137
gogoşi,6137
respire,6136
leziuni,6136
capitală,6136
telefonic,6135
păcăleşti,6134
obiceiurile,6134
cinstită,6133
narcotice,6133
eviţi,6133
adecvat,6132
ratez,6132
văduvă,6130
Briggs,6130
exceptând,6129
oaspetele,6129
cunoasteti,6129
externe,6129
executiv,6129
datorita,6128
McQueen,6127
Yu,6126
reparăm,6124
platou,6124
negocia,6123
elimine,6122
burger,6122
if,6122
vulcan,6122
Ginger,6120
gălăgie,6116
Silas,6116
d-ta,6116
săraca,6115
părinții,6115
acul,6112
vorbește,6108
originală,6107
dreptatea,6107
împușcat,6106
profesională,6106
apela,6105
întrunire,6103
federalii,6103
inteligenta,6102
amărât,6102
DC,6102
intalnesc,6101
Danielle,6101
farmecul,6099
bordel,6099
Timmy,6099
producător,6099
cabinetul,6098
astepte,6098
primeste,6098
regiune,6097
interese,6096
pregatiti,6095
accentul,6095
bazez,6095
tãu,6094
petrecerile,6094
porcării,6093
solicitat,6092
lasă-mi,6092
calculele,6091
fraudă,6091
odihni,6090
bunuri,6089
mișcare,6087
insultă,6086
Michigan,6086
măreşte,6086
fântână,6085
povesteşti,6085
magician,6083
şmecherie,6083
literalmente,6082
comisarul,6081
beţiv,6079
Matty,6078
Irlanda,6077
maică-sa,6076
plantele,6075
cifrele,6075
întâlnirile,6074
plumb,6073
Yale,6073
ansamblu,6073
fondurile,6071
convingător,6071
genunchiul,6071
cecuri,6067
acţiona,6067
extraordinare,6066
Newton,6065
modern,6064
capră,6064
reţetă,6063
săgeată,6061
blană,6060
aceeași,6059
nopţile,6057
binecuvântare,6057
aventuri,6057
oaspeţii,6057
imposibilă,6055
celular,6054
stupide,6053
Sawyer,6053
arestăm,6051
Frankenstein,6051
Wang,6050
monsieur,6050
chinezească,6050
google,6049
cumplit,6049
Barbie,6049
chirurgie,6049
insistă,6047
fluxul,6046
urmărea,6045
facuta,6044
ţinută,6044
variantă,6044
îmbătat,6043
frecvenţa,6042
dispozitie,6042
păţi,6040
filmarea,6040
Crawford,6040
informatiile,6040
stânci,6038
taică-tu,6037
Marc,6036
excepția,6036
adunăm,6035
previn,6033
mijloace,6033
paturi,6031
Tiffany,6031
smuls,6031
ascunzătoare,6030
epoca,6029
Hopper,6029
supune,6028
despărţi,6027
însori,6023
poartă-te,6023
jurnalist,6023
iubitor,6021
grăbeste-te,6020
plimbat,6018
cainele,6016
rosii,6016
nemuritor,6016
umilit,6014
cuvântului,6014
Lynn,6011
aparate,6010
gigant,6009
aduceti,6008
recompense,6006
japonezi,6005
precedent,6005
ameninţi,6004
compara,6003
abandonată,6002
întregului,6002
decolare,6000
comic,6000
spaniola,6000
poet,6000
Jacques,5998
comunicaţiile,5997
profesori,5997
cumpăraţi,5997
duceţi-l,5996
Worf,5996
Marley,5996
sensibilă,5995
drăcia,5994
ocazii,5994
întâlniţi,5992
naşterea,5992
felie,5990
religios,5989
mutarea,5989
McKay,5988
hotărârea,5986
karate,5985
fulgerul,5985
aleluia,5984
pedepsi,5983
chicotește,5983
preţios,5982
divorţul,5981
microfonul,5981
Ezra,5980
lăsati,5975
confruntăm,5974
Lilly,5974
vorbeau,5974
experimentul,5973
văzând,5973
dimensiune,5971
Charley,5971
lunetist,5968
cearta,5967
planta,5966
recordul,5966
holul,5966
tunurile,5964
hochei,5962
blocuri,5962
suportă,5962
chitară,5962
medalia,5962
unelte,5961
relaxat,5961
adusă,5960
şmecher,5960
nobilă,5959
terapia,5958
cheamă-l,5957
strop,5956
Naruto,5955
taiat,5953
oportunitatea,5953
recunosti,5951
frăţie,5949
Mandy,5949
satisface,5949
kit,5948
panoul,5948
Knox,5948
rezistenţa,5948
insulei,5946
foloseşte-ţi,5946
Tanner,5946
supravieţuieşti,5944
fanii,5944
posibilităţi,5944
litri,5943
juri,5942
arsuri,5942
autopsie,5940
egalitate,5939
explozibil,5939
Corleone,5936
liderii,5936
cutit,5935
cauţiune,5935
vinovaţi,5934
leacul,5933
materia,5933
deseori,5932
milady,5931
rani,5930
Iui,5930
Goku,5930
Bert,5929
maniac,5928
comandantului,5926
capitan,5925
sinucid,5923
serial,5923
retardat,5923
agentului,5923
die,5922
falit,5921
societăţii,5921
sălbăticie,5920
anunţăm,5920
conştientă,5919
cincizeci,5917
Carolina,5917
închei,5915
barman,5915
evenimentul,5915
reţeta,5915
regiunea,5913
aduca,5912
prioritatea,5911
ajutat-o,5911
fişierele,5911
prostituate,5909
ridicată,5908
sanse,5908
Damien,5907
muncitorii,5904
concertul,5904
zgârietură,5902
tratez,5901
armament,5899
servim,5899
anual,5899
trebuiesc,5898
primire,5898
plasă,5895
stand,5895
amiral,5895
lumânări,5894
batran,5890
Peterson,5890
Harriet,5889
Agnes,5887
primei,5887
avansată,5887
avertizare,5886
plantat,5885
perimetru,5885
alegeţi,5884
tanc,5881
cos,5881
socoteală,5880
amesteci,5879
grupa,5879
dovedeşti,5876
pumnii,5876
aleea,5874
Vivian,5872
telefonică,5869
umplu,5869
portofel,5869
întelegere,5867
cautati,5864
piraţi,5864
down,5861
amator,5859
arată-ne,5858
Ty,5855
tentativă,5851
cuibul,5849
excelenta,5848
Callie,5847
Brooks,5846
Janice,5846
ture,5845
localiza,5845
apreciază,5843
coduri,5843
lansa,5841
lampa,5838
meniul,5837
descărcat,5837
Chester,5836
Crichton,5836
mită,5836
discuri,5836
numeri,5834
fantomele,5834
aranjament,5834
produc,5834
îngrozit,5833
zâna,5831
amanta,5831
tumoare,5830
statia,5830
intenţii,5828
participi,5828
aprind,5826
deşertul,5824
gasit-o,5824
transplant,5823
păstrează-ţi,5823
Sadie,5822
Floyd,5820
comunist,5820
preveni,5819
text,5817
străluceşte,5816
circa,5816
masiv,5814
morţilor,5813
bărbati,5813
traversat,5813
bazele,5813
Bourne,5812
răpirea,5811
intrebam,5810
înrolat,5809
vocală,5808
respiraţie,5808
saptamâna,5807
anulează,5807
comercial,5807
gemete,5807
vezi-ţi,5806
Elsa,5805
Angelo,5805
Picard,5805
nemernici,5804
noștri,5804
cumpar,5802
încântaţi,5801
Elveţia,5801
Abu,5799
blocate,5797
malefic,5796
verdictul,5795
servitoare,5795
Sully,5793
Sophia,5793
jucăriile,5792
zace,5791
amprentă,5790
simtiti,5790
Isabelle,5790
virgin,5789
poliţiştilor,5788
tânăra,5787
închisorii,5786
şoarece,5786
descoperirea,5784
sportiv,5784
baterie,5783
trapa,5783
necazurile,5783
chinezi,5782
O.K,5782
audio,5781
livrat,5780
elită,5778
here,5778
comod,5777
arcul,5777
economie,5775
autorizaţie,5774
intarziat,5774
pretinzi,5774
bizar,5773
uşurare,5773
acorzi,5772
loveşte-mă,5772
diamantul,5771
sicriu,5771
Whoo,5771
Sheppard,5770
sosul,5769
funcționează,5769
sarut,5767
apreciem,5767
pamantul,5765
calculat,5765
Hannibal,5765
parfumul,5765
circul,5764
simte-te,5763
Kai,5763
ciocanul,5762
reprezenta,5762
Cruz,5760
speciala,5759
rang,5759
roţi,5756
asuma,5756
Edith,5755
padure,5754
emite,5754
speră,5753
execuţie,5753
Marge,5752
bucure,5752
Torres,5751
globul,5751
publica,5750
înnebuneşte,5749
învățat,5749
trandafir,5749
actuală,5749
gardieni,5748
pact,5748
trecând,5748
permisiune,5747
week-end,5747
dezvăluie,5746
clasei,5746
bucăţele,5746
scurta,5745
Marilyn,5744
halucinaţii,5744
Gaius,5741
globală,5741
Hart,5740
tuns,5740
Kang,5740
Butch,5739
gaseste,5739
inteligenţă,5739
sâmbăta,5737
albaştri,5736
traseu,5735
parut,5735
părăsiţi,5733
cmd,5733
toiul,5732
necunoscute,5729
Armstrong,5728
experimentat,5728
us,5728
împuşcături,5725
Walsh,5723
bin,5723
biscuiţi,5722
dând,5722
etc,5722
afirmativ,5722
îndoit,5722
ataci,5721
Milton,5720
cavaleria,5719
coniac,5719
Ooo,5717
comisiei,5717
circulă,5717
rucsacul,5715
abordare,5715
eventualitate,5715
amenintare,5714
pe-a,5714
comerţ,5714
biologic,5714
Rusty,5712
urină,5712
mulţumiţi,5711
rânduri,5711
Ioan,5710
înfiorător,5710
părăsim,5710
Gregory,5710
activităţi,5710
încercați,5710
fiecăruia,5709
obişnuiesc,5709
căţeluş,5709
maşinăria,5708
biliard,5705
conformitate,5703
alcoolul,5703
turneul,5702
firele,5702
sosire,5701
hotărâre,5700
fixat,5700
lămurim,5699
gardul,5697
Gardner,5697
finala,5697
ştergi,5696
cabinet,5696
gustare,5695
grozavi,5693
Gerry,5693
usile,5692
escortă,5691
statuie,5690
condamnare,5689
găteşti,5687
Caitlin,5685
Sparrow,5684
stăpânului,5684
servitor,5683
Echo,5682
you're,5682
cucoană,5682
prindeţi,5680
indragostit,5679
Atlantis,5679
contabil,5678
numără,5675
defapt,5675
blocul,5675
creată,5672
colier,5670
Crowley,5670
orbita,5670
își,5669
ucigaşi,5665
Jenkins,5665
valiză,5664
desenele,5664
protectie,5663
panda,5661
urî,5661
Sylvia,5661
gândea,5658
ţâţe,5658
si-l,5657
şarpele,5657
spaţiale,5656
butoi,5655
acoperită,5655
relaxeaza-te,5653
oraşele,5653
anulez,5653
fetiţe,5652
mananci,5651
incepi,5650
Jesus,5649
testa,5647
scanare,5647
crimelor,5647
violenta,5646
umbre,5644
rezervorul,5644
proviziile,5642
demisionat,5641
şerpi,5640
creezi,5638
rusă,5637
spălătorie,5635
bancnote,5633
creada,5633
descopere,5633
Nat,5633
casetele,5631
insultat,5631
bloca,5630
similare,5630
pusca,5629
bila,5628
fereşte-te,5626
vechii,5624
zoologică,5624
er,5623
înregistrată,5622
Neata,5620
unora,5619
dădeam,5619
ghidul,5619
niţel,5618
Ugh,5615
vinerea,5612
participe,5612
uşurinţă,5610
tatuajul,5610
federale,5610
Winchester,5610
invazie,5609
porcii,5608
cică,5608
recomanda,5607
autor,5607
umanitatea,5607
capacul,5607
politician,5606
musca,5605
Beck,5604
fiori,5601
cătuşe,5601
leul,5600
Shannon,5600
degraba,5600
teroriştii,5599
duceti,5597
drogată,5594
soldatii,5592
afacerilor,5591
dispuşi,5591
slăbiciunea,5591
statutul,5590
impresionată,5590
contrabandă,5590
inamice,5589
pacienta,5589
Mississippi,5589
abuz,5589
vitregă,5589
înfrânge,5589
acesteia,5588
entuziasmat,5588
dovedească,5588
profita,5588
plăcinta,5587
idioţilor,5587
Pennsylvania,5586
platforma,5584
fluture,5584
tancuri,5583
păţeşti,5582
bucatarie,5582
terminati,5581
peştera,5580
putină,5580
Ira,5577
negi,5575
îngropată,5575
ciclul,5575
gradina,5574
Venus,5574
Ollie,5574
poştală,5573
Kenneth,5573
coşul,5573
grăbiţi,5573
Langley,5572
cureaua,5571
prinţului,5571
indiana,5570
vârcolac,5569
fă-mă,5568
n-ati,5568
masinile,5568
răspândit,5567
dezordine,5566
continuati,5566
comedie,5565
dupã,5564
Tiger,5563
supravegheat,5563
ro,5562
futu-i,5561
plimbă,5556
spargere,5556
steag,5556
judecătorului,5556
viziuni,5555
provocarea,5555
mos,5552
încărcătură,5552
dorinţe,5552
divizie,5550
predăm,5550
tacă-ţi,5550
juriului,5548
moştenit,5548
calificat,5547
posesie,5546
glumit,5545
Shelly,5545
observă,5544
treime,5543
Clarence,5540
îndemână,5539
covorul,5539
semăna,5537
căsuţa,5537
meciuri,5536
dezvăluit,5536
altitudine,5536
homosexuali,5534
randul,5533
dezbrăcată,5532
pro,5531
angajeze,5530
reala,5530
serveşti,5529
loterie,5528
gangster,5528
miracole,5528
protejaţi,5527
intelegere,5526
si-ar,5525
muzicii,5523
înscenare,5523
patrulă,5523
Camille,5521
nebuneşte,5520
nască,5520
gardianul,5520
iertaţi,5518
inteligenţa,5516
Britanie,5515
sushi,5515
durerii,5514
băieţelul,5514
antrenezi,5513
strig,5511
brigada,5510
crearea,5510
recunoaştem,5508
repeţi,5508
preocupă,5504
cană,5502
mijloacele,5500
dezvoltarea,5500
contactez,5500
roată,5500
trezirea,5499
Foreman,5498
citeste,5498
emoţionată,5496
arată-le,5496
poezia,5496
luptând,5496
moştenire,5496
miel,5495
militari,5494
patit,5494
guvernatorului,5494
ritualul,5493
paradisul,5492
suprafata,5491
aranjezi,5491
studenţii,5490
referitoare,5490
lipsită,5490
Milano,5488
bucătarul,5488
culce,5488
şmecheria,5487
pompierii,5487
Creek,5485
Brendan,5485
produsele,5484
tribord,5482
rutina,5482
ucideţi,5481
frati,5480
păreau,5480
acuzaţie,5480
apăs,5480
Allie,5478
procedat,5477
orbi,5477
vomitat,5476
balet,5476
farmacie,5474
zgomote,5473
lanţuri,5473
îndepărta,5472
conversatie,5472
mulţumiri,5471
suflare,5471
înauntru,5471
rod,5468
Gretchen,5466
divină,5466
Lara,5465
gratii,5464
îngrijorezi,5464
sting,5464
intenţie,5462
grenadă,5462
cetăţenii,5460
citat,5460
distram,5460
io,5459
reuşită,5459
dragoni,5458
fabulos,5458
recrutat,5457
Nikita,5457
discuţi,5457
pompier,5454
garanţie,5454
întinzi,5453
chelner,5452
cască,5452
reşedinţa,5451
sucul,5451
zburătoare,5450
uneia,5450
Jax,5449
moi,5449
casete,5449
meriti,5449
Monk,5448
suparata,5447
studioul,5447
maica,5447
evacuarea,5446
obosi,5445
orbit,5445
actori,5445
Hassan,5444
trupurile,5444
SWAT,5443
fenomen,5443
cureţe,5443
aleasă,5443
înfrânt,5443
sherry,5443
preiei,5442
tipilor,5441
chili,5440
rulotă,5439
calmez,5439
construcţii,5438
consultant,5437
misterioasă,5437
Laurie,5436
fax,5434
depresie,5434
Peyton,5433
obstacol,5432
pustiu,5432
nemaipomenită,5432
noduri,5432
care-o,5431
fugind,5431
scene,5431
spăla,5430
dansator,5429
rezolvată,5429
parerea,5428
descriere,5428
rebel,5427
romani,5426
bunătate,5426
străduiesc,5425
dezgustătoare,5424
balcon,5424
Wheeler,5424
primarului,5423
circuit,5423
turma,5423
feminin,5423
porecla,5422
copilăria,5421
fecioară,5420
gloante,5418
largul,5418
interviuri,5418
brânza,5418
tâmpită,5418
umed,5415
cazinou,5415
glont,5412
pachete,5411
cuie,5411
pictură,5411
observe,5407
insignă,5406
generoasă,5406
înşine,5405
băncile,5405
trimite-mi,5403
rulota,5403
precizie,5403
barbatul,5402
subtil,5402
preferate,5402
paşaport,5401
sapă,5400
coordonate,5399
modest,5397
intenţiile,5397
cluburi,5397
complicate,5396
Queens,5396
jucătorii,5395
bătută,5395
circumstanţele,5395
ow,5395
duel,5394
osul,5393
SIDA,5392
purtam,5390
cenuşa,5390
cântaţi,5390
reacţionat,5389
curajoşi,5389
ridică-l,5388
trupelor,5384
sonor,5383
menţin,5383
iepurele,5383
oul,5382
Renee,5381
Dex,5381
bateriile,5379
partidului,5379
colonelului,5379
tradus,5378
corespunzător,5378
instrumente,5377
masculin,5376
personalului,5376
cocktail,5376
gândaci,5375
hotărăşti,5375
Lacey,5374
pantoful,5373
profesorului,5371
alătur,5371
protocol,5371
ine,5369
antic,5369
orfan,5369
stelare,5368
înfruntat,5368
permanentă,5368
O'Brien,5368
Ivy,5366
bratele,5365
hobby,5363
convingem,5363
ocupate,5363
similar,5361
detectez,5361
daruri,5360
temporară,5360
bătrânii,5360
Rufus,5360
divin,5359
ghiceşte,5358
încalci,5355
resturile,5355
lată,5355
mancarea,5354
cuceri,5354
sinucide,5352
opreasca,5351
rochii,5350
senatul,5350
completat,5347
Javier,5347
toții,5347
extinde,5347
chimie,5347
evite,5346
cursurile,5346
atare,5346
tărie,5345
diagnostic,5345
organiza,5343
îmbrăcaţi,5343
gazdă,5342
cavaleri,5341
infracţiuni,5341
Gibson,5340
sărutul,5340
deschideti,5340
problemei,5339
mira,5339
porneşti,5338
spirituală,5338
primărie,5337
Subtitrări-Noi,5337
bratul,5337
Tanya,5334
grenade,5334
imbecil,5332
cunoscuţi,5331
umflat,5331
înoată,5329
revino-ţi,5328
glezna,5328
licitaţie,5327
prefacem,5327
Yi,5326
si-o,5326
informații,5325
carierei,5324
cut,5324
jucând,5324
sinucizi,5324
atelierul,5323
perna,5322
boss,5322
temă,5321
instantaneu,5321
confirm,5320
bancare,5320
Ronald,5319
ușă,5319
împarţi,5318
erati,5318
albii,5318
ucigas,5318
chemarea,5318
grozava,5315
mental,5315
stresul,5314
naiba-i,5313
neoficial,5313
condamnaţi,5312
Lemon,5312
dong,5311
împuşcă,5311
excitat,5311
fizica,5311
jet,5311
mascul,5310
tarfa,5310
extreme,5308
creştin,5308
regreţi,5308
efectiv,5308
bande,5307
ghearele,5307
Scoţia,5306
adaug,5305
revanşez,5305
sertar,5305
capcane,5304
executa,5304
păpuşi,5304
casatorie,5303
pătrunde,5302
Oxford,5301
diploma,5301
moralul,5301
Portland,5301
loiali,5300
prosoape,5299
cheltuieli,5299
luminos,5298
Royal,5298
aminteste,5296
provoace,5296
pata,5296
dânsul,5295
ăstuia,5295
boaşe,5295
logodnă,5294
panicat,5294
banane,5292
craniu,5292
cultură,5291
rupii,5291
lo,5290
pământurile,5290
pumnalul,5290
zâmbesc,5289
buget,5289
aşezi,5289
vaci,5288
interioară,5288
adăuga,5288
răcit,5287
Devon,5286
Ally,5286
i-ati,5285
asumat,5285
Louie,5284
înfrunţi,5283
frânghia,5283
demonstrează,5282
mănăstire,5282
reali,5280
pregătiti,5280
scriem,5280
Square,5279
Sanchez,5279
amintești,5279
marini,5278
reusesc,5278
reclame,5278
ca-mi,5277
bacşiş,5277
nevoiţi,5275
luptam,5275
împiedice,5275
Mrs,5274
aspru,5274
gustat,5273
demonstraţie,5273
republicii,5271
abilităţi,5271
implicarea,5270
galerie,5269
binecuvântată,5269
nisipul,5268
albine,5268
pluton,5267
călătoriei,5266
suflă,5266
morfină,5265
câştigaţi,5265
alergic,5265
împingi,5264
sutien,5264
nemţii,5263
Gerald,5261
maşinărie,5260
verificarea,5260
oficiale,5260
satului,5260
dintii,5259
spaniol,5259
porţii,5259
revedem,5258
antică,5258
așteptare,5256
respecte,5255
egoistă,5254
polul,5254
incendiul,5254
catolic,5254
calibru,5253
aterizăm,5253
pădurii,5253
adversar,5253
mărită,5251
sky,5251
Abel,5251
tipar,5250
alianţa,5250
efracţie,5249
despărţiţi,5249
duhul,5249
sector,5248
strigând,5247
menit,5246
vulturul,5246
distras,5245
violată,5245
romane,5245
ostaticii,5244
Christy,5243
poziţiile,5243
Patricia,5242
intimă,5240
frontieră,5239
gândac,5239
magazinului,5238
înghiţi,5238
confruntat,5237
regulilor,5237
Cary,5237
favoruri,5236
concentrare,5236
bătea,5235
Satana,5235
ucide-l,5234
doborî,5233
desertul,5233
Darwin,5232
rugăciunea,5230
idioţii,5230
înfricoşătoare,5229
gândindu-mă,5228
descrierea,5228
dealul,5226
emis,5226
domnii,5226
alesul,5225
asistenţă,5224
cărţii,5224
spele,5223
Debra,5223
ca-l,5222
rulează,5222
calma,5222
văduva,5222
pamânt,5221
aplicare,5220
frumosule,5220
concedia,5220
fotbalul,5219
discută,5218
ieșit,5218
Greene,5218
Măiculiţă,5218
Luthor,5218
capital,5218
rezervor,5217
puştii,5217
interceptat,5216
salută,5216
caci,5215
organizată,5215
imobiliare,5215
Peg,5214
unghii,5212
ancora,5211
scoală-te,5211
inspiraţie,5211
loveşte-l,5211
centurile,5211
serialul,5211
sertarul,5211
demnitatea,5211
personalitatea,5210
bugetul,5210
şosea,5209
bai,5209
comune,5207
scurs,5207
dimensiunea,5205
Buffy,5204
Oswald,5204
Crystal,5204
Nevada,5203
romanii,5202
reface,5202
vila,5201
aruncare,5201
ascultam,5200
micuta,5199
dimensiuni,5199
restaurante,5198
plângea,5198
carnetul,5198
Cassidy,5198
show-ul,5198
ieşind,5197
doreai,5197
ignori,5197
d-nul,5196
Darren,5196
văzuţi,5195
producţie,5194
Stalin,5194
fugiti,5194
McCoy,5190
NYPD,5189
ăla-i,5188
brate,5188
d-voastra,5187
udă,5187
Polonia,5187
originea,5186
râpă,5186
amatori,5185
păcăli,5184
bucluc,5184
tunul,5184
contesa,5184
Henri,5183
prostească,5183
minore,5182
Dunham,5181
voturile,5180
știa,5179
dealuri,5179
paradă,5177
viitoarea,5177
n-or,5176
distrage,5176
extra,5175
faptă,5175
Millie,5174
regatului,5173
curăţăm,5171
porcăriile,5171
faceam,5171
limitat,5170
enormă,5168
cunoştinţa,5168
citez,5167
britanice,5166
exist,5166
pasi,5166
D-zeule,5166
frontul,5166
pune-mă,5164
conteze,5164
mulţam,5164
registrul,5164
tine-ti,5163
Santiago,5161
calculatoare,5160
cauze,5160
consumat,5158
drama,5157
tradiţia,5157
Amsterdam,5156
aranjează,5156
muncească,5155
spermă,5155
vodcă,5154
înregistrează,5153
descopăr,5153
logodna,5150
loveste,5150
prezervativ,5147
studiezi,5147
dezamăgită,5146
liceului,5145
intrebarea,5145
sentimental,5144
înfipt,5144
soc,5144
Ierusalim,5144
programe,5144
tubul,5142
precauţie,5142
atingere,5141
religioase,5141
topit,5141
Iuda,5141
inacceptabil,5140
Phillips,5140
afecteze,5138
congres,5138
Zoey,5137
refugiu,5135
certificatul,5135
orgasm,5134
impresionantă,5134
destinaţia,5133
gros,5132
Marcel,5132
irosi,5131
studentă,5129
dureaza,5129
râsul,5129
făcuse,5128
atârnă,5127
gandi,5127
imunitatea,5125
paznicii,5125
simțit,5123
adunătură,5122
mirosit,5121
bancheta,5118
apartamente,5117
negrul,5116
ingrijorat,5115
paşte,5113
accesa,5112
Raven,5110
pozitivă,5109
încetini,5108
suspectat,5108
life,5107
injecţie,5107
mustaţă,5107
umana,5106
psihologic,5106
suporţi,5105
schema,5105
fostă,5105
cine-a,5103
depui,5103
tulburat,5103
manca,5102
temeam,5102
unghiul,5101
prezentăm,5100
secvenţa,5100
Burton,5096
aprobare,5096
întâmplate,5094
ardem,5093
R2,5092
sintem,5091
ca-ti,5091
uscată,5091
întradevăr,5090
întreabă-mă,5090
bucuraţi-vă,5090
Florrick,5089
largă,5088
Lyle,5087
prezentă,5086
deși,5086
negativă,5085
tutun,5084
răscumpărare,5082
plănuieşte,5082
Mercedes,5081
norii,5081
bântuie,5080
niciunde,5080
web,5079
Cao,5079
distraţi,5078
Trent,5078
nazist,5077
ţine-i,5076
încuie,5073
suficienţi,5073
principalul,5071
titrări.ro,5071
mutaţi,5070
nd,5068
mlaştină,5067
scopuri,5066
mars,5066
congresului,5064
Fuller,5064
nevoi,5062
doisprezece,5061
câinelui,5061
nicidecum,5061
eliberată,5061
high,5060
Carly,5060
porneste,5060
dubii,5059
cincilea,5059
platesti,5057
Falls,5057
informa,5057
populară,5057
uscate,5056
comentariu,5056
fântâna,5055
raid,5055
caca,5054
Subtitles,5054
transmitem,5054
adăpostul,5053
revoluţie,5053
enervez,5051
clienţilor,5051
fusta,5050
Esther,5049
vino-ncoace,5049
căsătoriei,5047
funcţiune,5045
pom,5045
intern,5045
împărtăşesc,5044
Grady,5044
Andrews,5043
idolul,5042
sfârșitul,5042
sperma,5042
mizerabilă,5041
supravieţuitor,5041
forţată,5039
tendinţa,5038
sugi,5037
angajezi,5037
galaxia,5035
F.B.I,5034
fundaţia,5034
blonda,5034
Edwards,5033
intuneric,5033
respectăm,5032
exclus,5031
pupa,5031
existau,5030
boo,5029
Cheryl,5029
oprită,5027
festival,5027
mâinii,5026
deplină,5026
master,5024
educaţia,5024
nevoită,5023
pierderile,5023
cereri,5022
cautarea,5022
muzical,5021
optimist,5021
graţie,5021
oricărei,5018
agresiune,5017
cipul,5017
strigi,5016
calibrul,5016
rezerve,5016
umesc,5015
ţipând,5014
sediu,5014
trucul,5012
anunţul,5012
Locke,5011
baterii,5011
armei,5010
contacteze,5010
cosmar,5008
elementul,5006
i-as,5006
Antoine,5004
plănuieşti,5004
trataţi,5004
durată,5004
clienta,5003
peisaj,5002
cârlig,5002
Panama,5002
admit,5001
invitaţii,5001
tocilar,4999
obişnui,4999
parada,4999
salvat-o,4998
ştirea,4997
pregatita,4997
Franco,4996
aºa,4995
supravieţuirea,4995
detest,4994
îndepărtează,4994
exprim,4994
Choi,4993
inceteaza,4993
neamul,4992
exploziei,4992
reuşească,4991
structură,4991
pocnit,4990
Georgie,4990
trăieste,4990
laptopul,4988
consiliere,4988
afecţiune,4987
comenzi,4985
britanică,4984
puştoaico,4984
miscati,4982
măreţe,4982
Inuyasha,4981
calde,4981
pacientului,4981
bumbac,4980
îndrăznesc,4978
inteligente,4978
incredibile,4978
Dalton,4977
auziti,4977
imediată,4976
construirea,4976
înţelepciunea,4976
room,4976
implice,4976
lot,4976
Pepper,4975
îngropa,4974
opriţi-l,4973
Ike,4973
Vernon,4973
bazată,4972
vrăji,4972
aparatele,4971
crează,4971
cutitul,4971
autentic,4971
băuturile,4970
atrăgător,4970
progresul,4969
căutau,4969
citeva,4968
night,4967
sângerarea,4967
adversarul,4967
Ram,4966
tatuaje,4966
way,4965
citim,4965
back,4963
computere,4962
vâneze,4962
Ariel,4962
lăudat,4962
mâncând,4961
arenă,4960
examinat,4959
cuplat,4959
uitati-va,4959
sã-l,4958
scuipat,4957
prinde-o,4956
înţelepciune,4954
favoritul,4954
con,4953
cimitirul,4952
culcă,4950
catea,4950
Burrows,4949
caraghios,4948
Bull,4948
plasmă,4947
contat,4946
strălucit,4946
scufunda,4946
diplomă,4946
etapă,4944
efectuat,4944
căruţă,4944
Rene,4943
capsula,4943
cartile,4943
tâmpeniile,4942
Alexis,4941
recuperarea,4941
instrumentele,4941
agenti,4940
conceptul,4940
acestora,4940
Banks,4939
aparţinut,4939
surioara,4938
when,4938
imperial,4938
focurile,4937
bănuţ,4937
frumusete,4937
egali,4935
locuiesti,4933
uitate,4932
muritor,4931
perechea,4930
pătrat,4930
valoroasă,4930
întrece,4929
sinceritate,4928
paste,4927
Force,4927
mandru,4927
iepuri,4927
fraieri,4926
Otis,4925
îndrăgostesc,4925
pariurile,4925
identice,4925
emoţională,4924
primejdie,4922
pielii,4922
cauzează,4922
tribal,4921
orice-ar,4921
sufla,4921
încercai,4919
începusem,4918
soţiile,4918
mărunt,4918
partida,4918
sampanie,4917
coperta,4917
îndrăznit,4916
târfo,4915
locuiţi,4915
permită,4915
explică-mi,4914
confirmare,4913
beta,4912
frunzele,4910
Churchill,4908
liliac,4908
promisiunile,4907
Shanghai,4906
sărută,4905
Pakistan,4905
dormea,4905
seamana,4904
închipuit,4904
cuşca,4903
filmează,4902
păduri,4901
teorii,4900
împrumuţi,4899
karma,4899
liniei,4899
muzicală,4899
eternă,4897
atingerea,4896
cladire,4895
căminul,4895
senat,4895
spartă,4894
obiectez,4894
cărti,4893
sârmă,4893
antidotul,4892
programată,4892
Jasmine,4891
Hawkins,4890
palme,4890
cererile,4889
filmăm,4889
aduceţi-l,4888
descoperim,4888
protector,4886
uleiul,4886
inocent,4886
atragi,4886
Russ,4885
notiţe,4885
poimâine,4884
ciclu,4884
N't,4883
ascuţit,4882
tataie,4881
Leonardo,4881
Clive,4881
cedeze,4880
inveti,4880
certitudine,4880
Illinois,4879
submarinul,4877
supravieţuim,4877
intimitatea,4876
Lorraine,4876
absenţa,4874
they,4874
obsedată,4873
acuzaţia,4873
mănuşile,4872
omucidere,4872
conexiunea,4871
medalionul,4871
revolta,4871
scurtătură,4870
stăpânire,4869
comanzi,4868
domnu,4868
guma,4868
inaintea,4866
Tae,4866
principiile,4866
pasager,4865
spray,4865
nevastă-ta,4864
Rupert,4864
bogate,4864
campionule,4864
trimiti,4863
închide-l,4862
chance,4861
blestemata,4860
pistoale,4860
solicit,4859
confruntă,4859
see,4858
rad,4857
clientii,4856
relativ,4856
expiră,4856
pompa,4856
acuzaţi,4855
psihic,4855
elementele,4853
spitale,4853
pânã,4852
Susie,4852
vrăjitorul,4851
contracte,4850
cântecele,4850
there,4850
hrăneşte,4849
inofensiv,4848
relatii,4848
recupereze,4847
Sierra,4847
Jung,4847
golit,4846
cartofii,4845
arc,4844
drive,4843
made,4842
Prince,4842
bănuit,4841
venele,4841
catolică,4841
uşurat,4841
închidere,4840
trăind,4840
Truman,4839
evacuaţi,4838
usturoi,4837
considerată,4835
depind,4834
alibiul,4833
grame,4832
răzbuni,4832
copia,4832
Aw,4830
certificat,4830
prăjitura,4830
principii,4829
numeroase,4828
îngrijit,4828
interzice,4827
Willis,4827
intrus,4825
mergeau,4825
marine,4825
cercuri,4825
ucisi,4825
pretins,4824
consideraţi,4823
deschisa,4822
labirint,4822
valurile,4822
rataţi,4822
more,4820
lasă-le,4820
hrănească,4819
far,4818
doboare,4818
paginile,4817
comunicat,4817
asiguraţi-vă,4816
hotărî,4815
înțelegi,4815
reușit,4814
îmbracă,4812
spargem,4812
Tammy,4812
poliţistă,4811
from,4811
scule,4811
brăţara,4811
misti,4811
Dutch,4810
mărturisire,4809
adora,4809
creatorul,4809
striptease,4809
frumosul,4808
litera,4808
p.m,4807
insule,4806
III,4806
competiţia,4806
apropiati,4805
agita,4805
News,4804
adineauri,4804
how,4803
vitele,4803
cooperare,4802
tuse,4802
stabilesc,4801
destinat,4800
înţepenit,4798
Hawk,4798
uniforme,4798
Geneva,4798
Trey,4796
solidă,4796
nod,4796
tango,4795
victoriei,4795
Gale,4795
gagica,4793
00FFFF,4793
invitatul,4793
acuzatul,4793
bănuială,4792
cărat,4791
croazieră,4791
obosiţi,4790
sfârşeşte,4790
asiguraţi,4789
informatorul,4788
Ji,4788
trecea,4788
călătoreşte,4786
consult,4785
solară,4784
boxer,4784
curgă,4784
orei,4782
ia-mi,4782
contrazic,4781
rahatule,4781
fapta,4780
fidel,4779
glumeşte,4779
manipulat,4779
ţip,4778
relaxez,4777
vagin,4776
furtuni,4774
corecta,4773
evităm,4773
subs.ro,4772
neglijent,4772
sotului,4772
Jaffa,4772
scaunele,4771
recunoaşteţi,4770
javră,4769
Celia,4769
indicat,4767
supradoză,4767
capacitate,4767
pădurile,4767
Gemma,4766
Richards,4766
îndeplinesc,4764
sonda,4764
a-si,4763
realizare,4762
veterinar,4762
drăguţo,4762
atotputernic,4761
Dracula,4759
taxă,4759
îndepărtată,4759
Mallory,4759
spargă,4758
găleată,4758
defecte,4758
recolta,4757
paralizat,4757
tratatul,4757
intim,4757
distrugeţi,4754
iartă,4751
geniul,4751
home,4750
deces,4750
neaşteptat,4750
încasat,4750
dude,4748
gimnastică,4748
Lindsey,4748
bi,4748
Marianne,4748
pornească,4747
trăiesti,4747
cantitatea,4747
Brick,4747
privesti,4746
cîteva,4746
Summer,4746
începător,4745
Anita,4745
comitetului,4745
titan,4745
tristeţe,4743
Viena,4741
cuţite,4741
recuperezi,4740
instituţie,4740
cumnatul,4740
parţial,4738
town,4738
Sauron,4737
solare,4737
maini,4736
dansând,4735
telegramă,4734
iluzii,4733
obraz,4733
strângere,4733
umil,4732
reparaţii,4732
accepti,4732
invadat,4731
patria,4730
Stifler,4730
expertul,4727
sezonului,4727
elicoptere,4726
Bilbo,4726
înconjoară,4725
Marta,4725
camerelor,4725
certaţi,4723
explozii,4723
Scylla,4722
filma,4722
existenta,4722
sedinta,4721
Kentucky,4721
ştiinţifică,4721
pensionat,4719
farmec,4717
dădacă,4715
rămas-bun,4714
minele,4714
vostri,4713
supraveghez,4712
lipsească,4711
aranjăm,4711
speciali,4711
Andrei,4710
supere,4710
ãsta,4710
Kev,4710
Reddington,4710
corpuri,4709
bătăile,4708
lovesti,4707
înec,4707
Pike,4706
Juliette,4706
portal,4705
concediez,4705
riscă,4704
muscă,4704
internaţională,4702
î,4702
lamă,4701
Isabella,4700
opun,4699
canalele,4699
locuinţă,4698
atatea,4698
modificări,4698
ruj,4698
mintă,4698
exprima,4697
scutece,4696
avort,4696
Buster,4696
germana,4696
amar,4695
informatie,4695
birouri,4694
frecvenţă,4694
ruina,4693
rapizi,4692
mingi,4692
Fran,4691
secundar,4690
zis-o,4690
pluta,4690
Heil,4690
îmbătrânit,4690
prudent,4688
instabil,4687
persoanelor,4686
inteligenţi,4686
ss,4686
locuiască,4684
distractivă,4683
evadeze,4683
naţiuni,4682
Madrid,4681
bagheta,4681
Aurora,4681
pe-aproape,4681
pagube,4680
predă,4679
călătoriile,4679
monitor,4678
întreţinere,4677
boaşele,4677
echipamente,4676
subsolul,4676
dealer,4675
Stanford,4675
negociem,4674
blocaj,4674
traversa,4673
rasist,4670
telecomanda,4668
negrule,4667
îngheţata,4667
tanara,4667
NCIS,4667
raspund,4666
trotuar,4666
uram,4666
Cohen,4664
esenţa,4663
amuzante,4662
frigiderul,4661
stăpână,4661
urina,4661
armură,4661
lacului,4660
amenda,4660
îngrijorare,4658
valabilă,4657
presimţire,4656
chel,4655
saluţi,4655
acuz,4655
suportul,4654
jură,4654
internaţionale,4653
Joanna,4653
who,4653
calmeze,4652
oferte,4651
preferatul,4651
Lila,4650
cookie,4650
greșeală,4648
constă,4647
educat,4647
arăți,4645
procente,4645
săbii,4643
Stanton,4643
voinţei,4643
pregătirile,4642
salvată,4642
dezactivat,4642
senzori,4641
treceti,4641
răpit-o,4641
regim,4641
Cobb,4641
operaţiunile,4640
inselat,4640
aprinsă,4640
coloană,4640
schimbările,4639
lasati-ma,4639
puşi,4639
Industries,4637
invidiez,4637
alcoolic,4635
obligată,4635
microfoane,4635
jura,4634
apropie-te,4634
baba,4634
senatului,4633
începuse,4632
civilizaţie,4632
clădirile,4631
deplasează,4631
Clinton,4631
rusesc,4631
dispăruţi,4631
Theresa,4631
măsurile,4630
mesager,4630
Dewey,4629
oală,4629
roboţii,4629
eliminată,4628
altui,4628
Hydra,4627
bogati,4627
captura,4627
încercări,4626
canalizare,4626
vânătăi,4626
de-ar,4625
operat,4625
marti,4625
intâmplat,4625
intelegeti,4625
uriaşule,4624
teribile,4624
plutonul,4623
calcă,4623
poliţai,4623
Pip,4622
pu,4622
audierea,4621
heh,4621
repară,4621
obiceiuri,4621
reprezentant,4621
zâmbit,4620
Gracie,4620
amintiti,4620
imaginaţi-vă,4618
bărcile,4617
baruri,4617
subestimat,4615
condoleanţe,4615
morminte,4614
orăşel,4614
curu,4614
întinsă,4613
mentală,4611
instruit,4611
microunde,4610
cuprins,4609
bip,4608
devina,4608
pastra,4606
artificială,4606
împing,4606
Jeannie,4605
razele,4604
about,4603
duşi,4603
păstrați,4602
întrucât,4602
înoţi,4602
norocoasa,4601
confrunta,4601
invazia,4600
Shadow,4599
Badger,4599
pricina,4598
problemelor,4598
mâncam,4597
Edie,4596
repete,4596
tărâm,4596
aşezaţi-vă,4596
granita,4595
anunţaţi,4594
Liu,4594
proteine,4594
neaşteptate,4593
Martinez,4593
metroul,4592
şedinţe,4591
tribului,4590
Desmond,4590
pedepsită,4590
etapa,4590
les,4590
datorăm,4589
ezita,4588
miare,4587
decenii,4586
c-au,4586
excită,4585
temeţi,4585
justiţia,4585
patruzeci,4585
benzinărie,4584
mestecat,4584
scoasă,4583
McClane,4583
insişti,4582
Roberto,4581
Rafael,4581
comerciale,4578
cărămidă,4578
unda,4578
gemenii,4577
construieşti,4577
centură,4577
international,4577
integritatea,4576
săgeata,4576
emoţionant,4576
roll,4575
obligaţi,4575
născută,4572
O'Malley,4570
putred,4570
dati-i,4570
stelelor,4569
mîine,4569
prăbuşeşte,4569
superioare,4568
furaţi,4568
curier,4568
autopsia,4567
decurge,4566
Allan,4566
visurile,4566
călugăr,4566
saltul,4566
incolo,4565
curea,4565
baron,4564
mărunte,4564
conţinutul,4563
devotat,4562
exprimat,4562
asta-mi,4562
proprietarii,4561
îndepărtate,4561
bandit,4561
învingi,4560
Gabrielle,4559
imobiliar,4558
zapada,4558
Lannister,4558
afectată,4557
Wright,4556
câștigat,4556
artera,4556
promiti,4556
condamna,4555
livrarea,4555
congresul,4555
haosul,4554
uiți,4554
reabilitare,4554
delict,4553
onora,4552
Magnus,4551
cip,4550
fişa,4550
coarne,4550
facute,4549
lectie,4549
comenzile,4549
exemplar,4548
ferm,4547
Juliet,4547
dezamăgire,4547
tremură,4546
fiice,4546
tricouri,4546
număra,4546
iată-i,4545
visam,4545
geaca,4544
continuam,4544
temerile,4544
cor,4544
proprietăţi,4544
deţii,4544
Pamela,4542
mecanism,4542
concentreze,4542
pm,4541
Oregon,4541
prezervative,4540
Vito,4540
prăbuşi,4539
invizibilă,4539
păzit,4539
grădiniţă,4539
broasca,4539
vagă,4538
tîrziu,4537
înfuriat,4536
trofeu,4536
încheietura,4534
jucăria,4534
teroriste,4533
camp,4533
Benedict,4533
Edmund,4533
Frederick,4533
Woods,4532
împărăţia,4531
răcoare,4529
simboluri,4529
descoperă,4529
pensia,4529
săbiile,4528
Benji,4528
cauţiunea,4528
destinului,4528
mariajul,4527
ţineam,4527
aşezăm,4527
dependentă,4527
tolera,4526
răzbun,4526
arsă,4526
prenumele,4526
împrejur,4525
deranjaţi,4523
oxigenul,4523
trezesti,4523
portocaliu,4522
administratorul,4522
lacom,4521
regizor,4520
Maddy,4519
faimosul,4519
rezolvarea,4518
pupi,4517
DVD,4517
prezis,4517
protejată,4517
porcule,4517
bad,4517
Jerome,4516
stilou,4516
Ghost,4515
profesionistă,4514
revoluţia,4514
salută-l,4514
esenţial,4513
eticheta,4513
ascunzătoarea,4512
aleşi,4512
arse,4512
încălcarea,4511
teroare,4511
suplimentar,4511
recomandare,4510
pânză,4510
Eliot,4509
vestă,4509
gripă,4509
britanici,4509
vindecare,4508
călătoreşti,4508
d-şoara,4507
limitată,4505
porţie,4505
rufe,4505
Dani,4503
susţii,4503
centi,4501
resentimente,4500
Hancock,4499
crize,4499
costurile,4499
negat,4498
solul,4498
Miriam,4498
tomas,4498
scrieţi,4498
dispozitive,4497
formularul,4496
Mater,4496
Jennings,4496
proiecte,4496
acoperim,4496
înşelaţi,4495
Eagle,4495
sim,4494
aruncată,4494
Winter,4494
drepturilor,4493
scoate-ne,4492
intentionat,4492
zâmbiţi,4491
naţiunii,4491
favorita,4491
răsăritul,4491
intoarca,4491
trase,4490
Cristos,4490
câștiga,4490
complot,4488
bridge,4488
mânie,4487
Tristan,4485
străduit,4485
înselat,4484
tăiate,4483
aleasa,4483
Sinclair,4483
magazinele,4483
tobe,4482
vulpe,4482
răzgândesc,4482
electronice,4482
interveni,4480
explicatie,4480
discuţiile,4479
ude,4479
ameninţa,4479
că-ti,4479
delicioase,4478
fricos,4478
privilegiu,4478
gasiti,4477
Matthews,4477
balenă,4476
editor,4476
iernii,4476
zborului,4476
furtunii,4476
împartă,4475
talentată,4474
Sanders,4474
miscati-va,4474
încărcaţi,4474
trateze,4473
en,4473
razi,4473
decorat,4472
cumpărător,4472
sinuciderea,4472
platformă,4470
complimente,4470
Nixon,4470
birourile,4468
frigul,4467
Vinci,4466
fragmente,4466
umblu,4465
clanului,4464
gasca,4463
poşta,4463
admite,4463
ecranul,4462
strat,4461
aprinse,4460
șapte,4458
eficientă,4458
străvechi,4458
umanităţii,4458
cunoşteai,4458
încercati,4457
melodii,4457
vre-un,4457
vizitează,4457
ziceti,4457
canale,4457
înfrunte,4457
cusut,4456
side,4456
regii,4456
aterizează,4456
vehiculul,4455
numit-o,4455
lucrări,4454
încurcat-o,4453
antidot,4453
însămi,4453
procuratura,4453
egale,4452
dinozaur,4451
neplăcută,4449
împlini,4449
aranjamentele,4449
paşii,4449
trădarea,4447
rândurile,4447
jeleu,4446
argument,4445
eºti,4445
votez,4444
audiţie,4444
întîmplă,4443
ceasuri,4443
magnetic,4443
detenţie,4442
acoperite,4442
culmea,4440
cobra,4440
religioasă,4440
insarcinata,4439
reactorul,4437
cârma,4436
adorabilă,4436
întruna,4436
spectacole,4435
spectaculos,4435
durerile,4433
opţiunile,4433
greseli,4433
strain,4432
sirena,4431
turişti,4431
bărbatii,4431
înveti,4430
coarda,4430
infiltrat,4430
ce-nseamnă,4430
Marcy,4430
Jai,4429
raporta,4429
cuminţi,4428
susţină,4427
donator,4426
AMC,4426
regimentul,4426
filmezi,4426
creăm,4425
aromă,4425
plantă,4425
încalcă,4424
cicatricea,4424
uitai,4423
iroseşti,4421
Rush,4421
sapi,4420
pârnaie,4420
Lang,4419
Bear,4418
decentă,4417
relevant,4416
gheată,4416
criminale,4416
Coop,4416
magazie,4415
introduce,4414
Beethoven,4414
sărute,4413
abate,4413
panou,4412
masacru,4412
căutat-o,4411
alerge,4411
putini,4411
hamburger,4410
mirosea,4410
Betsy,4410
mini,4410
lăsate,4410
sarit,4410
tabere,4408
laşule,4408
susul,4408
raţă,4408
repetăm,4408
supun,4407
comite,4407
instanta,4407
audienţă,4405
sÄ,4405
masivă,4405
serviciilor,4403
şobolanii,4403
cara,4403
grevă,4402
ucida,4402
Philippe,4401
omora,4401
constantă,4401
abordat,4400
civilizat,4400
dame,4400
bariera,4400
Riker,4399
controlăm,4396
put,4395
concept,4395
cladirea,4394
americanilor,4393
Harley,4393
socoteala,4392
investiţii,4392
Hale,4392
mananc,4391
Londrei,4391
glob,4391
noştrii,4390
Napoli,4390
Hardy,4388
usoara,4388
detine,4388
uite-ţi,4387
Blade,4387
evidentă,4386
terapeut,4386
unde-ţi,4385
obligă,4385
leneş,4384
penal,4384
alerta,4383
numite,4381
ascunşi,4380
Patterson,4380
saptamâni,4380
complexul,4380
Missy,4380
licenţa,4380
pe-o,4379
nesigur,4379
Maureen,4378
săgeţi,4378
Ferrari,4378
primite,4377
Whitney,4377
radarul,4377
untul,4377
prezenţi,4376
păzesc,4376
Adele,4376
leagăn,4376
împuşcă-mă,4374
zi-i,4374
Pentagon,4374
cult,4374
putine,4373
Julius,4373
misterioase,4372
concura,4372
junglei,4371
Candy,4371
confundat,4370
groaza,4369
tehnice,4369
aliaţii,4369
impactul,4369
internetul,4368
nepot,4368
incapabil,4367
nemernicii,4366
sosească,4366
aruncam,4366
d-nei,4366
dezintoxicare,4366
pictor,4364
dragii,4363
ticalos,4361
disciplină,4361
fortul,4358
care-a,4358
mediului,4358
statie,4357
vestiar,4357
re,4356
ponei,4356
discutaţi,4355
naţiunea,4355
editorul,4354
Skywalker,4354
merităm,4354
portretul,4353
computerele,4353
taco,4352
Soo,4352
demonstrezi,4352
scund,4351
light,4351
ăăă,4350
înfometat,4350
mascat,4349
precaut,4348
toamnă,4348
arata-mi,4348
presedintelui,4347
suna-ma,4347
majestăţii,4347
vene,4347
despărţire,4346
tăcută,4346
men,4345
trădători,4345
împrăştie,4345
întelegeti,4345
caldura,4343
responsabilităţi,4342
Lisbon,4342
Richmond,4342
viclean,4341
bon,4341
imaginam,4341
aminteste-ti,4340
estul,4340
blândă,4340
intervin,4339
spaţial,4339
mentionat,4339
răspundere,4338
Valentin,4337
investiţie,4337
exclusiv,4336
îs,4336
alimentară,4336
look,4336
admirat,4335
iepuraş,4335
organizează,4335
televiziunea,4335
relaxa,4335
fructele,4334
cazat,4334
Manuel,4334
docuri,4334
scuipă,4333
iubitoare,4333
studiază,4333
Timothy,4333
jafuri,4332
înţeleaptă,4332
pătit,4331
incantat,4331
aruncati,4331
mă-sa,4331
contrariul,4330
dispariţie,4329
reportaj,4328
Alabama,4328
Josie,4327
profitul,4327
gatul,4327
patronul,4326
piloţi,4325
procedurile,4325
semnătură,4324
păzească,4324
sugar,4324
ucigasul,4322
centimetru,4322
auriu,4322
zvonul,4321
Harbor,4321
dormiţi,4321
dureroasă,4319
sovietică,4318
încercau,4318
S.U.A,4318
Natasha,4318
fierbinţi,4318
botezat,4317
bâta,4316
sinceritatea,4315
ciudatule,4315
balului,4315
ţigările,4314
râdeţi,4314
evadarea,4314
invitat-o,4314
bolnava,4313
deţinuţi,4313
implicate,4312
desemnat,4312
angajează,4312
izbucnit,4311
ciudatul,4310
cupluri,4310
bronz,4310
Fischer,4309
linişteşti,4307
FBI-ului,4307
disciplina,4307
ramana,4306
păcatul,4306
mutant,4306
fundal,4306
servitorul,4306
laolaltă,4306
reacţionează,4305
dădaca,4304
binevenită,4304
Daryl,4302
Libby,4302
zână,4301
sindicat,4300
muzician,4300
apusul,4300
apreciezi,4299
Cain,4299
manualul,4298
armatele,4298
neg,4298
limuzina,4297
prefă-te,4297
originalul,4297
drogaţi,4296
căpşuni,4295
simultan,4295
Plaza,4295
rămăsesem,4295
acuză,4294
chimică,4293
revanşa,4293
murdari,4292
privilegiul,4292
Cape,4292
certa,4291
heroina,4291
Carver,4291
meteo,4289
Newman,4289
învinovăţi,4288
Gaby,4288
activă,4288
iubite,4288
judecator,4288
antrena,4287
omis,4287
armonie,4287
cercetăm,4286
interpretat,4286
Bank,4285
laptop,4285
two,4285
Andromeda,4285
cunostintă,4284
britanicii,4284
gat,4284
Michel,4284
Herb,4282
Darryl,4281
îndeaproape,4281
cuplul,4280
vag,4279
orizont,4279
piraţii,4278
acuzată,4278
moşul,4278
Monte,4278
vreu,4276
chineză,4275
Lynette,4275
percheziţie,4275
rucsac,4275
tratăm,4275
firme,4274
rechinii,4274
hoteluri,4274
investiga,4273
împrăştiat,4273
îndeplinită,4272
Xavier,4271
uitându-mă,4271
Obi-Wan,4270
Fanny,4269
intime,4268
Addison,4268
Felicity,4268
traim,4268
sarcini,4268
menţinem,4266
Chow,4265
sansele,4264
vaginul,4264
singurătate,4263
superiorii,4263
Skynet,4263
aia-i,4262
înoate,4262
mafiei,4261
rareori,4261
cauciucuri,4261
familiilor,4261
minoră,4261
Stacey,4260
bulevardul,4259
țară,4258
maximum,4258
negociere,4258
trepte,4257
mercenari,4257
înota,4256
servietă,4256
căra,4256
organismul,4255
vicepreşedinte,4255
Coulson,4255
papă,4254
uzi,4254
zgâriat,4253
brandy,4252
standardele,4251
scuturi,4251
Chun,4249
pitici,4249
sesiune,4248
depăşi,4248
clienti,4247
gestul,4247
Dolores,4246
Malik,4246
prevăzut,4245
milionar,4244
Butler,4243
putut-o,4243
unsprezece,4242
evaluarea,4241
print,4241
Karev,4241
et,4240
economii,4240
trăgea,4240
Veneţia,4239
păreai,4239
demisionez,4239
solicită,4238
plasat,4238
veselă,4237
gratuită,4237
însoţi,4237
supara,4237
nopti,4236
Vargas,4235
plicul,4235
faină,4234
îmbunătăţit,4234
sclavul,4233
triplu,4232
combinaţia,4232
papusa,4232
urgente,4232
reprezinta,4232
Maddie,4231
înregistrez,4231
Katrina,4231
voinţă,4231
dezvolta,4231
expoziţie,4230
construcţie,4230
Skinner,4230
Diaz,4229
dintr-odată,4229
lagăr,4228
urmaresc,4228
ruşinos,4226
răsare,4226
groasă,4225
arhitect,4225
functiona,4225
Memphis,4225
vre-o,4224
trimite-o,4224
Tessa,4224
servească,4223
imense,4223
Bryce,4222
plateasca,4222
pastilă,4221
romanul,4221
potrivească,4221
cardinalul,4221
deghizat,4221
tavă,4221
constiinta,4221
runde,4220
virginitatea,4220
bucuroşi,4220
intervină,4220
marchează,4220
atractiv,4219
demonstreze,4219
privea,4218
masinii,4218
sustine,4218
aşteptarea,4218
îndrepte,4217
mecanismul,4215
tunuri,4215
devenise,4214
Nemo,4211
interzic,4210
pocnesc,4210
sug,4210
rezervele,4209
pasionat,4209
săriţi,4209
naspa,4208
ţesut,4208
baloane,4208
capac,4207
parteneriat,4207
realizeze,4207
oricand,4207
scufundă,4206
Christos,4206
președinte,4206
orfani,4205
Trudy,4203
privinţă,4203
hac,4202
salvatorul,4202
risipă,4201
paharele,4200
facturi,4200
răsplata,4200
căţel,4199
schi,4199
acuzarea,4199
odihna,4198
Dumbledore,4198
Golden,4197
hotărăsc,4197
sfori,4196
pasaj,4195
contacte,4195
aste,4194
omletă,4194
antici,4194
locatia,4194
cafeneaua,4194
aspirină,4194
nordului,4194
măreaţă,4194
ferate,4194
văr,4193
Delhi,4193
grohăit,4193
Chinei,4193
fuziune,4193
inclus,4192
sofisticat,4192
Leah,4191
obsesia,4191
neobisnuit,4190
generator,4190
fatală,4190
însoţesc,4189
atrasă,4189
suvenir,4188
steroizi,4188
polițist,4187
diagnosticul,4187
creion,4187
culturi,4187
farfuria,4186
reusesti,4186
ambulanta,4186
folositoare,4186
invat,4186
tigrul,4186
înving,4185
realizează,4185
ucise,4183
galbene,4183
consolare,4183
Suedia,4183
cerebrale,4182
S.H.I.E.L.D,4181
valorile,4181
contrazice,4180
dificultăţi,4180
ceilalți,4179
Odin,4179
Lizzy,4179
receptie,4179
anterioară,4178
usi,4177
Mara,4177
localnicii,4177
şocant,4176
obsesie,4176
vice,4175
tină,4175
cuprinde,4175
Aeryn,4174
Alteţa,4174
măria,4173
păţesc,4172
Heidi,4172
alergând,4172
Moe,4171
profită,4171
elegantă,4170
recentă,4169
rasei,4169
formele,4169
Elise,4168
transmite-i,4168
confort,4168
lasă-mă-n,4167
băiatule,4167
cules,4167
Xena,4165
Beatrice,4165
naviga,4165
transfera,4165
patrulare,4164
agentii,4164
breşă,4164
finale,4163
ştiinţifice,4163
alternative,4162
tăiată,4162
terorism,4162
stânca,4162
plange,4161
serif,4160
cd,4160
liniştesc,4159
tăticu,4159
gustos,4159
spectacolului,4158
materialele,4157
dupa-amiaza,4156
calităţi,4156
container,4156
asume,4156
şampania,4156
complete,4155
borcan,4155
descriu,4154
Wanda,4153
stângul,4153
reduceri,4153
stabilească,4152
oile,4152
ţinteşte,4152
cădem,4151
îndatoririle,4150
onest,4149
incitant,4149
binelea,4146
bazei,4146
lumânare,4145
aliaţi,4145
ţintele,4145
soldaţilor,4144
odihneşte,4144
drepţi,4144
prăjiturile,4142
corecţie,4142
regulamentul,4142
stadion,4141
palpitant,4141
picturile,4140
muniţia,4140
registrele,4139
vânăm,4139
etern,4138
livra,4138
găti,4136
seri,4136
reacţiona,4136
intreba,4135
Malone,4135
aplica,4134
energiei,4134
încã,4134
umani,4133
băieții,4133
that's,4133
calc,4133
drăguț,4133
cerebrală,4133
persoanei,4133
cerneală,4133
Tyson,4132
aflate,4132
Lopez,4131
ofera,4131
maimuta,4131
Norm,4131
odihnim,4131
guvernamentale,4130
raft,4130
ostil,4130
Ramsey,4129
postat,4128
împarte,4127
Hiro,4127
stăpâna,4126
tirziu,4125
Mumbai,4125
United,4124
josnic,4124
aplicat,4123
visurilor,4123
jignesc,4123
apucăm,4123
prostuţă,4122
expune,4122
mafiot,4121
zombie,4121
Union,4120
viselor,4120
doliu,4119
her,4119
încălzirea,4118
Lucius,4118
prosopul,4117
negocieri,4116
posedat,4116
parasi,4116
menajeră,4115
trişat,4114
celebritate,4114
circuitele,4114
priză,4114
Mimi,4112
încăperea,4112
copilaş,4112
dieta,4111
bilele,4111
specializat,4111
fermieri,4111
piloţii,4110
Nell,4110
înconjuraţi,4110
Cora,4110
want,4110
fecioara,4109
lunar,4109
oo,4107
ieşirile,4107
suspecţii,4106
carduri,4105
antecedente,4105
paranoia,4104
chief,4104
aşeza,4103
adaugă,4103
aşteptau,4103
spusele,4103
tăietură,4102
Iowa,4101
sărmana,4101
apocalipsa,4101
marinari,4100
umbrele,4100
vandut,4100
bona,4099
cumpărăturile,4099
sigiliul,4099
blana,4099
gravitaţia,4098
versurile,4098
ascundea,4098
coroană,4098
Klinger,4097
încălcare,4097
ascundeţi,4097
Spence,4097
nemilos,4097
vãzut,4097
flatat,4097
tâmpitul,4096
taţii,4096
numelui,4096
scoici,4096
frumusetea,4095
respiratia,4095
câtorva,4095
Madeline,4095
aburi,4094
saltea,4094
petrecerii,4094
directie,4093
aprovizionare,4093
semenii,4093
feroce,4092
Theodore,4092
combustibilul,4092
forţezi,4092
i-mi,4092
ren,4092
Jensen,4091
corn,4090
înghite,4090
aruncate,4090
vacile,4090
excelente,4089
sirop,4089
acoperă-mă,4088
exploziv,4088
Cylon,4087
cruzime,4086
vecina,4086
notiţele,4086
dintele,4085
smulg,4085
locuitori,4084
sarpe,4084
confidenţial,4084
înlocuiască,4083
bijuterie,4083
fantezii,4082
Saddam,4082
sărbătoresc,4081
placerea,4081
maimuţele,4081
Fish,4081
taurul,4081
telefonului,4080
limuzină,4079
substanţă,4079
umilitor,4078
Trip,4078
vânez,4078
variante,4077
fermecat,4077
acoperiţi,4077
Lynch,4077
him,4076
topor,4076
adaptat,4076
oua,4076
Izzy,4075
porumbel,4075
Sutton,4075
şasea,4075
maică-mea,4074
incidente,4074
declaratie,4072
înlocuitor,4071
torn,4071
corespondenţa,4070
vocii,4070
vrut-o,4070
stadiu,4070
introduc,4069
repetiţie,4069
circuitul,4068
înfrângerea,4068
găurile,4068
seminţe,4068
canion,4067
considerăm,4066
detecta,4066
hrăneşti,4066
artilerie,4066
semnalele,4066
ţestoasă,4065
pulover,4065
urşi,4064
prinsi,4064
Suzanne,4063
urâţi,4063
conducta,4063
rădăcini,4062
ţeavă,4062
actual,4062
evoluţia,4062
bineînțeles,4062
Darrin,4062
pescar,4061
găseşte-ţi,4061
umor,4061
prezenţă,4061
activa,4061
vinovatul,4059
senatorului,4059
copiat,4059
Louisiana,4059
uitati-vă,4058
vaccin,4058
Kprice,4058
adolescentă,4057
originale,4057
umpli,4057
poem,4057
unim,4055
închiderea,4055
gustă,4055
firesc,4054
temperatură,4054
măgarule,4054
sacrifica,4053
horn,4053
loviturile,4053
glumiţi,4053
urmărită,4052
intensă,4052
aflati,4052
sing,4052
Dodge,4051
patriot,4051
vital,4050
zvoneşte,4050
si-ti,4050
ajut-o,4049
Cuddy,4049
deşertului,4048
regulã,4048
dramă,4048
războaiele,4048
blugi,4048
dubiu,4047
sorei,4047
grijuliu,4046
umble,4045
Tuck,4045
medium,4044
marţială,4044
volumul,4043
Starling,4042
orașul,4042
Center,4042
ăstora,4042
întrerupere,4041
uneltele,4040
Brent,4039
motelul,4039
sofer,4039
odinioară,4038
creveţi,4038
pumni,4038
daa,4037
Riggs,4037
triste,4035
tine-l,4035
scoase,4034
balene,4034
servitorii,4034
ambasadă,4034
îngrop,4034
reprezentat,4034
terminal,4033
mostra,4033
zburător,4033
atracţie,4032
săpăm,4032
Cambridge,4031
beneficii,4030
comitet,4029
valoroase,4029
extras,4028
Maxwell,4028
extremă,4027
Massachusetts,4027
relaxare,4026
abilitate,4026
petrecute,4026
cuptorul,4025
ruşinea,4025
buncăr,4024
profeţia,4024
agitaţie,4023
turnător,4022
celorlalte,4022
country,4022
şi-acum,4022
îndepărtează-te,4021
mancam,4021
spuneti-mi,4021
rată,4020
concluzii,4020
acesta-i,4019
Emmett,4019
organizez,4018
negocierile,4018
sărite,4017
Rossi,4017
mărire,4017
factor,4016
Coleman,4015
admirator,4015
well,4015
injectat,4014
filmez,4014
gătească,4014
preţioasă,4014
Ripley,4013
atins-o,4013
ciuma,4013
fleanca,4013
antibiotice,4012
Boone,4011
serioasa,4011
Galactica,4011
picături,4011
Bloom,4011
auda,4011
interzise,4011
take,4009
Baggins,4009
frumosi,4009
îmbrăţişez,4009
întunecă,4009
execută,4009
manierele,4008
operator,4007
costul,4007
greutăţi,4006
cere-i,4005
lideri,4005
Herman,4004
administraţia,4003
Palm,4002
sacră,4002
bătrânului,4001
semene,4001
ţările,4000
Julieta,4000
Dent,4000
gun,4000
Gerard,3999
frontiera,3999
încrede,3999
fierbe,3997
construite,3996
Sfinţia,3995
găseşte-o,3995
teferi,3994
transpirat,3994
Voyager,3994
pulbere,3993
end,3993
colonia,3992
Humphrey,3992
Saruman,3992
pin,3991
formular,3991
conditii,3990
ştiinţei,3990
Christoase,3990
nebunule,3990
toarnă,3989
galeria,3989
neobişnuită,3989
anunţe,3989
D'Argo,3989
testare,3988
satisfăcut,3988
temem,3987
camarazi,3986
hop,3986
izolată,3986
înlocuiesc,3985
identificarea,3984
Hicks,3982
c-aţi,3982
binişor,3980
învingem,3980
sã-i,3980
cancelar,3979
părăsit-o,3979
mărunţiş,3979
josul,3979
circulaţie,3979
veşnică,3977
Devlin,3977
supermarket,3977
acordă,3976
Jorge,3976
jeep,3975
arătau,3974
crab,3974
Pittsburgh,3974
întru,3973
Elijah,3973
înşişi,3972
psihologie,3972
Avocatul31,3972
irelevant,3972
sarea,3971
Sharpe,3971
gratuite,3971
intreg,3971
fişierul,3970
decidem,3970
trăgând,3969
registru,3969
uşurez,3968
ceaţa,3968
Holden,3968
veteran,3967
veri,3966
cantină,3966
Satan,3966
furnici,3965
Carlton,3965
albinele,3965
urmăream,3965
fortat,3964
vândut-o,3964
experţi,3964
parai,3964
ridic-o,3963
învingă,3962
lichior,3962
district,3961
potenţialul,3961
invitată,3961
legende,3961
simpli,3960
câstig,3960
Holt,3960
Springs,3960
ceara,3960
Priya,3959
pregăteam,3959
dinamită,3958
epidemie,3958
Ming,3958
răceală,3958
îndeplinească,3956
normă,3956
spaţiului,3956
cristalul,3955
înconjurată,3954
Paolo,3954
traficanţi,3954
tine-o,3953
tratată,3952
descurcaţi,3952
vindeci,3951
falsificat,3951
anticipat,3951
burlac,3951
tinerilor,3950
biologie,3950
posta,3950
lecţiile,3950
jefuiesc,3950
premii,3950
insista,3949
atingem,3948
legilor,3948
gagici,3948
mesele,3948
astronaut,3947
neaparat,3947
pungi,3947
avocatului,3947
artişti,3947
păzea,3945
pericole,3945
inventezi,3945
hit,3945
Empire,3945
Darius,3944
anulăm,3944
declara,3944
distruşi,3942
non-stop,3942
strânsă,3941
îngroape,3941
arată-te,3940
politicieni,3940
Vance,3939
împuşcăm,3939
dezastrul,3938
Jang,3937
cărăm,3937
baze,3937
operatiunea,3935
Dimitri,3935
stadiul,3934
frăţia,3934
Dwayne,3933
folositi,3933
transmită,3933
cărbune,3932
alternativa,3932
şezi,3932
Oklahoma,3932
inalt,3932
cioară,3931
regizorul,3931
anuntat,3931
elimin,3930
intalni,3930
condiţionată,3930
Hobbs,3930
Dakota,3930
păzeşte,3929
constient,3929
frânge,3929
greşeşte,3928
kilometru,3928
plângeri,3928
Igor,3928
relaţiei,3928
opta,3927
gheare,3927
YouTube,3926
bazin,3926
Sunny,3926
dormitoare,3925
forţei,3925
propriului,3925
Turk,3925
împrejurimile,3924
madam,3924
comandament,3924
Linc,3924
memoriei,3924
fãrã,3924
impostor,3924
declaraţii,3924
n-aveai,3924
ramâi,3924
bucati,3923
condamnarea,3923
angajată,3923
Weaver,3923
comisare,3923
scoli,3922
înțelege,3922
maiestăţii,3922
spionii,3922
asociaţii,3922
matură,3922
Samson,3921
Fernando,3920
joia,3920
eră,3920
consumă,3919
înnebuni,3919
Wing,3918
planificare,3918
ocupam,3918
aranjeze,3918
she,3917
colegă,3917
lumânarea,3916
şcolar,3916
Hyde,3916
scandalos,3916
insulta,3916
treziţi-vă,3916
biet,3915
bou,3915
vampirilor,3914
LAPD,3914
Ferguson,3913
aflată,3912
simta,3912
ciment,3911
traiectoria,3911
schimbam,3911
Vicki,3910
electronic,3909
arhivele,3909
adaugi,3909
pierit,3909
accelerează,3908
tocuri,3908
numeric,3908
genetice,3908
psihiatrul,3908
dezbatere,3908
obstacole,3908
Federaţiei,3907
priveliştea,3907
idea,3907
masive,3906
pup,3906
observator,3906
pijamale,3906
sms,3906
ofiterul,3905
activităţile,3905
I'll,3905
producţia,3904
secretară,3904
sirenă,3904
aducea,3903
lemnul,3903
găseste,3903
pedepsiţi,3902
Mountain,3902
profite,3902
îngropăm,3901
yes,3901
hotarat,3900
anulată,3900
permise,3899
adunaţi,3899
Marissa,3899
gamma,3898
biologice,3898
muşcătură,3898
armăsar,3898
avansate,3897
invită,3897
acorde,3897
şantaj,3897
coridorul,3896
orchestra,3896
ţeava,3896
fortăreaţa,3896
mass-media,3896
Cassandra,3895
Oprah,3895
găsiţi-l,3895
aparte,3894
drogul,3894
obisnuiam,3894
confirme,3893
timidă,3893
fân,3892
asistente,3892
Syd,3892
magiei,3891
mințit,3891
camioanele,3890
si-mi,3889
frământă,3888
mirele,3888
pica,3888
pornire,3887
femelă,3887
manevra,3887
temple,3887
tablă,3887
conserve,3886
respinsă,3886
bă,3886
Bunny,3885
asociatul,3885
amintiți-vă,3884
economiile,3884
urias,3884
Olanda,3884
nenorocire,3884
juraţi,3884
administraţie,3884
receptorul,3884
fa-mi,3883
anomalie,3883
porunca,3882
încăpăţânată,3882
chinuie,3882
suferinta,3881
păcălesc,3881
adolescenţi,3880
naivă,3880
obisnuia,3879
feng,3879
aștept,3879
relaxaţi-vă,3878
unde-l,3878
actiunile,3877
rezistent,3877
Lars,3876
jenat,3876
trabuc,3876
roage,3875
anormal,3875
votăm,3875
Reyes,3874
răsputeri,3874
procese,3873
nobili,3872
Horace,3872
sănătoşi,3872
încui,3872
detectivii,3872
uragan,3872
zane,3871
cupru,3871
vindea,3871
tremur,3870
Mordor,3870
conferinţe,3869
chestiuni,3869
sânul,3868
rezistenta,3868
volanul,3868
vopsit,3867
undele,3867
lat,3866
populaţie,3865
disperaţi,3865
terenului,3865
viziunile,3865
spatiul,3865
figuri,3864
şi-apoi,3864
palid,3864
remarcabilă,3864
camasa,3864
călătorim,3863
infern,3863
învatat,3863
shi,3862
contez,3862
accesat,3862
presupunere,3862
elimini,3862
curiozitatea,3861
prinderea,3861
judecând,3861
expediţie,3861
nazişti,3861
nobile,3860
priviri,3860
investigăm,3859
credinţei,3859
Margo,3858
răspundem,3858
Sloane,3858
Cook,3858
preţioase,3857
biologică,3857
punerea,3857
schemă,3856
babe,3856
bata,3856
priveam,3855
duble,3855
aparare,3855
iubitei,3854
carul,3853
cincisprezece,3853
artele,3852
investigat,3852
crescută,3852
vieții,3852
Boyle,3852
DiNozzo,3852
cumpătul,3852
Bronx,3852
felicitare,3851
lanternă,3851
valora,3850
ringul,3850
York-ul,3850
numita,3850
mexicană,3849
neagă,3849
trupului,3849
biserici,3848
sindicatul,3848
generaţia,3848
deplasat,3848
iniţială,3847
vagon,3847
Wagner,3847
scorpion,3846
lasă-ţi,3846
substanţe,3846
mulţumeşte,3846
înregistra,3845
programarea,3845
rugăciuni,3845
secund,3845
administrator,3844
șeful,3844
atenție,3844
ajutoarele,3844
mortul,3843
antrenaţi,3843
fermecătoare,3842
îngrozită,3842
şteargă,3842
lucrau,3842
flămând,3841
politicienii,3841
operează,3841
Iran,3841
tipe,3840
Bowman,3840
Cesar,3840
compartimentul,3839
can't,3839
foamea,3839
coboara,3839
organizăm,3839
naşterii,3838
urmareste,3838
fortăreaţă,3837
Ginny,3837
Hook,3837
poezii,3836
gres,3836
gemene,3836
parteneră,3836
trandafirii,3835
urmărit-o,3835
personaje,3835
Mesia,3835
amant,3834
desenul,3834
mintal,3834
indoiala,3834
rinichii,3833
neînarmat,3833
muscat,3833
Melinda,3833
Morrison,3833
promovarea,3832
luaţi-i,3832
dement,3832
Bianca,3831
colegilor,3831
emoţie,3830
exersat,3830
prinţe,3830
contră,3830
parti,3830
Borg,3829
construieşte,3829
plimbam,3828
păcătuit,3828
Jade,3825
înfrunt,3825
rezonabilă,3825
independentă,3825
donat,3825
datori,3824
Twitter,3824
acţioneze,3824
Franz,3824
sensibile,3823
verigheta,3823
frişcă,3823
ignoră,3823
intact,3823
c-aş,3822
seriful,3822
optiune,3821
examinare,3821
turmă,3821
serverul,3820
târcoale,3820
frâna,3820
inventa,3820
Aidan,3819
tancurile,3818
prezentaţi,3818
indistinct,3818
vânezi,3817
Wilkes,3817
normala,3816
necesita,3816
zdrobi,3816
oala,3816
avocatură,3816
cheful,3815
mutra,3815
moşule,3815
niki,3815
Capone,3815
însa,3815
respectiv,3814
evidente,3813
apune,3813
Obama,3812
zeiţa,3812
şosete,3811
insectă,3810
trădătorul,3810
gelozie,3809
natal,3809
căpătat,3809
setea,3809
ja,3808
sã-mi,3808
orar,3808
vremii,3807
trucurile,3807
cana,3806
psihiatrie,3806
Nobel,3806
Willow,3806
împuşcat-o,3806
naibi,3805
Cisco,3805
tuneluri,3805
miscati-vă,3804
răzgândească,3804
Rahul,3803
experimentele,3802
cazinoul,3802
cecause,3802
pastila,3802
flăcările,3801
Poe,3800
Jeanne,3800
faima,3800
lansează,3800
Kitt,3798
îndurat,3798
impresionezi,3797
amenintat,3797
neajutorat,3797
blestematul,3796
toxic,3795
munti,3794
piste,3793
Joffrey,3793
atacati,3793
slujbele,3792
protectia,3792
distanță,3792
flux,3792
auzul,3791
rusească,3791
antena,3791
înfăţişarea,3790
cursele,3790
universal,3790
însărcinat,3789
arătând,3789
emisie,3788
frântă,3788
speranţele,3788
urască,3788
marcă,3787
sicriul,3786
atragem,3785
evenimentelor,3785
găteşte,3784
inelele,3782
serul,3781
sărbătoarea,3781
inventez,3781
ditamai,3781
paine,3780
experienţe,3780
fină,3780
Utah,3780
ham,3779
jefuiască,3778
feminină,3778
complicaţii,3778
Mowgli,3778
umanitate,3778
compromisă,3777
sînteţi,3777
Europei,3777
stick,3776
acceptată,3776
influenta,3776
artei,3775
deprimant,3775
comisie,3775
dispăruse,3775
supt,3775
atârna,3774
şut,3773
fiare,3773
avantaje,3772
râsete,3772
burlacilor,3772
Rusiei,3772
Everett,3772
scurgeri,3772
nepotrivită,3771
bun-venit,3770
supraveghezi,3769
Ernest,3769
foşti,3768
palatului,3768
vehicule,3768
critici,3768
Webb,3768
aventurile,3767
protejarea,3767
şoareci,3767
balena,3767
războinicul,3767
hacker,3766
parazit,3766
flancul,3766
citeam,3766
IV,3766
tehnici,3766
plat,3766
geamurile,3766
tabla,3766
tovarăşi,3766
feţei,3765
Shelley,3765
alunga,3764
Princeton,3764
Barb,3764
drone,3763
exersez,3762
digital,3762
întrebari,3761
coroanei,3761
miracolul,3761
traumă,3760
iresponsabil,3760
capra,3759
d-tale,3759
învingător,3759
on-line,3759
menţineţi,3758
totu-i,3758
devenind,3758
vizităm,3758
Apple,3758
soferul,3757
dormeai,3757
sweet,3756
strângă,3756
Tobias,3756
Sayid,3755
clovnul,3754
irosesc,3754
pozitive,3754
vindeţi,3753
ocupati,3753
decesului,3753
Neville,3753
împiedic,3752
vindec,3752
pomană,3752
calităţile,3751
fragil,3750
atractivă,3750
renunţaţi,3749
prostuţ,3749
Carolyn,3748
Sookie,3747
bestial,3747
savant,3747
ridică-ţi,3747
excelenţa,3747
literatură,3746
funie,3746
gândirea,3745
construit-o,3745
manevră,3745
Chet,3743
ascuţite,3743
smulge,3743
pe-al,3741
creativ,3741
vegetarian,3740
perioade,3740
fostului,3740
cercetez,3740
turbat,3739
victorii,3739
etică,3739
faimoasă,3739
răpească,3739
asistat,3739
miez,3738
Nova,3738
tigara,3738
ticăloşilor,3737
servitori,3737
Herbert,3737
Cox,3737
elf,3737
Daily,3737
Julio,3736
atenta,3736
cursei,3736
vulnerabilă,3736
civilă,3736
râdem,3736
Jarvis,3735
rezident,3735
îndepărtezi,3734
modulul,3734
omega,3734
inchid,3734
ghiceşti,3734
blestemaţi,3733
îngropaţi,3732
formidabil,3732
frecvent,3732
sătul,3732
acceptabil,3732
ieşea,3731
tinereţea,3731
deconectat,3731
pluteşte,3731
mătuşii,3730
acţiunilor,3730
cartuşe,3730
afacerii,3729
furioşi,3729
ofițer,3729
Fowler,3728
opusă,3728
cerb,3727
sovietice,3727
pastor,3726
ridicati,3726
schimburi,3726
chimic,3726
taică-tău,3725
inginerie,3724
brută,3724
testăm,3724
vânătorul,3724
grămada,3724
ezitat,3723
Hoffman,3723
măşti,3723
textul,3722
modelele,3722
tech,3722
ţinut-o,3721
oprirea,3721
reusim,3720
ulterior,3720
omoară-i,3720
neveste,3719
îmbrăca,3719
răsplată,3719
stern,3718
legitimă,3718
subtitle,3718
fractură,3718
goala,3717
diabolic,3717
chelneriţă,3717
prevenit,3717
bonă,3717
Missouri,3716
trăsura,3716
luminează,3715
misca-te,3715
cinstiţi,3714
ştiinţe,3714
cha,3714
Antoniu,3714
stăteau,3714
permisie,3713
Lecter,3713
cufărul,3713
entuziasm,3713
explozibili,3712
ruine,3712
procedăm,3712
dovedim,3711
Rohan,3711
solide,3710
şaptea,3710
tupeul,3710
cerceta,3710
tonă,3709
create,3709
obligatoriu,3708
aroma,3708
Merry,3708
proiectului,3708
bâtă,3707
vanilie,3707
abandonaţi,3707
non,3706
salut-o,3705
calce,3705
pranz,3705
Dillon,3705
Jody,3704
angajăm,3704
pregatesc,3704
îmbătrânesc,3704
învinovăţesc,3703
rap,3703
ketchup,3703
răutate,3703
câmpurile,3702
bolii,3702
marketing,3702
Lucille,3702
rangul,3702
Axel,3701
avand,3701
memorial,3701
prietenoasă,3700
supravegheze,3700
Walden,3699
nerăbdătoare,3699
întemeiat,3699
concentrarea,3698
Thea,3698
vopseaua,3698
dragonii,3698
menţii,3698
culise,3697
bătălii,3697
Mozart,3696
dobor,3696
cauzată,3696
presupui,3696
seniorul,3695
alergică,3695
urşii,3694
talentele,3693
Hurley,3693
aruncarea,3693
celularul,3693
vedete,3693
ascultare,3693
Connecticut,3692
răspunderea,3691
Haven,3691
arab,3691
automate,3690
amestecă,3690
Eden,3690
îndrăzneţ,3690
calendar,3690
învârt,3690
înghit,3690
citind,3689
dracul,3689
Mercer,3688
Minnesota,3688
vreunui,3688
Billie,3687
fiinţele,3687
expunere,3687
dreptăţii,3686
venise,3686
încălzesc,3685
inghetata,3684
sunetele,3684
plateste,3683
ironia,3683
Justine,3683
damă,3683
arbitru,3683
Jude,3683
Giovanni,3683
Doe,3682
Sabrina,3682
spitalele,3681
Karan,3681
pastorul,3681
concret,3681
simteam,3681
sportul,3681
comport,3680
dubiţă,3679
amânat,3679
jalnică,3679
articolele,3678
baronul,3678
inceputul,3677
cârnaţi,3676
adulţii,3674
ajutati,3673
confruntare,3673
tactica,3672
papi,3672
intenţionează,3672
dubios,3671
intreaba,3671
producătorul,3670
oficiul,3670
Benson,3669
flacăra,3668
maică,3668
machiajul,3668
supui,3668
grec,3668
bikini,3668
dietă,3667
auzeam,3667
scuzați-mă,3667
gem,3666
Sterling,3666
și-a,3666
tulburare,3666
reverend,3666
apăsa,3665
pumnal,3665
disperate,3665
utilă,3664
trădezi,3664
pasare,3663
personajele,3662
design,3662
curvo,3660
bărbatului,3660
omorâţi-l,3659
Nico,3659
criminalului,3659
jar,3658
copacilor,3658
vãd,3658
Storm,3656
alinierea,3656
Camelot,3656
aplecat,3656
song,3656
etichetă,3656
clipi,3656
perla,3655
atenţiei,3655
Babylon,3655
Turcia,3654
portalul,3654
puneam,3654
grajd,3654
Julien,3654
sprijinit,3653
testez,3653
Norris,3653
Cairo,3652
bandiţi,3651
calatoria,3651
ferme,3651
îndoiala,3650
Laden,3650
scorpie,3650
judecăţii,3650
supraveghetor,3650
băţul,3649
trăgător,3648
har,3647
îndurare,3647
Bangkok,3647
incercati,3646
Ragnar,3646
despartă,3645
actorie,3644
unităţii,3644
versuri,3644
Rodriguez,3643
furişat,3643
modifica,3643
Moss,3643
pânzele,3643
rostit,3642
plinul,3641
drepte,3641
aterizeze,3641
grijile,3640
limonadă,3639
labele,3639
guşti,3638
per,3638
Skipper,3638
refugiaţi,3638
Francesco,3637
ice,3637
Ramirez,3636
genele,3635
prezentul,3634
Olive,3633
nenorocito,3633
polo,3633
senor,3633
defecţiune,3633
sarcinile,3633
tragedia,3632
Florin,3632
gonna,3632
uniunii,3632
mulțumim,3631
motorului,3631
prototip,3631
comunice,3631
Arnie,3631
vilă,3630
însusi,3630
excepţional,3630
verandă,3630
pune-te,3630
setat,3629
niciodatã,3629
Coco,3628
forţează,3627
meteorit,3627
Jed,3627
stiau,3625
artileria,3625
încălca,3625
păstrarea,3624
aşteptaţi-mă,3624
Santos,3624
nucă,3624
cancelarul,3624
Jarod,3624
ignor,3624
slujesc,3624
scor,3624
simulare,3623
Barrett,3623
Elias,3623
staţiile,3623
dorula,3623
istoricul,3623
ţigara,3623
reputatia,3622
picturi,3622
semnificativ,3621
pălării,3621
japoneze,3621
plutesc,3621
rută,3620
mentine,3619
dta,3619
Dolly,3618
trenuri,3618
Trek,3617
Harlan,3617
Pavel,3617
ding,3617
credeți,3617
western,3617
conduceam,3616
rapida,3616
aprinzi,3615
Hubert,3615
Chambers,3615
declanşa,3613
transportă,3613
despartit,3613
stăteai,3612
batalionul,3611
Dickie,3611
stabilită,3611
scădere,3611
tremura,3611
menţină,3610
pis,3610
ya,3610
însura,3610
procent,3609
actorii,3609
castor,3608
suporte,3608
consuma,3608
bufet,3608
Vinnie,3607
retinut,3607
supravieţuieşte,3606
Buffalo,3605
fantezia,3604
discursuri,3604
convingătoare,3604
președintele,3603
îndrăzneşte,3603
ladă,3603
Nadine,3603
bilă,3602
ordinului,3601
Christie,3601
admis,3601
vs,3601
Eliza,3601
bastonul,3601
regate,3600
construcţia,3600
personala,3599
reuniunea,3599
Orlando,3599
sfârşesc,3599
copt,3599
facială,3599
transportat,3599
fugari,3599
sorţii,3599
îndoieşti,3599
varul,3599
Saunders,3599
sprijină,3599
neatins,3599
zoom,3598
nevastă-sa,3597
logodită,3597
mat,3596
cicatrici,3596
fiara,3596
Fargo,3595
necazul,3595
abuzat,3593
treceam,3593
opreşte-o,3593
condiții,3593
deschide-ţi,3592
Moya,3592
beam,3591
sănătăţii,3589
jurămintele,3589
concediezi,3589
trista,3588
producă,3588
poftiti,3588
noutate,3587
Byron,3586
ciorapi,3586
viola,3586
eliminarea,3585
dansam,3585
stabileşte,3585
Decker,3585
găleata,3585
negrilor,3584
apleacă-te,3584
complexe,3584
teoriile,3583
împotrivi,3583
Irina,3582
suspiciuni,3582
latura,3582
depăşesc,3582
holului,3581
distracţii,3581
înregistrate,3581
carnaval,3581
Kirby,3581
vânturi,3581
utilizarea,3581
Angus,3580
incomod,3579
scanarea,3579
presiuni,3578
distrus-o,3578
toporul,3577
Raylan,3577
scurgerea,3576
anunta,3575
Keen,3575
râzând,3574
legăm,3574
Robbins,3574
meritul,3574
demnă,3573
paie,3573
gravitatea,3573
raportaţi,3573
Forge,3573
uluitor,3573
începea,3572
musulman,3571
Sicilia,3571
functionat,3571
dornic,3570
credite,3569
desparţi,3568
clopotele,3567
metaforă,3567
entuziasmul,3567
măcelărit,3566
lesbiene,3566
sigilat,3566
Alvarez,3566
JJ,3566
mercur,3565
nepoţii,3565
Leland,3565
confortabilă,3565
bebeluşi,3564
impune,3564
călăresc,3564
Ahmed,3563
european,3563
episcopul,3563
raspunzi,3562
GPS-ul,3561
licitaţia,3561
câstigi,3560
susţinere,3560
N'-t,3559
zgomotos,3559
identifice,3559
adjunctul,3558
punând,3558
limitate,3558
Perkins,3558
târfele,3557
tu-mi,3556
morcovi,3556
desenezi,3556
şefă,3556
împingeţi,3555
eforturi,3555
Jaime,3555
Fitzgerald,3555
catastrofă,3554
jurnalele,3554
babord,3554
antrenamente,3554
mentale,3554
împlinesc,3554
enerveze,3554
sabian,3554
severă,3553
păcălească,3553
omenire,3552
portarul,3552
bricheta,3552
călugăriţă,3552
exterioară,3551
bunică,3551
urăm,3551
Seven,3550
VIP,3550
Dap,3550
cercetaş,3549
cartelul,3547
franceze,3547
medicala,3546
zboara,3546
castelului,3545
interpreta,3545
falşi,3545
fiert,3544
pieri,3544
where,3543
separaţi,3543
copleşit,3543
Ada,3543
corespunde,3543
felixuca,3542
struguri,3541
joasă,3541
ameţită,3540
îngrijorez,3540
Jeremiah,3540
mesagerul,3540
lămurit,3540
gresita,3540
Terrence,3539
tind,3539
confiscat,3539
antitero,3538
călător,3538
speriata,3537
joker,3537
Marvasmar,3537
email,3536
fragilă,3536
îmbrăcăminte,3535
Tank,3535
imbecilule,3535
holba,3535
exişti,3535
partenerului,3534
stăpânii,3534
comision,3534
terenuri,3534
secreta,3534
hee,3534
vrajitoare,3533
esenţă,3533
bass,3533
capota,3533
amendament,3533
camarazii,3532
somon,3532
portret,3532
Iron,3532
suspecta,3532
cacao,3532
intensivă,3531
music,3531
şi-şi,3531
încălzit,3531
chiuvetă,3530
pi,3530
sambata,3530
call,3529
Andie,3529
Webber,3529
funia,3529
ipotetic,3529
laudă,3528
îngropate,3528
instructor,3528
omu,3528
verificati,3527
sever,3527
tremuri,3527
invităm,3527
zac,3527
Whistler,3526
depistat,3526
cauzate,3526
bine-ai,3526
Katniss,3526
intervine,3526
mânecă,3525
dramatică,3525
strângeţi,3525
părului,3525
dat-o-n,3525
însoare,3525
Brewster,3524
pedepsesc,3523
temporal,3523
Vader,3523
Vladimir,3523
defineşte,3523
strange,3522
reprezentantul,3522
identificăm,3522
asediu,3522
foloseau,3521
hărţi,3521
aspecte,3521
controlată,3521
terminarea,3520
Skye,3520
Diamond,3520
Maryland,3520
fişier,3520
încins,3520
boabe,3520
refac,3519
gândacii,3519
sacre,3519
scăzută,3518
singurătatea,3518
innebunit,3518
nesăbuit,3516
călca,3516
invite,3515
Rhodes,3515
bazezi,3515
bunic,3514
ticalosule,3514
Leroy,3513
rabdare,3512
formare,3512
musafir,3511
măcelar,3510
reverendul,3510
apăsaţi,3509
obtin,3509
ucidere,3509
Margot,3508
flăcău,3507
dărâmat,3507
codului,3506
conduceţi,3506
Ricardo,3505
Linus,3505
nenorocitele,3505
îndrăgosti,3504
cupă,3504
temelii,3504
Reno,3503
electromagnetic,3503
frăţiorul,3503
voteze,3502
şapca,3502
Liberty,3502
evacuat,3501
Praga,3501
adrenalină,3501
nemişcată,3501
ultimei,3501
ediţie,3501
said,3500
jurisdicţia,3499
sfârşească,3498
Griffith,3498
salvează-mă,3497
evită,3497
renumit,3497
Rosemary,3496
sud-est,3496
Germaniei,3496
sculat,3496
insinuezi,3496
obligaţie,3495
traga,3495
spală-te,3495
negustor,3495
udat,3495
Melvin,3494
contine,3494
greva,3494
încredinţat,3493
bastardul,3493
morți,3493
membrilor,3492
păţească,3492
fraza,3492
Klein,3491
Grimm,3491
urmatoare,3490
Cadillac,3490
budincă,3490
temporală,3490
ghicitoare,3489
evacuăm,3489
contabilitate,3489
Frances,3488
bancher,3487
repetiţii,3486
Scuzaţi-ne,3486
încărcate,3485
fierul,3485
inferior,3484
elderman,3484
instabilă,3483
Brandt,3483
coastele,3482
nord-est,3482
înfruntăm,3482
Brutus,3481
însemnând,3480
vomă,3480
frustrant,3479
Singapore,3479
Webster,3479
letală,3478
bam,3478
fat,3477
administrat,3477
agendă,3476
Mackenzie,3476
str,3476
bunăvoie,3475
bau,3475
examenele,3474
poreclă,3474
artificial,3473
răpesc,3473
Pinky,3473
Cherry,3473
tinereţe,3472
pustie,3471
acţionezi,3471
stejar,3471
călărit,3470
utiliza,3470
sculele,3470
ascultă-l,3470
maşinilor,3470
Amos,3469
Hillary,3469
îngrijorarea,3469
beti,3468
Roth,3468
flacără,3468
şmechere,3468
efectua,3468
alaltăieri,3467
sutienul,3467
spiritului,3466
castron,3465
Rodrigo,3465
Lillian,3465
micuţo,3465
yarzi,3465
sincere,3465
stresată,3464
proceduri,3464
trenului,3463
Ingrid,3463
naşti,3463
paturile,3462
ăleia,3462
mu,3461
mexicani,3461
transmiţi,3461
batranul,3461
ne-ati,3461
clopotul,3461
Uhh,3461
hărţuire,3461
călătorească,3460
soia,3460
pariază,3459
manieră,3459
sterline,3459
mîna,3458
voodoo,3458
descoperită,3458
strălucirea,3457
Gallagher,3457
Astrid,3457
Chuckles,3457
datelor,3457
tic,3456
însăţi,3456
cent,3456
adevăraţii,3456
Deacon,3455
stiloul,3454
vrăjitoarele,3454
triburi,3454
stâlp,3453
prosteşte,3453
Marsh,3453
frâu,3453
baraj,3453
sape,3452
eşecul,3452
amandoua,3452
think,3452
încarc,3452
adu-ne,3452
îngheaţă,3451
Guido,3451
exclude,3451
notez,3451
Hoover,3451
înspăimântătoare,3451
Rocco,3450
menţionez,3450
revistele,3450
calendarul,3450
adanc,3449
sovietic,3449
obtii,3449
Chapman,3449
cub,3449
existenţei,3449
protest,3449
traiul,3448
fişiere,3448
fericirii,3447
sap,3447
halat,3447
localizare,3447
alimentarea,3446
pre,3446
conferinta,3446
Hades,3446
revistei,3445
Hayley,3445
toxice,3444
nebunească,3444
fumatul,3443
mail,3443
cretinul,3443
Rafe,3443
meciurile,3443
chestiunea,3442
rase,3442
pasează,3442
hidrogen,3442
heart,3442
naziştii,3442
Cyril,3442
porumbei,3442
oficialii,3442
Slade,3441
sforile,3441
profesie,3440
urmatoarele,3439
listei,3438
presat,3438
umbrelor,3436
celorlalti,3436
tribunalului,3436
lua-o,3435
răspândeşte,3435
oficiu,3435
prim-ministru,3435
sexului,3435
sectie,3434
Hercules,3433
vagonul,3433
amânăm,3433
metalul,3432
împuşcătură,3432
transformarea,3432
linga,3432
exil,3432
great,3432
născuţi,3432
încape,3432
îmbunătăţi,3431
extrage,3431
expoziţia,3431
sefului,3430
grunts,3430
războinicii,3430
Marius,3429
Gomez,3429
bebe,3429
comise,3428
Wisconsin,3427
Winnie,3427
coastei,3427
ucenic,3427
nebuneşti,3427
păstreaz-o,3427
jucătorul,3427
pacienţilor,3427
diferita,3426
ţâţele,3426
batista,3426
Aragorn,3426
evreilor,3426
du-te-n,3426
calcule,3425
creştini,3425
scânteie,3425
căsătoreşte,3425
lopata,3425
micutul,3424
Pegasus,3424
never,3424
locuiam,3424
pornită,3423
conştienţi,3423
spa,3422
parcată,3422
cooperarea,3422
apartamentului,3421
desfăşoară,3421
fatal,3421
bourbon,3420
economic,3420
SEAL,3420
platoul,3419
nt,3419
Clint,3419
funcţionar,3418
extins,3418
Antarctica,3418
parinti,3417
Picasso,3417
propune,3416
Garden,3416
câinilor,3415
foaie,3415
popcorn,3415
Penelope,3414
înscriu,3414
replicile,3413
Vatican,3413
deceniu,3412
bec,3411
tumoarea,3411
alteori,3411
eseu,3410
wc,3410
rezolvam,3409
săracă,3409
Aaah,3408
potriviţi,3408
intenţionezi,3408
profunde,3408
Tang,3407
aranjată,3407
muti,3406
Sharp,3406
programele,3405
radical,3405
iaurt,3405
cantităţi,3405
Francesca,3405
împachetez,3405
fraierul,3405
botez,3404
over,3404
sud-vest,3403
insistent,3402
pictez,3402
Zeke,3401
treptat,3401
busola,3401
sângerez,3401
pen,3401
batalion,3400
sacrifici,3400
planetele,3400
realist,3400
arena,3399
sfârșit,3399
cântăreţ,3398
Murdoch,3398
Norton,3398
înfrângere,3397
funduri,3397
superiorul,3397
Greta,3397
artistic,3397
Perez,3396
Malibu,3396
Emilio,3396
favorite,3396
abandonezi,3396
scoateţi-l,3395
Dev,3395
universităţii,3395
Brock,3394
romantice,3394
informaţiilor,3393
îndepărtăm,3393
premieră,3393
wild,3393
ascuţită,3393
Loki,3392
documentar,3392
învăţat-o,3392
interesanta,3392
terminate,3392
făptaşul,3391
lectură,3391
murise,3390
moştenitorul,3390
securizat,3390
tradat,3389
uraste,3388
acordaţi,3388
profet,3388
Duck,3388
spionezi,3388
gândeste,3388
uniformele,3388
pastrez,3387
cercetător,3387
lau,3387
deranjăm,3386
recunoştinţa,3386
Maximus,3386
avantajele,3385
execuţia,3385
ceata,3385
mijlocie,3385
sit,3384
oprite,3384
fricii,3384
fetito,3384
simpatie,3383
le-ati,3383
ocupata,3382
infectaţi,3382
sfaturile,3381
culoar,3381
insemna,3381
criminalistică,3381
Bird,3380
minți,3380
intereseze,3380
salutăm,3379
Hermione,3379
specifice,3379
vacantă,3379
Buchanan,3379
geamuri,3378
clopot,3378
promiţător,3378
majoritate,3378
restricţie,3378
măsline,3377
da-o,3377
Remy,3377
Marks,3377
amâna,3377
erori,3376
vândută,3376
telefonat,3376
exacte,3376
iaht,3375
discutia,3374
lăsaţi-i,3374
verdict,3373
KGB,3373
descoperite,3372
say,3372
oportunităţi,3372
totodată,3371
majorete,3371
roluri,3371
glumi,3371
hibrid,3370
amnezie,3370
experientă,3370
împrejurimi,3369
predaţi,3368
scolii,3368
reflectă,3368
Alma,3368
campionat,3368
ventilaţie,3368
dezamăgeşti,3367
Teyla,3367
prematur,3367
amantă,3367
cercei,3366
vederi,3366
apelez,3365
ipocrit,3365
Aiden,3365
fluier,3365
laud,3365
desenez,3365
insectele,3365
şanţ,3365
încadrează,3364
jocurilor,3364
sugestii,3364
luptătorii,3364
morale,3363
coşmarul,3363
Florenţa,3363
atom,3363
înapoiez,3362
mentă,3361
Dory,3361
rodeo,3361
temea,3359
vizitatorii,3359
apropos,3359
tronului,3359
papei,3359
găini,3358
Interpol,3358
stirile,3357
Krishna,3356
doze,3356
căprioară,3356
adună-te,3355
violator,3355
posibilităţile,3355
poruncit,3354
rezumă,3354
florina,3354
văzusem,3354
mulţumească,3354
deliberat,3353
manevre,3353
Barton,3353
multele,3352
achitat,3352
strecura,3351
profesia,3351
otel,3351
fiinta,3351
luase,3351
oglinzi,3349
silinţa,3349
nostrii,3349
răsuflarea,3349
lada,3348
ţipe,3348
naşul,3348
încalc,3348
razboiului,3348
plătite,3347
meritat-o,3346
bolile,3346
monezi,3345
zau,3345
sant,3344
operaţiunii,3344
rezolvaţi,3343
prieteniei,3343
fundătură,3342
active,3342
buletinul,3342
respectaţi,3342
Iosif,3341
Dunn,3341
nicicând,3340
simţurile,3340
vânzările,3339
sst,3338
invenţie,3338
industrie,3337
Bubba,3337
gagică,3337
neuitat,3337
maxima,3336
căutati,3335
ziarist,3335
exersezi,3335
categorie,3334
Cromwell,3333
Salvatore,3333
poşetă,3333
Enzo,3332
Mulțumiri,3332
Austria,3332
întrecere,3332
zâmbi,3332
urmărind,3332
perfecţi,3332
foloseasca,3332
gusta,3331
rama,3331
serviţi,3331
bluză,3331
povestile,3331
vulturii,3331
seminar,3330
sanctuar,3330
Olga,3329
aparţii,3329
Aoleu,3329
salvam,3329
chimicale,3328
mâner,3327
sărăcie,3327
caută-l,3326
nevinovate,3326
blocare,3326
freci,3326
înfometaţi,3325
Prem,3325
dinozaurii,3324
paraşuta,3324
rat,3324
simpatică,3323
Sheridan,3323
halatul,3322
asociaţia,3322
măcelarul,3322
veghe,3321
cumnata,3321
igienică,3320
vasului,3320
cretini,3320
trăiam,3320
încurajat,3320
cărucior,3319
spune-ţi,3319
joacă-te,3319
conţin,3319
Constance,3319
Lancelot,3318
pensionare,3317
separa,3316
toc,3316
Eduardo,3316
A.J,3315
meritaţi,3315
portile,3315
confirmată,3313
autorităţilor,3313
foştii,3313
dispăreţi,3313
implora,3312
Myers,3312
palidă,3312
dungi,3311
banul,3311
Weston,3311
capatul,3311
gândești,3310
vândute,3310
literele,3309
mostrele,3309
combinat,3308
Clarice,3308
genu,3308
apuce,3307
bare,3307
agresivă,3307
Nisa,3306
respectuos,3306
rezistentă,3306
ministrului,3306
arestări,3305
cablurile,3305
crescând,3305
pac,3305
barieră,3304
cântăreaţă,3303
împuţită,3303
elimină,3303
simtim,3302
vulgar,3302
comandăm,3302
prinda,3302
întrerupem,3301
dead,3301
Manning,3301
consum,3301
îneca,3300
cascada,3300
inceapa,3300
mulţumire,3300
vârstei,3300
răzgândi,3299
tejghea,3299
plimbe,3299
patului,3299
Greer,3299
peruca,3299
Wendell,3299
elevilor,3298
preoţii,3297
brat,3297
muşca,3296
cazino,3295
ingrozitor,3295
Ethel,3295
Gandhi,3295
ideală,3294
people,3294
dobori,3294
reporteri,3293
capre,3292
Anubis,3292
avansează,3291
ziceau,3291
încordat,3290
morse,3290
procedează,3290
soneria,3290
analizăm,3289
făceaţi,3289
viteze,3289
Xander,3288
stapane,3287
Oleg,3287
Moses,3287
campaniei,3287
operatia,3287
italieni,3286
orarul,3284
SubTeam,3284
convoiul,3284
vechime,3284
tovarăşul,3284
idioti,3284
linistita,3283
miscarea,3283
bombardat,3283
zorii,3282
Weir,3282
dezamagit,3281
stiind,3281
căruţa,3279
Kenobi,3279
Nifty,3279
capela,3279
grei,3278
miraculos,3278
Thailanda,3278
infractorii,3278
mutanţi,3278
căţeaua,3278
animate,3277
nemţi,3277
proprietăţile,3277
afine,3277
coincidenta,3277
brand,3276
leii,3276
ți-ai,3276
laude,3276
cecurile,3275
avocata,3275
toatã,3275
ofensat,3275
Atena,3275
coopera,3275
ordona,3274
afectate,3274
activată,3273
rămaşi,3273
adevar,3273
dubiţa,3273
infecţia,3272
pinguin,3272
bărbați,3271
spionul,3271
nord-vest,3271
first,3271
informatia,3270
petele,3270
Bundy,3270
ghiciţi,3269
serifule,3269
martir,3269
electricitatea,3269
pacientii,3268
T'Pol,3267
Sulu,3267
contractele,3267
mentorul,3267
zâne,3267
reveniţi,3266
Eddy,3266
cățea,3266
încărcare,3265
peşteri,3265
altei,3265
vizuală,3265
măresc,3265
scenei,3265
fiară,3265
alegerilor,3265
mortale,3264
rotund,3264
Connors,3264
make,3264
miile,3264
hartie,3263
respectabil,3263
documentul,3263
apetitul,3263
injecţia,3263
neliniştit,3263
trimiteti,3262
ghinionul,3261
ţăran,3261
balenele,3261
ironie,3261
prinţesei,3261
rapit,3261
gurii,3261
Charlene,3260
dezvoltă,3259
cooperezi,3259
pastreaza,3259
purtarea,3259
obosita,3259
elicopterele,3258
chibrit,3258
colorat,3257
amigo,3257
traduce,3257
economică,3257
viermele,3256
erecţie,3256
cardinal,3256
cerea,3256
vigoare,3254
scandalul,3254
obositor,3253
Biff,3251
Talbot,3251
arhiva,3251
portar,3251
urmau,3251
cercetează,3251
valet,3250
transformare,3249
Tennessee,3248
Uh-oh,3247
Castro,3247
cinei,3247
guinee,3246
armistiţiu,3246
încălzire,3245
strazi,3245
baston,3244
lasat-o,3244
Freud,3243
si-i,3243
negociez,3243
şoseaua,3242
titluri,3241
indraznesti,3240
Savannah,3240
ignorant,3239
Hodgins,3239
Hanson,3239
corupţi,3239
mânerul,3238
ferit,3238
anuleze,3237
copilaşul,3237
vulnerabili,3237
preoţi,3237
basm,3237
reperat,3237
Toronto,3236
incendii,3236
remuşcări,3235
sărbătorit,3235
grase,3235
neplăcute,3234
zahar,3234
veveriţă,3234
gîndit,3234
rămâneti,3234
puşcaş,3234
aripă,3233
dădeau,3233
turist,3232
conecta,3232
albină,3232
înaintează,3232
botul,3232
Orson,3232
peisajul,3232
Afghanistan,3231
fabrici,3231
Fritz,3230
virusului,3230
templului,3230
comporte,3230
Luc,3230
rug,3230
Kristen,3230
Poppy,3230
vulpea,3229
dublat,3229
amor,3228
Lawson,3228
sperantă,3228
complexă,3228
Hauser,3227
grâu,3227
răneşte,3226
Tito,3226
bineveniţi,3226
functie,3225
schimbată,3224
adăpostiţi-vă,3224
plătesti,3224
îndura,3224
prostit,3224
vagabonzi,3223
trăsură,3222
banană,3222
întăririle,3222
tell,3222
navelor,3221
Adolf,3221
candidatul,3221
maestrului,3221
nivele,3221
omoram,3220
reactie,3220
Faith,3220
îngenunchează,3220
Cullen,3219
clovni,3219
Hollis,3219
Africii,3219
Argentina,3217
întrerupi,3216
onorata,3216
crestere,3216
vinuri,3215
Rogue,3215
scoata,3215
felurile,3215
referiţi,3215
rechinul,3214
subestima,3214
oaselor,3214
cosmic,3213
puneţi-l,3213
temniţă,3212
insulţi,3212
tentativa,3212
Tasha,3212
urmari,3212
încontinuu,3212
mămico,3211
condoleanţele,3210
chirurgicală,3210
ascuns-o,3210
investighez,3210
nai,3209
eliberati,3209
his,3207
librărie,3206
Rosen,3206
câmpii,3205
descoperiri,3204
plecase,3204
trenurile,3204
comunică,3202
Beijing,3202
desfăcut,3202
talia,3202
identic,3202
eliminaţi,3200
dusmani,3200
ţipete,3200
recăpătat,3200
cabluri,3200
îndrăgosteşti,3199
frânele,3199
faimoasa,3198
obraznică,3198
consecinţă,3198
provincia,3198
congresman,3197
tradiţional,3197
infanterie,3197
iniţiativa,3196
Parsons,3196
proceda,3196
preţurile,3196
Lil,3196
Declan,3196
artistul,3195
fructul,3195
alunecă,3195
inventează,3195
Callahan,3194
deocamdata,3194
nenorociti,3194
semnată,3194
intregi,3193
abandonez,3193
prezice,3193
death,3193
homar,3193
trădătorule,3193
lingură,3192
călăreşti,3192
forţaţi,3192
şi-un,3192
Rambo,3192
lingura,3191
bântuit,3191
fulgi,3191
caporalul,3191
ve,3190
chibrituri,3190
african,3190
Houdini,3190
sanatate,3190
cortina,3190
hotărâtă,3190
nunţi,3189
Lucia,3189
tăria,3189
încălzeşte,3189
formată,3188
zeiţă,3188
ţeapă,3188
râuri,3188
primavara,3188
muşc,3188
înţepat,3188
dificultate,3187
Foley,3187
aduceţi-mi,3186
recunoştinţă,3186
Borgia,3186
inseamnă,3186
suferind,3186
Filip,3186
stângaci,3184
pistoalele,3184
frustrat,3184
asasinii,3184
văzute,3184
glumești,3183
răsturnat,3182
ninge,3181
butoaie,3181
semnificaţie,3180
semestru,3180
replici,3180
penibil,3180
magnet,3180
mov,3180
Freya,3180
simptom,3179
potoleşte-te,3179
Durant,3178
studieze,3178
pompe,3178
dealurile,3178
contribui,3178
Group,3178
raţional,3178
Stein,3178
avertizeze,3177
uz,3176
inocentă,3176
Hamlet,3175
anchetei,3175
dona,3175
practici,3174
farfurii,3174
spaghete,3174
Waters,3173
sate,3173
Heller,3173
Caffrey,3172
run,3172
Wood,3172
judecaţi,3172
diviziei,3171
rip,3171
falsa,3171
Geoffrey,3171
precisă,3171
interpretare,3170
tunsoare,3170
USS,3170
Ewing,3169
SFZ,3169
casatori,3169
automată,3168
e-o,3168
boys,3168
rădăcinile,3168
dansaţi,3167
miine,3167
cioroi,3167
Mount,3167
ambiţios,3166
răspunzător,3166
haită,3166
Pentagonul,3166
sclavie,3165
cercetători,3165
sacii,3164
şcolile,3164
simţit-o,3163
cadet,3163
incercare,3162
prăjiturele,3162
camuflaj,3162
exemplul,3162
copci,3162
reprezinţi,3161
Balboa,3161
insusi,3160
arca,3160
informaţi,3160
înalta,3160
ocular,3160
Powers,3159
stingerea,3159
atomică,3159
candidaţi,3159
CV-ul,3159
forţez,3158
naval,3158
testului,3158
Eun,3158
postura,3158
Madeleine,3158
distruga,3157
găsiti,3157
cartof,3157
supraveghem,3157
noilor,3157
rover,3156
Abbott,3156
mitralieră,3156
datora,3156
scari,3155
Mindy,3155
funcţiile,3155
trădează,3155
Murph,3155
Cheyenne,3155
Slim,3154
Bender,3154
violat-o,3154
preluăm,3154
trage-o,3153
derivă,3153
profiţi,3152
marţea,3151
rate,3151
desface,3151
conectate,3151
incercand,3150
Paco,3150
petreceţi,3150
investighează,3150
termină-l,3150
ierburi,3150
Belgia,3149
castig,3148
satisfacţie,3148
solemn,3147
tablouri,3147
iubitului,3147
contribuit,3145
trecătoare,3145
Yoda,3145
tuburi,3144
lunile,3144
guvernamental,3144
spânzura,3144
negocieze,3144
presentiment,3144
alergie,3143
clan,3143
potrivita,3143
anxietate,3143
chipsuri,3143
înviat,3143
de-acasă,3142
batrana,3142
idol,3142
ratatule,3142
frază,3142
târăsc,3142
lîngă,3141
mercenar,3141
civilii,3141
valetul,3141
parolă,3140
standarde,3140
Lockhart,3140
sângerat,3140
coca,3140
purtau,3139
repejor,3139
aratam,3139
luati-l,3139
infectată,3139
trebuii,3138
prinse,3137
Peru,3137
Escobar,3137
sunam,3136
şmecherii,3136
lăsați,3136
Noe,3136
dinozauri,3136
grafic,3136
fuck,3136
sacrifice,3135
canadian,3135
celeste,3135
cărtile,3134
coltul,3134
remediu,3133
doborâm,3133
comparat,3133
furtunul,3133
iepuraşul,3132
muzicale,3132
laba,3132
reactor,3132
culme,3131
mar,3131
goi,3130
lampă,3130
frumuşel,3130
declaraţiile,3129
pestele,3129
rămăşiţe,3129
refăcut,3128
Marian,3128
Winterfell,3128
cardurile,3128
ping,3128
Bolton,3128
Leila,3127
grăbească,3127
operatiune,3127
înghiţitură,3127
prag,3126
cailor,3126
3-a,3126
Steph,3126
papagal,3125
Morton,3124
Dudley,3124
ajutaţi-ne,3124
Hopkins,3123
proprietari,3123
locali,3123
son,3122
pacientă,3122
nah,3122
uitându-se,3121
coajă,3121
kilogram,3121
Ridge,3121
pastrat,3120
fluturi,3120
Swan,3120
unealtă,3120
ardei,3120
cîte,3119
ordinelor,3119
sanatos,3119
vitamine,3118
înafară,3118
Slater,3118
includ,3118
prinde-mă,3117
populaţiei,3117
suspectului,3117
sângera,3117
sobolan,3117
tintă,3116
actiuni,3116
vânzătorul,3115
bârfe,3115
Kowalski,3114
perle,3114
mustaţa,3114
benzile,3114
americanul,3114
Warner,3113
adopţie,3113
norocosul,3113
facand,3112
stapanul,3112
agenţiei,3112
inspecţie,3111
acuze,3111
ranger,3111
vremurilor,3111
agăţi,3111
credibil,3111
boboc,3111
referea,3110
preferaţi,3110
importanţa,3110
aranjamente,3110
descurcam,3110
Metro,3109
expunerea,3109
traversăm,3109
nici-o,3109
bătuţi,3109
incorect,3109
glasul,3108
jefui,3108
instalator,3108
unită,3108
lăsati-mă,3108
nerăbdători,3107
scriitoare,3107
O'Hara,3106
Marcos,3106
certam,3106
teroristă,3106
returnez,3105
deep,3105
Ames,3104
înotăm,3103
utilizat,3103
pătura,3103
cacealma,3102
capturarea,3101
lăcomia,3101
calc-o,3101
democraţie,3101
îndoi,3101
intalnirea,3101
glorios,3100
tehnologii,3100
crocodil,3100
rușine,3100
trofeul,3100
Evil,3099
tov,3099
asista,3099
caruia,3099
ingenios,3099
realizată,3099
primare,3099
dark,3099
vaccinul,3098
opriti-va,3098
scufundări,3098
software,3097
dovleac,3097
fugea,3097
imposibilul,3096
aşi,3096
Dubois,3096
Colby,3096
oferiţi,3096
adrenalina,3096
uniune,3095
antidrog,3095
multumita,3095
pneumonie,3095
lauda,3094
Muad'Dib,3094
agită,3094
clase,3094
însoţeşti,3093
Kirsten,3093
Deeks,3093
judecă,3093
Buckingham,3093
contactezi,3093
bebelus,3092
Starbuck,3092
liniște,3092
arătam,3092
amenzi,3091
strige,3091
abătut,3089
similară,3089
purtai,3089
spunându-mi,3089
NATO,3089
Joon,3089
im,3089
poştal,3089
nevestei,3089
lasa-i,3088
surprizele,3088
ospitalitatea,3087
urgenţa,3087
Bethany,3087
negociezi,3086
rupem,3085
dinamita,3085
dispută,3085
durule,3085
sedativ,3084
sateliţii,3084
dispara,3084
convingere,3084
Bagdad,3083
Morty,3082
dac-ar,3082
Barcelona,3082
traversează,3082
înotat,3082
examene,3082
suspectă,3082
topeşte,3081
înşelătorie,3081
superbe,3081
vecinilor,3081
testează,3081
vrednic,3080
mutam,3080
medicului,3080
Meyer,3079
consultat,3078
critica,3078
bagaj,3077
norocosi,3077
iluzia,3077
capsulă,3077
strânse,3077
intactă,3077
Blanche,3077
călări,3077
barmanul,3077
plăcinte,3076
musulmani,3076
învăt,3076
yakuza,3076
serveşte-te,3076
vioară,3076
Charleston,3075
Yeon,3075
muncind,3074
rusii,3074
dispozitivele,3074
accidentat,3074
treji,3073
înnebuneşti,3073
atentat,3073
sabiei,3073
asistentele,3072
țara,3072
sectia,3072
balonul,3072
rebelilor,3072
răutăcios,3072
lichidul,3071
detectorul,3071
vărsare,3071
d-astea,3071
şefi,3071
luminat,3071
ofiteri,3070
cauzei,3070
banchet,3070
Florence,3069
permiteti,3069
diplomat,3069
apasa,3069
Teri,3069
Len,3069
calmăm,3069
vagoane,3068
rubin,3068
trăgătorul,3067
cantec,3067
our,3066
Steele,3066
înaintaţi,3066
picta,3065
vrăjitorie,3065
nerezolvate,3064
conduşi,3064
imunitar,3064
superiori,3064
lectii,3064
noţiunea,3063
sportive,3063
miliardar,3063
împuşcăturile,3063
scadă,3063
mad,3062
păcătos,3061
purtător,3061
zburând,3061
straturi,3060
inspira,3060
lorzii,3060
Springfield,3059
ofiţerilor,3059
istorică,3059
puloverul,3058
examinez,3058
Dino,3058
păsărilor,3058
şocată,3058
negare,3057
fibre,3057
Paddy,3057
rugat-o,3056
Titus,3056
traume,3055
particulară,3054
miresei,3054
Elisabeth,3054
săptămânal,3054
amânare,3054
gangsteri,3054
sună-i,3053
locotenentului,3053
șef,3053
debara,3052
Dubai,3052
localnici,3052
teleportare,3052
îneacă,3051
pianul,3051
Farrell,3051
lansăm,3050
legitimaţia,3050
răspândi,3050
Heights,3050
căutările,3049
gandeste,3049
dovedeste,3049
pacalit,3048
fiinţa,3048
trimita,3048
Caraibe,3047
Tesla,3047
D'Artagnan,3047
picant,3047
pastrezi,3047
frecventa,3046
răpiţi,3046
rezistăm,3046
creaţi,3046
bomboană,3046
notează,3045
lesă,3045
micutule,3044
readuce,3044
împărtăşit,3044
adrese,3044
testelor,3044
prizonieră,3043
numească,3042
juridic,3042
ruinele,3042
talie,3042
Manchester,3042
informare,3041
dezbracă-te,3041
holbează,3041
minerală,3041
asigurată,3040
ficţiune,3040
indreapta,3040
dac-o,3039
colorate,3039
ţineţi-l,3039
urlă,3039
inelului,3039
cascadă,3039
debarcaderul,3038
luau,3038
Shiva,3038
plictiseşti,3038
componente,3037
tentant,3037
şters-o,3036
indiană,3036
drona,3036
orci,3036
predă-te,3036
lame,3036
devenea,3035
Narator,3035
misiunile,3035
cumparaturi,3035
frunză,3035
timpurilor,3035
pături,3034
Sheriff,3034
vertebrală,3033
fetiţei,3033
exteriorul,3033
fulgere,3032
epavă,3032
bunule,3032
analist,3031
civilizaţia,3031
greci,3031
rămasă,3030
spumă,3030
filmările,3030
convoi,3030
apartin,3030
pagubele,3029
Stiles,3029
greacă,3029
playboy,3029
London,3029
sparta,3028
vestiarul,3028
poală,3028
femela,3028
parasesc,3028
Rohit,3028
Scooby,3027
douã,3027
lentă,3027
livrez,3027
MacGyver,3026
iniţiativă,3026
spontan,3026
adresez,3026
neaşteptată,3026
ciorapii,3026
morga,3025
proştilor,3025
chirurgul,3025
ultimului,3024
care-s,3024
medalii,3024
plictiseală,3023
fe,3023
exces,3023
galaxiei,3022
încheiată,3022
ocupaţie,3022
însuși,3022
aproba,3022
Nino,3021
sters,3021
civilizaţii,3021
înmuiat,3021
tobele,3021
grecii,3020
căsuţă,3020
gasps,3019
sămânţa,3019
ri,3019
Cleo,3019
convorbire,3019
Kayla,3019
tentat,3018
Hulk,3018
tâmpiţi,3018
arborele,3018
stadionul,3017
adunaţi-vă,3016
Rabbit,3016
proprietăţii,3016
Rice,3015
navigaţie,3014
exemplare,3014
protocoalele,3014
participă,3014
spațiu,3013
îndreptată,3013
morala,3013
umbrela,3013
dormind,3012
Knight,3012
Siberia,3012
cufăr,3012
lucrai,3012
trăgaciul,3011
vedeți,3011
intentia,3011
grosolan,3011
complici,3010
folosul,3010
observaţi,3010
preliminare,3010
Colleen,3010
iarasi,3010
anonimi,3009
câmpuri,3009
placul,3009
Katy,3009
Felicia,3009
deosebite,3009
organic,3008
daţi-ne,3008
aşezaţi,3008
ipoteca,3007
răbdător,3007
uitării,3006
Carroll,3006
nervoase,3006
săpa,3006
J.J,3005
masculul,3005
declanşează,3005
înaltul,3005
Express,3005
handicap,3005
why,3004
hoti,3004
conflictul,3003
curvele,3003
întorceam,3003
contabilul,3003
exclusivitate,3001
four,3001
Vermont,3001
desparte,3001
acri,3001
fustă,3000
odihnit,3000
subit,3000
curbă,3000
uriaşi,2999
curaţi,2999
autorizaţia,2998
calculatoarele,2998
portiera,2998
cetăţenilor,2998
Izzie,2997
genera,2997
semăn,2997
închisori,2997
blocati,2997
nesuferit,2997
imaginar,2997
Kelso,2997
literatura,2996
executarea,2995
ceasurile,2995
indoiesc,2995
jachetă,2994
provocate,2994
Ursula,2994
executaţi,2994
ţipetele,2994
precise,2994
brăţară,2993
înregistrăm,2993
raportezi,2993
răcească,2992
slăbită,2992
Wei,2992
devastat,2992
politistul,2992
posedă,2992
tava,2991
mituit,2991
inginerul,2990
aparţinea,2990
staţii,2990
egală,2990
arsenal,2990
creştem,2989
ți,2989
staţiei,2988
mincinoşi,2988
gresesti,2988
sume,2988
Leigh,2988
roti,2988
sentinţă,2987
recepţionaţi,2987
stiintă,2987
apelează,2987
iubește,2987
bântuită,2986
coliziune,2986
psihice,2986
stânjenitor,2986
Sven,2986
suflat,2985
părăsită,2985
revenire,2985
metale,2985
Jun,2984
Giles,2984
Micah,2984
neoprit,2982
mitraliere,2982
pepene,2982
licenţă,2982
McCarthy,2981
negociat,2981
utile,2981
Brighton,2981
neidentificat,2980
gărzii,2980
curcubeu,2980
milostiv,2980
Becker,2980
abdomen,2980
comunicarea,2980
flora,2980
defensivă,2980
pestera,2979
barului,2979
exagera,2979
Cutter,2979
navigat,2979
bunăstarea,2979
dac-aş,2979
primitiv,2979
coma,2979
aceastã,2978
spuneaţi,2978
provincie,2978
dezgustator,2978
Howie,2978
AJ,2978
Alzheimer,2977
cant,2977
domul,2976
mondiale,2976
Nikolai,2976
cadea,2975
sifon,2975
guru,2975
Clary,2975
bunele,2975
convins-o,2974
calului,2974
cunoaşterea,2974
strângerea,2974
tâmpenia,2974
legendele,2973
sângereze,2973
psihică,2973
darurile,2973
majoretă,2972
vileag,2972
securizată,2971
perne,2971
inundat,2971
paşnic,2970
contactăm,2970
specifică,2969
impresioneze,2969
draci,2969
vand,2969
beneficiile,2968
distrag,2968
neiertat,2968
Security,2968
Layla,2967
Emerson,2967
ăluia,2967
esuat,2967
îndepărtez,2966
zâmbind,2966
iesirea,2966
povestiri,2966
pixul,2966
agonie,2965
Samir,2965
servitoarea,2965
Saturn,2965
plimbarea,2965
Harlem,2965
redusă,2964
distribuţie,2964
fortă,2964
Alexandra,2963
lina,2963
legistul,2963
înregistrezi,2963
sferturi,2962
Mercy,2962
justifica,2962
curtoazie,2962
Spaniei,2962
pătrundă,2962
organizaţiei,2962
avatar,2962
click,2961
culcăm,2961
cricket,2961
fundu,2961
anulezi,2960
desfac,2960
soluţii,2960
concentrată,2960
Mariei,2960
crucial,2959
politici,2959
premiera,2958
speriem,2958
Yoon,2958
alții,2957
cusca,2957
vizibil,2957
furniza,2957
Vogel,2956
conduca,2956
Murdock,2956
Callen,2955
vointa,2955
amabili,2954
genii,2954
câmpului,2954
te-ntorci,2954
petrolul,2953
rezolvare,2953
aurii,2953
meciului,2952
bazăm,2952
sterge,2952
plutind,2952
antiglonţ,2952
nevinovati,2951
ratează,2951
traficului,2950
întorsătură,2950
clone,2949
principiul,2949
miră,2949
renunte,2949
păstrează-l,2949
studiem,2948
monitorul,2948
conducând,2948
reporterii,2948
doreau,2948
d-soara,2947
incluzând,2946
hemoragia,2946
prostituata,2945
protectorul,2945
stârnit,2945
formaţi,2945
Cortez,2944
împiedici,2944
mintale,2943
grabiti-va,2943
OZN,2943
deteriorat,2943
conversaţii,2942
neclar,2941
rugaţi,2940
stranii,2939
tomografie,2939
deranjul,2939
sefa,2939
cadavrului,2939
spărgător,2939
parcului,2939
lămuresc,2939
adevaratul,2939
castigi,2938
banana,2938
geniule,2938
aranjamentul,2938
strivit,2937
Louisa,2937
Bubuloimare,2937
divertisment,2937
confrunt,2937
controlate,2936
buza,2935
duşmanului,2935
sfera,2934
clasice,2934
livrări,2934
tranzacţie,2934
centrului,2934
Alberto,2934
tehnologiei,2934
blues,2933
contactele,2933
constituie,2933
învăta,2932
sângeros,2932
head,2932
servită,2931
tigrule,2931
deşteptul,2931
arzând,2929
torni,2929
buchet,2929
echipajele,2929
primară,2929
fostei,2929
călduri,2928
dusmanul,2928
lungimea,2928
best,2928
minţiţi,2928
garantează,2927
pânza,2927
Porsche,2927
alătură-te,2927
inferioară,2926
otrăvitoare,2926
digitală,2926
triburile,2926
organizaţii,2926
înrăutăţi,2925
suferea,2925
meritele,2925
miercurea,2925
zgârieturi,2925
fiinte,2925
Braddock,2925
republican,2924
enervantă,2923
jefuim,2923
suspectează,2923
jefuieşti,2922
cala,2922
hoo,2922
Garth,2922
v-as,2922
închide-o,2921
chemare,2921
predici,2921
propriilor,2921
domnişoarei,2921
industrial,2921
tunele,2920
supravieţuitorii,2920
page,2920
argintiu,2920
Rivers,2920
declară,2919
motivat,2919
istet,2919
idioate,2919
reluăm,2918
străpuns,2918
profităm,2918
ucigaşii,2918
Janey,2918
sfoara,2918
Seymour,2917
let,2917
liniştească,2917
afurisite,2917
golan,2916
drăguţa,2916
pactul,2915
resping,2915
maraton,2915
MI6,2914
splendidă,2914
otrăvită,2914
blindate,2914
jacuzzi,2914
them,2913
pornografie,2913
Dora,2913
delicate,2912
strălucire,2912
sufrageria,2912
Ruiz,2912
zii,2912
celulelor,2911
puscarie,2911
invincibil,2911
atâtia,2911
Zhang,2911
Georges,2910
ratat-o,2910
radiografie,2910
legitim,2910
căzând,2910
Spider,2909
minori,2909
frână,2909
chemati,2909
sângeroase,2909
Suzie,2909
pregatiti-va,2908
abandonăm,2908
Navy,2907
Cecil,2907
Fury,2906
telecomandă,2906
management,2906
asteroid,2906
îngropi,2906
angajatul,2905
antrenează,2905
Ritchie,2905
dig,2905
înfiinţat,2905
Lilith,2905
şa,2905
setul,2905
Ko,2904
măduva,2904
grăbeşte,2904
inchisa,2904
ecou,2903
stricte,2903
Damian,2903
v-ați,2903
milos,2903
ţesutul,2902
familiarizat,2902
palavrageala,2902
pescuitul,2902
lăsam,2902
imbracat,2902
cunoști,2902
Masters,2902
imprevizibil,2902
Anders,2901
votează,2901
Ida,2901
pereti,2901
spiritelor,2901
jucator,2901
ţărani,2900
trasă,2900
şobolanul,2898
usoară,2898
vis-a-vis,2898
rolurile,2897
aye,2897
condamnată,2897
capu,2897
maturizat,2897
lasagna,2897
indicaţii,2896
sui,2896
Marwan,2896
Wilder,2896
integritate,2896
bule,2894
deajuns,2894
ligă,2894
bagă-l,2894
populare,2894
proştii,2893
server,2893
ardere,2893
alunecos,2893
Jacobs,2892
floricele,2892
decanul,2892
duşmanilor,2892
cedez,2891
roci,2890
spargerea,2890
bandei,2890
zgârcit,2890
convocat,2889
ţicnit,2889
şerpii,2889
tehnician,2889
așteptat,2888
jucati,2888
temperament,2888
Prescott,2888
consola,2888
salute,2888
răcire,2887
Irving,2887
gigantic,2887
conditiile,2887
J.R,2887
Federaţia,2887
Clouseau,2887
regiment,2886
vream,2886
roșu,2886
urmaresti,2885
leşi,2885
motociclete,2885
turna,2884
paralel,2883
terasă,2883
previzibil,2883
retrageţi-vă,2882
cercetătorii,2882
C.I.A,2882
polonez,2882
campioni,2882
Crawley,2882
Evie,2882
strategic,2882
complimentele,2881
antichităţi,2881
îngrăşat,2881
regilor,2880
diagnosticat,2880
colonii,2880
superficial,2880
biciclete,2880
sania,2879
oprește,2879
contuzie,2879
yankee,2879
adecvată,2878
cântam,2878
leşin,2878
răpitorii,2877
impinge,2877
americana,2877
trauma,2876
ordonă,2876
ghetou,2876
binecuvântaţi,2876
magnifică,2876
privirile,2876
convenit,2876
omorît,2876
bătrâneţi,2875
ici,2875
feresc,2874
foarfece,2874
exactitate,2874
vizitele,2874
hotărâţi,2874
Grove,2873
kile,2873
transformăm,2872
Toto,2872
sergente,2872
ridicarea,2872
economice,2872
donaţie,2872
desteapta,2872
conectaţi,2872
Bess,2872
deţinuţii,2872
cauciucurile,2871
oaspeti,2871
nenorocitii,2871
domnişoarelor,2871
indienilor,2871
beneficia,2871
triunghiul,2870
loială,2870
scumpul,2870
fabricat,2870
Edison,2870
Yankees,2869
Annei,2869
nepotului,2869
scoateti,2869
Josephine,2868
casatoriti,2868
tablourile,2867
rampa,2867
arătai,2866
frontal,2866
prădător,2865
Bombay,2865
angajaţilor,2865
păţeşte,2865
Yard,2865
SHIELD,2865
faceţi-o,2865
faceţi-vă,2865
laterală,2864
placinta,2864
Crixus,2864
conductă,2864
ţintei,2864
citea,2864
atlet,2863
inconştientă,2863
der,2863
salvator,2862
pudră,2862
es,2862
raspunsuri,2862
mărul,2862
salutat,2861
buletin,2861
Dorian,2860
Reg,2860
Mattie,2860
Nero,2859
laboratoarele,2859
contesă,2859
aiureli,2858
actorul,2858
droghezi,2857
se-ntâmple,2857
Emil,2857
mătură,2857
curentă,2857
Davey,2857
ţap,2856
lucrati,2856
ocupaţi-vă,2855
depozite,2855
cumplită,2855
geamăn,2854
aerisire,2854
Fisk,2854
creştină,2854
statea,2854
ospitalitate,2854
subterană,2853
detonatorul,2853
încrucişate,2853
antrenăm,2853
lea,2853
intervii,2852
abordarea,2852
înapoia,2852
linge,2851
rişte,2851
îngrijirea,2851
simtul,2851
pretext,2850
Morgana,2850
sinucigaş,2850
taţi,2850
acordată,2849
lopată,2849
rămăsese,2848
Nathaniel,2848
Raines,2848
Goodwin,2847
picioarelor,2847
englezesc,2846
bărbia,2846
branza,2845
Vlad,2845
capabile,2845
ăstea,2845
Gollum,2845
hoaţă,2845
îneci,2845
rădăcină,2845
cavalerie,2844
galaxii,2844
poponari,2843
Kathryn,2843
Jamaica,2843
glorioasă,2843
activaţi,2842
alias,2842
spuneţi-le,2842
Kimberly,2842
modei,2842
creaţie,2841
situatii,2841
mormăieli,2841
papuci,2841
nervoşi,2841
avertizezi,2841
Sylvester,2840
feriţi-vă,2840
enorme,2840
torpilele,2839
Planet,2839
muncesti,2839
neutru,2838
prinde-i,2838
renume,2838
Main,2838
duse,2838
deprimată,2838
Danemarca,2838
electronică,2837
asigurați-vă,2837
sărată,2837
Collier,2837
furnizat,2837
ierti,2836
manuală,2836
fascinantă,2835
recuperează,2835
sclavă,2835
intalnesti,2835
îndepărteze,2835
cota,2835
sfătuit,2835
piramidă,2834
mărturisească,2834
atacatorul,2834
colaterale,2834
unice,2834
sustin,2834
scapam,2834
adezivă,2834
naste,2834
adormită,2833
strălucească,2832
oferită,2832
creasca,2832
fuseseră,2831
Lonnie,2831
cântăreşte,2831
răzbunat,2830
Thorne,2830
ceau,2830
viza,2830
bice,2830
bând,2830
Optimus,2829
teritoriile,2829
marturie,2828
zărit,2828
context,2828
paraziţi,2828
prăbuşirea,2827
Hyun,2827
margarita,2827
nevinovăţia,2827
masacrul,2827
îngerilor,2827
daunele,2826
formal,2826
Edna,2825
asteptai,2825
vitală,2825
Horatio,2825
filtru,2825
aptitudini,2824
urla,2824
bastardule,2824
Asgard,2824
pasta,2823
declaratia,2823
Kendall,2822
anvelope,2822
aduşi,2822
criminalilor,2822
Garfield,2821
Philly,2820
did,2820
simbolurile,2820
aranjate,2820
artistă,2820
sinistru,2819
istorice,2819
viermii,2819
divort,2818
succesului,2818
speriati,2818
predică,2818
iniţiat,2817
strădui,2817
sparte,2817
prostuţule,2817
tavanul,2816
şoferului,2816
repetaţi,2816
sandvişuri,2815
camping,2815
Sonya,2815
fratilor,2815
gâscă,2814
pune-mi,2814
justitie,2814
chiuveta,2813
excitant,2813
primită,2813
sfâşiat,2813
bestii,2813
contactează,2813
tactic,2812
lipsiţi,2811
afecţiunea,2810
corul,2810
sărutat-o,2809
raporteze,2809
ruginit,2808
câstigă,2808
pretinzând,2808
dificila,2807
barbar,2807
Owens,2807
cite,2806
viteaz,2806
aterizarea,2805
curînd,2805
Higgins,2805
continuarea,2805
conducte,2805
depozitare,2805
Muhammad,2804
burrito,2804
devotamentul,2804
omoar-o,2803
ți-e,2803
Suzy,2803
hangar,2803
MacLeod,2802
măcel,2802
trupei,2802
umilinţă,2801
chicoteste,2801
Hazel,2801
carui,2801
tuburile,2801
valoreaza,2801
cerneala,2800
craciunul,2800
atracţia,2800
ruseşti,2800
unesc,2799
rezistenţei,2799
ciumă,2799
păpuşile,2799
pilota,2799
examina,2799
linişti,2799
baton,2799
faceai,2799
poala,2799
înjunghii,2798
soţi,2798
contractului,2798
distraţi-vă,2798
minimă,2798
imperială,2797
emotii,2797
eroic,2797
însoţit,2797
uns,2797
Carmine,2797
retrage-te,2797
poruncesc,2797
blocheze,2797
monument,2797
creat-o,2797
ezitare,2796
Turtle,2796
știri,2796
candva,2796
Bernadette,2795
fascinat,2795
perucă,2795
fă-ne,2795
emoţionale,2795
proprietarului,2795
spada,2794
închiriez,2794
şi-ai,2794
şoferi,2794
cine-ar,2793
direcţii,2793
evadezi,2793
telegrama,2793
JFK,2793
Lambert,2792
Ziva,2792
amantul,2792
vocale,2792
Thorin,2792
fermoarul,2792
decor,2792
virează,2791
legiunea,2791
teroristul,2791
daaa,2791
luminoasă,2791
Serghei,2791
Egiptul,2791
muştar,2790
bruscă,2790
tribut,2790
poc,2790
n-aveti,2789
aflau,2789
zidului,2789
Chung,2789
ascundeţi-vă,2789
dobitocul,2789
pion,2788
deveniţi,2788
angajamentul,2788
primăria,2787
spunându-i,2787
turnurile,2787
implicati,2786
fragment,2786
interogatoriul,2786
carton,2785
nemernicilor,2785
pedepsească,2785
determină,2784
hambarul,2784
decolează,2784
Vern,2783
della,2783
gena,2783
Berkeley,2782
părerile,2782
programa,2782
cetatea,2781
puteaţi,2781
Kato,2781
Joo,2780
ratată,2780
spalat,2780
respectivă,2780
Lyra,2780
psihologică,2780
uluitoare,2780
visuri,2780
încuietoare,2780
deodata,2779
Istanbul,2779
Vijay,2779
dentară,2779
ursuleţ,2779
verbal,2779
Bucky,2779
teroarea,2778
subiecte,2778
îngheţ,2778
Kagome,2778
directoarea,2778
onoraţi,2778
nepoliticoasă,2777
adevăratele,2777
Orion,2776
înrăutăţeşte,2776
arătat-o,2776
scufundare,2775
blood,2775
ocol,2775
de-aş,2775
Rygel,2775
liniilor,2775
Scotland,2775
urgență,2774
judece,2774
inventarul,2774
descoperiţi,2774
Stannis,2774
pedepseşti,2773
ritualuri,2773
şantier,2773
WEB-DL,2772
Garrison,2772
domniei,2771
blestemate,2771
voluntară,2771
provocată,2771
duceti-va,2771
Hayden,2770
şi-atunci,2770
uraniu,2769
palaria,2769
generozitatea,2769
Japoniei,2769
sunati,2769
beneficiul,2769
imunităţii,2768
functioneze,2768
apararea,2767
explicaţi,2767
dureroase,2766
pozitii,2765
spălăm,2765
înalţi,2764
Dublin,2764
îngrijoreze,2764
rochiile,2764
Village,2764
sotii,2764
pisicuţă,2763
solicita,2763
generează,2763
urmăreau,2763
sultan,2763
beţe,2762
Elle,2762
concurent,2762
tratamente,2761
Cotton,2761
exmatriculat,2761
guler,2761
investitori,2761
puştiului,2761
corzi,2760
Harmon,2760
tia,2760
fruct,2760
trăiau,2760
Dobbs,2760
colaborare,2760
Gohan,2759
sprijine,2759
deplasa,2759
discreţie,2758
Marsilia,2758
Petra,2758
funcţional,2758
dăruiesc,2758
videoclip,2757
strâmt,2757
refacem,2757
Marla,2757
profeţie,2756
saluta,2756
razbunare,2755
închide-ţi,2755
strălucită,2755
Ferris,2755
psihologice,2755
stranie,2755
recunoaşterea,2755
Skip,2755
întelegerea,2754
treisprezece,2754
Ozzy,2754
bol,2754
Cage,2753
alinare,2753
compasiunea,2753
conflicte,2753
shaolin,2752
participarea,2752
Hammer,2752
corupţie,2752
nevestele,2751
votaţi,2751
înece,2751
rival,2750
penele,2750
nasoale,2749
încoa,2749
clarific,2748
tăieturi,2748
Lem,2748
păzeşti,2748
episcop,2747
agenţilor,2747
manipula,2747
foloseam,2747
neobişnuite,2747
sticlele,2746
bandiţii,2746
tristeţea,2746
relaxeze,2744
Ambrose,2744
urasti,2744
centrale,2744
Pitt,2743
prof,2743
periculoasa,2743
semestrul,2743
purtătorul,2742
klingonian,2742
eşarfa,2742
tu-l,2741
topi,2741
Baldwin,2741
acasã,2741
interval,2741
piei,2740
coopereze,2740
scrupule,2739
casatoria,2739
he's,2739
dezbrac,2739
parintilor,2739
subestimezi,2739
impozite,2738
ucide-mă,2738
expusă,2738
gogoaşă,2738
marilor,2738
acceptate,2738
amestecate,2738
chipurile,2737
patetică,2737
Baek,2737
făcusem,2737
îndrăgostiţilor,2736
Seung,2736
carceră,2736
adresele,2736
toane,2735
Sméagol,2735
acestă,2735
curcanul,2735
faptelor,2735
plangi,2734
albul,2734
mazăre,2734
şterse,2734
montat,2734
antrenorule,2734
momentului,2733
CIA-ul,2733
ridicole,2733
vrăjitori,2732
încrezut,2732
trusă,2732
obişnuiai,2731
Raoul,2731
labe,2731
tinereţii,2731
pacienti,2731
referire,2730
grasule,2730
eliberării,2730
săracii,2729
căştile,2729
Havana,2729
copoi,2729
împărţiţi,2729
marimea,2729
grenada,2728
capelă,2728
neterminate,2728
gustări,2727
difuzor,2727
ramanem,2727
bodyguard,2727
câştigătoare,2727
glontul,2727
Vinny,2726
Pinocchio,2726
micuţe,2726
şerveţel,2726
dracii,2726
supraveghetorul,2726
acvariu,2726
Zhao,2725
conductele,2725
consumul,2725
localizăm,2724
orezul,2724
furnizor,2724
Sasuke,2724
lesinat,2724
binenteles,2724
sake,2724
nepreţuit,2723
Costello,2723
Nebraska,2723
tiran,2723
trezeste,2722
italienii,2721
ră,2721
lost,2721
depăşiţi,2721
adapost,2721
jegos,2721
aceiasi,2721
revăzut,2721
Toretto,2721
intregul,2720
părem,2719
Granger,2718
dorească,2718
Metropolis,2718
vorbitor,2718
curăţaţi,2718
comporti,2718
scurţi,2718
răceşte,2718
Matei,2718
scoate-ti,2718
jucau,2717
cucerească,2717
recunostintei,2717
some,2717
sentimentală,2717
Palermo,2717
constituţia,2716
Sybil,2716
incotro,2716
congelator,2716
Gossip,2716
nucleul,2716
vita,2716
hobbit,2715
bazate,2714
generalii,2714
realizarea,2714
alunge,2714
prietenoşi,2713
returna,2713
mire,2712
etape,2712
umplem,2712
vrăjit,2712
pinguini,2712
six,2711
fantastice,2711
stricate,2711
aducerea,2711
epocă,2711
Bowl,2711
ruşinat,2711
aluminiu,2711
nevătămat,2711
Chewie,2711
soro,2710
sinteti,2710
ziarului,2710
sufocat,2710
indiciul,2710
scriitori,2710
puterilor,2710
acţionez,2709
slujit,2709
curry,2709
semnalizare,2709
ucigaşă,2709
descrii,2708
Roxanne,2708
oarbe,2708
uitat-o,2708
mariaj,2708
chile,2708
prindere,2708
culege,2707
Arjun,2707
egiptean,2707
Lucien,2707
ob,2706
şosetele,2706
păreri,2706
fracturat,2706
hangarul,2706
caini,2705
graniţele,2705
reteaua,2705
înspăimântă,2705
îndreptam,2705
Lexi,2705
câştigul,2704
profetul,2704
curierul,2704
Pauline,2704
posibila,2704
Schultz,2704
titlurile,2703
muntii,2703
respirat,2702
muncitoare,2702
turnuri,2702
terminalul,2702
necesitate,2702
been,2702
formularele,2702
înseli,2702
crezut-o,2701
digitale,2701
Hailey,2701
rezervarea,2701
terestre,2701
romană,2701
multumi,2700
prădători,2700
deviat,2700
lumânările,2700
Nana,2700
locaţii,2699
iubiti,2699
retea,2699
copertă,2699
alese,2698
lăcomie,2698
tânar,2698
Gregor,2698
cinic,2698
Cylonii,2698
îmbarcare,2698
mistere,2698
soră-mea,2698
expuşi,2697
tragică,2697
şopârlă,2697
purtare,2697
inconfortabil,2697
judecători,2696
slăbiciunile,2696
căţelul,2696
Casanova,2696
fetită,2696
cheamă-i,2696
plângeţi,2695
etica,2695
probabilitatea,2695
trage-l,2695
Almeida,2695
nesigură,2694
Regan,2694
ceresc,2694
salvati,2694
Deborah,2693
draperiile,2693
considerabil,2693
frumuşică,2693
invidios,2693
cercetaşi,2693
amestece,2693
sexuala,2692
serile,2692
Marjorie,2692
minunatul,2691
targă,2691
disco,2691
gusturile,2690
cautare,2690
Russo,2690
haita,2689
formarea,2689
contribuţie,2689
înrăutăţit,2689
Montreal,2688
şerveţele,2687
contactaţi,2687
răsplăti,2686
relua,2686
Petey,2686
frontului,2685
Singer,2685
Hilton,2685
accesez,2685
fuziunea,2685
împac,2684
cireşe,2684
Lennox,2684
graşi,2684
scriitorul,2684
care-am,2684
ducesă,2683
împrumutul,2683
zahărul,2682
refuze,2682
formatie,2682
confortul,2682
relatiile,2681
could,2681
guvernamentală,2681
spălare,2681
manuscrisul,2681
miscă-te,2681
ministerului,2680
avansuri,2680
lovind,2680
honey,2680
cânti,2680
altitudinea,2680
Ernesto,2680
lăsarea,2680
fraierilor,2679
dobândă,2679
tatuat,2679
ami,2679
golul,2678
ieşeam,2678
cartel,2678
astm,2678
fătălău,2677
conacul,2677
reduc,2677
roţile,2676
motto-ul,2676
comunic,2676
memoriile,2676
Strauss,2676
recepţia,2676
ramân,2675
pustii,2675
bombei,2675
începerea,2675
Rach,2675
concedieze,2675
karaoke,2674
obligaţii,2673
vin-o,2672
cruţat,2672
dezertor,2672
dispeceratul,2672
contagios,2671
turbo,2671
întreabă-i,2671
Bambi,2670
audienţa,2670
influenţat,2670
mango,2670
experţii,2670
raiului,2670
dezleagă-mă,2670
îngheţate,2670
fanteziile,2670
Maxine,2669
singuratică,2669
ticăloasă,2669
galbeni,2669
calda,2669
mișcă,2669
mi-aduc,2668
găseşte-mi,2668
dânsa,2668
poanta,2668
cerceii,2668
foaia,2667
tovarăşii,2667
mitraliera,2666
sergentului,2666
presează,2666
lentile,2666
bogăţie,2665
concediaţi,2664
intersecţie,2664
opui,2664
evidenta,2664
corporaţie,2663
predare,2663
comerciant,2663
recunoscator,2663
tulburări,2663
reporterul,2663
suspendată,2663
gripa,2662
interioare,2662
uitată,2662
conversație,2662
sfătui,2662
pictezi,2661
lipici,2661
sistemelor,2661
duceau,2661
opinii,2661
lanseze,2661
ascunselea,2661
cutremure,2661
logodiţi,2661
lanţurile,2661
cine-l,2660
Weiss,2660
mouse,2660
anomalii,2660
epuizată,2659
roate,2659
caviar,2659
închiriată,2659
lunea,2659
ruda,2659
şoaptă,2658
drăcie,2657
masculină,2657
pipa,2657
împărtăşi,2657
bărbie,2657
Simms,2657
angajare,2656
broaşte,2656
Peeta,2656
aşteptările,2656
stiati,2655
multora,2655
Centauri,2655
banal,2654
recrut,2654
Lulu,2654
legumele,2654
patron,2654
Hawkeye,2654
Seo,2654
Indiei,2654
imun,2654
organ,2654
vrăjeală,2653
munitie,2653
Jimbo,2653
ananas,2653
greşi,2653
obligaţia,2652
venituri,2652
decolat,2651
absolvent,2651
largi,2650
sănătoase,2650
Kumar,2650
Cassius,2649
iminent,2649
harul,2649
torpile,2649
morocănos,2649
Cenuşăreasa,2649
inventat-o,2648
distractia,2648
gresesc,2647
bucăţile,2647
pasajul,2647
computerului,2646
nodul,2645
ţintit,2645
Sykes,2645
malefică,2645
detectivului,2645
adresat,2644
capturaţi,2644
urcati,2644
tir,2644
şaselea,2644
speed,2644
culoarul,2644
îmbrăţişat,2644
arhivă,2644
gorilă,2643
curăţătorie,2643
displace,2643
decapitat,2643
atârnat,2642
basta,2642
vodka,2642
burgeri,2642
apartamentele,2642
tat,2641
daca-i,2641
interpretarea,2641
îmbarcarea,2641
păzi,2641
asezat,2640
creierele,2640
păianjeni,2640
gandim,2639
designer,2639
totala,2639
pastă,2639
distrusa,2639
Fang,2638
păzitor,2638
ținut,2638
fast,2638
easy,2638
rezistaţi,2637
severe,2636
tocilari,2636
Reuben,2636
tigrii,2636
filmări,2636
clic,2636
hormoni,2636
trişti,2635
strămoşilor,2635
termin-o,2635
iahtul,2634
cÄ,2634
foamete,2634
Moody,2634
Stockholm,2634
Francois,2634
zboruri,2633
răniţii,2633
elefantul,2633
transpiri,2632
distrugător,2632
Underwood,2632
detector,2632
scârbă,2632
ieșire,2631
ameninţările,2631
scad,2631
versus,2631
pildă,2631
going,2631
considerate,2631
albastra,2631
preocupa,2631
too,2630
învinui,2630
înţelegeam,2630
hanul,2630
impas,2629
HIV,2629
apăraţi,2629
intelegem,2629
vicepreşedintele,2629
Jonesy,2628
cărare,2628
omorâţi-i,2628
surdă,2627
Bolt,2627
fursecuri,2627
închiria,2626
proasto,2626
trimiterea,2626
elevă,2626
actuale,2626
invitatie,2626
zarurile,2626
infirmieră,2625
hrănim,2625
bărbierit,2625
link,2625
asiatic,2625
revolte,2625
ucigaşului,2624
diplomatică,2624
chat,2624
convinşi,2623
expertă,2623
încetez,2623
blochezi,2623
Cecilia,2623
interoghez,2622
Seul,2622
abţin,2622
cerceteze,2622
vocal,2622
murea,2622
sirenele,2621
printesă,2621
cornul,2621
Shepard,2621
Kiki,2621
won,2621
oracolul,2621
înțelegere,2621
zburaţi,2621
bănuiam,2621
apariţie,2620
neglijat,2620
obligatorie,2620
celeilalte,2620
Channel,2619
naștere,2619
încuietoarea,2619
detectează,2619
aşteptări,2619
carantina,2619
Freeman,2618
răsplătesc,2618
tancul,2618
pasagerilor,2618
Tower,2618
implicăm,2618
Tok'ra,2618
lași,2618
ochiului,2618
daca-l,2617
împărtăşeşti,2617
consimţământul,2617
I've,2616
Batiatus,2616
retrageţi,2616
comisioane,2615
sătenii,2615
întâlnesti,2615
inger,2615
situația,2615
elefanţi,2615
cere-ţi,2615
vechituri,2615
suveniruri,2614
Corey,2614
Bahamas,2614
economisi,2614
răufăcători,2614
măreţia,2613
Snake,2613
Peters,2613
ascultând,2613
interoga,2613
secţiune,2613
vizionare,2612
corporaţii,2612
break,2612
analizez,2612
Carlisle,2612
Glass,2612
gu,2610
știință,2610
cost,2610
întâlnirii,2610
cotitură,2610
existenţă,2609
opţiunea,2609
Alexandria,2609
elan,2608
Thatcher,2607
let's,2607
auzea,2607
grupă,2607
veghează,2607
dealului,2607
killerino,2606
presimt,2605
modalităţi,2605
orbeşte,2605
Huck,2605
sufera,2605
inversa,2605
Lowell,2605
înarmată,2604
curba,2604
monitoriza,2604
codat,2604
aşează,2604
romantism,2604
five,2603
mângâi,2603
îmbătrâneşti,2603
terenurile,2603
deranjant,2602
manance,2602
ţărână,2602
găseam,2602
terminase,2602
subiectului,2602
ţintiţi,2601
maimute,2601
piciorului,2601
afiş,2601
situație,2601
cenusa,2600
jefuiţi,2600
Michaels,2600
would,2600
terci,2600
conducerii,2600
Keaton,2599
lansaţi,2599
strâmb,2599
blog,2598
sarutat,2598
însoară,2598
piarda,2598
e-mail-uri,2598
adu-le,2598
acţionaţi,2598
docul,2597
revenirea,2597
scenarii,2597
imita,2597
cartela,2596
Ringo,2596
judiciar,2595
Jace,2595
spulberat,2594
nuntii,2594
stoc,2594
aparea,2593
optiuni,2593
zica,2592
sălbaticii,2592
dusmanii,2592
distrugerii,2592
arestati,2591
elita,2591
stratul,2590
olandez,2590
Fleming,2590
vanatoare,2590
trofee,2590
land,2589
plictisi,2589
gleznă,2589
izolaţi,2589
intervenim,2589
formulare,2589
exterioare,2589
numește,2589
scuipa,2589
reuşiţi,2588
Fields,2588
Skyler,2588
Noel,2588
celsius,2588
vânaţi,2587
saruta,2587
Obelix,2587
reprezinte,2587
dulceata,2587
multimea,2587
coreean,2586
noimă,2586
conservă,2586
bacon,2585
caporale,2585
asumăm,2585
cultural,2585
păcăleală,2585
tâlhar,2584
vărs,2584
introducerea,2584
încetul,2584
ţel,2583
nădejde,2583
varza,2583
ţelul,2583
cancerului,2583
nimerit-o,2583
îmbrace,2583
vinovăţie,2582
părintelui,2581
muzeului,2581
vizitaţi,2581
miscam,2581
explozibilul,2581
evreică,2581
urmăreste,2581
schimbate,2581
parlament,2581
oficiali,2580
crater,2580
proiectele,2580
Apophis,2580
feribot,2580
barajul,2580
slaba,2579
intermediar,2579
operez,2579
deseara,2579
triumf,2579
strigăt,2579
Ballard,2579
comandor,2579
psihologul,2578
mîinile,2578
eyes,2578
negrotei,2578
Destiny,2578
înnăscut,2578
ofiţerului,2578
mentor,2578
reclamele,2578
spala,2578
ten,2578
opriti-vă,2577
faimă,2577
revelaţie,2577
întelegem,2576
Hagen,2576
rupere,2576
clarificăm,2576
Yates,2576
God,2576
înfăţişare,2576
călăreţ,2576
vecine,2576
creând,2575
ultime,2575
Delgado,2575
viagra,2575
mustang,2575
aprobă,2574
pomul,2573
furnicile,2573
Oops,2573
calmante,2573
mărturisirea,2573
comercială,2572
nenorocirea,2572
raportului,2572
rezolvate,2572
we're,2571
responsabilităţile,2571
agăţ,2571
tomberon,2571
fracturi,2571
superficială,2571
Gaston,2570
arcă,2570
Lucious,2570
clipită,2570
ere,2570
gama,2569
intradevar,2569
podului,2569
presupuneri,2569
experimental,2569
stagiar,2569
grabim,2569
frecvenţele,2568
Paso,2568
sirene,2568
păcăliţi,2568
Chucky,2568
şi-aşa,2568
suplimentară,2568
profiturile,2567
inocenţi,2567
Pratt,2567
farfuriile,2567
mizerii,2567
sângerare,2566
deşteptule,2566
banc,2566
Neo,2566
confunzi,2566
micii,2565
instincte,2565
infraroşu,2565
activez,2565
confesiune,2565
Moira,2565
petrecea,2564
brioşe,2564
odihneste-te,2564
Phyllis,2564
sin,2563
Nassau,2563
toalete,2562
rănim,2562
tovarăş,2561
plang,2561
munţilor,2561
domino,2561
furiş,2561
argumente,2561
directe,2560
amanet,2560
sfârcurile,2560
Thunder,2560
testezi,2560
credincioşi,2560
Goldman,2559
compromisuri,2559
umedă,2559
încurci,2559
flăcăi,2559
mărturiseşti,2559
Brothers,2558
seturi,2558
găseşte-i,2558
sodiu,2558
zăpăcit,2558
iniţialele,2558
ovăz,2558
margini,2557
Gino,2557
ţi-aminteşti,2557
Conway,2557
detaliat,2557
Snake_Eyes,2557
ajungeti,2557
măştile,2557
indata,2557
improbabil,2557
pilotezi,2557
funeraliile,2556
verificate,2556
cartierului,2556
irlandezi,2556
limbile,2556
schelet,2556
destramă,2556
instanță,2555
argintul,2555
practice,2555
discurile,2555
Edwin,2555
fisa,2555
amarnic,2555
Faye,2554
biciul,2554
doboară,2554
Lyon,2554
Barrow,2554
examinarea,2554
Summers,2554
danseaza,2554
Savage,2553
psihiatric,2553
incredibila,2553
mănuşa,2553
delfinii,2552
alge,2552
jad,2552
binelui,2552
pedepseşte,2552
apelor,2552
ginerele,2551
prindeţi-i,2551
chemată,2551
împărăteasa,2550
Duffy,2550
odihnesti,2550
bono,2550
obisnuita,2549
Mateo,2549
Harding,2549
mătusa,2548
propoziţie,2548
vărsa,2548
obişnuieşte-te,2548
avertizăm,2547
întindem,2547
întrunirea,2547
strans,2547
elfi,2547
zen,2547
dispreţ,2546
înţelegător,2546
subliniez,2545
complicele,2545
d-aia,2545
Salazar,2545
impusca,2545
slujbei,2544
structuri,2544
nepotrivite,2543
doctorat,2543
Pooja,2543
lavă,2543
contaminat,2543
comerţul,2543
cheltuie,2542
încetăm,2542
Henrik,2542
predica,2542
încasa,2541
ciori,2541
specialitate,2541
gindit,2541
riscantă,2541
MC,2541
n-aș,2541
afirmă,2541
oboseală,2541
convingerea,2541
fotograful,2541
regine,2540
magnetice,2540
Ryder,2540
adevarate,2540
dedic,2540
cârpă,2539
inamicilor,2539
Larkin,2539
bacterii,2539
bomboanele,2539
mate,2538
cifra,2538
decola,2538
Mihail,2538
ms,2538
norocoase,2537
pauze,2537
maţele,2536
furtun,2536
reducerea,2536
seminţele,2536
admirabil,2536
Oakland,2536
anuală,2535
manipulare,2535
alătură,2535
suliţa,2535
arbitrul,2535
naţiunile,2534
2-a,2534
farurile,2534
thanks,2534
azilul,2534
rachetelor,2533
existã,2533
abandonează,2533
critice,2532
bazinul,2532
compromite,2532
îndemânarea,2532
entuziasmată,2532
Dot,2532
prepar,2532
subterane,2532
Disneyland,2532
obosesc,2532
vindecarea,2531
nuuu,2531
omorând,2531
opiniile,2531
micul-dejun,2530
desprins,2530
credeaţi,2530
poponarule,2530
rabla,2529
Simba,2529
recomandarea,2529
spinării,2529
sanctuarul,2528
agenta,2527
beep,2527
dac-ai,2527
ciudăţenie,2527
tufişuri,2527
prajitura,2527
dublura,2527
căruciorul,2527
ăştia-s,2526
luarea,2526
Rahl,2526
parametrii,2526
pinguinii,2525
preferatele,2525
Kip,2524
Hetty,2524
procuratură,2524
obrazul,2524
volum,2524
amănunte,2524
miscat,2524
Wellington,2523
ADN-ului,2523
Siria,2523
piersici,2523
Cece,2523
da-l,2522
degetelor,2522
submarine,2522
ghida,2522
Randolph,2522
lilieci,2521
atacat-o,2521
magazia,2521
stabilite,2520
Marnie,2520
plută,2520
iniţiale,2519
secundul,2519
Maddox,2519
permiti,2519
aducând,2519
Jae,2519
deschis-o,2519
co,2518
Tuvok,2518
dezbrăcaţi,2518
statui,2517
trădez,2517
reda,2517
adresezi,2517
instrumentul,2517
avatarul,2516
uite-aşa,2516
cedezi,2516
tunet,2516
transferaţi,2515
Maura,2515
CSI,2514
surorilor,2514
Shen,2514
răsplătit,2514
spectatori,2513
Barker,2513
intense,2513
Dyson,2513
Kris,2513
micului,2513
comentez,2512
intâmplă,2512
melodiile,2512
Wilma,2512
institut,2512
latina,2512
drac,2512
fusesem,2511
completez,2511
boxa,2511
invitati,2510
Hansen,2510
casatoresc,2510
păros,2510
flămânzi,2510
Dash,2509
Ares,2509
superba,2509
frumuseţii,2508
trăsnet,2508
beznă,2507
dronele,2507
zecea,2507
asi,2507
tiparul,2507
exotice,2507
fa-ti,2506
studenţilor,2506
brunetă,2506
imprumut,2506
reducem,2506
generatoarele,2506
diaree,2505
que,2505
Sweeney,2505
cluburile,2505
bradul,2505
pamantului,2505
dracu-i,2504
îmbăt,2504
taică-su,2504
dusman,2504
McFly,2504
Moran,2503
prescris,2503
referinţă,2503
publici,2502
izvor,2502
autobuze,2502
Mohammed,2501
T.J,2501
literă,2501
vază,2501
înspăimântat,2501
broker,2501
Sighs,2500
cristale,2500
Shifu,2500
lacrimă,2500
distragere,2500
Columb,2500
recurs,2500
îndesat,2500
susţinerea,2499
răgaz,2499
toiagul,2499
norul,2499
aratati,2499
ostateci,2499
violeze,2499
freacă,2499
ambiţia,2499
speculaţii,2498
reunit,2498
cazierul,2498
tampon,2498
tinichea,2498
maturizează-te,2498
adoarmă,2497
echipamentele,2497
CNN,2497
Royce,2497
Isis,2496
cobai,2496
decese,2496
conac,2496
simţiţi-vă,2496
Buckley,2496
cuţitele,2496
pijama,2496
barou,2496
arabă,2495
paramedicii,2495
ghimbir,2495
inginerii,2495
colecta,2495
mansardă,2494
plăceri,2494
chitanţa,2494
nemuritoare,2494
bolilor,2494
tornadă,2494
eminenţă,2494
robinet,2493
rujul,2493
franţuzesc,2493
creditul,2492
impulsiv,2492
Cleopatra,2492
evoluţie,2492
comunicăm,2492
increderea,2491
sugă,2491
asociaţi,2491
Robertson,2491
vioara,2491
externă,2490
ranesc,2490
execute,2490
turnului,2490
scutesc,2490
batrane,2490
controlului,2490
tatuajele,2489
şuturi,2489
Vaticanul,2489
i-e,2489
Attila,2488
îngrijesc,2488
absorbit,2488
îndrăzneaţă,2487
hamburgeri,2487
aminteşte-mi,2487
concentraţi,2487
Gump,2487
creator,2487
Tripp,2487
meritam,2487
rezolvat-o,2486
Buenos,2486
reteta,2486
cerţi,2486
fizicii,2486
industriei,2486
ocolim,2486
peluza,2486
aşeze,2485
de-atunci,2485
luminoase,2485
faimoşi,2485
umplute,2485
slujitor,2485
colţuri,2485
omeneşti,2485
testeze,2484
alimentat,2484
paranoică,2484
Gabby,2484
formulă,2484
celebra,2484
bucăti,2484
Emile,2484
pătat,2483
orase,2483
butoane,2483
Davy,2483
invete,2483
conducătorii,2483
omorit,2482
organizate,2482
Tyrell,2482
uraganul,2482
săgeţile,2482
uitau,2482
bug,2482
Liza,2481
Giselle,2481
veninul,2481
exagerez,2481
corespunzătoare,2481
Forbes,2481
cmdr,2481
creaţia,2480
tori,2480
strălucesc,2480
garderoba,2480
Dane,2480
moralitate,2479
aspectele,2479
districtual,2479
bandaje,2479
Falcon,2479
drăgălaş,2478
pivniţa,2478
căcatul,2477
Amir,2477
pistolar,2477
imperiale,2477
porumbeii,2477
inferioare,2477
ameninţată,2477
ski,2476
Crusher,2476
verificări,2475
târzie,2475
testiculele,2475
Auggie,2475
captură,2475
asiguram,2475
opereze,2475
pulă,2474
obligi,2474
proaspat,2474
băiatu,2474
corporaţia,2474
investigheze,2474
Fayed,2474
dezvolte,2474
sah,2474
colţurile,2474
Katia,2473
gropi,2473
diabet,2473
mă-sii,2473
căutător,2473
directore,2472
trabucuri,2472
Hoyt,2472
inalta,2472
trebuiasca,2472
sortit,2472
gelozia,2472
penală,2471
autoapărare,2471
fermierii,2471
ambiţie,2471
recrutare,2471
concerte,2471
suferită,2471
Norvegia,2470
transmisiune,2470
împusc,2470
uri,2470
Divya,2470
plouat,2470
budă,2469
judecatorul,2469
comportamentului,2469
infectie,2468
mlaştina,2468
alor,2468
îndeplineşti,2468
ducesa,2468
lână,2467
ego-ul,2467
lunetistul,2467
groase,2467
Wars,2466
maturizezi,2466
shake,2466
Dunbar,2466
duşuri,2466
spionat,2466
Mabel,2465
avariat,2465
mulţumeşte-i,2465
stați,2465
Novak,2465
grăbește-te,2465
poli,2465
protejate,2465
transpir,2465
riposta,2464
consulatul,2464
hu,2464
basma,2464
Duane,2464
înjunghie,2463
daţi-le,2463
Cesare,2463
Troia,2463
J.D,2463
pregateste,2462
complicitate,2462
dezbraci,2462
iertăm,2461
obţineţi,2460
imoral,2460
Lorna,2460
veveriţa_bc,2460
lan,2460
lobul,2460
numărului,2459
noutăţile,2459
Chinatown,2459
ligii,2459
convenţie,2459
arabi,2459
obisnuiti,2459
bisturiu,2458
generozitate,2458
returnat,2458
casatoresti,2458
frăţiei,2458
Marguerite,2458
abandonate,2458
Boomer,2458
echipat,2457
specimen,2457
utilizare,2457
pastram,2457
sondă,2456
privata,2456
recepţionez,2456
craniului,2456
Pippin,2456
japoneza,2456
dă-mi-le,2455
furiei,2455
Gabi,2455
lansată,2455
scanat,2455
Michelangelo,2454
carnet,2454
acuzatii,2453
duşul,2453
ego,2453
roşcată,2453
pe-un,2453
încuiate,2453
răpi,2453
deplasare,2453
sabotat,2452
chior,2452
răzbunării,2452
obţinerea,2452
Alfredo,2451
radioactiv,2451
obiectivele,2451
poziția,2450
Islanda,2450
then,2450
Villa,2450
pariem,2450
Thornton,2450
dedicată,2449
Reilly,2449
virgine,2449
rain,2448
intelegerea,2447
containerul,2447
amestecul,2447
android,2447
stup,2447
agitaţia,2447
candida,2447
estimat,2447
Captain,2446
apropiaţi-vă,2446
budinca,2446
veniturile,2446
suspiciune,2446
decan,2446
şoarecele,2445
pachetele,2445
amuzament,2445
line,2445
mg,2445
maiorului,2445
energetic,2444
Silva,2444
calmează,2444
Bean,2444
Carlson,2443
give,2443
împaci,2443
Bryant,2443
Lexie,2443
urinez,2443
vedeai,2443
epava,2442
diferiti,2442
tor,2442
criminaliştii,2442
uşura,2442
Derrick,2442
absolvi,2442
împerechere,2442
Myrtle,2442
încălzi,2442
cârtiţă,2442
treptele,2442
izolate,2441
Aubrey,2441
Crassus,2441
potential,2441
topesc,2441
închiriere,2441
munciţi,2440
Bolivia,2440
nelimitat,2440
rebeliune,2440
Shaggy,2440
salbatic,2439
avansa,2439
det,2439
transmiţătorul,2439
credincioasă,2438
Beatles,2438
veranda,2438
adios,2438
rahatu,2437
cunoaştere,2437
instanţa,2437
arterială,2437
regional,2437
politicii,2437
conservator,2436
Beowulf,2436
felii,2436
duceti-vă,2436
conexiuni,2436
deşeuri,2436
militara,2435
care-ti,2434
orgie,2433
bici,2433
necunoscuţi,2433
mămică,2433
coafura,2433
generali,2433
Dougie,2433
Whitman,2433
convingerile,2433
nefolositor,2432
escrocherie,2432
gâdilă,2432
păşeşte,2432
aprobată,2432
martoră,2431
capodoperă,2431
Jameson,2431
medalion,2431
Alejandro,2431
descarc,2431
tratate,2431
nedreptate,2431
grajduri,2430
arestează,2430
ecstasy,2430
excesiv,2430
traficanţii,2430
sunte,2430
vamă,2430
obiective,2430
alergăm,2429
Daddy,2429
jefuită,2429
făină,2429
Salem,2429
pronunţă,2429
grila,2429
pătraţi,2429
Janine,2429
interogare,2429
Egiptului,2429
elevul,2428
satele,2428
smart,2428
creasta,2428
feribotul,2427
lipsite,2427
frec,2427
crazy,2427
José,2427
ceasca,2427
lipsei,2426
transporturi,2426
Reeves,2425
vizitei,2425
tarii,2425
divine,2424
ultra,2424
ruptură,2424
Winters,2424
Church,2424
cotul,2423
încuiaţi,2423
cumpărătorul,2423
postului,2422
Griff,2422
intelectual,2422
penitenciarul,2421
crampe,2421
cărămizi,2421
adapta,2421
trupuri,2421
tigari,2421
venin,2421
Myka,2421
sensibili,2420
uitaţi-l,2419
corăbii,2419
mărim,2419
insensibil,2419
odihniţi,2418
vorbitul,2418
rabin,2418
pizda,2418
zeului,2418
S.O.S,2418
irosim,2418
probelor,2417
vino-ncoa,2417
mecanică,2417
multumesti,2417
Coach,2417
alimentează,2417
însetat,2417
gravida,2417
perversule,2416
înţelegeri,2416
sateliţi,2416
Joanne,2416
away,2416
testicule,2416
Poseidon,2415
Smallville,2415
micule,2414
Levi,2414
Cochran,2414
Delaney,2413
împrumuturi,2413
bing,2413
ţinuta,2413
dronă,2413
potrivim,2413
încasezi,2413
exerciţiile,2412
împrăştiaţi-vă,2412
Zed,2412
fetiţele,2411
lunetişti,2411
belşug,2411
Spintecătorul,2411
Pascal,2411
comunişti,2410
pesti,2410
mon,2410
Ajay,2410
trădeze,2410
pregătiti-vă,2410
suedez,2410
plăci,2410
învete,2409
temeri,2409
prezente,2409
Hagrid,2409
voiaţi,2409
valva,2409
socotelile,2408
nobilii,2408
câțiva,2408
tensionată,2408
intimidat,2408
Tamara,2408
opere,2408
cuvenit,2407
onorurile,2407
certuri,2407
Scottie,2407
hărţile,2407
ursuleţul,2406
dispărem,2406
mâncat-o,2406
pieţei,2406
detonator,2406
sedus,2406
rezumat,2406
constatat,2406
chestiei,2406
Cutler,2406
Bobo,2405
hip,2405
Toni,2405
Lucian,2405
primea,2405
Zhaan,2405
only,2404
nimicuri,2404
abur,2404
adoarme,2404
intestinele,2403
faţadă,2403
apărător,2403
captiv,2403
Vasquez,2403
absurdă,2403
predarea,2403
indiciile,2402
îndatorat,2402
misc,2402
încolţit,2402
gratiilor,2402
disperarea,2402
ce-avem,2401
cinăm,2401
înfurie,2401
masculii,2401
zilnice,2401
glugă,2401
aspră,2401
Holloway,2401
plans,2401
Casper,2401
răscumpărarea,2400
energetică,2400
regretabil,2400
power,2399
exprime,2399
expun,2399
plictisită,2399
regăsit,2399
încercările,2398
Bach,2398
Bellamy,2398
Ruben,2398
incepand,2398
directoare,2397
Nichols,2397
comis-o,2397
horror,2397
plângem,2396
individuale,2396
hiperspaţiu,2396
Berlinul,2396
full,2396
suparati,2396
extraterestrii,2395
laserul,2395
camarad,2395
exercitiu,2395
amuză,2395
dotat,2395
călăreţi,2395
Shaun,2395
Werner,2394
Roxy,2394
piramida,2394
parintele,2394
emotional,2394
Ronny,2394
învârtit,2393
înclinat,2393
Bingley,2393
ruină,2393
Inn,2392
Graves,2392
Pearson,2391
omenesc,2391
locatie,2391
strecor,2391
Hodor,2391
fierar,2391
blah,2390
afirmat,2390
îmbrăţişa,2390
ceapa,2390
localizarea,2390
Sacramento,2389
SG-1,2389
clopoţel,2389
Palace,2389
reconstrui,2389
Ness,2389
fireste,2389
păşit,2388
Veer,2388
pluş,2388
activare,2388
Geronimo,2388
modestă,2388
desena,2388
banner,2387
Hodges,2387
spuneţi-ne,2386
premiile,2386
Mace,2386
woman,2386
Ziggy,2386
Holland,2386
neînfricat,2386
băgat-o,2386
sărind,2386
solutia,2386
nivelurile,2385
liste,2385
sociopat,2385
Rhonda,2385
nordică,2385
vărului,2385
separă,2385
paşapoartele,2384
prăbuşească,2384
Creed,2384
rosti,2384
devi,2384
Cornelia,2384
strictă,2384
intentionez,2384
întâlnea,2384
numiti,2383
mincinoaso,2383
fam,2383
sensei,2382
gigantică,2382
Madonna,2382
Ucraina,2382
formeze,2382
imposibile,2382
Anastasia,2382
Leopold,2382
luptătoare,2382
alergare,2381
Fry,2381
jobul,2381
sclavilor,2381
Ching,2381
organică,2380
revino,2380
încred,2380
întrecem,2380
buclă,2380
subconştientul,2380
factură,2380
piş,2379
hot-dog,2379
Hendricks,2378
ştearsă,2378
presiunii,2378
misterele,2378
mormintele,2378
rotundă,2377
scufunde,2377
supună,2377
Zachary,2376
supunere,2376
viză,2376
tehnicile,2376
surprind,2376
toaletele,2376
Cosmo,2375
subţiri,2375
cerule,2375
întâmpinat,2375
Garronee,2375
Cartman,2375
Dustin,2375
juraţii,2375
Gladys,2375
abtine,2375
ingineri,2374
parasesti,2374
fault,2374
nepoţi,2374
alergător,2374
Anya,2374
avansaţi,2374
confidenţialitate,2373
obscen,2373
Oskar,2372
Marlene,2372
mita,2372
Stokes,2372
speranță,2372
nationala,2372
anchete,2372
energetice,2372
recruţi,2372
învârti,2372
bandaj,2371
bolnave,2371
tâlhari,2371
scutit,2371
spânzure,2371
înfurii,2371
individual,2371
guri,2371
călugării,2370
rezervoarele,2370
anonimă,2370
vorbăria,2370
Naraku,2370
incendiat,2370
puţ,2370
roteşte,2369
adâncimea,2369
crăpat,2369
marit,2369
ispăşitor,2368
intodeauna,2368
răsfăţat,2368
rupt-o,2368
ramaneti,2367
substanţa,2367
discutii,2367
fisură,2366
hotărăşte,2366
Zurich,2365
evreiesc,2365
interceptare,2365
sperante,2365
fizician,2364
nervoasa,2364
excentric,2364
Dirk,2364
intacte,2364
foi,2364
copilarie,2363
Luminăţia,2363
Minnie,2363
asumă,2363
Georgetown,2363
chihuahua,2362
varsă,2362
districtului,2362
gunoaiele,2362
recunoastere,2362
porcilor,2362
întâlneam,2361
Loretta,2361
furnizorul,2361
sensibilitate,2361
nonsens,2361
mărturisi,2361
europene,2361
încuraja,2361
reţinere,2360
albilor,2360
delfin,2360
iepurii,2360
uda,2360
Normandia,2360
colaps,2360
Bigfoot,2360
triunghi,2360
regimul,2360
aterizez,2359
abandoneze,2359
ticalosul,2359
cuplurile,2359
purici,2359
prostituţie,2359
corb,2359
agentia,2358
ţinuţi,2358
întorcea,2358
Earp,2358
distragă,2358
golfului,2358
amoroasă,2358
cine-s,2357
împrumute,2357
cuvintelor,2357
operatii,2357
rondul,2356
virtute,2356
întrebării,2356
tund,2355
pescari,2355
Cabe,2355
cerând,2355
putrezească,2354
impresionez,2354
scuz,2354
extraordinara,2354
reţinem,2354
ducelui,2354
raftul,2353
leader,2353
penale,2353
ţevi,2353
uşurată,2352
dorintele,2352
rafinat,2352
proporţii,2351
Pompei,2351
mintală,2351
scazut,2351
primiti,2351
O'Connell,2351
concluziile,2351
grupurile,2351
ajungeam,2351
pisicuţo,2351
extracţie,2351
sunaţi-mă,2351
excursii,2350
palarie,2350
înlăturat,2350
sovieticii,2350
Maroc,2350
dă-i-o,2350
Kappa,2350
avertiza,2349
strecori,2349
privește,2349
temperamentul,2349
rocă,2349
Sabine,2348
săritură,2348
psihologia,2348
hotărâm,2348
irlandeză,2348
muştele,2348
propulsie,2348
avocati,2347
evidenţa,2347
ambasadei,2347
mafie,2347
împachetezi,2347
proprietara,2346
JT,2346
chinezeşti,2346
Willard,2346
povestire,2346
chitanţă,2345
haioasă,2345
formalitate,2345
tacâmul,2344
augur,2344
numărătoare,2344
Manson,2343
organisme,2343
handicapat,2343
organizeze,2343
captat,2343
scuză-ne,2342
Britney,2342
Arabia,2342
terapeutul,2341
convorbirea,2341
separare,2341
ln,2341
Hogwarts,2341
sufoca,2341
Quantico,2341
sluji,2340
arm,2340
mărci,2340
vantul,2340
realizările,2340
micut,2340
definiţia,2340
Reich,2340
lăzi,2339
fumeze,2339
furând,2339
salam,2339
surprinşi,2339
Geordi,2339
cinematograf,2338
Jericho,2338
preparat,2338
pregătea,2338
cunoscuta,2338
doare-n,2338
derutat,2338
stricăm,2338
Disney,2337
înşele,2337
Vikram,2337
instructorul,2337
schemele,2337
organizarea,2337
obişnuiau,2337
soție,2337
rubrica,2336
stocul,2336
angajati,2336
culturile,2336
Pietro,2336
certe,2335
afurisiţi,2335
free,2335
completezi,2335
ce-ati,2335
ultimile,2335
comunicaţie,2335
latră,2334
dii,2334
U.S,2334
linistea,2333
conditie,2333
tipat,2333
măsoară,2333
François,2333
îngrijitor,2333
urmelor,2333
luare,2332
sufletelor,2332
olimpice,2332
exprimare,2331
infanteria,2331
manechin,2331
bagă-ţi,2331
cifră,2331
Parrish,2331
indivizii,2331
statut,2331
confrunte,2330
Indy,2330
revoltător,2330
miroasă,2330
Ducky,2330
tinea,2329
globale,2329
monitorizare,2329
teoriei,2328
afectaţi,2328
tocană,2328
furturi,2328
artefacte,2328
company,2328
dependenţă,2328
inseli,2327
îngrijiri,2327
RMN,2327
înfruntă,2327
Abbey,2327
mecanicul,2327
cunoşteau,2326
ratele,2326
sudoare,2326
canti,2326
intuiţie,2326
monstrule,2326
macho,2326
Johnnie,2325
Milly,2325
Toranaga,2325
cruţa,2325
decisiv,2325
îndepărtaţi,2324
cardiacă,2324
Kaplan,2324
Omaha,2324
traverseze,2324
Idaho,2323
Atticus,2323
speranța,2323
chinuri,2323
raţională,2323
impusc,2322
accelerat,2322
gunoiule,2322
păstraţi-vă,2322
rinichiul,2322
comparativ,2322
Hotch,2322
Peck,2322
începeti,2321
erotic,2321
marinarii,2321
cămilă,2320
geacă,2320
taia,2320
emisiuni,2320
tribune,2320
scufundăm,2320
încurc,2320
ordinar,2320
Barlow,2320
Proctor,2320
hohote,2319
identifici,2319
Asher,2319
antreprenor,2319
pământuri,2319
înşală,2319
demodat,2319
mintii,2318
împăcăm,2318
realităţii,2318
autodistrugere,2318
croitor,2318
cafe,2318
Chu,2318
începeam,2317
Jessi,2317
pranzul,2317
răspândească,2317
verifică-i,2316
Budapesta,2316
autorităţi,2316
modului,2316
Puerto,2316
coşuri,2315
piticul,2315
Gibbons,2315
declare,2315
cainii,2315
saraci,2315
incompetent,2315
avocată,2315
însuti,2314
urmăreşte-l,2314
torturezi,2314
imensa,2314
mucegai,2314
termină-ţi,2314
zidurilor,2313
risipit,2313
evoluează,2313
Taj,2313
zaruri,2313
salariile,2313
aprindem,2312
Mahoney,2312
poate-i,2312
democraţia,2312
Elliott,2312
târâtură,2312
republică,2312
leopard,2311
finanţe,2311
conectează,2311
Maguire,2311
anestezie,2311
Bee,2311
cometa,2311
Tao,2310
miste,2310
sărutăm,2310
mexicanii,2310
speciei,2310
zdrobesc,2310
orchestră,2310
admiri,2310
explora,2309
Driscoll,2309
cavalerilor,2309
măseluţă,2309
sobolani,2309
Californiei,2309
dragonilor,2309
sadic,2309
gãsit,2309
livrează,2309
reia,2309
Luigi,2309
Cornelius,2309
comparatie,2309
vista,2308
radiaţiile,2308
Lightning,2308
tonic,2308
înăltimea,2308
amuleta,2307
numa,2307
javra,2307
investigatie,2307
Selfridge,2307
înşelătoare,2307
clona,2307
mierea,2306
navetei,2306
balanţa,2306
formăm,2306
piramide,2306
stresant,2306
partide,2306
Alonzo,2306
stingi,2306
atraşi,2305
laboratorului,2305
restaurantului,2305
CDC,2305
Dina,2305
entitate,2304
aglomerată,2304
sufli,2304
lant,2304
Lisbeth,2303
fişele,2303
scărilor,2303
iminentă,2303
Essex,2303
confirmaţi,2303
îmbrăcăm,2302
funebre,2302
hetero,2302
văgăuna,2302
prizonierilor,2302
briza,2302
Caprica,2302
deturnat,2302
căşti,2302
încrezătoare,2302
publicitatea,2302
Kalinda,2301
Dastan,2301
flirtezi,2301
strecoare,2301
analizează,2301
membră,2301
salsa,2300
discreţia,2300
judecătorii,2300
suburbii,2300
investitorii,2299
periuţa,2299
adulti,2299
murdărit,2299
credibilitatea,2299
centre,2299
Zorro,2298
candidez,2298
evada,2298
Donner,2298
România,2298
sclava,2297
than,2297
Petersburg,2297
conectată,2297
exagerează,2297
lectia,2297
activate,2297
respiratie,2297
clasificate,2297
subtire,2297
vi-i,2297
JD,2296
reuseste,2296
vreunei,2296
luptator,2296
da-ti,2295
Supergirl,2295
îndrăgostească,2295
marionetă,2295
australian,2295
despărţirea,2295
guvernele,2295
ºtiu,2295
deține,2295
testarea,2294
tauri,2294
descrierii,2294
săpături,2294
step,2294
ţine-mi,2294
gloriei,2294
îmbolnăvesc,2294
denumit,2293
cantina,2293
Barclay,2293
defectele,2293
zburam,2293
iubeai,2293
Dharma,2292
chakra,2291
supusă,2291
descarcă,2291
chirurgical,2291
lipsește,2291
pregateste-te,2290
te-ntreb,2290
înghită,2290
alăturaţi,2289
încărcăm,2289
Jumong,2289
extenuat,2289
întrec,2288
travaliu,2288
viraj,2288
SUV,2288
arestaţi-l,2288
sucit,2288
transmiţător,2288
Shep,2288
vecinului,2288
Serge,2287
priveliste,2287
raului,2287
ieşiri,2287
chimioterapie,2287
excepţii,2287
uitându-te,2287
je,2287
recăpăta,2287
dispozitia,2286
părti,2286
Bane,2286
instala,2285
surprindă,2285
paşapoarte,2285
împachetează,2284
evadez,2284
grăbiti-vă,2284
asul,2284
dădeai,2284
modificare,2284
țină,2284
virtutea,2283
coca-cola,2283
plăcerile,2282
rămîne,2282
anularea,2282
explicăm,2282
brut,2282
datã,2282
țineți,2282
Olaf,2281
pişat,2281
agaţă,2280
Watts,2280
evul,2280
bogăţia,2280
depăşeşti,2280
exemple,2279
concentraţi-vă,2279
coaie,2279
aluneca,2279
grăsimea,2279
împlineşte,2279
vegetariană,2279
teleporta,2278
comitat,2278
brother,2278
varietate,2278
clişeu,2278
esenţială,2278
măruntaiele,2277
taberei,2277
gladiator,2277
străbătut,2277
muncitorilor,2277
civilizaţiei,2277
Esteban,2277
milimetri,2277
instalaţia,2277
ingropat,2276
inregistrat,2276
tropicală,2276
Bonjour,2276
sanii,2276
uciderii,2275
ambasadorului,2275
americancă,2275
ciocnit,2275
acoperisul,2275
lăuda,2275
pronunţat,2275
supunem,2274
umorul,2274
domniţa,2274
Enrique,2274
vecină,2274
împărtăşim,2273
înnebunită,2273
Berta,2273
Trinity,2272
opiu,2272
murdărie,2272
eşua,2272
bătrâneţe,2272
pelerina,2272
latură,2272
Janie,2272
stabile,2272
nici-un,2271
domnişoare,2271
trântit,2271
Darby,2271
Hera,2271
Conor,2271
Bedford,2271
cartelă,2271
culminant,2271
asteroizi,2270
şemineu,2270
mass,2270
Pearce,2270
îmbunătăţire,2270
ardeţi,2270
arătaţi-mi,2270
vomita,2270
înscrii,2269
inaltimea,2269
Garza,2269
blindată,2269
prăjite,2269
devotament,2269
indiene,2269
raniti,2269
Adler,2268
noastrã,2268
aduceţi-i,2268
polar,2267
ucenicul,2267
ţinuturile,2267
prosperă,2267
minister,2267
înregistreze,2267
instructiuni,2267
McCall,2267
puf,2266
generatie,2265
muşti,2265
5-a,2265
cronometru,2265
pastrati,2265
filmeze,2265
relaxăm,2264
puşcaşi,2264
descărca,2264
tăiţei,2264
căprui,2263
exilat,2263
pager,2263
profesionale,2262
coase,2262
caractere,2262
lins,2262
amîndoi,2262
imaginaţi,2262
tic-tac,2262
donaţii,2262
creiere,2262
costuri,2261
readus,2261
ventilator,2261
impulsul,2260
interferenţe,2260
Sonja,2260
parc-ar,2260
Edmond,2260
încărcător,2260
Flavius,2260
particulele,2260
blasfemie,2259
busolă,2259
colibă,2259
gresită,2259
scenele,2259
bogata,2259
magnetică,2259
tunelului,2259
poetic,2258
conditionat,2258
Jock,2258
Horton,2258
anal,2258
Discovery,2258
completează,2258
vezica,2257
furişezi,2257
Vaticanului,2257
împingă,2257
unească,2257
Abdul,2257
vicios,2257
inventar,2257
Tod,2256
treziţi,2256
Grimes,2256
Gillian,2256
gandurile,2256
ocupaţia,2256
împăca,2255
autopsiei,2255
bag-o,2255
încetinesc,2255
Payne,2255
alternativ,2255
consulte,2255
actrita,2255
Adama,2254
trezire,2254
adulter,2254
localnic,2254
încetinit,2254
legumă,2254
Richter,2254
curtii,2254
nenorocitului,2254
alina,2253
ingrijorata,2253
admira,2253
tan,2253
tatii,2253
relație,2253
divortat,2252
avocatii,2252
îmbrăţişezi,2252
artelor,2251
Mildred,2251
tehnicienii,2251
liniştitor,2250
întărit,2250
descifrat,2250
zilnică,2249
Mm-hm,2249
învoială,2249
sutele,2249
Congo,2249
numeau,2249
pure,2249
detona,2248
realmente,2248
Newark,2248
ziuă,2248
simpatia,2248
veneai,2247
Rhett,2247
susţinem,2247
Talyn,2247
vârcolaci,2247
Berry,2247
emisiunii,2247
orașului,2247
şoim,2246
torţa,2246
veghea,2246
poduri,2246
Augustus,2246
îngustă,2245
operativ,2245
duhoarea,2245
dentistul,2245
fundamental,2245
vizibile,2245
adunate,2245
omagiu,2244
intalniri,2244
vid,2244
du-ma,2244
lichide,2244
catolici,2243
dependenţa,2243
clip,2243
bătăuş,2243
şedere,2243
anulare,2243
izgonit,2243
dobânda,2243
Taggart,2243
absoarbe,2243
Nicolas,2242
echivalentul,2242
Leeds,2242
insurat,2242
directori,2242
suspendare,2241
ţinteşti,2241
schiţele,2241
Hilary,2241
protejam,2241
Darlene,2241
mi-amintesc,2241
vomiţi,2240
găina,2240
sacou,2240
celebră,2240
semnalului,2240
reparaţiile,2240
cloud,2239
instant,2239
stire,2239
clopoţei,2239
Eggsy,2239
anulaţi,2238
cronometrul,2238
Dusty,2238
recapitulăm,2238
tractoare,2238
fica,2238
Clifford,2238
aţă,2238
bine-nţeles,2237
patrule,2237
Viper,2237
Mussolini,2237
ostilă,2237
vampirul,2237
Eileen,2237
tace,2237
nemuritori,2237
voma,2237
miligrame,2237
urinat,2236
dragilor,2236
acordăm,2236
nordic,2236
mănăstirea,2236
râurile,2236
plătit-o,2235
Cory,2234
caritabile,2234
cucerim,2234
alergam,2234
întindă,2234
încetinească,2234
soseste,2234
căsătorii,2234
girls,2234
inuman,2233
cârligul,2233
întâmplarea,2233
aparenţele,2233
sălii,2233
Patsy,2233
sarcastic,2233
lumineze,2233
brichetă,2232
sindicatului,2232
impulsuri,2232
stateam,2232
mătura,2232
Shin,2232
nemulţumit,2232
coloanei,2232
deschisi,2232
rusi,2231
goes,2231
Fredo,2231
îngeraş,2231
ciupercă,2231
etic,2230
lămuri,2230
bafta,2230
preocupare,2230
Poole,2230
scotea,2229
prăpastie,2229
Cedric,2228
impus,2228
detonare,2228
Woodward,2228
grizzly,2228
prune,2228
întreruptă,2228
provocări,2228
urmarire,2227
Cheng,2227
locuinţe,2227
pontul,2227
vitezei,2227
Steiner,2227
Rolling,2227
BMW,2227
asemănare,2227
infricosator,2227
fibră,2227
neam,2226
morman,2226
trecătoarea,2226
afarã,2226
vortex,2226
forţăm,2226
cafele,2226
care-si,2225
Columbo,2225
utilizate,2225
telescop,2225
fluierul,2225
violare,2224
Franny,2224
nasturi,2224
episoade,2224
onorabilul,2224
într,2224
artificiile,2223
cuburi,2223
straini,2222
păzită,2222
dance,2222
purtat-o,2222
turism,2221
lut,2221
aceast,2221
poseta,2221
coral,2221
navale,2221
brutală,2220
lotus,2220
identific,2220
terorii,2220
blonde,2220
îndrăznesti,2220
ignore,2220
tâmplă,2219
elder_man,2219
Jethro,2219
interogăm,2219
Emmy,2219
cheltuiesc,2219
Îhî,2218
need,2218
Johann,2218
matricea,2217
crabi,2217
îmbrăţişează-mă,2217
capitanului,2217
elaborat,2217
Ahile,2217
cuantică,2217
gîndesc,2216
had,2216
cubul,2216
matura,2216
Russel,2216
mandate,2216
Walters,2216
repetate,2216
inspiraţia,2216
văzuse,2215
French,2215
aeroportului,2215
statală,2215
pustietăţii,2215
Johns,2215
n-aveau,2215
îndrăzniţi,2215
BIC,2214
Shorty,2214
Josef,2214
palmele,2214
Jabba,2214
duceai,2214
aminteam,2214
ciudă,2214
poliţa,2214
tree,2214
speciile,2214
curăţenia,2213
machete,2213
Franck,2213
genitale,2213
femelele,2212
poziție,2212
exceptie,2212
calmat,2212
democrat,2212
datoriei,2211
paraşută,2211
distribui,2211
silicon,2211
bancnotă,2211
antreneze,2211
avansul,2211
ambulant,2210
sabotaj,2210
feminine,2210
cetate,2210
răpitorul,2210
toba,2210
veselie,2210
minţim,2209
serverele,2209
înfundat,2209
Stargate,2208
creionul,2208
pămpălău,2207
urează-mi,2207
Amazon,2207
sclipitoare,2207
fluide,2207
comorile,2207
da-mi-l,2207
capturăm,2207
ingrijora,2207
parbriz,2207
ţăcănit,2206
Robby,2206
tampoane,2206
plânsul,2206
destula,2206
ex,2206
Xindi,2206
ascultă-mi,2206
primirea,2205
vinovăţia,2205
scădea,2204
lacrima,2204
Pacificului,2204
forţeze,2204
ţanc,2203
exotic,2203
cita,2203
minunilor,2203
reflecta,2203
da-mi-o,2202
autografe,2202
urâm,2202
sudic,2202
stripteuză,2202
aruncător,2202
calorii,2201
începători,2201
tigri,2201
insemne,2200
bombardament,2200
judecătoresc,2200
orgoliul,2200
ţăranii,2199
trădătoare,2199
risti,2199
portocalie,2199
agitaţi,2199
purgatoriu,2198
iubeau,2198
autentică,2198
porunci,2198
diplomatice,2198
Lockwood,2198
pompă,2198
Kiera,2197
Agatha,2197
salteaua,2197
aseamănă,2197
Fraser,2197
fair,2197
greselile,2197
Bran,2197
selectat,2197
realizăm,2197
glas,2197
Dell,2197
organizezi,2197
rutier,2196
acadea,2196
fundaţie,2196
fript,2196
explicaţia,2196
ipoteza,2196
Hollow,2196
three,2196
voila,2195
pasari,2195
bunăvoinţa,2195
poster,2195
mănuşă,2195
prăbuşim,2194
revoluţionar,2194
cunostinte,2194
insulte,2194
cârcă,2193
popice,2193
stabilitate,2192
cumpărători,2192
Huo,2192
cărarea,2192
reducă,2191
învârtim,2191
separată,2190
pretindem,2190
tableta,2190
camarade,2190
permanente,2190
anumiţi,2190
prenume,2188
game,2188
revezi,2188
călăreşte,2188
implant,2188
încheieturile,2188
Nicolae,2188
catedrala,2188
ţestoase,2187
orientare,2187
lotul,2187
operaţional,2187
sorţi,2187
operatorul,2187
sclavia,2187
înfuria,2187
căpcăun,2187
Graal,2186
câstige,2186
atinsă,2186
clipit,2186
ascult-o,2186
micuţi,2186
Bronson,2186
Kendra,2186
agiţi,2185
ramură,2185
Morales,2185
dimineţii,2185
dup,2185
pledoaria,2185
raton,2185
bijuteria,2185
barbari,2185
vreți,2184
vânzând,2184
Castiel,2184
altarul,2184
învinşi,2183
ha-ha,2183
permiteti-mi,2183
ceafa,2183
compartiment,2183
Thorn,2183
gravitaţie,2183
găsea,2182
coroane,2182
Wick,2182
there's,2182
Gustav,2182
sera,2182
execut,2181
fereşti,2181
păstrat-o,2181
supravietuire,2181
99FFFF,2181
oculari,2181
cantecul,2181
notezi,2181
dimensiunile,2180
străduieşti,2180
bufniţă,2180
MASH,2180
tăbăcesc,2180
filozofie,2180
cata,2180
Franky,2180
subliniat,2179
aprindă,2179
site-uri,2179
vânturile,2179
dezamăgiţi,2179
vulcanian,2179
Tariq,2179
predicator,2178
provocator,2178
Hussein,2178
asteapta-ma,2178
vieţilor,2178
taie-i,2178
comenta,2177
comentariile,2177
Sung,2177
cooperează,2177
pedofil,2177
explicit,2177
cozi,2177
episodului,2177
Daeso,2176
beţie,2176
fermierul,2176
supuşii,2176
dictator,2176
Marx,2176
ofensivă,2176
eforturilor,2176
găsiți,2175
semnificaţia,2175
liniştite,2175
răpiri,2175
valium,2175
fanatic,2175
Katya,2175
burete,2175
băieţaş,2175
ecuaţie,2175
ţărmul,2175
Dax,2174
Cordelia,2174
electrocutat,2174
iata-l,2174
viking,2174
sarbatorim,2174
bebelusul,2174
esenţiale,2174
introduci,2173
Sunset,2173
întelept,2173
douazeci,2173
înconjurător,2173
curind,2172
încăierare,2172
invinge,2172
ascultător,2172
sectiunea,2172
necinstit,2172
dezamăgitor,2172
feri,2172
şapcă,2172
Letty,2172
Rayna,2172
Wyoming,2172
autostopul,2171
field,2171
chelnerul,2171
urata,2171
Fabio,2171
emisfera,2171
îngust,2171
Thelma,2170
călduroasă,2170
bronzat,2170
coloane,2170
remarcă,2170
afirma,2170
Sweets,2170
feste,2170
merele,2170
ferească,2169
concentrează,2169
însoţească,2168
ka,2168
propagandă,2168
întârzierea,2168
sinucigaşă,2168
creastă,2168
trandafirul,2168
grasa,2167
ziarelor,2167
complica,2167
Judd,2167
întîi,2167
pilule,2166
zgarda,2166
diferă,2166
detin,2166
asist,2166
aplicaţie,2165
Kensi,2165
gazele,2165
stabileşti,2165
medii,2165
meseriei,2165
economisit,2165
intensitate,2164
oaia,2164
espresso,2164
sarcinii,2164
intervievat,2163
ascensiune,2163
eficiente,2163
arsură,2163
ţintesc,2163
paşnică,2163
corespondenţă,2163
planuit,2163
duceţi-o,2162
înmormântat,2162
gong,2162
cicatricile,2162
incepeti,2161
echitabil,2161
tătic,2161
semnatura,2161
neutră,2160
fermecată,2160
educatie,2160
zicând,2160
stâncile,2160
biopsie,2160
distant,2159
fixează,2159
domina,2159
cheam-o,2159
infirmeria,2159
injecţii,2159
tranşee,2159
academiei,2159
urcam,2159
suspiciunile,2158
ratăm,2158
freza,2158
were,2158
derulează,2158
prototipul,2158
Hampshire,2157
bye,2157
precedente,2157
Godfrey,2157
neîndemânatic,2157
bileţel,2157
diplomatic,2157
artefact,2156
întristează,2156
organice,2156
tel,2156
sărbătorile,2156
tânjesc,2156
dobândit,2156
încurca,2156
marmură,2156
Annabelle,2156
călcaţi,2156
insuportabil,2155
ridicaţi-l,2155
agenţiile,2155
comită,2155
Magda,2155
mizerabile,2155
recif,2155
şocul,2155
Eisenhower,2154
suferim,2154
preotului,2153
supreme,2153
împrietenit,2153
îngrijitorul,2153
minat,2153
Dooku,2153
ghidare,2153
arhive,2153
preţuri,2152
dărui,2152
adevãrat,2152
Roscoe,2152
catâr,2152
tutorele,2152
ball,2152
salve,2152
implantat,2152
rădăcina,2152
întâmplări,2151
eo,2151
invizibile,2151
haideți,2151
transportor,2151
întoarsă,2151
obrajii,2151
îndreptaţi,2151
îndepărtaţi-vă,2151
respiraţi,2150
lunară,2150
Sox,2150
cheltuiala,2150
reamintit,2150
refuzul,2150
covoare,2149
secţiei,2149
depasit,2149
Goodman,2149
statisticile,2149
ălora,2149
clasificat,2149
înfig,2148
Cayman,2148
stridii,2148
sofisticate,2148
învețe,2148
baietel,2148
călăreţul,2147
intervenţia,2147
tradator,2147
recipient,2146
filmelor,2146
luptati,2146
pierdeam,2146
pierdeti,2146
chirurgicale,2145
bebeluşii,2145
corectat,2145
dansatori,2145
trimestru,2145
parlamentul,2145
Ravi,2145
Bertie,2145
acţiunii,2145
Donnelly,2145
distractive,2145
curatat,2144
gresite,2144
dependenţi,2144
business,2144
plăteste,2144
unghie,2144
pricepeţi,2144
defensive,2144
sentimentelor,2144
membrele,2144
ajungând,2144
divorţaţi,2143
theta,2143
platiti,2143
câtuşi,2143
memorat,2143
instantă,2142
listele,2142
e-un,2142
scopurile,2142
zicală,2142
tensionat,2142
Lyla,2142
pustiului,2141
nebuniei,2141
icnete,2141
isteţi,2141
Hernandez,2141
contribuţia,2140
adăugăm,2140
analizezi,2140
gel,2140
Yvonne,2140
Bruxelles,2140
fabricii,2140
fraierii,2140
Self,2139
saliva,2139
gheață,2139
Arlo,2139
ţinute,2139
imigrări,2138
Wilhelm,2138
tâmpite,2138
ivit,2137
noroiul,2137
răzbunător,2137
tunelurile,2137
Sirius,2136
oui,2136
măgarul,2136
înaintat,2136
investitor,2136
Micky,2136
pericolului,2136
Curly,2135
frecat,2135
Leia,2135
adâncuri,2134
bunici,2134
zut,2134
distragi,2134
procesele,2134
eBay,2134
depăşească,2133
Larson,2133
cd-ul,2133
daca-mi,2133
seră,2133
marginile,2132
crocodili,2132
vehiculele,2132
neputincios,2132
operaţiei,2132
Gunnar,2132
Yuan,2132
fixată,2132
Jojo,2131
nerecunoscător,2131
teleportat,2131
Garibaldi,2131
trimitea,2131
obositoare,2131
revoluţiei,2131
Candace,2131
usucă,2131
temperaturi,2130
dtale,2130
cunoasca,2130
obțineți,2130
Orange,2129
cosmos,2129
învinovăţeşti,2129
cuviinţă,2129
ţevile,2129
fondatorul,2129
Skeeter,2128
ia-ma,2128
târî,2128
Windsor,2128
dorită,2127
contelui,2127
separarea,2127
aplic,2127
vulturi,2126
conversatia,2126
prinţeso,2126
programate,2126
informăm,2126
fazerele,2126
însemni,2125
killer,2125
Nottingham,2125
fleac,2125
senzaţional,2125
umbrelă,2125
neglijenţă,2125
coborâre,2125
Colton,2125
reîntors,2124
copilaşi,2124
hand,2124
râdea,2124
Judah,2124
înşelăciune,2124
păduchi,2124
protectoare,2124
investesc,2123
sincera,2123
Gertrude,2123
vena,2123
discretă,2123
afurisitele,2123
parchez,2123
teza,2123
imaginatia,2123
dă-mi-i,2123
sea,2123
Wilbur,2122
Marv,2122
costisitoare,2122
sceptrul,2122
batistă,2122
invitata,2122
sur,2122
fundului,2121
dornici,2121
atentatul,2121
Luisa,2121
fondat,2121
Chanel,2120
sfinţii,2120
minerale,2120
maturi,2120
referinţe,2120
purtati,2120
acțiune,2120
Mueller,2120
disparea,2120
chipes,2120
bârlogul,2120
unicorn,2119
factori,2119
apreciere,2119
Scarlet,2119
Niles,2118
confrunţi,2118
rugăminte,2118
Arlene,2118
respiratorii,2117
Shore,2117
poţiunea,2117
spuneți,2117
Velma,2117
ping-pong,2117
vorbeaţi,2117
agentie,2116
Monique,2116
scoţian,2116
culturii,2116
aterizezi,2116
milioanele,2116
morfina,2116
finalizat,2115
Gunther,2115
arhitectura,2115
Moreau,2115
întâia,2114
role,2114
auzisem,2114
expres,2114
Oho,2114
Cincinnati,2114
virtual,2114
Mihai,2113
anulate,2113
Marcie,2113
Auschwitz,2113
raionul,2113
elfilor,2113
soacra,2113
străinilor,2113
Langdon,2112
topită,2112
indianul,2112
chipuri,2111
impreună,2111
Silvia,2111
nuu,2111
uriaşul,2111
lacomi,2111
atatia,2110
Eiffel,2110
respecti,2110
TJ,2110
recapăt,2110
Devil,2110
alia,2110
lansez,2110
trunchi,2110
ciudati,2110
Honolulu,2109
manifestă,2109
renăscut,2109
parchează,2109
portului,2109
impresiona,2108
fute,2108
stoarce,2108
capcanele,2108
clovnii,2108
Merlyn,2108
stabilizat,2108
casatorim,2108
plutire,2108
ospătar,2108
tinutul,2108
sanatatea,2108
tranzacţii,2108
ki,2107
factorul,2106
introduceţi,2106
com,2106
urmarim,2106
tactice,2106
intenţionam,2106
politicoasă,2106
spirituale,2105
grăsan,2105
zborurile,2105
Mmm-hmm,2105
rezervări,2105
patrulele,2105
urmată,2105
aduceţi-o,2105
pastreze,2105
imatur,2105
îngădui,2104
pronunţa,2104
wonder,2104
spinarea,2104
Mortimer,2104
convulsii,2104
dependenta,2104
rimează,2103
difuzate,2103
ofiterii,2103
maturitate,2103
Mellie,2103
space,2103
scrierile,2103
casnice,2103
lansate,2103
bloody,2103
fenomenal,2102
aptitudinile,2102
Kermit,2102
atenția,2102
elegante,2102
măreţul,2102
orcii,2101
falca,2101
dezbateri,2101
Gordo,2101
venită,2101
Wickham,2101
timbre,2100
dovezilor,2100
spălaţi,2100
Lamar,2100
Sparky,2100
ţineau,2100
intruşi,2099
letal,2099
ambelor,2099
Kono,2099
câ,2099
încheietură,2098
Piccolo,2098
bucuraţi,2098
lipesc,2098
Cristian,2098
înlocuim,2098
Hardison,2098
Lorelai,2097
zbate,2097
anti,2097
pura,2097
sudică,2097
eroină,2097
hormonii,2097
desparti,2096
dulciurile,2096
oglinzile,2096
împrăştiate,2096
rupeţi,2096
ajuți,2096
prosperitate,2096
sofisticată,2096
plănuim,2096
prezinta,2095
por,2095
dialog,2095
porţia,2095
bot,2095
ocoli,2095
conduse,2095
poştaşul,2094
tutore,2094
ATF,2094
înlocuieşti,2094
amintea,2094
obtinem,2094
monitorizat,2094
legendarul,2093
Arrow,2093
funeralii,2093
Mendez,2093
tulburată,2093
Scotia,2093
laboratoare,2093
învata,2093
paralele,2093
confidenţiale,2092
gurile,2092
comandaţi,2092
grijã,2092
Delia,2092
pensii,2092
muzicieni,2092
veterani,2092
refugiat,2091
semnate,2091
gorila,2091
recoltă,2091
semnăm,2091
vestile,2091
amestecăm,2091
alcoolului,2091
cheeseburger,2091
tactici,2090
italiana,2090
gulerul,2090
clientă,2090
Weenie,2090
glezne,2090
amărâtă,2090
potasiu,2089
microscop,2089
uf,2089
faraon,2089
aprindere,2089
metrii,2088
judecăm,2088
Camilla,2088
cuceresc,2088
jaguar,2088
surprinzi,2088
Tex,2088
supravegheaţi,2088
Yan,2088
probabilitate,2087
Steel,2087
rezervaţie,2087
idioata,2087
numărăm,2087
căraţi-vă,2087
cară,2086
monedele,2086
casatoreasca,2086
alianţei,2086
microbi,2086
Canyon,2086
menită,2086
play,2086
Mill,2086
Lobos,2086
Fergus,2086
tăiat-o,2086
lipi,2085
încetati,2085
Francine,2085
Wilcox,2085
imobiliară,2085
urmati,2085
obraji,2085
monitorizează,2085
Goldie,2085
sonerie,2084
sfant,2084
ăștia,2084
terorismului,2084
Horus,2084
Magdalena,2084
utilizați,2084
Lactee,2084
neclintit,2083
linişteşte,2083
introducere,2083
exerciţiul,2083
Scoob,2082
reproducere,2082
Cornell,2082
explozive,2082
preocuparea,2082
plângerea,2081
neînsemnat,2081
înţelesul,2081
somnifere,2081
vomită,2081
Blaine,2081
mutări,2081
tanti,2081
nenorocitu,2081
zguduit,2080
artiştii,2080
halal,2080
piure,2080
logodnic,2080
Draper,2080
împiedicăm,2080
priorităţile,2080
retine,2079
tigaie,2079
Ludovic,2079
fisc,2079
spartan,2079
întuneca,2079
descărcare,2079
supererou,2079
Lenore,2078
Candice,2078
umili,2078
înapoiat,2078
mergeai,2078
clinic,2078
gustoasă,2077
şomer,2077
cercetaţi,2077
pescuiesc,2076
bancomat,2076
lasa-ne,2076
talk,2076
dansuri,2076
Angelica,2075
pupici,2075
implicare,2075
imagineaza-ti,2075
situat,2075
Varşovia,2075
nefolositoare,2074
hip-hop,2074
naţiunilor,2074
absent,2074
securea,2073
consul,2073
minutul,2073
transmise,2073
Pine,2073
îmbeţi,2073
regent,2073
promova,2073
Scout,2072
sfârşeşti,2072
regretat,2072
poţiune,2072
piraţilor,2072
modifică,2072
blesteme,2071
curg,2071
raţa,2071
Davies,2071
Beirut,2071
mielul,2071
sanie,2071
dovlecel,2071
Rouge,2071
supranaturale,2070
worth,2070
putrezi,2070
înţelegerii,2070
operezi,2070
Dixie,2070
privilegii,2070
Lomax,2070
Trixie,2069
Bohannon,2069
flacari,2069
perversă,2069
vorbăreţ,2069
amabilitatea,2068
splina,2068
pește,2068
yankeii,2068
pericolele,2068
cărţilor,2068
tsunami,2067
onorez,2067
capotă,2067
cârciumă,2067
chelneriţa,2067
coaja,2067
omorârea,2066
copilăriei,2066
supraviețui,2066
recomandări,2066
York-ului,2066
străzilor,2066
indice,2065
jigodia,2065
investigator,2065
dinastia,2065
tampit,2065
hotelurile,2064
Alfonso,2064
neconceput,2064
răufăcător,2064
intuiţia,2063
asemănarea,2063
Gate,2063
stresului,2062
acidul,2062
condus-o,2062
abator,2062
luxul,2062
părţii,2062
cheltuim,2061
pândă,2061
Faraday,2061
devastatoare,2061
frizer,2060
aloha,2060
înainta,2060
distracție,2060
retrase,2060
Meghan,2059
invidie,2059
Malloy,2059
cârtiţa,2059
opreste-l,2059
independenţă,2059
cărți,2058
supărător,2058
acuzatiile,2058
sacrific,2058
leucemie,2058
s-aud,2058
vedeau,2058
furcă,2058
cappuccino,2057
standul,2057
perfuzie,2057
majordomul,2057
celulare,2057
Roberta,2057
spot,2057
investigaţiile,2057
viziona,2057
Gill,2057
schiţe,2056
scuti,2056
Boog,2056
Brittany,2056
Salvador,2056
schiţă,2055
Führerul,2055
poalele,2055
dezavantaj,2055
anevrism,2055
bucuram,2055
dă-mă,2055
plătea,2054
Nicola,2054
doctorilor,2054
cerealele,2054
incidentului,2054
puişor,2054
still,2054
consecintele,2053
defensiv,2053
alimentar,2053
jenă,2052
sindrom,2052
Phlox,2052
rănilor,2052
păziţi,2051
Alfie,2051
repetiţia,2051
ranita,2051
atotputernicul,2051
premiului,2051
Fitch,2051
Kerry,2051
trişezi,2050
Michele,2050
Olsen,2050
rebelă,2050
împachetăm,2050
adepţii,2050
relaxează,2050
feel,2050
escroci,2050
Dodd,2050
conţinea,2050
player,2050
ajutati-ma,2049
curioşi,2049
somnului,2049
esenta,2049
orient,2049
pierduse,2049
raţe,2049
Crow,2048
satur,2048
suflu,2048
campusul,2048
Jean-Luc,2048
prelungit,2048
compari,2048
păhărel,2048
nud,2048
basme,2047
fixa,2047
cazare,2047
ingredientele,2047
court,2047
bârfă,2047
încălzească,2047
vant,2047
key,2047
şoricel,2047
Rochester,2047
interesati,2047
mamelor,2047
şoptit,2047
apt,2047
caselor,2046
sponsor,2046
Rivera,2046
pârâu,2046
reportajul,2046
transportorul,2046
învinuiesc,2045
compensa,2045
ticăie,2045
spaniolii,2045
câți,2045
fereste,2045
învaţă-mă,2044
Tricia,2044
muiere,2044
suit,2044
casino,2044
tufiş,2044
diferenţe,2044
însoţitor,2044
distribuţia,2044
simţeai,2043
Hogan,2043
frâne,2043
Conan,2043
strategii,2043
herpes,2042
brutalitate,2042
sarbatori,2042
fripturi,2042
europeană,2042
Tijuana,2042
regretă,2042
sponsorul,2042
învăța,2042
dezastre,2042
povesteşte,2041
confuzia,2041
glumeţ,2041
taxiuri,2041
ameninta,2041
defectat,2041
bandele,2041
evoluţiei,2041
druid,2041
litru,2041
Hemingway,2041
liniștit,2040
senatori,2040
baraca,2040
lauzi,2040
draguti,2040
dezgropat,2040
sâmbetei,2040
văzul,2040
filozofia,2039
campusului,2039
operatiuni,2039
lichizi,2039
Albuquerque,2039
sulf,2039
legata,2039
senzorilor,2039
asta-ţi,2039
admitere,2039
puneau,2038
salvează-te,2038
selecţie,2038
Mackey,2038
evacueze,2038
scorţişoară,2038
eugen,2038
jena,2038
învată,2037
soul,2037
Venezuela,2037
ratacit,2037
verificați,2037
sentinta,2037
pilotez,2037
celebrul,2037
starul,2037
vizuina,2037
foamei,2036
distrugătorul,2036
Prue,2036
drăguţule,2036
lingi,2035
aura,2035
Oil,2035
repartizat,2035
miscăm,2035
Bev,2035
pasarica,2035
garanţia,2034
mișca,2034
ruşilor,2034
potul,2034
ad,2034
uneşte,2034
semnificativă,2033
Mao,2033
reacţii,2033
profitabil,2033
martiale,2033
Osama,2033
Whitey,2033
poruncă,2033
Jer,2033
coardă,2033
stelei,2033
fărâmă,2032
Fez,2032
ata,2032
stăpânesc,2032
duzini,2032
Chiana,2032
afirmaţie,2032
credintă,2032
yin,2032
ofteaza,2031
gind,2031
expuse,2031
viţel,2031
ucide-i,2031
decideţi,2030
pilotului,2030
apocalipsei,2030
Osborne,2030
eternitatea,2029
aruncând,2029
exploreze,2029
dentar,2029
Baloo,2029
Albany,2029
ardea,2029
Eloise,2028
ambalaj,2028
ţinutului,2028
joint,2027
angajat-o,2027
pân,2027
dati-va,2027
menţionezi,2027
fumăm,2027
Annalise,2027
legământ,2026
containere,2026
îngriji,2026
străinul,2026
extratereştrilor,2026
puternicul,2026
initial,2026
prăpădit,2026
progresat,2026
urmator,2026
Loomis,2025
Hamptons,2025
înţelepţi,2025
expui,2025
plăcile,2025
religiei,2025
pulmonar,2025
instructiunile,2025
analizelor,2024
kill,2024
marcate,2024
cazurilor,2024
pe-afară,2024
crosa,2024
dezorientat,2023
expediţia,2023
batrân,2023
adu-ti,2023
Stephens,2023
maneta,2022
lacăt,2022
beci,2022
zânele,2022
fă-le,2022
stingeţi,2022
Arya,2022
discursurile,2021
călduros,2021
supuşi,2021
coliba,2021
gigantice,2021
urmati-ma,2021
indicatorul,2021
solului,2021
semănăm,2021
Britania,2020
consulat,2020
profesionisti,2020
domnișoară,2020
zâmbească,2020
multumiri,2020
mărturiseşte,2020
suprafată,2020
criminalule,2020
sprâncenele,2020
Dottie,2019
meteoriţi,2019
intoarcere,2019
prânzului,2018
dărâma,2018
dezbaterea,2018
Hung,2018
patrie,2018
corali,2018
Heinrich,2018
alimentele,2017
puţi,2017
Bly,2017
doo,2017
infecta,2017
Lightman,2017
mirositoare,2017
săpunul,2017
clear,2016
Melbourne,2016
Larsen,2016
serveste,2016
mantia,2016
propulsoarele,2016
usuce,2016
Caldwell,2016
cercurile,2016
subs,2016
piramidele,2016
shu,2016
îngroapă,2016
întâmplătoare,2016
vascular,2016
măsurat,2015
macaroane,2015
faceau,2015
si-n,2014
wee,2014
emotionat,2014
reţelei,2014
orelor,2014
violenţei,2014
dezlănţuit,2014
ambuscada,2013
slăbesc,2013
Puyo,2013
cioara,2013
Carmela,2013
spargeri,2012
prevăd,2012
Laurei,2012
nea,2012
senzatia,2012
oa,2012
aluat,2012
dezactiva,2012
diesel,2012
disponibili,2012
Hooper,2012
violenţi,2011
argintie,2011
ay,2011
eroina,2011
întreţine,2011
eficace,2011
martora,2011
ffff00,2011
Tucson,2011
concurez,2010
Sang,2010
Vegeta,2010
pisi,2010
sesiunea,2010
ridicam,2010
Sanjay,2010
catering,2010
Beaumont,2009
zeita,2009
d-nelor,2009
catifea,2009
metalic,2009
mulţimii,2009
omoara-l,2009
activi,2009
stabilirea,2009
coincidentă,2008
reaminti,2008
Braun,2008
tradiţională,2008
demonilor,2008
terasa,2008
tulburi,2008
perfecţiune,2008
flagrant,2008
bănuţi,2007
gram,2007
silit,2007
fir-ai,2007
spunand,2007
statistic,2007
refacă,2007
Gi,2007
femele,2007
combina,2006
linistiti,2006
Erika,2006
Grover,2006
Annette,2006
linistită,2006
controlaţi,2006
da-ne,2006
money,2005
reprezentaţie,2005
morcov,2005
civilizată,2005
borcanul,2005
cerşetor,2005
Henric,2005
exprimă,2004
escadrila,2004
ucide-o,2004
Wales,2004
Zeelandă,2004
simplul,2004
întinse,2004
teritorii,2004
nimeresc,2004
incheiat,2003
canalului,2003
Curt,2003
forța,2003
atentiune,2003
3D,2003
inaltime,2002
cală,2002
niveluri,2002
întări,2002
impresionante,2002
permiteți-mi,2002
raţiunea,2002
divizii,2001
Swann,2001
pretty,2001
desfaci,2001
Starbucks,2001
raptor,2001
valizele,2001
psi,2001
turcii,2001
Quincy,2001
rulat,2000
revad,2000
invizibili,2000
menţiona,2000
milk,2000
alimenta,2000
antenă,2000
petrecută,1999
mitul,1999
prunc,1999
vraci,1999
observăm,1999
percepţia,1999
binefacere,1999
nine,1998
vesnic,1998
cerurilor,1998
studenti,1998
creștere,1998
atingeti,1998
dispecerat,1998
Peabody,1998
stricaţi,1997
spusă,1997
frauda,1997
Grissom,1997
gloantele,1997
iubești,1996
CEO,1996
Monaco,1996
traiectorie,1996
saracul,1996
neînţelegeri,1996
Yong,1996
Chico,1996
darling,1996
relaxată,1996
Wan,1996
taică-meu,1996
Penn,1996
Riddick,1996
pazei,1995
nimeri,1995
inteleaga,1995
clopoţelul,1995
numirea,1995
afacerist,1995
meticulos,1995
cartuş,1995
bunăvoinţă,1995
pesimist,1995
chemam,1995
zi-le,1994
meseriaş,1994
arcaşi,1994
refaci,1994
urăste,1994
transferă,1994
condimente,1993
invalid,1993
şirul,1993
păsărici,1993
țin,1993
creioane,1993
căzuţi,1993
rotunde,1992
malefice,1992
vrăjitoarelor,1992
hilar,1992
oprit-o,1992
proiectată,1992
Sinatra,1992
Burnett,1992
stofă,1992
secretelor,1991
protecție,1991
indus,1991
Laurent,1991
periculosi,1991
spunei,1991
felicitările,1991
muşcături,1991
întîmpla,1990
brunet,1990
ajungea,1990
amestecată,1990
Killian,1990
lihnit,1990
gindesc,1990
Tiny,1990
gală,1989
atacurilor,1989
despărţiţi-vă,1989
supravietuitori,1989
adoptată,1989
Channing,1989
garderobă,1989
lumile,1989
doom,1989
exersăm,1988
salvate,1988
Juarez,1987
Oak,1987
blackjack,1987
amară,1987
omorâti,1987
BluRay,1986
facultăţii,1986
controleaza,1986
spusese,1985
Wilde,1985
confirmi,1985
ghete,1985
buy,1985
grădinile,1985
reparată,1985
rănit-o,1985
indragostita,1985
cresti,1984
cd-uri,1984
spanioli,1984
steaguri,1984
răcoritoare,1983
pice,1983
station,1983
Patel,1983
împuşcătura,1983
bătăliei,1983
paraseasca,1982
Ludwig,1982
bătând,1982
CV,1982
burtica,1982
muream,1981
porcarie,1981
întunece,1981
puţul,1981
studentul,1981
cumpărată,1981
suspans,1981
Tahiti,1981
izbit,1980
externat,1980
căsătoreşte-te,1980
tatãl,1980
măcelăriţi,1980
eliminare,1979
vu,1979
Interpolul,1979
crapă,1979
chimia,1979
aripioare,1979
captivitate,1979
Lew,1979
sfârcuri,1979
mititel,1978
practicat,1978
interoghezi,1978
mandra,1978
Gaines,1978
neant,1978
fasolea,1978
ediţia,1977
Hatch,1977
Archibald,1977
confunda,1977
respirație,1976
portabil,1976
telefonie,1976
spectaculoasă,1976
Liverpool,1976
BBC,1976
Wolverine,1976
repriză,1976
Patton,1976
oportun,1976
locuinta,1975
monstri,1975
încheierea,1975
Kenya,1975
mobilier,1975
Titanic,1975
transformat-o,1975
destepti,1974
rulote,1974
grătarul,1974
butoiul,1974
muschi,1974
celulei,1974
pânze,1973
Natalia,1973
carcasa,1973
Suspinelor,1973
has,1973
împrejurări,1973
onorabile,1972
orhidee,1972
sedat,1972
neamţ,1972
J.T,1972
teroristi,1972
Spring,1972
dani67,1972
ostatică,1972
luptă-te,1972
menționat,1971
bone,1971
alăturată,1971
prăbuşire,1971
Athena,1971
supravieţuitorul,1971
Phantom,1971
cordonul,1971
verticală,1971
porumbul,1971
profitabilă,1970
şold,1970
finaliza,1970
umfla,1970
stingă,1970
celebri,1970
observatie,1970
determine,1970
Ramos,1970
emblema,1970
şilingi,1970
inocenta,1970
Moriarty,1969
aprindeţi,1969
Margie,1969
Lucrezia,1969
supărarea,1969
var,1969
prezidenţial,1969
aborda,1969
scapare,1969
indeajuns,1968
sperietoare,1968
natională,1968
Lancaster,1968
argumentele,1968
pompele,1968
interesez,1968
contribuie,1968
WALL-E,1968
lupului,1967
tranzacţia,1967
şine,1967
licenta,1967
vioi,1967
locuiau,1967
imaginăm,1967
primitive,1967
Sylar,1967
condamnări,1967
timpurie,1967
prabusit,1967
miau,1967
Jacqueline,1966
masculi,1966
necurat,1966
CJ,1966
Terri,1966
inebunit,1965
Cyloni,1965
oferite,1965
Merrick,1965
dispreţuiesc,1965
Niko,1964
pisicii,1964
gringo,1964
seifului,1964
ciudaţii,1964
rezultă,1964
ascunsa,1964
amabilitate,1963
experienţele,1963
Salim,1963
punctual,1963
familiară,1963
Marcello,1963
tacere,1963
pestii,1963
Enterprises,1962
priveşte-l,1962
opuse,1962
migrenă,1962
navală,1962
perie,1962
vâsliţi,1962
așteptăm,1961
reflectoarelor,1961
ne-ntoarcem,1961
Aires,1961
tradiţiile,1961
dragute,1961
chelios,1961
Odessa,1961
Filipine,1960
recreere,1960
jucai,1960
amănunt,1960
comisionul,1960
sandvişul,1960
invenţia,1960
maioneză,1960
potrivea,1959
Genevieve,1959
scriind,1959
aplaudăm,1959
Hamburg,1959
Marlowe,1959
deschide-i,1959
convenţia,1958
gandul,1958
corporaţiei,1958
Pandora,1958
Finley,1958
bunului,1958
alergaţi,1958
Joanie,1958
lupilor,1958
nopții,1958
pensiune,1958
nim,1957
Ramona,1957
consulta,1957
eşarfă,1957
carusel,1957
find,1957
respingi,1957
metan,1957
intrările,1957
sondaje,1957
reţete,1956
nepoată,1956
Ups,1956
comunici,1956
volei,1956
ţineai,1956
pregătiri,1956
sinea,1956
alarme,1956
modificate,1955
nepoate,1955
bucătăreasă,1955
şunca,1955
înaintăm,1955
muste,1955
spânzurătoare,1955
încărca,1955
furişa,1955
bong,1955
izolarea,1955
hotărască,1954
scanează,1954
coşciug,1954
ofensiva,1954
cocoş,1954
intâmpla,1954
admiţi,1954
trăiește,1954
psihopată,1954
Goguryeo,1954
ramine,1953
ratatul,1953
arhitectul,1953
corupţia,1953
invins,1953
livreze,1953
maniera,1953
dispune,1952
salutările,1952
ţineţi-o,1952
Raju,1952
tipele,1952
peretii,1952
împrumutat-o,1952
obligaţiuni,1952
distrugeri,1952
Nam,1951
agresat,1951
micşorează,1951
Kimmy,1951
rin,1951
doborâţi,1950
primeasca,1950
grabesti,1950
mănâncă-ţi,1950
Athos,1950
uimită,1950
interpretez,1949
dansului,1949
alearga,1948
chirurgi,1948
DVDRip,1948
Bullock,1948
trăsături,1948
povestească,1948
pit,1948
acordă-mi,1948
nemurirea,1948
traditie,1948
droghează,1947
ce-are,1947
brioşă,1947
urlând,1947
luai,1947
teapa,1947
Hampton,1947
necesitatea,1946
încasez,1946
caritabil,1946
miri,1946
petroliere,1946
creştea,1946
clarifica,1946
rigid,1946
Tanaka,1946
cămăşi,1946
parţială,1945
orfelinatul,1945
farsa,1945
imploră,1945
Fong,1945
miinile,1945
sifilis,1945
boabele,1945
adversarii,1945
grădinar,1944
verşi,1944
corzile,1944
elefanţii,1944
cunostintele,1944
induce,1943
sultanul,1943
întoarceti,1943
satisfac,1943
producătorii,1943
virtuală,1943
modificată,1943
enigma,1942
sensuri,1942
le-ați,1942
Brenner,1942
stors,1942
împusca,1942
continentul,1942
umede,1942
operele,1942
bântui,1941
colo-colo,1941
amiralului,1941
spânzuraţi,1941
poseda,1941
nucile,1941
săli,1941
posedată,1941
aștepte,1941
Rizzo,1940
sufoc,1940
taie-l,1940
toarne,1940
căţărat,1940
Spider-Man,1940
homosexualii,1940
McGill,1940
aparitia,1940
oblig,1940
ananghie,1940
despărtit,1939
luptătorul,1939
camionului,1939
înafara,1939
Kathleen,1939
fiilor,1939
vulcanienii,1939
îmbolnăvi,1939
minime,1938
treceau,1938
învârţi,1938
whisky-ul,1938
durul,1938
consideraţie,1938
teatrului,1938
water,1938
trăgeam,1937
Tyrone,1937
Armand,1937
poliţă,1937
uter,1937
identităţi,1937
izola,1937
întreci,1937
LSD,1937
încap,1937
onoarei,1937
uh-uh,1936
Johan,1936
devastator,1936
Cicero,1936
imită,1936
poetul,1936
Marek,1936
Hola,1936
încurcătura,1936
stază,1936
evalua,1936
organizatie,1935
navigare,1935
pici,1935
operăm,1935
orfană,1935
Kendrick,1935
lipite,1935
Butters,1934
reiese,1934
Browning,1934
Paxton,1934
rezisti,1934
lacuri,1934
chirurgia,1934
tării,1934
întâmpina,1933
adapteze,1933
de-acord,1933
sterg,1933
vechiului,1933
biscuit,1932
semnifică,1932
mă-ntreb,1932
seniori,1932
încurajez,1932
prindeti-l,1932
renunțe,1932
leagă-l,1932
Ashton,1932
blochez,1931
aliate,1931
nostimă,1931
roşcat,1931
dulcea,1931
Champ,1931
mecanice,1931
sămânţă,1931
gheara,1931
block,1930
departare,1930
semnarea,1930
blugii,1930
reţele,1930
ucisa,1930
foloseşte-l,1930
caietul,1929
Sands,1929
manânca,1929
prezentate,1929
batalie,1929
răscruce,1929
încurcă,1929
suspecti,1928
prostănac,1928
angajatorul,1928
diabolică,1928
Hansel,1928
soarece,1928
patriei,1928
definit,1928
arsenalul,1928
gladiatori,1928
contaminare,1928
rampă,1927
importanti,1927
spaţii,1927
platim,1927
ţi-aduci,1927
depozitele,1927
ireal,1927
clicuri,1927
descarci,1927
destinată,1927
s-avem,1927
tricourile,1927
halbă,1927
Matrix,1926
transpiraţie,1926
pr,1926
redat,1926
capeţi,1926
Nostradamus,1926
disparitia,1926
Uther,1926
asiatică,1925
salutari,1925
chiloţei,1925
Croft,1925
fundamentale,1925
Pepsi,1924
încântă,1924
puşcaşii,1924
socrul,1924
oricat,1924
puneţi-le,1924
č,1924
distrugând,1923
teroriştilor,1923
Parks,1923
motivaţie,1923
Barr,1923
cheii,1923
lifturile,1923
constructor,1923
îngropat-o,1922
împins-o,1922
eliminate,1922
conducători,1922
onorabilă,1922
startul,1921
vanzare,1921
plănuia,1921
martorului,1921
micuţii,1921
pretenţios,1921
isteric,1920
încurajare,1920
alteia,1920
nemiscat,1920
surprinzătoare,1920
Hae,1920
inregistrare,1920
pierduta,1920
sfinţită,1919
isterică,1919
Braga,1919
incizie,1918
Sucre,1918
chineza,1918
îmbrăcămintea,1918
piticii,1918
pupilele,1918
tranzit,1918
flatată,1918
tandru,1918
Markus,1917
Francisc,1917
cristalele,1917
Winslow,1917
stralucitoare,1917
închis-o,1917
aprob,1917
venitul,1917
bauturi,1916
Toro,1916
boxul,1916
clătitele,1916
Chaney,1915
citaţie,1915
învingătorul,1915
Melody,1915
retrasă,1915
Blackwood,1915
multumită,1914
mind,1914
scufund,1914
Tatiana,1914
iritat,1914
concursului,1914
dilemă,1914
curăţare,1913
căţeluşul,1913
secvenţă,1913
inviti,1913
dacă-şi,1913
antrenamentele,1913
Lexington,1912
ultimelor,1912
Felipe,1912
Moby,1912
ritualurile,1912
Alexei,1912
caracteristici,1912
apucă-te,1912
mil,1911
semnati,1911
grava,1911
verisoara,1911
doarma,1911
admiră,1911
pamântul,1910
petrolului,1910
Rowan,1909
Cahill,1909
spal,1909
vestică,1909
Nan,1909
Dickens,1909
interpretezi,1909
amenințare,1908
buncărul,1908
clipele,1908
school,1908
aseaza-te,1908
garanţii,1908
crash,1908
aurului,1907
si-am,1907
sugestia,1907
diametru,1907
Tyrion,1907
fenomenul,1906
transferi,1906
Sergei,1906
amintiti-va,1905
imaginaţiei,1905
de-i,1905
solicităm,1905
traduc,1905
LJ,1905
chemat-o,1905
br,1905
scumpi,1905
foloseşte-o,1904
coborârea,1904
prova,1904
instrucţie,1904
dama,1904
finanţat,1904
Sharma,1904
separăm,1903
proverb,1903
dovedeşte-o,1903
împusti,1903
buretele,1903
Nazir,1903
spuneti-i,1903
bălegar,1903
perfecţiunea,1903
intercepta,1903
Waldorf,1902
dorit-o,1902
şantierul,1902
pasaportul,1902
maşinării,1902
gauri,1902
Sentinel,1902
concurenţa,1901
keep,1901
deabia,1901
Omul-Păianjen,1900
extindă,1900
întodeauna,1900
necesara,1900
Deke,1900
culeg,1900
Al-Qaeda,1900
reziduuri,1900
alăturăm,1900
Morelli,1900
eşuează,1899
droga,1899
deţinem,1899
jale,1899
seńor,1899
bambus,1899
punch,1899
freca,1899
dulapuri,1899
îþi,1899
puţinii,1899
Carmichael,1898
strigoi,1898
filosofia,1898
transferată,1898
rusa,1898
ghimpată,1898
celebrităţi,1898
colecţionar,1898
usii,1898
dicţionar,1898
poliţaii,1898
mărfuri,1897
săpaţi,1897
nice,1897
soră-ta,1897
Whitmore,1897
respingere,1897
Tancredi,1897
teribila,1897
rinocer,1896
Landry,1896
Jocelyn,1896
zdrobită,1896
puneţi-i,1895
andocare,1895
du-le,1895
porniti,1895
hrăniţi,1895
Sinbad,1895
Chakotay,1895
bombardierele,1895
pricepută,1895
invada,1894
tuşă,1894
tropicale,1894
Javi,1894
prizoniera,1894
folosita,1894
colectia,1894
relaxant,1894
impozitele,1894
Romero,1893
sfinţi,1893
English,1893
Herbie,1893
argumentul,1893
distins,1893
obişnuieşte,1893
extragere,1893
mata,1892
ignoră-l,1892
pregăteste,1892
performanţă,1892
exercitii,1892
orizontul,1892
încasează,1891
menirea,1891
chiftele,1891
Juice,1891
îmbunătăţiri,1891
what's,1891
Marisol,1891
Himmler,1891
reflex,1891
procedez,1891
duceţi-i,1891
funerară,1891
regulamentului,1890
furnizează,1890
raţiune,1890
gonit,1890
ţărănoi,1890
mutată,1890
interventie,1890
savanţii,1890
last,1890
atomice,1890
pasat,1889
electromagnetice,1889
psihopatul,1889
speriat-o,1889
mergeți,1889
ciupercile,1889
Nightingale,1889
bătut-o,1889
Chevy,1889
câştigurile,1888
Maverick,1888
mesteca,1888
ucigând,1888
vești,1888
genetica,1888
Mystic,1888
murdara,1887
around,1887
videoclipul,1887
scrum,1887
urban,1887
stricăciuni,1887
știai,1887
aci,1887
informarea,1887
mamut,1886
respingător,1886
ãla,1886
autobuzului,1886
Custer,1886
mahmur,1886
iaz,1886
încordată,1886
please,1886
safari,1886
înseamnã,1886
risipi,1886
Casablanca,1886
vibraţii,1886
maternitate,1885
relaţiilor,1885
prezintă-te,1885
McNally,1885
crizei,1885
droghez,1885
combinatie,1885
asigura-te,1884
Artur,1884
Frantei,1884
agăţa,1884
fragedă,1884
pregatim,1884
Tully,1883
Lorelei,1883
căţeluşi,1883
sărăcuţul,1883
Compton,1883
oţelul,1883
doctoratul,1883
după-masă,1883
furculiţă,1883
daca-ti,1882
mulþumesc,1882
extraordinari,1882
menţinut,1882
majordom,1882
lejer,1882
IQ,1882
fascist,1882
Andreas,1882
adauga,1882
Sergio,1882
Rudolph,1882
sĺ,1882
Homeland,1882
osoasă,1881
Potts,1881
actiunea,1881
Führer,1881
însemnătate,1881
vârfuri,1881
mineri,1881
informezi,1881
camerista,1881
caramel,1881
talisman,1880
Richardson,1880
câta,1880
asasinate,1880
luptau,1880
investiţia,1880
Rhode,1880
filosofie,1879
ipotecă,1879
pretenţii,1879
aroganţa,1879
vaza,1879
colectie,1879
infirm,1879
pasională,1879
Garret,1879
Raphael,1878
respectată,1878
abdomenul,1878
Arturo,1878
înşivă,1878
imnul,1878
Shanti,1878
impusti,1878
eles,1878
piticule,1878
oroare,1877
descifra,1877
străluci,1877
Catalina,1877
impecabil,1877
boxeri,1877
apetit,1877
expira,1877
Dolan,1876
poliţistului,1876
Merle,1876
Chick,1876
cruzimea,1876
aşteptă,1876
populatia,1876
Andi,1876
anchetat,1876
vizibilitate,1876
Pluto,1876
votcă,1876
moravuri,1876
puştile,1876
internată,1876
descurcă-te,1875
alung,1875
germanilor,1875
dentare,1875
stabiliţi,1875
scoate-mi,1875
zdravăn,1875
şampon,1874
aurie,1874
Sparks,1874
sigilate,1874
Tokio,1874
Janeway,1874
poþi,1874
garnizoana,1874
Jeb,1873
adopta,1873
începuturi,1873
impresionează,1873
albule,1873
puscărie,1873
Rhea,1873
grădinarul,1872
doctoriţa,1872
poloneză,1872
Bristol,1872
lipicios,1872
Lili,1872
really,1872
tremure,1872
comportă-te,1871
Aron,1871
animat,1871
minţea,1871
becul,1871
odihnească-se,1871
iarăsi,1871
anunti,1871
pepeni,1871
gagicile,1871
oval,1871
stick-ul,1871
obisnuiesti,1871
urmam,1871
cee,1871
tranziţie,1871
suspecte,1870
versiuni,1870
domenii,1870
minimum,1870
mein,1870
introducem,1870
şederea,1869
comande,1869
abis,1869
încătuşat,1869
furtunile,1869
familiale,1869
universitar,1869
turbulenţe,1869
propuneri,1869
sceptic,1869
sonar,1869
Tong,1868
Kemp,1868
conştiinţei,1868
precauţi,1868
răsări,1868
Landon,1868
norocului,1868
dezertat,1868
zânelor,1867
luata,1867
absolvirea,1867
Cady,1867
deschida,1867
liftului,1867
şedinţele,1866
extern,1866
militarii,1866
descoperit-o,1866
târăşti,1866
funcţionare,1866
shot,1866
radiatii,1866
parchezi,1866
socat,1865
cubanez,1865
divorţată,1865
Bartowski,1865
ambulantă,1865
semnificative,1864
saptamina,1864
spălătoria,1864
Chino,1864
ploii,1864
încântare,1864
încearcă-mă,1864
che,1864
musafirii,1864
Doreen,1864
asasinare,1864
evaporat,1864
găinile,1864
Kabir,1864
Duran,1864
mesageria,1863
scuip,1863
eye,1863
ceremonii,1863
condamni,1863
frige,1863
fugeam,1863
Prentiss,1863
copleşitoare,1862
verişoară,1862
chilotii,1862
remarcabile,1862
cărnii,1862
identificaţi,1862
târfelor,1862
haide-ţi,1862
Damasc,1862
îngheţa,1862
crude,1861
ingrediente,1861
inchizi,1861
divorţez,1861
reţinută,1861
catalog,1861
pesos,1861
terminator,1861
vedetele,1861
descoperirile,1861
dream,1861
umflate,1861
murături,1861
Scorpius,1860
mâinilor,1860
stânjenit,1860
sfâşie,1860
priceperea,1860
trăiti,1860
irlandezii,1860
pariaţi,1860
actuala,1860
Kelvin,1860
Baird,1860
existente,1860
gracias,1860
grasul,1860
dă-i-l,1860
ze,1859
daţi-l,1859
depozitului,1859
scafandru,1859
amân,1859
identifică,1859
inversat,1859
hotul,1859
grabi,1859
Columbus,1859
ametit,1859
plasează,1859
criptat,1859
reputatie,1859
reduse,1858
profilului,1858
puritatea,1858
extaz,1858
patch,1858
furnică,1858
scol,1858
deschide-te,1858
bobocule,1858
copleşită,1858
C-4,1858
Marisa,1858
indicator,1858
răspândirea,1857
nimereşti,1857
wi-fi,1857
hidos,1857
Norfolk,1857
şerife,1857
școala,1857
auzite,1857
pentu,1857
slăbeşte,1857
Rothstein,1857
Chamberlain,1857
căutată,1857
asistenţa,1857
Gigi,1857
traversezi,1856
leneşi,1856
ouale,1856
nivelele,1856
complică,1856
c-un,1856
lovea,1856
senzatie,1856
antichitate,1855
Kessler,1855
Gondor,1855
furculiţa,1855
Tuttle,1855
Mann,1855
provocatoare,1855
secat,1855
originile,1854
da-le,1854
percepe,1854
podium,1854
senzor,1854
darămite,1854
piedică,1854
Paradise,1854
Wen,1854
salivă,1853
câmpiile,1853
baseball-ul,1853
insumi,1853
Capitoliu,1853
tăcerii,1853
mâncării,1852
Law,1852
ajunşi,1852
buric,1852
extraterestri,1852
door,1852
rezervată,1852
totuna,1852
intarziere,1852
Willa,1851
Ronon,1851
grabesc,1851
comando,1851
Teller,1851
compozitor,1850
nationale,1850
experimenta,1850
Pooh,1850
greşiţi,1850
rafturi,1850
păianjenul,1850
presupunea,1850
Siobhan,1850
cauciucul,1849
tehnologic,1849
îndrumare,1849
cresterea,1849
coapsele,1849
competitie,1849
cititorii,1849
Jimmie,1849
claritate,1848
extind,1848
nivelului,1848
întâmplã,1848
infinită,1848
Pacificul,1848
raspunde-mi,1848
Kingsley,1848
Helga,1848
Emmet,1848
dezlănţui,1848
urmând,1848
îndreptându-se,1847
sărăcia,1847
salarii,1847
închiriem,1847
Lowe,1847
sculptură,1847
dumnealui,1847
purtată,1847
conectez,1847
întăreşte,1847
dilema,1847
secundară,1846
respirăm,1846
Lucinda,1845
neajutorată,1845
sfintei,1845
mântuirea,1845
relaxaţi,1844
alcoolică,1844
înjunghiată,1844
premeditare,1844
profesorilor,1843
lentilele,1843
cardinale,1843
existăm,1843
înflorit,1843
pornite,1843
localizez,1843
călugări,1843
scanările,1843
Denton,1843
Frazier,1843
plănuiam,1843
Neha,1842
tăntălău,1842
Pritchard,1842
recepţionăm,1842
Ungaria,1842
fluent,1842
sclipitor,1842
tolerez,1841
nefericiţi,1841
ipoteză,1841
cutiei,1841
cold,1841
fast-food,1841
inevitabilă,1841
conspiratie,1841
discipolii,1841
funcționa,1841
scriam,1841
franţuzoaică,1840
vorbitoare,1840
Rigsby,1840
transfere,1840
cumplite,1840
discuţiei,1840
contagioasă,1839
Keating,1839
chiloti,1839
preţuiesc,1839
ciocul,1839
treaptă,1839
thing,1839
Roxie,1838
cazinouri,1838
direcţiile,1838
infractiune,1838
iniţiez,1838
clădit,1838
panouri,1838
scânteia,1838
alteta,1838
promitem,1838
instanţei,1838
terifiant,1837
Darnell,1837
aprecieze,1837
mer,1837
adorat,1837
Valentina,1837
adoptivi,1837
algoritm,1837
polonezi,1836
marita,1836
unde-o,1836
veveriţe,1836
Baltar,1836
să-ncepem,1836
înţeapă,1836
onestitate,1836
Amandei,1836
chiloţeii,1836
stilat,1835
minunile,1835
Sakura,1835
prosoapele,1835
intamplare,1835
tavernă,1835
much,1835
compatibil,1835
consilieri,1835
ascundeam,1835
aştia,1835
leului,1835
anestezic,1834
îmbrăţişează,1834
oboseala,1834
schimbării,1834
scoşi,1834
pavilionul,1834
diavoli,1833
odihniţi-vă,1833
desenează,1833
bestiei,1833
întorceţi-vă,1833
mademoiselle,1833
fă-ti,1833
fanatici,1833
preşedinta,1833
uniti,1832
Hutch,1832
latin,1832
incinerat,1832
Bennie,1832
spionez,1832
muritori,1831
armamentul,1831
Jonny,1831
Cersei,1831
Tilly,1831
onorezi,1831
broccoli,1831
suliţă,1831
confiscate,1830
audienta,1830
Copenhaga,1830
seringă,1830
sigiliu,1830
Naina,1830
gînd,1830
Sylvie,1830
supranatural,1830
strangulat,1830
colectiv,1830
gărzilor,1830
pivnita,1830
moaca,1830
caşcaval,1829
fise,1829
Daedalus,1829
comerţului,1829
samaritean,1829
accesorii,1829
decesul,1829
pisoi,1829
bădăran,1829
căciulă,1829
intrări,1828
preţiosul,1828
ascultati-ma,1828
numărate,1828
Clem,1828
multam,1827
ascunda,1827
independenta,1827
aplicaţia,1827
transformată,1827
circumstante,1827
urmariti,1827
amintiți,1827
pretios,1827
le-as,1827
haz,1827
Rica,1826
interogheze,1826
zise,1826
seriosi,1826
amuzat,1826
clonă,1826
publicată,1826
preluarea,1826
Survivor,1826
Robyn,1826
spaniole,1825
Ole,1825
zdup,1825
registre,1825
Bernardo,1825
producerea,1825
teanc,1825
înnebunească,1825
voiaj,1825
apesi,1825
vorbire,1825
domnișoara,1824
Armando,1824
civililor,1824
succesorul,1824
fotografiere,1824
singe,1823
bunurilor,1823
conspirat,1823
Paulo,1823
însorită,1823
navigăm,1823
tăiere,1823
tipică,1823
mestecă,1822
scufunzi,1822
Cupidon,1822
prognoza,1822
cărbuni,1822
convorbirile,1822
mașini,1822
şarlatan,1822
admiram,1822
Aladdin,1822
gorilele,1822
maritat,1822
jignitor,1821
comit,1821
fereste-te,1821
something,1821
satisfăcător,1821
nenorocitilor,1821
neînvins,1821
ghinionist,1821
Juanita,1821
Tris,1821
satisfacţia,1820
colegiului,1820
open,1820
refugiul,1820
HR,1820
căpăta,1820
înclin,1820
directorii,1820
împrăştia,1820
oceane,1819
Baekje,1819
voua,1819
identică,1819
Pepe,1819
sapa,1819
hold,1819
citeşte-o,1818
alungi,1818
farul,1818
ospiciu,1818
Elton,1818
manipularea,1818
mişcării,1818
suspectez,1818
scutec,1818
hell,1817
stafie,1817
limbii,1817
oprea,1817
curentului,1817
efectuate,1817
livre,1817
Parvati,1817
regăsesc,1817
leziune,1817
nefericite,1817
Selena,1816
Leela,1816
Frankfurt,1816
altminteri,1816
Berger,1815
albume,1815
frumoasele,1815
incantata,1815
moschee,1815
sas,1815
consecinte,1815
mingile,1815
îndreptate,1815
Marlon,1815
ducând,1815
spiriduş,1814
Trask,1814
radiografiile,1814
Capua,1814
alungă,1814
wrestling,1813
Scar,1813
găurit,1813
pedepsei,1813
loviti,1813
împrăştii,1813
laptop-ul,1813
expediat,1813
vindecată,1813
părinti,1812
amicului,1812
vodca,1812
Corinne,1811
Bentley,1811
blocajul,1811
aaaa,1811
chicken,1811
left,1811
Upper,1811
sînge,1811
creta,1811
ros,1810
jafului,1810
gre,1810
să-ncerc,1810
clapa,1809
considerând,1809
Belfast,1809
Broyles,1809
incerce,1809
cercetezi,1809
venerează,1809
dorinţei,1809
lectura,1809
adopte,1809
texte,1809
Popper,1808
congresmanul,1808
Stewie,1808
Milwaukee,1808
Gestapo,1808
Lao,1808
degenerat,1808
cheltuiţi,1808
de-am,1808
tunzi,1808
comisă,1808
informează,1808
McDonald's,1808
universală,1808
schimbă-te,1807
Ying,1807
parlamentului,1807
marcată,1807
aviaţia,1807
vânătăile,1807
destinatie,1807
maica-ta,1807
Davidson,1806
audieri,1806
atente,1806
tânărului,1806
Selina,1806
societăţi,1806
Lafayette,1806
discutând,1806
sângeroasă,1806
murdăreşti,1806
parteneriatul,1806
derbedeu,1806
consilierii,1806
cruzi,1806
mizeriile,1806
decolăm,1805
Mayer,1805
paralizie,1805
apese,1805
Milan,1805
pierderii,1805
Conlon,1805
zorilor,1805
Knicks,1805
autorizată,1804
perspicace,1804
duceţi-mă,1804
întrerupătorul,1804
încetare,1804
slăbănog,1804
definiţie,1804
joase,1804
plicticos,1804
jeep-ul,1804
André,1803
detinut,1803
trust,1803
e-mailuri,1803
cosmetice,1803
tam-tam,1803
e-mailul,1803
rusul,1803
D900D9,1803
esec,1803
parcă-i,1802
regala,1802
padurea,1802
cititi,1802
sărbătoreşti,1802
nasturii,1802
clarificat,1802
tinuta,1802
very,1802
calatorit,1802
artificiale,1801
înfăşurat,1801
psihopaţi,1801
reţii,1801
spori,1801
mormant,1801
cine-o,1801
întrerupător,1801
cumpărare,1801
ostile,1801
Mikael,1801
municipal,1801
lanterne,1801
reproduce,1800
cereti,1800
Blaze,1800
aspirator,1800
costisitor,1800
avanpost,1800
înlocuitorul,1799
investighezi,1799
Sanderson,1799
motociclişti,1799
food,1799
povesteste-mi,1799
umar,1799
agresivi,1799
cactus,1799
facã,1798
regiuni,1798
migrene,1798
restabili,1798
împotrivit,1798
iubitori,1798
coincidenţe,1796
O'Neil,1796
kung-fu,1796
masturbezi,1796
îndemânare,1796
silă,1795
sustinut,1795
acceptarea,1795
vorbeste-mi,1795
circulaţia,1795
spiona,1795
prăbuşesc,1795
Hap,1795
comuniştii,1795
goluri,1795
romanian,1795
telescopul,1794
Bartlett,1794
soț,1794
cunosteam,1793
păşeşti,1793
Gianni,1793
limpezesc,1793
Eureka,1793
Jacky,1793
Krypton,1793
specialişti,1793
tradare,1793
asigurările,1793
aperitiv,1793
living,1793
transă,1792
circula,1792
O'Brian,1792
decăzut,1792
Farmer,1792
creativă,1792
imigranţi,1792
mariti,1792
clima,1791
îmbunătăţesc,1791
îmbătăm,1791
însceneze,1791
trage-mi-o,1790
Guatemala,1790
informată,1790
coşmarurile,1790
Sarei,1790
străveche,1790
realizate,1789
distribuie,1789
suna-l,1789
intelept,1789
procedezi,1789
urăsti,1789
cumpără-ţi,1789
semnături,1789
caracteristicile,1789
regăsi,1789
verificată,1788
savanţi,1788
bocancii,1788
adiere,1788
Esposito,1788
Eminenţa,1788
Robb,1788
preocupată,1788
evitaţi,1788
Aldo,1787
sferă,1787
guste,1787
egoism,1787
colţii,1787
Magnum,1787
virgina,1787
anunţaţi-mă,1786
jurisdicţie,1786
elfii,1786
cerurile,1786
Davenport,1786
pupat,1786
puștiule,1786
dezbrăcate,1786
scoaterea,1786
decursul,1786
blândeţe,1786
stelar,1786
Marko,1786
intel,1786
deghizare,1785
respectabilă,1785
cifrul,1785
examineze,1785
stăpâneşti,1785
trimite-le,1785
Cheung,1785
reforma,1784
festin,1784
SD-6,1784
fixă,1784
II-lea,1784
detaşat,1784
simularea,1784
uzina,1784
fermele,1784
letale,1784
inconstient,1783
geamănă,1783
fotoliu,1783
plămân,1783
buştean,1783
Emmei,1783
generatii,1783
identificată,1783
menține,1783
încredinţez,1782
adâncurile,1782
pictează,1782
dublez,1782
neliniştită,1782
dăţi,1781
legiunile,1781
bastarzi,1781
sefii,1781
legiune,1781
realizaţi,1781
informatorii,1780
prejudecăţi,1780
comunităţi,1780
jenantă,1780
ca-s,1780
neautorizată,1780
comportăm,1780
Ruthie,1780
Yellowstone,1780
taxelor,1779
sacrificiile,1779
dorinţelor,1779
grande,1779
Herald,1779
sucuri,1779
regulezi,1779
Mexicul,1779
bolovan,1779
metamfetamină,1779
detaliate,1778
debarcader,1778
corespondenta,1778
valize,1778
albastrul,1778
pupe,1778
gala,1778
rănite,1778
gălăgia,1778
remarca,1778
repriza,1777
carate,1777
topul,1777
iartă-ne,1777
irezistibil,1777
bănuieşte,1777
omorat-o,1777
Dumnezeului,1777
M.J,1777
puşcăria,1777
aicea,1776
biciuit,1776
picatura,1776
fenomene,1776
documentat,1776
provizoriu,1776
razboinic,1776
Meade,1776
situaţiile,1776
scularea,1776
protocoale,1776
Janis,1776
arderea,1776
investigatia,1776
încurajator,1776
vastă,1775
masuri,1775
cătea,1775
tea,1775
personalităţi,1775
obisnuite,1775
mutilat,1775
amorţit,1775
obiectie,1775
Bette,1774
Radha,1774
alarmele,1774
fiică-mea,1774
comitatul,1774
acută,1774
Sailor,1774
maistru,1774
concurenţi,1773
acuzării,1773
instalez,1773
aparatura,1773
gânditi,1773
înghetată,1773
Weller,1773
preluare,1773
P.S,1773
minunati,1773
înmoaie,1773
organizaţi,1773
ghetele,1772
capodopera,1772
trădătorii,1772
lipsesti,1772
implanturi,1772
împărtăşească,1771
cuțit,1771
certau,1771
Matilda,1771
urmăresti,1771
ameninţaţi,1771
şarpelui,1771
caucazian,1771
Nazaret,1770
distanţe,1770
căutări,1770
mediocru,1770
emotiile,1770
duşcă,1770
zâmbeste,1770
răspândesc,1770
Giulia,1770
vânătaie,1770
transplantul,1770
terorismul,1770
furam,1770
semafor,1770
calcat,1770
luati-o,1770
justitiei,1769
sorry,1769
omenească,1769
Seamus,1769
clasele,1769
sugeraţi,1769
Denis,1768
localizeze,1768
atîta,1768
nu-nţeleg,1768
dinadins,1768
dorintă,1768
ții,1768
otrăvitor,1768
infectate,1768
Elenei,1768
triplă,1768
diferenţele,1768
grandios,1768
fabricile,1768
afecteaza,1768
iniţiere,1768
metalice,1768
votezi,1768
recuperate,1767
depăşim,1767
băgare,1767
sunca,1767
vizibilă,1767
sfârsi,1767
Sand,1767
scheletul,1767
ranchiună,1767
sgt,1767
gândacul,1767
casnică,1767
ravagii,1766
subiecţii,1766
scântei,1766
Porthos,1766
acopera,1766
binecuvântează,1766
politeţe,1766
stelara,1766
nominalizat,1766
Quintus,1766
încălzeşti,1766
nelimitate,1766
rescrie,1765
faceţi-mi,1765
Gage,1765
asiste,1765
neobservat,1765
adori,1765
confruntarea,1765
opreşte-i,1765
pelerină,1765
Abbie,1765
administra,1765
Fogg,1764
bu,1764
Gilmore,1764
pedala,1764
tofu,1764
any,1764
extindem,1764
membre,1764
consultaţie,1763
incendiere,1763
Crowe,1763
motanul,1763
ordinii,1763
Lisei,1763
Crown,1763
abil,1763
confuzi,1763
receptionezi,1763
onorează,1763
rola,1763
Drago,1762
pomeneşti,1762
lacrosse,1762
Tampa,1762
comorii,1762
Gatsby,1762
datează,1762
opriți,1761
muschii,1761
inamică,1761
preliminară,1761
procesare,1761
reactorului,1761
Healy,1761
intrebarile,1760
statistici,1760
interdicţie,1760
zestre,1760
păşi,1760
economiei,1760
pasarea,1760
stem,1760
cumparam,1759
însoţiţi,1759
bănuiala,1759
morning,1759
hoţilor,1759
arşi,1759
religii,1758
veritabil,1758
citirea,1758
scoate-le,1758
recomandă,1758
Zod,1758
Marcia,1758
munceste,1758
cunoaște,1757
aruncă-mi,1757
datoreaza,1756
ginere,1756
Haiti,1756
patiserie,1756
dirty,1756
dezonorat,1756
Selma,1756
păstrate,1755
actului,1755
concrete,1755
roca,1755
răpitor,1755
corăbiile,1755
Ahab,1755
juniori,1754
Draco,1754
întrebati,1754
excitată,1754
corectată,1754
viciu,1754
genocid,1754
Jia,1753
observatorul,1753
percheziţionat,1753
lăsă,1753
paranormale,1753
through,1753
building,1752
abuzul,1752
Dobby,1752
puţinele,1752
mostenirea,1752
cariere,1752
păcatelor,1752
tasta,1752
Fiji,1751
gândiți-vă,1751
operaţiile,1751
obsedaţi,1751
construiţi,1751
copiile,1751
consolează,1751
amuzanta,1751
vizionar,1751
refuzaţi,1750
facă-se,1750
ever,1750
aplici,1750
ajunsese,1750
tumori,1750
amintirilor,1750
smiley,1750
tulbură,1750
producem,1749
pipă,1749
Italiei,1749
mumia,1749
prezentările,1749
oaspetii,1749
îmbătrâni,1749
fortelor,1749
alegeti,1749
vitamina,1749
arestării,1749
Petrelli,1749
fraieră,1749
Odette,1749
copacului,1748
frânghii,1748
citeasca,1748
jenată,1748
alunecare,1748
stocare,1747
rosi,1747
piată,1747
natiune,1747
Constantine,1747
Linden,1747
usoare,1747
perforat,1747
povestirea,1746
constrâns,1746
explozivi,1746
transfuzie,1746
jumatatea,1746
cosmaruri,1746
olimpic,1746
strazile,1745
scanez,1745
true,1745
Qin,1745
combinate,1745
implori,1745
Navid,1745
ajută-i,1745
labă,1744
economisesc,1744
Versailles,1744
căţei,1744
hmmm,1744
întreţinut,1744
subtilă,1744
Weasley,1744
Keyes,1744
travestit,1744
pubian,1744
privilegiile,1743
brutărie,1743
farmaceutice,1743
cârnat,1743
secretarului,1743
vanda,1743
ispită,1743
labirintul,1743
perspective,1743
Munchen,1743
îndrăzneală,1742
cretinilor,1742
însărcinate,1742
promiţătoare,1742
turiştii,1742
muchie,1742
Alcatraz,1742
schiţa,1742
Blu,1742
scheme,1742
e-mail-ul,1741
amindoi,1741
creaţiei,1741
particulare,1740
justiţiar,1740
intensitatea,1740
Manolo,1740
avânt,1740
cartiere,1740
Fei,1740
neîncetat,1740
gang,1740
străbunicul,1740
idiotilor,1740
omorati,1740
strike,1739
anticii,1739
scuipi,1739
butoanele,1739
ghideze,1739
fluid,1739
novice,1739
morții,1739
adu-mi-l,1738
incurcat,1738
troian,1738
balustradă,1738
învăţătorule,1738
sărace,1738
cc,1738
intrebati,1738
imaginii,1738
îmbogăţit,1738
preliminar,1738
traumatism,1738
modific,1738
tipurile,1738
Daley,1737
cumpărate,1737
arctic,1737
poate-ar,1737
răutatea,1737
cunostea,1737
specificat,1737
mirosului,1737
nobilul,1737
Lisabona,1737
Castillo,1737
Elvetia,1737
dacă-ti,1736
repezit,1736
primejdios,1736
prăbuşirii,1736
Tiberius,1735
infirmiera,1735
cheese,1735
gamă,1735
termică,1735
pusa,1735
purtătoare,1735
oastea,1735
negresă,1734
deosebita,1734
McNamara,1734
Ralphie,1734
răutăcioasă,1734
mângâie,1734
flotări,1734
cuceritor,1734
comandorul,1734
omleta,1733
invoca,1733
laterale,1733
porecle,1733
favorabil,1733
umflă,1732
CBS,1732
scoateţi-mă,1732
echilibrat,1732
schimbător,1732
Irwin,1732
superstar,1732
Geoff,1732
corespund,1732
uşilor,1732
ochii-n,1731
Hadley,1731
criptare,1731
aviaţie,1731
într-a,1731
flexibil,1731
brânci,1731
asez,1731
hibernare,1731
leit,1731
focoase,1731
axe,1731
Lyndsey,1731
penisuri,1730
atita,1730
procesat,1730
mlastina,1730
aspiratorul,1730
desfă,1730
cara-te,1730
Moose,1730
pluti,1730
Melman,1730
criminalităţii,1729
verighetă,1729
Flo,1729
Icarus,1729
Westen,1729
Soprano,1729
şoferii,1729
fostele,1729
asociaţiei,1729
manipulează,1729
speaker,1729
necesari,1729
înebunit,1728
ataşată,1728
cureti,1728
înveseleşte-te,1728
partile,1728
excepţională,1728
eroilor,1727
poeziile,1727
bolnavii,1727
plutoniu,1727
bash,1727
Gaia,1726
adorabili,1726
impulsurile,1726
onorariul,1726
steagurile,1726
tatã,1726
Guthrie,1726
Frederic,1726
vinovata,1726
să-o,1725
azot,1725
better,1725
beţivi,1725
ceată,1725
zgomotele,1725
contextul,1725
umflată,1725
corectez,1724
acuzăm,1724
insigne,1724
Bali,1724
Sforza,1724
investigaţiei,1724
lorzi,1724
explorator,1724
oboseşti,1723
brute,1723
Hodge,1723
Parisului,1723
greşim,1723
dislocat,1723
cănd,1723
aplicarea,1723
panourile,1723
Giuseppe,1723
imaginară,1723
pasagerul,1723
prostituatele,1723
amploare,1722
cititul,1722
şoimul,1722
talonul,1722
strazii,1722
considerabilă,1722
chimist,1722
siguranţei,1721
Ox,1721
pupă,1721
Wolfe,1721
Ramses,1721
prospera,1721
Bernstein,1721
predaţi-vă,1721
diablo,1721
cotlet,1721
Octavia,1721
misterioasa,1721
Ellison,1721
îndreptaţi-vă,1720
sunetului,1720
Benton,1720
OZN-uri,1720
Fir-aş,1720
LuiGeluS,1719
acru,1719
import,1719
psihiatrică,1719
sălile,1719
informatori,1719
Boromir,1719
unirea,1719
cozii,1719
plaje,1719
stării,1719
incearcă,1719
oaspeţilor,1719
tinte,1718
inculpatul,1718
transmisă,1718
plutitoare,1718
preotule,1718
conditia,1718
negustori,1718
Newt,1718
jogging,1718
saună,1718
tăierea,1718
Tobin,1718
isteţule,1717
amestecaţi,1717
diferentă,1717
nemtii,1717
universuri,1717
colegului,1717
unde-a,1717
torturează,1717
Mikhail,1717
tai-o,1717
sacoul,1717
aprecierea,1717
zambeste,1716
Rabb,1716
Kabul,1716
componentele,1716
England,1716
contului,1716
încercă,1716
Dominique,1716
verifică-l,1716
Crowder,1716
raportate,1715
maxime,1715
Neelix,1715
Scanlon,1715
maritata,1715
toxine,1715
sculptat,1715
sărituri,1715
tunetul,1715
saturi,1714
fight,1714
magica,1714
dublează,1714
închideti,1714
pufos,1714
comfortabil,1714
McBride,1714
amica,1714
dubioase,1714
nepoatei,1714
Dae,1713
timpuriu,1713
suspendă,1713
romantismul,1713
idealurile,1713
Cove,1713
dnelor,1713
protestez,1713
trişor,1713
penitenciar,1712
înceteaza,1712
distrugătoare,1712
gesturi,1712
nefericita,1712
ştreang,1712
lone,1712
portia,1712
Greenwich,1712
Alexa,1712
străpunge,1712
Kimble,1712
traşi,1711
optimistă,1711
înţelegea,1711
călătorind,1711
Bosnia,1711
răvăşit,1711
Sunshine,1711
răniti,1710
depista,1710
capătă,1710
împlinească,1710
fiscul,1710
probabilă,1710
suferinţei,1710
Vancouver,1710
latte,1709
volţi,1709
determinarea,1709
pronunţ,1709
Edinburgh,1709
fragile,1709
Krista,1709
saraca,1708
admiratoare,1708
interpretează,1708
blindat,1708
ranesti,1708
regizat,1708
Joaquin,1708
zgârie,1708
reţină,1708
tinde,1708
fiintă,1708
scanerul,1708
Mets,1708
traficantul,1707
Chekov,1707
alianta,1707
lantul,1707
menţinerea,1707
Jeffries,1707
asculți,1707
permanenţă,1706
pasarile,1706
Aram,1706
căpetenia,1706
gal,1706
captivant,1706
perdele,1706
asigurari,1706
secretariat,1706
punţile,1706
Everest,1706
Burgess,1706
riduri,1705
Kristin,1705
mirat,1705
dolarul,1705
Townsend,1705
fun,1705
family,1705
examinăm,1705
implantul,1705
transporte,1704
cercetari,1704
a-nceput,1704
cauzele,1704
corporală,1704
depresia,1704
menţionează,1704
Forest,1703
mările,1703
ilegali,1703
propria-mi,1703
yeni,1703
fană,1703
lipeala,1703
vesnicie,1702
opriţi-i,1702
delfini,1702
Dubaku,1702
stâlpul,1702
Laszlo,1702
cronică,1702
Dmitri,1702
Celine,1702
dărâme,1701
hainelor,1701
Nicki,1701
florilor,1701
Rockefeller,1701
simpatici,1701
lam,1701
canoe,1701
candidatura,1701
decret,1701
şefilor,1701
plăţile,1701
strigaţi,1701
X-Men,1701
menite,1700
profituri,1700
închisorile,1700
ripostat,1700
bratara,1700
Uhtred,1700
sprijinim,1700
Ĺ,1700
tăcuţi,1700
Baratheon,1700
focos,1700
Helene,1700
frecvente,1700
gherilă,1699
intoarceti,1699
nepedepsit,1699
credibilă,1699
nervul,1699
clandestin,1699
Fay,1699
primitivă,1699
îngrijorător,1698
livrezi,1698
vizitatorilor,1698
violul,1698
defectă,1698
absorbi,1698
autoritatile,1698
păcălim,1698
foxtrot,1698
zombii,1698
ru,1698
Freebo,1697
şaptelea,1697
hah,1697
citire,1697
nasture,1697
conţinut,1697
încurajează,1697
tendinţe,1696
cadre,1696
stiintific,1696
miză,1696
mădularul,1696
spuma,1696
Iordania,1696
Yolanda,1696
neclare,1695
italiene,1695
şoldurile,1695
s-ajung,1695
apogeul,1695
textele,1695
consta,1695
pămînt,1695
nicicum,1695
incinta,1695
translator,1695
certurile,1695
jurăminte,1695
finanţarea,1694
Delaware,1694
Basil,1694
resedinta,1694
baracă,1694
Lip,1694
intins,1694
plimbări,1694
torpila,1694
pl,1694
trageți,1694
reality,1694
ajutaţi-l,1693
calmant,1693
pierduti,1693
șefule,1693
talentaţi,1693
răpitori,1693
duș,1692
vecinătate,1692
urează,1692
traiti,1692
varful,1692
îndoaie,1692
sexualitatea,1692
ignorăm,1692
laşilor,1692
bocanci,1692
evaluat,1692
slăbi,1692
combină,1692
nechibzuit,1691
Mossad,1691
sarac,1691
concurenţă,1691
rablă,1691
vomat,1691
gazde,1691
profeţii,1691
rulare,1691
polițiști,1691
reconstruit,1691
magicianul,1690
Buford,1690
omoruri,1690
intunecata,1690
temporale,1690
privinţe,1690
coarnele,1690
ascultă-ţi,1690
Freedom,1690
armăsarul,1690
destrămat,1690
transformaţi,1690
arome,1690
trimisi,1689
plasma,1689
mantie,1689
Cedar,1689
moşteni,1689
înceată,1689
porcaria,1689
toracică,1689
taberele,1689
completaţi,1688
invidia,1688
loto,1688
glonț,1688
distrasă,1688
exersează,1688
învechit,1688
oferea,1688
evreul,1688
conștient,1687
Gogh,1687
fiți,1687
poreclit,1687
coafor,1687
strecoară,1687
Cecenia,1687
khaleesi,1687
Billings,1687
Connelly,1687
coace,1686
cruciadă,1686
portii,1686
colege,1686
ameţeli,1686
ochit,1686
emit,1686
despartim,1686
Rebekah,1685
bypass,1685
vibrează,1685
Morpheus,1685
înţelegătoare,1685
Egan,1685
tratarea,1685
regulate,1685
smecher,1685
retezat,1684
i-ti,1684
Tibet,1684
onorăm,1684
nevăzut,1684
etichete,1684
treimi,1684
organizare,1684
Prometheus,1684
vector,1684
inexplicabil,1684
Jafar,1684
cercel,1684
Corbett,1683
înregistraţi,1683
luaţi-le,1683
presupunerea,1683
Kruger,1683
săltat,1683
reciprocă,1683
moleculară,1683
Magneto,1683
veteranilor,1683
perlele,1683
scoateţi-i,1683
vitejie,1683
macara,1683
discotecă,1682
colţi,1682
poteca,1682
Hattie,1682
vârfurile,1682
şoarecii,1682
convertit,1682
prelegere,1682
aluzie,1682
pasional,1682
unitatile,1682
Bellick,1681
economisim,1681
gee,1681
lămâi,1681
trateaza,1681
încrezi,1681
divorţa,1681
calificare,1681
McKenna,1681
încetineşti,1681
aprovizionarea,1681
asociere,1681
consulţi,1680
meritai,1680
Tyr,1680
castige,1680
saxon,1680
eliberate,1680
Kristina,1680
bucataria,1680
întâmpinăm,1680
juridică,1680
rebeliunea,1680
tâmplar,1680
mareea,1679
spontană,1679
demonstrăm,1679
suficienta,1679
Darla,1679
oceanele,1678
îndragostit,1678
satisfăcută,1678
postură,1678
vast,1678
fulg,1678
franţuzească,1678
pernele,1678
membrul,1678
simtea,1678
reflexe,1678
papagalul,1678
plagă,1678
betiv,1678
mahmureală,1678
majoreta,1677
lipită,1677
presez,1677
Camden,1677
căutați,1677
hectare,1677
nasului,1677
epic,1676
încetinim,1676
zeta,1676
amenintarea,1676
datoraţi,1676
monstruos,1676
cortexul,1676
înfiorătoare,1676
Sanjana,1676
împotriveşti,1676
tăietura,1676
crescuţi,1676
Joss,1676
cianură,1676
împotmolit,1675
avertizează,1675
laşitate,1675
justifică,1675
agaţe,1675
devotată,1675
condu-l,1675
mureau,1675
Assad,1675
algoritmul,1674
naturala,1674
pe-aci,1674
răscolit,1674
toxicologic,1673
pungile,1673
Precious,1673
Iceman,1673
Jekyll,1673
marinarul,1673
devenire,1673
transmisiunea,1673
gazon,1673
sperjur,1673
ascultați,1673
meschin,1673
ruble,1672
bate-l,1672
mother,1672
nic,1672
avariată,1672
musulmanii,1672
făcând-o,1672
Mako,1672
teava,1672
perimetrului,1671
party,1671
ciudăţenii,1671
urmeaza-ma,1671
pedepse,1671
Trace,1671
ignoranţa,1671
poliţista,1671
Kol,1671
difuzat,1671
câştigată,1671
paravan,1671
notoriu,1671
Oscorp,1671
restaurantele,1670
pomeni,1670
Hoshi,1670
navighează,1670
împrăştiaţi,1670
glumea,1670
englezilor,1670
cadavrelor,1669
Goebbels,1669
Garry,1669
absenta,1669
twist,1669
taică-său,1669
pierdusem,1668
Huey,1668
MacArthur,1668
Raja,1668
veseli,1667
functia,1667
mâncati,1667
comodă,1667
bit,1667
instituţii,1667
Hartley,1667
manipuleze,1667
strâmtă,1667
întîlnit,1667
ruptura,1667
trăsătură,1667
mafioţi,1667
puştoaică,1666
Unh,1666
umilită,1666
marşul,1666
fleacuri,1666
schimbat-o,1666
aparține,1665
înlocuită,1665
won't,1665
urle,1665
depusă,1665
Deanna,1665
Ritz,1665
fanul,1665
opriri,1664
aligator,1664
pruncul,1664
demonică,1664
ab,1664
părintilor,1664
explorăm,1664
învârtă,1664
reîntoarce,1664
Kincaid,1664
anu,1664
eroule,1663
modificările,1663
cererii,1663
Macy,1663
Errol,1663
O'Connor,1663
păcătoşi,1663
cante,1663
cercului,1663
Ichi,1663
cumnată,1663
Biggs,1663
explorare,1663
nesemnificativ,1663
blogul,1663
Smitty,1663
restitui,1663
Rider,1662
vatră,1662
umilinţa,1662
distribuitor,1662
superiorilor,1662
manânci,1662
melc,1662
CTU,1662
păstorul,1662
drul,1662
ce-si,1661
prefect,1661
biscuiţii,1661
rabinul,1661
spadă,1661
specialistul,1661
macină,1661
Nashville,1661
Anjali,1661
câteodata,1661
gasita,1661
circuite,1660
Daenerys,1660
spin,1660
lefter,1660
şiret,1660
nedreaptă,1660
bancnotele,1660
poştale,1660
sfârşitului,1660
sondaj,1660
intersectia,1660
id,1660
coboram,1660
uită-l,1659
piratul,1659
Goa,1659
mascota,1659
verdele,1659
beregata,1659
demisionezi,1659
mărească,1659
fierăstrău,1659
fractura,1658
Leone,1658
francezilor,1658
cancelarului,1658
Giorgio,1658
serpi,1658
pei,1658
lustruit,1658
golesc,1658
multumiti,1658
nc,1658
promiteţi,1658
curăţată,1658
alunece,1658
lucid,1657
grămezi,1657
tumoră,1657
impactului,1657
tocat,1657
priorităţi,1657
căsătoriti,1657
Ã,1657
Portugalia,1657
vrăjile,1656
se-ntoarce,1656
refuzăm,1656
ganduri,1656
descendent,1656
picteze,1656
desprinde,1655
lăsaţi-vă,1655
Meyers,1655
spectacolele,1655
Wiley,1655
hotarât,1655
cântatul,1655
sageata,1655
Gonzales,1655
întindere,1655
blocăm,1654
Challenger,1654
Chavez,1654
reacţionezi,1654
brain,1654
satanei,1654
milionul,1654
Hendrix,1654
musculară,1653
bancuri,1653
părți,1653
Reginald,1653
strategică,1653
căii,1653
sandwich-uri,1653
bătăliile,1653
paragraful,1653
inventeze,1653
screaming,1653
experiență,1653
contrazici,1653
apelului,1652
formală,1652
televizorului,1652
Juliei,1652
haosului,1652
Delenn,1652
utilizator,1652
ĂŽn,1652
emiţătorul,1652
Macbeth,1652
cher,1652
Kanan,1652
again,1652
impun,1652
comentat,1652
vulnerabile,1652
impresionaţi,1651
înşelat-o,1651
fuste,1651
spionează,1651
soft,1651
RJ,1651
Austen,1651
Angelina,1651
Alistair,1651
baloanele,1651
Lamb,1650
detonat,1650
sperai,1650
adevarati,1650
Aziz,1650
oţet,1650
psst,1649
miliţia,1649
Neptun,1649
şcolare,1649
potoliţi-vă,1649
perdelele,1649
sfidează,1649
tortureze,1648
estimează,1648
ajutati-mă,1648
întreţinerea,1648
înapoiezi,1648
acceleraţie,1648
gone,1648
întârziaţi,1648
slujitorul,1648
pătrund,1648
tinerele,1647
categorii,1647
expertiza,1647
dezordinea,1647
ridicare,1647
tine-i,1647
trompetă,1647
afumat,1647
concurezi,1647
negociază,1647
curenţii,1647
cosmice,1647
intestine,1647
loţiune,1646
bucura-te,1646
putrezit,1646
bucate,1646
frângi,1646
apocalipsă,1646
cucerirea,1646
înălţimi,1646
Justice,1646
batoane,1646
targa,1646
Quark,1646
tăcea,1646
rotaţie,1646
Manu,1645
duzina,1645
lua-te-ar,1645
sintetic,1645
renuntă,1645
iubiţii,1645
vrăjitorii,1645
Records,1644
pălăriile,1644
adecvate,1644
excremente,1644
caut-o,1644
încaseze,1644
deranjată,1644
rotesc,1644
violarea,1644
Rommel,1644
regulament,1644
Chopper,1643
încărcătorul,1643
Beka,1643
gardienilor,1643
heliu,1643
plesnesc,1643
trapă,1643
ursului,1643
adicã,1643
comunicatii,1643
punk,1643
industriale,1643
dominat,1643
Crosby,1643
aduceam,1643
măreşti,1643
anumita,1643
Gallo,1642
vârtej,1642
nemiloasă,1642
raspunda,1642
râdeam,1642
crucii,1642
scanerele,1642
străduim,1641
Meera,1641
inseala,1641
urmăreai,1641
imaginatie,1641
tractor,1641
loveasca,1641
Ernst,1641
Chon,1641
bizare,1641
ploile,1641
încrezători,1641
gigolo,1640
Shay,1640
Algeria,1640
generat,1640
sufocă,1640
familiare,1640
datorat,1640
fisura,1640
Duval,1640
romanilor,1640
Patrice,1640
nani,1640
îngâmfat,1640
surprinsa,1640
misca-ti,1640
faceţi-i,1639
reconfortant,1639
aman,1639
ospăţ,1639
jurnalism,1639
preferabil,1639
vizorul,1639
salturi,1639
întrevedere,1639
done,1639
uriase,1639
opună,1639
călărească,1639
profunzime,1638
variabile,1638
centrele,1638
aliatul,1638
neplăceri,1638
Wilkins,1638
schizofrenie,1637
gazonul,1637
răspunde-i,1637
Moretti,1637
omagiile,1637
eclipsa,1637
lasati-l,1637
ție,1637
avarii,1637
obligaţiile,1637
gorile,1636
4-a,1636
brațul,1636
Kaufman,1636
Colette,1636
ascensiunea,1636
Rollins,1636
egiptenii,1636
trecător,1636
urmaşii,1636
rue,1636
foarfeca,1636
suparare,1636
exploziile,1636
gătim,1635
cascadorie,1635
berbec,1635
wireless,1635
gândindu-se,1635
Treadstone,1635
Warwick,1635
orasele,1635
anunţuri,1635
tacut,1635
sanatoriu,1635
bucătari,1635
înșelat,1634
carneţelul,1634
invitatia,1634
skinny,1634
evreiască,1634
Vincenzo,1634
vitrină,1634
umila,1634
Maxie,1633
Ahhh,1633
nebunilor,1633
angajatii,1633
colectare,1633
motociclist,1633
fermei,1633
farse,1632
administraţiei,1632
colaborarea,1632
învingători,1632
verifică-ţi,1632
obisnuită,1632
depăşită,1632
Darth,1631
oribila,1631
biologia,1631
isterie,1631
baroane,1631
înşelător,1631
întemeiate,1631
schimbari,1631
închiriază,1631
garduri,1631
agresive,1631
mutanţii,1631
ademenit,1631
paparazzi,1631
impresarul,1631
preludiu,1631
invitaţiile,1630
aceaşi,1630
extraterestrul,1630
dictează,1630
ruinezi,1630
temperaturile,1630
noptile,1630
Moreno,1630
albastri,1630
împrumută,1630
aka,1630
păgân,1630
Dover,1629
sporturi,1629
ciocnim,1629
Weber,1629
sufoci,1629
inspirată,1629
Nucky,1629
caută-mă,1628
zăcea,1628
tacticile,1628
formez,1628
tusea,1628
corturi,1628
Ventura,1628
livrate,1627
şantajat,1627
familist,1627
cyborg,1627
ghicitori,1627
ferestrei,1627
Sameer,1627
operaţiunilor,1627
Adriana,1627
ripostează,1627
reprezentare,1627
compar,1627
uscător,1626
alergii,1626
interesata,1626
câştigat-o,1626
crucificat,1626
Lenin,1626
Théoden,1626
simbolizează,1625
întocmit,1625
colectat,1625
schimbati,1625
declari,1625
asfinţit,1625
medicamentelor,1625
inspectorului,1625
Franks,1625
actualul,1625
Făt-Frumos,1624
NZT,1624
barbatilor,1624
prajituri,1624
Al_Mic,1624
pamint,1624
purpuriu,1624
maimuţelor,1624
cheag,1624
declansat,1624
intalneasca,1623
suspiciunea,1623
careia,1623
clipeşte,1623
Hewes,1623
ridică-mă,1623
ocolit,1623
Yemen,1623
țintă,1623
afişează,1623
cârmă,1623
geloasa,1623
săruturi,1623
took,1623
şireturile,1622
inchisoarea,1622
domnişoarele,1622
produsă,1622
Claudius,1622
revolver,1622
sfanta,1622
anatomia,1622
Lennon,1621
găsiţi-o,1621
Augustine,1621
actionat,1621
torpilă,1621
sith,1621
Rey,1621
mas,1621
acuzatului,1621
Avi,1621
amanţi,1621
legitimaţie,1620
proiectate,1620
înghesuit,1620
păstram,1620
pledezi,1620
foarfecă,1620
rămânea,1620
Pulitzer,1620
calciu,1620
monitorizăm,1620
surzi,1620
contuzii,1620
ţânţari,1620
legendar,1620
Devereaux,1620
îndeplineşte,1620
meditaţie,1620
Scoţiei,1619
plesnit,1619
situată,1619
monitoare,1619
Saigon,1619
verse,1619
grădini,1618
nerv,1618
pudra,1618
preferăm,1618
Downton,1618
criminalist,1618
minunea,1618
înspăimântată,1617
nămol,1617
Kieran,1617
coreeană,1617
lupus,1617
geme,1616
Chaplin,1616
sumbru,1616
independenţa,1616
eliberează-mă,1616
englezoaică,1616
arătati,1616
galoane,1616
de-ţi,1616
Scrooge,1615
pier,1615
inspiri,1615
Antonia,1615
Kepner,1615
mãcar,1615
buda,1615
sahib,1615
Purcell,1615
generala,1615
companiilor,1615
Tobey,1615
funcţii,1615
investească,1615
vacanţe,1615
felaţie,1615
radiator,1614
funcţională,1614
masturbare,1614
Flores,1614
Maia,1614
lănţişorul,1614
cioburi,1614
marioneta,1614
pierdea,1614
aliaţilor,1614
anonime,1614
lături,1613
improvizat,1613
Israelul,1613
Mammy,1613
organizatia,1613
emoţia,1613
e-mail-urile,1613
maxilarul,1613
abatere,1612
firmele,1612
taximetrist,1612
genţile,1612
achiziţie,1612
stimulent,1612
coiot,1612
Gia,1612
ulcer,1612
ficatului,1612
zgardă,1612
Niagara,1612
optzeci,1612
concureze,1612
capturată,1611
competitiv,1611
relația,1611
prim-ministrul,1611
tradiţionale,1611
Lanie,1611
Targaryen,1611
răpeşti,1611
moralitatea,1611
lingouri,1611
desfăşura,1611
detrimentul,1611
judecătoarea,1611
gratar,1611
conversaţiile,1611
executată,1610
concentreaza-te,1610
poruncile,1610
cine-mi,1610
aranjaţi,1610
panglica,1610
găşti,1610
logodnică,1610
babă,1610
îmbrăţişări,1610
Tandy,1609
vrăjitoarei,1609
ţânţar,1609
ramâna,1609
înmormântări,1609
prostesti,1609
mutatul,1609
calatori,1609
Trade,1609
barurile,1609
sărăcuţa,1608
prevede,1608
ochiţi,1608
contrabanda,1608
analizeze,1608
salveaz-o,1608
apararii,1608
cizma,1608
suspendarea,1608
Notre,1607
hotărăşte-te,1607
Barnaby,1607
reţineţi,1607
genţi,1607
seringa,1607
însemn,1606
Iraq,1606
încearcă-l,1606
recenta,1606
intrigă,1606
Downey,1606
proxenet,1606
consumi,1606
mulţumirile,1606
aflii,1606
Aspen,1606
închipuie-ţi,1606
reformulez,1605
Terrei,1605
împreunã,1605
Fairfax,1605
sociala,1605
încălzim,1605
poştaş,1605
restrâns,1605
mustata,1605
cac,1605
Ba'al,1605
doboară-l,1604
moleculele,1604
personajului,1604
indicaţiile,1604
potop,1604
muşcătura,1604
colet,1604
Wichita,1604
săracilor,1604
d-rul,1604
bateti,1604
Liang,1603
arbore,1603
nonstop,1603
infractorul,1603
klingonienii,1603
actualizare,1603
constituţie,1603
iraţional,1603
duhoare,1603
tranchilizante,1603
aceleași,1603
Waldo,1603
exprimi,1602
călăul,1602
Boca,1602
00FF00,1602
vals,1602
juraţilor,1602
cămile,1602
facilitate,1602
2-lea,1602
uterul,1602
campul,1602
reacţiile,1601
visător,1601
salvării,1601
creştinii,1601
Tinker,1601
mistic,1601
sedintă,1601
Harrington,1601
raportăm,1601
Smokey,1601
Korra,1601
dosul,1601
Harmony,1601
intervenţii,1601
crevete,1601
spargeţi,1600
determinată,1600
urmarea,1600
Avalon,1600
melci,1600
accelera,1600
Labs,1600
Falcone,1600
încuietori,1600
salutul,1600
goli,1600
evacua,1600
Fringe,1600
Travers,1599
străbate,1599
aliaj,1599
Tereza,1599
insuti,1599
Verne,1599
evolua,1599
Shea,1599
aţa,1599
ieșim,1599
doctoriţă,1599
aștepți,1599
senzaţii,1599
Epps,1598
verişorul,1598
urbană,1598
Kings,1598
Olandezul,1598
puicuţă,1598
ramura,1597
liliecii,1597
remedia,1597
foraj,1597
destinele,1597
Rembrandt,1597
nevasta-mea,1597
intelectuală,1597
nouălea,1597
biscuiti,1597
bogăţii,1597
fundaţiei,1597
tragedii,1597
Atlanticului,1597
emisiunile,1597
Pilat,1597
navighez,1596
ger,1596
atasat,1596
izvorul,1596
cherestea,1596
filtrul,1596
unealta,1596
urmate,1596
dosarului,1596
tulburătoare,1596
directa,1595
verificat-o,1595
Untranslated,1595
tradiţii,1595
fraze,1595
patrulează,1595
ryo,1595
modificarea,1595
povestesti,1595
Quaid,1595
capacităţile,1594
descuie,1594
adaptezi,1594
modalitatea,1594
leagănul,1594
întindeţi,1594
săritura,1594
nedescris,1594
horse,1594
coafură,1594
n-aud,1594
Atlantida,1594
micu,1594
Ade,1594
softball,1594
plictiseşte,1594
impotent,1594
bucatica,1594
coborat,1594
Kiev,1594
sătulă,1593
intarzii,1593
scooter,1593
câştigarea,1593
rugaţi-vă,1593
cheltuieşti,1593
Roderick,1592
curgea,1592
Hermes,1592
rivali,1592
dati-vă,1592
cerinţele,1592
întâmplase,1592
Maui,1592
faze,1592
umblând,1591
sarpele,1591
întamplat,1591
îndatoriri,1591
relicve,1591
cerească,1591
vibrator,1591
viţă,1591
Nelly,1591
Laurence,1591
ţestoasele,1591
porumbeilor,1591
celulară,1590
bulangiu,1590
podurile,1590
rutele,1590
gravide,1590
condamnă,1590
Adi,1590
Cavanaugh,1590
apelurilor,1589
detectată,1589
curatenie,1589
stinga,1589
Didi,1589
îmbătrâneşte,1589
pajură,1589
Grievous,1589
cavalere,1588
peştişor,1588
always,1588
oblige,1588
ironizeaza,1588
otrăvească,1588
gîndeam,1588
recapeţi,1588
cometă,1588
dacă-s,1588
cosmică,1588
mitzvah,1588
privit-o,1588
pompierilor,1587
cartelului,1587
deasemeni,1587
cranii,1587
actriţa,1587
sanatoasa,1587
miniatură,1587
stropi,1587
negrese,1587
tulburător,1587
clasica,1587
XX,1587
Dempsey,1587
actiona,1587
neînţeles,1587
obiecţii,1587
urmã,1586
nasterea,1586
adevăruri,1586
plecata,1586
Minas,1586
boboci,1586
Givens,1586
strivi,1586
discuție,1586
Jillian,1586
paralizant,1586
nătărău,1586
împingem,1586
dvd-uri,1586
smecherie,1586
învia,1586
radicală,1585
procuraturii,1585
onestitatea,1585
mesteci,1585
intrigat,1585
riscaţi,1585
confirmate,1585
Vicodin,1585
îndeplinim,1585
șansa,1585
fumaţi,1585
petiţie,1585
agenți,1585
tonight,1584
doara,1584
reprezentăm,1584
fratioare,1584
sărat,1584
confirmăm,1584
legati,1584
scutecele,1584
adultă,1583
fiscală,1583
tr,1583
devastată,1583
renegat,1583
într-atât,1583
croaziera,1583
oferit-o,1583
antimaterie,1583
industrială,1583
d-rei,1583
ga,1583
adolescente,1583
viespea,1583
închide-i,1583
yay,1583
apucat-o,1583
leziunile,1583
mântuire,1583
puneţi-o,1582
sanitar,1582
stricat-o,1582
Osborn,1582
periferie,1582
Luciano,1582
Mahone,1582
reluat,1582
Wilfred,1582
coordonator,1581
explică-i,1581
banditul,1581
prinsa,1581
uşurezi,1581
incercarea,1581
organelor,1581
campionii,1581
Carr,1581
reţelele,1581
îndrăgosteşte,1581
lacătul,1581
dispozitivului,1581
Bertha,1581
Schwartz,1580
paradisului,1580
şurubelniţă,1580
localizată,1580
izbucni,1580
divortul,1580
tânara,1580
plictiseala,1580
coaiele,1580
îndrumat,1579
japonezilor,1579
castigam,1579
uite-le,1579
paştele,1579
bustul,1579
Avraam,1578
vers,1578
mortului,1578
terestră,1578
grecesc,1578
mîncare,1578
yankeu,1578
țipete,1578
ocolesc,1577
iubiri,1577
Deeds,1577
Mendoza,1577
fertilitate,1577
intimidare,1577
urcând,1577
apelezi,1577
Doakes,1577
rupa,1577
vizuină,1577
neatent,1577
afişe,1576
Reacher,1576
reparat-o,1576
imitaţie,1576
recuperaţi,1576
răceşti,1576
Axl,1576
mexicane,1576
Octavian,1576
penisului,1576
distruge-l,1576
hotii,1576
onoreze,1576
decorul,1575
produci,1575
porţiune,1575
bombardiere,1575
cumpărarea,1575
Fallon,1575
paianjen,1574
călugărul,1574
alcoolice,1574
încăpea,1574
gazare,1574
folie,1574
must,1574
ingredientul,1574
dându-i,1574
McManus,1574
asfalt,1574
Belinda,1574
planificarea,1574
trage-mă,1574
chirurgii,1573
nobila,1573
fundaş,1573
Janus,1573
compoziţia,1573
adresată,1573
anchetator,1573
intunecat,1572
uriasa,1572
Cosette,1572
binoclul,1572
imparti,1572
porumbelul,1572
moţiune,1572
intr-una,1572
Kahn,1572
legaturi,1571
cofeină,1571
estimare,1571
stinse,1571
pavilion,1571
Rocket,1571
tulbure,1571
dublură,1571
pantera,1571
Hawking,1571
abandonat-o,1571
halo,1571
Crais,1570
jupoi,1570
Calais,1570
heterosexual,1570
bărbăţia,1570
futui,1570
progresului,1570
wanna,1570
cocoşul,1570
închiriezi,1569
Fusco,1569
scârboasă,1569
funerare,1569
C4,1569
Arlington,1569
Seon,1569
independente,1569
radiografii,1569
pub,1569
coloniile,1569
primeam,1569
spectrul,1568
seduce,1568
Kylie,1568
crestin,1568
duceti-l,1568
Lukas,1568
aceasi,1568
cititor,1568
continente,1568
obisnuiesc,1568
flacon,1568
muci,1568
piesei,1568
platină,1568
interviurile,1568
nocturnă,1567
Atwood,1567
Bowie,1567
Kal-El,1567
trăgători,1567
ţipăt,1567
gătită,1567
iluminat,1567
crăpătură,1567
mostenitor,1566
fară,1566
pofida,1566
Jing,1566
olandeză,1566
Ulrich,1566
tulburarea,1566
cinematograful,1566
acoperiș,1566
Janek,1566
zâmbea,1566
respectate,1566
povestirile,1566
garantezi,1565
Arkansas,1565
crește,1565
africane,1565
sg,1565
povestim,1565
îmbolnăveşti,1565
peria,1565
simbolic,1565
albina,1564
învăţăturile,1564
submarinele,1564
păzim,1564
Kikyo,1564
antrenorului,1564
favoritele,1564
Beast,1563
catalogul,1563
gasite,1563
lanturi,1563
bărcii,1563
baietilor,1563
inchiriat,1563
Patti,1563
invoc,1563
înfometată,1563
balconul,1563
târască,1563
propria-i,1563
polițiștii,1563
priveghi,1562
gemând,1562
artistică,1562
inventator,1562
încrederii,1562
primăriei,1562
spectru,1562
stergem,1562
întreţin,1562
pasaport,1562
împuşcare,1562
ucideţi-l,1562
entuziast,1562
proiectile,1561
finanţele,1561
parohie,1561
fildeş,1561
pergamentul,1561
baiatului,1561
incendiului,1561
grăsanul,1561
sportivă,1561
Finlanda,1561
didn't,1561
Bugsy,1561
plăţi,1561
electrica,1561
începuturile,1561
Sandoval,1561
comunitar,1560
cooperant,1560
radioactive,1560
ruleze,1560
ap,1560
motivaţia,1560
ranile,1560
oglinzii,1560
pastore,1560
programez,1560
homari,1559
îndurerat,1559
baletul,1559
Lima,1559
balanţă,1559
materiei,1559
faraonului,1559
copleşitor,1559
explorarea,1559
răpus,1559
cazinoului,1559
aveati,1558
rătăcesc,1558
Marshal,1558
sedative,1558
frustrarea,1558
descarce,1558
alertat,1558
pacatele,1558
Yuki,1558
declin,1557
Ressler,1557
întrebărilor,1557
Airlines,1557
Lassie,1557
comert,1557
Doggett,1557
Maru,1557
mutaţie,1557
ramuri,1556
Groot,1556
plantelor,1556
Tracey,1556
Alamo,1556
cimpanzeu,1556
violatori,1556
salaam,1556
speranţei,1555
îmbătrânim,1555
trăgeau,1555
recompensat,1555
răsucit,1555
RV,1555
vaduva,1555
wesen,1555
adăposturi,1554
sfirsit,1554
indreptam,1554
venisem,1554
alți,1554
corcitură,1554
carora,1554
Addy,1554
Yvette,1554
sovietici,1554
McDonald,1554
înfige,1554
aceasta-i,1554
strigătul,1553
micşorat,1553
estică,1553
instantanee,1553
porți,1553
reuşite,1553
aspirina,1553
obraznici,1553
Odo,1553
Osiris,1553
călăreţii,1553
pofteşte,1553
nuca,1553
Thad,1552
falsuri,1552
zdruncinat,1552
alb-negru,1552
înarmate,1552
hack,1552
Jor-El,1552
valorezi,1552
angajarea,1552
McGarrett,1552
gogoşile,1552
jucarii,1552
miner,1552
delegat,1552
transmiteţi,1552
nesuportat,1551
revenind,1551
popas,1551
zâmbete,1551
aperitive,1551
gătitul,1551
lansator,1551
planetelor,1551
titrări,1551
înălţat,1551
scutului,1551
FDA,1551
radiaţie,1551
operaţională,1550
dramatice,1550
fitness,1550
temelie,1550
turc,1550
părăsind,1550
apelaţi,1550
închipuie,1550
Alden,1550
întreruperea,1549
recomanzi,1549
provoaca,1549
infinite,1549
baghetă,1549
intii,1549
poemul,1549
hockey,1548
vomite,1548
presupusul,1548
Rangers,1548
interesate,1548
Chas,1548
atu,1548
bandajul,1548
îmbrăţişăm,1548
surogat,1548
staruri,1548
preoteasă,1548
desteaptă,1548
uitare,1548
Rolex,1547
invocat,1547
fotoliul,1547
ordinară,1547
încheiere,1547
pasiunii,1547
magar,1546
supra,1546
scaner,1546
Smythe,1546
executie,1546
inventată,1546
şocuri,1546
colabora,1546
intreaba-l,1546
aplaudaţi,1546
Karin,1545
enigmă,1545
body,1545
epidemia,1545
inutili,1545
alocat,1545
bătrânică,1545
varf,1545
molecule,1545
bebeluşului,1545
Reef,1544
debutul,1544
fraierit,1544
autorităţii,1544
competent,1544
Johanna,1544
jucarie,1543
domine,1543
reprezentanţii,1543
vama,1543
Mercury,1543
Baines,1543
mumie,1543
şolduri,1543
Ouch,1542
păcăleşte,1542
întrebai,1542
fabuloasă,1542
heaven,1542
Gruber,1542
tv-ul,1542
educaţiei,1542
retin,1542
flaut,1541
cretinii,1541
mizerabili,1541
muriti,1541
subconştient,1541
amara,1541
into,1541
zăpezii,1541
natală,1541
slabiciune,1541
arhitectură,1541
scoateţi-vă,1540
oferind,1540
divorţează,1540
campanii,1540
radiaţia,1540
Coney,1540
ciorile,1540
studenta,1540
pledat,1540
realizări,1540
putrezeşti,1540
dezlegi,1540
Aramis,1540
oppa,1540
urechii,1540
Grantham,1540
bizară,1540
să-nceapă,1540
accidentele,1539
Yun,1539
calca,1539
tunde,1539
fixe,1539
talismanul,1539
destinate,1539
aliniat,1539
secventa,1539
republicani,1539
razie,1539
sărbătoreşte,1539
investigarea,1539
ponturi,1538
umbrei,1538
încearc-o,1538
Chrissy,1538
raspundeti,1538
cuiul,1538
hobbiţi,1537
pere,1537
condiţionate,1537
Frasier,1537
Viv,1537
tampitule,1537
bâlci,1537
focă,1537
provocăm,1537
fanilor,1537
balistică,1537
măduvă,1537
renaşte,1537
bunicu,1537
savurează,1537
murdăresc,1537
observare,1536
minţit-o,1536
soiul,1536
revendicat,1536
Blunt,1536
fior,1536
utilizează,1536
înjunghiere,1536
civilizaţi,1536
popularitate,1536
gemenele,1535
avusese,1535
atinga,1535
tact,1535
spini,1535
supraviețuit,1535
pol,1535
vestului,1535
ara,1535
raspunsurile,1535
Asterix,1534
alatura,1534
transportăm,1534
agățat,1534
donatori,1534
NBA,1534
asemanator,1534
studentii,1534
căsniciei,1534
Krueger,1533
nazistă,1533
amish,1533
bunătăţi,1533
Jolly,1533
Alexandre,1533
story,1533
violează,1533
târăşte,1533
mamifere,1533
piersică,1533
activităţii,1533
eroism,1532
beneficiu,1532
viperă,1532
sinucideri,1532
foloseste-ti,1532
galilor,1532
vrăjeala,1532
identifică-te,1532
Snyder,1532
3-lea,1532
învăţată,1532
soldatului,1532
slabit,1531
încurajezi,1531
Terrance,1531
olimpiadă,1531
preț,1531
superficiale,1531
sudului,1531
dedica,1531
Sumner,1531
pubertate,1531
înscriere,1531
Tania,1531
tipare,1531
regia,1531
timpurii,1531
detaliată,1531
plastică,1531
traduci,1530
batalia,1530
Messala,1530
buruieni,1530
cre,1530
măgari,1530
candidezi,1530
inghetat,1530
obscură,1530
Esmeralda,1530
speciilor,1530
gâsca,1530
Myung,1530
spatiala,1529
gravitaţională,1529
Leonidas,1529
semneaza,1529
nocturne,1529
ventilatorul,1529
Swift,1528
flutura,1528
îngrijorăm,1528
imprevizibilă,1528
hologramă,1528
taină,1528
bonusul,1528
călătoriţi,1528
Siegfried,1528
servesti,1528
tunete,1527
navete,1527
mărită-te,1527
băgată,1527
informeze,1527
caravana,1527
carburant,1527
retorică,1527
încercuit,1527
prevină,1527
Kapoor,1527
nene,1527
remarci,1527
văduve,1527
ţigani,1527
clopote,1526
Naboo,1526
dezbrace,1526
ofensă,1526
sonore,1526
povestii,1526
spioneze,1526
afemeiat,1526
descompunere,1526
thank,1526
Pelt,1526
musculare,1526
Pink,1526
12-a,1526
fisierele,1526
academic,1525
epilepsie,1525
colaborăm,1525
reactia,1525
reptile,1525
lancea,1525
League,1525
inc,1525
Yorkshire,1525
articolului,1525
păstrare,1525
neschimbat,1525
gaina,1525
Lavon,1524
laguna,1524
adeverit,1524
taverna,1524
păgâni,1524
Trump,1524
frate-meu,1524
poate-l,1524
sigilată,1524
Emilie,1524
moto,1524
funcţionale,1524
preşedinţie,1523
deportat,1523
constructii,1523
productie,1523
Mavis,1523
mania,1523
excita,1523
impins,1523
Ciobanu,1523
arterele,1523
fotbalist,1523
cantat,1522
minerii,1522
urcaţi-vă,1522
holuri,1522
candidează,1522
încalce,1522
atomi,1522
jumătăţi,1522
Mathis,1522
Ohhh,1522
ajun,1522
încuietorile,1522
Ferdinand,1522
ostaticul,1522
acceptati,1522
unghiuri,1522
uite-mă,1521
Erich,1521
leoarcă,1521
Bordeaux,1521
bibliotecii,1521
desăvârşit,1521
vagabondul,1521
Huang,1521
suedeză,1521
maritim,1521
represalii,1520
coloniei,1520
Pasadena,1520
îndrăznești,1520
admiratori,1520
smulgi,1520
Isildur,1520
ştergeţi,1520
imparatul,1520
reuni,1520
mătușa,1520
prezinti,1520
insulină,1519
suveran,1519
îngheţe,1519
sportivi,1519
Parkman,1519
bivol,1519
cardiace,1519
omorâ,1519
asigurate,1519
parbrizul,1519
vandalism,1519
tigară,1519
luaţi-mă,1518
vinului,1518
rănii,1518
Xiao,1518
leşini,1518
fracţiune,1518
Emilien,1518
stropit,1518
exagerată,1518
Zola,1518
confidenţialitatea,1518
casatorita,1518
loveste-l,1517
Oliviei,1517
eseul,1517
extravagant,1517
auto-apărare,1517
instalăm,1517
MacDonald,1517
Zulu,1517
cămăşile,1516
Branson,1516
Kali,1516
prăjiturică,1516
Ortiz,1516
necunoscutul,1516
seminarul,1516
pianist,1516
navigator,1516
explicatii,1516
îndur,1516
pilotaj,1515
flirt,1515
reduci,1515
Ridley,1515
Roswell,1515
formatia,1515
caracteristică,1515
liberal,1515
primăverii,1515
uşuratică,1515
mitologia,1515
supravietuiesc,1515
plictisitori,1515
Glee,1515
prostuţo,1515
castele,1514
apropiata,1514
împărţită,1514
portocală,1514
returnezi,1514
dobitoci,1514
demonstratie,1514
puşcăriaş,1514
Waterloo,1514
plămânul,1514
Cunningham,1514
considere,1513
Sims,1513
locuitorilor,1513
întrebându-mă,1513
emiţător,1513
deștept,1513
lesa,1513
expresul,1513
sugereze,1513
prezentaţi-vă,1513
sarcasm,1513
terminasem,1513
modifice,1513
ingredient,1512
Hilly,1512
blânzi,1512
Falco,1512
avertismentul,1512
Selene,1512
Nigeria,1512
Adalind,1512
răposatul,1512
acceleraţia,1512
ascunderea,1512
leaga,1511
receptor,1511
scăzute,1511
sârma,1511
vulcaniană,1511
întrerupă,1511
tehnicianul,1511
derby,1511
haotic,1511
introducă,1511
explorat,1511
părăsesti,1510
Mumble,1510
cuşti,1510
Bragg,1510
exploratori,1510
laşă,1510
monstrii,1510
priveau,1510
chinezilor,1510
Reaper,1510
refuzată,1510
influenţează,1509
pastele,1509
încarci,1509
retail,1509
zicala,1509
patura,1509
adolescenţii,1508
expansiune,1508
dezlănţuie,1508
torţă,1508
urli,1508
studiind,1508
Britanii,1508
erupţie,1508
onestă,1508
cetatean,1508
colț,1508
taurii,1508
revendica,1507
revizuire,1507
paraseste,1507
paradox,1507
plauzibil,1507
proteză,1507
guverne,1507
frunza,1507
balerină,1507
arteră,1507
Providence,1506
impartim,1506
reuşeam,1506
captureze,1506
scoică,1506
neautorizat,1505
ostilitate,1505
Christmas,1505
afurisiţii,1505
jurnalişti,1505
sincronizat,1505
căpăţâna,1505
biopsia,1505
adineaori,1505
Eywa,1505
scrisa,1505
senzorul,1504
anarhie,1504
vodkă,1504
tipand,1504
bir,1504
oficiala,1504
îndrumarea,1504
riviera,1504
tendinta,1504
învelit,1504
Rosalie,1504
razei,1504
interna,1503
bucuroasa,1503
Georgina,1503
şoldul,1503
neidentificată,1503
second,1503
poligraf,1503
single,1503
finanţează,1503
vieți,1503
klingoniană,1503
conexiunile,1503
iubeasca,1502
blocarea,1502
heavy,1502
araţi,1502
delicte,1502
crape,1502
Megatron,1502
prăbusit,1502
săptămânile,1502
stars,1502
decenta,1502
coborând,1502
deţină,1502
învelişul,1502
Forrester,1502
prinţese,1502
perdea,1501
furata,1501
prepara,1501
distribuit,1501
evadăm,1501
idealuri,1500
visului,1500
canionul,1500
făptaş,1500
Ierusalimul,1500
pirati,1500
chilipir,1500
agonia,1500
toxică,1500
pă,1500
alfabetul,1500
kwon,1500
shell,1500
Rollo,1500
treaza,1500
smulgă,1500
biblic,1500
vocabularul,1500
sr,1499
Constantin,1499
Voight,1499
bestiile,1499
calcula,1499
asteptând,1499
Mariana,1499
asociate,1499
pensă,1499
Willoughby,1499
uitați,1498
Gomei,1498
renunțat,1498
seduci,1498
Winnetou,1498
caruta,1498
Helm,1498
ce-as,1498
de-adevăratelea,1498
aleatoriu,1498
Gannicus,1498
stări,1498
inchideti,1498
rosteşti,1498
electrician,1498
conserva,1498
alege-ţi,1498
NBC,1498
ţie-ţi,1497
sa-ţi,1497
declarată,1497
îndruma,1497
capsulele,1497
cucoana,1497
îndelungată,1497
arzătoare,1497
trofic,1497
Williamson,1497
acceptam,1497
Miyagi,1497
sărut-o,1496
Baptiste,1496
Danvers,1496
cosul,1496
tanarul,1496
invitatii,1496
dresat,1496
dovedesti,1496
memento,1496
deştepte,1496
regimentului,1495
spaghetti,1495
protejeaza,1495
Misty,1495
intrii,1495
romantica,1495
cibernetic,1495
demisiona,1495
fluierat,1494
Dietrich,1494
supernatural,1494
cooperez,1494
croit,1494
înlătura,1494
ucigaș,1494
Bjorn,1493
Spears,1493
Guinevere,1493
amuzanţi,1493
sfidat,1493
mâneca,1493
transmitere,1493
fascinante,1493
spionajul,1493
descuiată,1493
umilă,1493
moşului,1493
defini,1493
Khanna,1493
prevenim,1492
inofensivă,1492
toleranţă,1492
dioxid,1492
înjunghia,1492
ensign,1492
bârfele,1492
Iulius,1492
depăsit,1492
denumirea,1492
golani,1492
pisicuţa,1492
contezi,1492
audiţia,1492
mag,1491
relevante,1491
Dunne,1491
ciorap,1491
intrusul,1491
râdeau,1491
branşă,1491
Gareth,1491
furişez,1491
dealtfel,1490
bright,1490
tâmpiţii,1490
subiecţi,1490
Matheson,1490
Django,1490
satelitului,1490
sati,1490
frate-miu,1490
Warden,1490
Bonaparte,1490
recapete,1490
Gunn,1490
întristat,1490
ostili,1490
mişcându-se,1489
incetezi,1489
suspicioasă,1489
totalul,1489
stupida,1489
Blanca,1489
spurcată,1489
băteam,1489
lagărul,1488
Giants,1488
greșită,1488
grăsimi,1488
eroului,1488
plasture,1488
triumfa,1488
capitalul,1488
manuale,1488
confuze,1488
inot,1488
Taiwan,1487
proiectil,1487
spectator,1487
pătrate,1487
dezlega,1487
huligani,1487
responsabilul,1487
Britt,1487
Kellogg,1487
Commodus,1487
Seinfeld,1487
discreţi,1486
separe,1486
formaţiei,1486
investigatii,1486
hamster,1486
hotare,1486
strivesc,1486
cavitatea,1486
împace,1486
ostaticilor,1486
viteji,1485
controlează-te,1485
concepută,1485
versetul,1485
voluntariat,1485
maimută,1485
blocului,1485
CO2,1485
infernul,1485
Ahsoka,1484
insuportabilă,1484
eliberaţi-l,1484
Liber8,1484
bucla,1484
Rosewood,1484
incit,1484
naturali,1484
manipulezi,1484
adversari,1484
petreceam,1484
fragmentele,1484
şeicul,1484
promovez,1484
mâncător,1484
mesajului,1484
notificare,1484
acceseze,1483
spor,1483
scuzați,1483
păcălită,1483
opțiune,1482
propaganda,1482
sportului,1482
mută-te,1482
trol,1482
ganditi,1482
densitatea,1482
Sherwood,1482
fiscale,1482
calculez,1482
detaşament,1482
prescrie,1482
paisprezece,1481
observaţii,1481
suicid,1481
Wakefield,1481
brigadă,1481
disputa,1481
mahala,1481
Uhura,1480
cvartale,1480
vinovati,1480
SGC,1480
navighezi,1480
Quill,1480
trăită,1480
Harm,1480
readuc,1480
controalele,1480
Dulles,1480
căutătorul,1479
Stryker,1479
migdale,1479
extinderea,1479
coruptă,1479
justificat,1479
invadeze,1479
insasi,1479
judiciară,1479
penetrat,1478
Hamish,1478
pozat,1478
strigăte,1478
bufon,1478
se-ntampla,1478
ina,1478
ghiceste,1478
strună,1477
reprezentaţi,1477
aspre,1477
resuscitare,1477
dăinui,1477
ascultati-mă,1477
respingerea,1477
învinuit,1477
Branch,1476
banci,1476
metaforic,1476
eziţi,1476
taică-miu,1476
slăvit,1476
Popeye,1476
slăbească,1476
aspiră,1476
prevenirea,1476
bunker,1476
farmacia,1476
permisă,1475
sugereaza,1475
datoram,1475
promoţie,1475
Delilah,1475
schimbă-ţi,1475
agresorul,1475
fly,1475
she's,1475
straine,1475
Corps,1474
agatat,1474
tări,1474
susţineţi,1474
pripit,1474
sanguină,1474
semnalat,1474
Torrance,1474
saudită,1474
întoarca,1473
Berman,1473
colectarea,1473
crescut-o,1473
gatit,1473
masajul,1473
O'Conner,1473
îmbrăcate,1473
try,1473
reclamaţie,1473
română,1472
neajutoraţi,1472
halucinaţie,1472
perlă,1472
scrântit,1472
prindeţi-o,1472
ţipaţi,1472
insemnat,1472
rodul,1472
reconstruim,1472
preocupaţi,1472
gheţii,1472
culturală,1472
folosinţă,1471
taiati,1471
fa-i,1471
dăduse,1471
întârzieri,1471
adună-ţi,1471
locala,1471
eroice,1471
axa,1471
auxiliare,1471
agricultură,1471
pripite,1471
bulangiule,1471
localizezi,1471
draperii,1470
literar,1470
Himalaya,1470
aliniate,1470
O'Donnell,1470
miscari,1470
bagă-i,1470
vată,1470
frătioare,1470
Borden,1470
Muller,1469
inevitabilul,1469
înzestrat,1469
remuşcare,1469
trăsăturile,1469
culturale,1469
coridorului,1469
furgoneta,1469
goană,1469
crizele,1469
oferă-i,1469
nothing,1469
sărman,1469
magistrat,1469
proiecţie,1469
înveselesc,1469
atlas,1468
stația,1468
dens,1468
cauți,1468
țipând,1468
jumbo,1468
şaua,1468
eterne,1468
you'll,1468
stingere,1468
mall-ul,1468
declanşator,1468
Newport,1467
balsam,1467
Ignacio,1467
Rourke,1467
Glasgow,1467
televizoare,1467
Romano,1467
ţinuturi,1467
bănuim,1467
jetoane,1467
apelare,1467
decoleze,1467
necurate,1467
rateze,1467
tenta,1467
cămară,1467
așteptam,1466
eviti,1466
supravegheată,1466
exersa,1466
eterna,1466
distinge,1465
medicilor,1465
comunicatiile,1465
împăcată,1465
Gant,1465
reiau,1465
spânzur,1465
reşedinţă,1465
bruşte,1465
întoarce-l,1465
intilnit,1465
things,1465
individuală,1465
pelerinaj,1465
compătimesc,1465
multiplă,1465
ulterioare,1465
prea-mi,1465
Hub,1465
globului,1464
detectivule,1464
ceaşca,1464
culcaţi,1464
rezervate,1464
exotică,1464
limonada,1464
moţiunea,1464
mînă,1464
intentie,1463
Ssst,1463
scriitorii,1463
atârnând,1463
condamnati,1463
pilotat,1463
scuză-mi,1463
manuscris,1463
imigrant,1463
garnizoană,1462
transferăm,1462
lava,1462
meritau,1462
Hester,1462
încărcături,1462
folosire,1462
memo,1462
reaminteşti,1462
consemnat,1462
Guantanamo,1461
hărţuit,1461
terminata,1461
vorbindu-se,1461
spirală,1461
ameninţ,1461
regulez,1461
Prudence,1461
kiss,1461
Laguerta,1461
douăsprezece,1461
periodic,1461
atrase,1461
staţiune,1461
Cable,1460
suge-o,1460
slăbiciuni,1460
deţinea,1460
alunele,1460
apărând,1460
optică,1460
gândindu-te,1460
dogs,1459
preşedintă,1459
raiduri,1459
cherokee,1459
crucială,1459
Sahara,1459
ia-te,1459
sexuali,1459
sioux,1458
fisuri,1458
livrăm,1458
intimideze,1458
interesezi,1458
cicluri,1458
p-aici,1458
corturile,1458
avioanelor,1458
umileşti,1458
mândrii,1458
obţinut-o,1458
recunoscută,1457
aleatorii,1457
mesa,1457
puilor,1457
dorinte,1457
France,1457
balistic,1457
resurselor,1457
ameninti,1457
explodez,1457
pornind,1457
calatoresc,1457
încapă,1456
zmeu,1456
filmaţi,1456
signor,1456
recunoastem,1456
împuşcă-i,1456
Abner,1456
sterge-o,1456
incalcat,1456
Kingston,1456
Lowry,1456
opoziţie,1455
roba,1455
credibilitate,1455
Muriel,1455
că-n,1455
provocările,1455
divorţeze,1455
înclină,1455
flirta,1455
dispariţiei,1455
marcaj,1455
colaborat,1454
formidabilă,1454
grosime,1454
Sook,1454
before,1454
şcolară,1454
lăsa-o,1454
torturaţi,1454
fa-l,1454
setează,1454
Dirt,1454
îngrijească,1454
Bristow,1453
maimutele,1453
administrez,1453
hackeri,1453
Stackhouse,1453
inspire,1453
cifru,1453
îndoielile,1453
criticat,1453
bizon,1453
conectăm,1453
livrările,1453
JP,1453
sosea,1453
mărirea,1453
software-ul,1453
hipnotizat,1452
rachetei,1452
Macao,1452
Fresno,1452
înmânat,1452
criminalistica,1452
aplice,1452
navigheze,1452
cântăresc,1452
te-ajut,1452
necioplit,1451
Rashid,1451
rugby,1451
afro,1451
sut,1451
forță,1451
Excalibur,1451
vesela,1451
fante,1451
roșie,1451
misteriosul,1451
dorind,1451
Keats,1451
modestie,1451
inocenţa,1451
semnelor,1451
mutaţii,1450
Westeros,1450
puicuţe,1450
trimite-mă,1450
fugară,1450
barele,1450
iată-le,1450
Farnsworth,1450
transpiră,1450
puturos,1450
caracatiţă,1450
Gore,1450
amâne,1450
elveţian,1450
corbul,1450
rusoaică,1450
greutăţile,1449
tee,1449
Malhotra,1449
spovedanie,1449
testam,1449
ass,1449
Christ,1449
Crusoe,1449
ev,1449
tramvai,1449
vezi-ti,1448
Carpenter,1448
homosexualilor,1448
orăşelul,1448
tocul,1448
astronauţi,1448
facial,1448
ceasului,1448
mamica,1448
infecţii,1448
Venice,1448
burlaci,1448
intentii,1447
Honda,1447
agresor,1447
Bora,1447
pilula,1447
intervalul,1447
Jiang,1447
infracţiunile,1447
donez,1447
Oogway,1446
discipol,1446
Benito,1446
divorţăm,1446
capsule,1446
răsfăţată,1446
met,1446
Colson,1446
acceptare,1446
help,1445
elementară,1445
ahem,1445
reîntâlni,1445
dis,1445
British,1445
Meggie,1445
pozitiile,1445
animalule,1445
ucideţi-i,1445
Trance,1445
bombardier,1445
cautiune,1445
Eastwood,1444
estetică,1444
Delphine,1444
venă,1444
etichetat,1444
ag,1444
juridice,1444
lipicioasă,1444
Chappie,1444
anchetatorii,1444
Lobo,1444
alianţe,1444
Tink,1444
nou-nouţ,1443
trişează,1443
arabii,1443
atribuit,1443
prezentată,1443
remi,1443
pasii,1443
confesiunea,1443
Friedrich,1443
îmbăta,1443
Ange,1443
asasineze,1443
MTV,1443
comparăm,1442
evanghelia,1442
nu...nu,1442
cladirii,1442
fierbinti,1442
ll,1442
asociată,1442
explozivă,1442
respirator,1442
gustoase,1442
coapse,1442
today,1442
inci,1442
Hubble,1441
atâtor,1441
lesbiana,1441
interogatorii,1441
cusur,1441
bieţii,1441
taclale,1441
mărunţi,1441
bezele,1441
cultivat,1441
faimoase,1441
felului,1441
lichidă,1441
vapori,1441
să-nţeleg,1441
mâncărime,1440
inspre,1440
sedan,1440
foametea,1440
guineea,1440
bănuieli,1440
selecţia,1440
faliţi,1440
supărati,1440
Linderman,1440
prevedea,1440
lăsaţi-mi,1440
Sudan,1440
Stitch,1440
smarald,1440
găsiţi-i,1440
danez,1440
şocaţi,1439
negarea,1439
guvernare,1439
discriminare,1439
Osaka,1439
triumful,1439
definitivă,1439
strategice,1439
salutaţi,1439
aranjam,1439
iertati-ma,1439
Phelps,1439
canibali,1439
Nestor,1439
majorităţii,1439
trecuse,1439
Grendel,1439
liderului,1438
încurce,1438
balamuc,1438
răbdătoare,1438
nunţile,1438
teritoriului,1438
cercelul,1438
preocupe,1438
Raina,1438
temperaturii,1437
bas,1437
lansezi,1437
Dodgers,1437
Gargamel,1437
Theon,1437
Focker,1437
stimulează,1437
prăji,1437
sângerând,1437
Vickers,1437
intenţionaţi,1437
Karla,1437
imaginează-ti,1437
curajosi,1436
curcubeului,1436
comutator,1436
redeschis,1436
depre,1436
malarie,1436
grupare,1436
afectiune,1436
acadele,1436
nelinişte,1436
usurare,1436
interesanţi,1436
tragaci,1436
instruire,1436
recăsătorit,1435
binevoitor,1435
aparatului,1435
esta,1435
Epstein,1435
ţestoasa,1435
mâncăruri,1435
salvează-l,1435
strictul,1435
amâni,1435
reprezentând,1435
tipărit,1435
sosim,1435
Rooney,1435
abonament,1435
bănui,1435
succesor,1435
Voss,1435
situatiei,1434
stăpânit,1434
scriere,1434
teroristii,1434
lartă-mă,1434
sufletească,1434
aliniaţi-vă,1434
ameninţe,1434
vindecăm,1434
Toledo,1434
săteni,1434
jefuieşte,1434
bariere,1434
corecţi,1434
incetati,1434
Anjin-san,1433
trufe,1433
Asiei,1433
spaima,1433
Parish,1433
McKinley,1433
bai3tzash,1433
7-a,1433
înveselească,1433
Monet,1433
intrerup,1433
atacate,1433
canadieni,1432
optic,1432
înlocuieşte,1432
cuadrantul,1432
apleci,1432
demni,1432
eroarea,1432
veniți,1431
vânzători,1431
rezervoare,1431
închin,1431
comandanţii,1431
Zhen,1431
ultimatum,1431
piscine,1431
turtă,1431
Soren,1431
Remus,1431
Balthazar,1430
Hilda,1430
i-auzi,1430
aşteptată,1430
radiografia,1430
promisă,1430
tovarase,1430
vizionarea,1430
Fifi,1430
tocurile,1430
plângăcios,1430
recunoscut-o,1430
apreciată,1430
care-au,1430
Nance,1430
comportaţi,1430
specializată,1430
mincinosul,1430
bomboana,1430
mostenit,1430
muritorii,1429
vertical,1429
amărâţi,1429
deciziei,1429
uit-o,1429
Birmingham,1429
sărbătorească,1429
turci,1429
Stevenson,1428
Fatima,1428
pleda,1428
evadaţi,1428
circumstantele,1428
branşa,1428
viețile,1428
prezentator,1428
autobuzele,1428
învăţător,1428
civilizatie,1428
atinge-mă,1428
insecta,1428
iară,1427
Guerrero,1427
calificată,1427
cause,1427
putrezesc,1427
înteleagă,1427
rataţii,1427
ars-o,1427
topească,1427
agravează,1427
Mecca,1427
intentiile,1427
participăm,1427
robinetul,1427
Carlyle,1427
piedica,1427
Drover,1427
tratat-o,1426
ascultat-o,1426
ratare,1426
băteau,1426
întrebaţi-l,1426
administrarea,1426
cooperat,1426
divina,1426
ceremoniei,1426
pomi,1426
priveşte-i,1426
bogaţii,1426
raneasca,1426
pasiv,1426
lebădă,1426
apucă-l,1426
pass,1426
investigare,1426
traversez,1426
Helsing,1426
engleze,1426
cazarmă,1426
justificare,1425
vafe,1425
polen,1425
glanda,1425
revina,1425
rezistente,1425
ultrasunete,1425
potolit,1425
groaznica,1425
justifici,1424
buricul,1424
auditie,1424
parale,1424
limitează,1424
lichidat,1424
conduită,1424
proteste,1424
muribund,1424
etajele,1423
war,1423
secetă,1423
jucându-se,1423
șterge,1423
ce-or,1423
obisnui,1423
mansarda,1423
boxe,1423
Tulsa,1423
ani-lumină,1423
bacterie,1423
stresa,1423
violoncel,1423
Pilar,1423
citite,1422
purtate,1422
consecutive,1422
europeni,1422
paşnice,1422
cangur,1422
tak,1422
venii,1422
Ulise,1422
capriciu,1422
redeschide,1422
calmaţi,1422
hipnoză,1421
walk,1421
monitoarele,1421
conveni,1421
vopsesc,1421
tratamentului,1421
pălmuit,1421
salvând,1421
sure,1421
ajunsesem,1421
cabine,1421
Sampson,1421
neîncredere,1421
averi,1421
matematic,1421
poantă,1421
văduv,1420
potabilă,1420
lucrător,1420
Razor,1420
vizuale,1420
Sutter,1420
ordonaţi,1420
montaj,1420
făcându-l,1420
interfaţa,1420
densă,1420
bogăţiile,1420
grabit,1420
cupe,1419
lasere,1419
şinele,1419
agravat,1419
şic,1419
alature,1419
Oooh,1418
bibliei,1418
drapelul,1418
concepe,1418
înfrânţi,1418
Steadman,1418
stăpânirea,1418
preventiv,1418
băută,1418
stay,1418
lagăre,1418
transpira,1418
hoţule,1418
luasem,1417
încheieturi,1417
Blackwell,1417
Twin,1417
vizează,1417
gândurilor,1417
craniană,1417
Dieter,1417
Bessie,1417
even,1417
rezerv,1417
Frobisher,1417
întâmpin,1417
Indonezia,1416
atacator,1416
spanac,1416
încurcată,1416
Zee,1416
căzătoare,1416
răsturna,1416
cucereşti,1415
rupe-i,1415
everything,1415
periuţă,1415
hippie,1415
weekend-uri,1415
Lodge,1415
olimpiada,1415
definesc,1415
Eyre,1415
Kyoto,1415
indecent,1415
fetite,1414
Hathaway,1414
viespi,1414
ingrijorati,1414
bucătarului,1414
autentice,1414
apărem,1414
Yusuf,1414
Bertrand,1414
conducator,1414
introdu,1414
acelora,1414
soldați,1414
persan,1414
traditia,1414
educată,1414
pseudonim,1413
amărâtul,1413
recipientul,1413
puţă,1413
banală,1413
provocând,1413
găurii,1413
determinăm,1413
fitilul,1413
camila,1413
visăm,1412
încoronare,1412
înmoi,1412
alcătuit,1412
senatorule,1412
colibri,1412
Galen,1412
Severus,1412
dintr-astea,1412
ruineze,1412
Zhou,1412
excesivă,1412
răzbunăm,1412
aº,1411
colivie,1411
Lundy,1411
șefu,1411
Alain,1411
înveseli,1411
plăcuţele,1411
rostogolit,1411
Whitaker,1411
diavolii,1411
producători,1411
dezleg,1411
peşterile,1411
Howell,1410
câstigăm,1410
adoptivă,1410
inspecţia,1410
îmbunătăţeşte,1410
lunatic,1410
antidepresive,1410
neimaginat,1410
farmecele,1410
criptă,1410
Yoo,1410
Mika,1410
prinde-te,1410
O.J,1409
deţinută,1409
mântuitorul,1409
solicitare,1409
empatie,1409
ascuţiţi,1409
prajiti,1409
bucatar,1409
arogantă,1409
amânată,1409
tiparele,1409
Gusteau,1409
cote,1409
cheamă-mă,1409
Staten,1409
complexului,1409
Gredenko,1408
arţar,1408
falsul,1408
indiancă,1408
hyung,1408
Jewel,1408
obişnuiască,1408
însel,1408
îmbarcat,1408
earth,1408
trunchiul,1408
leşina,1408
distincte,1408
machine,1408
concediat-o,1407
anuntul,1407
liniştim,1407
Pasha,1407
Merrill,1407
atacarea,1407
bagam,1407
indepartat,1407
comutatorul,1407
amicilor,1407
virat,1407
iniţiaţi,1406
Bugs,1406
manifestare,1406
cordon,1406
pergament,1406
trezorerie,1406
faciale,1406
apărătorul,1406
declanşeze,1406
varsat,1405
ţine-le,1405
astronauţii,1405
aprobe,1405
plângeam,1405
nope,1405
idealist,1405
cretină,1405
vigilenţi,1405
strecurăm,1405
încinge,1404
Kel,1404
Emery,1404
botezul,1404
tineti-va,1404
cucerire,1404
Elektra,1404
yeti,1404
servere,1403
ku,1403
interogaţi,1403
Waller,1403
te-te,1403
Hobbes,1403
inmormantare,1403
sculptura,1403
închirieri,1403
sabat,1403
Whit,1403
baiul,1403
asiatici,1403
mileniu,1403
alăturaţi-vă,1403
optimismul,1403
Alphonse,1403
cardinalului,1403
mortilor,1403
chinul,1403
delir,1402
Garner,1402
destinatia,1402
cocktailuri,1402
dormitorului,1402
Troi,1402
troli,1402
igienă,1402
Barbossa,1402
jucătorilor,1402
chineze,1402
ponton,1401
Israelului,1401
chips-uri,1401
frâiele,1401
specializare,1401
părticică,1401
Hirsch,1401
uzină,1401
înfierbântat,1401
Oaks,1401
victorios,1401
tânjeşte,1401
Garland,1400
deranjati,1400
decisivă,1400
nebuneste,1400
englezul,1400
Galileo,1400
consideram,1400
Astor,1400
gagiu,1400
fulgii,1400
Shan,1400
Yee,1400
usca,1400
extrag,1400
fundamentală,1399
dadea,1399
market,1399
Saito,1399
jefuitori,1399
prădătorii,1399
integra,1399
fotomodel,1399
scaunului,1399
pediatru,1399
Dupree,1399
urări,1399
Terence,1399
raporteaza,1399
garzi,1399
prăjesc,1399
stergi,1399
manânc,1399
Cummings,1399
Ştefan,1399
mazel,1399
nelinişteşte,1398
respectele,1398
porneşte-l,1398
gravitaţional,1398
bancherul,1398
tineti-vă,1398
împăcare,1398
amonte,1398
mituri,1398
iniţiază,1398
adaptează,1397
prezervativul,1397
apărătorii,1397
masturbez,1397
Pee,1397
atacam,1397
poneiul,1397
amuza,1397
grijulie,1397
ştiti,1397
temei,1397
tunsoarea,1396
timizi,1396
Motors,1396
conducatorul,1396
carapace,1396
nucleara,1396
Aisha,1396
DVD-ul,1396
nemernică,1396
lai,1396
depoziţia,1396
îmbunătăţească,1396
gindesti,1396
neghiob,1396
mărturii,1396
Gretel,1396
întoarce-o,1395
snob,1395
Piggy,1395
mecanica,1395
lifturi,1395
decontaminare,1395
gravat,1395
jupuit,1395
ţi-era,1395
Valiant,1395
brav,1395
ispăşit,1395
propice,1395
Azael,1395
Qasim,1394
Poppins,1394
nesfârşită,1394
m-auzi,1394
milkshake,1394
estic,1394
cladiri,1394
refera,1394
asteptand,1394
hut,1394
sfârşite,1394
viruşi,1394
criminala,1394
Cambodgia,1394
urlat,1393
instalatorul,1393
autograful,1393
pregatesti,1393
vulcanul,1393
roboti,1393
Valentino,1392
holbaţi,1392
egipteni,1392
şantaja,1392
supar,1392
dezlegat,1392
înţepătură,1392
flirtat,1391
intinde,1391
legiuni,1391
înţeles-o,1391
Torino,1391
asezi,1391
capabila,1391
cocină,1391
originar,1391
Rooster,1391
visând,1390
Lutz,1390
prindeti,1390
liliacul,1390
Susanna,1390
arata-i,1390
Corporation,1390
Renly,1390
arie,1390
progresele,1389
altruist,1389
câştiguri,1389
agricole,1389
Ioana,1389
asigurati,1389
Goose,1389
rebele,1389
Circle,1389
rasarit,1389
Palestina,1389
tu-i,1388
bancheri,1388
auz,1388
depuneţi,1388
basket,1388
Sato,1388
plătiti,1388
şaisprezece,1388
Hakeem,1388
voice,1388
brutale,1388
figurile,1388
degetului,1387
epinefrină,1387
Myra,1387
culegi,1387
ferengi,1387
auzită,1387
conspiraţiei,1387
necunoscuta,1387
sarcasmul,1387
automobile,1387
otravit,1387
gimnastica,1386
ălea,1386
comisarului,1386
ușoară,1386
împuţiţi,1386
păstor,1386
mambo,1386
Hallie,1386
capitole,1386
testosteron,1386
Cabot,1386
dominantă,1386
adjutant,1385
imbecilul,1385
prietenesc,1385
sprâncene,1385
umarul,1385
arsurile,1385
măicuţă,1385
kilometrii,1385
abuzuri,1385
fideli,1385
Garber,1385
avertizaţi,1385
relicvă,1385
muzee,1385
surfing,1385
îngrijorati,1384
lăsau,1384
tehnicieni,1384
leag-o,1384
comunistă,1384
cumpărătorii,1384
împăcaţi,1384
programator,1384
gândind,1384
plajele,1384
Storybrooke,1384
discount,1384
Farley,1384
Whitehall,1384
monstrului,1384
salvamar,1384
FF8000,1384
shooter,1383
manifesta,1383
avanseze,1383
mincinoasa,1383
haidem,1383
răscoală,1383
al3x04,1383
Bradford,1383
gluga,1383
vizitat-o,1383
debarcat,1383
Fuhrer,1382
înclinaţie,1382
prietenelor,1382
votare,1382
productiv,1382
simţuri,1382
niciodat,1382
muncea,1382
tineret,1382
obţinute,1382
completeze,1382
sound,1382
cabinele,1382
păţit-o,1381
purpurie,1381
orice-ai,1381
cadere,1381
citatul,1381
muşchiul,1381
Geller,1381
Barnett,1381
imaginează,1381
fantomelor,1381
inregistrarea,1381
ce-ți,1380
Marcellus,1380
candidaţii,1380
cu-adevărat,1380
povești,1380
idioato,1380
sensibilitatea,1380
respirând,1380
terorizat,1380
temporare,1380
aventurii,1380
pilulele,1380
detaşamentul,1380
inafara,1380
nitel,1380
salută-i,1380
analgezice,1379
divorţezi,1379
miscarile,1379
dulceaţa,1379
impresar,1379
frizerie,1379
limpezi,1379
pia,1379
clipul,1379
băietel,1379
Namaste,1379
tornada,1379
uşurează,1379
intriga,1379
aragaz,1378
every,1378
Shang,1378
sfîrşit,1378
d-asta,1378
regreti,1378
rogu-te,1378
zmeură,1378
încrucişat,1378
îmbată,1378
scrierea,1378
venerat,1378
secretos,1378
garantie,1377
Pandorei,1377
ao,1377
these,1377
conectare,1377
Hawthorne,1377
cârlige,1377
încălcăm,1377
uimeşte,1377
Dillinger,1377
lovely,1377
priveşte-o,1377
Morrow,1377
dezactivează,1377
Isobel,1377
tragerea,1377
nui,1377
Sosa,1377
resursă,1377
ieşită,1377
penetra,1377
conflictele,1377
dineu,1377
comozi,1377
garnitură,1376
bisericile,1376
favorabilă,1376
sfinţească-se,1376
ispravă,1376
detoneze,1376
invidiat,1376
şomaj,1376
anomalia,1376
Sal'tare,1376
Petrov,1375
Halloween-ul,1375
liniştii,1375
colonişti,1375
băile,1375
iartă-mi,1375
impozit,1375
participaţi,1375
gazdei,1375
norocosule,1375
cell,1374
alungaţi,1374
dornică,1374
piloti,1374
imprumutat,1374
franţuzeşti,1374
bagă-te,1374
subiectele,1374
curajoasa,1374
decente,1374
bancnota,1373
Downs,1373
Bagwell,1373
ăn,1373
socializare,1373
imprimantă,1373
care-ar,1373
Meadows,1373
testaţi,1373
Pongo,1373
Atlanticul,1373
aglomeraţie,1373
podele,1373
îndeplinirea,1373
nefiind,1373
pilotule,1373
dezgustat,1373
spectatorii,1373
cunoşteaţi,1373
inchise,1373
mean,1373
Prado,1372
revolutie,1372
angajamente,1372
organismele,1372
îndure,1372
atmosferei,1372
incluse,1372
Globe,1372
static,1372
trage-ţi,1372
dubita,1372
curajoase,1372
potrivește,1371
contrabandist,1371
sforăi,1371
Danni,1371
file,1371
trăgeai,1371
raidul,1371
cercetaşii,1371
băcănie,1370
extenuată,1370
instalează,1370
familială,1370
boul,1370
fumând,1370
maret,1370
ecografie,1369
suprema,1369
transparent,1369
URSS,1369
batrani,1369
ruperea,1369
străbunii,1369
dezgust,1369
locurilor,1369
ultraviolete,1368
neglijentă,1368
explorez,1368
uitã-te,1368
călău,1368
paragraf,1368
diminea,1368
arheolog,1368
jefuirea,1368
zarvă,1368
curajului,1367
Melly,1367
Cristo,1367
implicata,1367
creştine,1367
reper,1367
îmbolnăveşte,1367
loveşte-o,1367
mostenire,1367
câştigători,1367
hranei,1367
anunţată,1367
Valeria,1367
îndurerată,1367
integral,1367
hidoasă,1367
Irma,1367
radiaţiilor,1367
Conner,1367
imobilizat,1367
gestiona,1367
strang,1367
consume,1367
iPod,1366
capetelor,1366
aplicată,1366
saw,1366
linguri,1366
avansăm,1366
curăţarea,1366
criticii,1366
pusi,1366
reacţioneze,1366
mutati,1365
slujitorii,1365
saptamini,1365
coapte,1365
anticipa,1365
Arch,1365
Hardman,1365
artefactul,1365
împrumutăm,1365
făcându-i,1365
ticălosului,1365
stabilitatea,1364
notite,1364
Nu.Nu,1364
Sy,1364
catolice,1364
mânecile,1364
turistic,1364
Toorop,1364
fecioare,1364
determin,1364
rătăci,1364
Mustafa,1364
urmati-mă,1364
calmati-va,1363
adeseori,1363
întreruperi,1363
Wessex,1363
angajata,1363
punctat,1363
paramedic,1363
Maud,1363
războinică,1363
morţile,1363
mişcătoare,1363
îndreaptă-te,1363
Banning,1363
formezi,1362
Sanford,1362
fioros,1362
victoriile,1362
lisus,1362
afişul,1362
ghimpe,1362
porunceşte,1362
zambet,1362
Santo,1361
Genesis,1361
doică,1361
pasiuni,1361
turnee,1361
exploata,1361
găsești,1361
suportăm,1361
va-ntâmpla,1360
acoperă-ţi,1360
exorcizare,1360
integrat,1360
alună,1360
pupă-mă,1360
anumitor,1360
cultiva,1360
finanţare,1360
ucigasi,1360
pasaje,1360
meniţi,1360
Hiroshima,1360
child,1359
planificată,1359
impiedica,1359
Riverside,1359
improvizez,1359
învăţătură,1359
viitoarele,1359
disperata,1359
citeşte-mi,1359
mândra,1359
mă-ndoiesc,1359
aleatoare,1359
tobă,1359
Cruise,1358
miezului,1358
grotă,1358
Atreides,1358
puştoaica,1358
Belicoff,1358
spadasin,1358
Qing,1358
stagiu,1358
Huntington,1358
Rorschach,1358
obositi,1358
însemnele,1357
Mohamed,1357
publicate,1357
obişnuinţă,1357
captivă,1357
înfigi,1357
adolescenta,1357
pulmonară,1357
plantaţie,1357
Keegan,1357
Greyjoy,1357
hana,1357
Dorne,1357
efectuarea,1357
carcasă,1357
copilotul,1357
eficienţa,1357
abandon,1357
gâturile,1356
inchipui,1356
Portman,1356
viseze,1356
Specter,1356
procentul,1356
orientarea,1356
invitaţilor,1356
curete,1356
arestează-l,1356
numara,1356
cripta,1356
podelele,1356
Johnston,1356
Waverly,1356
Solis,1356
Ü,1356
răpim,1356
escadrilă,1356
textului,1355
aceluiaşi,1355
procesa,1355
cruci,1355
dărâmă,1355
mândresc,1355
murdăria,1355
Ives,1355
avocado,1355
reprogramat,1354
avocaţilor,1354
scrabble,1354
electorală,1354
planifica,1354
Oren,1354
participare,1354
regiunile,1353
înţeleasă,1353
dia,1353
întreabă-te,1353
auxiliar,1353
week-end-ul,1353
mam,1353
intariri,1353
răceala,1353
barbarii,1353
Rapunzel,1353
bombardamentul,1353
Watkins,1353
sotiile,1353
clari,1353
transportului,1353
răzvrătit,1353
respingă,1352
încuia,1352
cutite,1352
Crockett,1352
Instagram,1352
aline,1352
bucurosi,1352
duet,1352
neştiind,1352
povesteşte-ne,1352
plicuri,1352
onoruri,1352
tratatului,1352
catedrală,1352
torturi,1352
mistreţ,1352
marchizul,1351
surâde,1351
vizionat,1351
torpedou,1351
navetele,1351
apelăm,1351
Saiyan,1351
ucigaşe,1351
aparţinând,1351
cutremurul,1351
însoţitoare,1351
Cohaagen,1351
gleznele,1351
pornesti,1351
compun,1350
supravietuiesti,1350
aglomerate,1350
renunța,1350
belgian,1350
nenăscut,1350
yankei,1350
Ew,1350
descărcarea,1350
repetam,1350
Hearst,1350
lipseau,1349
Medina,1349
precautie,1349
produselor,1349
acceptabilă,1349
Rayburn,1349
suferinţele,1349
noutati,1349
shit,1349
ruse,1349
Sisko,1349
manevrat,1349
suturi,1349
canadiană,1349
înălţimii,1349
siguran,1349
baltzatu,1349
combinaţii,1349
preţioasa,1349
catastrofa,1348
tam,1348
spulbera,1348
automobil,1348
puritate,1348
Highland,1348
zerouri,1348
pricepem,1348
graffiti,1348
costumului,1348
nerezolvat,1348
gogosi,1348
invatam,1348
razgandit,1348
Leanne,1348
Pines,1348
Navarro,1348
extensie,1348
motan,1348
stang,1347
realistă,1347
marker,1347
saruti,1347
complexitatea,1347
democratic,1347
CT,1347
crezul,1347
cumpărând,1347
clonat,1347
ideii,1347
Baylor,1347
Antwon,1347
pusese,1347
licitatie,1347
parcuri,1347
smecheria,1346
trăiești,1346
închisi,1346
Seol,1346
ateu,1346
şmecheri,1346
ăsta-s,1346
zebra,1346
puscă,1346
glory,1346
eclipsă,1346
gâfâind,1346
determinare,1346
Bashir,1345
conferă,1345
inăuntru,1345
exploatat,1345
deseneze,1345
freză,1345
pornirea,1345
III-lea,1345
inchisi,1345
Nakamura,1345
înalţă,1345
jigneşti,1345
consulul,1344
caută-ţi,1344
Langston,1344
sandale,1344
Agh,1344
iapa,1344
monseniore,1344
coridoare,1344
dop,1344
rostesc,1344
giuvaier,1344
suburbie,1344
potenţială,1344
Irod,1344
amănunţită,1344
recrutează,1344
bea-l,1343
tăieturile,1343
roadele,1343
galactic,1343
Franța,1343
prăpastiei,1343
Meadow,1343
colectivă,1343
Aslan,1343
dealeri,1343
chitanţe,1343
formate,1342
potoli,1342
ID-ul,1342
irosiţi,1342
fabricarea,1342
cupoane,1342
fecale,1342
medicaţia,1342
prăvălia,1342
fatã,1341
Messer,1341
compune,1341
inadecvat,1341
funduleţul,1341
penetrare,1341
molima,1341
debarcare,1341
nerabdator,1341
Carey,1341
plutit,1341
rezulta,1341
thai,1341
iertati,1340
mânios,1340
aduceti-l,1340
flata,1340
operei,1340
Rae,1340
believe,1340
poftele,1339
componentă,1339
demonului,1339
laşul,1339
Xerxes,1339
sfidare,1339
Hartman,1339
aventurier,1339
da-ţi,1339
vechitura,1339
masculine,1339
locuiti,1339
demonstraţia,1339
d-vs,1339
redau,1339
captivi,1339
Faramir,1339
bete,1338
fall,1338
bazeaza,1338
dr.MI,1338
suferite,1338
puma,1338
dac-am,1338
ebrietate,1338
atribuţiile,1338
completare,1338
manichiura,1337
diferență,1337
cuprinsă,1337
aruncă-le,1337
automatul,1337
aplicăm,1337
tâmpiţilor,1337
suspecţilor,1337
rocile,1337
lunetă,1337
locaţiile,1337
Cartwright,1337
stârni,1337
Santana,1337
prelegeri,1337
pucul,1337
cabinetului,1336
ului,1336
copiază,1336
solicitarea,1336
Kremlin,1336
Sunday,1336
invadează,1336
Monkey,1336
netrebnic,1336
distrati,1336
dinozaurilor,1336
chair,1336
exclud,1335
lobby,1335
baliza,1335
Forman,1335
intregii,1335
ambiţioasă,1335
dinastiei,1335
mamã,1335
inchidem,1335
vedenii,1335
care-ai,1335
Goldberg,1335
sloganul,1334
oale,1334
ghidează,1334
republicanii,1334
nedemn,1334
adăpostit,1334
dintâi,1334
pieptului,1334
retro,1334
aeroporturi,1334
prejos,1334
scuturat,1334
pântece,1334
simulator,1334
învinovăţit,1334
halucinatii,1334
concurenţii,1334
name,1334
Ershon,1334
mărilor,1333
creşă,1333
dedus,1333
bătrânilor,1333
piramidei,1333
Heath,1333
NFL,1333
blănuri,1333
Relic,1333
ajutorului,1333
reflexie,1333
exagerăm,1333
dou,1333
flamingo,1333
plecăciune,1333
bufetul,1332
Meereen,1332
police,1332
ruşinată,1332
glumim,1332
faina,1332
sfărâmat,1332
rugaciune,1332
tirania,1332
educatia,1332
double,1332
hands,1332
iata-ne,1332
sentimentale,1332
amănunţit,1332
Akira,1332
peştilor,1331
Sao,1331
Xi,1331
urâta,1331
infiltra,1331
domestică,1331
contaminată,1331
înarmati,1331
avansezi,1331
Shapiro,1331
Gorman,1331
Gilly,1331
Shankar,1331
exacta,1331
Aang,1331
împuşcaţi-l,1331
should,1331
păianjenii,1330
condamne,1330
frâng,1330
chinurile,1330
recoltele,1330
postmortem,1330
fixez,1330
Kern,1330
ploi78,1330
învaţa,1330
Dicky,1330
incetat,1329
Pentagonului,1329
vitrege,1329
demenţial,1329
negociator,1329
adversarului,1329
Malcom,1329
băncilor,1329
sani,1329
coming,1329
stație,1329
trilioane,1329
cruţ,1329
feriţi,1329
păşesc,1329
laudele,1329
umblăm,1329
jaluzelele,1329
înfloreşte,1329
J.P,1329
abţii,1329
acumulat,1329
contabilitatea,1328
mop,1328
eficienta,1328
Rochelle,1328
frații,1328
păzeşte-ţi,1328
fumam,1328
Paulson,1328
transporturile,1328
bio,1328
repararea,1328
Pryce,1328
Skype,1328
tristete,1328
permitea,1328
Beaver,1328
judecătoare,1328
tabelul,1327
Clement,1327
milei,1327
autorizare,1327
raţele,1327
vaste,1327
uşureze,1327
porţelan,1327
loja,1327
fãcut-o,1327
îndeplinite,1327
călugăriţe,1327
antrenată,1327
next,1327
rudelor,1327
arcuri,1327
naziste,1326
pistele,1326
remorcare,1326
rătăceşti,1326
bombelor,1326
Gondorului,1326
inconjurat,1326
menţinere,1326
temeau,1326
Elmo,1326
jurnale,1326
cowboy-ul,1326
garantată,1326
lunare,1326
insult,1326
leghe,1326
oboseşte,1325
lamele,1325
Shelton,1325
mentin,1325
binoclu,1325
rozătoare,1325
unchii,1325
biografia,1325
inflamat,1325
Persia,1324
6-a,1324
generatoare,1324
Khalid,1324
poliției,1324
bien,1324
stomacului,1324
rasistă,1324
Strickland,1324
înfrângem,1324
foste,1324
priviţi-l,1323
ghicitul,1323
luati-va,1323
electromagnetică,1323
popă,1323
cuantice,1323
caprele,1323
povesteam,1323
înmânez,1323
revansa,1323
principalele,1323
proscris,1323
coreeni,1323
bataia,1323
fantastica,1322
şterge-ţi,1322
accelerator,1322
metafora,1322
bucatele,1322
obișnuit,1322
terestru,1322
câmpie,1322
preşedinţi,1322
ain't,1322
Santi,1322
bucătăriei,1322
puneai,1322
adulmecă,1322
dezamăgirea,1321
calomnie,1321
eter,1321
păpusă,1321
catusele,1321
Arcadia,1321
paternitate,1321
Gaulle,1321
maeştrii,1321
wind,1321
roşcata,1320
Elly,1320
posibili,1320
Pacino,1320
eventualitatea,1320
arhiepiscopul,1320
copleşiţi,1320
stăpânească,1320
Dinah,1320
ieşeau,1320
Wharton,1320
întâmpinare,1320
englezească,1320
decolarea,1320
viabilă,1320
mancati,1320
accidentală,1320
ginecolog,1320
asaltul,1319
stâlpi,1319
gruparea,1319
Rancho,1319
droizi,1319
incredibili,1319
Eldridge,1319
tartă,1319
postere,1319
vesele,1319
alaturat,1319
curenţi,1319
revino-ti,1319
africană,1319
Mala,1319
convingeri,1318
averii,1318
vestele,1318
faine,1318
prețul,1318
alpinism,1318
clauză,1318
supune-te,1318
răzbunători,1318
consideră-te,1318
bacsis,1318
ploi,1317
numaidecât,1317
inregistrarile,1317
McCain,1317
răpirii,1317
optsprezece,1317
urmareasca,1317
negăsit,1317
luptelor,1317
sul,1317
plural,1316
toastăm,1316
toat,1316
adormiţi,1316
satisfacă,1316
domină,1316
giganţi,1316
calculează,1316
milenii,1316
Madge,1316
sfarsi,1316
veveriţa,1316
ju,1316
echipaje,1316
înguste,1316
dejunul,1316
yum,1315
dã-mi,1315
pretindea,1315
priveai,1315
opriţi-o,1315
Galapagos,1315
îngroziţi,1315
felicitarea,1315
inexplicabile,1315
patinaj,1315
ecoul,1315
Christa,1315
vibraţiile,1315
convingeţi,1315
hipnoza,1315
Hornblower,1315
totu,1315
reglat,1314
apleacă,1314
NY,1314
studiourile,1314
eliberează-l,1314
investi,1314
Wexler,1314
vălul,1314
căldurii,1314
cărțile,1314
străluceşti,1314
Anson,1314
Schiller,1314
încarce,1314
Gob,1313
măreţie,1313
pediatrie,1313
iluziile,1313
făgăduit,1313
mutat-o,1313
acceleratorul,1313
Stig,1313
internationale,1313
trădaţi,1313
bancherii,1313
aleaga,1313
invincibili,1313
santinele,1312
acas,1312
contrast,1312
veriga,1312
dreptaci,1312
trezeam,1312
incurcatura,1312
pieţele,1312
operaţionale,1312
Yung,1312
lunetiştii,1312
Xanax,1312
saga,1312
invaziei,1312
minei,1312
Tudor,1312
îngheţaţi,1311
stingem,1311
legământul,1311
încît,1311
biată,1311
brăţări,1311
sondajele,1311
înlocuirea,1311
9-a,1311
auzind,1311
gatesc,1311
întâmpine,1310
bandajele,1310
fermoar,1310
Lorne,1310
opriti-l,1310
once,1310
ruginită,1310
etichetele,1310
ml,1310
distrugeti,1310
tuberculoză,1310
inspiratie,1310
scanner,1310
jafurile,1310
evadează,1310
Childs,1309
umilească,1309
ambiţii,1309
delicata,1309
ramă,1309
rezuma,1309
prelungi,1309
colectează,1309
documentare,1309
tipete,1309
op,1309
Somalia,1309
depuse,1309
bărbătesc,1309
comuna,1309
cameristă,1309
eleganta,1309
blestema,1309
avantajos,1309
avarie,1308
fantastici,1308
asha,1308
repeti,1308
dinari,1308
sesiuni,1308
fiscal,1308
burn,1308
tâlharii,1308
sã-ti,1308
înlocuite,1308
Augie,1307
Ramsay,1307
marci,1307
regretele,1307
electroşocuri,1307
capa,1307
nucleu,1307
plecă,1307
voalul,1307
stricata,1306
Nik,1306
necondiţionat,1306
concurează,1306
prepară,1306
otrăvire,1306
accesoriu,1306
bărbate,1306
reapărut,1306
pocneşti,1306
fidelă,1306
sã-ți,1306
piară,1306
pipăi,1306
Lebowski,1306
Lovendal,1306
sălbăticia,1305
concediază,1305
tragice,1305
ascultai,1305
goleşte,1305
fiasco,1305
Swagger,1305
manifest,1305
enerveaza,1305
extrădare,1304
roagă-l,1304
vecilor,1304
campionatului,1304
super-erou,1304
deţinutul,1304
drăguță,1304
caiet,1304
spatiale,1304
frumuşelule,1304
McGuire,1304
adunam,1304
Momo,1303
lovite,1303
telefoanelor,1303
Burbank,1303
datorate,1303
Paşti,1303
loteria,1303
gandeasca,1303
acuzata,1303
ºtii,1303
becuri,1303
imperativ,1303
la-ţi,1303
sistematic,1303
împachetaţi,1303
jutsu,1303
injectie,1303
deshidratat,1302
ostatec,1302
ameninţător,1302
meditez,1302
nenoro,1302
hazliu,1302
drastic,1302
graniţe,1302
Lindy,1301
revizuit,1301
renovare,1301
nesuferită,1301
HD,1301
Volvo,1301
comprimat,1301
Bowen,1301
gangsterii,1301
puţinul,1301
mamifer,1300
încălţăminte,1300
cămasa,1300
Minneapolis,1300
deosebi,1300
egipteană,1300
omuleţ,1300
castravete,1300
Bergman,1300
Gimli,1300
trişa,1300
câştigând,1299
programaţi,1299
uriasă,1299
bătături,1299
fraternitate,1299
College,1299
conservare,1299
incetineste,1299
Markham,1299
Journal,1299
turele,1299
Henrietta,1299
donatorul,1299
audiţii,1299
gloata,1299
maistrul,1298
nainte,1298
seminte,1298
abilitatile,1298
vindeam,1298
convorbiri,1298
învăţând,1298
pârghie,1298
curente,1298
Priscilla,1298
monştrilor,1298
scufundarea,1298
razbunarea,1298
carei,1298
potecă,1297
moloz,1297
sã-þi,1297
competenţa,1297
formeaza,1297
tururi,1297
regretăm,1297
carnavalul,1297
cameramanul,1297
Hahn,1297
incarcatura,1297
minoritate,1297
filozof,1297
Isengard,1297
Rutherford,1297
inocente,1297
intrerupt,1296
savurez,1296
Mathias,1296
pescuim,1296
restaurat,1296
butoaiele,1296
încălcate,1296
dealerul,1296
neinvitat,1296
pong,1296
Alaric,1296
audierile,1296
pătate,1296
Martine,1296
valorez,1296
Hawai,1296
Weyland,1296
Ezekiel,1296
vreodatã,1296
îndrăzneala,1296
gustaţi,1296
Olson,1296
aluneci,1295
dormeau,1295
căpitani,1295
jurăm,1295
curătat,1295
bifat,1295
superioara,1295
prenupţial,1295
orfanii,1295
pescuieşti,1295
vechilor,1294
bruiaj,1294
extragerea,1294
taiem,1294
înlocuiţi,1294
egiptene,1294
laşii,1294
late,1294
coordona,1294
chiriaş,1294
luă,1294
Shredder,1294
roşul,1293
scarpini,1293
conectezi,1293
steril,1293
gluten,1293
Renard,1293
ascunzându-se,1293
mosule,1293
frecvenţe,1293
literal,1293
wa,1293
strânşi,1293
Range,1293
UCLA,1293
uimeşti,1293
suportam,1292
lenes,1292
sătura,1292
derulare,1292
demo,1292
pocni,1292
biluţele,1292
cercetării,1292
Bertram,1292
Marsha,1292
mirosuri,1292
fumeaza,1292
cinat,1292
refereai,1292
Platon,1292
înflori,1291
Gabriella,1291
orgoliu,1291
fisele,1291
Lupe,1291
wait,1291
protejati,1291
împuşc-o,1291
gustarea,1291
Tej,1291
evolueze,1291
mâncau,1291
Pride,1291
picante,1291
oxigenului,1291
Witwicky,1291
substanta,1291
Norbit,1291
Noble,1291
Tuco,1290
generaţiile,1290
Noodles,1290
mouth,1290
Fulton,1290
restricţii,1290
nevinovata,1290
akbar,1290
cacatul,1290
narcisist,1290
aplicaţii,1290
Blackie,1290
parohia,1290
tumora,1290
aşază-te,1290
grâne,1290
Cosimo,1290
strânge-ţi,1290
achita,1289
panglică,1289
inhalat,1289
Kee,1289
mâncată,1289
Ahmad,1289
gentilom,1289
Horizon,1289
valoreze,1289
ªtiu,1289
bravi,1289
rute,1289
bârfa,1289
acvariul,1288
încoronat,1288
statistică,1288
stafide,1288
salveaza,1288
reamintim,1288
domnita,1288
frecare,1288
exterminare,1288
agit,1288
coate,1288
Dianei,1288
citate,1288
33FF99,1288
cuvînt,1288
Caligula,1288
invidioasă,1288
cercetărilor,1287
devora,1287
ruleaza,1287
Vee,1287
întruniri,1287
comenteze,1287
Nasta,1287
cobalt,1287
Hightower,1287
regretul,1287
succesiune,1287
BRiLi,1287
tentative,1287
responsabile,1287
internetului,1287
inundaţii,1287
strălucitori,1287
clinice,1286
metropolitană,1286
planurilor,1286
incapabili,1286
ripostăm,1286
Sofie,1286
decapotabilă,1286
ambiţiile,1286
Dion,1286
Berlinului,1286
strânge-mă,1286
gazdele,1286
dezertori,1286
împlinită,1286
fierte,1286
bacteria,1286
milionari,1285
Belgrad,1285
crap,1285
expansiunea,1285
bolul,1285
epuizare,1285
lovirea,1285
siguranța,1285
Stafford,1285
jucătoare,1285
Hua,1285
emotionant,1285
menta,1285
stafii,1285
negocierea,1284
dementă,1284
stimate,1284
Amador,1284
confidenţială,1284
asasinatul,1284
structurii,1284
colaborează,1284
Tad,1284
revansez,1284
Loxley,1284
altã,1284
deunăzi,1284
cioroiule,1284
instinctiv,1284
Freeza,1284
admiraţie,1283
pomenesc,1283
iz,1283
expună,1283
fiece,1283
Gustavo,1283
reţinuţi,1283
dr-ului,1283
prosteam,1283
Horne,1283
asistentei,1283
scarile,1283
pinguinul,1283
Kensington,1283
because,1283
Craciunului,1283
peisaje,1282
congelat,1282
păcătoşii,1282
josnică,1282
nostra,1282
unghiurile,1282
sociabil,1282
coborâti,1282
presimtire,1282
săptămîni,1282
Clarkson,1282
binecuvanteze,1282
gratie,1282
straina,1282
matematician,1282
ramurile,1281
regenerare,1281
absurde,1281
McKenzie,1281
duelul,1281
porturile,1281
Fifth,1281
Jem,1281
Takezo,1281
sculpturi,1281
aiurit,1281
injecta,1281
interveniţi,1281
firimituri,1280
Smee,1280
poligon,1280
Lindei,1280
ratati,1280
grădinărit,1280
nesimtit,1280
blocada,1280
ororile,1280
disconfort,1280
stereo,1279
Blanchard,1279
Wilkinson,1279
călărie,1279
neurologice,1279
detestă,1279
biscuite,1279
habitatul,1278
vanator,1278
îndes,1278
statal,1278
soareci,1278
iubeşte-mă,1278
scana,1278
punctaj,1278
propriii,1278
ascultate,1278
şleau,1278
zâmbitoare,1278
briză,1277
discuti,1277
zgomotoasă,1277
populari,1277
superbi,1277
ţigare,1277
concediere,1277
Cap-de-Mort,1277
tocilarii,1277
tigrului,1277
hernie,1277
bibliotecar,1277
raţiunii,1277
vânatul,1277
taceti,1276
Verona,1276
pământean,1276
măreaţa,1276
bazeze,1276
înjura,1276
aruncă-i,1276
gândeau,1275
silenţios,1275
caile,1275
bacşişul,1275
Glock,1275
caderea,1275
holbez,1275
semănaţi,1275
plasate,1275
învinsă,1275
probez,1274
ride,1274
sanguin,1274
colector,1274
Fielding,1274
mure,1274
urmatorii,1274
izolăm,1274
Rosalee,1274
ingrijoreaza,1274
spălarea,1274
prilej,1274
muscatura,1274
psihotic,1274
răcesc,1274
strălucind,1273
asistenţi,1273
Elisa,1273
sezoane,1273
stagiari,1273
infracţiunea,1273
Doolittle,1273
erotice,1273
copilărit,1273
cultul,1273
abrupt,1273
check,1273
ambala,1272
pijamalele,1272
scăpat-o,1272
imbecili,1272
Gordy,1272
răufăcătorii,1272
surfer,1272
Qaeda,1272
cubi,1272
Largo,1272
extragem,1272
prepari,1272
căzătură,1272
pregati,1272
informațiile,1272
străduieşte,1272
acceptat-o,1271
indigestie,1271
trezoreria,1271
scrumieră,1271
Umbrella,1271
arestat-o,1271
înăltime,1271
privitoare,1271
fondatori,1271
masturbat,1271
sufar,1271
filaj,1271
scăparea,1271
Goliat,1271
intravenos,1271
servire,1271
pocher,1271
pântecele,1271
promovată,1271
Skylar,1271
Dix,1270
reni,1270
Capitoliului,1270
roboţilor,1270
încetisor,1270
Wolsey,1270
frânghiile,1270
Rev,1270
Iggy,1270
Mandela,1270
îndelungat,1270
JAG,1270
fundatia,1270
aflarea,1270
depărtează,1270
rasism,1269
negocierilor,1269
abuziv,1269
impertinent,1269
alunec,1269
Nellie,1269
recunostinta,1269
oponentul,1269
termite,1269
pasiunile,1269
ceream,1269
putu,1269
veveriţele,1269
bhai,1269
ne-ntâlnim,1269
m-aș,1269
Bela,1269
trezește-te,1269
sărmani,1269
legat-o,1268
pietrei,1268
triple,1268
Xiang,1268
experimentezi,1268
scrie-mi,1268
docurile,1268
controale,1268
rataţilor,1268
exagerate,1268
Grinch,1267
crucişător,1267
înălbitor,1267
refuzat-o,1267
mercenarii,1267
acolo-i,1267
Etienne,1267
hoț,1267
interoghează,1267
împacheta,1267
chelie,1267
suie,1267
slujeşti,1266
adaptez,1266
rada,1266
plecau,1266
Sly,1266
mirelui,1266
pisa,1266
incomplet,1266
legendei,1266
summit,1266
necredincios,1266
suferiţi,1266
aniversară,1266
acuzaţiilor,1266
maşinăriile,1266
iuţi,1266
Söze,1266
galeata,1266
Marsellus,1266
Washingtonul,1265
bastarzii,1265
cumpăram,1265
tremurat,1265
simțiți,1265
luptându-se,1265
ea-i,1265
acuzati,1265
căruţe,1265
lăsaţi-le,1265
avocatura,1265
Zelda,1265
Rudi,1264
Jigsaw,1264
PJ,1264
imediata,1264
păstrată,1264
dup-aia,1264
esenţialul,1264
strigătele,1264
Walton,1264
favorurile,1264
designul,1264
instalaţie,1264
călărim,1264
execuţi,1264
privitor,1264
tastatură,1264
săptămînă,1263
muritoare,1263
ghicitoarea,1263
budist,1263
Digger,1263
mosul,1263
furişează,1263
altcumva,1263
Dufresne,1263
actioneaza,1263
învierea,1263
vagi,1263
surprinzator,1263
sms-uri,1262
iluminare,1262
locuiește,1262
piranha,1262
Enid,1262
transmisiile,1262
ui,1262
suficienti,1262
complicii,1262
Sarge,1262
chiulit,1262
marturisesc,1262
Kinsey,1261
Yoko,1261
ªtii,1261
bănuieşti,1261
half,1261
problemã,1261
pregăteste-te,1261
lubrifiant,1261
răpeşte,1261
naufragiat,1260
ultimi,1260
Sona,1260
pe-asta,1260
dialect,1260
qi,1260
indrepta,1260
risipitor,1260
consultanţă,1260
schelete,1260
brici,1260
scuter,1260
răsplăteşti,1260
pensionarea,1260
brutalitatea,1260
Schneider,1260
apuc-o,1260
mormantul,1260
bruneta,1260
taticul,1260
trick,1260
nevătămată,1260
Bannister,1260
concurenta,1259
păturile,1259
maeştri,1259
vânătorilor,1259
hazard,1259
modelat,1259
vizitam,1259
veterinarul,1259
Jemma,1259
manifestat,1259
obstrucţionarea,1259
boschetar,1259
violezi,1259
vice-preşedinte,1259
raţii,1259
reamintească,1259
plauzibilă,1259
faraonul,1259
ezitaţi,1259
credeti-ma,1259
Saladin,1259
Narnia,1259
8-a,1259
și-l,1259
scuipe,1259
modifici,1258
muza,1258
Galia,1258
asiatice,1258
natiuni,1258
ferim,1258
magneziu,1258
scândură,1258
frece,1258
apropiindu-se,1258
satisfăcătoare,1258
watch,1258
jucatori,1258
Syracuse,1258
gravitaţiei,1258
dinafara,1258
catalogat,1258
ţeasta,1258
împrejurările,1257
indirect,1257
sicrie,1257
pompează,1257
aroganta,1257
graţia,1257
şaizeci,1257
cartierele,1257
Hamid,1257
Gucci,1257
Darhk,1257
concordanţă,1257
neîntelegere,1257
proaspata,1257
banchetul,1257
Romulus,1257
şmecherul,1257
constructorii,1257
şerifii,1257
concentram,1257
s-ajungi,1257
puri,1257
nr.1,1257
Tars,1257
vrajitoarea,1256
încălţat,1256
pulberea,1256
Stockton,1256
clientilor,1256
Tahoe,1256
Harker,1256
îngheţi,1256
implozie,1256
amărăciune,1256
broşură,1256
caritabilă,1256
casetofon,1256
nesfârşite,1255
bârlog,1255
arestul,1255
debaraua,1255
mătusă,1255
tulbura,1255
finanţa,1255
Hermann,1255
nouăzeci,1255
CAMY,1255
parcurge,1255
Ludlow,1255
extinsă,1255
Helo,1255
Starr,1255
haitei,1255
Lakers,1255
comiterea,1255
admisă,1254
Jinx,1254
catarg,1254
tomografia,1254
executăm,1254
atroce,1254
Lyndon,1254
căderii,1254
ajutând,1254
jalnice,1254
Kellerman,1254
pilotează,1254
Dalai,1254
plecai,1254
şmecheră,1254
spinare,1254
umm,1254
reluare,1254
portiţă,1253
doica,1253
tălpăşiţa,1253
stiintifice,1253
compusă,1253
unanim,1253
Deena,1253
Lehman,1253
Parkinson,1253
unitătile,1253
închisa,1253
oroarea,1253
garzile,1253
departamente,1253
instabile,1252
procesorul,1252
căilor,1252
flirtez,1252
cuantic,1252
usurinta,1252
indestructibil,1252
ganditi-va,1252
Tywin,1252
reacţionez,1252
perioadei,1252
justiție,1252
inalte,1252
tranzacţiile,1252
broaştele,1252
ruinată,1252
insulelor,1252
forum,1251
Samuels,1251
Clancy,1251
coatele,1251
Ibrahim,1251
influent,1251
început-o,1251
Laila,1251
servitorilor,1251
prematură,1251
infirmier,1251
căpetenie,1251
colorată,1251
containerele,1251
nevoiti,1251
israelian,1251
Wil,1251
certificate,1250
micuţului,1250
dim,1250
Godzilla,1250
McCann,1250
vrăjitoareo,1250
mingii,1250
luminate,1250
Nicaragua,1250
ajuta-l,1250
librăria,1250
ucideti,1250
obişnuim,1250
Mayo,1250
sfidezi,1249
toxina,1249
mega,1249
explozibilii,1249
zbârnâit,1249
firewall,1249
îmbogăţi,1249
stiintei,1249
responsabila,1249
granit,1249
înfloresc,1249
genealogic,1249
beata,1249
matrice,1249
însetaţi,1249
neasteptat,1249
strâmţi,1249
obligati,1249
tratati,1249
trecuţi,1249
Birch,1249
fosile,1248
ime,1248
ţesuturile,1248
rătăcită,1248
dusi,1248
spărgătorul,1248
destrame,1248
Raquel,1248
dormitoarele,1248
Brandenburg,1248
depărtează-te,1248
denunţat,1248
rasială,1248
cupon,1248
ofticat,1248
împărtăşeşte,1248
imprimat,1247
eşuată,1247
speriate,1247
doamnã,1247
urna,1247
inchida,1247
obtina,1247
atacatori,1247
O'Hare,1247
minuscul,1247
pătuţ,1247
Hatcher,1247
știind,1247
row,1247
rulez,1247
voluntarii,1247
gnom,1247
mlaştini,1247
hotdog,1246
after,1246
peninsula,1246
aroganţă,1246
Venetia,1246
puţina,1246
paltonul,1246
apaşii,1246
turisti,1246
nemaipomenite,1246
rămîi,1245
zăcând,1245
de-mi,1245
principiilor,1245
penicilină,1245
scutecul,1245
anuntati,1245
infernal,1245
grăbită,1245
NYU,1245
acosta,1245
revolutia,1245
irascibil,1245
Allegra,1245
balistice,1245
nomad,1245
Shere,1245
corporaţiile,1245
cere-mi,1244
petale,1244
legiunii,1244
prajita,1244
prosper,1244
Răzbunătorii,1244
evolutia,1244
avalanşă,1244
deciziilor,1244
plusez,1244
d-aici,1244
instalaţii,1244
canalie,1244
bancul,1244
aşteptărilor,1244
Evy,1244
tranchilizant,1243
instituţia,1243
Stalingrad,1243
asteroidul,1243
spasme,1243
fuţi,1243
urii,1243
slăbeşti,1243
impecabilă,1243
Jeanette,1243
Ultron,1243
ridicat-o,1242
Brice,1242
insistaţi,1242
texan,1242
inconvenient,1242
târfei,1242
Mexicului,1242
smoching,1242
răci,1242
slogan,1241
Corky,1241
arde-l,1241
rafturile,1241
recuperam,1241
ştrumf,1241
reactionat,1241
contractat,1241
vecinătatea,1241
Dickinson,1241
haşiş,1241
shhh,1241
asteaptă-mă,1241
latitudine,1241
insignele,1241
stînga,1241
strangulată,1241
Abi,1241
revoluţionară,1241
sursei,1241
robi,1241
suflul,1241
Rudolf,1241
igiena,1241
croşeu,1240
preferinţă,1240
majoretele,1240
şantajezi,1240
continental,1240
clanuri,1240
chitanţele,1240
cataramă,1240
evitarea,1240
supravieţuirii,1240
neprevăzute,1240
moderna,1240
inundaţie,1240
trestie,1240
percep,1239
declaraţi,1239
imuni,1239
maestro,1239
piață,1239
geloşi,1239
prajit,1239
fălcile,1239
jelesc,1239
evaluez,1239
acționează,1239
maratonul,1239
favoriţi,1239
inactiv,1239
nătâng,1239
dispute,1239
monumente,1239
superstiţie,1239
îndepărtarea,1239
aflați,1239
chifle,1238
răsuflare,1238
Clarissa,1238
criptate,1238
golurile,1238
suspectezi,1238
geografie,1238
socialist,1238
televiziunii,1238
nativ,1238
motanule,1237
Marquez,1237
citeşte-l,1237
Legolas,1237
de-l,1237
Stephan,1237
autoritătile,1237
conductor,1237
vulcani,1237
nesimţitule,1237
partenerilor,1237
Tupac,1237
singurel,1237
inaugurare,1237
Estelle,1237
îmbrăţişarea,1236
aeroporturile,1236
nachos,1236
fatale,1236
Ilie,1236
izolează,1236
fiarbă,1236
reciclare,1236
însoţeşte,1236
prefăceam,1236
umilul,1236
pîna,1236
monster,1235
redactor,1235
altercaţie,1235
II-a,1235
rara,1235
char,1235
provocaţi,1235
pași,1235
demenţă,1235
placute,1235
spaimă,1235
beţivan,1235
mirosind,1235
răspundea,1235
Evei,1235
Trager,1235
vicleană,1235
oposum,1235
deputat,1234
Graalul,1234
întâiul,1234
uimiţi,1234
fotografiez,1234
insomnie,1234
subtitrari,1234
interpret,1234
cruciada,1234
tapet,1234
Dario,1234
Cabo,1234
înfricosător,1234
book,1234
cubaneze,1234
considerati,1234
scoicile,1234
pompierul,1234
sclipire,1234
adoptiv,1234
mânjit,1233
O'Reilly,1233
stilului,1233
Rome,1233
înlocuire,1233
spune-ti,1233
fondator,1233
you've,1233
Shaft,1233
folosește,1233
contradicţie,1233
Berg,1233
vela,1233
costumat,1233
Hatfield,1233
subofiţer,1233
obscur,1233
Albright,1233
groaznici,1233
Button,1233
reflexia,1233
mine-n,1233
dinamica,1233
compromise,1233
închipuiam,1233
toate-s,1233
acuzatie,1233
pensionar,1233
Flick,1233
Hiccup,1233
foot,1232
mareşalul,1232
combate,1232
renuntam,1232
oarba,1232
romanele,1232
scoate-ma,1232
blocata,1232
intalnit-o,1232
agricultura,1232
incuiat,1232
imbracata,1231
luxos,1231
Pyo,1231
dezarmat,1231
cântau,1231
purificare,1231
mamma,1231
Lassiter,1231
prudenţă,1231
aceleiaşi,1230
sconcs,1230
ancoră,1230
pântecul,1230
înțeleagă,1230
trebe,1230
flăcăule,1230
Inez,1230
măturat,1230
adidaşi,1230
Hud,1230
dispusi,1230
atacant,1230
bombardarea,1230
vacanță,1230
Chilton,1230
asişti,1230
afirm,1229
egala,1229
pasionată,1229
puzzle-ul,1229
rezidenţii,1229
Hotchner,1229
discutabil,1229
foile,1229
plecării,1229
Caterina,1229
noptieră,1229
domule,1229
savura,1229
babysitter,1229
tu-ţi,1229
comediant,1228
deodorant,1228
MuIţumesc,1228
deplasarea,1228
cezariană,1228
afirmaţii,1228
hanorac,1228
profunda,1228
leave,1228
foarfecele,1228
bicicletele,1228
Jenn,1228
d-re,1228
mutră,1227
Goldstein,1227
rătăcitor,1227
somnoros,1227
coc,1227
îndeamnă,1227
înc-o,1227
gheară,1227
celebre,1227
ridică-i,1227
taxat,1227
Vorenus,1227
maraitul,1227
statuile,1227
revoltat,1227
filiala,1227
nerecunoscătoare,1227
dezvolt,1227
Habib,1227
detergent,1227
adev,1227
Simran,1226
pizdă,1226
musafirul,1226
malurile,1226
instaleze,1226
Voldemort,1226
timbru,1226
Elsie,1226
fătălăule,1226
Fenton,1226
pătată,1226
Rosario,1226
Brianna,1226
înmulţit,1226
rezonanţă,1226
furişăm,1226
groazei,1226
bine-aţi,1226
nenorociri,1225
Charming,1225
ecuaţia,1225
sudoarea,1225
paranormal,1225
Toyota,1225
valabile,1225
performanţa,1225
complicaţie,1225
caracterului,1225
N's,1225
alert,1225
depunem,1225
contesta,1224
Andres,1224
Okinawa,1224
Belmont,1224
stima,1224
cunoaşterii,1224
tine-ma,1224
radicale,1224
temeti,1224
diabetic,1224
chinezul,1224
cruntă,1224
stânjenită,1224
puþin,1224
supunerea,1224
pieile,1224
câştigătorii,1224
vitrina,1223
sapun,1223
aşa-mi,1223
Bradshaw,1223
farmece,1223
puicuţa,1223
Soho,1223
însemnul,1223
tacos,1223
Samariteanul,1223
pictorul,1223
work,1223
cerută,1223
pretendent,1223
ceramică,1223
vizat,1222
arzător,1222
permisele,1222
riscului,1222
pleoapele,1222
cretă,1222
adresează,1222
divulga,1222
turneului,1222
remorca,1222
viva,1222
tineretul,1222
taca,1222
darts,1222
cas,1221
iesind,1221
tit,1221
inventate,1221
numerelor,1221
stabilizează,1221
descurajat,1221
Samar,1221
aţipit,1221
ombilical,1221
Libia,1221
burse,1221
sectorului,1221
vecii,1221
spaţiile,1220
Davina,1220
imite,1220
strigăm,1220
vacant,1220
Twain,1220
latitudinea,1220
aminteasca,1220
comentezi,1220
nesăbuită,1220
transportaţi,1220
clientei,1220
argumenta,1220
Mooney,1220
compensaţie,1220
talpa,1220
weekenduri,1220
obstacolele,1220
urmărite,1220
poziţiei,1219
lingă,1219
fluturii,1219
train,1219
decenţa,1219
petreaca,1219
angajator,1219
asasinilor,1219
albumele,1219
camaradul,1219
trezoreriei,1219
Dodger,1219
luptatori,1219
Aristotel,1219
ABC,1219
parasuta,1218
early,1218
tolerat,1218
origini,1218
constante,1218
Agamemnon,1218
descalificat,1218
percepţie,1218
aflai,1218
sonarul,1218
politai,1218
scăderea,1218
microbii,1218
filmuleţ,1218
cucui,1218
specimene,1218
crosă,1218
Apache,1218
sarbatoare,1218
Wolfgang,1218
legistului,1218
atomic,1218
vanitatea,1217
facuti,1217
reabilitat,1217
închinăm,1217
aleator,1217
grupe,1217
Susannah,1217
retrage-ţi,1217
invenţii,1217
corporale,1217
așezat,1217
nerabdare,1217
aplauda,1217
numi-o,1216
dezordonat,1216
stăpâneşte,1216
Babu,1216
teafar,1216
zeiţei,1216
chibriturile,1216
flămândă,1216
Murtaugh,1216
nou-născut,1216
shalom,1215
adverse,1215
tigări,1215
viabil,1215
lăsându-l,1215
nege,1215
tap,1215
viscol,1215
rut,1215
diferența,1215
apariţii,1215
Ciro,1215
Olympia,1215
talon,1215
scutură,1215
serifului,1215
energic,1215
pacii,1214
amenințat,1214
constructie,1214
şiretlic,1214
tablete,1214
medicinei,1214
transferate,1214
agite,1214
standardul,1214
crengi,1214
abordăm,1214
câte-mi,1214
demascat,1214
asediul,1214
Shark,1213
Renata,1213
lucrătorii,1213
minuscule,1213
neurolog,1213
schimbătoare,1213
odihneasca,1213
torturez,1213
Mm-mm,1213
colonial,1213
sonde,1213
Cy,1213
drăguti,1213
obiectelor,1213
zana,1213
numeroşi,1213
Abed,1213
Minbari,1213
Kahlan,1213
ti-i,1213
eleva,1212
rutiere,1212
March,1212
reparam,1212
institutului,1212
oraşelor,1212
câștige,1212
Suresh,1212
plasele,1212
barci,1212
înghetat,1212
Explorer,1212
Iacov,1211
sendviş,1211
rivalul,1211
Greciei,1211
înnebuniţi,1211
10-a,1211
sectă,1211
Quebec,1211
auxiliară,1211
plănuiţi,1211
lipeşte,1211
Chaz,1211
relevantă,1210
implanturile,1210
Valencia,1210
popoarele,1210
Topher,1210
africani,1210
spune-l,1210
vietnamezi,1210
musculos,1210
Booker,1210
ameţesc,1210
nisipurile,1210
nimici,1210
comedia,1210
întemniţat,1209
commander,1209
înrăutăţesc,1209
cetateni,1209
nul,1209
cozile,1209
reparaţi,1209
clauza,1209
înfrângă,1208
reprograma,1208
arde-o,1208
căpitanii,1208
sponsorizat,1208
egoiste,1208
buchetul,1208
rari,1208
justificată,1208
virgulă,1208
Hwang,1208
citiva,1208
drogheze,1208
tag,1208
visai,1208
insulina,1208
Heinz,1207
însângerat,1207
miracolele,1207
prejudiciu,1207
golanule,1207
hear,1207
infecteze,1207
incompletă,1207
trezeşte-l,1207
anotimp,1207
Kwan,1207
saltele,1207
Hari,1207
drastice,1206
scutura,1206
pedepsim,1206
sporturile,1206
meduza,1206
plutească,1206
vulgară,1206
întrebând,1206
neadecvat,1206
Nola,1206
contraatac,1206
puştiu,1206
faxul,1206
nimicit,1206
tig,1206
valurilor,1206
şaten,1206
rainbow,1206
aliatii,1206
Adelaide,1206
aiureală,1205
urşilor,1205
viespe,1205
predecesorul,1205
poponarul,1205
splendoarea,1205
candideze,1205
Elisabeta,1205
avanpostul,1205
hibrizi,1205
hă,1205
Hitman,1205
dreptului,1204
nefondate,1204
coordonat,1204
incarcat,1204
hindi,1204
musai,1204
sertare,1204
testată,1204
fiecarui,1204
nedorit,1204
stralucitor,1204
Bobbie,1204
inspiraţi,1204
Rachael,1204
mânuirea,1204
supravietuirea,1204
Tirith,1204
zdravănă,1204
Wonka,1204
justific,1204
site-urile,1204
lactate,1203
încarcerat,1203
Bobbi,1203
îngrijeşti,1203
apucaţi,1203
înălţa,1203
imiţi,1203
detectăm,1203
ilogic,1203
Taub,1203
potaie,1203
plimbările,1203
Lyman,1203
Aguilar,1203
întâlnită,1203
dobândi,1203
fotografi,1203
fiartă,1203
acoperişuri,1202
monumentul,1202
oceanic,1202
iscusit,1202
folosindu-se,1202
motocicletele,1202
iritant,1202
dezactivate,1202
peşterii,1202
castronul,1202
tabel,1202
influenţeze,1202
ghidat,1202
transmisii,1201
dec,1201
deformat,1201
bucurii,1201
discursului,1201
echipată,1201
camin,1201
decurg,1201
pământeni,1201
cântai,1201
ţapul,1201
lorzilor,1201
zdrobite,1200
memorii,1200
till,1200
vitaminele,1200
Dooley,1200
Masterson,1200
crying,1200
epocii,1200
regionale,1200
med,1200
loco,1200
nada,1200
zgudui,1200
sandvis,1200
Odie,1199
atacatorii,1199
copilaşii,1199
atârne,1199
avariate,1199
declarație,1199
sacoşă,1199
Gunner,1199
manevrele,1199
musulmană,1199
subtile,1198
Platt,1198
înţelepciunii,1198
instruiţi,1198
Rutledge,1198
ni-i,1198
pieptene,1198
plutonului,1198
droid,1198
se-ndreaptă,1198
calculatorului,1198
incapabilă,1198
radiologie,1198
Federatiei,1198
sacrificăm,1198
siropul,1197
fluieră,1197
pagerul,1197
mp,1197
salbatica,1197
dezgustă,1197
furioase,1197
antibioticele,1197
kamikaze,1197
functiune,1197
ve-ti,1197
salbatice,1197
View,1197
institutie,1197
baliverne,1197
liberul,1196
umilitoare,1196
Cruchot,1196
purtaţi-vă,1196
blocaje,1196
adept,1196
locomotiva,1196
serg,1196
cearşafuri,1196
Alana,1196
urm,1196
doborat,1196
croitorul,1196
Arrakis,1196
nemulţumiţi,1196
ceainic,1196
Altman,1196
Trisha,1196
yep,1196
senatoarea,1196
echipelor,1196
intilnire,1196
testate,1195
socotesc,1195
intestinul,1195
mirositor,1195
bene,1195
înfricoșător,1195
murmur,1195
gindeam,1195
adorabila,1195
Salinger,1195
jandarm,1195
construind,1195
rusinos,1195
pricepea,1195
Barkley,1195
accesează,1195
Rommie,1194
Frey,1194
aliniază,1194
pescarii,1194
taina,1194
prezenţei,1194
călătorea,1194
progresează,1194
Gerda,1194
riscam,1194
diligenţa,1194
promoţia,1194
manta,1193
Margaery,1193
bătăuşi,1193
khal,1193
pretindă,1193
cumparat-o,1193
trotuarul,1193
plângeai,1193
cerbul,1193
Topper,1193
nedorite,1193
primitivi,1193
skateboard,1193
spume,1193
turnură,1193
cauzeaza,1193
afirmaţia,1193
haide-ti,1192
pretextul,1192
stimula,1192
Wynn,1192
pijamaua,1192
Jeanie,1192
armonia,1192
insel,1192
Clair,1192
usurat,1192
crescute,1192
conspiraţia,1192
variolă,1192
parieze,1192
concediul,1192
competitia,1192
cabaret,1192
creaturilor,1192
jurnalistă,1191
abdominală,1191
solitar,1191
înţelepte,1191
piloteze,1191
galant,1191
lipitori,1191
monitorizez,1191
teo,1191
molimă,1191
catelus,1191
intenţiona,1191
antrax,1191
deficit,1191
căsătoresti,1190
Cruella,1190
schizofrenic,1190
egoişti,1190
Nil,1190
panicaţi,1190
naşteri,1190
marite,1190
Gabbar,1190
falsificate,1190
încasat-o,1190
intunericul,1190
umiditatea,1190
spectaculoase,1190
rangă,1190
poliţiste,1190
rezonabile,1190
umezeală,1190
grasime,1190
Raleigh,1190
Lando,1190
elastic,1189
cunoscuti,1189
campioană,1189
Madagascar,1189
barosane,1189
drogaţii,1189
respectarea,1189
intermediarul,1189
înconjura,1189
neclară,1189
vestic,1189
strugurii,1189
craterul,1189
Roper,1189
covrigei,1189
Jessup,1188
francezul,1188
agresiunea,1188
sfâşia,1188
rezonabili,1188
iveala,1188
şmecheriile,1188
frau,1188
ciuperca,1188
adio67,1188
baschetul,1188
Remo,1188
veteranii,1188
lasã-mã,1188
emoţiilor,1188
baricade,1188
constrângere,1188
caraghioasă,1187
sună-ţi,1187
cin,1187
cazinourile,1187
reflexele,1187
furioasa,1187
entuziasmaţi,1187
Ting,1187
bătrânei,1187
furnizori,1187
călcâiele,1187
copilas,1187
revoir,1187
expertiză,1187
droizii,1187
Spiderman,1187
grenadele,1187
nesocotit,1187
Carlito,1187
normele,1187
adepţi,1187
idiotii,1186
Hewitt,1186
enorma,1186
flutură,1186
vrajitor,1186
brio,1186
bombarda,1186
Olivier,1186
Lon,1186
elementare,1186
Houlihan,1186
înfrâng,1186
atractie,1186
copoii,1186
amortizor,1185
pantă,1185
tanga,1185
l-o,1185
anatomie,1185
deopotrivă,1185
Heathcliff,1185
programări,1185
iertati-mă,1185
Maynard,1185
manichiură,1185
furnizorii,1185
concursuri,1185
tratamentele,1185
avertismente,1185
încurcături,1185
filmam,1185
toxină,1185
sacrilegiu,1184
fina,1184
ceaiului,1184
chelnerita,1184
norilor,1184
obiectat,1184
Eunice,1184
Quan,1184
astronauţilor,1184
originala,1184
ţigan,1184
modificăm,1184
palmier,1184
part,1184
Edo,1184
cercetarile,1184
niciunui,1184
toþi,1184
fiolă,1184
ingrozitoare,1184
perverşi,1184
eleg,1184
scrieti,1183
locomotivă,1183
grotesc,1183
particulelor,1183
înaintarea,1183
Lazarus,1183
Gould,1183
echipaţi,1183
grădinii,1183
locuitor,1183
Lissa,1183
Yogi,1183
Cavendish,1183
înjurat,1183
Chateau,1183
înrolez,1183
indispensabil,1183
şopteşte,1183
Subtitlu,1183
marionete,1183
evaziune,1183
sfida,1183
cursului,1182
straşnic,1182
Queenie,1182
neînsemnată,1182
Fernandez,1182
altadata,1182
Dawes,1182
sniffles,1182
discipoli,1182
canistre,1182
nepreţuită,1182
pet,1182
den,1182
credința,1182
Tonya,1182
distincţie,1182
ușile,1182
artistice,1181
vânzătorii,1181
coridoarele,1181
vindecător,1181
ursi,1181
priza,1181
boogie,1181
valvă,1181
umezeala,1181
inteligenti,1181
Striker,1181
stanca,1181
castaniu,1180
injecţiile,1180
putoarea,1180
scuzat,1180
Musashi,1180
încurajăm,1180
supervizor,1180
identităţii,1180
bâlbâi,1180
autoboţi,1180
Princess,1180
cortinei,1180
neasteptate,1179
Gregg,1179
întîlnire,1179
accesibil,1179
concurat,1179
ia-ți,1179
înotaţi,1179
urlu,1179
loviturii,1179
stiluri,1179
eficienţă,1179
agăţăm,1179
accesezi,1178
climat,1178
zgârii,1178
sponsorii,1178
restrânge,1178
reparatii,1178
irită,1178
zarul,1178
imprudenţă,1178
guvernamentali,1178
văii,1178
demonic,1178
cascade,1178
vânatoare,1178
urai,1178
ivi,1178
jump,1178
lacheu,1178
cotă,1178
chitanta,1178
salvaţi-vă,1177
schimbând,1177
apartinut,1177
intereselor,1177
circului,1177
călărind,1177
mirodenii,1177
Ozzie,1177
Hubbard,1177
bacşişuri,1177
învăţătorul,1177
Lev,1177
quick,1177
prospere,1177
insubordonare,1177
press,1177
sărutări,1176
parazitul,1176
gândisem,1176
pao,1176
bulă,1176
întotdeuna,1176
Blart,1176
Krieger,1176
afost,1176
ascutit,1176
exagerare,1176
spunându-le,1176
pierzând,1176
gîndeşti,1176
locația,1176
glumeste,1176
Meeks,1175
Metatron,1175
părtile,1175
Kelsey,1175
licoarea,1175
N'știu,1175
stewardesă,1175
adaugat,1175
picăturile,1175
abordez,1175
fecioarei,1175
neutralizat,1175
ruleta,1175
clavicula,1175
ready,1174
tabletă,1174
klingonieni,1174
credinţe,1174
Bligh,1174
căzută,1174
păstrează-i,1174
Connolly,1174
urmaşul,1174
proteza,1174
erezie,1174
celibatar,1174
suporti,1174
Rosita,1174
garajului,1174
relaxați-vă,1173
conversaţiei,1173
organul,1173
Clooney,1173
deturnare,1173
Ecuador,1173
pregatite,1173
Beacon,1173
investitii,1173
ofrandă,1173
dese,1173
PD,1172
operatiunile,1172
nevăstuică,1172
mistice,1172
we'll,1172
copilăresc,1172
halucinaţiile,1172
ocoleşte,1172
simulări,1172
optimism,1172
bizui,1172
p-asta,1172
Kobe,1172
şantajeze,1171
atomii,1171
combustie,1171
figurat,1171
Sen,1171
ceşti,1171
satisfaci,1171
strălucite,1171
îndeplinire,1171
cauzând,1171
măcelul,1170
invadatorii,1170
înjuri,1170
Cato,1170
suspendate,1170
plângerile,1170
Helium,1170
pluteste,1170
geometrie,1170
dulapurile,1169
paraziţii,1169
infrastructura,1169
mani,1169
iona,1169
doborâtă,1169
lucrători,1169
telegraf,1169
preaviz,1169
Watergate,1169
Santino,1169
scurtat,1169
protocolului,1169
Mulan,1169
Soto,1168
storc,1168
abdominale,1168
elibereaza,1168
Moscovei,1168
contradictorii,1168
Jacksonville,1168
confortabile,1168
vederii,1168
abundenţă,1168
bej,1168
Maple,1168
criţă,1168
Valhalla,1168
Silla,1167
Opie,1167
columbian,1167
dietetică,1167
Neytiri,1167
aduceau,1167
Brewer,1167
petrecuţi,1167
dadaca,1167
Tillman,1167
tăntălăule,1167
gască,1167
predestinat,1167
urăște,1166
contribuabililor,1166
furgonetă,1166
decedatul,1166
prezidenţială,1166
distreaza-te,1166
clatite,1166
Hawkes,1166
ignoraţi,1166
neplacut,1166
disciplinat,1166
Scat,1166
prietenoase,1166
leneşă,1166
flip,1166
glazură,1166
flăcăul,1165
pădurar,1165
unchiu,1165
Slick,1165
bazându-mă,1165
întoarceti-vă,1165
Kal,1165
spice,1165
păcălici,1165
împuşcarea,1165
handicapaţi,1165
masacrat,1165
band,1165
anotimpul,1165
venite,1165
î-mi,1164
Sark,1164
Elwood,1164
obsesiv,1164
Aya,1164
adulţilor,1164
aură,1164
University,1164
număraţi,1164
biolog,1164
neurală,1164
alunecoasă,1164
fursec,1164
portocalii,1164
câtva,1164
rafinată,1164
soluție,1163
radioactivă,1163
rămânând,1163
conduceti,1163
heat,1163
calvar,1163
arsura,1163
codate,1163
superputeri,1163
conspiraţii,1163
supravietuitor,1163
astronomie,1163
liră,1163
delicatese,1163
Miley,1163
îngenunchea,1163
bancii,1163
nebuno,1162
imbraca,1162
lăţime,1162
vointei,1162
dinți,1162
inimilor,1162
sâmbata,1162
Montague,1162
Defiance,1162
maniacul,1162
despărțit,1162
abracadabra,1162
identităţile,1162
rulouri,1162
Hess,1162
conduceau,1161
campionilor,1161
Annabel,1161
dormiti,1161
negustorul,1161
mahmureala,1161
împlineşti,1161
avansare,1161
comandamentului,1161
declarăm,1161
Plymouth,1161
jeleuri,1160
RAF,1160
englezeşti,1160
printului,1160
recâştiga,1160
eleganţă,1160
creangă,1160
pagubă,1160
colecteze,1160
rock'n'roll,1160
înregistrărilor,1159
Hitchcock,1159
incendiile,1159
incapacitatea,1159
gâdili,1159
domeniile,1159
Barnabas,1159
Eagles,1159
grăbesti,1159
Sears,1159
insisti,1159
imit,1159
identici,1159
imbrac,1159
Socrate,1159
intersectează,1158
scenarist,1158
Frida,1158
interpreteze,1158
recital,1158
Anwar,1158
roaga,1158
manusi,1158
Coffey,1158
politistilor,1158
traumatizat,1158
painea,1158
Dove,1158
spuselor,1158
omoara-ma,1158
mase,1158
ierarhia,1158
fidelitate,1158
trombon,1158
Emilia,1158
gaseste-l,1157
îm,1157
tremurând,1157
prinţi,1157
întâlneste,1157
certati,1157
neînţelegerile,1157
flirtează,1157
cantand,1157
roller,1157
low,1157
cravate,1157
popoare,1157
Swanson,1156
observatori,1156
habitat,1156
pronunţi,1156
două-trei,1156
Beale,1156
înrăutăţeşti,1156
scri,1156
derutant,1156
supervizorul,1156
martiri,1156
lumilor,1156
focoasele,1156
n-nu,1156
gravitatia,1155
administrativ,1155
împuţite,1155
lipitoare,1155
psihoză,1155
uite-ti,1155
ridicati-va,1155
îmbolnăvească,1155
cântă-mi,1155
bagati,1155
făurit,1155
Lotte,1155
neutraliza,1155
necontrolat,1154
Kenzi,1154
Rambaldi,1154
ofertele,1154
perceput,1154
cârciuma,1154
fixaţi,1154
focosul,1154
cucereşte,1154
Beecher,1154
portofelele,1154
artrită,1154
căciula,1154
Koba,1154
aþi,1154
pepperoni,1154
scutur,1154
încălţările,1154
descrisă,1153
slăbiţi,1153
Grogan,1153
decenţă,1153
renaşterea,1153
Brodie,1153
cântăreţul,1153
jalnici,1153
iritaţie,1153
sfidarea,1153
clonelor,1153
anything,1153
Argh,1153
locuind,1153
straluceste,1153
ucigaşule,1153
brăţările,1153
rasete,1153
te-aud,1153
greşala,1152
pizzerie,1152
combinată,1152
exploatarea,1152
înghetata,1152
încetarea,1152
sutură,1152
mirese,1152
Toma,1152
anunta-ma,1152
majoretelor,1152
du-ţi,1152
ştiut-o,1152
Perrin,1152
recunoasteti,1151
grăsane,1151
gândește-te,1151
geneza,1151
asigurati-va,1151
ebraică,1151
mojo,1151
pungaş,1151
serviţi-vă,1151
înmulţesc,1151
cu-n,1151
hardware,1151
binecuvantat,1151
trisat,1151
adăugaţi,1151
găzdui,1151
englezeşte,1150
domestic,1150
frumoasei,1150
ciripit,1150
Radu,1150
vârcolacii,1150
strănut,1150
negustorii,1150
rapire,1150
precede,1150
reconstrucţie,1150
flatezi,1150
devorat,1149
împacheteze,1149
aseza,1149
other,1149
managementul,1149
aşezare,1149
rime,1149
creaturii,1149
montez,1149
dei,1149
bărbăteşti,1149
repetiţiile,1149
acceptul,1149
piticanie,1149
construiesti,1149
evacuează,1149
science,1149
indigo,1149
bazându-ne,1149
autoriza,1149
taticule,1149
ciudăţenia,1148
Stones,1148
socant,1148
Rizzoli,1148
șoc,1148
plasament,1148
Gettysburg,1148
posed,1148
pornografia,1148
army,1148
FAA,1148
Shik,1148
aşternut,1148
banshee,1148
localizează,1148
balegă,1148
Oslo,1148
peretelui,1148
credință,1148
putoare,1148
îndrăgit,1148
torţele,1148
deplasăm,1148
instalarea,1148
recruta,1147
Titanicul,1147
Mags,1147
faţă-n,1147
Malkovich,1147
retardaţi,1147
Norah,1147
Jakob,1147
asigurați,1147
PTA,1147
Sachs,1147
rubine,1147
arici,1147
fumător,1147
Luce,1147
pătrundem,1146
procurat,1146
tinerei,1146
asistenţii,1146
hoarda,1146
mișto,1146
Ender,1146
serialului,1146
învăţam,1146
Lise,1146
suferinţe,1146
aparenţe,1146
caracterizează,1145
cearceafuri,1145
neuronale,1145
metabolismul,1145
nu-nseamnă,1145
mincare,1145
patetici,1145
broscoi,1145
bucăți,1145
clanurile,1145
recepţionează,1145
festivalului,1145
Cecile,1145
anunţă-l,1145
îndemâna,1145
vulcanică,1145
încredinţa,1145
flacara,1145
colon,1145
orbite,1145
Lavinia,1144
fondurilor,1144
işi,1144
implicaţiile,1144
testoasa,1144
salină,1144
n-auzi,1144
Moz,1144
Dominion,1144
identificate,1144
Livingston,1144
Hunnicutt,1144
Volker,1144
ringului,1144
gadget,1144
bala,1144
Ged,1144
prezervativele,1144
gardului,1144
Keane,1144
Kurtz,1144
they're,1143
perfuzia,1143
Mycroft,1143
readucă,1143
popularitatea,1143
chimicalele,1143
titrari.ro,1143
misionar,1143
Boulevard,1143
Ric,1143
evacuati,1143
casier,1143
intestin,1143
declanşatorul,1143
releu,1142
manânce,1142
inferioritate,1142
compensează,1142
Elmer,1142
beţele,1142
justifice,1142
împuste,1142
atârni,1142
de-alea,1142
meditaţii,1142
convinga,1142
treapta,1142
dăunătoare,1142
aşternuturi,1142
sînteti,1142
parc-ai,1142
debut,1142
PC,1142
Guan,1142
mănânc-o,1142
bine-mi,1142
dram,1141
şaman,1141
Ritter,1141
Shao,1141
naivi,1141
Zedd,1141
Arkham,1141
modestia,1141
anchetăm,1141
Nicolai,1141
tar,1141
Crunch,1141
stâlpii,1141
licurici,1141
conduceai,1141
Primo,1141
Clifton,1141
Hokage,1140
batrânul,1140
deschide-ti,1140
manifeste,1140
vorbărie,1140
însângerată,1140
demisioneze,1140
nemurire,1140
viral,1140
miscă-ti,1140
supravieţuitoare,1140
iepuras,1140
involuntar,1140
procura,1140
favoriţii,1140
holbat,1140
Trenton,1140
frigorifică,1140
crezare,1139
poate-ţi,1139
aşezată,1139
casuta,1139
scuteşti,1139
deplaseze,1139
larve,1139
bandelor,1139
mititica,1139
improvizăm,1139
pen'că,1139
relevanţă,1139
porturi,1139
ecrane,1139
scării,1139
portie,1139
rivale,1139
nesfârsit,1139
frânte,1139
motivează,1139
netradus,1139
dren,1138
felinar,1138
piscinei,1138
Irv,1138
ciocu,1138
mondiala,1138
cocoşelul,1138
Scarface,1138
Sage,1138
treba,1138
Cipru,1138
impuste,1138
anturajul,1138
saluti,1138
obţinută,1137
sună-ne,1137
McCabe,1137
constructori,1137
Leningrad,1137
Malaezia,1137
stângi,1137
impresii,1137
binisor,1137
entitatea,1137
păcătoasă,1137
Woodrow,1137
Herrmann,1137
midnight,1137
Wilshire,1137
Radcliffe,1137
spălate,1136
funduleţ,1136
neurochirurg,1136
covrigi,1136
ierarhie,1136
stabiliza,1136
învie,1136
sp,1136
cioc-cioc,1136
lanţului,1136
cuţu,1135
accord,1135
Keenan,1135
Aditya,1135
trolii,1135
restaurarea,1135
pacientei,1135
glonţului,1135
Everdeen,1135
Australiei,1135
Tonio,1135
înroşit,1135
LionKing09,1135
ruletă,1135
portrete,1135
Dal,1135
doneze,1135
imitator,1135
justitia,1134
inregistrari,1134
Woodhouse,1134
înțelegeți,1134
interimar,1134
Arkady,1134
pururi,1134
Ilsa,1134
oaste,1134
Gator,1134
Eros,1134
s-a-ntors,1134
peri,1134
carbohidraţi,1134
vărsarea,1134
insuficient,1134
Ackerman,1134
vigilent,1134
logodnicei,1134
vertebrale,1134
stirea,1134
Zeb,1134
fixate,1133
sertarele,1133
nepăsător,1133
inteligenţei,1133
dezbracat,1133
Mak,1133
Cornwall,1133
forţat-o,1133
adreseze,1133
fot,1133
izmene,1133
serată,1133
Dunphy,1133
informatică,1133
cârpa,1133
Flik,1133
strong,1133
atinge-o,1132
iranian,1132
aplauzele,1132
rezidenţi,1132
desfăşurat,1132
Patmore,1132
agata,1132
divizat,1132
cântăreţi,1132
ferata,1132
fibrele,1132
sufocare,1132
Dalek,1132
natiunii,1132
forțat,1132
coapsa,1132
frisoane,1132
decepticonii,1132
microfoanele,1132
patine,1132
masterat,1132
pence,1132
religioşi,1132
propos,1132
ruşinoasă,1131
curăt,1131
brutar,1131
Tabitha,1131
pregătiți,1131
mâneci,1131
papuc,1131
diagnosticată,1131
circule,1131
rasele,1131
corupe,1131
Perseu,1131
procesez,1131
ajustări,1131
arheologice,1131
rasiale,1131
Flack,1130
comiţi,1130
Merrin,1130
sum,1130
days,1130
stagiul,1130
tacerea,1130
Vane,1130
devorează,1130
legendară,1130
paralelă,1130
câştigam,1130
adolescenţă,1130
osteneala,1130
investeşti,1130
pretioase,1130
nevăzute,1130
războinicilor,1129
cãtre,1129
Timon,1129
talibanii,1129
demisie,1129
trădării,1129
ipocrită,1129
pilotii,1129
perversul,1129
Welch,1129
recuperată,1129
tuşeşte,1129
jungle,1129
Bumpy,1129
găştii,1129
Michaela,1129
demis,1128
Kisha,1128
beans,1128
sângerări,1128
reconstrucţia,1128
chimioterapia,1128
leilor,1128
erei,1128
formalităţi,1128
alesi,1128
scuterul,1128
pricopsit,1128
înţeleşi,1128
orori,1128
capricios,1128
nelimitată,1128
Moneypenny,1128
intalneste,1127
banditi,1127
miraj,1127
pelerini,1127
Angelei,1127
curcani,1127
radem,1127
flexibilă,1127
bazooka,1127
probezi,1127
razbuna,1127
compoziţie,1127
munitia,1127
bis,1127
Matthias,1126
simturile,1126
iazul,1126
faruri,1126
Antony,1126
umplută,1126
ţiganii,1126
benefic,1126
Kobayashi,1126
Guillermo,1126
somonul,1126
intâi,1125
periferia,1125
cantam,1125
justiţiarul,1125
casetofonul,1125
kebab,1125
democraţiei,1125
acoperiti,1125
Ortega,1125
table,1125
dansatorii,1125
Brass,1125
sampania,1125
rănesti,1125
înmâna,1124
farmaceutică,1124
singurã,1124
creşteţi,1124
experimentale,1124
fiorul,1124
caracteristic,1124
Rosenberg,1124
retraga,1124
cheltuială,1124
violuri,1124
sasea,1124
urmăriti,1124
amănuntele,1124
iscoadele,1124
găsește,1124
coiful,1123
castigator,1123
Carney,1123
covrig,1123
goana,1123
como,1123
Kenton,1123
furati,1123
niciunuia,1123
wo,1123
mutanţilor,1123
Root,1123
Salander,1123
ile,1123
desăvârşire,1123
rapita,1123
ameninţat-o,1123
Agos,1122
Halsey,1122
actoria,1122
şira,1122
morbid,1122
galaxiile,1122
după-masa,1122
tartar,1122
plănui,1122
normalitate,1122
aere,1122
Lupo,1122
matter,1122
primilor,1122
came,1121
pilates,1121
mixte,1121
reanimare,1121
strigau,1121
reaminteşte,1121
președintelui,1121
Gru,1121
perii,1121
despicat,1121
Texasului,1121
Glades,1121
analizei,1121
colaborator,1121
plecãm,1121
păroase,1121
Vogue,1121
premeditat,1121
falsifica,1121
slam,1121
dezastrului,1121
continutul,1121
descărcăm,1121
Jean-Pierre,1121
capricorn,1120
Highway,1120
tri,1120
vapoare,1120
descuraja,1120
Brandi,1120
calatorii,1120
restricţionat,1120
neterminată,1120
fălci,1120
ghem,1120
corectarea,1120
componenta,1119
Sancho,1119
Teheran,1119
ascultã,1119
iniţierea,1119
specializarea,1119
renii,1119
vulpi,1119
uite-aici,1119
molestat,1119
fermecate,1119
e-mailurile,1119
productia,1119
Gao,1119
influentă,1118
nedorită,1118
introduse,1118
Cochrane,1118
bineveniti,1118
autorizatie,1118
elicopterului,1118
Marlow,1118
sosirii,1118
seifuri,1118
întreaba,1118
roşiile,1118
fluiere,1118
ostatecii,1118
Deuce,1118
speraţi,1118
şarmul,1118
Krusty,1117
barosan,1117
bust,1117
barăci,1117
dorința,1117
fr,1117
disparitie,1117
slujească,1117
clipesc,1117
fugărit,1117
expozitie,1117
înşelăm,1117
susţinea,1117
derbedeule,1117
Holiday,1117
eroică,1117
Amon,1117
Fairbanks,1117
reclamat,1117
reclamaţii,1117
înotător,1117
saruta-ma,1117
proiecta,1117
Ofelia,1116
Munro,1116
supt-o,1116
negociabil,1116
mulțimea,1116
Loras,1116
climatice,1116
nedumerit,1116
stapan,1116
culcam,1116
intoarcerea,1116
păun,1116
transpire,1116
fricosule,1116
scundă,1116
neurologică,1116
rătăciţi,1116
Jong,1116
nasoala,1116
CIA-ului,1116
lungimi,1116
masele,1115
usuc,1115
căderi,1115
irakian,1115
peronul,1115
mopul,1115
Mozzie,1115
dizolvat,1115
înveliş,1115
picnicul,1115
clipeşti,1115
Gekko,1115
integrez,1115
casã,1115
locație,1115
împărăteasă,1115
răsună,1115
insuficienţă,1115
îngăduit,1115
zburători,1115
intercepteze,1115
adevărati,1115
romana,1115
agrava,1114
trimisa,1114
inculpat,1114
das,1114
cântecului,1114
nisipuri,1114
umplutură,1114
cautai,1114
curăță,1114
orhideea,1114
Pollock,1114
Jimi,1114
Mariko,1114
Mart,1113
absolvenţi,1113
alamă,1113
întreacă,1113
cisterna,1113
încoronarea,1113
întâlneşte-te,1113
anunţă-i,1113
capacele,1113
brâu,1113
aval,1113
propulsia,1113
Sesshomaru,1112
relele,1112
şahul,1112
Lucie,1112
activăm,1112
frustrare,1112
Drummond,1112
tal,1112
vocabular,1112
porto,1112
gãsi,1112
urmăreşte-i,1112
austriac,1112
gresala,1112
iveşte,1112
căţeluşii,1112
dinauntru,1112
Führer-ul,1112
caror,1111
câte-o,1111
nemiloşi,1111
venire,1111
discutati,1111
Rolls,1111
yo-yo,1111
concedierea,1111
Lund,1111
vechitură,1111
antrenam,1111
orbitoare,1111
climatul,1111
N'e,1111
activezi,1111
amână,1111
respinse,1111
armistiţiul,1111
apărători,1111
vrăjitorule,1111
Conroy,1111
urinezi,1111
complotează,1111
uzate,1111
Rhys,1111
trasura,1110
fraude,1110
plase,1110
bea-ţi,1110
mentinem,1110
spălător,1110
cuvint,1110
depozitat,1110
partial,1110
fermecator,1110
remorcă,1110
plutea,1110
nepreţuitul,1110
zbătut,1110
sufle,1110
Calcutta,1110
LAGARDE,1110
deţinuţilor,1110
satin,1110
lanternele,1110
tineretea,1110
sori,1110
orator,1110
ecologic,1110
Octavius,1109
atletic,1109
hoinar,1109
revelion,1109
estimez,1109
disk,1109
tenul,1109
Frye,1109
Yorker,1109
recomandăm,1109
grill,1109
investitie,1109
Albania,1109
formaţii,1109
îngrijorata,1109
consilierului,1109
coletul,1109
Boggs,1109
îngrijorătoare,1108
dărâm,1108
trasul,1108
Bren,1108
Purple,1108
riposteze,1108
Cosima,1108
federala,1108
sponsori,1108
căsătoriile,1108
Francie,1108
laturi,1108
Percival,1108
soției,1108
nacho,1108
blocheaza,1108
brazdă,1108
sumbră,1108
falită,1108
papă-lapte,1107
curbe,1107
căraţi,1107
știați,1107
domiciliul,1107
următoarei,1107
arda,1107
împărtim,1107
strălucea,1107
seduc,1107
coincidență,1107
lucrului,1107
marturisit,1107
tunelele,1106
Baja,1106
m-ajuţi,1106
repaos,1106
clienții,1106
cumnat,1106
Wigand,1106
autorii,1106
corespondent,1106
extinse,1106
măta,1106
poi,1106
solidaritate,1106
their,1106
mă-tii,1106
inarmati,1106
explodeaza,1106
imbraci,1106
potenţiali,1106
paiul,1106
Enrico,1106
ardoare,1106
zmeul,1106
agentă,1106
susţinător,1105
nevoilor,1105
pakistanez,1105
expediţii,1105
minutes,1105
rezervaţia,1105
Harbour,1105
rezoluţie,1105
SubRip,1105
existentă,1105
culca-te,1105
ramii,1105
studioului,1105
drepti,1105
sardine,1105
Claudette,1105
realişti,1105
reprize,1105
Ando,1105
Pancho,1105
muschetari,1104
somnambul,1104
cameraman,1104
aruncau,1104
matematice,1104
urau,1104
studiaţi,1104
filmuleţul,1104
sezi,1104
buză,1104
Lourdes,1104
cardiolog,1104
clor,1104
educaţi,1104
knock-out,1104
homarul,1104
expunem,1104
publicarea,1103
Moloch,1103
greceşti,1103
combinatia,1103
sperietoarea,1103
codificat,1103
Bassam,1103
neavând,1103
răzgândiţi,1103
păşiţi,1103
neintelegere,1103
salbatici,1103
canalizarea,1103
depoziţie,1103
cură,1103
presupusa,1103
gâşte,1103
cartuşele,1103
procurorii,1103
Stubbs,1103
scuteste-ma,1103
trompeta,1103
tolerează,1103
favorul,1102
razand,1102
mâniei,1102
glumeai,1102
fugiţii,1102
înfloritoare,1102
fane,1102
Sri,1102
peron,1102
fabricate,1102
trăznet,1102
atârn,1102
se-ntoarcă,1102
certându-se,1102
învinuieşti,1102
dezvoltăm,1102
Orochimaru,1102
ghiozdanul,1102
esarfa,1102
dovedește,1102
fluturele,1101
Jana,1101
căzute,1101
însăsi,1101
generoşi,1101
esential,1101
atarna,1101
aratos,1101
moacă,1101
lasule,1101
activeze,1101
despărtim,1101
efectueze,1101
Bingham,1101
complicata,1101
frânează,1101
lăsați-l,1101
drului,1101
prezentabil,1100
Peaches,1100
infractorilor,1100
gheţar,1100
adolescenti,1100
Pendleton,1100
stresantă,1100
păzite,1100
condiţiilor,1100
Paulette,1100
reîncepe,1100
fra,1100
glandele,1100
Middleton,1100
cruda,1100
Renault,1100
odios,1099
asează-te,1099
Xu,1099
prielnic,1099
conservatoare,1099
cocina,1099
confortabili,1099
Bridgette,1099
cart,1099
bolta,1099
minunăţie,1099
transparentă,1099
voal,1099
statică,1099
desertului,1099
îngeraşul,1099
sobolanii,1099
Ronan,1098
targ,1098
Kuririn,1098
castrat,1098
coordonare,1098
vrabie,1098
detinuti,1098
inauntrul,1098
metalică,1098
munceam,1098
Juno,1098
distracţiei,1098
bobocul,1098
excesul,1098
daruit,1098
Roslin,1097
despăgubiri,1097
fluiera,1097
grafice,1097
investiţiile,1097
tutela,1097
Kaulder,1097
Templeton,1097
pricepuţi,1097
eşecului,1097
presezi,1097
simulat,1097
restului,1097
eretic,1097
contabile,1097
blestemati,1097
apos,1097
cauzeze,1097
coapsă,1097
nopți,1096
sh,1096
conflictului,1096
neimportant,1096
stângace,1096
sapca,1096
întrebă,1096
maternă,1096
obscure,1096
perdeaua,1096
angajări,1096
transpiraţia,1096
Presley,1096
gloată,1096
permanenta,1096
înțelept,1096
Bakersfield,1096
mă-nţelegi,1096
poponarii,1096
Keys,1095
prelungire,1095
telefonez,1095
zâmbesti,1095
lipicioase,1095
boxerii,1095
Armani,1095
Geiger,1095
ruşinii,1095
boxă,1095
anus,1095
arcaşii,1095
antene,1095
împrăştiem,1095
întărească,1095
crosele,1095
vraişte,1095
reusita,1094
constat,1094
sapat,1094
strângeţi-vă,1094
panglici,1094
sforăie,1094
vanitate,1094
paralizată,1094
amuletă,1094
Seong,1094
deghizarea,1094
acela-i,1094
Mayfield,1093
publicităţii,1093
plecați,1093
utilizeze,1093
credinţele,1093
suspin,1093
înfăptuit,1093
vârste,1093
intitulat,1093
ţintaş,1093
dublăm,1093
carierele,1093
aerodrom,1093
abuza,1093
lăzile,1093
Massey,1093
magicieni,1093
precizia,1093
galbena,1093
năpasta,1093
Panterele,1093
stimuli,1092
indusă,1092
dezactivată,1092
spaţiu-timp,1092
moşia,1092
hipotermie,1092
capacităţi,1092
barierele,1092
Snoop,1092
Dahlia,1092
anticorpi,1092
NASCAR,1092
invadatori,1092
Squad,1092
dilatate,1092
yacht,1092
afar,1092
ozon,1092
dune,1092
amendamentul,1092
imersiune,1092
te-aș,1092
Davos,1092
pregătit-o,1092
dezvoltate,1091
contractor,1091
săruti,1091
optiunile,1091
evitare,1091
Artemis,1091
teacă,1091
tentacule,1091
imputit,1091
medicaţie,1091
drive-ul,1091
arcaşul,1091
denunţ,1090
Comet,1090
Mansfield,1090
dezastruos,1090
antrenori,1090
Sandro,1090
glicemia,1090
stârneşte,1090
jam,1090
monitorizeze,1090
căcaturi,1090
crom,1090
stocate,1090
Rockwell,1090
arbori,1090
ciocnesc,1090
dinamic,1090
romulanii,1090
avansarea,1090
ignoranţi,1090
cuvîntul,1090
Aston,1090
Lazăr,1090
imună,1089
himera,1089
charter,1089
irisul,1089
vibraţie,1089
forțele,1089
copilot,1089
lămpi,1089
Tora,1089
personalităţii,1089
sublim,1089
Geary,1089
evaziv,1089
muşcată,1089
ţinti,1089
sărbătoriţi,1089
Wook,1089
tesut,1089
Clementine,1089
castraveţi,1089
pescui,1088
măcelărie,1088
ipocrizie,1088
ţeapăn,1088
frontiere,1088
Alonso,1088
amfetamine,1088
directivă,1088
Smithsonian,1088
emotiv,1088
urlete,1088
Bagheera,1088
transporturilor,1088
complotul,1088
semănat,1088
B'Elanna,1088
Kaiser,1088
presaţi,1088
închirieze,1088
cocon,1088
Khaled,1087
rămîn,1087
arunca-l,1087
domestice,1087
uluit,1087
sosete,1087
T-Rex,1087
lăsai,1087
lanul,1087
detii,1087
circulatie,1087
iubitele,1087
regrupăm,1087
poa,1087
Aviv,1087
mi-aș,1087
comoţie,1087
limitelor,1087
plăceam,1086
doing,1086
grâul,1086
Nikola,1086
soba,1086
brun,1086
senil,1086
lock,1086
şo,1086
parior,1086
recunoscatoare,1086
reuşea,1086
traversând,1086
intrase,1085
hrănire,1085
Feldman,1085
înflorească,1085
avortul,1085
pisicilor,1085
fiinţei,1085
Birdie,1085
amărâte,1085
bacteriile,1085
Nietzsche,1085
vicerege,1085
imposibilitatea,1085
computerelor,1085
răspundeti,1085
Meryl,1085
învăţătoare,1085
brațele,1085
păcatului,1084
flapsurile,1084
Midas,1084
greşală,1084
aspiraţie,1084
uno,1084
scorpia,1084
potriveşti,1084
parfumuri,1084
şoapte,1084
Roark,1084
detecteze,1084
urcare,1084
miei,1084
afro-american,1084
bucle,1084
Wren,1084
Gotti,1083
descifrez,1083
marihuana,1083
Carlotta,1083
ascundeai,1083
sfârşim,1083
alegătorii,1083
investiţi,1083
ghemuit,1083
procedurii,1083
inscris,1083
Alpi,1083
civic,1083
dispecer,1083
fertil,1083
neîndemânatică,1083
creditele,1083
Rekall,1083
încălţări,1083
Indianapolis,1083
să-ncerci,1083
paginii,1083
pompos,1083
lâna,1083
Bumblebee,1083
se-ntâmpla,1082
urmăriți,1082
galerii,1082
cargobot,1082
samuraii,1082
încă-i,1082
dramatica,1082
grajdul,1082
şuruburi,1082
haida,1082
medaliile,1082
chivotul,1082
Harken,1082
senorita,1082
debarcarea,1082
autostrăzii,1082
Schroeder,1082
anexa,1082
încetinitorul,1082
cistigat,1082
ese,1081
fucking,1081
Bae,1081
ciocănit,1081
latra,1081
trac,1081
dăunează,1081
moştenitoare,1081
Seward,1081
Illuminati,1081
cobora,1081
Burkhardt,1081
smântână,1081
provocat-o,1081
injunghiat,1081
atacând,1081
ameţeală,1080
muie,1080
episcopului,1080
BB,1080
marcaţi,1080
age,1080
Stefano,1080
terminală,1080
futută,1080
experiente,1080
Bret,1080
revendic,1080
abisul,1080
unde-şi,1080
Fluffy,1079
ştirilor,1079
Brainiac,1079
creeaza,1079
sclipici,1079
termice,1079
inventăm,1079
fosfor,1079
tonomat,1079
limităm,1079
vârstele,1079
învinovăţeşte,1079
acut,1079
mişună,1079
activarea,1079
Maude,1079
inundată,1079
partidele,1078
Tru,1078
bre,1078
holurile,1078
lacomă,1078
măsuţa,1078
bătrânel,1078
Intersect,1078
zor,1078
Mischa,1078
cumparati,1078
Annabeth,1078
odaia,1078
umiditate,1078
Fitzpatrick,1078
zodiacul,1078
McCormick,1078
dezbate,1078
inarmat,1078
ramase,1078
aşteptat-o,1078
ranch,1078
HBO,1078
mutate,1077
protejata,1077
scofala,1077
inaugurarea,1077
problem,1077
la-nceput,1077
Margaux,1077
deşarte,1077
marturia,1077
gt,1077
defensiva,1077
I'd,1077
necăji,1077
infractiuni,1077
substanţial,1077
simfonie,1077
sinucigaşe,1077
BlueBell,1076
împinsă,1076
dizgraţie,1076
hepatită,1076
elice,1076
sultanului,1076
altetă,1076
ta-da,1076
inhalatorul,1076
sperantele,1076
înţepenită,1076
amică,1076
curele,1076
dum,1076
experti,1076
achiziţii,1076
Peach,1075
creme,1075
nuanţă,1075
predam,1075
raceala,1075
globurile,1075
neînarmaţi,1075
desfasurare,1075
Whoo-hoo,1075
pensionez,1075
Mardi,1075
Canning,1075
expresii,1075
Hail,1075
somnifer,1075
înaltimea,1075
undelor,1075
argintăria,1075
schilod,1075
sangelui,1075
anormală,1075
apendicele,1074
Marlo,1074
jignire,1074
viseaza,1074
profesionalism,1074
securizate,1074
traducător,1074
ratate,1074
uzat,1074
word,1074
dialogul,1074
aorta,1074
ofiţere,1074
Jayne,1074
blestematule,1074
jefuitorii,1074
reparate,1074
ingineria,1074
îndata,1074
repetitie,1074
organismului,1073
modurile,1073
Nepal,1073
Lassard,1073
despachetat,1073
amoniac,1073
Ong,1073
nefiresc,1073
evacuată,1073
corectie,1073
invit-o,1073
rivalii,1073
Chae,1073
urmăritor,1073
secară,1073
grapefruit,1072
islamului,1072
competiţiei,1072
n-oi,1072
legatură,1072
bucuriei,1072
uși,1072
Charly,1072
hărţuieşti,1072
petrecut-o,1072
Transilvania,1072
Suffolk,1072
compas,1072
bretele,1072
sarin,1072
ATM,1072
Darrell,1072
moderat,1072
arestează-mă,1072
Driv3r,1072
ținta,1072
figurine,1072
acorduri,1072
Mayfair,1071
drăguţul,1071
gropile,1071
Caplan,1071
grohait,1071
tulpină,1071
mituieşti,1071
miniştrii,1071
coşurile,1071
particulă,1071
escortat,1071
vana,1071
cuplezi,1071
bogătaş,1071
neted,1071
detonarea,1071
Sfintia,1071
renaştere,1071
consider-o,1071
bucuriile,1071
ascultă-te,1071
smiorcăi,1071
fiintele,1071
pândeşte,1070
clown,1070
reales,1070
harababură,1070
rupta,1070
beneficiază,1070
complotat,1070
neprevăzut,1070
îndreptăţit,1070
vâsleşte,1070
clarvăzător,1070
Lindbergh,1070
adoptăm,1070
sfâşiată,1070
nefericirea,1070
cerute,1070
antenele,1070
acoperea,1070
Sollozzo,1070
Pena,1070
împrumută-mi,1069
eşecuri,1069
îngrăşământ,1069
colac,1069
gazului,1069
mititelule,1069
piedestal,1069
stimă,1069
oftat,1069
Severide,1069
animalului,1069
spatială,1069
demne,1069
Simeon,1069
însemnă,1069
ziarişti,1069
impart,1069
platita,1069
sensibila,1069
condu-mă,1069
Coană,1069
ustură,1069
interceptăm,1068
eliberat-o,1068
caramida,1068
Caius,1068
nou-nouţă,1068
nirvana,1068
societatii,1068
următorului,1068
răspicat,1068
pack,1068
certitudinea,1068
CID,1067
veritas,1067
pantofilor,1067
operată,1067
cura,1067
crunt,1067
toxinele,1067
obosite,1067
îndrăzneţe,1067
Fung,1067
majora,1067
lipiţi,1067
Fremont,1067
prioritară,1067
Boleyn,1067
uciși,1067
drogatul,1067
hranit,1067
Clemens,1067
precaută,1067
fa-te,1067
verificările,1067
baronului,1067
pământenii,1067
împotrivesc,1067
ascundeau,1067
Towers,1067
tractorul,1067
primelor,1066
cunoștință,1066
înjunghiat-o,1066
bau-bau,1066
orbitează,1066
adunatura,1066
medieval,1066
însoţită,1066
dece,1066
separi,1066
meteoritul,1066
prisos,1066
amoroase,1066
folk,1066
Juni,1066
depresiv,1066
Hyah,1066
zdrenţe,1066
amurg,1066
făt,1066
valvele,1066
scalpul,1066
dispreţuieşti,1066
ajuta-ne,1066
asteptarea,1066
studente,1065
Bel,1065
unitati,1065
prezența,1065
previi,1065
balcoane,1065
Stauffenberg,1065
pãi,1065
măscărici,1065
tiam,1065
secvenţe,1065
studiam,1065
Varys,1065
prostut,1065
adevarului,1065
conservarea,1065
nodurile,1065
Vickie,1065
violez,1065
lumea-i,1065
mărgele,1065
impartit,1065
zip,1064
înrăit,1064
cine-ţi,1064
silueta,1064
Cannes,1064
santinelele,1064
erupe,1064
adanca,1064
dezmembrat,1064
conjugale,1064
inelelor,1064
dezleagă,1064
disperării,1064
plăcintele,1064
interogatoriului,1064
cibernetice,1064
avansez,1064
aprinderea,1064
cupola,1064
frac,1064
mărturiile,1063
mahăr,1063
McClaren,1063
dolarii,1063
să-nsemne,1063
Nike,1063
fronturi,1063
Claus,1063
Serbia,1063
masaje,1063
semnat-o,1063
păţim,1063
bruta,1063
patetice,1063
măriti,1063
cautand,1063
urmează-ţi,1063
Zak,1063
seamăn,1063
nemţilor,1062
respectam,1062
trimisul,1062
bath,1062
independenţi,1062
softul,1062
supravieţuiţi,1062
încetineste,1062
ţineţi-i,1062
arată-ţi,1062
Napa,1062
licitat,1062
şopron,1062
Charmaine,1062
reîntorc,1062
curcubeul,1062
mandria,1062
monopoly,1062
calmati-vă,1062
arsenic,1062
rotire,1062
seva,1062
domneşte,1062
eunuc,1062
asule,1062
trage-i,1062
documentarul,1062
Brook,1061
insectelor,1061
berile,1061
fierb,1061
buzelor,1061
documentelor,1061
Claudio,1061
clasat,1061
comisii,1061
portofoliul,1061
Calder,1061
sentinţei,1061
rating,1061
exterminaţi,1061
atmosferice,1061
cardului,1061
bucurați-vă,1061
accesăm,1061
ű,1061
blondele,1061
umpleţi,1061
intoxicaţie,1060
manechine,1060
funcționare,1060
G'Kar,1060
Stack,1060
deosebiţi,1060
câștigă,1060
sarim,1060
holeră,1060
convinsa,1060
găgăuţă,1060
post-mortem,1060
acuzatia,1060
pofteşti,1060
străbunilor,1060
prezenti,1060
Dayton,1060
roi,1060
Briar,1060
plăceai,1060
seacă,1059
aşteptându-te,1059
ordonată,1059
instalezi,1059
tocilarilor,1059
picantă,1059
pea,1059
export,1059
DMV,1059
termic,1059
impuse,1059
neliniştiţi,1059
fus,1059
lăsati-l,1059
tineam,1059
traumatic,1058
găseau,1058
trădătorilor,1058
întâmplării,1058
secolelor,1058
cetăţii,1058
apeleze,1058
căsnicii,1058
amintește,1058
Stamper,1058
ventriculară,1058
Hartford,1058
şchiop,1058
detectoare,1058
întâmpini,1058
Nicholson,1058
Schindler,1058
pregateasca,1058
administrează,1057
încinsă,1057
rugaciunile,1057
corectare,1057
substanţele,1057
Dede,1057
Creasy,1057
sonic,1057
lansării,1057
întrebau,1057
otrăvite,1057
idealul,1057
factorii,1057
cinstita,1057
mature,1057
ascensor,1057
regla,1057
intimidant,1056
supărate,1056
jingle,1056
zob,1056
grecească,1056
preţuieşte,1056
irelevante,1056
statura,1056
exploatare,1056
trişez,1056
timpu,1056
urale,1056
Korea,1056
urechilor,1056
filtre,1056
Misha,1056
poate-mi,1056
imaginare,1056
scârboase,1056
antrenamentului,1055
ţesutului,1055
pierde-vară,1055
gentil,1055
Bak,1055
Yash,1055
şurub,1055
răspândite,1055
forever,1055
linguriţă,1055
bărbații,1055
Jodie,1055
amatoare,1055
diversitate,1055
Burma,1055
extragă,1055
asortează,1055
încorporat,1055
Reardon,1055
those,1054
own,1054
reprezentaţia,1054
sectoarele,1054
tarm,1054
admiraţia,1054
electoral,1054
iertată,1054
tributul,1054
studierea,1054
afis,1054
loveste-ma,1054
obscene,1054
compensare,1054
evitam,1054
infractoare,1054
moderni,1054
dusa,1054
recunoasca,1054
chemaţi-l,1054
căutându-l,1054
Gamble,1054
polari,1054
Coast,1054
Hayward,1054
marchiz,1054
denumire,1054
văzându-te,1054
rul,1054
șansele,1054
otrăvi,1054
mângâiere,1053
taţilor,1053
rechinilor,1053
consolă,1053
tractare,1053
sãu,1053
supraîncărcat,1053
XXI,1053
ans,1053
demonule,1053
învechită,1053
impenetrabilă,1053
pledează,1053
artisti,1053
identificat-o,1053
Chandra,1053
gotta,1053
prezentati,1053
Alyssa,1053
emisar,1053
chardonnay,1053
scamatorie,1053
bucăţica,1053
viguros,1053
dispreţuit,1053
casnicia,1053
violatorul,1053
sanitare,1053
salutaţi-l,1052
aruncaţi-l,1052
cuminti,1052
go.ro,1052
nervilor,1052
protesta,1052
cargo,1052
coniacul,1052
micuţei,1052
Gemini,1052
admită,1052
tăietor,1052
cacialma,1052
învoiala,1052
dezinfectant,1052
shop,1052
intervenție,1052
recruteze,1052
experienţei,1052
zestrea,1052
indrept,1052
proiectare,1052
restaura,1052
many,1052
scoateţi-o,1052
procesează,1052
blaster,1052
abţine-te,1052
orgasmul,1051
Liban,1051
crepusculară,1051
hotărâri,1051
întâmpină,1051
inspir,1051
eug_60,1051
Prometeu,1051
Soames,1051
şocantă,1051
conferinte,1051
emoţionantă,1051
vacii,1051
smoke,1051
păroasă,1051
occident,1051
irosească,1051
dinamică,1051
morcovii,1051
încărcarea,1051
necăjit,1051
turnătorul,1051
Sibley,1051
echilibrată,1051
paralizia,1051
plăcuţa,1051
şosetă,1051
cooperaţi,1050
favorizează,1050
cetătean,1050
glaciară,1050
René,1050
însoţitorul,1050
aliati,1050
Lynne,1050
răzvrătire,1050
greșeli,1050
îngrijită,1050
mentalitatea,1050
amăgi,1050
Welles,1050
vicepresedinte,1050
chips,1050
îndreapta,1050
protestant,1050
minereu,1050
editie,1050
ţipătul,1050
Troiei,1050
publicăm,1050
păstrați-l,1049
urmaş,1049
Widmore,1049
cârnaţii,1049
consultantul,1049
impui,1049
născocit,1049
căprioare,1049
molecular,1049
întinşi,1049
Ryu,1049
pantalonilor,1049
delicioasa,1049
exersam,1049
intrebe,1049
buba,1049
Kirkland,1049
diametrul,1049
jenante,1049
Arwen,1049
provenit,1048
nebuloasa,1048
elementelor,1048
afişele,1048
gasirea,1048
cabinei,1048
Scooby-Doo,1048
recomandările,1048
pregatire,1048
Adrienne,1048
pricepere,1048
constanta,1048
O'Bannon,1048
Melville,1048
suliţe,1048
decedată,1048
ierni,1048
Guillaume,1048
sacrifică,1048
Cannon,1048
sonoră,1048
reţetele,1048
bordelul,1048
ridicola,1048
revanşezi,1047
pătrunzi,1047
glorioase,1047
psihiatrii,1047
mâncatul,1047
arhiepiscop,1047
sapiens,1047
aripilor,1047
fantomei,1047
înşelată,1047
priveste-ma,1047
cocoaşă,1047
şoptesc,1047
mi-s,1047
petrolieră,1047
i-i,1047
mizerabila,1047
înduioşător,1047
Maximilian,1047
sinele,1047
agreabil,1046
oracol,1046
oponent,1046
echitatie,1046
supravietuim,1046
primind,1046
Mays,1046
nelegiuit,1046
adăpostim,1046
dominant,1046
vraciul,1046
mergand,1045
libertatii,1045
dezvolţi,1045
fiţe,1045
urate,1045
demonice,1045
zdrobeşte,1045
Livia,1045
Series,1045
stimulare,1045
mentineti,1045
infiltreze,1045
nouã,1045
demodată,1045
interferenţă,1045
scarbos,1045
Vick,1045
graţios,1045
porcului,1044
plănuisem,1044
Pfeiffer,1044
gânditi-vă,1044
Sheryl,1044
cească,1044
hat,1044
fugeau,1044
lemnele,1044
spatial,1044
tripla,1044
mix,1044
dobitocilor,1044
amuz,1044
leacuri,1044
Sports,1044
şi-s,1044
însarcinata,1044
Frannie,1044
consolez,1044
revolverul,1044
găsise,1044
apărată,1044
Runkle,1044
Faulkner,1044
ghidez,1044
răsară,1044
Calhoun,1044
ticăloasa,1044
consoarta,1044
agitatie,1044
construiasca,1043
auzeau,1043
scotocit,1043
broken,1043
cidru,1043
turmele,1043
îngreuna,1043
angajate,1043
bullet,1043
Amidala,1043
post-traumatic,1043
iata-ma,1043
detectare,1043
semestrului,1043
zambetul,1042
civilizate,1042
panta,1042
zburau,1042
glumiti,1042
iesirile,1042
prizonierului,1042
donează,1042
structurile,1042
feet,1042
biluţe,1042
opal,1042
fluviul,1042
3PO,1042
sclaviei,1042
friends,1042
căluş,1042
asta-s,1042
frate-tu,1042
individului,1042
Pullo,1042
spatiului,1042
alungăm,1042
şaptezeci,1042
Jeong,1042
banjo,1041
Glaber,1041
trimitere,1041
căţeii,1041
small,1041
mortiere,1041
pasã,1041
hranesc,1041
Gable,1041
Carnegie,1041
greţos,1041
tărâmuri,1041
kuniva,1041
privinţele,1041
sami,1041
Landy,1040
îngrijim,1040
Tailanda,1040
Birkhoff,1040
pușcă,1040
Valentine's,1040
creativitatea,1040
legala,1040
natiunea,1040
ucigașul,1040
posibilitati,1040
preferam,1040
administrare,1040
precizat,1040
vehiculului,1040
construita,1040
c'est,1040
trimite-ţi,1040
vestit,1040
lãsat,1039
traia,1039
cream,1039
cadeţi,1039
întrerupeţi,1039
Alton,1039
putrezeşte,1039
combini,1039
vietnamez,1039
D.J,1039
sâ,1039
wah,1039
localitate,1039
săptămîna,1039
irosesti,1039
destrăma,1039
bufniţa,1039
Jolene,1038
graficul,1038
prădat,1038
raţia,1038
prezentări,1038
înrăutăţească,1038
potopul,1038
Abbs,1038
Zion,1038
scoteam,1038
nitrogen,1038
Wistrom,1038
nasterii,1038
n-arată,1038
curătenie,1038
acopar,1038
glontele,1038
gnomi,1038
pacalesti,1038
penthouse,1038
Kyung,1037
Irakul,1037
aproapele,1037
ideilor,1037
plicticoasă,1037
silabe,1037
băuturii,1037
walking,1037
penibilă,1037
călătorul,1037
bâzâit,1037
pleacã,1037
filmate,1037
Kaylee,1037
Chevrolet,1037
indreptat,1037
binecuvântările,1037
sacrificaţi,1036
cimpanzeii,1036
deveneau,1036
Pussy,1036
indisponibil,1036
achit,1036
zodiac,1036
J.B,1036
luminată,1036
initiativa,1036
incursiune,1036
eta,1036
spart-o,1036
carneţel,1036
trambulină,1035
heck,1035
cenuşie,1035
piraterie,1035
Einar,1035
Palpatine,1035
Paddington,1035
trofeele,1035
corpus,1035
petic,1035
opoziţia,1035
Gulliver,1035
Haynes,1035
amare,1035
binecuvântează-mă,1035
reprogramăm,1035
integrezi,1035
Blomkvist,1035
fese,1035
cântări,1035
fotografică,1035
filtrare,1035
Leonid,1035
robotii,1035
nicotină,1035
actelor,1035
bătute,1035
fie-ţi,1035
Copper,1034
vicii,1034
ziariştii,1034
culorii,1034
britanicilor,1034
sperieţi,1034
strigare,1034
guvernatorule,1034
suculent,1034
Foods,1034
Estella,1034
făcându-şi,1034
tropical,1034
managerului,1034
steward,1034
Aldous,1034
Hasan,1034
energii,1033
santaj,1033
cititori,1033
bulgăre,1033
alin,1033
apã,1033
Newcastle,1033
conecteze,1033
legaturile,1033
Kenji,1033
Blane,1033
Thorpe,1033
expeditie,1033
naziştilor,1033
prostim,1033
pudel,1033
cunoscuţii,1033
pântec,1033
umilire,1033
inghitit,1033
Darrow,1033
Mariah,1033
scenariile,1032
supliment,1032
utilizaţi,1032
colesterol,1032
cenuşii,1032
firii,1032
robotică,1032
binar,1032
găleţi,1032
ve-ţi,1032
R-2,1032
acoperiţi-vă,1032
neatinsă,1032
cinstite,1032
zdreanţă,1032
Laney,1032
alterat,1032
convinge-l,1032
copiez,1032
Rowena,1032
Guise,1032
spânzuri,1032
umfle,1032
Diggle,1032
tariful,1031
chinezoaică,1031
ebola,1031
violate,1031
nectar,1031
turistice,1031
nedreptatea,1031
condu-i,1031
dubioasă,1031
flanc,1031
temniţa,1031
emită,1031
muscular,1031
bulele,1031
vârcolacul,1031
Morley,1031
apleca,1031
învat,1031
fotbalului,1031
consemneze,1031
Lasky,1031
filosof,1031
comunismul,1031
aeronava,1031
tentaţiei,1030
spălatul,1030
retardatule,1030
zdrobească,1030
acaparat,1030
pregăteşte-ţi,1030
galop,1030
Madden,1030
Zhong,1030
difuza,1030
soldatilor,1030
cotlete,1030
rafinate,1030
bisturiul,1030
şoricelul,1030
uncie,1030
Jean-Claude,1030
bine-nteles,1030
lectiile,1030
pasionează,1030
fetiță,1030
peluză,1029
funky,1029
aprobate,1029
deasă,1029
prezidenţiale,1029
Vassili,1029
îndemânatic,1029
arabe,1029
absorb,1029
încredere-n,1029
suspecteze,1029
sprijiniţi,1029
preţuieşti,1029
împărţite,1029
colina,1029
numără-i,1029
Becket,1029
maree,1029
Rainer,1029
limuzine,1029
escadron,1028
paranoici,1028
pretenţioasă,1028
lângã,1028
Moyei,1028
amândoua,1028
aşezarea,1028
astronautul,1028
nazisti,1028
pledez,1028
Sil,1028
gonoree,1028
mascotă,1028
rătăcind,1028
Galahad,1028
Kimball,1028
boot,1028
Regis,1028
opiniei,1028
BMC,1028
ignoranta,1028
agil,1028
Aigoo,1028
caro,1028
mișcăm,1027
răpite,1027
cuc,1027
posterul,1027
principali,1027
odihneste,1027
foci,1027
evenimentului,1027
prealabil,1027
stilată,1027
refugiaţii,1027
abordezi,1027
singuratice,1027
Shekhar,1027
distructivă,1027
rolă,1026
numeroasă,1026
matase,1026
Trina,1026
Dahl,1026
Brant,1026
Crenshaw,1026
culegem,1026
Lange,1026
bodyguardul,1026
creatorului,1026
minusculă,1026
K2,1026
renumele,1026
Gye,1026
confidential,1026
anxietatea,1026
superioritate,1026
inecat,1025
predator,1025
jumper,1025
comercianţi,1025
specificaţiile,1025
necăsătorit,1025
reieşit,1025
zambesti,1025
mandri,1025
Bosch,1025
Rebeccăi,1025
noţiune,1025
Gurney,1025
obtineti,1025
prefacă,1025
atinge-l,1025
spiriduşi,1025
piedici,1025
volume,1025
spânzurăm,1024
Shana,1024
păstrăv,1024
Gerhardt,1024
lănţişor,1024
brazilian,1024
knock,1024
geniale,1024
inflamabil,1024
petrolier,1024
operație,1024
explicam,1024
cleşte,1024
ambalajul,1024
clătită,1024
jupâne,1024
Gustave,1024
impenetrabil,1024
absoluta,1024
luand,1024
editare,1024
depunere,1024
Dundee,1023
imprimare,1023
torpilelor,1023
grupări,1023
boots,1023
Quint,1023
nebuloasă,1023
nerecunoscut,1023
singuratici,1023
văduvei,1023
scrisorii,1023
wash,1023
oceanelor,1023
Sundance,1023
plutitor,1023
adopt,1023
gândirii,1023
înaintare,1023
iniţiată,1023
adversă,1023
încălcaţi,1022
birocrat,1022
ataşa,1022
prăjitor,1022
Galt,1022
întărim,1022
Yao,1022
MI5,1022
şobolanilor,1022
pasagerului,1022
luminezi,1022
molie,1022
combustibilului,1022
promoveze,1022
Eustace,1022
direcție,1022
Corso,1022
lecție,1022
Manfred,1022
parametri,1021
estimarea,1021
elixirul,1021
Chrysler,1021
Sayuri,1021
profitaţi,1021
Jobs,1021
mută-ţi,1021
degradat,1021
explodezi,1021
căutaţi-l,1021
muşchilor,1021
dinţilor,1021
clădirilor,1021
Serban,1021
putinta,1021
Peng,1021
kree,1021
Chapel,1021
aluniţă,1021
predicatorul,1021
găozarule,1021
Flintstone,1021
Zohan,1021
națională,1020
JB,1020
asasina,1020
prăbușit,1020
terorizează,1020
iertate,1020
Vadim,1020
diplome,1020
Howe,1020
Ashby,1020
cuiburi,1020
consideră-l,1020
bolovani,1020
Bridger,1020
învârtea,1020
independenţei,1020
Cali,1020
criminalişti,1020
goleşti,1020
insinuez,1020
cimpanzei,1020
Marconi,1020
asistentelor,1020
tăbliţa,1020
publicitar,1020
sita,1019
stăpânilor,1019
tranziţia,1019
hidraulic,1019
Noonan,1019
tradu,1019
vous,1019
Groenlanda,1019
inscripţia,1019
Fibonacci,1019
raportată,1019
scopului,1019
provenea,1019
dă-ti,1019
fortei,1019
prestigiu,1019
scala,1018
îndoiţi,1018
s-ajungă,1018
neregulat,1018
sânilor,1018
tinând,1018
Packard,1018
Dreyfuss,1018
muzicienii,1018
ieşise,1018
Hershel,1018
bezna,1018
ieftina,1018
optimişti,1018
mortala,1018
gagiule,1018
ingerul,1018
apreciaţi,1018
vaselor,1018
şerifi,1018
samba,1018
întruchiparea,1018
întrebați,1018
portavion,1018
Bartholomew,1018
portugheză,1018
manipulator,1018
măruntă,1018
schimbului,1018
site-ului,1017
rămâneam,1017
experimentului,1017
mecanicii,1017
băieţei,1017
aplec,1017
cizmă,1017
Groves,1017
Mongolia,1017
şi-al,1017
sperietură,1017
aspirine,1017
sfere,1017
neurologic,1017
Imhotep,1017
achiziţionat,1017
otrăvesc,1016
suspicioşi,1016
dezamagesc,1016
bizoni,1016
conspirativă,1016
diferitele,1016
cântecel,1016
potentialul,1016
Tommen,1016
bananele,1016
odatã,1016
incarca,1016
cunostiinta,1016
derâdere,1016
loch,1016
ghips,1016
proaspeţi,1016
îndemn,1016
Peralta,1016
formând,1016
împlinirea,1015
experimentaţi,1015
balast,1015
pelican,1015
amazing,1015
anchetează,1015
intelectul,1015
opțiuni,1015
bologna,1015
politicoşi,1015
portocala,1015
congelate,1015
asamblare,1015
Constantinopol,1015
boabă,1015
dovediţi,1015
Guardian,1015
neînlocuit,1015
imediate,1015
binenţeles,1015
bazar,1015
actriţe,1015
întampla,1015
infectează,1014
funcție,1014
Braxton,1014
NORAD,1014
seducă,1014
part-time,1014
zo,1014
jefuitor,1014
graniţei,1014
iartă-l,1014
efectuează,1014
nobililor,1014
încercuiţi,1014
ascultarea,1014
seriale,1014
incizia,1014
corbii,1014
plangere,1014
scoala-te,1014
perfecţionat,1014
Fontaine,1014
ancorat,1014
răzbună,1014
degradare,1014
îndrugi,1014
simţeau,1013
mitică,1013
Lidia,1013
rezumatul,1013
peruci,1013
Humpty,1013
clinici,1013
sărbătorilor,1013
Gonzalez,1013
părinți,1013
separ,1013
actioneze,1013
bah,1013
protejatul,1013
protestat,1013
pisat,1013
Tzu,1013
Aurelius,1013
USB,1013
straturile,1012
productivă,1012
tintele,1012
stripteuze,1012
alcoolici,1012
stricăciunile,1012
căţăra,1012
propoziţia,1012
izbândă,1012
cascadorii,1012
plăcerii,1012
emise,1012
dosarelor,1012
DOD,1012
alocaţia,1012
saloane,1012
botanică,1012
Gracchus,1012
minieră,1012
notar,1012
însemnările,1012
frecventă,1012
oferindu-i,1012
calcar,1012
admitem,1012
Gardens,1011
devia,1011
mătuşică,1011
descris-o,1011
revoltei,1011
căni,1011
premierul,1011
plasată,1011
Smurf,1011
electroni,1011
Tintin,1011
Arn,1011
azvârlit,1011
Savoy,1011
binecuvânta,1011
cinică,1011
mâncărimi,1011
examinezi,1011
sayonara,1011
consens,1011
opreste-o,1011
napalm,1011
întoarse,1011
Third,1011
bet,1011
fortareata,1011
Vallon,1010
gnomii,1010
Kristi,1010
slujim,1010
tepta,1010
producator,1010
magistratul,1010
intimidezi,1010
curioasa,1010
Twilight,1010
melodramatic,1010
cuțitul,1010
araba,1010
pălăvrăgeala,1010
aroganţi,1010
radiatorul,1010
dezechilibrat,1010
deplina,1010
Traducătorii,1009
numarat,1009
escaladat,1009
pini,1009
scanări,1009
bulldog,1009
Collin,1009
frumuseţi,1009
sclavule,1009
frăţior,1009
Augusta,1009
sfârc,1009
potoleşti,1009
l-ați,1009
electorale,1009
împuscati,1009
ocolite,1009
labagiule,1009
micşora,1009
slăbuţ,1009
Lazlo,1009
mineral,1009
supravietuiasca,1009
rusinea,1009
Somerset,1009
pufoasă,1008
adunati,1008
potenţiale,1008
înfiptă,1008
complicatii,1008
Deirdre,1008
palmieri,1008
reprezentanţi,1008
tus,1008
nesigure,1008
yen,1008
Tigger,1008
cuscă,1008
populatie,1008
exclusă,1008
povestiţi,1008
recoltat,1008
muIt,1008
imagineze,1008
curvelor,1008
eşecurile,1008
prosperitatea,1007
păstrati,1007
giuvaierul,1007
calificaţi,1007
pojar,1007
strainii,1007
Floridei,1007
muniţii,1007
consecutiv,1007
parolele,1007
imprimanta,1007
substanţială,1007
delfinul,1007
dezactivez,1007
şşş,1007
ţarc,1007
însărcinare,1007
urinează,1007
latino,1007
rapper,1007
parchetul,1007
roaga-te,1006
grota,1006
răstoarne,1006
intimi,1006
ramânem,1006
gimnaziu,1006
agitate,1006
excludem,1006
reciful,1006
viitorii,1006
prezentam,1006
cerşetori,1006
contrazis,1006
necontestat,1006
armaţi,1006
inundate,1006
reînviat,1006
patrioţi,1006
precedentă,1006
degustare,1005
ela,1005
itinerariul,1005
Molesley,1005
teleportarea,1005
dezvoltării,1005
scuzaţi-mi,1005
manastire,1005
scroafă,1005
Massive,1005
fermierilor,1005
asemănăm,1005
estetice,1005
subofiţerul,1005
erm,1004
jignită,1004
strip,1004
ticalosi,1004
condusul,1004
reflectat,1004
umflătură,1004
creatorii,1004
mişcător,1004
cipuri,1004
bruiază,1004
Ryland,1004
planga,1004
acoperă-l,1004
Miroku,1004
uriasule,1004
liderilor,1004
pişi,1004
trabucul,1003
citezi,1003
separati,1003
vâsle,1003
area,1003
clean,1003
neuro,1003
urmăreşte-mă,1003
Lal,1003
Olimp,1003
Suarez,1003
cocktail-uri,1003
goo,1003
exploateze,1002
înştiinţare,1002
începeau,1002
uimitori,1002
ria,1002
dezguşti,1002
Lyons,1002
greoi,1002
zguduie,1002
năvală,1002
comuniune,1002
intrigant,1002
găluşte,1002
dăuna,1002
castitate,1002
dantelă,1002
tornade,1002
reptilă,1002
scafandri,1002
trezeşte-mă,1002
crăp,1002
Pony,1002
Knowles,1002
fututa,1002
declaraţiei,1001
controversat,1001
prelungită,1001
Muppets,1001
cinstiti,1001
Melina,1001
tirul,1001
ţopăie,1001
poluare,1001
ascutite,1001
şopârle,1001
băştinaşii,1001
punţii,1001
rabie,1001
oază,1001
vikingii,1001
sculptor,1001
neastâmpărat,1001
imprumuta,1001
ascultă-i,1001
dezvalui,1001
Farrow,1001
recunoaște,1000
Midway,1000
Barber,1000
lente,1000
emoţionaţi,1000
respingătoare,1000
ciob,1000
Westminster,1000
pal,1000
tastatura,1000
Neoh,1000
islam,1000
atentate,1000
portofele,1000
piratii,1000
temperamental,1000
Genie,1000
Philips,1000
criminalitatea,1000
meleaguri,1000
artefactele,1000
hartiile,1000
voinic,1000
colindat,1000
Ulises,999
universităţi,999
Arctica,999
Hoss,999
cocoşi,999
Glenda,999
scânduri,999
interferează,999
vizibilitatea,999
conducătoare,999
renuntati,999
pustnic,999
delirezi,999
locuită,999
deţineţi,999
Juliana,999
puneti-va,999
dezvoltată,999
rămăşag,999
Yip,999
baricadă,999
nepriceput,999
ajungeau,999
instanța,999
dezbrăca,998
dojo,998
înclina,998
Radley,998
devotaţi,998
patriotic,998
izolez,998
Hondo,998
necugetat,998
evreieşti,998
harem,998
luati-i,998
Ichabod,998
roșii,998
urnă,998
Chong,998
sindicatele,998
împerechează,998
emir,998
recoltei,998
greseste,998
zdrobeşti,997
Stinger,997
ofensa,997
Bray,997
romul,997
BJ,997
remediul,997
escadronul,997
valid,997
bărbatilor,997
Barn,997
Donahue,997
comentariul,997
inventie,997
papaya,997
examinează,997
multumeste,997
frustrată,997
regulamentele,997
maimuţică,997
bijutier,997
civică,997
Dorado,996
fixare,996
dzeu,996
spunându-ţi,996
felicitat,996
unghia,996
depozitate,996
nepregătite,996
colecţionează,996
alertează,996
exterminarea,996
thought,996
indiscret,996
Pryor,996
Deckard,996
trezeasca,996
datat,996
ramâneti,996
Cellphone,995
pliante,995
ecranului,995
chiriaşi,995
sinistră,995
favorabile,995
doreaţi,995
Laos,995
si-acum,995
Grim,995
apăreţi,995
dizolva,995
gigantul,995
singele,995
clonele,995
pionul,994
strâmtoarea,994
biblice,994
înlăture,994
arcade,994
prudentă,994
Whispers,994
race,994
Haskell,994
safe,994
pârât,994
papusi,994
amfetamină,994
reproduc,994
Pandey,994
tehnologice,994
Colbert,994
marime,994
ecuson,994
împărate,994
unicat,994
becurile,994
Dewitt,994
juramant,994
susţinută,994
Dreyfus,994
Pumbaa,994
ambalat,994
Keyser,994
Gennaro,994
fugarii,993
prefacut,993
functionar,993
adorabile,993
încurajaţi,993
panza,993
antica,993
autorizarea,993
aşternuturile,993
Etiopia,993
slip,993
antecedentele,993
Gardiner,993
treabã,993
iotă,993
generoasa,993
cheltuiască,993
aeronave,993
ceașcă,993
Mance,993
lasati-o,993
regul,993
fiorii,993
suie-te,993
lătrat,993
zări,993
farmacist,993
parole,993
inclusă,993
înghesuială,993
coincide,993
rînd,993
Biggie,992
dedici,992
implicit,992
însorit,992
conversații,992
acordului,992
curţi,992
interfaţă,992
Pollard,992
Arryn,992
fo,992
intrau,992
sticlei,992
repetitii,992
Leto,992
mânui,992
remember,992
saptea,992
performanta,992
drăgălaşă,992
maimuță,992
prințul,992
Calypso,992
aeriana,991
irlandeze,991
detonează,991
arestaţi-i,991
organizator,991
trapele,991
Kakashi,991
turmei,991
elanul,991
sărută-l,991
promovează,991
enervaţi,991
Northwestern,991
Thakur,991
variantele,991
holbeze,991
stresezi,991
primitoare,991
Maury,991
maică-tii,991
cuprindă,991
riscante,991
jihad,991
scoarţa,991
aparţinem,991
Lacy,990
anomaliile,990
Buick,990
translatorul,990
demolare,990
vulcanice,990
pain,990
încăpăţânaţi,990
canar,990
tragindu,990
bărbieresc,990
variază,990
Pippa,990
Iljimae,990
punctajul,990
posibilele,990
detentie,990
debloca,989
tona,989
creative,989
relatiei,989
hoardă,989
drăgute,989
profesioniştii,989
short,989
Tory,989
Iranul,989
curăţate,989
patogen,989
reabilitarea,989
Annika,989
IBM,988
latex,988
Yul,988
corporaţiilor,988
cupei,988
predicile,988
decedaţi,988
cârnăciori,988
incapatanat,988
neobișnuit,988
sq,988
reuniuni,988
legaţi-l,988
bordură,988
substante,988
signora,988
englezule,988
interogarea,988
corbi,988
umblaţi,988
cla,987
loveşte-i,987
fortezi,987
cautiunea,987
lăsase,987
suspenda,987
Masha,987
Leann,987
împrejurul,987
fripte,987
emotie,987
week,987
restabilit,987
acvatic,987
primește,987
hotar,987
Lerner,987
dotată,987
hemoroizi,987
miazănoapte,987
intenţionăm,987
revarsă,987
înscenezi,987
iată-vă,987
pătrundere,986
corectează-mă,986
lãsa,986
scârţâie,986
profetia,986
raritate,986
litiu,986
intrării,986
guvernează,986
înălţimile,986
Gloucester,986
centuri,986
Pheebs,986
botox,986
numeroasele,986
viraţi,986
potirul,986
Simón,986
returneze,986
tensiunii,986
Tezeu,986
bombardeze,985
crusta,985
Rolf,985
plaga,985
sustii,985
familial,985
prefăcea,985
sc,985
biban,985
moşteneşte,985
intervale,985
interzisa,985
aspirat,985
Taft,985
pacifist,985
capitularea,985
ye,985
nemti,985
lentila,985
vroiaţi,985
crack,984
bărbătească,984
funk,984
puff,984
bucătăreasa,984
curselor,984
lihnită,984
urmați,984
auditiv,984
chicotind,984
Nathalie,984
cerşesc,984
însângerate,984
experimentală,984
masinilor,984
scandaluri,984
gravitaţionale,984
rafale,983
puțină,983
nordice,983
Katz,983
ultraj,983
funcționeze,983
vulcanieni,983
Gaga,983
luati-vă,983
retina,983
stabilire,983
Alamut,983
aport,983
redu,983
nunti,983
adaptăm,983
zumzet,983
Vanger,983
înșine,982
fluxului,982
aliniere,982
Angelique,982
neobosit,982
ridică-le,982
LuthorCorp,982
nemişcaţi,982
unde-am,982
beneficiat,982
inmormantarea,982
rabbi,982
clinicii,982
sis,982
Loren,982
supărăm,982
renumită,982
jupoaie,982
amplasat,982
Giulio,982
minimul,982
scală,982
holograma,981
Polux,981
marchezi,981
fotografiezi,981
formei,981
virală,981
întrista,981
descompune,981
FEMA,981
Elinor,981
geamului,981
labagiu,981
facând,981
adună-i,981
corset,981
dansati,981
vânzătoare,981
Corrine,981
tachina,981
trap,981
porcuşor,981
făptură,981
occidentale,981
bonuri,981
0000FF,981
grabiti,981
fantana,981
Ripper,980
Jodi,980
rostogolesc,980
Gupta,980
distribuitorul,980
emană,980
Alderaan,980
Munna,980
sobru,980
imprevizibile,980
densitate,980
umflătura,980
Brando,980
intoarceti-va,980
S.T.A.R,980
balanta,980
impediment,980
Zasa,980
Locksley,980
tiranie,979
venera,979
nevasta-ta,979
Fleur,979
aratã,979
condu-o,979
cazan,979
monitorizarea,979
federaţie,979
teleportăm,979
îngenuncheat,979
netedă,979
autism,979
gălăgios,979
simula,979
aplaudat,979
concepute,979
camuflajul,979
cp,979
Cris,979
Serrano,979
actionam,978
Crews,978
înghesuiţi,978
dispăruseră,978
machiat,978
memorabilă,978
creieri,978
orizontală,978
quo,978
privilegiat,978
sortiţi,978
Payton,978
arheologii,978
paznicului,978
îndraznesti,978
shot-uri,978
È,978
generoase,978
academice,978
Chronicle,977
întârziată,977
deobicei,977
ţărâna,977
retrăiesc,977
Brigitte,977
vestice,977
carabina,977
expulzat,977
mătasea,977
furnizeze,977
dedesubtul,977
adormim,977
mucos,977
dă-ne-o,977
prostu,977
inofensive,977
vazuta,977
trening,977
dețină,976
aviatic,976
donezi,976
suferintă,976
scurgă,976
atingea,976
zarva,976
Daytona,976
X-ray,976
ieftini,976
Gross,976
cancelare,976
bow,976
mulţimi,976
jackpot,976
rescris,976
falsificarea,976
îndelung,976
pate,976
aşterne,976
recitalul,976
apasat,976
crocant,976
Bok,976
discipolul,976
neînfricată,975
Aida,975
generată,975
evaluări,975
genişti,975
mplat,975
obligatorii,975
fişă,975
scrieri,975
privită,975
impusca-l,975
plajei,975
erorile,975
crocodilii,975
copite,974
aliniaţi,974
lira,974
recita,974
creea,974
efractie,974
armuri,974
paharului,974
însuraţi,974
nevoiaşi,974
casnicie,974
plutoniul,974
dj-ul,974
Shah,974
congelată,974
dispreţul,974
povestitor,974
comandat-o,974
unanimitate,974
senină,974
intenționat,974
McAllister,974
energiile,974
înfrântă,974
vegetarieni,973
galactică,973
gratiile,973
depaseste,973
dominaţia,973
secretului,973
million,973
federalilor,973
conferintă,973
fugarul,973
Coulter,973
Latimer,973
intregime,973
vestiare,973
Minny,973
creem,973
Sarajevo,973
coordonarea,973
oricâte,973
scurtez,973
recomandată,973
Petrie,973
satisfactie,973
Lennie,973
creioanele,973
directiva,973
popii,973
girafă,973
dublul,972
lasa-ti,972
strainatate,972
piloţilor,972
Rousseau,972
Katerina,972
trio,972
înghitit,972
zebră,972
Bulgaria,972
batai,972
laţul,972
jumi-juma,972
Dantes,972
ops,972
Abbot,972
înfrângi,972
finalizarea,972
occidentală,971
doctrina,971
Caracas,971
Mali,971
stramosii,971
close,971
dărâmături,971
Caputo,971
touchdown,971
renaşterii,971
Redding,971
concentraţie,971
Bern,971
Marino,971
Dumbo,971
Marigold,971
santinela,971
contăm,971
judecătorule,971
desfacă,971
aşchia,971
Eduard,971
pioni,971
demolat,970
înscriem,970
Bulma,970
subacvatic,970
autorizaţi,970
sărea,970
frontierei,970
enervante,970
frisbee,970
robust,970
hainei,970
insistentă,970
egalitatea,970
Cally,970
înregistrării,970
rostogolească,969
Skull,969
scoale,969
Callum,969
elocvent,969
admirăm,969
inferiori,969
împrumutaţi,969
deghizaţi,969
atractive,969
politicile,969
iniţia,969
tărâmurile,969
sfantul,969
originali,969
filmată,969
Dima,969
fierbere,969
McCord,969
aplicate,969
vindeau,968
Thane,968
metadonă,968
consistent,968
insultele,968
Canadei,968
Orry,968
frate-tău,968
aranjat-o,968
datorată,968
pole,968
opre,968
borcane,968
Jiminy,968
bombardează,968
actualizat,968
T-Bag,968
Belize,968
Matias,968
livrată,968
fişe,968
focoasă,968
notitele,968
Caitlyn,968
linistesc,968
printesei,968
puricii,967
mandrie,967
yahoo,967
bazam,967
mostenitorul,967
regimului,967
autoritară,967
muşcat-o,967
otrăveşti,967
lipsuri,967
Baraba,967
Leif,967
puiului,967
descurcati,967
Gabriela,967
maniaci,967
pedepsiti,967
Etta,967
Niklaus,967
procesor,967
nevinovăţie,967
Mayflower,967
lichiorul,967
cheamă-ţi,967
Folsom,966
mareşal,966
parchet,966
raţiile,966
mândre,966
necondiţionată,966
vagoanele,966
şedinţei,966
McGrath,966
încânta,966
veşnice,966
imposibila,966
jurnaliştii,966
insuficiente,966
zbat,966
hărţuieşte,966
privelistea,966
cylonilor,965
Nisha,965
regiunii,965
privaţi,965
Ingram,965
lucrari,965
asociatia,965
Warrick,965
la-o,965
piticilor,965
veninos,965
îndrumător,965
strânsoarea,965
ţărmurile,965
puneți,965
înființat,965
Shack,965
batjocură,965
trage-i-o,965
readucem,965
Winn,965
Eben,965
entităţi,965
răzbunătoare,965
medievală,965
administratia,964
explicație,964
refugiati,964
pomină,964
T.C,964
cerbi,964
popotă,964
mayday,964
patronu,964
sabotezi,964
tenisul,964
Yujin,964
obloanele,964
detectivilor,964
caută-i,964
recolte,964
fermi,964
activist,964
ingrijire,964
prosteste,964
Mathilda,964
imprudent,964
altarului,964
de-aproape,964
artifact,964
întâmpinaţi,964
burtică,964
Helsinki,963
perchezitie,963
funerar,963
trimiteam,963
răsuceşte,963
E.B,963
talibani,963
Lefty,963
shui,963
smoală,963
omorul,963
braţului,963
defectul,963
capitalei,963
divorț,963
administratie,963
mărşăluiesc,963
preoti,963
epică,963
constelaţia,963
aterizaţi,963
wrong,963
reuși,963
neuronii,963
construieste,963
aligatori,963
Iacob,963
i-va,963
preturile,962
voinicule,962
ploioasă,962
epuizaţi,962
constitui,962
filantrop,962
nazistii,962
prieşte,962
crestini,962
vagabonzii,962
degeţel,962
pomii,962
smecherii,962
Tattaglia,962
dispun,962
crocodilul,962
spusesem,961
asumaţi,961
afirmaţiile,961
decanului,961
întâlnirilor,961
vrăjitoria,961
Southfork,961
neidentificate,961
Rasputin,961
veacul,961
încredinţăm,961
tărăboi,961
funcționat,961
linistesti,961
cunoscător,961
Fabious,961
Belly,961
teach,961
maşinuţa,961
asasinului,960
cenuşiu,960
prăjească,960
stupul,960
Lombardo,960
Earhart,960
savuraţi,960
amprentelor,960
milimetru,960
inşi,960
ascunsi,960
închiderii,960
Westchester,960
înceapa,960
strâmbă,960
delegaţia,960
iPhone,960
abonamentul,960
Faust,960
cătusele,960
Conklin,960
Acapulco,960
scoţând,960
ascundeti,960
echipamentului,960
aristocrat,960
Sony,960
prestigiul,960
calumea,960
Toulouse,959
mălai,959
tãi,959
whole,959
XIII,959
cruciale,959
mondiali,959
tocana,959
colosal,959
Ierusalimului,959
Kick-Ass,959
depunerea,959
şopârla,959
miraculoasă,959
eul,959
sedinte,959
indeplini,959
porcarii,959
Tran,959
autodistruge,959
îmbunătăţirea,959
vrăjitorului,959
proprietarilor,959
telespectatori,958
Baelish,958
torţe,958
fugeai,958
medicinale,958
Aki,958
uscatul,958
religiile,958
compatibili,958
Nobu,958
Bermudelor,958
colectez,958
Smithers,958
creanga,958
Bergen,958
Pops,958
Stavros,958
Cronos,958
popa,958
AK-47,958
echipate,958
Fuentes,958
mângâiat,958
mach,958
extindere,958
golanii,958
picaj,958
maioneza,957
cloroform,957
adu-mi-o,957
seducător,957
ciine,957
actorilor,957
câştigate,957
submina,957
avangarda,957
leagănă,957
cultivă,957
ascultători,957
Hume,957
fântâni,957
căsătorite,957
greata,957
greaca,957
credeti-mă,957
vindecătoare,957
defibrilatorul,957
balenelor,956
capta,956
father,956
dumneavostră,956
zare,956
imbold,956
Yamamoto,956
editorial,956
Toruk,956
prostată,956
spere,956
Kili,956
crichet,956
alea-s,956
iubiţel,956
neuroni,956
distreaza,956
sha,956
inspectie,956
bunăciune,956
Jilly,956
gesturile,955
strâmte,955
marinare,955
vorbiți,955
aflase,955
Lambda,955
intimple,955
Cubs,955
Crocker,955
uimire,955
anunte,955
respirația,955
cooperăm,955
comandanţi,955
Klara,955
patruns,955
Hakim,955
îndrume,955
chestiunile,955
idiotului,955
pustietate,955
maimuţoi,954
Haines,954
ventilatie,954
subtitrări,954
minciunilor,954
micro,954
curăţam,954
Dothraki,954
dializă,954
şrapnel,954
foloseşte-te,954
preşedinţia,954
tăcute,954
Aras,954
derutată,954
Jacks,954
infernului,954
tutunul,954
Hooker,954
luate-ar,954
protestul,954
drogata,953
izoleze,953
magnifice,953
bunii,953
imparat,953
constienti,953
Federico,953
Maitland,953
Texasul,953
Jessicăi,953
bitch,953
Fester,953
călduţ,953
pornit-o,953
Holliday,953
beleaua,953
Wise,953
mânăstire,953
deghizată,953
plăcuţe,953
Addie,953
Vietnamul,953
matinală,953
însele,953
lipiciul,953
Kovacs,952
quid,952
jetoanele,952
reîncarnare,952
luminează-mă,952
Springer,952
margarete,952
gloanțe,952
sufoce,952
rabdarea,952
proximitate,952
sudist,952
extrase,952
scuzati-ne,952
îmbarca,952
poluarea,952
nebuniile,952
Ra's,952
faleză,952
soţilor,952
padre,952
nia,952
BlackAmber,952
Lion,952
nectarul,952
deo,952
Moria,952
concediata,951
puta,951
înaintez,951
dispărând,951
armatelor,951
îndrepti,951
ajustare,951
batrâne,951
Ibiza,951
incheie,951
Chao,951
reuşita,951
tebuie,951
cireaşa,951
MKV,951
turcul,951
tres,951
baricadat,951
pensula,951
izbăvirii,950
Harlee,950
adauge,950
salvatorii,950
neautorizate,950
corrected,950
exorcism,950
ningă,950
unde-ti,950
Independence,950
patinoar,950
Blythe,950
McPhee,950
viermilor,950
spărtură,950
Craven,950
spărgători,950
ţânţarii,950
cronica,949
lamaie,949
Baldrick,949
musical,949
atribui,949
dedesupt,949
turme,949
renuntăm,949
fluturaşi,949
combaterea,949
caza,949
Dynamic,949
câștig,949
instrui,949
distructiv,949
cantece,949
îngenunchezi,949
criminalistic,949
mojito,949
nitrat,949
colegele,949
constructia,949
fisiere,949
extrema,949
Canton,948
bongo,948
battle,948
coji,948
ezit,948
Zapata,948
pensiunea,948
Nullah,948
risipa,948
experimenteze,948
săvârşit,948
politicienilor,948
topless,948
saxofon,948
sandwich-ul,948
fierăstrăul,948
armistitiu,948
Iov,948
Sleepy,948
dedicaţie,948
Akash,948
latrină,948
Nanny,948
asasină,948
Tallahassee,947
Canterbury,947
conjugală,947
plictisiţi,947
cavaleriei,947
gatesti,947
plimbaţi,947
buci,947
posede,947
taximetristul,947
psihiatrice,947
boşorog,947
împinge-l,947
urmați-mă,947
deşteptarea,947
agăţată,947
Rochefort,947
ştampila,947
pleznesc,946
E.T,946
lagărele,946
chinezeasca,946
surprindem,946
coşi,946
adevăratului,946
constienta,946
dulapului,946
tăbăcit,946
sula,946
dorește,946
fondată,946
preocupări,946
breşa,946
judo,946
frunzelor,946
analogie,946
tinar,946
preludiul,946
soldatule,946
Railly,946
silent,946
mentolate,946
babuin,946
drogati,946
scoarţă,945
Beyonce,945
plate,945
Therese,945
matrimoniale,945
înjurături,945
eliberează-te,945
tinut-o,945
anchetez,945
confuza,945
pipăit,945
Systems,945
stol,945
tărăşenia,945
filtrele,945
nevăzută,945
rind,945
dovleci,945
videoclipuri,945
sintetică,945
eronat,945
osului,945
mobilizat,945
afront,945
Calloway,944
cuplez,944
Mathayus,944
nupţial,944
zoologica,944
boase,944
şomeri,944
promis-o,944
ecologice,944
intunecate,944
poliţistule,944
Hwa,944
years,944
tăiaţi-i,944
pionier,944
Lamborghini,944
universale,944
părăseste,944
clientela,944
ambreiajul,944
Quince,944
instituţiile,944
alone,944
desfăşurarea,943
crăpături,943
impună,943
prelungiri,943
visat-o,943
scurtcircuit,943
celularele,943
fabricată,943
întorcându-se,943
decurgă,943
înţepături,943
statale,943
estimările,943
mulțumit,942
comunicaţiilor,942
afişat,942
invarte,942
Geraldine,942
confundă,942
vechiturile,942
Rebeca,942
Bieber,942
fobie,942
Barbados,942
înșeli,942
returnate,942
Burgundy,942
dobitocii,942
boasele,942
existentei,942
Katarina,941
mărimi,941
memorabil,941
Wentworth,941
func,941
seta,941
coplesit,941
băut-o,941
unire,941
canibal,941
onorabili,941
Pocahontas,941
vehicolul,941
imigrare,941
zgârie-nori,941
Sango,941
smechere,941
Odyssey,941
exciţi,941
soon,941
creveti,941
B.J,941
vaga,941
jeli,941
prioritar,941
frați,941
cetăţeanul,941
internare,941
Jagger,940
inventatorul,940
transporţi,940
adăposti,940
Lilo,940
Abruzzi,940
acţionarii,940
patrat,940
provenind,940
pietricele,940
susține,940
pulovere,940
actiunilor,940
superstiţios,940
căpăţână,940
direcția,940
iepurelui,940
neoficială,940
dețin,940
dărâmi,940
reconstruiască,940
cuvintul,940
Weathers,940
condoleante,940
punere,940
naştem,940
asamblat,940
kind,940
spray-ul,940
asteia,940
pase,939
scurg,939
Esperanza,939
greul,939
savurezi,939
interzică,939
cunoasterea,939
Seeley,939
atletism,939
exilul,939
nocturn,939
execuţii,939
Harv,939
Avon,939
same,939
invitam,939
exercita,939
pipăie,939
retrovizoare,938
stânjenitoare,938
Ely,938
îngraşă,938
Dade,938
scolar,938
servea,938
salvează-ne,938
intrigi,938
another,938
tineti-l,938
jurati,938
Montoya,938
interdicţia,938
îngrijeşte,938
aparţină,937
Silk,937
Monterey,937
saboteze,937
băutul,937
caţeri,937
problematic,937
daneză,937
meet,937
căutării,937
semenilor,937
expediţiei,937
Sisoie,937
potoleste-te,937
mantaua,937
compenseze,936
Zoya,936
lucrarile,936
observat-o,936
muştarul,936
violenţe,936
sinuciderii,936
ESPN,936
Rondului,936
cercetas,936
gusti,936
confisca,936
printe,936
meteorologic,936
statuii,936
combine,936
does,936
extraterestra,936
hipopotam,936
seceta,936
preoteasa,936
Thomson,935
îmbrăţişeze,935
experimentez,935
plimbă-te,935
fragmentul,935
protestatari,935
Downing,935
Capri,935
Reece,935
dupăamiază,935
simfonia,935
ezită,935
ia-ne,935
vaccinuri,935
Zelena,935
monarh,935
Ophelia,935
dulceată,935
expediere,935
hematom,935
medievale,935
stagiarii,935
pârâul,935
Iorek,935
distragem,934
torta,934
longitudine,934
MacPherson,934
lovita,934
atinse,934
fabrice,934
împarti,934
Esme,934
preluaţi,934
făcătură,934
bunatatea,934
suflarea,934
cârje,934
Calvert,934
Hani,934
cleştele,934
Flanders,934
reîntoarcerea,934
sobă,934
audit,934
protestează,934
apendicită,934
adidaşii,934
ambalare,934
suspectăm,934
tahicardie,934
fell,934
vegheze,934
decida,934
dezechilibru,933
urbane,933
vicleni,933
suspectii,933
Harald,933
Ha-ha-ha,933
Fortune,933
investigatorii,933
congressman,933
marţian,933
si-apoi,933
aviaţiei,933
Cougar,933
rugată,933
mărturiei,933
Bowers,933
Dupont,933
flight,933
aplaudă,933
goleşte-ţi,933
stabileste,933
microscopice,933
Angola,933
elveţiană,933
arătă,932
înapoieze,932
amplifică,932
bland,932
provii,932
cioroiul,932
oferă-mi,932
licoare,932
cioburile,932
reflecţie,932
hum,932
muncã,932
revigorant,932
tabela,932
interni,932
absorbită,932
Wai,932
rupe-l,932
întrecerea,932
Stratton,932
prostata,932
plantezi,932
plăcuţă,932
citită,932
homosexualitatea,931
descendenţii,931
planteze,931
alfabetică,931
taran,931
bunicel,931
făcu,931
uriaşii,931
fiole,931
intr,931
eminenta,931
antrenati,931
horoscopul,931
Kes,931
Nilului,931
Lister,931
Barksdale,931
amarul,931
Joni,931
cedăm,931
islamul,931
meditezi,931
ambasadorii,931
spânzură,931
anuale,931
repercusiuni,931
păstrează-le,931
virsta,931
droidul,931
Friedman,930
arheologie,930
anihilarea,930
Vivien,930
activitati,930
schimbase,930
interlopă,930
Corbin,930
psihiatri,930
focar,930
albie,930
înapoiem,930
Renato,930
sondele,930
ajunsă,930
paşnici,930
Lawton,930
Mercedesul,930
mixer,930
cĺ,930
orbire,930
pistei,930
mincinoase,930
intersectat,930
căutate,930
coordonatorul,930
McGregor,929
conservat,929
decenţi,929
răsplătită,929
orgasme,929
divorţuri,929
vreai,929
testicul,929
cartelurile,929
ucidea,929
Bridges,929
Vail,929
BBM,929
încredem,929
brava,929
sluga,929
Zuckerberg,929
ipotecare,929
evazive,929
investigam,929
hamsterul,929
concentrate,929
romulan,929
Xbox,929
administrative,928
celebrare,928
caracatiţa,928
whip,928
investigaţi,928
craniile,928
bobina,928
mic-dejun,928
hole,928
Sissy,928
Strand,928
sublocotenent,928
comice,928
deîndată,928
astă-noapte,928
participanţi,928
Chopin,928
incurabil,928
finaluri,928
reginele,928
diplomaţie,928
teoreticienii,928
proiector,928
tălpi,928
domnisoarei,928
pompat,928
descrise,928
privindu-l,928
BP,927
tipetele,927
Kringle,927
fotonice,927
aranjarea,927
Leavenworth,927
rotaţia,927
diagrama,927
răstignit,927
dovedeşte-mi,927
Schrader,927
neruşinat,927
dnul,927
ţâfnos,927
cry,927
cavalerului,927
poeme,927
redirecţionat,927
Foyle,927
poligraful,927
hospital,927
apăsare,927
beautiful,927
Yves,927
Padme,927
touch,927
cinezi,926
semnăturile,926
Geum,926
Sacha,926
campioana,926
brioşele,926
tocilară,926
malpraxis,926
linguini,926
plangand,926
copilu,926
ziaristă,926
anemie,926
întorceau,926
călcâiul,926
anuntam,926
blestemaţii,926
controlor,926
profeţiile,926
replicatorii,926
înveseleşti,926
jure,926
alcoolicii,926
macaraua,926
Botwin,926
McCluskey,925
Yoshi,925
criticile,925
Svetlana,925
iepuraşi,925
reglez,925
Chul,925
Beni,925
ameninţării,925
invenţiile,925
Katrine,925
Karim,925
subordonat,925
mestec,925
Tornado,925
propunem,925
erotică,925
cântărind,925
Renfield,925
briceag,925
enter,925
urât-o,925
Drazen,925
omorâte,925
pictate,925
Morra,925
reclam,925
patriotism,925
doors,925
satură,924
Carlin,924
infestat,924
pastramă,924
ruginite,924
Revenge,924
marchez,924
corner,924
masturbarea,924
Mead,924
Carole,924
asaltat,924
incât,924
plamanii,924
sâcâi,924
asociatii,924
Farhad,924
diminua,924
Sheffield,924
orbesc,924
stinsă,924
algebră,924
din-astea,924
disperati,924
răspunzătoare,924
Tino,924
dezorientată,924
albinelor,923
unge,923
DHS,923
pastreaza-ti,923
fixezi,923
încăperi,923
falsi,923
Legend,923
Cane,923
Figaro,923
avorturi,923
niºte,923
profesoarei,923
Rhino,923
TARDIS,923
contracţii,923
mentii,923
scuturilor,922
baieţi,922
Coran,922
târfuliţă,922
primitor,922
Valjean,922
buletinele,922
Zarek,922
căruţele,922
cafenele,922
splendoare,922
falsificator,922
distrugerile,922
şaptesprezece,922
păsărele,922
gânditor,922
păsării,922
particulari,922
marcheze,922
coloniştii,922
eliberam,922
cearceafurile,922
Magellan,922
minutele,922
arestata,922
globala,922
parasiti,922
geolog,922
Azrael,922
pinot,922
tulpina,922
irosită,922
cădeţi,921
neanunţat,921
arată-mi-l,921
dăunător,921
deţinute,921
înduri,921
păgâne,921
infect,921
geniile,921
robul,921
rãmâne,921
democraţi,921
completăm,921
stiinte,921
Drucker,921
acțiunile,921
discutiile,921
drill,921
dezamagi,921
Medusa,921
raită,921
Kitchen,921
crini,921
Bent,921
vindeti,920
echivalent,920
economisire,920
creşterii,920
urmăriri,920
superstiţii,920
Misa,920
Beretta,920
menţionăm,920
tinteste,920
redarea,920
sîngele,920
arbaleta,920
zecime,920
compresie,920
franc,920
vino-ţi,920
intâlnit,920
scriptură,920
hero,920
navigatorul,920
mătuşica,919
banale,919
redă,919
redeveni,919
desfacem,919
despachetez,919
începătoare,919
apaşi,919
anestezia,919
Confucius,919
pare-se,919
harpă,919
number,919
culmi,919
precoce,919
Keeler,919
A-ha,919
Rittenhouse,919
înainteze,919
cocteil,919
batrâna,919
blestemului,919
templieri,919
anormale,918
e-adevărat,918
duplicat,918
tichetul,918
repezi,918
lepădat,918
globuri,918
rangeri,918
delirează,918
Hitch,918
soțului,918
răsfăţ,918
tehnologică,918
McLeod,918
plasticul,918
proteze,918
semana,918
Scrappy,918
ridicati-vă,918
fler,918
integrală,918
autostrăzi,918
văgăună,918
Lolita,918
câmpia,918
ofensator,918
fluturând,918
Fink,918
mistreţi,918
5-lea,918
Inga,918
algele,918
Remington,917
sintetice,917
catch,917
consumată,917
infectia,917
rage,917
segment,917
tigaia,917
districte,917
urca-te,917
vedea-o,917
întindea,917
mission,917
prilejul,917
psihicul,917
mecanisme,917
trăit-o,917
aşezate,917
cubanezi,917
apas,917
galagie,917
impala,917
deosebesc,916
whiskey-ul,916
sabatul,916
ecuaţii,916
radă,916
îmbunătăţeşti,916
hobby-ul,916
securitatii,916
cazaţi,916
şireturi,916
berii,916
mormântului,916
ghicesti,916
spălam,916
specialiştii,916
urmarirea,916
îngraşi,916
gandire,916
Rivendell,915
gunny,915
confisc,915
valoroşi,915
vlagă,915
erupţii,915
creveţii,915
flag,915
velele,915
descrieţi,915
fisier,915
deşeurile,915
fisă,915
măgarii,915
weather,915
tensiuni,915
Deva,915
bleep,915
prevenire,915
ś,915
coşciugul,915
recentele,915
participant,915
drop,915
Jeanine,915
împrumuturile,915
drame,914
Rothschild,914
MacLeish,914
trimiţând,914
incluzi,914
McCartney,914
polară,914
scutire,914
controversată,914
cameleon,914
prim-plan,914
derivat,914
Carina,914
iaurtul,914
stabilizăm,914
irezistibilă,914
Snart,914
K.O,914
scoica,914
Wynonna,914
copcă,914
lebăda,914
Harlow,914
pistolului,914
comunicaţi,914
omuleţul,914
caţăr,914
hieroglife,914
înghesui,914
gemenilor,914
nepoţilor,913
Fuhrer-ul,913
opunem,913
bucurati-va,913
acumulare,913
transmisiuni,913
propriu-zis,913
depravat,913
frontală,913
comuniste,913
stewardesa,913
încearcã,913
bitcoin,913
încărcăturile,912
conducătorului,912
dizolvă,912
D'Leh,912
inside,912
Pendragon,912
vice-preşedintele,912
trăieşte-ţi,912
plăteau,912
Kamal,912
adunând,912
SUV-ul,912
alimenteze,912
monta,912
Heisenberg,912
radio-ul,911
respiratorie,911
gagico,911
Loeb,911
realităţi,911
manusa,911
ciocni,911
spune-mi-o,911
terapeutic,911
carismatic,911
radicali,911
astronomii,911
bea-o,911
Rikki,911
ocupa-te,911
vipera,911
interfon,911
piața,911
credintei,911
triplat,911
pasezi,911
Frosty,911
laudat,911
succese,910
decoraţiuni,910
măret,910
Timo,910
guvernantă,910
preş,910
Aryan,910
salate,910
catacombe,910
aviz,910
maturizează,910
existent,910
Tatum,910
deschidea,910
curgând,910
Aliciei,910
Florenta,910
Bosco,910
mistică,910
tensionate,910
imbolnavit,910
Cehoslovacia,910
intimida,910
pregătesti,910
înfrumuseţare,910
dărâmăm,910
concubina,909
scufundate,909
Leary,909
încântătoarea,909
Pitagora,909
poponarilor,909
Kyra,909
Singhania,909
Hagan,909
scorpionul,909
murdărească,909
fictiv,909
exceptional,909
chill,909
plantez,909
vrând,909
distrusi,909
cârpe,909
agenții,909
Hawks,909
continentului,908
Sublt,908
vâslele,908
seci,908
glorioasa,908
ipocrizia,908
susţinătorii,908
s-a-ntamplat,908
înecăm,908
concis,908
ulcior,908
halbe,908
sunteþi,908
Crimson,908
sicilian,908
arestam,908
graţiile,908
sudură,908
neon,908
Denzel,907
kevlar,907
mascaţi,907
mexicanul,907
paramedici,907
măsori,907
plastician,907
sefi,907
torturată,907
obtină,907
prezic,907
neurale,907
strangulare,907
Mariel,907
hărţii,907
închina,907
Munson,907
metafore,907
gunoier,907
magna,907
corupte,907
Bernice,906
emailuri,906
prostiţi,906
logodnicului,906
obiecţia,906
proporţie,906
fiarele,906
mighty,906
consumator,906
intarzia,906
amical,906
Pym,906
banuiala,906
anunț,906
une,906
misiunilor,906
McQuaid,906
si-si,906
băutor,906
escorte,906
Eckhart,905
viteazul,905
decofeinizată,905
rame,905
calare,905
suspectaţi,905
detesta,905
supraestimat,905
aproprie,905
Watney,905
capitalist,905
Gregson,905
Kosovo,905
ascultătoare,905
Rafa,905
testamentului,905
Kensei,905
rolele,905
priceapă,905
oricarui,905
injectez,905
Domingo,904
edge,904
săturasem,904
burţile,904
demolări,904
naşa,904
mobilele,904
hartii,904
acră,904
Stringer,904
Tarek,904
veverita,904
cilindri,904
îmbunătăţim,904
Orlov,904
Blackbeard,904
trabucurile,904
tăiati,904
tronc,904
pisicuta,904
sesizat,904
Zimmerman,904
USR,904
afectuos,904
catarama,904
reînvie,904
înseală,904
prafului,904
Pappy,903
kale,903
mandarină,903
senzaţională,903
utilizând,903
aruncătorul,903
urmează-mi,903
magnificul,903
mentionez,903
premium,903
potera,903
astãzi,903
Deng,903
însăși,903
particula,903
poetică,903
salvează-ţi,903
Augustin,903
baietelul,903
returnăm,903
cămătar,903
Hooks,903
V8,903
a-ncercat,903
promise,903
ambitios,903
grilă,903
împacă,903
pile,903
Halstead,903
Mulligan,903
diminuat,903
Cath,903
tarot,902
poliţaiul,902
plafonul,902
aplaudaţi-l,902
Durham,902
nebunu,902
anihilat,902
calule,902
fiecaruia,902
mumii,902
măritate,902
Levy,902
dezvăluim,902
spalatorie,902
sughiţ,902
corporal,902
Cheney,902
gabor,902
funcţionari,902
jură-mi,902
dodo,902
warrior,902
Joseon,902
diva,902
bale,902
Hurst,902
mamaie,902
târzii,901
Luz,901
Roxton,901
elaborată,901
bomb,901
strămoşi,901
Vitti,901
Dalia,901
eşapament,901
Garrity,901
suita,901
coșmar,901
obi,901
tarile,901
traditional,901
proiectează,901
under,901
vârât,901
Paro,901
ecusonul,901
propoziţii,901
observaţiile,901
localizaţi,901
depindea,901
maturizez,900
told,900
Isa,900
investitorilor,900
Mordred,900
pinguinilor,900
Arlen,900
condor,900
closet,900
adierea,900
Kenai,900
ceainicul,900
secreţi,900
Prozac,900
ca-si,900
fiziologia,900
lalele,900
refacerea,900
divorţului,900
Jie,900
plângeau,900
colaborezi,900
balansoar,900
trădată,899
abandonati,899
jegoasă,899
iluminarea,899
mă-ntrebam,899
pusesem,899
meriți,899
suspend,899
escortez,899
înştiinţat,899
şifonier,899
porneşte-o,899
fluviu,899
Tannen,899
bâlbâit,899
Byrnes,899
larga,899
exploatează,899
colesterolul,899
dispera,899
armăsarule,899
desemnată,899
postal,899
denunţa,899
seniorului,899
dinastie,898
emisiile,898
pluteşti,898
omorurile,898
infidel,898
aprovizionat,898
reiei,898
Holder,898
juratul,898
carat,898
traumatisme,898
îmbrăcaţi-vă,898
eminent,898
Mayhew,898
pronunta,898
motto,898
Dugan,898
licenţiat,898
cunosteai,898
dăruieşti,898
șurub,898
Roach,898
Landers,898
elibereaz-o,897
s-ajungem,897
gali,897
amenzile,897
cântărit,897
benzinăria,897
superioritatea,897
marmura,897
supradoza,897
îndemnat,897
Kiara,897
pietrelor,897
scolile,897
hobby-uri,897
apuse,897
being,897
denumită,897
convinge-te,897
bunicilor,897
Agu,897
semnalizează,896
Gap,896
asteptau,896
rapoartelor,896
shine,896
pustoaico,896
învăţare,896
colaboreze,896
acoperă-te,896
numaratoarea,896
tragica,896
nevinovați,896
Braden,896
spanzurat,896
palide,896
acordă-i,896
mărşălui,896
zdrobim,896
menajerei,896
Savitar,896
salvaţi-mă,896
secta,896
carele,896
minorilor,896
yourself,896
întăresc,896
folosiţi-vă,895
luminilor,895
Geographic,895
Ontario,895
golanul,895
sătuc,895
bruiat,895
generaţiei,895
furisat,895
aduceti-mi,895
macabru,895
regulează,895
săpăturile,895
dezvăluirea,895
Siegel,895
Cardiff,895
vikingi,895
Gilroy,895
dansau,895
pensionari,895
stră,895
traci,894
Elrond,894
revoltele,894
lămureşti,894
vitrega,894
Aimee,894
Markov,894
banzai,894
amplifica,894
Johannesburg,894
Fantomas,894
piperul,894
oprești,894
parţiale,894
porţilor,894
conteazã,894
scafandrii,894
sfatuiesc,893
sticluţa,893
Tung,893
aviator,893
vâsc,893
încercat-o,893
Millennium,893
infiltrare,893
formati,893
incantatoare,893
completarea,893
Vittorio,893
asocierea,893
negreşit,893
mâncători,893
deschide-mi,893
foloseai,893
notaţi,893
prudenţi,893
blufezi,893
vizitiu,893
transportate,893
Speedy,893
decretul,893
cerinţă,893
cherie,893
Rollie,893
scalp,892
resuscitarea,892
Graeme,892
funcţionarea,892
scârba,892
prescurtarea,892
Tramell,892
cartuse,892
impozitul,892
Archy,892
licitatia,892
germeni,892
mentalitate,892
cereau,892
dezacord,892
rasplata,892
pesteri,892
alimentată,892
pescuiască,892
slănină,892
Saroyan,892
totale,891
mângâia,891
evaluăm,891
posttraumatic,891
olimpică,891
candelabru,891
alex_wishmaster,891
incetisor,891
periclita,891
vi-o,891
lacrimilor,891
curati,891
trifoi,891
imprima,891
infrunta,891
repeziciune,891
taxez,891
Kobol,891
tendinţă,891
T.K,891
Aladeen,891
coffee,891
puicuţele,891
arătoasă,891
Torrente,891
impachetat,890
ramasitele,890
circulară,890
dang,890
blestematele,890
distribuirea,890
prefăcătorie,890
Haga,890
ing,890
ABBA,890
recuzită,890
sedată,890
ager,890
neîndemânaticule,890
ştiinţele,890
hepatita,890
îndelete,890
grădiniţa,890
noutăti,889
careu,889
insistăm,889
orientale,889
Levine,889
Mondego,889
gambit,889
văi,889
deblocat,889
băietilor,889
Tolliver,889
Keanu,889
fixăm,889
inspaimantator,889
androidul,889
parlamentar,889
amuzamentul,889
Rawi,889
digestiv,889
fiecarei,889
defecţiuni,889
fiindcă-i,889
Spector,889
cascador,888
Ramiro,888
rețea,888
Huxley,888
ambasadorule,888
Conners,888
puştilor,888
matern,888
făgăduinţei,888
setez,888
zeppelin,888
cuferele,888
ţicnită,888
Five-O,888
Finnegan,888
Mouch,888
inundă,888
Donnei,888
poarta-te,888
plimbându-se,888
tălpile,888
taman,888
toamnei,888
catargul,888
bobocilor,888
Azkaban,888
ecuator,888
mânuieşti,888
năruie,888
fericitul,888
reportaje,887
pie,887
Bao,887
falimentul,887
chiflă,887
respective,887
transportorului,887
suculentă,887
DS,887
fluidele,887
mocirlă,887
îngrozeşte,887
salopetă,887
duşmănie,887
răspunzători,887
competitivă,887
Tusk,887
Oahu,887
osos,887
zaci,887
capitulare,887
Tio,887
impuscati,887
sumele,887
planific,887
Irlandei,887
ciopârţit,887
răbdători,887
ierburile,887
pierderilor,886
Kaitlin,886
blocadă,886
pretioasa,886
asezam,886
executati,886
bănuielile,886
maica-sa,886
face-ţi,886
întrebându-se,886
fetus,886
inofensivi,886
inimaginabil,886
ungi,886
aparam,886
pescarul,886
intarzie,886
plug,886
Unq,886
Koga,886
iraţională,886
răsucire,886
ştrumfi,886
vidul,886
hispanic,885
Mott,885
negroteiule,885
nuvelă,885
dare,885
ocupai,885
maimuţei,885
mandatului,885
hackerii,885
Tortuga,885
orală,885
toarnă-mi,885
ultimilor,885
recenzie,885
Surratt,885
fursecurile,885
contracara,885
crucişătorul,885
oriental,885
Turing,885
Gaeta,885
agitata,885
reactiona,885
constiintă,885
Gilda,885
Kingman,885
Achmed,885
Coranul,885
squash,885
alei,885
Abrams,885
latri,885
Hildy,885
Adrianna,885
primul-ministru,885
coasă,885
licitaţii,885
infectati,885
gentlemen,885
rasiste,884
impulsivă,884
considerau,884
recurge,884
Chappelle,884
traversam,884
boneta,884
Sock,884
curăța,884
ast,884
tratam,884
Julianne,884
Bering,884
luptătorilor,884
jumãtate,884
Madsen,884
Britaniei,884
Pinto,884
Chrissie,884
Manila,884
sangereaza,884
Osbourne,884
ermetic,884
existi,884
publicitare,884
amabila,883
Debs,883
ortografie,883
fenomenală,883
lasa-mi,883
relaxati-va,883
mitologie,883
Nuuuu,883
trada,883
Styles,883
închiriate,883
pacali,883
compartimente,883
Camelotului,883
umilesc,883
telefona,883
spiriduşii,883
viaţa-i,882
potriviti,882
larvele,882
pesticide,882
entertainment,882
cutiuţa,882
spânzurare,882
avută,882
renovat,882
cardassian,882
upon,882
debarca,882
sechestru,882
jignitoare,882
Kandahar,882
secure,882
papagali,882
clipuri,882
Corona,882
înțelegerea,882
deteriorate,882
învăţătoarea,882
Orsini,882
lătra,882
regatele,882
bastoane,882
influenţi,882
cheremul,882
starurile,882
aparatură,882
vedeţi-vă,882
postala,882
Howl,882
inventiv,882
împrăştierea,882
depărtate,881
sunând,881
amnistie,881
comuni,881
detectate,881
evitând,881
prepare,881
imaginati-va,881
Sieg,881
obligaţiunile,881
aerodromul,881
considerabile,881
gloanţelor,881
zburati,881
sez,881
șobolan,881
risipeşti,881
spiritism,881
obligatie,881
Delacroix,881
vitregi,881
catâri,881
crez,881
Barack,881
apucă-mă,881
dispuse,881
supărătoare,881
rugină,881
nă,881
termale,880
SciFi,880
Jerri,880
rezultatelor,880
computerizat,880
depăşite,880
puţuri,880
desăvârşită,880
bula,880
jefe,880
săritor,880
Karachi,880
eseuri,880
Roan,880
walkie-talkie,880
escrocherii,880
Malia,880
împărţirea,880
Vala,880
iarzi,880
frângă,880
releele,879
palton,879
negoţ,879
iesea,879
perverse,879
Fei-Hong,879
sack,879
informaţiei,879
garanteze,879
primate,879
carta,879
Iehova,879
variate,879
sinucigaşi,879
deconecta,879
Fulcrum,879
Reinhardt,879
împutit,879
Kandi,879
paraşute,879
conversatii,879
Malina,879
umflatule,879
implore,879
Kraven,878
lovire,878
Beckham,878
târâm,878
proiectez,878
ghiveci,878
albia,878
apăreau,878
Hui,878
acostat,878
incest,878
V'Ger,878
monoxid,878
violență,878
Macintosh,878
Southampton,878
evaluezi,878
tribunale,878
vulturilor,878
tă,878
miniere,878
panteră,878
stâncoşi,878
formalităţile,878
dâră,878
scapati,878
Chev,878
furnizarea,878
Mullen,877
gardurile,877
gaza,877
supapa,877
oportunităţile,877
nepregătit,877
jurnalistul,877
datoriilor,877
nepedepsită,877
Lula,877
cupla,877
pătuţul,877
găsind,877
delegaţi,877
enough,877
select,877
storci,877
unificare,877
făcuti,877
bells,877
moşie,877
desfiinţat,877
legendara,877
mințile,877
calculul,877
dezonoare,877
ofițerul,877
aeronavă,877
intolerabil,877
populată,877
swing,877
FM,877
tenace,877
admire,877
grajdurile,877
aiurelile,877
anihila,876
croiesc,876
submarinului,876
craniene,876
bulevard,876
fa-ma,876
casatoriei,876
necăjesc,876
adevãrul,876
goni,876
solda,876
camarazilor,876
prim-ajutor,876
închinat,876
flancuri,876
micută,876
oculte,876
garnitura,876
gogoasa,876
salvați,876
María,876
să-nchid,876
excepţionale,876
yellow,876
nepotriviţi,876
recrutarea,876
Stahl,875
avansata,875
Iugoslavia,875
vulturului,875
controlam,875
conduita,875
4-lea,875
aprig,875
ce-aveţi,875
Afrodita,875
angels,875
înhăţat,875
greve,875
ticalosii,875
plantaţia,875
mântuială,875
fascişti,875
statură,875
urmat-o,875
instabilitate,875
Zorin,875
ducă-se,875
transmite-le,875
amuzi,875
atentiei,875
pãmânt,875
împărtăşanie,875
distractii,875
populatiei,875
miscări,875
transferuri,874
includă,874
compasul,874
încurajeze,874
culinare,874
unici,874
cîine,874
obiectivă,874
securizaţi,874
dopul,874
intro,874
asemanatoare,874
Punjab,874
crin,874
Muppet,874
misogin,874
seducătoare,874
Tullius,874
Bucureşti,874
rahaţi,874
fazele,874
talentata,874
FSB,874
Uganda,874
sulita,874
informati,873
reu,873
castane,873
sâcâie,873
efectuată,873
depuna,873
splină,873
fosti,873
corupţiei,873
maybe,873
scufundată,873
uragane,873
Hobson,873
apartii,873
maester,873
produsului,873
întreprindere,873
arne,873
Pang,873
retardată,873
blitz,873
McCallister,873
supravietuieste,873
predispus,873
Germain,873
aprobi,873
gladiatorii,872
magnat,872
condusa,872
planifici,872
prefaceţi,872
planuiesc,872
Alah,872
comitatului,872
ascunde-o,872
demasca,872
nenorocesc,872
incorectă,872
ceasornic,872
ideale,872
Neptune,872
Mathilde,872
descoperirii,872
Jacoby,872
bufonul,872
găzduieşte,872
agrafă,872
uscătorul,872
silinta,872
evolutiei,872
Mărcuş,872
dispunem,872
suburbia,871
progenitura,871
Taro,871
wife,871
elementar,871
noir,871
Lia,871
admiterea,871
trimiteau,871
performanţele,871
bleu,871
functiile,871
Babi,871
contaminate,871
risipesc,871
mutual,871
Martina,871
abs,871
raportati,871
Bartok,871
expirații,871
Vaughan,871
răvăşită,871
pozez,871
selectaţi,871
i-al,870
murii,870
bărbiereşti,870
casnic,870
emigrat,870
Jimenez,870
Washington-ul,870
măiestria,870
nasturele,870
Nizam,870
scăpată,870
Coates,870
Xing,870
Pilgrim,870
ascendent,870
vezică,870
finanţeze,870
Sheba,870
Lanka,869
beţivul,869
studiului,869
zvoneste,869
sclave,869
meştere,869
persistă,869
întreţină,869
delicvent,869
amanetat,869
adresate,869
aduceţi-vă,869
intelectuale,869
capturare,869
tropice,869
capt,869
înșiși,869
canadienii,869
copiezi,869
lansatorul,869
gemetele,869
furnica,869
puştan,869
Burgundia,869
Wozniak,869
tracţiune,869
topeste,869
acordarea,869
vânam,869
incompetenţa,869
deschiderii,869
sold,868
logo,868
Seoul,868
Fletch,868
simbiotul,868
ataşezi,868
contin,868
surâs,868
feromoni,868
catolicii,868
găuresc,868
Marlin,868
conferinţei,868
asezati-va,868
homie,868
scăldat,868
dus-întors,868
domnie,868
sondei,868
şocante,868
brutăria,868
solitară,868
OSS,868
improviza,868
mutaţia,868
imperiali,868
carburator,868
copiere,868
Hollywood-ul,868
informatiilor,868
fibrilaţie,868
neruşinare,867
petiţia,867
gospodărie,867
păstrând,867
calme,867
atenuante,867
simţită,867
soartei,867
educaţional,867
traversarea,867
Luger,867
revadă,867
fricoşi,867
extremist,867
declaratii,867
materii,867
binecuvântate,867
decorator,867
Starkwood,867
psihopatule,867
micuto,867
mohawk,867
fluieri,867
genă,867
tarte,867
crustă,867
Bucătare,867
argintii,867
delicatesă,867
olog,867
Bastian,867
Georgiana,866
Filippo,866
noră,866
proveni,866
subacvatice,866
insolent,866
bubuie,866
Wayward,866
ignoranţă,866
dulcele,866
părtaş,866
insinuaţi,866
motorii,866
Mohan,866
amândorura,866
Raccoon,866
move,866
îngreunează,866
bebelusi,866
DeLuca,866
lansatoare,866
fisierul,866
0F0FFF,866
koala,865
irelevantă,865
ascultaţi-l,865
prostiei,865
ripostezi,865
nichel,865
arcaş,865
referim,865
ulterioară,865
Larrabee,865
Brahms,865
binevoitoare,865
înc,865
Heathrow,865
rîndul,865
subțire,865
Konoha,865
Granville,865
anunţă-ne,865
sărăciei,865
locuinţele,865
cusături,864
agresivitate,864
Woong,864
Teague,864
biblii,864
Abbas,864
cartii,864
Larissa,864
dați,864
Bronco,864
burghiu,864
neterminat,864
mmmm,864
tăticului,864
sanctitatea,864
atragatoare,864
Tigers,864
Fairchild,864
socotit,864
secretare,864
claxon,864
orc,864
determini,864
bagajelor,864
Pharmaceuticals,864
Ceci,864
bandajat,863
canabis,863
arata-le,863
usurez,863
Edenului,863
furnicături,863
copiator,863
întîlnim,863
Grigori,863
îmbogăţesc,863
emailul,863
fricoasă,863
mituiesc,863
tribună,863
flote,863
PS,863
dada,863
rachiu,863
Degra,863
arms,863
Whittaker,863
tomorrow,863
rânjetul,863
Miki,862
status,862
Brisco,862
sfirsitul,862
torturii,862
jurnalului,862
ambulanță,862
sexe,862
cumnate,862
tramvaiul,862
executia,862
TM,862
clatină,862
saptamanii,862
pinata,862
comandate,862
iroseşte,862
adanci,862
Jeeves,862
Dolittle,862
escală,862
jeepul,862
recesiune,862
boilerul,862
uncii,862
ee,862
Chadwick,862
credibile,862
leagă-i,862
corvin.predoiu,862
murdări,862
moleculă,862
Sena,862
fierbi,862
escrocheria,862
instalate,862
dându-mi,862
taca-ti,862
Circus,862
Mont,862
Bethesda,862
băgăcios,862
Route,861
fiinţelor,861
Undergrow,861
Aibileen,861
guys,861
Mărturisitoare,861
singular,861
înapoiaţi,861
desfigurat,861
leşină,861
prăjeşti,861
Elvira,861
intentionezi,861
Levin,861
revizuirea,861
inscenat,861
jupui,861
Dredd,861
întâmplările,861
temelia,861
alfabet,861
solara,861
textile,860
Luftwaffe,860
Cristy77,860
lacrimogen,860
aprovizionează,860
scorpioni,860
paleta,860
blanc,860
hocheiul,860
întamplă,860
egoismul,860
Hepburn,860
escorteze,860
conductorul,860
educa,860
jigni,860
arcurile,859
nesănătos,859
autoritar,859
penalizare,859
chioşc,859
offshore,859
King's,859
imbratisare,859
sugrumat,859
bietului,859
tandreţe,859
ornamente,859
geniştii,859
legăturii,859
ipoteci,859
comandam,859
cinez,859
together,859
cumpără-i,859
împrăştiată,859
potențial,859
cucerită,859
indicaţie,859
bineânţeles,859
clopotei,859
ordoni,859
crabii,859
felicita,859
destinaţi,859
prinţule,859
interfera,859
îndreptau,858
shakti,858
frumoasã,858
logistică,858
războaielor,858
adusa,858
minunatele,858
geniala,858
Yamato,858
Hare,858
scarpin,858
activele,858
sinucida,858
profesionala,858
tăvăleală,858
călcată,858
senatorii,858
jurisdictia,858
tipice,858
detectoarele,858
indeplinit,858
estimată,858
Carrington,858
judecati,858
daţi-mi-l,858
câştigătoarea,858
detectarea,858
prăpăd,858
orcilor,858
anuntă-mă,858
înviere,858
preotii,858
Dorota,857
ramin,857
chop,857
sarutul,857
Camino,857
guverna,857
Minsk,857
biologici,857
aruncă-te,857
rahatului,857
părinților,857
vorbirea,857
dinăuntrul,857
şemineul,857
oy,857
îmbrăţişaţi,857
Danton,857
inceta,857
năpastă,857
Tolstoi,857
Narcisse,857
blender,857
plutim,857
prezentat-o,857
cowboys,857
fluturaş,856
sectoare,856
ajutată,856
coniţă,856
Grossman,856
Zaya,856
plantăm,856
periuta,856
friend,856
Rowe,856
închiriat-o,856
introdusă,856
corectezi,856
drujba,856
civilizatii,856
solduri,856
descărcată,856
susţinători,856
ucenicii,856
răcită,856
civilizatia,856
Smeagol,856
recruţii,856
supravietuiască,856
caravană,855
Reza,855
Poloniei,855
epidemii,855
deteriorarea,855
santinelă,855
grazie,855
autori,855
bucatarul,855
împingând,855
bucătarii,855
dezbracă,855
Momma,855
adoptaţi,855
monopolul,855
furnizate,855
Clovis,855
Victory,855
partizani,855
neînsemnate,855
înrolezi,855
fuguţa,855
emisarul,855
uscaţi,855
Paştelui,854
telepatie,854
Kush,854
neutroni,854
auzise,854
pietriş,854
suncă,854
reguleze,854
mitralierele,854
și-au,854
KGB-ul,854
lacrimogene,854
ciudaţilor,854
creativi,854
13-lea,854
inima-mi,854
U.S.S,854
ocolească,854
neprotejat,854
asemănători,854
răzgândeşte,854
acomodat,854
Tarr,854
alinarea,854
fortati,854
meduze,854
anotimpuri,854
Herc,853
norvegian,853
Majestic,853
cămilele,853
J'onn,853
experimentează,853
copilasul,853
hardul,853
Molina,853
mustar,853
utopia,853
priveasca,853
începu,853
agresivitatea,853
inunda,853
îngăduitor,853
bovine,853
şcolăriţă,853
profesioniste,853
Macon,853
secţiuni,852
iapă,852
halucinogene,852
funii,852
Zan,852
includem,852
Voltaire,852
colapsul,852
măcelarului,852
vinã,852
propan,852
pistolari,852
Edwina,852
dormitul,852
Midge,852
alarmaţi,852
Jordy,852
Braavos,852
implinit,852
sărmanii,852
onorariu,852
cazanul,852
neliniştea,852
literară,852
subestimaţi,851
serviti,851
c-avem,851
infantilă,851
mirosurile,851
ruinează,851
baricada,851
cereşti,851
metropolitan,851
canistră,851
Robocop,851
Lala,851
Wax,851
insulti,851
capace,851
inimioara,851
catârul,851
Gerber,851
înaintezi,851
guns,851
gustăm,851
utilizată,851
castorul,851
chicotit,851
proscrişi,851
trageri,851
înlătur,851
telepatic,851
structurală,851
urletele,851
Winifred,851
spirituala,851
salvă,851
străbat,850
extorcare,850
Serenei,850
Panting,850
acordati,850
uitaţi-o,850
ratoni,850
izbucnire,850
Cracovia,850
hartia,850
Mitchel,850
expozitia,850
Fife,850
incompetenţi,850
ţărilor,850
jucariile,850
braț,850
însela,850
Yeo,850
revocat,850
întrerupte,850
apropiam,849
fierarul,849
propuneţi,849
Whitfield,849
înghețată,849
livadă,849
Halley,849
sleepwalker,849
fistic,849
golească,849
zgâria,849
inspectorii,849
jeg,849
cârnăcior,849
tiraniei,849
Sunil,849
dezgustători,849
economiseşti,849
dispreţuieşte,849
vopsită,849
concurăm,849
consultaţii,849
respingem,849
răsuci,849
ung,849
sălbaticul,849
iscoade,849
razboinici,849
masturbează,849
difuzoare,849
licitează,849
logice,849
fericiți,849
continuă-ţi,848
declansa,848
cetăteni,848
Faber,848
Trav,848
acomodezi,848
jaguarul,848
nasurile,848
celalat,848
actionezi,848
veghez,848
cântăreşti,848
prelata,848
parc-aş,848
colectivul,848
mizez,848
Heywood,848
taietura,848
cosmarul,848
autorului,848
vorbeşte-i,848
înţeleptul,848
detinutii,847
inchiziţia,847
orbul,847
optimă,847
ademeni,847
catuse,847
massa,847
concluzionat,847
Ouija,847
operatorii,847
ciripitul,847
cireada,847
textura,847
ipoteze,847
coloanele,847
ground,847
manifestul,847
iscat,847
café,847
interviului,847
pareti,847
Laroche,847
citeodata,847
navajo,847
scurtăm,847
retrogradat,847
Levinson,847
Stace,847
ecologică,847
Daly,847
Bubbles,847
pesemne,846
Giuliano,846
musc,846
creativitate,846
Snowden,846
explicaţiile,846
supranaturală,846
edem,846
ţăranilor,846
teleportezi,846
neortodox,846
înălțimea,846
hindus,846
amuze,846
observarea,846
masturba,846
confundaţi,846
reflux,846
ocoleşti,846
scrie-i,846
fundaşul,846
iat,846
fiică-ta,846
ghepard,846
Forster,846
situl,846
moo,846
Addams,845
îmblânzit,845
vinovate,845
mim,845
ridica-l,845
controlează-ţi,845
mărunţişuri,845
înspăimântaţi,845
imbraca-te,845
apetisant,845
statiile,845
defineste,845
nesfarsit,845
invită-l,845
cîţiva,845
desfăşoare,845
înmuia,845
xerox,845
java,845
rimă,845
năpustit,845
triburilor,845
vanzari,845
gâfâitor,845
steroizii,845
spirala,845
baby-sitter,845
Project,845
Coolidge,844
sticluţă,844
kerosen,844
Coreei,844
rugămintea,844
înfocat,844
Ennis,844
pacientilor,844
comete,844
învătăm,844
renovarea,844
revanşă,844
islamic,844
Seasons,844
supraveghează-l,844
vindecaţi,844
else,844
tigroaică,844
indiferentă,844
vitelor,844
mărşăluim,844
salbaticie,844
Crescent,844
Richelieu,844
verişoarei,843
galeriei,843
rosteşte,843
umple-l,843
papal,843
adjudecat,843
Bunty,843
F.B.I.-ul,843
vinovăţiei,843
apaşilor,843
deconectez,843
muschetar,843
ilar,843
prințesă,843
poante,843
magnitudine,843
referiti,843
hang,843
futi,843
running,843
urezi,843
diafragma,843
filială,843
modelului,843
Khalil,843
cercetam,843
băştinaşi,843
pinball,843
lipeşti,843
asfaltul,843
furiosi,843
dansurile,843
inhaleaza,843
Birgitte,843
fuzzy,843
Dany,842
reproducă,842
relevat,842
aruncaţi-le,842
omorau,842
Jacinta,842
vocaţia,842
dreams,842
dragele,842
varsa,842
martea,842
căprioara,842
învață,842
împuternicit,842
Matobo,842
motivată,842
trecuseră,842
inspectore-şef,842
divulgat,842
phone,842
pământeană,842
Goldfarb,842
Leung,842
orientat,842
coborati,842
curieri,842
plătește,842
insela,842
soldul,841
lego,841
prăjiturelele,841
observatorii,841
miturile,841
sârbi,841
uscata,841
anunţurile,841
sugerând,841
fosilă,841
ridicoli,841
camionetei,841
revendice,841
miliardarul,841
zăpezilor,841
Gibraltar,841
gălăgioasă,841
daxlemon,841
abstract,841
tampenie,841
precară,841
EKG,841
deplasată,841
trezea,841
Solano,841
Ene,841
infecţiei,841
untură,840
momeli,840
Argus,840
luxat,840
Stef,840
Kuweit,840
să-ncep,840
erectie,840
Galaxy,840
nitroglicerină,840
muls,840
geologice,840
ardeau,840
calatoresti,840
imitat,840
deteriorează,840
numeam,840
Racer,840
decisă,840
bestială,840
trimiteţi-l,840
maritime,840
execuţiei,840
drogăm,840
matata,840
deduce,840
ţepi,840
baiatule,840
Huggins,839
mulţumirea,839
alinia,839
reţineri,839
Anne-Marie,839
Demetrius,839
birocraţie,839
ng,839
ridicata,839
neprofesional,839
monetar,839
șters,839
urmăriţi-l,839
mazărea,839
corpurilor,839
pe-atunci,839
sila,839
pisicuţe,839
digerat,839
fulgerului,839
Katharine,839
dansatoarele,839
recoltare,839
compusul,839
inscrie,839
indecentă,839
aceleia,839
stealth,839
lăsându-mă,839
reţinerea,839
armadillo,839
iasomie,839
Cherevin,839
fancy,838
mom,838
concepţie,838
alcătuită,838
vătămare,838
eu-eu,838
taste,838
arşice,838
canistrele,838
anticilor,838
delincvent,838
creatie,838
prostilor,838
Roe,838
tipei,838
telepat,838
şterge-te,838
patriotismul,838
bazata,838
fondului,838
Bra'tac,838
capitalismul,838
melancolic,838
fătul,838
motivaţi,838
punjabi,838
Lamont,838
confruntam,837
rima,837
maselor,837
plasăm,837
femeieşti,837
îngenunchez,837
împărtăşiţi,837
sarmanul,837
slugă,837
chitarist,837
călăuză,837
holy,837
IQ-ul,837
cognitive,837
manualele,837
strigător,837
omeneşte,837
manusile,837
surplus,837
vizualizări,837
asiaticii,837
florărie,837
Isaacs,837
amplificator,837
distributie,837
prescriu,837
tachinezi,837
alegerii,837
autoboţii,837
sumbre,837
alarmant,837
Clapton,836
intenţionată,836
Waco,836
stupizi,836
uraganului,836
Bunch,836
Dougal,836
aterizam,836
Iranului,836
vâlvă,836
Northern,836
infam,836
Leona,836
mâine-dimineaţă,836
aniversări,836
Reade,836
lore,836
rac,836
până-l,836
administrăm,836
Calleigh,836
parasim,836
pieţe,836
plesneală,836
târâtă,836
măsurăm,835
făcându-mi,835
prostuta,835
balans,835
lumeşti,835
creaza,835
McPherson,835
nesupunere,835
mecanici,835
evalueze,835
cutreieră,835
impuscaturi,835
verbală,835
ignorată,835
Riddle,835
atleţi,835
Plum,835
pozează,835
îngrijiţi,835
plutonier,835
blufează,835
academică,835
beauty,835
uhm,835
meniuri,835
ingeri,835
artistului,834
without,834
Trench,834
postă,834
ocaziile,834
Ninei,834
Sherri,834
vulgare,834
sonorul,834
trans,834
apăsați,834
dansatoarea,834
centurion,834
disciplinare,834
oneşti,834
iresponsabilă,834
Midwest,834
ruseşte,834
REM,834
sfinţilor,834
balaur,834
reduceţi,833
putintă,833
absoarbă,833
orbirea,833
nepotii,833
ierbii,833
capitale,833
alergatul,833
călduroase,833
reprezinti,833
înscenează,833
catalizator,833
cardiologie,833
diversitatea,833
Bri,833
osoase,833
rochiei,833
melancolie,833
găsiţi-vă,833
office,833
îngenunchiat,833
Suraj,833
sărbătorire,833
Oxley,833
Pritchett,833
recunoscatori,833
rebelul,833
rezolvata,833
prăvălie,833
Mt,833
deraiat,833
îmbete,833
divinitate,833
Borneo,833
zvonurilor,833
Kilgrave,833
scrumiera,832
tînăr,832
combin,832
cărări,832
Nemesis,832
menţionată,832
Latham,832
Olly,832
intilnim,832
carabină,832
Janeiro,832
stimaţi,832
vioaie,832
parade,832
molii,832
lesbienele,832
grozavul,832
opreşte-mă,832
Rajesh,832
plănuită,832
asimilat,832
palmei,832
Maroni,831
oribili,831
Bolin,831
Wolff,831
megatone,831
Louisville,831
lini,831
îndatorire,831
întro,831
scapă-mă,831
somnorosule,831
subspaţiu,831
binevenite,831
împânzit,831
dicţionarul,831
laș,831
rafinărie,831
competiţii,831
minelor,831
împerecheze,831
GOA'ULD,831
renunț,831
taica-tu,831
deşteapta,831
traversaţi,831
Risa,831
inimaginabile,831
spaghetele,830
fișier,830
cicatricele,830
cîţi,830
umanitar,830
meritati,830
tonuri,830
Cochise,830
închideţi-l,830
baz,830
infernală,830
seriozitate,830
dimpotriva,830
bard,830
hrani,830
curătă,830
înghiţit-o,830
Britta,830
renumitul,830
Erickson,830
chihlimbar,830
Sham,830
adeziv,830
colţişor,830
absolvirii,829
ghicească,829
cuprinsul,829
Chuckie,829
breaking,829
egalul,829
neural,829
defel,829
muritorilor,829
activităţilor,829
otrăvuri,829
organizaţiile,829
colanţi,829
OJ,829
ţigancă,829
decriptare,829
nemernica,829
admirabilă,829
triton,829
indrepti,829
Duff,829
rational,829
cateter,829
guacamole,829
încasările,829
McNeil,829
purice,829
sprâncenată,829
contactati,828
zadarnic,828
setată,828
Sharif,828
Janelle,828
Yuma,828
servirea,828
stagiarul,828
McMurphy,828
miscările,828
Mookie,828
Polk,828
Ephram,828
lentilă,828
nemernicului,828
miazăzi,828
orizonturile,828
programăm,828
cisternă,828
columbieni,828
Salome,828
misterului,828
atingeri,828
ţarul,828
fermierului,828
insor,828
personalizat,828
supuse,828
fetiş,828
staţionat,828
proteinele,828
înlăturăm,828
Bellevue,828
azbest,828
visaţi,828
ciupit,828
Grammy,828
datul,828
Hye,828
Mitsuko,827
misterelor,827
tinerete,827
lesin,827
Kami,827
infraroşii,827
incantator,827
secretarei,827
salutam,827
împinge-o,827
salamul,827
greşiţilor,827
lojă,827
atrocităţi,827
lights,827
culeagă,827
bleg,827
generatia,827
egoista,827
umilinta,827
malefici,827
merlot,827
nu-nu,827
învechite,827
Hankmed,826
înscenarea,826
Chou,826
Haemosu,826
înghesuie,826
cocoşel,826
poftesc,826
creaţiile,826
internationala,826
bermude,826
und,826
înecaţi,826
Luka,826
injectează,826
twister,826
deținut,826
micuţele,826
pregăteau,826
sã-ţi,826
silenţioasă,826
11-a,826
îngrozitori,826
catedra,826
gunoaielor,826
intrați,826
clepsidră,826
atentatele,826
folosirii,826
Hennessey,826
cutremurele,825
Blondie,825
ameninţătoare,825
upgrade,825
farm,825
culinar,825
zel,825
procedaţi,825
dezactivaţi,825
optulea,825
condusi,825
schimbătorul,825
L.J,825
tăceti,825
scrimă,825
întorsese,825
bazându-se,825
statusul,825
veritabilă,825
coaptă,825
primejdii,825
meniurile,825
băuse,825
relief,825
majoritar,825
bursei,825
alergători,825
rune,825
Genghis,825
orchestrei,825
cunoastere,825
permiţând,825
selfie,825
trasat,825
Balcani,824
aşa-zisa,824
insultător,824
înfricoşători,824
aventurat,824
creţ,824
cazarea,824
eufemism,824
Gonzo,824
intinde-te,824
Lovelace,824
Marlboro,824
porţiunea,824
Miko,824
Pyle,824
zbaţi,824
apreciaza,824
arginţi,824
anotimpurile,824
danger,824
desteptul,824
iod,824
lubitule,824
hotărît,824
e-al,824
circular,824
nuanţe,824
Denham,824
stresează,824
Takeda,824
domnişorule,823
stejarul,823
pansament,823
brusca,823
ase,823
Bogart,823
mÄ,823
maturizeze,823
dă-te-n,823
plămânilor,823
inconştienţi,823
declanşată,823
curatam,823
legiştii,823
lustruiesc,823
Nantucket,823
intrerupe,823
recunoști,823
Rackham,823
patologic,823
măsor,823
preţui,823
Southern,823
aoa,823
Usagi,823
anonimatul,823
îmbunătăţită,823
zgârieturile,823
subită,823
pauzele,823
învăţământ,823
sălăşluieşte,822
solutii,822
Trunks,822
lasa-te,822
cârca,822
Corwin,822
integru,822
Kimber,822
publicitară,822
pamântului,822
compensez,822
etcetera,822
câstigător,822
crainic,822
respectati,822
ştergeţi-o,822
ue,822
iniţiem,822
prostănacule,822
înhăitat,822
greoaie,822
Clea,822
aprod,822
mănâncă-l,822
palce,822
pastorului,822
retină,822
Huntley,822
persona,822
ghiulea,822
Malachi,822
necrologul,822
microcip,821
website,821
bend,821
vârtejul,821
sic,821
acceptabile,821
pârţ,821
unguent,821
ființă,821
Sanborn,821
Copperfield,821
nominalizarea,821
irakieni,821
Tenzin,821
flautul,821
hărţuirea,821
wings,821
converti,821
efectuăm,821
timbrele,821
circumstanţă,821
ofiterilor,821
învăluit,821
războinicului,821
grije,821
simplitatea,821
nenorocirile,821
pagubelor,821
cunoştiinţă,821
incantati,821
degresat,821
luneta,821
iu,821
dad,821
flying,821
repară-l,821
Aragon,821
pecetea,821
poor,821
mize,821
Bogdan,821
sabota,821
răsplătiţi,821
Dancer,821
sutiene,821
incomodă,820
jazz-ul,820
notiţă,820
recâştig,820
cosmosului,820
curajosul,820
experiența,820
montate,820
umplutura,820
măsurători,820
cearşafurile,820
dezactivăm,820
NEST,820
everybody,820
disparuta,820
expresiile,820
agreabilă,820
exterminat,820
portorican,820
priviţi-mă,820
rurală,820
rupţi,820
Hanks,820
îmbracat,820
Gonzalo,820
scurgerile,820
intind,819
imparţial,819
încăpăţânarea,819
pesteră,819
lasati-ne,819
esecul,819
premiere,819
sărutaţi,819
ion,819
concretă,819
tacâmuri,819
numitul,819
nedetectabil,819
broşa,819
Thom,819
cartele,819
Langford,819
Partridge,819
preistoric,819
Buckner,819
târâtura,819
eficienţi,818
necăsătorită,818
banut,818
broşura,818
stresaţi,818
clacat,818
urmările,818
împuţitule,818
AK,818
strategiile,818
spiriduşul,818
concediem,818
reputaţiei,818
iPod-ul,818
creati,818
tocilarul,818
emblemă,818
consumatori,818
incitantă,818
topuri,818
prăzii,818
levier,818
piloni,818
cetăţenie,818
Redmond,818
amper,817
intentat,817
furca,817
baricadei,817
menţionate,817
Chesapeake,817
localului,817
gandeai,817
nicotina,817
catolica,817
nătărăule,817
intunericului,817
continuând,817
singurei,817
receptiv,817
adevăratei,817
cruţaţi,817
calculatoarelor,817
dialectul,817
aerobic,817
răspândită,817
Botezătorul,817
caram,817
plănuiai,817
copcile,816
sunã,816
adore,816
ascultă-ne,816
abilitătile,816
latre,816
Translate,816
orizontal,816
tunica,816
reprogramez,816
comandată,816
Baez,816
Irakului,816
Jarrod,816
depline,816
ambulanţe,816
crăpa,816
aruncări,816
percheziţionăm,816
viaþa,816
Echelon,816
captivat,816
gunoiului,815
Marple,815
cuştile,815
înscena,815
editura,815
intrecut,815
vizitati,815
micuţilor,815
dispusa,815
catastrofal,815
Selby,815
protestele,815
XRAiN,815
nelinistit,815
Westlake,815
nu-și,815
celebritatea,815
excit,815
niciunei,815
implicaţii,815
hakuna,815
prison,815
boi,815
regulată,815
Kunal,815
destăinui,815
Exeter,815
Nuys,815
furculita,815
cărbunele,815
Tybalt,814
navigatie,814
amicală,814
afecţiuni,814
Tamisa,814
tifon,814
valeţi,814
papale,814
absenţă,814
Sissi,814
Rawlings,814
exprimarea,814
costiţă,814
drumeţie,814
vietnamezii,814
catastrofe,814
decretat,814
oarece,814
fetița,814
cetatenii,814
puzzle-uri,814
placenta,814
Aggie,814
mă-ntrebi,814
emotionata,814
oxid,814
cărunt,814
jalnica,814
tembel,814
Isles,814
impar,814
răsuceşti,813
Abernathy,813
accesibile,813
Cogburn,813
Coruscant,813
cilindru,813
napoi,813
lipsim,813
accesoriile,813
disponibila,813
Lower,813
Muir,813
Emerald,813
înjură,813
Vittoria,813
Sutherland,813
coastelor,813
noţiuni,813
nimereşte,813
Kidd,813
cămasă,813
clasificată,813
turistică,813
blânde,813
epuizate,813
sfâşii,813
s-or,813
Goddard,813
credincioşii,813
concepte,813
vrăjeli,813
cioban,813
wish,812
pecetluit,812
pledoarie,812
diamantelor,812
cheaguri,812
parcheze,812
UCT,812
Jelly,812
draguto,812
toxicologice,812
emotionala,812
dezagreabil,812
dificili,812
micilor,812
clipească,812
fã,812
compartimentele,812
Hrothgar,812
fulgerele,812
Gar,812
sărbătorirea,812
înşfăcat,812
răutăcioase,812
century,812
dancing,812
ferăstrău,812
prelată,812
maximul,812
Winch,812
indicată,812
înţelegători,812
infanterist,811
perfecti,811
Garvey,811
Maricruz,811
vitali,811
beţişoare,811
vorbitori,811
şerveţelele,811
omorându-l,811
umblam,811
ins,811
crengile,811
truth,811
nava-mamă,811
pămîntul,811
grosolană,811
SETI,811
beţivă,811
tei,811
FF0000,811
vegetaţie,811
chez,811
popo,811
patronii,811
linistiti-va,811
Martell,810
corectitudine,810
frizeria,810
şeic,810
prăfuit,810
şoricei,810
bați,810
toi,810
batjocorit,810
Lear,810
sporit,810
antrenoarea,810
granită,810
camionagiu,810
privindu-te,810
restabilim,810
Flemming,810
supărat-o,810
întreabă-ţi,810
reînceput,810
desteptule,810
vânând,810
arătată,810
succesiunea,810
Fabrizio,810
Cyclops,810
e6fdfe,810
casetei,810
napolitane,810
vinete,810
cheiul,809
rezervările,809
cântătoare,809
Manion,809
Mediterana,809
Aldrich,809
călugăriţele,809
bosumflat,809
zăcut,809
stârnesc,809
traficanţilor,809
strâmtoare,809
atraga,809
nimicul,809
LAX,809
tărm,809
balustrada,809
vacanţele,809
heigh-ho,809
plafon,809
Racine,809
grasu,809
iceberg,809
impiedicat,809
roua,809
ţesuturi,809
ridicându-se,809
ingerii,809
strângea,809
judecătorilor,809
delicateţe,809
abandonata,809
prelucrare,809
explorezi,809
datând,809
pietoni,809
detonată,809
înotând,809
democratie,808
Avram,808
Abilene,808
popi,808
îndură,808
prejudecată,808
Banku,808
Dashwood,808
șampanie,808
descărcaţi,808
ferice,808
siluetă,808
păsărelele,808
cheltuielilor,808
vinovaţii,808
bronzul,808
lichida,808
recuperat-o,808
parfumat,808
verigă,808
gafă,808
pitică,808
stabila,808
reîncarcă,808
profunzimea,808
spartani,808
dios,808
ignorantă,808
eschimos,808
Umberto,808
exonerat,808
cheama-l,808
resincronizare,808
păşuni,808
Keiko,808
Havisham,808
calatoriei,808
bancile,808
Turkey,808
elixir,808
frontale,808
gogoaşa,808
rutieră,808
Hyperion,808
investim,807
acumulează,807
digul,807
drumeţii,807
cîştigat,807
cotele,807
detectaţi,807
year,807
jelit,807
nevătămaţi,807
înlătură,807
taie-le,807
9mm,807
reprezentată,807
vânătorule,807
Oppenheimer,807
răsucesc,807
Keisha,807
oşteni,807
proclamat,807
monstruozitate,807
laurii,807
coaster,807
creatoare,806
core,806
rezistenţi,806
mîncat,806
push,806
păgână,806
Londo,806
teatral,806
eretici,806
marți,806
încă-l,806
placebo,806
partizanii,806
templele,806
baiatu,806
birocraţia,806
Daffy,806
adopţia,806
scunzi,806
speţă,806
marinarilor,806
strigam,806
lene,806
claus68,806
î.Hr,806
diplomaţi,806
Naevia,806
Penner,806
Baudelaire,806
transformate,806
recrutări,806
verile,805
Gellar,805
surselor,805
indragostiti,805
demisionează,805
Halifax,805
raporturi,805
invatati,805
Aceveda,805
Nairobi,805
Society,805
maxilar,805
rãmas,805
reuseasca,805
măreţi,805
modeling,805
captivantă,805
răscumpăra,805
abilitati,805
probei,805
actionăm,805
Atkins,805
Stonehenge,805
antibiotic,805
Dominick,804
uniform,804
recrutez,804
ingenioasă,804
auto-distrugere,804
ursule,804
înfrângerii,804
interogată,804
raţionamentul,804
autocar,804
explicati,804
uitându-ne,804
pictată,804
ornament,804
decedatului,804
hotarasti,804
preocupările,804
oportunist,804
viceregele,804
apără-te,804
mincinosi,804
călcăm,804
n.t,804
statueta,803
concentraţia,803
fascinată,803
reveniti,803
bătrânu,803
forţate,803
urmaşi,803
Crick,803
prefectul,803
benefică,803
Piotr,803
descoperise,803
motiva,803
decompresie,803
restrictie,803
marjă,803
previne,803
mareata,803
hippy,803
rezervei,803
Wesson,803
lamentabil,803
Baum,803
lichideze,803
însine,803
scleroză,803
fraierule,803
însănătoşire,803
schimburile,803
cuvenită,802
reducerile,802
analistul,802
serialepenet.ro,802
Cordell,802
carlingă,802
costumaţia,802
Myron,802
talpă,802
tăind,802
Mahal,802
moştenitoarea,802
meningită,802
tont,802
parcate,802
Tetsusaiga,802
departamentele,802
Tunisia,802
Halt,802
accelerare,802
vedetelor,802
nomazi,802
nostalgie,802
ieşisem,802
ambalate,802
distinctiv,802
strămosii,802
inevitabile,802
Daniela,802
diagnosticare,802
bataile,802
trecerii,802
suspensie,801
vectorul,801
subiectiv,801
Guardia,801
divers,801
fărâme,801
McLaughlin,801
cubaneză,801
calugar,801
PUG,801
şantajul,801
G.I,801
Hull,801
hasta,801
preparate,801
Burroughs,801
înfruntaţi,801
contaţi,801
operațiune,801
Cenusareasa,801
urlet,801
distruge-i,801
zanduka,801
nasca,801
delegaţie,801
Cadmus,801
Delfino,801
Arabiei,801
wanted,801
raliu,801
jocheu,800
vizitatorul,800
moscheea,800
signore,800
abat,800
depăseste,800
capsuni,800
minerit,800
Sophiei,800
Blossom,800
Gribble,800
muşcaţi,800
troll,800
D.B,800
razboaie,800
tectonice,800
multumire,800
locaţiei,800
decora,800
haioase,800
Evey,800
forestier,800
ataşate,800
ciobul,800
laţ,800
alcătuiesc,800
Barzini,800
urzeala,800
aceluia,799
administratorului,799
profitabile,799
Marcu,799
coerent,799
concurentul,799
dereglat,799
otrăveşte,799
seral,799
păturica,799
amendat,799
copilaria,799
piere,799
Thayer,799
tânjeşti,799
gemand,799
asasinării,799
geografic,799
de-ndată,799
acordate,799
chinuim,799
să-ncercăm,799
întoarcerii,799
aiurită,799
creata,799
returnează,799
pământesc,799
cădeau,799
demarat,799
Greenberg,798
dimineţile,798
Ghul,798
enciclopedie,798
Kavanaugh,798
înfrângeri,798
rãzboi,798
utilaje,798
Dink,798
îngenuncheze,798
Sondra,798
gãsesc,798
comunicaţia,798
alpinist,798
israelieni,798
umanitare,798
descrieri,798
căscată,798
sărmană,798
zodia,798
aloo,798
dezbrăcăm,798
smulsă,798
dingo,798
revere,798
picură,797
Thierry,797
tarat,797
contam,797
Clericule,797
urmăreşte-o,797
băgaţi-l,797
prostovan,797
maicii,797
exclusive,797
gardianului,797
voturilor,797
Arvin,797
Camaro,797
hobbiti,797
Moray,797
platforme,797
prindea,797
Katsumoto,797
fluturat,797
comportamentale,797
scutier,797
interacţionează,797
mâncate,797
copilăreşti,796
erupţia,796
wake,796
calmar,796
Babilon,796
Yeager,796
reporni,796
recrea,796
Bram,796
dezamorsa,796
incomode,796
castigatorul,796
Birmania,796
lucrătoare,796
neutre,796
Barsoom,796
aievea,796
pescuieşte,796
plasaţi,796
Cooke,796
propria-ţi,796
ineficient,796
chi-ul,796
velvet,796
înţelegeau,796
Tsunade,795
Panzer,795
găseai,795
Fillory,795
păstrătorul,795
Jabbar,795
colecţionez,795
livada,795
pofte,795
Lothbrok,795
inhalează,795
fazan,795
focile,795
pardesiu,795
divizată,795
transmiti,795
reînvia,795
intimidaţi,795
Kendal,795
deschideți,795
Yu-sin,795
băgati,795
gâdil,795
curățat,795
spioană,795
marja,795
Thaddeus,795
ivirea,795
atribuie,795
d'Arc,795
sechestrat,795
Goody,795
abţinut,795
băusem,795
ciocnire,795
imparatului,794
vinde-o,794
vintage,794
oda,794
protecţiei,794
magneţi,794
chinuitoare,794
Rance,794
cupleze,794
parcã,794
comentaţi,794
găzduit,794
pensiona,794
neplătite,794
amânarea,794
Arden,794
colectate,794
nemaipomenita,794
meat,794
alto,794
pelerin,794
ţărancă,794
Edwardes,794
Vicente,794
monezile,794
serpii,794
Nyah,794
manie,794
zdrobiţi,793
Puck,793
culcai,793
Dolce,793
veselia,793
Mathison,793
miting,793
nasti,793
hit-uri,793
josnice,793
dusmanilor,793
sustinere,793
slăvi,793
nebunesti,793
poneii,793
statutului,793
promiteţi-mi,793
placem,793
secţiile,793
exorcist,793
vre,793
pasarelă,793
vorbii,793
comică,793
vânduţi,793
reconstruiesc,793
TWA,793
constructiv,793
stapânul,793
profetului,793
R.J,793
menstruaţie,793
fișierele,793
primu,793
dicteze,793
pilulă,793
Bavaria,793
creştinismul,792
Telly,792
Galloway,792
practicile,792
Tanis,792
înfipte,792
Barbra,792
pentrua,792
Romania,792
fustele,792
difuzează,792
derbedei,792
diligenta,792
întîlnesc,792
Juilliard,792
artere,792
distragerea,792
sword,792
stapâne,792
dopuri,792
însemnate,792
vrăjitorilor,792
alertaţi,792
sobolanul,792
dotare,792
bello,792
sfărâma,792
puneti-vă,792
furtului,792
spânzurătoarea,792
thriller,792
primise,792
whispering,791
vacante,791
efectelor,791
telespectatorii,791
regenera,791
spinal,791
stocurile,791
fibra,791
potriveau,791
bunicuţa,791
pretiosul,791
renunţarea,791
Mads,791
crocante,791
moşu,791
cuiele,791
Opa,791
echilibra,791
tribale,791
amante,791
pionieri,791
Pelham,791
cântati,790
pensionezi,790
sana,790
calatoreste,790
colină,790
citeai,790
Asriel,790
tradiţiei,790
solida,790
Lino,790
camuflat,790
Fudge,790
comunitatii,790
felină,790
bandiţilor,790
te-o,790
eliminati,790
Worm,790
Candyman,790
bãrbat,790
cq,790
Chewbacca,790
socrii,790
s'a,790
dezgropa,790
found,790
rÄ,790
leşine,790
senzual,790
chestionat,790
stresez,790
aten,790
suplinitor,790
aprinde-o,790
umilirea,789
naquadah,789
sfios,789
tocit,789
listen,789
permita,789
scriptura,789
injectezi,789
urineze,789
yah,789
Kipling,789
lounge,789
discheta,789
certificatele,789
mangă,789
scanăm,789
frizerul,789
Knoxville,789
imbracati,789
defavoarea,789
celebrăm,789
Verma,789
plăgi,789
eoti,789
redare,788
impuscatura,788
minion,788
radarele,788
ridicând,788
guvernarea,788
îndoieşte,788
Peppino,788
bazaţi,788
eşuezi,788
încasări,788
pliscul,788
singurului,788
Bowden,788
ţoale,788
măruntaie,788
Mohinder,788
cleşti,788
începuseră,788
Guts,788
neschimbată,788
încetiniţi,788
orgolios,788
încărcătoare,788
onorati,788
abuzată,788
Mehra,788
Woolsey,788
puşcăriaşi,788
tineretii,788
preerie,788
necredincioşi,788
hula,788
extermina,787
holocaust,787
domnisoarelor,787
iertător,787
Luvru,787
aprinsa,787
observati,787
Canaveral,787
aparentă,787
jeleşti,787
caşmir,787
cafelei,787
carnivor,787
anuntă,787
eroismul,787
contactului,787
orã,787
îndurarea,787
coteţ,787
balamale,787
scripturi,787
gătea,787
focus,787
hamal,787
scurtatura,787
Aww,787
invidioşi,787
semaforul,787
paradoxul,787
ansamblul,786
Eppes,786
lăsându-i,786
dubleze,786
briliant,786
Tripoli,786
Cancun,786
întâlneai,786
Rodin,786
finanţelor,786
redea,786
incubator,786
fondatorii,786
şerveţelul,786
rascumparare,786
ciuruit,786
girafa,786
Underhill,786
devenisem,786
soferi,786
ciocane,786
atacata,786
sărutată,786
Ojai,786
Flanagan,786
mio,786
câte-un,786
corporatist,786
Marthei,786
pulverizat,786
întinderea,786
lichidare,786
rebeliunii,786
neînfricaţi,786
lipească,786
Volkoff,786
crew,786
scadere,786
ghidezi,785
sortii,785
IMF,785
clovnule,785
Pig,785
scandaloase,785
IX-a,785
eliberează-i,785
Judi,785
mortalitate,785
III-a,785
progresivă,785
pool,785
nativi,785
mi-eşti,785
rugaciunea,785
Ope,785
avute,785
dealerii,785
asocia,785
intilnesc,785
anonimat,785
Putnam,785
baliză,785
mirosiţi,785
arata-ne,785
Hickok,785
devoreze,785
fascinează,785
innebunesc,785
McLaren,785
prinţesele,785
Manuela,785
penisurile,785
colivia,785
tufişul,785
ocupatie,785
ochiuri,785
pieire,784
shinobi,784
puiuţ,784
neputinţă,784
poveştilor,784
Gayle,784
Baal,784
racit,784
piston,784
acţionari,784
deprimă,784
bivoli,784
cochilie,784
posesiv,784
profiti,784
siu,784
Spooner,784
bunăstare,784
decepticoni,784
începeți,784
conţină,784
Roarke,784
motorină,784
omuleţule,784
dirija,784
raci,783
tall,783
puroi,783
blog-ul,783
Reich-ului,783
Horowitz,783
izbucnirea,783
cine-şi,783
most,783
detonatoarele,783
bottom,783
Zira,783
Lexus,783
erupt,783
taliei,783
priveste-mă,783
Helios,783
fitil,783
frontierele,783
cipsuri,783
kids,783
Corvette,783
actionează,783
teoretică,783
catalizatorul,782
tăbăci,782
daţi-o,782
perspectivele,782
tolerant,782
emo,782
puține,782
brigăzii,782
murat,782
suspansul,782
costumaţie,782
planificate,782
uşuraţi,782
pretenţiile,782
modulului,782
mături,782
exilului,782
văzându-l,782
indicatoarele,782
pokemon,782
izbutit,782
găseste-l,782
stimularea,782
miraculoase,782
apelant,782
gustările,782
eliminam,782
gâdila,782
primeau,782
gaj,782
iudeilor,782
trădat-o,782
standuri,782
plecate,781
Silvio,781
caruselul,781
telul,781
perfuzii,781
populara,781
Foss,781
Coana,781
dã,781
O'Dwyer,781
Prius,781
indulgent,781
Hinata,781
ajustez,781
klingoniene,781
prosteasca,781
Shephard,781
domeniului,781
curcanii,781
maninca,781
vostrii,781
fabricant,781
obișnuia,781
incetează,781
blocurile,781
scrot,781
exerseze,781
deosebirea,781
U.S.A,781
cearceaf,780
chelneri,780
năvălit,780
supereroi,780
Eichmann,780
s-aveţi,780
trebuinţă,780
Kun,780
demonstraţii,780
ştergerea,780
cercetasi,780
acţionând,780
N'-am,780
meserii,780
tigarile,780
iata-te,780
bombardamentele,780
contur,780
că-si,780
mesageri,780
companion,780
greșite,780
combat,780
galon,780
cronologie,780
suburbiile,780
lucrărilor,780
Ig,780
diavole,780
lagar,780
transmisiei,780
incredibilul,780
agrement,779
educ,779
aşchie,779
întunecaţi,779
jeleul,779
mi-ajunge,779
siguranţele,779
creșterea,779
lasand,779
ameţeşti,779
arestările,779
C.J,779
pajişte,779
lăcuste,779
viclenie,779
festivă,779
Laeddis,779
mânuiesc,779
gradele,779
romantici,779
revizui,779
Hackett,779
Veeru,779
restricţionată,779
teen,779
aşteaptă-ne,779
nelalocul,779
semper,779
urmăritori,779
constipat,779
pozezi,779
Mosley,779
reunim,779
şoimii,779
răsfeţi,779
soldații,779
intensifică,779
Prior,779
gr,779
directii,779
Laverne,778
Antoinette,778
abuzurile,778
hawaiian,778
atmosferică,778
dovedeasca,778
purificat,778
rafală,778
Jovi,778
mareste,778
orgii,778
weeks,778
Solonius,778
lamurim,778
fortez,778
Myrcella,778
utilizatori,778
zdrobitoare,778
asociata,778
zgomotoase,778
nenumăraţi,778
predati,778
puţa,778
finalurile,778
ponce,778
caviarul,778
marire,778
sulă,777
rezoluţia,777
mândriei,777
crocantă,777
declinul,777
continu,777
Isaia,777
proiectorul,777
adultii,777
controverse,777
repetati,777
infricosatoare,777
snopesc,777
administreze,777
Nyx,777
grânele,777
Tourette,777
unsă,777
întîmple,777
Jets,777
obosească,777
începută,777
interioara,777
colosală,777
gongul,776
duminicile,776
compensaţii,776
mureai,776
Noelle,776
pieirii,776
Kable,776
human,776
nisipului,776
prafuri,776
închirierea,776
ranga,776
chintă,776
aluzii,776
monopol,776
vapoarele,776
Galvin,776
notiunea,776
Genova,776
Cybertron,776
stinge-o,776
băgam,776
învingătorii,776
amarat,776
polita,776
Orly,776
răspândiţi,776
Pax,776
potolească,776
Kamp,776
minuţios,776
vegheat,776
domului,776
Volga,776
supravegheate,776
diagramă,776
Mediterană,776
iartă-i,776
supuneţi,775
poziţionat,775
îndoim,775
Oof,775
jandarmii,775
panorama,775
Eko,775
Freeze,775
dictatură,775
încredinţată,775
vopsim,775
toastul,775
transmiterea,775
traficanti,775
rusesti,775
traind,775
Boden,775
virtuţile,775
luck,775
palpitantă,775
Deepak,775
Yabu,775
kiwi,775
Rydell,775
domo,775
tomberonul,774
Schumann,774
invitate,774
lobotomie,774
Vishnu,774
consultăm,774
arătoşi,774
stretch,774
premoniţie,774
pasarela,774
pretenţia,774
ask,774
cibernetică,774
evolutie,774
Sigmund,774
Rainey,774
sparga,774
protoni,774
Donaghy,774
Woodsen,774
hour,774
vânăt,774
asezati,774
grindină,773
numerică,773
acordurile,773
dezactiveze,773
Crain,773
supravieţuitorilor,773
planetară,773
Drax,773
posterele,773
consolida,773
Lestrade,773
emotivă,773
răufăcătorul,773
Jeffy,773
fictive,773
asta-seara,773
alaikum,773
Woz,773
formulat,773
rostite,773
menţiune,773
secţiunii,773
regretaţi,773
Cleaver,773
exceptand,773
împuţitul,773
Friday,773
gramatica,773
peştişorul,773
atingeți,772
dineul,772
deprimantă,772
scripturile,772
uimitorul,772
făurită,772
Anglie,772
petreceti,772
intima,772
întâlnite,772
Riordan,772
Tsu'tey,772
preţuim,772
ataşează,772
sunaţi-l,772
bonusuri,772
Bryson,772
seismice,772
mormăi,772
amnezia,772
neîntreruptă,772
cioplit,772
actrită,772
Elm,772
LaFleur,772
Zo'or,772
tunurilor,772
driver,772
ZPM,772
Guam,771
mâinile-n,771
grăbea,771
Cirie,771
instruirea,771
reporterilor,771
prăjim,771
peştelui,771
teritoriale,771
taxiurile,771
garnizoanei,771
7-lea,771
asemănări,771
reparaţie,771
Johannes,771
comunicatul,771
pe-ai,771
revizuim,771
acadeaua,771
impostoare,771
distorsionat,771
Metallica,771
praştie,771
Earle,771
servetel,771
Omaticaya,771
rapirea,771
Dejah,771
italiancă,771
fătălăi,771
soricel,770
Domenico,770
robotului,770
bătrâneţea,770
relativă,770
fizicieni,770
termometru,770
matrimonial,770
inlocuit,770
cop,770
dusuri,770
sarcofagul,770
plamani,770
compui,770
alege-mă,770
rangerii,770
Haku,770
nos,770
Woodstock,770
Drogo,770
tifos,770
Pond,770
răcoroasă,770
binefăcător,770
anticipezi,770
magazinelor,770
Speer,770
luãm,770
îndrumă,770
scursură,770
aluzia,770
antropologie,770
bucătică,770
propunerile,770
Narn,770
Tilda,770
cofeina,769
previziunile,769
închipuire,769
placeau,769
regali,769
aranjeaza,769
târâţi,769
Alf,769
3-D,769
soră-sa,769
picioruş,769
planetar,769
sterilă,769
ofițeri,769
măcinat,769
Willi,769
înfumurat,769
maica-mea,769
implorând,769
Georg,769
convenţional,769
Harrow,769
Roanoke,769
Jacobi,769
mănusi,769
Bliss,769
tinand,769
mobilierul,769
pistrui,769
siropos,769
wi,769
rupe-o,769
atribuite,769
toaletei,769
bunicică,769
fiicelor,768
season,768
boteza,768
retardatul,768
minta,768
înfigă,768
preferati,768
îmbucătură,768
dah,768
Iuri,768
bombardamente,768
istorii,768
oleacă,768
bunică-mea,768
telefonica,768
Goya,768
la-i,768
iama,768
îndrăgesc,768
servind,768
Rogelio,768
sumar,768
escroacă,768
dorite,768
Sons,768
M.I.T,768
agriculturii,768
marmeladă,768
monarhia,767
lupule,767
Callaghan,767
underground,767
reflecte,767
Capitoliul,767
ameţeala,767
razbune,767
muntilor,767
triaj,767
Orm,767
Hamza,767
gravitate,767
mânuiască,767
blind,767
simpatizează,767
Pinkerton,767
corporative,767
leasing,767
diem,767
spartanii,767
lucrand,767
sanguine,767
bileţelul,767
piercing,767
mahon,767
rigidă,766
adunării,766
Jansen,766
dusul,766
foloseşte-le,766
alimentăm,766
felicităm,766
sí,766
ascensorul,766
Jaclyn,766
moaşă,766
incendiare,766
repar-o,766
Tano,766
tanto,766
pune-ți,766
Lovell,766
escrocii,766
nestemata,766
veto,766
mma,766
cușcă,766
climei,766
psihopaţii,766
codificate,766
Wyler,766
Kafka,766
plictisesti,766
imprejur,766
vorbăreaţă,766
riguros,766
faceti-o,766
turela,766
greţuri,766
frigorific,766
musulmanilor,766
Gisborne,766
calatoriile,765
opuneţi,765
Gua,765
dragã,765
Bears,765
Excelsior,765
elaborate,765
depins,765
Suvarov,765
înceţoşat,765
cirese,765
plăcut-o,765
spionajului,765
poţiuni,765
paralizează,765
binecuvântări,765
Damme,765
Boz,765
Bey,765
Electra,765
martiala,765
grijulii,765
abandonarea,765
păstrează-mi,765
Hadji,765
întâlniti,765
imobil,765
acoperita,765
măgulitor,765
Delores,765
împachetate,765
telegrame,765
lozul,765
mormon,765
pretindeţi,765
frigului,765
nesemnificative,765
nereuşită,765
omidă,765
tine-mă,765
defectiune,765
kaiju,764
legam,764
găştile,764
cărămizile,764
incidentele,764
bobocii,764
tabu,764
descotorosit,764
despartiti,764
canibalism,764
Tolson,764
Galveston,764
reîntâlnim,764
prăbuşeşti,764
stagiară,764
degradant,764
contondent,764
răfuială,764
smulse,764
dezintegrează,764
Jennie,764
bodyguard-ul,764
Caruso,764
relax,764
aripioarele,764
evidenţele,764
fuzelajul,764
cumpără-mi,764
McCullen,764
întîrziat,764
coborâşuri,764
panichezi,764
dedicaţi,764
praznic,764
dificultati,764
vanzator,763
Darken,763
pitbull,763
guard,763
Anatoli,763
putredă,763
Jingles,763
graţioasă,763
suspendaţi,763
aparțin,763
Ogden,763
scoateti-l,763
Seema,763
accesibilă,763
scriai,763
nix,763
broaste,763
corului,763
vazuti,763
părăsite,763
escapadă,763
stiintifica,763
reacţionăm,762
dovedită,762
dezbatem,762
guiţ,762
mafioţii,762
apucam,762
prejudiciul,762
duty,762
Leith,762
amputat,762
traheea,762
sincronizăm,762
neputincioşi,762
acurateţe,762
prep,762
Saber,762
otrăvirea,762
salvatoare,762
premiat,762
proteină,762
dublezi,762
Scavo,762
Surly,762
supradoze,762
vaporii,762
xxx,761
Kunta,761
combinăm,761
tiut,761
făcuseră,761
sigilaţi,761
pasnic,761
cracare,761
McIntyre,761
Kasper,761
împacă-te,761
Ola,761
pune-ma,761
goliţi,761
nervosi,761
Donaldson,761
chinuitor,761
Babs,761
psihologi,761
dispariţii,761
încălzită,761
cucu,761
minţind,761
renală,761
fesele,761
culpă,761
Paz,761
imaginari,761
fermitate,761
ticăloaso,761
redeschid,761
backup,760
jokerul,760
pândesc,760
foametei,760
insensibilă,760
chipsurile,760
estima,760
iepurasul,760
Peking,760
documentez,760
might,760
tâte,760
Cristofor,760
carotidă,760
César,760
Mormont,760
însoară-te,760
lămpile,760
columbienii,760
încuiat-o,760
rătăcite,760
admiral,760
Hoffa,760
începătorului,760
urăști,760
călăuzească,760
comercianţii,760
uriasi,760
pow,760
contesei,760
dezertare,760
Battlestar,760
Iudeea,760
arian,760
cistiga,760
base,760
uber,760
tentaculele,760
decadă,760
aparţineau,760
respiraţiei,760
luxoasă,759
spunele,759
incalca,759
Pollux,759
JohnnyB,759
ostatica,759
pecetluită,759
dezleagă-l,759
Jakey,759
într-adevãr,759
sept,759
Dutton,759
Kass,759
provincii,759
prăjiturica,759
ran,759
MySpace,759
sfeclă,759
donatie,759
ureze,759
ruşinezi,759
divinitatea,759
torace,759
lipsita,759
shogun,758
distanţei,758
ciobănesc,758
funny,758
Valdez,758
cacă,758
cometei,758
marşarier,758
violului,758
Amberle,758
Sheena,758
convingator,758
biografie,758
naţionalitate,758
vadã,758
Bhaskar,758
Shiro,758
bătăuşii,758
strănutat,758
distruge-o,758
vrednici,758
distribuite,758
califică,758
atractia,758
criteriile,758
hotărârile,758
stafia,758
amatorilor,758
stabilizeze,758
să-ncepi,757
batea,757
sunte-ti,757
cartonaş,757
bezea,757
mișcați,757
semnificatie,757
erecţia,757
petalele,757
logo-ul,757
Qiu,757
Liddy,757
Breen,757
gagiul,757
Pinkman,757
slujitori,757
cetăţene,757
materialului,757
Noreen,757
JC,757
Martel,757
virtuale,757
Sadler,757
de-afară,757
riste,757
aiureala,757
Gertie,757
vânătorului,757
poeţi,757
concludente,757
copios,757
sânt,757
eligibil,757
Cleary,757
aparenta,756
avertizat-o,756
paper,756
vulcanic,756
Arbor,756
Gogol,756
maduva,756
contorul,756
Queenan,756
aflând,756
steagului,756
comes,756
cedeaza,756
vocala,756
găsisem,756
Muirfield,756
situa,756
Hutt,756
roteşti,756
călugăriţa,756
bleagă,756
sosise,756
Thurman,756
jertfă,756
evadării,756
Beckman,756
cd-urile,756
lătratul,756
lanturile,756
Yorkul,756
face-ti,756
EDI,756
instruiesc,755
rătăceşte,755
proiectarea,755
gatului,755
rivalitate,755
fictiune,755
punctului,755
Mares,755
contaminarea,755
minţeam,755
Lasalle,755
decăderea,755
dușmani,755
înrudit,755
declanşare,755
ucigaşilor,755
reactivat,755
strigand,755
Wolowitz,755
amoniu,755
vazand,755
golim,755
tembelule,755
Sodoma,755
căută,755
caţără,755
lactoză,755
camuflare,755
folositori,755
ucideri,755
lasa-le,755
tentă,755
amărăciunea,755
Alpii,754
coordonează,754
marinarule,754
apreciate,754
neamului,754
parmezan,754
undei,754
polare,754
Waj,754
antropolog,754
Gillespie,754
Peak,754
Evangeline,754
cheeseburgeri,754
pufoase,754
huligan,754
cheddar,754
Marika,754
poliester,754
negresa,754
munceasca,754
Foggy,754
deveniti,754
prospect,754
parcurile,754
vrednică,754
Auu,754
mincinoşii,754
fabricaţie,754
fortata,754
miliţie,754
plicurile,754
facilitatea,754
averile,754
hidraulică,754
alege-o,754
blocați,753
Krauss,753
armează,753
venirii,753
aparenţă,753
jefuite,753
Ikea,753
pocalul,753
adancul,753
ucenici,753
paintball,753
dăruire,753
editorului,753
ursu,753
însemnată,753
neplăcere,753
inutila,753
înotătoare,753
garantăm,753
McEwen,753
condu-ne,753
Crewe,753
radarului,753
Willem,753
exponenţial,752
Tish,752
populate,752
hoinăresc,752
gresie,752
Ieremia,752
periscopul,752
descarca,752
nr.2,752
casierul,752
executare,752
echiparea,752
mesajelor,752
corespondentul,752
Cartagina,752
crestem,752
privința,752
soseaua,752
Hickey,752
cireadă,752
canarul,752
supraîncărcare,752
Kaylie,752
Pleasant,752
struţ,752
fluidul,752
Malta,752
hay,752
Simons,752
crucifix,752
europenii,752
solemnă,752
seringi,752
paraliza,752
anticoncepţionale,751
dioxidul,751
purgatoriul,751
Laird,751
saritura,751
inglezule,751
deveneam,751
relatat,751
Bressler,751
muşchetari,751
adunări,751
lie,751
abilitățile,751
fotografiază,751
persecutat,751
razgandesti,751
alifie,751
maturiza,751
traducă,751
ninsoare,751
încrede-te,751
vegetale,751
pancreas,751
continuau,751
dăruit-o,751
Dowd,751
pozitiva,751
vicepreşedintelui,751
secţii,750
apună,750
progresiv,750
tămâie,750
convoca,750
cazarma,750
Tien,750
Lazar,750
cununie,750
supravieţuitorului,750
fos,750
placat,750
şi-atât,750
drogului,750
Flor,750
cuier,750
cuiburile,750
topirea,750
măiestrie,750
diplomaţia,750
breton,750
doborâţi-l,750
denotă,750
oliţă,750
mecanismele,750
futem,750
Mannix,750
scobitoare,750
Orin,750
Bain,750
mâţă,750
tenişi,750
Whelan,750
pădurilor,750
Haas,750
vize,750
bietele,750
muză,750
fineţe,750
imn,750
dadeam,749
Barone,749
imigranţii,749
minţilor,749
parului,749
pieptenele,749
emotionale,749
Schubert,749
pe-acasă,749
geană,749
corespunzator,749
simbolică,749
protestatarii,749
ascunzători,749
incomplete,749
Jolie,749
întreţii,749
recorduri,749
zăresc,749
ciudăţeniile,749
bicarbonat,749
pregatirea,749
Bison,749
facilităţile,749
exclusivă,749
mima,749
priveşte-te,749
suprima,749
canionului,748
delicioşi,748
radacina,748
jeleşte,748
mânat,748
contrabandişti,748
oaza,748
Stoner,748
Javert,748
Benoit,748
ispita,748
covoarele,748
coincidenţa,748
Rosetta,748
hidraulice,748
festiv,748
ciudato,748
montăm,748
nutritive,748
căţeluşule,748
nuditate,748
taurului,748
variaţii,748
vaselină,748
neconcludente,748
Shire,748
fetitei,748
adăposteşte,748
Kizzy,748
dolofan,747
nălucă,747
dovedind,747
Blakely,747
relații,747
portavioane,747
nesiguranţă,747
lacurile,747
îmbarcăm,747
britanica,747
cunoştinţelor,747
curioase,747
renumiţi,747
insine,747
imaginați-vă,747
modeste,747
Indiilor,747
fluctuaţii,747
tainele,747
şarmant,747
plăcerilor,747
Gunter,747
remarcile,747
ascultau,747
şopteşti,747
Bulls,747
frisca,747
num,747
mitic,747
tarta,747
pe-ale,747
sarma,747
Trapper,747
D'zeule,747
puneti-l,747
osândit,747
micute,747
sarcofag,747
galbenul,747
broscoiul,747
furişeze,747
potaia,747
Croatoan,747
rătăcească,747
înţepată,747
Lenning,747
vacanţei,747
interpretări,746
surprinderea,746
manierat,746
cutiuţă,746
donaţiile,746
sortită,746
alimentara,746
spectre,746
producătoare,746
imaculat,746
înțelegem,746
Gannon,746
compact,746
astro,746
opium,746
colonul,746
Roc,746
încântata,746
colturi,746
nation,746
nostră,746
Bateman,746
robie,746
pomeneală,746
fotografieze,746
parfumate,746
Mancini,746
învaţă-l,746
cilindrul,746
nevăstuica,746
furatul,746
închină,746
cascadoria,745
purificarea,745
CCTV,745
plăţii,745
traumatizant,745
excelenţei,745
înţepa,745
contrafăcute,745
spuneţi-vă,745
Alexi,745
începere,745
orbească,745
Jammer,745
strămoşul,745
nelocuită,745
ţăruş,745
planuieste,745
Dominguez,745
Chopra,745
Crest,745
Vogler,745
Bakshi,745
Angeles-ului,745
autorizez,745
optat,745
ţesătură,745
conforma,745
Toscana,745
Rowland,745
facilităţi,745
descarcă-te,745
casting,745
tristetea,745
gangsterul,745
nevăzuţi,745
bunei,744
benzinarie,744
planuiesti,744
naşule,744
bring,744
elitei,744
saturaţia,744
intreab-o,744
şarada,744
comandorule,744
întelepciune,744
indiferenţă,744
constructorul,744
fetişcană,744
Suk,744
materială,744
referinţele,744
planifică,744
oalele,744
Giacomo,744
participanţii,744
cere-ti,744
neglijenţi,744
respectabili,744
Hiram,744
listat,744
ghiciti,744
ejaculat,744
târfuliţa,744
vulcanului,744
securitătii,744
betonul,744
Petrovici,744
reîncărcaţi,743
licărire,743
creatia,743
ilegala,743
apoplexie,743
adăposturile,743
pripim,743
preţuit,743
li-l,743
papion,743
răstoarnă,743
felicite,743
metroului,743
fortului,743
dezintegrat,743
round,743
Fenway,743
meduză,743
negativist,743
time-out,743
Turnbull,743
reparaţia,743
bipolară,743
improvizezi,743
McElroy,743
bolovanul,743
faceţi-l,743
pareau,743
rescriu,743
Quinlan,743
plasarea,743
dirijor,743
Hollander,743
nelegitim,743
petrecerilor,743
aluatul,742
agătat,742
Karp,742
gonflabilă,742
înţepe,742
Fabian,742
majestatii,742
caţere,742
Boulder,742
jegoase,742
ajutarea,742
dandy,742
capturati,742
peliculă,742
Deane,742
epavei,742
fresh,742
calificarea,742
scurtătura,742
recep,742
kil,742
absolute,742
Bodhi,742
Pratap,742
Benjy,742
antiglont,741
însoţitoarea,741
Sellars,741
sprânceană,741
zburatoare,741
cazăm,741
briciul,741
sfătuieşti,741
fauna,741
trimite-ne,741
Cube,741
organizatii,741
nostalgic,741
îndatorată,741
comportamente,741
profeţi,741
ignorate,741
ma'am,741
mânere,741
deschizând,741
Drusilla,741
clasici,741
gresi,741
meteorologice,741
teză,741
debit,741
Costanza,741
mamiferele,741
capturezi,741
sosiţi,741
patronului,741
unicului,741
Wills,741
cărările,740
decolteu,740
incuiata,740
bonul,740
deviem,740
bâte,740
pledeze,740
nemuririi,740
bugetului,740
maron,740
verdeaţă,740
alungat-o,740
comestibil,740
nerespectuos,740
Quatermain,740
B.A,740
amigos,740
numãrul,740
galii,740
heterosexuali,740
dube,740
custodele,740
lumanari,740
incendierea,740
sărmane,740
Nagasaki,740
supernovă,739
intelectuali,739
afro-americani,739
kick,739
intoxicat,739
dezactivezi,739
procesarea,739
lăcustele,739
asigurării,739
drapel,739
dinozaurul,739
Zhu,739
Nautilus,739
negroteiul,739
dn,739
livraţi,739
neobservată,739
K-PAX,739
acoperiţi-mă,739
adusi,739
licita,739
Andersen,739
convenabilă,739
absentă,739
frumusel,739
Riverdale,739
febrei,739
moaşa,739
jeez,738
grupării,738
fizicienii,738
Lace,738
clopotel,738
intregului,738
reglează,738
întunecata,738
panoramă,738
lepros,738
aproviziona,738
mădular,738
izbăvirea,738
nostre,738
abuzează,738
inexistent,738
acoperind,738
gospodină,738
Elyse,738
maşinuţă,738
Wallis,738
cârdăşie,738
musulmane,738
nu-nţelegi,738
căt,738
binecunoscut,738
răcoros,738
dăruieşte,738
frizura,738
Yeogu,738
menajere,738
informativ,737
preferaţii,737
priveghiul,737
spuneati,737
qui,737
Phi,737
Francoise,737
fiarei,737
alatur,737
părăsirea,737
Glover,737
cuceritorul,737
Eisenheim,737
învineţit,737
roag-o,737
necesităţile,737
Poldark,737
mijlocii,737
glazura,737
Quasimodo,737
estrogen,737
compuşi,737
Mantle,737
ţineţi-mă,737
portmoneul,737
eu...eu,737
spintec,737
ţărane,737
Motta,736
potolesc,736
nicodata,736
oferindu-vă,736
ochire,736
Sacks,736
peace,736
ingrijorezi,736
chiriei,736
gâdilat,736
încurcate,736
negaţi,736
Perseus,736
fustangiu,736
greșeala,736
îngheţăm,736
Bilal,736
tunetului,736
umple-o,736
Foy,736
tut,736
transformând,736
buncăre,736
Koda,736
eșuat,736
socru,736
armean,736
geloase,736
Rikers,736
bipuri,736
pati,736
aplicaţiile,736
damn,736
DEFCON,736
culorilor,736
Volkswagen,736
prezumţia,736
cere-le,736
ajutau,736
Falk,736
Lottie,736
programările,736
schilodit,736
comunismului,736
vanzarea,736
dedicate,736
părintească,736
bina,735
sandvişurile,735
Boeing,735
O'Shea,735
knockout,735
tulburările,735
reapare,735
ama,735
sforăit,735
deshidratare,735
arctică,735
ți-ar,735
coș,735
aşteaptă-ţi,735
Virginiei,735
arată-mi-o,735
Hyo,735
cronometrat,735
smintit,735
locu,735
înfricoşat,735
percheziţionez,735
Sabina,735
înlăturarea,735
Cerebro,735
infinitate,735
legãturã,735
elicea,735
luptã,735
naniţii,734
increzator,734
pliant,734
Winona,734
instructaj,734
zale,734
verbale,734
mofturos,734
Malena,734
autorizatia,734
capturate,734
cheagul,734
sauna,734
beneficiarul,734
bătrîn,734
îmbraca,734
Skippy,734
decedate,734
schita,734
Reina,734
dezbracata,734
sufocant,734
Jamey,734
agresori,734
părăsea,734
deschizătură,734
dezvaluie,734
împiedicaţi,734
prefăcută,734
Jinxy,734
tocată,734
nemernico,734
colaterală,734
pururea,734
monstruoasă,734
reseta,734
viziteaza,734
XMylady,734
Rube,734
fizicul,734
azi-dimineată,734
Gutierrez,734
verific-o,734
Tangiers,734
discrediteze,734
Gawain,734
azi-dimineata,734
aragazul,734
basmele,734
soseasca,734
triada,733
schimbarile,733
presată,733
izbăveşte,733
cusătură,733
batrin,733
rapiditate,733
judecătorească,733
Cataleya,733
survenit,733
Baku,733
sigila,733
Quest,733
traumatizată,733
trăgătorii,733
action,733
împuscă-l,733
nesupravegheat,733
hotarele,733
condamnăm,733
Pernell,733
speculaţie,733
Bruges,733
circumcis,733
pactului,733
Kerrigan,733
omoara-i,733
roeduard,733
Soong,732
răsfăţaţi,732
abuzezi,732
Petty,732
scădem,732
aruncă-ţi,732
someone,732
locuiai,732
vasta,732
acopera-ma,732
negro,732
copilo,732
înaltului,732
sili,732
ciclului,732
politista,732
dezordonată,732
conştiente,732
lagună,732
săptămânală,732
obisnuiai,732
mătuşile,732
uitase,732
amplificat,732
Byrd,732
simtit-o,732
democraţii,732
apăsăm,732
mănîncă,732
cica,732
ambitia,731
extrădarea,731
fighting,731
Japp,731
ti-aduci,731
Napier,731
înşelătoria,731
sexist,731
propună,731
dezamăgiri,731
Bonny,731
toboşar,731
romulană,731
proiectilele,731
Horvath,731
amenintă,731
recită,731
Mayweather,731
înroleze,731
escrocul,731
pescăruş,731
ilor,731
Snickers,731
polonezii,731
măcelări,731
Orientului,731
transpirate,731
înconjurătoare,731
prescrise,731
ghicim,731
angajamentele,731
Aiken,730
giganţii,730
orificiu,730
Cheetah,730
treflă,730
sustras,730
latentă,730
plumbul,730
ostilitatea,730
gradinita,730
lucidă,730
Gagarin,730
bileţele,730
paraziti,730
documentaţia,730
Natan,730
înnebuneste,730
micã,730
garantate,730
trimestrul,730
tâmplărie,730
oricarei,730
văzduh,730
considerata,730
scandalagiu,730
împuşcate,730
setările,729
Rohanului,729
batiste,729
gheţarul,729
ascunzatoare,729
tensiunile,729
activati,729
Thornhill,729
sprint,729
granitele,729
internaţionali,729
sparge-o,729
cranian,729
capricioasă,729
hidrogenul,729
conturul,729
cultiv,729
înţelegerile,729
casta,729
Blank,729
supapele,729
Gran,729
alergau,729
evidenţiat,729
comuniştilor,729
neadevărat,729
Fuhrerul,729
minora,729
Trigger,729
fiică-sa,729
ramolit,729
nesimţită,729
serveste-te,729
conectati,729
carapacea,729
preferinţe,729
grăsanule,729
Chaudhary,729
indispus,729
învăţatul,729
pedichiura,729
Leipzig,728
transportoare,728
Milner,728
flaconul,728
Thunder_oc,728
claxonul,728
consecinta,728
Rango,728
încălcări,728
injectia,728
muist,728
manetă,728
McDeere,728
muzicala,728
dozele,728
prietenosi,728
jachete,728
însetată,728
posezi,728
Astoria,728
casatoreste,728
prelucrat,728
mustrări,728
Nika,728
soti,728
aşchii,728
certi,728
Toothless,728
acoperă-ne,728
învingătoare,728
sinonim,728
Roddy,728
siguranţe,728
Donkey,728
canto,728
mandarin,728
adopţi,728
comisariat,728
Midtown,728
şantajează,727
visători,727
magicienii,727
Catelyn,727
intermediari,727
Rath,727
obiecta,727
Runner,727
măsuţă,727
prosperat,727
interceptarea,727
valorilor,727
Sauvage,727
geniali,727
autoarea,727
pizzeria,727
îndrăgostim,727
spuneti-le,727
nimerească,727
administrezi,727
ventilaţia,727
simţii,727
BMW-ul,727
diabetul,727
Mehmet,727
frecventat,727
recipiente,727
administrativă,727
Corvus,727
prinsesem,727
voios,727
unison,727
Frenchy,727
Enola,727
nepretuit,727
Goodnight,727
roşcato,726
încuiem,726
io-s,726
Spoon,726
Mercia,726
mană,726
Vanessei,726
McNulty,726
adăpostesc,726
Bellagio,726
McKinney,726
neconfirmate,726
baraje,726
nesimţiţi,726
deserturi,726
bunătăţile,726
trecători,726
fundalul,726
Mardon,726
Bozo,726
îngraş,726
pretexte,726
Așadar,726
parcări,726
sageti,726
intensificat,726
serverului,726
gălăgioşi,726
intotdeuna,726
îndrum,726
pornografice,726
taie-o,726
Moș,726
Fagin,726
urletul,726
i.d,726
pay,725
scărpinat,725
noastr,725
dezamăgitoare,725
congresmen,725
veacuri,725
Dawkins,725
rugile,725
sârb,725
tapetul,725
pixuri,725
Anika,725
disecat,725
nţeles,725
natiunilor,725
Na'vi,725
judge,725
coregrafia,725
hazna,725
Nygma,725
asasinule,725
Roşe,725
operativă,725
scurti,725
capturează,725
avea-o,725
feroviar,725
persoanã,725
extremişti,725
dovedit-o,725
muieri,725
furtunilor,725
acceptând,724
masinaria,724
incrimina,724
Vidal,724
Ltd,724
Nevins,724
dezorientare,724
muşamalizat,724
însemnări,724
stearpă,724
depindem,724
despartire,724
cîteodată,724
Thrace,724
penicilina,724
shining,724
Rumple,724
califica,724
amăgit,724
Dekker,724
compatrioţii,724
mesagerii,724
căcaturile,724
Nokes,724
hangarului,724
indicând,724
cleric,724
templierii,724
investigație,723
leafa,723
oprita,723
ostenit,723
razbun,723
enervanţi,723
pick,723
neregulate,723
izbăvire,723
sasul,723
Griggs,723
Rovere,723
liberală,723
dotaţi,723
legitima,723
geamantan,723
detaliilor,723
rezistam,723
ravioli,723
lichidez,723
mapa,723
autorizate,723
importat,723
rasare,723
confruntaţi,723
salar,723
Adrien,723
invătat,723
nenumarate,723
servetele,723
slabiciunea,723
anuleaza,723
genelor,723
Korsak,723
învăţate,723
premeditată,723
însoţitori,723
luxoase,723
intalniti,723
Kilo,723
Fitzhugh,723
tac-tu,723
macetă,723
încântati,723
pensioneze,723
răcnet,723
Honduras,722
singurică,722
lucrați,722
seminal,722
împărtit,722
eronate,722
posedaţi,722
Emanuel,722
Caspere,722
suspină,722
Foa,722
negativa,722
Wordy,722
sarcastică,722
Dow,722
gazelor,722
boiler,722
gravate,722
fratie,722
desenată,722
ronţăit,722
Abdullah,722
scufiţa,722
punci,722
fiola,722
învătati,722
loţiunea,722
femurală,722
foştilor,722
savantul,722
Avocatul31-Subtitrari-noi,722
Corrado,722
wc-ul,722
sister,722
regenerarea,722
clopotelul,722
imenşi,722
păleşte,722
lupa,722
premier,722
înconjoare,722
bârfesc,722
cardinalii,722
distorsiune,721
apartinea,721
aspirant,721
pomenim,721
integreze,721
cultivăm,721
facultăţi,721
infidelitatea,721
dicta,721
locatari,721
scăpati,721
boxului,721
traseului,721
claustrofobie,721
inițial,721
şocului,721
temnita,721
oncologie,721
lulea,721
Humbert,721
latul,721
prostutule,721
rezolvati,721
remiză,721
Creedy,721
dându-le,721
hamburgerii,721
detonăm,721
parodie,721
functionare,721
fabuloase,721
curtezană,721
Aurelia,721
dezgustatoare,721
criminalistice,721
culmile,721
dovleacul,721
ţintuit,721
mormăie,721
vanat,721
Mandrake,721
fai,721
zisa,721
berbecul,721
angajatorii,721
deteriorată,721
altu,721
liniștită,721
Prix,721
eșec,721
iubăreţule,720
Bosley,720
dumneavoastrã,720
beep-uri,720
iată-ţi,720
cărând,720
ax,720
israelienii,720
matador,720
albit,720
metodic,720
relatări,720
şaradă,720
copitele,720
funiile,720
monolog,720
masinarie,720
Halle,720
devenii,720
dezvăluite,720
ghetoul,720
dronelor,720
aniversării,720
Jeffersonian,720
înjur,720
VIP-uri,720
Needy,720
rave,720
gindeste-te,720
baionetele,720
instalaţiile,719
Daria,719
delapidare,719
Helmsley,719
nefericitul,719
plângerii,719
Zimmer,719
învecinate,719
insori,719
Junuh,719
descoperiti,719
reziduurile,719
alibiuri,719
emisii,719
tentaţia,719
rugati,719
ignorând,719
Dartmouth,719
Minton,719
şah-mat,719
plaseze,719
Abydos,719
descuiat,719
panaramă,719
hărţuitor,719
coal,719
Mallard,719
Farmington,719
mediocră,719
Fronsac,719
calugarita,719
Surrey,719
capriciile,719
Leena,719
Torchwood,719
chupacabra,719
asediat,719
boxerul,719
exhales,719
Republic,719
ua,719
Hyman,718
psihotică,718
desculţ,718
convenţionale,718
audi,718
rulantă,718
Memnon,718
valută,718
ala-i,718
Kia,718
sărită,718
sarute,718
vicepresedintele,718
Ranjit,718
întelepciunea,718
șofer,718
Hummer,718
mano,718
singuratate,718
accelerată,718
welcome,718
idioţenie,718
sociali,718
justă,718
provinciei,718
Delmar,718
proprietăţilor,717
Ems,717
cimitirului,717
interpretată,717
grilajul,717
Heroes,717
Broderick,717
zeamă,717
stimulator,717
definită,717
aşteaptă-l,717
copieze,717
adăpostească,717
izbucneşte,717
hobbitul,717
inscripţie,717
Salinas,717
raidurile,717
Kohaku,717
rugina,717
Spanky,717
funcţionarul,717
Guggenheim,717
înnebunea,717
chemării,717
bodyguarzi,717
lasata,717
neîntrerupt,717
lmi,717
manevrează,717
Lattimer,717
argilă,717
construcţiei,717
natiunile,717
aztec,717
c-as,717
ocazionale,717
Mojave,717
git,717
leneşule,717
tundă,717
omuleţi,716
duo,716
numire,716
lime,716
rusinat,716
Khlyen,716
Snoopy,716
bodega,716
Cami,716
Bruiser,716
magnifica,716
lombară,716
Durin,716
Gert,716
Fernand,716
greutăţii,716
insuficientă,716
Mud,716
p-aci,716
Rusk,716
Ramse,716
guvernanta,716
reconciliere,716
strateg,716
Delphi,716
frana,716
mobilizare,716
nespuse,716
începătorule,716
Tigh,716
orbeşti,716
jefuiti,716
plângăcioasă,716
răposatului,716
țipă,716
labagii,716
legendare,716
ursuz,716
Metz,716
ambarcaţiune,716
incognito,715
tevi,715
spade,715
Pulaski,715
reunesc,715
emisia,715
materialelor,715
sporită,715
conaşule,715
Fionei,715
dear,715
nurse,715
rocker,715
cimentul,715
amatorii,715
daunelor,715
vitro,715
misionari,715
Pickett,715
Vasco,715
donaţia,715
purpurii,715
abureală,715
vasectomie,715
Ark,715
Mulcahy,715
aruncatul,715
zvonea,715
activeaza,715
trenurilor,715
ţopăi,715
răpune,715
patinele,715
Zoila,715
clemenţă,715
ţipau,714
pedale,714
menţioneze,714
rupea,714
fard,714
iPad,714
valoroasa,714
Scudder,714
apăsând,714
grefă,714
titanii,714
peştişori,714
baghetele,714
creşteau,714
Lions,714
învelesc,714
adoram,714
pompare,714
cronicile,714
Owl,714
indicatoare,714
spațiul,714
elite,714
Muhyul,714
folclor,714
continuați,714
Cuthbert,714
Greenleaf,714
anticipez,714
faţada,714
copleşeşte,714
savoare,714
mongolii,714
indoieli,714
desfășurare,714
citește,714
deportaţi,714
jucatorii,714
campionului,714
Lis,714
ofițerii,714
lepră,714
Larra,714
temeinic,714
adăugă,714
thailandez,714
dureroasa,714
vitejia,713
holera,713
practicarea,713
dorești,713
greiere,713
Starsky,713
initiala,713
MILF,713
sanatoriul,713
alien,713
Sigma,713
boxezi,713
satelitii,713
iertaţi-mi,713
localnicilor,713
Theory,713
Mutt,713
myself,713
rasul,713
tronurilor,713
utili,713
neîncrederea,713
Leticia,713
aceștia,713
Matteo,712
Cumberland,712
Tiff,712
stereotip,712
pilonii,712
nuanţa,712
cute,712
înclinaţia,712
Amen,712
Jun-shik,712
dusmanului,712
Pakistanul,712
amintiti-vă,712
calculezi,712
Ritei,712
risipim,712
luminez,712
celebrităţile,712
emoțional,712
episode,712
ruptul,712
suprapuse,712
monștri,712
apropiaţii,712
dezamăgească,712
spaniolul,712
național,712
Inman,712
preoţilor,712
recul,712
mâncai,712
concludent,712
elefanti,712
sacoşa,712
terapiei,712
protejat-o,711
warlock,711
evaluează,711
investită,711
linisti,711
inovatoare,711
Shiv,711
frumuşelul,711
hurt,711
cutremură,711
Song-yeon,711
vida,711
Dobson,711
maquis,711
leopardul,711
îngăduie,711
tichete,711
amenintari,711
impusă,711
timida,711
câstigati,711
Amélie,711
Eugenia,711
sceptru,711
Reston,711
scuteşte,711
variabilă,711
Christophe,711
save,710
Huston,710
scotch-ul,710
preţului,710
Hellboy,710
ur,710
găozar,710
SunnyDays,710
Darian,710
Alisha,710
întunecoasă,710
confesat,710
Soneji,710
Casterly,710
ti-amintesti,710
urările,710
puturoasă,710
Bierko,710
Gilligan,710
facţiuni,710
Ronaldo,710
sacrificarea,710
bufnita,710
redactorul,710
spionai,710
agrafe,710
mediumul,710
boltă,710
aritmie,710
Elkins,710
infracţiunilor,710
şochează,710
conuri,710
prăjitorul,710
agăţaţi,710
afirmi,710
nesiguranţa,710
studiilor,710
hienele,710
găsiţi-mi,710
pervaz,710
supravegheaza,710
patrunde,710
transcrierea,710
mafiote,710
legalitate,710
Pontiac,710
Boise,710
circumstanţiale,710
dusese,710
tolerăm,710
uimi,710
inlocui,710
frumusetii,710
yankeilor,710
utilitatea,710
abordeze,709
gă,709
Wikipedia,709
credinciosi,709
Floki,709
spălată,709
Stacee,709
caverne,709
pateu,709
fișiere,709
păţiţi,709
frânturi,709
taramul,709
idoli,709
ataşaţi,709
înconjurăm,709
neuronală,709
Foxy,709
aurit,709
uşori,709
Thawne,709
led,709
sunbae,709
elveţiene,709
gîndi,709
Wainwright,709
Isaak,709
instituit,709
arborii,709
răsturnare,708
grătare,708
comment,708
lopeţi,708
chibrite,708
zoologice,708
cofetărie,708
Andover,708
insinuat,708
nerezolvată,708
cuptoare,708
respectiva,708
minds,708
transferului,708
agitatia,708
purifica,708
vrăjită,708
tra,708
gul,708
cyber,708
renunţare,708
hotarul,708
voit,708
stripteuza,708
jidan,708
prabuseste,708
cut-o,708
crematoriu,708
Portsmouth,708
turei,708
Bandy,708
coloniilor,708
Whew,708
Redman,708
Tami,708
ofensată,708
vânzărilor,708
tăişul,708
remorcher,708
deteriorare,708
zinc,708
Balin,707
Thorwald,707
an-lumină,707
diabolice,707
constituţiei,707
intră-n,707
fostii,707
eterul,707
Paulina,707
supravietuitorii,707
realizeaza,707
despăgubire,707
Tombstone,707
duhului,707
Fairview,707
Hayworth,707
nedeterminată,707
sosetele,707
seriile,707
zorile,707
tentată,707
acţionar,707
colada,707
manechinul,707
Butcher,707
grij,707
purtand,707
proteina,707
pomeneşte,707
Kinney,707
bueno,707
meditează,707
vagaboandă,707
usuci,707
obiectului,707
terenurilor,707
masti,706
fanfara,706
autonomie,706
pumnului,706
încadra,706
venerez,706
nările,706
obraznice,706
umflaţi,706
ocupau,706
hair,706
halate,706
căpcăunul,706
intensiv,706
room-service,706
coreenii,706
Padmé,706
antipatic,706
Austriei,706
harponul,706
mutați,706
observate,706
Twinkie,706
readuci,706
Orfeu,706
pişa,706
Birkoff,706
epuizant,706
sărate,706
recunoasterea,705
preşul,705
inceteze,705
München,705
țări,705
împăiat,705
hon,705
seismică,705
Uchiha,705
utilizati,705
Chiffre,705
atingând,705
măsea,705
sporeşte,705
macheta,705
revoluţionare,705
reluarea,705
Romanoff,705
totu-n,705
tufişurile,705
Wilton,705
pumă,705
iata-i,705
las-o-n,705
defibrilator,705
permisia,705
Carolinei,705
poncho,705
izvoarele,705
testat-o,705
complimentul,705
egoul,705
Linds,705
petrecând,705
tancurilor,705
suporterii,705
impostorul,705
judiciare,704
prăjiti,704
Alva,704
DeMarco,704
clarinet,704
usturoiul,704
interacţiune,704
reactioneaza,704
regularitate,704
aleatorie,704
clasicii,704
concurentă,704
diviziile,704
Rawlins,704
mentalist,704
ajusta,704
batalionului,704
Dag,704
telenovelă,704
îmbrăţişările,704
Hakan,704
obligat-o,704
uitând,704
ţâţâI,704
Denning,704
situate,704
mariachi,704
genomul,704
Gita,704
Kubrick,704
sudice,704
florii,704
Wikus,703
concediati,703
Moines,703
operatiunii,703
Macedonia,703
indragostesc,703
nepreţuite,703
viţelul,703
Marlena,703
maimutelor,703
uzată,703
Heineken,703
Kareem,703
hunii,703
domnisoare,703
fricã,703
orasel,703
Tash,703
reculegere,703
interfereze,703
Vasili,703
Kagan,703
alergarea,703
graţierea,703
priit,703
cufundat,703
remarc,703
expertii,703
depărtat,703
Satine,703
roscata,703
furturile,703
troc,703
detonatoare,703
editorii,702
oprii,702
încălcând,702
jigodii,702
spionilor,702
Tuvia,702
florar,702
ignoră-i,702
condoleantele,702
smochine,702
compare,702
prevăzător,702
Sunrise,702
scărpina,702
U.N,702
adolescenţilor,702
Sola,702
căsuţe,702
Helmut,702
Dyer,702
nepoatele,702
albinos,702
thailandeză,702
sandvici,702
Dunlop,702
ghiozdan,702
locuiasca,702
îndreptăţită,702
getting,702
si-atunci,702
Şşşt,702
depăşirea,702
tontule,702
Sankt,702
Lombard,702
Chuy,702
B.B,702
orchestrat,702
hemoragii,702
claxoane,702
descărcări,702
luciu,702
aveþi,702
sud-estul,702
sfătuiţi,701
agresorii,701
amărâţii,701
Nielsen,701
agentule,701
asociaţie,701
bancară,701
aberaţie,701
ofertei,701
studiaza,701
intr-adevăr,701
tuturora,701
dati-ne,701
photoshop,701
albaştrii,701
blondino,701
navigaţia,701
SUBTITRAREA-DACIAN,701
Weekly,701
corporatii,701
grafică,701
Korben,701
soarecele,701
binecuvantarea,701
scroafa,701
declaratiile,701
intimităţii,701
restu,701
Anand,701
ceață,701
întâlneau,701
parcurgem,701
algoritmi,701
iile,701
Tribbiani,701
Ebenezer,701
tovarasi,701
Connell,700
fixativ,700
inoata,700
transplanturi,700
întrunit,700
scrisului,700
Jean-Louis,700
șarpe,700
pută,700
restaurare,700
oferiti,700
iarta,700
mormaieli,700
Martins,700
improvizaţie,700
Fenster,700
afgan,700
pumnale,700
dezamăgit-o,700
generate,700
spaţios,700
izbelişte,700
Granada,700
Norrie,700
D.A,700
sindicate,699
Gul'dan,699
lauri,699
probat,699
vÄ,699
regăseşti,699
mişcată,699
Alak,699
ae,699
adunată,699
Fed,699
Campo,699
oricăror,699
zăpăcită,699
Mongo,699
Naz,699
evaluările,699
Diggs,699
hex,699
financiara,699
Yasmin,699
sărbătorii,699
celebrităţilor,699
islamică,699
admiratorii,699
mincat,699
draguţ,699
nouăsprezece,699
vipere,699
Germaine,699
Horst,699
football,699
climă,699
infrastructură,699
reprezentarea,699
astmul,699
eşuăm,699
psiho,699
zecelea,699
Hanukkah,699
fierărie,699
frumuseţile,698
Massimo,698
desprind,698
multitudine,698
contributie,698
Torrio,698
artista,698
ameninţând,698
undiţă,698
wide,698
Armageddon,698
poluat,698
ecluza,698
desfăsurare,698
Hortense,698
incheia,698
Stepan,698
translated,698
persani,698
poeţii,698
Lyme,698
construia,698
rit,698
Flicka,698
lay,698
virgini,698
dispret,698
vârstnic,698
refăcută,698
sexualitate,697
Odd,697
eliberează-ţi,697
cardassienii,697
abtin,697
deranjam,697
irlandezul,697
matinal,697
mileniului,697
coacăze,697
autentificare,697
Kingsman,697
spatelui,697
afectiunea,697
Jakarta,697
autist,697
delegaţii,697
exageraţi,697
Hanover,697
nobody,697
evacuate,697
spasm,697
crose,697
scriitorilor,697
râioasă,697
convorbirilor,697
balistica,697
chilotei,697
calificări,697
îndepliniţi,697
lină,697
procentaj,697
flower,696
legitime,696
papucul,696
Greenpeace,696
iune,696
Behmen,696
egg,696
convinge-o,696
Broussard,696
anaconda,696
Kovu,696
colaboratori,696
Wennerström,696
antisocial,696
Zuko,696
hepatică,696
job-ul,696
Luxemburg,696
padelele,696
spulberate,696
Dembe,696
intr-unul,696
straduiesc,696
mustrare,696
fatala,696
Technologies,696
putând,696
relicva,696
Dhabi,696
clasicul,696
pătrată,696
biblioteci,696
pita,696
pămpălăule,696
Kravitz,696
fotografiei,696
şarm,696
coyote,696
difuzare,696
boa,695
hamac,695
domnită,695
indrazni,695
pripi,695
dami-l,695
alley,695
arheologi,695
deţinătorul,695
vocaţie,695
Lupin,695
intersectie,695
verificaţi-vă,695
Financial,695
rozul,695
blondule,695
ursuleţule,695
Johny,695
văl,695
Magnolia,695
Anchorage,695
versul,695
şederii,695
păgânii,695
dorință,695
aranjează-ţi,694
burgerii,694
sacrificiului,694
compromită,694
eliberator,694
Academy,694
ma-ta,694
Copeland,694
cuţitului,694
Consuela,694
cultive,694
Jas,694
tichet,694
DISTEL,694
înecată,694
mandatele,694
Desiree,694
direcţiei,694
însoţitorii,694
greşească,694
stocuri,694
gâştele,694
Boyka,694
facuse,694
ursuleţi,694
improvizează,694
dara,694
nitro,694
bătrânele,694
laserele,694
străduieşte-te,694
sentinţe,694
grecilor,694
Kajal,694
confesez,694
răscumpăr,693
dirijează,693
mentala,693
taticu,693
călăuzi,693
pupitrul,693
rasismul,693
blazonul,693
astronom,693
Grayer,693
modificaţi,693
vacilor,693
saab,693
burghiul,693
Minos,693
Ester,693
indicatii,693
transferati,693
consumăm,693
Mystique,693
who's,693
imensitatea,693
Persiei,693
Blackburn,693
reacție,693
prindeam,693
expunerii,693
mânzul,693
haleală,693
H.G,693
până-ţi,693
mitui,693
ridica-ti,693
samanta,693
stareţă,693
suedeze,693
Henryk,693
soacră,693
Apolo,693
d-abia,693
menţionaţi,693
migrează,693
noteze,693
contrarie,693
asistentului,693
adopţii,693
iertat-o,693
beneficiar,693
sectiune,693
ch,693
împletit,692
nimereală,692
ge,692
hackerul,692
Niro,692
Führerului,692
afurisitule,692
paraşutişti,692
clonare,692
Younger,692
smaralde,692
summit-ul,692
sceptici,692
sucurile,692
talking,692
Rhoda,692
consultaţi,692
insă,692
leşinată,692
Atta,692
variola,692
dumneavostra,692
inducă,692
sulfuric,692
discretie,692
prietenească,692
bogați,692
ajungeai,692
săptămânale,692
Rache,692
păstrătorii,692
alteţei,692
Lanei,692
Millicent,692
incheietura,692
zonelor,692
dictat,692
avansati,692
Splinter,692
democratică,692
întinde-o,691
însănătoşi,691
nenoroci,691
epoci,691
distante,691
oțel,691
Goldfinger,691
psihoza,691
Zev,691
Rao,691
viril,691
palate,691
senzație,691
millioane,691
rigoare,691
pedepsite,691
Garak,691
înghiti,691
ereditar,691
intimidează,691
dâra,691
distinct,691
supremaţia,691
paznicilor,691
hărţuiesc,691
dietetic,691
autocarul,691
preturi,691
iremediabil,690
enjoy,690
frantuzesc,690
temporara,690
reeducare,690
purceluş,690
puscas,690
kan,690
muşamalizare,690
recreaţie,690
Suki,690
satisfacut,690
băşici,690
decima,690
captează,690
răzgândesti,690
închideți,690
masteratul,690
băt,690
urticarie,690
isteata,690
holopunte,690
hipiot,690
cracker,690
hacking,690
libertătii,690
lăcomiei,690
Montrose,690
Proteus,690
Rafi,690
autenticitatea,690
aseze,690
dimineţi,690
poşete,690
Litt,690
matele,690
nesănătoasă,690
optice,690
perechile,689
moşneag,689
Milt,689
Lauderdale,689
suveranul,689
frigiderului,689
pierzanie,689
învăţătura,689
scăpam,689
ogre,689
arbaletă,689
dezvăluită,689
localuri,689
mărfurile,689
Eastman,689
astronomice,689
incintă,689
Mufasa,689
slide,689
Neverland,689
extazul,689
demonstreaza,689
Corcoran,689
Henson,689
corupti,689
turcească,689
expusi,689
amăgeşti,689
Drebin,689
divide,689
semintele,689
Merida,689
concertele,689
intruziune,689
cocoşat,689
limiteze,689
Monnyy,689
ireversibil,688
culinară,688
infidelitate,688
pepenele,688
ospătarul,688
salvatori,688
meta,688
soţiilor,688
înşelam,688
Da'an,688
alarmei,688
imaginilor,688
mă-ntâlnesc,688
chiriaşii,688
Mouna,688
statii,688
inspectez,688
pardesiul,688
radiourile,688
Haldeman,688
Wylie,688
intrebări,688
Kemper,688
obsedează,688
win,688
desenat-o,688
îndoielnic,688
mustăţi,688
zebre,688
obligatii,688
intentionam,688
melasă,688
fătucă,687
radiază,687
evitate,687
găsii,687
întrebată,687
urmăriţi-i,687
goblini,687
optim,687
fututul,687
enzimă,687
acţionarilor,687
Coughlin,687
maiaşii,687
Squirrel,687
Gogo,687
Rosebud,687
premiilor,687
obligatia,687
Hindenburg,687
sigurã,687
compromit,687
candidati,687
supusul,687
curga,687
apogeu,687
şiretul,687
retraşi,687
rid,687
medita,687
incitat,687
judecatorului,687
clarifici,687
răspândiţi-vă,687
Raph,687
inocenti,687
lăturalnice,687
şanţuri,687
contest,687
nevasta-sa,687
îndrăgostiţii,687
Aleksandr,687
înfruntare,686
repus,686
lovește,686
sfinxul,686
sinistre,686
Coraline,686
mărşăluit,686
cazez,686
printat,686
turcilor,686
fixaţie,686
Byrne,686
atragator,686
preferinţele,686
inspectat,686
vietnameză,686
Duluth,686
ştreangul,686
Ferrari-ul,686
n-ajung,686
suporteri,686
accelereze,686
faimoasele,686
bastion,686
nenea,686
offline,686
Aquaman,686
ceaiuri,686
benzii,686
cercetătorul,686
întâietate,686
inghiti,686
Ä,686
ademenească,686
te-ngrijora,686
vopsi,686
calamitate,686
influentat,686
lasã,685
decodat,685
butuc,685
dintr-a,685
lansati,685
mau,685
integrare,685
patologie,685
Giovanna,685
râurilor,685
impresionata,685
renunţând,685
umplea,685
divulg,685
întepenit,685
Telford,685
eco,685
upercut,685
bursuc,685
Trotter,685
Zilong,685
fontcolor,685
caleaşca,685
Kiran,685
odiseea,685
pedepseste,685
dispuși,685
invadată,685
redemer0,685
buletine,685
grosimea,685
Gleason,685
Bianchi,685
de-aţi,685
Windu,685
planetare,685
cruţi,685
sportivii,685
Temudgin,685
Tiana,685
ţipam,685
editat,685
Pak,685
mâncărurile,685
deriva,685
Dumont,685
intensa,684
tăbăcim,684
Williamsburg,684
îndatoraţi,684
Petersen,684
înlături,684
concubină,684
tridentul,684
subspaţial,684
locşor,684
tipând,684
rotit,684
Iertaţi-ne,684
bulău,684
incurabilă,684
greieri,684
prostituţia,684
cianura,684
experimentelor,684
mirosim,684
dansai,684
conservatori,684
hoardele,684
australieni,684
Quality,684
logoditi,684
ospătăriţă,684
victorioşi,684
asfixiere,684
straşnică,684
Kell,684
parvenit,684
gettin,684
siloz,684
d-soară,684
Bermuda,684
disparute,683
curmat,683
proiectilul,683
locatii,683
exmatriculată,683
loiale,683
scâncet,683
history,683
teleporteze,683
profesiei,683
colaborez,683
pedepsita,683
prăjeşte,683
invizibilitate,683
răspândim,683
banu,683
simbiot,683
arde-i,683
Temistocle,683
enzime,683
cartonaşe,683
trecut-o,683
sporii,683
burbon,683
Brubaker,683
Beauregard,683
Oberyn,683
etapele,683
pedepsesti,683
explorează,683
memorez,683
Bajor,683
rostogoleşte,683
colturile,683
apasati,683
înfruntarea,683
Yardley,683
titular,683
morbidă,683
descompus,683
Busan,683
interzici,683
spaţiali,683
călăuza,683
playstation,683
Bulger,682
buşteni,682
lăcătuş,682
şamponul,682
intruşii,682
americanca,682
emitem,682
deşeurilor,682
atotputernicului,682
persană,682
MacGruber,682
Prophet,682
cargou,682
grefa,682
recursul,682
templierilor,682
demola,682
ke,682
dominare,682
amenajat,682
succesele,682
agricol,682
Garvin,682
Buyeo,682
revelaţii,682
auf,682
maimuţico,682
alai,682
executate,682
ţ,682
specialităţile,682
trasee,682
breeze,682
Goodspeed,682
pierzător,682
desemna,682
innebuneste,682
asasinată,681
clovnilor,681
Alexx,681
Kardashian,681
ușii,681
conectarea,681
teafara,681
Vilma,681
jamaican,681
vibratoare,681
pedepsele,681
frătie,681
asumă-ţi,681
bauturile,681
invazii,681
hidra,681
soferului,681
emigranţi,681
creditorii,681
unităti,681
Elder,681
clonarea,681
topire,681
suprafață,681
înfunde,681
executor,681
MRI,681
cinta,681
punţi,681
initiat,681
adorăm,681
Maw,681
sanatosi,681
parcela,681
Rankin,681
pământeşti,681
Higgs,681
mahmură,680
contabilă,680
Kainan,680
epicentrul,680
ipocriţi,680
Mustangul,680
pregăteşte-l,680
Lechero,680
Piero,680
accelerarea,680
Manticore,680
depinzi,680
Tibbs,680
băii,680
năruit,680
Takashi,680
Quijote,680
nazale,680
cenusă,680
fecior,680
derula,680
clandestine,680
isn't,680
recit,680
patroana,680
furau,680
înţelesesem,680
retinei,680
descopera,680
descopar,680
savurat,680
mititelul,680
orientală,680
stiţi,680
încrezută,680
substitut,680
mahi,679
lipsiti,679
Scipio,679
Rowley,679
împrospătez,679
count,679
vi-a,679
rasial,679
dl-e,679
mintiti,679
piciule,679
meditat,679
deteriora,679
clopoţeii,679
constituţional,679
absurditate,679
portabilă,679
aspira,679
programează,679
Axelrod,679
chai,679
embrion,679
radeti,679
umiliţi,679
grabnică,679
artrita,679
Nugent,679
Nunez,679
Frieda,679
tacuta,679
regulatorul,679
Hachi,679
conţinând,679
Sheng,679
producţiei,679
pandantivul,678
Tezo,678
Deunan,678
Annapolis,678
progresa,678
modela,678
infiltrăm,678
săpând,678
Crowne,678
rulăm,678
Paloma,678
îmbătrânire,678
Campos,678
doesn't,678
Shangri-la,678
condimentat,678
taliban,678
mamiferelor,678
nemulţumită,678
cornuri,678
chimica,678
Covington,678
sferele,678
Veron,678
buruienile,678
înoti,678
cârnatul,678
cafeină,678
Danko,678
tumorii,678
neurologie,678
coagulare,678
socotim,678
cârligele,678
anse,678
culoarului,678
prompt,678
abată,677
Hummel,677
ploios,677
tâlhărie,677
tampita,677
tranzactie,677
Kersey,677
Washburn,677
masez,677
Munch,677
sediului,677
variaţie,677
sedere,677
tumorile,677
understand,677
sugrum,677
Grodd,677
pictori,677
surprinde-mă,677
rusilor,677
franciză,677
Shaq,677
înlăuntrul,677
flancurile,677
Sahir,677
sacrificate,677
sincerele,677
sfatului,677
Tosh,677
aliantă,677
mob,677
străinule,677
Datak,677
reflectoarele,677
nuiaua,677
negăm,677
contradictoriu,677
Hymie,677
configuraţia,677
jurământului,677
alegeți,677
bombonele,677
constitutia,677
aplecaţi-vă,677
mânuit,677
ajutătoare,677
optime,676
miniştri,676
aduce-ţi,676
loialităţii,676
indicele,676
Fender,676
imprumuti,676
macazul,676
dric,676
sifu,676
Intelligence,676
parcaţi,676
zâmbiti,676
proeminent,676
ajustat,676
Kolya,676
crezand,676
pelvisul,676
colțul,676
îngrijorate,676
mutilare,676
pescăruşi,676
albus,676
officer,676
Nasser,676
a-și,676
portofoliu,676
reflecţia,676
cruciade,676
Uranus,676
încornorat,676
stârnească,676
ghişeu,676
hutu,676
compatibilă,676
mortis,676
rozmarin,676
Tierney,676
tentaţie,676
ritualului,676
euforie,676
Salvo,676
rãmâi,675
Federatia,675
magul,675
Siren,675
serveasca,675
tentantă,675
mode,675
şofat,675
acului,675
negociatorul,675
cosmetică,675
puteati,675
descompunerea,675
O'Dell,675
dementul,675
comunisti,675
comunităţile,675
sacrificare,675
călătoream,675
dollar,675
toxicologică,675
maronie,675
vanatori,675
programezi,675
frumoaselor,675
montajul,675
dungă,675
fertilă,675
refacere,675
alegeţi-vă,675
viii,675
atractiva,675
preparată,675
plantează,675
Lilian,675
prelevat,675
dumneaei,675
tatuată,675
Aquarius,675
Ransom,675
calitati,675
executive,675
declarația,675
nemăritată,675
toanele,675
caietele,675
C0C0C0,675
jetul,675
mulțumită,674
lele,674
Hershey,674
vreodat,674
digera,674
sugerăm,674
văicări,674
intâlnire,674
diferente,674
pelvis,674
Shino,674
ecosistem,674
c-ati,674
Reynold,674
senzuală,674
cururile,674
concesii,674
acre,674
pregăteşte-mi,674
amorul,674
adeveri,674
saselea,674
condamnaţii,674
evaporă,674
necorespunzător,674
semi,674
proiectat-o,674
retinere,674
predate,674
consoleze,674
aperitivele,674
Carotă,674
ecranele,674
Salamanca,674
respins-o,674
crutat,674
hraneste,674
falsificare,674
Cats,674
izolezi,674
frecarea,674
Vespa,674
draqu,674
Whitley,673
vice-presedinte,673
legislaţia,673
colonială,673
pregatirile,673
populat,673
super-eroi,673
făcându-mă,673
franţuzeşte,673
rivală,673
Norrington,673
vanitos,673
votului,673
Shauna,673
dias,673
intuitiv,673
Argos,673
accelerezi,673
implicând,673
înstărit,673
televizat,673
replicatori,673
descendentă,673
Twila,673
catedră,673
măgăruş,673
G.D,673
cerşeşti,673
tampenii,673
Saratoga,673
încăpătânat,673
cuvinţel,673
şurubelniţa,673
constrânge,673
astronomic,673
examenului,673
ocolul,673
trasa,673
kanji,673
tachinează,673
urmarind,673
tonică,673
Greco,673
plătind,673
muşeţel,673
Ka-kui,673
instructajul,672
deviere,672
aşa-zisul,672
greşelilor,672
Blanco,672
masacraţi,672
cocainei,672
grilaj,672
piron,672
Kashmir,672
moştenitori,672
transportoarele,672
energizante,672
vinurile,672
accidentale,672
Azazel,672
Agrippa,672
recurg,672
comunism,672
combatant,672
separeu,672
grasi,672
ambreiaj,672
Konstantin,672
păsărico,672
Snowy,672
catel,672
cronic,672
spurcat,672
ocupaţiei,671
liceeni,671
aibã,671
coci,671
jefuiesti,671
ipotetică,671
asta-nseamnă,671
vizitare,671
Farrah,671
sterse,671
talentului,671
Smalls,671
cosmonaut,671
finalizată,671
introduceti,671
îmbrățișare,671
garou,671
meschină,671
biometric,671
analiştii,671
echilibrului,671
initiale,671
capturez,671
înflăcărat,671
epuizează,671
ronin,671
neobisnuita,671
Oakley,671
menopauză,671
Bingum,671
congresmanului,671
întindeţi-vă,671
îmbogăţeşti,671
târguri,671
băgăcioasă,671
orizontului,671
Chiang,671
ghicitorile,671
maleficul,671
Hartmann,671
Behrooz,671
memorialul,671
obligăm,670
carena,670
violete,670
Attica,670
Touché,670
cîinele,670
Craster,670
Clu,670
minier,670
bombardierul,670
ecuaţiile,670
şubredă,670
clepsidra,670
Glinda,670
portughez,670
fluviului,670
invocă,670
jefuind,670
înveți,670
FDR,670
recordurile,670
tragediei,670
lupă,670
citează,670
boat,670
vaneaza,670
mea-i,670
prabusi,670
totdeuna,670
nepoliticoşi,670
reintrat,670
noptiera,670
looking,670
anihilare,670
zăngănit,669
urmăririi,669
recapătă,669
comfort,669
știau,669
remarcabila,669
dsoara,669
legăna,669
incheiem,669
slăbănogul,669
Jenifer,669
stimulat,669
balaurul,669
mutantă,669
mituiască,669
Mitzi,669
înteleaga,669
ajutai,669
Blye,669
Sevilla,669
Yoo-hoo,669
izolator,669
crustacee,669
schimbărilor,669
adeptul,669
SDI,669
Wal-Mart,669
uraţi-i,669
intensifice,669
Jamison,669
cetăţenia,669
forare,669
Blackbriar,669
gonesc,669
stress,669
Hazmat,668
Varro,668
degerată,668
titaniu,668
telenovele,668
înnăscută,668
strămoş,668
Rumpelstiltskin,668
deseuri,668
voastrã,668
coruptie,668
judecătorie,668
nerespectarea,668
anti-drog,668
striveşti,668
radioului,668
Gamboa,668
consecinţa,668
prădătorul,668
măciucă,668
chioşcul,668
Clarisse,668
Şţii,668
funingine,668
tufisuri,668
prezentatorul,668
Alessandro,668
jucaţi-vă,668
implorăm,668
Yar,668
apăsarea,668
spânzurată,668
chelneriţe,668
Shiloh,668
parcării,668
poliţieneşti,667
timpi,667
adoptă,667
Caiafa,667
zi-ne,667
retrageri,667
Bangladesh,667
vânătaia,667
desfaceţi,667
înceţoşată,667
Leda,667
rugăciunilor,667
ceţii,667
consultanţi,667
mongol,667
picaturi,667
mixtă,667
Canaan,667
taiate,667
cireaşă,667
stoarcă,667
isteată,667
canadiene,667
stadionului,667
strivită,667
inversează,667
pădurarul,667
Darnley,667
compromiţătoare,667
firewall-ul,667
Aldrin,667
amânaţi,667
comertul,667
Peregrin,667
neplăcerile,667
butuci,667
submineze,666
pictures,666
paşilor,666
diagrame,666
Pemberton,666
anarhist,666
reproducerea,666
Oooo,666
pounds,666
Kishan,666
izmenele,666
incendiilor,666
Calogero,666
Corsica,666
distribuire,666
chitty,666
regăsească,666
simulează,666
Monicăi,666
pauzei,666
operaţi,666
posterior,666
buldozer,666
criterii,666
prinţii,666
arheologic,666
poveștile,666
prerie,666
mobilizează,666
blestemăţia,666
tarie,666
bombardaţi,666
apostoli,666
plăteam,666
aburul,666
observată,666
moca,666
Byers,666
nădejdea,666
închipuiţi,666
Stilgar,666
Butterfield,665
neobisnuite,665
Thatch,665
sinagogă,665
ştergere,665
intentioneaza,665
rămăsitele,665
confiscată,665
rănirea,665
tribunalele,665
ajutati-ne,665
cultivi,665
australiană,665
tuşit,665
cunoscând,665
interzicerea,665
Shing,665
calităţii,665
Vidocq,665
Camelotul,665
orbii,665
lichidăm,665
îndopat,665
adoptie,665
celebrarea,665
Bogota,665
racoare,665
tine-mi,665
clemă,665
katana,665
Albrecht,665
reactoarele,665
DCI,665
fărădelegile,665
terminatorul,664
fidelitatea,664
înţepătura,664
foarfeci,664
agentiei,664
imaginati,664
seriozitatea,664
coloniale,664
irosite,664
sfinţit,664
dezamagita,664
stăpânim,664
pulpă,664
sătui,664
consumate,664
stâncii,664
caise,664
Sungkyunkwan,664
falcă,664
alter,664
tifoidă,664
sfideze,664
minerilor,664
frânare,664
protecția,664
pancreasul,664
contracţie,664
arenei,664
mirodenie,664
sculptate,664
turului,664
districtele,664
Sharona,663
able,663
insurgenţi,663
Heimdall,663
dihor,663
frecventează,663
baroneasa,663
împuternicire,663
neschimbate,663
Klan,663
slăbănoagă,663
ţăcănită,663
trânti,663
punctualitatea,663
umblătorii,663
lanț,663
totem,663
uşurăm,663
banditii,663
absolventă,663
lupți,663
eliberează-ne,663
Pippi,663
kryptonita,663
placeţi,663
managerii,663
naş,663
A.N.-ul,663
magi,663
absolv,663
Nita,663
Porsche-ul,663
sublinia,662
ţăranul,662
cruta,662
câstigătorul,662
diligenţă,662
achite,662
nedefinit,662
drege,662
Renoir,662
scoţiană,662
regulat-o,662
bac,662
ademenim,662
completate,662
clitoris,662
citaţii,662
arătaţi-vă,662
tacâmurile,662
bubble,662
Tribeca,662
Dynamics,662
explicate,662
Winthrop,662
responsabilităţii,662
scuture,662
legislativ,662
aclamă,662
teva,662
susţinând,662
supraveghetori,662
pistolarul,662
recunoscute,662
oh-oh,662
rulezi,662
titrari,662
grăbeam,662
Krrish,662
Nilul,662
sustina,662
Kenshin,662
claxonează,662
înotul,662
harababura,662
membrana,662
suprafeţei,661
gazelă,661
deschizător,661
verzişori,661
întoarce-ţi,661
pocneşte,661
undiţa,661
infuzie,661
distractiva,661
băieţeii,661
înselati,661
androizi,661
insomnia,661
CheonGoon,661
neglijenta,661
solitaire,661
tuberculoza,661
presupunand,661
sigilează,661
brazi,661
Construction,661
fracturile,661
îndoită,661
Simcoe,661
procedeu,661
receptia,661
serata,661
asortate,661
competentă,661
singuratatea,661
firească,661
Weinstein,661
anticristul,661
Dorn,660
Alakay,660
moteluri,660
receptionati,660
apărute,660
shall,660
Janni,660
gnomilor,660
Humvee,660
fiction,660
competitorii,660
transportată,660
circumstanţelor,660
procedurilor,660
marchiza,660
alocaţie,660
imperfect,660
Modi,660
Jeter,660
Pierrot,660
Hornet,660
tratative,660
Ptolemeu,660
pustile,660
hipertensiune,660
Estrada,660
Elysium,660
arătaţi-i,660
Tarei,660
calculată,660
canistra,660
Algren,660
împărtășesc,660
hipioţi,660
cuveni,660
dracusorr,660
sinucigas,660
Rajiv,659
nărui,659
vortexul,659
promovăm,659
socul,659
reusiti,659
ţintelor,659
Irisa,659
dezolat,659
coline,659
atomica,659
potir,659
chist,659
sfîrşitul,659
jegosule,659
părţilor,659
ordonanţa,659
toarce,659
Octavio,659
Meena,659
analizate,659
desluşesc,659
WikiLeaks,659
cosuri,659
bietei,659
clanţa,659
Ivo,659
Goliath,659
alină,659
ce-ce,659
manipulate,658
stârneşti,658
intitulată,658
vânturilor,658
Leaf,658
rasişti,658
astuia,658
Hooch,658
întâmpIă,658
garde,658
tabloului,658
împărti,658
pamintul,658
SeaWorld,658
Minerva,658
pierdeau,658
paduri,658
Georgiei,658
bursucul,658
triadele,658
releul,658
nebunului,658
jigneşte,658
necuviincios,658
anulat-o,658
camionete,658
rămăşiţă,658
Mya,658
algebra,658
taxează,658
vaginului,658
estate,658
infantil,658
întunecos,658
Pelant,658
coioţi,657
exmatriculaţi,657
rulou,657
căţărăm,657
condiment,657
fragila,657
Effie,657
batuta,657
reziduu,657
Goines,657
Springsteen,657
Wray,657
Haller,657
Elia,657
clandestină,657
nv,657
Zelenka,657
femur,657
decoraţii,657
numelor,657
apărătorilor,657
porneasca,657
brokerul,657
gaurile,657
ameninţate,657
padurile,657
sugrume,657
galeriile,657
dezamăgim,657
frăţică,657
prostioare,657
talc,657
Belvedere,657
recuceri,657
confesiuni,657
aventuros,657
săculeţ,657
făceţi-vă,657
torturarea,657
Peaks,656
bănuiască,656
lăsati-ne,656
kaki,656
sss,656
barbare,656
pedofili,656
aprigă,656
vibreze,656
Milhouse,656
sters-o,656
joburi,656
Bracken,656
piratat,656
rostogoleşte-te,656
Osman,656
primeai,656
tortilla,656
consimţit,656
abuzaţi,656
trecand,656
Giza,656
numărare,656
hobbiţilor,656
jurnalismul,656
Samanthei,656
anturaj,656
apasă-l,656
aportul,656
Krystal,656
trăsnit,656
rezervelor,656
mieii,656
nări,656
campaniile,656
Pino,656
dubluri,656
greutati,656
gati,656
jucaria,656
minciunii,655
Apu,655
planificăm,655
bâzâie,655
uimesc,655
căluţule,655
adulterul,655
bărbier,655
snobi,655
evapora,655
Viki,655
amigdalele,655
biţi,655
ginul,655
umile,655
lacăte,655
violata,655
primejdia,655
generic,655
strugure,655
călătoriilor,655
Hollister,655
convinsi,655
contabili,655
seen,655
nordici,655
neamuri,655
analfabet,655
Fern,655
descifrăm,655
Hutchinson,655
aţintiţi,655
făina,655
vandal,655
Temperance,655
organizam,655
explica-mi,654
aplaud,654
călugăre,654
slăbite,654
subacvatică,654
Durden,654
Kimmel,654
stralucit,654
reverendului,654
electronica,654
manifestarea,654
teleportez,654
atrasi,654
fundătura,654
invadaţi,654
recuzita,654
oficialităţile,654
Ravens,654
înălţarea,654
selectie,654
mi-este,654
calculelor,654
spiridus,654
aniversar,654
Xanadu,654
emisă,654
alcoolicilor,654
bine-i,654
Hanley,654
baluri,654
tomograf,654
bombardăm,654
geografia,654
Palo,654
cuceriri,654
read,654
gaseste-ti,654
prinși,654
refuzând,654
dracia,654
generatorului,654
tresărit,654
Rafferty,654
aşa-ţi,654
geologie,654
păreaţi,654
Ghedeon,653
trebuieşte,653
Saşa,653
orz,653
lăsati-o,653
Doran,653
porcariile,653
Tallis,653
Radek,653
Letterman,653
acționeze,653
slujnică,653
pramatie,653
Rodgers,653
deosebeşte,653
Braziliei,653
geniului,653
eradica,653
sărutam,653
dezvaluit,653
cutreierat,653
dami-o,653
Colvin,653
Beryl,653
moştenirii,653
proprietati,653
nazală,653
chibritul,653
reverse,653
rural,653
fețele,653
împinşi,653
adăposteşte-te,653
editură,653
incontestabil,653
poştei,653
aparitie,653
extincţie,653
apărătoare,653
Dov,653
păreti,652
distinşi,652
plasezi,652
secție,652
integrarea,652
Fawn,652
primordial,652
zidar,652
genereze,652
Pauly,652
dizabilităţi,652
bed,652
confederaţiei,652
salvie,652
noaste,652
patetica,652
Pettigrew,652
activitatile,652
înscrierea,652
inspecteze,652
Nandini,652
imbatat,652
vopseşti,652
polenul,652
braziliană,652
puștiul,652
Nintendo,652
accelerez,652
cup,652
Fraiser,652
cerinţe,652
descendenţi,652
Tray,652
Jurassic,652
urâtul,652
harpon,651
trudă,651
doborâte,651
decapitare,651
întors-o,651
poison,651
semtex,651
graţiere,651
nazal,651
previzibilă,651
clarifică,651
friendly,651
Otsu,651
expirare,651
mesagerie,651
plecand,651
promisese,651
titani,651
evitată,651
afişa,651
studenţesc,651
promenadă,651
rinocerii,651
dintr-una,651
prelegerea,651
decade,651
Dolph,651
L.A.P.D,651
locatarii,651
meticuloasă,651
vulnerabilitate,651
geamantanul,651
podgorie,651
falimentat,651
Graalului,651
furori,651
atrocitate,651
Shran,650
pavat,650
negresele,650
cuprinse,650
Fifield,650
Caltech,650
consultă,650
gelatină,650
Colombo,650
reportofon,650
Unser,650
escalada,650
moştenit-o,650
şerifilor,650
urmărește,650
Melissei,650
nesiguri,650
Lafitte,650
fildes,650
sor-mea,650
maestră,650
si-un,650
piton,650
înţep,650
Derry,650
Chulak,650
carbune,650
craigslist,650
Gwendolyn,650
forget,650
ticnit,650
scoţieni,650
intrun,650
şcolilor,650
scanere,650
transpirată,650
Quagmire,650
wookiee,650
morcovul,650
examinaţi,650
Vole,650
Fayeed,650
Gilliam,650
Frog,649
Latif,649
arsa,649
graniţelor,649
stabileasca,649
boxez,649
redacţie,649
Georgette,649
dom'le,649
televizoarele,649
fetiţelor,649
pătează,649
transponderul,649
filiale,649
studentilor,649
treze,649
Verity,649
contracţiile,649
Rhoades,649
gastric,649
plasez,649
împinge-mă,649
coif,649
directorilor,649
aproximativă,649
y'all,649
McBain,649
Isha,649
Ariadne,649
neglijenţa,649
vrajeala,649
SpongeBob,649
descarcat,649
sălbaticilor,649
acuzații,649
Mogo,649
terciul,649
măştii,649
extract,649
contrazicem,649
umanitatii,649
tere,649
trezești,649
uriaşa,649
priviţi-o,649
tirfa,649
Baer,648
ştampilă,648
clipă-n,648
sociologie,648
comanche,648
jugulara,648
incurcat-o,648
Galileea,648
Iwo,648
comportarea,648
spalam,648
Sapphire,648
profetie,648
Skaara,648
vizualizare,648
indestructibilă,648
analizam,648
deznodământul,648
duhneşte,648
cuceriţi,648
Vishal,648
Jurgen,648
change,648
mascarada,648
montagne,648
colectăm,648
splendida,648
arbitrule,648
grozăvie,648
reflectez,648
mercurul,648
capsulei,648
bătrânica,648
Witch,648
Salisbury,648
splendide,648
jucand,648
molotov,648
incarcata,648
surplusul,648
saxonii,648
Ishmael,648
urâtule,648
externa,647
K-Mart,647
reptilele,647
Oldman,647
zecile,647
ocolire,647
plastice,647
deranjante,647
striperiţă,647
magii,647
ieşite,647
Hustler,647
înlocuit-o,647
intarziem,647
parcurg,647
lăsând-o,647
Hyatt,647
incoa,647
Aku,647
Lieberman,647
Thadeous,647
neck,647
Sandman,647
îmbogăţească,647
molipsit,647
vampire,647
geamănul,647
Berenson,647
cinstim,647
posibilităti,647
umflu,647
cauțiune,647
susțin,647
retrageti,646
solistul,646
translation,646
imprastie,646
explicatia,646
ursii,646
nervozitate,646
interacţiunea,646
comemorare,646
fută,646
marete,646
Mieke,646
tastezi,646
IRS,646
Patience,646
estimăm,646
excelenţi,646
colacul,646
Sesam,646
cantati,646
cheltuieşte,646
educativ,646
broşuri,646
sfârcul,646
beretele,646
conștienți,646
rezolv-o,646
13-a,646
rateu,646
nitroglicerina,646
exilaţi,646
stările,646
organizatiei,646
Kingpin,646
otrăvit-o,646
aruncata,646
Judson,646
palavre,646
şşt,646
Smash,646
ocoliţi,646
aterizeaza,646
autobiografia,646
ofensez,646
Pazzi,645
tenor,645
recâştigi,645
înfundată,645
găzduiesc,645
dezvăluire,645
baioneta,645
balega,645
colinde,645
setarea,645
artiştilor,645
complic,645
artileriei,645
vreunuia,645
fumători,645
Oreste,645
angajam,645
dăruiască,645
frant,645
solzi,645
Liston,645
înconjurul,645
uită-te-n,645
portavionul,645
nişă,645
maşinăriei,645
Vanity,645
coincid,645
competenta,645
vorbelor,645
notarul,645
Sienna,645
eliberând,645
string,645
gateste,645
căutându-te,645
restrânsă,644
compatibile,644
croitoreasă,644
kryptonian,644
curvei,644
Drayton,644
rimel,644
libertăţi,644
realizata,644
salveaza-ma,644
castori,644
trailer,644
Klux,644
matahală,644
răţuşca,644
access,644
separatiştii,644
tobogan,644
grandioasă,644
incinerare,644
dresor,644
Verna,644
carpe,644
stăpâneşte-te,644
făpturi,644
ticălosii,644
pronto,644
ecografia,644
bordeluri,644
sceptică,644
plantate,644
împotriveşte,644
împerechea,644
decepţie,644
valului,644
inculpatului,644
ter,644
hrănea,644
Lim,644
Guinness,643
persana,643
diagonală,643
Levon,643
suportaţi,643
îndoiască,643
beagle,643
franciza,643
deșert,643
distructive,643
custode,643
reputația,643
quad,643
doctorita,643
ți-o,643
tintiti,643
vamos,643
cadeţii,643
braconieri,643
smulgem,643
doa,643
transa,643
orga,643
alunecarea,643
Mattew,643
obisnuieste-te,643
executivă,643
S.S,643
manifestări,643
neobservaţi,643
Marni,643
recepție,643
funcţionarii,643
vrajitorul,643
localnică,643
turban,643
cocioabă,643
medicali,643
subtiri,642
muistule,642
tarfe,642
Blackbird,642
împrietenesc,642
Pius,642
Medellin,642
Lumpy,642
zdruncinată,642
suplimente,642
ascunde-l,642
calzi,642
clădesc,642
naiva,642
deja-vu,642
intrebat-o,642
rugându-se,642
cioroii,642
evacuez,642
neutralizăm,642
Holbrook,642
burghez,642
intâmple,642
Augusto,642
îmbibat,642
apendice,642
Cernobâl,642
Chernov,642
desfăcute,642
negroteii,642
imaginat-o,642
păpuşică,642
Mişa,642
sosia,642
corcitura,642
ataşez,642
spălaţi-vă,642
uleiuri,642
principalii,642
irita,642
scuteste-mă,642
Raghu,641
tachinez,641
dwarf,641
rasaritul,641
întreprinzător,641
corvin,641
atacau,641
eternităţii,641
Dalrymple,641
aruncă-mă,641
virale,641
Fillmore,641
aglomeraţia,641
ajuta-o,641
donatorii,641
armasar,641
inţeleg,641
asociati,641
născuse,641
umanoid,641
curăta,641
Keene,641
Tabatha,641
add,641
Network,641
target,641
plancton,641
virtuos,641
linguşitor,641
artificiala,641
obligata,641
dac-as,641
danezi,641
gîndeşte-te,641
împuşcaţi-i,641
pregãtit,641
Skupin,641
despărti,641
ține-l,641
împărătesei,641
ţăndări,641
lăudăros,641
bunatate,641
termenului,641
Lian,641
prisma,640
cercetând,640
speculează,640
volanului,640
cumpănă,640
Ilia,640
future,640
tintei,640
Ember,640
luând-o,640
vile,640
Cyberdyne,640
anuntăm,640
înaintată,640
Cranston,640
blow,640
Stormy,640
plănuiau,640
redecorat,640
flowers,640
Charlton,640
O'Neal,640
avocate,640
înmormântările,640
Beauchamp,640
cocteiluri,640
băşină,640
capii,640
asistăm,640
povestioară,640
secte,640
împrejurare,640
deconspirat,640
Meier,640
achitarea,640
mușcat,640
Stoddard,640
duduie,640
alceva,640
pocnească,640
împietrit,640
asteptati-ma,640
orcine,640
teapta,640
impecabile,640
depărtaţi-vă,640
Schwarzenegger,639
mîndru,639
pornește,639
bunicuţo,639
stapana,639
dependente,639
marital,639
ruinaţi,639
telecomunicaţii,639
măsurătorile,639
Rapids,639
copilăros,639
călcâi,639
gării,639
dificultăţile,639
barcile,639
înclinată,639
conspirație,639
zburator,639
cămara,639
Javed,639
căutători,639
aşteptându-mă,639
mişcau,639
păpusa,639
lunetisti,639
NTAC,639
vamal,639
Cadillacul,639
dumnezeiesc,639
ZPM-ul,639
luptai,639
eliberata,639
repune,639
clientele,639
Usher,639
Caspian,639
tesutul,639
recordurilor,639
howdy,639
branhii,639
gandaci,639
Madea,639
actionez,639
iepuraşule,638
de-aceea,638
dungile,638
încurajări,638
înmulţească,638
aruncătură,638
Slate,638
Versace,638
anchetele,638
sucesc,638
LeBron,638
fundă,638
fortăreţei,638
Indiile,638
O'Leary,638
antrenorii,638
pelerinii,638
sanatatii,638
neintenţionat,638
intepenit,638
robă,638
mizerabilule,638
bogatii,638
frişca,638
încurajatoare,638
microbuz,638
durabilă,638
șerif,638
Tian,638
intelect,638
sacra,638
Pettyman,638
firului,638
Marines,638
lobului,638
Argo,638
capse,637
Lydecker,637
Beaufort,637
felinarul,637
exersaţi,637
realizând,637
sleep,637
țipa,637
gotic,637
sprijină-te,637
arbitrii,637
Curran,637
Butterfly,637
acoperişurile,637
Olympic,637
presăm,637
Cosgrove,637
profitând,637
ceee,637
Tacoma,637
tiranul,637
Blackberry,637
doodle,637
Escher,637
vinil,637
nule,637
eliberări,637
stomatolog,637
corporatie,637
bresa,637
deviază,637
clitorisul,637
revizie,637
primești,637
Mullins,637
simpatica,636
bufniţele,636
legişti,636
haotică,636
nut,636
compromişi,636
atmosferic,636
republicană,636
puicuta,636
ajutaţi-o,636
despărţirile,636
ioc,636
solicite,636
transmisiunile,636
îndrăgostite,636
clanţă,636
baroneasă,636
igienic,636
protectorii,636
Stagg,636
ghiont,636
şuviţă,636
binecuvântez,636
sort,636
necruţător,636
panichez,636
disputele,636
frenezie,636
întâmplau,636
persane,636
religioasa,636
selectiv,636
Chester's,636
purcel,636
alegând,636
dezintegra,636
Nanna,636
rotească,636
împlinire,636
cercetaşul,636
penitenţă,636
fermecatoare,635
Henley,635
Breaker,635
arcei,635
henna,635
chilli,635
vitezele,635
resetat,635
GM,635
Cates,635
trimiteţi-i,635
n-aibă,635
ut,635
căcăcios,635
onorabila,635
şorţ,635
faimosi,635
salvează-mi,635
Digby,635
Iago,635
Josey,635
tremurau,635
Meng,635
renun,635
Tinei,635
unsuros,635
serveam,635
timonier,635
snoabă,635
opoziţiei,635
nicodată,635
sumo,635
supernova,635
albumului,635
corectura,635
Cadillac-ul,635
cipurile,635
cămașa,634
tintit,634
mărimile,634
nuvela,634
loviturilor,634
fonic,634
proceseze,634
marul,634
Griswold,634
viziunii,634
culese,634
afacerişti,634
tocăniţă,634
dărâmată,634
mutilate,634
Woodcock,634
Kowalsky,634
impingi,634
Creel,634
abureli,634
nebunatică,634
riscând,634
ucrainean,634
mortali,634
obținerea,634
bucurati,634
posedare,634
Lorena,634
ginseng,634
Nath,634
FTL,634
Merchant,634
finul,634
camerã,634
feministă,634
subordinea,634
suporter,634
înotam,634
cutitele,634
păstrează-ti,634
anuarul,633
maman,633
flexibilitate,633
reglăm,633
hallelujah,633
barbară,633
neghiobule,633
inchipuit,633
vele,633
Pasquale,633
suri,633
baionetă,633
Bayou,633
înţelese,633
coteţul,633
servite,633
cuplului,633
deplasez,633
intenția,633
dăinuie,633
Ivanov,633
sociabilă,633
Renny,633
patesti,633
Goran,633
lesina,633
strâmbi,633
nebunatic,633
incorigibil,633
coasa,633
anusul,633
Devonshire,633
Scoffs,633
știința,633
suspende,633
reconstitui,633
mole,633
ambitie,633
holografic,633
intinzi,633
citaţia,633
seducţie,633
inadmisibil,633
stoca,633
ketamină,633
propozitie,633
adic,633
chatter,632
Gheorghe,632
Dougherty,632
orbeste,632
sincronizate,632
buruiană,632
meditaţia,632
legitimatia,632
padurii,632
însănătoşit,632
nano,632
Rigg,632
caracterele,632
olandezi,632
botezată,632
prietenoasa,632
mutanti,632
greierii,632
economisiţi,632
T-Bone,632
producând,632
plictisim,632
secundele,632
Hurricane,632
impunător,632
Dotar,632
modificari,632
ţintească,632
dupăamiaza,632
descărcate,632
Xian,632
lasă-o,632
tovarăse,632
dizenterie,632
Vegas-ul,632
perturbare,632
vo,632
roaba,632
hranesti,631
slow,631
Muddy,631
ecouri,631
responsabilitati,631
monitorizate,631
graţii,631
subminezi,631
închipuiţi-vă,631
Mercier,631
gaborii,631
abatem,631
extragi,631
arestati-l,631
școlii,631
internez,631
Satterfield,631
manageri,631
înşelătorii,631
energon,631
maiestuos,631
apariţiei,631
ţepuşă,631
manipulată,631
Rizwan,631
Fausto,631
apariţiile,631
ghipsul,631
Cecily,631
Othello,631
mititică,631
canapelei,631
tracker,631
Farid,631
bãiat,631
juvenil,631
aeronautică,631
felia,631
bruscat,631
promovezi,631
extravagante,630
vibratorul,630
exercitiul,630
croim,630
restante,630
ştacheta,630
postează,630
Peacock,630
bulangii,630
miliardari,630
determinaţi,630
urâţenia,630
umfli,630
hormonilor,630
Jens,630
cauzat-o,630
vorbisem,630
sade,630
mustrat,630
prejudicii,630
Lestat,630
viciile,630
pietei,630
esua,630
Gondorul,630
intimidată,630
mizele,630
pân-acum,630
înrobit,630
iesiri,630
Puffy,630
alarmat,630
Ewan,630
oferindu-le,630
Iepurilă,630
daiquiri,630
anexă,630
gândacilor,630
ventriloc,630
gripei,630
fortificat,630
arigato,630
colective,630
adultul,630
observam,630
arid,630
păduchii,630
instrucţia,629
logat,629
masiva,629
interpretăm,629
dezamorsez,629
Junction,629
divă,629
laşitatea,629
jegul,629
loan,629
ducaţi,629
vîrsta,629
mămici,629
Varinia,629
sonică,629
Osgood,629
infanterişti,629
dvd-urile,629
hrănirea,629
recruti,629
învăluie,629
Plummer,629
rubinul,629
grecul,629
furnizez,629
pietricică,629
plăcem,629
Château,629
show-ului,629
ripostez,629
zeitate,629
spaniolule,629
vestimentar,629
râpa,629
stopa,629
preşedinţii,629
bidon,629
scursuri,629
huron,629
poemele,628
marchiză,628
resemnat,628
vulcanii,628
specifica,628
muncitorul,628
80FFFF,628
răsplătească,628
încălzirii,628
aparentele,628
hombre,628
singularitate,628
Reddy,628
fiesta,628
petec,628
natale,628
membrelor,628
Valkyrie,628
meteoriti,628
which,628
leşiţi,628
Perdy,628
Rigby,628
vârstnici,628
dispecerul,628
ursulet,628
jandarmi,628
respectului,628
tour,628
criptată,628
condamnatul,628
săruri,628
Grange,628
multã,628
anafilactic,628
vânau,628
incoerent,628
breloc,628
afundat,628
reusită,628
mamutul,628
tradarea,628
programata,628
jegoşi,628
avertismentele,628
capsatorul,628
anormali,628
Durango,628
declanşarea,627
înţepi,627
bonetă,627
da-da,627
dezgropăm,627
futai,627
neruşinată,627
vertebra,627
deteşti,627
depozitează,627
înrola,627
tineretului,627
beeping,627
aburii,627
muşcă-mă,627
spulber,627
deconectăm,627
banchetă,627
încîntat,627
semineu,627
sită,627
anarhiei,627
pakistanezi,627
săruturile,627
malaria,627
reformă,627
Mayhem,627
abundent,627
neascultător,627
intrã,627
istoricii,627
accelerăm,627
F-16,627
unde-ar,627
reguIă,627
coechipier,627
acuşi,627
drogate,627
cuprind,627
răcoresc,627
ocupatia,627
noni,626
localizat-o,626
israeliene,626
scream,626
militarilor,626
plosca,626
imorală,626
circulaţi,626
urmaţi-l,626
netrecut,626
Evers,626
încadrezi,626
animăluţ,626
inmatriculare,626
fetitele,626
opream,626
ajutorarea,626
lungim,626
platformei,626
Uriel,626
targul,626
mexicana,626
dementa,626
grinzi,626
goofy,626
isteţul,626
Jarrett,626
colegei,626
mărinimos,626
dice,626
perturba,626
temându-se,626
posibilităţilor,626
penetrează,626
îmblânzi,626
încasăm,626
Fili,626
cântar,626
rindul,626
răspundeţi-mi,626
Tally,626
infracţiunii,626
resuscitat,626
Temujin,626
prindeti-i,626
Komarov,626
Timmons,625
epa,625
sentimentali,625
Elizabet,625
ofensiv,625
ospăţul,625
angajeaza,625
viațã,625
cititorilor,625
infirmiere,625
deficienţă,625
salivezi,625
creştinilor,625
depresivă,625
înconjurati,625
Ezechiel,625
dezavantaje,625
gentile,625
pregătind,625
tăiţeii,625
autoritățile,625
sultana,625
cheamã,625
constientă,625
grinda,625
necivilizat,625
fantezist,625
coarde,625
personalităţile,625
m'lady,625
limitaţi,624
experta,624
trece-l,624
Brownie,624
plăcuta,624
exercite,624
alegea,624
însărcinaţi,624
exemplarul,624
Belt,624
Zuba,624
Lovett,624
dezamorsat,624
Ahn,624
folosiți,624
Nog,624
mântuitor,624
turtit,624
fileu,624
inoti,624
Strucker,624
Grenouille,624
fear,624
încălţămintea,624
preluată,624
iubitorii,624
Beeman,624
veghezi,624
aşteptându-l,624
latine,624
reabilita,624
returnaţi,624
colecţiei,624
sârbii,624
apocaliptic,624
izvoare,624
banuit,624
adînc,624
coama,624
Faraway,624
sick,623
drujbă,623
iederă,623
greată,623
hiene,623
otrăvii,623
hipodrom,623
optiunea,623
staff-ul,623
Hive,623
Marciano,623
Montero,623
personajelor,623
societăţile,623
Chauncey,623
Emmit,623
exclusivist,623
mașinii,623
Gerson,623
mahjong,623
murder,623
înspăimânţi,623
dating,623
surprinsi,623
depistez,623
senzational,623
navigând,623
parterul,623
incertitudine,623
autobus,623
concedieri,623
mulţimile,623
dati-le,623
anchetezi,623
domini,623
aniversările,623
târât-o,623
Commodore,623
plecasem,623
drăgălaşi,623
Argyle,623
alimentelor,623
Fergie,623
Rimmer,623
întemeia,623
Stillwater,623
pedepsirea,622
limitezi,622
rezidentul,622
economica,622
constatare,622
redai,622
draguţă,622
venerice,622
finante,622
curelele,622
Monarch,622
familiarizată,622
submarinelor,622
fiziologic,622
breasla,622
cavou,622
vulcaniene,622
rechemat,622
gãsim,622
camionagii,622
stocat,622
simţind,622
Guzman,622
DOROL,622
Olympus,622
procedeze,622
golite,622
Christinei,622
tomahawk,622
imam,622
obrăznicie,622
cliseu,622
panicăm,622
decoraţiunile,622
Kronk,621
dar-ar,621
Linton,621
Hannei,621
muşchetar,621
safir,621
plãcere,621
tocilarule,621
îndrumătorul,621
taie-mi,621
netrebnicule,621
gătiţi,621
cuviincios,621
bucătele,621
mhm,621
Planchet,621
beţivii,621
stridiile,621
dantura,621
buldog,621
TSA,621
răsucite,621
poteră,621
sfruntată,621
Oenomaus,621
cămine,621
nimc,621
toarna,621
sariti,621
petit,621
link-ul,621
contor,621
specializate,621
rozător,621
executorul,621
Muay,621
incarcati,621
incert,621
lacheul,621
Jem'Hadar,621
tomberoane,620
veniseră,620
partitura,620
Tamsin,620
stresante,620
diversiunea,620
prinț,620
Brit,620
Neary,620
Defiant,620
non-profit,620
cosciug,620
căpşorul,620
neimportante,620
brevet,620
îmbătrânească,620
zemos,620
masurile,620
prieteniile,620
regională,620
Enoch,620
Mittens,620
dulăpiorul,620
dominată,620
rim,620
Neff,620
probabile,620
hienă,620
Norrell,620
nimfomană,620
infrarosu,620
abordează,620
decorez,620
pedichiură,620
vomiti,620
odihniti,620
Nangnang,620
schimbaţi-vă,620
transee,620
Titanicului,620
labrador,620
Jenner,619
revelatie,619
logodita,619
Ghandi,619
înalţe,619
pasapoarte,619
Pakistanului,619
radiouri,619
aligatorii,619
lebede,619
Hanzo,619
trouble,619
realimentare,619
zig,619
evening,619
facerea,619
cuvantului,619
Culpepper,619
isteţe,619
anticipăm,619
dezastruoase,619
munciti,619
târându-se,619
secţionat,619
obiectivului,619
păşim,619
conventia,619
exploatezi,619
şanţul,619
enzima,619
Villefort,619
disciplinar,619
vesnica,619
despachetezi,619
legitimaţiile,619
explodând,619
rătăcim,619
omorâţi-o,619
desfă-ţi,619
Ronson,619
facţiune,619
Sha're,619
ispiti,619
urile,619
dollari,619
nelegiuiţi,618
ţi-s,618
Theseus,618
animatoare,618
summitul,618
agresată,618
depistăm,618
congelatorul,618
vorbeati,618
noona,618
intervieva,618
Rios,618
Jin-tae,618
lol,618
presupunerile,618
Cornwallis,618
aratau,618
conține,618
guess,618
ți-aș,618
explicită,618
acordeon,618
Roseanna,618
sevraj,618
acreditare,618
Danforth,618
Goa'ulzii,618
zgârietura,618
12-lea,618
Aaaah,618
sufleu,618
semifinale,618
Elroy,618
repetare,618
Niels,618
caprioara,618
biochimie,618
Terrell,618
Tansy,618
dăi,618
regizori,618
intuitie,618
flăcăii,618
porii,618
Terrace,618
latrina,618
intelepciunea,618
consimţământ,618
concursurile,618
continuum,618
while,618
salcie,618
Achile,618
excomunicat,618
admise,618
fame,617
cronice,617
interstelar,617
relaxam,617
calitatile,617
nautic,617
fu-ul,617
actualizări,617
Seuss,617
McMahon,617
degradarea,617
adevereşte,617
vulpile,617
usture,617
bazine,617
eficacitatea,617
melcul,617
sĂŁ,617
hashtag,617
obsedata,617
Babbitt,617
zgomotului,617
OCP,617
depindă,617
Emory,617
foca,617
anihileze,617
descendentul,617
Heo,617
ionuţ666,617
Bancroft,617
masacrului,617
precauţii,617
lntră,617
Sinai,617
XVI-lea,617
negura,617
mitocan,617
Palin,617
aliată,617
încântate,617
hotarit,617
mumiile,617
şină,617
cowboy-ii,617
Arabella,617
măsoare,617
scutiţi,616
străpung,616
înşelăciunea,616
calificările,616
catastrofale,616
Marvel,616
presupusă,616
gramatică,616
obiecție,616
izgoni,616
trident,616
trois,616
Măiculită,616
obisnuiau,616
promită,616
Chazz,616
întărită,616
confetti,616
soparla,616
bros,616
Mikaela,616
inacceptabilă,616
tept,616
Alvaro,616
nativii,616
Ove,616
Ito,616
îngrijorările,616
virtuţi,616
romancier,616
recrutaţi,616
metamfetamina,616
intuneca,616
înãuntru,616
Exley,616
sateliti,616
rafinament,616
obligate,616
îndoielnică,616
Fozzie,616
predecesorii,616
Breeland,616
harpa,616
tentează,615
chirurgicala,615
Worthington,615
psihiatrului,615
tiki,615
încăpem,615
cristalului,615
dauna,615
abdomene,615
creeat,615
credul,615
mariajului,615
constituit,615
contestat,615
mierii,615
păstrător,615
Porky,615
portabile,615
impunem,615
initialele,615
motocicliştii,615
plagiat,615
însoti,615
tentaţii,615
president,615
Taha,615
Yosemite,615
frecventele,615
cladirile,615
comunicatorul,615
Baltazar,615
Sanju,615
incită,615
invadăm,615
răvaş,615
ţesuturilor,615
bufniţe,615
districtuală,615
ieseam,615
Camel,615
Lannisterii,614
imbecililor,614
champagne,614
percepi,614
gestionat,614
născute,614
behind,614
caracteriza,614
olandezii,614
Modesto,614
sie,614
vicar,614
alăptat,614
nedeslușit,614
Gnomeo,614
eminentă,614
gas,614
hanoracul,614
senora,614
Rosalind,614
Sosuhno,614
Henshaw,614
Sparkle,614
Haddock,614
reziduale,614
contactează-l,614
Sheikh,614
pulmonare,614
Charlestown,614
frenetic,614
clădi,614
riscurilor,614
etan,614
nobilimea,614
bâlbâie,614
orgă,614
Fuji,614
atuurile,614
ovarele,614
dându-se,614
curierat,614
florale,614
scobitori,614
amplificatorul,613
melcii,613
confruntări,613
speculatii,613
etice,613
revolutionar,613
ghicitor,613
automatele,613
dificultatea,613
Milliken,613
meridian,613
butoni,613
întruchipată,613
stimulente,613
civilizatiei,613
sicriele,613
pupă-mă-n,613
deschideţi-vă,613
posteritate,613
convoiului,613
mystery,613
Riva,613
refluxul,613
Danei,613
Aruba,613
inspectori,613
Expelliarmus,613
fundatie,613
mortar,613
baros,613
îndrăzneţi,613
otrăviţi,613
aqua,613
confidentialitate,613
talentelor,613
Guardo,613
locotenenţii,613
dopamină,613
Arun,613
icre,613
trece-o,613
înghiţiţi,612
dacÄ,612
belsug,612
paranoice,612
oficialilor,612
Americă,612
rânjet,612
magnetul,612
severa,612
reglementare,612
ol,612
povestirii,612
eşueze,612
păziţi-vă,612
sunai,612
insisi,612
primejdioasă,612
incapere,612
Sassy,612
democratice,612
briceagul,612
ameţitoare,612
spam,612
trezit-o,612
conversie,612
vaporizat,612
asorteze,612
linguriţe,612
controversă,612
borna,612
bye-bye,612
large,612
energică,612
recunoscuţi,612
flatant,612
Joon-sang,612
spontane,612
holografică,612
spovedesc,612
amabile,612
rouă,612
alive,611
adresaţi,611
septicemie,611
pilon,611
Abaddon,611
devino,611
jandarmeria,611
Kuzco,611
umflături,611
rugaciuni,611
accesarea,611
carcera,611
dedică,611
ste,611
audiat,611
croi,611
lata,611
Ashur,611
gandindu-ma,611
descui,611
Dresden,611
castelele,611
Pikachu,611
drenaj,611
consolezi,611
nedoriţi,611
inhalator,611
Hooters,611
pasapoartele,611
ghemotoc,611
Kaio,611
literelor,611
contabilii,611
antitanc,611
nasuri,611
izbucnească,611
căminului,611
temeai,611
ruinez,611
sutura,611
prejudecăţile,611
sup,611
Seals,611
levănţică,611
încăput,611
realizam,610
domesticit,610
puştani,610
desfrâu,610
Madhu,610
decepticon,610
anterioara,610
flamand,610
lesbi,610
Parry,610
coaliţie,610
iernile,610
împrietenim,610
neputincioasă,610
Peanut,610
sig,610
extracţia,610
Marylin,610
Gentry,610
mântuit,610
instalaţi,610
tachinam,610
atenţionare,610
McDowell,610
masei,610
pătaţi,610
pozeze,610
Megamind,610
messenger,610
scleroza,610
MJ,610
Finney,610
Upham,610
pricinuit,610
egocentric,610
măcelărită,610
occidental,610
floricelele,609
medicamentului,609
plimbari,609
reprezentau,609
Taransky,609
turnir,609
mestece,609
dealer-ul,609
Godefroy,609
tinerel,609
roşi,609
Lory,609
disciplinară,609
originalele,609
laleaua,609
cimitire,609
apără-mă,609
însisi,609
Spielberg,609
Chastity,609
congregaţia,609
stanci,609
pregătindu-se,609
invocăm,609
disting,609
canapele,609
deficitul,609
limfom,609
Salud,609
mânuieşte,609
Phileas,609
nins,609
rolului,609
Knut,609
psalmul,609
interogatoriile,609
Hobart,609
Spud,609
6-lea,609
extermine,609
adresăm,609
Hezbollah,609
încălcată,609
sfătuitor,609
hemoragiei,609
shopping,609
Chiara,609
protectori,609
Lahore,609
Mathews,609
verifică-le,608
intocmai,608
Orwell,608
animală,608
gentlemeni,608
axei,608
larvă,608
cheală,608
regăseşte,608
rapesc,608
cititorul,608
acnee,608
politeţea,608
pazeste,608
decideti,608
siesta,608
virezi,608
anchetarea,608
gustat-o,608
you'd,608
monitorizezi,608
replicator,608
desemnate,608
imaculată,608
zdrobitor,608
sabii,608
Edmunds,608
Whitechapel,608
mărunţişul,608
comorilor,608
inspecta,608
felicită,608
telepatice,608
casti,608
Orton,608
dansand,608
maceta,608
crăpăturile,608
istorica,608
isteria,608
referinte,608
indecente,608
butonii,608
rocks,608
Vienna,608
Montmartre,608
tezaurul,607
surzit,607
Easter,607
Kazan,607
exceptii,607
conventie,607
scurtături,607
întrebarile,607
incompetenţă,607
îmbrătisare,607
afumată,607
specula,607
pereți,607
Genovese,607
chemă,607
Uday,607
dictatori,607
Easton,607
trage-mi,607
STASI,607
italianul,607
potrivirea,607
mizat,607
pulsează,607
Jedediah,607
bluetooth,607
necrolog,607
cersetor,607
Figueroa,607
screech,607
locotenent-colonel,607
şutează,607
Paramount,607
si-ai,607
suav,607
atentatorul,606
Rodolfo,606
croitorie,606
încarcerarea,606
prezentatoare,606
condamnate,606
meta-oameni,606
biete,606
belladonna,606
Nasir,606
tunului,606
stopul,606
colecţionari,606
isprăvit,606
Jenson,606
priviţi-i,606
Ugo,606
deflector,606
ridurile,606
comportamentală,606
Westmoreland,606
microb,606
elimină-l,606
Wisteria,606
Kutner,606
făceţi-o,606
vrac,606
încheiaţi,606
poligonul,606
strivească,606
dezamăgeşte,606
pilonul,606
Strahm,606
cartuşul,606
cautau,606
complicaţiile,606
învârtindu-se,606
pictăm,606
Trail,606
cãpitane,606
bântuite,606
anchetatorul,606
operational,606
duşurile,606
cosa,606
paraşutele,606
cuget,606
propunerii,606
Gab,606
ffffff,606
bărbos,606
Orville,605
lenţi,605
straight,605
întăreşti,605
DiLaurentis,605
uriasul,605
Bowler,605
cumpărati,605
caracteristica,605
Dolphin,605
excentrică,605
Hockley,605
tinuturile,605
vaccinat,605
Wheaton,605
wolfram,605
Irena,605
hraneasca,605
penru,605
definească,605
contamina,605
dictatorul,605
flirteze,605
marry,605
Starks,605
comenzii,605
farmacistul,605
arterei,605
clarifice,605
ajutorare,605
până-mi,605
ibn,605
list,605
inhibitor,605
Nando,605
şireată,605
extenuant,605
Morrie,605
recunoaștere,605
Holdings,605
bumbacul,605
ocuparea,605
Rostov,604
cartelele,604
Royale,604
Roulet,604
robe,604
hotilor,604
Sokar,604
reînnoit,604
înclini,604
femurul,604
muncile,604
Diya,604
profesionista,604
bax,604
Yuk,604
clarvăzătoare,604
Marcius,604
anulati,604
artizanală,604
înclinare,604
knows,604
incriminatoare,604
dumnezei,604
construcţiile,604
Asperger,604
acționat,604
laxativ,604
Majid,604
plãcut,604
dializa,604
functional,604
pivnită,604
aducere,604
moleculare,604
Kovak,604
pieptănat,604
întins-o,604
acuzațiile,603
Greek,603
nemarcate,603
excursiile,603
plictiseam,603
decapotabil,603
marunt,603
Dynamite,603
călărea,603
PCP,603
crescuse,603
să-nţelegi,603
Nandu,603
agresiuni,603
gnu,603
şu,603
desenator,603
totalmente,603
carouri,603
țării,603
incrimineze,603
ameţeşte,603
reîncarnarea,603
ofereau,603
xnet.ro,603
afrodisiac,603
satanice,603
alimentate,603
ca-ntotdeauna,603
nereguli,603
fracturată,603
saloanele,603
deschide-le,603
atașat,603
impermeabil,603
ghilotina,603
Smaug,603
escortaţi,603
conspiră,603
scotian,603
miracolelor,603
damele,603
Rushmore,603
nepoti,603
ecluză,603
lordule,603
anumiti,603
Atenei,603
Python,603
servitoarele,603
tulburaţi,603
şobolanule,603
halucinogen,603
finuţ,602
ademenesc,602
narcoticele,602
matusii,602
perioadele,602
căluţ,602
lycanienii,602
aclamat,602
pârtie,602
binefăcătorul,602
Marilla,602
scrotul,602
straluceasca,602
dew,602
căruia-i,602
stab,602
ispitit,602
facultăţilor,602
închipuieşte-ţi,602
indianca,602
ecuatie,602
corcituri,602
progresăm,602
cusută,602
Kayleigh,602
Hogg,602
înotători,602
Hellen,602
pergamentele,602
lansam,602
infailibil,602
îngerului,602
limitez,602
Quayle,602
l-aș,602
Felson,602
Barbă-Neagră,602
maniacule,602
demnitari,602
Camillo,602
urgenţele,602
atenți,602
posesiunile,602
show-uri,602
mălaiul,602
Hollywood-ului,601
Freda,601
prajiturile,601
întrunirile,601
gemut,601
jeturi,601
pasajele,601
Garsiv,601
identificaţi-vă,601
eleve,601
barăcile,601
pleoape,601
privitul,601
Pennington,601
Whyte,601
implorat-o,601
Allinol,601
santier,601
maninci,601
voştrii,601
Masuka,601
ergo,601
dușmanul,601
intuitia,601
roşesc,601
aprinde-l,601
tutunului,601
Zodanga,601
vitel,601
simpatizez,601
căiesc,601
invoci,601
scorurile,601
Rhade,601
studiou,601
netrebnici,601
chirurgiei,601
dichisit,601
Sasquatch,601
sfârseste,601
sunau,601
împuscată,601
Suzuki,601
neprofesionist,601
azinoapte,601
omni,601
automobilul,601
putrezite,601
străluciţi,600
Balto,600
nascuta,600
cadranul,600
menopauza,600
procesiune,600
leagan,600
Rwanda,600
miresele,600
transpiratie,600
închideam,600
îndoielii,600
lutul,600
designeri,600
informatic,600
Qui-Gon,600
D.E.A,600
minibar,600
conglomerat,600
impresionanta,600
plecaseră,600
ascultată,600
împrumuti,600
maimuţoiule,600
călăriţi,600
Nils,600
povesteste,600
pregătirii,600
Navabi,600
exprimăm,600
Varsovia,600
agrafa,600
windows,600
roteste,600
Rolfe,600
curgeau,600
ţâţă,600
străluceste,600
vraji,600
Noțiuni,600
poeziei,600
dis-de-dimineaţă,600
friguroasă,600
Rearden,600
omenesti,600
interacţiona,600
flipper,600
experimentăm,600
Romă,600
timbrul,600
consistentă,600
mustele,600
Berk,600
vânda,600
pătimit,600
confuzii,600
onorific,600
ornamentele,600
sandalele,599
til,599
bulgări,599
Kelli,599
demonstraţi,599
televiziunile,599
lingvistică,599
pane,599
Mengele,599
Godric,599
chain,599
Rosamund,599
maruntis,599
împărtăși,599
catedralei,599
ofrande,599
titrare,599
chia,599
Coffin,599
excitantă,599
pripită,599
arcasi,599
Kool-Aid,599
călăuzit,599
fuselaj,599
Atwater,599
furis,599
încadrat,599
Tyra,599
studentele,599
Europă,599
dă-i-le,599
înveselim,599
salonului,599
sculpturile,599
Mose,599
sorbi,599
hush,599
acoperit-o,599
împute,599
meleagurile,599
morţiş,599
Roshi,599
dansatorul,599
duce-o,599
Tugg,599
păcălesti,598
privind-o,598
asasinaţi,598
rață,598
Paulsen,598
javre,598
andocat,598
atrageţi,598
goblin,598
reusească,598
tuna,598
convinge-mă,598
resort,598
discredita,598
coke,598
loveste-mă,598
Aditi,598
sesiunile,598
lucrării,598
formelor,598
nobleţe,598
omeniri,598
pastrarea,598
pamanturile,598
Betleem,598
întunecatul,598
inovator,598
cinsti,598
Maryann,598
pazesc,598
hibrizii,598
metabolism,598
relatează,598
culcată,598
padawan,598
păstaie,598
conspiratori,598
ramele,598
mentina,598
Mikaelson,598
ziceaţi,598
târăşte-te,598
liniştitoare,598
domnit,598
îndesa,598
musafirilor,598
întărire,598
ieșiți,598
Geraldo,597
retorica,597
reintrare,597
cascadoriile,597
Jima,597
elefanţilor,597
Dianne,597
islamice,597
magnifici,597
colectezi,597
columbiană,597
chifteluţe,597
Braverman,597
discreditat,597
putrezită,597
putrefacţie,597
cortului,597
laptelui,597
omorata,597
bogătaşi,597
course,597
fumului,597
contractori,597
Fruit,597
nefiinţă,597
scoteau,597
secolele,597
maxi,597
falia,597
atitea,597
sorti,597
Hell's,597
ingeniozitatea,597
circulat,597
acoliţii,597
exploatație,597
dşoara,597
Mollari,597
turiştilor,597
doll,597
cainelui,597
astora,597
Strozzi,597
salina,597
Yusef,597
chestiilor,597
Mandi,597
haznaua,597
redactat,597
meserias,597
scoasa,596
tezaur,596
deliver,596
Yeung,596
umblător,596
dictionar,596
sãptãmâni,596
treziti,596
Brienne,596
Ilya,596
cuibului,596
prototipuri,596
postasul,596
holograme,596
interesau,596
ticalosilor,596
şorţul,596
Burr,596
cetățean,596
subconstientul,596
biberonul,596
Morten,596
glaciare,596
ecologist,596
antichitati,596
destrama,596
tricotat,596
limitata,596
cosmosul,596
arestează-i,596
bătrânule,596
Alberta,596
salariului,596
poliţienească,596
vânzării,596
Spartei,596
Microsoft,596
despicată,596
crăpătura,596
libelulă,596
pomana,596
Manhattan-ului,596
Lipton,596
comunitătii,596
Costco,595
gheţarii,595
adormite,595
statistica,595
grai,595
tele,595
măcelărească,595
epuiza,595
Goat,595
încing,595
Zalachenko,595
lămurească,595
explică-te,595
lumânărilor,595
prevezi,595
glonțul,595
recrutezi,595
ironică,595
Samara,595
butelie,595
recâştige,595
ducându-se,595
neexplorate,595
atrasa,595
Mackie,595
Cobblepot,595
Marmaduke,595
chiriaşul,595
TNT,595
hiperspatiu,595
intermitent,595
singurătăţii,595
competitor,595
Leblanc,595
pacaleasca,595
spunã,595
chiftea,595
ritmuri,595
Abin,595
cab,595
Reynald,594
rescue,594
firimiturile,594
retur,594
emisie-recepţie,594
impacat,594
petrecanie,594
Potomac,594
proportii,594
scurtează,594
respinşi,594
simplifica,594
replicat,594
Liao,594
Hunsaker,594
inconjurati,594
radacini,594
infiltrez,594
Mirandei,594
hibridul,594
înapoiază,594
norei,594
gandac,594
Romanov,594
burgerul,594
executivi,594
masline,594
ist,594
Esseker,594
codiţe,594
Vezuviu,594
ofeream,594
inchi,594
Montmirail,594
ondulat,594
structurale,594
Hoskins,594
Suh,594
trisezi,594
astra,594
dubioşi,594
Veronika,594
umflarea,594
Soleil,594
pulovărul,594
suspectam,594
Scoția,594
denunţi,594
Luminatia,594
Dorsey,594
genuri,594
tampitul,594
abces,594
norme,594
Raiden,594
okey,594
portarului,594
ţiţei,594
gătesti,594
rustic,594
reclamantul,594
Gunderson,594
conducătoarea,594
înfrunti,594
compatibilitate,594
oştirea,594
Fido,594
WTC,594
blestemi,594
coreene,594
ucigaşa,594
pronuntat,594
Barstow,594
puc,593
Shari,593
spintecat,593
epsilon,593
sperand,593
intelepciune,593
actionati,593
răţuşcă,593
planorul,593
Radhika,593
cancelarie,593
festă,593
pângărit,593
Berna,593
marcăm,593
persistent,593
analizaţi,593
mizerabilul,593
mucosule,593
maraie,593
capă,593
Eastern,593
împingeti,593
neutralizează,593
viruşii,593
opusa,593
corectitudinea,593
invizibila,593
pompeze,593
redirecţionează,593
compromiţi,593
Chibs,593
activităti,593
gratuita,593
turbaţi,593
îngreunezi,593
tătici,593
excesive,593
Asano,593
impetuos,593
potiune,592
înstrăinat,592
cuno,592
chestionar,592
voyage,592
Serpico,592
Savi,592
arãt,592
chaka,592
sterp,592
ibric,592
cunoaștem,592
ntr-o,592
bravul,592
Neto,592
înrudite,592
Mânecii,592
zăbovi,592
infiltrezi,592
inspiratia,592
books,592
ojă,592
de-a-ntregul,592
ofensive,592
Jaden,592
oregano,592
pisicuto,592
taifun,592
tigrilor,592
uraniul,592
saluta-l,592
străbunica,592
iube,591
Sofiei,591
generalilor,591
încruntat,591
băietelul,591
otelul,591
prăpastia,591
dădusem,591
deblochează,591
regizez,591
crease,591
Mather,591
Raikes,591
amploarea,591
Starkey,591
mănăstirii,591
curului,591
pachetului,591
modelează,591
narcoman,591
diabetică,591
Kodiak,591
Kolea,591
Isabela,591
societătii,591
repulsie,591
chipeşul,591
Anatoly,591
localurile,591
sosind,591
latini,591
aventurieri,591
rivalitatea,591
ingrozit,591
tăiam,591
amenintări,591
veşminte,591
valabila,591
Budd,591
spunând-o,591
apărută,591
depuneri,591
unde-au,591
descifrezi,591
originii,591
Reiben,591
papagalii,591
clismă,591
Dermot,591
Machiavelli,591
intergalactic,591
formale,591
gravitatie,591
furtunoasă,590
cuplăm,590
code,590
4x4,590
cezarului,590
retrospectivă,590
înmulţi,590
fantasy,590
fanfară,590
ameninţărilor,590
contribuţii,590
cererilor,590
batalioane,590
stripper,590
Dumas,590
subconştientului,590
imputita,590
curtoazia,590
Calderon,590
împerecheat,590
Mariano,590
râvnit,590
pandantiv,590
contraspionaj,590
Sanctitate,590
simpatice,590
Mulwray,590
Rina,590
morocănoasă,590
Ajax,590
descifreze,590
scursurile,590
regulamente,590
Delano,590
proverbul,590
tachinat,590
fularul,590
triumfă,590
împingere,590
Parma,590
drumurilor,590
folosi-o,590
juvenilă,589
viaþã,589
domnească,589
donaţi,589
ținem,589
diagnostice,589
muc,589
virez,589
Stirling,589
indoit,589
capitalismului,589
armamentului,589
Halliwell,589
coiotul,589
trying,589
puțini,589
sirian,589
veverite,589
Daggett,589
Cartagena,589
rising,589
Woodhull,589
barbatului,589
rescrii,589
cinstesc,589
Ihab,589
înfundă,589
specializaţi,589
turcă,589
recenzii,589
bocnă,589
Bartleby,589
albaneză,589
Jughead,589
înserat,588
vehement,588
discernământ,588
uimitoarea,588
extensii,588
memoriu,588
întretinere,588
stropii,588
Garrick,588
peşterilor,588
dumping,588
works,588
formule,588
mişcărilor,588
măslin,588
sfătuitorul,588
multimii,588
ciclop,588
trântă,588
naib,588
nepregătiţi,588
combustibili,588
Kray,588
Melrose,588
consulatului,588
Scud,588
Purvis,588
accidentelor,588
mișcați-vă,588
Loman,588
Adonis,588
telefonează,588
întrebaţi-o,588
comunicatie,588
tomate,588
Tanz,588
plăteşte-l,588
leş,588
Hines,588
za,588
cumnatului,588
sad,588
excitare,588
fazer,588
scanaţi,588
porniți,588
event,588
politaii,588
sărutului,588
extrasul,588
awesome,588
miște,588
Holtz,588
Basra,588
revărsat,587
almanahul,587
renunți,587
sateliţilor,587
sabiile,587
Gamgee,587
decapita,587
modesta,587
ship,587
barili,587
acționa,587
fundas,587
uitarea,587
învoire,587
salopeta,587
roză,587
simulările,587
dezactivare,587
donarea,587
liberali,587
plugul,587
imobiliari,587
d-I,587
monoton,587
redeschidem,587
posibilitatile,587
Pezuela,587
wink,587
Ning,587
decăt,587
armăsari,587
superputere,587
Marriott,587
patolog,587
măreste,587
m-ajute,587
ºtie,587
Tug,587
Corrigan,587
tranzactia,587
multiplu,587
actiunii,587
stindardul,587
sănătoasa,587
alungată,587
cearşaf,587
procurori,587
găoază,587
piroman,587
expeditia,586
caddy,586
until,586
dezlege,586
script,586
împrumutată,586
străpungă,586
ferea,586
incinerată,586
verighetele,586
transferurile,586
flirtul,586
vicepreşedintă,586
rupeti,586
taiata,586
beneficieze,586
apropiau,586
samurailor,586
intreaba-ma,586
porcuşorul,586
intendent,586
jud,586
grote,586
RMN-ul,586
felina,586
făcutul,586
Claw,586
agentilor,586
crucifixul,586
presante,586
pământene,586
Grease,586
implementat,586
omida,586
Shira,586
patruleze,586
mizeriei,586
Rumplestiltskin,586
Knightley,586
dela,586
intervievez,586
uraţi,586
pollo,586
Chunghae,585
papală,585
stralucire,585
cazac,585
sofa,585
bunică-ta,585
iscoadă,585
bancurile,585
drogatule,585
rezistentei,585
bolnavilor,585
tristi,585
avei,585
Taani,585
admiti,585
gută,585
remorcat,585
menaj,585
recuperator,585
potriveasca,585
juniorul,585
mănînci,585
ini,585
Kelley,585
ladies,585
cerându-mi,585
linistiti-vă,585
demolarea,585
piersica,585
ce...ce,585
Suediei,585
percepem,585
leviatan,585
considerat-o,585
anticorpii,585
Jarrah,585
Ivanovici,585
oilor,585
scăpase,585
mândrim,585
Interpolului,585
întărirea,585
eliminând,585
umanitară,585
auzeai,585
claritatea,585
mobiliza,585
Greendale,585
credeati,585
Napster,585
polaritatea,585
Canter,585
înrudiţi,585
hoţului,585
violonist,585
HPD,585
bulangiul,584
blondul,584
Services,584
bunavointa,584
rostească,584
viceversa,584
analizând,584
regulamentar,584
parcăm,584
Topeka,584
balele,584
conturilor,584
vertigo,584
lepădătură,584
de-odată,584
nisipurilor,584
motelului,584
cere-o,584
suspecți,584
Landau,584
spectrului,584
trapez,584
neprogramată,584
nedetectat,584
Mahatma,584
Cooley,584
Bodine,584
imbecilii,584
Croaţia,584
oştile,584
Tatooine,584
şcolarizare,584
Carmack,584
Leach,584
Eames,583
scenariului,583
aşezări,583
maniacă,583
both,583
supravegherii,583
eticii,583
investigatori,583
briose,583
Snape,583
accesare,583
Bethlehem,583
musti,583
scotocesc,583
neconvenţional,583
funcţiei,583
aromele,583
scăpând,583
hamsteri,583
metamorf,583
such,583
onorate,583
Indra,583
iranienii,583
incuie,583
risipească,583
crucile,583
loveam,583
interlope,583
locuibilă,583
iluminării,583
coliziunea,583
istorici,583
shogunului,583
Dyke,583
lucios,583
razbuni,583
râdeti,583
hotarasc,583
tick,583
convingerilor,583
Franko,583
viitoarei,583
Tanger,583
nexus,583
bănuiţi,583
fora,582
conflictelor,582
moștenirea,582
traditiile,582
insultaţi,582
telefonu,582
putul,582
copţi,582
poloneze,582
vorbirii,582
Ivar,582
pseudonimul,582
pad,582
Kawalsky,582
ww,582
Rains,582
mediator,582
afecţiunii,582
goarna,582
cerşind,582
obstrucţie,582
crezusem,582
aduceţi-le,582
rotim,582
inactive,582
petreceau,582
duhule,582
Cassia,582
mucegaiul,582
detectiva,582
strângeam,582
patinezi,582
ciumei,582
Guevara,582
nazgul,582
Limehouse,582
obraznicule,582
diferitelor,582
frasin,582
arestate,582
Aden,582
salvatoarea,582
crashing,582
sătenilor,582
Crabtree,581
cărămida,581
margareta,581
coioţii,581
grăunte,581
dr-lui,581
gindi,581
băieţaşul,581
m-asculţi,581
tolerată,581
configurat,581
lecturi,581
cadrele,581
discutate,581
clasament,581
achiziţionarea,581
văcar,581
revistelor,581
diacritice,581
învingeţi,581
pretentios,581
binecuvântezi,581
limbajului,581
barbarilor,581
use,581
Jacko,581
extravagantă,581
carnavalului,581
Shasta,581
Hen,581
indie,581
hou,581
mustată,581
ţărmului,581
stâncos,581
revelionul,581
irosire,581
păpuşar,581
sofisticaţi,581
predicatorule,581
reciproce,580
Arif,580
arătător,580
actualitate,580
raţionali,580
definite,580
Erskine,580
arătaţi-le,580
semnifica,580
bravii,580
ţeluri,580
provinciile,580
Amarillo,580
încurcaţi,580
enervăm,580
urati,580
respirati,580
soptit,580
reflectezi,580
Prancer,580
portavioanele,580
Bek,580
Thumper,580
we've,580
jargonul,580
fixeze,580
taxiu,580
conferință,580
instalatia,580
patina,580
pâlnie,580
interferente,580
Ronal,580
ambasadori,580
gazoasă,580
capitalism,580
scăpări,580
bandana,580
greșelile,580
neaga,580
chinuiţi,580
licență,580
măgulit,580
oftalmolog,580
naftalină,580
tarani,580
oye,580
instalatori,579
șoaptă,579
barbia,579
daţi-mi-o,579
Ganz,579
motoreta,579
TiVo,579
dependenţii,579
baştină,579
capitolele,579
vanatoarea,579
ți-au,579
Shawshank,579
topite,579
ariei,579
Lowrey,579
Virg,579
Stumpy,579
senzoriale,579
sâmbure,579
Consolidated,579
inchisorii,579
accidentare,579
făceţi-mi,579
dezarma,579
McKee,579
service-ul,579
geologic,579
tevile,579
indeplinesc,579
băgate,579
paseze,579
definitia,579
soarbe,579
bastarzilor,579
cercetaşilor,579
cotitura,579
imperii,579
intrusi,579
Xin,579
convină,579
arătare,579
Gaye,579
spy,579
Wilden,579
atâţi,579
profesoare,579
şade,579
Ameliei,579
vidră,579
includea,579
secţiunile,579
Raider,579
harti,579
profile,579
criticul,579
d-stră,579
Budderball,579
Zander,579
cauzata,579
pacatul,579
bogăţiei,579
Duvall,579
reluaţi,578
Herot,578
nevrotic,578
truck,578
marcheaza,578
showtime,578
Soph,578
drogat-o,578
segmentul,578
răniţilor,578
modelelor,578
belgiană,578
autorizează,578
contrazică,578
izbi,578
Shippo,578
Ciccio,578
Hephaistion,578
snack,578
chipeşi,578
cuvin,578
dezvoltator,578
saxoni,578
joasa,578
firav,578
atrăgători,578
rămăşiţelor,578
Führer-ului,578
atropină,578
inimioară,578
gestionarea,578
tweet,578
shut,578
împrieteneşti,578
raneste,578
Ratched,578
fictivă,578
ameţiţi,578
broşă,578
Prot,578
Nephilim,578
grăsuţ,578
s-auzi,578
făcându-ne,577
insoti,577
ţintim,577
deplaseaza,577
diferentele,577
problematică,577
graficele,577
ibricul,577
Iosua,577
soapta,577
adunau,577
pâlpâie,577
Toula,577
plicticoase,577
îngrijitoare,577
creşteam,577
iminenta,577
birthday,577
îndoielnice,577
jigniţi,577
Sapna,577
furase,577
Kraken,577
expirate,577
rela,577
plesni,577
raţionale,577
zgarietura,577
EEG,577
batoanele,577
cârcel,577
stabilita,577
infamul,577
căsătoriți,577
scazi,577
bărbăţie,577
reconsidere,577
oaspeții,577
Wilmington,577
frigidă,577
deveniseră,577
turnăm,577
ţelurile,577
NSS,577
vertebrele,577
şacal,577
batalii,577
proiectezi,577
C-3PO,577
Dă-o-n,577
Hartigan,577
Josiah,577
antimateria,577
apăram,577
protejând,577
sampon,577
druidul,576
farmaceutic,576
Ulysses,576
şpilul,576
înregistrat-o,576
cinele,576
concep,576
Harriman,576
Agentuoo7,576
mucus,576
ieşeai,576
parohiei,576
găzduiască,576
Vietcong,576
tânjit,576
emana,576
Montauk,576
colinele,576
ciocănitoare,576
gândește,576
tradatori,576
tine-n,576
curiosi,576
Zheng,576
Tokugawa,576
băteai,576
șoferul,576
muntos,576
tinută,576
răsplăteşte,576
şterpelit,576
sucursala,576
traversare,576
Chiyo,576
Halloran,576
campionate,576
echitabilă,576
plănuind,576
fascicul,576
păşune,576
wh,576
bătăuşul,576
comportare,575
infiltrarea,575
nostime,575
scufundam,575
realizabil,575
marcajul,575
Gesserit,575
revelaţia,575
ataşament,575
restaurată,575
Gordie,575
Devil's,575
FedEx,575
Nissan,575
strangem,575
Lounds,575
autopsii,575
intirziat,575
bisexual,575
catabeg,575
Zooey,575
staniu,575
însemnau,575
geo,575
chicoteli,575
reportera,575
turbulente,575
cerându-i,575
toantă,575
criptarea,575
shoes,575
Littleton,575
depresii,575
incendiată,575
comedian,575
hispanici,575
atacatorului,575
doritor,575
toleranta,575
neortodoxe,575
coliere,575
Ashok,575
ghilotină,575
urcarea,575
ghinioane,575
sfinti,575
arbitrar,575
sacrificată,575
c-ce,575
du-mi,574
caramele,574
variabilele,574
aminteste-mi,574
hotărăsti,574
sfantului,574
despărţiri,574
recenzia,574
simte-o,574
gandea,574
avansurile,574
Brogan,574
legali,574
holocaustului,574
Winklevoss,574
negociaţi,574
filmeaza,574
Reynard,574
ma-ntorc,574
sigurul,574
amîndouă,574
Ranjan,574
bivolii,574
întrega,574
Chatham,574
shade,574
Diz,574
Nazca,574
orhideele,574
aripii,574
spetit,574
operațiunea,574
sugrumi,574
convoc,574
democrată,574
explicaţi-mi,574
apăruse,574
Blaire,574
plictisească,574
mofturi,574
satisfactia,574
dându-ţi,574
Hati,574
ambiguu,574
regesc,574
ionat,574
tigani,574
intoarcete,574
soda,574
maritimă,574
pooch,574
organizație,574
porţiuni,574
profanat,574
neajutorate,574
carlig,574
orbitală,574
ratiunea,573
gemul,573
tinuti,573
Pim,573
ruşina,573
congelare,573
stradal,573
Queequeg,573
corporativ,573
slujnica,573
sorocul,573
oricine-ar,573
clientelă,573
Museum,573
Eragon,573
aprindeti,573
Kristoff,573
cardinali,573
fugii,573
postez,573
Stinson,573
construiau,573
Wulfric,573
Jerico,573
versantul,573
mee,573
XIX,573
încurcăm,573
nevinovaţii,573
Arnhem,573
americanule,573
coala,573
accept-o,573
exprimate,573
udăm,573
Cline,573
tâmpita,573
Benz,573
aleii,573
chesti,573
ne-om,573
stră-străbunicul,573
concepţia,573
each,573
siamezi,573
confesional,573
jignească,572
relatarea,572
Doherty,572
substantiv,572
restricţiile,572
forteze,572
organizatorul,572
hrănindu-se,572
Harkonnen,572
Mordorului,572
Danziger,572
marionetele,572
bazându-te,572
bijuteriilor,572
mlaştinile,572
Chestnut,572
Ramone,572
multiplica,572
înjositor,572
distinsă,572
demodate,572
ardeti,572
amănuntul,572
migrenele,572
Marseille,572
rularea,572
email-ul,572
bâlciul,572
colecţii,572
ține-ți,572
cartoful,572
chimici,572
suge-mi-o,572
buşteanul,572
exterminator,572
Dryden,572
proton,572
middle,572
terifiantă,572
Lian-Chu,572
somebody,572
cuplează,572
ricoşat,572
pieirea,572
revoluţii,572
sugruma,572
loveau,572
U2,571
alchimie,571
sublimă,571
dragonule,571
Alameda,571
şmecherule,571
intangibil,571
taxezi,571
potcoavă,571
locuinţei,571
maroniu,571
rulați,571
mătăsii,571
seca,571
afectata,571
lemnului,571
yala,571
B613,571
þi-am,571
petre,571
aratai,571
nicovală,571
bonzi,571
picătura,571
gips,571
portretele,571
depou,571
Itachi,571
Buren,571
satisfăcuţi,571
agenţiilor,571
jertfa,571
piazza,571
lasate,571
platourile,571
controversate,571
ataşamentul,571
glumet,571
maţe,571
cookie-uri,571
8-lea,571
atîtea,571
Dega,571
contactat-o,571
inventarea,571
conştiincios,571
statiei,571
matematicii,571
fraiera,571
Johnse,570
Zant,570
dori-o,570
radiatiile,570
inunde,570
recrutăm,570
închidea,570
cetera,570
fiscului,570
vâslă,570
Fourth,570
burning,570
Myrna,570
Edoras,570
puisor,570
comedii,570
sovieticilor,570
influenţată,570
Passepartout,570
Hiller,570
cardassieni,570
împachetează-ţi,570
reactoare,570
manipulez,570
wouldn't,570
machiez,570
Dinky,570
panicată,570
Kumbaya,570
grăit,570
așa-i,570
taraba,570
văzând-o,570
opresiune,570
Vanderbilt,570
strigai,570
Gopal,570
hartuire,570
Ponzi,570
tejghelei,570
desfasoara,570
cururi,570
zelos,570
taram,570
termitele,570
Medivh,570
Tula,569
vâr,569
asumarea,569
Breck,569
obscuritate,569
idilă,569
păşească,569
arătură,569
înţelesuri,569
napi,569
indulgenţă,569
prețios,569
Ostia,569
brațe,569
legăturilor,569
Shue,569
mâhnit,569
răspunzând,569
controlorul,569
Michonne,569
neputând,569
revendici,569
prelungirea,569
obscenă,569
rudenie,569
infinita,569
drift,569
avusesem,569
opreste-i,569
sunați,569
puneţi-mă,569
Stupefy,569
danatom,569
McDonalds,569
codată,569
creştinism,569
emotionată,569
baricadaţi,569
constata,569
aparente,569
nulă,568
consolat,568
soarecii,568
Ginnie,568
Tamir,568
refaceţi,568
depasi,568
Ziegler,568
prezidează,568
greaţa,568
respirabil,568
abstinenţă,568
Tarik,568
coctail,568
repetarea,568
ființe,568
obtuz,568
publicist,568
Shai,568
manevrezi,568
pensa,568
dunk,568
perpetua,568
Salman,568
discretia,568
fascinanta,568
testoase,568
Amman,568
abordaţi,568
Bapu,568
bieţi,568
centurii,568
carnale,568
combo,568
telemetria,568
vulnerabilitatea,568
aurită,568
sfanţ,568
deplinătatea,568
nascuti,568
grindă,568
ulcerul,568
stridente,568
mocirla,568
tendoanele,568
boreală,568
Wilhelmina,568
evadări,568
gustărică,568
dezamagire,568
gateasca,568
Pollack,567
palida,567
dispreţui,567
insotesc,567
cartofor,567
Sledge,567
focalizează,567
samuraiul,567
izbitoare,567
discuţiilor,567
eşuez,567
Spenser,567
cunoscusem,567
prostovane,567
crescător,567
rugându-mă,567
diminuează,567
Kwai,567
muy,567
pereţilor,567
Hiroshi,567
Dior,567
moderată,567
specimenul,567
luminiţe,567
exemplară,567
treziti-va,567
practicant,567
Aagh,567
tăios,567
votati,567
inumane,567
zugrăvit,567
şefei,567
eat,567
cantitati,567
actualmente,567
acomoda,567
diviziune,567
Stroud,567
s'o,567
amoros,567
dictatura,567
adapostul,567
Tanzania,567
pronunţe,566
zeama,566
uimească,566
Jaffe,566
maici,566
intalnirile,566
ceremonial,566
CBI,566
palarii,566
Indochina,566
ticălosi,566
cumparator,566
săltăm,566
alternativele,566
sferei,566
inocenţă,566
tâmpito,566
roiesc,566
gasping,566
obrăznicătură,566
lărgesc,566
depravare,566
spuneti-ne,566
cuplurilor,566
apaş,566
turcoaz,566
pregătiți-vă,566
Bogo,566
nu'i,566
dezbat,566
Ithaca,566
inscenare,566
feeling,566
nesemnificativă,566
Erebor,566
Wladek,566
Rosy,566
mânã,566
Marquis,566
trăgîndu,566
Sweety,566
discoteca,566
receptorii,566
căieşti,566
pazit,566
înfometate,566
consumului,566
gingiile,566
dilitiu,566
intrand,566
Cera,565
hambarului,565
crabul,565
carry,565
ţâşneşte,565
maladie,565
malefica,565
cca,565
aces,565
neapărată,565
stingeti,565
cătuse,565
cicălitoare,565
împodobit,565
bolo,565
borcanele,565
unicornul,565
ouţ,565
fuselajul,565
duhuri,565
consilierea,565
canin,565
întrebându-te,565
Meehan,565
conversa,565
Mathieu,565
reconstituire,565
implicării,565
taelonii,565
aşteapta,565
Guadalcanal,565
sarbatoresc,565
paguba,565
va-ţi,565
Dukat,565
deranjantă,565
dispretuiesc,565
Leng,565
Emmanuel,565
marţienii,565
risipeşte,565
adancime,565
şalupă,565
trbuie,565
laţi,565
Dorrit,565
partenerei,565
diacon,565
saudit,565
indiscutabil,565
oaspetelui,565
hidoase,565
meteorolog,565
suim,565
Vegasul,565
decisive,565
Gerty,564
bistro,564
șanse,564
binevenita,564
lipseasca,564
carlinga,564
ascultã-mã,564
dumnevoastră,564
patologică,564
Gower,564
Vallejo,564
infruntat,564
antiaeriene,564
codare,564
ostentativ,564
Dukes,564
daaaa,564
dã-i,564
apa-n,564
neînțelegere,564
gândeasca,564
etajului,564
contemporană,564
Dol,564
Rotterdam,564
pneuri,564
Kassie,564
cocioaba,564
regăsim,564
version,564
McGraw,564
McLintock,564
spovedit,564
înfăşurată,564
teoretice,564
cedru,564
remarce,564
infecţioase,564
staff,564
instalare,564
epilat,564
tapioca,564
machetă,564
utilităţi,564
Reba,564
scârboşi,564
tovarăşă,564
netăgăduit,564
toare,564
stinge-l,564
hidrant,564
Maze,564
dãm,563
animalic,563
sugeţi,563
monstruozitatea,563
încărcăturii,563
mareşale,563
carteluri,563
Joyner,563
supermodel,563
de-alungul,563
transformări,563
cumparaturile,563
fermierule,563
morile,563
abruptă,563
obțină,563
Bucket,563
saracie,563
acvila,563
standardelor,563
pătratul,563
dependenti,563
agati,563
semnificatia,563
decesele,563
intermediară,563
obraznica,563
profeţiei,563
mișcarea,563
tragator,563
Hyunto,563
usura,563
acomodare,563
periat,563
inconştienţă,563
maiestatii,563
amplă,563
invadezi,563
şofran,563
mânuitor,563
înmormântată,563
telefonezi,563
triade,563
javrelor,563
holding,563
Sachin,563
Constable,563
poliţe,563
părăsiti,563
eschiva,563
nenatural,563
externată,563
teaca,563
stabilisem,563
polițistul,563
amenințarea,563
privilegiată,563
colaboratorii,562
Muldoon,562
parcelă,562
Caspar,562
Kaye,562
ciorbă,562
înlocuitori,562
ratonii,562
obligatiuni,562
bobinele,562
persanii,562
negativele,562
viciul,562
reținut,562
Damul,562
rostogoli,562
topoare,562
raportare,562
tweeter,562
Bower,562
cetătenii,562
B.I.G,562
înspăimântători,562
Nanjing,562
scandaloasă,562
răbdării,562
drojdie,562
răzbunătorul,562
V-lea,562
pazea,562
Warhol,562
coafeză,562
risotto,562
inversăm,562
Bunchy,562
russe,562
smoala,562
Gear,562
Bohm,562
cîinii,562
McCawley,561
injectaţi,561
particulara,561
Raimy,561
reuniunile,561
obținut,561
Barts,561
ficei,561
crescuta,561
receptionez,561
cornet,561
Charity,561
minotaur,561
medicinală,561
UV,561
tînără,561
joaca-te,561
Sab,561
Pushkin,561
sunaţi-ne,561
patroni,561
androizii,561
class,561
mantra,561
legănat,561
LaRue,561
stralucirea,561
pilă,561
Scotiei,561
moştenească,561
moştenesc,561
semafoarele,561
abea,561
Ishido,561
tușește,561
păsăricile,561
Dearing,561
heard,561
Manon,561
unsub,561
mașinile,561
caserolă,560
Anka,560
încântarea,560
Rickon,560
cuburile,560
linistitor,560
shakespeares_son,560
ăl,560
încadrez,560
firar,560
somer,560
ailaltă,560
professor,560
percheziţiona,560
şina,560
ciupesc,560
eliberați,560
incantaţia,560
deghiza,560
chic,560
Fishman,560
ingropata,560
revenea,560
Kirsty,560
redevenit,560
bibliotecarul,560
adăugate,560
demonstrează-mi,560
spune-i-o,560
Vulture,560
RoSA-Team.ro,560
returnarea,560
selecta,560
amenință,560
comandati,560
editorialul,560
acomodeze,560
satisfacţii,560
înfăptui,560
straduit,560
bluze,560
Solly,560
baptist,560
unicorni,560
boluri,560
invitație,560
lucrătură,560
derulat,560
pacientele,560
recompensei,560
directiile,559
insurgenţii,559
arhanghelul,559
sosuri,559
Ursa,559
Limited,559
vaccinurile,559
Fahrenheit,559
autocontrol,559
uuu,559
producătorului,559
Koenig,559
feminina,559
plânsete,559
amurgul,559
inţeles,559
reglare,559
protejai,559
Autumn,559
farsele,559
lărgit,559
printeso,559
Aqaba,559
Sussman,559
curăţat-o,559
şurubul,559
ocazională,559
Joxer,559
prevazut,559
folosești,559
anchetatori,559
sho,559
quote,559
ţineţi-le,559
faşă,559
Kronos,559
melon,559
ofiterului,559
Zephyr,559
coordonez,559
Frederik,559
Stillman,559
bulgari,559
îmbufnat,559
Petyr,559
învârtiţi,559
invadarea,559
stapani,559
bufnitură,559
Harcourt,559
înăbuşită,559
ritmului,558
sarite,558
stateau,558
contributia,558
Liliana,558
cheilor,558
nerabdatoare,558
barierei,558
Trout,558
compozitorul,558
mucho,558
dedice,558
Tyree,558
sirul,558
însotesc,558
hieroglifele,558
înclinaţii,558
tehnologiile,558
saracii,558
justificate,558
Tennyson,558
maturitatea,558
rezistati,558
Allahu,558
yummy,558
curătăm,558
Grundy,558
grupurilor,558
necunoscutului,558
Phill,558
melodiei,558
spulbere,558
scândura,558
interceptează,558
pescăruşii,558
malţ,558
despărţirii,558
răpitoare,558
chocolate,558
Karine,558
Elka,558
Leicester,558
Alisa,558
Goering,558
ramina,558
imprimate,558
căpătâi,558
noutatea,558
putrede,558
efectului,558
zâmbim,558
cace,557
lubesc,557
intilni,557
claustrofobic,557
ridicați,557
pensulă,557
înlăturată,557
mobilizarea,557
inregistrata,557
adulmeca,557
păcălit-o,557
Sooraj,557
demontat,557
Everglades,557
că-ți,557
holbam,557
franghie,557
deviza,557
leguma,557
carburatorul,557
nerod,557
repetată,557
nădăjduiesc,557
Laredo,557
personalizate,557
Oddie,557
veioza,557
Sojat,557
răpirile,557
yet,557
inselati,557
şi-aş,557
Flaherty,557
sorta,557
complicaţi,557
brutarul,557
înteţeşte,557
raspundere,557
rămâneau,557
indexul,557
pupăm,557
FBl-ul,557
termene,557
rectific,557
barosul,557
dirijat,557
trântesc,556
răhăţit,556
Riggins,556
nemţeşti,556
instrucțiuni,556
Shields,556
contestă,556
leproşi,556
prezentului,556
Hatsumomo,556
fărădelegi,556
sfărâmată,556
coordonăm,556
zambesc,556
despica,556
excrementele,556
făgăduiesc,556
mouse-ul,556
reintra,556
Wellesley,556
lingău,556
adusese,556
Pinkie,556
puscasi,556
porcuşorule,556
muşamalizeze,556
Quintana,556
respinsa,556
infinitul,556
Nikhil,556
filmuleţe,556
scanezi,556
electrozi,556
culturilor,556
şerpilor,556
Bangalore,556
pregăteşte-o,556
Rubio,556
pound,556
tinara,556
retinem,556
provincial,556
catrafusele,556
senzaţiile,556
înţelepţii,556
târâi,556
hormonal,556
producatorul,556
bibliotecară,556
Irish,555
EMP,555
Gerri,555
originară,555
cantareata,555
sutra,555
necunoscuti,555
pres,555
woni,555
tirani,555
Astaire,555
Karina,555
inchei,555
Rutland,555
pocket,555
şeicului,555
Elba,555
Hutton,555
transponder,555
Kala,555
Hardin,555
intrasem,555
lalea,555
înfioară,555
Americi,555
boxele,555
tastează,555
Doren,555
linisteste,555
defineşti,555
PDA-ul,555
prefixul,555
falie,555
ghidaj,555
progresezi,555
dovedite,555
curatati,555
Anei,554
fisurat,554
Netflix,554
cardinalilor,554
Auguste,554
ariană,554
Bernini,554
adoptarea,554
Indio,554
performante,554
inconjoara,554
Vikings,554
stăpânei,554
Mdea,554
rei,554
adoptat-o,554
Antares,554
continuitate,554
epave,554
crucişătoare,554
scamatorii,554
comediantul,554
cilindrii,554
îndurăm,554
ehh,554
licee,554
traseele,554
meta-om,554
ascunzând,554
tineti-o,554
suedezi,554
scuteşte-ne,554
elastică,554
cizmar,554
Lumen,554
călduţă,554
desluşit,554
convenţională,554
pocnituri,554
Pac-Man,554
cobră,554
amortit,554
shoturi,554
nerecunoscători,554
motiveze,554
specialităţi,554
rîde,554
vindeai,554
cochilia,554
utilizezi,554
sarita,554
indraznit,554
lasa-o,554
atrocităţile,553
orale,553
moşi,553
Erwin,553
Kepler,553
Giggles,553
malt,553
nervului,553
ovule,553
hornul,553
Ansel,553
s-aduc,553
absolvenţilor,553
epurare,553
Coronado,553
butelia,553
moralităţii,553
indemana,553
matelot,553
hering,553
hârţogăraie,553
Krantz,553
Graf,553
judecarea,553
izbitor,553
clei,553
alergica,553
junghi,553
famat,553
fatza,553
paraşutat,553
asculta-l,553
agităm,553
răule,553
educație,553
salvata,553
Yorktown,553
Sunaina,553
Gord,553
schiuri,553
luminoasa,553
matriţele,553
gânditi-va,553
dezonora,553
sinapsele,553
termină-i,553
perfectiune,553
pieselor,553
titlului,553
Modigliani,553
Shatterhand,553
Standish,553
intestinal,552
sfintii,552
mincarea,552
iart-o,552
micuti,552
pulsului,552
fântânii,552
geniilor,552
extinctorul,552
Luo,552
piureul,552
Jase,552
şifonat,552
Fontana,552
stabilizatoarele,552
investeşte,552
Benning,552
guverneze,552
balenei,552
decalaj,552
cumplita,552
inrolat,552
Digest,552
câh,552
halba,552
turbare,552
Ciera,552
geologică,552
motivului,552
reziduală,552
Haggard,552
susținut,552
condiţiei,552
muzeele,552
tiptil,552
deplasezi,552
raceste,552
măcelăresc,552
sovietica,552
condimentele,552
într-altul,552
revolutiei,552
ioni,552
calmantele,552
împărţind,552
Toussaint,552
infiltraţi,552
percheziţionezi,552
uzuale,552
depasesc,552
Incorporated,552
cîntec,552
promiți,552
uneşti,552
indiferenta,552
skateboard-ul,552
obuze,552
presupuneţi,552
Lolly,552
ştafeta,552
iminente,551
borat,551
barosanul,551
până-i,551
palpitaţii,551
dintr-odata,551
manipulaţi,551
cooperării,551
repetitia,551
Ottawa,551
sindromului,551
mîini,551
flexibile,551
închine,551
decolteul,551
verificând,551
Bonnet,551
sfioasă,551
infrunti,551
invincibilă,551
jelim,551
solicitată,551
cretine,551
mol,551
escadrilei,551
zăhărelul,551
leoaică,551
relicvele,551
viclenia,551
Jeddak,551
înştiinţarea,551
lansatoarele,551
circulator,551
stapanului,551
sărbătorită,551
votată,551
pulii,551
mozaic,551
teleportaţi,551
gunoierul,551
serbarea,551
Cleve,551
RAW,551
păpuși,551
picturii,551
figurează,551
Vigo,551
externare,551
Atlantidei,551
comodor,551
cumpărătorului,551
S.A.R.A.H,551
căzuse,551
ţin-te,550
knew,550
bucurati-vă,550
pansamentul,550
vasculară,550
pamflet,550
Mahmoud,550
fusul,550
neînţelegerea,550
Wiggin,550
prora,550
imperfectă,550
bug-uri,550
mandibula,550
N'vreau,550
acreditările,550
informație,550
ameţitor,550
metaforele,550
Jolinar,550
dezvăluiri,550
Graff,550
îndrăgostiti,550
găsirii,550
Rincon,550
uite-asa,550
cronici,550
Jacquart,550
codrul,550
Hickman,550
galaxiilor,550
Evolet,550
Boon,550
indiscretă,550
căruţul,550
măsluit,550
Stacie,550
postezi,550
corzilor,550
rămînă,550
children,550
dezmembra,550
publicare,549
bub,549
toracic,549
agăţat-o,549
lips,549
mutaţi-vă,549
Isaiah,549
aberaţii,549
droaie,549
confiscă,549
crem,549
dragului,549
Mugatu,549
ridiculizat,549
zdreanţa,549
Sandokan,549
Paraguay,549
urmează-l,549
semnalează,549
Bachchan,549
vrăjeşti,549
Cadence,549
paciente,549
tufe,549
sponsorizează,549
reflectoare,549
anşoa,549
rie,549
Hobie,549
previziune,549
clienți,549
aduceti-i,549
romulani,549
domnesc,549
evoluăm,549
numindu-l,549
CSU,549
tipografie,549
antrenoare,549
biştari,549
magistratului,549
Karpov,549
pătesti,549
supranumit,549
puţintel,549
reîntorci,549
é,549
Bixby,549
baga-mi-as,548
soluţiile,548
asistă,548
Brimstone,548
cuşer,548
înconjurate,548
infracțiuni,548
chemaţi-mă,548
cercetată,548
măscăriciul,548
disfuncţie,548
Nirrti,548
coechipierii,548
Dahmer,548
Childers,548
Finnick,548
divulge,548
expeditor,548
organizeaza,548
fatada,548
momit,548
Ponyo,548
Needles,548
Crabb,548
migrena,548
epi,548
agraveze,548
Tremaine,548
îngrijorări,548
păsărească,548
Fredricksen,548
zacă,548
calaresc,548
unități,548
termos,548
Briareos,548
idolii,548
turbinele,548
Flagg,548
vata,548
Keung,548
Luiz,548
temeiul,548
Paola,548
conjur,548
deplorabil,548
fee,548
cultivarea,548
sfârtecat,548
conul,547
evreica,547
rever,547
aminteşte-i,547
Venkman,547
aluna,547
aplece,547
sigla,547
pacienții,547
gît,547
specialistă,547
Lien,547
Psycho,547
cargoul,547
Lansing,547
Bellini,547
oaspeți,547
capteze,547
Signe,547
Hathor,547
lotusul,547
distorsiuni,547
văduvele,547
ridicaţi-o,547
soapte,547
barajului,547
municipale,547
uleiului,547
imprastiat,547
torpedo,547
recompensele,547
tăntălăi,547
playing,547
Treville,547
reflexul,547
ucigându-l,547
decorată,547
veterinară,547
procesiunea,547
bogătaşii,547
Miho,547
primordială,547
mormăit,547
Looney,547
artistii,547
împușc,547
ţesătura,547
industrii,547
tuşeşti,547
bombardată,547
verbină,546
rs,546
evacuezi,546
echivoc,546
fanta,546
ortul,546
abaţi,546
Afganistanul,546
Wolfie,546
venereze,546
haleala,546
subminează,546
îmbrăcati,546
dizolve,546
rezonabila,546
stâncilor,546
Zaara,546
rămăseseră,546
Poughkeepsie,546
genocidul,546
cerşit,546
prostitutie,546
dezastruoasă,546
răsunător,546
crochete,546
votarea,546
Sellers,546
lătrând,546
hituri,546
brutali,546
Gowron,546
demenţi,546
întîlni,546
tripleţi,546
pep,546
cuvenea,546
vagine,546
lăsându-te,546
went,546
instalată,546
dantela,546
silabă,546
strangulat-o,546
amantei,546
intâlnim,546
Barbarei,546
extinzi,546
băieţelului,546
brie,546
alegători,546
reîncarc,546
întâlneasca,546
litigii,546
văzuti,546
homofob,546
filmeserialeonline.org,546
Trelawney,546
cufere,546
n-arăţi,546
restabilesc,546
R2-D2,546
oricînd,545
angajatilor,545
perturbat,545
Kath,545
puicute,545
curățare,545
Longstreet,545
haotice,545
alimentezi,545
futere,545
sangerezi,545
trezește,545
Warriors,545
renovări,545
citadela,545
Zoil,545
căcatu,545
beneficiezi,545
vre-odată,545
inexistente,545
kingdom,545
pote,545
teribilul,545
căzătura,545
electrocutare,545
de-asemenea,545
înaripat,545
păti,545
etnice,545
dawg,545
amenințări,545
leșinat,545
trezită,545
Omura,545
ciinele,545
tendinţele,545
înghețat,545
găinilor,545
mafiotul,545
capodopere,545
setate,545
Glendale,545
hiper,545
Neapole,545
Choo,545
schite,545
răniți,544
fracul,544
artizanale,544
Farragut,544
polaroid,544
reușesc,544
salvaţi-ne,544
şuruburile,544
jigodiile,544
reflector,544
ziaristul,544
înfruntând,544
viabile,544
Nicks,544
avid,544
bro,544
ich,544
parnaie,544
aratand,544
răşină,544
teroristilor,544
ală,544
bebeluşule,544
meditator,544
capata,544
orizonturi,544
vîndut,544
lonely,544
Aberdeen,544
umezi,544
ionică,544
Jorah,544
mausoleu,544
Victoria's,544
vătămat,544
coeficientul,544
matroană,544
venerau,544
previziuni,544
imping,544
realegere,544
călăuzeşte,544
Uly,544
investigatorul,544
Picioare-Lungi,544
lucrătorilor,544
întruneşte,544
navigam,544
cataclism,544
scurt-circuit,544
reportofonul,544
cenușă,543
nome,543
delincvenţi,543
escortăm,543
Depot,543
reușește,543
Turciei,543
mlastină,543
urasca,543
Layton,543
ricin,543
ovulele,543
H2O,543
adăugând,543
fracturate,543
întrebaţi-vă,543
inoate,543
roşeşti,543
fortuna,543
taxi-ul,543
BOPE,543
mintim,543
Whitlock,543
dimensională,543
restabilirea,543
neglija,543
baterist,543
distilerie,543
Marburg,543
quantum,543
reconsideri,543
pregătitoare,543
făcându-ţi,543
flacarile,543
Litchfield,543
clădită,543
giulgiul,543
ostaşi,543
supraestimezi,543
Geppetto,543
chiu,543
Pignon,543
bizonii,543
inseparabili,543
cunosteau,543
secvenţele,543
Bouchard,543
deocheate,543
Jango,543
dinții,543
mărete,543
memorială,543
incurca,543
juramantul,543
Apocalypse,543
incontrolabil,542
rîzînd,542
cauzez,542
statice,542
petrecăreţ,542
dep,542
refrenul,542
păpuşilor,542
tăcem,542
serbare,542
portocalele,542
Bunting,542
interogam,542
transformator,542
criminalitate,542
Hyuk,542
evazivă,542
Winchell,542
cuceririle,542
specialisti,542
ginecologul,542
omite,542
muierea,542
patriotică,542
geek,542
sarmana,542
nouari,542
resetează,542
apăsă,542
mîncarea,542
imaginatiei,542
loop,542
DeMille,542
cratere,542
baban,542
utilizez,542
razgândit,542
dușman,542
înăbușit,542
utilizăm,542
bine-l,542
Meryn,542
Halen,542
Ang,542
aruncaţi-vă,542
multumeste-i,542
mobilitate,542
dronei,542
atentatului,541
divortati,541
civila,541
A.C,541
copilasi,541
istovit,541
strâmtorat,541
exercită,541
dublaţi,541
Huber,541
recepţiona,541
marturisire,541
găinaţ,541
biletel,541
reparator,541
iepuraşii,541
Elam,541
scratch,541
discrete,541
embrioni,541
somnoroasă,541
liberale,541
á,541
sperau,541
culpa,541
pazeasca,541
estetic,541
mortăciune,541
resentimentele,541
mergeaţi,541
balerina,541
strategiei,541
încăpăţânare,541
Rolly,541
privindu-mă,541
pecete,541
laxative,541
literare,541
Clover,541
distinctive,541
elefantului,541
Jin-seok,541
Ricki,541
tragea,541
Youngpo,541
Oyster,541
Broots,541
urâti,541
hao,541
incontrolabilă,541
Pompey,541
Niah,541
buşit,541
Fats,541
tandră,541
Caliban,541
demo-ul,541
toy,541
sfătuim,541
posomorât,541
presiunile,541
Zimbabwe,541
lăţimea,541
retrăi,541
duhurile,541
moluşte,540
computerizată,540
deducţie,540
nepoftit,540
N'nu,540
Clearwater,540
caritatea,540
violoncelul,540
imatură,540
McGinty,540
fundamentul,540
toreador,540
ustensile,540
teroriza,540
chimistul,540
depresurizare,540
plapuma,540
D-Ie,540
tăieţei,540
pesimistă,540
cavernelor,540
furai,540
necăjeşte,540
Angelus,540
seniorilor,540
îngrijite,540
along,540
va-ti,540
infipt,540
ortodox,540
CAMY-Subtitrari-Noi,540
ional,540
Ellingham,540
mînca,540
aduceti-o,540
enormi,540
piruetă,540
lăcustă,540
otoman,540
tovarasul,540
Kevorkian,540
pergamente,540
Chess,540
hobbiţii,540
Kemal,540
simţurilor,540
defecţiunea,540
infometat,540
abdomenului,540
concurente,540
Diner,540
conducătorilor,540
peder,540
baroni,539
eruptie,539
distinsul,539
ghindă,539
trupeşti,539
lakhs,539
leşul,539
suflaţi,539
gresiti,539
îngrijitoarea,539
Kodai,539
îmbogăţim,539
cadourilor,539
watt,539
Muntz,539
Arendelle,539
ramen,539
fool,539
humus,539
Colum,539
Rachid,539
purul,539
Beulah,539
valsul,539
puscasii,539
Umbridge,539
timpii,539
Steve-O,539
lumineaza,539
craca,539
ţicniţi,539
migraţie,539
paralela,539
pătezi,539
urinare,539
Concord,539
jgheab,539
consumatorii,539
disparuti,539
olandeze,539
cinsprezece,539
susţinute,539
repere,539
juramintele,539
tarif,539
manechinele,539
batranii,539
naquadria,539
neacceptat,539
Santini,539
Jaeger,539
împotrivească,539
pescarilor,539
split,539
dorYasha,539
bebelusii,539
mp3,539
umblai,539
recepţionerul,539
organizata,539
b.v,539
hoţie,539
Tomás,538
fig,538
oncolog,538
origami,538
excursiei,538
arborelui,538
Talus,538
Petrus,538
păpuşico,538
av,538
cure,538
rumba,538
canceroase,538
suliţele,538
Haze,538
echivalează,538
boarfele,538
ţoalele,538
informatice,538
energizant,538
fuzionat,538
mărgelele,538
confirmati,538
poltergeist,538
răcoritor,538
bravură,538
alarmez,538
italienească,538
tradatorul,538
tâlharul,538
cruţe,538
insignifiant,538
i-vă,538
îndragostita,538
cusăturile,538
jumping,538
rețeaua,538
dăţile,538
forat,538
hun,538
îmbătrânirea,538
situații,538
botezăm,538
S.J,538
Haddie,538
marunte,537
magarule,537
neplacuta,537
gecko,537
împaratul,537
trecutã,537
rezultând,537
cămila,537
mânz,537
revoluţionari,537
fascinaţia,537
julit,537
crestina,537
Fantasia,537
chiloteii,537
conteste,537
provizorie,537
Woodruff,537
intrunire,537
ramasesem,537
profiler,537
prevadă,537
calarit,537
meritată,537
schimbau,537
farmacii,537
cateterul,537
Aske,537
exercițiu,537
infectă,537
alimentez,537
expiraţi,537
catapultele,537
piază,537
dont,537
trudit,537
pregăteşte-i,537
editia,537
Kostya,537
admiraţi,537
Shim,537
macelar,537
vânarea,537
crestea,537
Lynda,537
căsuta,537
tineau,537
mlaştinii,537
Cushing,537
extrasele,537
avariile,537
furnal,537
vrerea,537
decedata,537
activişti,536
usc,536
donatorului,536
dezbătut,536
impozitelor,536
căcănar,536
pornirile,536
platite,536
Hogarth,536
ucigătoare,536
Engel,536
prevedere,536
călcâie,536
micutii,536
tribunule,536
rânjeşti,536
bătăilor,536
curăţând,536
călătoreste,536
deliciu,536
antreprenorul,536
calota,536
varga,536
pederast,536
blănurile,536
ingerat,536
pozi,536
Wol,536
prevăzută,536
Gooch,536
verb,536
fasciştii,536
ferry,536
precedat,536
larva,536
Raben,536
necăjeşti,536
Strika,536
îndrăgi,536
aranjata,536
completati,536
Womack,536
vitezoman,536
Manor,536
nestemate,536
potiunea,536
sprijinirea,536
Agnew,536
găsi-o,536
ceremoniile,536
Vir,536
trivia,536
radiații,536
bluff,536
ţar,536
Oedip,536
curbele,536
Lucca,535
decoraţie,535
Beavis,535
conservate,535
vindecate,535
minerala,535
adie,535
instrucţiunilor,535
durabil,535
tinute,535
huruitul,535
răsculat,535
scutierul,535
dezlegaţi,535
dezbaterile,535
propusă,535
prînz,535
Pee-Wee,535
stilouri,535
nostalgia,535
provocării,535
Witherspoon,535
perversiuni,535
pătrunderea,535
barja,535
Negan,535
procedam,535
Agrabah,535
festivităţile,535
vision,535
Rennie,535
hârtiei,535
Gestapo-ul,535
bunicuţă,535
concentrati,535
privilegiaţi,535
meschine,535
datarea,535
Erie,535
preparăm,535
portalului,535
rapa,535
nemuritorii,534
ta-ta,534
regândim,534
scoți,534
pălăvrăgeală,534
O'Rourke,534
naufragiu,534
Omnicorp,534
abătută,534
magnitudinea,534
extractie,534
regeşte,534
Acheron,534
Shayla,534
rarefiat,534
conformezi,534
cromozomi,534
unitățile,534
Galavan,534
Lennier,534
impusca-ma,534
expirată,534
armã,534
prăbusi,534
meşter,534
aşa-s,534
agente,534
pacatos,534
mârâind,534
pasivă,534
cărăuş,534
datată,534
Islamabad,534
jefuiasca,534
timberlake,534
scrie-l,534
piramidelor,534
belit-o,534
donate,534
dand,534
sparanghel,534
familiarizaţi,534
orificiile,534
influente,534
construiam,534
interneze,534
săracu,534
frustrările,534
vandalizat,534
descoperita,534
nesimţitul,534
stabilizez,534
Myles,534
ușurință,534
libertăţile,534
săturase,534
nepoftiţi,534
monarhul,534
deconectează,534
ibuprofen,534
faceti-mi,534
mutrele,534
falling,534
cehă,534
imparte,534
multiplică,534
plănuiască,534
surferi,533
Singleton,533
sejur,533
bilioane,533
strângeri,533
cafenelei,533
preistorice,533
Leyla,533
Alafolix,533
Emrys,533
ţipăm,533
înfiinţa,533
skills,533
oricind,533
comparație,533
lab,533
administrate,533
localizate,533
numești,533
Malfoy,533
părinteşti,533
militant,533
Soniei,533
Shikamaru,533
Connery,533
picioru,533
Federov,533
validă,533
încăperile,533
vertebre,533
Armitage,533
chichi,533
trânteşti,533
acvatice,533
prosteala,533
purtători,533
pârlit,533
chinezesti,533
Chumhum,533
leucoplast,533
schiurile,533
animăluţul,533
romanului,533
Scamp,533
Ki-ul,533
căutând-o,533
boo-boo,533
mentiona,533
gasiti-l,533
casierie,533
barmaniţă,533
feresti,533
fotografiilor,533
băț,533
asigurărilor,533
lămureşte,533
da-ţi-mi,533
stimatul,532
biciui,532
deck,532
nelocuit,532
ridichi,532
Suze,532
Dil,532
chug,532
raspandit,532
distinctă,532
denunţe,532
Holley,532
contractă,532
zgârciţi,532
exercitiile,532
înapoiată,532
obez,532
knife,532
deprimaţi,532
efectuez,532
comerț,532
diddy,532
săreau,532
impostori,532
axat,532
bătrîne,532
corporatia,532
ph,532
finalizăm,532
urît,532
bajoran,532
whooshing,532
abateri,532
gelul,532
Lorca,532
lată-i,532
Khartoum,532
manşa,532
gâturi,532
bulversat,532
geisha,532
intensifica,532
invulnerabil,532
Ferrara,532
întruchipat,532
cinism,532
bluf,532
neisprăvit,532
aptitudine,532
Nessa,532
vanilla,532
SAMCRO,532
sfii,532
Farah,532
nemuritorul,532
m-ați,532
supuşilor,532
pacatuit,532
strangi,532
iahturi,532
Gregorio,532
ridicati-l,532
Isabellei,532
vânzătorului,532
haite,532
bolnavul,532
PDA,532
încordaţi,532
Calrissian,532
Sahil,532
ţipai,532
movilă,531
command,531
prieteno,531
comestibile,531
uncle,531
zâmbetele,531
best-seller,531
Binky,531
Oman,531
scannerul,531
makes,531
Gilles,531
interceptate,531
Mathew,531
Longo,531
şefia,531
capturat-o,531
Carlei,531
Haru,531
amfetamina,531
lasa-ma-n,531
cărtii,531
monedei,531
fenomenele,531
putea-am,531
birds,531
avocați,531
cenzură,531
democratia,531
cauta-l,531
aduceai,531
corupă,531
botanist,531
Sander,531
Graceland,531
Hefner,531
recomandat-o,531
ciclon,531
nucleului,531
transpiraţi,531
deformată,531
iai,531
Savino,531
exigent,531
Faris,531
cîştiga,531
digestie,530
pour,530
Fawcett,530
inovaţie,530
gheişă,530
Agra,530
intamplator,530
Skaikru,530
națiune,530
Andreea,530
poloneza,530
Minh,530
înjunghierea,530
alergiile,530
ortoped,530
ucisul,530
jucându-te,530
Schillinger,530
telegraful,530
plantei,530
opunere,530
avortat,530
Heydrich,530
prădătorilor,530
dezastrele,530
savurează-ţi,530
ideala,530
simteai,530
copilule,530
foaier,530
Riario,530
forteaza,530
guraliv,530
Zara,530
râsetele,530
renul,530
ţânc,530
muribundă,530
ucigasii,530
studios,530
Riverrun,530
nerăbdarea,530
omicron,530
suişuri,530
postas,530
termometrul,530
spitalizat,530
cultului,530
bancherilor,530
invidiază,530
păzitorul,530
cabala,530
inflaţia,530
beciul,530
taxare,530
pionii,530
să-te,530
păpuşo,530
plãcea,530
agiti,530
nemiscata,530
PG,530
preferenţial,530
diminetii,530
demna,529
Eton,529
tribuna,529
plinge,529
incercăm,529
Burnham,529
Moritz,529
Konali,529
iaca,529
stofa,529
coaliţia,529
Alek,529
NTSB,529
amulete,529
contravine,529
Greely,529
crapa,529
sole,529
antilopele,529
fular,529
few,529
afinitate,529
bocanc,529
Rojas,529
Prentice,529
eventualele,529
avertizată,529
movie,529
afirme,529
carotida,529
caligrafie,529
Flandra,529
Urquhart,529
Leni,529
nominalizare,529
întocmesc,529
cârnăciorul,529
prăbuseste,529
nesupunerea,529
pariati,529
ajunse,529
fâţâi,529
interogat-o,529
fanaticii,529
matinale,529
nein,529
exterioara,529
LENTYN,529
Ochoa,529
Paley,529
detronat,529
şnur,529
neamţul,529
anulata,529
Magua,529
Knights,529
trigonometrie,529
neamurile,529
Piciu,529
negativul,529
şmenu,529
ageră,529
distrugea,529
Syl,529
degeneraţi,529
Ciad,529
snap,529
Cattani,529
atârnată,529
Abagnale,529
Bastilia,529
