word,count
的,1862353
我,1732325
你,1543328
了,1039821
是,741288
在,483430
他,459944
不,321316
我们,304743
什么,270428
吗,256867
好,255396
她,243356
就,243207
有,240825
吧,218917
知道,206218
都,203838
很,173210
去,172664
这,161528
要,159384
那,159319
和,153191
想,152676
也,151601
说,149868
人,147542
啊,134901
把,134117
我們,133872
他们,123869
嗎,119116
会,116159
做,114139
不是,113201
đ,107617
来,99728
到,98776
能,98350
但,94663
怎么,94442
可以,93988
呢,93248
得,92029
让,91119
一个,90694
对,89834
就是,88364
上,86858
给,85194
跟,84621
說,83049
没有,82663
你们,79723
走,74852
还,74472
и,73048
被,72864
没,68944
來,68827
如果,68529
事,67608
这个,67375
现在,66383
看,65684
它,65512
自己,64671
个,63544
不能,56293
他們,55056
先生,54257
只是,53714
真的,52547
着,52502
这样,52252
过,52120
需要,51701
對,51310
再,51115
这里,48826
像,48801
不会,48119
里,48027
可能,47171
告诉,46454
沒,46368
谁,45679
我要,45335
ư,45167
為,44969
會,43661
为什么,43360
叫,42940
但是,42855
快,42779
找,42607
不要,42366
又,42157
死,41207
一起,40526
讓,40479
所以,40174
已经,39548
因为,38977
这么,38159
觉得,37950
多,37877
等,37564
哦,37367
谢谢,36981
µ,36914
孩子,36883
而,36681
那个,36430
琌,36394
一下,36144
别,35495
才,34844
一個,34592
看到,34562
喜欢,34305
ế,34252
还有,34208
黑体,33908
用,33262
這,32956
真,32873
这是,32855
这些,32743
那么,32716
听,31661
工作,31645
然后,31460
时候,31327
希望,31026
从,30995
看看,30695
找到,30638
中,30595
那些,29826
可,29727
ぃ,29724
個,29715
东西,29670
一直,29606
地方,29586
哪,29571
朋友,29501
不想,29294
应该,28895
只,28753
我会,28697
为,28670
您,28131
吃,28013
最,27798
一定,27549
抱歉,27000
还是,26843
更,26736
這個,26585
明白,26552
拿,26239
一切,26051
下,25942
太,25894
一样,25792
有人,25765
ấ,25462
所有,25450
相信,25287
问题,25262
你好,25231
想要,24550
今天,24535
們,24450
天,24361
事情,24166
這是,24089
真是,23643
ả,23602
非常,23476
开始,23399
请,23245
你們,23034
嗯,22822
打,22748
嘿,22579
们,22533
這樣,22527
爸爸,22245
大,22228
楷体,21706
一,21701
帮,21333
意思,21311
硂,21235
比,21090
当然,20693
当,20499
大家,20456
ậ,20296
什麼,20254
点,20162
爱,20141
没事,19995
ố,19988
将,19928
回来,19797
那里,19740
誰,19725
聽,19688
并,19546
從,19443
该,19416
后,19396
τ,19367
只有,19363
方正,19315
不會,19212
小,19144
也许,19116
²,19115
一些,19111
时间,19074
而且,19018
ạ,18943
之前,18872
离开,18763
哪里,18688
起来,18685
向,18639
著,18631
前,18598
因為,18456
一次,18433
发生,18316
啦,18301
現在,18252
肯定,18135
这儿,18037
ờ,17958
准备,17950
女人,17785
生活,17629
认为,17602
的话,17568
地,17495
告訴,17476
时,17272
必须,17268
杀,17119
妈妈,17108
世界,17096
钱,17064
或,16975
很多,16973
名字,16849
年,16757
最好,16757
任何,16730
噢,16727
謝謝,16709
沒有,16681
可是,16617
不过,16332
带,16320
等等,16210
为了,16101
別,16014
話,15998
简体,15982
一点,15912
不用,15886
該,15748
华文,15715
出来,15638
新,15617
住,15536
么,15530
這里,15458
我能,15391
今晚,15381
出去,15331
ớ,15302
干,15283
到底,15246
º,15232
以为,15228
ộ,15194
发现,15147
过来,14825
那個,14801
い,14770
ệ,14671
不行,14668
最后,14659
男人,14547
感觉,14520
時候,14458
以,14445
怎么样,14400
跑,14389
見,14371
这种,14344
如何,14325
ể,14312
是不是,14310
所,14290
没错,14256
重要,14245
正在,14151
嗨,13877
出,13871
对不起,13847
妈,13838
它们,13774
与,13750
喜歡,13712
回家,13702
干嘛,13626
上帝,13496
干什么,13356
還有,13339
只要,13337
警察,13289
ợ,13245
得到,13124
不错,13101
见,13096
以前,13057
ㄓ,13036
ơ,13007
要是,12990
ồ,12961
多少,12928
先,12912
好像,12856
明天,12852
小姐,12702
女孩,12560
记得,12545
或者,12524
ắ,12515
问,12508
呀,12470
這些,12413
已,12257
完全,12127
已經,12110
馬,12083
快点,12063
璶,11972
有点,11917
了解,11891
¹,11867
其他,11862
安全,11858
月,11845
两个,11801
之后,11738
父亲,11714
哪儿,11663
认识,11549
ọ,11535
ủ,11533
嘛,11529
那样,11520
ề,11506
行,11420
е,11417
不到,11395
我會,11392
高兴,11380
喂,11345
¼,11212
ª,11193
却,11180
ứ,11115
根本,11073
½,11053
殺,11024
請,11002
問題,10983
回去,10937
送,10915
還是,10909
宋体,10907
懂,10897
有些,10886
担心,10795
東西,10706
如此,10632
放,10619
ý,10585
ẽ,10584
帶,10578
亲爱,10528
一樣,10517
穿,10453
穦,10355
錢,10343
里面,10342
ぐ,10338
继续,10330
小心,10300
這么,10227
电话,10226
應該,10226
过去,10223
ở,10211
清楚,10154
碞,10144
好好,10094
唯一,10090
ầ,10081
弄,10073
家伙,10037
公司,10014
站,9967
一天,9940
家,9929
马上,9821
医生,9805
幫,9804
听到,9771
愿意,9762
永远,9757
玩,9743
倒,9696
搞,9693
拜托,9690
再见,9558
¾,9536
女士,9511
看见,9462
该死,9405
時間,9401
沒事,9367
て,9351
т,9348
晚上,9342
な,9257
看起来,9256
兄弟,9242
坐,9221
美国,9218
混蛋,9191
不管,9189
喝,9185
盾,9130
别人,9023
说话,9020
房子,8990
о,8972
打算,8924
怎么回事,8913
故事,8911
写,8903
确定,8873
怎样,8866
买,8849
の,8833
當然,8758
见到,8722
儿子,8699
不了,8695
之,8575
回,8571
回來,8555
開始,8554
甚至,8499
另,8450
微软,8448
成为,8421
还好,8414
些,8400
っ,8393
就要,8393
我来,8376
夫人,8367
ừ,8362
待,8341
漂亮,8323
他妈的,8318
ị,8309
注意,8290
无法,8288
没什么,8240
覺得,8225
生命,8215
机会,8209
挺,8190
ữ,8179
接受,8137
睡,8133
伙计,8124
真正,8090
救,8050
情况,8030
原因,8003
雅黑,7967
完,7922
喔,7889
小时,7887
计划,7884
妻子,7872
成功,7861
起來,7851
害怕,7836
才能,7835
不好,7829
手,7819
³,7815
总是,7804
身上,7803
忙,7780
ん,7761
た,7718
忘,7712
怎麼,7708
至少,7702
呃,7666
决定,7651
衣服,7613
太好了,7601
時,7587
错,7581
车,7547
看着,7543
回到,7543
р,7537
曾,7520
外面,7487
弧,7483
是否,7481
打电话,7473
準備,7443
来说,7440
像是,7437
于,7436
那儿,7419
這兒,7395
а,7384
而已,7382
だ,7366
失去,7365
开,7359
结束,7341
派,7306
笵,7301
ǎ,7284
由,7276
哇,7266
抓,7264
只能,7197
老,7189
長,7149
發生,7147
離開,7120
关于,7102
帮助,7091
号,7078
怎么办,7041
必須,7029
人们,6999
も,6996
猜,6991
愛,6984
掉,6956
丈夫,6944
ā,6895
办法,6883
稱,6879
正,6831
眔,6821
照片,6815
一件,6813
求,6798
か,6797
留下,6796
主意,6790
感到,6759
很快,6744
認為,6713
每个,6695
进来,6693
奇怪,6690
女儿,6675
狗,6671
有没有,6652
是因为,6610
太太,6605
不過,6605
宝贝,6596
不起,6588
收到,6575
其实,6570
直到,6534
與,6514
所有人,6503
或许,6495
一位,6494
裏,6477
消息,6473
以后,6441
一种,6439
她们,6425
不同,6420
沒錯,6410
筁,6403
拉,6385
当时,6371
改变,6370
ǐ,6356
多久,6342
麻烦,6336
媽媽,6335
枪,6320
长官,6311
保证,6269
最近,6262
下去,6237
不再,6224
理解,6170
上面,6147
靠,6146
完成,6101
有个,6093
房间,6081
は,6074
拍,6068
那边,6064
昨晚,6064
し,6036
他会,6036
一點,6027
几个,6006
努力,5988
自由,5975
听说,5956
爸,5949
有趣,5945
选择,5943
保护,5940
同意,5937
下来,5932
過來,5910
出现,5906
存在,5900
晚安,5894
起,5886
除了,5865
ㄆ,5858
眼睛,5856
关系,5847
小孩,5846
家人,5845
感覺,5837
方式,5834
要求,5829
這種,5828
这次,5828
母亲,5820
抓住,5805
第一次,5794
笑,5782
还要,5777
ự,5777
啥,5766
死亡,5753
我覺,5747
谈谈,5739
秘密,5726
跳,5704
那种,5698
整个,5668
ネ,5666
进去,5658
容易,5649
で,5648
路,5646
н,5630
杰克,5629
樣,5627
确实,5614
不好意思,5607
放在,5605
本,5581
使,5578
博士,5578
控制,5568
临,5564
呆,5563
父母,5554
他媽,5554
看来,5536
更好,5535
と,5518
这件,5517
一只,5513
想到,5513
後,5511
に,5505
每,5503
成,5496
ß,5481
疯,5464
發現,5451
开心,5449
保持,5427
高,5426
大概,5419
话,5409
做到,5404
操,5399
癸,5396
る,5387
辦,5379
早上,5363
特别,5359
其中,5356
变成,5355
う,5352
俩,5350
别的,5348
闭嘴,5316
参加,5304
够,5302
斯,5298
武器,5289
太棒了,5281
突然,5278
羅,5274
结婚,5271
后面,5263
处理,5256
直接,5248
电影,5245
各位,5234
糟糕,5231
任何人,5230
阻止,5214
刚才,5214
其他人,5197
ă,5187
没关系,5180
よ,5174
连,5159
岁,5151
鬼,5141
比赛,5138
早,5131
常,5110
行动,5093
想法,5084
绝对,5072
替,5066
人类,5039
城市,5038
危险,5031
欢迎,5018
快點,5017
拿到,5003
吹,4997
出來,4992
ỉ,4992
从来,4989
回答,4986
进,4977
每天,4974
坐在,4956
刚刚,4950
麽,4932
学校,4929
全部,4925
停,4921
进行,4902
除非,4857
開,4847
方法,4808
那樣,4808
卻,4806
约翰,4804
休息,4801
留在,4794
完美,4793
德,4791
想想,4791
ĩ,4790
研究,4780
認識,4762
帮忙,4755
擔心,4740
兩個,4736
陪,4733
花,4722
哪兒,4718
声音,4712
准圆,4698
加入,4697
逼,4685
家里,4683
父親,4672
很棒,4664
也許,4663
活着,4661
ら,4655
结果,4653
ỏ,4629
痷,4626
样子,4617
安排,4612
难道,4604
不錯,4594
ぱ,4586
親愛的,4584
妓,4580
家庭,4579
坐下,4576
以及,4572
刚,4563
男孩,4561
国家,4557
水,4552
咱们,4548
讲,4547
字幕,4543
曾经,4538
痛苦,4518
就算,4518
力量,4503
可怕,4496
不然,4488
電話,4482
放下,4476
姑娘,4475
有點,4472
妳,4452
证明,4448
小子,4445
翴,4441
偷,4440
伤害,4433
看上去,4432
老婆,4430
并且,4426
耶,4421
这边,4396
繼續,4396
飞机,4385
ī,4384
之间,4381
秨,4377
解释,4374
重新,4374
再也,4371
简单,4367
政府,4366
讨厌,4362
想象,4356
ổ,4353
此,4347
そ,4347
с,4347
消失,4345
玩笑,4342
買,4341
可不是,4340
地球,4336
似乎,4332
任务,4330
必要,4324
通过,4317
开玩笑,4316
那天,4307
赢,4307
日,4294
拜,4281
遇到,4280
表演,4266
ặ,4266
克,4265
案子,4264
打开,4261
哥哥,4256
ũ,4253
老天,4252
终于,4245
调查,4225
心,4224
可不,4224
ụ,4220
正是,4217
こ,4211
办公室,4200
或是,4189
摆,4184
来自,4177
信息,4176
命令,4175
从没,4167
代表,4164
联系,4159
附近,4157
瞷,4150
停下,4150
第一,4145
下面,4143
復,4141
能够,4134
照顾,4130
錯,4130
居然,4119
可爱,4115
正常,4104
街,4102
咖啡,4101
内,4098
み,4079
翻译,4078
怎樣,4078
不该,4074
れ,4073
谈,4071
我爱你,4069
ま,4065
給我,4052
再見,4052
這麼,4052
酒,4051
さ,4050
虽然,4047
提供,4045
接,4045
进入,4042
一份,4041
搞定,4030
加油,4017
解决,4005
带来,4000
它們,3994
人生,3986
三个,3979
纽约,3979
妹妹,3979
游戏,3972
食物,3972
信任,3965
者,3955
即使,3954
醫生,3944
船,3944
老兄,3934
为何,3934
三,3932
þ,3913
す,3909
唱,3902
一年,3900
变得,3900
音乐,3890
后期,3887
寫,3879
上去,3878
因此,3868
证据,3867
早就,3862
恩,3861
記得,3835
酒吧,3830
信,3830
一条,3828
聪明,3826
ǒ,3825
简直,3819
特,3818
叔叔,3818
作为,3808
日子,3800
约会,3795
ằ,3794
跳舞,3794
真相,3767
恨,3758
医院,3752
放弃,3745
目标,3742
還好,3741
放松,3739
ń,3723
說過,3722
一名,3721
確定,3710
в,3700
英雄,3697
位置,3694
我想,3691
利用,3689
若,3683
监狱,3669
昨天,3669
面前,3655
一家,3654
老爸,3650
考虑,3644
疯狂,3639
个人,3638
瞧,3636
而是,3630
使用,3628
身份,3627
之一,3622
理由,3614
拥有,3606
が,3604
战争,3602
便,3600
怕,3599
を,3588
久,3586
年轻,3583
ㄇ,3582
支持,3580
最大,3579
享受,3578
离,3578
有事,3569
我家,3568
查理,3565
这位,3565
分,3563
卖,3553
派对,3551
官,3549
戴,3548
反正,3547
差不多,3545
琵,3542
道歉,3537
停止,3536
通知,3535
身体,3532
来到,3527
弟弟,3524
進來,3523
星期,3521
再说,3512
ㄠ,3510
感谢,3510
教,3510
能力,3508
聽著,3502
生意,3502
感受,3496
ち,3487
克斯,3487
老板,3485
未来,3479
一场,3474
女,3472
不必,3469
分钟,3469
米,3466
往,3453
暗,3446
癬,3444
怪,3443
槍,3436
不敢相信,3433
受到,3432
尸体,3431
屁股,3423
交易,3419
按,3413
哭,3407
藏,3402
我來,3402
總,3383
开枪,3376
答应,3376
路上,3375
另外,3363
值得,3362
情況,3355
每次,3347
救命,3346
算,3345
碰,3336
本来,3326
高興,3323
律师,3322
好多,3322
不得不,3320
這裡,3314
尼克,3314
很大,3313
傻,3312
ō,3305
管,3299
教授,3296
腿,3291
指,3291
头,3280
哈,3277
剩下,3271
身边,3269
早上好,3265
л,3263
棒,3261
兒子,3259
機會,3259
冷静,3255
负责,3253
家族,3247
比如,3246
快乐,3240
あ,3239
美元,3232
一遍,3232
精神,3231
我現,3226
意外,3222
不在乎,3215
彼得,3214
決定,3214
否则,3213
开车,3202
警官,3198
答案,3198
的确,3192
多么,3192
道,3191
因,3191
钥匙,3188
听见,3186
追,3184
祝,3184
恐怕,3184
點,3181
受,3179
く,3166
再次,3165
м,3161
等待,3160
住手,3151
合作,3146
д,3144
跟着,3140
爆炸,3139
美好,3138
卡,3136
脸,3133
法律,3132
文件,3123
雷,3120
神,3118
種,3118
全都,3113
动物,3104
看过,3103
事实,3099
ㄛ,3099
計劃,3094
生日,3090
舒服,3082
扔,3081
美國,3080
一般,3080
十分,3079
上次,3079
第,3070
黑暗,3064
组织,3063
處,3061
报告,3058
首先,3054
马,3053
目前,3051
到处,3050
ỗ,3049
結束,3044
ẹ,3041
检查,3039
书,3032
对于,3032
無法,3029
总,3028
不如,3027
门,3020
ử,3018
仍,3008
建议,3008
睡觉,3006
呼吸,3000
血,2998
公主,2995
丢,2994
有关,2994
教堂,2994
英国,2988
二,2988
杀死,2976
警告,2971
做出,2968
紧张,2961
晚餐,2956
幸福,2956
不够,2953
拯救,2951
随便,2950
び,2948
公寓,2943
试试,2940
味道,2939
酒店,2938
一生,2935
可怜,2933
巴黎,2927
乔治,2926
幸运,2926
辦法,2926
過去,2925
下次,2922
失望,2921
臺,2919
总统,2917
礛,2914
事件,2914
仍然,2910
礼物,2908
没法,2907
那兒,2906
越,2904
活,2901
有意思,2898
ч,2892
部分,2891
手机,2889
在家,2883
美,2882
疭,2881
想起,2878
躺,2877
婊子,2874
總統,2872
其,2867
忘记,2864
不知,2855
国王,2853
ね,2850
歲,2846
女兒,2845
交给,2841
玩意,2841
好人,2839
令人,2837
打扰,2833
关心,2831
一把,2830
喝酒,2829
记录,2826
於,2822
大学,2816
中心,2806
下午,2799
错误,2798
慢慢,2798
比较,2796
ノ,2795
什,2793
伦敦,2785
属于,2782
拿走,2778
一旦,2775
每個,2768
稲,2765
一杯,2764
那时,2763
立刻,2762
タ,2761
提醒,2759
老师,2757
令,2755
躲,2754
经常,2753
女朋友,2751
不介意,2747
这事,2746
愉快,2745
放开,2739
к,2738
表现,2737
撞,2736
经历,2734
安静,2728
发誓,2726
り,2725
一张,2725
瘋,2725
既然,2724
系统,2722
祇,2722
记住,2720
婚礼,2719
搬,2716
方向,2716
欠,2709
幫助,2707
寶貝,2703
還在,2697
警方,2694
愚蠢,2688
產,2686
几乎,2685
谋杀,2684
伟大,2684
事实上,2683
于是,2680
夢,2679
一步,2678
吻,2677
笨蛋,2677
ě,2675
次,2674
大人,2671
男,2667
有时,2664
那邊,2661
其實,2658
改變,2658
自,2658
不少,2657
接近,2655
哈利,2654
帝,2650
歡迎,2648
犯罪,2648
要么,2646
如,2646
意味着,2644
坚持,2641
猫,2639
包括,2637
麻煩,2637
谢,2635
灵魂,2635
影响,2632
進去,2631
承认,2631
主人,2629
怀疑,2628
凶手,2628
威胁,2627
無,2622
算是,2620
ゴ,2620
倆,2619
姐姐,2619
厉害,2613
未,2612
意义,2611
美丽,2604
成為,2602
造成,2601
长,2599
感謝,2597
后来,2591
几天,2590
一半,2590
其它,2588
黑,2586
敢,2586
丹尼,2584
第一个,2581
上床,2577
у,2575
竟然,2574
接下来,2574
安娜,2570
有时候,2569
汤姆,2568
新闻,2566
看來,2565
究竟,2565
收拾,2558
提,2558
翻譯,2556
狦,2556
恭喜,2554
拒绝,2553
留,2553
生气,2552
一会儿,2549
選擇,2538
吉姆,2536
意识,2536
作品,2533
啤酒,2533
攻击,2531
天堂,2530
算了,2530
画,2530
き,2528
约,2527
方面,2526
當時,2525
严重,2522
人們,2522
不可,2522
同时,2522
蹤,2518
保證,2517
盯,2516
逮捕,2514
自然,2514
达,2512
那麼,2512
約,2510
银行,2510
远,2509
边,2508
感情,2508
垃圾,2507
寻找,2506
目的,2501
原来,2495
邀请,2495
实在,2495
弗兰克,2495
私人,2491
上班,2481
軍,2481
做好,2479
借,2477
原谅,2477
宇宙,2475
出发,2474
玡,2471
ウ,2471
速度,2470
蛋糕,2470
出生,2468
上校,2467
见面,2466
幾個,2465
有個,2463
前面,2462
骗,2461
好了吗,2459
受伤,2457
公平,2456
头发,2455
亨利,2453
永遠,2452
别说,2451
病,2450
适合,2450
杠,2448
莎拉,2447
可惜,2445
好吃,2442
敌人,2438
ы,2431
這件,2430
那種,2426
吉米,2425
许多,2425
行为,2422
允许,2420
晚,2416
玛丽,2414
别动,2413
ゃ,2412
梦,2411
這次,2410
還要,2410
老大,2404
金,2404
打電話,2402
训练,2399
靠近,2399
足够,2395
我刚,2394
演出,2393
生,2390
梦想,2389
人民,2389
糟,2387
很漂亮,2387
显然,2385
惹,2384
別人,2384
哪个,2383
好看,2381
来看,2378
副,2378
嘴,2374
處理,2374
同样,2374
通常,2369
天使,2367
是从,2363
巨大,2362
一部分,2362
没人,2362
干得,2355
お,2354
他會,2354
尽管,2351
认真,2351
球,2348
讽,2347
客人,2347
母親,2344
安,2341
ぇ,2338
坏,2337
一群,2336
命,2334
杀人,2333
真实,2330
房間,2329
变,2325
毒品,2323
一段,2323
求求,2321
我給,2321
不幸,2320
查,2319
好事,2319
達,2315
字,2314
士兵,2310
最终,2308
丁,2305
从未,2305
一句,2304
吓,2304
ē,2303
阿,2303
克里斯,2302
周末,2302
或許,2298
在乎,2298
п,2297
挂,2291
带走,2289
眖,2287
生物,2286
談談,2284
奶奶,2284
钩,2283
旅行,2282
及,2276
ь,2276
世上,2271
多年,2271
假,2269
詹姆斯,2266
自杀,2265
床上,2264
死去,2263
男朋友,2260
份,2259
保護,2259
怪物,2258
就行了,2257
撒谎,2257
历史,2256
线索,2256
什么样,2255
事實,2254
正确,2253
那家伙,2252
正好,2251
讨论,2250
竒,2247
面对,2241
干掉,2240
壞,2238
加,2237
少,2235
多谢,2234
真是太,2233
不准,2232
砆,2229
性感,2227
開心,2226
之中,2225
手上,2223
全世界,2223
秒,2222
出現,2215
同,2213
不敢,2213
大卫,2212
似的,2207
法国,2206
危險,2198
特別,2197
還,2196
穿着,2195
不算,2193
恐怖,2193
介绍,2193
焊,2192
开门,2184
談,2180
王子,2180
安妮,2178
客气,2178
幫忙,2175
换,2174
恶心,2172
名,2172
一種,2170
白痴,2169
实际上,2168
ẻ,2167
彼此,2167
乔,2167
麦克,2165
結婚,2164
病人,2162
五代,2161
沒人,2161
走开,2160
閉嘴,2156
表示,2152
婚姻,2148
包,2145
全,2144
找个,2143
件,2141
迟到,2140
你家,2138
尿,2138
间,2137
炸弹,2134
角色,2133
蛤,2132
乐队,2132
內,2129
军队,2126
г,2124
干吗,2122
英里,2121
艾,2121
陛下,2121
斯特,2120
け,2119
變成,2117
把手,2114
ẫ,2114
冷,2113
用来,2110
法官,2108
罗马,2107
节目,2106
關系,2106
手下,2103
沖,2100
保罗,2098
ρ,2092
照,2091
關于,2089
抱,2087
心里,2087
电视,2086
比賽,2084
失败,2075
好玩,2074
尤其,2072
程,2071
搞砸,2068
饿,2067
我该,2064
子弹,2060
主,2057
整個,2054
现场,2053
一块,2053
吸血鬼,2052
某个,2051
干杯,2051
毁,2050
公室,2050
那位,2046
学生,2044
猭,2043
這邊,2041
土地,2041
不停,2040
健康,2037
第二,2036
抽,2035
迷你,2034
吃饭,2033
机器,2031
失踪,2030
臭,2029
好极了,2029
尊重,2029
送到,2021
傻瓜,2021
去世,2020
那好,2018
期待,2017
逃跑,2016
聲音,2016
回事,2016
介意,2015
幹,2014
獺,2012
药,2010
я,2010
ン,2010
天才,2010
战斗,2009
行動,2009
地上,2009
制造,2005
将会,2005
要说,2004
剛剛,2003
神父,2002
ー,1998
瞧瞧,1998
給你,1997
ゑ,1997
飞,1996
明显,1989
你現,1987
叫做,1986
電影,1985
下來,1985
随时,1984
差点,1980
比利,1980
难,1979
臉,1979
扂,1977
越来越,1977
腔,1977
紈,1974
谋,1973
礚,1972
歌,1971
只会,1968
兒,1967
接着,1966
進行,1962
充满,1962
提到,1961
活动,1959
離,1958
确认,1956
爲,1956
管理,1955
疯子,1954
勇敢,1953
疼,1952
没用,1951
日本,1951
获得,1949
赶紧,1948
人家,1948
块,1947
人人,1947
事儿,1947
簡體,1947
取消,1946
參加,1945
将军,1940
更加,1937
黑體,1936
同志,1935
見過,1934
咬,1934
刀,1932
不让,1930
说明,1930
动,1929
神奇,1929
队,1929
森林,1925
意大利,1923
破坏,1922
看見,1921
早餐,1919
设计,1919
无论,1918
地址,1918
袭击,1918
秈,1917
黑人,1915
这点,1915
夜晚,1913
制作,1913
確實,1913
对付,1911
四,1910
白,1909
能量,1909
正式,1908
結果,1908
没想到,1908
和平,1907
帽子,1906
唱歌,1905
一周,1905
自我,1904
高中,1901
小時,1900
火车,1899
有用,1897
普通,1897
爾,1896
场,1895
琳娜,1892
滚,1891
搭,1890
特殊,1888
好消息,1887
や,1886
治疗,1884
做些,1884
賣,1884
這事,1882
干净,1880
非,1880
惊喜,1878
到达,1877
探员,1876
喝一杯,1876
傷害,1872
心情,1872
说得对,1871
经过,1871
破,1870
试图,1868
禗,1868
戒指,1868
长大,1867
差,1866
时刻,1865
说真的,1865
等到,1863
没见,1860
給,1858
对方,1856
ど,1855
不去,1853
岿,1853
布,1852
去年,1851
Θ,1850
吸引,1847
一片,1846
看不到,1842
犯,1838
難道,1837
船上,1837
电脑,1837
地狱,1834
莉莉,1834
解決,1833
女性,1831
脑袋,1830
选,1829
遗憾,1829
基地,1829
一会,1828
见鬼,1828
不见,1828
感激,1826
外,1825
神秘,1823
快樂,1822
剩,1821
女士们,1817
背叛,1815
太阳,1813
考慮,1811
一部,1809
愿,1807
迈克尔,1806
跟踪,1806
去过,1805
史,1804
还给,1803
创造,1803
店,1801
一边,1798
墨西哥,1795
荣幸,1792
哥们,1792
舧,1792
丹,1791
書,1789
進,1789
手里,1788
分手,1788
甜心,1786
威尔,1785
蛋,1785
主要,1784
引起,1783
无,1780
建立,1779
中国,1777
兴趣,1775
鱼,1775
薄,1774
放心,1771
解釋,1770
超级,1769
产生,1768
错过,1768
处,1767
簡單,1767
人物,1766
形成,1764
想念,1764
付出,1763
魔法,1763
这场,1762
生存,1762
尝试,1761
相当,1761
巧克力,1760
习惯,1759
今年,1753
格,1753
箱子,1753
有所,1752
不断,1752
思考,1749
尺,1748
俱乐部,1748
你會,1747
反应,1746
明星,1745
跟我来,1744
娶,1744
國家,1742
英尺,1742
法庭,1740
趴下,1740
问问,1738
他人,1737
號,1734
一辆,1733
罪犯,1733
筿,1733
著名,1733
追踪,1732
看著,1732
折磨,1731
如今,1729
茶,1729
繷,1728
命运,1728
白人,1727
警探,1726
装,1726
咱們,1724
接到,1724
怎,1722
え,1720
桌子,1719
号码,1719
留下来,1718
超过,1718
碰到,1717
星球,1714
至,1714
根据,1712
从不,1712
波,1711
安迪,1710
急,1710
爬,1709
诀,1708
非常感谢,1708
说谎,1707
脖子,1702
信号,1702
討厭,1700
受不了,1699
過,1698
重,1696
西,1696
祈祷,1696
船长,1695
万,1695
测试,1695
这才,1695
滾,1695
Ω,1694
大部分,1692
耍,1691
年代,1688
做爱,1688
玩具,1687
记忆,1685
无聊,1685
塔,1685
肉,1684
一人,1683
還能,1681
区,1680
波特,1679
学习,1677
依然,1675
付,1672
踢,1671
宣布,1671
分享,1670
粄,1669
政治,1669
沃尔特,1666
找出,1666
打開,1665
爱情,1665
恐惧,1664
退后,1664
比尔,1662
學校,1661
确保,1661
想像,1659
爵士,1658
然而,1658
全是,1657
泰勒,1656
照顧,1656
樣子,1654
盡,1653
自从,1653
飯,1651
车里,1649
一刻,1648
谅谅,1647
伊,1647
じ,1646
年前,1644
難,1642
玂,1641
周围,1640
上尉,1639
互相,1637
б,1634
单,1632
简蝶语,1630
床,1630
暴力,1630
飛機,1630
セ,1628
好笑,1628
意见,1628
戰爭,1624
某些,1624
警局,1621
兴奋,1621
压力,1620
怀孕,1620
读,1619
不许,1619
难过,1618
雖然,1617
合适,1617
责任,1616
脚,1616
精彩,1616
天呐,1616
洗,1614
钮,1612
艾米,1612
稰,1610
ẩ,1609
提出,1606
只不过,1605
假装,1605
朝,1605
杰西,1604
宝宝,1603
作,1603
条,1602
放到,1599
城,1597
了不起,1595
鸟,1593
邪恶,1593
裙子,1590
好处,1590
这会,1585
庆祝,1585
調查,1585
美女,1584
з,1584
空,1584
轻松,1582
ひ,1579
展示,1579
都行,1578
之間,1578
ク,1575
资料,1575
权利,1575
還沒,1574
ル,1574
带到,1573
五,1573
萬,1572
校对,1572
浪费,1571
午餐,1571
就让,1570
フ,1569
难以置信,1569
手指,1569
监视,1568
醒醒,1568
剛才,1568
瞒,1567
め,1567
火山,1566
近,1563
信仰,1562
鼻子,1562
机场,1562
這位,1562
复杂,1562
参与,1561
请求,1560
印度,1559
艾迪,1559
泰德,1558
马克,1557
約翰,1556
娜,1556
監獄,1555
卡特,1555
杀手,1553
留言,1553
絕對,1552
服务,1551
腳,1550
而言,1550
由于,1549
ア,1549
旁边,1549
人類,1544
陌生人,1541
报纸,1541
四个,1538
三年,1537
妓女,1536
点儿,1536
卡尔,1535
聊聊,1533
停车,1532
办,1532
案件,1531
赶快,1528
聊,1526
通過,1526
停下来,1525
听听,1525
亲自,1524
盿,1522
面包,1522
队长,1522
穿过,1521
試試,1520
惠,1520
那晚,1520
词,1520
要死,1519
一堆,1519
清理,1518
格斯,1517
特工,1516
看起,1516
赣,1513
小伙子,1512
不像,1512
局,1512
显示,1511
很难,1509
印象,1509
同性恋,1507
太久,1507
不怕,1506
强大,1505
輕,1505
刺激,1504
整天,1504
状况,1502
一支,1501
引擎,1501
表情,1499
上车,1497
紐約,1497
揍,1495
太多,1495
度,1494
道理,1493
十年,1492
耳朵,1492
现实,1488
名单,1487
我剛,1487
哈里,1486
μ,1486
餐厅,1486
老鼠,1486
记者,1485
汤米,1485
笆,1484
程序,1484
上来,1483
之类,1482
尽快,1482
见过,1481
技术,1479
反,1479
目標,1478
动手,1478
成员,1477
威廉,1475
厨房,1474
同事,1474
非洲,1472
赚,1470
德国,1470
大麻,1470
关,1469
史蒂夫,1469
死定了,1469
我用,1466
逃,1466
离婚,1465
女王,1465
冒险,1465
看法,1464
失陪,1463
学会,1463
怎麼樣,1463
两,1463
嫁给,1462
后悔,1462
唐,1461
一套,1459
美妙,1459
腊,1459
渴望,1458
せ,1458
逃走,1458
行李,1457
过程,1457
最高,1456
社会,1455
糖,1455
瓣,1453
时光,1453
街上,1452
夏天,1452
一場,1451
我爸,1451
外套,1451
媽的,1450
真棒,1449
客户,1449
做事,1449
受害者,1449
不止,1449
福尔摩斯,1449
不肯,1449
魔鬼,1447
椅子,1446
醫院,1446
嘘,1445
早安,1445
能否,1445
好奇,1444
證明,1440
快去,1440
進入,1440
颜色,1439
老公,1437
未來,1436
摸,1436
还会,1433
反对,1430
珍妮,1429
状态,1427
砛,1427
在意,1427
价值,1426
我還,1426
骄傲,1425
说实话,1425
呼叫,1425
需,1425
太空,1423
执行,1423
报道,1421
估计,1421
地点,1420
动作,1419
人员,1418
承受,1418
毛,1416
故意,1415
作用,1415
种,1414
好运,1414
伙計,1414
一條,1413
面,1413
埃,1411
幻想,1411
乐意,1411
不見,1410
哼,1409
吐,1409
某人,1405
蒂,1405
绑架,1404
尔,1404
醒,1404
餓,1403
公园,1402
掌握,1402
游泳,1401
挖,1400
狥,1400
城里,1400
热,1398
作為,1397
波罗,1396
唱片,1396
移动,1396
牺牲,1393
谈话,1393
迷人,1392
瘋狂,1392
进展,1392
熟悉,1391
指控,1389
运动,1389
簡直,1388
他来,1388
舞会,1388
不可思议,1388
布朗,1388
開車,1388
发,1387
顺利,1387
病毒,1387
被捕,1386
山姆,1386
小女孩,1385
分析,1384
身體,1384
沒關系,1384
三天,1383
年轻人,1383
擁有,1382
带上,1380
班,1380
擦,1379
變得,1378
游戲,1378
奇迹,1377
菜,1376
山,1375
不太,1375
救救,1374
妮,1374
冲,1373
ㄢ,1373
心理,1373
赢得,1372
累,1372
看過,1371
这份,1371
咯,1370
係,1369
弗,1369
姆,1369
岩石,1369
不太好,1369
无辜,1369
干活,1367
简,1364
岆,1364
盒子,1363
性,1362
骗子,1362
一根,1361
各种,1360
迪,1360
象,1359
能夠,1359
火,1359
恢复,1359
否則,1358
密码,1356
所说,1356
心中,1356
转,1355
指望,1355
人会,1354
楼上,1354
蠅,1354
那次,1354
分鐘,1352
檢查,1351
聯系,1351
砍,1350
斕,1350
胜利,1350
挡,1350
抢,1349
半,1349
你别,1349
左右,1348
趁,1347
浪漫,1346
并非,1345
即将,1345
专家,1344
激动,1344
观众,1344
两年,1343
科学家,1341
情报,1341
冒,1340
拍摄,1340
無論,1340
清醒,1340
正如,1340
送给,1339
想着,1339
大约,1338
女巫,1338
忍受,1338
沙漠,1338
请问,1337
福,1336
炳,1335
身邊,1334
抱怨,1333
原諒,1333
数字,1332
睡覺,1332
别碰,1331
保姆,1331
窗户,1330
厕所,1329
关键,1327
修,1326
加上,1325
蠢,1325
口袋,1323
大量,1322
地图,1321
实验室,1321
大街,1320
圣,1320
一辈子,1319
三個,1318
一座,1317
龟,1317
两天,1317
有钱,1316
盽,1315
事物,1315
元,1314
站住,1314
聽到,1314
顿,1313
子,1313
此事,1312
学,1312
杀害,1312
脸上,1311
搜查,1311
黃,1311
低,1310
蛇,1310
佬,1310
姐妹,1309
瓳,1309
わ,1307
弗蘭克,1307
张,1306
风,1306
任務,1306
真想,1305
發誓,1305
导致,1303
推,1303
證據,1302
殿下,1302
害死,1302
癡,1301
单独,1301
何,1301
正要,1300
哎,1299
地下,1298
背后,1298
一面,1297
暂时,1297
事故,1296
海,1295
闽,1295
尽力,1295
汽车,1294
收,1294
光,1291
警长,1290
报警,1290
这座,1290
員,1290
理论,1288
彻底,1288
芝加哥,1288
女生,1286
你給,1286
阳光,1285
總是,1285
放手,1284
描述,1283
飞行,1283
这太,1281
洗澡,1281
埋,1280
部,1280
艾伦,1280
室,1279
哥,1279
表明,1278
出色,1278
基,1278
間,1277
效果,1277
发展,1276
别管,1276
聊天,1275
方便,1274
作家,1273
演员,1273
则,1273
某,1272
坻,1271
ẳ,1271
謝,1271
两次,1270
大脑,1269
初,1269
快要,1269
那裡,1269
負責,1268
罗伯特,1268
睡着,1267
法,1267
乖乖,1267
瑟,1267
迈克,1266
國王,1264
按照,1264
以来,1264
同一,1264
合法,1263
隔,1262
释放,1262
喬,1262
杂志,1261
黑色,1260
毫无,1260
莎,1259
隨便,1259
亲,1258
ェ,1258
終于,1258
何不,1258
瞶,1257
全球,1257
布莱尔,1257
打架,1257
吵,1256
无关,1255
音樂,1254
打擾,1254
耐心,1254
つ,1254
位,1254
杰瑞,1254
起床,1253
看吧,1253
前往,1252
科学,1252
关闭,1252
超,1251
来源,1250
狼,1250
保安,1250
里奇,1249
集中,1249
搭档,1248
ガ,1248
左,1247
教练,1246
天空,1245
无所谓,1244
名叫,1244
想过,1244
立即,1244
惩罚,1243
海洋,1242
拜拜,1241
洛,1241
打败,1241
鞋,1240
赌,1240
环境,1240
说服,1239
之外,1239
艺术,1239
气,1238
条件,1237
打赌,1236
天气,1235
满足,1235
滚开,1235
既,1235
贾,1235
地区,1234
騙,1234
老師,1234
伙伴,1233
真心,1233
電視,1233
搶,1233
不信,1232
我本,1231
丹尼尔,1231
在场,1231
从来不,1229
用力,1229
变化,1228
喝点,1227
降落,1226
几年,1226
血液,1225
醒来,1224
森,1224
傢,1222
鑰匙,1222
洞,1221
禁止,1221
聚会,1220
屋子,1220
接下,1220
放開,1220
退休,1219
痛,1219
沒法,1219
旧,1219
祝你好运,1219
思想,1218
打死,1218
洱,1218
别忘了,1218
心脏,1217
背,1217
杯,1217
皑,1217
一小,1216
有效,1216
城堡,1215
时代,1214
報告,1213
发射,1212
嫉妒,1212
石头,1212
將會,1211
满意,1211
牧师,1211
ろ,1209
雇,1209
空间,1209
距离,1208
完蛋,1208
车上,1208
亂,1208
喊,1207
每年,1207
很少,1207
假如,1205
规矩,1205
下车,1205
惊讶,1205
牛,1205
马丁,1204
放棄,1203
洛杉矶,1202
不愿,1202
西班牙,1202
前进,1201
瑞克,1201
犯人,1201
懂得,1200
凯特,1200
本书,1200
穝,1200
中情局,1198
共同,1198
肯,1198
致命,1198
遠,1198
生病,1197
皮特,1197
所谓,1197
白色,1197
拖,1196
三明治,1196
蕾,1196
ヴ,1195
团队,1195
威士忌,1195
某种,1195
凭,1195
翅膀,1195
州,1194
葬礼,1193
喝醉,1193
眼前,1192
塊,1192
今早,1191
永不,1190
这有,1190
聰明,1190
記錄,1189
李,1189
不久,1189
会议,1188
出口,1188
小家伙,1188
细节,1187
大事,1187
对此,1187
欧洲,1187
ゲ,1186
開槍,1185
愿望,1185
受傷,1185
绝不,1184
网络,1183
这张,1183
重点,1183
砸,1182
系統,1181
尼,1181
红色,1181
死者,1180
旅馆,1180
信心,1179
让开,1179
伤心,1178
收集,1178
錯誤,1178
兩,1178
加州,1178
打扮,1177
一路,1177
谈论,1177
喬治,1176
奴隶,1175
工具,1175
猴子,1175
恶魔,1175
銀行,1174
规则,1174
磅,1173
卡车,1173
抛弃,1173
承诺,1173
明早,1172
罗斯,1172
肚子,1172
情人,1172
一架,1171
启动,1171
地下室,1170
一口,1170
曾經,1170
真不错,1169
相同,1168
小孩子,1167
基本,1166
阿姨,1166
建筑,1166
司机,1165
兔子,1164
实现,1164
免费,1163
钡,1163
项目,1162
感染,1162
提前,1162
五分钟,1161
鲍勃,1161
斯科特,1160
冠军,1160
支票,1159
路易斯,1159
我妈,1159
微笑,1159
蝙蝠,1158
裤子,1158
可憐,1158
盢,1158
肈,1157
五年,1157
接触,1153
同学,1153
出事,1153
讲话,1152
記住,1151
夠了,1150
ж,1149
首歌,1149
中间,1148
有意,1148
取,1148
癘,1148
一颗,1148
地面,1148
做点,1147
贺,1147
斯汀,1147
困难,1147
演奏,1146
癥,1145
最佳,1144
罪,1143
练习,1143
格雷,1143
谈过,1143
還沒有,1142
分开,1142
原來,1141
试着,1141
獶,1141
短信,1141
偷走,1141
大衛,1140
禮物,1139
扯,1139
邻居,1139
一段时间,1138
罢了,1138
陷入,1138
堅持,1138
チ,1137
利,1137
冷靜,1137
交流,1136
拿出,1136
说不定,1136
不怎么,1136
蓝色,1136
增加,1135
过得,1134
稍,1134
仔细,1134
在于,1134
老实,1134
奎恩,1133
一整天,1131
熊,1131
理查德,1131
说出,1130
組織,1129
一个月,1128
手段,1127
最棒,1127
退出,1127
整晚,1127
到来,1126
ず,1126
踩,1125
窥,1125
史密斯,1125
流血,1125
蔼,1125
地震,1125
厲害,1124
教育,1124
就行,1123
娩,1123
璸,1123
尽量,1122
女孩子,1122
更糟,1122
早晨,1121
不吃,1121
这话,1121
好不好,1121
解雇,1119
還記,1119
投降,1119
关掉,1118
婴儿,1117
远离,1117
区域,1116
事业,1115
植物,1115
一本,1114
肖恩,1114
牛奶,1114
为此,1114
诅咒,1114
商店,1113
有空,1112
空中,1112
趕,1112
新聞,1111
优秀,1110
短,1109
空气,1108
打破,1108
露西,1108
高度,1108
这片,1107
э,1107
發,1107
琩,1106
當,1106
屋里,1105
马修,1105
伤,1104
手术,1104
大多数,1104
狟,1101
贱人,1101
毛病,1101
有着,1101
所知,1101
程度,1101
辛苦,1101
支援,1101
ㄤ,1100
小丑,1098
算了吧,1098
竟,1098
拒絕,1097
实验,1097
想干什么,1096
牡,1096
我操,1096
修好,1096
屎,1096
砰,1095
科,1095
协议,1093
护士,1093
敬,1093
阿曼,1091
查尔斯,1091
尊敬,1091
小时候,1091
那条,1091
狗屁,1090
關心,1090
ㄈ,1089
感兴趣,1089
手中,1089
古老,1088
顺便,1088
借口,1087
输,1087
這就,1087
動,1087
薇,1087
鞋子,1086
非法,1085
見面,1084
摧毁,1084
老朋友,1084
笑话,1083
女友,1083
佽,1083
辨,1081
烧,1081
嚴重,1081
走路,1080
重大,1080
瑞士,1080
好孩子,1079
孤独,1078
莉,1078
棒球,1078
機器,1078
皮,1077
关注,1076
集,1076
圣诞节,1076
投票,1075
龙,1074
观察,1074
手機,1074
遇见,1072
ぶ,1072
定,1071
魔,1070
成熟,1070
一对,1070
迪克,1070
数据,1070
开火,1070
范围,1070
去死吧,1069
言,1069
一切都是,1068
欣赏,1068
還以,1068
й,1066
尽,1066
世纪,1065
票,1065
綁,1064
玻璃,1063
克拉克,1063
媽,1063
混,1063
賺,1063
眼神,1063
取得,1062
伙,1062
见见,1062
多次,1062
ш,1061
部门,1060
打給,1060
申请,1060
猜猜,1060
战士,1060
ǔ,1059
它会,1059
即,1059
克拉,1058
谎言,1058
回忆,1057
還活,1057
身,1057
奥,1056
美味,1055
两位,1055
头上,1055
挑战,1055
赶,1055
舞,1055
我得,1055
便宜,1055
當我,1055
对待,1054
发出,1054
紧急,1053
再來,1053
毁灭,1052
英國,1052
声,1051
车子,1051
希特勒,1050
塞,1049
跟上,1049
付钱,1049
委员会,1049
一趟,1048
魅力,1048
称,1048
封信,1047
愤怒,1047
证人,1047
如同,1047
达到,1047
一点点,1045
勇气,1045
保密,1045
事要,1045
孽,1044
人来,1044
曼,1043
秆,1043
交給,1042
打个,1041
ễ,1040
线,1040
一會兒,1040
機,1040
甩,1040
擅长,1040
持续,1040
有罪,1040
老妈,1039
绝不会,1039
幸運,1039
注意力,1038
修女,1038
档案,1037
整理,1037
没想,1036
太晚,1036
地板,1036
凈,1036
ッ,1036
車,1034
吵架,1034
帕特,1034
字幕组,1034
棒极了,1033
避免,1033
有關,1033
第三,1033
面具,1033
专业,1033
星星,1032
内心,1032
唔,1030
奇妙,1030
内容,1029
絋,1028
课,1028
重复,1028
得了吧,1028
助理,1028
公里,1028
度过,1027
后果,1027
懂吗,1027
較,1027
材,1027
回家吧,1027
不仅,1026
留给,1026
隐藏,1026
时间轴,1026
胳膊,1025
座位,1024
明明,1024
运气,1024
寄,1023
男友,1023
玩意儿,1023
鬼魂,1022
投资,1022
架,1022
经验,1022
小小的,1021
看出,1021
生氣,1021
鐘,1021
實話,1020
古怪,1020
莫,1020
奔,1019
米勒,1019
小组,1019
摆脱,1019
想见,1019
正確,1018
黑斯廷斯,1018
賭,1018
盖,1016
埃及,1015
你媽,1015
犹太人,1015
上学,1014
搞笑,1014
一百,1014
仅仅,1014
炒,1014
影響,1014
做过,1014
拿来,1014
那就好,1012
可恶,1012
布莱恩,1012
角度,1011
ū,1011
緊,1011
万岁,1011
圣诞,1011
攻擊,1010
脑子,1010
五个,1010
代价,1009
遺憾,1009
別動,1009
不覺,1009
看不见,1008
託,1008
老人,1008
树,1008
開門,1007
提起,1006
忘記,1006
废话,1006
坏人,1005
这条,1005
何时,1005
入侵,1004
手臂,1004
下周,1004
威脅,1004
律師,1004
钉,1002
托比,1002
大声,1001
一分钟,1001
瓁,1001
期望,1000
伤口,1000
囚犯,1000
六,999
烂,999
混乱,999
走出,999
牌,999
坦白,998
尖叫,998
巴,997
恰克,997
罗,996
成就,996
反抗,995
夫,995
一眼,995
卷,995
霉,994
奥利弗,994
抓到,994
传统,993
迷路,993
驾驶,992
但愿,992
第二次,992
一间,991
红,991
抢劫,991
幾乎,991
罪行,991
改,991
芙,990
情,989
华盛顿,989
可笑,988
想来,988
靈魂,988
布鲁斯,988
穿越,987
乖,987
部队,986
变态,985
Ν,985
哪個,985
來源,985
雞,985
演,984
挑,984
证实,982
治療,982
队伍,982
总之,982
同時,981
幹什麼,981
随,980
行為,980
今日,979
加拿大,979
不夠,978
搜索,978
為何,978
独自,978
职业,977
知不知道,977
毕业,977
伯爵,977
联邦,976
本來,975
公路,975
所在,975
录像,974
之下,974
生日快乐,974
媒体,973
制服,973
撤退,973
射,972
活動,971
羆,971
毕竟,971
年纪,971
現場,970
姓,969
全新,968
加速,968
刺,967
拉斯,967
戴夫,966
王,966
亚当,966
带你去,966
卡莉,966
性命,966
举行,966
保留,966
坐牢,965
表达,964
今,964
视频,964
我见,963
張,963
湯姆,963
进攻,962
懦夫,962
好久,962
一瓶,961
您好,961
总会,961
下手,960
新娘,959
玩得,959
皇后,959
小狗,959
卡拉,958
ご,958
夜,958
天生,958
活下去,958
美麗,958
岛,957
烤,957
答應,957
懷疑,957
稍微,956
航班,956
亚,955
哪怕,955
軍隊,955
保重,955
滚出去,955
爷爷,954
真實,954
型,951
看好,951
男子,951
訓練,951
屁,950
海岸,950
后退,949
出發,949
文章,949
钻石,949
没人会,949
下班,949
完毕,949
坚强,949
追求,949
建議,948
做个,948
歌手,948
托尼,948
走廊,947
英语,947
注射,947
給他,947
西蒙,946
樓,946
指挥,946
回头,946
农场,945
常常,945
緊張,945
蠢货,944
簆,943
那時,943
宁愿,942
骑,941
大多,941
特里,941
矪,940
签,940
毁掉,940
镑,940
金子,939
冒犯,939
克里,939
商量,939
你们好,938
海滩,938
找個,937
適合,937
別說,937
礼貌,937
上帝保佑,937
午夜,937
凯尔,937
厩,937
隨時,937
占,937
翻,936
原本,936
碭,935
果然,935
直升机,934
大楼,933
情绪,933
锁,932
维持,932
不該,932
吃掉,932
不住,932
哪裡,931
骑士,930
虫,929
规定,929
應,929
吸,928
飛,928
长得,927
深,927
浴室,927
難以,926
悲伤,926
那会,925
硬,925
交往,923
说好,923
還會,923
带我去,922
寂寞,922
八卦,922
现金,921
杰夫,921
一分,920
走进,920
陷阱,920
被困,920
经济,920
掌控,919
情感,919
自殺,919
区别,919
哪位,919
猪,918
杀掉,917
客氣,917
遵守,917
瞎,917
话题,916
长时间,916
扮演,914
段,914
有何,914
外婆,914
整整,912
说完,912
道路,911
第二天,911
硄,911
中央,911
胡说,911
说法,910
货,910
管理员,910
號碼,910
上周,909
泡,909
保佑,909
猩猩,909
牛仔,908
几次,908
奇,908
洛克,908
皇家,908
逃避,908
起飞,907
万一,907
菲利普,907
一張,907
討論,907
快速,906
胡扯,906
耶稣,906
炸,906
维多利亚,905
等不及,905
糟透了,905
礼拜,905
对手,904
菲,904
总部,904
房,904
詞,904
大海,904
自豪,903
这辈子,903
允許,903
机器人,903
损失,902
迷失,902
僵尸,902
风格,902
尴尬,902
歷史,901
天赋,901
王八蛋,900
乱,900
失,899
当心,899
多謝,899
耶穌,898
最新,898
结局,898
ㄩ,898
少校,897
乘客,897
不管怎样,897
类似,897
鸡,897
杰森,897
女子,896
员工,896
靡,896
瞴,896
午饭,895
安慰,895
皮肤,895
善良,895
穿著,894
意味著,894
向前,894
当成,894
伯,893
到时候,893
梅,893
黄金,893
当地,893
嘲笑,892
度假,892
圈,892
角落,892
注定,891
工人,890
适应,890
俄罗斯,890
神圣,889
老二,889
不得,889
导演,889
手套,889
监控,888
同一个,888
白天,888
一项,888
顯然,888
遭到,887
奧,887
レ,887
恐怖分子,886
狗屎,886
联络,885
高興見,884
實際,884
敵人,883
国际,883
鳥,883
只好,882
强,882
智慧,881
绑,881
大不了,881
ю,880
私,880
态度,880
出租车,880
莫斯科,880
楼下,879
接电话,879
邁克,879
兵,878
很酷,878
同性,878
模特,877
螟,877
埃里克,877
克莱尔,876
罗宾,876
阁下,876
我敢,876
确信,876
墻,876
撒,876
道德,875
一大,875
也好,875
七,874
走走,874
中士,874
地獄,873
荒谬,871
甡,871
艾比,871
好極,871
那有,870
设备,870
惡,869
然,868
返回,868
尋找,867
冰箱,866
警察局,866
权力,865
早点,865
拿下,865
合理,865
某個,865
有件事,865
内部,865
交,865
合同,865
至于,865
两人,864
掩护,864
随着,864
瘋子,863
爆,862
嘴里,862
喝杯,862
分子,862
这下,862
四年,861
經歷,861
激情,860
死刑,860
底下,860
婚禮,860
疾病,860
笨,860
海军,860
指纹,859
周五,859
远点,858
照看,857
广告,857
本人,856
理智,856
丢下,856
插,856
イ,856
莱,855
卧室,855
受够了,855
市场,855
出于,855
暴露,855
隊,855
外星人,855
建造,854
變,853
想不到,853
小镇,853
隔壁,853
假设,853
ダ,853
对象,852
抽烟,852
可悲,852
我馬上,852
充滿,851
打来,851
全身,851
乔伊,850
デ,850
酷,850
四处,850
隧道,850
帶來,850
戳,850
且,849
指示,849
烦,849
霍华德,849
文化,849
失敗,848
遭遇,848
汀,848
额,847
反應,847
退,847
キ,847
奶酪,847
尼斯,847
内特,846
公民,846
里斯,845
妞,845
知,845
袋子,845
转移,845
恐懼,844
端,843
還給,843
祈禱,843
稳定,843
菲尔,842
签名,842
出席,842
動物,842
巴尼,841
相处,841
節目,841
右,841
落,840
校對,840
求婚,840
我俩,839
一邊,839
各,839
饼干,839
平常,838
舞蹈,838
华生,838
成交,837
无论如何,837
意識,837
间谍,836
哈特,836
害,836
火車,836
大道,835
念,835
处于,835
電腦,835
回报,834
太快,834
侮辱,834
偷偷,834
富有,833
发明,833
瑪麗,833
误会,833
配合,833
僕,833
ト,833
骨头,832
毙,832
市长,832
全国,832
帮帮我,831
没人能,831
米奇,830
煮,829
将来,829
大师,829
语言,828
闻到,828
同情,828
地盘,828
能行,828
斗,828
沒見過,827
忘掉,827
倫敦,826
探长,826
旅程,826
哈哈,825
波洛,825
费,825
爽,824
布萊恩,824
遲到,824
器,823
店里,823
基本上,823
散步,823
般的,822
侦探,822
出门,822
風,821
說話,821
很小,821
稦,820
哟,820
越來,820
组,820
直,820
我怕,820
倒霉,819
祝福,819
小姑娘,818
脱,818
夫妻,818
謊,818
式,818
独立,817
完整,817
下降,817
吸毒,816
琳,816
很久,816
欺骗,816
助手,816
打仗,816
透露,816
創造,815
本身,815
舔,815
之内,815
单身,815
街道,815
柏林,814
指挥官,813
教训,813
巴克,813
胡子,813
浪費,812
总监,812
仪式,812
夏洛特,811
不仅仅,811
麦,811
月亮,811
剧本,810
凌晨,810
镇,810
形象,810
环,810
艰难,810
可能性,809
大學,809
上車,809
路易,809
小鬼,809
沒什麼,809
敲,808
托马斯,808
维尔,808
現,807
至今,807
德里克,807
表現,807
极了,807
迅速,807
网上,806
這也,806
差點,805
愛的,805
形容,805
几点,805
一塊,804
要不是,804
足夠,803
只會,803
具有,803
做梦,803
绅士,803
暗示,802
足以,802
沒用,801
模式,801
谅,800
搞错,800
塔克,800
表面,799
天吶,799
采取,799
跟我走,797
此刻,797
人能,797
投入,797
太大,797
簀,796
隐瞒,796
揪,796
很久以前,796
法國,796
仙子,796
做過,796
浪费时间,795
ケ,795
蜘蛛,795
这辆,795
這點,794
同伴,794
仁慈,794
尸體,794
一首,794
行事,794
查出,794
錯過,793
嗑,793
罗杰,793
传说,792
叛徒,792
火箭,792
基因,791
介紹,791
观点,790
宰,790
糑,790
ỡ,790
法语,790
再有,790
儿,790
深呼吸,789
保羅,788
爱人,788
狝,788
傻子,788
技巧,788
筽,787
灯,787
幾天,787
香槟,787
集团,787
摩西,786
パ,786
秀,786
一夜,785
背景,785
这部,785
男生,785
支付,784
起诉,784
經過,783
這對,783
收回,783
我试,783
镇上,783
刮,781
黑鬼,781
美金,781
男性,781
那件事,781
小偷,781
不是故意,780
勒,780
一声,780
天上,780
一會,780
莱纳,779
行星,779
課,779
拍照,779
采访,779
保险,779
消灭,778
呼,778
老子,778
肩膀,778
我媽,777
格林,777
即便,777
文明,777
碎片,777
这一,776
三次,776
绿色,776
提议,776
罪名,775
友好,775
圣诞老人,775
這不,775
衡,775
襲擊,775
敏感,775
不来,775
闻,775
一致,774
也就是说,774
賸,774
口,774
夏威夷,773
ユ,773
有权,773
当中,772
一台,772
儿童,772
出名,771
遭受,771
剑,771
以來,771
电梯,771
利益,770
荣誉,770
逗,769
同樣,769
警長,769
中尉,769
卑鄙,768
搞清楚,768
一共,768
塞尔,768
企鹅,767
撒謊,767
杰,767
勁,767
开口,767
公开,766
符合,766
刚好,766
下雨,766
胸部,765
归,765
一晚,765
花园,765
正义,765
這才,765
左边,764
打中,764
一家人,764
艺术家,764
几分钟,763
自私,763
痕迹,763
今天下午,763
门口,763
獲得,762
一番,762
这么久,762
千万,762
尼尔,762
说些,762
新鲜,762
矹,761
上升,761
每晚,761
自信,761
不應,761
忠诚,761
安靜,760
信用卡,760
时期,760
镜头,760
大使,759
脆弱,759
許是,759
职责,759
世人,758
查查,758
嫌犯,758
宗教,758
他現,757
对抗,757
萨姆,757
運,757
工厂,757
聚集,756
科尔,756
只想,756
全力,756
之所以,756
阿门,756
欲望,756
ぺ,755
堵,755
狗狗,755
芬奇,755
开除,754
联合,754
不安,754
慢点,754
舞台,754
异种,753
当初,753
使得,753
屋,753
亦,753
几周,753
線,752
索尔,752
婓,751
窾,751
這場,751
惊人,751
理想,751
小男孩,750
選,750
痙,750
荒唐,750
皆,750
噩梦,749
咋,749
两周,749
謀,748
活著,748
联盟,748
人員,747
包裹,747
趕緊,747
睲,746
對付,746
提高,746
为啥,746
每周,745
位于,745
光明,745
超級,745
影子,744
谋杀案,744
射击,744
一道,744
河,744
艘,744
身后,743
复仇,743
有种,743
老是,743
皊,743
功夫,743
戈登,743
小说,743
鲨鱼,742
海里,742
少女,742
驕傲,742
双手,742
破壞,742
限制,741
羘,741
哥們,741
以外,741
林,741
查看,740
谢天谢地,740
九,740
社會,739
资格,739
通道,739
瑞秋,739
胖,738
一向,737
水平,737
非得,737
矗,736
这句,736
最快,736
救护车,735
電話給,735
材料,735
人來,735
不成,735
人质,735
我該,735
屋顶,735
审判,734
尝尝,734
流行,734
清除,734
以上,734
崩溃,733
大型,733
追捕,733
得知,733
十分钟,733
亚瑟,733
影片,733
利亚,733
模仿,732
凯文,732
娃娃,732
仆人,732
一员,732
現實,732
地位,731
科技,731
期间,731
小屋,731
毕,730
拥抱,730
放进,729
深刻,729
油,729
安德鲁,729
跪下,728
那才,728
走開,728
走运,728
市,728
聽過,728
却是,728
岛上,728
醉,728
一笔,728
传,727
快來,727
应付,727
腹,727
狀況,726
餐馆,726
甜蜜,726
风险,726
小妞,726
冰淇淋,725
不爽,725
希尔,725
汽車,725
人才,725
妈咪,724
打击,724
主席,724
肌肉,724
瑞斯,723
笲,723
咱俩,723
一顿,723
装置,723
最初,723
养,722
教会,722
網絡,722
真理,721
量,721
伊丽莎白,721
拜访,721
慢,721
药物,720
普通人,720
組,720
年龄,720
確認,720
解除,720
绝望,720
逮到,720
形式,719
怪胎,719
试,719
吵醒,718
快到,718
玩玩,718
カ,718
大哥,718
蹲,718
偉大,717
财产,717
失控,717
法官大人,716
認,716
网站,716
冬天,715
一副,715
成长,715
情報,715
印第安人,715
德州,714
作出,714
摄像机,714
人群,714
從來,713
好点,713
罗伊,713
俄国,713
别想,712
警报,712
巴士,712
客戶,711
時刻,711
當你,711
投,711
南希,711
南方,711
飞行员,711
难以,710
偶尔,710
片,710
主管,710
般,710
幸好,710
称为,709
腞,709
第一天,709
還想,709
以下,708
大门,708
石油,708
卫星,707
造,707
英国人,707
氣,707
技術,707
大夫,707
不妙,707
放过,706
船長,706
屋子里,706
俺,706
這一點,706
你還,706
代替,706
托,705
楼,705
集合,705
上路,705
桌上,705
坏事,704
接著,704
可靠,704
灾难,704
做法,703
关上,703
以防,702
邀,702
台,702
入口,702
协助,702
心跳,701
钱包,701
稍后,700
用于,700
追查,700
他杀,700
南部,700
莱赣,699
邮件,699
恢,699
总有一天,699
氨,699
手枪,699
野兽,699
标准,698
统治,698
请原谅,697
扔掉,697
值,697
舊,697
眤,696
滴答,696
要給,696
假期,696
摇滚,696
有什麼,696
切,696
老头,695
市民,695
ヘ,695
福特,695
有过,695
二十,695
平静,695
爱丽丝,695
幾,694
别无选择,694
中午,694
那人,694
普,694
谢谢你们,694
腦袋,693
夺走,693
傳,693
雷蒙德,693
苏格兰,692
味,692
驚,692
出卖,692
經常,692
飞船,692
异常,692
讀,692
柑,691
温柔,691
修理,691
俠,691
室友,691
戰士,691
設計,691
账户,690
巴里,690
記者,689
议员,689
基金,689
雨,689
冰川,688
交换,688
埃迪,688
х,688
測試,688
牙齿,687
問問,687
哭泣,687
心灵,687
炸彈,687
艾德,686
高级,686
危机,686
驹,686
將,685
胡說,685
装备,685
公爵,685
訴過,685
有時,684
唉,684
夫妇,684
学院,684
悲剧,684
糖果,683
走向,683
温暖,683
五分,683
革命,683
绳子,683
拉里,683
貌似,683
蕩,682
陷害,682
地毯,682
超越,682
将要,682
强壮,682
ラ,681
爸妈,681
竊,681
交谈,681
比如说,681
我應,681
時間軸,681
基督,680
哪来,680
本事,680
肮脏,680
吓坏,680
瓦,680
体内,679
蝴,679
打断,679
恕,679
阿里,678
做生意,678
查克,678
吼,677
抵抗,677
為止,677
時光,677
探索,677
找回,677
记,677
恋爱,677
保守,676
一头,676
資料,676
否认,676
摔,676
周六,675
杯子,675
相互,675
除掉,674
六个月,674
丽莎,674
明年,673
大伙,673
麥,673
停車,673
巧合,673
解开,672
薪水,672
海伦,672
이,672
戀,672
聽起,672
麥克,672
接手,672
邦,672
判断,672
真不知道,671
招呼,671
奥斯卡,671
歌曲,671
館,670
扶,670
淹死,670
奶油,670
脱掉,670
沙发,670
德里,670
汉堡,669
废物,669
平安,669
好些,669
難過,668
相反,668
热情,668
草,668
居民,668
比起,667
赚钱,667
被迫,667
確保,667
姓名,667
你別,667
鲍比,666
巨人,666
癌症,666
我花,666
還不,666
单单,665
这块,665
噓,665
强烈,665
承認,665
管用,665
经理,665
龒,664
思,664
饭店,664
無關,664
請求,664
雪,664
为止,663
餐廳,663
六个,663
感,663
艾玛,663
战场,663
上司,663
責任,662
残忍,662
哪些,662
位子,662
閑,662
出版,662
信念,662
演讲,661
玉米,661
不对劲,661
酚,661
法院,661
墙上,661
杰利,661
人士,661
置信,660
黛比,660
抬起,660
称呼,660
西装,660
天后,660
戴上,660
这家,660
維,659
洗手间,659
禲,659
孤单,659
深入,659
冠,659
還得,659
得分,659
小队,658
发动,658
工程,658
北方,658
衄,657
相关,657
不明,657
盡管,657
贝,657
内裤,657
资金,656
树林,656
澡,656
西部,656
仅,656
自动,656
辞职,656
試著,656
报复,656
遵命,655
蓝,655
风暴,655
搜,655
ő,655
赛,655
女神,655
林肯,655
老爹,655
谢尔顿,654
真有,654
争取,654
打個,654
帝国,653
狶,653
收入,653
荣耀,653
厨,653
保存,653
当年,653
杰米,653
靴子,652
小事,652
不定,652
足球,652
段时间,652
星,651
早已,651
卡斯,651
专门,651
宝贝儿,651
学到,651
寻求,650
汉克,650
盡快,650
樹,650
杯酒,650
爆发,650
旅館,650
永恒,649
愛我,649
饒,649
本地,649
批准,649
以色列,649
博物馆,649
這會,649
繫,648
自行车,648
毒,647
牛排,647
崇拜,647
抓紧,647
第五,647
墨菲,647
口音,647
被告,646
赶到,646
魔力,645
好莱坞,645
把门,645
据说,645
宠物,645
半个,645
实话,644
趕快,644
關鍵,644
下令,644
蛮,644
取代,643
伙計們,643
哈蒙德,643
方案,643
画面,643
最終,643
联邦调查局,643
憩,642
笷,642
诺,642
五十,642
ъ,642
烟,641
野蛮,641
樂隊,641
ス,641
山谷,640
嘴巴,640
ゅ,640
黨,640
时机,640
关门,640
某種,640
威利,640
卖掉,640
沉,640
祖父,639
保險,639
医疗,639
價值,639
登上,639
村子,639
驚喜,639
聲,639
身材,639
检察官,639
伊森,638
信號,638
總監,638
旁,638
诚实,638
涴,638
饮料,638
右边,637
厄尔,637
从前,637
墙,637
动机,637
屬于,637
八,637
有名,637
醚,636
他家,636
籔,636
布里,636
试试看,635
誠,635
字母,635
娘,635
戰斗,635
非称,635
權利,634
服務,634
伯特,634
爱德华,634
毫无疑问,634
击中,634
座,634
怎能,634
强迫,634
ょ,634
幽灵,634
安东尼,634
指引,633
尾巴,633
麦克斯,633
爱上,633
当作,633
冰,633
经典,633
根據,633
晚饭,633
命運,633
腦子,632
捅,632
狂欢,632
盉,632
光芒,632
旁邊,632
一艘,632
服,632
火星,631
征服,631
就是说,631
仿佛,631
鮑勃,631
才行,631
克萊爾,631
阿富汗,631
星系,630
自身,630
针对,630
厌倦,630
老虎,630
沿着,630
之夜,630
臔,630
狂,630
死神,629
許多,629
爱尔兰,628
局长,628
抹,628
前進,628
达成,628
苏联,628
一千,627
科特,627
本该,627
带给,627
英格兰,627
慷慨,627
得出,626
车祸,626
能給,626
满,626
習慣,626
蝙蝠侠,626
校长,625
好样,625
凯蒂,625
合伙人,625
食品,625
固定,624
超人,624
監視,624
海盗,624
不許,624
蝴蝶,624
這條,624
這有,624
各種,624
再也不会,624
ば,623
领导,623
精神病,623
吉他,623
季,623
经营,623
零,623
十,623
那段,623
认出,623
記憶,623
殺手,623
歌唱,622
欧,622
衬衫,622
对面,622
回应,622
弄清楚,621
拆,621
慌,621
一团糟,621
故障,621
晚点,621
很糟,621
会见,620
感興趣,620
兇手,620
郡,620
哎呀,620
坦克,620
眼镜,620
唐尼,620
學生,620
房里,620
等一等,620
之地,619
山上,619
根,619
开着,619
插手,619
一枪,618
女郎,618
癳,617
救援,617
祝贺,617
估,617
独特,617
前途,617
愛上,617
頭發,617
得不到,617
君,617
明,617
奇跡,616
兰斯,616
班克斯,616
毫不,616
你老,616
楼梯,616
码头,615
幸会,615
這都,615
昏迷,615
害羞,615
建,615
河流,615
威爾,615
隨,615
贝丝,614
这项,614
扯淡,614
瓆,614
狀態,614
眼中,614
刀子,613
抵达,613
升,613
千万别,613
表,613
护照,613
得以,613
物质,613
通讯,613
航行,613
这来,612
纯,612
玫瑰,612
套,612
反而,612
鸡蛋,612
具体,611
遗嘱,611
蓋,611
兹,611
自愿,611
使命,611
據,611
别闹,611
作战,611
一命,610
恒星,610
盡力,610
送来,610
ㄏ,610
透,609
咱,609
无意,609
目的地,609
小朋友,609
发表,609
扎,609
出租,609
日期,609
谈判,608
杂种,608
不斷,608
报,608
但現,608
样本,608
壓力,608
一号,608
等候,608
幽默,608
順利,608
知识,607
扎克,607
粉丝,607
遇上,607
按摩,607
温度,607
大地,607
很长,606
守,606
棺材,606
头脑,606
這張,606
佛,605
奴隸,605
嫌疑人,605
两分钟,605
對方,605
過得,605
可愛的,604
索菲,604
那辆,604
眼,604
看不出,604
學習,603
片名,603
協議,603
上场,603
新人,603
就此,603
報道,602
宴会,602
认得,602
开个,602
清白,601
不準,601
发疯,601
廚房,601
做得好,601
物品,600
尼基塔,600
轻易,600
保住,600
喝茶,600
犯下,600
水手,600
畍,600
上天,600
平衡,599
舰长,599
面试,599
接吻,599
可疑,599
瑟夫,599
成立,599
没能,599
新来,599
迎接,599
用不着,598
摩根,598
高潮,598
苹果,598
我將,598
丟了,598
违反,598
全家,598
里德,597
學,597
一圈,597
戴尔,597
会儿,597
瞭解,597
曼哈顿,597
報警,597
纪念,597
大厅,597
搬走,597
舌头,597
時代,597
明晚,597
部长,596
良好,596
相似,596
瞄准,596
图书馆,596
嫁,596
波士顿,596
洱洱,596
沒關,596
吃晚饭,596
手術,596
名人,596
问过,595
影视,595
性格,595
摄影机,595
哈里斯,595
機場,595
一大堆,595
代價,595
烦恼,595
聯邦,595
犧牲,594
周日,594
要不然,594
诞生,594
憑,594
紧,594
我心,594
羞辱,593
治安,593
報紙,593
燃料,593
纳,593
伊恩,593
眼里,593
摄像头,592
下场,592
新生,592
排,592
平民,592
天天,592
泰迪,592
回頭,592
朱莉,591
今夜,591
莱德,591
一開始,591
自從,591
很多年,591
大小,591
另一边,591
箉,590
那份,590
没来,590
秩序,590
胖子,590
霍,589
γ,589
萨拉,589
铬,589
通,589
手表,589
相,589
队员,589
主角,589
强尼,588
事先,588
晚宴,588
勒斯,588
愛情,588
操作,588
神经,588
公正,588
街头,588
中校,588
巴斯,587
策略,587
第二个,587
通往,587
春天,587
阑,587
指令,586
一无所知,586
沉默,586
州长,586
要命,586
這份,586
困扰,586
杆,586
安保,586
暫時,586
断,586
蜡烛,586
转过,585
蛋蛋,585
体验,585
困惑,585
剧院,585
听过,585
留着,584
对话,584
报导,584
顾客,584
那一刻,584
凯撒,584
兰,584
逃脱,583
融化,583
看得出,583
北,583
級,583
乐趣,583
條件,583
弗雷德,583
价格,583
无比,582
功能,582
明智,582
海上,582
边缘,582
絬,582
待会儿,582
以為,582
我查,582
ミ,582
典型,582
喽,582
买下,581
辽,581
吉娜,581
患者,581
窗戶,581
干脆,581
叭,581
戈,581
闭上,581
喝咖啡,581
鬆,581
卡片,581
慈善,580
德斯,580
我無法,580
劝,580
力,579
私下,579
搬家,579
做不了,579
黑帮,579
整件事,579
包围,579
克利夫兰,579
社交,578
隊長,578
玛,578
案,578
罪恶,578
滾開,577
依靠,577
考,577
珠宝,577
蒂娜,577
诡异,577
南,577
残酷,577
例如,576
贝尔,576
我点,576
杜,576
人渣,576
渚,576
畜生,576
弹,576
惡心,576
想過,575
琍,575
范,575
合,575
吓人,575
星城,575
熟,574
克劳斯,574
墓,574
頭,574
戴维,574
就會,574
帽,574
規矩,574
性爱,574
给予,574
这帮,574
招待,574
情形,573
檔,573
沃爾特,573
人口,573
炸药,572
周,572
见证,572
桥,572
订婚,572
房租,572
天氣,572
回复,571
放屁,571
图,571
泰瑞,571
輕人,571
冒險,571
友善,571
英俊,570
纹身,570
興趣,570
机构,570
水果,570
圣诞快乐,570
香港,569
超過,569
數據,569
數字,569
缺乏,569
一系列,569
辆,569
陶德,569
騙子,568
人影,568
捉,568
去過,568
上课,568
真他妈,568
剪,568
打过,568
夹,568
元首,568
家具,568
璣,567
维,567
噪音,567
爵,567
首相,567
欢乐,566
搞不懂,566
西斯,566
相當,566
參,566
机密,566
気,566
参观,565
晚飯,565
作者,565
广场,565
我求,565
夏洛克,565
運動,565
快死了,565
越南,565
喉咙,564
盞,564
开会,564
师,564
笑容,564
营地,564
四周,564
不论,564
师父,564
琼斯,563
版,563
这群,563
直觉,563
登,563
单位,563
诡,563
路线,563
职位,563
警卫,562
丛林,562
太小,562
更大,562
試圖,562
污染,562
實在,562
四個,562
喝點,562
仔細,562
汽油,562
假裝,562
此地,562
下巴,562
准确,561
隻,561
探員,561
談話,561
報,561
圣誕,561
麼,561
料到,560
肯尼,560
混球,560
一同,560
星期五,560
要来,560
十二,560
十字架,560
防止,560
精力,559
员,559
一輛,559
尽情,559
圣经,559
及时,559
再来,559
重建,558
比爾,558
再給,558
平时,558
引爆,558
直播,558
沙拉,557
原创,557
政策,557
尼古拉斯,557
一回,557
嘴唇,557
公众,557
付出代价,557
动力,557
牙,556
懷孕,556
成绩,556
无能为力,556
面临,556
泄露,556
怪人,556
余生,556
史蒂芬,555
真好,555
意義,555
逃离,555
唐娜,555
迹象,555
披萨,555
穌,554
就位,554
陪审团,554
部落,554
商人,554
海豚,554
与众不同,554
菲尔德,554
執行,553
导弹,553
夥計,553
巴基斯坦,553
欧文,553
之類,553
杀人犯,553
共,553
伊拉克,552
细胞,552
職業,552
仓库,552
洞穴,552
毛巾,552
文森特,552
骗人,552
做成,552
邁克爾,552
俱,552
撤,552
总有,552
美的,552
說明,552
难怪,552
撑,551
看待,551
滿,551
生产,551
最美,551
怀特,551
咒语,551
俱樂部,551
选手,551
实际,550
市中心,550
第四,550
倒下,550
一封,550
伸出,550
提要,550
秘书,550
叫醒,549
难受,549
操蛋,549
狮子,549
每人,549
物种,549
不通,549
斯巴达克斯,549
星期六,548
團隊,548
亞,548
马克思,548
藝術,548
石,548
中有,548
送給,548
赶走,548
感谢上帝,547
以此,547
我先,547
昨天晚上,547
我告,547
受欢迎,547
帕克,547
艾琳,547
演員,546
无数,546
计,546
产品,546
骂,546
公園,546
交通,546
祖母,546
组成,545
大人物,545
卡爾,545
瓶,545
轮到,545
能源,545
标志,544
卡住,544
周圍,544
核心,544
之上,544
调整,544
金发,544
来不及,544
別管,544
方,544
有過,544
做點,543
财富,543
凯西,543
改造,543
逐渐,543
会面,543
展开,543
ざ,543
鉆,543
带回,542
半小时,542
等于,542
租,542
跑道,542
模型,542
贵族,542
睡眠,542
小人,542
半夜,542
無辜,542
可卡因,542
供,542
人手,542
逃出,541
婚,541
突破,541
打包,540
民主,540
亨特,540
甜甜,540
狠狠,540
七年,540
来过,540
獹,540
收藏,540
约定,540
對于,540
主演,540
萨,540
絏,539
美國人,539
威,539
好几个,539
慢慢来,539
老天爷,539
领袖,538
祥,538
货车,538
中國,538
陪伴,538
巴特,538
起码,538
首次,538
貝絲,538
踞,538
结构,538
這話,537
竜,537
垛,537
一阵子,537
社区,537
以便,537
便是,537
阶段,536
恐慌,536
清,536
公共,536
成人,536
物理,536
友谊,536
推荐,535
邪,535
这套,535
珍,535
试验,535
苏珊,535
旧金山,535
迈阿密,535
打倒,535
首席,535
進展,535
ゞ,535
电话号码,535
吃惊,534
睡不着,534
留意,534
老家伙,534
堡,534
讽刺,534
穿過,534
弗斯,534
分散,533
沮丧,533
马车,533
播放,533
保管,533
滋味,533
陌生,532
换个,532
嫁給,532
畢業,532
作弊,532
卧底,532
其余,532
大象,532
时尚,531
坏蛋,531
右手,531
主题,531
告别,531
原始,531
往前,531
宽恕,531
竞选,531
總有,531
黛,531
深深,530
一輩子,530
举,530
估計,530
猶太人,530
官方,530
球员,530
来电,530
拼命,530
这样的话,530
停留,530
他來,529
精灵,529
布拉德,529
ẵ,529
一篇,529
打交道,529
激動,529
握手,529
顾问,529
重量,529
無所謂,529
眎,529
企业,528
亲密,528
价钱,528
頓,528
Λ,528
防御,528
高手,528
坏消息,528
少年,528
不配,528
无线电,528
预约,528
场景,528
不许动,527
大陆,527
丝,527
太陽,527
头儿,527
原则,527
尽可能,526
意志,526
不來,526
甊,526
泊,526
重點,526
细黑,526
未知,526
显得,525
金属,525
不得了,525
定位,525
滑稽,524
丹尼斯,524
苏菲,524
芭芭拉,524
机,524
真名,524
勝利,524
樂,524
维克多,524
免得,524
听懂,524
香水,523
救出,523
黑洞,523
需求,523
可不可以,523
气味,523
北部,523
求救,523
人性,523
非要,523
牧師,523
旅途,523
抱抱,523
被判,523
那小子,522
吉,522
诗,522
连接,522
太美,521
兩次,521
二十年,521
帮个,521
名义,521
莱恩,521
離婚,521
所作所为,521
燃烧,520
这人,520
安息,520
克莱,520
誓言,520
耻,520
无人,519
品牌,519
王国,519
太迟,519
派克,519
睡衣,519
牢房,519
海水,519
约瑟夫,519
搂,519
轮胎,519
镜子,519
火焰,519
扒,519
点子,518
堆,518
数量,518
身旁,518
任,518
成年人,518
實現,517
勇士,517
周一,517
德国人,517
兰亭,517
住在一起,517
意見,517
贴,517
亲吻,517
榮幸,516
土豆,516
童年,516
無聊,516
股票,516
一伙,516
浩,516
合成,516
打扫,516
扁,516
感冒,515
圖,515
一幅,515
快来,515
全面,515
万美元,515
韦恩,515
抓狂,515
戏,515
数,515
海底,515
入,515
告知,515
守卫,514
屌,514
脑子里,514
举办,514
强奸,514
膝盖,514
后來,514
解放,514
脫,514
哈罗,514
恐龙,514
降临,514
日记,514
給我們,514
地點,514
传奇,514
马尔科,513
下落,513
说起,513
球队,513
片子,513
那场,513
治愈,512
水面,512
检查一下,512
主持,512
歸,512
现代,512
我错,512
这笔,511
欺负,511
局面,511
希,511
咦,511
公布,511
抓走,511
單,511
波比,510
龍,510
羛,510
各自,510
亲手,510
小鸟,510
之王,509
ゎ,509
裡,509
請問,509
蜜蜂,509
只管,509
措施,509
明日,509
吩咐,509
好友,509
闹,509
升起,509
戴维斯,509
發展,508
级,508
纳粹,508
我問,508
忍不住,508
興奮,508
帶著,508
華盛頓,507
上午,507
受夠,507
出局,507
小小,507
考虑一下,507
專業,507
电台,507
怪怪的,507
陆地,506
線索,506
保险箱,506
勋爵,506
补偿,506
工作室,506
頂,506
試過,506
相遇,505
提升,505
媒體,505
马特,505
流浪,505
封,505
载,505
談過,505
仇恨,505
偶然,505
法国人,504
引发,504
沙滩,504
双眼,504
曲子,504
承担,504
超市,504
呗,504
象征,504
蠢蛋,503
气氛,503
珖,503
幕后,503
节,503
牧,502
前来,502
呵,502
尽头,502
亞歷,502
见识,502
打敗,502
巫师,502
应,502
着火,502
心意,502
沃克,502
仅此而已,502
斯坦,501
瓶子,501
爹,501
通话,501
星期天,501
受害人,501
舱,500
弗雷,500
这能,500
闯入,500
共度,500
可否,500
遠點,499
橄榄球,499
緊急,499
忽略,499
始终,499
迫不及待,499
糶,499
他給,499
滿意,499
希腊,499
特效,499
甩掉,499
一模一样,499
召集,499
踌,499
矮,498
帮帮,498
元素,498
配,498
进化,498
消除,498
喷,498
太平洋,498
不要紧,497
军人,497
珍惜,497
专辑,497
多长时间,497
较,497
好听,497
泳池,496
一点儿,496
贏得,496
月光,496
课程,496
侄子,496
顶,496
计算,496
狗娘养,496
我本來,496
游泳池,495
经纪人,495
呵呵,495
灵感,495
写信,495
製,495
在外,495
很難,495
香蕉,495
伴侣,495
震惊,495
猎物,495
据,495
幻觉,495
一身,494
好象,494
街区,494
空氣,494
出手,494
车站,494
享用,494
急事,494
迪恩,493
斯考,493
领带,493
干扰,493
金钱,493
效劳,493
领域,493
щ,493
望,493
封锁,493
王后,493
居住,493
评论,492
品味,492
外表,492
梅根,492
收下,492
随意,492
临时,492
订,492
帅哥,491
召唤,491
動作,491
哥们儿,491
抬,491
布洛迪,491
閉上,491
娅,491
未婚妻,491
血腥,490
狠,490
斯托,490
调,490
胡说八道,490
拋棄,490
纸,490
类型,490
准时,490
系列,489
帕,489
取出,489
接管,489
激烈,489
一郎,489
脱离,488
荡,488
酗酒,488
怀念,488
饼,488
敢肯定,488
波兰,488
沾,488
称之为,488
前方,488
当做,488
講話,487
期,487
ほ,487
經驗,487
惨,487
周二,487
繧,487
星期一,487
警员,487
住嘴,487
重生,487
院子,486
提示,486
六個,486
读书,486
挣扎,486
活力,486
伊凡,486
出售,486
笔,486
谢谢您,486
妮可,485
秸,485
就够,485
饭,485
检测,485
玱,485
领主,485
哈罗德,485
解释一下,485
籖,485
处境,485
例外,484
休,484
涉及,484
西方,484
祈求,484
从此,484
我永遠,484
指甲,484
猧,484
别看,484
紅色,484
納,484
丑,484
正面,484
清单,483
赶上,483
里克,483
一具,483
會給,483
码,483
过夜,483
相爱,483
参议员,483
操心,483
棕色,483
才刚,483
滑,483
存活,482
停手,482
帕特里克,482
目光,482
六年,482
继承,482
外公,482
打過,481
安心,481
带领,481
一匹,481
切断,481
思議,481
漫长,481
版本,481
威尔逊,481
改天,481
禣,480
摩托车,480
嬰兒,480
明确,480
不赖,480
洛杉磯,480
全体,480
細節,480
科學,480
质疑,480
有点像,480
复活,480
饿死,480
艾略特,479
人去,479
蒂姆,479
不远,479
湯米,479
動手,479
關閉,479
月球,479
口气,479
打工,479
晓得,478
虐待,478
胃口,478
徹底,478
屠杀,478
舒适,478
有点儿,477
武士,477
会来,477
钢琴,477
送回,477
鬧,477
成員,477
边境,477
别跟我,477
胊,476
演唱,476
桑德拉,476
以往,476
应得,476
前行,476
背上,476
顏色,476
代,475
电池,475
玛利亚,475
溜,475
移民,475
規則,475
禦,475
祖先,475
引,475
史考特,474
苏,474
憤怒,474
出路,474
觀眾,474
一拳,474
马歇尔,474
凡,474
交出,474
鲁,474
混合,474
防守,474
κ,473
厄,473
碰巧,473
格雷格,473
致敬,473
督察,473
花钱,473
甲板,473
幸存者,473
這段,473
凯,473
中間,473
英镑,473
白宫,473
想得到,473
阿姆斯特朗,473
转身,472
报仇,472
条子,472
八年,472
阴谋,472
苦,472
懲罰,472
我媽媽,472
早期,472
参,472
赫尔,472
瓜,471
旅游,471
良心,471
玩吧,471
拼,471
村庄,471
打球,471
成年,471
佩吉,471
艾倫,471
德國,471
아,471
签字,471
環境,470
布雷,470
待命,470
艾瑞克,470
勒索,470
世紀,470
同伙,470
克里斯蒂安,470
湖,470
开启,470
家乡,470
登记,470
下車,469
制度,469
學會,469
灯光,469
来得,469
几句,469
生涯,469
地铁,469
工资,469
多亏,468
一枚,468
回归,468
孙子,468
安全带,468
看清,467
密碼,467
專家,467
那件,467
相比,467
內心,467
諾,467
凯勒,467
村,467
进步,467
面對,467
钓鱼,466
了结,466
炊,466
夸张,466
史上,466
基佬,466
贝克,466
市場,466
乘,466
坟墓,466
暗杀,465
策划,465
上楼,465
摄影师,465
军官,465
理查,465
一手,465
卡斯特,465
奧利,465
心碎,465
ỹ,465
絲,465
火鸡,465
的車,465
专心,464
这算,464
省,464
停车场,464
上船,464
找点,464
第一季,464
慢着,464
概念,464
擅長,464
ゼ,464
驚訝,464
談論,464
行不通,464
组合,464
惹麻烦,464
物,463
文字,463
瑞,463
诺拉,463
口香糖,463
贵,463
回见,463
歐洲,463
蒙特,463
碰面,463
謊言,463
降低,463
目睹,463
顯示,463
别提,462
捡,462
压制,462
來點,462
声明,462
清晰,462
冲动,462
繰,462
布鲁克林,462
船员,462
考验,462
伪装,461
心理医生,461
落下,461
创作,461
杰克逊,461
塔特,461
這座,461
疼痛,461
旨意,461
家园,461
佩妮,461
墓地,461
巴西,460
瑿,460
天下,460
シ,460
連,460
取笑,460
眼光,460
氧气,460
问好,460
主动,460
伏特加,460
西娅,460
黄色,460
洗手,460
斯蒂芬,460
眼看,460
黑夜,460
所謂,459
弥补,459
下流,459
坎普,459
流,459
直升,459
匿名,459
买卖,459
授权,459
戴安娜,459
钮帝,459
没收,459
过世,459
布利,458
不足,458
家中,458
没说,458
前妻,458
鸟儿,458
马赛,458
司機,458
影像,458
标记,458
没事儿,458
植入,458
有力,457
被害人,457
一流,457
曼尼,457
獽,457
哈维,457
丢脸,457
權力,457
車里,457
潜水,457
评估,457
ブ,457
海洛因,457
甫,457
接待,456
考试,456
杰出,456
箭,456
酒鬼,456
珍贵,456
族人,456
黎明,455
总算,455
ド,455
破解,455
穿衣服,455
어,454
瘦,454
服装,454
等会儿,454
运行,454
真不錯,454
輸,454
意愿,454
贏了,454
格里,454
沃特,454
玛雅,453
差劲,453
飛行,453
提过,453
挽救,453
眏,453
小提琴,453
瀑布,453
指出,453
碎,453
发型,453
贼,453
疑犯,453
藥,453
勇氣,452
口交,452
嗷,452
博,452
荷,452
幼稚,452
到此为止,452
一幕,452
羞愧,452
来个,452
嘗試,452
可惡,452
膥,452
卢,451
直至,451
リ,451
地圖,451
一股,451
撒尿,451
躲起来,451
超出,451
出自,451
请别,451
多人,451
双,451
倍,451
费用,451
鸽子,451
羽毛,451
睼,451
遥远,450
做個,450
簍,450
犯罪现场,450
骑马,450
文,450
运动员,450
减少,450
闪电,450
挨,450
丢掉,450
局里,450
火力,450
制片人,449
撐,449
盡量,449
的確,449
伊朗,449
這只,449
收获,449
果汁,449
邀請,449
抛,448
撤离,448
汤,448
设法,448
侵入,448
何時,448
严肃,448
陳,448
很想,448
伪造,448
弟,448
玩偶,448
航空,447
葡萄,447
慶祝,447
电报,447
履,447
匡,447
这车,447
芝士,447
越过,447
跌,447
多大,447
现象,447
皘,446
总能,446
底特律,446
教練,446
娱乐,446
达斯,446
怪异,446
重回,446
非凡,446
艾莉森,446
商场,446
搜寻,446
目前为止,446
何必,445
两只,445
辛迪,445
分開,445
锣,445
之旅,445
農場,445
献给,445
摔跤,445
绕,445
火灾,445
德拉,445
事業,445
心脏病,445
证词,445
複,444
褲子,444
法兰克,444
发布,444
疏散,444
糒,444
米拉,444
转向,444
企图,444
劳伦斯,444
沒人會,443
或者说,443
變化,443
这方面,443
终结,443
硬币,443
證人,443
不出,443
メ,443
幾年,443
過程,443
肯吉,443
很久没,443
低估,443
厨师,442
滚蛋,442
雪茄,442
燈,442
赌场,442
祷告,442
兩年,442
奖,442
没准,442
大赛,442
口味,442
醬,441
声称,441
她家,441
摩斯,441
招,441
摩,441
牛肉,441
日落,441
布兰登,441
协会,440
亲戚,440
艾米丽,440
前任,440
不及,440
啊哈,439
稍等一下,439
髮,439
不理,439
真该,439
脾气,439
迟,439
罢,439
按钮,439
热爱,439
包里,439
啟動,439
哈佛,439
南瓜,439
两种,439
暂停,439
成果,439
会想,439
遠離,439
毯子,439
着想,439
亲人,439
结合,439
可真,438
有史以来,438
解脱,438
隐私,438
生长,438
查爾斯,438
有利,438
叉,438
柯,438
谨慎,438
第一件,438
車上,438
赞成,438
摩托,437
树上,437
丰富,437
下注,437
沙,437
妇女,437
圣母,437
不合,437
再度,437
尤金,437
合约,437
有位,436
扫描,436
聯絡,436
依旧,436
聞,436
打招呼,436
充分,436
严格,436
不曾,435
가,435
拉拉,435
相机,435
露出,435
弱点,435
水里,435
鼓励,435
外出,435
动物园,434
艾米莉,434
一間,434
双胞胎,434
死人,434
赛车,434
悲傷,434
殺害,434
峈,433
本性,433
困難,433
本能,433
阿什,433
胸,433
打來,433
跑掉,433
受过,433
練習,433
廣告,433
逃犯,433
杰西卡,432
人要,432
肯尼迪,432
聯,432
申請,432
愛你,432
感恩节,432
委員會,432
坦,432
沒見,432
緗,432
封面,432
老實,432
寻常,432
击败,431
語,431
皇室,431
帮不了,431
留著,431
诱惑,431
區,431
过度,431
因素,431
玛姬,431
干涉,431
做饭,431
西班牙语,431
狡猾,431
願意,431
惣,430
就給,430
碗,430
我快,430
暖和,430
煩,430
迷惑,430
丑陋,430
摔倒,430
伯格,430
窗外,430
免費,430
洛基,430
运作,430
八个,430
诗人,430
エ,430
兩天,430
宣誓,430
桶,430
高尚,430
来临,429
布置,429
看得出来,429
項目,429
德伍德,429
歌剧,429
可乐,429
症状,429
主教,429
ỳ,429
浴缸,428
優秀,428
项链,428
戏剧,428
委托人,428
禮拜,428
跟随,428
名單,428
吃点,428
拦,428
那要,428
频道,428
详细,428
基于,427
种族,427
军团,427
舞會,427
信封,427
斯巴達,427
管家,427
上演,427
贝拉,427
凯瑟琳,427
結,427
塞巴斯蒂安,427
枪杀,427
进一步,427
军事,427
雕像,427
克莉丝,427
法案,427
香肠,427
五百,426
他妈,426
分离,426
這東西,426
把握,426
猔,426
没听说过,426
商业,426
神经病,426
實驗室,426
拉德,426
在我看来,426
布斯,426
一封信,426
走过,425
走上,425
趟,425
布尔,425
杀戮,425
身处,425
共事,425
埋葬,425
有限,425
進攻,425
庄园,425
排除,425
恶梦,425
化学,424
點兒,424
板,424
廁所,424
檔案,424
港口,424
岡崎,424
负担,424
布莱克,424
尤,423
夜里,423
痜,423
听话,423
接通,423
暖,423
猵,423
晚会,423
争吵,423
产,423
扔下,423
佛罗里达,423
游行,423
宝藏,422
會議,422
猳,422
傷心,422
毒药,422
大腦,422
打得,422
萬一,422
青少年,422
看守,422
天呀,422
混亂,422
劫,422
永久,422
經濟,421
交代,421
朱迪,421
尚未,421
句,421
葡萄酒,421
贷款,420
别去,420
礼服,420
滿足,420
正事,420
總會,420
一批,420
酵,420
目击者,420
阴影,420
效忠,420
聽見,419
未婚夫,419
會有,419
伍德,419
回头见,419
梦境,419
酒精,419
情緒,419
廢話,418
选举,418
德鲁,418
袜子,418
里瑟,418
清洗,418
空間,418
碰上,418
盖茨,418
第二季,418
读过,418
往常,418
鄰居,418
還不錯,418
要花,418
規定,418
床单,418
完事,417
写作,417
仔,417
瑞典,417
闭上眼睛,417
下水,417
命名,417
騎士,417
确切,417
瞬间,417
感恩,417
体会,417
σ,416
那年,416
轨道,416
帐篷,416
水管,416
錄音,416
竞争,416
候,416
神盾,416
例子,416
浪,416
珿,416
音,416
大叫,416
青蛙,416
伴,416
得来,416
不小,416
許會,415
休假,415
困住,415
朗,415
運氣,415
弗雷迪,415
两点,415
矛盾,415
兜,415
独一无二,415
喝完,414
冷靜點,414
访问,414
乡村,414
一秒,414
试过,414
距離,414
霍華德,414
五千,414
擺脫,414
节奏,414
子彈,414
真高興,414
平等,414
解散,414
簘,414
工程师,413
最小,413
后门,413
亿,413
琴,413
聚會,413
威力,413
预备,413
带子,413
缺陷,413
請進,413
斯坦利,413
销售,412
把戏,412
舉起,412
着迷,412
同胞,412
拉克,412
我兒子,412
高地,412
原,411
场面,411
电子,411
肖,411
菇,411
不利,411
总得,411
石頭,411
憎恨,411
怎么着,411
卢卡斯,411
二人,410
小型,410
资源,410
審判,410
幫幫,410
英文,410
结论,410
順便,410
预测,410
犹太,410
力气,410
丸,410
何处,410
太过,410
骨折,410
確,410
篅,410
禫,409
生死,409
へ,409
官员,409
破产,409
Α,409
清晨,409
购,409
虏,409
斷,409
领先,409
人间,409
痁,409
连续,409
天亮,409
行不行,409
発,408
高速公路,408
一处,408
捣,408
科林,408
维护,408
敲门,408
蘭,408
融入,408
人情,408
忏悔,408
赶来,408
别急,408
铁路,407
覆盖,407
佩,407
露丝,407
美食,407
ˋ,407
辩护,407
梅林,407
控告,407
硑,407
很重,407
骚扰,407
大自然,407
录音,407
妮娜,407
劍,407
接收,407
今后,407
賤,407
山脉,407
想想看,407
割,407
挑戰,407
皇帝,407
法拉利,406
着陆,406
冷静下来,406
一阵,406
阿拉,406
珂,406
障碍,406
客厅,406
综艺,406
加斯,406
乐子,406
鄉,406
扭曲,406
好戏,405
眼泪,405
工,405
波动,405
坑,405
那群,405
斗争,405
瑞德,405
姿势,404
杰伊,404
不说,404
知名,404
地说,404
不多,404
莱特,404
老友,404
我親,404
论文,404
河里,404
巴德,404
下个,404
真主,404
新年,404
拜斯,403
弄错,403
傲慢,403
有的是,403
兩位,403
洛斯,403
人选,403
流氓,403
木头,403
紆,403
變態,403
公斤,403
三周,403
教皇,403
活在,402
瘆,402
家长,402
哄,402
保镖,402
从小,402
一百万,402
粉色,402
奇特,402
国会,402
擋,402
这回,402
拽,402
布魯斯,402
芬妮,402
一下子,401
人會,401
母,401
后院,401
讲讲,401
盯上,401
碍,401
青春,401
即將,401
實驗,401
贰,401
承諾,401
深处,401
厚,401
這還,401
雇佣,401
伊娃,401
躲避,401
内疚,401
松,400
喘,400
瑞恩,400
寒冷,400
世界末日,400
關注,400
バ,400
沟通,400
修道院,399
拳,399
喵,399
扣,399
出門,399
蔬菜,399
接觸,399
两名,399
繦,399
蘇,399
美人,399
伐,398
莱拉,398
獀,398
阶,398
风景,398
埃德,398
マ,398
紫色,397
极度,397
克服,397
伊达,397
艾拉,397
过后,397
屁眼,397
精神病院,397
独处,397
留給,397
完畢,397
汽水,397
凯莉,397
好心,397
购物,397
马克斯,397
穨,397
离去,397
名声,396
打个招呼,396
落后,396
尺寸,396
直说,396
双语,396
一團,396
赌博,396
這輩子,396
暴风雨,396
一无所有,396
宣传,396
老弟,396
找些,396
煙,396
毫无意义,396
锁定,395
舰队,395
依,395
態度,395
除,395
簈,395
追杀,395
幽默感,395
四天,395
蒂斯,395
挖掘,395
布洛克,395
比較,395
侄女,395
之子,395
名片,395
瑈,395
包含,394
审讯,394
跑步,394
ボ,394
点燃,394
這太,394
系,394
天真,394
说了算,394
大衣,394
数学,394
卡洛斯,394
回想,394
制定,393
遗产,393
杰作,393
脚下,393
邦德,393
评价,393
感动,393
投資,393
渐渐,393
许可,393
侠,393
服役,393
优雅,393
手法,393
赐予,393
幢,393
先进,393
基础,393
正常人,393
展现,392
地步,392
藍色,392
正想,392
色情,392
發出,392
均,392
阿門,392
早晚,392
违法,392
卡車,392
取决于,392
獨自,392
快快,392
没到,392
要点,391
盘子,391
自行,391
海边,391
祝你们,391
干过,391
博格,391
弟兄,391
羊,391
重力,391
鸡肉,391
别哭,391
指揮,391
超能力,391
車子,391
路过,391
提議,391
輪,391
辐射,391
作业,391
這讓,390
服务员,390
天賦,390
貼,390
无礼,390
英勇,390
每当,390
翻校,390
管子,390
男孩子,390
破碎,390
匹配,390
那辆车,390
押,390
不論,390
届,390
血迹,390
成千上万,390
不管怎么,390
预感,390
撞击,390
一到,390
損失,390
不好玩,390
机械,390
永生,390
烧掉,389
装饰,389
畢竟,389
內容,389
个性,389
脏,389
说来,389
活儿,389
握,389
想一想,389
算不上,389
傷口,388
战胜,388
絕不會,388
上學,388
開火,388
不关,388
撒旦,388
放假,388
部隊,388
格拉,388
弗朗西斯,388
鸡尾酒,388
气体,388
摧毀,388
休想,388
回憶,387
一顆,387
精子,387
滑雪,387
法老,387
凡人,387
那家,387
索,387
塑料,387
三十,387
很長,387
舅舅,387
填,387
罩,387
谷,386
小费,386
抗拒,386
來過,386
欢呼,386
一行,386
丟下,386
不給,386
保障,386
酷哥,386
缺,386
逗我,386
哪有,386
你永遠,386
特雷,386
蘑菇,386
事后,385
危機,385
甜点,385
孤身一人,385
自首,385
病房,385
行程,385
雷蒙,385
設備,385
有毒,385
而战,385
真美,385
睡得,385
妨碍,385
背包,385
大使馆,385
分别,385
一辆车,385
德尔,384
警戒,384
琳达,384
傻事,384
修改,384
虫子,384
亮,384
狽,384
盛大,384
阿拉斯加,384
施,384
缠,384
那會,384
振作,384
无关紧要,384
台词,384
揩,384
农民,384
太漂亮,384
游艇,384
一點點,384
优势,384
民众,384
复制,384
边上,383
糊涂,383
毀滅,383
馅饼,383
時機,383
罗素,383
只用,383
马库斯,383
那條,383
抖,383
好喝,383
饶,383
几小时,383
车库,382
移動,382
克雷,382
的頭,382
她現,382
逃出去,382
尔斯,382
到手,382
获取,382
不光,382
说错,382
四点,382
不快,382
古巴,382
大忙,382
动静,382
雪莉,382
天黑,381
지,381
草莓,381
一切正常,381
指责,381
고,381
賽,381
那张,381
地區,381
遭,381
七个,381
好運,381
额外,381
隊伍,381
无视,381
持,381
真够,381
达尔,381
喜,381
珇,381
挤,380
联调,380
看不出来,380
追上,380
手腕,380
坚信,380
許他,380
力克斯,380
尼科,380
騎,380
症,380
牌子,380
每件事,380
怎么弄,380
拘留,380
唷,380
形状,380
英語,380
大厦,380
萬歲,380
毛衣,379
买点,379
下一個,379
占领,379
那座,379
戒,379
傳統,379
兩人,379
雷德,379
熬,379
下個,379
办事,379
伊莎贝尔,379
那事,379
戴森,379
卡通,379
最有,378
戴維斯,378
暑假,378
一聲,378
漢,378
软件,378
奥斯汀,378
过分,378
女仆,378
弹药,378
列车,378
는,378
菠,378
菲特,378
所能,378
困境,378
枕头,378
王位,378
闪,378
事兒,377
拘捕,377
诧,377
死后,377
胆小鬼,377
好日子,377
远远,377
不在意,377
加里,377
边界,377
教訓,377
解救,377
专注,377
晕,377
男爵,377
银河系,377
恶作剧,377
罵,377
作证,376
心底,376
強大,376
侵犯,376
轉過,376
笼子,376
铁,376
用來,376
獗,376
悲哀,376
刷,376
台上,375
命中注定,375
老爷,375
容忍,375
再也不能,375
博客,375
快给我,375
八点,375
四分,375
维斯,375
游客,375
奪,375
纪录,375
借用,375
高速,375
發射,375
沙子,375
誤會,375
吓死,375
招募,374
谣言,374
美分,374
幸存,374
堕落,374
极限,374
吸收,374
正直,374
工业,374
喷发,374
上台,374
賈,374
巨型,374
喜爱,374
万圣节,373
开发,373
老娘,373
挡住,373
孤獨,373
指揮官,373
看电视,373
矫,373
知情,373
大胆,373
讲述,373
彭,373
米克,373
监禁,373
佈,373
创意,373
泥土,373
英寸,372
草坪,372
购买,372
海莉,372
技能,372
发动机,372
黑客,372
关联,372
這人,372
托德,372
器官,372
抗议,372
堅強,372
单纯,372
特斯,372
特洛伊,371
最多,371
康,371
艾伯特,371
模糊,371
贱,371
账单,371
钟,371
霍莉,371
真话,371
猜测,371
练,371
赞美,371
印,371
金色,371
首都,371
到哪去,371
儀式,370
指着,370
实施,370
挑选,370
传言,370
亲近,370
冷血,370
心思,370
汇报,370
硈,370
争论,370
蜂蜜,370
编,370
玩弄,370
这时候,370
豆子,370
弄出去,370
灰,370
义务,370
引力,370
轮,370
年度,370
服从,370
再谈,370
守护,370
流浪汉,370
昆虫,370
五点,370
没完,370
我出,369
解决问题,369
ぞ,369
没带,369
低调,369
猎人,369
从事,369
理,369
射杀,369
十足,369
利西,369
出院,369
亚洲,369
董事会,369
妄想,368
索爾,368
綼,368
棍子,368
住处,368
很不錯,368
两者,368
目击,368
屏幕,368
寄给,368
莉娅,368
贡献,368
說法,368
国,368
西亚,368
季节,368
玛莎,368
武装,368
过敏,368
游,368
制止,367
发作,367
布丁,367
我哥,367
失落,367
那套,367
另一半,367
给你个,367
苍蝇,367
特定,367
香烟,367
宾馆,367
秪,367
網上,367
踏上,366
一程,366
用到,366
层,366
待遇,366
介入,366
难堪,366
朱,366
原地,366
我過,366
萊,366
听不懂,366
斯塔,366
只不過,366
蠢貨,366
掃,366
一首歌,366
董事,366
一所,366
听不见,366
两杯,366
引导,366
柜子,366
精,365
劳拉,365
米特,365
身子,365
地质学家,365
安吉拉,365
履行,365
一項,365
松鼠,365
國際,365
能干,365
极其,365
誓,365
上下,365
深度,365
卷入,365
页,364
吃點,364
呐,364
麻醉,364
弗洛,364
ヾ,364
別開,364
克特,364
吸引力,364
葛,364
周四,364
ỷ,364
肥,364
效力,364
ㄘ,364
新鮮,364
太酷,364
棒極,364
杰弗里,364
洛伊,364
夏,364
虜,363
掩盖,363
腰,363
决心,363
签署,363
劳蕾尔,363
广播,363
人有,363
少来,363
挺不错,363
花生,363
茉莉,363
格斗,363
遏,363
黄,363
没门,363
甜美,363
群,363
姐,363
五個,363
簽名,363
雅各布,362
走到,362
走私,362
巡逻,362
搬进,362
途中,362
德文,362
末日,362
我會給,362
发挥,362
奖励,362
前夫,362
約會,362
不僅,362
縒,362
早點,362
喝水,362
盖尔,362
本尼,362
集團,362
小弟弟,361
疑问,361
诺曼,361
刹车,361
打造,361
サ,361
身为,361
沃,361
妖,361
点心,361
嚇到,360
岛屿,360
灰色,360
大火,360
之名,360
拦住,360
男士,360
艾丽克丝,360
观看,360
過了,360
甜,360
这栋,360
小伙,360
判决,360
太糟,360
這下,360
解药,360
服用,359
已婚,359
十五,359
藏身,359
马蒂,359
失败者,359
他用,359
碿,359
還不夠,359
催眠,359
詹姆士,359
无限,359
共和,359
秖,359
瘟疫,358
烧死,358
早该,358
ц,358
怪兽,358
处女,358
催,358
四十,358
我付,358
雇用,358
汗,358
先是,358
便士,358
管道,358
蠢事,358
响,358
闯进,358
色,358
百万,358
尊严,358
千,358
斑,358
以免,358
鸡巴,358
畉,358
白宮,358
约翰逊,358
遗忘,358
审问,358
人数,357
缺少,357
遲,357
一时,357
短暂,357
种子,357
最糟,357
掉下来,357
棘手,357
烩,357
狼人,357
炸掉,357
嫌疑犯,357
不用谢,357
摘,357
修复,357
咪,357
团,357
情报局,357
筆,357
洗个,357
距,357
头部,356
违背,356
处置,356
阿拉伯,356
玩完,356
珨,356
乡下,356
抚养,356
山羊,356
贝蒂,356
人心,356
收养,356
双方,356
給了,356
这行,356
ツ,356
雜,356
草地,356
传送,356
栋,356
하,356
第一步,356
办不到,356
上空,356
背着,355
麵,355
蒙,355
旋转,355
冈崎,355
反對,355
隆,355
一组,355
神經,355
操控,355
他俩,355
我读,355
难得,355
彩虹,355
拉屎,355
戴着,355
妥协,355
曝光,355
景象,355
避开,354
癶,354
ホ,354
起立,354
管它,354
有權,354
里昂,354
舉行,354
多好,354
針,354
当着,354
蹲下,354
跪,354
来得及,354
镇子,354
可行,354
斯塔克,354
粘,354
拿给,354
克里夫,354
嚎,353
認出,353
真要,353
杰里米,353
砃,353
有事吗,353
追逐,353
弄死,353
诊所,353
查到,353
立,353
前提,353
陽光,353
活命,353
纯粹,353
无论是,353
祭,353
真让人,353
罗恩,352
开头,352
指紋,352
魔术,352
合適,352
格兰特,352
口信,352
擺,352
心想,352
跳下去,352
星期四,352
基督徒,352
放大,352
探望,352
幾點,352
菌,352
淮,352
米尔,351
询问,351
好受,351
不满,351
私事,351
别怕,351
派出,351
遗传,351
登陆,351
民族,351
珍妮特,351
图像,351
劳伦,351
娥,351
科學家,351
着急,351
洛根,351
原子,351
往前走,351
冰冷,351
能比,351
慢點,351
质量,350
大約,350
オ,350
世界各地,350
里奥,350
更新,350
第七,350
摇摆,350
查普曼,350
罺,350
鳄鱼,350
特纳,350
辛普森,350
哈啰,350
物体,350
撿,350
援助,350
崩,350
指向,350
出差,350
纯洁,350
辭職,350
新泽西,350
小弟,350
代理,349
真的假,349
抽煙,349
不算什么,349
還說,349
琼,349
將來,349
别傻了,349
它會,349
冲浪,349
問,349
特拉,349
當成,349
反击,349
手铐,349
扇门,349
掉下去,349
一大笔钱,349
市長,349
老太太,349
大西洋,349
立场,349
责怪,349
別想,349
三点,349
げ,349
野餐,348
瑞安,348
迷,348
界,348
幾次,348
往往,348
喲,348
嫌,348
测量,348
视线,348
競選,348
다,348
乐团,348
体重,348
同學,348
抽屉,348
抓緊,348
设计师,348
贪婪,347
剧,347
當他,347
好比,347
回合,347
古董,347
车辆,347
过头,347
路程,347
信件,347
그,347
原創,347
这时,347
不惜一切,347
忽然,347
毫米,347
一方,347
第三个,347
氮,347
圈套,346
业务,346
悲惨,346
指导,346
会为,346
水中,346
鹦鹉,346
呦,346
新郎,346
胸口,346
左转,346
第三次,346
溜走,346
荡妇,346
帮派,346
福克斯,346
事是,346
垃圾桶,346
欲,346
好意,346
灭绝,345
团体,345
雜志,345
别处,345
报酬,345
玩家,345
摄影,345
庆幸,345
局長,345
首领,345
港,345
切特,345
馋,345
鑒,345
我見過,344
監控,344
别吵,344
恩斯,344
格蕾丝,344
头盔,344
風格,344
道别,344
並且,344
过会,344
犹豫,344
拿掉,344
装满,344
传达,344
这么晚,344
能耐,344
排队,344
政客,343
伊桑,343
太空船,343
全國,343
久等,343
向上,343
之處,343
万物,343
同行,343
分心,343
願,343
窗口,343
舞者,343
造就,343
处在,342
丢人,342
小便,342
珀西,342
议会,342
类,342
沉重,342
當初,342
伯爵夫人,342
改善,342
偷看,342
視頻,342
相處,342
野心,342
香,342
十点,342
更是,342
間諜,342
德语,342
迟早,342
能带,342
奉献,342
小东西,341
沒時間,341
冰毒,341
很会,341
货物,341
得逞,341
當地,341
高贵,341
出血,341
結局,341
胃,341
繺,341
绿,341
紇,341
說服,341
一层,341
教士,341
草原,341
教室,341
肯特,341
录,340
蜜月,340
花園,340
章,340
打理,340
打碎,340
遍,340
客房,340
多钱,340
编辑,340
打猎,340
特征,340
心臟,340
受苦,340
大便,340
桑尼,340
酋长,340
好几年,340
唤醒,340
英,340
釋放,340
說些,340
用餐,340
現金,340
爺爺,339
將軍,339
穩定,339
窒息,339
热狗,339
伊斯,339
往事,339
阿布,339
寬,339
巴比,339
甉,339
大规模,339
再聊,339
裸体,339
膀,339
第一位,339
倾向,339
乱来,339
小組,339
鲜血,339
熔岩,339
秋天,339
我以,339
色彩,339
父,339
掌管,339
沃伦,339
用心,339
找人,339
猁,338
画家,338
古,338
答,338
弯,338
出身,338
炫耀,338
计程车,338
行业,338
早饭,338
散,338
各地,338
希德,338
宝石,338
这段,338
一双,338
入睡,338
碧,338
放出,338
通向,338
刻薄,338
這間,338
二号,338
沮,337
議員,337
克劳,337
积极,337
過的,337
数据库,337
东部,337
透过,337
注,337
三角,337
前所未有,337
构成,337
胶片,337
風子,337
问候,337
健身,337
奖金,336
大众,336
屍體,336
感谢您,336
景色,336
后代,336
赌注,336
雨水,336
传给,336
齐,336
芠,336
天花板,336
盒,336
左邊,336
巨星,336
提名,336
蔓延,335
粒子,335
殺案,335
海豹,335
恶棍,335
打斗,335
细菌,335
布拉,335
先去,334
打听,334
多余,334
嫌疑,334
预言,334
牢,334
吃药,334
此时,334
波斯,334
使者,334
峡谷,334
瑪莎,334
已有,334
开放,334
臸,334
喝啤酒,333
地表,333
米歇尔,333
星期二,333
候选人,333
魁,333
地盤,333
垀,333
极端,333
師,333
发给,333
竟敢,333
娜塔莉,333
陈,333
吞噬,333
卢克,333
窗帘,333
识别,333
還真,333
喬伊,333
破烂,333
艱難,333
偵探,333
義,332
戰場,332
守护者,332
探险,332
愧疚,332
這的,332
狄,332
房屋,332
赛道,332
癌,332
换衣服,332
這句,332
寶寶,332
真对不起,332
犀牛,332
应对,332
隔离,332
搞不好,332
适当,332
悲痛,332
丧命,331
举起,331
光荣,331
單獨,331
两张,331
帮帮忙,331
阴道,331
艶,331
弗蘭,331
小宝贝,331
呜,331
那本书,331
爸媽,331
深夜,331
一代,331
小鎮,331
凶器,331
指定,331
牙医,330
左手,330
动身,330
军,330
確信,330
尘土,330
好久不见,330
进屋,330
南非,330
电视台,330
起初,330
泰斯,330
怪不得,330
去向,330
哪天,329
梅林达,329
梦里,329
逃亡,329
这间,329
太过分,329
面子,329
琘,329
缉毒,329
前男友,329
明顯,329
继续前进,329
宿舍,329
野蠻,329
料,329
ㄨ,329
認真,329
保持沉默,329
ヰ,329
替代,329
柏,329
过于,329
长期,329
英格蘭,329
看清楚,328
着手,328
乱七八糟,328
説,328
伤疤,328
乐观,328
喇叭,328
教师,328
下水道,328
体型,328
犯错,328
沒能,328
废,328
服务生,328
挖出,328
棉花,328
藝術家,328
马戏团,327
眶,327
监制,327
法語,327
转变,327
宽,327
打印,327
思维,327
客,327
云,327
鎮上,327
吊死,327
褐,327
關掉,327
不喜歡,327
打斷,327
猜想,327
冲突,327
我為,327
及其,327
警署,327
米娅,327
那样的话,327
加班,327
该是,327
紧急情况,327
崩潰,327
决不,327
操纵,326
通电话,326
难看,326
旅,326
并不知道,326
華,326
語言,326
天知道,326
話題,326
我累,326
斯巴达,326
现身,326
弘,326
尷尬,326
沃德,326
套房,326
攝,326
要钱,326
不用说,326
露面,326
花费,325
敞开,325
抄,325
臭小子,325
此次,325
救人,325
第六,325
康复,325
培根,325
人体,325
太远,325
出去玩,325
粂,325
真糟糕,325
土耳其,324
终止,324
兼,324
俄国人,324
咆哮,324
裁判,324
庞大,324
可比,324
哈哈哈,324
證實,324
安定,324
往后,324
辣,324
冰块,324
线路,324
巴克利,324
一員,324
謀殺,324
痛快,324
爱过,324
冷漠,324
宝贵,323
荷兰,323
这倒,323
凯伦,323
炮,323
多数,323
垫,323
賣給,323
甚麼,323
树木,323
角,323
失业,323
仇,323
这真,323
侈,323
凱文,323
有幸,322
情侣,322
漫画,322
黛西,322
师傅,322
辆车,322
屈服,322
鬼混,322
梯子,322
开关,322
几时,322
可别,322
告,322
提及,322
瑪,322
從現,322
理論,322
沒人能,322
一站,322
你行,322
費,322
毒贩,322
竲,322
演講,322
终极,322
羪,321
甃,321
轉移,321
不干,321
荐,321
謝地,321
推测,321
逛,321
勸,321
脱衣舞,321
无情,321
安德森,321
梦见,321
潜艇,321
籜,321
墨西哥人,321
随后,321
崔,321
饥饿,321
狹,321
蜥蜴,321
那太,321
歐,321
输入,321
掩護,321
射手,321
说得好,320
欣賞,320
说句话,320
一頓,320
鄧肯,320
斯通,320
穆斯林,320
職責,320
丑闻,320
謝天,320
養,320
病情,320
六点,320
大腿,320
舞伴,320
我救,320
中学,320
出场,320
幸會,320
汉娜,320
刁,320
列,320
当晚,320
囉,320
化石,319
芥,319
郵件,319
一级,319
回報,319
意大利人,319
逃出来,319
当真,319
北极,319
谎,319
懦弱,319
這片,319
那本,319
簡,319
澳大利亚,319
图片,319
當心,319
代码,319
扭,319
人造,319
斯图尔特,319
不一樣,319
道格拉斯,318
布兰,318
持續,318
除此之外,318
鸭子,318
采訪,318
精英,318
挣,318
坚果,318
藍,318
商品,318
加密,318
啰,318
假設,318
表弟,318
查莉,317
路边,317
遇害,317
詹森,317
大家伙,317
朱利安,317
烫,317
綠色,317
信不信,317
門,317
初次,317
娘娘腔,317
改成,317
可要,317
應付,317
雙語,317
据我所知,317
救世主,317
录像带,317
浑身,317
青年,317
不感兴趣,317
数到,317
立马,316
觀察,316
巴顿,316
臥室,316
举动,316
阻挡,316
强盗,316
隨著,316
吓唬,316
失效,316
甧,316
芯片,316
欢迎光临,316
头绪,316
泰,316
返,316
一票,316
致,316
酱,316
歌声,316
放進,316
才华,316
公牛,316
此人,316
新世界,316
儘,315
珍珠,315
拨,315
颗,315
意大利语,315
主持人,315
担任,315
巡演,315
管好,315
當我們,315
万美金,315
团子,315
收起,315
外交,315
獨立,315
节日,315
就别,315
提取,315
稳住,314
分配,314
爆米花,314
呼唤,314
真遗憾,314
死因,314
核弹,314
患,314
狩猎,314
时空,314
桑,314
自尊,314
到家,314
思念,314
善于,314
容,314
妹子,314
惊奇,314
片段,314
底部,314
念头,314
以至于,314
内衣,314
我放,314
无罪,314
不怪,314
彩排,314
卡洛琳,314
吾,314
適應,313
擁抱,313
情愿,313
焦虑,313
鼓掌,313
吸烟,313
方位,313
俄语,313
茱莉亚,313
计算机,313
合格,313
板块,313
各就各位,313
伍迪,313
所作,313
杰斯,313
蚂蚁,313
感人,313
牵扯,313
高跟鞋,313
巨,313
導演,313
星期三,313
枪击,313
穿梭,313
囚禁,313
设置,312
推进,312
钞票,312
學家,312
隐形,312
火辣,312
心靈,312
巖,312
經理,312
東,312
俄國,312
宙斯,312
裡面,312
老哥,312
七点,312
印第安,312
负责人,312
冰激凌,312
狐狸,312
悄悄,311
一早,311
機構,311
還有別,311
处决,311
认罪,311
纠缠,311
枪支,311
漏洞,311
很樂意,311
殖民地,311
調,311
王牌,311
不接,311
不受,311
赋予,311
聯盟,311
具體,311
连环,310
旅客,310
恰好,310
肚,310
菲斯,310
辛,310
熱情,310
驾,310
德军,310
一切顺利,310
星际,310
遇見,310
场合,310
絤,310
借過,310
發明,310
粉碎,310
有钱人,310
三百,310
生前,310
場,310
气候,310
红酒,309
臟,309
勾引,309
宁可,309
窗,309
必,309
看一看,309
偶像,309
很帅,309
弄出来,309
哪來,309
艺术品,309
运转,309
样,309
赞同,309
内尔,309
试镜,309
赽,309
年紀,309
新奥尔良,308
耙,308
蟑螂,308
从而,308
愛他,308
半年,308
部門,308
守住,308
驾照,308
雷诺,308
天主教,308
古代,308
真人,308
岩浆,308
去取,308
步行,308
耞,308
瘾君子,308
别太,308
搬出去,308
吊,308
步枪,308
三号,308
符号,308
警報,308
舦,308
科克,308
區域,308
血统,307
望远镜,307
大老远,307
艾莉,307
鉴定,307
玩游戏,307
罪孽,307
设定,307
大会,307
尝,307
并未,307
會來,307
吉利,307
承,307
响子,307
食,307
周三,307
我教,307
锁上,307
妹,307
雷达,307
奋斗,307
战机,307
战术,307
气球,307
零件,307
本杰明,307
海浪,307
每天晚上,307
三分,307
牢里,307
不知情,306
这要,306
淑女,306
高級,306
当局,306
沒想過,306
臮,306
送走,306
模样,306
快点儿,306
最低,306
風險,306
潘,306
部位,306
兰迪,306
那首歌,306
罐子,306
马桶,306
太過,306
吻合,306
维克,306
脑海,306
昨日,306
擠,306
玛吉,306
祅,305
皇冠,305
機密,305
通信,305
瑜伽,305
常见,305
響子,305
忠,305
备用,305
起訴,305
妓院,305
犯法,305
鸟类,305
時期,305
演示,305
姑妈,305
開口,305
水流,304
暴徒,304
佰,304
按住,304
上來,304
起源,304
菊花,304
来接,304
子女,304
乘坐,304
晃,304
自大,304
定义,304
欺騙,304
大战,304
猫咪,304
潜入,304
马龙,304
鉴于,304
泥,304
艾里,304
心爱,304
下士,304
塔斯,304
淡定,304
探,304
上樓,304
皮膚,304
禜,303
激光,303
柯林斯,303
马力,303
篊,303
激活,303
生命危险,303
尼娜,303
滴,303
觉,303
女孩儿,303
获胜,303
保释,303
善,303
误解,303
安装,303
电,303
清洁,303
一筆,303
自已,303
这招,303
坚定,302
簙,302
海军陆战队,302
趴在,302
平凡,302
鋪,302
办到,302
摩尔,302
詛咒,302
合唱,302
這項,302
照料,302
机票,302
瞏,302
联合国,302
九点,302
乔丹,302
海灘,302
医师,302
定罪,302
水晶,301
侏儒,301
清空,301
交換,301
好點,301
内森,301
打出,301
我絕,301
但丁,301
野人,301
可汗,301
志愿者,301
排练,301
加油站,301
此外,301
哪去,301
变种,301
射中,301
幾句,301
东,301
本质,301
好大,300
谈到,300
预算,300
涂,300
住所,300
水下,300
五天,300
伊麗莎白,300
尿布,300
福利,300
可言,300
心事,300
一頭,300
结尾,300
活人,300
脚印,300
骸,300
音乐会,300
渦輪,300
悬崖,300
要用,300
一栋,299
发现自己,299
废弃,299
工作人员,299
最坏,299
某处,299
调情,299
閣下,299
国外,299
编剧,299
阁楼,299
大餐,299
飓风,299
殘忍,299
不放,299
臀部,299
嚼,299
我建議,299
乐,299
火柴,299
碰撞,299
礹,299
伊万,299
奻,299
爱上你,299
暴躁,299
贴心,298
活生生,298
激怒,298
飛行員,298
大笑,298
導致,298
人犯,298
打擊,298
紳士,298
醒过来,298
相關,298
確是,298
第一名,298
一日,298
尽全力,298
瑞奇,298
坐标,298
提交,298
沒想,298
体,298
地质,298
记着,298
理性,298
医学,298
吉尔,297
腀,297
祘,297
归来,297
换成,297
上膛,297
丫,297
诶,297
会合,297
不動,297
邓,297
配不上,297
发送,297
兒童,297
周年,297
粉,297
开战,297
分辨,297
找寻,297
别墅,296
保,296
晾,296
襯衫,296
立正,296
先到,296
標準,296
揭露,296
那幅,296
雪橇,296
纸条,296
瑀,296
授予,296
咪咪,296
痛恨,296
야,296
發動,296
日出,296
请客,296
从未见过,296
网,296
空军,296
鲸鱼,296
集中精力,296
塞进,296
袋,296
太重,296
库珀,296
狂野,296
航线,295
两倍,295
预定,295
癚,295
资助,295
回應,295
独自一人,295
有天,295
野外,295
子民,295
亲眼,295
醫療,295
演唱会,295
菲利克斯,295
口供,295
圣人,295
面部,295
夜店,295
阿德,295
值钱,295
薩姆,295
駕駛,295
脚趾,295
遜,294
箱,294
危害,294
亚历克斯,294
总共,294
时针,294
治,294
凉,294
我开,294
問過,294
不至于,294
太高兴,294
消滅,294
表妹,294
交朋友,294
帅,294
談判,294
光临,294
十六岁,294
茲,294
三十年,294
纠结,294
愛人,294
小混蛋,294
钢铁,293
新來,293
太高,293
扇,293
小屁孩,293
一口气,293
選舉,293
眼鏡,293
真令人,293
有種,293
诸神,293
推出,293
瑍,293
检验,293
應得,293
从中,293
阿斯,293
人質,293
男子汉,293
别来,293
这本,293
賽車,293
羞耻,293
最先,292
信徒,292
酸奶,292
别问,292
種族,292
窩,292
发言,292
勉强,292
必需,292
漫步,292
忠告,292
公,292
敖,292
盐,292
教徒,292
压,292
珩,292
單身,292
扮,292
珊瑚,292
护送,291
充足,291
加点,291
我答,291
不著,291
美景,291
佩里,291
區別,291
性生活,291
携带,291
消遣,291
门外,291
领养,291
瞦,291
展览,291
那片,291
摸摸,291
隱瞞,291
不下,291
禬,291
终身,290
明亮,290
战役,290
不已,290
范圍,290
奥巴马,290
坠落,290
薯条,290
打到,290
隱藏,290
分成,290
社區,290
僅僅,290
咱倆,290
好樣,290
此案,290
右转,290
帮手,290
传来,290
一班,290
兀自,290
洸,290
公開,289
轻,289
野生,289
不难,289
生于,289
俄羅斯,289
總部,289
张开,289
快滚,289
呈,289
布什,289
认可,289
走過,289
作案,289
拉格,289
親,289
族,289
相对,289
压根,289
成天,289
没空,289
置,289
天然,289
安妮塔,289
好多年,289
木偶,289
小岛,289
聋,289
占据,289
等着瞧,289
我犯,289
诉讼,289
助,289
拿些,288
消防,288
创伤,288
下毒,288
節,288
特意,288
內褲,288
证件,288
竚,288
裝備,288
安置,288
收音机,288
不妥,288
雜種,288
十一,288
咳嗽,288
外国,288
竡,288
妖怪,288
海外,288
盔甲,287
恐吓,287
火花,287
教會,287
听从,287
得救,287
扔进,287
希拉,287
尾,287
痴,287
分裂,287
別告訴,287
任命,287
拉姆,287
三分钟,287
邓肯,287
衣柜,287
湿,287
走運,287
呆子,287
抢走,287
增长,287
天性,287
友情,286
仗,286
畫,286
去掉,286
財富,286
之战,286
画画,286
半小時,286
回避,286
弧杠,286
姨妈,286
安全感,286
脱身,286
前线,286
琿,286
菜鸟,286
菜单,286
니,286
哀悼,286
出示,286
幹嘛,286
两样,285
存,285
迪伦,285
克罗,285
主任,285
无知,285
一事,285
收留,285
老頭,285
評論,285
踹,285
锻炼,285
帶上,285
这比,285
咧,285
头疼,285
模拟,284
我带,284
去給,284
喜剧,284
爱好,284
预计,284
一出,284
街頭,284
粉红,284
脉搏,284
屠夫,284
足,284
一刀,284
登机,284
体育,284
要紧,284
波士,284
写给,284
奖学金,284
厌恶,284
哩,284
溫柔,284
梅兰,284
里根,284
光线,284
外星,284
皇上,284
克里斯蒂,284
肉体,284
播出,284
艾丽,284
我成,283
兇,283
阻止不了,283
寵物,283
晚點,283
赦免,283
交叉,283
斯蒂夫,283
挽回,283
砍掉,283
頭腦,283
看穿,283
下場,283
克兰,283
犯傻,283
表格,283
震撼,283
航向,283
耻辱,283
亚斯,283
團子,283
解,283
劇本,283
國,283
太慢,283
看书,283
亿年,283
发觉,283
小路,282
领地,282
伊莱,282
大伙儿,282
窝,282
沉浸,282
专栏,282
報導,282
惩,282
不妨,282
冷酷,282
当天,282
我活,282
亨,282
纽约市,282
告密,282
辣妹,282
屋頂,282
光臨,282
梅尔,282
闪开,282
马科斯,282
外人,282
每日,282
调查局,282
夥計們,281
自以为是,281
ψ,281
傣,281
沧,281
开走,281
黑田,281
當中,281
见过面,281
男女,281
精确,281
使劲,281
別緊,281
琎,281
发起,281
再会,281
地道,281
那輛,281
前科,281
齊,281
咒,281
栏,281
谎话,281
挑剔,281
引诱,281
转转,281
有助于,281
瞅,281
相聚一刻,280
弄清,280
叛军,280
恶劣,280
很明顯,280
出价,280
船只,280
关在,280
有家,280
传播,280
春原,280
盖瑞,280
不足以,280
様,280
那栋,280
紀念,280
光是,280
痊愈,280
还行,280
烤肉,280
ㄣ,280
睹,280
迟早会,280
上衣,280
这幅,280
堵住,279
ロ,279
平靜,279
必然,279
簿,279
安吉,279
时会,279
奔跑,279
爱因斯坦,279
愛麗絲,279
廉价,279
团结,279
夸奖,279
講,279
這我,279
身份证,279
制裁,279
三倍,279
洪水,279
媚,279
砫,279
讯号,279
出海,279
右邊,278
别以为,278
会带,278
震,278
大臣,278
很累,278
觀點,278
反应堆,278
递给,278
恨死,278
吞,278
胔,278
芭比,278
车厢,278
琛,278
好转,278
試,278
下载,278
孤儿,278
头痛,278
夹克,278
玥,278
以防万一,278
先知,278
爱河,278
健身房,278
决斗,278
轻轻,278
房客,278
頭上,277
颤抖,277
致死,277
维拉,277
带回家,277
祝您,277
绊,277
应当,277
夏季,277
送死,277
敵,277
架飞机,277
几岁,277
打住,277
博物,277
出动,277
从现在起,277
演戏,277
陈沸,277
英國人,277
拖延,277
逛逛,277
覺,277
两条,277
好久没,277
亲热,277
埋伏,277
關於,276
无人机,276
絞,276
机长,276
兄弟会,276
上方,276
佩服,276
布鲁克,276
心愿,276
有份,276
国内,276
胜过,276
伯纳德,276
追随,276
稱呼,276
龙虾,276
发火,275
规模,275
诱饵,275
举起手来,275
覂,275
彼特,275
刺杀,275
卫生间,275
全靠,275
性交,275
奈德,275
入侵者,275
记下,275
时速,275
反映,275
比不上,275
整,275
韋恩,275
停火,275
路克,275
险,275
好棒,275
君子,275
水源,275
接電話,275
察觉,275
四處,275
圣誕節,275
開著,275
肺,274
外界,274
化妆,274
拍卖,274
哥伦比亚,274
三人,274
被害,274
獸,274
經死,274
赞,274
打電話給,274
先来,274
埃文,274
圈圈,274
在場,274
镇定,274
行踪,274
供应,274
這可,274
明信片,274
之神,274
む,273
相当于,273
奶昔,273
徽章,273
忌,273
掩饰,273
漢克,273
冒昧,273
內部,273
帐,273
護士,273
歌词,273
入住,273
真像,273
引用,273
吃醋,273
更衣室,273
個小時,273
步,273
伯尼,273
女主人,273
弱,273
一扇,273
极,273
忽视,273
飽,272
爪子,272
管制,272
腐烂,272
生日礼物,272
结,272
罕见,272
這部,272
你剛,272
勋章,272
鯊魚,272
不怎么样,272
偷来,272
鮑比,272
很晚,272
窟,272
贿赂,272
回顾,272
和谐,272
요,272
住院,272
枪手,272
军方,272
贝卡,272
沒來,272
电力,272
拳头,272
蘋果,272
旅店,272
会上,271
莫伊,271
縬,271
榮耀,271
难题,271
神话,271
脚步,271
別鬧,271
真能,271
情景,271
买个,271
露,271
吉伯,271
奈特,271
繩子,271
我愿,271
逃生,270
葬禮,270
刺客,270
选中,270
狐,270
財產,270
高尔夫,270
债务,270
打劫,270
放過,270
无需,270
德利,270
草草,270
那间,270
划,270
躲藏,270
莫里斯,270
對面,270
雷斯,269
賊,269
資金,269
流放,269
膠片,269
找份,269
想必,269
就象,269
癠,269
本案,269
這一,269
史蒂文,269
怎样才能,269
出狱,269
眼下,269
住口,269
潜意识,269
平均,269
勾搭,269
患有,269
无趣,269
好球,269
追寻,269
仪器,269
再见面,269
軍人,269
经,269
卡姆,269
八神,269
堕,269
落到,269
大樓,269
会到,268
顧問,268
她們,268
太早,268
窱,268
忘不了,268
桃子,268
數,268
闪耀,268
經有,268
安全局,268
犬,268
達成,268
基督教,268
渣,268
默,268
趕到,268
艾尔,268
歇,268
那得,268
辩论,268
长相,268
融合,268
沼泽,268
孤單,268
條,268
驱逐,268
心扉,268
建筑师,268
想象力,268
付款,268
神明,268
飛船,268
光彩,268
买家,268
受够,268
伴随,268
緄,267
粗鲁,267
噩夢,267
通話,267
想問,267
豪华,267
将近,267
河边,267
示范,267
延伸,267
已知,267
装修,267
行走,267
槽,267
這兩個,267
預約,267
阿卡,267
后座,267
馆,267
私奔,266
巴恩斯,266
釘,266
屁话,266
ㄐ,266
捣乱,266
佛羅里,266
恶意,266
求助,266
转过身,266
佐伊,266
脸色,266
遵循,266
全美,266
玛格丽特,266
另一只,266
維克,266
心知肚明,266
哈珀,266
共享,266
勒死,266
决赛,266
秒钟,266
三鹰,266
疑惑,266
咨询,266
势力,266
協助,266
亚历山大,265
面罩,265
依赖,265
鸡鸡,265
监督,265
迷信,265
疫苗,265
公事,265
司法部,265
耽误,265
有太多,265
國會,265
職位,265
最早,265
癵,265
那头,265
顶级,265
破裂,265
恩怨,265
雙手,265
拳击,265
璊,265
兜帽,265
鏡頭,264
好痛,264
山洞,264
急救,264
年齡,264
别烦,264
梅森,264
歹徒,264
一队,264
問我,264
冲击,264
屁屁,264
廣播,264
支撑,264
温,264
人命,264
塔拉,264
坠入,264
贝利,264
纪念日,264
快进来,264
忠实,264
莎士比亚,263
強烈,263
能活,263
泡妞,263
盲目,263
下山,263
发光,263
困在,263
捏,263
沉睡,263
劫持,263
抗争,263
意味,263
籇,263
沐浴,263
放走,263
瑞格,263
同居,263
逮住,263
谱,263
制片,263
自称,263
紧紧,263
要來,263
裝置,263
哈尔,263
建筑物,263
外遇,262
布里奇,262
毫無,262
这么回事,262
含有,262
進步,262
我試,262
一类,262
再试一次,262
叶子,262
落入,262
功劳,262
持有,262
對象,262
狂热,262
差一点,262
続,262
臀,262
逝去,262
书房,262
電子,262
梦幻,262
胆量,262
做主,262
院长,262
十字,262
十三,262
未曾,262
推翻,262
打牌,262
补充,262
打发,262
許能,262
这台,262
重返,262
選手,262
福斯特,262
乔纳森,261
ぬ,261
可好,261
娜塔莎,261
將要,261
损坏,261
手镯,261
巴尔,261
거,261
三千,261
礶,261
瞪,261
龙卷风,261
成分,261
一击,261
猌,261
臩,261
里克斯,261
跺,261
生来,261
信用,261
關門,261
汉弗瑞,261
直覺,261
徘徊,261
血管,261
开工,261
偏偏,261
逻辑,261
枪声,261
孤儿院,261
拉丁,261
股份,261
土,261
旋律,261
与此同时,261
笔记,261
蘇格蘭,260
那時候,260
藥物,260
几,260
佛利,260
審團,260
收看,260
穷人,260
鐵,260
救赎,260
畸形,260
理央,260
花花公子,260
科迪,260
這么久,260
絕望,260
乳房,260
血压,260
莱蒙,260
虚弱,260
經營,260
奏效,260
べ,260
量子,260
没干,260
未必,260
傳奇,260
九个,260
打人,260
殺人,259
倾听,259
堡垒,259
基德,259
羡慕,259
猛,259
没命,259
叮,259
億,259
转告,259
重视,259
發瘋,259
調查局,259
原理,259
拖车,259
多远,259
来讲,259
好萊塢,259
骗局,259
十天,259
言语,259
面孔,259
维奇,259
克里斯托弗,259
迈尔斯,259
通行,259
几句话,259
化,259
甮,259
夜总会,259
底,259
嚇壞,259
內森,259
怎会,259
煎熬,259
資格,258
你問,258
设施,258
生育,258
難怪,258
索尼,258
眼睁睁,258
向下,258
飞翔,258
奶牛,258
期盼,258
相伴,258
没戏,258
手持,258
安宁,258
兄弟姐妹,258
劲,258
癮,258
法蘭克,258
黄油,258
踪迹,258
过时,258
说点,258
卡罗尔,258
脏话,258
想不出,258
说来话长,258
老太婆,258
杀光,258
华丽,258
況,258
詹妮弗,258
必定,258
讀過,258
谷歌,258
寡妇,258
平息,258
修正,258
我們還,258
共同点,258
插入,258
条款,258
阻碍,258
卡洛,258
下楼,258
共和国,258
真該,257
赫拉,257
花朵,257
终点,257
鬼子,257
雄性,257
一块儿,257
轰炸,257
童话,257
法则,257
凯利,257
剪刀,257
不太可能,257
媽咪,257
资产,257
装作,257
米兰,257
阅读,257
笿,257
全能,257
這來,257
面試,257
两句,257
维亚,256
后天,256
大大的,256
尘,256
骋,256
付给,256
科西,256
薩,256
邦尼,256
ニ,256
发泄,256
璚,256
一丝,256
裂缝,256
筹码,256
拉莫,256
有件,256
情人节,256
沒別,256
真为,256
維持,256
终,256
生下,256
尖,256
提问,256
一如既往,256
亚特,256
精致,256
精心,256
格利,256
比喻,256
捨,256
擅自,256
目,256
作戰,256
远方,256
频率,255
放学,255
叶,255
忧郁,255
洗衣服,255
进晚餐,255
違反,255
完全正确,255
气色,255
地底,255
壁,255
師父,255
領導,255
表哥,255
仙女,255
出庭,255
顺着,255
縀,255
就夠,255
投诉,255
蘇珊,255
扫,255
餐館,255
维特,255
采用,255
戒酒,255
口径,255
嘍,255
近来,255
十个,254
干酪,254
爺,254
肥皂,254
牧场,254
霍默,254
迪斯尼,254
极大,254
唬,254
博拉,254
狐猴,254
摆平,254
发短信,254
祭司,254
知晓,254
推薦,254
世间,254
凱蒂,254
玩儿,254
拔,254
市区,254
維克多,254
上海,254
会长,254
這群,254
泄漏,254
一有,254
气息,254
圣地,254
扳机,254
安东,253
没得,253
昂贵,253
門口,253
一袋,253
壓制,253
闯,253
領袖,253
假扮,253
书店,253
辰,253
固执,253
多米尼克,253
救護車,253
交配,253
烤箱,253
宇航员,253
款,253
攝影機,253
熟人,253
加强,253
賬戶,253
碰头,253
參觀,253
輕松,253
磕,253
挺住,253
威尼斯,253
挑起,253
阿拉伯人,253
金融,252
錄像,252
唯有,252
会员,252
锋,252
罗尼,252
拉斯维加斯,252
架子,252
照相,252
合并,252
劑,252
腇,252
推销,252
做人,252
滇,252
나,252
射擊,252
注册,252
半天,252
借给,252
爭取,252
漏,252
手脚,252
意,252
猛烈,252
亲亲,252
书上,252
少数,252
个头,252
途径,251
块钱,251
警惕,251
书里,251
始,251
西德尼,251
尋求,251
泰山,251
漂浮,251
收容所,251
一看,251
真爱,251
访客,251
拦截,251
盜,251
預備,251
我見,251
起飛,251
一棵,251
注入,251
渠道,251
王冠,251
地带,251
巫師,251
诺克斯,251
接替,251
绝,251
希塔,251
朝着,251
发音,251
境地,251
天大,250
律,250
畫面,250
素,250
菲威,250
手稿,250
活跃,250
牛津,250
春,250
プ,250
胞胎,250
这颗,250
拉萨,250
這了,250
挖出来,250
肋骨,250
乐园,250
痕跡,250
尔顿,250
运送,250
吹牛,250
俘虏,249
并非如此,249
自動,249
愛德華,249
来杯,249
三鷹,249
髒,249
欣慰,249
水池,249
弗林特,249
派遣,249
告訴過,249
一招,249
匹,249
璉,249
毖,249
額,249
狾,249
幻象,249
抱住,249
原則,249
玻,249
请便,249
人間,249
车手,248
衛星,248
一切都在,248
利润,248
自找,248
不但,248
成長,248
伴郎,248
波西,248
聚在一起,248
征兆,248
唯一一,248
彈,248
一滴,248
太阳系,248
那部,248
显而易见,248
正中,248
多多,248
刘易斯,248
大黑,248
华尔街,248
关进,248
有次,248
柯猫,248
事务所,248
人住,248
要問,248
斯人,248
真诚,248
谈一谈,248
远处,248
德克,248
赔偿,248
罪案,248
身高,247
州長,247
陆军,247
铺,247
差别,247
发行,247
比利时,247
警司,247
消防员,247
篇,247
何方,247
壮观,247
爱着,247
莫名其妙,247
出击,247
加利福尼亚,247
康拉德,247
多重,247
灭亡,247
主宰,247
我當,247
老家,247
会派,247
金字塔,247
開過,247
凯茜,247
腐败,247
伏,247
災難,247
光速,247
看似,247
奥利维亚,247
潜力,247
数目,246
賜,246
罷了,246
监听,246
烦人,246
芭蕾,246
咒語,246
伤人,246
毒蛇,246
乖孩子,246
销毁,246
康纳,246
讯息,246
上将,246
不朽,246
投球,246
租金,246
回电,246
得罪,246
不惜,246
亞當,246
名下,246
類,246
家属,246
美极了,246
四谷,246
工廠,246
參議員,246
玩耍,246
厌烦,246
會不會,246
恺撒,246
爹地,246
強迫,245
布奇,245
有別,245
假发,245
琜,245
該給,245
仔细听,245
腊肠,245
转弯,245
副作用,245
制毒,245
无敌,245
ヒ,245
培养,245
罗比,245
大块头,245
煩惱,245
甘,245
扑克,245
遊戲,245
想都别想,245
通缉,245
打字,245
附身,245
名誉,245
福尔,245
摇,245
造型,245
你將,245
鱼雷,245
一帮,245
忠心,245
把柄,245
匕首,244
贩毒,244
婚前,244
灭,244
失手,244
基拉,244
生理,244
匆忙,244
事务,244
记号,244
电线,244
廢物,244
扯平,244
酒保,244
上場,244
赫,244
推迟,244
黑手,244
无家可归,244
這么大,244
成真,244
當年,244
醒來,244
挚爱,244
掌声,244
期間,244
表達,244
換個,244
泰国,244
茎,244
千萬別,244
繻,244
學院,244
撤销,244
两边,244
簎,244
瑪利亞,244
卫,244
波利,244
太近,243
給你們,243
蒙羞,243
认定,243
意图,243
出错,243
攪,243
庇护,243
别过来,243
零钱,243
校园,243
揭示,243
深爱,243
烟雾,243
难忘,243
注意安全,243
消逝,243
躲开,243
众多,243
他长,243
被关,243
很差,243
網站,243
拉开,243
果酱,243
大炮,243
笔记本,243
一槍,243
担忧,243
瓦尔,243
威特,243
ャ,242
時會,242
保卫,242
拒,242
即刻,242
胸罩,242
奎尔,242
骯臟,242
丧失,242
不關,242
新鲜空气,242
真酷,242
祂,242
大屠杀,242
感知,242
录影带,242
重演,242
判斷,242
是給,242
行李箱,242
球场,242
亚伦,242
辣椒,242
部署,242
不好受,242
前女友,242
大家庭,242
马利,241
掉头,241
不堪,241
实力,241
西雅图,241
撑住,241
宣告,241
升职,241
很感兴趣,241
同情心,241
鎮,241
誠實,241
和解,241
軍團,241
跋,241
语,241
一度,241
霍尔,241
否認,241
遗体,241
多一点,241
地窖,241
牠,241
虚构,241
撕裂,241
支持者,241
法子,241
豆,241
籠,241
那句,241
我过,241
新兵,241
高大,241
繁殖,241
打烊,241
上级,241
真会,240
共舞,240
地雷,240
耶稣基督,240
失礼,240
無能,240
重罪,240
約定,240
大聲,240
给钱,240
没理由,240
布鲁诺,240
溫暖,240
跨越,240
起碼,240
批评,240
打爆,240
上个月,240
是非,240
困,240
饑,240
螃蟹,240
乾,240
亲生,240
驯鹿,240
乌鸦,240
皮尔斯,240
崔斯坦,240
怒火,239
不爱,239
喉嚨,239
聲明,239
发烧,239
在线,239
圭多,239
留住,239
奶,239
韋,239
安眠药,239
埃莉诺,239
贱货,239
国土,239
执照,239
眼熟,239
胜任,239
多点,239
黑猩猩,239
微不足道,239
费城,239
大猩猩,239
缓慢,239
主義者,239
当事人,239
凱莉,239
汉,239
大門,239
奥利,239
開會,239
活下,239
拿手,239
女皇,239
ィ,239
宫殿,239
这周,239
仍旧,239
诡计,239
班机,239
运输,239
小隊,239
活该,239
阿尔法,239
不动,239
把头,239
电源,239
视野,239
注视,239
도,238
弗利,238
雪花,238
得意,238
安德烈,238
中弹,238
国防部,238
继承人,238
完好,238
发了,238
膨胀,238
凱特,238
在座,238
科拉,238
酒馆,238
绝不能,238
再用,238
沃斯,238
迷恋,238
小猫,238
葬,238
集会,238
自便,238
富人,238
午飯,238
撕,238
砯,238
分歧,238
街區,238
阿克,238
回收,238
巴洛,238
澳洲,238
爱尔兰人,238
理念,238
镇静剂,238
不大,238
后裔,238
唐纳,238
拳王,238
產生,238
省省,238
資源,238
别用,238
開個,237
比斯,237
潘妮,237
箇,237
科姆,237
同类,237
可別,237
婆婆,237
迫使,237
怨恨,237
软弱,237
都給,237
血清,237
纽,237
忍耐,237
冒出来,237
赔,237
愚弄,237
保险公司,237
テ,237
弱智,237
占用,237
逃命,237
那帮,237
退役,237
身亡,237
皮包,237
倒塌,237
會面,237
拉特,237
狙击手,237
北美,237
让你在,237
美军,236
查德,236
急需,236
落地,236
万能,236
辛蒂,236
收手,236
赛尔,236
忍,236
帅气,236
听证会,236
摇滚乐,236
海格,236
倒计时,236
哈克,236
阿米,236
廳,236
哪种,236
牧羊人,236
斯诺,236
真面目,236
刻意,236
祝賀,236
离谱,236
特种部队,236
先前,236
缺点,236
度過,236
一百年,236
信箱,236
一盒,236
热闹,236
查明,236
露水,236
蒙娜,236
挪,236
八道,236
杰德,236
切除,236
想給,236
諾曼,236
头顶,236
安德魯,236
麦斯,236
梅格,236
赏金,235
深海,235
切斯特,235
罪人,235
甅,235
瓊斯,235
再生,235
乞丐,235
苦难,235
湖边,235
核武器,235
開除,235
汽车旅馆,235
住址,235
球迷,235
看望,235
围绕,235
一分钱,235
這跟,235
盗窃,235
外加,235
基金会,235
賭場,235
四分之一,235
王國,235
假释,235
尸,235
前台,235
灰灰,235
谢恩,235
格伦,235
赢家,235
平原,235
主義,235
神器,235
流动,235
开场,235
釣魚,235
山顶,235
海星,235
集市,234
网球,234
猎犬,234
赶出去,234
廣場,234
飞往,234
武裝,234
耗子,234
抉择,234
智商,234
羭,234
最为,234
ň,234
這該,234
传染,234
回信,234
強壯,234
碼頭,234
睦,234
中途,234
倉庫,234
钻,234
海盜,234
研究所,234
娘们,234
罗根,234
我下,234
砞,234
成名,234
其次,234
为难,234
衣,234
非常高兴,234
中断,234
小声点,234
斌,234
坐飞机,234
閉口,234
虔诚,234
严厉,234
麦克风,234
朸,234
干完,234
鹅,233
侵蚀,233
点火,233
纞,233
滑板,233
坠毁,233
淘汰,233
贫民区,233
怀抱,233
不带,233
字条,233
叉子,233
画廊,233
控制室,233
认同,233
探長,233
洗洗,233
好手,233
丢失,233
一大早,233
還行,233
束缚,233
特地,233
上网,233
打搅,233
阿伦,233
警衛,233
我常,233
照亮,233
渴,233
柯蒂斯,233
辅,233
雪音,233
手头,233
突袭,232
不屬,232
莱姆,232
大方,232
完工,232
好不容易,232
收买,232
悲劇,232
邻,232
威尔士,232
階段,232
二位,232
顺序,232
裁决,232
厭倦,232
商業,232
啥事,232
很傻,232
况且,232
雇主,232
海湾,232
搜集,232
雇员,232
时髦,232
罗杰斯,232
太遲,232
好家伙,232
層,232
逍遥法外,232
至关重要,232
鐘后,232
继续下去,232
升级,232
腹部,232
国务卿,232
一页,232
宾,232
手提箱,232
日常,232
报答,232
美梦,232
制,232
别理,231
作證,231
搖滾,231
上瘾,231
不可避免,231
艙,231
逼近,231
眨眼,231
屁事,231
不禁,231
好感,231
问得,231
深感,231
劈,231
当面,231
玭,231
嗝,231
耳,231
布鲁,231
东区,231
循环,231
競爭,231
反常,231
科斯,231
根本就是,231
标签,231
闆,231
松手,231
点钟,230
罗密欧,230
轮椅,230
關,230
南茜,230
下星期,230
鼓舞,230
哪边,230
薄荷,230
那為,230
放进去,230
黑手党,230
人为,230
很久很久,230
荒謬,230
知識,230
自制,230
整座,230
火雞,230
周到,230
事事,230
封闭,230
砏,230
漢堡,230
情节,230
困擾,230
尼特,230
灵,230
弟兄们,230
准备就绪,230
淫,230
教导,230
北京,230
莎莉,230
帮上,230
删除,229
倒数,229
尼爾,229
禽兽,229
定下,229
新手,229
含义,229
美国政府,229
座椅,229
高空,229
各个,229
繞,229
貴,229
女演员,229
没变,229
惊慌,229
抓捕,229
剛好,229
富兰克林,229
家里人,229
剃,229
框,229
这艘,229
采取行动,229
人想,229
夜间,229
更为,229
路口,229
残,229
武力,229
서,229
伯恩,229
篴,229
捉住,229
我什麼,229
传递,229
夏娃,229
為力,229
辉煌,228
蒾,228
奶子,228
野獸,228
门锁,228
虽,228
口中,228
硉,228
一款,228
一死,228
娜娜,228
隐蔽,228
金刚,228
孞,228
再過,228
送命,228
上星期,228
辛西娅,228
解剖,228
库,228
塞斯,228
变形,228
巧妙,228
秘書,228
马路,228
帶給,228
图案,228
自责,228
強尼,228
自有,228
待會,228
天主教徒,228
羶,227
部長,227
剌,227
别跑,227
他剛,227
队友,227
海倫,227
視,227
斯特拉,227
村里,227
戴著,227
三位,227
阿爾,227
停車場,227
小熊,227
扮成,227
莱克,227
头骨,227
百老汇,227
中毒,227
警,227
池塘,227
损伤,227
写下,227
爱尔卡,227
盟友,227
迪士尼,227
和尚,227
翅,227
團結,227
彩票,227
人格,227
水上,227
墙壁,227
谜,227
弗莱,227
接住,226
探测,226
报社,226
偏,226
半個,226
待会,226
闪亮,226
荒野,226
此時,226
當作,226
混账,226
僅此,226
休息室,226
司令,226
嚴格,226
托馬斯,226
烂摊子,226
一脚,226
顧客,226
房地产,226
克利夫,226
局势,226
消停,226
磁带,226
不能不,226
扩大,226
快逃,226
不靠,226
元老院,226
我生,226
无尽,226
警徽,226
眉毛,225
去一趟,225
錢給,225
溫,225
重重,225
抢走了,225
娃,225
慢著,225
乱搞,225
展出,225
穿成,225
洋葱,225
紅,225
贝里,225
坐坐,225
北边,225
低头,225
雌性,225
這把,225
振作起来,225
罪惡,225
无助,225
込,225
可信,225
火腿,225
基斯,225
帮到,225
甶,225
幅,225
證,225
埃米,225
汤普森,225
度蜜月,225
树枝,225
好歹,225
佛罗伦萨,225
传到,225
崭新,225
真得,224
运用,224
娘养,224
白兰地,224
约翰尼,224
乔依,224
开来,224
城外,224
小猪,224
上岸,224
ム,224
帕奇,224
暗中,224
野狼,224
全心全意,224
乱跑,224
加快,224
策劃,224
歌迷,224
加倍,224
墨水,224
忍者,224
乡巴佬,224
捐,224
下个月,224
这首,224
阳台,224
本片,224
老式,224
潜在,224
道具,224
福里,224
千萬,224
打起精神,224
一轮,224
阴茎,224
天分,224
密,224
那块,224
榮譽,224
哒,224
抗,223
偏见,223
鹿,223
混混,223
性欲,223
嘉宾,223
毀掉,223
成績,223
乱动,223
前门,223
乌,223
影院,223
手册,223
试一下,223
配方,223
圈子,223
残骸,223
总督,223
大喊大叫,223
赎金,223
第四季,223
无力,223
预期,223
海域,223
最差,223
戒毒,223
搭配,223
离家,223
第一批,223
跳跳虎,223
ぎ,223
弄坏了,222
交到,222
利兹,222
重要性,222
驾驶员,222
布拉格,222
我別,222
百分百,222
盧,222
二等兵,222
首要,222
语气,222
巫术,222
決,222
大兵,222
檢察官,222
压抑,222
每隔,222
毒死,222
发抖,222
买单,222
凡妮,222
出城,222
传闻,222
到场,222
登场,222
群众,222
藷,222
瞎子,222
霍道夫,222
宁静,222
通訊,222
佛莱迪,222
影响力,222
逮,222
孟买,222
群岛,222
刷牙,222
体面,222
中枪,222
礟,222
提過,222
毀了,222
料理,222
認得,222
空降,222
准,222
正当,222
墊,221
轻点,221
丝毫,221
很痛,221
出版社,221
沙發,221
殘酷,221
水泥,221
克雷格,221
来回,221
东方,221
而現,221
中止,221
录取,221
歪,221
录制,221
源自,221
拍到,221
诺斯,221
眒,221
全力以赴,221
給他們,221
千米,221
凱爾,221
牙刷,221
從頭,221
燙,221
試驗,221
舍,221
答复,221
银河,221
乐器,221
尚,221
普羅,221
死活,221
發表,221
奥兹,221
來給,221
Ｂ,220
冷水,220
最偉大,220
當然會,220
坨,220
凍,220
快活,220
那笔,220
走着瞧,220
华,220
布鲁姆,220
活得,220
夜斗,220
孤立,220
富翁,220
一路上,220
为荣,220
餐桌,220
凡事,220
窗子,220
魔术师,220
房车,220
照着,220
扔出去,220
盖伊,220
忙碌,220
軍事,220
我的車,220
意念,220
禱告,220
分局,220
聆听,220
生日派对,220
效勞,220
騷擾,219
些小,219
凱茜,219
拉瑞,219
艾薇,219
胡闹,219
勛,219
波斯基,219
差事,219
關在,219
单子,219
担保,219
拜訪,219
問他,219
单词,219
臫,219
一箱,219
舞步,219
无权,219
老伙计,219
過夜,219
流逝,219
偷东西,219
诱人,219
無選擇,219
资本主义,219
飲料,219
弗吉尼亚,219
小天狼星,219
淹没,219
街角,219
任由,219
维修,219
签约,219
弗里,219
城镇,219
保全,219
濕,219
赛门,219
规律,219
一英里,219
口水,219
种类,218
火车站,218
观赏,218
丹佛,218
麦特,218
生效,218
哪種,218
认输,218
控制中心,218
诗歌,218
暫停,218
降臨,218
逃離,218
提案,218
提根,218
部下,218
战舰,218
特权,218
手工,218
最愛的,218
剥夺,218
羙,218
廠,218
笑声,218
地壳,218
渺小,218
文学,218
艾文,218
海啸,218
德曼,218
心头,218
參與,218
香檳,217
針對,217
遍布,217
海面,217
戴安,217
一文不值,217
举止,217
动画,217
霍金斯,217
ё,217
玙,217
萨尔,217
尤里,217
金山,217
塑造,217
歇斯底里,217
ぁ,217
围着,217
綠,217
揭,217
款待,217
奴役,217
幫個,217
能用,217
常有,217
這樣子,217
警车,217
亞特,217
發生過,217
全城,217
那台,217
安金,217
倾诉,217
此处,217
找死,217
課程,217
人头,217
第三季,217
板球,217
高山,217
攝影師,217
采集,217
服侍,216
上钩,216
手榴弹,216
電,216
防,216
露营,216
诊断,216
盡情,216
克隆,216
公眾,216
狂歡,216
想些,216
南美,216
ぷ,216
给出,216
千年,216
闭口无言,216
累死,216
單位,216
父王,216
包装,216
门前,216
吧台,216
面对现实,216
了如指掌,216
凱倫,216
骨頭,216
罖,216
碝,216
抵押,216
抬头,216
抑制,216
踢球,216
点半,216
卡西,216
信托,216
別看,216
离家出走,216
老媽,215
不变,215
电击,215
虚伪,215
經是,215
烧毁,215
耽搁,215
冲着,215
莱斯特,215
随心所欲,215
超棒,215
說來,215
四月,215
会计,215
捕捉,215
含,215
廚師,215
게,215
手淫,215
褲,215
豪斯,215
日志,215
狀,215
搬到,215
兩周,215
不全是,215
打手,215
芭,215
松开,215
几张,215
深渊,215
几位,215
缩小,215
快感,215
孔,215
滚出,215
耳环,214
丽,214
分娩,214
破事,214
大爷,214
侦查,214
風暴,214
证物,214
畏惧,214
进城,214
温蒂,214
魔杖,214
办案,214
早起,214
顽固,214
布莱顿,214
迪倫,214
的确如此,214
但别,214
流言,214
结了婚,214
頻道,214
神像,214
贸易,214
取回,214
毒气,214
充斥,214
１,214
南边,214
前去,214
攝像機,214
佐,214
歡樂,214
留个,214
游荡,214
瓦斯,214
谈恋爱,214
权限,214
隊員,214
无疑,214
負擔,214
无法忍受,214
俄亥俄州,214
幾小時,214
耀眼,214
城墙,213
看不清,213
侵略,213
遮住,213
吉普,213
温馨,213
一號,213
视为,213
太紧,213
哈桑,213
澄清,213
骨,213
点事,213
银,213
並,213
車禍,213
發揮,213
鲁迪,213
多利,213
洗衣,213
时不时,213
潮流,213
那艘,213
亚特兰大,213
心血,213
纳黛特,213
名牌,213
亚伯拉罕,213
邁阿密,213
朵,213
迷茫,213
价,213
服务器,213
至极,213
深影,213
向来,213
解開,213
真没想到,213
维杰,213
二氧化碳,213
克勒斯,213
十四,212
真嗣,212
值班,212
偷窃,212
百姓,212
琳賽,212
補償,212
卡罗,212
專門,212
胆子,212
峨,212
小妹妹,212
乏味,212
曲棍球,212
罐,212
所欲,212
演习,212
璽,212
凱西,212
艾瑪,212
不會來,212
机关,212
说说话,212
瞄,212
價格,212
告发,212
不顾,212
事上,212
貝利,212
刻,212
亲眼看到,212
权威,212
丧生,212
顶尖,212
工会,212
帝國,212
抵達,212
兽医,212
染上,212
吨,212
下方,212
果子,212
領先,212
處境,211
０,211
登記,211
爱我吗,211
相片,211
搏斗,211
免受,211
赛马,211
飲,211
王室,211
琢磨,211
坎,211
像样,211
心理学,211
苏丹,211
疗法,211
缝,211
原型,211
佩姬,211
务必,211
小菜一碟,211
聯合,211
奖杯,211
黑白,211
空虚,211
一瞬间,211
通行证,211
处死,211
焦点,211
地去,211
闽玒,211
鋼琴,211
克制,211
服刑,211
升高,211
一包,211
貴族,211
普利,211
坚决,210
雨果,210
控制不了,210
强调,210
晒,210
刺青,210
罪过,210
房东,210
来点,210
隨意,210
瘫痪,210
破案,210
窃听器,210
酒杯,210
油漆,210
怜悯,210
职业生涯,210
头条,210
乞求,210
补给,210
違,210
源于,210
提早,210
凶,210
昏暗,210
我管,210
参赛,210
空调,210
大好,210
希拉里,210
契,210
粗,210
罗德,210
太郎,210
安德,210
親手,210
快過,210
尼克斯,210
靠边,210
只得,210
下雪,210
兰德,210
出入,210
决不会,210
鞠躬,210
泡泡,210
幻影,210
财宝,210
埃文斯,210
台阶,210
瞞,210
微小,210
背心,210
饥渴,210
臥底,210
金波,210
幾周,209
普拉,209
更改,209
豪鬼,209
障礙,209
改编,209
吃光,209
起步,209
小伙伴,209
韦,209
當個,209
他還,209
人選,209
听得见,209
小天使,209
撥,209
减轻,209
马可,209
沮喪,209
野生动物,209
此时此刻,209
親密,209
当个,209
罗拉,209
宣判,209
安然,209
我贏,209
糗,209
无效,209
我頭,209
有话要说,209
리,209
霍格,209
贝壳,209
未成年,209
淘气,209
煎,209
你贏,209
樂團,209
形势,209
杨,209
樓梯,208
拍电影,208
乔希,208
某种程度,208
货币,208
埃德蒙,208
实习,208
盾牌,208
塔利班,208
环球,208
炸死,208
持枪,208
等级,208
涅,208
波波,208
産,208
揭开,208
团伙,208
越是,208
趕上,208
未经,208
禮貌,208
刚刚开始,208
资讯,208
哈羅,208
午安,208
住宅,208
鉤,208
粗暴,208
咖啡店,208
案例,208
之情,208
阀,208
维京,208
杂货店,208
脫掉,208
结实,208
包包,208
软,208
玛丽亚,208
带有,208
屠殺,208
比基尼,208
這能,208
窃听,208
克利,208
神殿,208
看点,207
微弱,207
猎杀,207
后台,207
捧,207
亚当斯,207
阿根廷,207
二十分钟,207
制药,207
違法,207
保持联系,207
沒辦法,207
发电机,207
上床睡觉,207
領帶,207
辯護,207
本意,207
癖,207
行驶,207
整夜,207
某天,207
史莱克,207
葡萄牙,207
傑克,207
学者,207
那根,207
爆破,207
亚伯,207
寄生虫,207
一陣子,207
象是,207
优先,207
探测器,207
温和,207
大力,207
时常,207
放輕松,207
八月,207
过错,207
大叔,206
思路,206
轉身,206
畑,206
有心,206
高科技,206
当场,206
抚摸,206
我開,206
正经,206
陰謀,206
冻结,206
入狱,206
一腿,206
最少,206
所见,206
奉,206
伊尔,206
看透,206
杏仁,206
很爽,206
犹大,206
储藏室,206
加速器,206
亚特兰蒂斯,206
兜风,206
开拍,206
绞死,206
津江,206
宿醉,206
伤痕,206
团聚,206
变异,206
角落里,206
悪,206
恰当,206
取悦,206
下沉,206
教书,206
短裤,206
氟,206
掐,206
万分,206
高尔夫球,206
弄掉,206
盼,206
主題,205
代号,205
用品,205
牙齒,205
片刻,205
背部,205
夫婦,205
寶貝兒,205
巢穴,205
真快,205
大军,205
祖国,205
寄来,205
之手,205
人工,205
多長,205
怪事,205
很难说,205
怀,205
恕我直言,205
绳索,205
證詞,205
减速,205
天主,205
鬼话,205
半死,205
粇,205
跳出,205
实话实说,205
一通,205
拖住,205
驴子,205
体系,205
救回,205
萨曼莎,205
絚,205
包圍,205
玛莉,205
體內,205
眼球,204
双倍,204
克洛伊,204
报应,204
見證,204
上诉,204
瞄準,204
消化,204
艾莉丝,204
基普,204
叫声,204
贝斯,204
這簡直,204
镍,204
拇指,204
失误,204
播报,204
不知所措,204
往回,204
打开门,204
獲,204
这起,204
軍官,204
呕吐,204
墳,204
退回去,204
夫子,204
快上车,204
无畏,204
写信给,204
微妙,204
可可,204
恶化,204
嘗嘗,204
扫兴,204
網,204
捡起来,204
教教,204
井,204
米基,204
稀有,204
這事兒,204
雅各,204
永远都是,204
ジ,204
对准,204
垂德,204
前一天,204
ゆ,204
驴,204
有益,204
品位,204
实情,204
延期,203
香味,203
摆在,203
签个,203
小马,203
温泉,203
本地人,203
經紀,203
汉斯,203
這家,203
作对,203
原来如此,203
妙,203
胸前,203
钵,203
掃描,203
搞不清楚,203
深陷,203
冰岛,203
圆,203
体力,203
安琪,203
比萨,203
形态,203
七天,203
尽我所能,203
我寧愿,203
招惹,203
每一個,203
夸,203
长久,203
番茄,203
拆除,203
脊椎,203
法式,203
許動,203
伴侶,203
事态,203
這套,202
怪客,202
了點,202
外太空,202
起誓,202
智力,202
愛爾蘭,202
降,202
自卫,202
十月,202
统统,202
湖里,202
外衣,202
本当,202
施舍,202
嘭,202
贝克特,202
高层,202
邋遢,202
玷污,202
一局,202
实习生,202
貝,202
挣钱,202
大片,202
原以为,202
露易丝,202
用作,202
体贴,202
何在,202
不僅僅,202
貨物,202
貨車,202
珃,202
退缩,202
美酒,202
海藻,202
处方,202
不清,202
赐,202
很早,202
牛仔裤,202
配得,202
哈維,202
问起,202
党,202
厄尼,202
一艘船,202
告別,202
受损,202
众人,202
超大,202
捐款,202
提斯,202
面对面,202
一整,202
竤,202
獻,202
路障,202
如你所愿,202
簽字,202
泰拉,202
小命,201
手帕,201
免,201
绑起来,201
八成,201
幻覺,201
海报,201
奀,201
朋克,201
伤亡,201
多难,201
酸,201
一陣,201
精明,201
任意,201
起火,201
花园里,201
西北,201
難受,201
反复,201
入室,201
親戚,201
人死,201
大学生,201
莫利,201
臭味,201
洗脑,201
赻,201
否定,201
一团,201
條子,201
岁月,201
本次,201
凶案,201
的士,201
支,201
名为,201
集中营,201
手槍,201
跌倒,201
帝王,201
有史,201
進監獄,201
豪宅,201
辭,201
郊区,201
蟹,201
迁徙,201
业余,201
ぜ,201
霜,201
ギ,200
暴行,200
霜村,200
用处,200
基礎,200
美洲,200
甚,200
頁,200
快給,200
很惨,200
外边,200
哪家,200
攝影,200
吉恩,200
何要,200
恶毒,200
猪头,200
十六,200
录音带,200
想著,200
婭,200
绿灯,200
夢想,200
西边,200
熊猫,200
統治,200
镇静,200
含量,200
米兰达,200
两份,200
祖,200
萨利,200
负,200
过量,200
久远,200
大桥,200
總得,200
大洋,200
转到,200
體驗,200
搗,200
芙琳,200
出賣,200
索菲亚,200
快好了,200
保利,199
风趣,199
置于,199
东京,199
這個給,199
那可真,199
无处不在,199
用过,199
過分,199
进水,199
背面,199
科曼,199
煎饼,199
下載,199
一个男孩,199
瘤,199
護照,199
班长,199
发财,199
减肥,199
唠叨,199
触摸,199
碼,199
問好,199
這算,199
汁,199
時尚,199
起舞,199
吐司,199
秘方,199
批準,199
預測,199
待在家里,199
调查员,199
行刑,199
开花,199
范德,199
包厢,199
碔,199
私生子,199
巴格,199
纉,199
格勒,199
德米,199
軟件,199
非人,199
美人鱼,198
五月,198
暴君,198
陈述,198
航空公司,198
那場,198
蚊子,198
邪惡,198
场地,198
营,198
尼基,198
全體,198
外国人,198
喂喂,198
洛塔,198
異常,198
头号,198
脚踝,198
几率,198
趴,198
趾,198
枚,198
撤離,198
拉尔夫,198
对比,198
我国,198
攝像頭,198
小甜甜,198
终生,198
上头,198
去查,198
德行,198
數學,198
克里斯蒂娜,198
精液,198
親自,198
艾扎,198
肿瘤,198
国度,198
爆發,198
闲逛,198
弗洛伊德,198
爱死,198
一次性,198
合唱团,198
豪,198
矮子,198
校長,198
集体,198
這叫,198
麻痹,198
她給,198
幾分鐘,198
争议,197
閃,197
纠正,197
溺水,197
可用,197
六月,197
不良,197
糊弄,197
超新星,197
我知,197
爱美,197
花生酱,197
桌,197
隆重,197
任职,197
法國人,197
法医,197
视觉,197
掸,197
方舟,197
自家,197
吐出来,197
吉斯,197
玛丽安,197
敬意,197
金屬,197
坦诚,197
内心深处,197
乾杯,197
电影院,197
我数,197
黑盒,197
聪明人,197
主唱,197
随你便,197
掙扎,197
搭讪,197
赞助,197
无法控制,197
话说回来,197
出面,197
先令,197
河水,197
大家族,197
癢,197
利奥,196
底线,196
洗礼,196
曙光,196
帶子,196
大喊,196
納粹,196
哲学,196
甁,196
璝,196
例行,196
五十年,196
木,196
蕾丝,196
宴會,196
溫特,196
激发,196
惡夢,196
财务,196
作曲家,196
筐,196
旅途愉快,196
麻雀,196
ソ,196
之心,196
特黑,196
巴奇,196
澈,196
每一件,196
柠檬,196
转换,196
为生,196
에,196
經典,196
名流,196
突出,196
比例,196
撤回,196
人猿,196
遠遠,196
一走了之,196
第一条,196
记下来,196
房产,196
计时,196
农夫,196
精靈,196
丁克,196
封鎖,196
债,196
画像,196
加把劲,196
崔西,196
裕,196
酷毙了,196
印度人,196
壳,196
奖赏,196
西西里,196
铃声,196
多斯,196
創作,196
一心,195
通宵,195
交談,195
薯片,195
抬高,195
蒙蔽,195
泡沫,195
十五年,195
翘,195
噁,195
争执,195
毫無疑問,195
大師,195
叛逆,195
拆散,195
酵酵,195
开到,195
拉戈,195
班上,195
小行星,195
吸血,195
说定了,195
朋也,195
无耻,195
這聽,195
電梯,195
德雷克,195
權,195
西德,195
夺回,195
柜台,195
吓跑,195
整体,195
終結,195
车牌,195
活活,195
請別,195
調整,195
冷淡,195
平台,195
绝地,195
耑,195
多嘴,195
要生,195
条路,195
两件事,195
喜好,195
贫民窟,195
轰炸机,195
热水,195
树叶,195
那首,195
洛奇,195
步兵,195
医学院,195
感应,195
安眠,195
挑逗,195
福爾,195
别介意,195
指南,195
費用,195
秤,194
很近,194
心智,194
心痛,194
斯托克,194
折腾,194
這行,194
一发,194
我些,194
上士,194
卡塞爾,194
欺負,194
绑匪,194
桑德斯,194
指派,194
謝恩,194
阿姆斯特丹,194
七月,194
自慰,194
假日,194
해,194
赶去,194
山里,194
考夫曼,194
成千,194
刑事,194
转动,194
詩人,194
新任,194
飯店,194
设想,194
過度,194
达克,194
眕,194
伺候,194
蹭,194
初步,194
兑现,194
花招,194
非常感激,194
作风,194
突击,194
就绪,194
慈悲,194
产业,194
傳說,194
混凝土,194
里边,194
香草,194
好奇心,194
定律,194
余地,194
顧,193
太忙,193
枪战,193
屡,193
上楼去,193
我选,193
藉口,193
太累,193
心存,193
卑微,193
評價,193
始于,193
宣称,193
考夫,193
準確,193
碳,193
玐,193
伊吹,193
帕斯,193
掀起,193
轮子,193
卖命,193
收购,193
成本,193
我個,193
卡利,193
钢,193
司法,193
敌军,193
與眾,193
岈,193
种种,193
暗号,193
越狱,193
勤,193
裹,193
不上,193
那能,193
嘣,193
普金,193
上见,193
激励,193
存放,193
一两个,193
冰河,193
重现,193
穞,193
前來,193
养活,193
王妃,193
格里芬,192
涉嫌,192
之声,192
奥地利,192
吗啡,192
堅定,192
乃,192
做错,192
糕,192
哪条,192
勾当,192
企業,192
设,192
丟臉,192
村民,192
乳头,192
第九,192
剩余,192
不留,192
退伍,192
支配,192
鲑鱼,192
密切,192
跳动,192
一曲,192
衣物,192
废墟,192
大致,192
沿著,192
地理,192
什麼樣,192
獨特,192
莱斯,192
不值,192
邊,192
雷吉,192
立場,192
巫婆,192
脫離,192
那会儿,192
木板,191
死不了,191
这身,191
喜悦,191
古德曼,191
宪法,191
忙于,191
家教,191
跟班,191
过不去,191
灰尘,191
一時,191
艦長,191
车队,191
猫头鹰,191
延续,191
陓,191
最新消息,191
外部,191
准则,191
普里,191
誕生,191
带点,191
那間,191
親吻,191
麻木,191
这根,191
埃克,191
翹,191
巡回,191
兰花,191
杯水,191
核,191
弗拉,191
啪,191
嚴肅,191
兔,191
姑姑,191
蠔,191
互联网,191
新型,191
优点,191
鹽,191
資本,191
嚇死,191
睡一觉,191
导师,191
脄,191
消耗,191
太冷,191
榜样,191
纽约时报,191
触发,190
发来,190
反射,190
袋鼠,190
講講,190
行尸走肉,190
扣押,190
忠于,190
減少,190
洞里,190
最强,190
偶爾,190
莱尼,190
纏,190
ナ,190
人用,190
圖書館,190
马文,190
二十四,190
每月,190
过床,190
郁闷,190
友誼,190
坏话,190
率,190
在内,190
腨,190
就當,190
无能,190
进度,190
刺穿,190
失眠,190
勃起,190
貸款,190
致力于,190
公车,190
一线,190
不自在,190
油炸,190
学期,190
海斯,190
研发,190
有何贵干,190
特拉弗斯,190
排名,190
这门,190
期限,190
大房子,190
金矿,190
這車,190
下船,190
里头,190
战利品,190
战斗机,190
胡迪尼,190
伍德森,190
胡德,190
上映,190
芬,189
顯得,189
老人家,189
老头子,189
爆料,189
三名,189
桑德,189
拉夫,189
只為,189
交待,189
官司,189
臨時,189
透透气,189
考試,189
漏掉,189
恋情,189
無數,189
女佣,189
后背,189
不问,189
充电,189
老爺,189
头衔,189
由此,189
沃茨,189
在此之前,189
這沒,189
请稍等,189
西裝,189
曲,189
善意,189
縷,189
這本書,189
臨,189
播,189
格力,189
敏捷,189
许愿,189
身影,189
摘下,189
部份,189
肃静,189
法学院,189
哎哟,189
功课,189
丟在,189
切掉,189
ヤ,189
脾氣,189
帮会,189
大吃一惊,188
简历,188
伤痛,188
跨,188
演得,188
巷子,188
伴唱,188
名聲,188
用途,188
逃脫,188
福音,188
克雷斯,188
史蒂文斯,188
蝦,188
梦寐以求,188
狒狒,188
魂,188
金錢,188
日記,188
庆典,188
不開,188
愈,188
樂趣,188
面积,188
失事,188
許有,188
貓,188
散开,188
粉絲,188
人待,188
一旁,188
领,188
過你,188
雙眼,188
沙灘,188
安德里,188
喙,188
震动,188
进出,188
浣熊,188
泰特,188
一带,188
威廉姆斯,188
冰藍,188
越快越好,188
洋娃娃,188
打动,188
溫度,188
美国佬,188
脱衣服,187
召开,187
诺言,187
輪到,187
牡贝,187
太爽了,187
出演,187
左轉,187
粆,187
粉红色,187
极为,187
智能,187
新家,187
有机,187
进食,187
一无所获,187
维吉尔,187
启发,187
斯基,187
法令,187
气温,187
人世,187
按时,187
轻微,187
貝拉,187
決心,187
诈骗,187
畜牲,187
闹着玩,187
銀,187
彎,187
豐富,187
谭市,187
冻死,187
コ,187
看样子,187
郎,187
截然不同,187
装扮,187
平,187
威爾遜,187
童子军,187
听众,187
這塊,187
敲诈,187
筆錢,187
向着,187
肯尼斯,187
員工,187
雕塑,187
大城市,187
凯恩,186
吸食,186
脑,186
伴娘,186
白白,186
桑迪,186
一對,186
心烦,186
自我介绍,186
召喚,186
木乃伊,186
明確,186
太难,186
大廳,186
筒,186
占有,186
離家,186
一言为定,186
运,186
加西亚,186
很怪,186
冷冻,186
感動,186
快追,186
病例,186
碰过,186
蒸汽,186
天神,186
糟蹋,186
這么快,186
大气,186
這筆,186
慕尼黑,186
麗莎,186
瑞拉,186
年来,186
概率,186
將在,186
恰恰,186
我照,186
为所欲为,186
脱下来,186
我行,186
德夫,186
正是如此,186
地想,186
地牢,186
身心,186
测验,186
烹饪,186
样品,186
贖,186
重获,186
惧怕,186
渤,185
贾普,185
跟你走,185
瞎说,185
受過,185
不遠,185
經夠,185
开过,185
胡思乱想,185
亵渎,185
小溪,185
稼,185
用尽,185
弱點,185
第一夫人,185
相识,185
方向盘,185
燃情,185
燃油,185
手电筒,185
第八,185
多虧,185
觅食,185
安琪拉,185
星光,185
埃拉,185
中东,185
丟,185
拉罕,185
问题所在,185
音乐家,185
奇异,185
斗篷,185
布魯諾,185
龙舌兰,185
父子,185
海姆,185
披薩,185
爱意,185
盡頭,185
路亚,185
œ,185
芥末,185
畐,185
璓,185
子宫,185
波莉,185
频繁,185
伸手,185
编号,185
赶出,185
液体,185
尋常,185
伪装成,185
诺亚,185
同盟,185
出轨,185
飞去,184
品质,184
瓦特,184
地形,184
突击队,184
围巾,184
揉,184
大个子,184
身手,184
說出,184
冰雪,184
保釋,184
谷仓,184
通通,184
屁滚尿流,184
很强,184
麦凯,184
握住,184
埃德加,184
档,184
鄙视,184
未能,184
何處,184
脑中,184
提起过,184
细,184
继父,184
摩擦,184
迪奥,184
睡个,184
氣味,184
化名,184
琠,184
与其,184
海瑟,184
感官,184
光滑,184
穖,184
不见得,184
大王,184
黑幫,184
瓦拉,184
十岁,184
学员,184
鞭打,184
豹,184
竭尽全力,184
著火,184
教父,184
二战,184
一大群,184
复原,184
炮弹,184
干的事,184
鹰,184
理会,184
搞不定,183
评判,183
列出,183
鲜花,183
具,183
绯闻,183
留心,183
铭记,183
土壤,183
梅因,183
厘米,183
木星,183
响起,183
这会儿,183
見識,183
五次,183
改革,183
細胞,183
偿还,183
帐户,183
如下,183
死囚,183
美貌,183
两百,183
拉杰,183
娛樂,183
袖子,183
判,183
價錢,183
认错,183
平克曼,183
倒地,183
过节,183
愛著,183
静静,183
無線,183
而生,183
记起,183
格兰,183
恰恰相反,183
别着急,183
免疫,183
会试,183
司,183
受人,183
新年快乐,183
毛骨悚然,183
唐纳德,183
应有,183
過世,183
琪,183
기,183
高中生,183
想不通,183
更深,183
胡安,183
卸下,183
交火,183
暴动,182
国安局,182
闖進,182
改进,182
爸爸妈妈,182
松饼,182
學到,182
难熬,182
兩分鐘,182
形,182
一天到晚,182
克思,182
迎,182
大错特错,182
贝隆,182
昏倒,182
近期,182
不可理喻,182
持久,182
辛格,182
拿破仑,182
行得通,182
場所,182
礨,182
冰层,182
油门,182
邮局,182
金牌,182
惠特曼,182
蹦,182
凱瑟琳,182
历克斯,182
那颗,182
全在,182
茄子,182
斯拉,182
茨,182
鼓,182
杜克,182
給予,182
植,182
撩,182
存款,182
挫折,182
購物,182
無人,182
焦慮,182
系好,182
电视节目,182
大提琴,182
拉登,182
不当,182
再試,182
樂意,182
尊贵,181
院里,181
小狗狗,181
取名,181
指认,181
訂,181
作業,181
丘比特,181
病患,181
圣經,181
辜负,181
烈酒,181
開戰,181
畕,181
界限,181
解答,181
硓,181
有病,181
透明,181
后援,181
莱利,181
九月,181
木材,181
尿裤子,181
待會兒,181
堤,181
味儿,181
一模,181
虾,181
臭名昭著,181
隱私,181
憋,181
耋,181
坏掉,181
変,181
一桩,181
关上门,181
罢工,181
空白,181
水域,181
方程式,181
三月,181
你當,181
合身,181
感想,181
妈呀,181
別去,181
車庫,181
推到,181
纪念品,181
推动,181
这些年来,181
夏日,181
礼,181
真傻,181
每秒,181
哈姆雷特,181
传球,181
體育,181
出品,181
爬升,181
沒興趣,181
上過,181
智代,181
起身,180
剪掉,180
出走,180
深處,180
付费,180
夜空,180
我們將,180
向导,180
真可怜,180
被子,180
生化,180
干燥,180
毒素,180
逗留,180
马子,180
在读,180
中部,180
快递,180
想像中,180
看不起,180
事关,180
大气层,180
维也纳,180
竞争对手,180
猛男,180
保持警惕,180
驚人,180
舞女,180
腕,180
打成,180
钟头,180
带个,180
有枪,180
勞拉,180
賤人,180
揭发,180
寄宿,180
籐,180
好话,180
哈卡尼,180
都市,180
千真万确,180
猎手,180
樱桃,180
演说,179
一案,179
把酒,179
重案,179
硬盘,179
祸,179
報仇,179
古典,179
境界,179
分居,179
徒弟,179
千里,179
縫,179
冰球,179
星空,179
六十,179
自以,179
时装,179
求生,179
那塊,179
交通工具,179
跤,179
服裝,179
库克,179
钓,179
已故,179
艾菲,179
洗衣店,179
謹慎,179
有用吗,179
運作,179
救助,179
嘞,179
输掉,179
军火,179
丽贝卡,179
走近,179
崔維斯,179
赫敏,179
收费,179
大丈夫,179
偷偷摸摸,179
我錯,179
避难所,179
多诺万,179
科夫,179
施密特,179
超自然,179
異,179
想不起来,179
小可爱,179
姓氏,179
朱丽叶,179
外科,179
一萬,179
尔比,179
粿,179
重拾,179
电视机,179
韦伯,179
羔羊,179
请来,179
降到,179
槍給,179
小宝宝,179
明知,178
臘腸,178
吉吉,178
算法,178
篮球,178
好了吧,178
九年,178
万年前,178
梳,178
闖,178
收据,178
類型,178
病得,178
日程,178
舉辦,178
册,178
副本,178
海象,178
莫里,178
便会,178
聯調局,178
라,178
有感,178
没道理,178
鄉村,178
抑郁,178
迷宫,178
之星,178
尼古拉,178
针,178
杰特,178
潮湿,178
ㄑ,178
卓,178
緊要,178
低下,178
考驗,178
不告訴,178
灰姑娘,178
升空,178
加大,178
舍不得,178
西班牙人,178
应用,178
讀書,178
加热,178
過要,178
快回去,178
瓣產,178
对讲机,178
密封,177
生意人,177
勺子,177
环绕,177
讨好,177
怮,177
會兒,177
惊吓,177
罪有应得,177
令人兴奋,177
推倒,177
米婭,177
沒準,177
出钱,177
四百,177
盈利,177
秘诀,177
莱昂,177
事務,177
筂,177
醉鬼,177
来信,177
罚,177
質疑,177
詳細,177
猜猜看,177
幹得,177
中风,177
還挺,177
燒死,177
休斯,177
早該,177
姜,177
陪陪,177
迈,177
干些,177
妒忌,177
药品,177
营救,177
侗,177
褐色,177
這他媽,177
關起,177
当前,177
鲁莽,177
开动,177
旗子,177
專心,177
氣氛,177
純,177
蓟,177
神灵,177
另一方面,177
柔软,177
沒給,177
顶端,177
林里,177
后备箱,176
呈现,176
死尸,176
洒,176
福德,176
寶,176
沙特,176
直线,176
弗林,176
西蒙斯,176
邮箱,176
洗個,176
壞人,176
怀着,176
窮,176
管理局,176
侦测,176
我實,176
正義,176
戮,176
沸,176
拿点,176
上個,176
畒,176
評估,176
疏忽,176
用手,176
没完没了,176
跳过,176
乌龟,176
满脑子,176
開啟,176
断层,176
索尼娅,176
砋,176
带路,176
欧元,176
夜班,176
赛特,176
笴,176
四次,176
纪录片,176
盛宴,176
ォ,176
猶大,176
小混混,176
丹麦,176
突,176
恳求,176
缪,176
愉悦,176
扳倒,176
怀里,175
場景,175
内战,175
道格,175
做手术,175
梦想成真,175
市政,175
约束,175
搅,175
艾娃,175
穐,175
貢獻,175
癸盾,175
西尔,175
處于,175
先回去,175
得手,175
推理,175
普尔,175
肩上,175
组建,175
深深地,175
流泪,175
哈德,175
阿尔弗雷,175
上传,175
卓越,175
說點,175
领导人,175
塞爾,175
漫畫,175
撞死,175
罙,175
不必要,175
肤色,175
散布,175
跳得,175
飞过,175
中年,175
記下,175
踏,175
壁炉,175
移,175
守衛,175
之力,175
可愛,175
入境,175
泪水,175
长岛,175
聊过,175
鍾,175
嚇人,175
克莉絲,175
阿瑟,175
命案,175
袖手旁观,175
情不自禁,175
找麻烦,175
锭,175
ο,175
总裁,175
危及,175
群体,174
送往,174
回見,174
光年,174
这支,174
监管,174
无数次,174
沒帶,174
得給,174
老套,174
读者,174
永别,174
點子,174
感激不尽,174
护理,174
自欺欺人,174
满是,174
訪問,174
東西給,174
幼雏,174
捏造,174
希臘,174
疤痕,174
带回去,174
双腿,174
小船,174
總能,174
瓦解,174
穆,174
可耻,174
燈光,174
雷先生,174
營地,174
漫長,174
著迷,174
警員,174
新星,174
啃,174
炸藥,174
扰乱,174
樹林,174
冬季,174
車站,174
關上,174
脂肪,174
里布,174
這幫,174
卫兵,174
储存,174
我小時候,174
阿尔,174
凯奇,173
出版商,173
莉娜,173
同名,173
戈尔,173
本周,173
倫斯,173
接球,173
猴,173
旗帜,173
皌,173
骷髅,173
关押,173
来访,173
竟是,173
慢跑,173
守口如瓶,173
一塌糊涂,173
真人秀,173
帰,173
七八,173
判定,173
疾,173
一脸,173
夏令营,173
耶路撒冷,173
别怪,173
缘故,173
按计划,173
免于,173
儿女,173
紋,173
孙女,173
结过婚,173
无所畏惧,173
那架,173
光辉,173
佛萊迪,173
布莱德,173
德勒,173
直奔,173
信奉,173
福斯,173
特有,173
盤,173
虎,173
之戰,173
术,173
预料,173
再好不过,173
心目,173
蝗,173
擦掉,173
来往,173
皮埃尔,173
黑道,173
强制,173
好想你,172
奈斯,172
懷念,172
哈羅德,172
准许,172
闯进来,172
這是給,172
海因斯,172
超度,172
偷听,172
越過,172
我長,172
邊境,172
特技,172
德洛,172
视力,172
力克,172
流程,172
〡,172
混帐,172
麦肯,172
考察,172
帶領,172
亞伯,172
少爷,172
切开,172
圣灵,172
讚,172
嗒,172
五角大楼,172
問你,172
太蠢,172
譜,172
锋利,172
舱门,172
真蠢,172
瑞尔,172
法西斯,172
应急,172
前后,172
看重,172
正向,172
三下,172
餐具,172
防线,172
을,172
谴责,172
匯報,172
兩小時,172
阴暗,172
绰号,172
牽,172
安抚,172
皮带,172
报上,172
海拔,171
凶杀案,171
海倫娜,171
百年,171
清新,171
国旗,171
篮子,171
吉普赛人,171
我别,171
一万,171
法郎,171
他將,171
到位,171
苛刻,171
联赛,171
达西,171
过份,171
电影明星,171
驾车,171
下棋,171
太精彩,171
罗斯福,171
开得,171
鸟中,171
呻吟,171
竞赛,171
协调,171
专用,171
標記,171
体温,171
陶醉,171
报名,171
騎馬,171
岗位,171
即兴,171
署,171
塔米,171
猀,171
艾丽西娅,171
阿蒂,171
音符,171
劇院,171
圣杯,171
厨子,171
直到现在,171
金發,171
安靜點,171
美容,171
亲切,171
奧斯卡,170
傀儡,170
下一代,170
几百万,170
击倒,170
活不下去,170
女主角,170
闖入,170
特制,170
特勤,170
彼岸,170
佩林,170
杜拉,170
不祥,170
老年人,170
蠻,170
無處,170
没试,170
瞧见,170
发脾气,170
拿著,170
兰德尔,170
尊嚴,170
罗曼,170
共有,170
現象,170
棵,170
剛開始,170
舌頭,170
这鬼,170
疑虑,170
韦德,170
荷尔蒙,170
如果说,170
这趟,170
洛伦佐,170
人马,170
鼓勵,170
大厨,170
夠,170
差错,170
要塞,170
艾斯,170
绕过,170
外交官,170
吃个,170
注重,170
别挡,170
比得上,170
誘惑,170
外头,170
威斯,170
紀錄,170
职员,170
烧烤,170
效率,170
窃贼,170
怀上,170
證件,170
瑪姬,170
氪,170
早些时候,170
計算,170
伸展,170
可夫,169
共识,169
無意,169
奔驰,169
專輯,169
杀了人,169
最強,169
上任,169
指数,169
前天,169
橘子,169
失業,169
史波克,169
裙,169
丟掉,169
全程,169
懒得,169
无可奉告,169
愿不愿意,169
大戰,169
疲倦,169
捉迷藏,169
泥巴,169
艺人,169
编造,169
部屋,169
士官,169
恋人,169
会变,169
伤感,169
兽,169
话语,169
胡,169
几条,169
塞克斯,169
降落伞,169
行尸,169
招来,169
来时,169
刺伤,169
风子,169
孤兒,169
輕易,169
電池,169
没意思,169
燃燒,169
工業,169
此生,169
ふ,169
一打,169
战略,169
随机,169
私生活,169
五岁,169
假釋,168
发球,168
德國人,168
加拿大人,168
伊利,168
力士,168
卢比,168
籓,168
策,168
多尔,168
鼓手,168
哈斯,168
铅笔,168
布蘭登,168
本該,168
监视器,168
栅栏,168
曼德拉,168
施展,168
準時,168
参军,168
看得,168
兩杯,168
绝佳,168
毕生,168
唐森,168
小巷,168
最爱,168
恰吉,168
烧伤,168
靠着,168
世,168
教过,168
章鱼,168
受得了,168
格特,168
专长,168
锤子,168
小鱼,168
被控,168
過頭,168
修剪,168
他会来,168
塔西,168
喝光,168
这天,168
體會,168
上报,168
艾薩克,168
超速,168
动人,168
你害,168
室内,168
蜘蛛侠,168
往右,168
報酬,168
周边,168
冒充,168
坝,168
儸,168
乳酪,168
劫匪,168
安好,168
放射性,168
我留,167
女妖,167
彼得森,167
审查,167
處置,167
条约,167
老兵,167
认出来,167
麗,167
把門,167
嗓子,167
然後我,167
让路,167
舍曼,167
护卫,167
乱说,167
导航,167
不择手段,167
棍,167
弾,167
可樂,167
撕成,167
行家,167
迫害,167
忍住,167
拐杖,167
引领,167
战友,167
交界,167
伤到,167
信赖,167
陆战队,167
攫,167
古河,167
庭审,167
瑪格麗特,167
恐怖份子,167
复合,167
鏡子,167
挥手,167
少來,167
花瓶,167
裔,167
面粉,167
缓解,167
魚,167
法兰,167
別急,167
克西,167
抓起,167
干擾,167
给我发,167
绝妙,167
过日子,167
佛罗多,167
母牛,167
代碼,167
分離,167
散播,167
柜,167
无赖,167
冷却,167
排列,167
兩點,167
这类,167
卡里,167
准備,167
奉獻,167
同一天,167
這將,167
胆敢,167
传输,167
個性,166
贵宾,166
虚假,166
先別,166
企圖,166
脫下,166
雕刻,166
斯蒙德,166
刊登,166
张嘴,166
露露,166
波蘭,166
毒害,166
判刑,166
愛你們,166
仰望,166
首,166
领土,166
鲸,166
確切,166
骗过,166
比分,166
察觉到,166
奢侈,166
孫子,166
馒,166
鼠,166
發給,166
侖,166
莫妮卡,166
折,166
忽悠,166
耍花招,166
墓碑,166
约书亚,166
猎枪,166
人行道,166
搞混,166
敬佩,166
大大,166
芭蕾舞,166
邮票,166
目擊者,166
就緒,166
手势,166
保龄球,166
抑或,166
骨骼,166
小声,166
失血,166
分不清,166
头晕,166
酒瓶,166
治好,166
州立,166
頭兒,166
瘸子,166
地里,166
拖鞋,166
穷,166
空地,166
絶,166
椰子,166
建成,166
卡特里娜,166
收藏家,165
构造,165
后方,165
这不关,165
活不了,165
大惊小怪,165
有害,165
貍,165
那真,165
忽視,165
珍藏,165
鄧,165
音乐剧,165
项,165
剂,165
发过,165
场所,165
懺悔,165
骆驼,165
一派胡言,165
喜劇,165
特性,165
用光,165
死于,165
退学,165
波拉,165
膝蓋,165
拿回去,165
強奸,165
聖誕,165
早些,165
사,165
之光,165
禁区,165
這和,165
亿美元,165
所愿,165
佩顿,165
掏出,165
中槍,165
眃,165
法力,165
最深,165
骨灰,165
同步,165
别生气,165
小女儿,165
亞特蘭,165
布满,165
眼皮底下,165
大名,165
三分之一,165
吸取,165
一緒,165
親人,164
创建,164
胡迪,164
默默,164
祭品,164
在給,164
客廳,164
选出,164
冯,164
富裕,164
引来,164
学学,164
你付,164
学位,164
拿枪,164
马里,164
马达加斯加,164
別問,164
家门,164
发狂,164
赶时间,164
丟人,164
帳篷,164
捲,164
我信,164
崛起,164
獨處,164
库拉,164
蹴,164
许可证,164
鎊,164
斑点,164
恰奇,164
耶鲁,164
奉命,164
赶过来,164
逐出,164
翱翔,164
政治家,164
扑,164
縞,164
彈藥,164
分別,164
機械,164
窃取,164
强行,164
八岁,164
仅供,164
这般,164
各种各样,164
当地人,164
野马,164
飞到,164
彼,164
沒開,164
我方,164
试一试,164
化身,164
达尔文,164
熄灭,164
十倍,164
剧场,164
相聚,164
击落,164
船員,164
私密,164
戰鬥,164
斯特恩,164
腰带,164
沒事兒,164
超乎,164
海绵,164
回话,163
出国,163
胡言乱语,163
襪子,163
促成,163
你会,163
逃掉,163
溝通,163
体育馆,163
垃圾箱,163
計時,163
載,163
絃,163
磝,163
接上,163
拳手,163
捕食,163
请等一下,163
組成,163
寇,163
微风,163
岂,163
道森,163
字眼,163
華特,163
掩蓋,163
配偶,163
塞拉,163
逃逸,163
跳跃,163
律法,163
车票,163
加德,163
外号,163
滑行,163
滾出,163
或常,163
多莉,163
感到高兴,163
华沙,163
钟声,163
化验,163
即可,163
号房,163
竞技场,163
帥,163
面上,163
赫斯特,163
权,163
自然界,163
流传,163
不曉得,163
乔恩,163
換,163
征求,163
利息,163
经受,163
不管是谁,163
碰见,163
好處,163
單上,163
至死,163
格拉夫,163
席,163
姊妹,163
天线,163
魔戒,163
忧伤,162
剑桥,162
旁白,162
名堂,162
百分之百,162
我點,162
한,162
凯斯,162
廢,162
發光,162
一清二楚,162
放入,162
用枪,162
跳蚤,162
山脊,162
流感,162
對此,162
找過,162
呼喊,162
雷克,162
收益,162
不看,162
領域,162
ハ,162
诸位,162
粮食,162
瓊,162
不容,162
下定决心,162
搭乘,162
設法,162
向前走,162
启程,162
穿透,162
牵连,162
烟囱,162
摘掉,162
验证,162
天父,162
茱莉,162
宣言,162
這輛,162
只能靠,162
国民,162
懷特,162
抢劫案,162
古斯,162
繁衍,162
陪你去,162
旋风,162
運行,162
爬上去,162
天鹅,162
晕倒,162
激起,162
稻草人,162
行凶,162
菏,162
粪便,162
瑞卡,162
抗爭,162
散发,162
委托,162
止痛,162
一絲,162
羊毛,162
悲,162
两千,162
打入,162
再加,162
邂逅,161
流星,161
常说,161
聊聊天,161
很多很多,161
兩名,161
巴赫,161
郴,161
篈,161
麦考伊,161
源,161
扣子,161
花岗岩,161
典礼,161
相见,161
尚恩,161
信使,161
大帝,161
格温,161
沒去,161
亚尼,161
步骤,161
指著,161
一无是处,161
果,161
里尔,161
逞,161
过奖,161
奥斯本,161
宽容,161
胶带,161
割掉,161
預感,161
島,161
门票,161
牲口,161
职务,161
被盗,161
罗格,161
店主,161
糖尿病,161
一整夜,161
搬出,161
筋,161
雨林,161
主义者,161
諷刺,161
生不如死,161
渾身,161
嗜好,161
君主,161
恶,161
买来,161
强硬,161
掐死,161
抽筋,161
锁门,161
抽出,161
不久前,161
饮食,161
有何不可,161
特利,161
三點,161
丽萨,161
曼迪,161
车道,161
定制,160
几杯,160
发掘,160
肺部,160
蛋白,160
俴,160
早苗,160
자,160
小美人,160
繬,160
键,160
體,160
老鹰,160
面臨,160
慰藉,160
条纹,160
玦,160
有多深,160
奇怪的是,160
沒變,160
涼,160
步伐,160
有话,160
米切尔,160
解脫,160
太有,160
公子,160
宣傳,160
巴布,160
说说看,160
犁,160
六點,160
离奇,160
可得,160
蘇聯,160
天地,160
三只,160
剃刀,160
拐,160
來電,160
六天,160
摩洛哥,160
欢笑,160
体现,160
记不清,160
麦琪,160
误导,160
何事,160
飞越,160
十五分钟,160
球場,160
混在,160
第一集,160
付錢,160
挡路,160
拼写,160
小鹿,160
季節,160
獴,160
情妇,160
别出,160
還剩,160
強,160
电视剧,160
份子,160
对决,160
告辞,160
初期,160
這他,160
多种,160
太難,160
想开,160
切斷,160
看作,159
斧头,159
艦隊,159
现,159
容器,159
稍稍,159
ا,159
祝你愉快,159
人身,159
簽署,159
头颅,159
倾情,159
发布会,159
咖啡吧,159
渴求,159
身陷,159
牛頓,159
練,159
修建,159
同感,159
当下,159
出过,159
合伙,159
我承認,159
契约,159
饶恕,159
一任,159
道奇,159
無情,159
不好过,159
热量,159
肩,159
運動員,159
高爾夫,159
耳机,159
野兔,159
婦,159
机枪,159
畫畫,159
而来,159
享有,159
은,159
忒,159
妦,159
我們給,159
骯,159
放置,159
陸地,159
独家,159
看成,159
不忠,159
過會,159
想不起,159
迷住,159
擦屁股,159
学费,159
多个,159
多事,159
詭異,159
多管闲事,159
破爛,159
邦奇,159
西伯利亚,159
啥意思,159
一路顺风,159
戴利,159
限度,159
二世,159
原料,159
定居,159
心肝,159
传染病,159
特色,159
掰,159
枕頭,159
指使,159
气流,158
跳伞,158
完后,158
代理人,158
很深,158
钮弧,158
弹头,158
回不来,158
泽,158
指責,158
鴿子,158
语音,158
定期,158
波普,158
烦死,158
盋,158
坎查,158
八點,158
烟草,158
纪律,158
淋浴,158
观念,158
傻蛋,158
航海,158
巧,158
推开,158
卢卡,158
卡门,158
出不去,158
强力,158
礩,158
示威,158
钉子,158
那双,158
敞開,158
笑一笑,158
中世纪,158
摄影棚,158
結論,158
口渴,158
碙,158
半辈子,158
大嘴巴,158
骑兵,158
放纵,158
弗莱迪,158
找遍,158
沿,158
跳进,158
團,158
摄像,158
竧,158
无法解释,158
邊緣,158
終,158
离不开,158
組合,158
不便,158
移开,158
我害,158
刮胡子,158
预见,158
北極,158
橄欖球,158
坠机,158
开张,158
球赛,158
辦事,158
都还没,158
死期,158
應過,157
打火机,157
泰利,157
雇佣兵,157
浓,157
匹茲堡,157
特质,157
茜,157
無視,157
西恩,157
拆掉,157
維護,157
出場,157
這并,157
对天发誓,157
二十五,157
吉特,157
看得见,157
兔崽子,157
原先,157
湖泊,157
重组,157
现状,157
賭博,157
路易莎,157
傍晚,157
星座,157
查过,157
如愿,157
订单,157
处罚,157
认知,157
基特,157
餡餅,157
場合,157
高高,157
招供,157
悬赏,157
克尔,157
回事儿,157
木兰,157
剂量,157
赫德,157
咋样,157
别杀,157
承擔,157
大蒜,157
特区,157
ゝ,157
过生日,157
损害,157
剛,157
從此,157
術,157
襟翼,157
巡警,157
共和党,157
不得已,157
时分,157
緅,157
舒適,157
恢复正常,157
菲奥娜,157
別亂,157
茱莉亞,157
逊,157
仓,157
越少,157
疯人院,157
艾美特,157
脖,157
高明,156
防卫,156
碟,156
蓝精灵,156
大局,156
四肢,156
這周,156
凯里,156
按下,156
杰瑞米,156
禍,156
去往,156
传真,156
機票,156
最具,156
安東尼,156
皇后区,156
劳驾,156
伊萬,156
捍卫,156
警督,156
高貴,156
芺,156
田,156
稿子,156
谈起,156
念书,156
抽屜,156
新墨西哥,156
抗生素,156
崇拜者,156
宵禁,156
朱美,156
逼真,156
先來,156
圣父,156
到過,156
总要,156
出世,156
逃不掉,156
弱者,156
祏,156
孕育,156
之時,156
说服力,156
奧麗,156
飞行高度,156
商量一下,156
累坏,156
鼻涕,156
逃兵,156
宝拉,156
爵士乐,156
轉到,156
跟进,156
身為,156
一點兒,156
家長,156
溫蒂,156
坦白说,156
我並,156
醉酒,156
引人注目,156
拍攝,156
末,156
百,155
接纳,155
坐火车,155
加森,155
戰術,155
卡塞尔,155
康斯坦丁,155
缅甸,155
左撇子,155
热带,155
弄伤,155
冷战,155
真行,155
五點,155
戴維,155
买不起,155
退回,155
日后,155
幼儿园,155
看不懂,155
强暴,155
鱿鱼,155
拿來,155
莫非,155
遛,155
我住,155
新婚,155
要学,155
填满,155
雅克,155
外勤,155
皗,155
物理学家,155
让步,155
羬,155
辯論,155
怪罪,155
魔咒,155
拉塞尔,155
奥尔森,155
蠟燭,155
数百万,155
常客,155
汜,155
雷恩,155
工資,155
杰克森,155
身分,155
洛夫,155
福瑞克,155
从那以后,155
沉迷,155
列夫,155
监护人,155
洁,155
難堪,155
大雨,155
星球大战,155
伴奏,155
坚持下去,155
瓦内萨,155
标本,155
多麼,155
体积,155
喜不喜欢,155
相機,155
艰辛,155
心怀,155
四點,154
再婚,154
般配,154
连线,154
奈尔,154
指证,154
奥丽,154
牵,154
甭,154
丹娜,154
綾,154
逛街,154
路易丝,154
解决办法,154
人比,154
讲故事,154
佩克,154
埃利奥特,154
辦到,154
指挥部,154
鎮子,154
弄完,154
爭論,154
终究,154
一覺,154
動物園,154
狗日,154
府,154
但愿如此,154
走动,154
闲聊,154
康威,154
正点,154
鲍伯,154
粗黑,154
山峰,154
乔迪,154
言论,154
新车,154
八個,154
密度,154
擔任,154
找找看,154
黑社会,154
瞬間,154
密谋,154
毫克,154
嘿嘿,154
序列,154
好美,154
全家人,154
囊,154
嚷嚷,154
官員,154
已久,154
太紧张,154
牆,154
안,154
戒掉,154
歧視,154
肉桂,154
我醒,154
跑车,154
弄坏,154
渡过,154
加冰,154
小玩意,154
侦察,153
特德,153
舞动,153
警校,153
上当,153
壁橱,153
耚,153
一千年,153
热烈,153
无与伦比,153
上百,153
哈德森,153
俄,153
好觉,153
里斯本,153
發布,153
说教,153
闪光,153
圣诞礼物,153
拷贝,153
強盜,153
張開,153
军士,153
終極,153
年里,153
豢,153
德語,153
精美,153
曹操,153
圍,153
火烧,153
点到,153
手來,153
古拉,153
寂静,153
克拉拉,153
插曲,153
能問,153
自负,153
民兵,153
表兄,153
克里斯多,153
平和,153
爱好者,153
海森堡,153
很烂,153
很會,153
鎘,153
营业,153
二楼,153
法拉,153
弓箭手,153
尽力而为,153
心不在焉,153
今生,153
六周,153
黑市,153
雞肉,153
布克,153
懶,153
你講,153
石膏,153
淩,153
整年,153
漫漫,153
菲利普斯,153
回国,152
海明威,152
古斯塔夫,152
看管,152
门铃,152
政权,152
穓,152
空洞,152
小鸡鸡,152
克劳德,152
游乐场,152
幾歲,152
預算,152
阿比,152
招牌,152
主流,152
我到,152
好得多,152
总比,152
莫特,152
文森,152
耗尽,152
表白,152
到头,152
耳光,152
青春期,152
數人,152
适用,152
移植,152
马里奥,152
句子,152
牌照,152
連續,152
获,152
獅子,152
帥哥,152
之道,152
悼念,152
动用,152
活兒,152
银行家,152
項鏈,152
大賽,152
乘以,152
次数,152
頗,152
打拳,152
清單,152
捎,152
蓄意,152
多加,152
皇宫,152
失敗者,152
薯條,152
球棒,152
遥控器,152
替身,152
垂直,152
來個,152
帅呆了,152
咳,152
剧情,152
依据,152
舞池,152
与你同在,152
暗殺,151
授權,151
闺蜜,151
泭,151
收工,151
睡過,151
推断,151
剪辑,151
傳言,151
股,151
這艘,151
失灵,151
拔出,151
小黑,151
那句话,151
陨石,151
菲爾,151
程式,151
風景,151
便条,151
拍档,151
之意,151
赎罪,151
争斗,151
行行好,151
紁,151
這等,151
请教,151
包扎,151
不起作用,151
瑞吉,151
这部分,151
巡邏,151
銬,151
轉向,151
深信,151
麥斯,151
老百姓,151
布道,151
墮落,151
更能,151
眭,151
步入,151
叮当,151
下落不明,151
視只,151
視翻譯,151
车门,151
与否,151
先别,151
不死,151
林立,151
罗伯,151
籠子,151
一粒,151
无所事事,151
派来,151
贩卖,151
赶不上,151
侍奉,151
围栏,151
眨,151
性病,151
婶婶,151
之物,151
手续,151
赛季,151
内陆,151
信里,151
猎食,151
除去,151
挨饿,151
活过来,150
任性,150
银色,150
寫作,150
电子邮件,150
想当,150
揣,150
灌,150
磨,150
活捉,150
水母,150
大肆,150
苍白,150
急诊室,150
而成,150
猪肉,150
可口,150
推特,150
卫生,150
打赢,150
平時,150
適,150
哪能,150
颇,150
冲向,150
挺身而出,150
創意,150
刑警,150
三件,150
擦擦,150
验尸,150
花样,150
毛发,150
妳在,150
攀,150
沒說,150
级别,150
岡崎同學,150
添,150
太热,150
那就是说,150
好戲,150
小兄弟,150
换上,150
停住,150
轿车,150
抓紧时间,150
别装,150
无牙,150
前排,150
读完,150
狗娘養,150
扩张,150
聖,150
拖走,150
不谈,150
拍下来,150
大批,150
报案,150
炸鸡,150
射程,150
赫克托,150
公仔,150
南极,150
反省,150
淡水,150
回歸,150
顾虑,150
別哭,150
將成,150
冰山,150
规划,150
鲍威尔,150
活口,150
放在心上,150
神話,150
遗言,150
澤,150
看些,150
从头开始,150
太深,150
严密,150
珊,150
防火,150
肯塔基,150
流淌,150
趕來,150
發作,150
博因顿,150
都柏林,150
瑕疵,150
未婚,150
我长,150
消,150
夔,150
回不去,149
普林斯顿,149
夏普,149
摔下来,149
卡罗琳,149
海关,149
高塔,149
文斯,149
這時候,149
博德,149
再問,149
风流,149
马西,149
天杀,149
近距离,149
解密,149
阶级,149
阿帕奇,149
霍普,149
要點,149
雷斯特,149
右轉,149
衱,149
超赞,149
好过,149
礼仪,149
激动人心,149
驱使,149
小鸡,149
休克,149
悄悄地,149
找點,149
撕碎,149
思科,149
有多远,149
捕猎,149
十八,149
裸體,149
不道德,149
這真,149
迪特,149
公道,149
空手道,149
咖啡馆,149
使出,149
诸如此类,149
培训,149
稬,149
多些,149
一排,149
拿點,149
每时每刻,149
捆,149
出拳,149
纹,149
嗅,149
保險箱,149
殴打,149
逐漸,149
隱形,149
動起,149
綁架,149
韩国,149
裝,149
品种,149
擦干,149
电邮,149
疲惫,149
新加坡,149
马琳,149
洗衣房,149
軟,149
第一部,149
我想問,149
开球,149
多纳,149
顺其自然,149
歌名,149
迷途,149
素材,149
竭尽所能,149
一个个,149
黑尔,149
閃電,149
增强,149
不坏,149
放慢,149
安危,149
创新,149
汀娜,149
凱,148
哪里找,148
讨论一下,148
完完全全,148
安然无恙,148
地中海,148
郊外,148
按鈕,148
蘇菲,148
虱子,148
建设,148
殺戮,148
赌城,148
救活,148
雅典娜,148
纸巾,148
捐赠,148
吃屎,148
归宿,148
崇高,148
拉丁文,148
简报,148
奶霸,148
一大笔,148
关灯,148
巴迪,148
橄榄,148
运到,148
痴迷,148
演技,148
玩过,148
反悔,148
雅,148
克鲁格,148
一个半,148
卵,148
一课,148
本子,148
牡蛎,148
結構,148
外甥,148
帕加,148
掌,148
穛,148
金妮,148
相愛,148
搬回,148
反擊,148
壓,148
虚无,148
整齐,148
這應,148
外卖,148
实行,148
點事,148
太帅,148
耴,148
卡迪拉克,148
击掌,148
身處,148
一級,148
班德,148
決賽,148
尼亚,148
湾,148
再犯,148
十秒,148
幽靈,148
純粹,148
焦,148
埃尔,148
假象,148
西藏,148
灯塔,148
残留,148
病态,148
魔王,148
达拉斯,148
生个,148
这破,148
夯,148
人力,148
迷魂,148
鞭子,148
晚會,148
品,148
纤维,148
恩赐,148
人數,148
肾上腺素,148
一臂之力,148
大西洋城,148
光亮,148
签证,147
喝多,147
賠償,147
炸毁,147
莫莉,147
海邊,147
巴尔的摩,147
点亮,147
熏,147
胡须,147
绿箭,147
電報,147
極了,147
垃圾堆,147
一盘,147
他覺,147
中意,147
切割,147
商,147
盘问,147
真好玩,147
锁住,147
薄暗,147
耐性,147
俄亥俄,147
掠夺,147
光环,147
優勢,147
姿勢,147
打不开,147
骚乱,147
尸检,147
蓋瑞,147
迷航,147
哪门子,147
拉斯基,147
記起,147
卡德,147
耳边,147
小寶貝,147
献祭,147
司令部,147
威利斯,147
吸入,147
敏锐,147
手拿开,147
收養,147
是否是,147
肕,147
凱奇,147
義的,147
虽说,147
捞,147
麦片,147
伯里,147
薄饼,147
灰烬,147
魔方,147
狂人,147
亞瑟,147
上前,147
锦标赛,147
芲,147
萊恩,147
妥夫,147
還算,147
贫穷,146
牛群,146
增援,146
兄妹,146
點心,146
邊界,146
私家侦探,146
标题,146
我定,146
斯蒂文,146
冒牌,146
婚纱,146
隙,146
雜的,146
九岁,146
三十秒,146
全速,146
还清,146
勿,146
关乎,146
万英镑,146
完善,146
吹箫,146
白费,146
無名,146
眼淚,146
翡翠,146
時報,146
很強,146
自言自语,146
收不到,146
年份,146
胜出,146
贊成,146
增長,146
聚,146
思索,146
清洁工,146
贝恩,146
真心话,146
门上,146
急情,146
锯,146
溃,146
读读,146
晋升,146
肖像,146
麥吉爾,146
通告,146
两块,146
重逢,146
飛過,146
不記,146
穎,146
相连,146
汉森,146
疗养院,146
众所周知,146
精神失常,146
当选,146
书籍,146
脱下,146
篇文章,146
海龟,146
园丁,145
ي,145
智利,145
負責人,145
小学,145
兼职,145
俄國人,145
露絲,145
現在還,145
天份,145
行政,145
毒液,145
毒瘾,145
药片,145
悲慘,145
最最,145
上街,145
杀人狂,145
秂,145
办公桌,145
无缘无故,145
吞下去,145
环保,145
金枪鱼,145
毫無意義,145
建起,145
米蘭達,145
詹金斯,145
说不清,145
終止,145
風中,145
无私,145
一月,145
教给,145
泰迪熊,145
不列颠,145
幻境,145
茜茜,145
鼻涕虫,145
随之,145
我連,145
北极熊,145
沃恩,145
谜团,145
谜题,145
不忍心,145
一處,145
生火,145
看能,145
幸亏,145
厂,145
四岁,145
岸边,145
出汗,145
泳衣,145
单身汉,145
迎来,145
買點,145
搶劫,145
性别,145
做做,145
米娜,145
數量,145
闪烁,145
消防队,145
罢休,145
残暴,145
楼顶,145
盘,145
厄运,145
痒,145
一擊,145
多疑,145
教師,145
亚马逊,145
桑托斯,145
反感,145
無罪,145
挪威,145
弯刀,145
药丸,144
不滿,144
胡萝卜,144
涂鸦,144
野性,144
珆,144
真話,144
車手,144
凤凰,144
不能自己,144
异教徒,144
基恩,144
拐角,144
筑巢,144
結合,144
账,144
重新考虑,144
放马过来,144
忘却,144
我念,144
逼迫,144
大奖,144
大巴,144
記著,144
莉兹,144
成家,144
積極,144
夢幻,144
完全同意,144
萨斯,144
所見,144
照样,144
睡过,144
衣橱,144
一向如此,144
绷带,144
公墓,144
特里普,144
弹奏,144
妥当,144
缩写,144
族群,144
真夠,144
备受,144
歌舞,144
游击队,144
小銃,144
吃藥,144
副手,144
展現,144
歐文,144
盗贼,144
山坡,144
查不到,144
公交,144
金币,144
幫手,144
公交车,144
現代,144
营养,144
這類,144
声响,144
萝丝,144
認罪,144
风声,144
那去,144
头等舱,144
還用,144
进门,144
己,144
付清,144
他本,144
嗣,144
举手,144
卡西迪,144
无名,144
謠言,144
年輕,143
平行,143
莱斯利,143
否决,143
床垫,143
一宗,143
響,143
对外,143
那東西,143
帶到,143
常用,143
分部,143
一朵,143
快进去,143
奖品,143
两架,143
奖章,143
市里,143
女婿,143
掙,143
可怜虫,143
扩散,143
问话,143
带枪,143
梦到,143
默斯,143
格雷夫,143
栖息地,143
出没,143
遺囑,143
海克,143
高一,143
大好人,143
骑着,143
某處,143
差距,143
消毒,143
打烂,143
费舍,143
哈拉,143
满月,143
零食,143
小意思,143
杏,143
条例,143
曼斯,143
蘭德爾,143
会议室,143
过会儿,143
讨人喜欢,143
法定,143
状,143
观测,143
要开,143
一罐,143
德伯,143
统一,143
铲,143
坚固,143
一试,143
富,143
退化,143
责备,143
丽兹,143
只为,143
下樓,143
還帶,143
奋力,143
斗士,143
救生,143
马洛,143
阵亡,143
小說,143
小刀,143
別激動,143
更换,143
孵化,143
稯,143
稴,143
品尝,142
四人,142
书写,142
贏,142
仙人掌,142
后备,142
正轨,142
卫队,142
阿司匹林,142
止血,142
喷泉,142
貨,142
有鬼,142
橡树,142
迷幻,142
公文包,142
管教,142
赤裸,142
斯大林,142
嗓音,142
混血,142
塔莎,142
走投无路,142
還讓,142
康那利,142
琳達,142
越大,142
脑海中,142
熟知,142
絕,142
匆匆,142
扛,142
备份,142
不合理,142
促使,142
声誉,142
接听,142
面条,142
弗洛伦斯,142
不杀,142
歌劇,142
抗議,142
怎會,142
部件,142
跡象,142
火警,142
伊莉莎白,142
進屋,142
分解,142
外科医生,142
排成,142
刑期,142
數到,142
毒枭,142
脈,142
類似,142
創傷,142
削弱,142
關進,142
萝,142
破產,142
新月,142
Χ,141
罗兰,141
名称,141
林先生,141
笨拙,141
宣战,141
王者,141
联手,141
데,141
世事,141
广阔,141
麦基,141
陪同,141
新书,141
十二个,141
肝,141
项圈,141
分数,141
灌醉,141
往下,141
留点,141
黄蜂,141
饱,141
心甘情愿,141
標志,141
照相机,141
對待,141
一块钱,141
需要的话,141
违抗,141
別怕,141
愈合,141
绘画,141
合作伙伴,141
谋杀罪,141
會成,141
走狗,141
闹剧,141
吉祥物,141
芒果,141
揽,141
莎朵,141
穆斯,141
苏利文,141
别乱,141
悔恨,141
魔術,141
肥胖,141
信給,141
最酷,141
嗚,141
犹如,141
朋也君,141
西南,141
小点声,141
橙色,141
販毒,141
恐怖主义,141
复活节,141
录下来,141
專注,141
經到,141
加以,141
防护,141
划船,141
加利福尼,141
日夜,141
说道,141
浑蛋,141
模特儿,141
連接,140
發型,140
在世,140
模,140
科恩,140
这全,140
伯克霍,140
滑倒,140
高档,140
班尼,140
化學,140
韩,140
两半,140
亲口,140
这头,140
只在乎,140
橙汁,140
性质,140
教区,140
有朝一日,140
戲,140
正午,140
溜冰,140
薛德,140
那張,140
卖出,140
昨夜,140
佩斯,140
觅,140
余,140
康斯坦,140
萬物,140
德伯格,140
追到,140
活到,140
第一眼,140
进口,140
天意,140
情歌,140
启示,140
右舷,140
猫王,140
猶豫,140
讲个,140
希瑟,140
坚硬,140
熔化,140
炼狱,140
低于,140
至尊,140
多尼,140
盠,140
歌聲,140
出獄,140
稍息,140
遭殃,140
小不点,140
但別,140
瞎扯,140
網球,140
换掉,140
弦,140
敲門,140
顶部,140
繼承,140
病假,140
利尔,140
直视,140
圣地亚哥,140
口令,140
融洽,140
七個,140
斯克利夫,140
總督,140
维吉尼亚,140
歇爾,140
压迫,140
江湖,140
那点,140
睝,140
发给你,140
歧视,140
共鸣,140
删掉,140
暴风,140
臉色,140
药水,140
海鸥,140
這時,140
識,140
管事,139
ű,139
ل,139
得够,139
回音,139
印记,139
胡椒,139
昏,139
堅信,139
視線,139
排斥,139
击球,139
高興能,139
山路,139
太好,139
五块,139
百万富翁,139
常规,139
霍伊特,139
移交,139
百萬,139
這身,139
个子,139
开庭,139
归还,139
温斯顿,139
許可,139
沽,139
你明,139
称赞,139
捉弄,139
想得美,139
睾丸,139
意想不到,139
器材,139
遙遠,139
一秒钟,139
丹特,139
軟弱,139
引發,139
一瞬,139
還把,139
大有,139
散散步,139
快上来,139
看个,139
小兔子,139
佩内洛普,139
伽马,139
捕鱼,139
擦伤,139
变老,139
碪,139
寸,139
新西兰,139
查過,139
牵涉,139
還有點,139
查找,139
萬圣節,139
消磨,139
岸,139
開發,139
卡蜜,139
让给,139
借此,139
能救,139
只求,139
延长,139
禁忌,139
毋庸置疑,139
總算,139
到現,139
煤,139
快餐,139
反过来,139
斯圖爾特,139
队形,139
思绪,139
听错,139
機關,139
阿特,139
探讨,138
一棵树,138
茶水,138
一如,138
殆尽,138
手动,138
开灯,138
几只,138
运河,138
駐,138
开船,138
唱得,138
举杯,138
召回,138
死路,138
沒告訴,138
车库里,138
牙膏,138
山丘,138
这杯,138
守護,138
物理学,138
一针,138
麻,138
林恩,138
说唱,138
加布里,138
好轉,138
上游,138
接过,138
還多,138
狱警,138
別煩,138
丝绸,138
共产党,138
层面,138
摩纳哥,138
樓上,138
下葬,138
靈感,138
別給,138
家園,138
平分,138
另有,138
吽,138
换取,138
迫切,138
达芬奇,138
验尸官,138
四千,138
勉強,138
丹妮,138
引渡,138
源头,138
들,138
倒闭,138
訂婚,138
人太多,138
爬梯,138
施工,138
炉子,138
事宜,138
呸,138
歉意,138
谦虚,138
照耀,138
毁坏,138
打探,138
丰厚,138
貝蒂,138
協會,138
把戲,138
河马,138
预想,138
違背,138
保时捷,138
献身,138
认不出,138
倘若,138
鞍,138
普丽娅,138
吃些,138
鮮血,138
喃嘛,138
这样一来,138
布伦达,138
果冻,138
这所,138
啊啊啊,138
僵硬,138
圣诞树,138
罚单,138
點了,138
地产,138
种族歧视,138
侚,138
禥,138
替罪羊,138
理所当然,138
开了个,138
米琪,137
战,137
延迟,137
女伴,137
你哥,137
叮當,137
ㄉ,137
默多克,137
很困,137
济慈,137
快離開,137
然後呢,137
婚事,137
糵,137
만,137
空缺,137
嬉皮士,137
跟前,137
胆小,137
好似,137
好意思,137
这得,137
终将,137
至上,137
遗愿,137
酬劳,137
华莱士,137
秘鲁,137
来此,137
餐,137
独角兽,137
抢银行,137
七點,137
尔特,137
業,137
记载,137
酋長,137
折断,137
盤子,137
保险柜,137
哨兵,137
汉尼拔,137
獲勝,137
学着,137
新墨西哥州,137
不复存在,137
先给,137
丹麥,137
东边,137
鴨子,137
安卓,137
下集,137
優雅,137
無畏,137
苏打水,137
当兵,137
打折,137
謎,137
自稱,137
岍,137
哈里森,137
沙皇,137
止痛药,137
借钱,137
徒步,137
高点,137
粗俗,137
得主,137
跑不了,137
手提包,137
手下留情,137
敢于,137
尽管如此,137
博比,137
布雷克,137
君王,137
精通,137
他醒,137
记错,137
爱心,137
低調,137
弯曲,137
火把,137
扫帚,137
找过,137
躯体,137
親近,137
籃球,137
缺席,137
陰影,137
賬,137
带进来,136
恐嚇,136
蒙古,136
远程,136
号角,136
风中,136
热身,136
深受,136
堕胎,136
柯克,136
第三集,136
遗弃,136
衡量,136
吹甫,136
关机,136
漢娜,136
海峡,136
供给,136
罐头,136
很榮,136
福吉,136
枪毙,136
伦,136
东尼,136
枪法,136
侧面,136
顶层,136
高端,136
修补,136
斯博士,136
三角洲,136
嫩,136
昆廷,136
看病,136
大拇指,136
转达,136
咩,136
吃饱,136
拴,136
羊肉,136
路線,136
水槽,136
埃娃,136
输给,136
跟不上,136
魅影,136
财政,136
泰坦,136
桃乐西,136
洛城,136
弗罗,136
宾客,136
绽放,136
梦游,136
关照,136
大都,136
野,136
迷上,136
多半,136
一世,136
一幢,136
凋零,136
總比,136
緓,136
咂,136
一记,136
添加,136
妨礙,136
合約,136
闭上嘴,136
磀,136
惹火,136
碍事,136
足迹,136
活埋,136
笨笨,136
幫到,136
落得,136
歌星,136
往日,136
转化,136
不易,136
养育,136
德克萨斯,136
属,136
安息日,136
加薪,136
茱恩,136
路過,136
痣,136
頭條,136
米卡,136
匹兹堡,136
后边,135
枪口,135
共产主义,135
查出来,135
臭死,135
美杜莎,135
米洛,135
海狮,135
采,135
發言,135
守护神,135
聐,135
富豪,135
干旱,135
争夺,135
情侶,135
取暖,135
变暖,135
做件,135
格瑞特,135
素描,135
過敏,135
銷售,135
地被,135
聊得,135
换来,135
判決,135
攔住,135
激进,135
辅助,135
投手,135
迪安,135
丢弃,135
最长,135
苔丝,135
洗车,135
早日,135
根源,135
敌意,135
写出,135
献上,135
縉,135
摆动,135
杰里,135
葡萄干,135
陷入困境,135
裝滿,135
珊迪,135
提防,135
劳,135
搁,135
垦炳,135
適當,135
添麻烦,135
三张,135
輪胎,135
独,135
基尔,135
首饰,135
香料,135
唐納,135
艰苦,135
禽獸,135
滥用,135
聯合國,135
会谈,135
梅斯,135
士,135
轨迹,135
或種,135
名義,135
開頭,135
心臟病,134
拉米,134
艾滋,134
乔伊斯,134
爪,134
什麼關,134
十五分,134
不會給,134
卵子,134
混淆,134
倒退,134
拨打,134
你够,134
阿巴,134
唇,134
轻而易举,134
综合,134
想來,134
账号,134
撕开,134
闻闻,134
大错,134
嘲,134
勒姆,134
小妹,134
难民,134
字典,134
险境,134
麦凯恩,134
引开,134
放逐,134
头目,134
佐拉,134
马匹,134
救星,134
音响,134
没人要,134
坦帕,134
考特,134
影,134
當著,134
折扣,134
監禁,134
玜,134
彗星,134
黄昏,134
过活,134
包袱,134
做起,134
格雷厄姆,134
迭,134
消极,134
從前,134
送货,134
島上,134
只差,134
漆黑,134
理清,134
篡改,134
偷來,134
控方,134
卡普兰,134
伍,134
簽了,134
挂掉,134
粉刷,134
国际刑警,134
畫家,134
拔掉,134
四重奏,134
艾莉絲,134
戒备,134
壘,134
智障,134
柄,134
美德,134
开往,134
真對,134
我作,134
锁起来,134
四号,134
渣滓,134
點的,134
入伙,134
内幕,134
早飯,134
弄些,134
重伤,134
晦,134
鐘內,133
磨蹭,133
蛋白质,133
火山爆发,133
华德,133
斯蒂尔,133
以求,133
只手,133
憧憬,133
身在,133
公会,133
直面,133
光榮,133
借助,133
沙龙,133
所要,133
铐,133
浪漫史,133
轉,133
很蠢,133
西莉亚,133
帆船,133
领航员,133
捕捉到,133
處決,133
科利,133
將是,133
做作,133
远古,133
多愁善感,133
太贵,133
搜身,133
辊,133
尔菲,133
骑车,133
上千,133
有情,133
吸气,133
缇,133
毕业生,133
請客,133
純潔,133
搞鬼,133
优美,133
补,133
术语,133
可救,133
兄,133
针头,133
聖誕節,133
盧克,133
科爾,133
童話,133
马儿,133
尼克松,133
水分,133
真命天子,133
热门,133
无所不能,133
艾麗莎,133
大盗,133
醒来时,133
杰利柯,133
答对,133
肾,133
有失,133
熄火,133
雷波,133
突发,133
队里,133
绿巨人,133
根本无法,133
岸上,133
開放,133
凶猛,133
支舞,133
送信,133
鬼扯,133
拉丁语,133
淫荡,133
内脏,133
那頭,133
這本,133
禁足,133
警力,133
梅里,133
巴哈,133
一战,133
特点,133
起司,133
特警,132
發過,132
出乎意料,132
起点,132
里基,132
十一点,132
初恋,132
漂流,132
退路,132
崩塌,132
要害,132
布伦特,132
吉他手,132
柱子,132
伤员,132
书呆子,132
海岸线,132
一來,132
莱尔,132
双重,132
和善,132
韓琛,132
和睦,132
手艺,132
日益,132
衛,132
鳥兒,132
稳,132
太緊,132
难闻,132
還來,132
河邊,132
苏珊娜,132
嘉,132
前景,132
分支,132
夸大,132
瓜葛,132
西区,132
熱,132
拍卖会,132
防范,132
哉,132
梳子,132
寶藏,132
祔,132
停不下来,132
环节,132
生殖器,132
幾分,132
產品,132
射死,132
炒鱿鱼,132
王上,132
呼救,132
难度,132
收视率,132
秃鹰,132
综合症,132
別擋,132
礮,132
斯萊德,132
詹,132
每當,132
票房,132
插进,132
兩者,132
纔,132
走掉,132
東部,132
第一场,132
出行,132
派瑞,132
几件,132
便利店,132
本土,132
影星,132
不正,132
物件,132
沉船,132
超爱,131
来袭,131
曼哈頓,131
不顧,131
诽谤,131
称作,131
嶺,131
門徒,131
日语,131
废除,131
別處,131
惯例,131
十七,131
惡作劇,131
灌木,131
撲,131
从头到尾,131
十點,131
最壞,131
我講,131
提姆,131
课长,131
基德曼,131
气质,131
收音,131
改名,131
秃鹫,131
个别,131
迪诺,131
执法,131
长度,131
青椒,131
可说,131
历经,131
严禁,131
追赶,131
弗瑞,131
服務員,131
神马,131
错乱,131
設施,131
具备,131
迪米,131
巴雅,131
尼斯湖,131
裡的,131
紧迫,131
死光,131
敌,131
犀利,131
耽誤,131
生小孩,131
原告,131
親眼,131
垮,131
盯住,131
坐船,131
亲王,131
二月,131
妆,131
脱口秀,131
奥尼尔,131
拘留所,131
菲尼克斯,131
凯丽,131
越界,131
暴雨,131
曲奇,131
上給,131
避難,131
偷拍,131
舠,131
法警,131
扔下去,131
驱动,131
小吃,131
干不了,131
坐著,131
经费,131
彼此彼此,131
總覺,131
真不该,131
婆娘,131
前程,131
没钱,131
右侧,131
救过,131
軌道,131
動機,131
資助,131
面纱,131
中队,131
流出,131
维克托,131
獎勵,131
两件,131
另一端,131
地儿,131
宫城,131
列表,130
赖安,130
下达,130
冻,130
打伤,130
付不起,130
天文学家,130
牙买加,130
主张,130
５,130
伯恩斯坦,130
这篇,130
黛维娜,130
溺死,130
圣殿,130
鹤,130
诺兰,130
化妆品,130
警卫队,130
球隊,130
万事,130
塔格,130
至此,130
拎,130
操縱,130
平安夜,130
裁缝,130
小麦,130
赫斯,130
事发,130
看护,130
之谜,130
小鳥,130
巴利,130
燒掉,130
效应,130
隐秘,130
悉尼,130
加冕,130
的門,130
赛克斯,130
埃斯,130
原子弹,130
烏,130
阿波罗,130
巴瑞,130
点击,130
点头,130
追究,130
盼望,130
喋喋不休,130
小艾,130
霹雳,130
烧焦,130
深知,130
先说,130
睪,130
恭候,130
先锋,130
走失,130
我愛他,130
腳下,130
替换,130
這嗎,130
丽丝,130
所用,130
樣本,130
坍塌,130
所罗门,130
停电,130
九點,130
十万,130
捚,130
密西西比,130
何况,130
避孕套,130
林茨,130
十二月,130
处处,130
有生之年,130
奥秘,130
請給,130
極度,130
戲團,130
曬,130
極端,129
灵活,129
阿兰,129
ヮ,129
珼,129
交情,129
皮鞋,129
珍貴,129
赌局,129
惡魔,129
除外,129
十二点,129
熱烈,129
说不出,129
山大,129
铁轨,129
接入,129
生成,129
會變,129
小美女,129
恐怖袭击,129
真笨,129
协商,129
过瘾,129
曼谷,129
之火,129
格外,129
剥,129
拷问,129
第十,129
賓館,129
節日,129
向往,129
战后,129
另一面,129
修斯,129
中西部,129
車輛,129
搜救,129
没电,129
保鏢,129
있,129
項,129
放任,129
塞勒斯,129
此后,129
自主,129
别误会,129
伊莲娜,129
走来,129
地铁站,129
甲虫,129
笑柄,129
衬衣,129
兵力,129
卓斌,129
大亨,129
月底,129
倫,129
拉上,129
貪婪,129
漸漸,129
图书,129
图表,129
告密者,129
指導,129
開關,129
暗夜,129
爱看,129
插嘴,129
這說,129
趕出,129
別來,129
雷克斯,129
后門,129
能为,129
搭车,129
站台,129
比克,129
孩童,129
打了个,129
溅,129
却说,129
无用,129
生出,129
資訊,129
不說,129
時空,129
小花,129
機長,129
知觉,129
魏斯,129
漆,129
搞不清,129
打獵,129
聲稱,129
参赛者,129
统治者,129
清潔,129
皮条客,129
沒門,129
紧密,129
约瑟,129
聘请,129
賭注,129
楊,129
質,129
不适,129
靶子,129
哈勃,128
鍛煉,128
正前方,128
優,128
很帥,128
血流,128
截住,128
重启,128
措手不及,128
户外,128
那該,128
谋生,128
恐惧症,128
小老鼠,128
克隆人,128
行头,128
加勒特,128
特種,128
華生,128
麗貝卡,128
動力,128
不听话,128
身穿,128
高敦,128
虎克,128
案发,128
寄給,128
装着,128
蒙哥马利,128
當做,128
我关,128
食堂,128
帳戶,128
协定,128
众神,128
旗,128
面向,128
精疲力尽,128
得花,128
收钱,128
上市,128
太差,128
太妙,128
在我心中,128
相符,128
喝个,128
高雅,128
罗莎,128
四名,128
娘養,128
醫學,128
动摇,128
打通,128
場面,128
寡婦,128
帮人,128
静,128
并肩,128
大錯,128
昆汀,128
狂暴,128
甜點,128
棋子,128
偏僻,128
皮拉,128
偷窥,128
火炉,128
雇傭,128
면,128
莱登,128
凳子,128
波顿,128
黑进,128
抵御,128
升級,128
溜出去,128
懷,128
格雷斯,128
安全部,128
埋藏,127
阿金,127
打扰到,127
患上,127
积蓄,127
现有,127
七岁,127
三年级,127
干過,127
神仙,127
表姐,127
グ,127
黑魔法,127
成像,127
左側,127
部族,127
皮毛,127
審問,127
展開,127
驾驭,127
有大,127
餅干,127
不能容忍,127
不回,127
弓,127
玵,127
识字,127
竖,127
饭碗,127
克里斯塔,127
比方说,127
驾驶舱,127
传感器,127
伎俩,127
干预,127
寄生,127
蜂,127
靴,127
艾滋病,127
叫作,127
举报,127
穩住,127
裤,127
跳水,127
之事,127
铲子,127
咖,127
睁开,127
不賴,127
巨石,127
神經病,127
假定,127
詛咒者,127
华特,127
致电,127
他爸,127
搞垮,127
淘氣,127
领会,127
團體,127
没睡,127
看样,127
尔德,127
豆腐,127
驢,127
校友,127
平庸,127
发言人,127
制成,127
不太想,127
鮑,127
真爽,127
死地,127
直走,127
核对,127
没拿到,127
纽曼,127
正忙着,127
越共,127
琉衣,127
鸦片,127
脑部,127
遺傳,127
哺乳动物,127
阿尔伯特,127
國內,127
魯,127
野狗,127
小聲點,127
维苏威,127
奎因,127
维斯特,127
撒哈拉,127
老房子,127
中央公园,127
人大,127
沒得,127
吃過,127
无线,127
电流,127
迪拜,127
所羅門,127
维多,127
大半夜,126
磷,126
搭便车,126
遗书,126
狩獵,126
不喜,126
牛顿,126
首領,126
收缩,126
长老,126
誤解,126
綤,126
土星,126
他开,126
深切,126
爱慕,126
流浪狗,126
消散,126
蟋蟀,126
冰上,126
偽造,126
雙,126
有点累,126
這幾天,126
理应,126
赚大钱,126
赖斯,126
要麼,126
讨厌鬼,126
問候,126
偏离,126
靠你了,126
設定,126
體重,126
走散,126
乐于,126
下药,126
約束,126
白金,126
这名,126
别笑,126
恨不得,126
首字母,126
等會兒,126
一二,126
肺炎,126
脸颊,126
晚些,126
中文,126
分明,126
分布,126
看中,126
在手,126
手举,126
帕蒂,126
吋,126
隔離,126
发飙,126
導彈,126
马达,126
杀人案,126
丰盛,126
连累,126
登陸,126
卡普托,126
第六感,126
流向,126
敬畏,126
夢里,126
巡逻队,126
再會,126
無事,126
爆裂,126
睿,126
第二集,126
侍者,126
世代,126
曲线,126
居,126
阿福,126
红线,126
个体,126
宅,126
哲学家,126
拿个,126
我记,126
随身带,126
議會,126
極其,126
提問,126
侥,126
撤出,126
血型,125
破车,125
撞球,125
冤枉,125
罗宾汉,125
海沟,125
這棟,125
有车,125
有責任,125
贝萨妮,125
叛国,125
皮博迪,125
不明智,125
心声,125
盟军,125
齐心协力,125
為榮,125
农业,125
犯錯,125
全民,125
格拉斯,125
蒂诺,125
已然,125
抛开,125
没人敢,125
歌剧院,125
垃圾袋,125
阻擋,125
巴巴,125
见识一下,125
车窗,125
维纳斯,125
拭目以待,125
高温,125
全然,125
憨,125
费心,125
滚石,125
兜兜,125
考古,125
嗅到,125
厭惡,125
單純,125
我勒个,125
手肘,125
洛德,125
孕妇,125
紋身,125
温迪,125
失明,125
不省人事,125
人干,125
传承,125
韦斯特,125
韦尔,125
시,125
美航,125
兩種,125
看上,125
罚款,125
外交部,125
平淡,125
支出,125
痛楚,125
傻笑,125
正派,125
两颗,125
别停,125
毕加索,125
继母,125
逮捕令,125
計算機,125
试探,125
时钟,125
从那时起,125
圭,125
這絕,125
著手,125
致意,125
顿饭,125
我往,125
朝向,125
夺去,125
夾克,125
君特,125
傳達,125
几十年,125
烟花,125
摇篮,125
热心,125
承包商,125
苏醒,125
捷径,125
獵物,125
维加斯,125
三杯,125
恐怖片,125
吞下,125
這比,125
小忙,125
货船,125
歡呼,125
五娘,125
上身,125
ф,125
戰隊,125
依照,125
性行为,124
反恐,124
罰,124
撫養,124
獵,124
灿烂,124
发号施令,124
打高尔夫,124
换句话说,124
國安局,124
畄,124
町,124
刚来,124
路途,124
額外,124
刘,124
蓋斯,124
比彻姆,124
炫,124
庄严,124
遞給,124
现实生活,124
请假,124
西服,124
债券,124
核实,124
一無,124
提夫,124
多數,124
绰,124
电动,124
消费,124
節奏,124
所得,124
伯德,124
短短,124
毒藥,124
坎贝尔,124
傷到,124
推進,124
電力,124
分类,124
獲取,124
妳是,124
妥協,124
爱是,124
印刷,124
左侧,124
亲眼看见,124
碕,124
后见,124
毛皮,124
晋,124
呣,124
不顺,124
避难,124
卡夫,124
手掌,124
送过来,124
赫尔曼,124
尖叫声,124
亞尼,124
辅导,124
克拉苏,124
沾满,124
命中,124
投訴,124
竕,124
教学,124
婚后,124
教养,124
日光,124
波尔,124
颈,124
空前,124
報到,124
牧場,124
请勿,124
喊叫,124
世贸中心,124
普斯,124
出力,124
若有,124
下回,124
太子,124
收割,124
尽兴,124
太少,124
槍聲,124
相亲,124
代尔,124
受宠若惊,124
开端,124
琁,124
鬼鬼祟祟,124
貝爾,124
乔尔,124
并肩作战,124
暫,124
趁着,124
无处,124
玩牌,124
害人,124
托尔,124
生还者,124
蹿,124
阿斯特,123
真巧,123
大部份,123
莫扎特,123
高竿,123
跑出去,123
我想給,123
詹妮,123
奎斯,123
我父,123
遥控,123
清清楚楚,123
过多,123
查斯,123
我待,123
膝,123
光照,123
长城,123
一说,123
危急,123
雷霆,123
进到,123
预料到,123
汝,123
奧爾良,123
制造商,123
妗,123
芳心,123
怪異,123
眷顾,123
草率,123
帮过,123
懒,123
ㄌ,123
公关,123
木匠,123
割断,123
沒空,123
正往,123
加仑,123
有变,123
一輛車,123
止,123
伏地,123
后腿,123
水底,123
李先生,123
紅酒,123
過話,123
揭穿,123
日内瓦,123
修正案,123
悠着点,123
澳大利,123
赤道,123
入伍,123
波動,123
認輸,123
嫂子,123
排練,123
整洁,123
通报,123
補給,123
参议院,123
今天上午,123
骨髓,123
牢牢,123
纒,123
伏击,123
叫停,123
镇里,123
過面,123
穩,123
悠里,123
蒙哥,123
远走高飞,123
感情用事,123
被绑,123
送上,123
打着,123
该不该,123
最难,123
邁爾斯,123
避開,123
做菜,123
称职,123
习俗,123
謝爾頓,123
汤玛斯,123
太遠,123
观察家,123
設計師,123
并不需要,123
說謊,123
主動,123
這要,123
珍爱,123
挤压,123
亲眼目睹,123
戏剧性,123
重塑,123
孤帆,123
實施,123
講述,123
血脉,123
克格勃,123
六岁,123
指尖,123
庇護,123
艇,123
別過,123
말,123
战火,123
飘,123
遺忘,122
陪审员,122
体育场,122
舞厅,122
重申,122
天文,122
不公,122
放火,122
下滑,122
寿司,122
封住,122
供应商,122
国务院,122
火药,122
与我无关,122
北面,122
来宾,122
孬种,122
区分,122
邀请函,122
戴克,122
雷耶斯,122
瘪,122
顽强,122
他活,122
喀拉,122
猠,122
无妨,122
排行榜,122
退下,122
他时,122
小嗝,122
勞倫斯,122
波特兰,122
烂醉,122
罗马尼亚,122
少量,122
布料,122
韩琛,122
黎巴嫩,122
肯斯,122
克拉伦斯,122
身无分文,122
治疗师,122
雞巴,122
亿万富翁,122
這已,122
减,122
幾時,122
简短,122
差异,122
微,122
白马王子,122
人工智能,122
咖啡因,122
一集,122
得奖,122
巴蒂,122
高于,122
集结,122
肆意,122
笑脸,122
計程車,122
汉姆,122
人权,122
地平线,122
亚历克,122
拼图,122
蝶,122
起到,122
出奇,122
蔓,122
營,122
卡萝,122
巴不得,122
一言,122
一串,122
西门庆,122
盆地,122
崔佛,122
五号,122
盘旋,122
这歌,122
內爾,122
攻打,122
秋季,122
净化,122
這鬼,122
公告,122
愛死,122
乾淨,122
密室,122
萨顿,122
太后,122
迈出,122
一再,122
男伴,122
常理,122
诀窍,122
獨一無二,122
使徒,122
依舊,122
凶杀,121
或暗,121
移除,121
篝火,121
廢棄,121
車廂,121
杀意,121
林克,121
球手,121
指头,121
丑八怪,121
选民,121
设立,121
鸭,121
躇,121
汪,121
送花,121
虧,121
攝像,121
深爱着,121
吉妮,121
一列,121
我待会,121
姐夫,121
摄氏度,121
宿命,121
用過,121
奎,121
机率,121
斯隆,121
潛力,121
密斯,121
预订,121
酬金,121
真為,121
橡胶,121
排隊,121
小看,121
恐怖组织,121
小時候,121
领导者,121
哪邊,121
招人,121
席位,121
一巴掌,121
来晚,121
厄爾,121
别像,121
最出色,121
蜻蜓,121
弄断,121
引出,121
血跡,121
透過,121
想成,121
行使,121
薄荷糖,121
不早,121
这瓶,121
攻下,121
預言,121
学家,121
喝下去,121
堪萨斯,121
堂兄,121
五十万,121
贾斯丁,121
收听,121
自助餐,121
阿伯,121
矿井,121
同谋,121
镇定剂,121
一顶,121
分给,121
伊莫金,121
顶多,121
逞英雄,121
ビ,121
春季,121
約翰尼,121
糾纏,121
失忆,121
考慮過,121
棒棒糖,121
有够,121
遲早,121
女招待,121
艾登,121
醇,121
罗西,121
口氣,121
幸免,121
修行,121
立案,121
婚外情,121
露天,121
黛安,121
還未,121
两岁,121
這東,121
甘心,121
有条,121
絕不,121
挑選,121
泰國,121
太平,121
湊,121
蒙提,121
赚点,121
你連,121
내,121
昔日,121
不止一次,121
那招,121
檢測,120
奈,120
好怕,120
鴨,120
衰竭,120
樹上,120
最高法院,120
玛丽娜,120
小貓,120
拉链,120
而戰,120
感應,120
感受一下,120
殖民,120
迟些,120
先進,120
比特,120
罪魁祸首,120
置身,120
反叛,120
雌,120
莫西,120
鼻,120
璖,120
辛克莱,120
購買,120
灯泡,120
瑌,120
不速之客,120
几秒钟,120
偽裝,120
上锁,120
戴面具,120
敷衍,120
毛毛,120
球員,120
番茄酱,120
精神分裂,120
惊艳,120
不同寻常,120
我接,120
別以,120
袍子,120
多伦多,120
刀疤,120
姿态,120
腳步,120
神志不清,120
零下,120
蒂尔,120
顺风,120
帕尔默,120
喂食,120
陰道,120
喃喃,120
探戈,120
沉迷于,120
工會,120
分头,120
尘埃,120
奏,120
九头,120
架上,120
良知,120
车轮,120
佛州,120
前線,120
没救,120
威斯康辛,120
三种,120
作何,120
弗莱德,120
傾向,120
波兰人,120
填补,120
論文,120
悔,120
上层,120
跡,120
尤物,120
賜予,120
禮服,120
蘭斯,120
發燒,120
红灯,120
临癘,120
撕掉,120
寶貴,120
硬汉,120
联邦政府,120
盲人,120
大會,120
谅解,120
手頭,120
之死,120
佣人,120
后者,120
私底下,120
这待,120
稱稱,120
洗掉,120
湮,120
资本,120
吼吼,120
满嘴,120
心态,120
碉堡,120
規律,120
歉,120
惭愧,120
庇佑,120
十字路口,120
米斯,120
鐘前,119
賦予,119
修道士,119
用得上,119
微信,119
鲍,119
马利克,119
奢望,119
消亡,119
吉尔伯特,119
吉赛尔,119
第四集,119
作曲,119
好开心,119
奢华,119
地產,119
睡觉时,119
烂透,119
哥伦布,119
嘗,119
油井,119
演戲,119
机灵,119
卡門,119
信教,119
雾,119
骨架,119
敌方,119
巨浪,119
学过,119
太瘋狂,119
移走,119
債務,119
伊卡,119
胜利者,119
小把戏,119
耕,119
刺痛,119
拳击手,119
負責任,119
县,119
編輯,119
快想,119
終點,119
潜伏,119
小杂种,119
逍遥,119
蓝莓,119
单帝,119
无可救药,119
班里,119
舞曲,119
熱狗,119
服務生,119
罗宾逊,119
贝琪,119
開場,119
啰嗦,119
降下,119
凡是,119
派上用场,119
烙印,119
給我點,119
奮斗,119
飛到,119
遠方,119
椋,119
十個,119
偷袭,119
脸蛋,119
伞,119
巴拉,119
游戏规则,119
中介,119
換成,119
残疾,119
媽是,119
案情,119
布魯克林,119
當過,119
登台,119
殘殺,119
彩色,119
视角,119
视,119
放回,119
疤,119
可见,119
多遠,119
卡什,119
分队,119
诺克,119
香腸,119
池子,119
手术室,119
献出,119
二叔,119
醫師,119
洪,119
弄點,119
玪,119
起因,119
买下来,119
联想,119
枪伤,119
那輛車,119
一倍,119
運轉,119
米尔斯,119
籃,119
专业人士,119
属实,119
年级,119
全部都是,119
未了,119
伊索,119
影迷,119
只见,118
每位,118
拘,118
刮目相看,118
睡著,118
貨幣,118
韋爾,118
這你,118
成不了,118
艾米麗,118
木頭,118
洗碗,118
第一任,118
雅典,118
闻名,118
各樣,118
妄想症,118
亲属,118
王朝,118
它給,118
七号,118
平安无事,118
降生,118
走進,118
趕過,118
這回,118
賄賂,118
镜,118
发育,118
迟钝,118
迦楼,118
磁场,118
受罪,118
撬,118
题材,118
不大好,118
会以,118
妻,118
弱小,118
当今,118
节哀顺变,118
故乡,118
洗腦,118
洗衣机,118
索马里,118
造反,118
孤零零,118
牲畜,118
控诉,118
看書,118
杜比,118
贫困,118
帕梅拉,118
還有個,118
援手,118
布坎南,118
独立宣言,118
欺诈,118
失火,118
闷,118
連環,118
范妮,118
太天真,118
压住,118
解决方案,118
狂欢节,118
跑过来,118
選中,118
挣脱,118
漏水,118
虚张声势,118
默里,118
偿,118
輸入,118
终结者,118
路邊,118
使人,118
城门,118
股市,118
皮革,118
那女,118
彻,118
死法,118
甘地,118
专属,118
中國人,118
志愿,118
音量,118
壞事,118
动手术,118
內疚,118
兩件,118
顶上,118
铜,118
下潜,118
禿,118
艾沃,118
开展,118
臂,118
十九,118
最受,118
挑战者,118
挑衅,118
罗德里格斯,118
想像力,118
註,118
有待,118
恭维,118
常人,118
能查,118
村莊,118
利奧,118
趁机,118
交战,117
戒律,117
起草,117
戒烟,117
東方,117
這看,117
萨莉,117
预知,117
試鏡,117
干系,117
嘿咻,117
联系人,117
ǜ,117
琂,117
唏,117
增大,117
로,117
缺口,117
航母,117
斃,117
尼玛,117
没多久,117
课堂,117
守规矩,117
他長,117
霍顿,117
刚拳,117
安稳,117
掉頭,117
令尊,117
帐单,117
當是,117
南美洲,117
閃開,117
兩條,117
僵,117
驚奇,117
快些,117
不玩,117
很丑,117
故,117
道尔,117
德性,117
打嗝,117
心理准备,117
駕照,117
本应,117
科比,117
羞恥,117
卖出去,117
上庭,117
窰,117
菊,117
高利,117
胡言,117
瓷器,117
化妆舞会,117
弄脏,117
飞来,117
引人注意,117
不帶,117
福林,117
货色,117
終身,117
龟悔,117
收費,117
少數,117
熏肉,117
驢子,117
锁好,117
摆布,117
写得,117
勇猛,117
湖水,117
巴克斯,117
太阳能,117
穆勒,117
办好,117
皚,117
肝脏,117
費城,117
轰动,117
弹钢琴,117
每件,117
许诺,117
姉,117
好過,117
维基,117
食欲,117
当上,117
塔台,117
亨德森,117
鬼才,117
睁,117
別無選擇,117
瞧不起,117
聞起,117
泄密,117
阿杰,117
地貌,117
緊緊,117
到头来,117
魯迪,117
模擬,117
克莉斯,117
惹事,117
梳理,117
祝好,117
小木屋,117
橙,117
機上,117
电路,117
笹,117
錄,117
几百年,117
要查,117
年间,117
口哨,117
他出,117
他关,117
不同于,117
阿利,117
奥林匹斯,116
莫顿,116
莫大,116
挂断,116
辨认,116
开出,116
庭上,116
米歇爾,116
抽空,116
丘吉尔,116
想見,116
主导,116
做客,116
硬幣,116
做什麼,116
球童,116
赴,116
艾里森,116
赖,116
一门,116
土耳其人,116
监护权,116
上吊,116
官僚,116
逃不了,116
剛從,116
芮根,116
亚拉,116
假牙,116
阿尼,116
课上,116
馴鹿,116
还击,116
诚挚,116
丫头,116
诺夫,116
癩,116
肢解,116
歷過,116
细小,116
安布,116
薩拉,116
鱼类,116
调戏,116
大佬,116
成百上千,116
渺茫,116
路径,116
爱抚,116
提米,116
调皮,116
埃利斯,116
丽塔,116
公公,116
美利,116
席卷,116
務,116
不變,116
小步,116
出个,116
托肯,116
瞺,116
强劲,116
一夜情,116
八号,116
因而,116
天王,116
戴眼镜,116
φ,116
暴风雪,116
戴爾,116
署名,116
舍伍德,116
强悍,116
再要,116
總要,116
没骗,116
車嗎,116
英鎊,116
英格,116
二十分,116
糷,116
骰子,116
丽亚,116
佳,116
机遇,116
双脚,116
那名,116
小点,116
佩蒂,116
佩特,116
社团,116
誰給,116
停职,116
窽,116
窝囊废,116
投资者,116
践踏,116
收好,116
佣金,116
篋,116
传单,116
雞尾酒,116
两家,116
肸,116
校稿,116
拍拍,116
當一個,116
剎車,116
孔雀,116
相应,116
难听,116
想通,116
別用,116
敬仰,116
妞儿,116
钓到,116
遗迹,116
黑水,116
遗失,116
急救箱,116
權威,116
诚意,115
拉芙,115
相通,115
屏障,115
心地,115
共進,115
鱼骨头,115
饱受,115
溫妮,115
纽金特,115
赛场,115
描,115
州政府,115
領養,115
老古董,115
一举一动,115
昏过去,115
见解,115
屏蔽,115
久留,115
星期日,115
逃不出,115
基思,115
推向,115
学生会,115
鐵路,115
田中,115
轉變,115
全市,115
出人意料,115
兮兮,115
与世隔绝,115
浪子,115
防弹衣,115
库鲁,115
毛茸茸,115
挚友,115
極限,115
流汗,115
用户,115
用水,115
蓋伊,115
何況,115
巴格达,115
發覺,115
提拔,115
土著,115
吉布森,115
钻进,115
跨过,115
说到做到,115
特蕾西,115
不然的话,115
加勒比海,115
咨詢,115
从未有过,115
谢尔曼,115
音姐,115
音樂會,115
进军,115
质问,115
似,115
凑,115
笔迹,115
佳人,115
丽斯,115
軍方,115
然後他,115
机制,115
携手,115
八千,115
疑,115
救生艇,115
收獲,115
宝物,115
累赘,115
自保,115
布萊克,115
胡克,115
极好,115
绝非,115
獁,115
克里斯琴,115
威尔斯,115
某种意义,115
一束,115
呼喚,115
通心粉,115
睿智,115
到此结束,115
波多黎各,115
波浪,115
别玩,115
光天化日,115
男主角,115
恶人,115
讲完,115
那當然,115
鬼谷子,115
聽器,115
招手,115
好时机,115
耳熟,115
訴訟,115
男爵夫人,115
畓,115
槍擊,115
短路,115
军情,115
产卵,115
奥古斯,115
高斯,115
释怀,115
海平面,115
脑筋,115
海伦娜,115
变为,115
血統,115
脓,114
冥想,114
权益,114
苦苦,114
体制,114
警报器,114
万人,114
庭院,114
人里,114
浓度,114
ǚ,114
团团转,114
選票,114
侣,114
夺取,114
跋涉,114
羊群,114
云霄,114
丁丁,114
掀,114
第六集,114
這做,114
傳給,114
合影,114
脸庞,114
國土,114
我时,114
公尺,114
记不住,114
夸張,114
糖浆,114
华纳,114
无时无刻,114
洛特,114
渗透,114
我喜,114
断裂,114
一千万,114
哑巴,114
餅,114
两百万,114
蒙在鼓里,114
肯塔基州,114
殡仪馆,114
解读,114
一餐,114
歸來,114
分泌,114
卡勒,114
描绘,114
骚动,114
巴拉德,114
發送,114
歩,114
拖累,114
吉拉,114
讨价还价,114
舌,114
振动,114
拆开,114
微博,114
太赞,114
倪,114
差遣,114
已成,114
屠库,114
门廊,114
岌岌可危,114
全场,114
何种,114
哈伯,114
鱼子酱,114
門外,114
之处,114
索里,114
本市,114
香煙,114
酒后,114
展覽,114
一角,114
爐,114
列入,114
預定,114
欴,114
老遠,114
紫外线,114
攻,114
大廈,114
没人来,114
拥挤,114
水落石出,114
雙方,114
储备,114
我的頭,114
普莱斯,114
胜算,114
踏入,114
进程,114
車的,114
装在,114
大树,114
快起,114
串,114
緣,114
家门口,114
驳回,114
愛過,114
小費,114
模樣,114
小心翼翼,114
通用,114
托付,114
托妮,114
克莱德,114
恐龍,114
场上,114
对劲,114
瞳,114
小人物,114
槍支,114
悄然,114
行業,114
趕去,114
消沉,114
出價,114
鹿角,114
庞贝,114
七百,114
律所,113
总理,113
回顧,113
裝飾,113
干涸,113
清扫,113
迪奇,113
天涯海角,113
排出,113
嘉迪雅,113
鉴证,113
這一個,113
每家,113
喜剧演员,113
朝鲜,113
出了名,113
更长,113
房顶,113
袭,113
托尔斯泰,113
洗钱,113
寻觅,113
布莱特,113
沙丘,113
忙活,113
之家,113
白蘭地,113
纽约大学,113
藏匿,113
王八,113
受伤害,113
温妮,113
渡,113
矣,113
幫派,113
烦躁,113
朝圣者,113
烈士,113
謊話,113
造出,113
這倒,113
福克,113
粗糙,113
仙境,113
全职,113
跑腿,113
踢足球,113
更多,113
詢問,113
血肉,113
會想,113
綝,113
认,113
纳齐尔,113
愿主,113
走得,113
水牛,113
日复一日,113
费多,113
推销员,113
慣,113
冰塊,113
喚醒,113
過著,113
圖片,113
里夫,113
宠坏,113
签了,113
第二名,113
早會,113
怠,113
老樣子,113
繩,113
照镜子,113
暗影,113
学徒,113
尸骨,113
普遍,113
湘,113
洗劫,113
戰役,113
戴帽子,113
龍卷,113
關聯,113
感觉得到,113
維爾,113
赝品,113
点着,113
监护,113
預見,113
優先,113
长话短说,113
마,113
登船,113
放荡,113
恩人,113
小渚,113
並沒有,113
穆罕默德,113
涌,113
戈里,113
花掉,113
买不到,113
扔给,113
診斷,113
全套,113
作主,113
高估,113
信上,113
布里格斯,113
好好看,113
开幕,113
不缺,113
坚守,113
餐桌上,113
駕,113
精神科,113
鲁本,113
犯规,113
犯过,113
这枚,113
余下,113
肉體,113
藏起,113
美好时光,113
重心,113
籹,113
我全,113
的貓,113
會過,113
型号,113
遍地,113
斯派克,112
乔什,112
费劲,112
柯尔特,112
缺點,112
天网,112
桃花,112
慎重,112
有生,112
火災,112
一片空白,112
뭐,112
数月,112
格罗夫,112
墩,112
赐给,112
宝马,112
帝国大厦,112
拉维斯,112
單詞,112
櫥,112
別吵,112
凶残,112
办完,112
補,112
原力,112
刀锋,112
凱撒,112
依我看,112
绞刑,112
買個,112
帮得,112
莉斯,112
粥,112
衣着,112
仙粉,112
老掉牙,112
每条,112
勾,112
慌张,112
塔利,112
太公,112
诺玛,112
抱紧,112
机舱,112
婦女,112
过些,112
碎石,112
事有,112
까,112
洋流,112
劫案,112
砐,112
巴特斯,112
纳德,112
赛车手,112
研讨会,112
飞快,112
勢力,112
蓋爾,112
卡梅隆,112
算账,112
克里希纳,112
印地安人,112
審查,112
当回事,112
当代,112
十二年,112
貝恩,112
甘道夫,112
這有點,112
重任,112
布里斯托,112
熬夜,112
阿蘅,112
通缉犯,112
モ,112
常识,112
你生,112
亞洲,112
圣洁,112
小白,112
连锁,112
年长,112
領地,112
我演,112
精准,112
喪命,112
许,112
医务室,112
拿開,112
动脉,112
我前,112
低级,112
残疾人,112
捕,112
布兰达,112
交涉,112
捐给,112
暗指,112
激進,112
更何况,112
屁話,112
光顾,112
负面,112
达成协议,112
苦恼,112
宅邸,112
贞德,112
公鸡,112
境内,112
相配,112
念念不忘,111
树丛,111
一段路,111
意下如何,111
呼吁,111
法文,111
探险家,111
瘂,111
一見,111
灌输,111
参战,111
智者,111
特曼,111
浮现,111
面谈,111
正宗,111
精確,111
你查,111
急速,111
掺和,111
毒贩子,111
沒問,111
真相大白,111
貝琪,111
我正,111
晚些时候,111
預計,111
無禮,111
事迹,111
綪,111
弃,111
杰隆,111
奴,111
生平,111
计较,111
招聘,111
致以,111
全身心,111
實習,111
坏处,111
巴爾,111
赞赏,111
籈,111
自由人,111
麦克唐纳,111
十一月,111
简称,111
很榮幸,111
画作,111
而來,111
熟练,111
摇晃,111
的關,111
最能,111
行进,111
别挂,111
抓好,111
洞察,111
圣路易斯,111
昵称,111
我姓,111
面包店,111
格蘭,111
不负责任,111
安东尼奥,111
面包车,111
金额,111
阿公,111
著作,111
迪克森,111
戰,111
舍得,111
拧,111
装上,111
二十个,111
野猫,111
很配,111
受雇,111
苔,111
口红,111
轮流,111
访谈,111
顺从,111
惡意,111
玩游,111
啪啪,111
弗兰基,111
起死回生,111
赛斯,111
露娜,111
柴,111
空闲,111
男仆,111
百慕大,111
出動,111
搞懂,111
满脸,111
地利,111
执着,111
伤者,111
锚,111
栽赃,111
還沒到,111
一丁点,111
会要,111
一二三,111
倍感,111
第七集,111
花栗鼠,111
葛蘭,111
拘束,111
代言人,111
格倫,111
懂不懂,111
大眾,111
达米安,111
生產,111
缓缓,111
米亚,111
自助,111
有把握,110
花瓣,110
前門,110
傷,110
電影里,110
查清,110
结案,110
温室,110
自相残杀,110
股东,110
所在地,110
這感覺,110
沉思,110
妮丝,110
留個,110
是夜,110
克鲁兹,110
飞镖,110
克劳迪,110
哈德逊,110
六百,110
多得,110
有水,110
目擊,110
去問,110
安顿,110
脫衣,110
尝到,110
改过自新,110
参考,110
加點,110
垂死,110
受益,110
鏽,110
脑后,110
破门,110
蔡斯,110
湿透,110
曼联,110
斛,110
圣子,110
近來,110
前才,110
八百,110
速战速决,110
頭部,110
广泛,110
拔出来,110
句号,110
寄來,110
很慘,110
小胡子,110
放着,110
被称作,110
赛事,110
展,110
啡,110
先放,110
扭转,110
白雪公主,110
显眼,110
跑不掉,110
他成,110
披肩,110
别扭,110
魔法师,110
佐罗,110
无声,110
密歇根,110
炽热,110
友達,110
火山口,110
杰基,110
筷子,110
电话响,110
會覺,110
马厩,110
柯布,110
阿拉巴马,110
补救,110
曾祖父,110
趴到,110
產常,110
发射器,110
箱里,110
有句,110
人體,110
削减,110
籌碼,110
獻給,110
五百万,110
巫術,110
此行,110
挪开,110
挥,110
死前,110
再談,110
接下去,110
周全,110
船舱,110
嘟嘟,110
車開,110
花光,110
改装,110
捕获,110
罪恶感,110
更高,110
素食,110
脫身,110
装甲,110
出其不意,110
螺旋,110
希腊人,110
仓鼠,110
童话故事,110
万年,110
巴勒斯,110
回忆起,110
標簽,109
配备,109
加工,109
尼爾森,109
頸,109
威德,109
多长,109
自闭症,109
借給,109
海蒂,109
起航,109
链子,109
便当,109
物资,109
路易斯安那州,109
观众们,109
放映,109
切斯,109
打下,109
相識,109
許還,109
预谋,109
惠特尼,109
生父,109
休斯顿,109
枪械,109
妻儿,109
告解,109
並不,109
罗利,109
恼火,109
别慌,109
辩解,109
英式,109
多夫,109
洗耳恭听,109
裂谷,109
藝術品,109
보,109
突發,109
当过,109
這招,109
外國,109
阻礙,109
拉希德,109
氣候,109
開到,109
史黛西,109
匡拒,109
啾,109
福勒,109
然後我們,109
圣水,109
违规,109
保證過,109
眾人,109
活該,109
一一,109
深表,109
英磅,109
用不著,109
席勒,109
贾马尔,109
高达,109
傷亡,109
哈勒,109
复印,109
深信不疑,109
在世界上,109
缝合,109
瞎编,109
丹尼尔斯,109
扳手,109
嗜血,109
達爾,109
共犯,109
一方面,109
闪闪发光,109
氣息,109
一则,109
休闲,109
宣扬,109
繁忙,109
弹琴,109
擊中,109
縊,109
獨家,109
美眉,109
矿工,109
奥克,109
掠,109
執照,109
螢一,109
赶回,109
漂泊,109
敬重,109
所料,109
終於,109
呈堂,109
同類,109
这堆,109
徹,109
满身,109
燒了,109
叛变,109
十二岁,109
瑞克斯,109
关了,109
這幾個,109
再来点,109
循環,109
有效率,109
关节,109
夜色,109
威廉斯,109
率领,109
狼群,109
小銅,109
會用,109
會為,109
成群,109
三岁,109
呼呼,109
组装,109
一舉,109
几英里,109
同僚,109
麥肯,109
东海岸,109
墨镜,109
酒窖,109
纐,109
假冒,109
侧,109
阿克曼,109
定性,108
停战,108
避,108
托斯,108
卡恩,108
兩句,108
我造,108
众生,108
顶楼,108
泼,108
卡普蘭,108
接生,108
起居室,108
记性,108
写成,108
开销,108
彌補,108
惡棍,108
颠覆,108
冬日,108
棒呆,108
帕拉,108
雷達,108
子孙,108
我寧,108
偷情,108
不壞,108
庫,108
满怀,108
美極,108
枯萎,108
颁发,108
主義的,108
卖力,108
始終,108
辩护律师,108
邏輯,108
聾,108
要將,108
不提,108
名譽,108
创始人,108
单元,108
感性,108
帮不上忙,108
琳赛,108
一刻起,108
尊,108
触动,108
大膽,108
蛤帝,108
转机,108
發火,108
套餐,108
五万,108
某位,108
公然,108
支柱,108
较量,108
冬眠,108
治理,108
数年,108
骚货,108
第一年,108
大作,108
小号,108
何谋,108
明戈斯,108
五秒,108
这使,108
一隊,108
做好事,108
替代品,108
肉松,108
追随者,108
疗程,108
無知,108
一步步,108
几号,108
小羊,108
橱窗,108
語音,108
勞蕾爾,108
扣留,108
弗莱彻,108
微型,108
签下,108
家务,108
舉動,108
探访,108
下跪,108
觉醒,108
無人機,108
各国,108
證會,108
錢寧,108
笰,108
商业用途,108
泡汤,108
防备,108
哪件,108
變種,108
推荐信,108
向北,108
英格蘭人,108
狄伦,108
绳之以法,108
哪样,108
生母,108
本應,108
這很好,108
碧翠丝,108
斬,108
里拉,108
盎司,108
涉足,108
被遗弃,108
西门,108
宗教信仰,108
褪色,108
颈部,108
暗號,108
警监,108
移民局,108
挟持,108
一成不变,108
委婉,108
仅存,108
内阁,108
但當,108
灌木丛,108
总结,108
高处,108
热点,108
浮出,108
顔,108
那股,108
上流,108
办公,107
一期,107
居所,107
胎儿,107
一小部分,107
笼罩,107
用词,107
海王星,107
没用过,107
酒水,107
女星,107
唄,107
床單,107
納齊爾,107
夫斯基,107
伊迪,107
他花,107
原话,107
超凡,107
欢迎您,107
里会,107
現在給,107
作物,107
有限公司,107
沒收,107
碇,107
移到,107
日程表,107
笢,107
職,107
追溯到,107
異性,107
天桥,107
嘲弄,107
一连串,107
瑆,107
肉类,107
彻头彻尾,107
往上爬,107
留有,107
睁开眼睛,107
毁灭性,107
縸,107
同等,107
康妮,107
渔夫,107
發起,107
走来走去,107
另一回事,107
喷出,107
名言,107
弓箭,107
引導,107
结婚戒指,107
叼,107
醋,107
打鼓,107
停顿,107
马塞尔,107
人到,107
宝座,107
生來,107
时见,107
潛,107
啥时候,107
英哩,107
贴身,107
跳過,107
科幻,107
唇膏,107
閉,107
琴美,107
算上,107
之血,107
酱汁,107
飛翔,107
敢动,107
强化,107
格罗,107
幼崽,107
迫不得已,107
太多人,107
岁数,107
典禮,107
苦艾,107
控制权,107
蓝图,107
符號,107
叢林,107
絪,107
射手网,107
月份,107
心裡,107
布兰德,107
喬恩,107
灸,107
格蘭特,107
公元,107
过火,107
不差,107
這首,107
莫斯比,107
八十,107
畢,107
阿拉伯语,107
墜落,107
罗琳,107
照明,107
会场,107
轉告,107
难以想象,107
下个星期,107
艾克,107
美式,107
我愛死,107
車停,107
左翼,107
聆,107
泡菜,107
拜伦,107
改編,106
柠檬水,106
用钱,106
飛起,106
這么晚,106
況且,106
六次,106
军营,106
設置,106
决不能,106
归功于,106
開得,106
人頭,106
前夕,106
航程,106
遛狗,106
一两天,106
别扯,106
面熟,106
讨人厌,106
別理,106
念叨,106
促进,106
更强,106
逃到,106
隨心,106
生动,106
坦率,106
卡拉汉,106
撞倒,106
將永遠,106
行列,106
吻别,106
秃头,106
詩歌,106
太笨,106
担架,106
埋怨,106
喪失,106
明日香,106
滚回,106
令人震惊,106
應用,106
近乎,106
心烦意乱,106
毫不犹豫,106
典狱长,106
克塞尔,106
跳下来,106
寫著,106
须,106
玫瑰花,106
顛倒,106
倒數,106
多德,106
委员,106
泰克,106
神情,106
诺娃,106
吟唱,106
无故,106
這輛車,106
岩层,106
真會,106
摆弄,106
我够,106
我姐,106
快接,106
總裁,106
描写,106
整件,106
偷懒,106
塞满,106
浅,106
大都会,106
复苏,106
潮,106
真乖,106
麻烦事,106
珞,106
有麻煩,106
貝克,106
楼里,106
일,106
蚌,106
角度看,106
泰莉,106
没劲,106
污点,106
洞察力,106
凝视,106
跟个,106
那么回事,106
小毛,106
混沌,106
表亲,106
大笔,106
强项,106
勇敢的人,106
唧唧,106
生还,106
颠簸,106
人覺,106
頼,106
轰,106
休奎奇,106
慢下来,106
数数,106
好香,106
我订,106
拉尔,106
太强,106
繁荣,106
符,106
奥运会,106
偷吃,106
觉着,106
林中,106
老手,106
返航,106
戈爾,106
妓暗,106
萨米,106
炮火,106
重視,106
日常生活,106
销量,106
那現,106
衰退,106
二號,106
大坝,106
最烂,106
暴風雨,106
々,106
著要,106
税,106
蔚,106
交接,106
得体,106
局勢,106
佛罗里达州,106
伤透,106
旗下,106
加拉帕戈斯,106
圆形,106
筆記,106
省得,106
门开,106
尼尔森,106
导游,105
依偎,105
寿命,105
氣色,105
楚门,105
形狀,105
我辦,105
担,105
著想,105
纽约州,105
沸腾,105
曲目,105
音无,105
好要,105
进场,105
戲劇,105
枷锁,105
工夫,105
車來,105
一米,105
錄影,105
打网球,105
美琪,105
粗心,105
莊園,105
百货,105
克莱顿,105
不为人知,105
栽,105
死胡同,105
买票,105
理发,105
躲过,105
竖起,105
听取,105
办个,105
安逸,105
日报,105
内务部,105
老巴,105
打垮,105
易怒,105
太妙了,105
副局长,105
调头,105
餐巾,105
库尔,105
从头,105
火葬,105
產畑,105
集會,105
下台,105
掷,105
单挑,105
忠心耿耿,105
獵人,105
熨,105
怒,105
憂郁,105
德魯,105
新一代,105
遗漏,105
有助,105
冪,105
生锈,105
把頭,105
博伊德,105
恥辱,105
紫,105
赶路,105
麻醉剂,105
肤浅,105
争,105
會帶,105
贊助,105
引爆器,105
没动,105
溶解,105
康纳利,105
真覺,105
正經,105
反驳,105
衹,105
吠,105
诺曼底,105
油箱,105
伸进,105
多得多,105
气泡,105
不太像,105
許多人,105
演劇部,105
投资人,105
聚聚,105
中餐,105
沙克,105
机上,105
打错,105
虳,105
比方,105
院長,105
努,105
马拉松,105
奔波,105
擔憂,105
翷,105
不符,105
了給,105
爱戴,105
米莉,105
佔,105
多萝茜,105
晴朗,105
交了,105
一動,105
搜捕,105
挥舞,105
想方设法,105
西婭,105
尖牙,105
起落架,105
修车,105
舒格,105
繼承人,105
出什麼,105
展品,105
历史性,105
厄斯,105
禮,105
预防,105
长袍,105
二流,105
撞见,105
未成年人,105
奥拉,105
隨身,105
兩張,104
大队,104
视而不见,104
外壳,104
赛德,104
還從,104
中等,104
他病,104
順風,104
中是,104
一棟,104
破门而入,104
ヌ,104
案底,104
菲利,104
别为,104
眞,104
歌詞,104
中期,104
杰拉德,104
侵害,104
装进,104
一见钟情,104
認同,104
完结,104
想當,104
黎,104
看做,104
ァ,104
卡塔,104
振作起,104
维琪,104
玛拉,104
象棋,104
惹怒,104
搐,104
失窃,104
去除,104
劇,104
行径,104
石板,104
苯,104
分尸,104
大胡子,104
刚到,104
帕普西,104
上山,104
惠特,104
克林,104
这出,104
卡蒂,104
塌,104
事前,104
药店,104
药剂,104
火爆,104
肌肤,104
小红帽,104
被叫,104
流产,104
神魂颠倒,104
本質,104
午后,104
片场,104
表扬,104
肉肉哥,104
束手无策,104
获奖,104
峰,104
真香,104
扳,104
重來,104
研制,104
將他,104
幌子,104
愛好,104
怖,104
輕輕,104
楽,104
受了伤,104
坐车,104
我確,104
否,104
拉瓦,104
方圆,104
不宜,104
关爱,104
异议,104
姑媽,104
無敵,104
古人,104
燴,104
颠倒,104
秘书处,104
慾,104
樓下,104
麦迪逊,104
白日梦,104
驻扎,104
管辖,104
美姬,104
深藏,104
推进器,104
爱情故事,104
思源,104
世俗,104
攻破,104
蹊跷,104
加布里埃尔,104
文物,104
理疗,104
院,104
拍下,104
会用,104
笔录,104
开价,104
消息来源,104
产物,104
地爱,104
追着,104
緑,104
好酷,104
也门,104
鎖定,104
恰巧,104
绳,104
結過,104
水叮当,104
纳米,104
沼泽地,104
무,104
做不来,104
秎,104
问下,104
单车,104
沙利文,104
北非,104
就会,104
配有,104
说辞,104
总在,104
有救,104
意義上,104
照常,104
加利,104
笻,104
微波,104
紧急状况,104
少管,104
著點,104
经纪,104
星巴克,104
爬出去,104
歇歇,104
更年期,104
譬如,104
紐約市,103
草药,103
供應,103
胺,103
霍夫曼,103
铲除,103
东德,103
麥吉森,103
過人,103
海德,103
差別,103
樂園,103
全班,103
我妹,103
军用,103
闹钟,103
睡前,103
地堡,103
面容,103
配音,103
宫,103
干草,103
训练有素,103
判断力,103
审视,103
改了,103
置身于,103
詹姆,103
秀发,103
贝多芬,103
往外,103
人民币,103
五美元,103
之母,103
仰慕,103
邦迪,103
嗅觉,103
河口,103
爱莉,103
莫名,103
坐好,103
最起码,103
吐口,103
小泰,103
印度洋,103
行人,103
弄点,103
做点事,103
梯,103
初衷,103
來杯,103
航線,103
剛來,103
永遠別,103
以致,103
时才,103
客观,103
手銬,103
手腳,103
行么,103
成全,103
坐稳,103
登場,103
游走,103
拉诺,103
經給,103
破晓,103
主义,103
賬單,103
包子,103
思維,103
构思,103
必有,103
碧翠斯,103
格蕾塔,103
迷幻药,103
大白鲨,103
梵蒂冈,103
泰尼,103
煎蛋,103
酕,103
真可愛,103
小铜,103
双臂,103
頑固,103
落基,103
落水,103
裁定,103
盖特,103
多米,103
理事,103
挖苦,103
赔率,103
一扇门,103
飞得,103
奇幻,103
領主,103
高登,103
流水,103
住宿,103
翻过,103
滑冰,103
出庭作证,103
腐爛,103
滅亡,103
叛乱,103
生机,103
调查组,103
包抄,103
信守,103
疑神疑鬼,103
不卖,103
长成,103
下课,103
宅子,103
篗,103
玩法,103
鼓舞人心,103
傑西,103
照办,103
特务,103
目录,103
胜,103
一是,103
這么覺,103
尔多,103
威爾斯,103
这道,103
长颈鹿,103
吹口哨,103
难缠,103
西海岸,103
亞當斯,103
铃,103
艾莉儿,103
固,103
損壞,102
首位,102
功勞,102
开阔,102
著急,102
亡灵,102
尤特,102
著陸,102
中立,102
盚,102
有如,102
贩毒集团,102
演習,102
汉密尔顿,102
谭,102
低音,102
低能,102
捌,102
扣动,102
念頭,102
斋藤,102
已死,102
罗兹,102
收走,102
但願,102
發抖,102
短片,102
哪一個,102
最合适,102
擊敗,102
棋,102
當局,102
名气,102
惡劣,102
编码,102
擢,102
整日,102
留神,102
獎金,102
充实,102
不忍,102
逝者,102
霍特,102
蹩脚,102
太巧,102
太坏,102
断定,102
高清,102
真帅,102
譚市,102
婚戒,102
雪地,102
解决不了,102
城区,102
簽約,102
殺死,102
疑似,102
遇难,102
若想,102
闭,102
呼气,102
合情合理,102
无谓,102
克星,102
精密,102
榜,102
赤,102
偶,102
肅靜,102
各個,102
珀尔,102
夢境,102
马德里,102
郁金香,102
雅格,102
迈步,102
唱诗班,102
幫上,102
舮,102
大塊頭,102
批評,102
支持率,102
勾起,102
三號,102
學位,102
头皮,102
轟,102
牟,102
上流社会,102
真替,102
被害者,102
贊同,102
和玛丽,102
站上,102
各处,102
皮尔,102
全押,102
蔑视,102
拉西,102
扯进来,102
人偶,102
挠,102
放肆,102
妙极了,102
破坏者,102
隨機,102
路德,102
雪糕,102
急切,102
還差,102
埃塔,102
录影,102
近点,102
来源于,102
战俘,102
一席之地,102
私家,102
孔蒂尼,102
摧,102
养老院,102
发牢骚,102
萬分,102
全校,102
聚餐,102
告诉您,102
染病,102
大牢,102
沙特阿拉伯,102
撑不住,102
国会议员,102
出丑,102
加文,102
沒命,102
物質,102
郊游,102
万无一失,102
局外人,102
胡佛,102
油画,102
上百万,102
胆,102
玛丽恩,102
电缆,102
人多,102
傻话,102
写些,102
艾莉兒,102
杰姬,102
越獄,102
遮掩,102
野营,101
内在,101
测谎,101
装有,101
潮汐,101
羅傑,101
伪君子,101
三条,101
索沃德,101
更別,101
想点,101
小叮当,101
往北,101
你點,101
他娘,101
卡迪,101
傳送,101
貞德,101
眼线,101
陶勒,101
左拳,101
押韵,101
一醒,101
失常,101
太长,101
拉倒,101
罗纳德,101
泽西,101
閣樓,101
主子,101
阿莱克,101
弗兰西斯,101
匈牙利,101
奥利佛,101
兩分,101
维德,101
達到,101
切尔,101
探究,101
布恩,101
釣,101
인,101
測量,101
兩倍,101
格拉姆,101
车顶,101
奄奄一息,101
機里,101
一驚,101
后会,101
沒有別,101
上頭,101
真可笑,101
微波炉,101
监测,101
社保,101
大路,101
爬山,101
床位,101
打声,101
风吹,101
諾拉,101
諸神,101
門關,101
坐過,101
观光,101
每分钟,101
室外,101
本领,101
汉堡包,101
有氧,101
這又,101
安插,101
东东,101
食谱,101
兵团,101
快出,101
剛到,101
购物中心,101
两万,101
不要脸,101
赛跑,101
巴特勒,101
我會用,101
一線,101
進化,101
蒂凡尼,101
講過,101
饰演,101
全天,101
小流氓,101
正當,101
摔跤手,101
一下下,101
替补,101
面貌,101
行者,101
蒸发,101
瑼,101
蒼蠅,101
找別,101
镇长,101
高高在上,101
克利福德,101
事实证明,101
痐,101
叛,101
南面,101
贾瓦迪,101
迷宮,101
峭壁,101
那筆,101
不酷,101
沉入,101
晚期,101
派奇,101
个个,101
轉轉,101
由人,101
墜入,101
迁移,101
有給,101
緍,101
先走,101
认清,101
猜測,101
疨,101
雏鸟,101
惋惜,101
賽門,101
秘密行动,101
帕姆,101
磖,101
莱曼,101
运营,101
短裙,101
手握,101
摩登,101
瑟斯,101
渔民,101
半点,101
安葬,101
过往,101
蘸,101
別提,101
不談,101
安检,101
火热,101
写字,101
警犬,101
战队,101
采购,101
吃不下,101
遺棄,101
胶水,101
伊莎貝爾,100
浮,100
防火墙,100
半数,100
升職,100
比亞,100
象形文字,100
象个,100
上边,100
听够,100
说来听听,100
吹嘘,100
听得懂,100
警觉,100
威克,100
到期,100
热烈欢迎,100
膽量,100
赫爾,100
左脚,100
左舷,100
狄更斯,100
嬸,100
柯爾特,100
哈哈哈哈,100
出车祸,100
键盘,100
这关,100
白蚁,100
差勁,100
谁他妈,100
穆德,100
六千,100
空军基地,100
救护,100
读数,100
调到,100
散落,100
纯真,100
諾言,100
閃亮,100
渡假,100
米里,100
推銷,100
丰满,100
衷心,100
传教士,100
琐事,100
琼安,100
弄乱,100
笨手笨脚,100
德拉科,100
手链,100
休眠,100
维克特,100
朗读,100
瓦莱丽,100
引入,100
节拍,100
水桶,100
自尊心,100
下结论,100
两枪,100
外地,100
世界冠军,100
大名鼎鼎,100
綜合,100
亮光,100
变回,100
老年,100
顶点,100
人中,100
挥霍,100
爱伦,100
语音信箱,100
全名,100
艾里克,100
不高,100
阿诺德,100
寫給,100
打字机,100
自然而然,100
本州,100
事来,100
稀罕,100
宇航,100
林子里,100
排放,100
掏,100
口号,100
篱笆,100
秘密武器,100
簽個,100
奧茲,100
審訊,100
带些,100
预兆,100
箭头,100
祍,100
喘气,100
帕里,100
震驚,100
安多,100
大白,100
富勒,100
小车,100
厂牌,100
栓,100
拿給,100
很烦,100
厅,100
真受不了,100
许下,100
兴致,100
快上,100
忧虑,100
掌聲,100
航道,100
大嘴,100
获利,100
柏克,100
不佳,100
只怕,100
换换,100
一炮,100
黛朵,100
之人,100
用功,100
這呢,100
前夜,100
第五集,100
过失,100
波斯语,100
興,100
宏伟,100
想出,100
重聚,100
华府,100
詩,100
驯服,100
房门,100
屠宰场,100
西瓜,100
監聽,100
辛克,100
姬,100
站立,100
我进,100
馊主意,100
海滨,100
趁现在,100
斯嘉麗,100
搅和,100
交付,100
普顿,100
回老家,100
２,100
能成,100
特洛克,100
茹伯特,99
原样,99
暴乱,99
零錢,99
实践,99
同一时间,99
菲爾德,99
陈年,99
霍金,99
华盛顿邮报,99
那應,99
伊夫,99
酒館,99
迄今,99
公爵夫人,99
陆,99
酒来,99
飞过来,99
流入,99
小猫咪,99
小满,99
曼彻斯特,99
我病,99
奇利,99
束縛,99
妲,99
气概,99
第一印象,99
斜坡,99
糞,99
艾麗西婭,99
毫无关系,99
神庙,99
家裡,99
條路,99
初号机,99
初中,99
有話,99
堵车,99
弗雷德里克,99
弗萊迪,99
傳來,99
鼓起勇气,99
莲花,99
算不算,99
契約,99
几分,99
睡醒,99
混賬,99
體系,99
膽,99
奉陪,99
穿戴,99
法兰西,99
鲁朴,99
松树,99
吔,99
地主,99
蓝天,99
风光,99
社会主义,99
帕波,99
大碍,99
帕萝,99
獄,99
名号,99
大脚,99
题目,99
爆炸性,99
剧烈,99
礢,99
和弦,99
阿道夫,99
前世,99
灭口,99
不起眼,99
心煩,99
短期,99
邪教,99
全速前进,99
外孙,99
妮儿,99
天国,99
英军,99
剁,99
无话可说,99
一季,99
狗仔队,99
影響力,99
这书,99
必将,99
撤走,99
蟲,99
挨打,99
服饰,99
鼻孔,99
挡风玻璃,99
電線,99
孩子气,99
孫女,99
格洛,99
春日,99
切爾,99
制品,99
氛围,99
高效,99
脱光,99
紀,99
徒劳,99
终老,99
开支,99
誒,99
有條,99
只顾,99
舍弃,99
認不出,99
赶过去,99
阿尔卑斯山,99
小雷,99
吃糖,99
點燃,99
杰奎琳,99
一小块,99
性能,99
魯樸,99
乌云,99
北邊,99
气象,99
车臣,99
吸干,99
一談,99
拉斐尔,99
小题大做,99
中東,98
搞好,98
四季,98
装得,98
结识,98
纵火,98
气疯,98
烹飪,98
山下,98
停停,98
全副武装,98
房東,98
卷进,98
高原,98
出声,98
改正,98
咖喱,98
同住,98
筆記本,98
俯冲,98
增添,98
吉爾,98
郑重,98
吵死,98
選人,98
直通,98
特納,98
少尉,98
換了,98
娜塔,98
娘炮,98
能来,98
胸膛,98
〨,98
癱瘓,98
币,98
射穿,98
月刊,98
一个样,98
硫酸,98
床边,98
稍候,98
公車,98
批货,98
服務器,98
新房子,98
剧终,98
麦当劳,98
后会有期,98
撬开,98
棹,98
角斗士,98
伯顿,98
天气预报,98
披上,98
钱财,98
钻井,98
迪斯科,98
凑合,98
纯净,98
思朋斯,98
纯属,98
妝,98
学术,98
引向,98
石块,98
決斗,98
卡羅爾,98
楼层,98
巴斯克,98
周遭,98
으,98
剛說,98
伝,98
拦下,98
一新,98
第九集,98
通灵,98
三世,98
三八,98
礼节,98
通緝,98
蝎子,98
群山,98
義務,98
枪击案,98
软糖,98
嚇著,98
聽話,98
多一些,98
瑪爾尼,98
瑞娜,98
邓恩,98
杜松子酒,98
松绑,98
小提琴手,98
眼珠,98
着装,98
一不小心,98
來臨,98
亚利桑那州,98
读到,98
面目,98
伊甸园,98
美梦成真,98
整栋,98
母女,98
卖淫,98
記號,98
问个,98
獎學金,98
倾倒,98
数千,98
怎办,98
缺钱,98
从天而降,98
藏身之处,98
還沒來,98
士气,98
神影手,98
攔截,98
昆特,98
初吻,98
紧锁,98
牢固,98
袭击者,98
敬礼,98
變暖,98
無效,98
拳頭,98
肢体,98
小睡,98
斯派,98
橱柜,98
被劫持,98
圣徒,98
版权,98
時髦,98
嚴厲,98
真難,98
工作者,98
華爾街,98
快救,98
快开,98
本想,98
张脸,98
募捐,98
张纸,98
之主,98
之城,98
火山灰,98
許該,98
許在,98
卑劣,98
有所不同,98
时报,98
汉子,98
梗,98
案发现场,98
入学,98
团结一致,98
暴力犯罪,98
紐,98
這在,97
河岸,97
辖区,97
普罗,97
兜里,97
入院,97
看路,97
我願意,97
毞,97
碧翠絲,97
光束,97
無比,97
莫里森,97
统计,97
军舰,97
哪一位,97
狂熱,97
外貌,97
二手,97
孤兒院,97
好哇,97
那支,97
过期,97
捣蛋,97
科林斯,97
性关系,97
电话线,97
驱散,97
改写,97
不休,97
烟斗,97
抽搐,97
绘,97
也給,97
往昔,97
嘟,97
白血病,97
伟人,97
横跨,97
組翻譯,97
莎伦,97
一路平安,97
击打,97
斧子,97
纽扣,97
始行,97
雞蛋,97
二維碼,97
想家,97
执行官,97
冰冻,97
商場,97
仇人,97
核能,97
民眾,97
格瑞,97
挥之不去,97
选错,97
稱弧,97
甀,97
血壓,97
批判,97
仨,97
唐突,97
额头,97
三楼,97
大鱼,97
杂碎,97
下跌,97
逃过,97
科研,97
ベ,97
这年头,97
阿布扎比,97
出柜,97
梦魇,97
攜帶,97
施压,97
玩兒,97
壮,97
有著,97
付账,97
來會,97
兩邊,97
颁奖,97
觀看,97
編劇,97
不成问题,97
訊息,97
克丽丝,97
诉说,97
奧利維亞,97
구,97
時速,97
传话,97
深情,97
护身符,97
防部,97
新澤西,97
满分,97
光头,97
傳播,97
靜,97
莫斯,97
分析师,97
癟,97
跳楼,97
垃圾场,97
芔,97
爱国者,97
酶,97
色拉,97
卡丽,97
撞车,97
訪客,97
美莉,97
傑森,97
用得着,97
過他,97
愈来愈,97
鱷魚,97
四位,97
３,97
挺酷,97
安静下来,97
吵闹,97
特區,97
頂級,97
门徒,97
牵着,97
脱衣舞女,97
海洋生物,97
胡鬧,97
我输,97
搞錯,97
说声,97
取胜,97
我太爱,97
往南,97
狙,97
此话,97
化疗,97
手杖,97
是我太,97
特伦特,97
拉什,97
车来,97
荒漠,97
西安,97
金格,97
低落,97
开门见山,97
进不去,97
银子,97
会令,97
欸,96
海扁,96
恩典,96
开机,96
战车,96
这货,96
笔钱,96
但他却,96
竞标,96
夫斯,96
推力,96
覚,96
小可,96
阿宝,96
國務卿,96
屈膝,96
头巾,96
圈子里,96
平静下来,96
愛意,96
羊角,96
私人物品,96
黏,96
作伴,96
种植,96
小说家,96
真大,96
摄制组,96
提尼,96
ュ,96
高盛,96
花費,96
合在一起,96
人像,96
布加勒斯特,96
削,96
心理学家,96
心理治疗,96
心率,96
垂,96
破译,96
洗禮,96
形勢,96
憲法,96
社,96
密西西比河,96
予以,96
数不清,96
兩樣,96
机翼,96
证,96
帕特森,96
希爾,96
嚎叫,96
翻身,96
猜到,96
当众,96
伸,96
埃斯特,96
顺路,96
优惠,96
冒烟,96
瓦伦丁,96
共用,96
格林威治,96
归于,96
討好,96
有辆,96
不可收拾,96
敬爱,96
玩乐,96
萝卜,96
要告,96
拉提夫,96
条狗,96
德意志,96
弗朗,96
玩過,96
充气,96
生物学家,96
灵媒,96
冷酷无情,96
奥斯丁,96
大骗子,96
米爾,96
难以相信,96
毛毯,96
维格,96
斐,96
贝基,96
壓根,96
美劇,96
性骚扰,96
轻举妄动,96
熟睡,96
淺,96
活泼,96
天色,96
养大,96
击毙,96
太吵,96
鲁伊斯,96
頭痛,96
发怒,96
下定,96
嘉年华,96
卡米拉,96
頻率,96
交集,96
旅行者,96
車在,96
弄湿,96
伊莎贝拉,96
太感謝,96
旋轉,96
罢手,96
虚幻,96
领事馆,96
美呆,96
贪心,96
藏有,96
陰,96
오,96
钮癬,96
空位,96
剧作家,96
碾,96
椎名,96
阴性,96
钦佩,96
看着办,96
侯爵,96
魷魚,96
屋檐下,96
中场,96
我終,95
涡轮,95
豈,95
弯道,95
波塞冬,95
冰島,95
敲打,95
快餐店,95
舞動,95
平坦,95
荆棘,95
別著,95
质子,95
美人儿,95
虛構,95
头头,95
盥洗室,95
插播,95
搏,95
音速,95
这词,95
返校,95
椅,95
蠕虫,95
奇緣,95
发个,95
途徑,95
之美,95
指手画脚,95
瑞文,95
艾利克,95
史考,95
艾利,95
躬,95
生态系统,95
鏈,95
现任,95
星舰,95
六分,95
飄,95
朋友家,95
日光浴,95
新奇,95
奥兰多,95
懸崖,95
滅絕,95
生路,95
還等,95
放个,95
偏見,95
偏执,95
节食,95
认识一下,95
变好,95
录音机,95
確有,95
懂腔,95
滞留,95
令人讨厌,95
言行,95
拍片,95
實實,95
转悠,95
巴林,95
坐標,95
他們給,95
受惊,95
分量,95
硁,95
急于,95
马勒,95
约瑟芬,95
外形,95
贵重,95
菏夯,95
熱鬧,95
祝愿,95
衾,95
正因如此,95
崔克,95
淡,95
付給,95
真聰明,95
噗,95
掩埋,95
那班,95
豪華,95
轻轻地,95
惬意,95
迎合,95
神力,95
决策,95
美第奇,95
昆,95
慈善机构,95
討論過,95
敷,95
休战,95
驅逐,95
蜗牛,95
外围,95
給我個,95
周刊,95
無疑,95
赞扬,95
洛拉,95
嗬,95
摘下来,95
出錯,95
击垮,95
征服者,95
够不够,95
先給,95
容不下,95
第十二,95
咯咯,95
会毁,95
人事,95
桃樂西,95
冰層,95
举个,95
比厄,95
傳聞,95
收场,95
畊,95
禁闭,95
改动,95
冲出,95
罪過,95
妮斯,95
听不清,95
無故,95
民主党,95
校车,95
四十八,95
睡個,95
仙,95
刀片,95
亚克,95
显著,95
极品,95
杜南,95
极具,95
叔,95
一幫,95
装载,95
多棒,95
窮人,95
战神,95
童子,95
栖息,95
气压,95
间接,95
未有,95
无可,94
异性恋,94
细心,94
经由,94
多着呢,94
看不下去,94
那该,94
这酒,94
加強,94
中斷,94
參加過,94
屁精,94
这群人,94
系统管理员,94
索恩,94
配料,94
荒凉,94
妖精,94
我國,94
取悅,94
知足,94
洛林,94
發電機,94
杖,94
话筒,94
往来,94
衛生間,94
手指头,94
卡车司机,94
爷,94
不早了,94
向右转,94
狄格尔,94
莉雅,94
一磅,94
交道,94
膜拜,94
高高的,94
板子,94
雪球,94
选项,94
扳機,94
底细,94
达伦,94
纪念碑,94
切成,94
切换,94
源泉,94
單子,94
卡布,94
將你,94
才华横溢,94
不累,94
集體,94
封閉,94
硐,94
戏弄,94
炖肉,94
法斯,94
宁,94
孔丘,94
专,94
字面,94
六号,94
沦落,94
奇葩,94
书桌,94
嚇得,94
寶拉,94
解藥,94
追击,94
布萊尼,94
打印机,94
溫斯頓,94
林奇,94
痛死,94
两根,94
餐车,94
世道,94
藉,94
利文,94
声纳,94
傳染,94
新泽西州,94
燕尾服,94
奪回,94
轮廓,94
光明正大,94
翻滚,94
磅重,94
一坨,94
高等,94
趣味,94
晃悠,94
斯特林,94
赶回来,94
赶出来,94
另一头,94
不愛我,94
善解人意,94
美满,94
柏拉,94
检查单,94
當他們,94
明人,94
記,94
兩萬,94
帮不上,94
美夢,94
长着,94
寄出,94
蛛丝马迹,94
合群,94
幸田,94
說定,94
這又是,94
煤气,94
兆头,94
別跑,94
好车,94
大山,94
假名,94
张照,94
食者,94
糉,94
一桶,94
點時間,94
之路,94
油田,94
之眼,94
妹夫,94
艾达,94
玶,94
加碧,94
西语,94
意圖,94
互助,94
話語,94
过滤,94
鑰匙給,94
好坏,94
煽动,94
拖拉机,94
汉普顿,94
號的,94
打车,94
運輸,94
年老,94
以内,94
领队,94
這問題,94
豌豆,94
倾斜,94
咬掉,94
勝任,94
干点,94
真凶,94
那道,94
说不出口,94
听来,94
一对一,94
辜負,94
木马,94
无害,94
无头,94
绑住,94
医护兵,94
哔,94
週末,94
里亚蒂,94
胶卷,94
凱勒,94
季第,93
戦,93
得病,93
回電,93
工作狂,93
披,93
斑马,93
戰勝,93
柔和,93
记不起来,93
打点,93
跳板,93
推遲,93
雨衣,93
喝了酒,93
參賽,93
可有,93
出乎,93
挨着,93
薇薇安,93
持械,93
格蕾絲,93
救生衣,93
婚约,93
远去,93
高卢人,93
胚胎,93
瓦爾,93
烘焙,93
挛,93
躲到,93
维托,93
屁用,93
原位,93
女歌手,93
縮,93
扎营,93
破旧,93
坦尼,93
复制品,93
真不容易,93
國外,93
想个办法,93
技工,93
傾,93
千美元,93
乌克兰,93
说够,93
微生物,93
兰博基尼,93
罗丝,93
不放过,93
愣,93
附加,93
密苏里,93
弗莱明,93
第二遍,93
营造,93
大堂,93
鋸,93
驶向,93
狄格,93
玩个,93
第二步,93
至於,93
晕过去,93
贬,93
年幼,93
重置,93
真怪,93
买些,93
泵,93
变更,93
別裝,93
德克萨斯州,93
一卷,93
用药,93
安珀,93
机关枪,93
变动,93
随从,93
教導,93
這更,93
分到,93
管不了,93
硚,93
滚出来,93
共进午餐,93
退房,93
记不起,93
萊拉,93
應當,93
敲定,93
走人,93
工钱,93
百万美元,93
難題,93
碰頭,93
繁星,93
难不成,93
詭計,93
奇缘,93
毒性,93
化为,93
拷,93
萬人,93
够呛,93
严峻,93
白种,93
汉南,93
王座,93
伸张正义,93
雜誌,93
沃特金斯,93
天花,93
很坏,93
抵挡,93
抵制,93
我画,93
节省,93
一百五十,93
不屑,93
货真价实,93
末端,93
离职,93
一体,93
无从,93
証,93
點半,93
毫不留情,93
裝作,93
蒼白,93
风筝,93
停歇,93
风向,93
他問,93
阴险,93
一章,93
奧巴馬,93
情书,93
重量级,93
苏西,93
隨他,93
甘愿,93
且慢,93
三角形,93
遗物,93
射箭,93
大理石,93
坟,93
回心转意,93
浴盆,93
回電話,93
雖,93
机车,93
再来一个,93
没人见,93
就連,92
篏,92
登機,92
忍心,92
奥莉,92
親親,92
没吃过,92
探视,92
鼹鼠,92
榜樣,92
温奇,92
传出去,92
研究生,92
和保罗,92
突襲,92
与生俱来,92
二次,92
依賴,92
猎狗,92
回話,92
能治好,92
ن,92
就現,92
分文,92
賠,92
扶住,92
外快,92
元帅,92
拉上来,92
西塔,92
这钱,92
陪著,92
朗达,92
不問,92
指甲油,92
涨,92
荷蘭,92
一腳,92
梅瑟拉,92
现场直播,92
萬事,92
抓住机会,92
潇洒,92
虛弱,92
向西,92
四十年,92
舉手,92
無恥,92
马奥尼,92
四分之三,92
肛交,92
派拉蒙,92
吉莉安,92
會贏,92
碟子,92
占卜,92
遗骸,92
耽擱,92
克莱恩,92
大风,92
整容,92
求情,92
菲兹,92
無力,92
無恙,92
霍普金斯,92
委内瑞拉,92
踏进,92
每小時,92
貧民區,92
马铃薯,92
豁免,92
前要,92
花儿,92
自由自在,92
爱国,92
培養,92
培育,92
三份,92
時前,92
交际,92
關了,92
奖项,92
吉普赛,92
南邊,92
临死前,92
注射器,92
南加州,92
第一章,92
受邀,92
親熱,92
街边,92
菠萝,92
干洗,92
总想,92
娘家,92
甯,92
之內,92
开饭,92
有染,92
晚礼服,92
讲道理,92
梦中,92
美美,92
神经质,92
现今,92
芛,92
刽子手,92
所求,92
吐露,92
小精灵,92
段子,92
報社,92
前哨,92
古斯塔,92
母狗,92
社工,92
打篮球,92
伍德沃,92
结晶,92
扯蛋,92
稀奇,92
颜料,92
商务,92
丘,92
难吃,92
放不下,92
难搞,92
很远,92
非常简单,92
莫瑞,92
受死,92
布朗宁,92
物種,92
高呼,92
裘,92
不比,92
你毀,92
更棒,92
凹,92
立下,92
灵长类,92
惊恐,92
唐人街,92
友子,92
内华达,92
職務,92
乡,92
那面,92
割开,92
喜悅,92
列斯,92
言辞,92
长大成人,92
钢笔,92
张床,92
頭號,92
极速,92
凱里,92
中學,92
音無,92
风情,92
围墙,92
史望,92
十亿,92
凱恩,92
穕,91
空姐,91
瑞普雷,91
身躯,91
指点,91
款式,91
龌龊,91
服药,91
蓋茨,91
瓦伦,91
专利,91
一碗,91
高超,91
亨德,91
九頭,91
揭晓,91
存有,91
儀器,91
η,91
吸煙,91
工地,91
嘶,91
地向,91
俘,91
殺光,91
帕吉,91
永世,91
擊,91
芬芳,91
疉,91
疑心,91
飞走,91
一提,91
吉村,91
打發,91
印章,91
巅峰,91
单曲,91
不中用,91
附带,91
麦凯维提,91
青蜂,91
如此而已,91
群眾,91
付費,91
崋,91
第三名,91
初级,91
感同身受,91
拳擊,91
容纳,91
寄养,91
堵塞,91
不论是,91
善待,91
带进,91
决定性,91
希米,91
黑板,91
翻過,91
列为,91
梅丽莎,91
德纳,91
即便如此,91
塞利,91
收買,91
第一份,91
大侠,91
腐蚀,91
加重,91
集装箱,91
精力充沛,91
我算,91
珓,91
過后,91
无动于衷,91
弄到手,91
問起,91
刷子,91
两把,91
玉米片,91
某事,91
发牌,91
聋子,91
布达佩斯,91
迷戀,91
令人惊叹,91
亮出,91
赌徒,91
谷底,91
還小,91
终点站,91
東尼,91
止住,91
肯德,91
上门,91
任期,91
防水,91
领悟,91
业绩,91
异性,91
抉擇,91
热辣,91
人品,91
九号,91
垫子,91
切入,91
我学,91
闭塞,91
麦金,91
必胜,91
路易斯安那,91
成形,91
布伦南,91
春木,91
接个,91
骨子里,91
房車,91
監督,91
难免,91
脸红,91
提雅,91
小麻烦,91
生灵,91
复习,91
仍能,91
蹟,91
有线电视,91
安全措施,91
壓抑,91
利亞姆,91
藏身处,91
恋,91
賴,91
艾弗里,91
不顾一切,91
夏树,91
哥倫比亞,91
黑名单,91
生态,91
惡化,91
郵局,91
之身,91
戴西,91
胜负,91
裕作,91
沒干,91
朕,91
麋鹿,91
雷泽,91
重蹈,91
冠军赛,91
手足,91
长久以来,91
卡斯帕,91
考尔,91
大規模,91
減輕,91
矛,91
已經過,91
杀过,91
大肚子,91
去不去,91
看一遍,91
裸,91
就別,91
開心點,90
空袭,90
罗布,90
瓀,90
糾正,90
背弃,90
浏览,90
肚子饿,90
星辰,90
固執,90
重覆,90
永存,90
副驾驶,90
用意,90
雷納,90
天朝,90
統計,90
沙漏,90
我讀,90
啟程,90
無所,90
漲,90
踢出去,90
抢救,90
一堂,90
這與,90
抓不住,90
毫无用处,90
毛瑟,90
恶灵,90
拉美,90
预告,90
母子,90
羚羊,90
肉汁,90
衰人,90
田里,90
环游世界,90
书包,90
轟炸,90
青,90
點鐘,90
衫,90
犯案,90
健忘,90
太棒,90
时间机器,90
饲料,90
內閣,90
鲍尔,90
耶和华,90
老頭子,90
耶利哥,90
耶维奇,90
手柄,90
歪曲,90
杰拉尔,90
晚一点,90
这船,90
代孕,90
將它,90
还手,90
肾脏,90
電源,90
稭,90
縋,90
抚慰,90
擔保,90
一贯,90
盖子,90
长达,90
发到,90
芬恩,90
模范,90
疑問,90
煤矿,90
毕业典礼,90
委屈,90
弹道,90
香皂,90
爷们,90
告诫,90
洗完,90
任何理由,90
持槍,90
無助,90
互动,90
叫法,90
刪除,90
愚昧,90
叫安,90
性高潮,90
肥子,90
随便说说,90
壓迫,90
報局,90
有张,90
注視,90
演变,90
赶往,90
狂奔,90
科菲,90
埃爾,90
船尾,90
缺失,90
沃倫,90
病痛,90
預期,90
山区,90
传奇人物,90
权杖,90
不敬,90
难关,90
規模,90
探險,90
花粉,90
痒痒,90
亮相,90
打打,90
喬納森,90
许个,90
乘务员,90
长发,90
想個,90
唸,90
记录下来,90
本色,90
永,90
灰心,90
讲得,90
筹备,90
驻,90
粉身碎骨,90
征召,90
流失,90
激勵,90
小钱,90
岳父,90
上限,90
走遍,90
红毛,90
玩火,90
咱家,90
大吼大叫,90
荒,90
直达,90
尼莫,90
塔里,90
祑,90
塞到,90
π,90
错事,90
既然如此,90
辨别,90
被动,90
發國,90
劳动,90
劳尔,90
没去,90
欺,90
朗姆酒,90
卡玛,90
短时间,90
尾部,90
发邮件,90
我变,90
沒意識,90
得付,90
進到,90
威茨,90
暖气,90
斗爭,90
得太快,90
伤势,89
证供,89
哪一天,89
点点,89
上菜,89
凯布,89
沒戲,89
参事,89
维娅,89
达夫,89
厨艺,89
我发,89
别搞,89
逐步,89
陶瓷,89
无所不知,89
要付,89
出点,89
阵营,89
妥善,89
公共场合,89
莉亚,89
拉圖,89
脑残,89
損傷,89
凱利,89
刚果,89
大学毕业,89
鐘頭,89
墨,89
璹,89
不值一提,89
小霸王,89
拉娜,89
送入,89
基友,89
繩索,89
大意,89
菲茨,89
套套,89
生菜,89
碰過,89
静止,89
里装,89
自打,89
星云,89
坤,89
死得,89
沃特斯,89
她還,89
九十,89
变色龙,89
醱,89
臣服于,89
很聰明,89
加糖,89
教他,89
全人类,89
痌,89
加藤,89
波本,89
塞车,89
老土,89
疼死,89
小女,89
清水,89
木屋,89
无形,89
辞,89
容貌,89
第三方,89
包在,89
大利,89
动听,89
伦诺克斯,89
茉蕾妮,89
赶着,89
士官长,89
薰,89
利茲,89
惊魂,89
黑奴,89
拒捕,89
定金,89
姐妹花,89
乐乐,89
問了,89
波旁,89
塞思,89
德菲,89
挨揍,89
連我,89
弄个,89
强势,89
老巢,89
安弟,89
多汁,89
現身,89
那算,89
双葉,89
列車,89
天前,89
經,89
亏,89
安沃,89
睡梦中,89
伯納德,89
豪威,89
所言,89
工匠,89
八十年代,89
萊爾,89
下过,89
临终,89
触犯,89
免提,89
第四个,89
下腰,89
脱衣舞娘,89
促销,89
不愧,89
保衛,89
考克,89
成婚,89
這幹,89
分割,89
發音,89
坡,89
太弱,89
紧急事件,89
幾天前,89
加西亞,89
染,89
毆,89
香奈儿,89
那车,89
这桩,89
麥克風,89
田野,89
腹肌,89
州立大学,89
吏,89
伊特,89
更进一步,89
南极洲,89
越久,89
榜首,89
林顿,89
敌机,89
瑪莉,89
戒毒所,89
交易所,89
核桃,89
空空,89
愛爾蘭人,89
開工,89
不轻,89
份文件,89
维系,89
虚拟,89
现已,89
送來,89
癒,89
燃起,89
谐音,89
萧,89
何等,89
割伤,89
焦糖,89
套子,89
疍,89
疏远,89
中产阶级,89
點東西,89
拋下,89
励,89
劲儿,89
匹萨,89
我身,89
麗絲,89
太烂,89
無線電,89
四分钟,89
费舍尔,89
掌上,89
颁,89
萨克斯,89
資產,89
地厥,89
娘們,89
冰盖,89
冰蓝,89
平稳,89
树立,89
雷切尔,89
因斯,89
更具,88
胡搞,88
配件,88
底层,88
风头,88
马拉,88
别往,88
卡米,88
簡報,88
劳工,88
脉冲,88
手提,88
知曉,88
諾瑪,88
专员,88
点菜,88
遵从,88
次要,88
逗你玩,88
欧娜,88
恶行,88
庫珀,88
特尔,88
計畫,88
马修斯,88
翋,88
训练营,88
水准,88
麥凱,88
威登,88
安详,88
宋,88
甲,88
半月,88
皮克斯,88
亚美,88
略,88
車牌,88
肆虐,88
肇事,88
頭來,88
真菌,88
反胃,88
乐意效劳,88
流落,88
膀胱,88
掩飾,88
数十亿,88
心急如焚,88
膒,88
伯明翰,88
醫學院,88
亚姆,88
樱花树,88
金库,88
當晚,88
樱花,88
喘息,88
畫廊,88
议论,88
勝過,88
吉普车,88
大屠殺,88
被關,88
栏杆,88
傻乎乎,88
踏出,88
鬼東西,88
美容院,88
包博,88
贴纸,88
趕時間,88
二十一,88
四只,88
所剩,88
奇瑞,88
书面,88
犯罪率,88
有車,88
到处跑,88
舞蹈家,88
二者,88
影視,88
米蘭,88
翼,88
调动,88
休庭,88
菲菲,88
豪尔,88
西红柿,88
仍会,88
抹掉,88
強調,88
三家,88
拖車,88
残废,88
筳,88
编织,88
雷射,88
警示,88
角色扮演,88
信中,88
装傻,88
今年夏天,88
窥探,88
順著,88
真以,88
腊腊,88
门卫,88
權限,88
頑張,88
土匪,88
所属,88
契斯,88
乾脆,88
肞,88
敢不敢,88
搞破坏,88
理事会,88
惊慌失措,88
調情,88
迷糊,88
主使,88
打乱,88
奥托,88
洛莱塔,88
洛萊塔,88
坂上,88
嘎,88
輕點,88
若能,88
爭吵,88
埃利,88
麦迪森,88
獨,88
搞清,88
乃是,88
魟,88
哈爾,88
珊姆,88
责任感,88
実,88
別墅,88
审核,88
大主教,88
漫游,88
电锯,88
第一句,88
可知,88
甜品,88
哼哼,88
税收,88
烤焦,88
伤脑筋,88
惊动,88
自作自受,88
市政厅,88
谜语,88
事会,88
取得联系,88
最難,88
拌,88
劳森,88
背负,88
失禮,88
饿坏,88
一樁,88
素食主义者,88
之际,88
多待,88
灿,88
十次,88
河上,88
事能,88
刺猬,88
克魯格,88
莉茲,88
斯金纳,88
終會,88
详情,88
俏,88
傷疤,88
羅賓,88
佛祖,88
斯坦福,88
车开,88
低俗,88
战死,87
凭空,87
徒手,87
团结起来,87
斯图,87
づ,87
外来,87
维他命,87
戒備,87
越来越近,87
雷纳,87
今天天气,87
苏打,87
名望,87
三分之二,87
难说,87
说会,87
上門,87
胡来,87
順序,87
還覺,87
穿鞋,87
服从命令,87
结账,87
談到,87
荷西,87
茍,87
焉,87
共处,87
喀托,87
不时,87
奉告,87
協力,87
捷豹,87
据点,87
肠子,87
读心,87
福爾曼,87
財務,87
焚烧,87
水星,87
收藏品,87
写歌,87
珍娜,87
縤,87
利物浦,87
之极,87
哥本哈根,87
對抗,87
休斯敦,87
重击,87
下楼去,87
凉快,87
受折磨,87
坴,87
親切,87
爛,87
阿仁,87
保齡,87
两片,87
布丽,87
秋千,87
惹恼,87
开胃菜,87
頭盔,87
抓牢,87
罗森,87
大吵,87
大冒险,87
构建,87
給別,87
不盡,87
梳洗,87
毅力,87
容量,87
丢进,87
兄长,87
这药,87
杰少,87
拉弗,87
杰斯特,87
车身,87
机动,87
讲座,87
通缉令,87
大洞,87
心胸,87
剧组,87
几下,87
清教徒,87
亚利桑那,87
权势,87
做会,87
药效,87
长长的,87
疗伤,87
亚历山德拉,87
高傲,87
報名,87
蜜糖,87
掏钱,87
給點,87
求之不得,87
怀中,87
示意,87
懇求,87
缓刑,87
救回来,87
任何事物,87
老妇人,87
溫奇,87
触,87
審,87
幾位,87
我認,87
追不上,87
菲律宾,87
整死,87
整合,87
没油,87
布鲁塞尔,87
缠绵,87
舵,87
可去,87
體力,87
帆,87
白酒,87
年少,87
叹息,87
翻过来,87
一等,87
翧,87
打消,87
隔天,87
关键时刻,87
螺旋桨,87
擒,87
有利于,87
應有,87
迴,87
游乐园,87
苏瓦,87
指數,87
达利,87
污秽,87
籋,87
享乐,87
上將,87
卡森,87
大雪,87
坊,87
減肥,87
晶体,87
名前,87
行在,87
靠不住,87
喷火,87
打针,87
波诺,87
泣,87
过激,87
潜水艇,87
旅行社,87
高中毕业,87
时装秀,87
訴,87
祭祀,87
上线,87
一球,87
空虛,87
蒙特利尔,87
能贏,87
烈焰,86
无罪释放,86
穘,86
回过,86
暗物质,86
交友,86
引到,86
玲,86
過嗎,86
肌,86
偵查,86
松子,86
捡起,86
雪碧,86
沦陷,86
支撐,86
幕,86
取证,86
接见,86
再待,86
猎豹,86
低点,86
侥幸,86
相撞,86
果实,86
坏主意,86
專長,86
矮人,86
一雙,86
巴掌,86
重型,86
實說,86
實力,86
怀旧,86
不巧,86
光子,86
希斯,86
汇合,86
路面,86
剪輯,86
莫拉,86
后要,86
拉近,86
眾神,86
小手,86
扇門,86
活多久,86
白雪,86
绑架案,86
艾格尼絲,86
缠住,86
会飞,86
蠢人,86
博蒙特,86
求爱,86
疲劳,86
疯狗,86
鐘就,86
生長,86
看點,86
紫罗兰,86
买通,86
豪华轿车,86
上交,86
满满,86
梵高,86
勾拳,86
运动鞋,86
休伯曼,86
爱神,86
馮,86
如愿以偿,86
借来,86
運送,86
下一场,86
上马,86
这活,86
鞭,86
斯特斯,86
檢驗,86
链接,86
撤銷,86
变革,86
地球表面,86
新德里,86
沃尔夫,86
手心,86
清静,86
下属,86
还债,86
対,86
花樣,86
寻宝,86
探险队,86
郫,86
很赞,86
設,86
善事,86
蛾,86
退伍军人,86
第三天,86
不二,86
演播室,86
往西,86
認可,86
之作,86
認定,86
三部曲,86
完好无损,86
墨尔本,86
教派,86
像素,86
章魚,86
肺癌,86
交通事故,86
獎賞,86
會永遠,86
为食,86
那棟,86
争辩,86
报到,86
后會,86
撂倒,86
钳子,86
花钱买,86
再放,86
没得选,86
算计,86
珊瑚礁,86
不保,86
鞋带,86
小米,86
結尾,86
沃罗,86
往返,86
几星期,86
ㄒ,86
塔夫,86
出境,86
冀,86
笑笑,86
媽呀,86
重蹈覆辙,86
鎮靜劑,86
学着点,86
哨站,86
進出,86
兰利,86
突擊隊,86
治病,86
烟火,86
窗簾,86
稱钩,86
加满,86
海軍陸,86
三块,86
九点半,86
醉醺醺,86
还用,86
死党,86
欲罢不能,86
搜遍,86
毫无保留,86
艹,86
選出,86
围裙,86
伤得,86
杭特,86
特伍德,86
斯塔夫,86
凯拉,86
高層,86
荒地,86
入手,86
里加,85
相提并论,85
高峰,85
尽早,85
搏击,85
叫喊,85
問得,85
塞吉,85
野猪,85
糧,85
住户,85
塔格特,85
重新安排,85
別太,85
实用,85
刷卡,85
每分,85
第一张,85
山头,85
阿尔布,85
盛会,85
屏住,85
幹掉,85
从今以后,85
结为,85
二级,85
冰面,85
预示,85
這房間,85
我受,85
奥马,85
猎鹰,85
大陸,85
找不出,85
皮包骨,85
真谛,85
肉身,85
雌鸟,85
核彈,85
点前,85
绝无,85
无药,85
為定,85
别弄,85
推測,85
爱迪,85
一窍不通,85
无穷,85
闹鬼,85
读取,85
皮箱,85
沒錢,85
莲娜,85
這很難,85
貿易,85
耗,85
赠送,85
洛尼,85
槍手,85
通奸,85
瓦伦汀,85
炸开,85
十四岁,85
指路,85
蛆,85
家事,85
长矛,85
合拍,85
共處,85
随时随地,85
含糊,85
大功告成,85
出头,85
家庭主妇,85
神探,85
抽象,85
缘由,85
编队,85
少废话,85
新鲜事,85
血流成河,85
哲學,85
汗水,85
问个问题,85
强度,85
接头,85
五英里,85
大白天,85
游览,85
游骑兵,85
胡思,85
顫,85
會員,85
女管家,85
然後就,85
大头,85
业,85
氧氣,85
堪称,85
带劲,85
约克,85
马上会,85
豬,85
肥料,85
咸,85
訊,85
主机,85
戻,85
不照,85
斯伍德,85
索托,85
法规,85
繃,85
靜靜,85
布魯,85
蠢猪,85
对阵,85
老希,85
食用,85
銷毀,85
弹壳,85
太低,85
岩,85
腫瘤,85
布罗,85
艾哈迈德,85
炎热,85
链,85
阻拦,85
玩具店,85
第二条,85
记在,85
自觉,85
磨难,85
寥,85
玛格达,85
生子,85
惑,85
称号,85
双面,85
他付,85
这枪,85
全完,85
刪,85
難得,85
傳到,85
大得,85
博士学位,85
通话记录,85
长到,85
近在咫尺,85
钩子,85
资深,85
播音,85
烤面包,85
开业,85
教過,85
雷利,85
教唆,85
长途跋涉,85
半岛,85
傻帽,85
开罗,85
火炬,85
珈,85
海鲜,85
斯普林,85
远比,85
一組,85
更強,85
改進,85
没上,85
嘎嘎,85
后卫,85
巡视,85
传票,85
腳印,85
奥德,85
眼皮,85
套装,85
风雨,85
眼罩,85
我愛上,85
透透,84
一来,84
门德斯,84
的藥,84
金斯,84
聘用,84
彼拉多,84
最喜歡,84
发呆,84
错觉,84
決于,84
反面,84
閱讀,84
小女生,84
这可真,84
地帶,84
例,84
米姆,84
撇下,84
親口,84
越糟,84
越远,84
一代人,84
半年前,84
离得,84
范杜拉,84
冈,84
义,84
歡,84
沉闷,84
流浪者,84
參議院,84
竭力,84
譴責,84
总说,84
球衣,84
早前,84
死罪,84
烏龜,84
开刀,84
多明,84
身世,84
稍等片刻,84
光線,84
煮熟,84
城中,84
翻倍,84
敲响,84
寫過,84
土豆泥,84
全州,84
生计,84
利潤,84
守则,84
不及格,84
逼供,84
腐敗,84
阿尔文,84
沒聽過,84
吹膀,84
纠,84
纠纷,84
一品,84
跳个,84
前列腺,84
怀亚特,84
投靠,84
吉玲,84
一發,84
招待会,84
如意,84
群島,84
當場,84
荼,84
世家,84
尿液,84
小紅帽,84
鲁宾,84
被包,84
赐福,84
占領,84
卡嗝,84
切尔诺贝利,84
成品,84
邊上,84
弹簧,84
拖把,84
咬一口,84
昏睡,84
精华,84
太短,84
利索,84
糃,84
红心,84
山頂,84
顾及,84
泰森,84
群體,84
신,84
再过,84
帖,84
达蒙,84
利塔,84
普林斯,84
空难,84
瓦格纳,84
证书,84
我主,84
燉,84
名媛,84
猶太,84
保释金,84
拔枪,84
快拉,84
兴起,84
机密文件,84
湯,84
探寻,84
斜,84
佩恩,84
灭火,84
会出,84
挂念,84
酥,84
写过,84
掌权,84
祖國,84
冲破,84
報答,84
美式足球,84
时间表,84
黨人,84
丟失,84
許,84
留到,84
妇人,84
柴油,84
窍门,84
炸飞,84
伽,84
油管,84
而活,84
分担,84
一天天,84
忍无可忍,84
评论家,84
苏俄,84
述,84
卡登,84
佩西,84
測驗,84
全额,84
淤青,84
不知不觉,84
爬出来,84
烈日,84
雷管,84
哥特,84
孤身,84
二年级,84
皮埃爾,84
新款,84
我大,84
奥雷格,84
右手边,84
送出去,84
害虫,84
預料,84
雅尼,84
無權,84
化成,84
宝贝女儿,84
霍恩,84
败类,84
之久,84
這趟,84
透顶,84
尼柯拉,84
六小时,84
相助,84
欲火,84
恶臭,84
得力,84
十八岁,84
西卡,84
給我閉,84
超强,84
心急,84
尼格,84
脑震荡,84
园,83
伯克,83
中指,83
战线,83
齒,83
活過,83
正规,83
膙,83
嫁妆,83
嚇唬,83
罗德里克,83
鈔票,83
掉落,83
殿堂,83
古董店,83
蜜,83
街舞,83
评委,83
悲观,83
奧雷格,83
后头,83
弗朗索瓦,83
衰老,83
心动,83
不应,83
柯林,83
飞行器,83
再试,83
大船,83
何物,83
絙,83
对战,83
司令官,83
생,83
离别,83
好了没,83
某件事,83
咖啡厅,83
華德,83
种马,83
难办,83
迷惘,83
咀,83
小杯,83
脸部,83
由衷,83
可現,83
全员,83
穿孔,83
蒂卡,83
우,83
政党,83
汤匙,83
达文,83
意料,83
貓王,83
厄里,83
犯了错,83
满地,83
科琳,83
壮举,83
费力,83
密集,83
没读,83
贬低,83
有理,83
過量,83
大姐,83
有场,83
容许,83
神秘感,83
信賴,83
慘了,83
滾蛋,83
决战,83
盖住,83
這游戲,83
茫茫,83
肥肉,83
备忘录,83
清真寺,83
屹立,83
卷心菜,83
无论怎样,83
全裸,83
调校,83
大都市,83
谷物,83
粉末,83
天殺,83
我帶,83
哈耶克,83
巡航,83
危在旦夕,83
走著,83
半英里,83
时节,83
蘼,83
电子游戏,83
无名小卒,83
之歌,83
博学,83
全力支持,83
我發,83
上火,83
主播,83
洛沃斯,83
底片,83
支离破碎,83
东非,83
比吉,83
世間,83
般地,83
惨剧,83
寒舍,83
富蘭克林,83
甤,83
结交,83
人給,83
国税局,83
贊美,83
照射,83
投給,83
可敬,83
俄羅,83
三十岁,83
致辞,83
居家,83
斯德哥尔摩,83
华人,83
過時,83
嘻嘻,83
無可,83
負面,83
變形,83
潜水员,83
這幅,83
考古学家,83
所处,83
伊斯兰,83
归队,83
整片,83
七十,83
下边,83
磯,83
本校,83
速率,83
地底下,83
忘恩负义,83
鵝,83
萧条,83
联络人,83
职业杀手,83
匈奴,83
包裝,83
禁令,83
守護者,83
莎孚,83
宮殿,83
真叫人,83
妖女,83
很脏,83
得夠,83
截肢,83
戰艦,83
火星人,83
核武,83
多于,83
那不勒斯,83
中间人,83
眼界,83
开学,83
吸管,83
上訴,83
或盾,83
铆,83
曲折,83
寄托,83
弗格森,83
歌咏,83
胡柏,83
恐高,83
擰,83
洗清,83
池,83
療法,83
接招,83
厭煩,83
厮守,83
搖擺,83
原版,83
尼克森,83
挺過,83
竞争者,83
競技場,83
水位,83
夜幕,83
班级,83
砸碎,83
受益人,83
兴,83
湖邊,83
袖珍,83
兢,83
问到,82
异形,82
平面,82
揮,82
欲火焚身,82
一去,82
贝尔格莱德,82
春假,82
选票,82
線路,82
瘸,82
科罗拉多,82
貓咪,82
匪徒,82
荒芜,82
几千年,82
周年纪念,82
給人,82
类人,82
酒会,82
球场上,82
朵花,82
登月,82
迭戈,82
克莉,82
睫,82
彩蛋,82
独醉,82
嘉賓,82
清爽,82
下蛋,82
本書,82
哀伤,82
自衛,82
听命于,82
进近,82
潛入,82
置身事外,82
塞巴,82
一臉,82
塞住,82
麻疹,82
利特,82
斯莱特,82
国防,82
疯婆子,82
疦,82
阰,82
何去何从,82
每一刻,82
別出,82
愛河,82
想个,82
重温,82
愛莉,82
漢斯,82
屠庫,82
雄鸟,82
牺牲品,82
学得,82
不太对,82
恰,82
曼德瓦,82
造访,82
一家子,82
內衣,82
怪诞,82
独眼,82
驚嚇,82
花上,82
长出,82
触地,82
裝修,82
胡椒粉,82
原地待命,82
纳什,82
打翻,82
丑聞,82
這顆,82
苔莎,82
德黑兰,82
我头,82
悬挂,82
介紹給,82
出擊,82
住宅区,82
索普,82
弗恩,82
敘利亞,82
這不會,82
长眠,82
蛐蛐,82
霸占,82
寄信,82
辛巴达,82
現狀,82
贩子,82
绊倒,82
经济学,82
一百块,82
缸,82
密探,82
貝倫森,82
光光,82
再三,82
沒覺,82
临近,82
不假,82
财物,82
到访,82
奥克兰,82
过个,82
冲到,82
横,82
小店,82
弹性,82
稿,82
猪排,82
篤,82
癫痫,82
受审,82
一两次,82
维利,82
上級,82
沒來過,82
布鲁克斯,82
打水,82
博迪,82
你表現,82
别逗,82
射门,82
伯父,82
卧槽,82
车载,82
诚恳,82
各有,82
西米,82
霍克,82
沉醉,82
埃斯蒙,82
還年,82
戏院,82
乘船,82
血债,82
右脚,82
修理工,82
公分,82
發萝,82
认证,82
事態,82
克里斯托,82
ㄥ,82
柯南,82
施洗,82
劫机,82
昹,82
撅,82
八分,82
致使,82
机师,82
ぉ,82
二年,82
兰伯特,82
一楼,82
저,82
齐布尔,82
几千,82
能别,82
阿好,82
工具箱,81
巢,81
暴動,81
风速,81
脑瘤,81
晚间新闻,81
别耍,81
麥可,81
直升飞机,81
茱,81
谣传,81
算命,81
破灭,81
坦然,81
算算,81
皐,81
对岸,81
令人吃惊,81
痕,81
猎,81
扼杀,81
不帮,81
茱丽叶,81
多佛,81
养老金,81
摔下去,81
转接,81
靠邊,81
小不點,81
感到遗憾,81
水箱,81
云端,81
罗柏,81
表决,81
彻底改变,81
毒販,81
秏,81
陸,81
卡伦,81
抗衡,81
私下里,81
血样,81
下游,81
坑里,81
拉尔斯,81
國度,81
起疑心,81
秅,81
奥古斯特,81
斯塔德,81
醒悟,81
無限,81
如何是好,81
富含,81
有加,81
掌舵,81
煞,81
美利坚,81
贴着,81
飞舞,81
帶過,81
莱昂纳多,81
榨干,81
哇塞,81
美地,81
天然气,81
冲浪板,81
臛,81
西弗,81
亮点,81
蠢材,81
聞到,81
小径,81
柴火,81
不付,81
正合我意,81
狱中,81
做作业,81
最怕,81
過我,81
偏远,81
龐大,81
這不關,81
搭檔,81
力氣,81
应有尽有,81
耳目,81
瞓,81
泉水,81
當上,81
畅销,81
互相残杀,81
好险,81
带头,81
先驱,81
筛选,81
艾芙斯,81
宛如,81
液,81
挺好玩,81
光碟,81
绘制,81
可真有,81
래,81
快让开,81
食人鱼,81
袖,81
柏拉图,81
收取,81
拉扎,81
巴基,81
尊貴,81
劳埃德,81
綴,81
艾萨克,81
经验丰富,81
錄下,81
萌,81
排演,81
缓和,81
特罗,81
搭个,81
裂,81
删,81
慈祥,81
西奥,81
原住民,81
虔,81
显微镜,81
小孩儿,81
他教,81
一个多,81
才智,81
搞糊涂,81
繞過,81
懷抱,81
寫信,81
偷渡,81
不笨,81
男同,81
男孩儿,81
镇压,81
帶路,81
磁帶,81
喝過,81
副总裁,81
水龙头,81
會到,81
报价,81
手电,81
两起,81
一輪,81
自个儿,81
示威者,81
十字军,81
貼心,81
那篇,81
沐,81
我动,81
告發,81
將被,81
克拉夫,81
利萨,81
扫荡,81
幾杯,81
真差,81
腌,81
團伙,81
侵袭,81
不服,81
希尔顿,81
安托万,81
无忧无虑,81
水是,81
引領,81
蒙德里安,81
十五岁,81
皇,81
艾丹,81
回車,81
弗拉斯,81
不會用,81
裁決,81
留意到,81
水来,81
像不像,81
냐,81
黄瓜,81
匪,81
连个,81
農民,81
音樂家,81
未經,81
私自,81
首演,81
牧羊犬,81
市區,81
緼,81
说个,81
健全,81
勇往直前,81
区区,81
日渐,81
哮喘,81
火堆,81
賭城,81
兮,81
说不清楚,81
雄心,81
史无前例,81
活要,81
足足,81
金星,81
安裝,81
得通,80
誘人,80
警車,80
炒作,80
圣彼得堡,80
真空,80
布倫達,80
格溫,80
緹,80
作祟,80
研究室,80
極大,80
连同,80
蘇珊娜,80
纽奥良,80
兰尼,80
惧,80
寄出去,80
起跑,80
西拉,80
曼加,80
山体,80
统领,80
喜马拉雅山,80
警队,80
多特,80
颗粒,80
你夠,80
漩涡,80
捷克,80
弥撒,80
沒看,80
旅行车,80
灵敏,80
安全套,80
安哥拉,80
幾張,80
皱纹,80
語氣,80
人過,80
不太会,80
恩惠,80
高音,80
巴托,80
全看,80
手无寸铁,80
正軌,80
心灵感应,80
言葉,80
帕克斯,80
果园,80
保险库,80
华氏,80
图拉,80
大姑娘,80
向东,80
惊叹,80
男妓,80
更近,80
腎,80
妥,80
豆豆,80
植入物,80
试音,80
肂,80
巡回演唱,80
储物柜,80
考克斯,80
脚底,80
铁丝网,80
诺尔,80
初次见面,80
演說,80
有增无减,80
气愤,80
扫射,80
花哨,80
預,80
盛装,80
输家,80
旁觀,80
第二位,80
第十集,80
當真,80
寓所,80
证券,80
若无其事,80
弄混,80
线条,80
致歉,80
塔楼,80
性趣,80
處亂,80
都將,80
好帅,80
動靜,80
車隊,80
会过,80
碰碰,80
无须,80
學者,80
结巴,80
러,80
账目,80
啟發,80
第八集,80
再造,80
攀登,80
焦點,80
冲过来,80
當下,80
進度,80
外甥女,80
合得来,80
每到,80
纯正,80
帶個,80
米小勒,80
割下来,80
充電,80
起义,80
檸檬,80
扭断,80
此前,80
再往,80
住房,80
题,80
啄,80
泛美航空,80
热衷于,80
澳门,80
波林,80
天体,80
經來,80
苦短,80
越野,80
越近,80
冲刺,80
一马,80
札,80
假發,80
易,80
重担,80
釬,80
伊本,80
歪歪,80
我太累,80
退休金,80
留宿,80
迈可,80
家庭教师,80
换班,80
早到,80
現過,80
無賴,80
貝卡,80
古希腊,80
天佑,80
好办,80
沒告,80
一档,80
編號,80
黑莓,80
赎回,80
纷纷,80
里弄,80
头条新闻,80
好使,80
总而言之,80
总管,80
烦心,80
不饿,80
刑罚,80
受洗,80
撞破,80
體育場,80
狡,80
接力,80
苦头,80
沉没,80
精髓,80
无济于事,80
空手,80
不晚,80
杂志社,80
爆炸案,80
籩,80
撒野,80
找上门来,80
戏法,80
信不过,80
阿莱,80
阿菲,80
多岁,80
天际,80
受训,80
就业,80
褐焊集,80
那群人,80
即将来临,80
前辈,80
大河,80
熄灯,80
湿润,80
麦吉森,80
罗德尼,80
誓约,80
用车,80
伸出手,80
海利,80
荣幸之至,80
年头,80
早早,80
辩方,80
海港,80
區的,80
荒废,80
迟点,80
瓃,80
内情,79
吶,79
陰莖,79
土著人,79
欣喜,79
抗体,79
看不清楚,79
撮合,79
内萨,79
内应,79
伊迪丝,79
質量,79
进不了,79
講的,79
多個,79
疩,79
稱癬,79
存钱,79
台车,79
泰格,79
栺,79
皆知,79
诗意,79
信服,79
相像,79
搜尋,79
一词,79
海中,79
鏟,79
顶住,79
不测,79
糾結,79
胡乱,79
西邊,79
朱迪斯,79
轰掉,79
转个,79
基诺,79
小笨蛋,79
全年,79
全境,79
正忙,79
记不得,79
狂妄,79
這關,79
一試,79
炒蛋,79
建个,79
免除,79
选美,79
防身,79
没回,79
席德,79
强奸犯,79
第十三,79
老派,79
從何,79
忘带,79
休息时间,79
勃,79
苗条,79
长椅,79
方言,79
讶子,79
弹射,79
埃塞俄比亚,79
堂,79
寺庙,79
办事处,79
布莱,79
主力,79
擺平,79
痞子,79
顶替,79
轉彎,79
建了,79
往里,79
不高興,79
雷特,79
开克,79
易如反掌,79
英明,79
五大湖,79
布魯克,79
告示,79
兩份,79
會合,79
猥亵,79
受命,79
库尔特,79
一静,79
豹子,79
而后,79
篶,79
蒂托,79
將近,79
旧情,79
老去,79
自語,79
事到如今,79
道光,79
薄弱,79
情绪化,79
五十个,79
尋,79
奥蒂斯,79
弗萊,79
贾伯利,79
不开,79
马什,79
수,79
右翼,79
炮友,79
劳丽,79
撒馬利亞人,79
诋毁,79
三百万,79
野信,79
科长,79
塑胶,79
德尼,79
夷为平地,79
听力,79
施行,79
本庭,79
创立,79
接线员,79
必死无疑,79
流利,79
艾什,79
存到,79
대,79
共济会,79
不买,79
泰伦斯,79
條款,79
家住,79
不尽然,79
先要,79
输出,79
萨尔瓦多,79
合照,79
多出,79
空調,79
蒂默,79
使馆,79
白日,79
克林顿,79
隨后,79
維斯,79
副官,79
邻居们,79
潔,79
限,79
以至,79
从今天起,79
安寧,79
很胖,79
房主,79
一百个,79
计时器,79
宫廷,79
洞穿,79
凝聚,79
臣,79
巨怪,79
推特上,79
丝袜,79
桥牌,79
化作,79
纸牌,79
先得,79
造物主,79
纳瑟,79
更惨,79
首映,79
定论,79
笛,79
时要,79
過多,79
文档,79
饥荒,79
肅,79
肉丸,79
奥利维,79
修整,79
河谷,79
横穿,79
黑桃,79
要過,79
巨人队,79
混进,79
你頭,79
彻夜,79
平局,79
罗索,79
圖案,79
杰拉,79
西瓦吉,79
太平间,79
二十二,79
负罪感,79
章节,79
乌贼,79
你妹,79
最後一個,79
先例,79
热恋,79
正處,79
所致,79
太長,79
馆长,79
沒意,79
瑞塔,79
之苦,78
看够,78
特權,78
賤貨,78
暮,78
空着,78
赤手空拳,78
奧托,78
三上,78
转账,78
根烟,78
至爱,78
旺卡,78
感应器,78
宾州,78
话候,78
兜兜风,78
船头,78
鏡,78
突变,78
约翰斯,78
嫁人,78
双关,78
山地,78
派斯,78
一類,78
補充,78
快艇,78
赏,78
武术,78
连任,78
提比略,78
我梦到,78
流亡,78
克鲁姆,78
足球队,78
高价,78
德福,78
乱糟糟,78
绵羊,78
花錢,78
獄警,78
两瓶,78
繚,78
美利坚合众国,78
準則,78
宽敞,78
卒,78
大哭,78
丟進,78
菠菜,78
傾訴,78
愛是,78
骑手,78
柯行,78
隔间,78
人工呼吸,78
識到,78
解毒剂,78
門鎖,78
穆尔,78
点水,78
扑克牌,78
違抗,78
食言,78
倒车,78
床铺,78
挖洞,78
之用,78
瑅,78
蒂森,78
拉克斯,78
阴蒂,78
酩酊大醉,78
质,78
哭哭啼啼,78
格里格,78
幼虫,78
响亮,78
生疏,78
妻女,78
妮琪,78
幾件,78
真假,78
屠宰,78
麻瓜,78
祭坛,78
蟾蜍,78
鯊,78
盯紧,78
骡子,78
正题,78
樂觀,78
接納,78
地要,78
範圍,78
保养,78
发神经,78
枯竭,78
连结,78
不相干,78
饭菜,78
過床,78
宝,78
起伏,78
水怪,78
婊,78
审理,78
立法,78
唯,78
先上,78
千禧年,78
袍,78
結實,78
那匹马,78
镀,78
野牛,78
赛马场,78
我來給,78
輪椅,78
經歷過,78
狭窄,78
米格,78
還跟,78
數據庫,78
文艺复兴,78
基石,78
時后,78
满口,78
我會來,78
传染给,78
小气,78
正版,78
懂事,78
填写,78
本部,78
一味,78
热线,78
連個,78
塞進,78
扩展,78
网页,78
黛莉,78
公式,78
少不了,78
套路,78
隐形眼镜,78
施加,78
大幅,78
浆果,78
草皮,78
精神病人,78
刀刃,78
手冊,78
聖經,78
文雅,78
這沒有,78
棟,78
體面,78
殘,78
田地,78
商船,78
蜿蜒,78
讨,78
证监会,78
内奸,78
脱落,78
肿,78
押送,78
取決,78
维尼,78
焕然一新,78
化学物质,78
搭理,78
汗毛,78
岔子,78
救生员,78
滿懷,78
不需,78
班吉,78
慢走,78
音乐学院,78
好酒,78
屆,78
说句,78
過于,78
想救,78
抓获,78
细致,78
舱麓,78
地基,78
苦難,78
祖父母,78
殺過,78
几块,78
映射,78
紙條,78
暴風,78
战时,78
佛蒙特州,78
史前,78
儲藏室,78
儿时,78
回國,78
遺產,78
斯坦普,78
二十三,78
卫士,77
园艺,77
爱德华兹,77
厨师长,77
难为情,77
回放,77
遣返,77
按着,77
ㄎ,77
納瑟,77
沃尔,77
特勒,77
約書亞,77
悠久,77
学业,77
迦太基,77
递交,77
度假村,77
无法挽回,77
壮丽,77
曲解,77
交由,77
超模,77
海床,77
買下,77
西摩,77
唱首歌,77
火箭筒,77
低等,77
撒克遜,77
小叮當,77
丹妮尔,77
小猴子,77
出生地,77
结盟,77
奧斯,77
瞳孔,77
控制器,77
婚姻生活,77
婚宴,77
辞掉,77
扭伤,77
鸵鸟,77
氮莱,77
一整套,77
灵光,77
个面,77
插进去,77
看樣子,77
不熟,77
冰茶,77
生物学,77
俯瞰,77
這也許,77
乌斯,77
迄今为止,77
魅惑,77
侍卫,77
小矮人,77
發泄,77
谈心,77
还敢,77
嗡嗡,77
克利斯,77
莉安,77
鲁国,77
阿歷,77
股价,77
圣女,77
抛锚,77
下午茶,77
下层,77
跑来跑去,77
幸运儿,77
内华达州,77
斯托克斯,77
他生,77
他絕,77
毒打,77
教書,77
到場,77
多想,77
不长,77
闹事,77
半輩子,77
逃之夭夭,77
塞特,77
奋战,77
九個,77
死讯,77
奈杰尔,77
這門,77
這支,77
不怕死,77
冷笑,77
硬件,77
死翘翘,77
靠窗,77
保暖,77
是種,77
渡過,77
津,77
街口,77
杰罗姆,77
捐贈,77
这病,77
装束,77
園,77
漫画书,77
波諾,77
云彩,77
申请表,77
体检,77
端的,77
双份,77
萨达姆,77
画得,77
塔尔,77
伸直,77
病倒,77
這將會,77
여,77
一之濑,77
好的开始,77
人形,77
審員,77
全宇宙,77
德庫,77
怀有,77
驚慌,77
没病,77
为时已晚,77
真品,77
小邁,77
小雞,77
舉止,77
監制,77
西特,77
沉积物,77
玻利维亚,77
旷野,77
旅行箱,77
霧,77
拉皮,77
饲养,77
美术,77
冲进去,77
打磨,77
漂移,77
另一名,77
红头发,77
飞逝,77
运走,77
柬埔寨,77
荼毒,77
狂犬病,77
土狼,77
卷轴,77
双人,77
车主,77
重头,77
有何感想,77
排泄物,77
古埃及,77
報應,77
없,77
華沙,77
静静地,77
邮差,77
大半,77
本是,77
使唤,77
乳臭未干,77
贯穿,77
德克斯特,77
佛教徒,77
更难,77
我聞,77
消退,77
基督教徒,77
協定,77
卑躬屈膝,77
鲶鱼,77
前所未见,77
闭上眼,77
那狗,77
摔角,77
克萊,77
要面,77
发笑,77
里维,77
在問,77
饭桶,77
謝爾曼,77
三小時,77
函,77
推广,77
十块钱,77
无条件,77
底朝天,77
法律制裁,77
马屁,77
려,77
医药,77
陶洛斯,77
二百,77
延误,77
盳,77
周旋,77
海狸,77
倒刺,77
批,77
酝酿,77
斯坦斯,77
拉住,77
暴政,77
心上人,77
夫君,76
中奖,76
往北走,76
抱著,76
迦勒,76
停尸房,76
情報局,76
店员,76
瓜瓜,76
牢记,76
牧女,76
亞的,76
进球,76
裝扮,76
烟灰缸,76
種種,76
哥譚,76
烏鴉,76
閃耀,76
指明,76
辫,76
雇員,76
小哥,76
一丝不挂,76
還和,76
深厚,76
最佳人选,76
粒,76
關上門,76
淹,76
击退,76
棕榈,76
乔尼,76
希利,76
列队,76
打掃,76
好汉,76
當面,76
丟到,76
一無是,76
单一,76
神经系统,76
现场报道,76
铅,76
引誘,76
使勁,76
太对,76
书本,76
冷落,76
新闻界,76
何方神圣,76
溜进,76
一事无成,76
水深,76
記不起,76
优山,76
怒气,76
让我拿,76
堪萨斯州,76
當天,76
實上,76
南北,76
订婚戒指,76
没醉,76
旋風,76
麥考,76
水坝,76
马场,76
盛,76
很美,76
敬酒,76
艾麗卡,76
只給,76
宣读,76
裂痕,76
很准,76
犹太教,76
坐轮椅,76
其一,76
钱伯斯,76
喷雾,76
自命不凡,76
保齡球,76
전,76
玛德琳,76
口腔,76
顽皮,76
戀愛,76
菲茨杰拉德,76
豁免权,76
撸,76
ズ,76
死路一条,76
弧弧,76
屬,76
拳打,76
纳尔逊,76
你学,76
线报,76
竭盡,76
把車,76
诸多,76
微風,76
我超,76
問個,76
不仅如此,76
意志力,76
意外事故,76
怨言,76
北境,76
苏黎世,76
温特斯,76
奧古,76
变大,76
主公,76
埃尔哈,76
松口,76
佩戴,76
鲁伯特,76
終生,76
真糟,76
花言巧语,76
抢先,76
不解,76
會計,76
瘋人院,76
头版,76
把守,76
练练,76
领头,76
氦,76
警界,76
无影无踪,76
用刀,76
想用,76
挺快,76
千金,76
一亿,76
时有,76
隆起,76
多點,76
火海,76
长辈,76
年來,76
两辆,76
克莱夫,76
膽子,76
联合会,76
独裁者,76
文學,76
下床,76
受孕,76
谢意,76
分道扬镳,76
矿物,76
粗魯,76
两遍,76
坐以待毙,76
护,76
營業,76
年内,76
仅剩,76
俯卧撑,76
境况,76
比比,76
放哨,76
安全性,76
鐘聲,76
扶持,76
惊醒,76
浇,76
徒,76
太老,76
這么問,76
冬,76
雷尼,76
甚么,76
绿箭侠,76
开创,76
郵箱,76
救治,76
不願,76
剝奪,76
臣民,76
渗入,76
九百,76
橄榄球队,76
小白脸,76
真要命,76
上阵,76
转圈,76
克罗夫特,76
一笑,76
小区,76
最想,76
长远,76
惡毒,76
利亞,76
有话直说,76
火球,76
回忆录,76
回路,76
相親,76
還留,76
废话少说,76
斯文,76
失血过多,76
军校,76
進城,76
哥伦比亚大学,76
蓝妹妹,76
金盆洗手,76
掺,76
配置,76
趴下来,76
瑞金,76
子爵,76
脆,76
尼亞,76
卧倒,76
下周一,76
顶峰,75
朗尼,75
凯迪拉克,75
囧,75
进发,75
暍,75
裸露,75
衛兵,75
市政府,75
跌落,75
炙热,75
两部,75
点好,75
围成,75
勇者,75
低頭,75
弯腰,75
普爾,75
维克拉姆,75
朱麗葉,75
難關,75
日军,75
海報,75
酷斃,75
甲烷,75
先回,75
你常,75
假想,75
灰暗,75
情節,75
维生,75
装甲车,75
直径,75
里士满,75
越战,75
唤起,75
猿,75
招数,75
騙局,75
全球性,75
七分,75
过高,75
溫泉,75
龙哥,75
我气,75
流下,75
不由,75
电车,75
無常,75
伞兵,75
会输,75
几百,75
这幢,75
考上,75
星探,75
會長,75
第一站,75
屈服于,75
萬能,75
不可或缺,75
烈火,75
撓,75
面包屑,75
一丁,75
ヵ,75
如实,75
自控,75
毒手,75
捐献,75
一夜之间,75
圣物,75
翻天,75
阿黛尔,75
哈瓦那,75
俗气,75
曼斯菲尔德,75
崽,75
拍打,75
布蘭達,75
主厨,75
承蒙,75
更正,75
出不来,75
監管,75
競賽,75
防彈,75
珍宝,75
這吧,75
谚语,75
苏伊,75
篘,75
并用,75
刚帝,75
半决赛,75
誕禮物,75
糧食,75
岳母,75
比目鱼,75
臭屁,75
腰包,75
些许,75
锡,75
错话,75
铁匠,75
动乱,75
密友,75
青鸟,75
发售,75
人称,75
罗伯茨,75
乌瑞纳斯,75
不難,75
念念,75
卢斯,75
我己,75
凝结,75
车是,75
熬过,75
沙尔,75
被俘,75
提了,75
放下去,75
哈维尔,75
堅決,75
慈爱,75
縱,75
骂人,75
守候,75
狂怒,75
普拉提,75
连络,75
金鱼,75
旺,75
役,75
你闻,75
起效,75
生命力,75
買些,75
甜言蜜语,75
往上,75
后续,75
無緣,75
棚,75
渴死,75
游戏机,75
得太多,75
斯坦顿,75
南区,75
大到,75
言归正传,75
棒子,75
沦为,75
口感,75
康罗伊,75
還被,75
掛,75
恰到好处,75
迷雾,75
那還,75
提神,75
又名,75
穿衣,75
词汇,75
窗前,75
一伙人,75
水塔,75
输赢,75
姊,75
摄魂,75
被擊,75
艾爾,75
再活,75
稱暗,75
門開,75
我藏,75
放著,75
毫无价值,75
塔罗牌,75
度度,75
二十块,75
那家店,75
真命天女,75
圍著,75
季度,75
置之不理,75
骨肉,75
指認,75
词语,75
一干二净,75
效仿,75
之线,75
静脉,75
之源,75
白昼,75
读出来,75
巨额,75
蠢到,75
病症,75
投射,75
牵涉到,75
方形,75
微粒,75
巴頓,75
死心,75
作風,75
井筒,75
大嫂,75
惊,75
維吉爾,75
大酒店,75
鲤,75
顶嘴,75
砍下来,75
短褲,75
克朗,75
欢快,75
家当,75
母鸡,75
性取向,75
常去,75
每一分,75
德比,75
阿拉丁,75
裝上,75
同學們,75
这不像,75
大得多,75
釋,75
菲奧娜,75
尖端,75
力度,74
拖延时间,74
玉米饼,74
同仁,74
獾,74
没人接,74
德弗林,74
專用,74
劉易斯,74
轟炸機,74
他命,74
梅子,74
送礼物,74
印上,74
的哥,74
没水,74
酒量,74
迈尔,74
賽斯,74
包皮,74
勾當,74
喝彩,74
只花,74
捕食者,74
制造者,74
杜兰特,74
阿迪,74
城鎮,74
梅西,74
留守,74
杰弗逊,74
溫馨,74
要放,74
霍斯,74
宛若,74
阶层,74
正相反,74
爭議,74
輛,74
沿海,74
无稽之谈,74
妳有,74
成效,74
擴張,74
湯瑪士,74
珋,74
爱卿,74
廉價,74
意料之外,74
氣球,74
双叶,74
一說,74
苦力,74
真情,74
大维,74
真應,74
演剧,74
底線,74
濫用,74
亲眼所见,74
化解,74
蔡,74
修士,74
借过一下,74
啦啦队,74
編造,74
格子,74
学分,74
格尔达,74
孤寂,74
愛好者,74
搬运,74
鎖上,74
辨识,74
伊沙,74
趋势,74
十点钟,74
会计师,74
造船,74
너,74
元老,74
安格斯,74
逆,74
莎士,74
沒到,74
口徑,74
有序,74
类固醇,74
比索,74
公认,74
ヅ,74
四十五,74
團聚,74
歼灭,74
追著,74
南斯拉夫,74
昂斯,74
貫,74
狙擊手,74
乳頭,74
人活,74
不会错,74
对不住,74
耍花样,74
大妈,74
芝麻,74
疲憊,74
十号,74
達里爾,74
籃子,74
窺,74
分神,74
骑警,74
主编,74
紀律,74
所爱,74
铁冠,74
北美洲,74
叹气,74
拍拖,74
偷腥,74
亏欠,74
云雀,74
墜,74
墓穴,74
開什麼,74
錯事,74
开炮,74
开打,74
熄滅,74
商标,74
唾液,74
杂草,74
兌現,74
圆满,74
例行公事,74
对策,74
前不久,74
牢笼,74
赫伯特,74
赫拉克,74
布莱斯,74
布里克,74
从何而来,74
說給,74
饮品,74
晋级,74
颓废,74
年鉴,74
哥谭,74
马帝,74
蹂躏,74
遊行,74
绝大多数,74
传导,74
痛不欲生,74
蠢驴,74
轮不到,74
第二任,74
忠實,74
原以,74
劳勃,74
浅滩,74
雙倍,74
艾力,74
幸,74
用不上,74
即興,74
召開,74
一針,74
明朗,74
幹什,74
誘餌,74
太謝謝,74
遙法外,74
合一,74
敦,74
舰桥,74
引以为傲,74
飞机场,74
谈完,74
拨号,74
個頭,74
第五个,74
好谈,74
拔足,74
陰暗,74
情欲,74
知己,74
滑翔,74
基丁,74
领空,74
神通,74
鬧著,74
出格,74
赶回去,74
胡桃,74
线人,74
哈洛德,74
买到,74
翩翩起舞,74
冷得,74
危险性,74
喝掉,74
下辈子,74
上網,74
地下水,74
發行,74
拘禁,74
他媽媽,74
遺體,74
索取,74
发达,74
色狼,74
飞过去,74
没要,74
援军,74
搓,74
直白,74
尖锐,74
筹划,74
凭借,74
埃米尔,74
偵測,74
犯罪集团,74
改良,74
備用,74
交手,74
高尔夫球场,74
整齊,74
永恆,74
綠燈俠,74
法蘭克林,74
复仇者,74
同音,74
整条,74
鼓起,74
大坏蛋,74
圣餐,74
我數,74
嚣张,74
瑪麗亞,74
不够格,74
多恩,74
典獄,74
卡尔森,74
布宜诺斯艾利斯,74
接应,74
破例,74
市集,74
布兰妮,74
隔绝,74
克爾頓,74
豪爾,74
杀伤性,74
沟里,74
法典,74
雙腿,74
请进,74
我手,74
三思,74
地域,74
蚚,74
宮,74
宣戰,74
讲过,74
卡梅伦,74
對話,74
撈,74
回不來,73
駱駝,73
论,73
筍,73
鼓声,73
萊昂,73
胡话,73
回个,73
搔,73
侵占,73
逝世,73
快點兒,73
混音,73
遞,73
两码事,73
咬人,73
咬住,73
假人,73
相近,73
評判,73
戈麦斯,73
刑,73
没锁,73
没长,73
荣誉出品,73
性情,73
斩,73
旗幟,73
捣蛋鬼,73
正试图,73
州警,73
几百个,73
ワ,73
該問,73
精良,73
酒醉,73
杜利特,73
机智,73
谦卑,73
平地,73
自認,73
滋生,73
那顆,73
家庭成员,73
净,73
泼平斯,73
湿地,73
一頁,73
八天,73
垦,73
说到底,73
游说,73
特种兵,73
冻僵,73
湖底,73
升官,73
藤,73
安睡,73
幹活,73
有否,73
憔悴,73
憎恶,73
圣城,73
腦中,73
铁砧,73
肯尼亚,73
放上去,73
公用,73
充当,73
哈比人,73
堅固,73
總想,73
大浪,73
抬頭,73
吵吵,73
礼拜天,73
醒目,73
追求者,73
昨天下午,73
门罗,73
不時,73
抵,73
几根,73
流口水,73
亞利,73
鬼故事,73
斑斑,73
技师,73
二十世纪,73
重拍,73
甜头,73
驾到,73
昂貴,73
皮草,73
这架,73
岔路,73
橡皮,73
肯德尔,73
店铺,73
甐,73
上个星期,73
爱玛,73
真惡心,73
被车撞,73
蝴焊,73
排好队,73
疯女人,73
长子,73
無私,73
觹,73
坏小子,73
博朗,73
触及,73
焦躁,73
顺道,73
斯凯,73
小兵,73
摻,73
白手起家,73
卡西姆,73
哇哇,73
写诗,73
躲躲藏藏,73
野心勃勃,73
风度,73
动画片,73
塞尔马,73
重新做人,73
远远不够,73
卷土重来,73
真愛,73
我行我素,73
那堆,73
样片,73
不願意,73
穿件,73
医护人员,73
澄,73
境目,73
廊,73
盖斯,73
圍欄,73
小道消息,73
檢查過,73
裂开,73
特写,73
怕死,73
分崩离析,73
病態,73
然後把,73
紙,73
赤裸裸,73
細菌,73
快车,73
念完,73
事实如此,73
迪兰,73
陛,73
教母,73
珺,73
警服,73
辞呈,73
奧拉,73
莫瑞亚,73
莫瑞亞,73
李察,73
珍视,73
讀者,73
你活,73
无意间,73
油量,73
开溜,73
测,73
四方,73
脱水,73
主人公,73
光輝,73
採訪,73
死里逃生,73
传唤,73
前一晚,73
煎餅,73
发胶,73
保命,73
深色,73
利亚姆,73
食譜,73
拍照片,73
火烈鸟,73
当日,73
驅,73
和平共处,73
咀嚼,73
杀伤力,73
不折不扣,73
心頭,73
趁早,73
浴袍,73
弗萊明,73
玩够,73
萨克,73
强者,73
点名,73
賜給,73
勒克,73
扯掉,73
良,73
哪间,73
萝莉,73
多丽丝,73
阉,73
名利,73
悄悄的,73
陨石坑,73
绿洲,73
惠勒,73
诺贝尔奖,73
卡莱尔,73
大奖赛,73
凝固,73
臉上,73
兩塊,73
瞎猜,73
腿部,73
銃,73
菲力,73
那伙,73
入场,73
结了,72
似曾相识,72
燒烤,72
尼德,72
求援,72
莫德,72
稱作,72
回响,72
意義的,72
別怪,72
救出去,72
腹中,72
小个子,72
地名,72
蜂巢,72
還清,72
不切实际,72
不值钱,72
自來,72
带入,72
帕西法,72
焊接,72
空降师,72
分行,72
黑進,72
住過,72
所想,72
寒,72
汹涌,72
知覺,72
塑料袋,72
入獄,72
原始人,72
欣喜若狂,72
紧接着,72
撒哈拉沙漠,72
奴仆,72
迫降,72
車道,72
击溃,72
援兵,72
遵照,72
几件事,72
混帳,72
走動,72
取而代之,72
保列,72
정,72
奥丁,72
俩个,72
鑽石,72
负鼠,72
埮,72
出人头地,72
塞尔达,72
窗边,72
不全,72
警笛,72
重獲,72
宣,72
铁链,72
急躁,72
疑慮,72
李维,72
抨击,72
片中,72
缩短,72
拷貝,72
交货,72
螳螂,72
叛逃,72
藐视,72
待过,72
肺里,72
谨,72
皮爾斯,72
迷倒,72
清澈,72
推動,72
腾出,72
西面,72
潛艇,72
學學,72
顯而易,72
既有,72
议长,72
查尔顿,72
勞,72
哭喊,72
好运气,72
灾难性,72
倒影,72
嫖,72
沒出,72
佩內洛普,72
罕見,72
誓死,72
桑塔,72
基兰,72
限速,72
猜谜,72
柯能,72
領土,72
粮,72
會將,72
의,72
散開,72
弄醒,72
深远,72
杜塞,72
親生,72
莫洛,72
診所,72
侵略者,72
侵蝕,72
天上掉,72
小點聲,72
众,72
每场,72
我车,72
图纸,72
嘴边,72
凄惨,72
阴毛,72
公事包,72
森特,72
牵挂,72
我加,72
帐号,72
二千,72
哥斯达黎加,72
停机,72
满载,72
转给,72
三振出局,72
传出,72
另一家,72
火化,72
预先,72
预付,72
喷射,72
眼睜睜,72
睜開,72
关怀,72
過一個,72
瘦子,72
光頭,72
伊安,72
看不見,72
齿轮,72
独占,72
講個,72
极高,72
莉恩,72
狄基,72
晉升,72
怎知,72
甜甜的,72
小角色,72
提个,72
请坐下,72
叙述,72
深沉,72
车牌号,72
殿,72
捉拿,72
插進,72
機槍,72
要加,72
即时,72
盌,72
搞乱,72
黄片,72
别骗,72
哈肯,72
无价,72
认真对待,72
爆头,72
卡路里,72
下贱,72
守望者,72
美洲豹,72
不長,72
自尽,72
马岛,72
宝剑,72
剪断,72
那匹,72
野良神,72
一吻,72
物體,72
手榴彈,72
自传,72
希伯来,72
动心,72
这狗,72
万事俱备,72
基爾,72
我军,72
残杀,72
貓頭鷹,72
怎讲,72
熊貓,72
没辙,72
投出,72
痛心,72
淋,72
詹尼,72
管管,72
径直,72
老老实实,72
懒惰,72
公元前,72
每星期,72
道菜,72
不為,72
落魄,72
斯凱勒,72
白葡萄酒,72
袖手,72
费尔德,72
創新,72
健壮,72
唱起,72
片手,72
那幫,72
吉爾伯特,72
發來,72
發狂,72
截获,72
م,72
相當于,72
主谋,72
埃斯波,72
瞯,72
讲究,72
法學院,72
銀色,72
省下,72
裤裆,72
矿场,72
踏板,72
班纳,72
开演,72
一層,72
總理,72
真难,72
莱克斯,72
偷溜,72
不由自主,72
尤达,72
好几,72
營養,72
夸獎,72
這破,72
释放出来,71
種醚,71
鄙視,71
每一寸,71
先祖,71
偷运,71
低沉,71
宣泄,71
那感覺,71
宣稱,71
骑师,71
牽涉,71
特赦,71
米格尔,71
塔尔博特,71
交钱,71
击,71
箂,71
朱厄爾,71
搅拌,71
能帶,71
沉沦,71
天涯,71
克洛斯,71
巴伯,71
動身,71
签订,71
整形,71
勘,71
记忆里,71
挡不住,71
請講,71
電台,71
这棵,71
游玩,71
开采,71
很香,71
蛤萝,71
約翰遜,71
上涨,71
小山,71
祝酒,71
失恋,71
何用,71
肉麻,71
枯燥,71
羨慕,71
快撤,71
编个,71
彌爾頓,71
弗丽达,71
布雷特,71
一千块,71
红辣椒,71
投注,71
看樣,71
康沃尔,71
孟菲斯,71
字迹,71
雷諾,71
布魯姆,71
排查,71
販子,71
纳闷,71
沉到,71
莱维,71
奧羅拉,71
北上,71
決不會,71
无懈可击,71
切口,71
鸡奸,71
爪牙,71
慈,71
存储,71
瑪麗恩,71
方块,71
订购,71
不象,71
一體,71
掠食,71
艾莎,71
改過,71
搬来,71
偷偷地,71
烧成,71
過節,71
反思,71
我馬,71
这棵树,71
小包,71
浩瀚,71
四百万,71
少爺,71
摧残,71
沒人要,71
丁小七,71
抽身,71
红妈,71
助人,71
慢用,71
橡子,71
楚,71
对峙,71
最深处,71
光靠,71
变坏,71
雙重,71
魔法石,71
血偿,71
确凿,71
洪堡,71
烛光,71
严谨,71
百分之十,71
块头,71
要素,71
半径,71
打炮,71
滑落,71
猘,71
霍布斯,71
以示,71
幸能,71
言論,71
疑点,71
聊過,71
拉扯,71
从此以后,71
适宜,71
協調,71
默契,71
每刻,71
要當,71
更快,71
沟,71
调料,71
走火,71
发臭,71
混合物,71
挑战性,71
囚徒,71
两处,71
廷,71
傷痛,71
不能不要,71
校,71
留胡子,71
閃閃,71
嫁祸,71
史迪奇,71
激素,71
纳丁,71
別離開,71
利器,71
有股,71
声望,71
逊毙,71
第四次,71
情婦,71
颶風,71
顧慮,71
進水,71
维维安,71
良心不安,71
薩曼莎,71
愛嗎,71
泪,71
兩只,71
受損,71
重归于好,71
秘密警察,71
沒禮貌,71
刺眼,71
有线,71
倉,71
來問,71
皮姆,71
奇才,71
信得过,71
假释官,71
比尼,71
關燈,71
康納,71
彙,71
高个子,71
實習生,71
疙瘩,71
肥猪,71
告白,71
门边,71
药房,71
打動,71
開來,71
雅科夫,71
荧幕,71
一侧,71
隱蔽,71
埃莉諾,71
老头儿,71
过河,71
溶化,71
波斯尼亚,71
书中,71
盗用,71
恋童,71
恀,71
逍,71
诚心,71
斯莫克,71
我忘記,71
一般来说,71
倒回去,71
好覺,71
吉布斯,71
茬,71
生徒,71
毕晓普,71
亂語,71
靠得住,71
鬼怪,71
縣,71
螞蟻,71
女同,71
找错,71
沿途,71
框架,71
桑那,71
各大,71
坚不可摧,71
礼拜堂,71
億萬,71
十七岁,71
超重,71
脊柱,71
瓦色尔曼,71
阿姆,71
学来,71
庇护所,71
围观,71
无处可去,71
暗处,70
蓬蓬裙,70
瓷,70
蓝调,70
候選人,70
钻戒,70
勘察,70
好客,70
索蕾,70
接口,70
發財,70
靠墙,70
看個,70
别开,70
服飾,70
农庄,70
沙爾,70
小英,70
谢帕德,70
大神,70
快下,70
還早,70
格蕾特,70
幾率,70
印在,70
家父,70
竞技,70
据称,70
闲,70
糛,70
我車,70
踪影,70
魔掌,70
責怪,70
裁员,70
我記,70
沈,70
濒临,70
墨索里尼,70
大隊,70
大包,70
事已至此,70
事想,70
下垂,70
寫下,70
荒原,70
言語,70
叛国罪,70
加德纳,70
轮班,70
訊號,70
阶梯,70
干洗店,70
翻到,70
锅,70
所愛的,70
有興趣,70
惨死,70
不利于,70
蒂杰,70
飛去,70
主菜,70
人种,70
特蘭,70
精光,70
精湛,70
芅,70
拉塞,70
拉图,70
闲着,70
還沒完,70
贖金,70
业主,70
艾美,70
全副,70
主君,70
洛里,70
远不止,70
希伯來,70
疱疹,70
小卒,70
进过,70
西奥多,70
搬回来,70
ゥ,70
召,70
小福,70
昂,70
星門,70
小巧,70
球賽,70
有段,70
咻,70
特伦斯,70
聽眾,70
百货公司,70
天行者,70
光環,70
藥品,70
饰品,70
霍尔特,70
奥斯,70
艾尔顿,70
陷,70
通风,70
乐在其中,70
来历,70
抵消,70
衣架,70
黄金会员,70
弟子,70
合金,70
说明书,70
雄鹿,70
有远见,70
參考,70
输血,70
遮,70
兇案,70
消费者,70
是關,70
其后,70
枯,70
羽鸟,70
收尾,70
他會來,70
摇篮曲,70
连胜,70
掛在,70
最聰明,70
掖,70
掘,70
兩歲,70
六十年代,70
存入,70
庫克,70
餵,70
點別,70
米苏,70
独唱,70
部里,70
保不住,70
走神,70
艙門,70
不常,70
撤掉,70
显现,70
一地,70
对着干,70
碎屑,70
抓稳,70
试演,70
异能,70
饶舌,70
沉下去,70
蹈,70
夺冠,70
李斯,70
更多人,70
取得胜利,70
选个,70
冲走,70
水井,70
踩油门,70
星際,70
木内,70
哨子,70
飞天,70
職員,70
痥,70
紧身衣,70
受尽,70
行军,70
宇宙飞船,70
塞米,70
蔓梅,70
车程,70
没有勇气,70
西雅圖,70
聊聊吧,70
代表团,70
钱来,70
死寂,70
砸死,70
大黄蜂,70
装弹,70
偏好,70
几种,70
那車,70
樹木,70
留校察看,70
丰收,70
弗尔,70
爬行,70
爆炸物,70
女神像,70
拖下水,70
关着,70
这盘,70
插头,70
給過,70
尝过,70
胸腔,70
上線,70
供货,70
脊,70
凯恩斯,70
好色,70
不過現,70
媳妇,70
米克尔,70
我無意,70
特錯,70
小牛,70
日历,70
絫,70
多活,70
跳跳,70
兰戈,70
你加,70
特質,70
奧尼爾,70
吃午,70
像樣,70
兜圈子,70
倒不如,70
西岸,70
胡蘿卜,70
累壞,70
大峡谷,70
孤,70
经销商,70
赴约,70
告退,70
要换,70
絘,70
填充,70
托托,70
从何说起,70
吝啬,70
两千万,70
社團,70
拼字,70
不菲,70
缠身,70
天生一对,70
轉換,70
推论,70
筧,70
裹尸,70
隐居,70
小丫头,70
论点,70
托付给,70
有无,70
翠斯,70
伤心欲绝,70
不疼,70
溪流,70
懼,70
熱愛,70
越南人,70
晴天,70
汉弗莱,70
超粗,69
苏格兰人,69
简洁,69
会得,69
亚特兰,69
小事一桩,69
在案,69
能來,69
塔巴,69
美剧,69
乔纳斯,69
轻巧,69
格格不入,69
没开,69
谢幕,69
還我,69
親屬,69
他常,69
知更鸟,69
怂恿,69
射线,69
细微,69
农田,69
兜售,69
尼罗河,69
迪比,69
迪肯,69
算数,69
查案,69
沒資格,69
德加,69
内线,69
顧好,69
原定,69
經為,69
贝肖普,69
城惠,69
老东西,69
亮亮,69
巡邏隊,69
贝茨,69
家屬,69
禁闭室,69
届时,69
西耶娜,69
東西來,69
吃完饭,69
著槍,69
自毁,69
家庭作业,69
纳税人,69
護送,69
更有意义,69
隨時會,69
歐塞加,69
韜,69
云层,69
加深,69
正试,69
工作量,69
全方位,69
这层,69
四射,69
自恋,69
煙霧,69
象牙,69
轻率,69
冠稱,69
我腦,69
修哉,69
格德,69
互相帮助,69
狗熊,69
十萬,69
這款,69
我得掛,69
地段,69
全天候,69
胃里,69
双亲,69
槍戰,69
砖头,69
为傲,69
痲,69
肝臟,69
ョ,69
列出来,69
家过夜,69
坦普尔,69
机能,69
开进,69
化妝,69
特羅,69
這給,69
泼妇,69
許下,69
授粉,69
畏懼,69
搬运工,69
生日蛋糕,69
生吞,69
三叉戟,69
走漏,69
決策,69
后盾,69
潜逃,69
显摆,69
爛攤子,69
大學生,69
布局,69
本职工作,69
掠奪,69
传授,69
过冬,69
肉眼,69
西托,69
厘,69
大米,69
郵報,69
打滚,69
麦克白,69
帕里斯,69
发声,69
着实,69
坐过,69
抛下,69
爬起来,69
每种,69
颂歌,69
拉比,69
放出去,69
我装,69
好长时间,69
沙丁鱼,69
邮寄,69
樂子,69
守夜人,69
戰利品,69
柜里,69
講機,69
穡,69
慢一點,69
滿滿,69
臭鼬,69
五金店,69
瑻,69
敌对,69
途,69
蒸,69
讣告,69
順,69
缘分,69
再近,69
安東,69
克莱儿,69
血淋淋,69
归咎于,69
右拳,69
過什麼,69
随即,69
認錯,69
单调,69
僵局,69
飛往,69
飲食,69
贝勒,69
失足,69
出生证明,69
那杯,69
卸,69
作弄,69
河畔,69
一点一点,69
手机信号,69
近亲,69
变身,69
耐力,69
赢球,69
这款,69
出类拔萃,69
配对,69
随身,69
鲁比,69
难耐,69
最让人,69
乐谱,69
柯貓,69
日日夜夜,69
复古,69
深层,69
亲身,69
后備,69
晒太阳,69
档子,69
雲,69
蜜桃,69
昨天早上,69
自力更生,69
考量,69
貧民窟,69
這狗,69
妙不可言,69
身着,69
小道,69
項圈,69
西姆斯,69
弗拉德,69
高分,69
大灾难,69
正巧,69
用以,69
而入,69
而出,69
疯掉,69
達琳,69
挺帅,69
嚴密,69
博览会,69
得過,69
而定,69
前额,69
精疲力竭,69
信条,69
满满的,69
贝伦森,69
示好,69
买车,69
亚德,69
口臭,69
触碰,69
呕吐物,69
所有权,69
口子,69
巴拿马,69
多有,69
极力,69
构想,69
木棍,69
迫击炮,69
發脾氣,69
两面,69
巴勒斯坦,69
遠鏡,69
进退两难,69
玛黛莲,69
紮,69
杠盾,69
果真,69
开场白,69
溢,69
鱷,69
停车位,69
一年级,69
凤姐,69
银币,69
欧洲人,69
能动,69
能見,69
賢,69
悼词,69
相隔,69
佩頓,68
胶囊,68
率先,68
強制,68
炸成,68
色鬼,68
回车,68
晴香,68
侍女,68
龙门,68
表示感谢,68
絞刑,68
天明,68
奥米,68
奥比,68
人道,68
兰德斯,68
司法部长,68
偷车,68
羊羔,68
潮水,68
大忙人,68
何以,68
露營,68
戈多,68
凶恶,68
看门人,68
未遂,68
神聖,68
节哀,68
精采,68
转世,68
纷争,68
艾许丽,68
這倆,68
开路,68
承担责任,68
一杆,68
大马士革,68
周邊,68
鬍,68
健在,68
迟迟,68
措辞,68
背著,68
更少,68
格琳,68
身体健康,68
无非,68
如是,68
雜貨店,68
一举,68
自生自灭,68
幫不上,68
片源,68
披头士,68
翠西,68
误以为,68
魂器,68
填好,68
狼狈,68
莫蒂,68
很早以前,68
很忙,68
改为,68
朝圣,68
玼,68
珀斯,68
棚屋,68
坐等,68
奇观,68
大点,68
大牌,68
攻势,68
午餐时间,68
幸福快乐,68
展现出,68
西沃,68
饰,68
斗志,68
叢,68
希金斯,68
睫毛,68
品質,68
中風,68
革命性,68
猛兽,68
畢生,68
医治,68
气死,68
閃爍,68
伊斯兰教,68
史诗,68
別浪費,68
沒辦,68
礁石,68
萬確,68
傷痕,68
拍過,68
轮回,68
監視器,68
別誤,68
排骨,68
分发,68
但会,68
販賣,68
动态,68
哈莉,68
出生入死,68
救火,68
還做,68
出新,68
絕妙,68
服力,68
严格来说,68
深吸,68
诺特,68
渔船,68
香气,68
充满希望,68
消融,68
皮皮,68
腐朽,68
四大,68
書里,68
乡间,68
藏宝图,68
安尼卡,68
騙人,68
剧中,68
飞跃,68
亡者,68
鷂渡,68
前路,68
装腔作势,68
编写,68
芬尼,68
空想,68
指證,68
台风,68
穴居人,68
冲锋,68
救援队,68
冒牌货,68
快回,68
新闻报道,68
慈善家,68
猿人,68
鉴别,68
雪人,68
伟哥,68
探測,68
出軌,68
素食者,68
别接,68
恶霸,68
心软,68
四面,68
懊悔,68
赃物,68
自言,68
跳動,68
翻版,68
淌,68
布兰特,68
令人厌恶,68
墜毀,68
烘干,68
佩德,68
佩尔,68
卖完,68
一千个,68
贾场,68
电压,68
莉賽爾,68
狂风,68
奉承,68
奥布里,68
拉開,68
转折点,68
不出所料,68
商会,68
每样,68
为您服务,68
非常适合,68
清场,68
阿普,68
身家,68
涂料,68
踏足,68
阿巴斯,68
资本家,68
五千块,68
五名,68
虛假,68
滋润,68
印地安,68
收容,68
浓缩,68
留堂,68
赖特,68
亲眼见到,68
加注,68
闡,68
蛤蟆,68
睡不著,68
親衛隊,68
大富翁,68
后排,68
峰会,68
以西,68
往好,68
粗圆,68
多到,68
했,68
輕時,68
进取,68
入土,68
凯旋,68
裸女,68
偏要,68
我愛我,68
塔伯特,68
透頂,68
人道主义,68
波蘭人,68
筹集,68
就照,68
修修,68
瓦金,68
相依,68
患病,68
陪葬,68
衛生,68
力所能及,68
忧愁,68
双赢,68
他永遠,68
車了,68
要犯,68
家禽,68
辛辛那提,68
戈伯,68
昏迷不醒,68
麥片,68
办理,68
贏家,68
纳努,68
买得起,68
得名,68
村长,68
粘土,68
平板,68
明尼苏达,68
供出,68
两辆车,68
磞,68
節哀,68
壶,68
舰,68
现代化,68
利昂,68
好斗,68
好时光,68
巴卡,68
响应,68
结冰,68
格式,68
乳液,68
走高,68
走后,68
短短的,68
更久,68
入选,68
色情片,68
進過,68
好用,68
柔弱,68
此處,67
快進,67
德洛夫,67
德林,67
大干一场,67
進程,67
情报员,67
不请自来,67
音樂劇,67
收視率,67
公共汽车,67
執法,67
自由女神,67
贝西,67
這天,67
有生以来,67
见不得人,67
推下去,67
起源于,67
冲过去,67
不敢肯定,67
輸掉,67
絵,67
犯罪分子,67
財政,67
綽號,67
榆树,67
实时,67
早间,67
撞开,67
身孕,67
放火烧,67
放射,67
云朵,67
幾條,67
蚗,67
真实世界,67
常春藤,67
衰,67
緩慢,67
天晓得,67
放油,67
印記,67
罽,67
米克斯,67
過氣,67
痛扁,67
场子,67
規劃,67
经理人,67
无心,67
猾,67
强森,67
少许,67
注冊,67
移居,67
喂养,67
搖滾樂,67
中要,67
锁匙,67
盆,67
伊拉,67
皮衣,67
倫比,67
順其,67
断绝,67
打喷嚏,67
我訂,67
陡峭,67
腦筋,67
技术人员,67
技艺,67
捷徑,67
彼女,67
世世代代,67
貝魯特,67
性別,67
科里,67
教友,67
辛西婭,67
挪到,67
选上,67
美联航,67
球探,67
三十分钟,67
采取措施,67
免遭,67
病床,67
分为,67
雄,67
试想,67
而行,67
重播,67
不称职,67
变强,67
三十六,67
疾控中心,67
戴爾芬,67
尔拉,67
典范,67
活物,67
茉兒,67
發布會,67
雪诺,67
觀賞,67
反過,67
反馈,67
老母,67
出马,67
巴罗,67
矮小,67
留點,67
金剛,67
觀念,67
頭頂,67
樹枝,67
测定,67
直飞,67
神迹,67
네,67
凶狠,67
加快速度,67
拼寫,67
不適,67
這架,67
瑞特,67
瑞典人,67
蒙面,67
弄回,67
听得,67
偶遇,67
哈米,67
座右铭,67
雷诺兹,67
蛋黄酱,67
自如,67
農夫,67
想尽办法,67
期待已久,67
美芝,67
钟爱,67
冲进来,67
打傷,67
圆圈,67
通融,67
牵制,67
年青人,67
迅雷,67
加个,67
马利亚,67
信誉,67
無趣,67
荒岛,67
利亚诺,67
扭轉,67
當它,67
帕多,67
丛林中,67
買家,67
利亚斯,67
军事法庭,67
卷毛,67
袱,67
紧闭,67
卢瑟,67
停工,67
发问,67
内有,67
串通,67
夏茲,67
左手边,67
金姆,67
什么游戏,67
第十一,67
好重,67
會毀,67
手袋,67
卡斯特罗,67
德华,67
呆坐,67
泡茶,67
欢庆,67
谋划,67
三辆,67
三道,67
重写,67
污水,67
配上,67
斯顿,67
阿丽,67
词儿,67
当有,67
名副其实,67
養活,67
君上,67
人间蒸发,67
皮塔,67
内出血,67
哪有什么,67
手放,67
人稱,67
砲,67
头像,67
关头,67
带球,67
哈伦,67
雜了,67
派來,67
内涵,67
因果,67
四重唱,67
融为一体,67
賺點,67
螺丝,67
别老,67
录用,67
女士优先,67
第一晚,67
傷人,67
圣战,67
东南,67
跳到,67
沼澤,67
賈伯,67
還為,67
窘境,67
指南针,67
沿岸,67
截止,67
相守,67
三声,67
体谅,67
那般,67
景观,67
過別,67
就任,67
旋,67
曲速,67
纳粹党,67
離去,67
但事實,67
不如意,67
燒毀,67
锁链,67
尼可,67
里格,67
记录在案,67
福瑞,67
萊利,67
開派,67
防空,67
驱魔,67
庇,67
立馬,67
专访,67
时说,67
大好机会,67
茶杯,67
深淵,67
库斯,67
外行,67
對手,67
貂,67
赫斯基,67
褫,67
张唱片,67
夏兹,67
新潮,67
来头,67
相貌,66
聚光灯,66
答覆,66
张牌,66
敲詐,66
染成,66
你试,66
磨坊,66
调节,66
供电,66
需不需要,66
相連,66
音響,66
这么着,66
巴兹,66
在生活中,66
夜生活,66
摁,66
芳香,66
熱水,66
十几岁,66
选拔赛,66
之爱,66
稱職,66
論,66
政变,66
粉紅色,66
鲍里斯,66
島嶼,66
全場,66
放馬過,66
璍,66
胁迫,66
出任,66
胆固醇,66
热力,66
課上,66
守门员,66
藏到,66
比我强,66
契尔,66
提拉,66
全开,66
千真,66
努基,66
鲍耶,66
至極,66
之树,66
仪,66
大开杀戒,66
两队,66
嘲讽,66
活節,66
刀具,66
噎住,66
주,66
克罗斯,66
农作物,66
农场主,66
入眠,66
莎妮娅,66
莎妮婭,66
河床,66
恐怖行动,66
科巴,66
待人,66
史坦,66
度日,66
风采,66
积累,66
一了百了,66
美术馆,66
慢性,66
饮酒,66
费特,66
年复一年,66
克里特,66
駕駛員,66
卷起,66
真不少,66
歌颂,66
这水,66
米尔顿,66
车位,66
太強,66
克罗伊,66
身不由己,66
轟動,66
茶叶,66
膍,66
槍擊案,66
犯错误,66
糊,66
廢除,66
犹他州,66
腑,66
四份,66
涌出,66
米尔克,66
明智之举,66
吞掉,66
奇普,66
卡尔文,66
砖,66
一搏,66
三秒,66
别打我,66
发生意外,66
大豆,66
缅怀,66
喝個,66
喜愛的,66
转角,66
艾希莉,66
烦心事,66
自責,66
附上,66
波城,66
嫌弃,66
那大,66
哈洛,66
野馬,66
霍华,66
塵埃,66
虛偽,66
夥伴,66
纵容,66
無家,66
福格,66
出征,66
罗曼诺夫,66
半途而废,66
半步,66
劫走,66
息,66
娼妓,66
受精,66
煤炭,66
我放棄,66
一万块,66
耿耿于怀,66
当班,66
当铺,66
陶器,66
每一秒,66
豎,66
埃尔维斯,66
路标,66
收據,66
僅有,66
實行,66
僅供,66
條例,66
押金,66
轉動,66
壮大,66
糟糕透顶,66
衰弱,66
弗雷格,66
왜,66
有血,66
雪利酒,66
大二,66
随身携带,66
新面孔,66
氣質,66
口才,66
周期,66
威风,66
小東西,66
严酷,66
沒人敢,66
氧,66
客栈,66
珹,66
輪子,66
追上来,66
心肠,66
洗手不干,66
莱娜,66
莱孔,66
渕,66
凝視,66
欢乐谷,66
緝毒局,66
特雷莎,66
重创,66
特长,66
自于,66
我养,66
标识,66
麻醉药,66
那来,66
巡游,66
名為,66
法语区,66
当家,66
苦痛,66
校正,66
簗,66
我會永遠,66
全神贯注,66
奥运,66
壁球,66
复兴,66
单枪匹马,66
特尼,66
夫利,66
刺刀,66
花点,66
随处可见,66
棋盘,66
兼得,66
转为,66
寡人,66
从那之后,66
恰當,66
湖面,66
女工,66
女傭,66
公之于众,66
煮饭,66
敵機,66
玻璃杯,66
七千,66
眺望,66
获胜者,66
眠,66
拓展,66
留恋,66
胸肌,66
暴,66
協商,66
叨叨,66
人面,66
選民,66
采纳,66
監控錄,66
高卢,66
导航系统,66
许多年,66
五歲,66
桥梁,66
通報,66
很贵,66
供奉,66
姊姊,66
除名,66
整修,66
開球,66
乒乓,66
乔佛里,66
喬丹,66
肉欲,66
软禁,66
介,66
办妥,66
送上门,66
啟示,66
別停,66
曆,66
直树,66
油門,66
悸动,66
回转,66
弗雷泽,66
因為現,66
暴打,66
发言权,66
阿克斯,65
依據,65
交响曲,65
回覆,65
炸薯条,65
色素,65
強行,65
维奥,65
外务省,65
有所作为,65
塔林,65
防腐,65
潘朵拉,65
波霸,65
可观,65
朱利叶,65
照著,65
巴拉克,65
至關,65
庄家,65
點到,65
愛了,65
莫林,65
诠释,65
摆好,65
概括,65
全身而退,65
遠處,65
嘴闭,65
混血儿,65
保护者,65
做错事,65
矮星,65
優點,65
堂妹,65
总动员,65
不耐烦,65
马斯,65
尼采,65
原意,65
選一個,65
反向,65
大爺,65
大熊,65
斗牛,65
過錯,65
充分利用,65
講得,65
庭,65
洗发水,65
星门,65
想得,65
哥查,65
擾亂,65
阿纳,65
糴,65
落脚,65
惨不忍睹,65
蹄子,65
摯愛,65
两头,65
减弱,65
當選,65
腳踝,65
两英里,65
帕萨迪纳,65
南太平洋,65
随时欢迎,65
启示录,65
南海,65
缴,65
雪儿,65
利兹联,65
阴霾,65
坚持到底,65
睁眼,65
眼镜蛇,65
左轮手枪,65
左腿,65
覆,65
殼,65
病历,65
最蠢,65
低温,65
吃不消,65
开怀大笑,65
警察局长,65
錨,65
开点,65
脱不了,65
厚道,65
我離,65
西州,65
搬來,65
監護人,65
主婦,65
解救出来,65
预警,65
画展,65
表演者,65
下楼梯,65
巫,65
上放,65
蹬,65
乐曲,65
兰顿,65
鸟嘴,65
重現,65
看门,65
我選,65
圈里,65
戴米,65
攝魂,65
開闊,65
這整,65
不痛,65
英亩,65
咖啡杯,65
洁净,65
票子,65
媽給,65
顺,65
病菌,65
克莉絲丹,65
小夜,65
咕咕,65
不关我事,65
這么個,65
校園,65
草稿,65
太阳镜,65
投保,65
坏习惯,65
而過,65
陣,65
唐璜,65
础,65
雷伊,65
肉酱,65
掃帚,65
界线,65
买好,65
没问,65
药剂师,65
氰化物,65
虚,65
华尔兹,65
半裸,65
丝带,65
霍爾,65
圣塔,65
老一套,65
拉皮条,65
乱说话,65
一盤,65
播放器,65
一千元,65
艾德蒙,65
過些,65
開動,65
商议,65
玨,65
弗兰肯,65
包庇,65
戰略,65
西南部,65
看下,65
騎兵,65
對著,65
墨斯,65
传过来,65
抗抑郁,65
华达,65
有三個,65
大驾光临,65
大新聞,65
玩球,65
光鲜,65
膓,65
明媚,65
改掉,65
精校,65
穿行,65
氏,65
六点钟,65
臆想,65
代言,65
骷髏,65
职业道德,65
兩天前,65
还原,65
死板,65
布列塔尼,65
滚远点,65
刮掉,65
几家,65
缅因州,65
水獭,65
莲,65
鳕鱼,65
担当,65
精妙,65
安顿下来,65
僧侣,65
突擊,65
董事长,65
機制,65
领结,65
霍奇斯,65
写道,65
烧坏,65
酱油,65
預防,65
黄石公园,65
產壁,65
過獎,65
報上,65
永久性,65
斯特凡,65
隐身,65
施令,65
施以,65
太沉重,65
瞡,65
瞣,65
河道,65
巷,65
非裔,65
紧跟,65
一寸,65
数百万年,65
第二阶段,65
维生素,65
琕,65
證明給,65
阿龙,65
很慢,65
哈登,65
否決,65
糔,65
怪癖,65
黏在,65
職守,65
诺顿,65
谈点,65
營救,65
音障,65
忍着,65
强多,65
不懂事,65
格言,65
薩斯,65
写封信,65
讲清楚,65
记忆力,65
好心人,65
脏兮兮,65
不予,65
莫娜,65
艾格,65
環球,65
演化,65
初始,65
真多,65
真小,65
你過,65
广播公司,65
潑平斯,65
泥浆,65
冲刷,65
要价,65
卷发,65
书名,65
棄明,65
黑钱,65
祖特,65
社长,65
这说,65
层次,65
再开,65
杂物,65
金礦,65
失踪人口,65
泡澡,65
不选,65
傳遞,65
錄取,65
達爾林,65
残障,65
统帅,65
第一班,65
运来,65
蝴蝶结,65
趣事,65
博伊,65
磁性,65
夫特,65
暴民,65
阿奇,65
就读,65
相对论,65
困苦,65
暗地里,65
零花钱,65
拼出,65
电力公司,64
虐待狂,64
금,64
回家路上,64
暂且,64
纸张,64
相差,64
战壕,64
揪出,64
虚荣,64
莅临,64
四面八方,64
伊萊亞斯,64
很特別,64
很狡猾,64
很生,64
拉尼,64
切丽,64
凉爽,64
麥特,64
喝醉酒,64
另类,64
挫败,64
攻城,64
特蕾莎,64
我载,64
天一亮,64
經能,64
出人命,64
妊娠,64
整支,64
获救,64
同父异母,64
记者会,64
大于,64
昔,64
麥迪遜,64
家用,64
診室,64
逆转,64
闯进去,64
特豪斯,64
划破,64
阴郁,64
振奋,64
挺不錯,64
風聲,64
别胡说,64
军阀,64
緩解,64
險境,64
遮蔽,64
重症,64
崔普,64
要个,64
我脑,64
欠款,64
找来,64
節省,64
难以忍受,64
魔術師,64
柔,64
奈何,64
达琳,64
加到,64
启用,64
听闻,64
南京,64
泰姬陵,64
用場,64
記載,64
蛛,64
另有其,64
桉,64
升降机,64
斗牛士,64
有喜,64
喂饱,64
千克,64
蔚蓝,64
酒都,64
掩藏,64
不擇,64
大点声,64
惨遭,64
摊,64
搭建,64
百分之,64
表彰,64
左臂,64
駕車,64
查证,64
小节,64
口吃,64
口吻,64
稀少,64
學著,64
内斯,64
博克岛,64
动向,64
节约,64
實,64
坐视不管,64
互聯網,64
塔基,64
學員,64
百老,64
不经意,64
弄臣,64
水叮當,64
晕船,64
高丹,64
拍出,64
村落,64
我换,64
出聲,64
天衣无缝,64
小儿子,64
衰落,64
那瓶,64
会放,64
起个,64
柱,64
声名狼藉,64
爱尔兰共和军,64
反倒,64
領導者,64
小琴美,64
停息,64
疹子,64
會問,64
闷死,64
坐地铁,64
希腊语,64
乞讨,64
粘住,64
奉行,64
漂,64
嘉奖,64
麗薩,64
驰,64
葉,64
睡袍,64
开去,64
通路,64
几名,64
爾斯,64
篮,64
簽證,64
林特,64
ㄟ,64
读懂,64
唱的歌,64
罗伦,64
名人堂,64
渝,64
十全十美,64
五零,64
二十五年,64
红色警报,64
鹬,64
指示灯,64
坎特,64
寬容,64
疯疯癫癫,64
两只手,64
奥吉,64
可鄙,64
独木舟,64
首要任务,64
来龙去脉,64
递,64
民谣,64
核磁共振,64
黑衣,64
三水,64
请进来,64
地质学,64
承载,64
진,64
麦当娜,64
何會,64
痛失,64
布蘭,64
史旺,64
存货,64
存档,64
穿越时空,64
形影不离,64
优胜者,64
会先,64
三星期,64
剽窃,64
取下,64
聯賽,64
无暇,64
诺埃尔,64
版面,64
短缺,64
落花流水,64
形態,64
气来,64
敗,64
这匹马,64
航天局,64
阪本,64
委任,64
將有,64
有神,64
罗莉,64
我得給,64
走入,64
蒙斯,64
联谊会,64
再付,64
来世,64
不離,64
花店,64
發動機,64
一朵花,64
球星,64
车型,64
琥珀,64
泡泡糖,64
抹杀,64
紧身,64
卡斯尔,64
沒機會,64
两步,64
代號,64
转让,64
奥普拉,64
奥尔巴尼,64
不凡,64
那具,64
别忘记,64
騎著,64
就是指,64
弧龟,64
那利,64
以北,64
毒虫,64
回首,64
暗恋,64
那俩,64
菲利浦,64
过要,64
桑那州,64
冷死,64
西纳,64
看門,64
外伤,64
菲比,64
盧戈西,64
頃,64
少有,64
黑名,64
外邊,64
没指望,64
三文鱼,64
綟,64
局限,64
惊险,64
九千,64
西尔斯,64
没为,64
呼噜,64
經費,64
咋办,63
浴,63
遵,63
騙過,63
裝著,63
情结,63
를,63
萨曼塔,63
女服务员,63
兵器,63
伊斯兰堡,63
那破,63
隨我,63
几步,63
山庄,63
厚度,63
倒杯,63
되,63
奴才,63
答录机,63
会帮,63
倒流,63
鷹,63
换装,63
纳尼亚,63
杰奇,63
杰琳,63
说件,63
泳装,63
自我陶醉,63
和亨利,63
选好,63
戀情,63
划掉,63
禁锢,63
何人,63
邻焊,63
老得,63
家有,63
研究员,63
前卫,63
灌注,63
保护区,63
照旧,63
散架,63
莱蒂,63
兰福,63
矿物质,63
非燕,63
受害,63
观察者,63
這根,63
救世,63
酒里,63
全镇,63
一桌,63
蒂法,63
發掘,63
拍子,63
氣了,63
氣體,63
树屋,63
还来,63
業務,63
布景,63
砩,63
紧点,63
太嫩,63
太胖,63
意料之中,63
马鞍,63
我必,63
彭妮,63
转播,63
擂台,63
油槽,63
躺下来,63
耳语,63
邮递员,63
非比寻常,63
體型,63
对错,63
瑪麗安,63
风骚,63
指标,63
六处,63
吸氣,63
混得,63
體育館,63
推斷,63
膏,63
三合会,63
延后,63
播送,63
非同寻常,63
威尔金森,63
體溫,63
閃光,63
媽媽會,63
艾尔莎,63
抽到,63
地幔,63
巴內爾,63
樂樂,63
此类,63
清风,63
格兰杰,63
枕,63
多月,63
連線,63
打開門,63
乌合之众,63
隔音,63
卢戈西,63
武者,63
斯特拉特,63
取自,63
議論,63
睭,63
拳赛,63
扪心自问,63
限于,63
這座島,63
丹妮爾,63
足矣,63
阿德里安,63
関,63
怕黑,63
車裡,63
拉上去,63
那比,63
货运,63
塞爾達,63
意中人,63
介于,63
钠,63
可愛了,63
时时刻刻,63
库存,63
格洛斯特,63
焦急,63
棕,63
赞助商,63
還沒死,63
姨媽,63
落幕,63
踩死,63
這難,63
临床,63
流動,63
乱套,63
操场,63
棒球棒,63
斯威夫特,63
疼爱,63
凑巧,63
肥沃,63
皮帶,63
模板,63
塞克,63
拉紧,63
充满活力,63
今晨,63
主教练,63
赢定了,63
希腊神话,63
希留,63
连襟,63
大清早,63
假话,63
熄,63
涌入,63
蝎,63
殘暴,63
漂白,63
熬过去,63
英年早逝,63
睁开眼,63
日间,63
圣保罗,63
摇头,63
下体,63
我畫,63
首府,63
希区柯克,63
调出,63
玩伴,63
這幅畫,63
整间,63
关键在于,63
再敢,63
羲,63
羥,63
河豚,63
殘疾人,63
阿爾伯特,63
那本書,63
討,63
疊,63
橡木,63
障眼法,63
更長,63
房產,63
梦醒,63
伊斯坦布尔,63
可喜,63
逃過,63
水泵,63
還欠,63
勁兒,63
法爾科,63
不可告人,63
惨败,63
正合适,63
提包,63
關照,63
田纳西,63
特是,63
偏爱,63
募集,63
吉安,63
查特,63
敲碎,63
打盹,63
美得,63
甝,63
广袤,63
半句,63
公立,63
手雷,63
阿美,63
脑浆,63
原著,63
半路,63
干坏事,63
處罰,63
电椅,63
倒像,63
利落,63
饵,63
比伯,63
用语,63
甩不掉,63
露莉,63
先用,63
戰機,63
音乐厅,63
雅利安,63
追问,63
很沉,63
亮晶晶,63
估算,63
冷藏,63
每時,63
钉死,63
彎刀,63
认不出来,63
海鷗,63
几秒,63
黑发,63
爱护,63
留存,63
从头再来,63
時內,63
雇傭兵,63
于世,63
有机体,63
佐羅,63
牛津大学,63
亥,63
瘦小,63
直視,63
简陋,63
筋疲力尽,63
回敬,63
暧昧,63
就此结束,63
战事,63
地来,63
附,63
喝些,63
完全相同,63
身去,63
暴怒,63
遺言,63
无误,63
他過,63
轻视,63
奶茶,63
參戰,63
层层叠叠,63
爱丁堡,63
上过,63
一百万美元,63
伴着,63
緊身,62
战败,62
欢心,62
眀,62
能將,62
必需品,62
再次发生,62
去不成,62
騷,62
新浪,62
裝的,62
日元,62
搞糟,62
遲些,62
党派,62
搁置,62
上行,62
騰,62
涂上,62
盗取,62
脚趾头,62
爱德,62
起程,62
萨满,62
销魂,62
流淚,62
禁區,62
举着,62
私人侦探,62
埃裡克,62
一生一世,62
比安奇,62
比徹,62
郊區,62
霍兰,62
齊心,62
齐克,62
海风,62
宗旨,62
燒傷,62
緊迫,62
局部,62
获准,62
收成,62
买回来,62
刺傷,62
过关,62
每句话,62
预演,62
退縮,62
打气,62
领事,62
损毁,62
纳威,62
家室,62
麥當勞,62
犯有,62
不當,62
牽著,62
夢見,62
懷里,62
勳,62
勤奋,62
開往,62
好長,62
如常,62
弹跳,62
越野车,62
這實,62
谁给我,62
給我來,62
抡,62
销售员,62
西里尔,62
委員,62
流过,62
流言蜚语,62
明尼,62
明摆着,62
斯古,62
停職,62
關節,62
精细,62
君临,62
攻占,62
公安,62
夜视,62
语者,62
很安靜,62
滚动,62
兇器,62
斗殴,62
私处,62
神靈,62
梅爾,62
貨色,62
随之而来,62
貧窮,62
匂,62
萨姆森,62
第三条,62
苍天,62
兵團,62
枪管,62
引開,62
第三世界,62
革新,62
出息,62
ㄗ,62
俊,62
第二年,62
肛门,62
四分五裂,62
蜡,62
充裕,62
守法,62
迂回,62
带进去,62
八分钟,62
安全漏洞,62
安亨,62
狂躁,62
梵丹,62
擦亮,62
成吉思汗,62
科罗拉多州,62
安南,62
比恩,62
加尔文,62
五百元,62
老旧,62
帳單,62
神不知鬼不觉,62
壯,62
马萨诸塞州,62
旨在,62
无法自拔,62
恳请,62
各人,62
開庭,62
敦蒂,62
唬人,62
火龙,62
有要,62
旧事,62
引述,62
女性朋友,62
作画,62
橋,62
小明,62
覆蓋,62
莱文,62
降雨,62
执勤,62
加固,62
两分,62
愤世嫉俗,62
阿爾法爾拉,62
艾素,62
闷闷不乐,62
拉罗,62
哈丽特,62
拉奇,62
内海,62
丽夏,62
保险金,62
两侧,62
两下,62
紀念品,62
加拉,62
蛤蜊,62
可谓,62
挤出,62
穆迪,62
碰碰运气,62
手續,62
注明,62
选秀,62
选拔,62
解说,62
毛孩,62
游樂場,62
十块,62
演变成,62
排球,62
實情,62
貝斯,62
正義的,62
花蜜,62
错路,62
小白鼠,62
小心谨慎,62
印有,62
重病,62
面條,62
摒弃,62
圣歌,62
出游,62
終有,62
做工,62
披露,62
運用,62
耶诞,62
最要,62
最远,62
长寿,62
残留物,62
寶石,62
別傷害,62
羊水,62
有性,62
投奔,62
從車,62
實際上,62
他伤,62
打量,62
嗆,62
吸取教训,62
思琳,62
量身,62
伊瓦爾,62
肉排,62
全盘,62
横扫,62
落伍,62
深思,62
開花,62
鼠辈,62
猛料,62
絕佳,62
還價,62
這所,62
琄,62
尋覓,62
弄脏了,62
份量,62
飼料,62
已經夠,62
發號,62
終將,62
方坦,62
咖哩,62
枪响,62
赫伯德,62
還去,62
乱讲,62
煉獄,62
佣兵,62
话剧,62
庫斯,62
显赫,62
总署,62
非正式,62
子公司,62
洞口,62
手提电脑,62
诗妮,62
睡袋,62
卡蜜儿,62
拿個,62
弃明投暗,62
導師,62
俘获,62
二垒,62
绝密,62
拍手,62
开普敦,62
大案,62
差一點,62
視覺,62
人名,62
绝配,62
钳,62
巴塞,62
多得是,62
窒息而死,62
车尾,62
沒救,62
难道说,62
孤立无援,62
重来,62
降温,62
时用,62
分一杯羹,62
赫爾曼,62
无名氏,62
連鎖,62
他們還,62
贝鲁特,62
硕士,62
主修,62
对称,62
潦倒,62
這么辦,62
教我如何,62
份儿,62
撞毁,62
矿泉水,62
辞去,62
雷夫,62
雷文,62
巴塞罗那,62
躲猫猫,62
空心,62
价值观,62
北约,62
投掷,62
指揮部,62
取款机,62
接收器,62
救命恩人,62
轎車,62
识破,62
拉走,62
米罗,62
一次次,62
墮胎,62
潜能,62
卡夫卡,62
探查,62
跑得快,62
拉薩,62
奥尔良,62
公务,62
护栏,62
一大块,62
宠爱,62
回程,62
相見,62
三英里,62
华伦天奴,62
凭着,62
越来越少,62
上課,62
陪你走,62
汞,62
中原,62
整场,62
某某,62
无路可逃,62
中之王,62
西格,62
不單,62
法則,62
搁浅,62
原有,62
好爽,62
关节炎,62
无踪,62
鄉巴佬,62
通情达理,61
策反,61
好怪,61
外號,61
食物链,61
不計,61
找人来,61
一探,61
雨伞,61
玛克辛,61
身形,61
无足轻重,61
內華達,61
中美洲,61
会开,61
哪部,61
小風,61
心脏病发,61
新式,61
胜者,61
維持者,61
永別,61
别光,61
法军,61
勾结,61
上述,61
四条,61
盛名,61
看错,61
蘇糖,61
蘇醒,61
溫室,61
懸賞,61
刑法,61
头牛,61
喝下,61
完美无缺,61
輛車,61
新药,61
以备,61
本分,61
喝太多,61
亮片,61
预见到,61
切片,61
洗刷,61
戈德法布,61
议题,61
萎缩,61
哪條,61
為傲,61
便秘,61
西贡,61
隨者,61
大饭店,61
三遍,61
愉悅,61
托斯卡,61
我弟,61
聊到,61
微光,61
会痛,61
步槍,61
对头,61
痉挛,61
废品,61
多样性,61
未免,61
木蘭,61
多米尼加,61
將其,61
球球,61
僊,61
吃喝,61
街坊,61
一族,61
氣象,61
水吧,61
發了,61
没生气,61
投标,61
投暗,61
세,61
소,61
偷盗,61
康尼利,61
北极光,61
瑪吉,61
十三岁,61
受罚,61
最為,61
一团乱,61
那帮人,61
吃亏,61
奥马哈,61
請安靜,61
到頭,61
终究会,61
躺椅,61
生性,61
布勒,61
講了,61
環,61
绝境,61
鸡皮疙瘩,61
开诚布公,61
親我,61
解冻,61
洞悉,61
坋,61
十歲,61
願望,61
巴哈马,61
窘迫,61
飙车,61
砍刀,61
行当,61
專屬,61
제,61
会救,61
拿主意,61
摸索,61
临倒,61
淋叫,61
晃动,61
连锁店,61
传遍,61
漫天,61
旺盛,61
抓来,61
臟話,61
希伯伦,61
聽得,61
嚕,61
罗先生,61
赢回,61
滾尿流,61
美里,61
希洛,61
近日,61
掠夺者,61
罰款,61
格拉斯哥,61
林地,61
發飆,61
篒,61
猛禽,61
天窗,61
各式各样,61
阻力,61
里程,61
單獨談,61
宾夕法尼亚州,61
擴大,61
會產生,61
有座,61
创始,61
感觉不好,61
調查員,61
鬼屋,61
還敢,61
低声,61
学了,61
学园,61
蟒蛇,61
加斯帕,61
自大狂,61
诫,61
公熊,61
一無所,61
翁,61
羯,61
有什,61
亲口说,61
喀,61
错失,61
推開,61
三层,61
小游戏,61
拷打,61
皎,61
寒冬,61
随机应变,61
热水澡,61
祖宗,61
挪走,61
带坏,61
真神,61
小聪明,61
利率,61
賽馬場,61
湖中,61
堆里,61
過道,61
設想,61
迎娶,61
洗衣粉,61
埃克斯,61
調到,61
引进,61
多克,61
敢情,61
拱门,61
水温,61
克西斯,61
心態,61
心房,61
间隔,61
放水,61
學費,61
口琴,61
而亡,61
並非,61
网路,61
化合物,61
真坏,61
正当防卫,61
卷饼,61
統統,61
再现,61
如其,61
募款,61
勝負,61
饮,61
夺,61
人行,61
科尼岛,61
世界级,61
憐憫,61
明说,61
席格,61
不计,61
弗兰,61
包廂,61
熬过来,61
小腿,61
协议书,61
梅拉,61
荷爾蒙,61
法罗,61
涙,61
中隊,61
吉奥,61
萦绕,61
妎,61
绿卡,61
险恶,61
一記,61
那话儿,61
褂,61
就此打住,61
就范,61
阿塔,61
騎車,61
绵延,61
握紧,61
固醇,61
伦特,61
脋,61
苏鲁,61
脊髓,61
命根子,61
暑期,61
里尼,61
出众,61
歐元,61
亡魂,61
脚步声,61
相会,61
呵护,61
大開,61
捂住,61
金莲,61
拉布拉多,61
那斯,61
一男一女,61
大鼻子,61
偏向,61
剪短,61
值得尊敬,61
斯潘塞,61
矿石,61
石棉,61
氢,61
歷史性,61
癖好,61
前座,61
拉马,61
动荡,61
別笑,61
舒缓,61
增強,61
火势,61
火器,61
氣溫,61
泰萨,61
自知,61
过家家,61
离世,61
离场,61
遺,61
布拉德利,61
十个月,61
魔幻,61
服從,61
收錢,61
默默无闻,61
干员,61
干出,61
兼職,61
纸上,61
黎明前,60
大英,60
Ｄ,60
回旋,60
传媒,60
汲取,60
布伦登,60
布拉斯,60
瘀伤,60
卡拉斯,60
接得,60
兩千,60
期末,60
无数个,60
枪子,60
绝招,60
为数不多,60
布特,60
拍得,60
這會兒,60
砑,60
不得而知,60
谤,60
起點,60
抱负,60
心疼,60
谁家,60
金幣,60
前锋,60
演过,60
之痛,60
藉由,60
戴娜,60
今次,60
啵,60
傑米,60
找不着,60
令人作呕,60
將為,60
录下,60
伊朗人,60
手動,60
雇人,60
别难过,60
某地,60
好下场,60
悬,60
马来西亚,60
找家,60
呐喊,60
村尾,60
內幕,60
上上下下,60
給出,60
周知,60
咎,60
泥潭,60
判处,60
電擊,60
驱逐出境,60
贤,60
长途,60
알,60
堆积,60
毫升,60
丑恶,60
阳具,60
阿格,60
何止,60
米洛斯,60
恐,60
拙劣,60
维塔,60
專欄,60
登山,60
自作聪明,60
保證會,60
強姦,60
張床,60
但事,60
豆沙,60
便宜货,60
申诉,60
創始,60
花束,60
徹夜,60
付帐,60
舉報,60
度过难关,60
父母亲,60
课题,60
有分寸,60
波恩,60
六名,60
罷工,60
多用,60
殉道者,60
兩百萬,60
聲譽,60
在講,60
在校,60
阿彻,60
总经理,60
艾格尼丝,60
推崇,60
這歌,60
聲勢,60
菲利斯,60
高速路,60
同归于尽,60
筹到,60
主控,60
真切,60
友人,60
佛教,60
滑动,60
爾德,60
習俗,60
庸俗,60
民宅,60
琳恩,60
鎖在,60
马霍尼,60
愚笨,60
七次,60
公开赛,60
五千万,60
五位,60
打火,60
我則,60
疪,60
亨伯,60
筹,60
派别,60
沃顿,60
鮑伯,60
富饶,60
時裝,60
取乐,60
该来,60
我人,60
達西,60
飞速,60
萊納德,60
寧靜,60
里安,60
伯克利,60
投机,60
快開,60
牙醫,60
德兰,60
麻省理工,60
一肚子,60
小辣椒,60
這里會,60
片桐,60
嫉,60
六號,60
那多,60
別為,60
有數,60
빠,60
真早,60
翻新,60
久仰,60
冷天,60
商讨,60
這並,60
桨,60
飛來,60
婦人,60
老不死,60
早说,60
豬頭,60
全局,60
岗,60
鮮花,60
斯班奇,60
随随便便,60
流通,60
沒睡,60
會令,60
分給,60
好极,60
菲莉,60
等級,60
我換,60
热带雨林,60
总的来说,60
总和,60
犯罪行为,60
借点,60
樓里,60
差点儿,60
绿怪,60
五號,60
丁字,60
丁字裤,60
麦加,60
太貴,60
付得,60
肥皂剧,60
嶄,60
老姐,60
雷德福,60
开窍,60
贝瑞,60
拿开,60
葡萄牙语,60
老奶奶,60
常規,60
帕金森,60
手電筒,60
张大,60
社群,60
樱,60
這活,60
遣送,60
俄語,60
眾議院,60
组员,60
松開,60
精巧,60
百万分之一,60
腰部,60
肉店,60
點頭,60
船票,60
夜間,60
功效,60
特伦,60
無路,60
摊牌,60
溢出,60
戀人,60
所剩无几,60
所学,60
我爹,60
冰凉,60
陑,60
火光,60
號房,60
只貓,60
洋人,60
提托,60
姻缘,60
珍重,60
珠,60
阿维,60
第二幕,60
梨,60
哈姆林,60
百吉饼,60
夠多,60
停靠,60
断掉,60
养狗,60
萨沙,60
妮维雅,60
惡母,60
主题曲,60
很能,60
巡回演出,60
摔坏,60
橘色,60
表象,60
真金,60
道谢,60
斯塔西,60
拉力赛,60
貝殼,60
巡查,60
埃奇,60
家政,60
掃興,60
無窮,60
教給,60
化学反应,60
想太多,60
笔记本电脑,60
蛂,60
神枪手,60
切利尼,60
梨子,60
那一晚,60
加奶,60
大不相同,60
帮凶,60
一环,60
淋湿,60
听听看,60
來訪,60
家家,60
萨默斯,60
傷腦,60
惯用,60
尾随,60
裝了,60
欢愉,60
千刀,60
爆胎,60
爐子,60
忌妒,60
越发,60
去換,60
别站,60
两条腿,60
职,60
布兰尼,60
忘怀,60
海因里希,60
風流,60
创办,60
交上,60
盲,60
爱侣,60
爱丽,60
上西天,60
呼吸器,60
感器,60
充,60
侬,60
輕聲,60
凯许,60
再查,60
格雷戈,60
守夜,60
放进来,60
仪表,60
你些,59
千万美元,59
甜食,59
演练,59
看住,59
看呐,59
脚踏车,59
心腸,59
爱到,59
难以捉摸,59
剑术,59
軗,59
六分钟,59
穆特,59
慢慢说,59
作秀,59
代表作,59
原路,59
揮手,59
就座,59
放掉,59
回声,59
音频,59
愷,59
打进,59
挪開,59
谜底,59
习惯于,59
石子,59
女装,59
多付,59
魚子,59
觊觎,59
对应,59
世界杯,59
录音室,59
镖,59
衆,59
录像机,59
奥迪,59
哞,59
候选,59
烟味,59
絛,59
员警,59
監護權,59
款项,59
东北,59
强健,59
某样,59
勃艮第,59
挑出,59
店子,59
不允許,59
闪电侠,59
韦伯斯特,59
远足,59
我關,59
杜兰,59
宣揚,59
神谕,59
上爬,59
上用,59
特价,59
事端,59
斯少校,59
俄克拉荷马,59
合眼,59
古板,59
先走一步,59
灰燼,59
物证,59
免不了,59
班森,59
那卷,59
作梦,59
正视,59
頭顱,59
工作服,59
小报,59
百叶窗,59
冻住,59
招式,59
肠,59
水淹,59
弗吉尼亚州,59
路子,59
眾國,59
小崽子,59
一笔勾销,59
饺子,59
崗位,59
大垣,59
品種,59
一帆风顺,59
吸尘器,59
阿亚,59
反攻,59
约克郡,59
媽要,59
你动,59
道场,59
男士们,59
阿莱克斯,59
冰室,59
教廷,59
北欧,59
松露,59
ピ,59
走错,59
巫医,59
巩固,59
玛格,59
有點兒,59
飛向,59
思想家,59
第二件,59
伊克,59
重傷,59
两三个,59
洗心革面,59
野草,59
夹住,59
正值,59
幫幫忙,59
华为,59
干净利落,59
过热,59
换件,59
罗盘,59
时差,59
這堆,59
再下,59
前刚,59
肯辛顿,59
止步,59
雄伟,59
前会,59
投身,59
樂器,59
白粉,59
吓倒,59
传记,59
我朝,59
集結,59
棒球队,59
棕榈树,59
大发雷霆,59
車票,59
办成,59
关到,59
不向,59
殺掉,59
麦卡沃,59
发热,59
写写,59
赢取,59
坐視,59
签收,59
獵槍,59
用法,59
逃得,59
自負,59
掏空,59
我戒,59
撑不下去,59
卡茜,59
极致,59
文書,59
狗屎运,59
终端,59
橡膠,59
做派,59
胆怯,59
起疑,59
趕不上,59
玛蒂,59
身价,59
法朗,59
收購,59
估价,59
捕杀,59
基多,59
救济,59
定義,59
叫好,59
万块,59
病因,59
坏脾气,59
森警,59
說句,59
塞蒂,59
孟山都,59
十一岁,59
潜,59
找事,59
阿戴,59
構成,59
米饭,59
助教,59
莫多,59
莫德斯,59
无奈,59
双关语,59
脸孔,59
装个,59
打拼,59
蟲子,59
情势,59
炮彈,59
不善,59
意淫,59
新陈代谢,59
杜尔,59
爽快,59
太像,59
倾泻,59
通风口,59
朱爾斯,59
军事基地,59
躲開,59
臕,59
蠢才,59
克兰西,59
採取,59
麦尔斯,59
挖坑,59
勒维恩,59
克劳福德,59
餌,59
奢侈品,59
雇来,59
一戰,59
一想,59
彩,59
前者,59
脱臼,59
压死,59
以牙还牙,59
坎坷,59
追上去,59
賠率,59
她俩,59
不收,59
浸,59
爸会,59
天鹅绒,59
組建,59
天赐,59
大摇大摆,59
不屑一顾,59
行善,59
行囊,59
还用说,59
篡,59
文书工作,59
極為,59
多名,59
大聲點,59
改过,59
非常复杂,59
죽,59
來講,59
痛哭,59
木已成舟,59
簽,59
奧爾,59
国际刑警组织,59
国防部长,59
沙威,59
剐,59
爱莫能助,59
欺凌,59
入会,59
堅合,59
六位,59
毛毛虫,59
风力,59
亲情,59
啞,59
学长,59
群星,59
公用电话,59
八歲,59
迈凯轮,59
大写,59
大力士,59
纯种,59
抓人,59
加勒比,59
得当,59
特大,59
配饰,59
無憂,59
骑过,59
长满,59
弗农,59
执政官,59
敞篷,59
印尼,59
阵阵,59
小泽,59
特斯拉,59
杰絲,59
加斯科因,59
买辆,59
特警队,59
胰岛素,59
战地,59
一英寸,59
避孕,59
计数,59
匆,59
第一周,59
惨痛,59
回房,58
超前,58
超好,58
脐带,58
音调,58
６,58
軍火,58
难以启齿,58
挖走,58
蓝眼睛,58
秒鐘,58
刚铎,58
不承認,58
緻,58
不乐意,58
統治者,58
浩特,58
多处,58
數目,58
林書豪,58
联系方式,58
砍断,58
研究成果,58
砪,58
产量,58
血色,58
血脈,58
簫,58
艾哈邁德,58
艾咪,58
傘,58
傅滋曼,58
当不了,58
傑,58
這得,58
撤消,58
布丽姬,58
破除,58
封口,58
陷于,58
米奥,58
奥斯卡奖,58
管得,58
讲解,58
撞坏,58
马屁精,58
人过,58
莲恩,58
哪一年,58
法兰西斯,58
别拍,58
這已經,58
九成,58
獎,58
硌,58
恶母,58
烂货,58
一见,58
一视同仁,58
黄金城,58
韦斯莱,58
瓂,58
孤注一掷,58
點嗎,58
自食其果,58
科幻小说,58
鐘的,58
千载难逢,58
攻击性,58
不景气,58
抵抗力,58
周游世界,58
压缩,58
多情,58
会信,58
独有,58
影武者,58
主妇,58
發售,58
撒拉,58
两秒钟,58
同性恋者,58
一瞥,58
死而复生,58
减缓,58
地說,58
嘮叨,58
凝视着,58
阵子,58
点整,58
管不住,58
拐走,58
奶头,58
菏跌,58
装饰品,58
少见,58
天線,58
泰晤士河,58
打昏,58
上会,58
先付,58
毛线,58
民间,58
秋,58
酒家,58
割喉,58
背棄,58
便利,58
搞怪,58
台下,58
未免太,58
动植物,58
彼得斯,58
彷佛,58
斑點,58
器具,58
我命,58
疯癫,58
对人,58
擁,58
莫奈,58
強力,58
強暴,58
色雷斯,58
動人,58
下不为例,58
下半身,58
飞龙,58
求饶,58
少于,58
四歲,58
胎兒,58
装模作样,58
他頭,58
廚子,58
蘿莉,58
霍比特,58
用点,58
诺瓦克,58
累积,58
指教,58
财团,58
償還,58
卵石,58
盒里,58
咬痕,58
纗,58
面朝,58
叛贼,58
一闪,58
油水,58
整套,58
筹款,58
乔汉,58
跟別,58
凍結,58
希姆,58
聰,58
两组,58
槍傷,58
吊起,58
吊起来,58
一败涂地,58
西街,58
裁,58
免疫系统,58
識別,58
證物,58
电影吧,58
應急,58
实实在在,58
时机成熟,58
俯,58
別生氣,58
斯泰尔,58
投篮,58
投無路,58
德威尔,58
深愛著,58
严重性,58
荷兰人,58
热衷,58
把握住,58
莎夏,58
奎特,58
维茨,58
身份证明,58
萊曼,58
我們剛,58
深表遗憾,58
卡迈,58
保守派,58
消防车,58
更重,58
書店,58
機給,58
呈現,58
照应,58
来取,58
停不下,58
抹布,58
不會變,58
从早到晚,58
福气,58
正下方,58
怒吼,58
理发师,58
虛擬,58
阿里奥,58
纽带,58
误入歧途,58
扑灭,58
手风琴,58
還住,58
写书,58
二樓,58
玛格丽塔,58
如初,58
卖光,58
发电厂,58
丁斯,58
利维坦,58
马芮克,58
关禁闭,58
有两下子,58
月色,58
琪琪,58
吃不了兜着走,58
這么長,58
你件,58
亭,58
收拾残局,58
铁石心肠,58
树干,58
落空,58
有望,58
惹麻煩,58
抓错,58
夭折,58
草裙舞,58
草纸,58
亞姆,58
高压,58
車是,58
头脑清醒,58
很爛,58
白鲸,58
老骨头,58
全死,58
頭銜,58
貧困,58
车间,58
兽群,58
梟,58
迎战,58
母性,58
蜇,58
老鷹,58
犯規,58
编出来,58
扫把,58
认命,58
火奴鲁鲁,58
落山,58
北北,58
岳利,58
支架,58
威尔森,58
树下,58
特别之处,58
润滑油,58
液體,58
戈尔德,58
吵得,58
無數次,58
纳尔,58
失誤,58
失散,58
自怨自艾,58
钟楼,58
灯火,58
包容,58
容光焕发,58
神智不清,58
扯下来,58
蹦床,58
火速,58
赌钱,58
液压,58
乱子,58
火炮,58
姜汁,58
變回,58
姑且,58
喬納斯,58
埃伦,58
毎,58
家常,58
送些,58
何地,58
吱吱,58
杰丝,58
這般,58
沥青,58
無聲,58
哈什,58
要来点,58
肚皮,58
頭暈,58
不可开交,58
有線,58
辍学,58
先行,58
席尔瓦,58
不送,58
都城,58
火苗,58
糤,58
出炉,58
摔死,58
冲进,58
租下,58
新書,58
美国大使馆,58
蔻,58
甚于,58
談戀,58
臭虫,58
滥杀无辜,58
租来,58
輻射,58
鱼儿,58
心肺,58
伦尼,58
秘密组织,58
冷凍,58
银幕,58
裸泳,58
去去就来,58
谈好,58
没关,58
電話響,58
胸怀,58
黏糊糊,58
緋,58
三文治,58
至死不渝,58
直言,58
尼诺,58
西兰花,58
余额,58
那起,58
黄鼠狼,58
原子能,57
一言不发,57
他进,57
尽职,57
杀敌,57
不懈,57
不掛,57
喂狗,57
可憐蟲,57
公诉人,57
胸衣,57
相對,57
进化论,57
揭發,57
赫曼,57
清查,57
凝望,57
雙關,57
猥琐,57
军士长,57
找樂子,57
艾利斯,57
保单,57
我得接,57
石灰岩,57
開點,57
烘干机,57
費特,57
恢复过来,57
猋,57
通緝犯,57
熔,57
传开,57
硬盤,57
变换,57
恶搞,57
外观,57
艺名,57
舉杯,57
羁绊,57
俣,57
波马特,57
十分之一,57
亲兄弟,57
尔巴,57
徹頭,57
路亞,57
路况,57
八年级,57
长毛,57
得定,57
造出来,57
性幻想,57
性侵犯,57
擴散,57
神志,57
柯薩斯,57
惦,57
弗吉尼亞,57
引荐,57
第一轮,57
妈会,57
第一代,57
拴住,57
拼凑,57
赌马,57
皮爾,57
小直,57
隐匿,57
斯内普,57
圣安德烈,57
要挟,57
摔交,57
急性,57
自新,57
东面,57
化学品,57
不醒,57
賽道,57
不详,57
不足为奇,57
拥护,57
攀升,57
阿納,57
皇太子,57
百合,57
梅洛,57
一百万年,57
祥和,57
罗克,57
個律師,57
反应炉,57
鞋底,57
里頭,57
本垒打,57
本月,57
配枪,57
打响,57
丽滴,57
只收,57
號角,57
客串,57
拉拉队,57
沉积,57
听信,57
紊乱,57
失去知觉,57
貝多芬,57
来福枪,57
本国,57
古巴人,57
游手好闲,57
亞倫,57
摩天大楼,57
怪獸,57
野花,57
哈柏,57
抄近路,57
不骗你,57
里程碑,57
視力,57
情趣,57
때,57
這名,57
勞動,57
蜜儿,57
贝贝,57
航天,57
拿槍,57
阿萨,57
老外,57
昏昏,57
埃維,57
校准,57
一己,57
東西要,57
巨头,57
百元,57
咽,57
造假,57
我离,57
肩负,57
玛丽莲,57
颁布,57
帕皮,57
检查站,57
糂,57
未接,57
粪,57
诬陷,57
真烂,57
時起,57
触角,57
法恩,57
柠檬汁,57
查明真相,57
数学家,57
柔軟,57
监察,57
微微,57
投进,57
红外线,57
太猛,57
雀斑,57
流量,57
摆放,57
沉溺于,57
很明,57
体位,57
过滤器,57
老先生,57
城門,57
列宁,57
盐水,57
잖,57
麦考密克,57
这像,57
克洛维,57
伊甸,57
莉比,57
奖券,57
乡下人,57
小雨,57
小金,57
他敢,57
噹,57
碱,57
蠃,57
情报部门,57
難免,57
时段,57
踢腿,57
激流,57
公务员,57
跳出去,57
詹宁斯,57
存心,57
这班,57
艾维,57
夺得,57
向日葵,57
煙囪,57
茉儿,57
小號,57
西里,57
销声匿迹,57
身体状况,57
自不量力,57
博得,57
知会,57
响尾蛇,57
后撤,57
貴賓,57
改期,57
大提琴手,57
本镇,57
我意,57
醫務室,57
走时,57
麦肯纳,57
招來,57
外孙女,57
空荡荡,57
孕婦,57
澡堂,57
滚回去,57
东山再起,57
每條,57
你定,57
更要,57
狄克,57
狄米,57
三十分,57
派尔,57
咚,57
咚咚,57
大开眼界,57
吼叫,57
会付,57
独居,57
花花,57
車門,57
折翼,57
胎记,57
海胆,57
驱赶,57
拐角处,57
跟上来,57
碑文,57
邮报,57
發球,57
三流,57
烟头,57
二十四小,57
用具,57
用人,57
装蒜,57
层楼,57
搞坏,57
搞搞,57
沙赫,57
联姻,57
璂,57
冲个,57
冲出去,57
效命,57
比做,57
甩开,57
三颗,57
憋不住,57
机房,57
作呕,57
能先,57
能別,57
〆,57
ｍ,57
能聞,57
谋害,57
燃,57
没对,57
花點,57
天台,57
苦工,57
人帮,57
苦行僧,57
交戰,57
安家,57
比現,57
比拉,57
挺大,57
贫瘠,57
冰雹,57
麗滴,57
店裡,57
文书,57
手把,57
沙司,57
爱得,57
海灣,57
屄,57
原件,57
脫衣舞,57
玸,57
開幕,57
计分,57
戏服,57
切開,57
切尔西,57
提倡,57
圣坛,57
凯琳,57
出气,57
小样,57
帮下,57
攔下,57
梦幻岛,57
蛋卷,57
變老,57
稀巴烂,57
那小,57
互不,57
過活,57
租房,57
打錯,57
善罢甘休,57
围攻,57
志向,57
高官,57
西墨斯,57
之快,57
选区,57
鎮定,57
甜菜,57
演绎,57
首选,56
薪酬,56
任凭,56
維托,56
佩迪格,56
了頭,56
真牛,56
豪车,56
婆子,56
闭路电视,56
大美女,56
侦破,56
장,56
隨地,56
虛無,56
过渡,56
幕僚,56
倉鼠,56
校服,56
税务,56
真惨,56
被忽视,56
预防措施,56
毙命,56
幾周前,56
捡回来,56
生是,56
拆開,56
胶,56
沒死,56
三部,56
ر,56
公關,56
去路,56
尤斯,56
微乎其微,56
大发,56
幻灯片,56
芭比娃娃,56
时日,56
臭男人,56
事會,56
慢点儿,56
改头换面,56
庄稼,56
起名,56
書籍,56
劝说,56
库伯,56
背影,56
普特,56
打聲,56
吸走,56
风水,56
十几个,56
庞戈,56
繪畫,56
繵,56
界定,56
安德斯,56
安其罗,56
达阵,56
卷宗,56
五倍,56
冰镇,56
伸進,56
盖世太保,56
安撫,56
装好,56
安托萬,56
闪人,56
母熊,56
通電話,56
羊皮,56
美化,56
前嫌,56
母老虎,56
戴亞德,56
沒電,56
前戏,56
換句,56
歌喉,56
厚颜无耻,56
細,56
高歌,56
教官,56
辛辛苦苦,56
树皮,56
李維,56
教學,56
这该,56
茱蒂,56
螢火蟲,56
周前,56
熱心,56
不順,56
扛着,56
捶,56
何妨,56
想学,56
送达,56
紙巾,56
座标,56
秋生,56
老千,56
道別,56
一尊,56
先人,56
送点,56
升天,56
泰尔,56
满地找牙,56
打雷,56
格杀勿论,56
时代广场,56
增压,56
啊呀,56
別扯,56
分隔,56
零售,56
意面,56
核爆,56
點亮,56
母星,56
一条线,56
境遇,56
处以,56
第一道,56
醉汉,56
滚烫,56
第三者,56
蘭福,56
攒,56
水兵,56
举枪,56
改改,56
改建,56
蘋,56
支笔,56
看著點,56
梅雷迪思,56
闪光灯,56
共存,56
盛事,56
盛开,56
阿威,56
遭罪,56
人事部,56
查询,56
共產黨,56
大杯,56
大本营,56
屋内,56
课本,56
喬迪,56
杜蘭,56
杜蘭特,56
救兵,56
罗尔夫,56
想试,56
万元,56
冰蚕,56
波卡,56
禟,56
禮上,56
定时炸弹,56
麥蒂,56
合上,56
游过去,56
气候变化,56
门把手,56
资料库,56
這過,56
轉達,56
即使如此,56
蒙克,56
默克,56
肯顿,56
兑换,56
自相矛盾,56
翻看,56
許愿,56
盗窃案,56
婴孩,56
物有所值,56
俄勒冈州,56
高剛,56
他放,56
本名,56
芕,56
畫的,56
拨款,56
開張,56
成瘾,56
考斯,56
卖弄,56
記性,56
師傅,56
计谋,56
复印件,56
唐納德,56
拖进,56
玛雅人,56
运动服,56
勞駕,56
遅,56
首个,56
吮吸,56
斯城,56
我渴,56
得力助手,56
哈佛大学,56
無用,56
听觉,56
刺入,56
同党,56
希區,56
會導致,56
洛夫斯基,56
寐,56
蝌蚪,56
磨损,56
寧愿,56
難民,56
维罗妮,56
别伤,56
数千年,56
勒維恩,56
朗斯,56
是當,56
不認,56
碯,56
哪见,56
夕阳,56
情报人员,56
炮兵,56
马洪尼,56
掩体,56
肉饼,56
眷顧,56
不如说,56
马夫,56
江户,56
污染物,56
二戰,56
病魔,56
奸,56
五百年,56
跑遍,56
求婚者,56
低语,56
两台,56
叛亂,56
ポ,56
买主,56
全给,56
抉,56
众议院,56
到极点,56
向南,56
手拿開,56
显灵,56
射得,56
血糖,56
为期,56
卡倫,56
枷鎖,56
猿猴,56
强烈建议,56
那棵,56
臉蛋,56
无法无天,56
绣,56
飾,56
探子,56
那樣子,56
恶习,56
朝气,56
文件夹,56
整體,56
夜夜,56
深入调查,56
我會付,56
白旗,56
迪斯,56
督查,56
拉玛,56
伊莉丝,56
书友会,56
隊友,56
最后通牒,56
時分,56
活死人,56
添乱,56
米哈,56
见谅,56
膽敢,56
阵型,56
三人行,56
绕过去,56
绝好,56
雕,56
文凭,56
莫过于,56
行情,56
尊夫人,56
后患,56
嘻,56
嘻哈,56
石田,56
卡特尔,56
伊法,56
别无他法,56
烏克蘭,56
转变成,56
拉维,56
发自内心,56
小册子,56
瞎搞,56
武術,56
借过,56
战前,56
因特网,56
胸骨,56
ａ,56
杂耍,56
綻,56
戲法,56
趁現,56
尤因,56
金城,56
爱丽儿,56
經變,56
次序,56
快回到,56
徹尾,56
进而,56
熊熊,56
快放,56
高昂,56
狡诈,56
噱头,56
噴泉,56
할,56
覺得會,56
这么些,56
邪魔,56
烧光,56
别错过,56
三百年,56
原文,56
維修,56
爬树,56
要學,55
鞋跟,55
要出,55
拉丁人,55
這詞,55
弗萊徹,55
不论如何,55
渾蛋,55
分钱,55
冥界,55
宽广,55
老爷爷,55
自夸,55
坦承,55
法术,55
峻,55
英国政府,55
聲名,55
请容,55
请柬,55
俗套,55
芽衣,55
了車,55
出外,55
出國,55
中量级,55
反派,55
怕怕,55
伤兵,55
没出息,55
小盒子,55
那點,55
皮囊,55
嵌,55
抢夺,55
呼声,55
芝麻街,55
金丝雀,55
還擊,55
帕西,55
喂奶,55
開懷,55
放些,55
好长,55
成绩单,55
仍會,55
租车,55
種子,55
一毛钱,55
达拉,55
設立,55
骗徒,55
扎根,55
幾塊,55
曲線,55
船坞,55
回击,55
礷,55
低贱,55
回味,55
欣然接受,55
我伤,55
測謊,55
扶手,55
람,55
放倒,55
祙,55
當前,55
那枚,55
瓦克,55
哲學家,55
美籍,55
要教,55
要掛,55
囚室,55
趕走,55
内德,55
善心,55
學過,55
雄狮,55
電路,55
電郵,55
我毁,55
機來,55
皑凡,55
格罗斯曼,55
納斯,55
有夠,55
事關,55
來接,55
决断,55
加布,55
很行,55
刺耳,55
孤僻,55
急诊,55
弹得,55
過期,55
乔治亚,55
筵席,55
藏品,55
两场,55
說聲,55
振奮,55
察看,55
安放,55
電動,55
七號,55
真可憐,55
逍遙,55
感伤,55
越多越好,55
看得懂,55
查利,55
ぼ,55
繁多,55
谷倉,55
炸肉,55
艱苦,55
張照,55
光源,55
告终,55
保有,55
遗址,55
算个,55
內臟,55
椄,55
一盏,55
給它,55
帅小伙,55
那個給,55
艰巨,55
假惺惺,55
大氣層,55
花草,55
康奈尔,55
庭審,55
挑个,55
晃晃,55
按時,55
赶尽杀绝,55
斯丁森,55
失措,55
两项,55
安頓,55
反转,55
夢游,55
不好惹,55
空壳,55
字谜,55
怨,55
糥,55
齐全,55
一岁,55
沉惩,55
桃桃,55
拒之门外,55
放行,55
勍,55
世界大战,55
毒物,55
布赖恩,55
九十年代,55
财政部,55
扣下,55
我夠,55
嬉戏,55
耶鲁大学,55
求救信号,55
蘭德,55
平滑,55
静电,55
占便宜,55
过别,55
贺卡,55
白金汉,55
之舉,55
高三,55
小指,55
小島,55
冒出,55
互,55
松餅,55
迪亚,55
克萊德,55
发情,55
互惠,55
够不着,55
起見,55
冒著,55
野貓隊,55
热得,55
远征,55
給你看,55
粑,55
莎倫,55
脱罪,55
背黑锅,55
图灵,55
射到,55
我醉,55
杜撰,55
令人激动,55
碎玻璃,55
核子,55
布羅克,55
葵,55
女服,55
换作,55
伙食,55
染色,55
鉛筆,55
建在,55
资历,55
培訓,55
实战,55
巾,55
偷钱,55
宝贝儿子,55
蒙住,55
字條,55
捍衛,55
封印,55
号门,55
汤尼,55
伊利斯,55
无穷的,55
朝下,55
婴儿车,55
郵票,55
建築,55
不能逃避,55
当务之急,55
立方,55
同龄人,55
书架,55
向左转,55
你親,55
很受,55
滑头,55
腶,55
不单,55
实体,55
深水,55
頭緒,55
莉妲,55
电玩,55
差錯,55
七十年代,55
懷著,55
白費,55
嚇跑,55
贞操,55
饭后,55
別殺,55
釘子,55
负债,55
干架,55
真厲害,55
那还用说,55
活像,55
背对着,55
我想会,55
我想現,55
朱尼爾,55
大庭广众,55
靠岸,55
诺马,55
接踵而至,55
前情,55
娘娘,55
预科,55
傻强,55
适可而止,55
阿蘭,55
巴馬,55
血缘关系,55
舒服些,55
葛雷博,55
偷襲,55
活不成,55
划伤,55
赏光,55
戏剧化,55
独来独往,55
狭隘,55
膝下,55
想吸,55
泛滥,55
聚焦,55
我想過,55
籠罩,55
莫雷蒂,55
辛基,55
撕破,55
克族,55
克拉姆,55
遊,55
北方佬,55
早先,55
你終,55
竭,55
转头,55
养成,55
隐喻,55
在此期间,55
投票权,55
小卡,55
没话说,55
阻隔,55
麦考夫,55
行程表,55
撒切尔,55
脱裤子,55
已到,55
保卫者,55
无常,55
没这回事,55
后邊,55
不算数,55
矢,55
狗叫,55
彻洛,55
要不了,55
搭便,55
這起,55
ỵ,55
战备,55
循规蹈矩,55
避暑,55
伸到,55
大腳,55
自来水,55
剛拳,55
乐章,55
散散心,55
捣毁,55
弄糟,55
輝煌,55
火熱,55
新婚之夜,55
敞,55
各方,55
胡話,55
變好,55
割草,55
心力,55
环绕着,55
韦斯利,55
還對,55
再來點,55
心懷,55
老板娘,55
老歌,55
柯普,55
狙击,55
不辣,55
多毛,55
矫正,55
水坑,55
退學,55
嚇,55
開展,55
见个面,55
巴塞洛,55
迫在眉睫,55
引以,55
想先,55
何故,55
贝克斯,55
鼻屎,55
這杯,55
惨叫,55
吹奏,55
小约,55
酮,55
名额,55
抚平,55
他連,55
尔夫人,55
摄入,55
围,55
維也納,55
普拉斯,55
剧团,55
采摘,55
脉,55
阿凡,54
音乐节,54
音节,54
襯衣,54
褻,54
西亞,54
海军上将,54
生人,54
可恨,54
可看,54
冲洗,54
經成,54
大礼,54
呼啸,54
一大步,54
爆炸事件,54
杀虫剂,54
人时,54
大钱,54
安斯,54
丙酮,54
喜乐,54
五十块,54
体操,54
環繞,54
那將,54
打贏,54
高楼,54
几颗,54
給的,54
統,54
心愛的,54
諸,54
驻守,54
愛這個,54
講完,54
積蓄,54
穢,54
給你個,54
鱼饵,54
中彈,54
少管闲事,54
厚厚的,54
鏢,54
用场,54
挺胸,54
决议,54
憋死,54
霍尼,54
种植园,54
民防,54
配乐,54
朝廷,54
痻,54
规范,54
臂膀,54
阿斯顿,54
几十亿,54
市内,54
腳腳,54
传讯,54
關押,54
伊斯法罕,54
夜校,54
破門,54
污蔑,54
這待,54
奧爾森,54
受挫,54
破壞者,54
癨,54
伊莉娜,54
终点线,54
发电,54
題,54
米德,54
拉菲,54
文弥,54
林子,54
果断,54
數的,54
三人组,54
拍成,54
模子,54
王小麥,54
耳環,54
洛瓦,54
地问,54
对立,54
掙脫,54
陪你玩,54
犸,54
二代,54
写个,54
优质,54
偶滴,54
斐济,54
发放,54
正门,54
外頭,54
外賣,54
硫磺,54
变小,54
寻,54
地笑,54
津巴布韦,54
优,54
无路,54
乘着,54
彈奏,54
獎杯,54
整部,54
整潔,54
雙臂,54
多一點,54
耐,54
好书,54
维和,54
賣命,54
炸飛,54
一摸,54
難度,54
鸟事,54
正試,54
斯圖,54
特考,54
外國人,54
殉职,54
近况,54
寬恕,54
博特,54
旁观者,54
够用,54
药膏,54
皈依,54
发仔,54
这好,54
正经事,54
小海龟,54
兴奋剂,54
管不着,54
悠闲,54
倒杯水,54
倒掉,54
停電,54
不生,54
旅人,54
追溯,54
阿爾法,54
最重,54
會去,54
渲染,54
我令,54
醒酒,54
口罩,54
正朝,54
斯宾塞,54
张开嘴,54
轻柔,54
阐述,54
日程安排,54
逾越,54
不合时宜,54
拖慢,54
華麗,54
人寿保险,54
特异功能,54
拉塔,54
沫沫,54
無理,54
橙子,54
段落,54
追回,54
磁盘,54
觸發,54
嗜,54
减刑,54
分數,54
轻声,54
拳擊手,54
辈,54
唯独,54
灭火器,54
灰熊,54
法瓦,54
舶,54
霹靂,54
還認,54
本拉登,54
則,54
刻苦,54
我特,54
亞力,54
门房,54
牵手,54
帥氣,54
老鹰队,54
我个,54
密西根,54
蜜兒,54
密克,54
畫作,54
讯问,54
勝,54
玛妮,54
玛露,54
弗朗西,54
复生,54
复出,54
扫描仪,54
卖家,54
第一辆,54
拱手,54
家居,54
家产,54
佐克,54
住进,54
有輛,54
于心,54
现成,54
退场,54
钚,54
留情,54
垃圾车,54
准将,54
湯普森,54
缝隙,54
紙牌,54
来求,54
真疼,54
克鲁尼,54
摆设,54
機會來,54
牡蠣,54
现存,54
成见,54
下礼拜,54
人馬,54
萨利姆,54
一时冲动,54
這兩位,54
這兩,54
芬兰,54
班克思,54
吃素,54
想尽,54
标语,54
鸡翅,54
宪兵,54
禁不住,54
划痕,54
國的,54
大展,54
這錢,54
牌局,54
劍橋,54
罗南,54
罗宾森,54
落网,54
默德,54
開后,54
停到,54
速速,54
鮑耶,54
正因,54
小豬,54
摄政,54
扩音器,54
笔直,54
讀讀,54
飞向,54
畅所欲言,54
家宴,54
戏码,54
成事,54
出兵,54
从小到大,54
幫人,54
电视网,54
泰瑞莎,54
詠,54
詹妮特,54
喝上,54
范克,54
鲁伊兹,54
德维尔,54
劃,54
朱利,54
属下,54
那钱,54
出個,54
現在別,54
傻傻的,54
仅限,54
警察厅,54
来换,54
斯拉夫,54
豁出去,54
呆瓜,54
划算,54
葛底斯堡,54
葛雷,54
鑽,54
自爆,54
你养,54
丟棄,54
錯亂,54
廁所里,54
瑜斯,54
瑜珈,54
問下,54
填滿,54
托姆,54
別像,54
透不过气,54
党卫军,54
西欧,54
压扁,54
罪证,54
潜质,54
基利,54
自相,54
定向,54
斯福,54
天翻地覆,54
創,54
煽情,54
咔,54
照樣,54
預想,54
图斯,54
翻转,54
懒鬼,54
滚下来,54
點樂子,54
气得,54
理發,54
杜格爾,54
杜邦,54
心得,54
損害,54
能過,54
Ι,54
回荡,54
晴空,54
暗礁,54
没个,54
尔西,54
搜过,54
铜板,54
直截了当,54
进餐,54
欢唱,54
戰士們,54
或多或少,54
放好,54
格里夫,54
振動,54
門羅,54
披风,54
駕馭,54
一堵,54
快成,54
决定权,54
移開,54
千个,54
选定,54
씨,54
滿腦子,54
安吉尔,54
安分,54
貸,54
候补,54
賈維斯,54
籏,54
全身上下,54
膠帶,54
噎,54
聚在,54
接送,54
聽夠,54
一端,54
征兵,54
狐朋狗友,54
奖牌,54
养家糊口,54
三万,54
狠心,54
哈里曼,54
多花,54
动过,54
面包圈,54
临稱,54
行窃,54
为主,54
佩雷斯,54
西之,54
海尔,54
躲過,54
控訴,54
聯系過,54
阿弥陀佛,54
类星体,54
姜饼,53
格里斯,53
有火,53
从今往后,53
钡帝,53
阴沉,53
可退,53
由不得你,53
再动,53
卡邁,53
等等等等,53
五角,53
浮标,53
效應,53
团圆,53
浮云,53
竝,53
张贴,53
舵手,53
拉辛,53
不远处,53
莫瑟,53
变速箱,53
相告,53
麾下,53
丰田,53
企鵝,53
漁夫,53
拾起,53
放得,53
格蘭維爾,53
洗牌,53
莉莉丝,53
排水,53
小饭,53
滿地,53
看電視,53
这顶,53
噩耗,53
驼背,53
演劇,53
娜拉,53
出老千,53
阿多,53
记事,53
勞倫,53
高檔,53
桑希爾,53
发炎,53
令人不安,53
吉蒂,53
新車,53
角逐,53
被毀,53
半人,53
没脑子,53
耳邊,53
多蠢,53
登堡,53
库房,53
会成,53
横行,53
犯罪者,53
陈词滥调,53
多爾夫,53
艾朗索,53
克蘭,53
说三道四,53
維拉提,53
大话,53
装成,53
古罗马,53
蜂窝,53
簑,53
手舉,53
魔爪,53
這啊,53
私情,53
藻类,53
单人,53
玛亚,53
前头,53
尼克尔,53
監護,53
沃勒,53
立定,53
太扯,53
兵役,53
驗尸,53
燈關,53
認知,53
阿诺,53
驶过,53
悉听尊便,53
平方,53
黛娜,53
详尽,53
緊點,53
大脚怪,53
鸟蛋,53
万幸,53
十秒钟,53
辛苦工作,53
冲锋枪,53
山寨,53
碧祖丝,53
使用者,53
使女,53
耿,53
无价之宝,53
火拼,53
地站,53
面有,53
读心术,53
臉頰,53
贏過,53
三级,53
小史,53
痸,53
利奇,53
鎮靜,53
卡森市,53
愛吃,53
講到,53
罰單,53
合谋,53
死气沉沉,53
太过火,53
萨克拉门托,53
百分之五,53
宠,53
煩躁,53
不为,53
洗过,53
总体,53
自寻死路,53
秋葵,53
签过,53
出赛,53
混入,53
电话亭,53
毕克,53
挤满,53
浓密,53
历史学家,53
紧跟着,53
教區,53
珍妮弗,53
浑水,53
一车,53
户口,53
色盲,53
衣裳,53
同心,53
南端,53
虐,53
大廚,53
塞爾馬,53
慶典,53
干活儿,53
奔放,53
摯友,53
莱格特,53
伊斯特,53
雕琢,53
风范,53
水壶,53
绕圈,53
梵,53
爵位,53
擦傷,53
有意识,53
房贷,53
越深,53
出車,53
我待會,53
推下,53
莫蓮,53
確鑿,53
人儿,53
送人,53
先說,53
食肉,53
白馬,53
巨魔,53
往下跳,53
枪决,53
密歇根州,53
翻翻,53
霰彈,53
塵土,53
恰琳,53
朱古力,53
大宅,53
疯话,53
矗立,53
瞩目,53
奈维森,53
斗牛犬,53
令人窒息,53
针筒,53
畢業生,53
約瑟芬,53
杜根,53
西非,53
搭車,53
怀尔德,53
烧着,53
扭矩,53
雅乐,53
藥的,53
要冲,53
布莉姬,53
改编自,53
打瞌睡,53
补助,53
宵夜,53
這全,53
辦案,53
要造,53
溪,53
新娘子,53
塵,53
洛蒂,53
滔滔不绝,53
刚回来,53
会选,53
独裁,53
内衣裤,53
肩并肩,53
晚年,53
手机号,53
空旷,53
手机号码,53
富足,53
光电,53
空间站,53
法蘭,53
罗曼蒂克,53
境,53
全体人员,53
人權,53
窖,53
牙签,53
过门,53
翠,53
翔,53
换尿布,53
帆布,53
禁止入,53
爭執,53
英奇,53
要些,53
賣掉,53
冲击波,53
波德,53
投给,53
想點,53
七分钟,53
劝告,53
诸如,53
就問,53
罗夏,53
索菲娅,53
歡笑,53
仔细观察,53
车胎,53
几把,53
莫莲,53
一意孤行,53
射精,53
太荒謬,53
要活,53
泰瑞爾,53
石碑,53
何为,53
工艺,53
稻草,53
喉,53
種類,53
稧,53
容身,53
那快,53
辞退,53
牧羊,53
物資,53
把风,53
糖糖,53
闺女,53
无政府主义,53
仰慕者,53
干枯,53
好惨,53
小城,53
豐盛,53
膛,53
办得,53
请帖,53
別掛,53
別接,53
大石头,53
通电,53
事关重大,53
這雙,53
崖,53
養育,53
渡船,53
期刊,53
吞没,53
過失,53
美洲狮,53
喊停,53
劝劝,53
關機,53
活路,53
这一关,53
事來,53
卡曼,53
八次,53
钱德勒,53
史金尼,53
要換,53
遇过,53
成败,53
廚師長,53
二号机,53
活干,53
孕,53
僅存,53
磨磨蹭蹭,53
進口,53
瑞亚,53
用槍,53
星美,53
热度,53
番,53
别带,53
大石,53
荷姆斯,53
調頭,53
階,53
桑布,53
这画,53
克裡斯,53
称得上,53
放风筝,53
绞尽脑汁,53
太牛,53
词来,53
词是,53
教養,53
我勒個,53
健美,53
老卡,53
定为,53
总让,53
远道而来,53
麥克白,53
乃至,53
無價,53
战况,53
邁克麥,53
杰莉,53
钟表,53
起色,53
姜文,53
伦斯,53
戰友,53
海獭,53
寺,53
你死我活,53
订好,53
阿勒,53
終究,53
起先,53
盯梢,53
茂密,53
血族,53
苹果派,53
先找,53
倍受,53
勾住,53
张扬,53
站稳,53
之音,53
来付,53
二十万,53
爱荷华州,53
管理层,53
秘訣,53
汤马斯,53
ǖ,53
凱特琳,53
心满意足,53
利爪,53
斯特丽,53
三到,52
我輸,52
灯笼,52
午休,52
吉莉,52
攀岩,52
產業,52
這三個,52
屈辱,52
后遗症,52
截断,52
对质,52
伦德尔,52
缄默,52
救過,52
梅特卡夫,52
品酒,52
达科,52
军火商,52
野鸡,52
约旦,52
界面,52
钛,52
苹果酒,52
相似之处,52
确诊,52
拋開,52
弗罗斯特,52
议案,52
叙利亚,52
主场,52
慢下,52
第二排,52
樣品,52
滿身,52
紙上,52
短发,52
说不上来,52
遥不可及,52
重整,52
从头到脚,52
排气管,52
逆境,52
最佳时机,52
阻断,52
洗漱,52
最丑,52
并发症,52
好玩儿,52
利多,52
问声,52
司法官,52
娜迪亚,52
看電影,52
維納斯,52
卡巴,52
视网膜,52
噠,52
抢劫犯,52
贝斯手,52
瀕臨,52
打爛,52
我存,52
嬴,52
卫生棉,52
空投,52
停播,52
杆子,52
还长,52
幾百萬,52
闲话,52
略有,52
参与者,52
一室,52
仔细检查,52
講電話,52
史隆,52
字体,52
遭人,52
等同于,52
笼罩着,52
側面,52
三步,52
病史,52
坠,52
有血有肉,52
马尔克斯,52
買賣,52
飘飘欲仙,52
达到高潮,52
麦克尔,52
真冷,52
善恶,52
氣的,52
遠程,52
濡,52
上位,52
来谈,52
裁縫,52
奇諾,52
执意,52
藥了,52
召见,52
鴉片,52
理睬,52
延遲,52
崇尚,52
打掩护,52
那會兒,52
開銷,52
拿騷,52
更让人,52
渡过难关,52
猜出,52
朝著,52
无止尽,52
无理取闹,52
國務院,52
绰绰有余,52
何拔斯,52
減速,52
积木,52
租给,52
大獎,52
迈汉麻,52
疶,52
繼父,52
一成,52
妥當,52
传教,52
清算,52
后人,52
碾碎,52
更坏,52
文本,52
格格,52
狠毒,52
助听器,52
將我,52
号机,52
流到,52
几瓶,52
克莱格,52
兰格,52
至高无上,52
仓促,52
從事,52
霸王,52
阿拉斯,52
卫国,52
書上,52
辦個,52
爱迪生,52
露思,52
一节,52
气派,52
之徒,52
嘔,52
耶茨,52
手来,52
你念,52
百个,52
頭的,52
要进,52
簡短,52
百分点,52
百次,52
勉,52
拥,52
亡,52
根肋骨,52
求偶,52
礼帽,52
礼拜一,52
防护罩,52
解码,52
换人,52
過會兒,52
瞎掰,52
微薄,52
猶,52
势不可挡,52
勒卡,52
缺氧,52
许久,52
后勤,52
亲自动手,52
林登,52
之行,52
胎,52
體制,52
早年,52
近點,52
沒發,52
填補,52
先洗,52
支烟,52
定做,52
养猫,52
坎貝爾,52
不在場,52
車臣,52
黒,52
大英帝国,52
巴雷特,52
處處,52
往上走,52
惨烈,52
齊克,52
快車,52
건,52
开膛,52
魏根曼,52
捉到,52
帕吉特,52
异想天开,52
戴力,52
太想,52
教宗,52
媒介,52
伦纳德,52
本季,52
大呼小叫,52
挖个,52
挖掘出,52
梑,52
帘子,52
畫像,52
异样,52
鳄梨,52
鳖,52
那封,52
赃款,52
乒乓球,52
动员,52
座舱,52
陶雷,52
毒氣,52
當你們,52
流畅,52
浓烟,52
麦芽,52
痘痘,52
牙科,52
矿坑,52
结成,52
征用,52
痛得,52
防空洞,52
杵,52
誠意,52
遗孀,52
发芽,52
伐木工,52
德比郡,52
圣母院,52
內特,52
阻挠,52
台达,52
木淺,52
简化,52
人肉,52
两对,52
创造者,52
之聲,52
滑铁卢,52
陽性,52
十八年,52
合法化,52
慰问,52
手语,52
怪声,52
总数,52
霍娃,52
軀體,52
同床共枕,52
四下,52
晃荡,52
韦尔斯,52
深奥,52
偷取,52
为的是,52
相吻合,52
我母,52
出毛病,52
蠅祥,52
唱唱,52
還擔,52
阴暗面,52
两口,52
反物质,52
按部就班,52
日本鬼子,52
迪艾利,52
深喉,52
专题,52
美人兒,52
两眼,52
類的,52
代理商,52
連累,52
連絡,52
不堪一击,52
徹洛,52
推掉,52
零号,52
缪斯,52
账本,52
伸張,52
木桶,52
精品,52
地鐵,52
炖,52
纸杯,52
割草机,52
不合情理,52
小菜,52
半价,52
万人迷,52
揪出来,52
装扮成,52
风俗,52
库姆,52
摩爾,52
對別,52
祸害,52
场钉,52
重金属,52
悔改,52
慷慨解囊,52
康复中心,52
一觉,52
创造力,52
沒騙,52
人际关系,52
食人族,52
沃爾多,52
禴,52
军衔,52
碰触,52
完結,52
帮主,52
思緒,52
硬是,52
碎尸万段,52
确切的说,52
文盲,52
阿卜杜勒,52
倒好,52
低級,52
大块,52
詹尼弗,52
谢弗,52
追悼会,52
冉阿让,52
寂靜,52
出入口,52
浸泡,52
邁漢麻,52
開價,52
特鲁迪,52
視角,52
發育,52
菲洛梅娜,52
為生,52
指點,52
虛張,52
弗雷斯,52
变质,52
变胖,52
拉起,52
浪潮,52
转而,52
企业家,52
立誓,52
生過,52
改邪归正,52
聖母,52
瀆,52
坏孩子,52
杰姆,52
真祖,52
吞食,52
一眨眼,52
低劣,52
舞台剧,52
團的,52
尤斯提,52
继,52
球杆,52
开心果,52
高考,52
温顺,52
埃里森,52
录音棚,52
伊格,52
歸宿,52
哪一点,52
劳力士,52
预言家,52
焰火,52
姬蒂,52
鄭重,52
种族主义,52
比別,52
禯,52
南下,52
交替,51
发票,51
質問,51
和谈,51
好生,51
起名叫,51
浪花,51
我费,51
出差错,51
我敬,51
各式,51
沃尔玛,51
里诺,51
通讯设备,51
大橋,51
痛打,51
哈姆,51
有颗,51
銀幣,51
展览会,51
斯特灵,51
这封,51
雷声,51
凡利,51
倒立,51
帷幕,51
麥凱恩,51
五楼,51
旁人,51
自投罗网,51
蘇瓦尼,51
他会用,51
奥林匹克,51
犯罪团伙,51
来来来,51
太高興,51
死鬼,51
継,51
傷感,51
韋爾斯,51
贵姓,51
瓦隆,51
沙袋,51
馏,51
登录,51
操作系统,51
奈吉尔,51
大费周章,51
擊球,51
對極,51
摟,51
洁西,51
不先,51
经济危机,51
无处可逃,51
特种,51
但要,51
别是,51
轉化,51
排泄,51
近在眼前,51
視野,51
十四年,51
应聘,51
很瘦,51
手背,51
探測器,51
還沒說,51
探案集,51
吉塞爾,51
人静,51
扎德,51
他當,51
打分,51
篖,51
覺醒,51
双层,51
库曼,51
加尔各答,51
卡瓦,51
洋装,51
老乡,51
三歲,51
老伙計,51
锁定目标,51
平手,51
荣光,51
无异于,51
了藥,51
九天,51
憂愁,51
陷得,51
瑟玛,51
拼了命,51
迪亚戈,51
田納西,51
応,51
捉摸,51
備份,51
奈绪子,51
摔断了,51
百分,51
三千万,51
试用,51
問到,51
探索者,51
潘多拉,51
实质,51
坐上,51
泡泡浴,51
托拜,51
希克,51
坐到,51
罷休,51
手推车,51
第七个,51
果醬,51
拆弹,51
话虽如此,51
狗窝,51
诗集,51
废人,51
近距,51
抑郁症,51
埃弗拉,51
花些,51
答得,51
衣著,51
羊毛衫,51
之时,51
萤火虫,51
哈蒂,51
場的,51
墜機,51
康纳斯,51
着眼,51
义工,51
分類,51
蛋糕店,51
加利福尼亚州,51
露馅,51
打平,51
傷得,51
靈,51
傑克遜,51
果酒,51
麦洛,51
裝在,51
手术刀,51
圖像,51
独奏,51
將我們,51
非洲大陆,51
跛,51
洛尔,51
验血,51
晚間,51
萨塔,51
罗茜,51
墙角,51
防晒霜,51
印着,51
皮夹,51
研發,51
试穿,51
下海,51
我代,51
游历,51
成型,51
风云,51
摔斷,51
劇情,51
诸,51
机械师,51
調動,51
钱宁,51
第一支,51
烤熟,51
資,51
坚称,51
科学研究,51
這副,51
膚色,51
斯塔西娅,51
風頭,51
久仰大名,51
快带,51
夸大其词,51
小学生,51
听人,51
恪守,51
烘烤,51
恐怖活动,51
霉皑,51
達尼,51
賓夕,51
过大,51
他害,51
女尸,51
阵地,51
隼,51
考拉,51
記不清,51
光著,51
破坏力,51
將于,51
人妻,51
布麗姬,51
荷莉,51
釣到,51
印第安纳,51
第一排,51
傻小子,51
快照,51
卖得,51
法瑞尔,51
迅猛,51
倖,51
媽的給,51
光阴,51
萨拉热窝,51
尤优,51
阿尔曼,51
礼品,51
偷笑,51
裸照,51
普拉格,51
四年级,51
罗妮,51
分店,51
四散,51
磁铁,51
内侧,51
幼稚园,51
艾爾頓,51
想查,51
小傢伙,51
人气,51
勇于,51
罗嗦,51
脱衣,51
我太想,51
壁画,51
稅收,51
请接,51
没坏,51
没出,51
堕入,51
两支,51
統帥,51
接班人,51
要强,51
拉基,51
寝室,51
寓意,51
沒上,51
分擔,51
布蘭琪,51
布莱肯,51
顺手,51
每周日,51
桑托,51
别别别,51
铃铛,51
这下子,51
提高警惕,51
香槟酒,51
德州人,51
调教,51
新闻记者,51
师兄,51
過河,51
基岩,51
林博士,51
射入,51
上点,51
妮克,51
雷曼,51
媽會,51
葡萄园,51
警用,51
车速,51
劳斯利,51
猜得到,51
背负着,51
奧利佛,51
射殺,51
艾丽森,51
食物中毒,51
預訂,51
胖兔,51
珸,51
二度,51
开锁,51
吹熄,51
紧握,51
转化成,51
被选为,51
千里迢迢,51
气管,51
宰相,51
露拉,51
群落,51
四號,51
深思熟虑,51
櫻桃,51
健康状况,51
健怡,51
韋斯萊,51
他求,51
傳真,51
佩尺,51
一般般,51
岩壁,51
马丁尼,51
快进,51
扭动,51
忽必烈,51
雄鹰,51
小淘气,51
搭上,51
聊一聊,51
旗杆,51
幸福生活,51
幸村,51
摇滚歌手,51
打破常规,51
单干,51
麥卡倫,51
儿戏,51
碧祖絲,51
婴儿床,51
述说,51
戶,51
打起,51
重燃,51
三更半夜,51
冥河,51
前有,51
事成之后,51
挣得,51
淋病,51
盗,51
铐起来,51
呒,51
領悟,51
离心机,51
刺拳,51
有令,51
開燈,51
自始至终,51
本垒,51
月经,51
尾翼,51
直說,51
海员,51
著別,51
笑料,51
尼拉,51
高尔,51
倔强,51
抗命,51
耳闻,51
数周,51
打领带,51
吉诺,51
情敌,51
耶和華,51
回屋,51
讓給,51
選區,51
揀,51
盲降,51
變裝,51
消防局,51
莽撞,51
获得者,51
珊德,51
飞碟,51
变装,51
船身,51
飞驰,51
缓,51
玩物,51
進門,51
平方英里,51
大個子,51
按摩师,51
以南,51
鐵匠,51
纳特,51
坐車,51
值勤,51
硝化甘油,51
還不確定,51
人人平等,51
聽力,51
這個險,51
篟,51
半數,51
按铃,51
农舍,51
蘇小黛,51
遏制,51
他開,51
浴血,51
硫,51
其事,51
奥康纳,51
不过如此,51
畅通,51
帶進,51
画出,51
帳號,51
品行,51
性子,51
作怪,51
海景,50
现如今,50
引见,50
蠢话,50
我觉,50
阿卡迪亚,50
戰斗機,50
人之常情,50
米彻,50
帶點,50
私通,50
私藏,50
你會給,50
告一段落,50
撒克逊人,50
克瑞斯,50
迪米特里,50
撑下去,50
这条线,50
全家福,50
太丑,50
我表現,50
挪用,50
玛戈,50
弦乐,50
弥漫,50
上當,50
赴死,50
走远,50
亡命之徒,50
沿路,50
昏昏欲睡,50
豹哥,50
急促,50
筹钱,50
哀嚎,50
公開賽,50
留校,50
沃森,50
王宫,50
一分为二,50
沃纳,50
拉蒙特,50
寶物,50
自杀式,50
军医,50
八点半,50
八百万,50
母乳,50
痴狂,50
膘,50
显露,50
抜,50
堵墙,50
遗留,50
自作主张,50
解体,50
客机,50
心神,50
只当,50
剪纸,50
瞎眼,50
千辛万苦,50
創生學,50
斯嘉丽,50
停掉,50
傳球,50
裂口,50
傳票,50
不单是,50
別進,50
惩甫,50
劊子,50
没接,50
梳妆台,50
布萊爾,50
千方百计,50
說夠,50
多过,50
功課,50
神经兮兮,50
折騰,50
广告牌,50
泰玑,50
三餐,50
還喜歡,50
小妖精,50
忘不掉,50
隊形,50
大祭司,50
新英格兰,50
八周,50
意式,50
生命体,50
搬出来,50
袋里,50
之多,50
换回,50
断头台,50
雅致,50
荷尔,50
造物,50
想带,50
改观,50
贝尔法斯特,50
追来,50
小分队,50
階級,50
斯卡,50
真見,50
卡洛夫,50
緊密,50
致命伤,50
有本,50
새,50
特家,50
特此,50
木瓜,50
默哀,50
调用,50
信贷,50
泡湯,50
冷清,50
苏比拉,50
癲,50
麦卡伦,50
傘兵,50
矗眶,50
燕窝,50
捆绑,50
言表,50
触电,50
每每,50
自由市场,50
掌權,50
牢狱,50
美甲,50
兰斯洛特,50
學來,50
之父,50
马里兰州,50
美夢成,50
按揭,50
鹈鹕,50
吉娃娃,50
穆曲,50
阿德勒,50
聽證會,50
滾石,50
奉命行事,50
人知,50
放學,50
先杀,50
从军,50
可大,50
冰棒,50
科普,50
指頭,50
別廢話,50
請過,50
友,50
装子弹,50
质数,50
中计,50
呼氣,50
及時,50
奉上,50
愛國,50
两秒,50
巴塔,50
遍及,50
沙坑,50
万斯,50
辗转,50
挑明,50
饮用水,50
饭馆,50
向外,50
璵,50
俗话说,50
腦部,50
那行,50
失靈,50
桩,50
反覆,50
兒子們,50
眩晕,50
希爾維,50
阿瓦,50
剛給,50
追擊,50
句號,50
古龙水,50
鼬,50
傳輸,50
中来,50
差得远,50
莱西,50
说不出来,50
发酵,50
圣詹姆斯,50
發言人,50
残害,50
蒸气,50
散发出,50
很穷,50
塞进去,50
担惊受怕,50
往里面,50
康沃爾,50
寇特,50
水滴,50
妃子,50
巨款,50
之分,50
梅薩維德,50
抄袭,50
铀,50
隱,50
古典音乐,50
密蘇里,50
待见,50
二十岁,50
领班,50
當了,50
体育课,50
畫得,50
钢琴家,50
咬伤,50
一用,50
铸造,50
杂音,50
犯過,50
尔克,50
雪崩,50
腮,50
手边,50
划过,50
康那斯,50
上會,50
你照,50
子游,50
游戏吧,50
手头上,50
奎斯特,50
粉紅豹,50
沒得選,50
塞缪尔,50
会住,50
恐怖电影,50
剔除,50
电网,50
电灯泡,50
丑事,50
中性,50
重度,50
溜掉,50
新垣,50
經受,50
裝得,50
皇族,50
果仁,50
百分之一,50
溜达,50
簡歷,50
受困,50
切伍,50
分頭,50
赏脸,50
参演,50
港湾,50
圍巾,50
派人来,50
续集,50
天敌,50
嵌入,50
皮斯里,50
苦涩,50
逞强,50
黯淡,50
含義,50
明月,50
眼花,50
不胜,50
足跡,50
几处,50
省钱,50
砓,50
砍死,50
廢墟,50
粉紅,50
老雷,50
考兰,50
訕,50
莎朗,50
水蛭,50
李子,50
的詩,50
呼吸困难,50
格洛克,50
一目了然,50
萨特,50
电话簿,50
過關,50
这伙,50
絕對會,50
卸下来,50
斯韦尔,50
呕,50
麻利,50
人见,50
躯壳,50
毕达哥拉斯,50
藥片,50
发动战争,50
帕金斯,50
老婦,50
驚恐,50
根葱,50
像头,50
几片,50
始作俑者,50
獵犬,50
林德特,50
弹珠,50
开着车,50
脸书,50
赫伯,50
崎岖,50
奥马尔,50
勒住,50
献血,50
盹,50
低谷,50
張票,50
伊基,50
讀到,50
飞弹,50
无缘,50
零点,50
預兆,50
历程,50
大可不必,50
梅尔文,50
一之瀨,50
克勒,50
长云,50
山中,50
笨死了,50
一枝,50
笨重,50
胖胖,50
遲鈍,50
深表歉意,50
戴茜,50
我寧願,50
几百万年,50
佐勒耿,50
碳水化合物,50
獵殺,50
極,50
碽,50
都靈,50
斯普林斯,50
紧急会议,50
刀割,50
那批,50
丟的,50
正像,50
超生,50
端庄,50
救生筏,50
因果报应,50
姜妹,50
直呼,50
供词,50
魔药,50
杰登,50
哄哄,50
芖,50
蘇達州,50
协作,50
浮游生物,50
吃顿,50
開出,50
站长,50
價,50
寻欢作乐,50
進食,50
出岔子,50
出些,50
变量,50
弗洛拉,50
转换成,50
无边,50
汉纳森,50
化为灰烬,50
弊,50
達州,50
每份,50
痛宰,50
嘩,50
軍校,50
堅守,50
马路上,50
会替,50
阿波羅,50
反光,50
斯利,50
小蛮,50
精心策划,50
割破,50
发明家,50
荷伯特,50
数字化,50
是問,50
萊特,50
雨天,50
好牌,50
时能,50
未解,50
升值,50
著個,50
暗算,50
戒心,50
正人君子,50
尽到,50
转速,50
灯关,50
惊异,50
避孕药,49
吁,49
汪汪,49
偽,49
脏东西,49
蒙上,49
雪城,49
何时何地,49
白马,49
巨兽,49
史东,49
戀愛了,49
石英,49
蒙受,49
模仿秀,49
一箭,49
粗心大意,49
妏,49
自娱自乐,49
性質,49
三藩市,49
签发,49
怀恨在心,49
自我意识,49
杰迪,49
咽喉,49
比试,49
挥动,49
达林顿,49
本店,49
扶起来,49
闡爵,49
发信号,49
不屈,49
泄气,49
自律,49
自找麻烦,49
留念,49
記錯,49
禪,49
欠下,49
找零,49
怎敢,49
不平,49
尼奥,49
尼古丁,49
豬肉,49
常暗,49
仅限于,49
萬聖節,49
仅仅只是,49
合乎,49
脑细胞,49
送个,49
었,49
霍乱,49
罗通,49
沒病,49
枪崩,49
數數,49
抽取,49
伊莉,49
莱瑞,49
选角,49
很值,49
动动,49
狂喜,49
该轮,49
白费力气,49
顆,49
謗,49
慢速,49
跟得上,49
脫口秀,49
淡忘,49
竅,49
笛子,49
司徒,49
处分,49
高中女生,49
保龄球馆,49
撕烂,49
淘,49
失掉,49
眳,49
這使,49
蒜,49
裘德,49
兩半,49
狡辩,49
書面,49
肩部,49
成人礼,49
皏,49
餿,49
鲁道夫,49
彼德,49
湯瑪斯,49
欲求,49
一触即发,49
填字游戏,49
填饱,49
蝙蝠洞,49
长途电话,49
安科,49
自此,49
只靠,49
冒失,49
金发女郎,49
军事行动,49
不感,49
蘭迪,49
种群,49
比彻,49
熔岩流,49
法老王,49
熟食店,49
看招,49
吸引住,49
掛了,49
欺詐,49
下马,49
侍从,49
憂傷,49
憶,49
抹黑,49
穷光蛋,49
风扇,49
候鸟,49
紏,49
卡邦,49
嚷,49
圣路易,49
展翅,49
半死不活,49
喪生,49
護理,49
屌丝,49
乳糖,49
静音,49
碩,49
飞奔,49
封存,49
户头,49
烟幕,49
射伤,49
一年一度,49
棚子,49
主耶稣,49
傖,49
杂交,49
圣达菲,49
可說,49
嚯,49
句句,49
同龄,49
ヱ,49
如期,49
参选,49
茴香,49
追尋,49
伊蓮娜,49
很多遍,49
很準,49
蓝宝石,49
阴魂不散,49
恩德,49
冰蠶,49
重金,49
玛乔丽,49
谢夫,49
熱帶,49
自然法则,49
誇張,49
纳入,49
兒會,49
自制力,49
送行,49
坐直,49
坐穩,49
随性,49
毫发,49
好惹,49
討價,49
空档,49
高调,49
腐化,49
皑吹,49
赛勒,49
分身,49
我亡,49
游樂園,49
育儿,49
你畫,49
和平相处,49
史金波,49
蝮蛇,49
放在眼里,49
綺,49
桜,49
剩菜,49
不戴,49
做爱时,49
符咒,49
斯维尔,49
告状,49
长凳,49
售出,49
漫画家,49
聽來,49
感染者,49
特色菜,49
緇,49
轉個,49
美人魚,49
多蒂,49
输送,49
愛他們,49
排挤,49
库柏,49
過不去,49
天伦,49
医保,49
琭,49
嬉皮,49
绝大部分,49
第一课,49
我切,49
第一手,49
停滞,49
莎琳,49
他别,49
印花,49
笼,49
马里亚纳,49
栽培,49
亿美金,49
睡会,49
克魯姆,49
年青,49
并不一定,49
燦爛,49
夹子,49
胐,49
出過,49
图尔,49
鲨,49
我晚,49
查封,49
数码,49
扣除,49
弄傷,49
加剧,49
说得通,49
驰骋,49
蔥,49
상,49
沙迪,49
得益于,49
腻,49
聯合律,49
木桩,49
伊麗莎,49
죠,49
巴纳,49
激荡,49
作法,49
买杯,49
草紙,49
不堪设想,49
賓州,49
必备,49
调子,49
疗养,49
强有力,49
爱恋,49
擺布,49
客套,49
波及,49
别喊,49
两块钱,49
两句话,49
调和,49
书页,49
朱利葉斯,49
帕夫,49
捆住,49
太爱,49
意向,49
马里兰,49
激發,49
停泊,49
茧,49
斯断层,49
那门,49
龐戈,49
理所,49
栏目,49
一毛,49
一大批,49
卡托,49
激光器,49
打掉,49
六歲,49
艾麗,49
午睡,49
发生爆炸,49
荷兰语,49
科索沃,49
先发制人,49
雷澤,49
断线,49
副队,49
大氣,49
故鄉,49
碳纤维,49
下屬,49
清醒过来,49
頒獎,49
罕,49
沉寂,49
沉沉,49
三度,49
钱会,49
卡文,49
布倫納,49
一派,49
善用,49
氣來,49
薄厨,49
冷戰,49
连衣裙,49
贝奇,49
不入,49
火山岩,49
程沧,49
更換,49
壁爐,49
劳烦,49
佩特拉,49
分工,49
非常容易,49
鲜艳,49
爭,49
爬行动物,49
病重,49
过早,49
普拉特,49
所犯,49
首脑,49
輔助,49
敵方,49
九条,49
九歲,49
神游,49
猟,49
赤兔,49
派大星,49
播种,49
奥特,49
猜中,49
奧利維,49
透漏,49
猪圈,49
力道,49
拉斐,49
面墙,49
馱,49
自食其力,49
臥,49
祭奠,49
紅燈,49
虫族,49
二十七,49
耗费,49
辯方,49
随叫随到,49
纵火犯,49
用戶,49
羹,49
诺里斯,49
牊,49
德维恩,49
瘾,49
一齐,49
七位,49
最爽,49
闸门,49
克里克,49
你弹,49
不加,49
跳岩,49
火箭炮,49
跳起,49
线圈,49
韋伯,49
被鎖,49
改行,49
咖啡机,49
神魂,49
卡上,49
马西斯,49
利刃,49
折叠,49
有完没完,49
适时,49
没教,49
鬼火,49
摇动,49
跳進,49
灼伤,49
跳进去,49
所向披靡,49
皮帕,49
这番话,49
幼兒園,49
崇敬,49
周密,49
苦衷,49
天國,49
所赐,49
拜堂,49
獎品,49
内会,49
建設,49
警铃,49
拜登,49
两座,49
球拍,49
匯,49
開開,49
私人生活,49
完美无瑕,49
约伯,49
詐,49
一株,49
截,49
大基,49
開時,49
開朗,49
非去不可,49
血汗,49
低下头,49
后部,49
米德尔,49
救下,49
凹陷,49
胸针,49
伦理,49
上装,49
原名,49
茂盛,49
转学,49
伊兹,49
受限,49
认领,49
勺,49
描繪,49
相仿,49
范畴,49
除草,49
污渍,49
不诚实,49
尽心尽力,49
良民,49
这批,48
能放,48
依赖于,48
紫貂,48
一小片,48
斯特劳,48
正对着,48
处理器,48
哭声,48
维蒂,48
這酒,48
压缩机,48
我的確,48
海關,48
尿床,48
阿喀琉斯,48
能住,48
蘇比,48
海默,48
涅槃,48
伦世,48
海牙,48
受难,48
天鵝,48
中土,48
音讯,48
紫玉,48
快爬,48
她媽,48
霍姆,48
喬希,48
找茬,48
梅維斯,48
汒,48
玻璃瓶,48
汉默,48
褻瀆,48
我決,48
雷斯本,48
圣巴巴拉,48
險,48
何时能,48
探討,48
古德,48
那就算了,48
动粗,48
부,48
司法公正,48
误,48
塞恩斯伯里,48
水塘,48
放眼,48
减小,48
罪魁,48
啤,48
哈波,48
托夫勒,48
耳機,48
惊悚,48
袖扣,48
欢呼声,48
打點,48
打鼾,48
克里夫兰,48
千古,48
贖罪,48
縐,48
夜煞,48
抗血清,48
没点,48
哈希,48
双眸,48
創立,48
大眼,48
編碼,48
郁子,48
保母,48
地質,48
锤,48
翌晨,48
堂堂,48
같,48
擦身而过,48
神鹰,48
害臊,48
纽约城,48
說現,48
后能,48
錫,48
射器,48
拉爾夫,48
右臂,48
我嚇,48
遇袭,48
猪猪,48
分红,48
我何,48
普世,48
投放,48
公共场所,48
每周五,48
會出,48
標,48
德堡,48
力场,48
不分,48
噜,48
设计图,48
撥號,48
猛犸象,48
温莎,48
摇曳,48
神龙,48
利奥波德,48
冷冰冰,48
心弦,48
阳性,48
七万,48
布尔什维克,48
隆胸,48
善后,48
班车,48
全職,48
天橋,48
缺水,48
闪过,48
林斯基,48
阵容,48
牵引,48
美联储,48
輕重,48
艾森豪威尔,48
連你,48
佑,48
世贸,48
家常便饭,48
想害,48
重考生,48
抢匪,48
點什麼,48
数值,48
五到,48
聖多明,48
银器,48
插座,48
插上,48
去处,48
更想,48
勒布朗,48
何帝,48
相逢,48
两声,48
人带,48
有多遠,48
自知之明,48
嗶,48
只待,48
駆,48
调度,48
有违,48
點火,48
雷神,48
索斯,48
稻,48
稳定下来,48
蔑視,48
這確,48
布伦纳,48
幾號,48
愈來,48
激进分子,48
一切办法,48
万里,48
更酷,48
合作愉快,48
葛芮姐,48
根筋,48
夺回来,48
精神疾病,48
免去,48
鹰爪,48
指针,48
布偶,48
結為,48
班柯,48
外科手术,48
還看,48
异国,48
上移,48
頑皮,48
丧尸,48
得來,48
得寸进尺,48
孩儿,48
放上,48
悄悄话,48
珍妮佛,48
張牌,48
零星,48
贞洁,48
還問,48
別耍,48
嘿嘿嘿,48
掌心,48
门窗,48
齿,48
小酒,48
整装待发,48
整周,48
不堪回首,48
反弹,48
头一回,48
奈緒子,48
陆亩,48
家长会,48
万福,48
有样,48
特洛,48
页面,48
共和党人,48
噴火,48
殺意,48
新聞界,48
苦心,48
茱迪,48
琲,48
放點,48
漠不关心,48
驶离,48
聽別,48
瓦尔德,48
開支,48
受制于,48
血缘,48
内克,48
车灯,48
皇宮,48
活塞,48
將到,48
控制系统,48
皺,48
四种,48
東區,48
三枪,48
十美元,48
聚到,48
兆赫,48
剥削,48
阿爾布,48
抓著,48
投到,48
长老会,48
奶瓶,48
可信度,48
小馬,48
英格丽,48
呛,48
必死,48
自称为,48
喝牛奶,48
菜單,48
审,48
退却,48
銀河,48
屬實,48
盝,48
深究,48
胜诉,48
王相公,48
提芬,48
那趟,48
巴雷,48
巴金,48
得出结论,48
经济学家,48
丹迪,48
對決,48
感到恐惧,48
不毛之地,48
埃森,48
考蘭,48
不大可能,48
远行,48
兒們,48
伊萊,48
金額,48
宿主,48
别针,48
挺直,48
柏田,48
奶妈,48
安琪儿,48
科尔曼,48
烂泥,48
以法,48
较大,48
价值连城,48
水牛城,48
廢品,48
敢死,48
晚间,48
來賓,48
還債,48
內務部,48
援救,48
別傷,48
排好隊,48
殘廢,48
卡琳,48
那小女孩,48
嬷嬷,48
正規,48
一遭,48
一門,48
毫发无损,48
芄,48
输定,48
維京,48
圣靈,48
撑过,48
撑得住,48
硋,48
我明,48
教科书,48
四起,48
唱出来,48
阀门,48
미,48
圣约翰,48
替換,48
息息相关,48
自发,48
好好笑,48
可人,48
砸烂,48
青睐,48
開拍,48
阿憨,48
丹顿,48
很熱,48
洗头,48
圣诞夜,48
石化,48
處女,48
一五一十,48
熱身,48
种族主义者,48
自求多福,48
阿萊,48
踢踏舞,48
狱长,48
佐治,48
辽阔,48
比安卡,48
阿肯色州,48
染指,48
捂,48
纖維,48
快上去,48
莊嚴,48
傳達給,48
偏头痛,48
欽佩,48
来盾,48
谢里,48
扬基,48
겠,48
孤军奋战,48
白光,48
紛紛,48
庞德,48
陸戰,48
陸戰隊,48
康奈利,48
才艺,48
二重唱,48
強化,48
亢奋,48
教主,48
固有,48
脚本,48
竊取,48
叹为观止,48
欠债,48
小河,48
快睡吧,48
考威,48
野火,48
消極,48
屋主,48
国家银行,48
无政府,48
无所不在,48
朦胧,48
输光,48
沒聽,48
红宝石,48
隐私权,48
公演,48
撰稿人,48
蜷缩,48
死伤,48
狗食,48
成份,48
溉,48
索姆,48
簽下,48
回學校,48
回想起来,48
吃個,48
交出去,48
戒煙,48
包装纸,48
全垒打,48
截稿,48
溜出,48
土司,48
大面积,48
應對,48
滚下去,48
贾斯帕,48
轮盘,48
除此以外,48
霍夫斯,48
冬妮娅,48
摩拉,48
他够,48
琼恩,48
雪佛兰,48
阿尔卑斯,48
手气,48
找件,48
許不會,48
梅瑟,48
优越,48
野良,48
麗塔,48
法师,48
財寶,48
薩莉,48
門是,48
吉里,48
三星,48
不动产,48
父女,48
附件,48
五六,48
长枪,48
清道,48
辦理,48
松弛,48
幸灾乐祸,48
誤導,48
灰飞烟灭,48
没杀,48
觉得很有,48
觉悟,48
警察学校,48
罐頭,48
继承权,48
开店,48
警棍,48
铁管,48
大后,48
型號,48
魔镜,48
星战,48
人理,48
落日,48
那回事,48
捷,48
遺漏,47
救起,47
竹竿,47
暗语,47
韵律,47
落叶,47
吃不完,47
暢銷,47
私有,47
帮点,47
畅销书,47
貝西,47
ق,47
浴池,47
老糊涂,47
总好,47
單車,47
使喚,47
电汇,47
詩班,47
驚小怪,47
不忙,47
无辜者,47
先看,47
月台,47
安非他命,47
好好先生,47
乔治亚州,47
秋叶原,47
霍德,47
胸毛,47
上风,47
起不来,47
里格斯,47
弄弄,47
珀,47
飞艇,47
无神论者,47
魯格,47
算不了,47
盤問,47
提炼,47
淤泥,47
我氣,47
根基,47
站岗,47
狂想曲,47
史图,47
台湾,47
散伙,47
差異,47
維羅妮,47
应许,47
无异,47
揭開,47
傷了,47
握个,47
看戏,47
创,47
洗车场,47
璼,47
庞培,47
难民营,47
卧房,47
李翔,47
覆轍,47
防毒面具,47
撮,47
斯密,47
看護,47
瑪農,47
绕道,47
十元,47
瑞普,47
莱基,47
亞州,47
下肚,47
脾脏,47
打官司,47
逆流而上,47
放声,47
鞭炮,47
愛心,47
塔塔,47
酒來,47
特姆,47
天内,47
参照,47
划分,47
準許,47
亞歷克,47
重做,47
觀光,47
钱能,47
如假包换,47
第二段,47
宾利,47
追悼,47
篮球队,47
诱导,47
裝彈,47
歌德,47
绑紧,47
黑桑,47
加起,47
行頭,47
對準,47
莉特,47
滿臉,47
滿嘴,47
兰特,47
说正经,47
时尚界,47
潛水,47
聯手,47
双塔,47
小酒馆,47
芹菜,47
還沒告訴,47
拥护者,47
砰砰,47
内核,47
打扫卫生,47
蔓延到,47
風趣,47
拿药,47
加拉加斯,47
路旁,47
及时行乐,47
艾农,47
医疗保险,47
罗拔,47
第一段,47
湍急,47
毁于一旦,47
打情骂俏,47
瓦里,47
氨基酸,47
风儿,47
旱季,47
修補,47
特派,47
卡普亚,47
鱼缸,47
请举手,47
過份,47
功力,47
钮钮,47
嘴上,47
震動,47
延續,47
候給,47
评分,47
猜疑,47
癌细胞,47
和服,47
市郊,47
芳名,47
那不关,47
裡奇,47
树敌,47
肯恩,47
礦,47
礼堂,47
籬笆,47
延長,47
來當,47
发霉,47
取个,47
箴言,47
床邊,47
学监,47
有见,47
斯黛拉,47
视作,47
租出去,47
租客,47
诺曼第,47
說要,47
瞎了眼,47
瞈,47
賽季,47
拉力,47
猛击,47
二货,47
诺丁汉,47
时效,47
抠门,47
迎來,47
縫合,47
更衣,47
分清,47
赣暗,47
我夢到,47
普利策,47
几场,47
不要命,47
拉姆斯,47
吉尼斯,47
好闻,47
火大,47
地心引力,47
没多大,47
你們還,47
渡轮,47
我取,47
火气,47
守護神,47
最牛,47
乔斯,47
臨終,47
最親,47
惊呆,47
酒會,47
打结,47
布立基,47
布瑞吉,47
何塞,47
管闲事,47
抛出,47
羽翼,47
折斷,47
千次,47
侵略性,47
峰顶,47
皮疹,47
铁山,47
低脂,47
警戒线,47
强迫症,47
惠顾,47
贝伊,47
进不来,47
真家伙,47
被装,47
布莱恩特,47
停学,47
辦公桌,47
翰尼,47
没看,47
六点半,47
买件,47
马甲,47
傾情,47
所指,47
上浮,47
遇,47
猪猡,47
摸清,47
迪劳丽丝,47
麥奎恩,47
大汗,47
炸毀,47
没落,47
只字不提,47
获益,47
哈皮,47
升降,47
就职,47
音像店,47
就業,47
足球赛,47
发电报,47
摇头丸,47
井井有条,47
小胖,47
小聲,47
波段,47
炰,47
托儿所,47
没种,47
投胎,47
不告,47
马格,47
捕鲸,47
希奇,47
夹心,47
停頓,47
波平斯,47
别放,47
剪头发,47
心里有数,47
禁閉室,47
擾,47
攢,47
不教,47
沉淀,47
开水,47
岂有此理,47
搜查证,47
事太多,47
靶心,47
觸摸,47
這節,47
邊的,47
弹弓,47
莫莫,47
莫頓,47
有間,47
壯觀,47
強硬,47
讶异,47
必將,47
信鸽,47
自立,47
不吸,47
逐一,47
盛典,47
相思,47
紧急状态,47
送過,47
阿爾瑪,47
投下,47
投向,47
从容,47
攥,47
退去,47
菜谱,47
流着,47
胖胖的,47
胖墩儿,47
异域,47
拖出来,47
弃船,47
張臉,47
売,47
這病,47
糕点,47
断开,47
荷恨,47
我弹,47
分公司,47
戴维森,47
我會將,47
科斯特,47
藕,47
禤,47
查下,47
桥段,47
帕森斯,47
体能,47
带去,47
小牛肉,47
埃柔,47
辱骂,47
辯護律師,47
年底,47
值夜班,47
用語,47
冰山一角,47
強多,47
玉玺,47
浩克,47
春梅,47
远大,47
闯祸,47
小皮,47
真討厭,47
止不住,47
太惡心,47
提纳尔,47
佛洛伊德,47
缰绳,47
静脉注射,47
处事,47
遇刺,47
忠贞,47
梅麗莎,47
长裤,47
明迪,47
埃里,47
比作,47
七成,47
预告片,47
勝出,47
恩爱,47
自卑,47
自毀,47
老尼,47
抓个,47
阿西,47
五周,47
掩,47
更会,47
倒胃口,47
维姬,47
破船,47
護身,47
破譯,47
朋,47
計師,47
異議,47
随手,47
干預,47
毫不在乎,47
闲事,47
老大哥,47
會照,47
怎能不,47
有余,47
喷嚏,47
发亮,47
表決,47
听候,47
鼓动,47
眾多,47
三十二,47
三十五,47
议程,47
既往不咎,47
莫斯利,47
碮,47
盧斯,47
焼,47
熔炉,47
明灯,47
前途无量,47
恨意,47
玛农,47
国人,47
教义,47
我欣賞,47
南北战争,47
坦纳,47
总以为,47
乘车,47
荧光,47
发挥作用,47
面板,47
機率,47
来场,47
良多,47
不輕,47
不费吹灰之力,47
海文,47
上花,47
暗黑,47
超酷,47
西利,47
原处,47
麻木不仁,47
压碎,47
夏佩,47
玛歌,47
寻回,47
不试,47
本壘,47
無意間,47
負,47
引來,47
錢伯斯,47
沃什,47
因涉嫌,47
层层,47
星号,47
貨真,47
斯伯格,47
红海,47
系上,47
雅加,47
帮倒忙,47
帮别人,47
麦奎恩,47
很严,47
肌肉男,47
跟踪器,47
资,47
贾種,47
贾钉,47
穴,47
往东,47
罗马帝国,47
境外,47
往來,47
密歐,47
戈特,47
隴,47
百分之九十,47
他变,47
艾姆斯,47
取走,47
镶,47
不禮貌,47
很久前,47
沒接,47
拆穿,47
我飞,47
我變,47
克拉斯,47
对视,47
陪伴着,47
下藥,47
亞哥,47
放点,47
娇小,46
葉子,46
阿兹卡班,46
能當,46
尼諾,46
起過,46
能容,46
碎裂,46
米德勒,46
竮,46
４,46
夏尔,46
拍张,46
變為,46
奢求,46
汤里,46
打发走,46
時常,46
登月舱,46
漢納森,46
巴甫洛娃,46
新罕,46
納爾遜,46
在建,46
格蕾,46
营销,46
裂縫,46
納努,46
草图,46
真地,46
小贩,46
愈发,46
聚一聚,46
可真会,46
膨脹,46
線人,46
稍早,46
黛拉,46
稺,46
稱拜,46
亚哥,46
机身,46
训练场,46
勤劳,46
弄懂,46
维密,46
变糟,46
无计可施,46
不计其数,46
食死徒,46
食宿,46
維特,46
争端,46
跳樓,46
布下,46
灌溉,46
想親,46
租赁,46
麦克劳,46
地契,46
想活,46
點麻煩,46
乱叫,46
乱伦,46
贵妇,46
白板,46
兩百,46
賽德,46
臚,46
利兰,46
魁北克,46
贝内特,46
问心无愧,46
查理斯,46
先想,46
傳單,46
第十五,46
玅,46
缩减,46
船帆,46
這枚,46
景仰,46
竖琴,46
普頓,46
这小,46
起头,46
邻居家,46
賽事,46
惡感,46
搖頭,46
真本事,46
真帥,46
阿屁,46
刚过,46
肉馅,46
肌膚,46
參賽者,46
会害,46
麥奇,46
最贵,46
炮塔,46
病理,46
情谊,46
灼热,46
雨季,46
令人信服,46
全国性,46
哪学,46
维克斯,46
珠宝店,46
珠穆朗玛峰,46
外地人,46
珍品,46
汇集,46
异族,46
鳍,46
缝针,46
玄野,46
飞回来,46
博博,46
安安,46
每座,46
真热,46
过点,46
兔女郎,46
进进出出,46
波羅,46
情意,46
波琳,46
嘀咕,46
悲觀,46
阴虱,46
而今,46
藍天,46
档案室,46
藍莓,46
會以,46
别干,46
醉人,46
弹片,46
壞蛋,46
獎章,46
无穷无尽,46
设在,46
无理,46
猫猫,46
归属,46
罗德岛,46
個面,46
逼不得已,46
射出,46
當兵,46
圣帕特里克,46
肠胃,46
格罗斯,46
歇息,46
好找,46
好多好多,46
討人,46
花兒,46
执法者,46
賈斯丁,46
恶鬼,46
恶性,46
荣恩,46
表述,46
摩瑞根,46
交界处,46
赴汤蹈火,46
出生日期,46
胯下,46
盟,46
浩劫,46
历险,46
内务,46
长进,46
比利时人,46
同学会,46
烂掉,46
肥大,46
坦率地,46
热舞,46
比奇,46
随风,46
公海,46
失调,46
系紧,46
吊销,46
坐立不安,46
振奋人心,46
五百块,46
帶回,46
大姨妈,46
晚班,46
洛莉,46
腦瘤,46
白金汉宫,46
返程,46
溢满,46
不能自拔,46
罗切斯特,46
二等,46
球鞋,46
奧創,46
开发商,46
寓言,46
一睹,46
比率,46
不孕,46
星体,46
一律,46
東京,46
埃尔文,46
怯懦,46
热忱,46
怪味,46
马吉,46
四十五分,46
源頭,46
尔塔,46
頭疼,46
肯做,46
新兴,46
李斗石,46
新奧爾良,46
戈林,46
刺中,46
事得,46
男厕所,46
离异,46
电话公司,46
电影节,46
幫過,46
毕毕,46
简讯,46
休止,46
事实真相,46
還蠻,46
多吃点,46
奧尼,46
一劫,46
廣闊,46
建筑工人,46
轻盈,46
舞团,46
拉丁美洲,46
餐車,46
形容词,46
常在,46
作恶,46
小房间,46
发大财,46
错综复杂,46
着凉,46
马克思主义,46
自小,46
送出,46
秀色可餐,46
染色体,46
半边,46
眼见,46
义气,46
乖乖女,46
定点,46
大卸八块,46
毛片,46
那类,46
橡皮筋,46
小寶寶,46
忳,46
幫得,46
独白,46
增多,46
绝种,46
有误,46
砍届,46
人上,46
青豆,46
罪孽深重,46
无拘无束,46
某种原因,46
攬,46
东岸,46
干點,46
里邊,46
我亲,46
字母表,46
要牌,46
工头,46
工作日,46
骨仔,46
尘世,46
参谋长,46
奧本,46
奧斯本,46
琐碎,46
週年,46
一条街,46
四轮,46
乌里,46
優惠,46
相手,46
尺码,46
黄泉,46
舍芬,46
详谈,46
谈不上,46
喝得,46
虚情假意,46
翻开,46
申明,46
認清,46
审计,46
宠物店,46
快派,46
休养,46
熊掌,46
宝盒,46
這就來,46
宝沃斯,46
平凡人,46
倪家,46
心聲,46
人妖,46
女高音,46
禁閉,46
來慶祝,46
谈及,46
봐,46
罗马诺,46
往下走,46
矿,46
主权,46
塞纳,46
加莱,46
署长,46
塔纳,46
动弹不得,46
哑,46
绘图,46
五十岁,46
衝動,46
黑影,46
同胞们,46
巔峰,46
妙计,46
印蒂雅,46
死亡率,46
精油,46
获释,46
东北部,46
埻,46
誠摯,46
來換,46
埸,46
小名,46
升华,46
无休止,46
心地善良,46
東邊,46
這么遠,46
所為,46
儲備,46
傻強,46
索要,46
哥儿们,46
璃,46
瑰,46
康涅狄格,46
十九岁,46
十三年,46
深愛的,46
出神,46
里约热内卢,46
越遠,46
浇水,46
胡狼,46
窯,46
笨腳,46
普瑞雅,46
渥,46
架势,46
創建,46
抛售,46
诺福克,46
辦公,46
幹過,46
辨认出,46
时辰,46
二个,46
翻云覆雨,46
爱喝,46
防線,46
图画,46
一元,46
云霄飞车,46
古柯,46
祁山,46
棒棒,46
蜕变,46
蜂鸟,46
環節,46
风波,46
给力,46
傑夫,46
饶舌歌,46
加特,46
连锁反应,46
四海,46
赢过,46
裸男,46
武馆,46
赫姆,46
促進,46
周先生,46
储蓄,46
家畜,46
办点,46
擦拭,46
检查员,46
這年頭,46
微量,46
生靈,46
不是太好,46
橋上,46
小儿科,46
十大,46
应验,46
水分子,46
瓢虫,46
不畏,46
盔,46
預知,46
这俩,46
乳,46
杜立德,46
盖尤斯,46
步步,46
这具,46
卸掉,46
盐湖城,46
采石场,46
邦政府,46
庆贺,46
闸,46
一千次,46
没伤,46
首映式,46
御津,46
得現,46
導,46
没准儿,46
功,46
盆栽,46
喀布尔,46
亲密关系,46
過上,46
丹宁,46
报销,46
諸位,46
吓一跳,46
粗野,46
宽阔,46
抵擋,46
特餐,46
氧化,46
辛妮,46
徒刑,46
致力,46
省事,46
五五分,46
容易接受,46
塑造成,46
瓶颈,46
雙面,46
甘草,46
鎮長,46
徒步旅行,46
瓦尼亚,46
专栏作家,46
下凡,46
四级,46
窃窃私语,46
我忍,46
添麻煩,46
ح,46
依法,46
能照,46
我面,46
海牛,46
正站,46
能以,46
交叉口,46
遺書,46
能手,46
束手,46
原型机,46
起哄,46
鞭策,46
在所不惜,46
最会,46
潦,46
和威尔,46
卡波,46
觀,46
伦比,46
依荻,46
海地,46
正为,45
累人,45
来复枪,45
直立,45
提成,45
相依为命,45
西北部,45
队列,45
三军,45
夏琳,45
飞离,45
玛鲁,45
玛琳,45
不賣,45
编程,45
拉金,45
入门,45
门槛,45
奥兹国,45
莫拉莱,45
愛到,45
败,45
發個,45
援,45
修道,45
十步,45
霸道,45
妻兒,45
库里,45
趕路,45
亞特蘭大,45
氰化钾,45
专程,45
威猛,45
威武,45
四杯,45
清潔工,45
政府部门,45
漫威,45
打岔,45
澆,45
泰雅,45
路西,45
两腿,45
慕容,45
顯,45
敬请,45
漆黑一片,45
孤岛,45
放心好了,45
第二部,45
龄,45
毀壞,45
亚科,45
说客,45
領事館,45
辛迪加,45
鎮定劑,45
輩,45
饿肚子,45
发表声明,45
神是,45
厩策,45
他講,45
宽度,45
談起,45
善行,45
家鄉,45
叔父,45
入座,45
放手一搏,45
双唇,45
稱贊,45
學監,45
迎刃而解,45
机库,45
贡品,45
它关,45
它現,45
變異,45
撕下,45
唐斯,45
阿拉斯加州,45
結賬,45
杜威,45
卵蛋,45
步驟,45
序列号,45
无可奈何,45
鱼群,45
修饰,45
多錢,45
三四,45
不測,45
塔布,45
二十八,45
牦牛,45
伎,45
诸脑,45
迵,45
弄碎,45
汉特,45
雌雄,45
声张,45
張嘴,45
珊卓,45
想表達,45
聚首,45
火燒,45
积雪,45
美方,45
危机四伏,45
隶属于,45
武功,45
神气,45
那枪,45
生存之道,45
检方,45
牙套,45
你聞,45
小卢,45
軟體,45
有戏,45
瓦利,45
天日,45
牽連,45
取名字,45
打滑,45
守望,45
交错,45
两层,45
打杂,45
噴嚏,45
泰倫斯,45
妇产科,45
之花,45
之罪,45
火藥,45
会有,45
大选,45
視為,45
白玫瑰,45
白種,45
替人,45
贵国,45
洗車,45
有機,45
哗,45
极乐,45
那书,45
喘口氣,45
风流韵事,45
追得,45
舆论,45
铁杆,45
抢钱,45
赡养费,45
便盆,45
賽場,45
還順利,45
保持中立,45
卡卡,45
布罗德,45
門前,45
泥泞,45
布洛,45
利夫,45
除夕夜,45
債券,45
入场券,45
现行,45
高出,45
外有,45
房間裡,45
采取任何,45
創生,45
附体,45
颤,45
派別,45
創造者,45
莉迪亞,45
走火入魔,45
加长,45
黑死病,45
夜行,45
戳穿,45
静默,45
佛蒙特,45
真挚,45
里特,45
全杀,45
盤旋,45
新歌,45
一船,45
咒骂,45
标,45
杂货,45
斯威特,45
创造性,45
创世,45
重操旧业,45
新片,45
亲友,45
這么近,45
防衛,45
小动作,45
睡魔,45
赞叹,45
渔网,45
圍成,45
雪諾,45
斩首,45
水泡,45
太熱,45
做下,45
之箱,45
索菲婭,45
圍繞,45
出远门,45
浑球,45
无意识,45
情况紧急,45
麥金,45
炉,45
新意,45
布達,45
顺眼,45
布萊德,45
每夜,45
解放军,45
賬號,45
和蔼,45
捧场,45
耶利米,45
灾祸,45
戴托纳,45
出洋相,45
维加,45
嘔吐,45
崽子,45
游侠,45
胆识,45
手写,45
城裡,45
夜幕降临,45
茫然,45
先过,45
先過,45
纹理,45
六条,45
創造力,45
羱,45
旗舰,45
同謀,45
民用,45
五十元,45
爱情鸟,45
心配,45
爬上来,45
幸虧,45
螺栓,45
磣,45
轻信,45
缠绕,45
二把手,45
秘,45
玉,45
拖垮,45
顺带,45
隔离区,45
点滴,45
失职,45
博彩,45
过段时间,45
很乖,45
十五个,45
作好,45
青草,45
哈威,45
镣铐,45
非礼,45
休伯特,45
不明朗,45
史萊克,45
精神状态,45
我列,45
的親,45
心境,45
割腕,45
坐上去,45
坏女孩,45
袜队,45
托克,45
托爾,45
送貨,45
希伯来人,45
違規,45
耐克,45
扣好,45
毒剂,45
捐助,45
銷量,45
开朗,45
林区,45
獵手,45
罗伯托,45
罕有,45
谈些,45
昌蓋茲,45
有型,45
剧毒,45
燕麦,45
由不得,45
头领,45
號機,45
心血来潮,45
狗儿,45
古城,45
谈妥,45
驅使,45
匪夷所思,45
唱反调,45
帕瓦蒂,45
克莱因,45
艺术作品,45
滅,45
保單,45
他朝,45
手藝,45
蒙特利,45
放生,45
蒙特卡洛,45
孟加拉,45
透视,45
曠野,45
西莉亞,45
口述,45
下厨,45
體現,45
萬年,45
褪,45
相應,45
退掉,45
丽娜,45
喝够,45
盛行,45
大不如前,45
事项,45
把持,45
谦逊,45
大度,45
少将,45
看报,45
歇会儿,45
烤饼,45
烦透了,45
烦扰,45
菲佛瑞,45
挽,45
討人厭,45
嘆,45
闯荡,45
论坛,45
许许多多,45
重重地,45
賈許,45
远走,45
多家,45
鲍姆,45
独家新闻,45
独子,45
早知,45
子宮,45
梅花,45
挑釁,45
這怎麼,45
鲁格,45
史帝夫,45
接任,45
空警,45
切尼,45
史都华,45
擁擠,45
琦,45
看人,45
裝進,45
淚水,45
极有,45
受辱,45
預告,45
議長,45
破绽,45
藥劑,45
離譜,45
此等,45
推断出,45
马尔福,45
挺棒,45
喷粉,45
扬声器,45
含意,45
锐利,45
电工,45
麓,45
体液,45
快报,45
前院,45
摄氏,45
拉伸,45
乡村音乐,45
前死,45
砱,45
努希塔,45
七歲,45
毒瘤,45
红发,45
红仔,45
桴,45
档案馆,45
老鼠屎,45
桥下,45
科山,45
當事,45
本钱,45
卖房子,45
買到,45
骇人,45
見解,45
老远,45
失踪案,45
完成使命,45
老金,45
不蠢,45
评审,45
老妹,45
不得好死,45
补贴,45
猂,45
彭杰利,45
五星,45
针刺,45
常年,45
油彩,45
酬勞,45
送去,45
眾所,45
小早,45
小星星,45
伽利略,45
热吻,45
老鬼,45
洛梅,45
怨气,45
跑車,45
圣代,45
股掌,45
雪山,45
晕头转向,45
畖,45
猎捕,45
壓住,45
罗宾斯,45
口头,45
頻繁,45
领到,45
事时,45
比薩,45
阿諾德,45
蘭堡,45
急著,45
華達,45
宗,45
道义,45
破坏性,45
私立学校,45
协奏曲,45
察,45
朝思暮想,45
日語,45
不開心,45
不麻煩,45
车房,45
楞,45
播音员,45
拜倒,45
匠,45
籥,45
扶好,45
梅休,45
眼眸,45
性伴侣,45
急救员,45
农村,45
無刻,45
制片厂,45
热气,45
小标,45
断腿,45
焗,45
自救,45
然後再,45
几何,45
梅丽尔,45
还开,45
重啟,45
大阪,45
难逃一死,45
單身漢,45
闭眼,45
卫星电话,45
确有,45
相匹配,45
尼泊尔,45
高墙,45
朗妮,45
服藥,45
哺乳,45
克林特,45
硬漢,45
더,45
阿加,45
葉師傅,45
威尼,45
威严,45
回過,45
玛琳菲森,45
消費,45
复发,45
拍些,45
我願,45
提个醒,45
校方,45
威斯康星州,45
提個,45
西方人,45
這不過,45
回头路,45
吃过饭,45
泽拉,45
逃课,45
及格,45
驳船,45
鬼主意,45
厕纸,45
邁出,45
趁著,45
这挺,45
两端,45
一大跳,45
上苍,44
凯萨琳,44
直率,44
判他,44
会爱上,44
潑,44
麦卡,44
见证人,44
兩顆,44
故土,44
政坛,44
在位,44
最合適,44
柯尔,44
那扇,44
這船,44
龍哥,44
伸张,44
伸向,44
有槍,44
得太早,44
瓦姆,44
奋起,44
丹妮丝,44
領導人,44
第二轮,44
驾驶室,44
发车,44
长生不老,44
就將,44
一字不差,44
这事会,44
说笑话,44
風雨,44
비,44
理发店,44
錶,44
艾力冈,44
警务,44
继任者,44
偷車,44
宏大,44
大吉,44
鸚鵡,44
载人,44
審理,44
防弹背心,44
啄木鸟,44
车行,44
拣,44
当红,44
許個,44
許應,44
許可證,44
迷行,44
有船,44
還沒想,44
實時,44
飛逝,44
凑齐,44
洪熙官,44
自問,44
速,44
法兰克福,44
垂涎,44
面談,44
咽下去,44
前到,44
性事,44
官邸,44
眼部,44
前厅,44
搭救,44
华盛顿州,44
照张,44
丟給,44
两三天,44
星人,44
卑贱,44
藥嗎,44
叮叮,44
达特,44
烙,44
近海,44
探訪,44
争取时间,44
你換,44
蒋,44
芭拉,44
减去,44
赔偿金,44
畅游,44
送葬,44
简易,44
關頭,44
领取,44
五年级,44
离子,44
蘇西,44
研究者,44
研究院,44
努克,44
砌,44
也罢,44
着魔,44
豐厚,44
油畫,44
邱吉尔,44
默罕,44
体育老师,44
計,44
带上来,44
二十六,44
影印,44
破布,44
发出声音,44
收紧,44
乗,44
热血,44
法瑞爾,44
下限,44
應驗,44
巨响,44
免谈,44
椅背,44
狭小,44
拉吉,44
沒人來,44
拉撒,44
劳作,44
猜不透,44
奔流,44
獸醫,44
一比,44
看什麼,44
歌珊地,44
禭,44
成堆,44
團團轉,44
压根儿,44
我爱上,44
展会,44
立陶宛,44
價實,44
立体,44
淡化,44
浪人,44
大展身手,44
同位素,44
大屋,44
烟枪,44
這可真,44
傳話,44
紧要,44
山脈,44
部手机,44
闲人,44
霍拉斯,44
听不进去,44
雜志上,44
同心协力,44
老化,44
象鸟,44
虎鲸,44
半島,44
明尼苏达州,44
退款,44
长路,44
驚嘆,44
下半生,44
窝里,44
烤鸡,44
當今,44
少管所,44
铺床,44
史帝,44
嚴格來,44
快醒,44
三点钟,44
三重唱,44
锅炉,44
反抗军,44
而別,44
坏透,44
假死,44
疏漏,44
言论自由,44
我们仨,44
技,44
领悟到,44
撰写,44
狱友,44
瑞利,44
問吧,44
錦,44
待過,44
抽血,44
擅离职守,44
五大,44
谢绝,44
老太,44
埃爾維斯,44
不散,44
吐槽,44
价码,44
彈琴,44
開飯,44
讲课,44
强求,44
不觉,44
唱歌跳舞,44
贾似道,44
刚出生,44
骇人听闻,44
喷漆,44
不太對,44
恩恩,44
冰封,44
听点,44
褓,44
水疗,44
媲美,44
零分,44
廚,44
满心,44
俄勒冈,44
滑油,44
三起,44
頭目,44
第一幕,44
的貨,44
不放過,44
心仪,44
阿尔贝托,44
奇曼,44
藍圖,44
两具,44
体形,44
不哭,44
為國,44
耐特,44
坎伯,44
托斯卡纳,44
值不值得,44
熱線,44
随行,44
米其林,44
于事无补,44
保险丝,44
言听计从,44
数百年,44
三根,44
燕子,44
喝喝,44
基的,44
克鲁斯,44
再起,44
冒汗,44
有劳,44
轻抚,44
拖欠,44
外泄,44
兴许,44
心狠手辣,44
辯解,44
大三,44
陀螺,44
小紅,44
朱庇特,44
悦耳,44
萊基,44
之巅,44
科茨,44
桑拿,44
声波,44
祈福,44
奧菲莉亞,44
情报机构,44
失禁,44
糾紛,44
小精靈,44
好榜样,44
荒诞,44
民意,44
语无伦次,44
運到,44
闹翻,44
摩菲,44
该用,44
行医,44
为国,44
我杯,44
国籍,44
康涅狄格州,44
右眼,44
突发事件,44
突围,44
斗嘴,44
羞于,44
打進,44
占米,44
换下,44
耣,44
手软,44
击球手,44
击出,44
婚紗,44
正上方,44
珠儿,44
二是,44
最高分,44
是場,44
最長,44
保持平衡,44
萊德,44
艾美奖,44
吹气,44
索提,44
太狠,44
升龙,44
湖上,44
全開,44
哪行,44
美餐,44
堆满,44
组织者,44
所行,44
所願,44
擲,44
害得,44
家喻户晓,44
涌向,44
混为一谈,44
黑漆漆,44
夜魔奶,44
但會,44
翻修,44
生蛋,44
辦好,44
賽人,44
西洋,44
監測,44
立足,44
戰車,44
涂满,44
暴虐,44
暴跌,44
德維恩,44
幸免于难,44
欲仙欲死,44
大醉,44
人時,44
亚里士多德,44
散会,44
新生儿,44
侵襲,44
普洛斯,44
派系,44
了不得,44
女同性恋,44
脱颖而出,44
分寸,44
全人類,44
薯仔,44
刪掉,44
泥狗队,44
維奇,44
保育,44
利害,44
我僅,44
圓圈,44
珍珠港,44
不識,44
食人魔,44
租用,44
双双,44
掃地,44
掃碼,44
过问,44
刀叉,44
胓,44
給一個,44
絢,44
吻痕,44
砸开,44
封路,44
破肚,44
頑強,44
專利,44
德怀特,44
劇場,44
京城,44
诺德,44
끼,44
幽会,44
跳船,44
打法,44
会查,44
打草惊蛇,44
佩德罗,44
守时,44
负担得起,44
瓦列莉,44
古斯達夫,44
寄養,44
打击犯罪,44
真不該,44
标牌,44
穷追不舍,44
妇,44
大號,44
连连,44
날,44
京都,44
美言,44
美腿,44
開船,44
共同之处,44
陷落,44
奥布莱恩,44
這扇門,44
变通,44
多达,44
牢不可破,44
诵读,44
美國隊,44
橄榄油,44
是麼,44
泰坦尼克号,44
沃爾,44
王老五,44
王爷,44
外国佬,44
无精打采,44
變性,44
母猪,44
两点钟,44
观众席,44
還叫,44
惹出,44
維琪,44
职责所在,44
地标,44
织,44
诺比,44
敵意,44
過幾天,44
检疫,44
偏離,44
掉包,44
两清,44
运往,44
蓄势待发,44
格调,44
这顿,44
洗澡水,44
場上,44
街常,44
街邊,44
桅杆,44
马驹,44
惹祸上身,44
移位,44
逆向,44
学问,44
卡文迪许,44
好麼,44
西門,44
闪闪,44
响声,44
后妈,44
玛塔,44
讯,44
变戏法,44
電視劇,44
夜不能寐,44
堵車,44
多美,44
兰妮,44
护着,44
多給,44
特修斯,44
监工,44
沃頓,44
勘测,44
撒木齐,44
硬化,44
外交政策,44
鄧巴,44
维拉特,44
顛簸,44
時不時,44
打小报告,44
巴托克,44
巴斯蒂安,44
入骨,44
搅乱,44
地为,44
二氧化硫,44
兰登,44
多管,44
应征,44
特厚,44
家庭暴力,44
雙腳,44
鎖門,44
鏟子,44
媽有,44
妳们,44
背痛,44
背离,44
鸟巢,44
拼死,44
窜,44
经济舱,44
單單,44
垒,44
無損,44
减慢,44
要親,44
索伦,44
新建,44
老毛病,44
二百万,44
戒备森严,44
倔,44
哺育,44
引人,44
尼里,44
刑事法庭,44
重大突破,44
吃香,44
服下,44
后路,44
我立,44
具体情况,44
西南方,44
包好,44
哭鼻子,44
鬼佬,44
扒手,44
麻袋,44
那太糟,44
传道,44
上鎖,44
ب,44
阿吉,44
著称,43
回辦,43
這一帶,43
童,43
良宵,43
人会来,43
碈,43
撒木齊,43
对得起,43
海丝特,43
起重机,43
凶徒,43
西克,43
提心吊胆,43
一头雾水,43
尽责,43
超群,43
凯萨,43
苏小黛,43
戴奇,43
回城,43
仅次于,43
套间,43
王尔德,43
船体,43
寵壞,43
撞擊,43
汇报情况,43
乱撞,43
原点,43
相安无事,43
太多事,43
斯特罗,43
里查,43
交汇,43
唾手可得,43
奥达,43
强加,43
拖出去,43
北半球,43
珞小娘,43
异,43
外语,43
拖船,43
哪樣,43
班長,43
使用暴力,43
勃透德,43
鲜明,43
玄武岩,43
弹匣,43
会花,43
准圓,43
鬼门关,43
灭掉,43
马贼,43
佩奇,43
佩佩,43
真实性,43
漏油,43
已過,43
运动衫,43
綡,43
卡蜜兒,43
标志性,43
之翼,43
季后赛,43
膠,43
搅拌机,43
交響,43
八小时,43
规格,43
掉入,43
瘦身,43
灌满,43
意象,43
學期,43
蕴藏,43
짜,43
观光客,43
机组,43
障碍物,43
意中,43
那肯,43
痔疮,43
灵巧,43
賽勒,43
萊斯莉,43
每句,43
臣服,43
伸过来,43
新秀,43
手裡,43
肖像画,43
创下,43
四五,43
斯尼克,43
太辣,43
搗亂,43
痰,43
新鞋,43
痙帝,43
火花塞,43
踏实,43
耶維奇,43
一言难尽,43
掠过,43
改用,43
可愛啊,43
雾气,43
薄餅,43
逃不过,43
桌旁,43
波音,43
還錢,43
悠著點,43
魂魄,43
别死,43
烏達,43
恐吓信,43
烤牛肉,43
挽留,43
當事人,43
放箭,43
晉級,43
圣特鲁,43
慶幸,43
肚子疼,43
人类文明,43
衬,43
衰败,43
阴阳,43
當有,43
触发器,43
解锁,43
方休,43
韦斯,43
字面上,43
充满热情,43
扔回,43
革命者,43
搞些,43
一堂课,43
繁榮,43
可取,43
安在,43
科摩,43
四到,43
比舍,43
本婷,43
施壓,43
总归,43
性行,43
老规矩,43
收尸,43
保護者,43
坦诚相待,43
不失,43
马尔文,43
巨蟒,43
第三位,43
雪器,43
四万,43
别谈,43
霍夫,43
小洞,43
反駁,43
隔开,43
隐姓埋名,43
保龄,43
烫伤,43
黙,43
科历亚,43
科克斯,43
公敌,43
纕,43
大屏幕,43
同台,43
会伤,43
画上,43
华氏度,43
私立,43
你傷,43
則是,43
节车厢,43
定价,43
油脂,43
优惠券,43
优待,43
军服,43
蘭伯特,43
画里,43
許現,43
男高音,43
詐騙,43
切頓,43
溜进去,43
四十岁,43
圖表,43
太空舱,43
源源不断,43
几份,43
太空站,43
头等,43
杰弗瑞,43
中饭,43
买过,43
一并,43
許它,43
三秒钟,43
刺骨,43
随波逐流,43
实地,43
福祉,43
熱門,43
谨记,43
黑鹰,43
人好,43
艾蜜莉,43
妈来,43
敢死队,43
成就感,43
游得,43
我交,43
半夜三更,43
哈丁,43
节肢动物,43
电磁,43
叫唤,43
蘿絲,43
快生了,43
中式,43
看台,43
皑而,43
史帝芬,43
油腻,43
五步,43
常識,43
煎蛋卷,43
酬,43
老婆婆,43
幫助別,43
機車,43
妄動,43
第三只,43
树冠,43
露琪,43
夾在,43
誕節,43
耀斑,43
執著,43
一阵风,43
李奥,43
印象派,43
全责,43
巡官,43
嬉,43
雷蒙達,43
雷蒙达,43
并不认为,43
黑心,43
调解,43
昆蟲,43
胃痛,43
赖尔,43
骗术,43
湖区,43
毫無價值,43
驅魔,43
驅動,43
습,43
平日,43
禍首,43
攀爬,43
爪哇,43
開家,43
傻冒,43
圍裙,43
蛁,43
堪薩,43
亲嘴,43
德索托,43
再花,43
宣示,43
斯是,43
斯敦,43
索菲亞,43
新专辑,43
一大家子,43
一家之主,43
歧途,43
大不列颠,43
六百万,43
哈斯特,43
获悉,43
先鋒,43
先輩,43
光合作用,43
禁欲,43
心肝宝贝,43
金手指,43
爱会,43
昌盖兹,43
馴服,43
没查,43
没死,43
指挥权,43
吓傻,43
德格,43
金洁,43
没少,43
未完待续,43
辣酱,43
風光,43
生機,43
丽达,43
我后,43
危难,43
分不出,43
脱险,43
國旗,43
場地,43
追缉,43
風度,43
终日,43
颤动,43
爷们儿,43
三支,43
女权,43
宴,43
擤,43
松懈,43
東西會,43
克里斯多佛,43
摇椅,43
斤,43
没犯,43
心有,43
心有灵犀,43
窝囊,43
妮基,43
雪白,43
专职,43
报废,43
輸家,43
선,43
加利利,43
长笛,43
美国空军,43
说胡话,43
一課,43
何苦,43
根除,43
史黛菲,43
所到之处,43
氣概,43
请勿打扰,43
功成名就,43
兰姆,43
艾滋病毒,43
誹謗,43
幾只,43
床头柜,43
郭,43
神童,43
神来,43
這幫人,43
美滿,43
五元,43
力图,43
细说,43
短篇,43
绒毛,43
应用科学,43
很遠,43
很辣,43
犯了罪,43
沒離,43
轉意,43
清泉,43
清洁剂,43
英國隊,43
监控器,43
佩查,43
这么一来,43
要事,43
預警,43
對岸,43
瓦德,43
瓦察,43
金牙,43
陈太太,43
得利,43
塔木德,43
俯视,43
瓦西里,43
光彩照人,43
主观,43
문,43
加盟,43
向導,43
横向,43
行礼,43
拳脚,43
废料,43
瑪歌,43
误差,43
语调,43
加进,43
饮水,43
抽干,43
吹毛求疵,43
普林斯顿大学,43
走不动,43
伯恩斯,43
击沉,43
侯,43
名氏,43
艾尔文,43
操死,43
操场上,43
擊落,43
祁,43
바,43
互動,43
克羅,43
短跑,43
很渴,43
旯,43
早班,43
时侯,43
女人味,43
開端,43
諾爾瑪,43
雏菊,43
共鳴,43
礼拜六,43
口技,43
云梯,43
舒伯特,43
独家报道,43
血肉之躯,43
砍倒,43
就餐,43
全盤,43
推行,43
一条龙,43
曲奇饼,43
几遍,43
莱什,43
週六,43
擅于,43
饒爵,43
征途,43
深重,43
流鼻血,43
这烂,43
一走,43
褪去,43
多才多艺,43
標誌,43
为伍,43
水深火热,43
莱茵,43
富婆,43
蜡笔,43
奧運會,43
为重,43
永无止境,43
永垂不朽,43
艾丽卡,43
勒令,43
鉛,43
一千五百,43
开明,43
太安静,43
液态,43
亢,43
這不對,43
婚約,43
核电站,43
合不来,43
獵狗,43
低能儿,43
楊瞳,43
磐,43
磐石,43
掩人耳目,43
推车,43
天要,43
停一停,43
砒霜,43
影业,43
來來,43
沒完,43
鈴聲,43
轻蔑,43
配给,43
陰性,43
海爾格,43
暴力事件,43
脑瓜,43
高挑,43
他贏,43
阿克巴,43
你求,43
巴伦,43
這不僅僅,43
涉案,43
屋外,43
太假,43
供水,43
阿呆,43
回娘家,43
阿努,43
环形,43
主体,43
這本來,43
籸,43
拒绝接受,43
拍个,43
弗蘭基,43
仁科,43
他些,43
寶座,43
一关,43
錘子,43
变弱,43
船闸,43
张力,43
拋,43
欧米加,43
吸毒者,43
納德,43
数以千计,43
之林,43
激增,43
愈演愈烈,43
傷員,43
愛我們,43
保护费,43
残缺,43
苟延残喘,43
阻攔,43
門票,43
如意郎君,43
醫,43
会活,43
打包票,43
意指,43
一顿饭,43
顯眼,43
巴茲,43
苔絲,43
登錄,43
排序,43
排在,43
殘骸,43
钻孔,43
小面包,43
双子,43
愛麗兒,43
別亂動,43
著來,42
拉伤,42
沒什,42
能幫,42
各家,42
威龙,42
吃水果,42
独行侠,42
配套,42
沒回,42
舞姿,42
舞廳,42
影帶,42
餡,42
不笑,42
光波,42
有烟,42
彭宁顿,42
配角,42
猜错,42
麦肯齐,42
斯科菲尔德,42
天蝎,42
天蝎座,42
英美,42
条件反射,42
正有此意,42
全殺,42
难懂,42
中子,42
提款机,42
全名是,42
全毁,42
暴走,42
出彩,42
展望,42
盡興,42
內華達州,42
淘气鬼,42
淘金,42
围城,42
深刻印象,42
歡節,42
竄,42
司寇,42
淏,42
笔下,42
阿包,42
沒子彈,42
劳动节,42
礘,42
名词,42
舒舒服服,42
偷過,42
棚里,42
迷迷糊糊,42
密钥,42
祝你幸福,42
沒發現,42
磨练,42
二級,42
猿类,42
猽,42
日文,42
长得帅,42
傅先生,42
主張,42
叠,42
極好,42
拉肚子,42
拉纳,42
實踐,42
閣,42
彈道,42
主是,42
走秀,42
裡有,42
領頭,42
歸于,42
婬,42
侩,42
遲點,42
混进去,42
出頭,42
厂房,42
交个,42
浆糊,42
中将,42
告辭,42
斯諾,42
杜勒斯,42
监牢,42
塞拉斯,42
還沒見,42
拉芬,42
加爾,42
轉播,42
個子,42
렇,42
張紙,42
陣營,42
拉蒙德,42
蟹肉,42
奥格,42
這書,42
米加,42
랑,42
天作之合,42
插队,42
補救,42
接一個,42
印度尼西亚,42
萬元,42
妮塔,42
刁难,42
周后,42
流產,42
始祖,42
接線員,42
难事,42
铁定,42
轉了,42
抹香鲸,42
很怕,42
興起,42
长夜,42
這幾年,42
致富,42
三大,42
물,42
光景,42
飞车,42
份额,42
玩点,42
勝算,42
变性,42
这花,42
百分之二十,42
兩家,42
要选,42
脱胎换骨,42
便服,42
清道夫,42
赞颂,42
雷森,42
雷暴,42
窄,42
亡命,42
脱手,42
印度教,42
歸屬,42
要成,42
苦楚,42
伍兹,42
修車,42
塔拉哈西,42
一百多,42
蛊惑,42
蛋壳,42
说话算话,42
美国陆军,42
防爆,42
備,42
鄰,42
拍过,42
迪迪埃,42
哭闹,42
倒霉事,42
人敢,42
做飯,42
太贊,42
新版,42
几口,42
白头偕老,42
突起,42
所长,42
雷电,42
高管,42
普兰,42
百夫长,42
左拐,42
頭頭,42
頭骨,42
輕微,42
请回到,42
迫切需要,42
這年紀,42
살,42
江原,42
玴,42
牛角,42
外來,42
哪門子,42
软骨,42
腦,42
晒黑,42
溜溜,42
雪兒,42
史东蜜,42
放牧,42
格瓦拉,42
空房,42
切人,42
手印,42
殆盡,42
第一节,42
我为,42
五人,42
報案,42
德安,42
抠,42
血浆,42
榴莲,42
擦肩而过,42
酒钱,42
德爾,42
神锤,42
金潔,42
片場,42
德拉斯,42
鲱鱼,42
現出,42
三尺,42
槲寄生,42
变冷,42
黑皮,42
失态,42
机油,42
顯著,42
斯塔斯,42
运输机,42
排箫,42
維京人,42
新欢,42
搖籃,42
巴士底,42
偏执狂,42
偉人,42
肚脐,42
费解,42
洛文,42
卡米尔,42
堂弟,42
基顿,42
宫里,42
获得胜利,42
投石机,42
心上,42
不救,42
球館,42
多云,42
心理咨询,42
拚命,42
理工,42
禁用,42
投影,42
剧社,42
爛醉,42
算术,42
管住,42
爆菊,42
霞,42
喝过,42
埋没,42
调查报告,42
謝意,42
奶粉,42
燒焦,42
卡娜,42
緩,42
新进展,42
代表性,42
慘劇,42
小贼,42
裁掉,42
进入状态,42
那匹馬,42
萨奇,42
萨克斯风,42
憑空,42
苏拉,42
放縱,42
史丹利,42
拧断,42
陰險,42
共进,42
艾克斯,42
绝世,42
騷亂,42
슨,42
五塊,42
休息日,42
也將,42
抓伤,42
車位,42
燈塔,42
埃里克森,42
多样,42
璀璨,42
叫外卖,42
宝琳,42
聽聞,42
漢弗萊斯,42
愛普莉爾,42
一万五千,42
贴切,42
蓖麻,42
遣散,42
净空,42
上取,42
贪得无厌,42
贸然,42
贴近,42
贵客,42
吉塔,42
跨過,42
卡帕,42
市议会,42
大美人,42
结果显示,42
艾尔依伯,42
多姆,42
废柴,42
多放,42
风味,42
庫曼,42
松香,42
他动,42
精于,42
奉献给,42
專訪,42
镊子,42
十八个,42
取勝,42
專注于,42
短暫,42
克萊格,42
這篇,42
欢,42
过手,42
每张,42
疲,42
布查曼,42
花销,42
袒护,42
小生意,42
和諧,42
令人敬畏,42
布萊特,42
鬃毛,42
搜到,42
小群,42
小艇,42
昏头,42
前首相,42
剖开,42
风浪,42
庞然大物,42
奶奶家,42
瓷砖,42
風速,42
广大,42
库萨,42
諦,42
辛勤,42
贡,42
泰欧,42
惶恐,42
札克,42
濟慈,42
学识,42
愚人,42
前两天,42
有伤,42
煩人,42
亮度,42
柔情,42
离合器,42
老妇,42
千五,42
生日会,42
無謂,42
量子力学,42
行贿,42
序曲,42
樹葉,42
广,42
公社,42
失意,42
顾忌,42
希特,42
过客,42
眼中钉,42
比厄秀,42
希尔德,42
咕噜,42
當心點,42
當家,42
健将,42
眨眼睛,42
令郎,42
找条,42
泊车,42
行駛,42
酷刑,42
刺儿头,42
简妮,42
無妨,42
達倫,42
焕发,42
焖,42
桿,42
热死,42
克里尔,42
風箏,42
鸳鸯,42
辫子,42
六年级,42
纸币,42
吓死人,42
睡过去,42
发色,42
纽瓦克,42
指指点点,42
升入,42
发病,42
听著,42
大婶,42
檯,42
贝塔,42
井里,42
惨案,42
保留地,42
想做到,42
當人們,42
稀薄,42
乔妮,42
坚韧,42
考玛尔,42
冥府,42
坚挺,42
热能,42
半兽人,42
阿特金,42
一线希望,42
夺命,42
连篇,42
安特,42
优良,42
甲壳虫,42
万万,42
东欧,42
克雷文,42
用言語,42
甭想,42
甲胺,42
连在一起,42
哈利斯,42
挣点,42
情色,42
情绪低落,42
波纳,42
耳塞,42
那盘,42
安乐死,42
桑切斯,42
冲昏,42
惟一,42
本性难移,42
振,42
单凭,42
五萬,42
末期,42
這瓶,42
這當然,42
黑旋风,42
坐落,42
科汀,42
点餐,42
耍嘴皮子,42
烂醉如泥,42
干细胞,42
干干净净,42
体格,42
毛钱,42
糖霜,42
搶劫案,42
大卖,42
托盘,42
坐公车,42
坏东西,42
托拉斯,42
搽,42
衣领,42
桑普森,42
别别,42
别唱,42
踢开,42
保险套,42
佷,42
還聽,42
之大,42
筆錄,42
炒饭,42
常驻,42
許要,42
华金,42
提摩西,42
人現,42
頂樓,42
他选,42
中世紀,42
尾声,42
累得,42
相互作用,42
還不賴,42
里子,42
海角,42
我遇,42
目瞪口呆,42
战犯,42
超贊,42
里外,42
趁機,42
選項,42
阿列克,42
出产,42
戰死,42
浮桶,42
浮冰,42
涂鴉,42
凯尼恩,42
雷切爾,42
出勤,42
起得,42
脑门,42
核反应堆,42
海絲特,42
战列舰,42
救生船,42
回心,42
回紐,42
战斗力,42
凯查,42
姿,41
依恋,41
下会,41
凡尔登,41
脚跟,41
涨潮,41
他试,41
插管,41
岱,41
皱,41
天长地久,41
盗版,41
萬里,41
交回,41
高校,41
儀,41
我無能,41
赵,41
椅上,41
狼吞虎咽,41
人造卫星,41
迷离,41
作案动机,41
寝,41
正道,41
推銷員,41
擅,41
祐,41
动手动脚,41
早死,41
번,41
冇,41
舒展,41
亲身经历,41
达米,41
带队,41
泥狗隊,41
雪上加霜,41
惡性,41
惊天,41
灰塵,41
耙子,41
冰柜,41
賈斯帕,41
春梦,41
波利斯,41
夹板,41
小柯,41
六七,41
比約,41
七年级,41
哈利波,41
毛球,41
本世纪,41
旁观,41
先天,41
查基,41
敲击,41
攸关,41
先后,41
悬浮,41
冲击力,41
悬念,41
发廊,41
东南部,41
機遇,41
음,41
别致,41
貼身,41
費爾,41
烤炉,41
恨透,41
精神分裂症,41
够快,41
之命,41
科尔德,41
之争,41
查不出,41
好战,41
自個,41
科尼,41
法蒂玛,41
用脚,41
毫無意,41
事里,41
电器,41
领教,41
业界,41
平整,41
六只,41
眼見,41
小憩,41
健谈,41
干上,41
电风扇,41
针孔,41
用車,41
用血,41
地洞,41
第十四,41
泰晤士报,41
联网,41
贗品,41
守旧,41
惯犯,41
泪痕,41
蹦出来,41
法治,41
衛隊,41
帕沙,41
稍作,41
萝拉,41
瀬,41
火刑,41
考瑪爾,41
坚尼,41
柚木,41
敲敲,41
藥丸,41
貪心,41
還幫,41
買票,41
哈尼,41
艾许,41
断电,41
并不多,41
年薪,41
藝人,41
坒,41
阿特拉斯,41
丘陵,41
甠,41
鐘情,41
鐘之內,41
组长,41
霍利斯,41
完人,41
霍兰德,41
指环,41
幸運兒,41
升迁,41
六星期,41
小于,41
導航,41
艾而,41
一勺,41
松果,41
兰克,41
幸运星,41
升到,41
无伤大雅,41
发生器,41
甦,41
民政,41
马蹄,41
惦记,41
利維坦,41
系主任,41
雅娜,41
男童,41
常数,41
眼皮子,41
希腊文,41
听命,41
小氣,41
小玩意儿,41
眡,41
毒气室,41
南方人,41
方方面面,41
人类学,41
帕特尔,41
帕特里斯,41
捐赠者,41
捕手,41
人得,41
触手,41
希臘人,41
원,41
無頭,41
送礼,41
不容许,41
埃倫,41
埃克塞特,41
垄断,41
表面积,41
完婚,41
三脚架,41
制动,41
會見,41
找上门,41
無人能,41
批萨,41
券,41
打头,41
泽斯,41
稱之為,41
稱倒,41
孬種,41
驱逐舰,41
驱除,41
税务局,41
吓了一跳,41
粘液,41
两手,41
疼得,41
换种,41
布雷顿,41
病理学家,41
货架,41
怕水,41
泄,41
信差,41
定型,41
蘇格蘭場,41
前先,41
阿諾,41
快用,41
一去不返,41
迟疑,41
哈蒙,41
甜酒,41
生化武器,41
誰贏,41
傳出,41
無話,41
剖腹,41
有動靜,41
阿葵,41
金发碧眼,41
有假,41
煽動,41
府邸,41
來表達,41
多花点,41
多留,41
共处一室,41
世仇,41
奸细,41
埃菲尔铁塔,41
她問,41
河系,41
财,41
惹祸,41
火上浇油,41
底牌,41
瓦妮,41
多莉丝,41
多莉絲,41
知识分子,41
第六个,41
意外事件,41
马身,41
聚集地,41
膠卷,41
聚合,41
膚,41
保护措施,41
非洲人,41
瑞科,41
辑,41
瑟奇,41
多明戈,41
两晚,41
卡拉奇,41
腫,41
克萊頓,41
借來,41
底盘,41
底座,41
十多年,41
十塊,41
风平浪静,41
艾格尼思,41
问些,41
入内,41
搞个,41
搜索队,41
事出有因,41
朱滔,41
欢喜,41
输油管,41
噸,41
真格的,41
反复无常,41
被劫,41
大步,41
小蜜蜂,41
作响,41
간,41
飙升,41
代名词,41
争霸赛,41
卡梅倫,41
空子,41
之舞,41
产下,41
柯頓,41
宠儿,41
只须,41
谢泼德,41
休整,41
燒,41
将领,41
多变,41
廄,41
漿,41
聽取,41
驻足,41
瑪亞,41
瑪麗娜,41
支枪,41
梅蒂,41
算作,41
肉食,41
手鐲,41
曾祖母,41
滿分,41
伴儿,41
上告,41
漠视,41
聾子,41
梦乡,41
條狗,41
攒钱,41
爬虫类,41
心想事成,41
阿黛爾,41
關你,41
开开心心,41
域,41
阿诗莉,41
剝,41
调职,41
翻出,41
同班,41
举措,41
號上,41
八点钟,41
緬,41
只配,41
从头来,41
调酒,41
调转,41
抓活,41
執勤,41
滴水不漏,41
慣例,41
保健,41
俚语,41
入海,41
斯图亚特,41
斯坦纳,41
瘀,41
人真,41
龙族,41
欧内斯特,41
夫家,41
两艘,41
一頂,41
巴爾博亞,41
癸帝,41
肥仔,41
四倍,41
跟屁虫,41
下部,41
运货,41
苝,41
卡菲,41
親自來,41
票數,41
心安理得,41
露茜,41
虱,41
車輪,41
伐木,41
馳,41
割斷,41
招致,41
拜拉席,41
匹敌,41
轻浮,41
关键问题,41
无望,41
球棍,41
禁,41
切记,41
存錢,41
列迪,41
手給,41
上周五,41
滑坡,41
列克,41
肚里,41
脸色苍白,41
便當,41
分辨率,41
重修,41
重中之重,41
子儿,41
史麦戈,41
溜出来,41
艳,41
露易絲,41
臭氧,41
德懷特,41
撒手,41
第一组,41
穿梭机,41
第一局,41
自闭,41
封面人物,41
封死,41
化工,41
化学武器,41
破损,41
人出,41
破纪录,41
突如其来,41
足球场,41
肺腑之言,41
脸皮,41
我入,41
重叠,41
高耸,41
太阳神,41
這干,41
臱,41
功率,41
功绩,41
迪马,41
死刑犯,41
的魚,41
皆大欢喜,41
那桌,41
堪薩斯,41
伏下,41
御,41
请示,41
枫叶,41
特别节目,41
牢狱之灾,41
撒手不管,41
维纳,41
引出来,41
錄片,41
飞毛腿,41
玻璃窗,41
哪点,41
艱辛,41
天主教堂,41
要接,41
苦海,41
杆菌,41
政界,41
清點,41
背叛者,41
便于,41
一盎司,41
一盆,41
首发,41
特克,41
防范措施,41
塔普,41
美丽动人,41
皮儿,41
米爾斯,41
鼻血,41
文献,41
不败,41
转瞬即逝,41
订过,41
良机,41
唆使,41
卡蘿爾,41
白种人,41
看球赛,41
掙錢,41
大錢,41
卢修斯,41
偷过,41
转帐,41
索特,41
呱呱,41
要慶祝,41
控,41
接過,41
接连,41
呜呼,41
树脂,41
枪炮,41
不殺,41
致词,41
追捧,41
追殺,41
沒過,41
犯事,41
控制台,41
雇个,41
船来,41
记恨,41
静水,41
变性人,41
玩死,41
決不,41
偽裝成,41
肿块,41
所生,41
內戰,41
装配,41
探視,41
两间,41
陆续,41
寶寶的,41
语法,41
动一动,41
盖上,41
这令,41
天王星,41
西风,41
胶布,41
曲调,41
倒楣,41
女侠,41
金蒂,41
蛹,41
九点钟,41
塞滿,41
塔羅牌,41
加里森,41
接待员,41
静一静,41
強項,41
倒水,41
售价,41
弥漫着,41
強度,41
拉蒙,41
击毁,41
号称,41
下半场,41
乐手,41
越长,41
我待會兒,41
百里,41
死守,41
飲酒,41
强纳森,41
内丽,41
缺錢,41
壓縮,41
网球场,41
密切注意,41
狂風,41
動物們,41
养家,41
长廊,41
奥萨马,41
日用,41
航天飞机,41
實是,41
诀盞,41
歷經,41
沒要,41
奥谢,41
人身攻击,41
内地,41
迷了路,41
叛賊,41
寫些,41
树桩,41
教化,41
胡來,41
醫護兵,41
几近,41
眅,41
經上,41
皮卡,41
狠揍,41
擅闯,41
伊德,41
旧日,41
拉出,41
吃里,41
上读,41
８,41
相继,41
这多,41
当好,41
当头,41
当人,41
罗吉,41
舞鞋,41
早来,41
尼姆,41
提款,41
掴,41
人為,41
局限于,41
铤而走险,41
个案,41
結了,41
皮茨,41
要人命,41
音效,41
涧,41
普雷斯,41
盡有,41
監,41
难处,41
邁,41
試一試,41
男女朋友,41
本家,41
电波,41
畃,41
哀求,41
攸關,41
原子核,41
頂端,41
盲区,41
来份,41
来劲,41
他關,41
全怪,41
吃块,41
栩栩如生,41
供給,41
戰火,41
消化不良,41
能当,41
战马,41
暴力行为,41
脈搏,41
凯撒大帝,41
高心,41
海沃德,41
凱許,41
供货商,41
海流,41
能教,41
一查,41
回馈,40
回绝,40
海神,40
救命稻草,40
童鞋,40
能親,40
全心,40
尽职尽责,40
選拔賽,40
样样,40
尼科夫,40
范崔普,40
山谬尔,40
他點,40
铁锹,40
履历,40
天职,40
笨手,40
立志,40
胸有成竹,40
天里,40
停业,40
我會親,40
脚踏实地,40
戴劳,40
几页,40
麦迪纳,40
这区,40
盎,40
佩莉,40
飲品,40
车费,40
有素,40
古德溫,40
寄钱,40
抽签,40
抽出来,40
狐步,40
征得,40
不羁,40
亲笔签名,40
罚金,40
动感,40
彼此之间,40
拉娅,40
当妈,40
拉回来,40
抽时间,40
塞尔维亚,40
獨角獸,40
你介,40
勇,40
金魚,40
伊維,40
很合,40
三十天,40
鲜活,40
弹孔,40
口紅,40
實地,40
养分,40
儿科医生,40
这信,40
脫罪,40
치,40
树根,40
點前,40
尝点,40
停滞不前,40
巡洋舰,40
出話,40
深表同情,40
天文学,40
隶属,40
絲襪,40
這頭,40
接种,40
特點,40
三垒,40
宾虚,40
古物,40
静候,40
特遣队,40
声名,40
撕開,40
克勞索,40
他于,40
奪取,40
有樣,40
早日康复,40
拉齐,40
有间,40
混進,40
铁皮,40
我射,40
故作,40
妮弗,40
僅,40
号楼,40
号令,40
百計,40
根煙,40
清点,40
清掃,40
韩素,40
尚有,40
經長,40
之轮,40
窗台上,40
之門,40
巡,40
州界,40
掣,40
叶片,40
右側,40
媽想,40
揣测,40
那货,40
肿胀,40
流傳,40
左路,40
百度,40
百合花,40
巨額,40
探病,40
探监,40
伍宝,40
伊迪絲,40
没人住,40
塔德,40
宽慰,40
长处,40
特德斯,40
得偿,40
得意忘形,40
玛莉安,40
勞爾,40
克洛,40
碒,40
玩命,40
玩樂,40
勾銷,40
处方药,40
牧人,40
堵死,40
神神秘秘,40
開路,40
美艳,40
没剩,40
转手,40
陆上,40
包給,40
对性,40
家駒,40
家驹,40
突尼斯,40
派恩,40
若非,40
大魚,40
做伴,40
格兰芬,40
媽閉,40
教得,40
葩,40
已將,40
掛電話,40
若腾,40
看紧,40
看球,40
装点,40
遭报应,40
子嗣,40
新澤,40
掛掉,40
切下来,40
肺结核,40
肯德基,40
手勢,40
湖畔,40
赛前,40
赘肉,40
切克,40
蚁,40
蚜虫,40
女权主义者,40
臭钱,40
喊出来,40
三日,40
軍士,40
奥克斯,40
套近乎,40
血库,40
污垢,40
成功人士,40
源代码,40
腓力,40
腔调,40
亞斯,40
骗到,40
湯馬斯,40
圣地牙哥,40
刊物,40
赏识,40
重大新闻,40
手牵手,40
乐土,40
蒙古人,40
一波,40
第一阶段,40
喜樂,40
心形,40
休伦,40
副队长,40
莱顿,40
槍法,40
迪翁,40
堅,40
没洗,40
轴,40
北京狗,40
拖拉,40
鳟鱼,40
吐出,40
开罚单,40
开涮,40
護衛,40
巴勒,40
手足无措,40
滑下去,40
滑水,40
滋养,40
懒虫,40
运回,40
装填,40
揺,40
巴勒斯坦人,40
卢斯科,40
大選,40
維尼,40
綫,40
網路,40
登基,40
麦卡锡,40
草丛,40
五十年代,40
阿香,40
莎翁,40
一惊,40
极小,40
极少,40
迪尔,40
心心相印,40
爱普莉尔,40
陪我玩,40
警钟,40
开幕式,40
开开,40
拘谨,40
招摇,40
光凭,40
女童,40
万能钥匙,40
發達,40
了輛,40
觀眾們,40
苏琪,40
杀出,40
充公,40
存亡,40
雪松,40
已逝,40
骆,40
滿口,40
肋,40
供养,40
阻塞,40
阻击,40
縡,40
仰赖,40
鎖起,40
康肖,40
琴酒,40
虛幻,40
长者,40
绝不允许,40
自白,40
條約,40
爆竹,40
爆炸声,40
调来,40
卡文迪什,40
观望,40
第二局,40
蒸發,40
季风,40
孟買,40
第三步,40
散弹枪,40
ㄍ,40
上垒,40
慕秋雪,40
跪倒,40
学妹,40
漏洞百出,40
漏斗,40
漏气,40
十二分,40
一动不动,40
十九世纪,40
車去,40
車呢,40
這小,40
多快,40
九十八,40
喧嚣,40
阴森,40
谢尔盖,40
快去快回,40
廚藝,40
水门案,40
多多指教,40
受歡,40
洋芋,40
最令,40
不人道,40
演奏家,40
愜意,40
大湖,40
咎由自取,40
作个,40
真慘,40
启航,40
伯頓,40
還長,40
令人振奋,40
總統候,40
一垒,40
新闻节目,40
痴心妄想,40
老命,40
老古板,40
雜志社,40
禮儀,40
蘿倫,40
不愁,40
把子,40
阿茲卡班,40
魯莽,40
莉萨,40
极佳,40
丑女,40
共渡,40
艾基,40
辅导员,40
矿区,40
標題,40
镶嵌,40
专横,40
希伯倫,40
布鲁托,40
一壶,40
電流,40
充實,40
泽生,40
地來,40
聪慧,40
聞名,40
稟,40
仇者,40
仇家,40
格雷戈尔,40
责任心,40
驱车,40
驯龙,40
冷血动物,40
怀俄明州,40
開普敦,40
莊,40
照到,40
老实人,40
沾到,40
瓸,40
木须,40
以身,40
广岛,40
木耳,40
共产主义者,40
先下手为强,40
逃税,40
蔡爾茲,40
柯朗,40
眯,40
贝特,40
保拉,40
澳,40
公开场合,40
两国,40
捆起来,40
倾心,40
權勢,40
權杖,40
一而再,40
糦,40
比琳,40
疣,40
博克,40
埃尔帕索,40
你嚇,40
私欲,40
藹,40
甘露,40
五条,40
焦头烂额,40
樹下,40
矢田部,40
一千美元,40
广告商,40
帛,40
公文,40
它將,40
萝伦,40
好难,40
萌芽,40
捋,40
腿毛,40
显示器,40
薩奇,40
不写,40
不入流,40
火焰杯,40
重組,40
地活,40
显,40
調局,40
幽闭,40
남,40
总司令,40
說件,40
老牌,40
單獨待,40
总监制,40
总爱,40
热血沸腾,40
扮作,40
签合同,40
法外,40
伽玛,40
老爷子,40
易燃,40
聒噪,40
逃开,40
火绒,40
打著,40
注销,40
惨重,40
惯,40
表层,40
利普,40
惡行,40
耶格尔,40
芭莉,40
哀,40
小林,40
考文,40
坚守阵地,40
科威特,40
乖巧,40
同床,40
生生不息,40
住客,40
烫死,40
不太能,40
蹦出,40
午宴,40
纳西,40
面团,40
锯子,40
精力旺盛,40
安全气囊,40
帮你忙,40
畢加索,40
訪,40
嘎吱,40
惡人,40
利比亚,40
马背上,40
安全区,40
错怪,40
冲上去,40
地鐵站,40
五级,40
試探,40
眼線,40
别谢,40
阴部,40
集裝箱,40
恨透了,40
烟盒,40
一网打尽,40
衣冠楚楚,40
临阵,40
临终前,40
精疲力,40
奇景,40
誘,40
半分,40
倫納德,40
夥,40
震颤,40
好自为之,40
似地,40
評論家,40
嗦,40
自一個,40
查宁顿,40
桑顿,40
改不了,40
荤,40
兑,40
小家,40
摄政王,40
詳情,40
点力,40
半身像,40
毛虫,40
大区,40
阴谋论,40
安斯利,40
安德鲁斯,40
藏不住,40
点药,40
悉心,40
重頭,40
冰水,40
纸片,40
夢到,40
人尽皆知,40
头饰,40
悄无声息,40
科夫斯基,40
查个,40
答對,40
半场,40
半前,40
出处,40
普雷斯顿,40
消音器,40
起始,40
核查,40
核實,40
太急,40
浪荡,40
西行,40
太合,40
盧斯科,40
这女,40
尼可斯,40
褶皱,40
太暗,40
餅乾,40
独身,40
有缘,40
有筆,40
口頭,40
數百萬,40
奧蘭多,40
海勒,40
试图用,40
试卷,40
遺失,40
伤痕累累,40
還不會,40
高度机密,40
竹子,39
局子,39
海马,39
上镜,39
晴空万里,39
超辣,39
委派,39
落泪,39
各不相同,39
试播,39
簡稱,39
独享,39
独生子,39
館里,39
拉完,39
劳累,39
拉到,39
识相,39
不胜感激,39
厮混,39
相等,39
天方夜谭,39
天籁,39
盖兹,39
預言家,39
盖儿,39
正用,39
直属,39
全球化,39
罗梭,39
形同,39
舒心,39
舍尔,39
动脑子,39
釜,39
拉斯特,39
逾,39
诡计多端,39
加纳,39
塞尔维,39
棍叟,39
蜈蚣,39
旧货,39
富礼,39
傑佛瑞,39
三十万,39
日思夜想,39
唱出,39
兼顾,39
食肉动物,39
伊戈尔,39
饥肠辘辘,39
很偉大,39
胯,39
亂動,39
卼,39
審視,39
籌,39
籌備,39
证言,39
動畫,39
锡耶纳,39
情圣,39
波茨,39
灾害,39
别克,39
春樹,39
打針,39
扔給,39
保險套,39
嗜酒,39
安防,39
男模,39
男演员,39
比蒂雅,39
大吵大闹,39
电极,39
断气,39
哈特曼,39
够格,39
泛,39
烟雾弹,39
考古学,39
貼紙,39
冰天雪地,39
酸痛,39
畅饮,39
以利,39
氈,39
午饭时间,39
吤,39
发条,39
睡美人,39
大學時,39
听诊器,39
听译,39
帶頭,39
地看,39
利普斯,39
贊,39
火线,39
貴重,39
老道,39
乘務員,39
同去,39
用用,39
大塊,39
帶些,39
红豆,39
關我,39
摔碎,39
颜面,39
哈肖,39
幻想曲,39
關乎,39
人脑,39
蹊蹺,39
安伯,39
安上,39
比武,39
訪談,39
一劳永逸,39
瞎逛,39
小兒子,39
關連,39
冷气,39
膁,39
器械,39
火冒三丈,39
显露出,39
臂弯,39
學校裡,39
方向感,39
颤栗,39
线上,39
多近,39
鸣叫,39
生死攸关,39
额滴,39
艾维斯,39
联航,39
垒球,39
法尔,39
马基,39
喷气机,39
总决赛,39
自在,39
喷气,39
月影,39
地給,39
打湿,39
嘴脸,39
點過,39
租约,39
薩依德,39
點點,39
刷新,39
垮掉,39
埃丝特,39
道尔顿,39
藩主,39
表皮,39
希克斯,39
捐給,39
表露,39
奇遇,39
板上,39
床头,39
甘美,39
军装,39
昏過,39
埃塞,39
自我感觉,39
哈雷,39
哈迪斯,39
二十九,39
隆隆,39
甜筒,39
终会,39
作樂,39
发过来,39
訂單,39
花卉,39
大开,39
帕西诺,39
大岛,39
方糖,39
眼力,39
千元,39
某羽,39
野鸭,39
泉,39
逢,39
逢场作戏,39
格里菲斯,39
意亂,39
潸,39
樱宫,39
摩卡,39
粘着,39
承諾過,39
亮眼,39
自焚,39
煙花,39
五星级,39
查阅,39
义肢,39
敲響,39
木薯,39
瓦萊麗,39
输球,39
多苦,39
知名度,39
表親,39
真诚地,39
遙控,39
火中,39
別慌,39
電網,39
電視機,39
放個,39
宜人,39
次郎,39
进货,39
搞掂,39
斯內普,39
过目,39
机不可失,39
人手不足,39
十六年,39
謂,39
熄掉,39
写点,39
写篇,39
酵杠,39
奸诈,39
奸情,39
大时,39
咖啡豆,39
过来人,39
布鲁图,39
員警,39
取名为,39
矫情,39
你长,39
阿斯兰,39
可谈,39
先上去,39
柯爾,39
潛意識,39
潘美,39
泻药,39
每周三,39
第二章,39
仇敌,39
蓝线,39
放平,39
愿人,39
打不開,39
打个比方,39
慘重,39
梆梆,39
支離,39
梅赛德斯,39
康定,39
講給,39
度假胜地,39
拸,39
期末考,39
绝路,39
粉笔,39
镰刀,39
绞刑架,39
绫波,39
谢丽尔,39
燒壞,39
那來,39
大法,39
大法官,39
新颖,39
大洲,39
時光機,39
判斷力,39
打呼噜,39
不乖,39
謬,39
謝里,39
週五,39
一千八百,39
總結,39
花边,39
緩刑,39
进洞,39
调调,39
投了,39
攤子,39
露台,39
華府,39
闹腾,39
謝弗,39
證供,39
算错,39
算得,39
애,39
没话,39
喜马拉雅,39
埋起来,39
忐,39
忌日,39
漂亮女孩,39
滲透,39
假肢,39
芽,39
捷足先登,39
规章,39
布加迪,39
母后,39
客觀,39
攔,39
顯赫,39
杀个,39
納森,39
納州,39
草泥马,39
卢旺达,39
拜见,39
继承者,39
艾丽斯,39
血肉模糊,39
執,39
心里话,39
心结,39
只带,39
蒙蒂,39
掉进去,39
卡林,39
巴隆,39
擺動,39
進不去,39
不餓,39
警备,39
双膝,39
重新分配,39
滾遠點,39
保守党,39
圣瑞雯,39
阵线,39
台詞,39
放狗屁,39
空手而归,39
懷疑過,39
列兵,39
赔钱,39
骑着马,39
下身,39
戈顿,39
骗走,39
撇开,39
槙,39
這棟樓,39
防護,39
爱娃,39
徽,39
只够,39
减压,39
管辖权,39
羮,39
开瓶器,39
色诱,39
朝上,39
化驗,39
弄倒,39
珍珠项链,39
維拉,39
通关,39
偏袒,39
親自去,39
中说,39
见习,39
殘缺,39
列隊,39
香波,39
另行通知,39
露比,39
检举,39
開一個,39
俄斯,39
切勿,39
赖以生存,39
血洗,39
構造,39
莫尔,39
臭臭,39
較量,39
首飾,39
香水味,39
堂兄弟,39
珀金斯,39
變壞,39
朗诵,39
錄制,39
无路可走,39
维度,39
奥图,39
硕士学位,39
下线,39
成功率,39
土拨鼠,39
第一项,39
孕期,39
字符,39
子宫颈,39
化为乌有,39
雷米,39
兀鹫,39
透支,39
元凶,39
突破口,39
嫖客,39
新政府,39
死敌,39
已决,39
温布尔登,39
分期付款,39
下坠,39
赞助人,39
趼,39
交通堵塞,39
傻傻,39
掛斷,39
死角,39
黄药师,39
真人真事,39
韓國,39
小魚,39
純屬,39
残余,39
胃部,39
高等教育,39
肯尼思,39
阿尔戈斯,39
放飞,39
妙極,39
新篇章,39
差得,39
处有,39
唐克蕾,39
船里,39
变魔术,39
长命百岁,39
碰壁,39
除以,39
缩头乌龟,39
修练,39
輔導,39
没付,39
得胜,39
神灯,39
鼬鼠,39
拍成电影,39
缆绳,39
订位,39
든,39
血債,39
迫,39
转折,39
物色,39
特丽丝,39
请代,39
百倍,39
拍賣,39
引人入胜,39
匆匆忙忙,39
不辞而别,39
引以为豪,39
님,39
三具,39
政權,39
流沙,39
趕著,39
高爾夫球,39
媚骨,39
栗子,39
亿人,39
胚子,39
新品,39
插頭,39
換我,39
看家,39
严苛,39
百科全书,39
百科,39
还款,39
更美,39
普丽,39
几样,39
上班族,39
四楼,39
第一种,39
雪雁,39
媽來,39
特快,39
说成,39
輸出,39
宾汉姆,39
百万年,39
死死的,39
換來,39
分析员,39
走私犯,39
深邃,39
戶外,39
深藏不露,39
越陷越深,39
儿歌,39
儿媳,39
阿图罗,39
鲁尔,39
鱼鳍,39
同齡,39
絯,39
這電影,39
中文字幕,39
領隊,39
刀剑,39
碰見,39
缺憾,39
很常見,39
加裡,39
輸給,39
诱拐,39
很着急,39
抵押品,39
流行音乐,39
走后门,39
雖說,39
沒醉,39
一分一秒,39
缝纫,39
奥尔加,39
克勞迪婭,39
落跑,39
正当理由,39
能载,39
凯瑞,39
姿態,39
海特,39
姨夫,39
全球定位系统,39
結巴,39
太强大,39
累累,39
姥姥,39
脏手,39
直線,39
供认,39
這一輩子,39
皮尔森,39
交织,39
淚痕,39
核聚变,39
開前,39
笤帚,39
高個,39
厄斯金,39
献,39
内到,39
航空局,39
拉拢,39
这口,39
要交,39
佩玛欣,39
佩珀,39
药害,39
临死,39
人將,39
波哥大,39
均衡,39
悬而未决,39
等式,39
冰锥,39
冰芯,39
安打,39
数着,39
達斯,39
部員,39
达到目标,39
挖煤,39
辽焊,39
平方英尺,39
纳尼,39
這當,39
泡个,39
三重,39
魁钩,39
会下,39
悖论,39
原樣,39
展露,39
盡所能,39
盡產,39
校刊,39
雷区,39
筎,39
六十年,39
上要,38
能為,38
晴,38
و,38
战区,38
凯希,38
伤心事,38
暂时性,38
付过,38
疲勞,38
武松,38
藥師,38
催促,38
幸福感,38
私酒,38
秋斯,38
善款,38
科学界,38
這其實,38
龐奈,38
三座,38
龙头,38
給誰,38
周游,38
身來,38
公车上,38
斯凱,38
紀杠,38
考奇,38
餐巾纸,38
坚持不懈,38
错位,38
竛,38
威斯敏斯特,38
竞拍,38
各國,38
老电影,38
老牛,38
無形,38
上門來,38
梅毒,38
要作,38
絩,38
這國家,38
洛维奇,38
建议您,38
拜占庭,38
開機,38
绝症,38
关连,38
减掉,38
要定,38
佩利,38
多天,38
临冬城,38
摆脱困境,38
糊口,38
药方,38
瓦尔登,38
一动,38
偵察,38
墙边,38
和睦相处,38
样貌,38
多来,38
法蘭西,38
睁大眼睛,38
無暇,38
搬回去,38
母亲节,38
懸,38
博取,38
护林员,38
成共識,38
切族,38
切思,38
送交,38
蘿瑞,38
蘿卜,38
霍桑,38
数额,38
個體,38
赖恩,38
实业,38
乘飞机,38
蘭尼,38
辮子,38
连环画,38
紅的,38
小到,38
团结一心,38
品格,38
环游,38
扬,38
传送门,38
能付,38
開刀,38
因州,38
形形色色,38
发慈悲,38
邻里,38
姜餅,38
晕车,38
邓巴,38
杜夫,38
滑过,38
西部片,38
凌驾于,38
大权,38
科尼島,38
繁重,38
报警器,38
师哥,38
西陵,38
美術,38
护目镜,38
分道,38
反响,38
荊棘,38
烘,38
東西帶,38
佩得,38
辛勤工作,38
狮子狗,38
迈耶,38
葛林,38
開去,38
两百年,38
水在,38
環游,38
庞奈,38
錢包,38
欢迎会,38
自带,38
兔肉,38
科罗拉多河,38
安安静静,38
整只,38
任何借口,38
一剂,38
先救,38
吊坠,38
肢體,38
奴隶制,38
闹大,38
指名,38
歸還,38
说漏嘴,38
千言万语,38
无中生有,38
闪现,38
軍營,38
高達,38
肖特,38
肥婆,38
包起,38
执行命令,38
伊人,38
貝勒,38
真是假,38
摇摇欲坠,38
恭維,38
摇摇,38
彬彬有礼,38
大结局,38
法克斯,38
刻骨铭心,38
求人,38
微軟雅,38
喏,38
西語,38
軍用,38
何意,38
闪闪发亮,38
塑身,38
两大,38
罗伯塔,38
开回去,38
闹心,38
琗,38
新作,38
做广告,38
杜沙利,38
方世玉,38
希勒,38
匿名信,38
人血,38
双性恋,38
链条,38
享年,38
人脉,38
拐弯抹角,38
拍卖行,38
仿造,38
哥斯達,38
變量,38
變革,38
儿倒,38
涉入,38
诈,38
敗類,38
痟,38
精彩绝伦,38
丢人现眼,38
有何意义,38
欧文斯,38
拉长,38
無誤,38
身长,38
急剧,38
靠边站,38
重达,38
汗衫,38
猖獗,38
当权者,38
然後在,38
执教,38
小伙计,38
高刚,38
有票,38
北纬,38
算數,38
福利院,38
奶酥,38
滴水,38
诺姆,38
天理,38
牙痛,38
過往,38
只限,38
新城,38
接待处,38
没找,38
抚养权,38
扎營,38
霉菌,38
幻灭,38
活性,38
别家,38
单程,38
訪者,38
老死,38
沼澤地,38
隊里,38
里演,38
赶跑,38
经手,38
珀奇,38
巴纳德,38
登入,38
根部,38
妮兒,38
挤奶,38
毕业班,38
常稱,38
洛克比,38
亂來,38
用品店,38
球体,38
开拓,38
全没,38
香甜,38
劃船,38
塔卡,38
亚麻,38
虹膜,38
鉤子,38
一厢情愿,38
一去不回,38
級別,38
太逊,38
门后,38
这页,38
向来如此,38
小點,38
賓客,38
知己知彼,38
粮仓,38
太黑,38
大聯盟,38
有点痛,38
狗屁不通,38
發亮,38
横梁,38
动议,38
水晶球,38
甘比猫,38
堪比,38
觸地,38
盜賊,38
管理人员,38
毫無疑,38
罗丽,38
警衛隊,38
菲舍尔,38
桌面,38
我主甘内,38
再装,38
中獎,38
那球,38
行徑,38
自会,38
將軍的,38
媽說,38
之談,38
窃案,38
照照,38
看走眼,38
庆功,38
鎮的,38
景致,38
嫌多,38
嫖妓,38
围困,38
我爱过,38
品脱,38
承受不住,38
女厕所,38
你会用,38
贵人,38
順道,38
慈善事业,38
历史博物馆,38
感谢信,38
你們將,38
生殖,38
乔西,38
圓滿,38
沙地,38
經想,38
打亂,38
基洛,38
感触,38
正装,38
折枝,38
温特,38
填上,38
黑暗面,38
賭徒,38
石头砸,38
嘉丽,38
子供,38
空隙,38
雷美,38
诚信,38
雷肖古,38
一月份,38
诗莎,38
葬身,38
极地,38
奎德,38
点上,38
你会害,38
六尺,38
嚴,38
遇难者,38
日月,38
斷定,38
汇款,38
贫血,38
另一方,38
轉交給,38
通俗,38
六便士,38
炒栗子,38
砈,38
化学家,38
莎宾,38
粗略,38
粉刺,38
茶茶,38
中流,38
魯萊特,38
挤出来,38
儲存,38
他管,38
殯儀館,38
戴恩,38
盧卡,38
阿徹,38
神勇,38
女侍,38
人队,38
占據,38
酒吧女,38
左右手,38
宽松,38
這道,38
傷力,38
吉泰,38
正统,38
不閉,38
斯瓦尔德,38
斯特里,38
不明飞行物,38
光晕,38
操場,38
言出必行,38
爱玩,38
漫游者,38
组队,38
隆美尔,38
木柴,38
四溢,38
圆顶,38
強悍,38
声带,38
那页,38
车箱,38
彆,38
波頓,38
莎莎,38
一户,38
傻到,38
記在,38
那话,38
有足夠,38
有責,38
高架,38
黎加,38
干什,38
阴,38
日向,38
公立学校,38
公益,38
望去,38
尖端科技,38
熟识,38
我望,38
太聰明,38
打转,38
无花果,38
北冰洋,38
担保人,38
巳,38
快捷,38
半路上,38
茶会,38
敢動,38
乔乔,38
空著,38
洋溢,38
直入,38
问路,38
很逊,38
學徒,38
稀奇古怪,38
學術,38
學生們,38
几招,38
亲手做,38
布萊,38
名氣,38
在醫,38
潛水艇,38
更爽,38
来些,38
斯特尔,38
翻个,38
金曲,38
噪声,38
所困,38
所受,38
可控,38
加水,38
黝黑,38
學長,38
偏差,38
潛伏,38
爱将,38
富家女,38
密謀,38
谢谢合作,38
快完了,38
城内,38
老好人,38
賽特,38
让你能,38
征程,38
太瘦,38
撂,38
非暴力,38
兰娜,38
杀气,38
發聲,38
龙骑士,38
巴勃罗,38
纠葛,38
麻省,38
還手,38
寄到,38
攻陷,38
我录,38
噶,38
货仓,38
奧茲國,38
森严,38
死时,38
萝莎,38
放人,38
全息,38
钢管,38
言辭,38
拉葛莎,38
經用,38
人前,38
去當,38
飞刀,38
我服,38
蒙大拿,38
后视镜,38
構思,38
兩輛,38
大获全胜,38
暴龍蛋,38
格羅托,38
熬過,38
硅,38
受阻,38
纱布,38
路路通,38
平均分,38
使然,38
倒转,38
纳克,38
败坏,38
苹果汁,38
地势,38
口里,38
特雷斯,38
沒長,38
代代相传,38
直继,38
平常人,38
来客,38
稱號,38
稱炳,38
格雷戈里,38
无序,38
马赫,38
榨取,38
刨,38
火辣辣,38
奥列格,38
運營,38
太神,38
剛在,38
總共,38
大狗,38
册册,38
异类,38
尤曼,38
吸进去,38
花椰菜,38
那雙,38
進車,38
裸奔,38
编舞,38
枕套,38
交锋,38
劣质,38
水枪,38
绕圈子,38
卡麗,38
陈旧,38
沉着,38
拉婭,38
沉默寡言,38
興致,38
庄重,38
柵欄,38
传真机,38
籊,38
車窗,38
奧秘,38
阿拉贡,38
愈加,38
生吞活剥,38
蕃茄,38
稱帝,38
稳固,38
风车,38
翻遍,38
尼日利亚,38
投機,38
巫毒,38
稱钮,38
鳄,38
半生,38
詹姆森,38
捉摸不透,38
外层,38
旅车,38
寶琳,38
火坑,38
奥密特,38
忙不过来,38
忙些,38
護,38
叙叙旧,38
浆,38
卡迪尔,38
維格,38
重物,38
鮮,38
生与死,38
兴建,38
磨牙,38
螫,38
愁,38
光里,38
植被,38
记好,38
咬断,38
音轨,38
布蘭特,38
花生果,38
極品,38
襪,38
没良心,38
過目,38
羇,38
两千五百,38
最惨,38
膽小,38
交際,38
相比之下,38
拉过来,38
掛上,38
混战,38
之泉,38
我掛,38
這挺,38
自由派,38
没过,38
喝汤,38
这步,38
加进去,38
想方,38
腿伤,38
寫得,38
灣,38
灌肠,38
灌輸,38
多龙,38
螺丝刀,38
泰晤士,38
生就,38
没起,38
抓痕,38
调酒师,38
珠宝商,38
陨落,38
杰金斯,38
以供,38
钞,38
디,38
环常,38
苦頭,38
凱布,38
土包子,38
ヨ,38
解讀,38
至亲,38
过得去,38
赌债,38
飛得,38
凝,38
高興點,38
老顽固,38
恍惚,38
本尊,38
性福,38
不守,38
不如说是,38
头盖骨,38
糖衣,38
舞娘,38
掃射,38
内布拉斯加州,38
上能,38
乌苏,38
會輸,38
身下,38
冠軍賽,38
战警,37
小村,37
小杰,37
小毛病,37
失重,37
党员,37
吃剩,37
脆脆,37
威迪,37
伊根,37
狼藉,37
自助餐厅,37
完飯,37
离远点,37
肝炎,37
圣乔治,37
離奇,37
華納,37
輕輕地,37
無傷,37
医护,37
指手,37
一付,37
有数,37
跑题,37
傳喚,37
溶液,37
气势,37
一加仑,37
夹击,37
补上,37
补习,37
糐,37
人還,37
經常來,37
湧上,37
调遣,37
花太多,37
本領,37
弦琴,37
没输,37
出點,37
第五次,37
掠奪者,37
麦拉,37
酒桶,37
遷,37
蓋兒,37
可靠消息,37
毫不在意,37
沃尔沃,37
原野,37
塞德,37
磕药,37
叛國,37
얘,37
原油,37
吹风,37
地用,37
语句,37
令人感动,37
体力活,37
便會,37
第二种,37
今非昔比,37
持刀,37
連任,37
殊荣,37
靛,37
静谧,37
主宰者,37
色情电影,37
旅車,37
泰坦尼克,37
事跡,37
投得,37
蠢蠢欲动,37
变色,37
户,37
蒸蒸日上,37
犯罪活动,37
加速度,37
覓,37
休姆,37
磂,37
王道,37
随它,37
一两,37
口碑,37
惫,37
帕马,37
莫比,37
格陵兰岛,37
劳斯莱斯,37
伊利诺斯州,37
过载,37
業的,37
必不可少,37
磁石,37
濕透,37
会晤,37
斯托克顿,37
劳动力,37
猛鬼街,37
我来付,37
敞篷车,37
穫,37
柴斯克,37
对照,37
亚力克,37
克尔斯,37
枉,37
跳过去,37
变数,37
勢,37
大功,37
心花怒放,37
噴,37
不倒,37
标注,37
舉個,37
标价,37
第三种,37
降下来,37
翻天覆地,37
當你說,37
翻车,37
自给自足,37
可达,37
走不开,37
十號,37
泰莎,37
债主,37
黑熊,37
贏的,37
一空,37
奥多,37
辛德,37
织女星,37
普里斯,37
礥,37
伴舞,37
澜,37
澄空,37
果凍,37
迸发,37
富贵,37
哈利法克斯,37
雌激素,37
联军,37
营养不良,37
无影,37
題材,37
近来可好,37
見見,37
直肠,37
蒙骗,37
该隐,37
提琴,37
中度,37
去逛,37
剛出,37
插图,37
变回来,37
龙虎,37
征战,37
撇清,37
灵魂深处,37
为例,37
換取,37
卖点,37
勞達,37
可見,37
玌,37
森口,37
青梅竹马,37
西园寺,37
寄希望于,37
空无一人,37
闻所未闻,37
最帅,37
全心投入,37
帕特里,37
巨力,37
誹,37
好險,37
我學,37
読,37
固然,37
硫磺岛,37
遗传基因,37
地皮,37
鳳姐,37
外景,37
尤利西斯,37
拖入,37
洋基队,37
洁白,37
雙份,37
背诵,37
亲密无间,37
亲家,37
卢浮宫,37
啦啦队长,37
分区,37
渔业,37
我天,37
阿孝,37
自认,37
没玩过,37
有夫之妇,37
打屁股,37
阿髻,37
爱妻,37
最富,37
偏激,37
沙人,37
配额,37
下决心,37
格鲁,37
耶稣会,37
打道回府,37
硙,37
自然科学,37
抓來,37
导火索,37
斯旺,37
數以,37
书信,37
公约,37
隊員們,37
墨西哥湾,37
有部,37
淡出,37
阿天,37
世外桃源,37
灿竊,37
莫兰,37
不吐,37
后脑勺,37
讀數,37
熟透,37
参谋,37
写日记,37
高低,37
高中同学,37
高举,37
沒為,37
交稿,37
劳达,37
维奥拉,37
电荷,37
会爱死,37
洗不掉,37
洋鬼子,37
洋基,37
另一侧,37
漢森,37
宾夕法尼亚,37
这店,37
蛾子,37
腳趾頭,37
开曼群岛,37
压得,37
压到,37
这宗,37
派出所,37
派个,37
愛滋,37
漩,37
洋蔥,37
目錄,37
谁的车,37
光看,37
棋局,37
太乱,37
空襲,37
玉米地,37
強森,37
趨勢,37
共通,37
十一年,37
鎖住,37
声东击西,37
无可挑剔,37
萨米尔,37
高樓,37
命悬,37
受控,37
血腥味,37
臨床,37
訓練營,37
颅骨,37
酿酒,37
開胃,37
可恥,37
分界线,37
特立独行,37
不求,37
分派,37
庆,37
一本正经,37
戴个,37
浪板,37
驚艷,37
小鼠,37
软脚,37
电话会议,37
质询,37
情有可原,37
拂过,37
雷纳德,37
放风,37
妖魔鬼怪,37
瑞马德哈,37
床底,37
邱园,37
麥考夫,37
占有欲,37
掳走,37
全权,37
推算,37
備受,37
神学,37
运动场,37
顛覆,37
苏格拉底,37
彷徨,37
船要,37
比徹姆,37
装货,37
洗劫一空,37
莉迪亚,37
来者,37
冲入,37
信标,37
预支,37
第一本,37
透彻,37
戴好,37
平生,37
一百元,37
神经元,37
储藏,37
家来,37
ㄅ,37
初版,37
坍缩,37
所见所闻,37
节制,37
人山人海,37
另寻,37
棉,37
时而,37
谁会想到,37
长机,37
镁,37
軍士長,37
人心惶惶,37
工事,37
防弹,37
俄比亞,37
重出江湖,37
桌边,37
常弧,37
煤林,37
右肩,37
妓盾,37
来烦,37
煤礦,37
杨五郎,37
别去了,37
初校,37
遠點兒,37
漂漂亮亮,37
腰疼,37
奈吉爾,37
芙蓉,37
达德,37
鹿群,37
路段,37
百利,37
数十年,37
百分之七十,37
洗澡时,37
洗碗机,37
蛊,37
蚁族,37
奇立,37
賓遜,37
真不賴,37
純正,37
新大陆,37
鸣笛,37
水道,37
水路,37
萨迪,37
謎題,37
水妖,37
狗血,37
觀測,37
掐住,37
摩天,37
摩天轮,37
过山车,37
獿,37
組長,37
家世,37
只准,37
肉汤,37
哈金斯,37
浪漫主义,37
桑娅,37
肺病,37
銘記,37
西納,37
警覺,37
按压,37
高點,37
堅硬,37
困于,37
哈門德,37
哈门德,37
马来,37
怎辦,37
梦想家,37
嚴峻,37
改名字,37
维萨,37
维达,37
併,37
回倫敦,37
号线,37
上點,37
窲,37
出埃及记,37
呎,37
铁铲,37
整條,37
纳米比亚,37
夢中,37
平起平坐,37
坐以待斃,37
魅力四射,37
水边,37
气死我了,37
梦露,37
重新启动,37
慘,37
擦鞋,37
層次,37
剿,37
決定權,37
拼字游戏,37
儲蓄,37
内置,37
苏戴力,37
顯現,37
不进,37
扣住,37
大肠杆菌,37
不脫,37
養大,37
苏利,37
销赃,37
夫曼,37
挫伤,37
挪威人,37
頒布,37
憂慮,37
露一手,37
坐视不理,37
窟窿,37
和好如初,37
右腿,37
殺絕,37
누,37
工党,37
接好,37
接客,37
阵雨,37
天穹,37
盖西,37
牙线,37
买房子,37
我裝,37
我裡面,37
乍,37
零碎,37
我起,37
出嫁,37
我經,37
卫生部,37
美國海,37
亲生父母,37
還像,37
侍应,37
退回来,37
冠冕堂皇,37
無策,37
执政,37
憋着,37
言之有理,37
无依无靠,37
无以,37
巡逻车,37
医务人员,37
卫生纸,37
瞌睡,37
小八,37
斟酌,37
拐弯,37
拍戏,37
达菲,37
垫底,37
泞,37
倒霉蛋,37
老话,37
委內,37
专制,37
價值觀,37
兰科,37
隠,37
事出,37
好多钱,37
鐘了,37
查夫,37
腦海,37
末路,37
附和,37
性变态,37
帮着,37
伊兰,37
被抛弃了,37
奶嘴,37
洛普,37
頭皮,37
幸福美满,37
先机,37
安杆,37
我簽,37
事与愿违,37
還開,37
削減,37
不尋常,37
马扎,37
画个,37
发生变化,37
布托,37
问卷,37
园子,37
仅此一次,37
這不一樣,37
睡上,37
克雷尔,37
面紗,37
懊恼,37
贾森,37
论坛报,37
獠牙,37
许多次,37
機靈,37
因人,37
迈向,37
安格,37
湍,37
伊莎,37
蘭花,37
同族,37
禘,37
強者,37
那刻,37
睤,37
吵起来,37
执法人员,37
反叛者,37
无法形容,37
結識,37
成群结队,37
赚取,37
八姑,37
借贷,37
核战,37
样式,37
開克,37
二十多年,37
水仙花,37
钝器,37
雞雞,37
肠道,37
皰疹,37
盏灯,37
善变,37
還愛著,37
橡樹,37
两百块,37
處方,37
定理,37
之剑,37
阿亞安,37
黛安娜,37
戈贝尔,37
世隔絕,37
滑下来,37
考勒,37
服装店,37
一等兵,37
魘,37
衝啊,37
小窝,37
航路,37
禮節,37
令人难忘,37
水到渠成,37
新闻媒体,37
雷公,37
鸡毛蒜皮,37
暴戾,37
諾娃,37
杰羅姆,37
警佐,37
幸運日,37
戀者,37
再次出现,37
這太荒,37
夜游,37
夜莺,37
杰斐逊,37
步调,37
給錢,37
护盾,37
這台,37
給我帶,37
三四个,37
美國陸,37
特例,37
一届,37
引线,37
無成,37
酸性,37
引擎盖,37
锁骨,37
会会,37
給個,37
笑話,37
总台,37
一聊,37
大出血,37
太對,37
班主任,37
流行病,37
蓝光,37
顺利进行,37
四件,37
宋雅,37
皮肉,37
皮科,37
海因茨,37
高得,37
吃得下,37
單調,37
违反规定,37
老练,37
老窝,37
骑士团,37
開炮,37
乔纳,37
津贴,37
断言,37
易碎,37
我闻,37
性致,37
坐进,37
作文,37
热潮,37
拍檔,37
留些,36
华夫,36
过意不去,36
机尾,36
做戏,36
瘦弱,36
割傷,36
驻军,36
暗淡,36
能算,36
能见,36
朝氣絕,36
一职,36
肇事者,36
追問,36
商議,36
遇過,36
尿片,36
公雞,36
乌托邦,36
釋懷,36
別光,36
多问,36
鹅卵石,36
納的,36
童谣,36
無邊,36
怒氣,36
交会,36
停尸间,36
策划者,36
斯多夫,36
荷马,36
刑立,36
莉丝,36
弟吹,36
身段,36
高薪,36
職權,36
蜆,36
獲利,36
獨裁,36
ｅ,36
不親,36
移魂,36
宋朝,36
村栏,36
皮特森,36
背地里,36
喂给,36
場證明,36
背景音乐,36
防盗,36
哪会,36
多功能,36
假意,36
英国队,36
控球,36
私刑,36
脱鞋,36
你動,36
梅比,36
主謀,36
花果,36
咕哝,36
付錢給,36
重溫,36
牧群,36
重寫,36
這家店,36
打卡,36
聯合會,36
각,36
接頭,36
天文台,36
密特,36
加一点,36
皮尔逊,36
建筑工地,36
社交活动,36
幸見,36
里諾,36
阿娃,36
上班时间,36
阿娜,36
經習,36
接线,36
报信,36
聽命,36
美好生活,36
阿齐兹,36
死星,36
总教练,36
热热身,36
夕,36
比死,36
故弄玄虚,36
法特,36
交响乐团,36
施虐,36
经文,36
政治犯,36
点来,36
簡陋,36
搭话,36
來者,36
红军,36
扭傷,36
他往,36
奧吉,36
擂,36
直呼其名,36
寄居,36
要关,36
潮濕,36
兩下,36
他造,36
奇点,36
坐垫,36
華萊士,36
坐不住,36
人魚,36
私語,36
崔特,36
納札,36
挺好吃,36
訥,36
简而言之,36
垂钓,36
老狗,36
反目,36
彻查,36
远远地,36
水手长,36
凳,36
亡妻,36
似曾,36
阿喀莎,36
十五只,36
校車,36
威灵顿,36
拷問,36
威斯特,36
什锦,36
煙火,36
發去,36
机组人员,36
有所准备,36
护城河,36
狗腿子,36
圣安东尼奥,36
俄军,36
影魔,36
翘辫子,36
大個,36
大駕,36
博尔,36
活体,36
洲,36
大限,36
特辑,36
控制塔,36
訃告,36
建于,36
安琪兒,36
夏令,36
我學到,36
橫行,36
調出,36
清净,36
龍舌蘭酒,36
他會給,36
左眼,36
艫,36
別弄,36
會要,36
迷得,36
吾王,36
口角,36
停船,36
小學,36
蝸牛,36
扭扭,36
還快,36
口风,36
示爱,36
难以承受,36
责骂,36
颐指气使,36
寒暄,36
對戰,36
壮汉,36
繁华,36
猶如,36
隔間,36
靠山,36
斯堪的纳维亚,36
强效,36
殺戒,36
安森,36
默认,36
欧麦,36
太陽能,36
取到,36
俄克拉荷,36
世面,36
滑梯,36
濒临灭绝,36
安生,36
奧德麗,36
奧密特,36
举重,36
奧布萊恩,36
有料,36
撲克,36
繁盛,36
一小撮,36
直達,36
遨游,36
凌辱,36
心眼,36
提勒,36
辣椒酱,36
拉爾斯,36
柬,36
額頭,36
一馬,36
列侬,36
霍拉旭,36
圆滑,36
滅口,36
学生会长,36
图西族,36
药厂,36
康康,36
考德,36
耂,36
先交,36
糖果店,36
蓬,36
迈进,36
罗科,36
授课,36
黑眼圈,36
我怀,36
事成,36
以待,36
普鲁迪,36
一大口,36
起锚,36
校队,36
我称,36
六世,36
鸡舍,36
多歲,36
葡萄汁,36
岂能,36
软蛋,36
兴奋不已,36
外相,36
楚蒂,36
遗落,36
仔隊,36
卿卿我我,36
牢記,36
腎臟,36
腐,36
安巴,36
仕事,36
估價,36
帕维尔,36
毒牙,36
揭秘,36
達科,36
马瑟尔,36
马球,36
晞,36
賣會,36
賣力,36
托爾斯泰,36
圣彼得,36
賞金,36
賓虛,36
醉倒,36
腦海中,36
板凳,36
嘉一郎,36
撩起,36
送進,36
人进,36
无事,36
惹人,36
某件,36
務必,36
含蓄,36
剛過,36
低潮,36
剩饭,36
許去,36
想試,36
扫描器,36
磑,36
這的確,36
這不像,36
爆掉,36
昆茵,36
出风头,36
有義務,36
沒信號,36
母舰,36
立體,36
處長,36
曼蒂,36
希伯来语,36
航运,36
走來,36
永无,36
永仁,36
求助于,36
刀伤,36
大计,36
侏罗纪,36
綠箭,36
每場,36
若干,36
唾弃,36
每樣,36
維吉尼亞,36
轰铁,36
懂行,36
撞車,36
实验性,36
穆尼,36
穆丁,36
軍艦,36
単,36
令人恶心,36
斯蒂爾,36
一閃地,36
山石,36
同父,36
金融界,36
十遍,36
数英里,36
帕卡德,36
郩,36
侧翼,36
開打,36
上一年,36
想错,36
區分,36
罗切夫,36
希妲,36
新发型,36
接回去,36
美国士兵,36
要照,36
倾尽,36
照應,36
托管,36
烤火,36
恣意,36
問有,36
荡漾,36
紅發,36
斯卡斯,36
红河,36
以償,36
钻牛角尖,36
恨之入骨,36
性奋,36
兩隊,36
荒島,36
發到,36
性冷淡,36
速鬼,36
倒霉鬼,36
二选,36
带齐,36
逝,36
不具,36
产絳,36
况,36
客棧,36
厮杀,36
拉森,36
长不大,36
山原,36
玛尔戈,36
备好,36
架构,36
麦蒂,36
一闪地,36
原話,36
诺恩,36
西蘭花,36
只许,36
三樓,36
太沉,36
开房,36
亚达,36
平面图,36
并排,36
并將,36
投弹,36
誕,36
太帥,36
整垮,36
洛伦索,36
调过来,36
万事通,36
現有,36
花子,36
游遍,36
游魂,36
霉运,36
生計,36
一半一半,36
大點,36
鮑爾,36
新婚夫妇,36
来意,36
台灯,36
流過,36
进驻,36
搞什,36
那給,36
付现金,36
混血王子,36
萨伯尔,36
学好,36
废铁,36
三友,36
紧随其后,36
新鮮事,36
迈罗,36
巴萨,36
講稿,36
专一,36
冰原,36
督导,36
踩踏,36
生個,36
千名,36
炮手,36
將繼續,36
有机物,36
镜片,36
限期,36
佛羅倫薩,36
同花顺,36
只到,36
他動,36
费尔,36
耕种,36
雷西,36
排到,36
不时之需,36
伊茲,36
读一读,36
大老遠,36
洛克菲勒,36
戴德,36
堡壘,36
山林,36
璏,36
宫前,36
哈萨克,36
相随,36
喝高,36
慚愧,36
凄凉,36
外圍,36
曾几何时,36
拉手,36
鉀,36
唾沫,36
護欄,36
保安人员,36
靜止,36
碰巧是,36
拦帝,36
拥抱着,36
碧姨,36
贝思,36
烟蒂,36
泰国菜,36
烛台,36
精準,36
马戏,36
静观其变,36
最爛,36
奥德赛,36
亲耳,36
咄咄逼人,36
靜脈,36
被单,36
急性子,36
撞墙,36
没门儿,36
四眼,36
各大應,36
零售商,36
點吧,36
出警,36
四部曲,36
降神会,36
卡普,36
縎,36
消防栓,36
各项,36
動用,36
孟斐斯,36
转去,36
穆斯塔法,36
重刑,36
逃亡者,36
桌布,36
白白浪费,36
擦身,36
卡通人物,36
他的頭,36
髦,36
人往,36
契机,36
罗亚,36
熄燈,36
按倒,36
摩高,36
情况有变,36
裘妮波,36
弄成,36
弄得好,36
对白,36
亚军,36
过境,36
西班牙文,36
嘟嘀嘟,36
爱蒂,36
軍情,36
飞鱼,36
順變,36
修过,36
加持,36
索诺西,36
舰艇,36
舱口,36
闲暇,36
中一閃,36
中一闪,36
美咲,36
拉费蒂,36
服务中心,36
弟焊,36
俯身,36
我份,36
火絨草,36
旅社,36
吉迪恩,36
偷出来,36
阿什利,36
严刑,36
要贏,36
鬼瞳,36
再而三,36
軌跡,36
魁梧,36
鬼魅,36
正规军,36
榴弹,36
洗脱,36
阻撓,36
虾米,36
浅色,36
北爱尔兰,36
标示,36
鐵軌,36
劣势,36
花纹,36
蚯蚓,36
凋谢,36
重归,36
多納爾,36
船頭,36
高楼大厦,36
阿隆索,36
自重,36
高涨,36
有路,36
安亞,36
塞西尔,36
命丧,36
万千,36
氛圍,36
合十,36
惊心动魄,36
筆跡,36
唐克,36
普利茅斯,36
我動,36
飞出去,36
适者生存,36
不醉,36
米爾頓,36
兩國,36
百列,36
蒙扎,36
积聚,36
問話,36
一个多月,36
选择权,36
执导,36
大喜,36
剃须刀,36
傷者,36
大話,36
甚至于,36
殘疾,36
脚尖,36
坐满,36
적,36
深埋,36
消失掉,36
主动出击,36
逐个,36
那层,36
当过兵,36
史密森,36
农药,36
阿梁,36
别信,36
鲈鱼,36
賭局,36
无垠,36
哥倫布,36
窝藏,36
記不記,36
卖座,36
假唱,36
銀幕,36
有出,36
粁,36
艳舞,36
初戀,36
耳畔,36
容不得,36
固体,36
倪坤,36
族裔,36
老到,36
关进去,36
如若,36
第二份,36
存留,36
傑作,36
那就給,36
在你看来,36
骨盆,36
勳章,36
二川,36
既定,36
勤快,36
二字,36
迪斯尼乐园,36
受骗,36
鬧劇,36
来来回回,36
大个儿,36
造福,36
长篇大论,36
在後面,36
谢莉,36
畫腳,36
霸,36
西洛,36
压在,36
斯芬克斯,36
冲撞,36
缩水,36
霸王龙,36
不同之处,36
哈克斯,36
編寫,36
车夫,36
快得,36
茶党,36
中枢,36
不读,36
绿野仙踪,36
难逃,36
乱窜,36
師們,36
阿毛,36
芙拉,36
變身,36
受理,36
迪夫,36
摩納哥,36
达格,36
小虫子,36
留学,36
迪勞麗絲,36
推移,36
马罗,36
尤尼,36
狄俄尼,36
歌劇院,36
全權,36
人见人爱,36
冲掉,36
撑过去,36
槍械,36
槳,36
在精神上,36
在廚,36
經常去,36
尘归尘,36
換上,36
揚,36
看场,36
下文,36
海峽,36
化装,36
好車,36
弃权,36
纯属虚构,36
閹,36
门路,36
灵气,36
脱逃,36
這兩天,36
看太多,36
兰塞,36
隱藏著,36
隱秘,36
乔斯琳,36
哥伦比亚人,36
多少岁,36
發臭,36
百分之四十,36
發著,36
内向,36
恼怒,36
調皮,36
结帐,36
黏液,36
回美國,36
阿爾瓦雷斯,36
阿倫,36
悉,36
鸡腿,36
苏斯,36
脓包,36
店員,36
钙,36
一整瓶,36
猎者,36
红衣,36
超多,36
小梅,36
姿色,36
平民百姓,36
認證,36
应酬,36
斯海,36
帕布洛,36
三六九,36
漫畫家,36
돼,36
大獎賽,36
許因,35
回頭路,35
編織,35
遺跡,35
喷水,35
斯佩,35
伦巴,35
布吉,35
能克服,35
端掉,35
海兹,35
雷丁,35
連著,35
应答机,35
僧人,35
够近,35
组成部分,35
同年,35
切碎,35
曼努,35
飛快,35
匹馬,35
洞洞,35
三四次,35
土里,35
哈瑞,35
请留下,35
完胜,35
签好,35
岿摆,35
霍丝,35
織,35
天快,35
產物,35
島的,35
藤蔓,35
可会,35
藤林,35
得體,35
這面,35
小王子,35
財物,35
魔女,35
发件人,35
小曲,35
帶出,35
热茶,35
責備,35
门厅,35
還寫,35
小把戲,35
搭载,35
本森,35
帶去,35
施耐德,35
要你管,35
监,35
首场,35
离岸,35
戈德,35
梅瑞迪斯,35
天命,35
溪谷,35
雞尾,35
人站,35
威洛,35
吃苦,35
截停,35
瘸腿,35
两段,35
卡弗,35
離不開,35
有损,35
邪灵,35
修理厂,35
修指甲,35
菲力普,35
同化,35
指指,35
环顾四周,35
不大清楚,35
喷到,35
表示歉意,35
他時,35
拍電影,35
鞋印,35
小男生,35
斯卡尼,35
扭斷,35
星级,35
星艦,35
开办,35
禮物給,35
定格,35
個爛,35
逼死,35
味兒,35
跌入,35
伯纳,35
遂,35
成功者,35
戏水,35
久久,35
牡丹,35
卸货,35
一面镜子,35
推土机,35
那先,35
動動,35
食道,35
弹夹,35
抢手,35
邊走邊,35
鼓吹,35
搞来,35
违法行为,35
考得,35
小帅哥,35
卡戴珊,35
苍,35
锅里,35
搞点,35
经度,35
仅凭,35
救主,35
夏奇拉,35
岂止,35
并不比,35
年龄段,35
纳赛尔,35
末尾,35
游轮,35
藉此,35
薰衣草,35
桑頓,35
成性,35
麦考利,35
朱诺,35
七名,35
切下,35
藏著,35
下禮,35
福布斯,35
手鏈,35
世界纪录,35
筑起,35
要現,35
萊克,35
桑雅,35
藍調,35
球状,35
攫取,35
柏油,35
睡房,35
低空,35
坚实,35
临时工,35
回擊,35
捷克斯洛伐克,35
人性化,35
喜事,35
艾丽丝,35
一百五十万,35
伊诺雅,35
力求,35
徵,35
伊諾雅,35
福瑞茨,35
民心,35
长胖,35
从政,35
疟疾,35
数百,35
科隆,35
须要,35
塔尼,35
沙沙,35
五世,35
塑膠,35
難民營,35
塌陷,35
恩尼,35
常会,35
不辭,35
芦笋,35
無援,35
魔盒,35
三维,35
计划书,35
睡觉时间,35
錘,35
断头谷,35
坐落于,35
攤,35
攜手,35
隔阂,35
客车,35
洛佩茲,35
此时此地,35
修养,35
劈开,35
年迈,35
肘,35
才干,35
活儿干,35
李将军,35
工程学,35
之屋,35
真敢,35
作勢,35
十五秒,35
根尼,35
递过来,35
吸塵器,35
府上,35
输钱,35
不太多,35
大盜,35
癫狂,35
祭典,35
抬出去,35
换挡,35
梳头,35
不为过,35
这处,35
西萊,35
诺维奇,35
鹌鹑,35
洛伦,35
滿是,35
蚁后,35
屑,35
告示牌,35
保威,35
强风,35
麥琪,35
拧下来,35
与日俱增,35
陵墓,35
发福,35
马房,35
拿件,35
麦克阿瑟,35
真来,35
断绝关系,35
戰鼓,35
浮在,35
瓦砾,35
市立,35
三十个,35
压榨,35
开局,35
检,35
架子鼓,35
限量,35
指示牌,35
祢,35
擱置,35
北极圈,35
爽歪歪,35
羚,35
盟国,35
互相照顾,35
盡早,35
預付,35
兹曼,35
问答,35
徒劳无功,35
抬上去,35
工业化,35
改到,35
改動,35
几千个,35
德罗,35
屎尿,35
習,35
创口,35
腰果,35
轻描淡写,35
節的,35
一万元,35
年初,35
年华,35
用藥,35
父皇,35
历桑,35
薩拉密,35
我光,35
束手就擒,35
条鱼,35
好熱,35
門上,35
工頭,35
死去活来,35
苦惱,35
积分,35
发自,35
马可士,35
小豆,35
被扣,35
双鞋,35
摆个,35
잘,35
校内,35
出家,35
猎魔,35
捱,35
车内,35
艾德娜,35
通风报信,35
通途,35
驾驶执照,35
神智,35
家暴,35
神經質,35
族长,35
田纳西州,35
贵重物品,35
洗净,35
感召,35
這兩者,35
幽魂,35
生活费,35
演艺,35
贪污,35
路灯,35
冻得,35
不作,35
讲师,35
红菱,35
两者之间,35
车头,35
不經,35
摔了一跤,35
留學,35
复查,35
飞来飞去,35
男装,35
松散,35
老本行,35
亚瑟王,35
折服,35
压着,35
屈克,35
屈尊,35
愛聽,35
奮戰,35
奧黛麗,35
另一人,35
神学院,35
沙普,35
沙暴,35
沙尘暴,35
赢回来,35
薩姆恩,35
謝帕德,35
做會,35
全无,35
这就是说,35
逃狱,35
隅,35
不法,35
薛定谔,35
历险记,35
车要,35
探险者,35
耍耍,35
吝嗇,35
被炸飞,35
阿爾文,35
烏合,35
晶片,35
媛,35
痢,35
卡洛威,35
不育,35
配菜,35
誇,35
打呼,35
棒球帽,35
操之过急,35
棉签,35
萝瑞,35
白大褂,35
做一套,35
呆板,35
五千元,35
池里,35
施塔,35
来查,35
冰鞋,35
新开,35
守卫者,35
第一家,35
允诺,35
狗崽子,35
納威,35
吼声,35
這情況,35
摩萨德,35
倾,35
没牙仔,35
调味,35
喜多,35
意義呢,35
篨,35
使館,35
任天堂,35
黄线,35
路费,35
燒成,35
瀏覽,35
垮台,35
地毯式,35
聘,35
常看到,35
发表意见,35
矜持,35
分叉,35
街弧,35
紧盯,35
紐克,35
太怪,35
真准,35
摘花,35
對策,35
纘,35
紙杯,35
没醒,35
这楼,35
信天翁,35
阿语,35
城池,35
玩個,35
看錯,35
很巧,35
奈克,35
芙妮,35
学年,35
真令,35
尊崇,35
第二十,35
能令,35
生俱來,35
彈性,35
媽媽來,35
地告訴,35
哈钦森,35
鲍曼,35
寂,35
情境,35
波納,35
不听使唤,35
重負,35
直译,35
內陸,35
看戲,35
波布,35
龍蝦,35
瑪蒂,35
根深蒂固,35
合二为一,35
敬禮,35
別喊,35
格里森,35
顏料,35
很興奮,35
哈迪,35
很煩,35
康士,35
鱼鹰,35
铭文,35
見識過,35
谈情说爱,35
有劲,35
无所适从,35
愛和,35
长尾,35
死脑筋,35
薄煎饼,35
別遲,35
心神不宁,35
相亲相爱,35
乱流,35
森家,35
可贵,35
习性,35
败露,35
米妮,35
传下去,35
是頭,35
名次,35
食品工业,35
纏身,35
纠缠不清,35
最珍貴,35
逃窜,35
生产商,35
我收,35
康蒂丝,35
南半球,35
剛果,35
當眾,35
四角,35
枝,35
第二场,35
保加利亚,35
心腹,35
剪子,35
熊媽媽,35
前給,35
礼昂,35
放高利贷,35
戴假发,35
行員,35
飘浮,35
也夠,35
其实不然,35
油罐,35
镭射,35
向善,35
研討會,35
受寵,35
五小时,35
在羅馬,35
自治,35
前轮,35
三本,35
西印度群,35
约炮,35
他傷,35
化妆室,35
景,35
省点,35
省略,35
碉,35
第一口,35
這是種,35
甘菊,35
嘴皮子,35
翺,35
基础设施,35
毒癮,35
스,35
紧凑,35
葡萄糖,35
索赔,35
出战,35
放音,35
景点,35
南卡,35
张票,35
豪伊,35
治不好,35
想当然,35
重犯,35
真事,35
一听,35
艾弗,35
变卖,35
基站,35
不可否认,35
康蒂絲,35
拉薩德,35
提醒您,35
利斯特,35
背信弃义,35
米开朗基罗,35
謙虛,35
伯蒂彻,35
假正经,35
船屋,35
足球比赛,35
互换,35
瑞琪,35
幾百個,35
里海,35
显出,35
口舌,35
自残,35
阴冷,35
日前,35
照舊,35
树懒,35
我夢想,35
负伤,35
沃伊蒂瓦,35
旧约,35
沒東西,35
名校,35
奥黛丽,35
我游,35
吖,35
撥款,35
阿梅,35
卖国贼,35
啧,35
坐冷板凳,35
奥菲,35
不遗余力,35
汇聚,35
克蕾婷,35
大海捞针,35
拉巴,35
猛虎,35
中救,35
驅散,35
不懼,35
尤立,35
兄弟俩,35
浑身解数,35
之船,35
我夢見,35
每况愈下,35
煤氣,35
煤油,35
專員,35
偶爾會,35
構,35
一竅,35
血性,35
纯金,35
价位,35
白发,35
殘局,35
然後是,35
殘障,35
车会,35
卖不出去,35
啦啦队员,35
甜饼,35
你造,35
強勢,35
將面,35
耳膜,35
訣,35
砖块,35
灾变,35
四日,35
仲間,35
醉得,35
多话,35
极乐世界,35
不怀好意,35
耗时,35
莎蒂,35
追加,35
業余,35
空空如也,35
巴夫,35
有備,35
迷失方向,35
狄奇,35
令人发指,35
佔領,35
换言之,35
损失惨重,35
墮,35
隐,35
人杀,35
勤奮,35
打氣,35
祝酒词,35
撫慰,35
导管,35
奢華,35
聊点,35
卢森堡,35
口头禅,35
相好,35
紫禁城,35
斯坦菲爾德,35
砾,35
毛發,35
奥诺玛,35
裝死,35
騷動,35
林戈,35
后仰,35
覆辙,35
旧衣服,35
两米,35
电气,35
勘探,35
爆頭,35
熨斗,35
雁,35
茶室,35
不归,35
利马,35
利根,35
累贅,35
要领,35
一刀两断,35
富家,35
았,35
打闹,35
想法子,35
不列顛,35
濺,35
沒牙仔,35
運來,35
狂犬,35
狗眼,35
聯網,35
換掉,35
看不透,35
将士,35
助益,35
试验品,35
襲擊者,35
格陵蘭島,35
撃,35
格里利,35
換一個,35
影集,35
服务区,35
逃过一劫,35
換做,35
柯琳,35
潘宁,35
大锤,35
紫熏,35
提卡,35
嚇嚇,35
入口处,35
进得,35
尖酸刻薄,35
尖刺,35
柯特,35
該夠,35
珠峰,35
史林格,35
参数,35
吹响,35
兩遍,35
化装舞会,35
军械,35
闻着,35
文奇,35
膌,35
十名,35
摇铃,35
毕夏普,35
新选组,35
高智商,35
钱斯,35
海因,35
江山,35
門的,35
能飞,35
人均,35
暈過,35
异教,35
凱迪,35
假货,35
檸檬水,35
丰富多彩,35
制作者,35
貪,35
探头,35
眼影,35
法律顾问,35
竹山,35
冊,35
拿起,35
大干,35
险些,35
糟透,35
笑匠,35
険,35
瓦倫汀,35
智囊,35
清早,35
阿嬷,35
清凉,35
留不住,35
海司,34
杜伯什,34
新一轮,34
給我過,34
美感,34
給這個,34
皮层,34
催泪弹,34
武神,34
龐,34
龐培,34
峽谷,34
土归土,34
柔道,34
這出,34
指挥室,34
梅勒妮,34
系统故障,34
反间谍,34
扯谎,34
制藥,34
艾普丽尔,34
借出,34
塑像,34
得用,34
几世纪,34
危,34
有权有势,34
理财,34
本尼迪克,34
小查,34
马尔,34
怯场,34
痴呆,34
沒種,34
沒生氣,34
覺得現,34
大半个,34
快帶,34
喧闹,34
挺身,34
巴伐利亚,34
奔赴,34
后頭,34
别上,34
阿洛維,34
阿洛维,34
地鼠,34
茶点,34
为时尚早,34
血緣,34
破車,34
跳车,34
這藥,34
停步,34
假钞,34
两难,34
看店,34
看守所,34
熟練,34
索尼亚,34
北军,34
麗德,34
熊宝宝,34
极富,34
格纳,34
兄長,34
甜味,34
排气,34
非常低,34
奠定,34
受難,34
還沒給,34
莫尼卡,34
寻开心,34
史東蜜,34
蒙大拿州,34
脚踏,34
脚边,34
充血,34
格羅,34
抽根烟,34
孑然一身,34
教课,34
出版物,34
蒂埃,34
有光,34
血路,34
受过伤,34
不同凡响,34
迪林杰,34
地狱之火,34
利文斯,34
勤坻,34
弟妹,34
熊队,34
不穩,34
塞彻,34
输卵管,34
孝顺,34
标明,34
犹豫不决,34
奥尼达,34
贏取,34
贏定,34
布萊斯,34
布莱德利,34
散个步,34
辛巴,34
墨鏡,34
缓一缓,34
缎带,34
喬爾,34
車到,34
熵,34
珍視,34
情调,34
略知一二,34
拄,34
拆彈,34
痢疾,34
不眠,34
罪责,34
運河,34
元音,34
蒙罗,34
蒙娜丽莎,34
拉响,34
阿计,34
羁押,34
穆奇,34
几部,34
胡图族,34
甜頭,34
出货,34
鮑曼,34
没面子,34
躲雨,34
小鸭子,34
赶得上,34
白斯,34
若夫,34
呼神,34
塔罗,34
卡里姆,34
不请,34
这番,34
歎,34
奎爾,34
莎莉丝特,34
行动计划,34
丝绒,34
软体,34
打車,34
別騙,34
惦记着,34
鬼話,34
昵,34
跳蚤市场,34
경,34
比亚,34
蓋爾號,34
学历,34
深空,34
杂念,34
抹除,34
做給,34
做礼拜,34
就永遠,34
伊登,34
全中,34
看房,34
少年队,34
波纹,34
重装,34
走势,34
下三滥,34
阿朗,34
厩產,34
明白人,34
白矮星,34
出水,34
淪為,34
出界,34
殺個,34
畫上,34
莫干妮,34
最慢,34
重磅,34
跳来跳去,34
化肥,34
电子设备,34
静静的,34
贝比,34
不由得,34
舅,34
借着,34
我愛的,34
流经,34
东南亚,34
闲晃,34
沒撒謊,34
殭,34
巴厘岛,34
史酷比,34
閃人,34
那幢,34
施咒,34
前沿,34
北区,34
毛象,34
决裂,34
张图,34
本田,34
杀人灭口,34
舒,34
鲍德温,34
城里人,34
备战,34
调配,34
忘恩,34
难倒,34
他令,34
좋,34
不共戴天,34
煥發,34
照管,34
怂,34
自私自利,34
大业,34
鳃,34
干起,34
挑戰者,34
悲情,34
這樁,34
這樣問,34
這樣過,34
石像,34
向北走,34
石匠,34
韋爾蘇瓦,34
閒,34
動過,34
音色,34
林木,34
實用,34
奥纳多,34
寧,34
業績,34
捣鼓,34
房頂,34
冒泡,34
剜,34
原生,34
做鬼,34
相拥,34
叛變,34
生姜,34
攻擊性,34
稠密,34
学说,34
逆天,34
分上,34
白跑一趟,34
翻阅,34
罠,34
油轮,34
五指,34
技藝,34
哄骗,34
遠足,34
原材料,34
风靡,34
唠唠叨叨,34
赶集,34
我租,34
窈窕淑女,34
伤及,34
暴跳如雷,34
放错,34
胳肢,34
籌集,34
簽過,34
奧列格,34
籍,34
果子吃,34
惹是生非,34
鳗鱼,34
船夫,34
电费,34
小阿尼,34
發前,34
擄,34
主機,34
光盘,34
棺木,34
意识形态,34
小风,34
煙斗,34
这阵子,34
友军,34
又坏了,34
參謀長,34
丹吉尔,34
挣到,34
提利昂,34
愁眉苦脸,34
植物园,34
常見,34
幕布,34
詞語,34
吓住,34
五成,34
很花,34
未找到,34
赫本,34
营区,34
营房,34
柯月,34
尼龙,34
尼钩,34
酥皮,34
点要,34
蜜雅,34
寄过来,34
打定主意,34
愛國者,34
中喪生,34
駕駛艙,34
鲁君,34
早熟,34
倒杯茶,34
全数,34
基格,34
紫外,34
影射,34
单方面,34
麦娜,34
不讲理,34
桂,34
辦事處,34
木有,34
木工,34
探探,34
三头,34
別忘記,34
愚公移山,34
察覺,34
礼品店,34
范儿,34
爬虫,34
时光倒流,34
钻研,34
宅女,34
做份,34
做买卖,34
寄過,34
富森,34
宾果,34
沙包,34
顺畅,34
境況,34
嗡嗡声,34
基努,34
投籃,34
經見過,34
特遣,34
很矮,34
特許,34
右銘,34
润色,34
出招,34
根津,34
始末,34
乐福,34
仁兄,34
墓园,34
偷跑,34
偷竊,34
愚蠢地,34
寇斯,34
悉達,34
点钱,34
偶而,34
樹屋,34
拉斐爾,34
七十五,34
捏碎,34
心来,34
但絕,34
投進,34
古董商,34
潘趣,34
失去平衡,34
痛苦不堪,34
縱容,34
四根,34
風情,34
千尺,34
无底洞,34
温哥华,34
齐聚一堂,34
汽笛,34
迁就,34
欧斯,34
欧妮,34
君士坦丁堡,34
冰涼,34
摒,34
花盆,34
減刑,34
我分,34
學業,34
九號,34
祕,34
時見,34
古惑仔,34
人興奮,34
波切,34
没日没夜,34
掷骰子,34
七只,34
兩手,34
李奥纳多,34
数不胜数,34
高古,34
一望无际,34
号子,34
号召,34
我米,34
小偷小摸,34
临界点,34
而己,34
平易近人,34
現任,34
農業,34
六块,34
圆圆的,34
養家,34
麦克法,34
墊子,34
棋盤,34
条街,34
天降,34
斯特朗,34
心切,34
心來,34
业余爱好,34
棕榈泉,34
复职,34
大大小小,34
红队,34
編的,34
讲些,34
黑门,34
驶入,34
鬼事,34
昆田,34
一萬塊,34
带菌者,34
埃兰,34
鋼鐵,34
留斯,34
污點,34
弗拉迪,34
逃学,34
秞,34
電車,34
酒器,34
沙场,34
抱緊,34
律政,34
簔,34
下意识,34
你己,34
所賜給,34
它用,34
赠予,34
英雄救美,34
开膛手,34
上千人,34
随口,34
读书会,34
没教过,34
西爾維婭,34
爷爷奶奶,34
名利场,34
费事,34
遥,34
艾尔玛,34
劫机者,34
那三個,34
事由,34
大四,34
还生,34
我办,34
晨曦,34
你作,34
检察院,34
陰毛,34
维勒,34
希莉亚,34
倾注,34
一出戏,34
希波,34
演好,34
贪欲,34
人太,34
仰光,34
生還,34
贵度,34
那列,34
一万五,34
精神病学,34
水花,34
菲雅,34
可娜,34
彈殼,34
罗伊斯,34
俗语,34
家境,34
宪章,34
转右,34
幼苗,34
癲癇,34
彪悍,34
婌,34
浮夸,34
阵,34
还活,34
大鼠,34
历历在目,34
爽到,34
屡试不爽,34
履行职责,34
堪,34
動態,34
飛車,34
時能,34
女奴,34
交警,34
蛆虫,34
正途,34
特维尔,34
要講,34
真幸福,34
作假,34
小瞧,34
权贵,34
接地,34
手和會,34
秘密活动,34
收银员,34
令人满意,34
還打,34
吵过,34
市值,34
辗转反侧,34
辛劳,34
无情地,34
各类,34
束,34
折衷,34
只想去,34
祷告词,34
禁地,34
肉球,34
限定,34
舞男,34
上周二,34
曾多次,34
管理中心,34
女超人,34
組裝,34
堈,34
杜薇,34
斯韋,34
卑斯山,34
法醫,34
防禦,34
皎洁,34
若要,34
大黃蜂,34
无人知晓,34
斷頭,34
养父母,34
拉斐特,34
衝擊,34
喷涌,34
吴,34
예,34
服过,34
東東,34
诺伊,34
盘算,34
德弗,34
此举,34
重擊,34
只活,34
洛佩兹,34
條紋,34
一靜,34
皇妃,34
艾蕾斯,34
露出马脚,34
虚空,34
滩头,34
满怀希望,34
再接,34
恐同,34
烟消云散,34
一千一百,34
鍊,34
某次,34
土生土长,34
科科,34
活躍,34
戰俘,34
浸透,34
出会,34
问世,34
摄取,34
衣衫,34
面積,34
含羞草,34
算帳,34
侍候,34
菩萨,34
狼来了,34
卡列,34
里奥斯,34
胸脯,34
這一邊,34
西蒙娜,34
臭烘烘,34
斯蒂薇,34
五分之一,34
卷餅,34
力場,34
同房,34
虚度,34
諒,34
站成,34
转载,34
义警,34
跨国公司,34
霍斯特,34
久违,34
拉琴,34
牛粪,34
絑,34
牛扒,34
比目,34
諒解,34
請用,34
多芮斯,34
多拉,34
满城,34
管区,34
从何,34
晚禮服,34
安柏,34
可多,34
卵巢,34
牢骚,34
答错,34
答谢,34
階層,34
候命,34
歸隊,34
说白了,34
股骨,34
那出,34
嗅出,34
建筑学,34
气孔,34
菲格,34
绝无仅有,34
好好学习,34
這頓,34
控制力,34
被告人,34
反对者,34
次次,34
酷热,34
他怕,34
备胎,34
复述,34
小房,34
之初,34
之于法,34
活不长,34
味觉,34
开上,34
飛機場,34
會痛,34
野地,34
抢案,34
推克,34
凍死,34
箍,34
实,34
支部,34
晓,34
之嘴,34
亿万,34
完全符合,34
好兆頭,34
理他,34
民意调查,34
指掌,34
会进,34
蘇聯人,34
刺绣,34
負罪,34
黑寡妇,34
免税,34
益处,34
溜进来,34
溫拉圖,34
肪,34
療程,34
卡尔顿,34
釴,34
姜姜,34
截取,34
脆饼,34
能替,34
無影,34
皮鞭,34
邪门,34
不樂意,34
每根,34
博格特,34
退货,34
俄勒岡州,34
猎场,34
凶险,34
商谈,34
負鼠,34
订个,34
能过,34
依萍,34
暖流,34
大發,34
藥店,34
吊车,34
乌尔,34
能撑,34
回波,34
我重,34
端茶,34
海草,34
超跑,34
没人管,34
牵线,34
过歉,34
重审,34
洩露,34
艾丽茜娅,34
未经许可,34
花心,34
繡,34
付過,34
肥达,34
戈布,34
戀童,34
多只,34
瓦內薩,34
拼色,34
高材生,34
諾克,34
拱門,34
鏈子,34
多娜,34
共谋,34
吸进,34
凱琳,34
制做,34
魔多,34
其人,34
战绩,34
暢通,34
或稱,34
邀功,34
订做,34
弗兰琪,34
汤玛士,34
表态,34
凯若琳,34
凯普,34
海盗船,34
姬塔,34
大白痴,34
商事,34
拉加,34
母爱,34
新闻台,34
競技,34
暮光,34
水來,34
還大,33
瓜分,33
威信,33
遺物,33
威勒,33
能配,33
马尔寇,33
９,33
掀翻,33
竟会,33
上铺,33
伯伯,33
鸟群,33
比萨饼,33
超声波,33
反轉,33
其父,33
沒吃過,33
權益,33
头套,33
焚毁,33
能生,33
武士刀,33
危地马拉,33
咔嗒,33
签到,33
本席,33
公訴,33
本来面目,33
表兄弟,33
失策,33
表上,33
雅斯,33
停車位,33
衷,33
小聰明,33
反手,33
紀錄片,33
紀大,33
產盾,33
幺,33
解毒,33
并购,33
用做,33
四十二,33
首付,33
皮耶罗,33
下榻,33
同夥,33
一大帮,33
堿,33
支票簿,33
收敛,33
霍尔登,33
收縮,33
种族灭绝,33
藝,33
成因,33
美少女,33
皮恩,33
即位,33
天底下,33
违约,33
携带者,33
海路,33
水会,33
形影,33
观察力,33
約瑟,33
沒動,33
增进,33
回扣,33
脑壳,33
關著,33
热情好客,33
眼科,33
眼角,33
大把大把,33
開瓶器,33
戈德温,33
牧牛,33
绢,33
纸袋,33
疲惫不堪,33
博登,33
博罗,33
请愿书,33
够劲,33
俋,33
好乖,33
一缕,33
考莉,33
搞完,33
欠缺,33
買單,33
夸利亞,33
와,33
三種,33
真真切切,33
阿玛尼,33
小區,33
面目全非,33
大壞,33
貶低,33
六人,33
二百五,33
阨,33
負債,33
懦,33
手拉手,33
闹够,33
四块,33
梁,33
科勒,33
有错,33
材质,33
有期,33
菲拉,33
绝活,33
阿尔巴尼亚,33
四十五分钟,33
亲自出马,33
鲜肉,33
许先生,33
繁育,33
拿不出,33
扫地出门,33
母马,33
海鮮,33
花香,33
觉察到,33
无忧,33
专攻,33
两条路,33
落井下石,33
途電話,33
這發生,33
含苞,33
欠揍,33
挫,33
唱首,33
你認,33
下行,33
過個,33
举足轻重,33
宝佳康蒂,33
卷卷,33
控制杆,33
一放,33
腚,33
无期徒刑,33
无止境,33
用户名,33
起家,33
匈牙利人,33
夏绿蒂,33
衝浪,33
婚介所,33
低价,33
大篷车,33
姐们儿,33
出发点,33
努力争取,33
我蠢,33
婆,33
卡尔多,33
訴別,33
訳,33
法迪,33
克里普,33
连续剧,33
黑麦,33
這就夠,33
湮灭,33
美国黑人,33
美圆,33
特去,33
转交,33
之友,33
七点钟,33
好搭档,33
藍精靈,33
企喻,33
急救室,33
奇異,33
睴,33
买条,33
法雷爾,33
吨重,33
恩泽,33
睺,33
连长,33
弗拉迪米尔,33
被動,33
买房,33
那聲音,33
당,33
纵使,33
实属,33
預謀,33
附帶,33
没商量,33
京,33
伊西,33
臭哄哄,33
劝服,33
退到,33
满足感,33
哈奇,33
这匹,33
伍茲,33
牛头,33
報器,33
時鐘,33
滥交,33
绕开,33
摔伤,33
顫抖,33
三合,33
大粪,33
影視劇,33
陷进,33
無稽,33
哥斯拉,33
消瘦,33
那一,33
乐事,33
马可斯,33
刻板,33
事比,33
無聞,33
满腔,33
费里,33
德佛,33
升温,33
氏症,33
民,33
筋骨,33
特拉斯,33
難辦,33
医务兵,33
此言,33
呼吸道,33
安妮特,33
幼小,33
遮遮掩掩,33
德永,33
此話,33
道德观,33
道爾頓,33
真妙,33
汤姆森,33
伀,33
大喜之日,33
挥棒,33
恩里,33
冰棍,33
瞧一瞧,33
老布,33
貂皮,33
前例,33
伊尚,33
发电站,33
督促,33
刻画,33
纤黑,33
滩,33
刚瓜,33
创业,33
重擔,33
默林,33
圣潔,33
晃動,33
希亞,33
讲理,33
算盘,33
伊慈,33
追踪者,33
祭拜,33
祷文,33
八九,33
烏斯,33
為此,33
小車,33
动脉瘤,33
号车,33
困难重重,33
他法,33
傾聽,33
我祝,33
之门,33
斥责,33
享樂,33
闭紧,33
鬣蜥,33
阿尔玛,33
圣经上,33
势必,33
薩爾,33
可怖,33
接應,33
工作岗位,33
之女,33
不進,33
晃来晃去,33
屠龙,33
堂口,33
女警,33
行進,33
而當,33
比格,33
会回,33
欧比王,33
沾边,33
双头,33
悔意,33
豺狼,33
袭警,33
不會問,33
过失杀人,33
触觉,33
公平竞争,33
堪稱,33
飞人,33
毫無用,33
不间断,33
鐵鏈,33
一蹶不振,33
这大,33
九次,33
正餐,33
推車,33
杜格,33
香脆,33
上架,33
女兒們,33
肉体上,33
洗耳,33
擦洗,33
鎮里,33
魏特,33
緊接,33
水库,33
拱,33
放風箏,33
之眾,33
葡萄柚,33
請來,33
精品店,33
供詞,33
図,33
信号灯,33
弗農,33
對陣,33
外婆家,33
珀熙,33
珀爾,33
飞盘,33
卫斯理,33
卧床,33
吊灯,33
气炸,33
解剖学,33
有架,33
高龄,33
神祇,33
酒醒,33
难以想像,33
監工,33
石上,33
黑海,33
为什,33
挡箭牌,33
奈森,33
三軍情,33
遗世而,33
照明弹,33
前期,33
璛,33
典当,33
三长两短,33
這死,33
条命,33
亲信,33
替天行道,33
感情生活,33
感到痛苦,33
初学者,33
节杖,33
時用,33
預先,33
鬧鐘,33
生銹,33
開膛,33
奮鬥,33
普京,33
愛看,33
冷饮,33
瑕,33
證券,33
鯨,33
颠,33
普拉达,33
工錢,33
生物体,33
汇演,33
屈从,33
昆丁,33
駁,33
傻站,33
杨格,33
粗话,33
常德,33
电话费,33
事故现场,33
庫里,33
兩面,33
問的,33
巴巴拉,33
卡羅,33
問心,33
紐扣,33
史莱弗,33
放聲,33
格洛夫,33
庫存,33
玲丝,33
小黛,33
紐約州,33
班機,33
全权负责,33
追回来,33
宾至如归,33
蜀,33
玉璽,33
家庭聚会,33
感染力,33
艳遇,33
维嘉,33
平淡无奇,33
捐点,33
通靈,33
希薇亚,33
花平,33
感化,33
王大,33
棒球赛,33
打压,33
耍酷,33
最高处,33
標賽,33
技术员,33
卖个,33
那串,33
来教,33
信物,33
臥槽,33
马汀,33
作客,33
轮船,33
幕后操纵,33
伸进去,33
炫目,33
别喝了,33
信号弹,33
五尺,33
記憶里,33
參加葬禮,33
石棺,33
为国捐躯,33
公羊,33
記憶力,33
豐滿,33
嘗到,33
速食,33
涵盖,33
缔造,33
开脱,33
解放出来,33
吉祥,33
桌球,33
第四天,33
额度,33
人后,33
調子,33
幼时,33
渡河,33
质感,33
船主,33
每部,33
声调,33
壯大,33
潘西,33
抗辩,33
基情,33
愛慕,33
堅尼,33
蜘蛛网,33
重新整理,33
会照,33
目视,33
谁知,33
太可愛了,33
帐目,33
不放棄,33
所向无敌,33
喜怒,33
副校长,33
喜怒无常,33
卡利斯,33
拂晓,33
阿波,33
唐恩,33
高深,33
干到,33
試音,33
谴,33
三瓶,33
炸平,33
地下通道,33
啞巴,33
致谢,33
卢森,33
死忠,33
宁死,33
四度,33
亲生女儿,33
學得,33
可活,33
移至,33
繼母,33
一报,33
雀巢,33
明智地,33
珊莎,33
灼烧,33
將以,33
看不惯,33
停機,33
殷勤,33
受虐,33
受訓,33
参见,33
吐掉,33
书吧,33
讀取,33
别出去,33
蛮横,33
駝,33
投資人,33
投資者,33
頂層,33
別告,33
奧圖,33
奧特,33
帕尔,33
密尔沃基,33
靈活,33
打屁,33
没生,33
投票表决,33
爱滋病,33
經見,33
这朵,33
无线网络,33
望风,33
果戈理,33
有道,33
世事难料,33
抽点,33
通畅,33
讨回公道,33
第一页,33
如释重负,33
一樓,33
出纳,33
四颗,33
井底,33
弗里德,33
將從,33
埃諾拉,33
素质,33
传授给,33
跳上,33
辜者,33
促銷,33
沙嘴,33
死灵,33
巧克力糖,33
鲁思,33
严寒,33
分出,33
幾家,33
提利,33
亚历,33
财力,33
看夠,33
熟能生巧,33
为证,33
射击场,33
约翰内斯堡,33
硊,33
吐痰,33
约见,33
隐约,33
有能,33
朗格,33
克莉丝蒂,33
樓層,33
還回,33
牺牲者,33
麦哲伦,33
蔔,33
如出一辙,33
除我之外,33
除夕,33
提德,33
大体,33
马高,33
簽訂,33
大为,33
大个,33
礁,33
跳上来,33
尼根,33
呈现出,33
意義嗎,33
剧透,33
相互信任,33
之灵,33
磁力,33
人身安全,33
空无一物,33
导火线,33
龙珠,33
偏心,33
歌里,33
代数,33
蒋先生,33
共濟會,33
交易员,33
存进,33
国歌,33
测谎仪,33
勞里,33
飞进,33
极强,33
看会,33
罗姆,33
體貼,33
柯狗,33
茅屋,33
모,33
先于,33
生命垂危,33
房門,33
普蘭,33
胑,33
爛透,33
翻出来,33
必得,33
식,33
실,33
卡薇雅,33
不错呀,33
飞回,33
覺時,33
格米,33
胡里奥,33
诞,33
导航员,33
柴可夫斯基,33
總監制,33
總管,33
多酷,33
谢利,33
快克,33
埃沙,33
砸坏,33
记录片,33
膝盖骨,33
干細胞,33
音訊,33
閒事,33
還原,33
通货膨胀,33
公山,33
后事,33
火上,33
験,33
轉悠,33
相恋,33
本顿,33
就学,33
泰吉,33
上个,33
莫泽高,33
利士,33
是羅伯特,33
奥巴,33
有四個,33
有块,33
风云人物,33
奥康奈,33
榮光,33
熱量,33
一码事,33
图书室,33
大道理,33
遵守规则,33
流转,33
我握,33
罷手,33
掛著,33
幾瓶,33
舞蹈演员,33
通讯录,33
商机,33
胡诌,33
细腻,33
襄,33
襖,33
如此一来,33
击碎,33
弥诺,33
比一,33
陈词,33
總說,33
测出,33
出窍,33
雷迪,33
习以为常,33
猥,33
痙倒,33
痛处,33
塞尔柱,33
孟,33
喝到,33
佛斯,33
最晚,33
放空,33
敦促,33
格羅斯曼,33
三架,33
林赛,33
贝尼托,33
难保,33
静坐,33
主旨,33
班卓琴,33
主持公道,33
地干,33
相框,33
三样,33
相距,33
碧姬,33
楼梯间,33
对冲,33
羊皮纸,33
塔蒂,33
白浪,33
残渣,33
塔莎娜,33
生儿育女,33
更令,33
테,33
第三章,33
胡說些,33
雇佣军,33
外孫,33
旅伴,33
星際隊,33
刷刷,33
法尔科内,33
紀念碑,33
許對,33
卓别林,33
杰弗遜,33
眼珠子,33
冥冥中,33
檢方,33
喷气式,33
拿上去,33
暴亂,33
乌迪,33
那夜,33
钱够,33
報給,33
切磋,33
跑跑,33
高處,33
晚一點,33
骏马,33
夜魔,33
沒壞,33
大箱子,33
能见度,33
落孔,33
出书,33
出了點,33
戰時,33
姥爷,33
能長,32
代课老师,32
問一個,32
戰后,32
Ｋ,32
上講,32
校报,32
章程,32
竬,32
救得,32
晚到,32
乔瓦尼,32
医,32
区内,32
桽,32
離職,32
过桥,32
制伏,32
增派,32
应答,32
暮云,32
报个,32
鞋匠,32
鞋店,32
法尔斯,32
锂,32
头脑发热,32
锌,32
搞不到,32
輕而易舉,32
幸运地,32
特使,32
高能量,32
建好,32
建一個,32
指挥所,32
獨裁者,32
乘火车,32
天啟,32
給你帶,32
輕率,32
护航,32
洲际,32
请个,32
梅布爾,32
观测站,32
涂点,32
小心眼,32
连上,32
卡布奇诺,32
截然,32
敏查,32
一則,32
兩片,32
飢渴,32
布滿,32
瑞秀,32
打水漂,32
贝克汉姆,32
蠢得,32
撤军,32
嘴硬,32
蒙格斯,32
蒙德,32
你絕,32
車就,32
一二三四五,32
深意,32
水準,32
贝尔格,32
碰觸,32
轰轰烈烈,32
弥赛亚,32
原貌,32
拉进来,32
寶佳康蒂,32
米切,32
喧哗,32
楼房,32
昼夜,32
半钟,32
哈伯德,32
主打,32
碳酸,32
相提,32
硬要,32
想吃點,32
阿达,32
拉高,32
撕扯,32
全倒,32
太惨,32
一叠,32
北大西洋,32
带刺,32
燈籠,32
忘我,32
他读,32
阿方索,32
构成威胁,32
阿普洛,32
生天,32
十里,32
舞雪兮,32
白紙,32
蠢透,32
眉目,32
尤瑟,32
主动权,32
格贝克,32
沃尔什,32
當代,32
两千块,32
借机,32
有場,32
尼什,32
必勝,32
我樂意,32
塞納,32
狂妄自大,32
苛求,32
寻死,32
米老鼠,32
利伯曼,32
保時捷,32
剔,32
耶诞节,32
鼻梁,32
白化病,32
傳過,32
柴克,32
個壞,32
運動鞋,32
중,32
融资,32
務員,32
膠水,32
投中,32
异禀,32
三项,32
贝纳尔,32
颁奖礼,32
顿悟,32
尺度,32
綥,32
公寓楼,32
爛人,32
关门大吉,32
外海,32
多时,32
多帅,32
已达,32
第七章,32
我整,32
龙王,32
动弹,32
巴妮,32
走一遍,32
射出来,32
芯,32
射門,32
非死不可,32
換換,32
曝光率,32
曖昧,32
種盾,32
先不说,32
稍纵即逝,32
刀口,32
击个,32
題目,32
大谈,32
设有,32
膞,32
必会,32
騎手,32
打晕,32
叛國罪,32
贝蒙,32
图森,32
阿富汗人,32
爭斗,32
投怀送抱,32
格非,32
翰,32
食材,32
尼瑪,32
白衬衫,32
赫里,32
籌款,32
詹米,32
大儿子,32
撩人,32
剪报,32
二档,32
帕斯卡,32
帕梅,32
紫丁香,32
心跳声,32
爭辯,32
噱頭,32
籤,32
打捞,32
跳入,32
按計劃,32
巴宾顿,32
勝利者,32
開飛機,32
奥罗尔,32
后半辈子,32
贝雷帽,32
大调,32
蝰蛇,32
河湾,32
熟女,32
撑腰,32
樂曲,32
惠灵顿,32
聞聞,32
打拳击,32
濒死,32
熱力,32
不慎,32
忧郁症,32
芭蕾舞团,32
闇,32
血樣,32
血月,32
血液循环,32
選個,32
木块,32
无语,32
华夫饼,32
摩瑞提,32
奖得主,32
自然规律,32
那下,32
无法回答,32
专业知识,32
间谍活动,32
我度過,32
撵走,32
近路,32
白頭,32
有活,32
一泡,32
不發,32
發子彈,32
合力,32
出航,32
布瑞丝,32
大街小巷,32
已过,32
賴伊,32
泥沼,32
迪娜,32
中死,32
尔登,32
蒂諾,32
聊些,32
揚鑣,32
三塊,32
下套,32
主編,32
主權,32
風向,32
攻击者,32
传个,32
臥倒,32
尼诺夫,32
名號,32
清高,32
麦康纳,32
说不上,32
赤身,32
骸種,32
白鹳,32
电灯,32
最高点,32
明顿,32
內瓦,32
五金,32
兇惡,32
還應,32
门齿,32
沒有給,32
破费,32
中心地带,32
惠斯勒,32
情願,32
莎贝尔,32
尘埃落定,32
槽糕,32
花丛,32
麻省理工学院,32
寇尼,32
奧雷利,32
塞隆,32
镜像,32
乡亲们,32
行劫,32
直言不讳,32
任職,32
譫,32
跳傘,32
打字员,32
休伊特,32
棍棒,32
有奖,32
干劲,32
一大部分,32
沒油,32
萨缪尔,32
合夥人,32
布瑞絲,32
卡列尼,32
卡儂,32
將由,32
煮蛋,32
老夫,32
躲进,32
矿山,32
阿如斯,32
高枕无忧,32
淚,32
关塔那摩,32
我冲,32
四小時,32
四张,32
很貴,32
千方,32
社交生活,32
五十五,32
茁壮成长,32
愛一個,32
麻布袋,32
直指,32
圆球,32
背負,32
脸盆,32
所有者,32
潘蜜,32
万劫不复,32
阿德尔,32
偿命,32
足有,32
特级,32
赤身裸体,32
第四名,32
会演,32
香辣,32
西斯科,32
投身于,32
这床,32
千百,32
捕到,32
缥缈,32
社区服务,32
蜜亚,32
密苏里州,32
心如止水,32
義嗎,32
蜂群,32
在所难免,32
時還,32
阿基米德,32
發炳,32
第一枚,32
穿点,32
嬤,32
卡佛,32
古利,32
泽维尔,32
紛爭,32
照进,32
驚魂記,32
运动会,32
矰,32
迦,32
奎伊,32
事瞒,32
照辦,32
臨近,32
矿脉,32
石墙,32
握有,32
服务处,32
预付款,32
裘蒂,32
库伦,32
床下,32
度日如年,32
张伯伦,32
软肋,32
弄垮,32
變強,32
變動,32
逃往,32
誇獎,32
归档,32
归类,32
彈頭,32
猫儿,32
我爭,32
淫妇,32
瞥见,32
又称,32
小飞侠,32
發牢騷,32
专卖店,32
艾爾比,32
苏格曼,32
這什麼,32
一百次,32
长毛象,32
平白,32
有风,32
堅強點,32
神出鬼没,32
尋歡,32
瞬息万变,32
逞強,32
几本,32
頂部,32
东侧,32
丛,32
愛得,32
愛會,32
德高望重,32
豪夫,32
不屑于,32
保险杠,32
别名,32
托里,32
耍赖,32
情勢,32
波理士,32
奪冠,32
祥眭耋,32
漂白剂,32
展覽會,32
历史课,32
以毒攻毒,32
毫無關系,32
遣,32
租借,32
擔架,32
十七年,32
謹,32
르,32
런,32
讲台,32
備忘錄,32
交通警察,32
骚扰电话,32
幼鸟,32
生物武器,32
隨從,32
經離開,32
不渴,32
之恋,32
韓塞爾,32
毛孔,32
容颜,32
愛蒂,32
亚美尼亚人,32
低飞,32
議室,32
还算,32
丹佛斯,32
您給,32
重拳,32
蛀牙,32
洗好,32
洗脸,32
德雷顿,32
薩頓,32
电量,32
粘稠,32
奇科,32
横渡,32
马瓜,32
黑烟,32
横冲直撞,32
靠拢,32
本城,32
常青藤,32
樹叢,32
克羅登,32
達芙妮,32
镇民,32
来演,32
賦,32
名利双收,32
挑事,32
毫發,32
降雨量,32
父辈,32
杠弧,32
检视,32
這班,32
雪音君,32
掏腰包,32
见效,32
都毀,32
会诊,32
神跡,32
名作,32
只值,32
決鬥,32
交汇处,32
埃尔顿,32
埃尔默,32
取回来,32
專程,32
彻彻底底,32
我稱,32
抬到,32
脸谱,32
可口可乐,32
几圈,32
改寫,32
要花费,32
严刑拷打,32
摔断,32
門廊,32
水龍頭,32
管理者,32
箭頭,32
下颚,32
保夫,32
水痘,32
拉得,32
发高烧,32
小逼孩,32
搖滾樂隊,32
军械库,32
身负,32
過好,32
美钞,32
管线,32
自作,32
坎柏,32
拉面,32
面世,32
關禁閉,32
吞并,32
易事,32
躲藏在,32
软软,32
优异,32
草帽,32
紌,32
老巫婆,32
别来无恙,32
沾沾自喜,32
垂青,32
全神,32
这单,32
这双鞋,32
按兵不动,32
鐵石,32
养过,32
飛越,32
车技,32
妮莉,32
劫掠,32
消音,32
妾,32
我省,32
高價,32
黏住,32
角子,32
锤炼,32
賈華,32
一落千丈,32
他毀,32
超高,32
下一場,32
仁慈地,32
脑组织,32
改变命运,32
徒然,32
家小,32
神经错乱,32
上周末,32
上吊自杀,32
面包师,32
而出名,32
主音,32
论者,32
重修旧好,32
書亞,32
收银机,32
科米,32
飚,32
난,32
拔萃,32
詞匯,32
达斯汀,32
克里希,32
冰河时代,32
黑人区,32
關到,32
公物,32
條船,32
條魚,32
费弗尔,32
刻字,32
金主,32
烟灰,32
吕,32
男女老少,32
退步,32
菜肴,32
福尔曼,32
手電,32
扎卡,32
管束,32
用量,32
纳税,32
卡修斯,32
俗話,32
退一步,32
先问,32
亚金,32
俗称,32
艾迪森,32
纳札,32
一齊,32
车去,32
内要,32
春宵,32
재,32
입,32
麦可思,32
罗里,32
急转弯,32
农贸市场,32
多得很,32
教子,32
媼,32
亿元,32
教务长,32
烂事,32
震慑,32
赛段,32
陈先生,32
加勒,32
无偿,32
一切照旧,32
廁,32
费耶多,32
被窝,32
纳斯力,32
无可避免,32
盖起来,32
牙買加,32
延,32
查一查,32
科玛,32
泛舟,32
法雷尔,32
断断续续,32
小团体,32
費心,32
恕难从命,32
乱成一团,32
安拉,32
搞了个,32
貝納爾,32
錄用,32
斧頭,32
双陆,32
那不會,32
被淹,32
泛美,32
民事,32
力不从心,32
厄玛,32
高迪,32
盖乌斯,32
英格利,32
大老二,32
启事,32
特想,32
斯諾登,32
希莱丝特,32
言喻,32
慫恿,32
这则,32
此项,32
牛肉干,32
瓦西,32
戰況,32
大红,32
配備,32
见见面,32
笨得,32
计策,32
精華,32
禕,32
整幢,32
滔滔,32
滚滚,32
扫除,32
睡床,32
面色,32
瓦肯,32
安雅,32
沟渠,32
新唱片,32
转入,32
一陣風,32
麦田,32
輸贏,32
禔,32
吊床,32
可够,32
大一,32
福爾摩,32
高过,32
等离子,32
朱迪丝,32
朱莉亚,32
钝,32
包住,32
庞顿,32
独生女,32
供职,32
葛罗瑞亚,32
都灵,32
我進,32
步兵团,32
监护室,32
抢过来,32
跟個,32
凑热闹,32
违禁品,32
雷卡,32
出人頭,32
曼森,32
曼徹,32
希冀,32
霓虹灯,32
定时,32
霍頓,32
牢獄,32
領,32
夺宝奇兵,32
夺下,32
再战,32
西西儿,32
无一例外,32
末世,32
纳迪,32
先王,32
喷出来,32
大学教授,32
芬克,32
咽下,32
荡然无存,32
紅龍,32
真無聊,32
性冲动,32
定稿,32
叫牌,32
處子,32
伯母,32
手忙脚乱,32
吃货,32
恐高症,32
错得,32
滑轮,32
一伙儿,32
印第安纳州,32
安道尔,32
崩裂,32
個白,32
遇害者,32
网友,32
花鼠,32
品德,32
芬斯,32
弗吉尼亞州,32
布兰森,32
视察,32
做功,32
曹,32
蹦蹦跳跳,32
人类学家,32
诉苦,32
沒勁,32
墙里,32
雷尼尔,32
降临到,32
苏丝,32
会馆,32
禿鷹,32
華橫溢,32
叫輛,32
收場,32
建设性,32
头等大事,32
黑匣子,32
简要,32
病入膏肓,32
赋,32
重庆,32
招生,32
六支,32
催化剂,32
重大事件,32
小白臉,32
着陆点,32
临头,32
先帮,32
理想化,32
哈特利,32
午,32
曼恩,32
形像,32
各回,32
拈,32
能弹,32
落单,32
我養,32
作废,32
释然,32
到車,32
暈頭,32
回溯,32
借酒消愁,32
拍马屁,32
队服,32
許多事,32
译制,32
海压,32
超快,32
店面,32
十只,32
鸡尾酒会,32
拼错,32
魔头,32
吃奶,32
常倒,32
本基,32
貴度,32
三張,32
要务,32
四十分钟,32
秃,32
收受,32
一側,32
详细情况,32
講座,32
达什,32
佐斯,32
人力资源部,32
对劲儿,32
苤,32
辺,32
本区,32
十三个,32
格莱布,32
吉冈,32
台面,32
加進,32
误判,32
道貌岸然,32
失物招领,32
失憶,32
小澤,32
浓咖啡,32
后窗,32
后期制作,32
红十字会,32
月桂,32
焊吹,32
自娛,32
钟响,32
马太福音,32
財團,32
真逗,32
眼睫毛,32
威爾金森,31
脊椎动物,31
諾斯,31
諾亞,31
我體,31
海狗,31
著什麼,31
葉問,31
暗面,31
野營,31
反锁,31
趁热,31
著裝,31
海难,31
借錢,31
智囊团,31
海军基地,31
海燕,31
這一條,31
商務,31
朵儿,31
暈倒,31
自告奋勇,31
船首,31
酷爱,31
批发,31
野战,31
來要,31
听证,31
法捷耶夫,31
狼族,31
旧时,31
罗瑞,31
罗梅罗,31
我閉,31
多普勒,31
無害,31
刺进,31
烟熏,31
這盤,31
糊里糊涂,31
糖分,31
阿卡普尔科,31
我費,31
浴衣,31
拉兹,31
真臭,31
無時,31
無愧,31
無慮,31
转运,31
挫敗,31
六万,31
单亲,31
俏皮,31
退钱,31
不歡,31
时有发生,31
丧礼,31
峰值,31
控制程序,31
手给,31
呯,31
还跟着,31
州际公路,31
过目不忘,31
公事公办,31
赖拉,31
定位系统,31
禮品,31
手掌心,31
好丑,31
安神,31
菲涅尔,31
菲涅爾,31
菲戈,31
菲尼,31
关键词,31
傭人,31
跛子,31
懷爾德,31
伞索,31
開槍射,31
民謠,31
用个,31
官人,31
指不定,31
奶水,31
理會,31
没喝,31
附着,31
堪薩斯州,31
絕命律師,31
伍德魯夫,31
游船,31
切利,31
好多天,31
再念,31
皋,31
说话算数,31
倗,31
候诊室,31
拉索,31
獲救,31
獎牌,31
黯然失色,31
一擲,31
亞曼達,31
腎上,31
分隊,31
腦子裡,31
菜刀,31
那使,31
下雨天,31
佩琪,31
佩枪,31
岛民,31
这不怪,31
做大,31
开家,31
用电,31
年生,31
年級,31
滷,31
奸夫,31
杜爾,31
先天性,31
成心,31
活蹦乱跳,31
查尔斯顿,31
随和,31
絴,31
得奖者,31
特恩,31
倫諾,31
个州,31
抢先一步,31
英格玛,31
手部,31
长胡子,31
实事,31
气场,31
金正恩,31
霍道,31
禮昂,31
雜碎,31
一百倍,31
錯覺,31
招收,31
拚,31
脹,31
肉片,31
慘敗,31
只字未提,31
德本汉,31
爽约,31
客满,31
按原,31
重于,31
查探,31
科顿,31
手刹,31
新增,31
壁虎,31
可干,31
可循,31
滦,31
客舱,31
没定,31
山峦,31
全要,31
特異,31
一区,31
幼圆,31
疑云,31
朱可夫,31
两回事,31
两地,31
整本,31
鹰嘴豆,31
警报系统,31
才剛,31
重振,31
扑倒,31
凉鞋,31
慢吞吞,31
家后,31
據點,31
上周四,31
梳妝,31
高能,31
高级官员,31
女声,31
節杖,31
毯,31
北海,31
一丁点儿,31
腳旅,31
水里去,31
水银,31
加害,31
俄狄浦斯,31
等同,31
高興地,31
桎梏,31
骚,31
以牙,31
觸動,31
德米特里,31
女權,31
箭毒,31
吉罗,31
好菜,31
陶,31
德雷頓,31
神秘兮兮,31
班納,31
开瓶,31
鄉下,31
低點,31
現在會,31
太亮,31
隨隨便,31
經幫,31
經常會,31
分得,31
拥有者,31
蛙,31
王先生,31
斷絕,31
自願,31
國人,31
我仅,31
气馁,31
晨,31
数天,31
好痒,31
左面,31
阉割,31
闽超,31
旋翼,31
驼鹿,31
感觉良好,31
初級,31
爵爷,31
爸會,31
平白无故,31
颇具,31
漫漫长夜,31
过好,31
訂購,31
调制,31
太厲害,31
天雷,31
隱身,31
百分之八十,31
探險家,31
猴急,31
毒品走私,31
現代化,31
認真地,31
半杯,31
多前,31
所長,31
活过,31
點顏色,31
我口,31
先問,31
改日,31
百分之五十,31
居住者,31
没放,31
阿强,31
宽大,31
傑瑞,31
篓子,31
主页,31
女主,31
太傷,31
爱斯基摩,31
伏特,31
蜜普,31
宿敌,31
枪林弹雨,31
密不可分,31
祖传,31
稀里哗啦,31
兼具,31
彎曲,31
大革命,31
更慘,31
自讨苦吃,31
阿麦,31
调度员,31
伏低,31
酒神,31
王储,31
水瓶,31
拭去,31
瑞典语,31
稀巴爛,31
程序员,31
光学,31
在握,31
莱昂纳德,31
上千年,31
別人會,31
愛戴,31
祝你平安,31
別別別,31
颈动脉,31
颇为,31
本世紀,31
還穿,31
農莊,31
甲醛,31
駛,31
心病,31
木屐,31
吉岡,31
趕集,31
传下来,31
传令,31
光泽,31
败给,31
靓,31
西坡,31
全壘,31
愛丁堡,31
髋关节,31
更差,31
趕往,31
很粗,31
特训,31
社会主义者,31
腺素,31
時來,31
密布,31
名稱,31
奧林匹斯,31
没胆,31
昂山,31
剧目,31
来之不易,31
一宿,31
一尺,31
一上,31
澤拉,31
澎湃,31
口號,31
塔比,31
加紧,31
再出,31
几点钟,31
別放棄,31
阿斯匹林,31
椒盐,31
聚光,31
如山,31
数十,31
柯斯达,31
绝壁,31
一刻不停,31
木制,31
塘鹅,31
麦坎,31
翠丝,31
拉蒂,31
不认,31
沃爾夫,31
莱斯顿,31
我应,31
桃,31
柯克曼,31
随处,31
负债累累,31
還告訴,31
开辟,31
贝森,31
上傳,31
寫成,31
騾子,31
症候群,31
確診,31
负荷,31
中場,31
音頻,31
方圓,31
玛利,31
南西,31
图腾,31
稵,31
柯斯達,31
充满信心,31
柯比,31
稳定性,31
人文,31
每周六,31
螥,31
毫不相干,31
大件,31
喜马拉雅山脉,31
必定会,31
相交,31
最底层,31
侵扰,31
器皿,31
作響,31
那款,31
文摘,31
开设,31
兴高采烈,31
珠子,31
噌,31
侧门,31
记事本,31
全勝,31
必須給,31
吹订,31
尺子,31
相待,31
紧紧抓住,31
持球,31
沉膀,31
很灵,31
已于,31
排行,31
加熱,31
這個島,31
蒼天,31
過火,31
没车,31
原罪,31
襄阳,31
昆西,31
倫尼,31
連他,31
辣味,31
泰式,31
贝格,31
寶貝們,31
靜電,31
地理位置,31
鮑爾斯,31
埋头,31
斯波克,31
千块,31
第二层,31
規章,31
呼聲,31
呼蹈,31
沒話,31
人兒,31
本台,31
谎称,31
相视,31
忍受着,31
壽,31
壽司,31
如泥,31
放手去做,31
图形,31
决胜,31
跳窗,31
最恨,31
膳食,31
奥森,31
撞伤,31
黄石,31
那通,31
挾持,31
計較,31
谈吐,31
忘懷,31
地檢官,31
碰巧在,31
北岸,31
化身为,31
猝死,31
换钱,31
戴蒙,31
戴蒙德,31
浑浊,31
变性手术,31
惱火,31
后果自负,31
査,31
柴恩,31
我替,31
氣流,31
多维,31
調戲,31
幾百,31
互助会,31
太朗,31
做证,31
還是給,31
三條,31
紧身裤,31
紧要关头,31
穷困,31
妇科医生,31
血汗钱,31
硕大,31
奥古斯丁,31
硝基,31
不重,31
纰漏,31
大劲,31
車撞,31
放眼望去,31
充其量,31
大波,31
册子,31
轉給,31
排水管,31
甜瓜,31
回乡,31
碍手碍脚,31
变故,31
确立,31
裱,31
就值,31
去度,31
飞车党,31
捄,31
班子,31
惨白,31
贏下,31
保温,31
想住,31
臉孔,31
克林贡,31
迪許,31
熱舞,31
纯度,31
大份,31
血拼,31
破处,31
让出,31
異國,31
奥兰,31
巴勃,31
發言權,31
狄加,31
迪瓦,31
破舊,31
跳躍,31
挺起,31
埃玛,31
文职,31
淪陷,31
妈个,31
蒙吉,31
共生,31
談一談,31
鎮壓,31
發笑,31
去留,31
省點,31
韩先生,31
中招,31
一贫如洗,31
歡慶,31
歐內,31
变样,31
麗茲,31
快得多,31
尖尖,31
冗長,31
裝成,31
裝腔,31
情迷,31
文案,31
辞世,31
艾森豪威,31
迪奧,31
破洞,31
克莱姆,31
灵异,31
一决,31
麗斯,31
教诲,31
一洗,31
隨口,31
代刚,31
有色人种,31
墨西拿,31
布拉特,31
瑣事,31
冲绳,31
利维,31
一科,31
地走了,31
嘉莉,31
空话,31
史泰曼,31
蒂博,31
汉纳,31
變大,31
挺舒服,31
情緒化,31
取水,31
矿业,31
矿藏,31
金凱德,31
粗口,31
情景喜剧,31
情書,31
行刺,31
將死,31
嘘嘘,31
砍头,31
化妆师,31
胡須,31
我毀,31
几首,31
痙攣,31
卡內,31
一人出,31
饥,31
子孫,31
會上,31
别冲,31
卖身,31
不归路,31
茶壶,31
太矮,31
国内外,31
敢保,31
钻头,31
斑驳,31
斑比,31
幅度,31
試用,31
驚醒,31
黑森林,31
達文尼爾,31
出櫃,31
瓦顿,31
講理,31
雷登,31
雷科,31
伤亡惨重,31
發時間,31
诗篇,31
来玩个,31
這計劃,31
五张,31
照例,31
施加压力,31
转眼,31
最頂,31
炮击,31
达奇,31
软化,31
飞虎队,31
炎,31
払,31
自作多情,31
不告而别,31
你長,31
衍生,31
矢志,31
行装,31
转来,31
畢克,31
留话,31
沾滿,31
躯干,31
毀滅性,31
有益于,31
越境,31
弄臟,31
外交部长,31
别当,31
不堪入目,31
波尔多,31
嫌棄,31
戲了,31
史黛拉,31
拳賽,31
璆,31
彻底解决,31
巴比伦,31
影带,31
这鞋,31
知之甚少,31
煙灰缸,31
阿莫,31
信是,31
见上帝,31
甘蓝,31
暴露出,31
小賤,31
草案,31
搖晃,31
毕曼,31
佳肴,31
摇钱树,31
橄欖,31
重重的,31
多虑,31
之際,31
雷是,31
政變,31
有礼,31
花言巧語,31
貂皮大衣,31
泉源,31
對頭,31
良药,31
上電視,31
妥瑞症,31
脑电波,31
脑波,31
故事会,31
戲劇性,31
小雪,31
悟,31
集团军,31
齐聚,31
军政府,31
玩去,31
嗳,31
发表演说,31
找來,31
停戰,31
包上,31
红牛,31
留声机,31
小冊子,31
小兔,31
料想,31
影業,31
内部消息,31
咋樣,31
巴爾波,31
掌中,31
人一樣,31
面對面,31
刻着,31
波兹,31
十几年,31
十亿美元,31
无多,31
拼接,31
諾琳,31
哑剧,31
多姿多彩,31
挨家挨户,31
芞,31
老把戏,31
被窃,31
老東西,31
双峰,31
他演,31
人脸,31
独立自主,31
睡眠不足,31
一帮人,31
买入,31
衝突,31
倒閉,31
计算器,31
本年度,31
舒马赫,31
亲过,31
亲娘,31
见怪不怪,31
大祸,31
狮子王,31
市镇,31
市面上,31
不对头,31
量身定做,31
大团圆,31
姐们,31
還不懂,31
努力学习,31
试吃,31
還買,31
瞎操心,31
烛火,31
发痒,31
急匆匆,31
冠冕,31
军火库,31
真槍,31
無藥,31
大堆,31
大增,31
大夥兒,31
保養,31
保险费,31
违抗命令,31
衿,31
真甜,31
问号,31
觉察,31
縩,31
过重,31
鸡汤,31
十小时,31
临弧,31
機艙,31
反咬,31
踩下,31
司各特,31
共同语言,31
環礁,31
掉以轻心,31
两枚,31
八只,31
那组,31
刺探,31
剁碎,31
剃光,31
自戀,31
單元,31
自愈,31
自怜,31
超载,31
暇,31
暂住,31
邁可,31
威士忌酒,31
供電,31
히,31
暗處,31
水压,31
娄,31
不耐煩,31
餐前,31
布兰卡,31
商榷,31
舞技,31
伦德,31
席琳,31
小火,31
小气鬼,31
听天由命,31
荣获,31
坚定不移,31
搭船,31
請律師,31
蹒跚,31
蹄,31
他接,31
他換,31
自学,31
真象,31
远超过,31
小桶,31
哈扎,31
阿尔及利亚,31
土豪,31
腐肉,31
藥水,31
私心,31
控器,31
护卫队,31
桶子,31
肩胛骨,31
肯伍,31
肯兹,31
互相支持,31
鱼肉,31
加冕礼,31
輕松點,31
跌跌撞撞,31
俗人,31
病仔,31
解釋給,31
物归原主,31
喀斯,31
特人,31
幻,31
暗自,31
筹办,31
以眼还眼,31
飛舞,31
柚子,31
赏赐,31
赎,31
晚报,31
拈花惹草,30
伊比,30
落难,30
落荒而逃,30
落網,30
針頭,30
鈔,30
瘦得,30
還沒人,30
還沒好,30
应战,30
諾曼底,30
庙,30
端倪,30
高强度,30
里亚,30
底細,30
艾斯梅,30
伤着,30
十四行诗,30
諜,30
专座,30
笨到,30
笨狗,30
點名,30
娱乐节目,30
戰線,30
顺便去,30
痛风,30
诉讼案,30
彷,30
拉合尔,30
内政,30
大礙,30
八万,30
出不來,30
有笔,30
助演,30
动真格的,30
不知疲倦,30
浴巾,30
僵康,30
雷劈,30
乌兹别克斯坦,30
证据不足,30
發郵件,30
填表,30
鲍伯伍,30
迎面,30
發熱,30
發怒,30
通吃,30
通到,30
卡伊,30
布朗特,30
布拉沃,30
布林,30
新罗,30
館長,30
餐饮,30
不离,30
两面派,30
遊客,30
沒腦子,30
拉姆齐,30
毁灭者,30
緔,30
葛瑞翰,30
各答,30
交响乐,30
木筏,30
木舟,30
選好,30
里屋,30
十件,30
水器,30
核电厂,30
婆罗洲,30
右面,30
交加,30
团长,30
多種,30
交好,30
交媾,30
발,30
劳力,30
花蕾,30
花苞,30
痛击,30
兩步,30
卡米洛,30
呼啸山庄,30
狗咬狗,30
动能,30
动词,30
教名,30
栖,30
窥视,30
窗邊,30
各路,30
政见,30
拼圖,30
謊者,30
经期,30
浓雾,30
點小,30
叶问,30
十英里,30
謎語,30
元旦,30
格哈德,30
白细胞,30
很慶幸,30
鱼鱼,30
归属感,30
布赖,30
若斯多,30
不相上下,30
时候未到,30
金蛋,30
换车,30
卡萝尔,30
轉為,30
冈萨雷斯,30
抽得,30
饮用,30
萨鲁曼,30
润滑,30
起個,30
水族馆,30
水性,30
艾希,30
拿手好戏,30
赴宴,30
媽為,30
起价,30
第一首,30
艾爾依伯,30
空格,30
字样,30
交心,30
百分之四,30
沙土,30
沙佩,30
沙也加,30
花环,30
抬举,30
沙恩,30
归西,30
日用品,30
内奥米,30
卢克蕾,30
酒味,30
位居,30
但還,30
已經來,30
近十年,30
淨,30
几项,30
胳臂,30
亡命天涯,30
一決,30
里斯特,30
庫拉,30
座机,30
床頭,30
史冊,30
曰,30
妄图,30
史蒂维,30
多方,30
這令,30
测绘,30
壕,30
壕沟,30
李家,30
时事,30
金牛座,30
徒勞,30
航机,30
航天员,30
獄長,30
牽手,30
卢西恩,30
工兵,30
大水,30
伊瓦,30
史密,30
一檔,30
存根,30
四萬,30
胫骨,30
高人一等,30
艾夫納,30
艾夫纳,30
我撐,30
戴辨,30
流露出,30
选择性,30
你後面,30
第七天,30
放光,30
放學后,30
我撒謊,30
我排,30
逼得,30
全鎮,30
闭着,30
苦差事,30
經付,30
領著,30
馒贺,30
得照,30
繁琐,30
朱蒂,30
百貨,30
皮大衣,30
要往,30
皇位,30
遍野,30
麥基,30
抬起头来,30
严格说来,30
辐射量,30
氣死,30
如影随形,30
這個鎮,30
史坦顿,30
雷雨,30
蒙戴,30
出類,30
調職,30
水沟,30
選上,30
我會問,30
柯闷,30
史丹思,30
瑞士人,30
稸,30
胖小子,30
图谋,30
病原体,30
加克,30
周而复始,30
天壤之别,30
没人用,30
公升,30
特徵,30
大麦,30
輝,30
说梦话,30
卫生署,30
門鈴,30
逆轉,30
凿,30
房裡,30
醫藥,30
我想通,30
郵差,30
借由,30
第二张,30
所得税,30
學分,30
孤注,30
萎縮,30
数以百万计,30
伟业,30
脱口而出,30
普普通通,30
便衣,30
赫丽,30
办过,30
輕巧,30
捕獵,30
絕密,30
拉着,30
加内特,30
请不起,30
金沙,30
牟利,30
山雀,30
全額,30
武陵,30
崔伊,30
大鸟,30
铁证,30
无惧,30
木地板,30
一刻钟,30
格鲁吉亚,30
我強,30
几百人,30
先出,30
稱腊,30
闺房,30
課本,30
所踪,30
骨瘦如柴,30
鎖好,30
飘扬,30
流星雨,30
什人,30
放低,30
共通点,30
称不上,30
赠品,30
臭气,30
修得,30
亏待,30
爽身粉,30
有情人,30
时日无多,30
天皇,30
爾特,30
抚养费,30
拉直,30
要养,30
要來點,30
盎然,30
赢来,30
几支,30
多面体,30
组里,30
千斤,30
清靜,30
拨澈,30
黛茜,30
框篷,30
薩特,30
守密,30
赢钱,30
電纜,30
上榜,30
好望角,30
积水,30
守著,30
过学,30
舰船,30
乳癌,30
盛裝,30
群中,30
正著,30
天長,30
自閉,30
德瑞,30
爾夫,30
疏通,30
軟糖,30
香吻,30
臭气熏天,30
西紅柿,30
言中,30
牛羊,30
牛油,30
可想,30
可想而知,30
晨间,30
秘笈,30
這兩年,30
鎖著,30
可憎,30
薛,30
我吸,30
渡海,30
赛程,30
適用,30
之州,30
霉猾,30
乔瑟,30
之差,30
没气,30
有頭,30
压低,30
这太扯,30
时间段,30
割下,30
德本漢,30
做錯,30
一醉方休,30
盡心,30
義了,30
過圣,30
堅果,30
付帳,30
薩莎,30
阿云,30
我今,30
肯特郡,30
更難,30
圖麗普,30
赛迪,30
一千零一夜,30
一去不复返,30
鸬鹚,30
薪资,30
伯森,30
藐視,30
游到,30
我什,30
桌前,30
游泳队,30
游过来,30
默默地,30
默许,30
圖爾特,30
酒精中毒,30
余震,30
心安,30
爱莉丝,30
爱管闲事,30
声浪,30
本體,30
通風,30
厚实,30
压倒,30
阳光明媚,30
堂上,30
没教养,30
朱利亚,30
医疗事故,30
書友會,30
書房,30
赖利,30
活见鬼,30
鐐,30
练球,30
刑具,30
里长,30
梅利莎,30
基布,30
爱丽斯,30
駁回,30
提他,30
心防,30
剪发,30
沃思,30
拉菲特,30
日歷,30
描绘出,30
心会,30
心之火,30
直行,30
何種,30
尽是,30
钢丝,30
太不像话,30
英王,30
敲掉,30
可以信赖,30
长高,30
切換,30
科伊,30
宗教仪式,30
支煙,30
官府,30
科学院,30
戏里,30
简约,30
梅爾文,30
太地,30
細心,30
原形,30
翻倒,30
体质,30
厨娘,30
记忆犹新,30
騎過,30
西塞罗,30
音箱,30
中型,30
调查结果,30
剥皮,30
花呢,30
红地毯,30
證書,30
纽波特,30
先挑,30
完全恢复,30
藥膏,30
好好学,30
梅利,30
這可憐,30
圣丹斯,30
升旗,30
旗鱼,30
誠懇,30
懲罰者,30
赊账,30
几十万,30
收件箱,30
虎皮,30
禸,30
定会,30
忍著,30
忍气吞声,30
抓穩,30
玛格丽,30
西北方,30
相册,30
志同道合,30
原計劃,30
相簿,30
玛奇,30
售货员,30
陣線,30
调换,30
提娜,30
正傳,30
东北方向,30
划艇,30
叫嚣,30
先死,30
圣主,30
懷上,30
六成,30
颜,30
鍵,30
继子,30
离线,30
手氣,30
朝前,30
实况,30
上層,30
红桃,30
谈钱,30
燃烧弹,30
太無聊,30
陣地,30
挺进,30
就医,30
这破事,30
歡愉,30
止疼,30
襯,30
過癮,30
肛,30
肛門,30
年末,30
定好,30
箈,30
任其,30
洛加律,30
只身,30
露宿,30
九十九,30
滴血,30
哈土,30
攝氏度,30
肚弧,30
肉豆蔻,30
求得,30
多万,30
慷慨大方,30
滾動,30
滥杀,30
满天飞,30
费瑟,30
刚满,30
警报声,30
纳温,30
实至名归,30
曼諾夫,30
柏林墙,30
室里,30
慘遭,30
宮里,30
肉卷,30
看多,30
剑士,30
熱度,30
咿呀,30
畫展,30
不息,30
裝好,30
尖利,30
讨喜,30
讬,30
弗里德曼,30
预产期,30
看准,30
三成,30
鮭魚,30
缘,30
洘,30
洗過,30
洛佩斯,30
年时,30
午餐会,30
梦幻般,30
整好,30
整場,30
擼,30
整間,30
築,30
家务事,30
扎布,30
创世纪,30
另類,30
蚂蚱,30
凌,30
那東,30
油价,30
过人,30
念出,30
唉呀,30
舽,30
自滅,30
金凯德,30
象群,30
驚魂,30
裝甲車,30
前頭,30
谬论,30
宴席,30
祥猁,30
擠壓,30
女子监狱,30
圣誕樹,30
家去,30
女杀手,30
虾子,30
获奖者,30
飛進,30
北端,30
检修,30
愿景,30
神諭,30
按键,30
腸,30
腳趾,30
揪住,30
忽,30
转盘,30
本職,30
豪猪,30
麥娜,30
信條,30
来生,30
太脏,30
老友记,30
豎起,30
略微,30
尖头,30
写文章,30
冗长,30
快站,30
家时,30
雙贏,30
一瘸一拐,30
黑马,30
路斯,30
拖著,30
陪护,30
感應器,30
长滩,30
潮人,30
感叹,30
冻坏,30
祝你成功,30
古堡,30
密查,30
留出,30
转来转去,30
揽胜,30
小陽光,30
裂開,30
中选,30
埃姆斯,30
写过信,30
两亿,30
畜栏,30
这节,30
欧比,30
速戰速決,30
值錢,30
麥克爾,30
快關,30
看有,30
漢默,30
別嚇,30
地久,30
蜀黍,30
货舱,30
会教,30
青春痘,30
黑胶,30
肆无忌惮,30
贩卖机,30
還當,30
錢財,30
別往,30
保尔,30
澳大利亚人,30
別擔,30
這我們,30
咸菜,30
小象,30
泄出,30
入場,30
小蠻,30
왔,30
入行,30
真摯,30
無精,30
达玲,30
鋼,30
红葡萄酒,30
装潢,30
豪車,30
不尽,30
無需,30
納溫,30
沾染,30
门儿,30
门将,30
入怀,30
無法將,30
貝斯手,30
小石头,30
他明,30
伽马射线,30
丟過,30
认字,30
转舵,30
量化,30
找得,30
袋熊,30
失竊,30
焦炭,30
道爾,30
自拍,30
無須,30
草包,30
富家子弟,30
主干道,30
挑拨,30
按程序,30
半左右,30
偷藏,30
份份,30
任感,30
任教,30
審核,30
數年,30
惹人爱,30
泰爾,30
外祖父,30
负起,30
莫须有,30
五点钟,30
性虐待,30
約克,30
失物,30
小点儿,30
断送,30
小杏,30
订金,30
欄桿,30
檸檬汁,30
刺殺,30
冤魂,30
热浪,30
中量,30
性别歧视,30
那一個,30
詹尼洛,30
奥赫,30
磨碎,30
一上午,30
遙,30
二万,30
半空中,30
半神,30
蠅猁,30
静下来,30
還回來,30
一盏灯,30
寒风,30
领子,30
领着,30
干草堆,30
会多,30
火候,30
二百五十,30
雅各布森,30
补补,30
发回,30
老豆,30
老路,30
携,30
齐国,30
他掛,30
冥王,30
老爷车,30
老照片,30
现场报导,30
发叔,30
制订,30
订阅,30
小熊维尼,30
反目成仇,30
不冷,30
挑出来,30
领奖,30
想谈,30
闲置,30
确是,30
确凿证据,30
螺,30
磨叽,30
打暈,30
旅癬,30
血圣,30
倔強,30
法規,30
补丁,30
睡會兒,30
烤架,30
总公司,30
发源地,30
阿瞬,30
坐骑,30
三角架,30
搭個,30
眾生,30
三艘,30
怪病,30
法拉第,30
制导,30
寶貝兒子,30
臉紅,30
打的好,30
变慢,30
這批,30
贝尔特,30
挠痒痒,30
七大,30
闽龄,30
化療,30
嘱咐,30
井然有序,30
奥尔佳,30
职业病,30
火种,30
奥斯曼,30
鼻毛,30
賈森,30
面带微笑,30
丹伯,30
锯掉,30
锥形,30
亩,30
變胖,30
企及,30
料子,30
小希,30
買給,30
泡吧,30
面令,30
停靠在,30
小夥子,30
糖豆,30
睛,30
化為,30
硝酸,30
利祖,30
賽利,30
利布,30
一干,30
血償,30
寺院,30
迪娅,30
迪基,30
迪克斯,30
灯亮,30
利剑,30
奔腾,30
那用,30
别抱,30
冰袋,30
连话都,30
点时,30
别学,30
维肯,30
发胖,30
而樹木,30
坏男孩,30
波動拳,30
马拉喀什,30
小喽啰,30
马尼拉,30
恩情,30
吐气,30
波蘭語,30
撇,30
不合身,30
无限期,30
灵通,30
取款,30
將給,30
一節,30
类动物,30
人贩子,30
将令,30
文艺,30
别争,30
賬目,30
码线,30
板条箱,30
托明,30
達頓,30
玲玲,30
场内,30
锻造,30
芒罗,30
粗鄙,30
书评,30
關愛,30
点缀,30
會付,30
達玲,30
作嘔,30
波拿巴,30
克里奥,30
他帅,30
拔剑,30
烈,30
松木,30
电视广告,30
石榴,30
会待,30
嘔心,30
昭告,30
文藝,30
酿成,30
重計,30
毛怪,30
电话卡,30
为乐,30
摘要,30
闘,30
砍伐,30
瞨,30
樵夫,30
會動,30
賓森,30
狱,30
内行,30
拉下水,30
内布拉斯加,30
见面会,30
朴素,30
事令,30
海军军官,30
伪,30
能换个,30
有線索,30
内心世界,30
大罪,30
佩雷亚,30
暮云春树,30
ة,30
伫立,30
你治好,30
救濟,30
敌不过,30
核弹头,30
鸟语,30
論壇,30
脉动,30
多惠,30
多明妮戈,30
布劳恩,30
瘋癲,30
高壓,30
脏乱,30
緩緩,30
机型,30
钱尼,30
罗摩,30
八字,29
库根,29
瓦格納,29
乌姆,29
因子,29
途经,29
登出,29
排便,29
發信號,29
商界,29
舖,29
巴索,29
狂风暴雨,29
了門,29
两幅,29
親身,29
十指,29
侦察机,29
侦察兵,29
叹,29
浮石,29
凤头,29
木质,29
養狗,29
猛攻,29
拼搏,29
凤,29
仁,29
脑里,29
窝心,29
葛羅瑞亞,29
因為當,29
团队精神,29
弄开,29
他发,29
情局,29
受创,29
人談,29
地焊,29
外向,29
无脑,29
毛墙,29
吓不倒,29
莉亞,29
短吻鳄,29
取缔,29
粪坑,29
這沒什麼,29
松糕,29
炴,29
托利,29
波蒂,29
坐起,29
嗖,29
烈女,29
点会,29
波爾,29
作畫,29
賓漢,29
色情狂,29
莎婷,29
砌砖,29
均匀,29
化妆间,29
變異體,29
受用,29
干事,29
試演,29
最迟,29
文檔,29
一心一意,29
惆怅,29
硬仗,29
旅游指南,29
男同志,29
随身听,29
迡,29
導游,29
街垒,29
踢走,29
连队,29
事發,29
男男女女,29
睫毛膏,29
踩扁,29
扣掉,29
扫地,29
点才,29
魏,29
无端,29
灵球,29
惟有,29
利香子,29
打过仗,29
地面部队,29
最赞,29
别见怪,29
恭聽,29
套住,29
套上,29
奥唐奈,29
打退堂鼓,29
破镜重圆,29
封上,29
這條線,29
别无所求,29
小伤,29
丹是,29
不近人情,29
斧,29
東西放,29
小兒,29
别离,29
聊天室,29
利奧弗,29
這番,29
齊全,29
老黑,29
面庞,29
恐怖事件,29
賈夫納,29
非卖品,29
文生,29
受限制,29
造人,29
电线杆,29
鳥類,29
飞出,29
耻笑,29
想待,29
別逗,29
变压器,29
注释,29
马蒂斯,29
惩治,29
对接,29
濮,29
环瞒,29
预留,29
進發,29
倒戈,29
錄音機,29
不太會,29
考利,29
這白,29
扮演者,29
总统套房,29
买醉,29
自信心,29
优等生,29
恥,29
恒河,29
临阵脱逃,29
一窝,29
聊起,29
奥斯维辛,29
靜水,29
奥妙,29
奥娜,29
嘴裡,29
火爐,29
常住,29
公证人,29
想帶,29
职能,29
撕票,29
林迪,29
激光炮,29
亚弥,29
马塞,29
恐惧感,29
锒铛入狱,29
补给品,29
檢,29
总该,29
本森赫,29
画成,29
你並,29
地平線,29
想演,29
挖到,29
法尼亞,29
远超,29
真身,29
垂头丧气,29
火人,29
贝类,29
濡湿,29
半里,29
软膏,29
林哥,29
文思泉涌,29
那棟樓,29
林库,29
斃命,29
別玩,29
磃,29
楝,29
光溜溜,29
主治,29
數月,29
优越感,29
断路器,29
小树,29
具体位置,29
总局,29
연,29
阿罗,29
眣,29
扽,29
急件,29
急救包,29
急忙,29
吸吮,29
袜,29
單向,29
月夜,29
遠道,29
最底,29
詹寧斯,29
电信,29
濑,29
口口声声,29
遙控器,29
別當,29
小麥,29
小題,29
前人,29
被套,29
泊描,29
马其顿,29
达科塔,29
三代,29
飞蛾,29
三十七,29
無數個,29
次伐,29
靶,29
剁成,29
远东,29
门童,29
信仰者,29
失利,29
小贝,29
怒火中烧,29
小甜豆,29
次日,29
停着,29
锅炉房,29
這很簡單,29
枝叶,29
社交圈,29
警隊,29
譬如说,29
主爱,29
随时奉陪,29
還牙,29
搖搖,29
搅局,29
過門,29
老年痴呆,29
治治,29
煙蒂,29
決戰,29
納稅,29
潘茜,29
照進,29
他算,29
少年犯,29
握手言和,29
张卡,29
齐娅,29
搏擊,29
古羅馬,29
篡位,29
莱比锡,29
蛞蝓,29
棕熊,29
开能,29
潛逃,29
時節,29
杰勒德,29
进出口,29
鳏夫,29
擊掌,29
地兒,29
开胃,29
驻地,29
光有,29
杨家,29
承办,29
煙草,29
单间,29
来访者,29
来段,29
陣亡,29
船艙,29
一百米,29
畢達哥,29
公款,29
写手,29
太興奮,29
豚鼠,29
不帅,29
马丁内斯,29
路由器,29
腹地,29
這幢,29
開竅,29
整顿,29
外語,29
长点,29
女式,29
蛮力,29
別人來,29
地下城,29
蜜饯,29
泳裤,29
伯賽,29
泽布,29
初生,29
快藏,29
豆瓣,29
煩心,29
日報,29
唐宁街,29
快过,29
三枚,29
軀殼,29
異母,29
勞麗,29
不語,29
再长,29
剖肚,29
自理,29
河灣,29
煩死,29
露骨,29
家俱,29
神速,29
神职人员,29
名列,29
現行,29
圣芳济,29
洗白,29
施法,29
节点,29
阑尾,29
神功,29
阿德莱德,29
亚美尼亚,29
长筒袜,29
黑锅,29
去学,29
铯,29
尤尼達克,29
看別,29
吸过,29
快没了,29
勤坻蠅,29
熏火腿,29
年少时,29
年产,29
三档,29
相邻,29
一字,29
音樂學院,29
喝口水,29
他行,29
篇章,29
刚要,29
费尔法克斯,29
福兰克,29
攆,29
客氣點,29
整队,29
纳森,29
军事演习,29
不愛他,29
記過,29
公民权,29
家狗,29
腳踏車,29
感慨,29
開辦,29
算出,29
錯話,29
球給,29
任何一方,29
九分,29
腣,29
先見,29
指日可待,29
憎惡,29
氏族,29
你订,29
備箱,29
下過,29
那全,29
整得,29
手绢,29
默尔,29
手術室,29
鹰徽,29
招揽,29
招出,29
求死,29
继而,29
长袜,29
歌唱家,29
剑客,29
升至,29
菌株,29
露点,29
球季,29
开支票,29
实质性,29
福莱,29
上工,29
高难度,29
圣旨,29
实验品,29
长空,29
蘇格蘭人,29
開業,29
备,29
一响,29
老伴,29
有名气,29
驕子會,29
燈火,29
朝九晚五,29
球道,29
吹风机,29
相忘,29
裴金,29
一貫,29
谢尔,29
省心,29
帕顿,29
毒窟,29
无益,29
鍋,29
提族,29
毒箭,29
没辄,29
再配,29
相愛了,29
相投,29
俄文,29
曼是,29
滑翔机,29
叫些,29
霍爾特,29
離得,29
滑雪板,29
這多,29
勞博,29
记仇,29
议论纷纷,29
议院,29
抓拍,29
投入使用,29
翻船,29
止咳,29
西北大学,29
音樂節,29
忘乎所以,29
银行卡,29
那身,29
提示音,29
难免会,29
勝者,29
刑事案件,29
溫莎,29
離世,29
民歌,29
幸田实,29
资产阶级,29
整一下,29
駕到,29
肥霸,29
切除术,29
溫徹,29
人骨,29
科学技术,29
科克伦,29
湿度,29
安東尼奧,29
方才,29
纍,29
吹过,29
太壞,29
原委,29
茉莉花,29
好后,29
腐蝕,29
太保,29
没留,29
自诩,29
西去,29
他身,29
不抱,29
剥落,29
車給,29
收缴,29
乔治城,29
建树,29
哈立德,29
梅尔曼,29
大律師,29
割舍,29
调停,29
蘇格曼,29
收押,29
高興得,29
高谈阔论,29
高见,29
切牌,29
洪流,29
刑罰,29
告上,29
剪接,29
當好,29
王宮,29
心生,29
翩然,29
還找,29
直截,29
敲开,29
安纳,29
令人高兴,29
帐蓬,29
組員,29
斯皮尔伯格,29
斯特里特,29
全得,29
說個,29
气喘,29
气囊,29
建個,29
轻言,29
低成本,29
鄉間,29
鷓,29
爱沙尼亚,29
毒师,29
捏住,29
缚,29
心平气和,29
基尼,29
令人费解,29
令人钦佩,29
德鲁伊,29
术士,29
掺杂,29
邦克,29
盲点,29
直击,29
西普,29
但用,29
先替,29
筑,29
週日,29
医疗队,29
赛手,29
赛利,29
斯菲尔德,29
屋內,29
肩負,29
難聞,29
吊唁,29
数次,29
科赫,29
科爾森,29
成河,29
薺,29
昂首,29
没权,29
通过观察,29
记过,29
西村,29
赛车场,29
秘书长,29
之士,29
斯科夫,29
没有碰过,29
一送,29
压倒性,29
措辭,29
監視者,29
旺季,29
课后,29
雨露,29
肯波,29
分组,29
羞,29
付之一炬,29
全片,29
推给,29
这够,29
赖瑞,29
先带,29
亞彌,29
好头,29
先开,29
赞不绝口,29
重压,29
几块钱,29
罕姆,29
天花乱坠,29
展會,29
今度,29
安全帽,29
幽暗,29
秘籍,29
守灵,29
盖克,29
再理,29
三十五年,29
压垮,29
爹爹,29
鯨魚,29
疗效,29
触须,29
赠与,29
電鋸,29
普利斯,29
圓,29
普卡,29
大搖大,29
触怒,29
天曉得,29
育婴,29
肯頓,29
你好坏,29
一日三餐,29
我動手,29
這像,29
丘达士,29
分界,29
再接再厉,29
士氣,29
过剩,29
顾,29
希姆莱,29
瑞内,29
瑞內,29
傳媒,29
絞死,29
版權,29
爽翻,29
亲哥哥,29
厄瓜多尔,29
斯賓塞,29
杜杜格,29
一開,29
终归,29
千斤顶,29
動向,29
勒梅,29
盈余,29
盐酸,29
盎贝,29
丧心病狂,29
我嘗試,29
背井离乡,29
改裝,29
圆盘,29
渗透到,29
攻入,29
几枪,29
几晚,29
輕視,29
博爱,29
兇猛,29
所畏懼,29
胜地,29
胜于,29
胡作非为,29
流离失所,29
絕種,29
拉納,29
獲獎,29
唱著,29
闪失,29
杜塞尔,29
金柏莉,29
护民官,29
趕飛機,29
馈赠,29
接掌,29
絨,29
特兰西,29
这几年来,29
絔,29
絕非,29
所迫,29
派兵,29
什拜塔,29
孪生,29
風云,29
生態,29
課堂,29
下嫁,29
得當,29
加些,29
说闲话,29
时去,29
種馬,29
辣椒粉,29
圆点,29
更合適,29
办公楼,29
呜咽,29
隶书,29
徜徉,29
牵起,29
公務,29
布麗,29
疲累,29
金絲雀,29
加尔,29
陆军部,29
抨擊,29
特拉维夫,29
大显身手,29
武器库,29
物是人非,29
国际象棋,29
放宽,29
郵,29
借此机会,29
穃,29
門都,29
逃避现实,29
頭了,29
空余,29
国庆日,29
国家机密,29
穆雷,29
萨宾,29
第三排,29
妒,29
你父,29
一会儿打,29
时刻表,29
馒头,29
沉淪,29
罐装,29
個聰,29
强权,29
大麻烟,29
第人,29
穷困潦倒,29
頭等艙,29
死到,29
死命,29
百般,29
百威,29
要数,29
刁跋,29
逆流,29
我時,29
柴尔德,29
雷金纳德,29
胡编乱造,29
瑞康,29
共識,29
广告公司,29
多重人格,29
萨娃,29
上百人,29
深得,29
雷鬼,29
嬉笑,29
今儿,29
加在一起,29
加农炮,29
航空母舰,29
拉拉队长,29
还太早,29
卧铺,29
要试,29
苦不堪言,29
左腳,29
诱发,29
诱骗,29
诱惑力,29
邮政,29
伍华德,29
特派员,29
特林,29
孕育出,29
艾哈邁迪,29
深层次,29
史宾瑟,29
脫光,29
淫秽,29
假币,29
彌,29
无可替代,29
蒂米,29
交税,29
高下,29
合体,29
妖言惑众,29
越久越,29
涌现,29
不準動,29
不烦,29
抱头,29
猫科动物,29
公义,29
邮轮,29
酒席,29
啪嗒,29
劳瑞,29
解决之道,29
伊利诺伊州,29
误杀,29
卡莫,29
犊子,29
杂技,29
卢布,29
史賓瑟,29
格洛麗亞,29
瑪雅,29
序幕,29
淫乱,29
格林斯,29
淘金者,29
交上去,29
新竹,29
沉绘,29
仪表盘,29
葬送,29
葫芦,29
戴妃,29
嫁出去,29
突破性,29
抵触,29
鲁尼,29
布西,29
塞上,29
若真,29
探听,29
有求,29
杀鸡儆猴,29
瓦頓,29
拉客,29
当值,29
该往,29
罪案现场,29
못,29
巨蛋,29
铁哥们,29
雪柜,29
回升,29
艾德華,29
萨里,29
葛蕾斯,29
突然袭击,29
暴露狂,29
涨价,29
残存,29
親會,29
近似,29
兩架,29
陈永仁,29
详细资料,29
沒證據,29
陷進,29
钻油,29
苟活,29
排水沟,29
卡蘿,29
己经,29
卢娜,29
犹他,29
犯病,29
我落,29
多血,29
排卵,29
动力学,29
饭厅,29
彿,29
苏格,29
见了面,29
树篱,29
叶之书,29
窥倒,29
起搏器,29
起子,29
里学,29
諾蘭,29
木炭,29
海登,29
趁熱,29
沒好,29
姨父,29
阿加莎,29
拉出去,29
依然如故,29
瓦兹,29
多爾比,29
校外,29
威尔第,29
威妮,29
威尔科,29
木浅,29
或否,29
卡加,29
戲院,29
화,29
高攀,29
依次,29
희,29
侠盗,29
依附,29
两本书,29
掉队,29
登报,29
有福,29
有眼,29
车坏,29
劫车,29
废品站,29
浮力,29
新高,29
癩腳,29
癑,29
罗林斯,29
内衣秀,29
男主人,29
鑿,29
常說,29
暂缓,29
吃人肉,29
雷丁頓,29
編出,29
见死不救,29
問出,29
卡地,29
大災難,29
娘儿们,29
绒球,29
拾掇,29
葛城,29
葛咸城,29
住持,29
鸟食,29
請賜予,29
超愛,29
海森,29
大筆,29
商討,29
高喊,29
高声,29
威斯康星,29
各州,29
嗤之以鼻,28
樹立,28
三里,28
海图,28
暨,28
风化,28
波利克,28
海王,28
點整,28
一桿,28
能看懂,28
晶莹剔透,28
暗地,28
海瑟薇,28
啟齒,28
覬覦,28
不知去向,28
凱旋,28
凱瑞,28
多萝西,28
童工,28
采購,28
氯仿,28
小五,28
别拦,28
点烟,28
乌干达,28
吓唬人,28
点个,28
奇诺,28
離別,28
支票本,28
送别,28
卡萨布兰卡,28
点数,28
不吭,28
轉機,28
維蒂亞,28
押运,28
溫布爾登,28
叫辆,28
死穴,28
很妙,28
劣等,28
蘭道爾,28
轉去,28
新教徒,28
离了婚,28
离合,28
滑步,28
腦后,28
蘭教,28
能得,28
能到,28
謀生,28
姨母,28
恵,28
워,28
锦上添花,28
橄榄球赛,28
能出,28
一两年,28
嗜睡,28
炼丹,28
响叮当,28
嗅覺,28
通力合作,28
懼怕,28
巨无霸,28
舉高,28
该付,28
還沒睡,28
手牵着,28
加班费,28
早要,28
轉接,28
动动脑,28
福治,28
環保,28
松口气,28
泡杯茶,28
人脈,28
别犯,28
别摸,28
横越,28
會場,28
坎皮恩,28
喷洒,28
松动,28
甘甜,28
諉,28
鏈接,28
样带,28
吃错药,28
超负荷,28
達蒙,28
闭合,28
代克,28
發車,28
死有余辜,28
探案,28
跑不动,28
俐,28
俊伟,28
支开,28
綠燈,28
很無聊,28
卢顿,28
沒用過,28
跑动,28
懂个,28
肚子痛,28
殲滅,28
巴士站,28
沒有過,28
抽风,28
重开,28
俗世,28
小圈,28
瑪克菲,28
庫伯,28
世故,28
辛雅,28
法雷,28
精心设计,28
臨頭,28
斥候,28
冲上,28
踢出局,28
克莱默,28
短篇小说,28
講笑,28
核战争,28
能助,28
海風,28
自个,28
凶犯,28
凶悍,28
浴火,28
别向,28
点些,28
校规,28
截獲,28
費奇,28
药量,28
坐车去,28
阴间,28
发消息,28
哨,28
睾丸癌,28
阿登,28
巴塔哥尼亚,28
伊芳,28
返家,28
美中不足,28
巨大成功,28
巨作,28
偏北,28
通不过,28
诱捕,28
牽著手,28
死对头,28
肚皮舞,28
啥样,28
大風,28
要饭,28
高血压,28
問為,28
苏军,28
彻利,28
苏尔,28
长脚,28
诗里,28
律动,28
酒庄,28
李伯特,28
狗肉,28
狙击步枪,28
见不着,28
切实,28
不滿意,28
睡會,28
法蒂瑪,28
扫墓,28
着眼于,28
買來,28
耕地,28
克鲁,28
瑞妮亞,28
烤面包机,28
恢复原状,28
瑞贝卡,28
十万美元,28
输不起,28
听不出,28
不太有,28
迪亚兹,28
瑞妮亚,28
開演,28
长长,28
得帥,28
费神,28
經濟學,28
还治其人之身,28
晚睡,28
這取,28
加护,28
俱樂,28
手要,28
修路,28
滾回,28
印子,28
印加,28
這槍,28
模件,28
氢气,28
挂满,28
雷射炮,28
耳洞,28
波涛汹涌,28
站不起来,28
小提琴家,28
挂钩,28
價飭,28
扬帆,28
烟鬼,28
夹着尾巴,28
旱,28
卫思利,28
还教,28
披頭士,28
见外,28
动脑筋,28
兩場,28
麦考斯,28
舒坦,28
大碗,28
有禮,28
独吞,28
说老实话,28
天內,28
卡林顿,28
婆家,28
逗乐,28
喷雾器,28
绝迹,28
生机勃勃,28
辞职信,28
小敏,28
间歇泉,28
听的歌,28
取景,28
取樂,28
幾何,28
小巴,28
那事兒,28
睁不开,28
会心,28
冥王星,28
这不太,28
不站,28
毁容,28
见报,28
科博,28
離開家,28
菲律賓,28
李维斯,28
授業,28
縈繞,28
商用,28
扔下来,28
波蕾特,28
与世长辞,28
鸣,28
眼花缭乱,28
随后就到,28
侦探小说,28
杰茜,28
摩薩德,28
老院,28
发威,28
买酒,28
多多少少,28
到岸,28
肯納,28
圖書,28
皮夹克,28
得獎,28
露脸,28
慘叫,28
梭,28
架设,28
跋办,28
骑行,28
说过,28
美国队,28
號街,28
州里,28
號房間,28
准点,28
彭寧頓,28
拆下来,28
架起,28
倖存,28
說臟話,28
我练,28
姑息,28
凤梨,28
出唱片,28
以表,28
焚燒,28
怪誕,28
树洞,28
教员,28
冰霜,28
炒面,28
炙手可热,28
赖德,28
赚来,28
巴西人,28
保健室,28
名册,28
时尚杂志,28
菁英,28
试用期,28
馅,28
這雙鞋,28
筋疲力竭,28
湖人队,28
宫缩,28
狼狽,28
科莫,28
鱼条,28
亿个,28
窮困,28
點好,28
窥圭,28
搬离,28
欄目,28
搬進,28
貨船,28
他們將,28
廣眾,28
医用,28
儿去,28
会动,28
为妙,28
嘔吐物,28
臨陣,28
摩挲,28
惊天动地,28
搬過,28
亏损,28
顶撞,28
两方,28
擦背,28
拉升,28
物流,28
從倫敦,28
桔子,28
科斯塔,28
崔妮,28
举例,28
虫虫,28
醞釀,28
伊曼,28
请放,28
善举,28
一夥,28
給毀,28
樓裡,28
打飞,28
泥沙,28
极点,28
制药厂,28
負起,28
理理,28
统计学,28
载入史册,28
用別,28
指手划脚,28
极端分子,28
极性,28
失联,28
纽芬兰,28
用不完,28
送餐,28
安居,28
渺,28
成才,28
付莱迪,28
皮靴,28
載入,28
控股公司,28
形体,28
宫中,28
箭术,28
整箱,28
高高地,28
报仇雪恨,28
付賬,28
费勒葛,28
诉求,28
上时,28
慌乱,28
搬东西,28
纸质,28
六日,28
高個子,28
始料未及,28
警務,28
远扬,28
似火,28
高利贷,28
兒女,28
不安分,28
小珍,28
窗台,28
之选,28
麦乐鸡,28
车流,28
掀开,28
机动车,28
据为己有,28
内政部,28
首批,28
首级,28
推上,28
統一,28
舗,28
时时,28
一亿五千万,28
痚,28
布莱星顿,28
雙性,28
亂講,28
年間,28
莫伦,28
小球,28
一千二百,28
理器,28
理想主义者,28
理完,28
魔窟,28
大不一样,28
垂怜,28
老色鬼,28
人管,28
真赞,28
永不分离,28
招集,28
肉丸子,28
縫針,28
数过,28
家當,28
查卡,28
安博,28
安分守己,28
九步,28
雙子,28
扑通,28
漂在,28
游民,28
可及,28
下毒手,28
霊,28
新鲜感,28
皺紋,28
时来,28
魔藥,28
魚雷,28
用點,28
哈巴德,28
启蒙,28
打采,28
灰鹤,28
老相识,28
布拉加,28
布洛斯,28
拉平,28
桑德森,28
厄瑪,28
盖勒,28
龟儿子,28
没好,28
佩格,28
厂商,28
卻給,28
猨,28
乱飞,28
杜鲁门,28
山米,28
蛋酒,28
开小差,28
之石,28
葛雷格,28
那絕,28
小脸,28
真烦,28
小碎,28
小禮物,28
扼死,28
搜刮,28
德尼罗,28
杜賓,28
沉积岩,28
沉默不语,28
沉醉于,28
斯蒂安,28
痛到,28
每一处,28
桑格,28
八折,28
抚恤金,28
神秘岛,28
伊利湖,28
证人席,28
游乐,28
罗威,28
猫族,28
演出成功,28
彈劾,28
车赛,28
折返,28
没提,28
大款,28
诺亚方舟,28
痊,28
不會放,28
版税,28
牙疼,28
爾福,28
损耗,28
没把握,28
點藥,28
陰郁,28
警醒,28
轻度,28
艾蓮,28
身型,28
艾露,28
用腳,28
吶喊,28
小虫,28
米糕,28
陪您,28
紅媽,28
反奔,28
急流,28
米迦勒,28
先打,28
先吃点,28
捡回,28
霸菱,28
打偏,28
鬼天气,28
剿灭,28
初稿,28
初犯,28
初夜,28
另界,28
演了,28
七十二,28
正點,28
盛會,28
赶工,28
里普斯,28
還上,28
這么難,28
賽爾,28
贊揚,28
交流会,28
阿休,28
传递信息,28
开窗,28
六千五百,28
非官方,28
蠢豬,28
傻大个,28
入围,28
雄蜂,28
鐘都,28
鐘時間,28
销售量,28
颇丰,28
錫拉,28
开牌,28
現下,28
节日快乐,28
找水,28
草根,28
优先权,28
槍口,28
保衛者,28
人子,28
園丁,28
温格,28
黑鍋,28
萊莎,28
守株待兔,28
群居,28
诺米,28
此情此景,28
步入正轨,28
呜呜,28
赞誉,28
隔膜,28
勒克斯,28
铃儿,28
棉布,28
伊拉克人,28
鉗,28
沉溺在,28
爸要,28
盡職,28
读物,28
爸来,28
沉溺,28
順風車,28
順路,28
篕,28
另当别论,28
堂姐,28
历史悠久,28
聽證,28
哈倫,28
闲扯,28
轶事,28
易于,28
有何不妥,28
搅黄,28
大体上,28
随心,28
但凡,28
純種,28
太阳眼镜,28
怒不可遏,28
真信,28
小酌,28
硬朗,28
赶在,28
欧玛,28
个坏,28
正说,28
堂堂正正,28
逾越节,28
换台,28
獨行,28
正門,28
一跳,28
守信,28
創世紀,28
你寧愿,28
你實,28
你点,28
北大荒,28
色情网站,28
煞星,28
半途而,28
哪弄,28
挖個,28
几首歌,28
韦勒,28
又給,28
莫札特,28
装甲部队,28
詩集,28
阿方斯,28
最老,28
毫不费力,28
中旬,28
腸子,28
贩,28
公债,28
不见天日,28
时限,28
盧茨,28
傳染給,28
神人,28
第十八,28
好身材,28
我同,28
傷勢,28
不见踪影,28
名画,28
花木兰,28
布魯塞爾,28
电磁脉冲,28
大卡车,28
大切,28
真义,28
职场,28
蒙喬生,28
是雙,28
电磁波,28
技師,28
少得,28
决意,28
撕下来,28
別謝,28
豪华酒店,28
来次,28
這被,28
打回,28
没法子,28
奪去,28
漾,28
漱口,28
缺德,28
拉米雷斯,28
篷,28
壯舉,28
三十八,28
創辦,28
有妇之夫,28
更為,28
每磅,28
弃牌,28
詩意,28
鹿肉,28
信心十足,28
一吨,28
变迁,28
別針,28
无言以对,28
冷却系统,28
冷汗,28
本吉,28
想來點,28
雇個,28
主導,28
贝尔福,28
抗议者,28
斷電,28
几架,28
案發,28
案发时,28
心事重重,28
心室,28
漫画店,28
钢材,28
斷裂,28
靈氣,28
英畝,28
操到,28
化妝品,28
噃,28
空口,28
楷模,28
领了,28
幕府,28
阴户,28
空前绝后,28
这见,28
电脑游戏,28
佛陀,28
玉宝,28
車頂,28
副业,28
大打出手,28
럼,28
舱里,28
花冠,28
擊退,28
谁又能,28
斯特森,28
麻醉枪,28
正有,28
太俗,28
缤纷,28
问问看,28
王公,28
足尖,28
一点半,28
一点钟,28
基是,28
那颗星,28
但求,28
沈澄,28
當你看,28
服兵役,28
食人,28
桅子花,28
一滩,28
数以百计,28
毘,28
化学成分,28
谱写,28
快速反应,28
前能,28
金博納,28
迫擊,28
毛利,28
维耶,28
休学,28
濫,28
产房,28
碟片,28
汉蒙,28
现正,28
當媽媽,28
當國王,28
當律師,28
過海,28
細語,28
太年,28
聽不見,28
祈愿,28
職典禮,28
心理障碍,28
勝手,28
潜科学,28
潜望镜,28
泽尔达,28
果树,28
時要,28
變異原,28
胡安娜,28
空出,28
膜,28
蒸馏,28
傳遍,28
主廚,28
污泥,28
內線,28
有其父必有其子,28
明珠,28
太空衣,28
外乡人,28
林杰,28
有利可图,28
帕菲爾,28
背脊,28
更慢,28
普派,28
便條,28
尽量避免,28
尽忠职守,28
寄回,28
郡主,28
玛克菲,28
剪斷,28
尽如人意,28
爱凯迪,28
正對,28
尽享,28
音波,28
祖克,28
心电图,28
畅通无阻,28
界線,28
良機,28
哭诉,28
看吶,28
插足,28
常来,28
歌謠,28
冒险者,28
倒忙,28
上出,28
螢,28
音乐吧,28
佼佼者,28
撞进,28
螺丝起子,28
两千年,28
沃利,28
采矿,28
學著點,28
電話線,28
電視里,28
電視節,28
两到,28
乱摸,28
尼恩,28
货品,28
方程式赛车,28
笺,28
聯調,28
爬過,28
自生,28
自然选择,28
熱忱,28
丢下去,28
韩非,28
施肥,28
吸過,28
尚早,28
出门时,28
萦绕在,28
老办法,28
画室,28
格莱美奖,28
品性,28
包裡,28
好货,28
第歐,28
大小便,28
驮,28
擅離,28
编排,28
飞雪,28
日以继夜,28
腾,28
正义感,28
正合,28
意外保险,28
呆呆,28
奧娜,28
光棍,28
讨生活,28
有备而来,28
长崎,28
出逃,28
穆勒先生,28
如我所愿,28
全他,28
紧急行动,28
尤乐,28
钟情,28
剖腹产,28
那个游戏,28
這花,28
隔夜,28
颁奖典礼,28
麝香,28
拉马尔,28
船舶,28
蝗虫,28
全員,28
来开,28
襲,28
喧嘩,28
營的,28
않,28
难得一见,28
伏尔泰,28
抒情,28
充沛,28
下一阶段,28
熱水澡,28
绿叶,28
绿地,28
심,28
包给,28
包着,28
索罗门,28
厭,28
相间,28
名額,28
撬棍,28
弗朗西斯科,28
我守,28
相称,28
可行性,28
爆出,28
翻滾,28
谄媚,28
太挤,28
意粉,28
趕盡,28
桃色,28
金子般,28
阿拉巴马州,28
寒酸,28
转校,28
如履薄冰,28
比林斯,28
具備,28
休戰,28
流干,28
普萊斯,28
勾勾,28
麥凱布,28
弗科,28
忘得,28
胕,28
黑衣服,28
播報,28
還因,28
提着,28
礙,28
稚嫩,28
黄灯,28
两万五千,28
留名,28
席拉,28
師的,28
礜,28
马马虎虎,28
挪用公款,28
明尼阿波利斯,28
有問,28
伯利克,28
醫護,28
樹脂,28
瞬移,28
魅力十足,28
三越,28
波兰语,28
冰沙,28
斗毆,28
瓦爾登,28
瓮,28
应为,28
嘀,28
底裤,28
水力,28
经验之谈,28
陽,28
郸,28
战无不胜,28
這好,28
ペ,28
叫嚷,28
近些,28
塔玛拉,28
羊排,28
白眼,28
卡雷里,28
溫柔點,28
諸塞州,28
Ｐ,28
遺落,28
嘆息,27
超強,27
避雨,27
暗色,27
白死,27
塞勒姆,27
白线,27
白衣,27
溫迪,27
禿頭,27
梅琳,27
先讓,27
犯罪学,27
圣体,27
马术,27
波尼,27
奇遇记,27
童贞,27
救護,27
救市,27
高年级,27
掛念,27
饱含,27
大菜,27
苔藓,27
叫過,27
維肯,27
掠海者,27
染发,27
禮拜前,27
代为,27
她將,27
腦殘,27
押韻,27
沒賣,27
阿尔卑斯山脉,27
掛起,27
扣分,27
面包皮,27
伪善,27
謀劃,27
那处,27
模棱两可,27
行竊,27
凌乱,27
聪明绝顶,27
奧克蘭,27
光蛋,27
剛認識,27
调频,27
尸袋,27
意在,27
尸首,27
相约,27
仇视,27
玩花样,27
蓬松,27
蓝蝶,27
第六章,27
哀傷,27
斯普京,27
备选,27
歡別,27
跳個,27
椎骨,27
一跤,27
佛拉,27
富禮,27
城郊,27
弗朗辛,27
两万五,27
伯利恒,27
寢,27
籮,27
鋼筆,27
拍拍手,27
复杂化,27
逆行,27
稳妥,27
忧心,27
音乐界,27
没路,27
忌讳,27
翻脸,27
范格尔,27
施萊德,27
大壩,27
朗姆,27
夏伊,27
绿光,27
鄰居們,27
红灯区,27
他表現,27
清河县,27
我學會,27
自由党,27
后半生,27
來還,27
后世,27
斯托夫,27
绿茶,27
桃乐丝,27
汽艇,27
弗蘭妮,27
兆,27
翻白眼,27
趕回,27
清淡,27
比奥,27
可貴,27
胜仗,27
图塔,27
歌頌,27
實彈,27
畔,27
卓尼,27
红衣主教,27
快干,27
可觀,27
去羅馬,27
阿远,27
阿谀奉承,27
車司機,27
熱血,27
国际性,27
擊倒,27
異域,27
帕迪,27
隐士,27
意義了,27
醉漢,27
抄写,27
抄本,27
呆会,27
伴有,27
红衫,27
倾尽全力,27
值得注意,27
許不,27
拉雅山,27
船队,27
有區別,27
抓小偷,27
画布,27
常來,27
现代科技,27
人人皆知,27
流露,27
深蓝色,27
张罗,27
玛蒂尔,27
大受欢迎,27
大嚷,27
錒,27
公認,27
穆爾,27
合而为一,27
相向,27
進餐,27
進醫院,27
進退,27
南京大屠杀,27
記好,27
蝴吹,27
吉拉德,27
以东,27
別發,27
磁,27
意願,27
意旨,27
密语,27
車牌號,27
正合適,27
约什,27
磋商,27
上些,27
前边,27
作見證,27
男人味,27
熟慮,27
林间,27
高烧,27
方程,27
太大聲,27
太妃糖,27
那棵树,27
碵,27
火刃,27
达文西,27
心酸,27
西區,27
西半球,27
喜讯,27
之梦,27
传呼,27
两匹,27
弧度,27
环礁,27
环环,27
裝束,27
礼拜四,27
主治医生,27
青霉素,27
名贵,27
時段,27
茶几,27
穷鬼,27
脫水,27
穒,27
尖銳,27
看不上,27
污穢,27
仿制,27
奧米,27
奧森,27
哆嗦,27
电话铃,27
以太,27
佐德,27
換作,27
韦弗,27
传家宝,27
昌盛,27
脱线,27
我娘,27
我妈会,27
钢筋,27
圆之夜,27
郑重声明,27
油墨,27
進球,27
帶有,27
界内,27
斯特凡诺,27
来办,27
計時器,27
陣容,27
瀟灑,27
噴出,27
地弟,27
上癮,27
放狗,27
三百块,27
克拉科夫,27
哪間,27
王爾德,27
花匠,27
铜矿,27
产出,27
芒,27
迫近,27
克勞,27
写错,27
铝,27
勞工,27
細致,27
范例,27
蜜語,27
帕尔马,27
食指,27
張大師,27
詞來,27
穷小子,27
極樂,27
茅坑,27
过低,27
洁妮,27
投票决定,27
一抹,27
拉莫斯,27
希薇亞,27
条船,27
細路,27
盰,27
伊塔,27
讲到,27
捐钱,27
尿急,27
那類,27
原地不动,27
爱国主义,27
没脸,27
那马,27
提供线索,27
花大,27
掩盖真相,27
三十九,27
強勁,27
捐出,27
没装,27
局限性,27
直人,27
直冲,27
格翰,27
无话不谈,27
比過,27
金光,27
不敢想像,27
改觀,27
昆比,27
爱惜,27
国家队,27
亡命徒,27
固守,27
地心,27
伍寶,27
重整旗鼓,27
质地,27
我四處,27
明知故问,27
电话录音,27
史丹,27
存貨,27
长剑,27
집,27
變換,27
深埋在,27
念珠,27
那请,27
如风,27
铺位,27
亮灯,27
莫琳,27
換件,27
少说,27
花名册,27
操过,27
漢宮,27
帕克曼,27
令堂,27
王国里,27
希臘語,27
照過,27
大力神,27
维埃拉,27
欺人太甚,27
无私奉献,27
大典,27
珊蒂,27
艰险,27
少数几个,27
奥尔,27
碧落,27
贝斯特,27
变速器,27
文字游戏,27
跳槽,27
榆樹街,27
鳥事,27
体毛,27
觸犯,27
养老,27
鋒利,27
我困,27
赤字,27
休伦湖,27
撒过,27
它值,27
薄片,27
爱网,27
爱能,27
爱荷华,27
足印,27
它动,27
这妞,27
我會照,27
妈别,27
赴湯,27
走險,27
交换条件,27
交学费,27
象征性,27
鳳凰城,27
没敢,27
鼠尾草,27
鞠躬尽瘁,27
火箭弹,27
斯巴逊,27
太软,27
埃德温,27
五度,27
三十多年,27
温习,27
亞瑟迪斯,27
唱起来,27
须知,27
师母,27
女伶,27
愛撫,27
不景氣,27
不明不白,27
目中无人,27
車過,27
厚重,27
基音,27
强制性,27
罗伯森,27
色调,27
东经,27
放聰明點,27
碘酒,27
蒂奇,27
空管,27
那包,27
北卡罗来纳州,27
終結者,27
不試,27
放輕松點,27
毫无希望,27
挑戰性,27
我滿,27
小题大作,27
搂华,27
履歷,27
两成,27
大批量,27
咨询师,27
點起,27
點餐,27
繆,27
光明节,27
纯天然,27
大公,27
中伤,27
順手,27
居于,27
目眩,27
棄船,27
第十五集,27
沿河,27
怒气冲冲,27
穿戴整齐,27
嘴閉,27
自杀身亡,27
双向,27
搖椅,27
農,27
一連串,27
阳光灿烂,27
西爾弗,27
創立者,27
主题公园,27
允,27
淘汰赛,27
老款,27
新闻部,27
所述,27
派特,27
称颂,27
斯罗,27
逼人,27
逼问,27
兽性,27
斯塔尔,27
折回,27
没有规矩,27
天際,27
门牙,27
人狂,27
斯米,27
换下来,27
丫頭,27
雨燕,27
吉日,27
租房子,27
西能,27
西翼,27
西葫芦,27
过气,27
伊文,27
鈴響,27
论证,27
移情,27
下放,27
设下,27
勇气可嘉,27
鈾,27
盡忠,27
愛神,27
鼓足勇气,27
沉浸于,27
疲力,27
解碼,27
德莱娜,27
沉湎,27
半衰期,27
二手车,27
优厚,27
产产,27
推進器,27
一连,27
正題,27
堂娜,27
申报,27
地过,27
耿耿,27
杰佛逊,27
那一點,27
信以为真,27
导,27
寻思,27
倒車,27
侄儿,27
开眼界,27
上氣,27
业余选手,27
錯失,27
浪头,27
戴亚,27
停尸,27
米特拉,27
闯过,27
然後去,27
锁匠,27
草裙,27
纳什维尔,27
无线网,27
内侍,27
数学老师,27
数个,27
國防,27
温彻斯特,27
不俗,27
撒下,27
贓物,27
读出,27
急转,27
急转直下,27
真想念,27
血染,27
雄霸,27
法兰绒,27
遗留下来,27
限量版,27
足足有,27
活计,27
温都思,27
重創,27
赛马会,27
安于,27
結案,27
钮扣,27
解围,27
晨光,27
公共电话,27
过界,27
下坡,27
下城,27
顺手牵羊,27
为时过早,27
变味,27
傻話,27
點狀況,27
暴龙蛋,27
普魯迪,27
传颂,27
認識個,27
不了了之,27
没工夫,27
女强人,27
猛獸,27
布罗迪,27
交还给,27
交通部,27
在天之灵,27
角上,27
大權,27
归根结底,27
八方,27
过车,27
壁上,27
罗尼卡,27
猫腻,27
真实情况,27
布里奥,27
五亿,27
山田,27
山口,27
推廣,27
過婚,27
时请,27
维修工,27
哈密,27
現眼,27
万不得已,27
万事万物,27
血泊,27
點著,27
艺术史,27
甩卖,27
开导,27
开心起来,27
右拐,27
突击队员,27
突发奇想,27
刺破,27
怠慢,27
法人,27
警视厅,27
葛马修,27
我理,27
出大,27
開始給,27
涌动,27
媽別,27
检查点,27
腳底,27
中音,27
真枪实弹,27
不寒而栗,27
小调,27
农,27
农业部,27
沉痛,27
沏,27
我介紹,27
驾驶座,27
打下手,27
打不倒,27
神廟,27
检点,27
嘮,27
荒郊野外,27
第一次世界大战,27
开吃,27
并給,27
民主党人,27
以其人,27
哈洛威,27
斯内,27
健壯,27
健,27
灵思风,27
哈弗,27
自帶,27
克罗克,27
硆,27
臭名,27
微臣,27
首選,27
解不开,27
一声令下,27
假造,27
商学院,27
几千块,27
盖玛,27
盖格,27
一百六十,27
闪存,27
天气晴朗,27
力學,27
牛皮,27
厄卡,27
琅,27
法倫,27
未見,27
朝鮮,27
一千三百,27
不领情,27
拟定,27
拜读,27
臭美,27
牢騷,27
圣雷默,27
卡内,27
吊桥,27
牛羚,27
無垠,27
搬去,27
几十亿年,27
旧书,27
有酒,27
金槍魚,27
名列前茅,27
名作家,27
创可贴,27
適時,27
樂譜,27
嘟囔,27
地過,27
亚丝翠,27
纸尿裤,27
艾伦娜,27
艾伯,27
永恒不变,27
真開心,27
各處,27
停滯,27
停用,27
酵阶,27
身受,27
我繼續,27
凯尔特人,27
美男子,27
拉古,27
還沒意識,27
瘋癲癲,27
態,27
抢占,27
貢,27
远见,27
枫树,27
此類,27
腹泻,27
腷,27
給媽媽,27
修长,27
修炼,27
不樂,27
人该,27
樁,27
灵车,27
鍵盤,27
朝拜,27
无不,27
未试过,27
枪里,27
廣泛,27
关键所在,27
气态,27
民调,27
建国,27
丛生,27
艾倫娜,27
匹马,27
规程,27
布什总统,27
渾,27
牵连到,27
頓飯,27
窝点,27
艾莉克絲,27
纽克,27
沒傷,27
布巴,27
倉促,27
慕斯,27
上城,27
活潑,27
輕一點,27
跨国,27
雪柔,27
故地,27
黑头发,27
刻上,27
袖口,27
誠心,27
轻狂,27
老祖宗,27
受惊吓,27
將帶,27
欄,27
僕人,27
我系,27
医务,27
焕,27
星河,27
通緝令,27
迎戰,27
擴展,27
是將,27
文森佐,27
情郎,27
波黑,27
波達斯,27
请愿,27
龙凤,27
骄傲地,27
伊州,27
不翼而飞,27
牵绊,27
难产,27
療傷,27
多元化,27
小点心,27
蹲下来,27
冠军杯,27
极少数,27
頒,27
牢靠,27
牧羊女,27
貨丁小七,27
教养院,27
點在,27
发卡,27
階梯,27
医官,27
週二,27
幻像,27
冲上来,27
炖菜,27
契合,27
將不會,27
砍成,27
魔怪,27
表现出色,27
扮演着,27
还过得去,27
全过程,27
时别,27
塌下来,27
彰显,27
癞蛤蟆,27
彩虹桥,27
雨下,27
據稱,27
傭金,27
菴,27
菈,27
三四天,27
馆里,27
嶄新,27
首屈一指,27
놈,27
无人能敌,27
团员,27
遷移,27
乞討,27
粗人,27
非燕糖,27
鸣谢,27
头牌,27
一役,27
马尔迪,27
貴干,27
小母,27
杰布,27
還太年,27
辨別,27
说话声,27
肉毒,27
擺出,27
圖上,27
川,27
川特,27
一代代,27
锡安山,27
热气球,27
会受,27
女校,27
两百五十,27
沒愛過,27
慣用,27
费康尼,27
说瞎话,27
总长,27
坡道,27
取样,27
冬岛,27
万吨,27
世界闻名,27
陶艺,27
头版头条,27
客服,27
宣传册,27
禁酒令,27
圣玛丽,27
餐點,27
號稱,27
板牙,27
炮銅,27
安祥,27
好律師,27
線條,27
洷,27
科塔,27
阻截,27
條線,27
整点,27
冬島,27
试替,27
人不可貌,27
八度,27
防滑,27
這匹馬,27
肨,27
圖靈,27
糖果屋,27
凹痕,27
我话,27
站不住脚,27
站不稳,27
不太熟,27
马尔特,27
核辐射,27
분,27
早睡,27
新发明,27
皮克特,27
特尼尔,27
梦妮,27
法蘭基,27
恩佐,27
天下无双,27
卡特里,27
緊閉,27
大胸,27
八位,27
不知羞耻,27
独到,27
动画电影,27
二十多,27
人员伤亡,27
生闷气,27
幼年,27
自取其辱,27
領獎,27
伊莎贝,27
苦味,27
三千年,27
炸鱼,27
炸開,27
小妞儿,27
小塞,27
作坊,27
风衣,27
风铃,27
只留,27
整层,27
满屋子,27
只读,27
完成学业,27
新居,27
特棒,27
三台,27
要演,27
塑胶袋,27
美国宇航局,27
美国公司,27
苦日子,27
奴隸制,27
工业革命,27
刚巧,27
传送带,27
能想,27
斑海豹,27
免罪,27
模拟器,27
黑杰克,27
听不出来,27
含糊不清,27
雜耍,27
退位,27
费普,27
新教,27
偏執,27
实际行动,27
卢梭,27
牽扯,27
一夫一妻制,27
咋啦,27
彶,27
和平主义者,27
动画师,27
担起,27
动武,27
曾一度,27
内饰,27
緊事,27
切爾西,27
ザ,27
配送,27
特科,27
不洁,27
刘海,27
辅佐,27
烧成灰,27
幾秒,27
期望值,27
康尼,27
风雪,27
块儿,27
悶悶,27
笔大,27
借款,27
出乱子,27
效用,27
站不住,27
我鎖,27
斗不过,27
多過,27
阵痛,27
嘉兹,27
石堆,27
较劲,27
绝交,27
小娘们,27
拿错,27
戛然而止,27
洪師傅,27
实物,27
春卷,27
蹂躪,27
踩高跷,27
蹈火,27
東奔西,27
药草,27
说动,27
洪恩,27
這鳥,27
动作片,27
填寫,27
發牌,27
赌金,27
赌彩,27
恶徒,27
别撞,27
威風,27
威望,27
亡夫,27
艾德格,27
拼成,27
拷到,27
大野,27
塔那摩,27
叫喚,27
知悉,27
達登,27
知否,27
賀,27
集焊,27
機前,27
拆解,27
霍利,27
溜冰鞋,27
麦奇,27
凝固汽油,27
準將,27
戏份,27
粘到,27
莉迪雅,27
調料,27
广播电台,27
结扎,27
较为,27
甜言,27
别生,27
庆功宴,27
諾頓,27
衝,27
衛生紙,27
阴谋诡计,27
别有,27
恼人,27
瞎胡闹,27
列举,27
运输车,27
简介,27
抽泣,27
鲁斯卡,27
多樣,27
多爾頓,27
给与,27
狄昂,27
不破,27
时光流逝,27
狂舞,27
运算,27
该会,27
动工,27
跟风,27
瞎话,27
特莱,27
腦漿,27
梅菲爾德,27
滚远,27
减低,27
抽过,27
金黄,27
塞姆,27
舍棄,27
庙宇,27
店家,27
发话,27
超喜歡,27
海岭,27
离地,27
笑死人,27
或作,27
威爾弗,27
遺骸,27
交會,27
姨娘,27
多心,27
多英里,27
已經給,27
د,27
遺願,27
海岛,27
避风港,27
點擊,27
ع,27
姫,27
别拉,27
隊贏,27
多要,27
上腺素,27
陽光下,27
哗众取宠,27
問這個,27
白兰度,27
中学生,27
尤樂,27
达芙妮,27
几段,27
我想学,27
孩提,27
種植,27
志趣相投,27
库巴,27
庖,27
水仙,27
丑脸,27
作用力,27
供述,27
熾,27
明尼蘇達,27
拼车,27
瓦塞浦,27
凯斯勒,27
威爾士,27
应允,27
瓦倫,27
連結,27
艾林,27
会長,27
股权,27
圣何塞,27
洛里亚,27
兩碼,27
离港,27
滑行道,27
底層,27
避过,26
暗藏,26
海沃斯,26
超乎想像,26
能进,26
能效,26
海綿,26
陸紗,26
多時間,26
高射炮,26
零零,26
乌烟瘴气,26
经不起,26
经典之作,26
瞭望,26
别找我,26
為己,26
一格,26
取得成功,26
托皮卡,26
马提尼酒,26
瞭,26
近年来,26
卡翠娜,26
親筆,26
已經成,26
兩槍,26
狂放,26
梅瑞,26
一個樣,26
诧异,26
动不动,26
狂潮,26
差远了,26
大过,26
卡通片,26
白热化,26
罯,26
奈梅亨,26
行賄,26
板上钉钉,26
上鏡,26
上辈子,26
我静,26
吃魚,26
談點,26
請接,26
瓦雷金诺,26
烂片,26
諾貝爾獎,26
结过,26
點水,26
伪证,26
能少,26
摊位,26
瞒过,26
坐船去,26
矛头,26
烈性,26
同意书,26
蘇打水,26
苗條,26
很壞,26
大腿骨,26
懵,26
死而无憾,26
殉職,26
好人家,26
華氏,26
黾,26
一敗,26
滑過,26
俏佳人,26
問問題,26
一块块,26
抽动,26
待定,26
伊莲,26
白纸黑字,26
白菜,26
杂种狗,26
通敌,26
大赦,26
有求必应,26
很淡,26
加灣,26
已決,26
已定,26
啟用,26
氦气,26
談心,26
督,26
脆皮,26
阿哥,26
我載,26
我闭,26
仪表板,26
拳腳,26
娇弱,26
威斯汀,26
回水,26
賞,26
樣片,26
知心,26
知會,26
恶果,26
叮咬,26
秃顶,26
霜村毅,26
宜家,26
很臟,26
塔顶,26
塞車,26
沒水,26
手相,26
懒散,26
她剛,26
算啦,26
算什麼,26
發票,26
一型,26
私吞,26
乖女,26
定位器,26
奇夫,26
取些,26
機動,26
좀,26
坐火車,26
摒棄,26
會幫,26
烙饼,26
自动步枪,26
法雷利,26
摇摆不定,26
摇摆舞,26
精神力量,26
冰凍,26
加湾,26
说大话,26
經無法,26
大队长,26
金银,26
特蘭大,26
滚回来,26
特訓,26
只顧,26
梅龙镇,26
钻出来,26
殘害,26
代劳,26
大门口,26
瑪爾塔,26
瑪麗蓮,26
艾波,26
织物,26
终其一生,26
艾爾瑪,26
未到,26
瑪格達,26
踝,26
賣出,26
奉还,26
談什麼,26
小報,26
莎哈娜,26
委,26
連在,26
夜光,26
拿過,26
十三号,26
千倍,26
核對,26
截至,26
戰地,26
戰壕,26
刮伤,26
費了,26
坐电梯,26
小姨,26
敏感度,26
托曼,26
衝過,26
药都,26
荷包,26
坑爹,26
發神經,26
担子,26
巨变,26
同甘共苦,26
赌气,26
藥房,26
藥效,26
筥,26
巴厘,26
喀什,26
赔付,26
湿漉漉,26
洪峰,26
赌上,26
很緊,26
拆毁,26
問題問,26
往東,26
诗句,26
权衡,26
彻夜不眠,26
狗头,26
大脑皮层,26
杀猪,26
巴巴多斯,26
贾克,26
手舞足蹈,26
刚出,26
百思不得其解,26
特立,26
不灵,26
不演,26
滔天,26
实地考察,26
贺拉斯,26
石塊,26
耫,26
悶,26
马格瑞姆,26
悬案,26
炸得,26
法西斯主义,26
面白,26
衣衫不整,26
將開始,26
將遇,26
幾遍,26
幾秒鐘,26
雷尼爾,26
橫跨,26
小恋,26
誰還,26
风霜,26
期末考试,26
進場,26
幾步,26
千万年,26
满大街,26
憐,26
举手之劳,26
只算,26
律师行,26
特爾,26
經快,26
隱匿,26
算进去,26
手軟,26
俊俏,26
大點聲,26
高譚,26
高谭,26
處死,26
華利,26
十万块,26
水柱,26
瑞索,26
康乃馨,26
间隙,26
奎恩聯合,26
小式,26
临别,26
保險庫,26
會發,26
保证金,26
賬本,26
風般,26
庸人,26
十一个,26
講究,26
仲,26
登记表,26
彼此间,26
影城,26
線報,26
内部人员,26
大礼堂,26
巴帝,26
八十二,26
兩項,26
狗命,26
土堆,26
李小龙,26
李阔,26
完备,26
僵持,26
阿努什,26
起爆,26
逗逗,26
马尔塞洛,26
搭公车,26
娱乐圈,26
敖敖,26
药瓶,26
连发,26
坚,26
自取灭亡,26
優美,26
貫注,26
刮起,26
头奖,26
头罩,26
努力做到,26
收着,26
陆纱,26
沙砾,26
蘇利,26
特寫,26
说得过去,26
麦格,26
卡瑞,26
影碟,26
助您,26
助力,26
陰霾,26
人和事,26
终有,26
组李,26
闲谈,26
人壽,26
葛瑞,26
关切,26
幾下,26
绝食,26
绝命,26
酿造,26
为伴,26
眼見過,26
蹩腳,26
鸽,26
多地,26
炎症,26
死亡威胁,26
沙鼠,26
才給,26
才能救,26
先離開,26
整本书,26
同步率,26
輸球,26
洛兰,26
敲门声,26
毅然,26
见面礼,26
新纪元,26
车后,26
不絕,26
一单,26
廢料,26
生者,26
生过,26
水蒸气,26
扯破,26
各取所需,26
零用钱,26
为时不晚,26
雅德,26
系在,26
達令,26
眼睜睜地,26
琴儿,26
场边,26
嘗起,26
摩擦力,26
非法交易,26
亲骨肉,26
亲子,26
縁,26
周围环境,26
빨,26
經告,26
商標,26
试管,26
醫治,26
伯納,26
菲奇,26
祭壇,26
禁果,26
印第安纳波利斯,26
要收,26
千秋,26
說會,26
组个,26
浮起,26
涂地,26
我脚,26
制住,26
发出信号,26
眼前一亮,26
焉知非福,26
表揚,26
内幕消息,26
沒忘記,26
配成,26
档次,26
一片狼藉,26
癴,26
狹窄,26
狮,26
狮子座,26
两派,26
給我接,26
好点没,26
好慘,26
可供,26
科布,26
嵌板,26
接聽,26
接线生,26
崠,26
晶瑩,26
葛芬,26
夜宵,26
貨店,26
野种,26
冥冥之中,26
出千,26
出到,26
消防站,26
傾斜,26
喷口,26
买药,26
医疗费,26
医疗室,26
優勝者,26
耳鸣,26
他前,26
头子,26
布卢,26
形单影只,26
好帥,26
丽萝,26
机械故障,26
芸芸众生,26
和甜甜,26
罗曼史,26
云信,26
牵强,26
难以形容,26
緬甸,26
大男子主义,26
举世闻名,26
一客,26
崔莎,26
远来,26
血親,26
受潮,26
五马分尸,26
五颜六色,26
灵验,26
五种,26
阿洪,26
眯着,26
制者,26
理所应当,26
极快,26
辦成,26
民警,26
哈林顿,26
理應,26
送进去,26
瘋掉,26
瘋狗,26
瘫,26
餐点,26
卡座,26
活火山,26
成行,26
收视,26
送进,26
安德莉亚,26
科羅拉多,26
数落,26
手巾,26
活出,26
擦痕,26
慢动作,26
慕容燕,26
愿神,26
要取,26
怪才,26
万英尺,26
载入,26
人種,26
真謝謝,26
單曲,26
停课,26
失色,26
失算,26
無幾,26
搜索引擎,26
小猩猩,26
黑土地,26
千金小姐,26
纹路,26
纸板,26
指標,26
真皮,26
每一,26
母艦,26
家业,26
神说,26
准新娘,26
蛀虫,26
钱币,26
机密信息,26
編程,26
舞力,26
武,26
录入,26
物业,26
美沙酮,26
過像,26
教条,26
故弄,26
故技重施,26
高加索,26
胸針,26
斯华利,26
酷似,26
真真正正,26
警务人员,26
之遥,26
回個,26
马祖,26
吐温,26
套管,26
匣,26
破获,26
受益者,26
吊着,26
郅,26
更進,26
阿尔比,26
赛维,26
请系,26
伍斯特,26
护理人员,26
節食,26
神经过敏,26
跪拜,26
却成,26
周内,26
用問,26
年頭,26
小约翰,26
性是,26
魯伊茲,26
六楼,26
聆讯,26
耶誕,26
非常少,26
匯合,26
纵观,26
雪衣,26
這有個,26
利益冲突,26
杜家,26
